2026-06-01 02:26:12.297 - aiperf.cli_runner - INFO - Starting AIPerf System
2026-06-01 02:26:12.301 - aiperf.cli_runner - INFO - ✓ Tokenizer Qwen/Qwen3-30B-A3B-Instruct-2507 detected
2026-06-01 02:26:12.302 - aiperf.cli_runner - INFO - 1 tokenizer validated • 0.0s
2026-06-01 02:26:12.447 - system_controller - INFO - Registered Worker Manager (id: 'worker_manager')
2026-06-01 02:26:12.459 - server_metrics_manager - INFO - Server Metrics: Discovered 1 endpoints: ['http://127.0.0.1:8000/metrics']
2026-06-01 02:26:12.463 - GPUTelemetryJSONLWriter_d07daff5 - INFO - GPU telemetry export enabled: playground/out/aiperf_pd/telemetry_5k_starttime_main_2026-06-01T02-23-22Z/gpu_telemetry_export.jsonl
2026-06-01 02:26:12.469 - RecordExportResultsProcessor_dbc54b99 - INFO - Record metrics export enabled: playground/out/aiperf_pd/telemetry_5k_starttime_main_2026-06-01T02-23-22Z/profile_export.jsonl
2026-06-01 02:26:12.532 - system_controller - INFO - Registered Server Metrics Manager (id: 'server_metrics_manager')
2026-06-01 02:26:12.540 - system_controller - INFO - Registered Worker (id: 'worker_e517a86e')
2026-06-01 02:26:12.542 - system_controller - INFO - Registered Worker (id: 'worker_8239a4a9')
2026-06-01 02:26:12.545 - system_controller - INFO - Registered Worker (id: 'worker_daf63186')
2026-06-01 02:26:12.547 - system_controller - INFO - Registered Worker (id: 'worker_07ec8176')
2026-06-01 02:26:12.549 - system_controller - INFO - Registered Worker (id: 'worker_dcc849ee')
2026-06-01 02:26:12.550 - system_controller - INFO - Registered Worker (id: 'worker_b6f503e4')
2026-06-01 02:26:12.551 - system_controller - INFO - Registered Record Processor (id: 'record_processor_b056bf0d')
2026-06-01 02:26:12.553 - system_controller - INFO - Registered Records Manager (id: 'records_manager')
2026-06-01 02:26:12.555 - system_controller - INFO - Registered Record Processor (id: 'record_processor_d918069d')
2026-06-01 02:26:12.556 - system_controller - INFO - Registered Worker (id: 'worker_703faaca')
2026-06-01 02:26:12.556 - system_controller - INFO - Registered Record Processor (id: 'record_processor_02de017d')
2026-06-01 02:26:12.557 - system_controller - INFO - Registered Dataset Manager (id: 'dataset_manager')
2026-06-01 02:26:12.558 - system_controller - INFO - Registered Worker (id: 'worker_98339850')
2026-06-01 02:26:12.559 - system_controller - INFO - Registered Record Processor (id: 'record_processor_15df4348')
2026-06-01 02:26:12.560 - system_controller - INFO - Registered Worker (id: 'worker_3439f0ec')
2026-06-01 02:26:12.561 - system_controller - INFO - Registered Record Processor (id: 'record_processor_c2eaa19d')
2026-06-01 02:26:12.563 - system_controller - INFO - Registered Worker (id: 'worker_0325373e')
2026-06-01 02:26:12.565 - system_controller - INFO - Registered Worker (id: 'worker_19fd921f')
2026-06-01 02:26:12.566 - system_controller - INFO - Registered Worker (id: 'worker_a62e8e69')
2026-06-01 02:26:12.568 - system_controller - INFO - Registered Worker (id: 'worker_a51a2786')
2026-06-01 02:26:12.572 - system_controller - INFO - Registered Worker (id: 'worker_e290dd3c')
2026-06-01 02:26:12.573 - system_controller - INFO - Registered Record Processor (id: 'record_processor_e25dbff0')
2026-06-01 02:26:12.575 - system_controller - INFO - Registered Record Processor (id: 'record_processor_2f9c58f8')
2026-06-01 02:26:12.576 - system_controller - INFO - Registered Worker (id: 'worker_529a40cd')
2026-06-01 02:26:12.580 - system_controller - INFO - Registered Worker (id: 'worker_e15e6897')
2026-06-01 02:26:12.581 - system_controller - INFO - Registered Worker (id: 'worker_17832ebf')
2026-06-01 02:26:12.612 - system_controller - INFO - Registered Worker (id: 'worker_ba2a08a7')
2026-06-01 02:26:12.614 - system_controller - INFO - Registered Worker (id: 'worker_543266f5')
2026-06-01 02:26:12.624 - system_controller - INFO - Registered Timing Manager (id: 'timing_manager')
2026-06-01 02:26:12.632 - system_controller - INFO - Registered Gpu Telemetry Manager (id: 'gpu_telemetry_manager')
2026-06-01 02:26:12.652 - system_controller - INFO - Registered Worker (id: 'worker_4c1992dd')
2026-06-01 02:26:12.652 - system_controller - INFO - Registered Record Processor (id: 'record_processor_deab2621')
2026-06-01 02:26:12.659 - system_controller - INFO - Registered Worker (id: 'worker_6a6b5536')
2026-06-01 02:26:12.672 - system_controller - INFO - Registered Worker (id: 'worker_cf8035e1')
2026-06-01 02:26:12.679 - system_controller - INFO - Registered Worker (id: 'worker_b240a28a')
2026-06-01 02:26:12.688 - system_controller - INFO - Registered Worker (id: 'worker_0d42ed9d')
2026-06-01 02:26:12.708 - system_controller - INFO - Registered Worker (id: 'worker_0d7a3fd0')
2026-06-01 02:26:12.710 - system_controller - INFO - Registered Worker (id: 'worker_5b28761e')
2026-06-01 02:26:12.712 - system_controller - INFO - Registered Worker (id: 'worker_57d30588')
2026-06-01 02:26:12.720 - system_controller - INFO - Registered Worker (id: 'worker_46734a36')
2026-06-01 02:26:12.721 - system_controller - INFO - Registered Worker (id: 'worker_7c222654')
2026-06-01 02:26:12.723 - system_controller - INFO - Registered Worker (id: 'worker_5e67bf7e')
2026-06-01 02:26:12.723 - system_controller - INFO - Registered Worker (id: 'worker_1cacbf11')
2026-06-01 02:26:12.724 - system_controller - INFO - Registered Worker (id: 'worker_94207ead')
2026-06-01 02:26:12.941 - system_controller - INFO - AIPerf System is CONFIGURING
2026-06-01 02:26:12.941 - system_controller - INFO - Configuring all services to start profiling
2026-06-01 02:26:12.943 - timing_manager - INFO - Waiting for dataset to be configured before configuring timing
2026-06-01 02:26:12.943 - InferenceResultParser_c5a462ab - INFO - Configuring tokenizers for inference result parser (resolve_alias: False)
2026-06-01 02:26:12.943 - InferenceResultParser_6bc64e39 - INFO - Configuring tokenizers for inference result parser (resolve_alias: False)
2026-06-01 02:26:12.943 - InferenceResultParser_ed19aa0c - INFO - Configuring tokenizers for inference result parser (resolve_alias: False)
2026-06-01 02:26:12.943 - InferenceResultParser_5110f055 - INFO - Configuring tokenizers for inference result parser (resolve_alias: False)
2026-06-01 02:26:12.943 - InferenceResultParser_def29533 - INFO - Configuring tokenizers for inference result parser (resolve_alias: False)
2026-06-01 02:26:12.943 - InferenceResultParser_293c86ed - INFO - Configuring tokenizers for inference result parser (resolve_alias: False)
2026-06-01 02:26:12.943 - InferenceResultParser_15b0e00c - INFO - Configuring tokenizers for inference result parser (resolve_alias: False)
2026-06-01 02:26:12.943 - InferenceResultParser_8b9d8ab0 - INFO - Configuring tokenizers for inference result parser (resolve_alias: False)
2026-06-01 02:26:12.943 - dataset_manager - INFO - Configuring tokenizer(s) for dataset manager
2026-06-01 02:26:12.947 - system_controller - INFO - GPU telemetry disabled - no DCGM endpoints reachable
2026-06-01 02:26:12.949 - system_controller - INFO - Server metrics disabled - no Prometheus endpoints reachable
2026-06-01 02:26:15.867 - InferenceResultParser_8b9d8ab0 - INFO - Initialized tokenizers: {'Qwen3-30B-A3B-Instruct-2507': {'class': 'Qwen2Tokenizer', 'name_or_path': 'Qwen/Qwen3-30B-A3B-Instruct-2507'}} in 2.92 seconds
2026-06-01 02:26:15.870 - InferenceResultParser_5110f055 - INFO - Initialized tokenizers: {'Qwen3-30B-A3B-Instruct-2507': {'class': 'Qwen2Tokenizer', 'name_or_path': 'Qwen/Qwen3-30B-A3B-Instruct-2507'}} in 2.93 seconds
2026-06-01 02:26:15.871 - InferenceResultParser_ed19aa0c - INFO - Initialized tokenizers: {'Qwen3-30B-A3B-Instruct-2507': {'class': 'Qwen2Tokenizer', 'name_or_path': 'Qwen/Qwen3-30B-A3B-Instruct-2507'}} in 2.93 seconds
2026-06-01 02:26:15.872 - InferenceResultParser_6bc64e39 - INFO - Initialized tokenizers: {'Qwen3-30B-A3B-Instruct-2507': {'class': 'Qwen2Tokenizer', 'name_or_path': 'Qwen/Qwen3-30B-A3B-Instruct-2507'}} in 2.93 seconds
2026-06-01 02:26:15.880 - InferenceResultParser_293c86ed - INFO - Initialized tokenizers: {'Qwen3-30B-A3B-Instruct-2507': {'class': 'Qwen2Tokenizer', 'name_or_path': 'Qwen/Qwen3-30B-A3B-Instruct-2507'}} in 2.94 seconds
2026-06-01 02:26:15.953 - InferenceResultParser_c5a462ab - INFO - Initialized tokenizers: {'Qwen3-30B-A3B-Instruct-2507': {'class': 'Qwen2Tokenizer', 'name_or_path': 'Qwen/Qwen3-30B-A3B-Instruct-2507'}} in 3.01 seconds
2026-06-01 02:26:15.954 - dataset_manager - INFO - Tokenizer(s) configured in 3.01 seconds
2026-06-01 02:26:15.955 - dataset_manager - INFO - Configuring dataset for dataset_manager
2026-06-01 02:26:15.961 - InferenceResultParser_def29533 - INFO - Initialized tokenizers: {'Qwen3-30B-A3B-Instruct-2507': {'class': 'Qwen2Tokenizer', 'name_or_path': 'Qwen/Qwen3-30B-A3B-Instruct-2507'}} in 3.02 seconds
2026-06-01 02:26:15.964 - InferenceResultParser_15b0e00c - INFO - Initialized tokenizers: {'Qwen3-30B-A3B-Instruct-2507': {'class': 'Qwen2Tokenizer', 'name_or_path': 'Qwen/Qwen3-30B-A3B-Instruct-2507'}} in 3.02 seconds
2026-06-01 02:26:16.337 - ShareGPTLoader - INFO - Loading ShareGPT dataset from local cache .cache/aiperf/datasets/ShareGPT_V3_unfiltered_cleaned_split.json
2026-06-01 02:26:18.319 - ShareGPTLoader - INFO - Validating ShareGPT dataset and constructing conversation dataset
2026-06-01 02:27:38.546 - MemoryMapDatasetBackingStore_078eeb06 - INFO - Memory-mapped backing store initialized (streaming to /tmp/aiperf_mmap_fc9d4430-e2a7-457f-9c0f-9bfd0ed518e0/dataset.dat)
2026-06-01 02:27:43.731 - MemoryMapDatasetBackingStore_078eeb06 - INFO - Data file finalized: 82744 conversations, 111.73 MB
2026-06-01 02:27:43.735 - MemoryMapDatasetBackingStore_078eeb06 - INFO - Index file created: /tmp/aiperf_mmap_fc9d4430-e2a7-457f-9c0f-9bfd0ed518e0/index.dat
2026-06-01 02:27:43.736 - dataset_manager - INFO - Backing store finalized: client_type=DatasetClientStoreType.MEMORY_MAP data_file_path=PosixPath('/tmp/aiperf_mmap_fc9d4430-e2a7-457f-9c0f-9bfd0ed518e0/dataset.dat') index_file_path=PosixPath('/tmp/aiperf_mmap_fc9d4430-e2a7-457f-9c0f-9bfd0ed518e0/index.dat') conversation_count=82744 total_size_bytes=117157667 compressed_data_file_path=None compressed_index_file_path=None compressed_size_bytes=0
2026-06-01 02:27:44.318 - dataset_manager - INFO - sampling strategy: shuffle, unique conversations: 82744, unique turn count: 82744
2026-06-01 02:27:44.383 - dataset_manager - INFO - Generating inputs.json file at /home/wxzheng/uccl/vllm-nvlink/playground/out/aiperf_pd/telemetry_5k_starttime_main_2026-06-01T02-23-22Z/inputs.json
2026-06-01 02:27:44.634 - PhaseOrchestrator_ed26fae5 - INFO - Initialized 1 phase(s): ['Profiling']
2026-06-01 02:27:46.019 - dataset_manager - INFO - inputs.json file generated in 1.64 seconds
2026-06-01 02:27:46.609 - dataset_manager - INFO - Dataset client initialized and freed 82744 conversations from memory
2026-06-01 02:27:46.610 - dataset_manager - INFO - Dataset configured in 90.65 seconds
2026-06-01 02:27:46.612 - system_controller - INFO - All services configured in 93.67 seconds
2026-06-01 02:27:46.613 - system_controller - INFO - AIPerf System is CONFIGURED
2026-06-01 02:27:46.616 - system_controller - INFO - All services started profiling successfully
2026-06-01 02:27:46.617 - system_controller - INFO - AIPerf System is PROFILING
2026-06-01 02:27:46.617 - RateTiming - INFO - Creating interval generator: pattern=poisson, rate=20.0, smoothness=None
2026-06-01 02:27:46.618 - PhaseRunner - NOTICE - Phase profiling started | target: 5,000 requests
2026-06-01 02:27:46.619 - records_manager - INFO - Credit phase start: profiling
2026-06-01 02:27:48.978 - aiperf.metrics.types.osl_mismatch_metrics - WARNING - OSL mismatch: got 5 tokens (requested 7, diff -28.6%)
2026-06-01 02:27:52.037 - aiperf.metrics.types.osl_mismatch_metrics - WARNING - OSL mismatch: got 54 tokens (requested 58, diff -6.9%)
2026-06-01 02:27:52.462 - aiperf.metrics.types.osl_mismatch_metrics - WARNING - OSL mismatch: got 60 tokens (requested 64, diff -6.2%)
2026-06-01 02:27:52.608 - aiperf.metrics.types.osl_mismatch_metrics - WARNING - OSL mismatch: got 71 tokens (requested 10, diff 610.0%)
2026-06-01 02:27:53.437 - aiperf.metrics.types.osl_mismatch_metrics - WARNING - OSL mismatch: got 89 tokens (requested 108, diff -17.6%)
2026-06-01 02:27:53.476 - aiperf.metrics.types.osl_mismatch_metrics - WARNING - OSL mismatch: got 134 tokens (requested 18, diff 644.4%)
2026-06-01 02:27:53.843 - aiperf.metrics.types.osl_mismatch_metrics - WARNING - OSL mismatch: got 13 tokens (requested 412, diff -96.8%)
2026-06-01 02:27:54.002 - aiperf.metrics.types.osl_mismatch_metrics - WARNING - OSL mismatch: got 14 tokens (requested 317, diff -95.6%)
2026-06-01 02:27:54.057 - aiperf.metrics.types.osl_mismatch_metrics - WARNING - OSL mismatch: got 179 tokens (requested 290, diff -38.3%)
2026-06-01 02:27:54.105 - aiperf.metrics.types.osl_mismatch_metrics - WARNING - OSL mismatch: got 176 tokens (requested 23, diff 665.2%)
2026-06-01 02:27:54.108 - aiperf.metrics.types.osl_mismatch_metrics - WARNING - OSL mismatch: got 183 tokens (requested 115, diff 59.1%)
2026-06-01 02:27:54.120 - aiperf.metrics.types.osl_mismatch_metrics - WARNING - OSL mismatch: got 173 tokens (requested 10, diff 1630.0%)
2026-06-01 02:27:54.255 - aiperf.metrics.types.osl_mismatch_metrics - WARNING - OSL mismatch: got 195 tokens (requested 109, diff 78.9%)
2026-06-01 02:27:54.340 - aiperf.metrics.types.osl_mismatch_metrics - WARNING - OSL mismatch: got 221 tokens (requested 829, diff -73.3%)
2026-06-01 02:27:54.502 - aiperf.metrics.types.osl_mismatch_metrics - WARNING - OSL mismatch: got 218 tokens (requested 310, diff -29.7%)
2026-06-01 02:27:54.555 - aiperf.metrics.types.osl_mismatch_metrics - WARNING - OSL mismatch: got 77 tokens (requested 458, diff -83.2%)
2026-06-01 02:27:54.556 - aiperf.metrics.types.osl_mismatch_metrics - WARNING - OSL mismatch: got 217 tokens (requested 43, diff 404.7%)
2026-06-01 02:27:54.668 - aiperf.metrics.types.osl_mismatch_metrics - WARNING - OSL mismatch: got 219 tokens (requested 111, diff 97.3%)
2026-06-01 02:27:54.764 - aiperf.metrics.types.osl_mismatch_metrics - WARNING - OSL mismatch: got 233 tokens (requested 148, diff 57.4%)
2026-06-01 02:27:54.918 - aiperf.metrics.types.osl_mismatch_metrics - WARNING - OSL mismatch: got 246 tokens (requested 132, diff 86.4%)
2026-06-01 02:27:54.956 - aiperf.metrics.types.osl_mismatch_metrics - WARNING - OSL mismatch: got 270 tokens (requested 212, diff 27.4%)
2026-06-01 02:27:55.305 - aiperf.metrics.types.osl_mismatch_metrics - WARNING - OSL mismatch: got 87 tokens (requested 50, diff 74.0%)
2026-06-01 02:27:55.360 - aiperf.metrics.types.osl_mismatch_metrics - WARNING - OSL mismatch: got 278 tokens (requested 66, diff 321.2%)
2026-06-01 02:27:55.362 - aiperf.metrics.types.osl_mismatch_metrics - WARNING - OSL mismatch: got 271 tokens (requested 199, diff 36.2%)
2026-06-01 02:27:55.446 - aiperf.metrics.types.osl_mismatch_metrics - WARNING - OSL mismatch: got 289 tokens (requested 100, diff 189.0%)
2026-06-01 02:27:55.483 - aiperf.metrics.types.osl_mismatch_metrics - WARNING - OSL mismatch: got 292 tokens (requested 104, diff 180.8%)
2026-06-01 02:27:55.550 - aiperf.metrics.types.osl_mismatch_metrics - WARNING - OSL mismatch: got 297 tokens (requested 25, diff 1088.0%)
2026-06-01 02:27:55.924 - aiperf.metrics.types.osl_mismatch_metrics - WARNING - OSL mismatch: got 318 tokens (requested 18, diff 1666.7%)
2026-06-01 02:27:56.143 - aiperf.metrics.types.osl_mismatch_metrics - WARNING - OSL mismatch: got 338 tokens (requested 16, diff 2012.5%)
2026-06-01 02:27:56.245 - aiperf.metrics.types.osl_mismatch_metrics - WARNING - OSL mismatch: got 344 tokens (requested 20, diff 1620.0%)
2026-06-01 02:27:56.491 - aiperf.metrics.types.osl_mismatch_metrics - WARNING - OSL mismatch: got 26 tokens (requested 22, diff 18.2%)
2026-06-01 02:27:56.585 - aiperf.metrics.types.osl_mismatch_metrics - WARNING - OSL mismatch: got 389 tokens (requested 197, diff 97.5%)
2026-06-01 02:27:56.787 - aiperf.metrics.types.osl_mismatch_metrics - WARNING - OSL mismatch: got 377 tokens (requested 293, diff 28.7%)
2026-06-01 02:27:56.881 - aiperf.metrics.types.osl_mismatch_metrics - WARNING - OSL mismatch: got 378 tokens (requested 257, diff 47.1%)
2026-06-01 02:27:56.968 - aiperf.metrics.types.osl_mismatch_metrics - WARNING - OSL mismatch: got 58 tokens (requested 26, diff 123.1%)
2026-06-01 02:27:57.227 - aiperf.metrics.types.osl_mismatch_metrics - WARNING - OSL mismatch: got 490 tokens (requested 178, diff 175.3%)
2026-06-01 02:27:57.449 - aiperf.metrics.types.osl_mismatch_metrics - WARNING - OSL mismatch: got 214 tokens (requested 279, diff -23.3%)
2026-06-01 02:27:57.478 - aiperf.metrics.types.osl_mismatch_metrics - WARNING - OSL mismatch: got 122 tokens (requested 151, diff -19.2%)
2026-06-01 02:27:57.660 - aiperf.metrics.types.osl_mismatch_metrics - WARNING - OSL mismatch: got 454 tokens (requested 52, diff 773.1%)
2026-06-01 02:27:57.845 - aiperf.metrics.types.osl_mismatch_metrics - WARNING - OSL mismatch: got 82 tokens (requested 75, diff 9.3%)
2026-06-01 02:27:57.852 - aiperf.metrics.types.osl_mismatch_metrics - WARNING - OSL mismatch: got 500 tokens (requested 75, diff 566.7%)
2026-06-01 02:27:57.978 - aiperf.metrics.types.osl_mismatch_metrics - WARNING - OSL mismatch: got 477 tokens (requested 140, diff 240.7%)
2026-06-01 02:27:58.017 - aiperf.metrics.types.osl_mismatch_metrics - WARNING - OSL mismatch: got 464 tokens (requested 44, diff 954.5%)
2026-06-01 02:27:58.019 - aiperf.metrics.types.osl_mismatch_metrics - WARNING - OSL mismatch: got 500 tokens (requested 29, diff 1624.1%)
2026-06-01 02:27:58.022 - aiperf.metrics.types.osl_mismatch_metrics - WARNING - OSL mismatch: got 500 tokens (requested 362, diff 38.1%)
2026-06-01 02:27:58.026 - aiperf.metrics.types.osl_mismatch_metrics - WARNING - OSL mismatch: got 7 tokens (requested 11, diff -36.4%)
2026-06-01 02:27:58.033 - aiperf.metrics.types.osl_mismatch_metrics - WARNING - OSL mismatch: got 500 tokens (requested 21, diff 2281.0%)
2026-06-01 02:27:58.033 - aiperf.metrics.types.osl_mismatch_metrics - WARNING - OSL mismatch: got 500 tokens (requested 177, diff 182.5%)
2026-06-01 02:27:58.046 - aiperf.metrics.types.osl_mismatch_metrics - WARNING - OSL mismatch: got 500 tokens (requested 34, diff 1370.6%)
2026-06-01 02:27:58.048 - aiperf.metrics.types.osl_mismatch_metrics - WARNING - OSL mismatch: got 500 tokens (requested 27, diff 1751.9%)
2026-06-01 02:27:58.048 - aiperf.metrics.types.osl_mismatch_metrics - WARNING - OSL mismatch: got 500 tokens (requested 12, diff 4066.7%)
2026-06-01 02:27:58.056 - aiperf.metrics.types.osl_mismatch_metrics - WARNING - OSL mismatch: got 500 tokens (requested 13, diff 3746.2%)
2026-06-01 02:27:58.057 - aiperf.metrics.types.osl_mismatch_metrics - WARNING - OSL mismatch: got 500 tokens (requested 214, diff 133.6%)
2026-06-01 02:27:58.058 - aiperf.metrics.types.osl_mismatch_metrics - WARNING - OSL mismatch: got 500 tokens (requested 767, diff -34.8%)
2026-06-01 02:27:58.158 - aiperf.metrics.types.osl_mismatch_metrics - WARNING - OSL mismatch: got 80 tokens (requested 441, diff -81.9%)
2026-06-01 02:27:58.190 - aiperf.metrics.types.osl_mismatch_metrics - WARNING - OSL mismatch: got 389 tokens (requested 7, diff 5457.1%)
2026-06-01 02:27:58.273 - aiperf.metrics.types.osl_mismatch_metrics - WARNING - OSL mismatch: got 500 tokens (requested 234, diff 113.7%)
2026-06-01 02:27:58.273 - aiperf.metrics.types.osl_mismatch_metrics - WARNING - OSL mismatch: got 500 tokens (requested 475, diff 5.3%)
2026-06-01 02:27:58.275 - aiperf.metrics.types.osl_mismatch_metrics - WARNING - OSL mismatch: got 500 tokens (requested 19, diff 2531.6%)
2026-06-01 02:27:58.276 - aiperf.metrics.types.osl_mismatch_metrics - WARNING - OSL mismatch: got 500 tokens (requested 10, diff 4900.0%)
2026-06-01 02:27:58.277 - aiperf.metrics.types.osl_mismatch_metrics - WARNING - OSL mismatch: got 500 tokens (requested 196, diff 155.1%)
2026-06-01 02:27:58.277 - aiperf.metrics.types.osl_mismatch_metrics - WARNING - OSL mismatch: got 500 tokens (requested 348, diff 43.7%)
2026-06-01 02:27:58.279 - aiperf.metrics.types.osl_mismatch_metrics - WARNING - OSL mismatch: got 500 tokens (requested 620, diff -19.4%)
2026-06-01 02:27:58.279 - aiperf.metrics.types.osl_mismatch_metrics - WARNING - OSL mismatch: got 500 tokens (requested 247, diff 102.4%)
2026-06-01 02:27:58.280 - aiperf.metrics.types.osl_mismatch_metrics - WARNING - OSL mismatch: got 500 tokens (requested 79, diff 532.9%)
2026-06-01 02:27:58.281 - aiperf.metrics.types.osl_mismatch_metrics - WARNING - OSL mismatch: got 500 tokens (requested 771, diff -35.1%)
2026-06-01 02:27:58.282 - aiperf.metrics.types.osl_mismatch_metrics - WARNING - OSL mismatch: got 500 tokens (requested 114, diff 338.6%)
2026-06-01 02:27:58.284 - aiperf.metrics.types.osl_mismatch_metrics - WARNING - OSL mismatch: got 500 tokens (requested 48, diff 941.7%)
2026-06-01 02:27:58.285 - aiperf.metrics.types.osl_mismatch_metrics - WARNING - OSL mismatch: got 500 tokens (requested 326, diff 53.4%)
2026-06-01 02:27:58.310 - aiperf.metrics.types.osl_mismatch_metrics - WARNING - OSL mismatch: got 500 tokens (requested 141, diff 254.6%)
2026-06-01 02:27:58.310 - aiperf.metrics.types.osl_mismatch_metrics - WARNING - OSL mismatch: got 500 tokens (requested 9, diff 5455.6%)
2026-06-01 02:27:58.310 - aiperf.metrics.types.osl_mismatch_metrics - WARNING - OSL mismatch: got 500 tokens (requested 52, diff 861.5%)
2026-06-01 02:27:58.311 - aiperf.metrics.types.osl_mismatch_metrics - WARNING - OSL mismatch: got 500 tokens (requested 50, diff 900.0%)
2026-06-01 02:27:58.312 - aiperf.metrics.types.osl_mismatch_metrics - WARNING - OSL mismatch: got 500 tokens (requested 807, diff -38.0%)
2026-06-01 02:27:58.324 - aiperf.metrics.types.osl_mismatch_metrics - WARNING - OSL mismatch: got 500 tokens (requested 468, diff 6.8%)
2026-06-01 02:27:58.324 - aiperf.metrics.types.osl_mismatch_metrics - WARNING - OSL mismatch: got 500 tokens (requested 273, diff 83.2%)
2026-06-01 02:27:58.325 - aiperf.metrics.types.osl_mismatch_metrics - WARNING - OSL mismatch: got 500 tokens (requested 223, diff 124.2%)
2026-06-01 02:27:58.327 - aiperf.metrics.types.osl_mismatch_metrics - WARNING - OSL mismatch: got 500 tokens (requested 120, diff 316.7%)
2026-06-01 02:27:58.327 - aiperf.metrics.types.osl_mismatch_metrics - WARNING - OSL mismatch: got 500 tokens (requested 119, diff 320.2%)
2026-06-01 02:27:58.328 - aiperf.metrics.types.osl_mismatch_metrics - WARNING - OSL mismatch: got 500 tokens (requested 761, diff -34.3%)
2026-06-01 02:27:58.338 - aiperf.metrics.types.osl_mismatch_metrics - WARNING - OSL mismatch: got 500 tokens (requested 17, diff 2841.2%)
2026-06-01 02:27:58.350 - aiperf.metrics.types.osl_mismatch_metrics - WARNING - OSL mismatch: got 500 tokens (requested 570, diff -12.3%)
2026-06-01 02:27:58.350 - aiperf.metrics.types.osl_mismatch_metrics - WARNING - OSL mismatch: got 500 tokens (requested 169, diff 195.9%)
2026-06-01 02:27:58.351 - aiperf.metrics.types.osl_mismatch_metrics - WARNING - OSL mismatch: got 500 tokens (requested 451, diff 10.9%)
2026-06-01 02:27:58.351 - aiperf.metrics.types.osl_mismatch_metrics - WARNING - OSL mismatch: got 500 tokens (requested 279, diff 79.2%)
2026-06-01 02:27:58.351 - aiperf.metrics.types.osl_mismatch_metrics - WARNING - OSL mismatch: got 500 tokens (requested 26, diff 1823.1%)
2026-06-01 02:27:58.353 - aiperf.metrics.types.osl_mismatch_metrics - WARNING - OSL mismatch: got 500 tokens (requested 14, diff 3471.4%)
2026-06-01 02:27:58.355 - aiperf.metrics.types.osl_mismatch_metrics - WARNING - OSL mismatch: got 500 tokens (requested 5, diff 9900.0%)
2026-06-01 02:27:58.355 - aiperf.metrics.types.osl_mismatch_metrics - WARNING - OSL mismatch: got 500 tokens (requested 80, diff 525.0%)
2026-06-01 02:27:58.356 - aiperf.metrics.types.osl_mismatch_metrics - WARNING - OSL mismatch: got 500 tokens (requested 5, diff 9900.0%)
2026-06-01 02:27:58.357 - aiperf.metrics.types.osl_mismatch_metrics - WARNING - OSL mismatch: got 500 tokens (requested 53, diff 843.4%)
2026-06-01 02:27:58.360 - aiperf.metrics.types.osl_mismatch_metrics - WARNING - OSL mismatch: got 500 tokens (requested 7, diff 7042.9%)
2026-06-01 02:27:58.368 - aiperf.metrics.types.osl_mismatch_metrics - WARNING - OSL mismatch: got 500 tokens (requested 77, diff 549.4%)
2026-06-01 02:27:58.369 - aiperf.metrics.types.osl_mismatch_metrics - WARNING - OSL mismatch: got 500 tokens (requested 224, diff 123.2%)
2026-06-01 02:27:58.378 - aiperf.metrics.types.osl_mismatch_metrics - WARNING - OSL mismatch: got 499 tokens (requested 14, diff 3464.3%)
2026-06-01 02:27:58.381 - aiperf.metrics.types.osl_mismatch_metrics - WARNING - OSL mismatch: got 500 tokens (requested 545, diff -8.3%)
2026-06-01 02:27:58.424 - aiperf.metrics.types.osl_mismatch_metrics - WARNING - OSL mismatch: got 500 tokens (requested 14, diff 3471.4%)
2026-06-01 02:27:58.437 - aiperf.metrics.types.osl_mismatch_metrics - WARNING - OSL mismatch: got 500 tokens (requested 371, diff 34.8%)
2026-06-01 02:27:58.438 - aiperf.metrics.types.osl_mismatch_metrics - WARNING - OSL mismatch: got 500 tokens (requested 380, diff 31.6%)
2026-06-01 02:27:58.438 - aiperf.metrics.types.osl_mismatch_metrics - WARNING - OSL mismatch: got 500 tokens (requested 200, diff 150.0%)
2026-06-01 02:27:58.438 - aiperf.metrics.types.osl_mismatch_metrics - WARNING - OSL mismatch: got 500 tokens (requested 6, diff 8233.3%)
2026-06-01 02:27:58.439 - aiperf.metrics.types.osl_mismatch_metrics - WARNING - OSL mismatch: got 500 tokens (requested 24, diff 1983.3%)
2026-06-01 02:27:58.441 - aiperf.metrics.types.osl_mismatch_metrics - WARNING - OSL mismatch: got 500 tokens (requested 34, diff 1370.6%)
2026-06-01 02:27:58.441 - aiperf.metrics.types.osl_mismatch_metrics - WARNING - OSL mismatch: got 500 tokens (requested 86, diff 481.4%)
2026-06-01 02:27:58.442 - aiperf.metrics.types.osl_mismatch_metrics - WARNING - OSL mismatch: got 500 tokens (requested 349, diff 43.3%)
2026-06-01 02:27:58.443 - aiperf.metrics.types.osl_mismatch_metrics - WARNING - OSL mismatch: got 500 tokens (requested 211, diff 137.0%)
2026-06-01 02:27:58.444 - aiperf.metrics.types.osl_mismatch_metrics - WARNING - OSL mismatch: got 500 tokens (requested 357, diff 40.1%)
2026-06-01 02:27:58.445 - aiperf.metrics.types.osl_mismatch_metrics - WARNING - OSL mismatch: got 500 tokens (requested 30, diff 1566.7%)
2026-06-01 02:27:58.446 - aiperf.metrics.types.osl_mismatch_metrics - WARNING - OSL mismatch: got 500 tokens (requested 12, diff 4066.7%)
2026-06-01 02:27:58.449 - aiperf.metrics.types.osl_mismatch_metrics - WARNING - OSL mismatch: got 500 tokens (requested 604, diff -17.2%)
2026-06-01 02:27:58.466 - aiperf.metrics.types.osl_mismatch_metrics - WARNING - OSL mismatch: got 500 tokens (requested 274, diff 82.5%)
2026-06-01 02:27:58.467 - aiperf.metrics.types.osl_mismatch_metrics - WARNING - OSL mismatch: got 500 tokens (requested 24, diff 1983.3%)
2026-06-01 02:27:58.467 - aiperf.metrics.types.osl_mismatch_metrics - WARNING - OSL mismatch: got 500 tokens (requested 16, diff 3025.0%)
2026-06-01 02:27:58.468 - aiperf.metrics.types.osl_mismatch_metrics - WARNING - OSL mismatch: got 500 tokens (requested 8, diff 6150.0%)
2026-06-01 02:27:58.468 - aiperf.metrics.types.osl_mismatch_metrics - WARNING - OSL mismatch: got 500 tokens (requested 20, diff 2400.0%)
2026-06-01 02:27:58.470 - aiperf.metrics.types.osl_mismatch_metrics - WARNING - OSL mismatch: got 500 tokens (requested 34, diff 1370.6%)
2026-06-01 02:27:58.470 - aiperf.metrics.types.osl_mismatch_metrics - WARNING - OSL mismatch: got 500 tokens (requested 10, diff 4900.0%)
2026-06-01 02:27:58.476 - aiperf.metrics.types.osl_mismatch_metrics - WARNING - OSL mismatch: got 500 tokens (requested 347, diff 44.1%)
2026-06-01 02:27:58.482 - aiperf.metrics.types.osl_mismatch_metrics - WARNING - OSL mismatch: got 500 tokens (requested 302, diff 65.6%)
2026-06-01 02:27:58.484 - aiperf.metrics.types.osl_mismatch_metrics - WARNING - OSL mismatch: got 500 tokens (requested 18, diff 2677.8%)
2026-06-01 02:27:58.499 - aiperf.metrics.types.osl_mismatch_metrics - WARNING - OSL mismatch: got 500 tokens (requested 35, diff 1328.6%)
2026-06-01 02:27:58.541 - aiperf.metrics.types.osl_mismatch_metrics - WARNING - OSL mismatch: got 54 tokens (requested 75, diff -28.0%)
2026-06-01 02:27:58.558 - aiperf.metrics.types.osl_mismatch_metrics - WARNING - OSL mismatch: got 322 tokens (requested 11, diff 2827.3%)
2026-06-01 02:27:58.610 - aiperf.metrics.types.osl_mismatch_metrics - WARNING - OSL mismatch: got 500 tokens (requested 283, diff 76.7%)
2026-06-01 02:27:58.611 - aiperf.metrics.types.osl_mismatch_metrics - WARNING - OSL mismatch: got 500 tokens (requested 12, diff 4066.7%)
2026-06-01 02:27:58.622 - aiperf.metrics.types.osl_mismatch_metrics - WARNING - OSL mismatch: got 500 tokens (requested 326, diff 53.4%)
2026-06-01 02:27:58.637 - aiperf.metrics.types.osl_mismatch_metrics - WARNING - OSL mismatch: got 500 tokens (requested 89, diff 461.8%)
2026-06-01 02:27:58.638 - aiperf.metrics.types.osl_mismatch_metrics - WARNING - OSL mismatch: got 500 tokens (requested 5, diff 9900.0%)
2026-06-01 02:27:58.745 - aiperf.metrics.types.osl_mismatch_metrics - WARNING - OSL mismatch: got 500 tokens (requested 332, diff 50.6%)
2026-06-01 02:27:58.756 - aiperf.metrics.types.osl_mismatch_metrics - WARNING - OSL mismatch: got 234 tokens (requested 35, diff 568.6%)
2026-06-01 02:27:58.796 - aiperf.metrics.types.osl_mismatch_metrics - WARNING - OSL mismatch: got 500 tokens (requested 184, diff 171.7%)
2026-06-01 02:27:59.062 - aiperf.metrics.types.osl_mismatch_metrics - WARNING - OSL mismatch: got 500 tokens (requested 817, diff -38.8%)
2026-06-01 02:27:59.074 - aiperf.metrics.types.osl_mismatch_metrics - WARNING - OSL mismatch: got 500 tokens (requested 651, diff -23.2%)
2026-06-01 02:27:59.137 - aiperf.metrics.types.osl_mismatch_metrics - WARNING - OSL mismatch: got 422 tokens (requested 225, diff 87.6%)
2026-06-01 02:27:59.208 - aiperf.metrics.types.osl_mismatch_metrics - WARNING - OSL mismatch: got 189 tokens (requested 173, diff 9.2%)
2026-06-01 02:27:59.212 - aiperf.metrics.types.osl_mismatch_metrics - WARNING - OSL mismatch: got 500 tokens (requested 337, diff 48.4%)
2026-06-01 02:27:59.345 - aiperf.metrics.types.osl_mismatch_metrics - WARNING - OSL mismatch: got 500 tokens (requested 318, diff 57.2%)
2026-06-01 02:27:59.395 - aiperf.metrics.types.osl_mismatch_metrics - WARNING - OSL mismatch: got 500 tokens (requested 134, diff 273.1%)
2026-06-01 02:27:59.420 - aiperf.metrics.types.osl_mismatch_metrics - WARNING - OSL mismatch: got 500 tokens (requested 255, diff 96.1%)
2026-06-01 02:27:59.482 - aiperf.metrics.types.osl_mismatch_metrics - WARNING - OSL mismatch: got 500 tokens (requested 565, diff -11.5%)
2026-06-01 02:27:59.484 - aiperf.metrics.types.osl_mismatch_metrics - WARNING - OSL mismatch: got 500 tokens (requested 20, diff 2400.0%)
2026-06-01 02:27:59.602 - aiperf.metrics.types.osl_mismatch_metrics - WARNING - OSL mismatch: got 500 tokens (requested 122, diff 309.8%)
2026-06-01 02:27:59.666 - aiperf.metrics.types.osl_mismatch_metrics - WARNING - OSL mismatch: got 500 tokens (requested 47, diff 963.8%)
2026-06-01 02:27:59.716 - aiperf.metrics.types.osl_mismatch_metrics - WARNING - OSL mismatch: got 500 tokens (requested 234, diff 113.7%)
2026-06-01 02:27:59.717 - aiperf.metrics.types.osl_mismatch_metrics - WARNING - OSL mismatch: got 500 tokens (requested 376, diff 33.0%)
2026-06-01 02:27:59.769 - aiperf.metrics.types.osl_mismatch_metrics - WARNING - OSL mismatch: got 63 tokens (requested 88, diff -28.4%)
2026-06-01 02:27:59.788 - aiperf.metrics.types.osl_mismatch_metrics - WARNING - OSL mismatch: got 500 tokens (requested 8, diff 6150.0%)
2026-06-01 02:27:59.837 - aiperf.metrics.types.osl_mismatch_metrics - WARNING - OSL mismatch: got 500 tokens (requested 15, diff 3233.3%)
2026-06-01 02:27:59.921 - aiperf.metrics.types.osl_mismatch_metrics - WARNING - OSL mismatch: got 279 tokens (requested 5, diff 5480.0%)
2026-06-01 02:27:59.960 - aiperf.metrics.types.osl_mismatch_metrics - WARNING - OSL mismatch: got 500 tokens (requested 22, diff 2172.7%)
2026-06-01 02:28:00.042 - aiperf.metrics.types.osl_mismatch_metrics - WARNING - OSL mismatch: got 297 tokens (requested 191, diff 55.5%)
2026-06-01 02:28:00.094 - aiperf.metrics.types.osl_mismatch_metrics - WARNING - OSL mismatch: got 500 tokens (requested 455, diff 9.9%)
2026-06-01 02:28:00.107 - aiperf.metrics.types.osl_mismatch_metrics - WARNING - OSL mismatch: got 500 tokens (requested 300, diff 66.7%)
2026-06-01 02:28:00.109 - aiperf.metrics.types.osl_mismatch_metrics - WARNING - OSL mismatch: got 500 tokens (requested 23, diff 2073.9%)
2026-06-01 02:28:00.116 - aiperf.metrics.types.osl_mismatch_metrics - WARNING - OSL mismatch: got 500 tokens (requested 293, diff 70.6%)
2026-06-01 02:28:00.284 - aiperf.metrics.types.osl_mismatch_metrics - WARNING - OSL mismatch: got 295 tokens (requested 6, diff 4816.7%)
2026-06-01 02:28:00.381 - aiperf.metrics.types.osl_mismatch_metrics - WARNING - OSL mismatch: got 500 tokens (requested 141, diff 254.6%)
2026-06-01 02:28:00.418 - aiperf.metrics.types.osl_mismatch_metrics - WARNING - OSL mismatch: got 500 tokens (requested 205, diff 143.9%)
2026-06-01 02:28:00.420 - aiperf.metrics.types.osl_mismatch_metrics - WARNING - OSL mismatch: got 499 tokens (requested 21, diff 2276.2%)
2026-06-01 02:28:00.432 - aiperf.metrics.types.osl_mismatch_metrics - WARNING - OSL mismatch: got 500 tokens (requested 767, diff -34.8%)
2026-06-01 02:28:00.453 - aiperf.metrics.types.osl_mismatch_metrics - WARNING - OSL mismatch: got 500 tokens (requested 281, diff 77.9%)
2026-06-01 02:28:00.491 - aiperf.metrics.types.osl_mismatch_metrics - WARNING - OSL mismatch: got 355 tokens (requested 40, diff 787.5%)
2026-06-01 02:28:00.513 - aiperf.metrics.types.osl_mismatch_metrics - WARNING - OSL mismatch: got 236 tokens (requested 179, diff 31.8%)
2026-06-01 02:28:00.643 - aiperf.metrics.types.osl_mismatch_metrics - WARNING - OSL mismatch: got 500 tokens (requested 10, diff 4900.0%)
2026-06-01 02:28:00.661 - aiperf.metrics.types.osl_mismatch_metrics - WARNING - OSL mismatch: got 500 tokens (requested 16, diff 3025.0%)
2026-06-01 02:28:00.732 - aiperf.metrics.types.osl_mismatch_metrics - WARNING - OSL mismatch: got 500 tokens (requested 7, diff 7042.9%)
2026-06-01 02:28:00.776 - aiperf.metrics.types.osl_mismatch_metrics - WARNING - OSL mismatch: got 387 tokens (requested 288, diff 34.4%)
2026-06-01 02:28:00.802 - aiperf.metrics.types.osl_mismatch_metrics - WARNING - OSL mismatch: got 500 tokens (requested 32, diff 1462.5%)
2026-06-01 02:28:00.804 - aiperf.metrics.types.osl_mismatch_metrics - WARNING - OSL mismatch: got 500 tokens (requested 907, diff -44.9%)
2026-06-01 02:28:00.821 - aiperf.metrics.types.osl_mismatch_metrics - WARNING - OSL mismatch: got 19 tokens (requested 14, diff 35.7%)
2026-06-01 02:28:00.876 - aiperf.metrics.types.osl_mismatch_metrics - WARNING - OSL mismatch: got 427 tokens (requested 20, diff 2035.0%)
2026-06-01 02:28:00.886 - aiperf.metrics.types.osl_mismatch_metrics - WARNING - OSL mismatch: got 246 tokens (requested 268, diff -8.2%)
2026-06-01 02:28:00.987 - aiperf.metrics.types.osl_mismatch_metrics - WARNING - OSL mismatch: got 500 tokens (requested 247, diff 102.4%)
2026-06-01 02:28:01.084 - aiperf.metrics.types.osl_mismatch_metrics - WARNING - OSL mismatch: got 500 tokens (requested 547, diff -8.6%)
2026-06-01 02:28:01.095 - aiperf.metrics.types.osl_mismatch_metrics - WARNING - OSL mismatch: got 62 tokens (requested 8, diff 675.0%)
2026-06-01 02:28:01.100 - aiperf.metrics.types.osl_mismatch_metrics - WARNING - OSL mismatch: got 500 tokens (requested 8, diff 6150.0%)
2026-06-01 02:28:01.102 - aiperf.metrics.types.osl_mismatch_metrics - WARNING - OSL mismatch: got 500 tokens (requested 357, diff 40.1%)
2026-06-01 02:28:01.112 - aiperf.metrics.types.osl_mismatch_metrics - WARNING - OSL mismatch: got 500 tokens (requested 54, diff 825.9%)
2026-06-01 02:28:01.134 - aiperf.metrics.types.osl_mismatch_metrics - WARNING - OSL mismatch: got 500 tokens (requested 359, diff 39.3%)
2026-06-01 02:28:01.185 - aiperf.metrics.types.osl_mismatch_metrics - WARNING - OSL mismatch: got 220 tokens (requested 205, diff 7.3%)
2026-06-01 02:28:01.307 - aiperf.metrics.types.osl_mismatch_metrics - WARNING - OSL mismatch: got 500 tokens (requested 26, diff 1823.1%)
2026-06-01 02:28:01.322 - aiperf.metrics.types.osl_mismatch_metrics - WARNING - OSL mismatch: got 6 tokens (requested 10, diff -40.0%)
2026-06-01 02:28:01.413 - aiperf.metrics.types.osl_mismatch_metrics - WARNING - OSL mismatch: got 300 tokens (requested 211, diff 42.2%)
2026-06-01 02:28:01.464 - aiperf.metrics.types.osl_mismatch_metrics - WARNING - OSL mismatch: got 122 tokens (requested 82, diff 48.8%)
2026-06-01 02:28:01.504 - aiperf.metrics.types.osl_mismatch_metrics - WARNING - OSL mismatch: got 431 tokens (requested 104, diff 314.4%)
2026-06-01 02:28:01.552 - aiperf.metrics.types.osl_mismatch_metrics - WARNING - OSL mismatch: got 500 tokens (requested 4, diff 12400.0%)
2026-06-01 02:28:01.602 - aiperf.metrics.types.osl_mismatch_metrics - WARNING - OSL mismatch: got 496 tokens (requested 267, diff 85.8%)
2026-06-01 02:28:01.757 - aiperf.metrics.types.osl_mismatch_metrics - WARNING - OSL mismatch: got 500 tokens (requested 14, diff 3471.4%)
2026-06-01 02:28:01.789 - aiperf.metrics.types.osl_mismatch_metrics - WARNING - OSL mismatch: got 486 tokens (requested 174, diff 179.3%)
2026-06-01 02:28:01.952 - aiperf.metrics.types.osl_mismatch_metrics - WARNING - OSL mismatch: got 500 tokens (requested 18, diff 2677.8%)
2026-06-01 02:28:02.009 - aiperf.metrics.types.osl_mismatch_metrics - WARNING - OSL mismatch: got 500 tokens (requested 770, diff -35.1%)
2026-06-01 02:28:02.046 - aiperf.metrics.types.osl_mismatch_metrics - WARNING - OSL mismatch: got 413 tokens (requested 277, diff 49.1%)
2026-06-01 02:28:02.280 - aiperf.metrics.types.osl_mismatch_metrics - WARNING - OSL mismatch: got 317 tokens (requested 16, diff 1881.2%)
2026-06-01 02:28:02.344 - aiperf.metrics.types.osl_mismatch_metrics - WARNING - OSL mismatch: got 500 tokens (requested 19, diff 2531.6%)
2026-06-01 02:28:02.443 - aiperf.metrics.types.osl_mismatch_metrics - WARNING - OSL mismatch: got 500 tokens (requested 30, diff 1566.7%)
2026-06-01 02:28:02.518 - aiperf.metrics.types.osl_mismatch_metrics - WARNING - OSL mismatch: got 500 tokens (requested 14, diff 3471.4%)
2026-06-01 02:28:02.576 - aiperf.metrics.types.osl_mismatch_metrics - WARNING - OSL mismatch: got 499 tokens (requested 33, diff 1412.1%)
2026-06-01 02:28:02.603 - aiperf.metrics.types.osl_mismatch_metrics - WARNING - OSL mismatch: got 500 tokens (requested 553, diff -9.6%)
2026-06-01 02:28:02.604 - aiperf.metrics.types.osl_mismatch_metrics - WARNING - OSL mismatch: got 500 tokens (requested 22, diff 2172.7%)
2026-06-01 02:28:02.714 - aiperf.metrics.types.osl_mismatch_metrics - WARNING - OSL mismatch: got 500 tokens (requested 18, diff 2677.8%)
2026-06-01 02:28:02.736 - aiperf.metrics.types.osl_mismatch_metrics - WARNING - OSL mismatch: got 500 tokens (requested 44, diff 1036.4%)
2026-06-01 02:28:02.750 - aiperf.metrics.types.osl_mismatch_metrics - WARNING - OSL mismatch: got 500 tokens (requested 10, diff 4900.0%)
2026-06-01 02:28:03.049 - aiperf.metrics.types.osl_mismatch_metrics - WARNING - OSL mismatch: got 50 tokens (requested 36, diff 38.9%)
2026-06-01 02:28:03.065 - aiperf.metrics.types.osl_mismatch_metrics - WARNING - OSL mismatch: got 450 tokens (requested 173, diff 160.1%)
2026-06-01 02:28:03.091 - aiperf.metrics.types.osl_mismatch_metrics - WARNING - OSL mismatch: got 501 tokens (requested 35, diff 1331.4%)
2026-06-01 02:28:03.154 - aiperf.metrics.types.osl_mismatch_metrics - WARNING - OSL mismatch: got 500 tokens (requested 372, diff 34.4%)
2026-06-01 02:28:03.253 - aiperf.metrics.types.osl_mismatch_metrics - WARNING - OSL mismatch: got 500 tokens (requested 4, diff 12400.0%)
2026-06-01 02:28:03.326 - aiperf.metrics.types.osl_mismatch_metrics - WARNING - OSL mismatch: got 500 tokens (requested 548, diff -8.8%)
2026-06-01 02:28:03.407 - aiperf.metrics.types.osl_mismatch_metrics - WARNING - OSL mismatch: got 500 tokens (requested 7, diff 7042.9%)
2026-06-01 02:28:03.424 - aiperf.metrics.types.osl_mismatch_metrics - WARNING - OSL mismatch: got 500 tokens (requested 14, diff 3471.4%)
2026-06-01 02:28:03.478 - aiperf.metrics.types.osl_mismatch_metrics - WARNING - OSL mismatch: got 500 tokens (requested 294, diff 70.1%)
2026-06-01 02:28:03.526 - aiperf.metrics.types.osl_mismatch_metrics - WARNING - OSL mismatch: got 500 tokens (requested 42, diff 1090.5%)
2026-06-01 02:28:03.529 - aiperf.metrics.types.osl_mismatch_metrics - WARNING - OSL mismatch: got 500 tokens (requested 21, diff 2281.0%)
2026-06-01 02:28:03.685 - aiperf.metrics.types.osl_mismatch_metrics - WARNING - OSL mismatch: got 500 tokens (requested 258, diff 93.8%)
2026-06-01 02:28:03.712 - aiperf.metrics.types.osl_mismatch_metrics - WARNING - OSL mismatch: got 500 tokens (requested 249, diff 100.8%)
2026-06-01 02:28:03.713 - aiperf.metrics.types.osl_mismatch_metrics - WARNING - OSL mismatch: got 500 tokens (requested 24, diff 1983.3%)
2026-06-01 02:28:03.798 - aiperf.metrics.types.osl_mismatch_metrics - WARNING - OSL mismatch: got 500 tokens (requested 204, diff 145.1%)
2026-06-01 02:28:03.823 - aiperf.metrics.types.osl_mismatch_metrics - WARNING - OSL mismatch: got 500 tokens (requested 21, diff 2281.0%)
2026-06-01 02:28:03.883 - aiperf.metrics.types.osl_mismatch_metrics - WARNING - OSL mismatch: got 498 tokens (requested 49, diff 916.3%)
2026-06-01 02:28:03.885 - aiperf.metrics.types.osl_mismatch_metrics - WARNING - OSL mismatch: got 500 tokens (requested 4, diff 12400.0%)
2026-06-01 02:28:03.906 - aiperf.metrics.types.osl_mismatch_metrics - WARNING - OSL mismatch: got 268 tokens (requested 5, diff 5260.0%)
2026-06-01 02:28:03.954 - aiperf.metrics.types.osl_mismatch_metrics - WARNING - OSL mismatch: got 444 tokens (requested 173, diff 156.6%)
2026-06-01 02:28:03.981 - aiperf.metrics.types.osl_mismatch_metrics - WARNING - OSL mismatch: got 500 tokens (requested 274, diff 82.5%)
2026-06-01 02:28:04.056 - aiperf.metrics.types.osl_mismatch_metrics - WARNING - OSL mismatch: got 500 tokens (requested 349, diff 43.3%)
2026-06-01 02:28:04.130 - aiperf.metrics.types.osl_mismatch_metrics - WARNING - OSL mismatch: got 500 tokens (requested 28, diff 1685.7%)
2026-06-01 02:28:04.151 - aiperf.metrics.types.osl_mismatch_metrics - WARNING - OSL mismatch: got 278 tokens (requested 330, diff -15.8%)
2026-06-01 02:28:04.229 - aiperf.metrics.types.osl_mismatch_metrics - WARNING - OSL mismatch: got 500 tokens (requested 155, diff 222.6%)
2026-06-01 02:28:04.230 - aiperf.metrics.types.osl_mismatch_metrics - WARNING - OSL mismatch: got 500 tokens (requested 63, diff 693.7%)
2026-06-01 02:28:04.251 - aiperf.metrics.types.osl_mismatch_metrics - WARNING - OSL mismatch: got 440 tokens (requested 16, diff 2650.0%)
2026-06-01 02:28:04.315 - aiperf.metrics.types.osl_mismatch_metrics - WARNING - OSL mismatch: got 500 tokens (requested 285, diff 75.4%)
2026-06-01 02:28:04.316 - aiperf.metrics.types.osl_mismatch_metrics - WARNING - OSL mismatch: got 500 tokens (requested 337, diff 48.4%)
2026-06-01 02:28:04.317 - aiperf.metrics.types.osl_mismatch_metrics - WARNING - OSL mismatch: got 500 tokens (requested 35, diff 1328.6%)
2026-06-01 02:28:04.387 - aiperf.metrics.types.osl_mismatch_metrics - WARNING - OSL mismatch: got 500 tokens (requested 40, diff 1150.0%)
2026-06-01 02:28:04.398 - aiperf.metrics.types.osl_mismatch_metrics - WARNING - OSL mismatch: got 500 tokens (requested 295, diff 69.5%)
2026-06-01 02:28:04.472 - aiperf.metrics.types.osl_mismatch_metrics - WARNING - OSL mismatch: got 500 tokens (requested 122, diff 309.8%)
2026-06-01 02:28:04.486 - aiperf.metrics.types.osl_mismatch_metrics - WARNING - OSL mismatch: got 500 tokens (requested 920, diff -45.7%)
2026-06-01 02:28:04.521 - aiperf.metrics.types.osl_mismatch_metrics - WARNING - OSL mismatch: got 500 tokens (requested 15, diff 3233.3%)
2026-06-01 02:28:04.557 - aiperf.metrics.types.osl_mismatch_metrics - WARNING - OSL mismatch: got 500 tokens (requested 177, diff 182.5%)
2026-06-01 02:28:04.596 - aiperf.metrics.types.osl_mismatch_metrics - WARNING - OSL mismatch: got 500 tokens (requested 697, diff -28.3%)
2026-06-01 02:28:04.630 - aiperf.metrics.types.osl_mismatch_metrics - WARNING - OSL mismatch: got 329 tokens (requested 295, diff 11.5%)
2026-06-01 02:28:04.692 - aiperf.metrics.types.osl_mismatch_metrics - WARNING - OSL mismatch: got 500 tokens (requested 222, diff 125.2%)
2026-06-01 02:28:04.842 - aiperf.metrics.types.osl_mismatch_metrics - WARNING - OSL mismatch: got 500 tokens (requested 123, diff 306.5%)
2026-06-01 02:28:04.867 - aiperf.metrics.types.osl_mismatch_metrics - WARNING - OSL mismatch: got 500 tokens (requested 10, diff 4900.0%)
2026-06-01 02:28:04.904 - aiperf.metrics.types.osl_mismatch_metrics - WARNING - OSL mismatch: got 500 tokens (requested 25, diff 1900.0%)
2026-06-01 02:28:05.214 - aiperf.metrics.types.osl_mismatch_metrics - WARNING - OSL mismatch: got 500 tokens (requested 686, diff -27.1%)
2026-06-01 02:28:05.307 - aiperf.metrics.types.osl_mismatch_metrics - WARNING - OSL mismatch: got 500 tokens (requested 222, diff 125.2%)
2026-06-01 02:28:05.359 - aiperf.metrics.types.osl_mismatch_metrics - WARNING - OSL mismatch: got 478 tokens (requested 111, diff 330.6%)
2026-06-01 02:28:05.396 - aiperf.metrics.types.osl_mismatch_metrics - WARNING - OSL mismatch: got 500 tokens (requested 205, diff 143.9%)
2026-06-01 02:28:05.421 - aiperf.metrics.types.osl_mismatch_metrics - WARNING - OSL mismatch: got 400 tokens (requested 124, diff 222.6%)
2026-06-01 02:28:05.442 - aiperf.metrics.types.osl_mismatch_metrics - WARNING - OSL mismatch: got 500 tokens (requested 213, diff 134.7%)
2026-06-01 02:28:05.617 - aiperf.metrics.types.osl_mismatch_metrics - WARNING - OSL mismatch: got 405 tokens (requested 57, diff 610.5%)
2026-06-01 02:28:05.632 - aiperf.metrics.types.osl_mismatch_metrics - WARNING - OSL mismatch: got 500 tokens (requested 788, diff -36.5%)
2026-06-01 02:28:05.662 - aiperf.metrics.types.osl_mismatch_metrics - WARNING - OSL mismatch: got 266 tokens (requested 58, diff 358.6%)
2026-06-01 02:28:05.678 - aiperf.metrics.types.osl_mismatch_metrics - WARNING - OSL mismatch: got 500 tokens (requested 449, diff 11.4%)
2026-06-01 02:28:05.960 - aiperf.metrics.types.osl_mismatch_metrics - WARNING - OSL mismatch: got 201 tokens (requested 65, diff 209.2%)
2026-06-01 02:28:05.997 - aiperf.metrics.types.osl_mismatch_metrics - WARNING - OSL mismatch: got 218 tokens (requested 7, diff 3014.3%)
2026-06-01 02:28:06.012 - aiperf.metrics.types.osl_mismatch_metrics - WARNING - OSL mismatch: got 388 tokens (requested 551, diff -29.6%)
2026-06-01 02:28:06.037 - aiperf.metrics.types.osl_mismatch_metrics - WARNING - OSL mismatch: got 315 tokens (requested 229, diff 37.6%)
2026-06-01 02:28:06.059 - aiperf.metrics.types.osl_mismatch_metrics - WARNING - OSL mismatch: got 74 tokens (requested 20, diff 270.0%)
2026-06-01 02:28:06.064 - aiperf.metrics.types.osl_mismatch_metrics - WARNING - OSL mismatch: got 500 tokens (requested 150, diff 233.3%)
2026-06-01 02:28:06.262 - aiperf.metrics.types.osl_mismatch_metrics - WARNING - OSL mismatch: got 500 tokens (requested 67, diff 646.3%)
2026-06-01 02:28:06.296 - aiperf.metrics.types.osl_mismatch_metrics - WARNING - OSL mismatch: got 500 tokens (requested 30, diff 1566.7%)
2026-06-01 02:28:06.309 - aiperf.metrics.types.osl_mismatch_metrics - WARNING - OSL mismatch: got 500 tokens (requested 302, diff 65.6%)
2026-06-01 02:28:06.443 - aiperf.metrics.types.osl_mismatch_metrics - WARNING - OSL mismatch: got 500 tokens (requested 39, diff 1182.1%)
2026-06-01 02:28:06.487 - aiperf.metrics.types.osl_mismatch_metrics - WARNING - OSL mismatch: got 134 tokens (requested 39, diff 243.6%)
2026-06-01 02:28:06.490 - aiperf.metrics.types.osl_mismatch_metrics - WARNING - OSL mismatch: got 377 tokens (requested 280, diff 34.6%)
2026-06-01 02:28:06.517 - aiperf.metrics.types.osl_mismatch_metrics - WARNING - OSL mismatch: got 500 tokens (requested 336, diff 48.8%)
2026-06-01 02:28:06.517 - aiperf.metrics.types.osl_mismatch_metrics - WARNING - OSL mismatch: got 500 tokens (requested 4, diff 12400.0%)
2026-06-01 02:28:06.591 - aiperf.metrics.types.osl_mismatch_metrics - WARNING - OSL mismatch: got 500 tokens (requested 22, diff 2172.7%)
2026-06-01 02:28:06.602 - aiperf.metrics.types.osl_mismatch_metrics - WARNING - OSL mismatch: got 500 tokens (requested 26, diff 1823.1%)
2026-06-01 02:28:06.676 - aiperf.metrics.types.osl_mismatch_metrics - WARNING - OSL mismatch: got 500 tokens (requested 43, diff 1062.8%)
2026-06-01 02:28:06.761 - aiperf.metrics.types.osl_mismatch_metrics - WARNING - OSL mismatch: got 500 tokens (requested 8, diff 6150.0%)
2026-06-01 02:28:06.901 - aiperf.metrics.types.osl_mismatch_metrics - WARNING - OSL mismatch: got 43 tokens (requested 49, diff -12.2%)
2026-06-01 02:28:06.936 - aiperf.metrics.types.osl_mismatch_metrics - WARNING - OSL mismatch: got 500 tokens (requested 208, diff 140.4%)
2026-06-01 02:28:06.938 - aiperf.metrics.types.osl_mismatch_metrics - WARNING - OSL mismatch: got 500 tokens (requested 6, diff 8233.3%)
2026-06-01 02:28:06.960 - aiperf.metrics.types.osl_mismatch_metrics - WARNING - OSL mismatch: got 500 tokens (requested 184, diff 171.7%)
2026-06-01 02:28:06.964 - aiperf.metrics.types.osl_mismatch_metrics - WARNING - OSL mismatch: got 3 tokens (requested 185, diff -98.4%)
2026-06-01 02:28:06.979 - aiperf.metrics.types.osl_mismatch_metrics - WARNING - OSL mismatch: got 117 tokens (requested 158, diff -25.9%)
2026-06-01 02:28:07.007 - aiperf.metrics.types.osl_mismatch_metrics - WARNING - OSL mismatch: got 500 tokens (requested 143, diff 249.7%)
2026-06-01 02:28:07.132 - aiperf.metrics.types.osl_mismatch_metrics - WARNING - OSL mismatch: got 499 tokens (requested 597, diff -16.4%)
2026-06-01 02:28:07.146 - aiperf.metrics.types.osl_mismatch_metrics - WARNING - OSL mismatch: got 500 tokens (requested 26, diff 1823.1%)
2026-06-01 02:28:07.217 - aiperf.metrics.types.osl_mismatch_metrics - WARNING - OSL mismatch: got 500 tokens (requested 5, diff 9900.0%)
2026-06-01 02:28:07.231 - aiperf.metrics.types.osl_mismatch_metrics - WARNING - OSL mismatch: got 500 tokens (requested 241, diff 107.5%)
2026-06-01 02:28:07.341 - aiperf.metrics.types.osl_mismatch_metrics - WARNING - OSL mismatch: got 12 tokens (requested 38, diff -68.4%)
2026-06-01 02:28:07.421 - aiperf.metrics.types.osl_mismatch_metrics - WARNING - OSL mismatch: got 500 tokens (requested 8, diff 6150.0%)
2026-06-01 02:28:07.458 - aiperf.metrics.types.osl_mismatch_metrics - WARNING - OSL mismatch: got 500 tokens (requested 274, diff 82.5%)
2026-06-01 02:28:07.505 - aiperf.metrics.types.osl_mismatch_metrics - WARNING - OSL mismatch: got 319 tokens (requested 139, diff 129.5%)
2026-06-01 02:28:07.526 - aiperf.metrics.types.osl_mismatch_metrics - WARNING - OSL mismatch: got 120 tokens (requested 141, diff -14.9%)
2026-06-01 02:28:07.694 - aiperf.metrics.types.osl_mismatch_metrics - WARNING - OSL mismatch: got 499 tokens (requested 11, diff 4436.4%)
2026-06-01 02:28:07.743 - aiperf.metrics.types.osl_mismatch_metrics - WARNING - OSL mismatch: got 500 tokens (requested 331, diff 51.1%)
2026-06-01 02:28:07.743 - aiperf.metrics.types.osl_mismatch_metrics - WARNING - OSL mismatch: got 500 tokens (requested 51, diff 880.4%)
2026-06-01 02:28:07.797 - aiperf.metrics.types.osl_mismatch_metrics - WARNING - OSL mismatch: got 13 tokens (requested 6, diff 116.7%)
2026-06-01 02:28:07.814 - aiperf.metrics.types.osl_mismatch_metrics - WARNING - OSL mismatch: got 500 tokens (requested 471, diff 6.2%)
2026-06-01 02:28:07.957 - aiperf.metrics.types.osl_mismatch_metrics - WARNING - OSL mismatch: got 500 tokens (requested 45, diff 1011.1%)
2026-06-01 02:28:08.007 - aiperf.metrics.types.osl_mismatch_metrics - WARNING - OSL mismatch: got 500 tokens (requested 614, diff -18.6%)
2026-06-01 02:28:08.031 - aiperf.metrics.types.osl_mismatch_metrics - WARNING - OSL mismatch: got 500 tokens (requested 10, diff 4900.0%)
2026-06-01 02:28:08.227 - aiperf.metrics.types.osl_mismatch_metrics - WARNING - OSL mismatch: got 500 tokens (requested 11, diff 4445.5%)
2026-06-01 02:28:08.348 - aiperf.metrics.types.osl_mismatch_metrics - WARNING - OSL mismatch: got 342 tokens (requested 24, diff 1325.0%)
2026-06-01 02:28:08.398 - aiperf.metrics.types.osl_mismatch_metrics - WARNING - OSL mismatch: got 394 tokens (requested 73, diff 439.7%)
2026-06-01 02:28:08.457 - aiperf.metrics.types.osl_mismatch_metrics - WARNING - OSL mismatch: got 500 tokens (requested 112, diff 346.4%)
2026-06-01 02:28:08.465 - aiperf.metrics.types.osl_mismatch_metrics - WARNING - OSL mismatch: got 79 tokens (requested 34, diff 132.4%)
2026-06-01 02:28:08.491 - aiperf.metrics.types.osl_mismatch_metrics - WARNING - OSL mismatch: got 262 tokens (requested 12, diff 2083.3%)
2026-06-01 02:28:08.496 - aiperf.metrics.types.osl_mismatch_metrics - WARNING - OSL mismatch: got 500 tokens (requested 13, diff 3746.2%)
2026-06-01 02:28:08.519 - aiperf.metrics.types.osl_mismatch_metrics - WARNING - OSL mismatch: got 500 tokens (requested 271, diff 84.5%)
2026-06-01 02:28:08.534 - aiperf.metrics.types.osl_mismatch_metrics - WARNING - OSL mismatch: got 500 tokens (requested 7, diff 7042.9%)
2026-06-01 02:28:08.540 - aiperf.metrics.types.osl_mismatch_metrics - WARNING - OSL mismatch: got 500 tokens (requested 357, diff 40.1%)
2026-06-01 02:28:08.641 - aiperf.metrics.types.osl_mismatch_metrics - WARNING - OSL mismatch: got 500 tokens (requested 277, diff 80.5%)
2026-06-01 02:28:08.689 - aiperf.metrics.types.osl_mismatch_metrics - WARNING - OSL mismatch: got 500 tokens (requested 355, diff 40.8%)
2026-06-01 02:28:08.857 - aiperf.metrics.types.osl_mismatch_metrics - WARNING - OSL mismatch: got 255 tokens (requested 159, diff 60.4%)
2026-06-01 02:28:08.896 - aiperf.metrics.types.osl_mismatch_metrics - WARNING - OSL mismatch: got 500 tokens (requested 434, diff 15.2%)
2026-06-01 02:28:08.955 - aiperf.metrics.types.osl_mismatch_metrics - WARNING - OSL mismatch: got 500 tokens (requested 179, diff 179.3%)
2026-06-01 02:28:09.198 - aiperf.metrics.types.osl_mismatch_metrics - WARNING - OSL mismatch: got 500 tokens (requested 69, diff 624.6%)
2026-06-01 02:28:09.248 - aiperf.metrics.types.osl_mismatch_metrics - WARNING - OSL mismatch: got 500 tokens (requested 367, diff 36.2%)
2026-06-01 02:28:09.443 - aiperf.metrics.types.osl_mismatch_metrics - WARNING - OSL mismatch: got 500 tokens (requested 305, diff 63.9%)
2026-06-01 02:28:09.480 - aiperf.metrics.types.osl_mismatch_metrics - WARNING - OSL mismatch: got 500 tokens (requested 10, diff 4900.0%)
2026-06-01 02:28:09.493 - aiperf.metrics.types.osl_mismatch_metrics - WARNING - OSL mismatch: got 500 tokens (requested 10, diff 4900.0%)
2026-06-01 02:28:09.517 - aiperf.metrics.types.osl_mismatch_metrics - WARNING - OSL mismatch: got 500 tokens (requested 322, diff 55.3%)
2026-06-01 02:28:09.627 - aiperf.metrics.types.osl_mismatch_metrics - WARNING - OSL mismatch: got 500 tokens (requested 220, diff 127.3%)
2026-06-01 02:28:09.694 - aiperf.metrics.types.osl_mismatch_metrics - WARNING - OSL mismatch: got 59 tokens (requested 20, diff 195.0%)
2026-06-01 02:28:09.698 - aiperf.metrics.types.osl_mismatch_metrics - WARNING - OSL mismatch: got 500 tokens (requested 527, diff -5.1%)
2026-06-01 02:28:09.701 - aiperf.metrics.types.osl_mismatch_metrics - WARNING - OSL mismatch: got 500 tokens (requested 293, diff 70.6%)
2026-06-01 02:28:09.860 - aiperf.metrics.types.osl_mismatch_metrics - WARNING - OSL mismatch: got 500 tokens (requested 26, diff 1823.1%)
2026-06-01 02:28:10.005 - aiperf.metrics.types.osl_mismatch_metrics - WARNING - OSL mismatch: got 500 tokens (requested 97, diff 415.5%)
2026-06-01 02:28:10.080 - aiperf.metrics.types.osl_mismatch_metrics - WARNING - OSL mismatch: got 500 tokens (requested 12, diff 4066.7%)
2026-06-01 02:28:10.104 - aiperf.metrics.types.osl_mismatch_metrics - WARNING - OSL mismatch: got 500 tokens (requested 9, diff 5455.6%)
2026-06-01 02:28:10.204 - aiperf.metrics.types.osl_mismatch_metrics - WARNING - OSL mismatch: got 500 tokens (requested 5, diff 9900.0%)
2026-06-01 02:28:10.258 - aiperf.metrics.types.osl_mismatch_metrics - WARNING - OSL mismatch: got 366 tokens (requested 37, diff 889.2%)
2026-06-01 02:28:10.282 - aiperf.metrics.types.osl_mismatch_metrics - WARNING - OSL mismatch: got 500 tokens (requested 248, diff 101.6%)
2026-06-01 02:28:10.296 - aiperf.metrics.types.osl_mismatch_metrics - WARNING - OSL mismatch: got 304 tokens (requested 19, diff 1500.0%)
2026-06-01 02:28:10.333 - aiperf.metrics.types.osl_mismatch_metrics - WARNING - OSL mismatch: got 500 tokens (requested 682, diff -26.7%)
2026-06-01 02:28:10.438 - aiperf.metrics.types.osl_mismatch_metrics - WARNING - OSL mismatch: got 216 tokens (requested 91, diff 137.4%)
2026-06-01 02:28:10.468 - aiperf.metrics.types.osl_mismatch_metrics - WARNING - OSL mismatch: got 500 tokens (requested 447, diff 11.9%)
2026-06-01 02:28:10.722 - aiperf.metrics.types.osl_mismatch_metrics - WARNING - OSL mismatch: got 485 tokens (requested 202, diff 140.1%)
2026-06-01 02:28:10.801 - aiperf.metrics.types.osl_mismatch_metrics - WARNING - OSL mismatch: got 499 tokens (requested 26, diff 1819.2%)
2026-06-01 02:28:10.922 - aiperf.metrics.types.osl_mismatch_metrics - WARNING - OSL mismatch: got 500 tokens (requested 230, diff 117.4%)
2026-06-01 02:28:10.971 - aiperf.metrics.types.osl_mismatch_metrics - WARNING - OSL mismatch: got 500 tokens (requested 102, diff 390.2%)
2026-06-01 02:28:11.010 - aiperf.metrics.types.osl_mismatch_metrics - WARNING - OSL mismatch: got 500 tokens (requested 293, diff 70.6%)
2026-06-01 02:28:11.073 - aiperf.metrics.types.osl_mismatch_metrics - WARNING - OSL mismatch: got 500 tokens (requested 326, diff 53.4%)
2026-06-01 02:28:11.102 - aiperf.metrics.types.osl_mismatch_metrics - WARNING - OSL mismatch: got 4 tokens (requested 26, diff -84.6%)
2026-06-01 02:28:11.122 - aiperf.metrics.types.osl_mismatch_metrics - WARNING - OSL mismatch: got 500 tokens (requested 10, diff 4900.0%)
2026-06-01 02:28:11.147 - aiperf.metrics.types.osl_mismatch_metrics - WARNING - OSL mismatch: got 500 tokens (requested 284, diff 76.1%)
2026-06-01 02:28:11.284 - aiperf.metrics.types.osl_mismatch_metrics - WARNING - OSL mismatch: got 500 tokens (requested 97, diff 415.5%)
2026-06-01 02:28:11.296 - aiperf.metrics.types.osl_mismatch_metrics - WARNING - OSL mismatch: got 353 tokens (requested 30, diff 1076.7%)
2026-06-01 02:28:11.307 - aiperf.metrics.types.osl_mismatch_metrics - WARNING - OSL mismatch: got 240 tokens (requested 20, diff 1100.0%)
2026-06-01 02:28:11.326 - aiperf.metrics.types.osl_mismatch_metrics - WARNING - OSL mismatch: got 55 tokens (requested 11, diff 400.0%)
2026-06-01 02:28:11.398 - aiperf.metrics.types.osl_mismatch_metrics - WARNING - OSL mismatch: got 500 tokens (requested 804, diff -37.8%)
2026-06-01 02:28:11.434 - aiperf.metrics.types.osl_mismatch_metrics - WARNING - OSL mismatch: got 365 tokens (requested 605, diff -39.7%)
2026-06-01 02:28:11.484 - aiperf.metrics.types.osl_mismatch_metrics - WARNING - OSL mismatch: got 367 tokens (requested 8, diff 4487.5%)
2026-06-01 02:28:11.485 - aiperf.metrics.types.osl_mismatch_metrics - WARNING - OSL mismatch: got 500 tokens (requested 21, diff 2281.0%)
2026-06-01 02:28:11.486 - aiperf.metrics.types.osl_mismatch_metrics - WARNING - OSL mismatch: got 500 tokens (requested 775, diff -35.5%)
2026-06-01 02:28:11.572 - aiperf.metrics.types.osl_mismatch_metrics - WARNING - OSL mismatch: got 500 tokens (requested 767, diff -34.8%)
2026-06-01 02:28:11.572 - aiperf.metrics.types.osl_mismatch_metrics - WARNING - OSL mismatch: got 500 tokens (requested 7, diff 7042.9%)
2026-06-01 02:28:11.645 - aiperf.metrics.types.osl_mismatch_metrics - WARNING - OSL mismatch: got 500 tokens (requested 10, diff 4900.0%)
2026-06-01 02:28:11.748 - aiperf.metrics.types.osl_mismatch_metrics - WARNING - OSL mismatch: got 500 tokens (requested 241, diff 107.5%)
2026-06-01 02:28:11.821 - aiperf.metrics.types.osl_mismatch_metrics - WARNING - OSL mismatch: got 500 tokens (requested 53, diff 843.4%)
2026-06-01 02:28:11.836 - aiperf.metrics.types.osl_mismatch_metrics - WARNING - OSL mismatch: got 500 tokens (requested 445, diff 12.4%)
2026-06-01 02:28:11.898 - aiperf.metrics.types.osl_mismatch_metrics - WARNING - OSL mismatch: got 500 tokens (requested 10, diff 4900.0%)
2026-06-01 02:28:11.971 - aiperf.metrics.types.osl_mismatch_metrics - WARNING - OSL mismatch: got 500 tokens (requested 4, diff 12400.0%)
2026-06-01 02:28:12.035 - aiperf.metrics.types.osl_mismatch_metrics - WARNING - OSL mismatch: got 500 tokens (requested 8, diff 6150.0%)
2026-06-01 02:28:12.036 - aiperf.metrics.types.osl_mismatch_metrics - WARNING - OSL mismatch: got 500 tokens (requested 197, diff 153.8%)
2026-06-01 02:28:12.099 - aiperf.metrics.types.osl_mismatch_metrics - WARNING - OSL mismatch: got 500 tokens (requested 322, diff 55.3%)
2026-06-01 02:28:12.229 - aiperf.metrics.types.osl_mismatch_metrics - WARNING - OSL mismatch: got 13 tokens (requested 397, diff -96.7%)
2026-06-01 02:28:12.242 - aiperf.metrics.types.osl_mismatch_metrics - WARNING - OSL mismatch: got 127 tokens (requested 323, diff -60.7%)
2026-06-01 02:28:12.248 - aiperf.metrics.types.osl_mismatch_metrics - WARNING - OSL mismatch: got 500 tokens (requested 30, diff 1566.7%)
2026-06-01 02:28:12.273 - aiperf.metrics.types.osl_mismatch_metrics - WARNING - OSL mismatch: got 500 tokens (requested 12, diff 4066.7%)
2026-06-01 02:28:12.273 - aiperf.metrics.types.osl_mismatch_metrics - WARNING - OSL mismatch: got 500 tokens (requested 35, diff 1328.6%)
2026-06-01 02:28:12.370 - aiperf.metrics.types.osl_mismatch_metrics - WARNING - OSL mismatch: got 500 tokens (requested 304, diff 64.5%)
2026-06-01 02:28:12.378 - aiperf.metrics.types.osl_mismatch_metrics - WARNING - OSL mismatch: got 102 tokens (requested 26, diff 292.3%)
2026-06-01 02:28:12.392 - aiperf.metrics.types.osl_mismatch_metrics - WARNING - OSL mismatch: got 324 tokens (requested 164, diff 97.6%)
2026-06-01 02:28:12.444 - aiperf.metrics.types.osl_mismatch_metrics - WARNING - OSL mismatch: got 500 tokens (requested 46, diff 987.0%)
2026-06-01 02:28:12.457 - aiperf.metrics.types.osl_mismatch_metrics - WARNING - OSL mismatch: got 500 tokens (requested 222, diff 125.2%)
2026-06-01 02:28:12.457 - aiperf.metrics.types.osl_mismatch_metrics - WARNING - OSL mismatch: got 500 tokens (requested 586, diff -14.7%)
2026-06-01 02:28:12.470 - aiperf.metrics.types.osl_mismatch_metrics - WARNING - OSL mismatch: got 500 tokens (requested 22, diff 2172.7%)
2026-06-01 02:28:12.508 - aiperf.metrics.types.osl_mismatch_metrics - WARNING - OSL mismatch: got 500 tokens (requested 95, diff 426.3%)
2026-06-01 02:28:12.593 - aiperf.metrics.types.osl_mismatch_metrics - WARNING - OSL mismatch: got 411 tokens (requested 149, diff 175.8%)
2026-06-01 02:28:12.607 - aiperf.metrics.types.osl_mismatch_metrics - WARNING - OSL mismatch: got 500 tokens (requested 25, diff 1900.0%)
2026-06-01 02:28:12.713 - aiperf.metrics.types.osl_mismatch_metrics - WARNING - OSL mismatch: got 249 tokens (requested 220, diff 13.2%)
2026-06-01 02:28:12.778 - aiperf.metrics.types.osl_mismatch_metrics - WARNING - OSL mismatch: got 468 tokens (requested 147, diff 218.4%)
2026-06-01 02:28:12.913 - aiperf.metrics.types.osl_mismatch_metrics - WARNING - OSL mismatch: got 500 tokens (requested 44, diff 1036.4%)
2026-06-01 02:28:12.961 - aiperf.metrics.types.osl_mismatch_metrics - WARNING - OSL mismatch: got 373 tokens (requested 34, diff 997.1%)
2026-06-01 02:28:13.002 - aiperf.metrics.types.osl_mismatch_metrics - WARNING - OSL mismatch: got 500 tokens (requested 88, diff 468.2%)
2026-06-01 02:28:13.067 - aiperf.metrics.types.osl_mismatch_metrics - WARNING - OSL mismatch: got 500 tokens (requested 200, diff 150.0%)
2026-06-01 02:28:13.100 - aiperf.metrics.types.osl_mismatch_metrics - WARNING - OSL mismatch: got 466 tokens (requested 357, diff 30.5%)
2026-06-01 02:28:13.148 - aiperf.metrics.types.osl_mismatch_metrics - WARNING - OSL mismatch: got 500 tokens (requested 676, diff -26.0%)
2026-06-01 02:28:13.150 - aiperf.metrics.types.osl_mismatch_metrics - WARNING - OSL mismatch: got 500 tokens (requested 31, diff 1512.9%)
2026-06-01 02:28:13.186 - aiperf.metrics.types.osl_mismatch_metrics - WARNING - OSL mismatch: got 499 tokens (requested 329, diff 51.7%)
2026-06-01 02:28:13.221 - aiperf.metrics.types.osl_mismatch_metrics - WARNING - OSL mismatch: got 500 tokens (requested 272, diff 83.8%)
2026-06-01 02:28:13.244 - aiperf.metrics.types.osl_mismatch_metrics - WARNING - OSL mismatch: got 248 tokens (requested 210, diff 18.1%)
2026-06-01 02:28:13.348 - aiperf.metrics.types.osl_mismatch_metrics - WARNING - OSL mismatch: got 500 tokens (requested 422, diff 18.5%)
2026-06-01 02:28:13.351 - aiperf.metrics.types.osl_mismatch_metrics - WARNING - OSL mismatch: got 500 tokens (requested 6, diff 8233.3%)
2026-06-01 02:28:13.358 - aiperf.metrics.types.osl_mismatch_metrics - WARNING - OSL mismatch: got 500 tokens (requested 5, diff 9900.0%)
2026-06-01 02:28:13.371 - aiperf.metrics.types.osl_mismatch_metrics - WARNING - OSL mismatch: got 500 tokens (requested 561, diff -10.9%)
2026-06-01 02:28:13.385 - aiperf.metrics.types.osl_mismatch_metrics - WARNING - OSL mismatch: got 500 tokens (requested 91, diff 449.5%)
2026-06-01 02:28:13.448 - aiperf.metrics.types.osl_mismatch_metrics - WARNING - OSL mismatch: got 500 tokens (requested 20, diff 2400.0%)
2026-06-01 02:28:13.458 - aiperf.metrics.types.osl_mismatch_metrics - WARNING - OSL mismatch: got 500 tokens (requested 28, diff 1685.7%)
2026-06-01 02:28:13.474 - aiperf.metrics.types.osl_mismatch_metrics - WARNING - OSL mismatch: got 500 tokens (requested 7, diff 7042.9%)
2026-06-01 02:28:13.522 - aiperf.metrics.types.osl_mismatch_metrics - WARNING - OSL mismatch: got 500 tokens (requested 538, diff -7.1%)
2026-06-01 02:28:13.546 - aiperf.metrics.types.osl_mismatch_metrics - WARNING - OSL mismatch: got 377 tokens (requested 15, diff 2413.3%)
2026-06-01 02:28:13.598 - aiperf.metrics.types.osl_mismatch_metrics - WARNING - OSL mismatch: got 500 tokens (requested 43, diff 1062.8%)
2026-06-01 02:28:13.693 - aiperf.metrics.types.osl_mismatch_metrics - WARNING - OSL mismatch: got 130 tokens (requested 91, diff 42.9%)
2026-06-01 02:28:13.722 - aiperf.metrics.types.osl_mismatch_metrics - WARNING - OSL mismatch: got 500 tokens (requested 13, diff 3746.2%)
2026-06-01 02:28:13.723 - aiperf.metrics.types.osl_mismatch_metrics - WARNING - OSL mismatch: got 500 tokens (requested 44, diff 1036.4%)
2026-06-01 02:28:13.857 - aiperf.metrics.types.osl_mismatch_metrics - WARNING - OSL mismatch: got 500 tokens (requested 8, diff 6150.0%)
2026-06-01 02:28:13.878 - aiperf.metrics.types.osl_mismatch_metrics - WARNING - OSL mismatch: got 500 tokens (requested 364, diff 37.4%)
2026-06-01 02:28:13.964 - aiperf.metrics.types.osl_mismatch_metrics - WARNING - OSL mismatch: got 500 tokens (requested 556, diff -10.1%)
2026-06-01 02:28:13.966 - aiperf.metrics.types.osl_mismatch_metrics - WARNING - OSL mismatch: got 500 tokens (requested 17, diff 2841.2%)
2026-06-01 02:28:13.978 - aiperf.metrics.types.osl_mismatch_metrics - WARNING - OSL mismatch: got 500 tokens (requested 227, diff 120.3%)
2026-06-01 02:28:14.074 - aiperf.metrics.types.osl_mismatch_metrics - WARNING - OSL mismatch: got 42 tokens (requested 28, diff 50.0%)
2026-06-01 02:28:14.200 - aiperf.metrics.types.osl_mismatch_metrics - WARNING - OSL mismatch: got 63 tokens (requested 122, diff -48.4%)
2026-06-01 02:28:14.369 - aiperf.metrics.types.osl_mismatch_metrics - WARNING - OSL mismatch: got 500 tokens (requested 83, diff 502.4%)
2026-06-01 02:28:14.443 - aiperf.metrics.types.osl_mismatch_metrics - WARNING - OSL mismatch: got 500 tokens (requested 143, diff 249.7%)
2026-06-01 02:28:14.443 - aiperf.metrics.types.osl_mismatch_metrics - WARNING - OSL mismatch: got 500 tokens (requested 35, diff 1328.6%)
2026-06-01 02:28:14.445 - aiperf.metrics.types.osl_mismatch_metrics - WARNING - OSL mismatch: got 500 tokens (requested 62, diff 706.5%)
2026-06-01 02:28:14.462 - aiperf.metrics.types.osl_mismatch_metrics - WARNING - OSL mismatch: got 147 tokens (requested 25, diff 488.0%)
2026-06-01 02:28:14.477 - aiperf.metrics.types.osl_mismatch_metrics - WARNING - OSL mismatch: got 300 tokens (requested 396, diff -24.2%)
2026-06-01 02:28:14.511 - aiperf.metrics.types.osl_mismatch_metrics - WARNING - OSL mismatch: got 268 tokens (requested 24, diff 1016.7%)
2026-06-01 02:28:14.578 - aiperf.metrics.types.osl_mismatch_metrics - WARNING - OSL mismatch: got 213 tokens (requested 21, diff 914.3%)
2026-06-01 02:28:14.630 - aiperf.metrics.types.osl_mismatch_metrics - WARNING - OSL mismatch: got 500 tokens (requested 20, diff 2400.0%)
2026-06-01 02:28:14.662 - aiperf.metrics.types.osl_mismatch_metrics - WARNING - OSL mismatch: got 124 tokens (requested 46, diff 169.6%)
2026-06-01 02:28:14.680 - aiperf.metrics.types.osl_mismatch_metrics - WARNING - OSL mismatch: got 500 tokens (requested 252, diff 98.4%)
2026-06-01 02:28:14.681 - aiperf.metrics.types.osl_mismatch_metrics - WARNING - OSL mismatch: got 500 tokens (requested 202, diff 147.5%)
2026-06-01 02:28:14.742 - aiperf.metrics.types.osl_mismatch_metrics - WARNING - OSL mismatch: got 500 tokens (requested 305, diff 63.9%)
2026-06-01 02:28:14.937 - aiperf.metrics.types.osl_mismatch_metrics - WARNING - OSL mismatch: got 500 tokens (requested 240, diff 108.3%)
2026-06-01 02:28:14.952 - aiperf.metrics.types.osl_mismatch_metrics - WARNING - OSL mismatch: got 500 tokens (requested 68, diff 635.3%)
2026-06-01 02:28:14.964 - aiperf.metrics.types.osl_mismatch_metrics - WARNING - OSL mismatch: got 500 tokens (requested 568, diff -12.0%)
2026-06-01 02:28:15.063 - aiperf.metrics.types.osl_mismatch_metrics - WARNING - OSL mismatch: got 500 tokens (requested 227, diff 120.3%)
2026-06-01 02:28:15.076 - aiperf.metrics.types.osl_mismatch_metrics - WARNING - OSL mismatch: got 500 tokens (requested 54, diff 825.9%)
2026-06-01 02:28:15.240 - aiperf.metrics.types.osl_mismatch_metrics - WARNING - OSL mismatch: got 500 tokens (requested 17, diff 2841.2%)
2026-06-01 02:28:15.309 - aiperf.metrics.types.osl_mismatch_metrics - WARNING - OSL mismatch: got 389 tokens (requested 351, diff 10.8%)
2026-06-01 02:28:15.364 - aiperf.metrics.types.osl_mismatch_metrics - WARNING - OSL mismatch: got 500 tokens (requested 165, diff 203.0%)
2026-06-01 02:28:15.409 - aiperf.metrics.types.osl_mismatch_metrics - WARNING - OSL mismatch: got 293 tokens (requested 17, diff 1623.5%)
2026-06-01 02:28:15.432 - aiperf.metrics.types.osl_mismatch_metrics - WARNING - OSL mismatch: got 100 tokens (requested 205, diff -51.2%)
2026-06-01 02:28:15.513 - aiperf.metrics.types.osl_mismatch_metrics - WARNING - OSL mismatch: got 500 tokens (requested 443, diff 12.9%)
2026-06-01 02:28:15.587 - aiperf.metrics.types.osl_mismatch_metrics - WARNING - OSL mismatch: got 500 tokens (requested 291, diff 71.8%)
2026-06-01 02:28:15.756 - aiperf.metrics.types.osl_mismatch_metrics - WARNING - OSL mismatch: got 500 tokens (requested 261, diff 91.6%)
2026-06-01 02:28:15.777 - aiperf.metrics.types.osl_mismatch_metrics - WARNING - OSL mismatch: got 500 tokens (requested 370, diff 35.1%)
2026-06-01 02:28:15.792 - aiperf.metrics.types.osl_mismatch_metrics - WARNING - OSL mismatch: got 194 tokens (requested 32, diff 506.2%)
2026-06-01 02:28:15.795 - aiperf.metrics.types.osl_mismatch_metrics - WARNING - OSL mismatch: got 500 tokens (requested 351, diff 42.5%)
2026-06-01 02:28:15.809 - aiperf.metrics.types.osl_mismatch_metrics - WARNING - OSL mismatch: got 38 tokens (requested 16, diff 137.5%)
2026-06-01 02:28:15.842 - aiperf.metrics.types.osl_mismatch_metrics - WARNING - OSL mismatch: got 492 tokens (requested 149, diff 230.2%)
2026-06-01 02:28:15.898 - aiperf.metrics.types.osl_mismatch_metrics - WARNING - OSL mismatch: got 57 tokens (requested 24, diff 137.5%)
2026-06-01 02:28:15.951 - aiperf.metrics.types.osl_mismatch_metrics - WARNING - OSL mismatch: got 500 tokens (requested 301, diff 66.1%)
2026-06-01 02:28:15.970 - aiperf.metrics.types.osl_mismatch_metrics - WARNING - OSL mismatch: got 49 tokens (requested 35, diff 40.0%)
2026-06-01 02:28:16.071 - aiperf.metrics.types.osl_mismatch_metrics - WARNING - OSL mismatch: got 500 tokens (requested 195, diff 156.4%)
2026-06-01 02:28:16.073 - aiperf.metrics.types.osl_mismatch_metrics - WARNING - OSL mismatch: got 327 tokens (requested 5, diff 6440.0%)
2026-06-01 02:28:16.089 - aiperf.metrics.types.osl_mismatch_metrics - WARNING - OSL mismatch: got 500 tokens (requested 17, diff 2841.2%)
2026-06-01 02:28:16.097 - aiperf.metrics.types.osl_mismatch_metrics - WARNING - OSL mismatch: got 126 tokens (requested 16, diff 687.5%)
2026-06-01 02:28:16.102 - aiperf.metrics.types.osl_mismatch_metrics - WARNING - OSL mismatch: got 500 tokens (requested 429, diff 16.6%)
2026-06-01 02:28:16.252 - aiperf.metrics.types.osl_mismatch_metrics - WARNING - OSL mismatch: got 500 tokens (requested 203, diff 146.3%)
2026-06-01 02:28:16.252 - aiperf.metrics.types.osl_mismatch_metrics - WARNING - OSL mismatch: got 500 tokens (requested 22, diff 2172.7%)
2026-06-01 02:28:16.253 - aiperf.metrics.types.osl_mismatch_metrics - WARNING - OSL mismatch: got 500 tokens (requested 675, diff -25.9%)
2026-06-01 02:28:16.370 - aiperf.metrics.types.osl_mismatch_metrics - WARNING - OSL mismatch: got 500 tokens (requested 55, diff 809.1%)
2026-06-01 02:28:16.373 - aiperf.metrics.types.osl_mismatch_metrics - WARNING - OSL mismatch: got 500 tokens (requested 35, diff 1328.6%)
2026-06-01 02:28:16.385 - aiperf.metrics.types.osl_mismatch_metrics - WARNING - OSL mismatch: got 500 tokens (requested 769, diff -35.0%)
2026-06-01 02:28:16.493 - aiperf.metrics.types.osl_mismatch_metrics - WARNING - OSL mismatch: got 367 tokens (requested 7, diff 5142.9%)
2026-06-01 02:28:16.577 - aiperf.metrics.types.osl_mismatch_metrics - WARNING - OSL mismatch: got 113 tokens (requested 58, diff 94.8%)
2026-06-01 02:28:16.597 - aiperf.metrics.types.osl_mismatch_metrics - WARNING - OSL mismatch: got 500 tokens (requested 774, diff -35.4%)
2026-06-01 02:28:16.608 - aiperf.metrics.types.osl_mismatch_metrics - WARNING - OSL mismatch: got 500 tokens (requested 399, diff 25.3%)
2026-06-01 02:28:16.688 - aiperf.metrics.types.osl_mismatch_metrics - WARNING - OSL mismatch: got 96 tokens (requested 15, diff 540.0%)
2026-06-01 02:28:16.695 - aiperf.metrics.types.osl_mismatch_metrics - WARNING - OSL mismatch: got 500 tokens (requested 543, diff -7.9%)
2026-06-01 02:28:16.830 - aiperf.metrics.types.osl_mismatch_metrics - WARNING - OSL mismatch: got 500 tokens (requested 270, diff 85.2%)
2026-06-01 02:28:16.831 - aiperf.metrics.types.osl_mismatch_metrics - WARNING - OSL mismatch: got 500 tokens (requested 728, diff -31.3%)
2026-06-01 02:28:16.863 - aiperf.metrics.types.osl_mismatch_metrics - WARNING - OSL mismatch: got 13 tokens (requested 314, diff -95.9%)
2026-06-01 02:28:16.878 - aiperf.metrics.types.osl_mismatch_metrics - WARNING - OSL mismatch: got 307 tokens (requested 214, diff 43.5%)
2026-06-01 02:28:16.950 - aiperf.metrics.types.osl_mismatch_metrics - WARNING - OSL mismatch: got 499 tokens (requested 168, diff 197.0%)
2026-06-01 02:28:16.958 - aiperf.metrics.types.osl_mismatch_metrics - WARNING - OSL mismatch: got 499 tokens (requested 47, diff 961.7%)
2026-06-01 02:28:17.067 - aiperf.metrics.types.osl_mismatch_metrics - WARNING - OSL mismatch: got 500 tokens (requested 186, diff 168.8%)
2026-06-01 02:28:17.069 - aiperf.metrics.types.osl_mismatch_metrics - WARNING - OSL mismatch: got 500 tokens (requested 23, diff 2073.9%)
2026-06-01 02:28:17.081 - aiperf.metrics.types.osl_mismatch_metrics - WARNING - OSL mismatch: got 500 tokens (requested 127, diff 293.7%)
2026-06-01 02:28:17.106 - aiperf.metrics.types.osl_mismatch_metrics - WARNING - OSL mismatch: got 500 tokens (requested 32, diff 1462.5%)
2026-06-01 02:28:17.203 - aiperf.metrics.types.osl_mismatch_metrics - WARNING - OSL mismatch: got 500 tokens (requested 24, diff 1983.3%)
2026-06-01 02:28:17.221 - aiperf.metrics.types.osl_mismatch_metrics - WARNING - OSL mismatch: got 51 tokens (requested 65, diff -21.5%)
2026-06-01 02:28:17.359 - aiperf.metrics.types.osl_mismatch_metrics - WARNING - OSL mismatch: got 102 tokens (requested 73, diff 39.7%)
2026-06-01 02:28:17.390 - aiperf.metrics.types.osl_mismatch_metrics - WARNING - OSL mismatch: got 500 tokens (requested 413, diff 21.1%)
2026-06-01 02:28:17.401 - aiperf.metrics.types.osl_mismatch_metrics - WARNING - OSL mismatch: got 500 tokens (requested 331, diff 51.1%)
2026-06-01 02:28:17.648 - aiperf.metrics.types.osl_mismatch_metrics - WARNING - OSL mismatch: got 500 tokens (requested 135, diff 270.4%)
2026-06-01 02:28:17.687 - aiperf.metrics.types.osl_mismatch_metrics - WARNING - OSL mismatch: got 500 tokens (requested 209, diff 139.2%)
2026-06-01 02:28:17.688 - aiperf.metrics.types.osl_mismatch_metrics - WARNING - OSL mismatch: got 500 tokens (requested 22, diff 2172.7%)
2026-06-01 02:28:17.760 - aiperf.metrics.types.osl_mismatch_metrics - WARNING - OSL mismatch: got 500 tokens (requested 72, diff 594.4%)
2026-06-01 02:28:17.886 - aiperf.metrics.types.osl_mismatch_metrics - WARNING - OSL mismatch: got 500 tokens (requested 617, diff -19.0%)
2026-06-01 02:28:17.898 - aiperf.metrics.types.osl_mismatch_metrics - WARNING - OSL mismatch: got 500 tokens (requested 260, diff 92.3%)
2026-06-01 02:28:18.034 - aiperf.metrics.types.osl_mismatch_metrics - WARNING - OSL mismatch: got 500 tokens (requested 9, diff 5455.6%)
2026-06-01 02:28:18.094 - aiperf.metrics.types.osl_mismatch_metrics - WARNING - OSL mismatch: got 288 tokens (requested 91, diff 216.5%)
2026-06-01 02:28:18.103 - aiperf.metrics.types.osl_mismatch_metrics - WARNING - OSL mismatch: got 33 tokens (requested 166, diff -80.1%)
2026-06-01 02:28:18.183 - aiperf.metrics.types.osl_mismatch_metrics - WARNING - OSL mismatch: got 500 tokens (requested 311, diff 60.8%)
2026-06-01 02:28:18.220 - aiperf.metrics.types.osl_mismatch_metrics - WARNING - OSL mismatch: got 500 tokens (requested 327, diff 52.9%)
2026-06-01 02:28:18.282 - aiperf.metrics.types.osl_mismatch_metrics - WARNING - OSL mismatch: got 500 tokens (requested 23, diff 2073.9%)
2026-06-01 02:28:18.381 - aiperf.metrics.types.osl_mismatch_metrics - WARNING - OSL mismatch: got 499 tokens (requested 29, diff 1620.7%)
2026-06-01 02:28:18.441 - aiperf.metrics.types.osl_mismatch_metrics - WARNING - OSL mismatch: got 489 tokens (requested 297, diff 64.6%)
2026-06-01 02:28:18.443 - aiperf.metrics.types.osl_mismatch_metrics - WARNING - OSL mismatch: got 500 tokens (requested 556, diff -10.1%)
2026-06-01 02:28:18.465 - aiperf.metrics.types.osl_mismatch_metrics - WARNING - OSL mismatch: got 500 tokens (requested 219, diff 128.3%)
2026-06-01 02:28:18.475 - aiperf.metrics.types.osl_mismatch_metrics - WARNING - OSL mismatch: got 306 tokens (requested 157, diff 94.9%)
2026-06-01 02:28:18.541 - aiperf.metrics.types.osl_mismatch_metrics - WARNING - OSL mismatch: got 500 tokens (requested 454, diff 10.1%)
2026-06-01 02:28:18.553 - aiperf.metrics.types.osl_mismatch_metrics - WARNING - OSL mismatch: got 500 tokens (requested 119, diff 320.2%)
2026-06-01 02:28:18.553 - aiperf.metrics.types.osl_mismatch_metrics - WARNING - OSL mismatch: got 500 tokens (requested 280, diff 78.6%)
2026-06-01 02:28:18.664 - aiperf.metrics.types.osl_mismatch_metrics - WARNING - OSL mismatch: got 500 tokens (requested 365, diff 37.0%)
2026-06-01 02:28:18.666 - aiperf.metrics.types.osl_mismatch_metrics - WARNING - OSL mismatch: got 500 tokens (requested 360, diff 38.9%)
2026-06-01 02:28:18.666 - aiperf.metrics.types.osl_mismatch_metrics - WARNING - OSL mismatch: got 500 tokens (requested 14, diff 3471.4%)
2026-06-01 02:28:18.676 - aiperf.metrics.types.osl_mismatch_metrics - WARNING - OSL mismatch: got 500 tokens (requested 565, diff -11.5%)
2026-06-01 02:28:18.687 - aiperf.metrics.types.osl_mismatch_metrics - WARNING - OSL mismatch: got 500 tokens (requested 352, diff 42.0%)
2026-06-01 02:28:18.724 - aiperf.metrics.types.osl_mismatch_metrics - WARNING - OSL mismatch: got 500 tokens (requested 26, diff 1823.1%)
2026-06-01 02:28:18.849 - aiperf.metrics.types.osl_mismatch_metrics - WARNING - OSL mismatch: got 500 tokens (requested 50, diff 900.0%)
2026-06-01 02:28:18.863 - aiperf.metrics.types.osl_mismatch_metrics - WARNING - OSL mismatch: got 500 tokens (requested 22, diff 2172.7%)
2026-06-01 02:28:18.941 - aiperf.metrics.types.osl_mismatch_metrics - WARNING - OSL mismatch: got 205 tokens (requested 60, diff 241.7%)
2026-06-01 02:28:18.971 - aiperf.metrics.types.osl_mismatch_metrics - WARNING - OSL mismatch: got 500 tokens (requested 538, diff -7.1%)
2026-06-01 02:28:18.984 - aiperf.metrics.types.osl_mismatch_metrics - WARNING - OSL mismatch: got 500 tokens (requested 139, diff 259.7%)
2026-06-01 02:28:19.012 - aiperf.metrics.types.osl_mismatch_metrics - WARNING - OSL mismatch: got 22 tokens (requested 17, diff 29.4%)
2026-06-01 02:28:19.122 - aiperf.metrics.types.osl_mismatch_metrics - WARNING - OSL mismatch: got 500 tokens (requested 18, diff 2677.8%)
2026-06-01 02:28:19.139 - aiperf.metrics.types.osl_mismatch_metrics - WARNING - OSL mismatch: got 500 tokens (requested 261, diff 91.6%)
2026-06-01 02:28:19.213 - aiperf.metrics.types.osl_mismatch_metrics - WARNING - OSL mismatch: got 224 tokens (requested 34, diff 558.8%)
2026-06-01 02:28:19.351 - aiperf.metrics.types.osl_mismatch_metrics - WARNING - OSL mismatch: got 500 tokens (requested 583, diff -14.2%)
2026-06-01 02:28:19.353 - aiperf.metrics.types.osl_mismatch_metrics - WARNING - OSL mismatch: got 500 tokens (requested 587, diff -14.8%)
2026-06-01 02:28:19.400 - aiperf.metrics.types.osl_mismatch_metrics - WARNING - OSL mismatch: got 500 tokens (requested 300, diff 66.7%)
2026-06-01 02:28:19.494 - aiperf.metrics.types.osl_mismatch_metrics - WARNING - OSL mismatch: got 500 tokens (requested 303, diff 65.0%)
2026-06-01 02:28:19.509 - aiperf.metrics.types.osl_mismatch_metrics - WARNING - OSL mismatch: got 500 tokens (requested 45, diff 1011.1%)
2026-06-01 02:28:19.604 - aiperf.metrics.types.osl_mismatch_metrics - WARNING - OSL mismatch: got 500 tokens (requested 236, diff 111.9%)
2026-06-01 02:28:19.703 - aiperf.metrics.types.osl_mismatch_metrics - WARNING - OSL mismatch: got 500 tokens (requested 22, diff 2172.7%)
2026-06-01 02:28:19.803 - aiperf.metrics.types.osl_mismatch_metrics - WARNING - OSL mismatch: got 453 tokens (requested 69, diff 556.5%)
2026-06-01 02:28:19.862 - aiperf.metrics.types.osl_mismatch_metrics - WARNING - OSL mismatch: got 500 tokens (requested 687, diff -27.2%)
2026-06-01 02:28:19.864 - aiperf.metrics.types.osl_mismatch_metrics - WARNING - OSL mismatch: got 500 tokens (requested 14, diff 3471.4%)
2026-06-01 02:28:19.877 - aiperf.metrics.types.osl_mismatch_metrics - WARNING - OSL mismatch: got 500 tokens (requested 272, diff 83.8%)
2026-06-01 02:28:19.900 - aiperf.metrics.types.osl_mismatch_metrics - WARNING - OSL mismatch: got 501 tokens (requested 253, diff 98.0%)
2026-06-01 02:28:20.151 - aiperf.metrics.types.osl_mismatch_metrics - WARNING - OSL mismatch: got 500 tokens (requested 335, diff 49.3%)
2026-06-01 02:28:20.153 - aiperf.metrics.types.osl_mismatch_metrics - WARNING - OSL mismatch: got 500 tokens (requested 27, diff 1751.9%)
2026-06-01 02:28:20.243 - aiperf.metrics.types.osl_mismatch_metrics - WARNING - OSL mismatch: got 500 tokens (requested 16, diff 3025.0%)
2026-06-01 02:28:20.365 - aiperf.metrics.types.osl_mismatch_metrics - WARNING - OSL mismatch: got 500 tokens (requested 380, diff 31.6%)
2026-06-01 02:28:20.367 - aiperf.metrics.types.osl_mismatch_metrics - WARNING - OSL mismatch: got 500 tokens (requested 12, diff 4066.7%)
2026-06-01 02:28:20.380 - aiperf.metrics.types.osl_mismatch_metrics - WARNING - OSL mismatch: got 106 tokens (requested 31, diff 241.9%)
2026-06-01 02:28:20.413 - aiperf.metrics.types.osl_mismatch_metrics - WARNING - OSL mismatch: got 500 tokens (requested 336, diff 48.8%)
2026-06-01 02:28:20.428 - aiperf.metrics.types.osl_mismatch_metrics - WARNING - OSL mismatch: got 500 tokens (requested 542, diff -7.7%)
2026-06-01 02:28:20.563 - aiperf.metrics.types.osl_mismatch_metrics - WARNING - OSL mismatch: got 500 tokens (requested 24, diff 1983.3%)
2026-06-01 02:28:20.564 - aiperf.metrics.types.osl_mismatch_metrics - WARNING - OSL mismatch: got 500 tokens (requested 763, diff -34.5%)
2026-06-01 02:28:20.575 - aiperf.metrics.types.osl_mismatch_metrics - WARNING - OSL mismatch: got 500 tokens (requested 9, diff 5455.6%)
2026-06-01 02:28:20.598 - aiperf.metrics.types.osl_mismatch_metrics - WARNING - OSL mismatch: got 500 tokens (requested 122, diff 309.8%)
2026-06-01 02:28:20.671 - aiperf.metrics.types.osl_mismatch_metrics - WARNING - OSL mismatch: got 272 tokens (requested 152, diff 78.9%)
2026-06-01 02:28:20.740 - aiperf.metrics.types.osl_mismatch_metrics - WARNING - OSL mismatch: got 500 tokens (requested 13, diff 3746.2%)
2026-06-01 02:28:20.760 - aiperf.metrics.types.osl_mismatch_metrics - WARNING - OSL mismatch: got 500 tokens (requested 184, diff 171.7%)
2026-06-01 02:28:20.893 - aiperf.metrics.types.osl_mismatch_metrics - WARNING - OSL mismatch: got 70 tokens (requested 203, diff -65.5%)
2026-06-01 02:28:21.024 - aiperf.metrics.types.osl_mismatch_metrics - WARNING - OSL mismatch: got 500 tokens (requested 52, diff 861.5%)
2026-06-01 02:28:21.048 - aiperf.metrics.types.osl_mismatch_metrics - WARNING - OSL mismatch: got 500 tokens (requested 688, diff -27.3%)
2026-06-01 02:28:21.087 - aiperf.metrics.types.osl_mismatch_metrics - WARNING - OSL mismatch: got 500 tokens (requested 569, diff -12.1%)
2026-06-01 02:28:21.191 - aiperf.metrics.types.osl_mismatch_metrics - WARNING - OSL mismatch: got 3 tokens (requested 4, diff -25.0%)
2026-06-01 02:28:21.212 - aiperf.metrics.types.osl_mismatch_metrics - WARNING - OSL mismatch: got 500 tokens (requested 273, diff 83.2%)
2026-06-01 02:28:21.273 - aiperf.metrics.types.osl_mismatch_metrics - WARNING - OSL mismatch: got 500 tokens (requested 234, diff 113.7%)
2026-06-01 02:28:21.428 - aiperf.metrics.types.osl_mismatch_metrics - WARNING - OSL mismatch: got 500 tokens (requested 351, diff 42.5%)
2026-06-01 02:28:21.485 - aiperf.metrics.types.osl_mismatch_metrics - WARNING - OSL mismatch: got 500 tokens (requested 657, diff -23.9%)
2026-06-01 02:28:21.537 - aiperf.metrics.types.osl_mismatch_metrics - WARNING - OSL mismatch: got 249 tokens (requested 218, diff 14.2%)
2026-06-01 02:28:21.679 - aiperf.metrics.types.osl_mismatch_metrics - WARNING - OSL mismatch: got 500 tokens (requested 408, diff 22.5%)
2026-06-01 02:28:21.707 - aiperf.metrics.types.osl_mismatch_metrics - WARNING - OSL mismatch: got 500 tokens (requested 773, diff -35.3%)
2026-06-01 02:28:21.774 - aiperf.metrics.types.osl_mismatch_metrics - WARNING - OSL mismatch: got 57 tokens (requested 25, diff 128.0%)
2026-06-01 02:28:21.781 - aiperf.metrics.types.osl_mismatch_metrics - WARNING - OSL mismatch: got 444 tokens (requested 14, diff 3071.4%)
2026-06-01 02:28:21.783 - aiperf.metrics.types.osl_mismatch_metrics - WARNING - OSL mismatch: got 500 tokens (requested 75, diff 566.7%)
2026-06-01 02:28:21.830 - aiperf.metrics.types.osl_mismatch_metrics - WARNING - OSL mismatch: got 500 tokens (requested 530, diff -5.7%)
2026-06-01 02:28:21.857 - aiperf.metrics.types.osl_mismatch_metrics - WARNING - OSL mismatch: got 500 tokens (requested 27, diff 1751.9%)
2026-06-01 02:28:21.975 - aiperf.metrics.types.osl_mismatch_metrics - WARNING - OSL mismatch: got 499 tokens (requested 465, diff 7.3%)
2026-06-01 02:28:21.986 - aiperf.metrics.types.osl_mismatch_metrics - WARNING - OSL mismatch: got 500 tokens (requested 554, diff -9.7%)
2026-06-01 02:28:22.001 - aiperf.metrics.types.osl_mismatch_metrics - WARNING - OSL mismatch: got 500 tokens (requested 15, diff 3233.3%)
2026-06-01 02:28:22.012 - aiperf.metrics.types.osl_mismatch_metrics - WARNING - OSL mismatch: got 500 tokens (requested 58, diff 762.1%)
2026-06-01 02:28:22.059 - aiperf.metrics.types.osl_mismatch_metrics - WARNING - OSL mismatch: got 500 tokens (requested 225, diff 122.2%)
2026-06-01 02:28:22.071 - aiperf.metrics.types.osl_mismatch_metrics - WARNING - OSL mismatch: got 500 tokens (requested 17, diff 2841.2%)
2026-06-01 02:28:22.142 - aiperf.metrics.types.osl_mismatch_metrics - WARNING - OSL mismatch: got 500 tokens (requested 18, diff 2677.8%)
2026-06-01 02:28:22.277 - aiperf.metrics.types.osl_mismatch_metrics - WARNING - OSL mismatch: got 500 tokens (requested 13, diff 3746.2%)
2026-06-01 02:28:22.299 - aiperf.metrics.types.osl_mismatch_metrics - WARNING - OSL mismatch: got 500 tokens (requested 11, diff 4445.5%)
2026-06-01 02:28:22.349 - aiperf.metrics.types.osl_mismatch_metrics - WARNING - OSL mismatch: got 274 tokens (requested 167, diff 64.1%)
2026-06-01 02:28:22.378 - aiperf.metrics.types.osl_mismatch_metrics - WARNING - OSL mismatch: got 500 tokens (requested 433, diff 15.5%)
2026-06-01 02:28:22.380 - aiperf.metrics.types.osl_mismatch_metrics - WARNING - OSL mismatch: got 500 tokens (requested 6, diff 8233.3%)
2026-06-01 02:28:22.392 - aiperf.metrics.types.osl_mismatch_metrics - WARNING - OSL mismatch: got 500 tokens (requested 238, diff 110.1%)
2026-06-01 02:28:22.472 - aiperf.metrics.types.osl_mismatch_metrics - WARNING - OSL mismatch: got 251 tokens (requested 44, diff 470.5%)
2026-06-01 02:28:22.540 - aiperf.metrics.types.osl_mismatch_metrics - WARNING - OSL mismatch: got 500 tokens (requested 354, diff 41.2%)
2026-06-01 02:28:22.605 - aiperf.metrics.types.osl_mismatch_metrics - WARNING - OSL mismatch: got 500 tokens (requested 208, diff 140.4%)
2026-06-01 02:28:22.644 - aiperf.metrics.types.osl_mismatch_metrics - WARNING - OSL mismatch: got 500 tokens (requested 192, diff 160.4%)
2026-06-01 02:28:22.693 - aiperf.metrics.types.osl_mismatch_metrics - WARNING - OSL mismatch: got 500 tokens (requested 396, diff 26.3%)
2026-06-01 02:28:22.731 - aiperf.metrics.types.osl_mismatch_metrics - WARNING - OSL mismatch: got 500 tokens (requested 301, diff 66.1%)
2026-06-01 02:28:22.795 - aiperf.metrics.types.osl_mismatch_metrics - WARNING - OSL mismatch: got 500 tokens (requested 30, diff 1566.7%)
2026-06-01 02:28:22.870 - aiperf.metrics.types.osl_mismatch_metrics - WARNING - OSL mismatch: got 500 tokens (requested 9, diff 5455.6%)
2026-06-01 02:28:22.871 - aiperf.metrics.types.osl_mismatch_metrics - WARNING - OSL mismatch: got 500 tokens (requested 202, diff 147.5%)
2026-06-01 02:28:22.883 - aiperf.metrics.types.osl_mismatch_metrics - WARNING - OSL mismatch: got 500 tokens (requested 223, diff 124.2%)
2026-06-01 02:28:22.899 - aiperf.metrics.types.osl_mismatch_metrics - WARNING - OSL mismatch: got 500 tokens (requested 262, diff 90.8%)
2026-06-01 02:28:22.966 - aiperf.metrics.types.osl_mismatch_metrics - WARNING - OSL mismatch: got 251 tokens (requested 172, diff 45.9%)
2026-06-01 02:28:23.020 - aiperf.metrics.types.osl_mismatch_metrics - WARNING - OSL mismatch: got 500 tokens (requested 44, diff 1036.4%)
2026-06-01 02:28:23.022 - aiperf.metrics.types.osl_mismatch_metrics - WARNING - OSL mismatch: got 500 tokens (requested 626, diff -20.1%)
2026-06-01 02:28:23.045 - aiperf.metrics.types.osl_mismatch_metrics - WARNING - OSL mismatch: got 286 tokens (requested 172, diff 66.3%)
2026-06-01 02:28:23.048 - aiperf.metrics.types.osl_mismatch_metrics - WARNING - OSL mismatch: got 500 tokens (requested 896, diff -44.2%)
2026-06-01 02:28:23.095 - aiperf.metrics.types.osl_mismatch_metrics - WARNING - OSL mismatch: got 500 tokens (requested 135, diff 270.4%)
2026-06-01 02:28:23.228 - aiperf.metrics.types.osl_mismatch_metrics - WARNING - OSL mismatch: got 61 tokens (requested 26, diff 134.6%)
2026-06-01 02:28:23.273 - aiperf.metrics.types.osl_mismatch_metrics - WARNING - OSL mismatch: got 500 tokens (requested 201, diff 148.8%)
2026-06-01 02:28:23.385 - aiperf.metrics.types.osl_mismatch_metrics - WARNING - OSL mismatch: got 480 tokens (requested 74, diff 548.6%)
2026-06-01 02:28:23.447 - aiperf.metrics.types.osl_mismatch_metrics - WARNING - OSL mismatch: got 500 tokens (requested 19, diff 2531.6%)
2026-06-01 02:28:23.509 - aiperf.metrics.types.osl_mismatch_metrics - WARNING - OSL mismatch: got 500 tokens (requested 173, diff 189.0%)
2026-06-01 02:28:23.524 - aiperf.metrics.types.osl_mismatch_metrics - WARNING - OSL mismatch: got 500 tokens (requested 27, diff 1751.9%)
2026-06-01 02:28:23.541 - aiperf.metrics.types.osl_mismatch_metrics - WARNING - OSL mismatch: got 250 tokens (requested 82, diff 204.9%)
2026-06-01 02:28:23.610 - aiperf.metrics.types.osl_mismatch_metrics - WARNING - OSL mismatch: got 500 tokens (requested 11, diff 4445.5%)
2026-06-01 02:28:23.631 - aiperf.metrics.types.osl_mismatch_metrics - WARNING - OSL mismatch: got 362 tokens (requested 219, diff 65.3%)
2026-06-01 02:28:23.633 - aiperf.metrics.types.osl_mismatch_metrics - WARNING - OSL mismatch: got 500 tokens (requested 362, diff 38.1%)
2026-06-01 02:28:23.633 - aiperf.metrics.types.osl_mismatch_metrics - WARNING - OSL mismatch: got 500 tokens (requested 194, diff 157.7%)
2026-06-01 02:28:23.692 - aiperf.metrics.types.osl_mismatch_metrics - WARNING - OSL mismatch: got 500 tokens (requested 301, diff 66.1%)
2026-06-01 02:28:23.694 - aiperf.metrics.types.osl_mismatch_metrics - WARNING - OSL mismatch: got 500 tokens (requested 163, diff 206.7%)
2026-06-01 02:28:23.766 - aiperf.metrics.types.osl_mismatch_metrics - WARNING - OSL mismatch: got 500 tokens (requested 274, diff 82.5%)
2026-06-01 02:28:23.844 - aiperf.metrics.types.osl_mismatch_metrics - WARNING - OSL mismatch: got 500 tokens (requested 248, diff 101.6%)
2026-06-01 02:28:23.921 - aiperf.metrics.types.osl_mismatch_metrics - WARNING - OSL mismatch: got 33 tokens (requested 17, diff 94.1%)
2026-06-01 02:28:24.010 - aiperf.metrics.types.osl_mismatch_metrics - WARNING - OSL mismatch: got 500 tokens (requested 467, diff 7.1%)
2026-06-01 02:28:24.017 - aiperf.metrics.types.osl_mismatch_metrics - WARNING - OSL mismatch: got 500 tokens (requested 11, diff 4445.5%)
2026-06-01 02:28:24.066 - aiperf.metrics.types.osl_mismatch_metrics - WARNING - OSL mismatch: got 461 tokens (requested 76, diff 506.6%)
2026-06-01 02:28:24.116 - aiperf.metrics.types.osl_mismatch_metrics - WARNING - OSL mismatch: got 500 tokens (requested 88, diff 468.2%)
2026-06-01 02:28:24.163 - aiperf.metrics.types.osl_mismatch_metrics - WARNING - OSL mismatch: got 172 tokens (requested 242, diff -28.9%)
2026-06-01 02:28:24.201 - aiperf.metrics.types.osl_mismatch_metrics - WARNING - OSL mismatch: got 292 tokens (requested 42, diff 595.2%)
2026-06-01 02:28:24.414 - aiperf.metrics.types.osl_mismatch_metrics - WARNING - OSL mismatch: got 499 tokens (requested 16, diff 3018.8%)
2026-06-01 02:28:24.427 - aiperf.metrics.types.osl_mismatch_metrics - WARNING - OSL mismatch: got 500 tokens (requested 312, diff 60.3%)
2026-06-01 02:28:24.665 - aiperf.metrics.types.osl_mismatch_metrics - WARNING - OSL mismatch: got 500 tokens (requested 282, diff 77.3%)
2026-06-01 02:28:24.763 - aiperf.metrics.types.osl_mismatch_metrics - WARNING - OSL mismatch: got 500 tokens (requested 720, diff -30.6%)
2026-06-01 02:28:24.765 - aiperf.metrics.types.osl_mismatch_metrics - WARNING - OSL mismatch: got 500 tokens (requested 20, diff 2400.0%)
2026-06-01 02:28:24.790 - aiperf.metrics.types.osl_mismatch_metrics - WARNING - OSL mismatch: got 500 tokens (requested 8, diff 6150.0%)
2026-06-01 02:28:24.906 - aiperf.metrics.types.osl_mismatch_metrics - WARNING - OSL mismatch: got 500 tokens (requested 345, diff 44.9%)
2026-06-01 02:28:25.014 - aiperf.metrics.types.osl_mismatch_metrics - WARNING - OSL mismatch: got 500 tokens (requested 225, diff 122.2%)
2026-06-01 02:28:25.079 - aiperf.metrics.types.osl_mismatch_metrics - WARNING - OSL mismatch: got 500 tokens (requested 319, diff 56.7%)
2026-06-01 02:28:25.115 - aiperf.metrics.types.osl_mismatch_metrics - WARNING - OSL mismatch: got 438 tokens (requested 135, diff 224.4%)
2026-06-01 02:28:25.180 - aiperf.metrics.types.osl_mismatch_metrics - WARNING - OSL mismatch: got 500 tokens (requested 554, diff -9.7%)
2026-06-01 02:28:25.267 - aiperf.metrics.types.osl_mismatch_metrics - WARNING - OSL mismatch: got 500 tokens (requested 338, diff 47.9%)
2026-06-01 02:28:25.289 - aiperf.metrics.types.osl_mismatch_metrics - WARNING - OSL mismatch: got 362 tokens (requested 220, diff 64.5%)
2026-06-01 02:28:25.315 - aiperf.metrics.types.osl_mismatch_metrics - WARNING - OSL mismatch: got 500 tokens (requested 9, diff 5455.6%)
2026-06-01 02:28:25.355 - aiperf.metrics.types.osl_mismatch_metrics - WARNING - OSL mismatch: got 500 tokens (requested 36, diff 1288.9%)
2026-06-01 02:28:25.366 - aiperf.metrics.types.osl_mismatch_metrics - WARNING - OSL mismatch: got 457 tokens (requested 169, diff 170.4%)
2026-06-01 02:28:25.378 - aiperf.metrics.types.osl_mismatch_metrics - WARNING - OSL mismatch: got 500 tokens (requested 154, diff 224.7%)
2026-06-01 02:28:25.468 - aiperf.metrics.types.osl_mismatch_metrics - WARNING - OSL mismatch: got 500 tokens (requested 382, diff 30.9%)
2026-06-01 02:28:25.504 - aiperf.metrics.types.osl_mismatch_metrics - WARNING - OSL mismatch: got 361 tokens (requested 27, diff 1237.0%)
2026-06-01 02:28:25.506 - aiperf.metrics.types.osl_mismatch_metrics - WARNING - OSL mismatch: got 500 tokens (requested 464, diff 7.8%)
2026-06-01 02:28:25.516 - aiperf.metrics.types.osl_mismatch_metrics - WARNING - OSL mismatch: got 500 tokens (requested 178, diff 180.9%)
2026-06-01 02:28:25.525 - aiperf.metrics.types.osl_mismatch_metrics - WARNING - OSL mismatch: got 490 tokens (requested 309, diff 58.6%)
2026-06-01 02:28:25.625 - aiperf.metrics.types.osl_mismatch_metrics - WARNING - OSL mismatch: got 500 tokens (requested 360, diff 38.9%)
2026-06-01 02:28:25.639 - aiperf.metrics.types.osl_mismatch_metrics - WARNING - OSL mismatch: got 500 tokens (requested 769, diff -35.0%)
2026-06-01 02:28:25.673 - aiperf.metrics.types.osl_mismatch_metrics - WARNING - OSL mismatch: got 500 tokens (requested 51, diff 880.4%)
2026-06-01 02:28:25.723 - aiperf.metrics.types.osl_mismatch_metrics - WARNING - OSL mismatch: got 500 tokens (requested 7, diff 7042.9%)
2026-06-01 02:28:25.775 - aiperf.metrics.types.osl_mismatch_metrics - WARNING - OSL mismatch: got 500 tokens (requested 164, diff 204.9%)
2026-06-01 02:28:25.776 - aiperf.metrics.types.osl_mismatch_metrics - WARNING - OSL mismatch: got 500 tokens (requested 35, diff 1328.6%)
2026-06-01 02:28:25.813 - aiperf.metrics.types.osl_mismatch_metrics - WARNING - OSL mismatch: got 500 tokens (requested 8, diff 6150.0%)
2026-06-01 02:28:25.897 - aiperf.metrics.types.osl_mismatch_metrics - WARNING - OSL mismatch: got 500 tokens (requested 17, diff 2841.2%)
2026-06-01 02:28:25.907 - aiperf.metrics.types.osl_mismatch_metrics - WARNING - OSL mismatch: got 500 tokens (requested 172, diff 190.7%)
2026-06-01 02:28:25.935 - aiperf.metrics.types.osl_mismatch_metrics - WARNING - OSL mismatch: got 500 tokens (requested 448, diff 11.6%)
2026-06-01 02:28:25.997 - aiperf.metrics.types.osl_mismatch_metrics - WARNING - OSL mismatch: got 500 tokens (requested 304, diff 64.5%)
2026-06-01 02:28:25.998 - aiperf.metrics.types.osl_mismatch_metrics - WARNING - OSL mismatch: got 500 tokens (requested 19, diff 2531.6%)
2026-06-01 02:28:26.008 - aiperf.metrics.types.osl_mismatch_metrics - WARNING - OSL mismatch: got 500 tokens (requested 12, diff 4066.7%)
2026-06-01 02:28:26.194 - aiperf.metrics.types.osl_mismatch_metrics - WARNING - OSL mismatch: got 500 tokens (requested 42, diff 1090.5%)
2026-06-01 02:28:26.203 - aiperf.metrics.types.osl_mismatch_metrics - WARNING - OSL mismatch: got 385 tokens (requested 118, diff 226.3%)
2026-06-01 02:28:26.203 - aiperf.metrics.types.osl_mismatch_metrics - WARNING - OSL mismatch: got 500 tokens (requested 129, diff 287.6%)
2026-06-01 02:28:26.426 - aiperf.metrics.types.osl_mismatch_metrics - WARNING - OSL mismatch: got 500 tokens (requested 661, diff -24.4%)
2026-06-01 02:28:26.563 - aiperf.metrics.types.osl_mismatch_metrics - WARNING - OSL mismatch: got 500 tokens (requested 148, diff 237.8%)
2026-06-01 02:28:26.563 - aiperf.metrics.types.osl_mismatch_metrics - WARNING - OSL mismatch: got 500 tokens (requested 235, diff 112.8%)
2026-06-01 02:28:26.578 - aiperf.metrics.types.osl_mismatch_metrics - WARNING - OSL mismatch: got 500 tokens (requested 17, diff 2841.2%)
2026-06-01 02:28:26.586 - aiperf.metrics.types.osl_mismatch_metrics - WARNING - OSL mismatch: got 183 tokens (requested 28, diff 553.6%)
2026-06-01 02:28:26.691 - aiperf.metrics.types.osl_mismatch_metrics - WARNING - OSL mismatch: got 500 tokens (requested 11, diff 4445.5%)
2026-06-01 02:28:26.697 - aiperf.metrics.types.osl_mismatch_metrics - WARNING - OSL mismatch: got 207 tokens (requested 19, diff 989.5%)
2026-06-01 02:28:26.702 - aiperf.metrics.types.osl_mismatch_metrics - WARNING - OSL mismatch: got 500 tokens (requested 106, diff 371.7%)
2026-06-01 02:28:26.790 - aiperf.metrics.types.osl_mismatch_metrics - WARNING - OSL mismatch: got 500 tokens (requested 332, diff 50.6%)
2026-06-01 02:28:26.791 - aiperf.metrics.types.osl_mismatch_metrics - WARNING - OSL mismatch: got 500 tokens (requested 183, diff 173.2%)
2026-06-01 02:28:26.792 - aiperf.metrics.types.osl_mismatch_metrics - WARNING - OSL mismatch: got 500 tokens (requested 613, diff -18.4%)
2026-06-01 02:28:26.802 - aiperf.metrics.types.osl_mismatch_metrics - WARNING - OSL mismatch: got 499 tokens (requested 279, diff 78.9%)
2026-06-01 02:28:26.831 - aiperf.metrics.types.osl_mismatch_metrics - WARNING - OSL mismatch: got 47 tokens (requested 721, diff -93.5%)
2026-06-01 02:28:26.900 - aiperf.metrics.types.osl_mismatch_metrics - WARNING - OSL mismatch: got 500 tokens (requested 81, diff 517.3%)
2026-06-01 02:28:26.926 - aiperf.metrics.types.osl_mismatch_metrics - WARNING - OSL mismatch: got 500 tokens (requested 34, diff 1370.6%)
2026-06-01 02:28:26.987 - aiperf.metrics.types.osl_mismatch_metrics - WARNING - OSL mismatch: got 500 tokens (requested 35, diff 1328.6%)
2026-06-01 02:28:26.997 - aiperf.metrics.types.osl_mismatch_metrics - WARNING - OSL mismatch: got 500 tokens (requested 175, diff 185.7%)
2026-06-01 02:28:27.158 - aiperf.metrics.types.osl_mismatch_metrics - WARNING - OSL mismatch: got 500 tokens (requested 742, diff -32.6%)
2026-06-01 02:28:27.202 - aiperf.metrics.types.osl_mismatch_metrics - WARNING - OSL mismatch: got 208 tokens (requested 292, diff -28.8%)
2026-06-01 02:28:27.210 - aiperf.metrics.types.osl_mismatch_metrics - WARNING - OSL mismatch: got 500 tokens (requested 88, diff 468.2%)
2026-06-01 02:28:27.356 - aiperf.metrics.types.osl_mismatch_metrics - WARNING - OSL mismatch: got 500 tokens (requested 41, diff 1119.5%)
2026-06-01 02:28:27.368 - aiperf.metrics.types.osl_mismatch_metrics - WARNING - OSL mismatch: got 500 tokens (requested 9, diff 5455.6%)
2026-06-01 02:28:27.375 - aiperf.metrics.types.osl_mismatch_metrics - WARNING - OSL mismatch: got 192 tokens (requested 70, diff 174.3%)
2026-06-01 02:28:27.466 - aiperf.metrics.types.osl_mismatch_metrics - WARNING - OSL mismatch: got 500 tokens (requested 251, diff 99.2%)
2026-06-01 02:28:27.484 - aiperf.metrics.types.osl_mismatch_metrics - WARNING - OSL mismatch: got 500 tokens (requested 235, diff 112.8%)
2026-06-01 02:28:27.502 - aiperf.metrics.types.osl_mismatch_metrics - WARNING - OSL mismatch: got 500 tokens (requested 117, diff 327.4%)
2026-06-01 02:28:27.519 - aiperf.metrics.types.osl_mismatch_metrics - WARNING - OSL mismatch: got 500 tokens (requested 225, diff 122.2%)
2026-06-01 02:28:27.535 - aiperf.metrics.types.osl_mismatch_metrics - WARNING - OSL mismatch: got 500 tokens (requested 165, diff 203.0%)
2026-06-01 02:28:27.538 - aiperf.metrics.types.osl_mismatch_metrics - WARNING - OSL mismatch: got 57 tokens (requested 11, diff 418.2%)
2026-06-01 02:28:27.584 - aiperf.metrics.types.osl_mismatch_metrics - WARNING - OSL mismatch: got 500 tokens (requested 10, diff 4900.0%)
2026-06-01 02:28:27.594 - aiperf.metrics.types.osl_mismatch_metrics - WARNING - OSL mismatch: got 500 tokens (requested 336, diff 48.8%)
2026-06-01 02:28:27.722 - aiperf.metrics.types.osl_mismatch_metrics - WARNING - OSL mismatch: got 500 tokens (requested 8, diff 6150.0%)
2026-06-01 02:28:27.726 - aiperf.metrics.types.osl_mismatch_metrics - WARNING - OSL mismatch: got 116 tokens (requested 275, diff -57.8%)
2026-06-01 02:28:27.730 - aiperf.metrics.types.osl_mismatch_metrics - WARNING - OSL mismatch: got 500 tokens (requested 680, diff -26.5%)
2026-06-01 02:28:27.838 - aiperf.metrics.types.osl_mismatch_metrics - WARNING - OSL mismatch: got 500 tokens (requested 82, diff 509.8%)
2026-06-01 02:28:28.012 - aiperf.metrics.types.osl_mismatch_metrics - WARNING - OSL mismatch: got 500 tokens (requested 111, diff 350.5%)
2026-06-01 02:28:28.064 - aiperf.metrics.types.osl_mismatch_metrics - WARNING - OSL mismatch: got 150 tokens (requested 219, diff -31.5%)
2026-06-01 02:28:28.085 - aiperf.metrics.types.osl_mismatch_metrics - WARNING - OSL mismatch: got 453 tokens (requested 65, diff 596.9%)
2026-06-01 02:28:28.085 - aiperf.metrics.types.osl_mismatch_metrics - WARNING - OSL mismatch: got 500 tokens (requested 44, diff 1036.4%)
2026-06-01 02:28:28.087 - aiperf.metrics.types.osl_mismatch_metrics - WARNING - OSL mismatch: got 500 tokens (requested 52, diff 861.5%)
2026-06-01 02:28:28.095 - aiperf.metrics.types.osl_mismatch_metrics - WARNING - OSL mismatch: got 91 tokens (requested 71, diff 28.2%)
2026-06-01 02:28:28.099 - aiperf.metrics.types.osl_mismatch_metrics - WARNING - OSL mismatch: got 500 tokens (requested 25, diff 1900.0%)
2026-06-01 02:28:28.099 - aiperf.metrics.types.osl_mismatch_metrics - WARNING - OSL mismatch: got 501 tokens (requested 15, diff 3240.0%)
2026-06-01 02:28:28.132 - aiperf.metrics.types.osl_mismatch_metrics - WARNING - OSL mismatch: got 500 tokens (requested 375, diff 33.3%)
2026-06-01 02:28:28.272 - aiperf.metrics.types.osl_mismatch_metrics - WARNING - OSL mismatch: got 500 tokens (requested 543, diff -7.9%)
2026-06-01 02:28:28.273 - aiperf.metrics.types.osl_mismatch_metrics - WARNING - OSL mismatch: got 500 tokens (requested 4, diff 12400.0%)
2026-06-01 02:28:28.332 - aiperf.metrics.types.osl_mismatch_metrics - WARNING - OSL mismatch: got 500 tokens (requested 343, diff 45.8%)
2026-06-01 02:28:28.357 - aiperf.metrics.types.osl_mismatch_metrics - WARNING - OSL mismatch: got 500 tokens (requested 254, diff 96.9%)
2026-06-01 02:28:28.360 - aiperf.metrics.types.osl_mismatch_metrics - WARNING - OSL mismatch: got 500 tokens (requested 6, diff 8233.3%)
2026-06-01 02:28:28.361 - aiperf.metrics.types.osl_mismatch_metrics - WARNING - OSL mismatch: got 500 tokens (requested 31, diff 1512.9%)
2026-06-01 02:28:28.427 - aiperf.metrics.types.osl_mismatch_metrics - WARNING - OSL mismatch: got 500 tokens (requested 205, diff 143.9%)
2026-06-01 02:28:28.440 - aiperf.metrics.types.osl_mismatch_metrics - WARNING - OSL mismatch: got 500 tokens (requested 28, diff 1685.7%)
2026-06-01 02:28:28.451 - aiperf.metrics.types.osl_mismatch_metrics - WARNING - OSL mismatch: got 500 tokens (requested 411, diff 21.7%)
2026-06-01 02:28:28.512 - aiperf.metrics.types.osl_mismatch_metrics - WARNING - OSL mismatch: got 500 tokens (requested 164, diff 204.9%)
2026-06-01 02:28:28.518 - aiperf.metrics.types.osl_mismatch_metrics - WARNING - OSL mismatch: got 500 tokens (requested 778, diff -35.7%)
2026-06-01 02:28:28.524 - aiperf.metrics.types.osl_mismatch_metrics - WARNING - OSL mismatch: got 500 tokens (requested 328, diff 52.4%)
2026-06-01 02:28:28.526 - aiperf.metrics.types.osl_mismatch_metrics - WARNING - OSL mismatch: got 500 tokens (requested 31, diff 1512.9%)
2026-06-01 02:28:28.650 - aiperf.metrics.types.osl_mismatch_metrics - WARNING - OSL mismatch: got 500 tokens (requested 14, diff 3471.4%)
2026-06-01 02:28:28.654 - aiperf.metrics.types.osl_mismatch_metrics - WARNING - OSL mismatch: got 500 tokens (requested 96, diff 420.8%)
2026-06-01 02:28:28.733 - aiperf.metrics.types.osl_mismatch_metrics - WARNING - OSL mismatch: got 500 tokens (requested 409, diff 22.2%)
2026-06-01 02:28:28.868 - aiperf.metrics.types.osl_mismatch_metrics - WARNING - OSL mismatch: got 500 tokens (requested 350, diff 42.9%)
2026-06-01 02:28:28.899 - aiperf.metrics.types.osl_mismatch_metrics - WARNING - OSL mismatch: got 38 tokens (requested 26, diff 46.2%)
2026-06-01 02:28:28.968 - aiperf.metrics.types.osl_mismatch_metrics - WARNING - OSL mismatch: got 500 tokens (requested 224, diff 123.2%)
2026-06-01 02:28:28.982 - aiperf.metrics.types.osl_mismatch_metrics - WARNING - OSL mismatch: got 500 tokens (requested 13, diff 3746.2%)
2026-06-01 02:28:28.992 - aiperf.metrics.types.osl_mismatch_metrics - WARNING - OSL mismatch: got 500 tokens (requested 12, diff 4066.7%)
2026-06-01 02:28:29.003 - aiperf.metrics.types.osl_mismatch_metrics - WARNING - OSL mismatch: got 496 tokens (requested 186, diff 166.7%)
2026-06-01 02:28:29.015 - aiperf.metrics.types.osl_mismatch_metrics - WARNING - OSL mismatch: got 500 tokens (requested 279, diff 79.2%)
2026-06-01 02:28:29.065 - aiperf.metrics.types.osl_mismatch_metrics - WARNING - OSL mismatch: got 500 tokens (requested 636, diff -21.4%)
2026-06-01 02:28:29.066 - aiperf.metrics.types.osl_mismatch_metrics - WARNING - OSL mismatch: got 500 tokens (requested 25, diff 1900.0%)
2026-06-01 02:28:29.101 - aiperf.metrics.types.osl_mismatch_metrics - WARNING - OSL mismatch: got 500 tokens (requested 229, diff 118.3%)
2026-06-01 02:28:29.226 - aiperf.metrics.types.osl_mismatch_metrics - WARNING - OSL mismatch: got 500 tokens (requested 395, diff 26.6%)
2026-06-01 02:28:29.343 - aiperf.metrics.types.osl_mismatch_metrics - WARNING - OSL mismatch: got 500 tokens (requested 210, diff 138.1%)
2026-06-01 02:28:29.346 - aiperf.metrics.types.osl_mismatch_metrics - WARNING - OSL mismatch: got 500 tokens (requested 12, diff 4066.7%)
2026-06-01 02:28:29.356 - aiperf.metrics.types.osl_mismatch_metrics - WARNING - OSL mismatch: got 500 tokens (requested 154, diff 224.7%)
2026-06-01 02:28:29.379 - aiperf.metrics.types.osl_mismatch_metrics - WARNING - OSL mismatch: got 500 tokens (requested 333, diff 50.2%)
2026-06-01 02:28:29.614 - aiperf.metrics.types.osl_mismatch_metrics - WARNING - OSL mismatch: got 500 tokens (requested 26, diff 1823.1%)
2026-06-01 02:28:29.736 - aiperf.metrics.types.osl_mismatch_metrics - WARNING - OSL mismatch: got 500 tokens (requested 386, diff 29.5%)
2026-06-01 02:28:29.739 - aiperf.metrics.types.osl_mismatch_metrics - WARNING - OSL mismatch: got 500 tokens (requested 139, diff 259.7%)
2026-06-01 02:28:29.749 - aiperf.metrics.types.osl_mismatch_metrics - WARNING - OSL mismatch: got 394 tokens (requested 266, diff 48.1%)
2026-06-01 02:28:30.023 - aiperf.metrics.types.osl_mismatch_metrics - WARNING - OSL mismatch: got 500 tokens (requested 186, diff 168.8%)
2026-06-01 02:28:30.085 - aiperf.metrics.types.osl_mismatch_metrics - WARNING - OSL mismatch: got 500 tokens (requested 642, diff -22.1%)
2026-06-01 02:28:30.125 - aiperf.metrics.types.osl_mismatch_metrics - WARNING - OSL mismatch: got 500 tokens (requested 28, diff 1685.7%)
2026-06-01 02:28:30.193 - aiperf.metrics.types.osl_mismatch_metrics - WARNING - OSL mismatch: got 500 tokens (requested 7, diff 7042.9%)
2026-06-01 02:28:30.219 - aiperf.metrics.types.osl_mismatch_metrics - WARNING - OSL mismatch: got 1 tokens (requested 9, diff -88.9%)
2026-06-01 02:28:30.231 - aiperf.metrics.types.osl_mismatch_metrics - WARNING - OSL mismatch: got 500 tokens (requested 545, diff -8.3%)
2026-06-01 02:28:30.232 - aiperf.metrics.types.osl_mismatch_metrics - WARNING - OSL mismatch: got 500 tokens (requested 47, diff 963.8%)
2026-06-01 02:28:30.282 - aiperf.metrics.types.osl_mismatch_metrics - WARNING - OSL mismatch: got 500 tokens (requested 10, diff 4900.0%)
2026-06-01 02:28:30.297 - aiperf.metrics.types.osl_mismatch_metrics - WARNING - OSL mismatch: got 149 tokens (requested 16, diff 831.2%)
2026-06-01 02:28:30.301 - aiperf.metrics.types.osl_mismatch_metrics - WARNING - OSL mismatch: got 490 tokens (requested 67, diff 631.3%)
2026-06-01 02:28:30.523 - aiperf.metrics.types.osl_mismatch_metrics - WARNING - OSL mismatch: got 500 tokens (requested 604, diff -17.2%)
2026-06-01 02:28:30.533 - aiperf.metrics.types.osl_mismatch_metrics - WARNING - OSL mismatch: got 500 tokens (requested 46, diff 987.0%)
2026-06-01 02:28:30.685 - aiperf.metrics.types.osl_mismatch_metrics - WARNING - OSL mismatch: got 188 tokens (requested 12, diff 1466.7%)
2026-06-01 02:28:30.712 - aiperf.metrics.types.osl_mismatch_metrics - WARNING - OSL mismatch: got 500 tokens (requested 769, diff -35.0%)
2026-06-01 02:28:30.748 - aiperf.metrics.types.osl_mismatch_metrics - WARNING - OSL mismatch: got 500 tokens (requested 32, diff 1462.5%)
2026-06-01 02:28:30.918 - aiperf.metrics.types.osl_mismatch_metrics - WARNING - OSL mismatch: got 500 tokens (requested 116, diff 331.0%)
2026-06-01 02:28:31.025 - aiperf.metrics.types.osl_mismatch_metrics - WARNING - OSL mismatch: got 500 tokens (requested 473, diff 5.7%)
2026-06-01 02:28:31.025 - aiperf.metrics.types.osl_mismatch_metrics - WARNING - OSL mismatch: got 454 tokens (requested 27, diff 1581.5%)
2026-06-01 02:28:31.145 - aiperf.metrics.types.osl_mismatch_metrics - WARNING - OSL mismatch: got 500 tokens (requested 8, diff 6150.0%)
2026-06-01 02:28:31.154 - aiperf.metrics.types.osl_mismatch_metrics - WARNING - OSL mismatch: got 501 tokens (requested 8, diff 6162.5%)
2026-06-01 02:28:31.155 - aiperf.metrics.types.osl_mismatch_metrics - WARNING - OSL mismatch: got 478 tokens (requested 210, diff 127.6%)
2026-06-01 02:28:31.208 - aiperf.metrics.types.osl_mismatch_metrics - WARNING - OSL mismatch: got 500 tokens (requested 250, diff 100.0%)
2026-06-01 02:28:31.388 - aiperf.metrics.types.osl_mismatch_metrics - WARNING - OSL mismatch: got 88 tokens (requested 24, diff 266.7%)
2026-06-01 02:28:31.388 - aiperf.metrics.types.osl_mismatch_metrics - WARNING - OSL mismatch: got 123 tokens (requested 32, diff 284.4%)
2026-06-01 02:28:31.392 - aiperf.metrics.types.osl_mismatch_metrics - WARNING - OSL mismatch: got 500 tokens (requested 315, diff 58.7%)
2026-06-01 02:28:31.475 - aiperf.metrics.types.osl_mismatch_metrics - WARNING - OSL mismatch: got 500 tokens (requested 165, diff 203.0%)
2026-06-01 02:28:31.491 - aiperf.metrics.types.osl_mismatch_metrics - WARNING - OSL mismatch: got 502 tokens (requested 343, diff 46.4%)
2026-06-01 02:28:31.516 - aiperf.metrics.types.osl_mismatch_metrics - WARNING - OSL mismatch: got 500 tokens (requested 360, diff 38.9%)
2026-06-01 02:28:31.559 - aiperf.metrics.types.osl_mismatch_metrics - WARNING - OSL mismatch: got 180 tokens (requested 60, diff 200.0%)
2026-06-01 02:28:31.576 - aiperf.metrics.types.osl_mismatch_metrics - WARNING - OSL mismatch: got 500 tokens (requested 608, diff -17.8%)
2026-06-01 02:28:31.763 - aiperf.metrics.types.osl_mismatch_metrics - WARNING - OSL mismatch: got 500 tokens (requested 126, diff 296.8%)
2026-06-01 02:28:31.774 - aiperf.metrics.types.osl_mismatch_metrics - WARNING - OSL mismatch: got 500 tokens (requested 1164, diff -57.0%)
2026-06-01 02:28:31.874 - aiperf.metrics.types.osl_mismatch_metrics - WARNING - OSL mismatch: got 500 tokens (requested 33, diff 1415.2%)
2026-06-01 02:28:31.941 - aiperf.metrics.types.osl_mismatch_metrics - WARNING - OSL mismatch: got 500 tokens (requested 375, diff 33.3%)
2026-06-01 02:28:31.955 - aiperf.metrics.types.osl_mismatch_metrics - WARNING - OSL mismatch: got 500 tokens (requested 34, diff 1370.6%)
2026-06-01 02:28:32.105 - aiperf.metrics.types.osl_mismatch_metrics - WARNING - OSL mismatch: got 500 tokens (requested 261, diff 91.6%)
2026-06-01 02:28:32.202 - aiperf.metrics.types.osl_mismatch_metrics - WARNING - OSL mismatch: got 500 tokens (requested 160, diff 212.5%)
2026-06-01 02:28:32.212 - aiperf.metrics.types.osl_mismatch_metrics - WARNING - OSL mismatch: got 301 tokens (requested 27, diff 1014.8%)
2026-06-01 02:28:32.285 - aiperf.metrics.types.osl_mismatch_metrics - WARNING - OSL mismatch: got 500 tokens (requested 133, diff 275.9%)
2026-06-01 02:28:32.359 - aiperf.metrics.types.osl_mismatch_metrics - WARNING - OSL mismatch: got 500 tokens (requested 302, diff 65.6%)
2026-06-01 02:28:32.375 - aiperf.metrics.types.osl_mismatch_metrics - WARNING - OSL mismatch: got 500 tokens (requested 10, diff 4900.0%)
2026-06-01 02:28:32.582 - aiperf.metrics.types.osl_mismatch_metrics - WARNING - OSL mismatch: got 500 tokens (requested 164, diff 204.9%)
2026-06-01 02:28:32.596 - aiperf.metrics.types.osl_mismatch_metrics - WARNING - OSL mismatch: got 500 tokens (requested 263, diff 90.1%)
2026-06-01 02:28:32.682 - aiperf.metrics.types.osl_mismatch_metrics - WARNING - OSL mismatch: got 500 tokens (requested 394, diff 26.9%)
2026-06-01 02:28:32.698 - aiperf.metrics.types.osl_mismatch_metrics - WARNING - OSL mismatch: got 500 tokens (requested 10, diff 4900.0%)
2026-06-01 02:28:32.782 - aiperf.metrics.types.osl_mismatch_metrics - WARNING - OSL mismatch: got 500 tokens (requested 144, diff 247.2%)
2026-06-01 02:28:32.804 - aiperf.metrics.types.osl_mismatch_metrics - WARNING - OSL mismatch: got 500 tokens (requested 366, diff 36.6%)
2026-06-01 02:28:32.967 - aiperf.metrics.types.osl_mismatch_metrics - WARNING - OSL mismatch: got 500 tokens (requested 109, diff 358.7%)
2026-06-01 02:28:32.973 - aiperf.metrics.types.osl_mismatch_metrics - WARNING - OSL mismatch: got 484 tokens (requested 60, diff 706.7%)
2026-06-01 02:28:33.005 - aiperf.metrics.types.osl_mismatch_metrics - WARNING - OSL mismatch: got 500 tokens (requested 429, diff 16.6%)
2026-06-01 02:28:33.091 - aiperf.metrics.types.osl_mismatch_metrics - WARNING - OSL mismatch: got 489 tokens (requested 298, diff 64.1%)
2026-06-01 02:28:33.130 - aiperf.metrics.types.osl_mismatch_metrics - WARNING - OSL mismatch: got 225 tokens (requested 60, diff 275.0%)
2026-06-01 02:28:33.263 - aiperf.metrics.types.osl_mismatch_metrics - WARNING - OSL mismatch: got 500 tokens (requested 351, diff 42.5%)
2026-06-01 02:28:33.272 - aiperf.metrics.types.osl_mismatch_metrics - WARNING - OSL mismatch: got 500 tokens (requested 29, diff 1624.1%)
2026-06-01 02:28:33.320 - aiperf.metrics.types.osl_mismatch_metrics - WARNING - OSL mismatch: got 500 tokens (requested 301, diff 66.1%)
2026-06-01 02:28:33.435 - aiperf.metrics.types.osl_mismatch_metrics - WARNING - OSL mismatch: got 500 tokens (requested 290, diff 72.4%)
2026-06-01 02:28:33.491 - aiperf.metrics.types.osl_mismatch_metrics - WARNING - OSL mismatch: got 145 tokens (requested 117, diff 23.9%)
2026-06-01 02:28:33.507 - aiperf.metrics.types.osl_mismatch_metrics - WARNING - OSL mismatch: got 500 tokens (requested 187, diff 167.4%)
2026-06-01 02:28:33.594 - aiperf.metrics.types.osl_mismatch_metrics - WARNING - OSL mismatch: got 110 tokens (requested 150, diff -26.7%)
2026-06-01 02:28:33.756 - aiperf.metrics.types.osl_mismatch_metrics - WARNING - OSL mismatch: got 500 tokens (requested 20, diff 2400.0%)
2026-06-01 02:28:33.804 - aiperf.metrics.types.osl_mismatch_metrics - WARNING - OSL mismatch: got 500 tokens (requested 743, diff -32.7%)
2026-06-01 02:28:33.828 - aiperf.metrics.types.osl_mismatch_metrics - WARNING - OSL mismatch: got 13 tokens (requested 580, diff -97.8%)
2026-06-01 02:28:33.903 - aiperf.metrics.types.osl_mismatch_metrics - WARNING - OSL mismatch: got 500 tokens (requested 232, diff 115.5%)
2026-06-01 02:28:34.027 - aiperf.metrics.types.osl_mismatch_metrics - WARNING - OSL mismatch: got 500 tokens (requested 228, diff 119.3%)
2026-06-01 02:28:34.151 - aiperf.metrics.types.osl_mismatch_metrics - WARNING - OSL mismatch: got 396 tokens (requested 271, diff 46.1%)
2026-06-01 02:28:34.186 - aiperf.metrics.types.osl_mismatch_metrics - WARNING - OSL mismatch: got 500 tokens (requested 196, diff 155.1%)
2026-06-01 02:28:34.336 - aiperf.metrics.types.osl_mismatch_metrics - WARNING - OSL mismatch: got 500 tokens (requested 284, diff 76.1%)
2026-06-01 02:28:34.546 - aiperf.metrics.types.osl_mismatch_metrics - WARNING - OSL mismatch: got 500 tokens (requested 289, diff 73.0%)
2026-06-01 02:28:34.623 - aiperf.metrics.types.osl_mismatch_metrics - WARNING - OSL mismatch: got 500 tokens (requested 237, diff 111.0%)
2026-06-01 02:28:34.648 - aiperf.metrics.types.osl_mismatch_metrics - WARNING - OSL mismatch: got 500 tokens (requested 14, diff 3471.4%)
2026-06-01 02:28:34.672 - aiperf.metrics.types.osl_mismatch_metrics - WARNING - OSL mismatch: got 500 tokens (requested 13, diff 3746.2%)
2026-06-01 02:28:34.743 - aiperf.metrics.types.osl_mismatch_metrics - WARNING - OSL mismatch: got 213 tokens (requested 136, diff 56.6%)
2026-06-01 02:28:34.781 - aiperf.metrics.types.osl_mismatch_metrics - WARNING - OSL mismatch: got 276 tokens (requested 20, diff 1280.0%)
2026-06-01 02:28:34.799 - aiperf.metrics.types.osl_mismatch_metrics - WARNING - OSL mismatch: got 487 tokens (requested 84, diff 479.8%)
2026-06-01 02:28:34.915 - aiperf.metrics.types.osl_mismatch_metrics - WARNING - OSL mismatch: got 500 tokens (requested 19, diff 2531.6%)
2026-06-01 02:28:34.939 - aiperf.metrics.types.osl_mismatch_metrics - WARNING - OSL mismatch: got 500 tokens (requested 11, diff 4445.5%)
2026-06-01 02:28:34.953 - aiperf.metrics.types.osl_mismatch_metrics - WARNING - OSL mismatch: got 500 tokens (requested 47, diff 963.8%)
2026-06-01 02:28:35.085 - aiperf.metrics.types.osl_mismatch_metrics - WARNING - OSL mismatch: got 500 tokens (requested 366, diff 36.6%)
2026-06-01 02:28:35.112 - aiperf.metrics.types.osl_mismatch_metrics - WARNING - OSL mismatch: got 498 tokens (requested 331, diff 50.5%)
2026-06-01 02:28:35.113 - aiperf.metrics.types.osl_mismatch_metrics - WARNING - OSL mismatch: got 500 tokens (requested 9, diff 5455.6%)
2026-06-01 02:28:35.125 - aiperf.metrics.types.osl_mismatch_metrics - WARNING - OSL mismatch: got 464 tokens (requested 5, diff 9180.0%)
2026-06-01 02:28:35.422 - aiperf.metrics.types.osl_mismatch_metrics - WARNING - OSL mismatch: got 500 tokens (requested 367, diff 36.2%)
2026-06-01 02:28:35.509 - aiperf.metrics.types.osl_mismatch_metrics - WARNING - OSL mismatch: got 480 tokens (requested 25, diff 1820.0%)
2026-06-01 02:28:35.561 - aiperf.metrics.types.osl_mismatch_metrics - WARNING - OSL mismatch: got 500 tokens (requested 37, diff 1251.4%)
2026-06-01 02:28:35.573 - aiperf.metrics.types.osl_mismatch_metrics - WARNING - OSL mismatch: got 500 tokens (requested 311, diff 60.8%)
2026-06-01 02:28:35.645 - aiperf.metrics.types.osl_mismatch_metrics - WARNING - OSL mismatch: got 251 tokens (requested 59, diff 325.4%)
2026-06-01 02:28:35.648 - aiperf.metrics.types.osl_mismatch_metrics - WARNING - OSL mismatch: got 500 tokens (requested 16, diff 3025.0%)
2026-06-01 02:28:35.658 - aiperf.metrics.types.osl_mismatch_metrics - WARNING - OSL mismatch: got 500 tokens (requested 314, diff 59.2%)
2026-06-01 02:28:35.866 - aiperf.metrics.types.osl_mismatch_metrics - WARNING - OSL mismatch: got 283 tokens (requested 148, diff 91.2%)
2026-06-01 02:28:35.871 - aiperf.metrics.types.osl_mismatch_metrics - WARNING - OSL mismatch: got 500 tokens (requested 14, diff 3471.4%)
2026-06-01 02:28:35.875 - aiperf.metrics.types.osl_mismatch_metrics - WARNING - OSL mismatch: got 500 tokens (requested 315, diff 58.7%)
2026-06-01 02:28:35.939 - aiperf.metrics.types.osl_mismatch_metrics - WARNING - OSL mismatch: got 222 tokens (requested 32, diff 593.8%)
2026-06-01 02:28:35.956 - aiperf.metrics.types.osl_mismatch_metrics - WARNING - OSL mismatch: got 469 tokens (requested 70, diff 570.0%)
2026-06-01 02:28:36.010 - aiperf.metrics.types.osl_mismatch_metrics - WARNING - OSL mismatch: got 500 tokens (requested 265, diff 88.7%)
2026-06-01 02:28:36.020 - aiperf.metrics.types.osl_mismatch_metrics - WARNING - OSL mismatch: got 500 tokens (requested 44, diff 1036.4%)
2026-06-01 02:28:36.028 - aiperf.metrics.types.osl_mismatch_metrics - WARNING - OSL mismatch: got 155 tokens (requested 7, diff 2114.3%)
2026-06-01 02:28:36.066 - aiperf.metrics.types.osl_mismatch_metrics - WARNING - OSL mismatch: got 332 tokens (requested 157, diff 111.5%)
2026-06-01 02:28:36.198 - aiperf.metrics.types.osl_mismatch_metrics - WARNING - OSL mismatch: got 500 tokens (requested 10, diff 4900.0%)
2026-06-01 02:28:36.219 - aiperf.metrics.types.osl_mismatch_metrics - WARNING - OSL mismatch: got 436 tokens (requested 86, diff 407.0%)
2026-06-01 02:28:36.232 - aiperf.metrics.types.osl_mismatch_metrics - WARNING - OSL mismatch: got 500 tokens (requested 26, diff 1823.1%)
2026-06-01 02:28:36.280 - aiperf.metrics.types.osl_mismatch_metrics - WARNING - OSL mismatch: got 500 tokens (requested 418, diff 19.6%)
2026-06-01 02:28:36.310 - aiperf.metrics.types.osl_mismatch_metrics - WARNING - OSL mismatch: got 500 tokens (requested 533, diff -6.2%)
2026-06-01 02:28:36.320 - aiperf.metrics.types.osl_mismatch_metrics - WARNING - OSL mismatch: got 500 tokens (requested 16, diff 3025.0%)
2026-06-01 02:28:36.457 - aiperf.metrics.types.osl_mismatch_metrics - WARNING - OSL mismatch: got 500 tokens (requested 761, diff -34.3%)
2026-06-01 02:28:36.471 - aiperf.metrics.types.osl_mismatch_metrics - WARNING - OSL mismatch: got 500 tokens (requested 10, diff 4900.0%)
2026-06-01 02:28:36.482 - aiperf.metrics.types.osl_mismatch_metrics - WARNING - OSL mismatch: got 500 tokens (requested 408, diff 22.5%)
2026-06-01 02:28:36.492 - aiperf.metrics.types.osl_mismatch_metrics - WARNING - OSL mismatch: got 500 tokens (requested 443, diff 12.9%)
2026-06-01 02:28:36.505 - aiperf.metrics.types.osl_mismatch_metrics - WARNING - OSL mismatch: got 500 tokens (requested 144, diff 247.2%)
2026-06-01 02:28:36.520 - aiperf.metrics.types.osl_mismatch_metrics - WARNING - OSL mismatch: got 500 tokens (requested 299, diff 67.2%)
2026-06-01 02:28:36.520 - aiperf.metrics.types.osl_mismatch_metrics - WARNING - OSL mismatch: got 500 tokens (requested 12, diff 4066.7%)
2026-06-01 02:28:36.520 - aiperf.metrics.types.osl_mismatch_metrics - WARNING - OSL mismatch: got 500 tokens (requested 135, diff 270.4%)
2026-06-01 02:28:36.581 - aiperf.metrics.types.osl_mismatch_metrics - WARNING - OSL mismatch: got 500 tokens (requested 76, diff 557.9%)
2026-06-01 02:28:36.768 - aiperf.metrics.types.osl_mismatch_metrics - WARNING - OSL mismatch: got 500 tokens (requested 10, diff 4900.0%)
2026-06-01 02:28:36.769 - aiperf.metrics.types.osl_mismatch_metrics - WARNING - OSL mismatch: got 500 tokens (requested 9, diff 5455.6%)
2026-06-01 02:28:36.792 - aiperf.metrics.types.osl_mismatch_metrics - WARNING - OSL mismatch: got 459 tokens (requested 55, diff 734.5%)
2026-06-01 02:28:36.819 - aiperf.metrics.types.osl_mismatch_metrics - WARNING - OSL mismatch: got 500 tokens (requested 194, diff 157.7%)
2026-06-01 02:28:36.863 - aiperf.metrics.types.osl_mismatch_metrics - WARNING - OSL mismatch: got 17 tokens (requested 344, diff -95.1%)
2026-06-01 02:28:36.870 - aiperf.metrics.types.osl_mismatch_metrics - WARNING - OSL mismatch: got 500 tokens (requested 51, diff 880.4%)
2026-06-01 02:28:36.907 - aiperf.metrics.types.osl_mismatch_metrics - WARNING - OSL mismatch: got 500 tokens (requested 293, diff 70.6%)
2026-06-01 02:28:37.080 - aiperf.metrics.types.osl_mismatch_metrics - WARNING - OSL mismatch: got 376 tokens (requested 320, diff 17.5%)
2026-06-01 02:28:37.148 - aiperf.metrics.types.osl_mismatch_metrics - WARNING - OSL mismatch: got 500 tokens (requested 20, diff 2400.0%)
2026-06-01 02:28:37.271 - aiperf.metrics.types.osl_mismatch_metrics - WARNING - OSL mismatch: got 500 tokens (requested 297, diff 68.4%)
2026-06-01 02:28:37.291 - aiperf.metrics.types.osl_mismatch_metrics - WARNING - OSL mismatch: got 500 tokens (requested 551, diff -9.3%)
2026-06-01 02:28:37.293 - aiperf.metrics.types.osl_mismatch_metrics - WARNING - OSL mismatch: got 500 tokens (requested 64, diff 681.2%)
2026-06-01 02:28:37.305 - aiperf.metrics.types.osl_mismatch_metrics - WARNING - OSL mismatch: got 320 tokens (requested 101, diff 216.8%)
2026-06-01 02:28:37.389 - aiperf.metrics.types.osl_mismatch_metrics - WARNING - OSL mismatch: got 500 tokens (requested 403, diff 24.1%)
2026-06-01 02:28:37.403 - aiperf.metrics.types.osl_mismatch_metrics - WARNING - OSL mismatch: got 500 tokens (requested 13, diff 3746.2%)
2026-06-01 02:28:37.412 - aiperf.metrics.types.osl_mismatch_metrics - WARNING - OSL mismatch: got 500 tokens (requested 251, diff 99.2%)
2026-06-01 02:28:37.434 - aiperf.metrics.types.osl_mismatch_metrics - WARNING - OSL mismatch: got 172 tokens (requested 748, diff -77.0%)
2026-06-01 02:28:37.590 - aiperf.metrics.types.osl_mismatch_metrics - WARNING - OSL mismatch: got 500 tokens (requested 7, diff 7042.9%)
2026-06-01 02:28:37.637 - aiperf.metrics.types.osl_mismatch_metrics - WARNING - OSL mismatch: got 500 tokens (requested 327, diff 52.9%)
2026-06-01 02:28:37.661 - aiperf.metrics.types.osl_mismatch_metrics - WARNING - OSL mismatch: got 500 tokens (requested 9, diff 5455.6%)
2026-06-01 02:28:37.711 - aiperf.metrics.types.osl_mismatch_metrics - WARNING - OSL mismatch: got 500 tokens (requested 17, diff 2841.2%)
2026-06-01 02:28:37.734 - aiperf.metrics.types.osl_mismatch_metrics - WARNING - OSL mismatch: got 331 tokens (requested 79, diff 319.0%)
2026-06-01 02:28:37.811 - aiperf.metrics.types.osl_mismatch_metrics - WARNING - OSL mismatch: got 500 tokens (requested 225, diff 122.2%)
2026-06-01 02:28:37.824 - aiperf.metrics.types.osl_mismatch_metrics - WARNING - OSL mismatch: got 500 tokens (requested 14, diff 3471.4%)
2026-06-01 02:28:37.835 - aiperf.metrics.types.osl_mismatch_metrics - WARNING - OSL mismatch: got 500 tokens (requested 8, diff 6150.0%)
2026-06-01 02:28:37.849 - aiperf.metrics.types.osl_mismatch_metrics - WARNING - OSL mismatch: got 500 tokens (requested 230, diff 117.4%)
2026-06-01 02:28:37.935 - aiperf.metrics.types.osl_mismatch_metrics - WARNING - OSL mismatch: got 500 tokens (requested 349, diff 43.3%)
2026-06-01 02:28:37.938 - aiperf.metrics.types.osl_mismatch_metrics - WARNING - OSL mismatch: got 500 tokens (requested 312, diff 60.3%)
2026-06-01 02:28:37.981 - aiperf.metrics.types.osl_mismatch_metrics - WARNING - OSL mismatch: got 500 tokens (requested 216, diff 131.5%)
2026-06-01 02:28:38.008 - aiperf.metrics.types.osl_mismatch_metrics - WARNING - OSL mismatch: got 500 tokens (requested 129, diff 287.6%)
2026-06-01 02:28:38.022 - aiperf.metrics.types.osl_mismatch_metrics - WARNING - OSL mismatch: got 500 tokens (requested 22, diff 2172.7%)
2026-06-01 02:28:38.024 - aiperf.metrics.types.osl_mismatch_metrics - WARNING - OSL mismatch: got 500 tokens (requested 20, diff 2400.0%)
2026-06-01 02:28:38.031 - aiperf.metrics.types.osl_mismatch_metrics - WARNING - OSL mismatch: got 500 tokens (requested 16, diff 3025.0%)
2026-06-01 02:28:38.120 - aiperf.metrics.types.osl_mismatch_metrics - WARNING - OSL mismatch: got 500 tokens (requested 701, diff -28.7%)
2026-06-01 02:28:38.121 - aiperf.metrics.types.osl_mismatch_metrics - WARNING - OSL mismatch: got 500 tokens (requested 8, diff 6150.0%)
2026-06-01 02:28:38.130 - aiperf.metrics.types.osl_mismatch_metrics - WARNING - OSL mismatch: got 500 tokens (requested 241, diff 107.5%)
2026-06-01 02:28:38.143 - aiperf.metrics.types.osl_mismatch_metrics - WARNING - OSL mismatch: got 500 tokens (requested 16, diff 3025.0%)
2026-06-01 02:28:38.155 - aiperf.metrics.types.osl_mismatch_metrics - WARNING - OSL mismatch: got 500 tokens (requested 471, diff 6.2%)
2026-06-01 02:28:38.265 - aiperf.metrics.types.osl_mismatch_metrics - WARNING - OSL mismatch: got 500 tokens (requested 44, diff 1036.4%)
2026-06-01 02:28:38.335 - aiperf.metrics.types.osl_mismatch_metrics - WARNING - OSL mismatch: got 499 tokens (requested 292, diff 70.9%)
2026-06-01 02:28:38.337 - aiperf.metrics.types.osl_mismatch_metrics - WARNING - OSL mismatch: got 500 tokens (requested 140, diff 257.1%)
2026-06-01 02:28:38.338 - aiperf.metrics.types.osl_mismatch_metrics - WARNING - OSL mismatch: got 500 tokens (requested 39, diff 1182.1%)
2026-06-01 02:28:38.353 - aiperf.metrics.types.osl_mismatch_metrics - WARNING - OSL mismatch: got 500 tokens (requested 771, diff -35.1%)
2026-06-01 02:28:38.369 - aiperf.metrics.types.osl_mismatch_metrics - WARNING - OSL mismatch: got 500 tokens (requested 128, diff 290.6%)
2026-06-01 02:28:38.444 - aiperf.metrics.types.osl_mismatch_metrics - WARNING - OSL mismatch: got 500 tokens (requested 43, diff 1062.8%)
2026-06-01 02:28:38.454 - aiperf.metrics.types.osl_mismatch_metrics - WARNING - OSL mismatch: got 500 tokens (requested 161, diff 210.6%)
2026-06-01 02:28:38.456 - aiperf.metrics.types.osl_mismatch_metrics - WARNING - OSL mismatch: got 500 tokens (requested 189, diff 164.6%)
2026-06-01 02:28:38.493 - aiperf.metrics.types.osl_mismatch_metrics - WARNING - OSL mismatch: got 500 tokens (requested 107, diff 367.3%)
2026-06-01 02:28:38.526 - aiperf.metrics.types.osl_mismatch_metrics - WARNING - OSL mismatch: got 500 tokens (requested 281, diff 77.9%)
2026-06-01 02:28:38.589 - aiperf.metrics.types.osl_mismatch_metrics - WARNING - OSL mismatch: got 500 tokens (requested 101, diff 395.0%)
2026-06-01 02:28:38.625 - aiperf.metrics.types.osl_mismatch_metrics - WARNING - OSL mismatch: got 500 tokens (requested 387, diff 29.2%)
2026-06-01 02:28:38.649 - aiperf.metrics.types.osl_mismatch_metrics - WARNING - OSL mismatch: got 500 tokens (requested 446, diff 12.1%)
2026-06-01 02:28:38.669 - aiperf.metrics.types.osl_mismatch_metrics - WARNING - OSL mismatch: got 92 tokens (requested 279, diff -67.0%)
2026-06-01 02:28:38.674 - aiperf.metrics.types.osl_mismatch_metrics - WARNING - OSL mismatch: got 500 tokens (requested 215, diff 132.6%)
2026-06-01 02:28:38.809 - aiperf.metrics.types.osl_mismatch_metrics - WARNING - OSL mismatch: got 500 tokens (requested 8, diff 6150.0%)
2026-06-01 02:28:38.820 - aiperf.metrics.types.osl_mismatch_metrics - WARNING - OSL mismatch: got 500 tokens (requested 410, diff 22.0%)
2026-06-01 02:28:38.901 - aiperf.metrics.types.osl_mismatch_metrics - WARNING - OSL mismatch: got 287 tokens (requested 94, diff 205.3%)
2026-06-01 02:28:38.953 - aiperf.metrics.types.osl_mismatch_metrics - WARNING - OSL mismatch: got 500 tokens (requested 275, diff 81.8%)
2026-06-01 02:28:39.000 - aiperf.metrics.types.osl_mismatch_metrics - WARNING - OSL mismatch: got 241 tokens (requested 31, diff 677.4%)
2026-06-01 02:28:39.027 - aiperf.metrics.types.osl_mismatch_metrics - WARNING - OSL mismatch: got 500 tokens (requested 297, diff 68.4%)
2026-06-01 02:28:39.074 - aiperf.metrics.types.osl_mismatch_metrics - WARNING - OSL mismatch: got 500 tokens (requested 281, diff 77.9%)
2026-06-01 02:28:39.074 - aiperf.metrics.types.osl_mismatch_metrics - WARNING - OSL mismatch: got 500 tokens (requested 63, diff 693.7%)
2026-06-01 02:28:39.155 - aiperf.metrics.types.osl_mismatch_metrics - WARNING - OSL mismatch: got 306 tokens (requested 65, diff 370.8%)
2026-06-01 02:28:39.173 - aiperf.metrics.types.osl_mismatch_metrics - WARNING - OSL mismatch: got 500 tokens (requested 30, diff 1566.7%)
2026-06-01 02:28:39.184 - aiperf.metrics.types.osl_mismatch_metrics - WARNING - OSL mismatch: got 500 tokens (requested 21, diff 2281.0%)
2026-06-01 02:28:39.317 - aiperf.metrics.types.osl_mismatch_metrics - WARNING - OSL mismatch: got 500 tokens (requested 134, diff 273.1%)
2026-06-01 02:28:39.356 - aiperf.metrics.types.osl_mismatch_metrics - WARNING - OSL mismatch: got 219 tokens (requested 90, diff 143.3%)
2026-06-01 02:28:39.410 - aiperf.metrics.types.osl_mismatch_metrics - WARNING - OSL mismatch: got 500 tokens (requested 21, diff 2281.0%)
2026-06-01 02:28:39.482 - aiperf.metrics.types.osl_mismatch_metrics - WARNING - OSL mismatch: got 500 tokens (requested 818, diff -38.9%)
2026-06-01 02:28:39.506 - aiperf.metrics.types.osl_mismatch_metrics - WARNING - OSL mismatch: got 439 tokens (requested 182, diff 141.2%)
2026-06-01 02:28:39.568 - aiperf.metrics.types.osl_mismatch_metrics - WARNING - OSL mismatch: got 500 tokens (requested 27, diff 1751.9%)
2026-06-01 02:28:39.678 - aiperf.metrics.types.osl_mismatch_metrics - WARNING - OSL mismatch: got 500 tokens (requested 93, diff 437.6%)
2026-06-01 02:28:39.689 - aiperf.metrics.types.osl_mismatch_metrics - WARNING - OSL mismatch: got 500 tokens (requested 332, diff 50.6%)
2026-06-01 02:28:39.705 - aiperf.metrics.types.osl_mismatch_metrics - WARNING - OSL mismatch: got 500 tokens (requested 13, diff 3746.2%)
2026-06-01 02:28:39.824 - aiperf.metrics.types.osl_mismatch_metrics - WARNING - OSL mismatch: got 500 tokens (requested 240, diff 108.3%)
2026-06-01 02:28:39.946 - aiperf.metrics.types.osl_mismatch_metrics - WARNING - OSL mismatch: got 500 tokens (requested 205, diff 143.9%)
2026-06-01 02:28:39.975 - aiperf.metrics.types.osl_mismatch_metrics - WARNING - OSL mismatch: got 500 tokens (requested 41, diff 1119.5%)
2026-06-01 02:28:40.008 - aiperf.metrics.types.osl_mismatch_metrics - WARNING - OSL mismatch: got 96 tokens (requested 18, diff 433.3%)
2026-06-01 02:28:40.067 - aiperf.metrics.types.osl_mismatch_metrics - WARNING - OSL mismatch: got 500 tokens (requested 259, diff 93.1%)
2026-06-01 02:28:40.143 - aiperf.metrics.types.osl_mismatch_metrics - WARNING - OSL mismatch: got 500 tokens (requested 126, diff 296.8%)
2026-06-01 02:28:40.200 - aiperf.metrics.types.osl_mismatch_metrics - WARNING - OSL mismatch: got 500 tokens (requested 8, diff 6150.0%)
2026-06-01 02:28:40.213 - aiperf.metrics.types.osl_mismatch_metrics - WARNING - OSL mismatch: got 500 tokens (requested 282, diff 77.3%)
2026-06-01 02:28:40.299 - aiperf.metrics.types.osl_mismatch_metrics - WARNING - OSL mismatch: got 500 tokens (requested 310, diff 61.3%)
2026-06-01 02:28:40.323 - aiperf.metrics.types.osl_mismatch_metrics - WARNING - OSL mismatch: got 500 tokens (requested 175, diff 185.7%)
2026-06-01 02:28:40.359 - aiperf.metrics.types.osl_mismatch_metrics - WARNING - OSL mismatch: got 500 tokens (requested 67, diff 646.3%)
2026-06-01 02:28:40.518 - aiperf.metrics.types.osl_mismatch_metrics - WARNING - OSL mismatch: got 500 tokens (requested 154, diff 224.7%)
2026-06-01 02:28:40.629 - aiperf.metrics.types.osl_mismatch_metrics - WARNING - OSL mismatch: got 500 tokens (requested 23, diff 2073.9%)
2026-06-01 02:28:40.689 - aiperf.metrics.types.osl_mismatch_metrics - WARNING - OSL mismatch: got 500 tokens (requested 169, diff 195.9%)
2026-06-01 02:28:40.723 - aiperf.metrics.types.osl_mismatch_metrics - WARNING - OSL mismatch: got 500 tokens (requested 119, diff 320.2%)
2026-06-01 02:28:40.786 - aiperf.metrics.types.osl_mismatch_metrics - WARNING - OSL mismatch: got 500 tokens (requested 696, diff -28.2%)
2026-06-01 02:28:40.873 - aiperf.metrics.types.osl_mismatch_metrics - WARNING - OSL mismatch: got 500 tokens (requested 138, diff 262.3%)
2026-06-01 02:28:40.936 - aiperf.metrics.types.osl_mismatch_metrics - WARNING - OSL mismatch: got 493 tokens (requested 184, diff 167.9%)
2026-06-01 02:28:40.937 - aiperf.metrics.types.osl_mismatch_metrics - WARNING - OSL mismatch: got 500 tokens (requested 261, diff 91.6%)
2026-06-01 02:28:40.937 - aiperf.metrics.types.osl_mismatch_metrics - WARNING - OSL mismatch: got 500 tokens (requested 66, diff 657.6%)
2026-06-01 02:28:40.937 - aiperf.metrics.types.osl_mismatch_metrics - WARNING - OSL mismatch: got 500 tokens (requested 21, diff 2281.0%)
2026-06-01 02:28:40.938 - aiperf.metrics.types.osl_mismatch_metrics - WARNING - OSL mismatch: got 500 tokens (requested 821, diff -39.1%)
2026-06-01 02:28:41.251 - aiperf.metrics.types.osl_mismatch_metrics - WARNING - OSL mismatch: got 500 tokens (requested 595, diff -16.0%)
2026-06-01 02:28:41.252 - aiperf.metrics.types.osl_mismatch_metrics - WARNING - OSL mismatch: got 500 tokens (requested 12, diff 4066.7%)
2026-06-01 02:28:41.367 - aiperf.metrics.types.osl_mismatch_metrics - WARNING - OSL mismatch: got 317 tokens (requested 137, diff 131.4%)
2026-06-01 02:28:41.379 - aiperf.metrics.types.osl_mismatch_metrics - WARNING - OSL mismatch: got 95 tokens (requested 111, diff -14.4%)
2026-06-01 02:28:41.384 - aiperf.metrics.types.osl_mismatch_metrics - WARNING - OSL mismatch: got 500 tokens (requested 28, diff 1685.7%)
2026-06-01 02:28:41.471 - aiperf.metrics.types.osl_mismatch_metrics - WARNING - OSL mismatch: got 500 tokens (requested 15, diff 3233.3%)
2026-06-01 02:28:41.489 - aiperf.metrics.types.osl_mismatch_metrics - WARNING - OSL mismatch: got 192 tokens (requested 304, diff -36.8%)
2026-06-01 02:28:41.493 - aiperf.metrics.types.osl_mismatch_metrics - WARNING - OSL mismatch: got 500 tokens (requested 76, diff 557.9%)
2026-06-01 02:28:41.555 - aiperf.metrics.types.osl_mismatch_metrics - WARNING - OSL mismatch: got 500 tokens (requested 237, diff 111.0%)
2026-06-01 02:28:41.702 - aiperf.metrics.types.osl_mismatch_metrics - WARNING - OSL mismatch: got 500 tokens (requested 6, diff 8233.3%)
2026-06-01 02:28:41.760 - aiperf.metrics.types.osl_mismatch_metrics - WARNING - OSL mismatch: got 394 tokens (requested 309, diff 27.5%)
2026-06-01 02:28:41.808 - aiperf.metrics.types.osl_mismatch_metrics - WARNING - OSL mismatch: got 267 tokens (requested 4, diff 6575.0%)
2026-06-01 02:28:41.898 - aiperf.metrics.types.osl_mismatch_metrics - WARNING - OSL mismatch: got 500 tokens (requested 753, diff -33.6%)
2026-06-01 02:28:41.911 - aiperf.metrics.types.osl_mismatch_metrics - WARNING - OSL mismatch: got 500 tokens (requested 141, diff 254.6%)
2026-06-01 02:28:41.947 - aiperf.metrics.types.osl_mismatch_metrics - WARNING - OSL mismatch: got 500 tokens (requested 303, diff 65.0%)
2026-06-01 02:28:41.959 - aiperf.metrics.types.osl_mismatch_metrics - WARNING - OSL mismatch: got 500 tokens (requested 39, diff 1182.1%)
2026-06-01 02:28:42.018 - aiperf.metrics.types.osl_mismatch_metrics - WARNING - OSL mismatch: got 389 tokens (requested 310, diff 25.5%)
2026-06-01 02:28:42.076 - aiperf.metrics.types.osl_mismatch_metrics - WARNING - OSL mismatch: got 12 tokens (requested 47, diff -74.5%)
2026-06-01 02:28:42.080 - aiperf.metrics.types.osl_mismatch_metrics - WARNING - OSL mismatch: got 376 tokens (requested 114, diff 229.8%)
2026-06-01 02:28:42.179 - aiperf.metrics.types.osl_mismatch_metrics - WARNING - OSL mismatch: got 500 tokens (requested 362, diff 38.1%)
2026-06-01 02:28:42.180 - aiperf.metrics.types.osl_mismatch_metrics - WARNING - OSL mismatch: got 500 tokens (requested 58, diff 762.1%)
2026-06-01 02:28:42.200 - aiperf.metrics.types.osl_mismatch_metrics - WARNING - OSL mismatch: got 371 tokens (requested 23, diff 1513.0%)
2026-06-01 02:28:42.249 - aiperf.metrics.types.osl_mismatch_metrics - WARNING - OSL mismatch: got 456 tokens (requested 25, diff 1724.0%)
2026-06-01 02:28:42.262 - aiperf.metrics.types.osl_mismatch_metrics - WARNING - OSL mismatch: got 500 tokens (requested 12, diff 4066.7%)
2026-06-01 02:28:42.310 - aiperf.metrics.types.osl_mismatch_metrics - WARNING - OSL mismatch: got 500 tokens (requested 32, diff 1462.5%)
2026-06-01 02:28:42.390 - aiperf.metrics.types.osl_mismatch_metrics - WARNING - OSL mismatch: got 424 tokens (requested 4, diff 10500.0%)
2026-06-01 02:28:42.487 - aiperf.metrics.types.osl_mismatch_metrics - WARNING - OSL mismatch: got 500 tokens (requested 280, diff 78.6%)
2026-06-01 02:28:42.644 - aiperf.metrics.types.osl_mismatch_metrics - WARNING - OSL mismatch: got 500 tokens (requested 10, diff 4900.0%)
2026-06-01 02:28:42.699 - aiperf.metrics.types.osl_mismatch_metrics - WARNING - OSL mismatch: got 128 tokens (requested 5, diff 2460.0%)
2026-06-01 02:28:42.823 - aiperf.metrics.types.osl_mismatch_metrics - WARNING - OSL mismatch: got 500 tokens (requested 380, diff 31.6%)
2026-06-01 02:28:42.969 - aiperf.metrics.types.osl_mismatch_metrics - WARNING - OSL mismatch: got 500 tokens (requested 36, diff 1288.9%)
2026-06-01 02:28:43.013 - aiperf.metrics.types.osl_mismatch_metrics - WARNING - OSL mismatch: got 500 tokens (requested 333, diff 50.2%)
2026-06-01 02:28:43.026 - aiperf.metrics.types.osl_mismatch_metrics - WARNING - OSL mismatch: got 500 tokens (requested 331, diff 51.1%)
2026-06-01 02:28:43.039 - aiperf.metrics.types.osl_mismatch_metrics - WARNING - OSL mismatch: got 500 tokens (requested 10, diff 4900.0%)
2026-06-01 02:28:43.110 - aiperf.metrics.types.osl_mismatch_metrics - WARNING - OSL mismatch: got 500 tokens (requested 115, diff 334.8%)
2026-06-01 02:28:43.263 - aiperf.metrics.types.osl_mismatch_metrics - WARNING - OSL mismatch: got 56 tokens (requested 193, diff -71.0%)
2026-06-01 02:28:43.354 - aiperf.metrics.types.osl_mismatch_metrics - WARNING - OSL mismatch: got 500 tokens (requested 231, diff 116.5%)
2026-06-01 02:28:43.516 - aiperf.metrics.types.osl_mismatch_metrics - WARNING - OSL mismatch: got 500 tokens (requested 25, diff 1900.0%)
2026-06-01 02:28:43.526 - aiperf.metrics.types.osl_mismatch_metrics - WARNING - OSL mismatch: got 500 tokens (requested 412, diff 21.4%)
2026-06-01 02:28:43.560 - aiperf.metrics.types.osl_mismatch_metrics - WARNING - OSL mismatch: got 500 tokens (requested 205, diff 143.9%)
2026-06-01 02:28:43.574 - aiperf.metrics.types.osl_mismatch_metrics - WARNING - OSL mismatch: got 500 tokens (requested 180, diff 177.8%)
2026-06-01 02:28:43.589 - aiperf.metrics.types.osl_mismatch_metrics - WARNING - OSL mismatch: got 416 tokens (requested 241, diff 72.6%)
2026-06-01 02:28:43.592 - aiperf.metrics.types.osl_mismatch_metrics - WARNING - OSL mismatch: got 500 tokens (requested 9, diff 5455.6%)
2026-06-01 02:28:43.624 - aiperf.metrics.types.osl_mismatch_metrics - WARNING - OSL mismatch: got 500 tokens (requested 221, diff 126.2%)
2026-06-01 02:28:43.672 - aiperf.metrics.types.osl_mismatch_metrics - WARNING - OSL mismatch: got 500 tokens (requested 748, diff -33.2%)
2026-06-01 02:28:44.060 - aiperf.metrics.types.osl_mismatch_metrics - WARNING - OSL mismatch: got 289 tokens (requested 14, diff 1964.3%)
2026-06-01 02:28:44.122 - aiperf.metrics.types.osl_mismatch_metrics - WARNING - OSL mismatch: got 500 tokens (requested 306, diff 63.4%)
2026-06-01 02:28:44.258 - aiperf.metrics.types.osl_mismatch_metrics - WARNING - OSL mismatch: got 426 tokens (requested 129, diff 230.2%)
2026-06-01 02:28:44.259 - aiperf.metrics.types.osl_mismatch_metrics - WARNING - OSL mismatch: got 500 tokens (requested 429, diff 16.6%)
2026-06-01 02:28:44.259 - aiperf.metrics.types.osl_mismatch_metrics - WARNING - OSL mismatch: got 500 tokens (requested 144, diff 247.2%)
2026-06-01 02:28:44.269 - aiperf.metrics.types.osl_mismatch_metrics - WARNING - OSL mismatch: got 500 tokens (requested 290, diff 72.4%)
2026-06-01 02:28:44.309 - aiperf.metrics.types.osl_mismatch_metrics - WARNING - OSL mismatch: got 500 tokens (requested 104, diff 380.8%)
2026-06-01 02:28:44.328 - aiperf.metrics.types.osl_mismatch_metrics - WARNING - OSL mismatch: got 150 tokens (requested 66, diff 127.3%)
2026-06-01 02:28:44.328 - aiperf.metrics.types.osl_mismatch_metrics - WARNING - OSL mismatch: got 130 tokens (requested 16, diff 712.5%)
2026-06-01 02:28:44.359 - aiperf.metrics.types.osl_mismatch_metrics - WARNING - OSL mismatch: got 426 tokens (requested 6, diff 7000.0%)
2026-06-01 02:28:44.561 - aiperf.metrics.types.osl_mismatch_metrics - WARNING - OSL mismatch: got 500 tokens (requested 198, diff 152.5%)
2026-06-01 02:28:44.567 - aiperf.metrics.types.osl_mismatch_metrics - WARNING - OSL mismatch: got 500 tokens (requested 13, diff 3746.2%)
2026-06-01 02:28:44.630 - aiperf.metrics.types.osl_mismatch_metrics - WARNING - OSL mismatch: got 500 tokens (requested 10, diff 4900.0%)
2026-06-01 02:28:44.726 - aiperf.metrics.types.osl_mismatch_metrics - WARNING - OSL mismatch: got 433 tokens (requested 81, diff 434.6%)
2026-06-01 02:28:44.800 - aiperf.metrics.types.osl_mismatch_metrics - WARNING - OSL mismatch: got 310 tokens (requested 95, diff 226.3%)
2026-06-01 02:28:44.800 - aiperf.metrics.types.osl_mismatch_metrics - WARNING - OSL mismatch: got 500 tokens (requested 441, diff 13.4%)
2026-06-01 02:28:44.801 - aiperf.metrics.types.osl_mismatch_metrics - WARNING - OSL mismatch: got 500 tokens (requested 38, diff 1215.8%)
2026-06-01 02:28:44.955 - aiperf.metrics.types.osl_mismatch_metrics - WARNING - OSL mismatch: got 272 tokens (requested 458, diff -40.6%)
2026-06-01 02:28:44.972 - aiperf.metrics.types.osl_mismatch_metrics - WARNING - OSL mismatch: got 500 tokens (requested 790, diff -36.7%)
2026-06-01 02:28:45.059 - aiperf.metrics.types.osl_mismatch_metrics - WARNING - OSL mismatch: got 30 tokens (requested 329, diff -90.9%)
2026-06-01 02:28:45.084 - aiperf.metrics.types.osl_mismatch_metrics - WARNING - OSL mismatch: got 65 tokens (requested 397, diff -83.6%)
2026-06-01 02:28:45.132 - aiperf.metrics.types.osl_mismatch_metrics - WARNING - OSL mismatch: got 500 tokens (requested 364, diff 37.4%)
2026-06-01 02:28:45.143 - aiperf.metrics.types.osl_mismatch_metrics - WARNING - OSL mismatch: got 500 tokens (requested 13, diff 3746.2%)
2026-06-01 02:28:45.201 - aiperf.metrics.types.osl_mismatch_metrics - WARNING - OSL mismatch: got 500 tokens (requested 23, diff 2073.9%)
2026-06-01 02:28:45.272 - aiperf.metrics.types.osl_mismatch_metrics - WARNING - OSL mismatch: got 500 tokens (requested 397, diff 25.9%)
2026-06-01 02:28:45.293 - aiperf.metrics.types.osl_mismatch_metrics - WARNING - OSL mismatch: got 158 tokens (requested 829, diff -80.9%)
2026-06-01 02:28:45.298 - aiperf.metrics.types.osl_mismatch_metrics - WARNING - OSL mismatch: got 500 tokens (requested 21, diff 2281.0%)
2026-06-01 02:28:45.333 - aiperf.metrics.types.osl_mismatch_metrics - WARNING - OSL mismatch: got 500 tokens (requested 370, diff 35.1%)
2026-06-01 02:28:45.395 - aiperf.metrics.types.osl_mismatch_metrics - WARNING - OSL mismatch: got 500 tokens (requested 580, diff -13.8%)
2026-06-01 02:28:45.444 - aiperf.metrics.types.osl_mismatch_metrics - WARNING - OSL mismatch: got 500 tokens (requested 143, diff 249.7%)
2026-06-01 02:28:45.582 - aiperf.metrics.types.osl_mismatch_metrics - WARNING - OSL mismatch: got 500 tokens (requested 338, diff 47.9%)
2026-06-01 02:28:45.583 - aiperf.metrics.types.osl_mismatch_metrics - WARNING - OSL mismatch: got 500 tokens (requested 350, diff 42.9%)
2026-06-01 02:28:45.696 - aiperf.metrics.types.osl_mismatch_metrics - WARNING - OSL mismatch: got 24 tokens (requested 66, diff -63.6%)
2026-06-01 02:28:45.728 - aiperf.metrics.types.osl_mismatch_metrics - WARNING - OSL mismatch: got 500 tokens (requested 35, diff 1328.6%)
2026-06-01 02:28:45.736 - aiperf.metrics.types.osl_mismatch_metrics - WARNING - OSL mismatch: got 138 tokens (requested 23, diff 500.0%)
2026-06-01 02:28:45.748 - aiperf.metrics.types.osl_mismatch_metrics - WARNING - OSL mismatch: got 274 tokens (requested 216, diff 26.9%)
2026-06-01 02:28:45.875 - aiperf.metrics.types.osl_mismatch_metrics - WARNING - OSL mismatch: got 500 tokens (requested 174, diff 187.4%)
2026-06-01 02:28:45.947 - aiperf.metrics.types.osl_mismatch_metrics - WARNING - OSL mismatch: got 500 tokens (requested 389, diff 28.5%)
2026-06-01 02:28:45.952 - aiperf.metrics.types.osl_mismatch_metrics - WARNING - OSL mismatch: got 44 tokens (requested 9, diff 388.9%)
2026-06-01 02:28:46.130 - aiperf.metrics.types.osl_mismatch_metrics - WARNING - OSL mismatch: got 500 tokens (requested 465, diff 7.5%)
2026-06-01 02:28:46.144 - aiperf.metrics.types.osl_mismatch_metrics - WARNING - OSL mismatch: got 500 tokens (requested 64, diff 681.2%)
2026-06-01 02:28:46.186 - aiperf.metrics.types.osl_mismatch_metrics - WARNING - OSL mismatch: got 107 tokens (requested 98, diff 9.2%)
2026-06-01 02:28:46.223 - aiperf.metrics.types.osl_mismatch_metrics - WARNING - OSL mismatch: got 192 tokens (requested 23, diff 734.8%)
2026-06-01 02:28:46.228 - aiperf.metrics.types.osl_mismatch_metrics - WARNING - OSL mismatch: got 500 tokens (requested 13, diff 3746.2%)
2026-06-01 02:28:46.297 - aiperf.metrics.types.osl_mismatch_metrics - WARNING - OSL mismatch: got 289 tokens (requested 45, diff 542.2%)
2026-06-01 02:28:46.301 - aiperf.metrics.types.osl_mismatch_metrics - WARNING - OSL mismatch: got 500 tokens (requested 74, diff 575.7%)
2026-06-01 02:28:46.304 - aiperf.metrics.types.osl_mismatch_metrics - WARNING - OSL mismatch: got 500 tokens (requested 10, diff 4900.0%)
2026-06-01 02:28:46.311 - aiperf.metrics.types.osl_mismatch_metrics - WARNING - OSL mismatch: got 376 tokens (requested 216, diff 74.1%)
2026-06-01 02:28:46.412 - aiperf.metrics.types.osl_mismatch_metrics - WARNING - OSL mismatch: got 500 tokens (requested 5, diff 9900.0%)
2026-06-01 02:28:46.508 - aiperf.metrics.types.osl_mismatch_metrics - WARNING - OSL mismatch: got 500 tokens (requested 68, diff 635.3%)
2026-06-01 02:28:46.517 - aiperf.metrics.types.osl_mismatch_metrics - WARNING - OSL mismatch: got 300 tokens (requested 14, diff 2042.9%)
2026-06-01 02:28:46.693 - aiperf.metrics.types.osl_mismatch_metrics - WARNING - OSL mismatch: got 500 tokens (requested 371, diff 34.8%)
2026-06-01 02:28:46.802 - aiperf.metrics.types.osl_mismatch_metrics - WARNING - OSL mismatch: got 353 tokens (requested 265, diff 33.2%)
2026-06-01 02:28:46.852 - aiperf.metrics.types.osl_mismatch_metrics - WARNING - OSL mismatch: got 500 tokens (requested 4, diff 12400.0%)
2026-06-01 02:28:46.886 - aiperf.metrics.types.osl_mismatch_metrics - WARNING - OSL mismatch: got 50 tokens (requested 37, diff 35.1%)
2026-06-01 02:28:46.965 - aiperf.metrics.types.osl_mismatch_metrics - WARNING - OSL mismatch: got 500 tokens (requested 291, diff 71.8%)
2026-06-01 02:28:47.112 - aiperf.metrics.types.osl_mismatch_metrics - WARNING - OSL mismatch: got 500 tokens (requested 593, diff -15.7%)
2026-06-01 02:28:47.123 - aiperf.metrics.types.osl_mismatch_metrics - WARNING - OSL mismatch: got 257 tokens (requested 8, diff 3112.5%)
2026-06-01 02:28:47.127 - aiperf.metrics.types.osl_mismatch_metrics - WARNING - OSL mismatch: got 500 tokens (requested 414, diff 20.8%)
2026-06-01 02:28:47.138 - aiperf.metrics.types.osl_mismatch_metrics - WARNING - OSL mismatch: got 500 tokens (requested 259, diff 93.1%)
2026-06-01 02:28:47.236 - aiperf.metrics.types.osl_mismatch_metrics - WARNING - OSL mismatch: got 500 tokens (requested 12, diff 4066.7%)
2026-06-01 02:28:47.318 - aiperf.metrics.types.osl_mismatch_metrics - WARNING - OSL mismatch: got 263 tokens (requested 113, diff 132.7%)
2026-06-01 02:28:47.590 - aiperf.metrics.types.osl_mismatch_metrics - WARNING - OSL mismatch: got 500 tokens (requested 201, diff 148.8%)
2026-06-01 02:28:47.849 - aiperf.metrics.types.osl_mismatch_metrics - WARNING - OSL mismatch: got 500 tokens (requested 195, diff 156.4%)
2026-06-01 02:28:48.127 - aiperf.metrics.types.osl_mismatch_metrics - WARNING - OSL mismatch: got 500 tokens (requested 4, diff 12400.0%)
2026-06-01 02:28:48.244 - aiperf.metrics.types.osl_mismatch_metrics - WARNING - OSL mismatch: got 51 tokens (requested 9, diff 466.7%)
2026-06-01 02:28:48.362 - aiperf.metrics.types.osl_mismatch_metrics - WARNING - OSL mismatch: got 500 tokens (requested 358, diff 39.7%)
2026-06-01 02:28:48.635 - aiperf.metrics.types.osl_mismatch_metrics - WARNING - OSL mismatch: got 500 tokens (requested 206, diff 142.7%)
2026-06-01 02:28:48.865 - aiperf.metrics.types.osl_mismatch_metrics - WARNING - OSL mismatch: got 170 tokens (requested 37, diff 359.5%)
2026-06-01 02:28:48.921 - aiperf.metrics.types.osl_mismatch_metrics - WARNING - OSL mismatch: got 500 tokens (requested 157, diff 218.5%)
2026-06-01 02:28:48.967 - aiperf.metrics.types.osl_mismatch_metrics - WARNING - OSL mismatch: got 441 tokens (requested 296, diff 49.0%)
2026-06-01 02:28:49.007 - aiperf.metrics.types.osl_mismatch_metrics - WARNING - OSL mismatch: got 500 tokens (requested 327, diff 52.9%)
2026-06-01 02:28:49.011 - aiperf.metrics.types.osl_mismatch_metrics - WARNING - OSL mismatch: got 500 tokens (requested 315, diff 58.7%)
2026-06-01 02:28:49.069 - aiperf.metrics.types.osl_mismatch_metrics - WARNING - OSL mismatch: got 500 tokens (requested 126, diff 296.8%)
2026-06-01 02:28:49.213 - aiperf.metrics.types.osl_mismatch_metrics - WARNING - OSL mismatch: got 127 tokens (requested 184, diff -31.0%)
2026-06-01 02:28:49.371 - aiperf.metrics.types.osl_mismatch_metrics - WARNING - OSL mismatch: got 500 tokens (requested 27, diff 1751.9%)
2026-06-01 02:28:49.404 - aiperf.metrics.types.osl_mismatch_metrics - WARNING - OSL mismatch: got 346 tokens (requested 23, diff 1404.3%)
2026-06-01 02:28:49.435 - aiperf.metrics.types.osl_mismatch_metrics - WARNING - OSL mismatch: got 500 tokens (requested 415, diff 20.5%)
2026-06-01 02:28:49.484 - aiperf.metrics.types.osl_mismatch_metrics - WARNING - OSL mismatch: got 500 tokens (requested 5, diff 9900.0%)
2026-06-01 02:28:49.497 - aiperf.metrics.types.osl_mismatch_metrics - WARNING - OSL mismatch: got 500 tokens (requested 446, diff 12.1%)
2026-06-01 02:28:49.511 - aiperf.metrics.types.osl_mismatch_metrics - WARNING - OSL mismatch: got 500 tokens (requested 6, diff 8233.3%)
2026-06-01 02:28:49.532 - aiperf.metrics.types.osl_mismatch_metrics - WARNING - OSL mismatch: got 500 tokens (requested 452, diff 10.6%)
2026-06-01 02:28:49.548 - aiperf.metrics.types.osl_mismatch_metrics - WARNING - OSL mismatch: got 500 tokens (requested 25, diff 1900.0%)
2026-06-01 02:28:49.558 - aiperf.metrics.types.osl_mismatch_metrics - WARNING - OSL mismatch: got 500 tokens (requested 268, diff 86.6%)
2026-06-01 02:28:49.572 - aiperf.metrics.types.osl_mismatch_metrics - WARNING - OSL mismatch: got 500 tokens (requested 98, diff 410.2%)
2026-06-01 02:28:49.595 - aiperf.metrics.types.osl_mismatch_metrics - WARNING - OSL mismatch: got 500 tokens (requested 264, diff 89.4%)
2026-06-01 02:28:49.669 - aiperf.metrics.types.osl_mismatch_metrics - WARNING - OSL mismatch: got 500 tokens (requested 12, diff 4066.7%)
2026-06-01 02:28:49.780 - aiperf.metrics.types.osl_mismatch_metrics - WARNING - OSL mismatch: got 500 tokens (requested 4, diff 12400.0%)
2026-06-01 02:28:49.807 - aiperf.metrics.types.osl_mismatch_metrics - WARNING - OSL mismatch: got 500 tokens (requested 195, diff 156.4%)
2026-06-01 02:28:49.823 - aiperf.metrics.types.osl_mismatch_metrics - WARNING - OSL mismatch: got 500 tokens (requested 344, diff 45.3%)
2026-06-01 02:28:49.830 - aiperf.metrics.types.osl_mismatch_metrics - WARNING - OSL mismatch: got 222 tokens (requested 35, diff 534.3%)
2026-06-01 02:28:49.972 - aiperf.metrics.types.osl_mismatch_metrics - WARNING - OSL mismatch: got 500 tokens (requested 235, diff 112.8%)
2026-06-01 02:28:49.974 - aiperf.metrics.types.osl_mismatch_metrics - WARNING - OSL mismatch: got 500 tokens (requested 41, diff 1119.5%)
2026-06-01 02:28:49.979 - aiperf.metrics.types.osl_mismatch_metrics - WARNING - OSL mismatch: got 118 tokens (requested 133, diff -11.3%)
2026-06-01 02:28:49.996 - aiperf.metrics.types.osl_mismatch_metrics - WARNING - OSL mismatch: got 500 tokens (requested 801, diff -37.6%)
2026-06-01 02:28:50.041 - aiperf.metrics.types.osl_mismatch_metrics - WARNING - OSL mismatch: got 123 tokens (requested 50, diff 146.0%)
2026-06-01 02:28:50.051 - aiperf.metrics.types.osl_mismatch_metrics - WARNING - OSL mismatch: got 50 tokens (requested 26, diff 92.3%)
2026-06-01 02:28:50.057 - aiperf.metrics.types.osl_mismatch_metrics - WARNING - OSL mismatch: got 500 tokens (requested 218, diff 129.4%)
2026-06-01 02:28:50.058 - aiperf.metrics.types.osl_mismatch_metrics - WARNING - OSL mismatch: got 500 tokens (requested 227, diff 120.3%)
2026-06-01 02:28:50.060 - aiperf.metrics.types.osl_mismatch_metrics - WARNING - OSL mismatch: got 500 tokens (requested 113, diff 342.5%)
2026-06-01 02:28:50.082 - aiperf.metrics.types.osl_mismatch_metrics - WARNING - OSL mismatch: got 500 tokens (requested 527, diff -5.1%)
2026-06-01 02:28:50.168 - aiperf.metrics.types.osl_mismatch_metrics - WARNING - OSL mismatch: got 500 tokens (requested 128, diff 290.6%)
2026-06-01 02:28:50.217 - aiperf.metrics.types.osl_mismatch_metrics - WARNING - OSL mismatch: got 500 tokens (requested 10, diff 4900.0%)
2026-06-01 02:28:50.279 - aiperf.metrics.types.osl_mismatch_metrics - WARNING - OSL mismatch: got 500 tokens (requested 358, diff 39.7%)
2026-06-01 02:28:50.297 - aiperf.metrics.types.osl_mismatch_metrics - WARNING - OSL mismatch: got 66 tokens (requested 169, diff -60.9%)
2026-06-01 02:28:50.467 - aiperf.metrics.types.osl_mismatch_metrics - WARNING - OSL mismatch: got 500 tokens (requested 249, diff 100.8%)
2026-06-01 02:28:50.502 - aiperf.metrics.types.osl_mismatch_metrics - WARNING - OSL mismatch: got 500 tokens (requested 23, diff 2073.9%)
2026-06-01 02:28:50.607 - aiperf.metrics.types.osl_mismatch_metrics - WARNING - OSL mismatch: got 500 tokens (requested 777, diff -35.6%)
2026-06-01 02:28:50.625 - aiperf.metrics.types.osl_mismatch_metrics - WARNING - OSL mismatch: got 500 tokens (requested 59, diff 747.5%)
2026-06-01 02:28:50.635 - aiperf.metrics.types.osl_mismatch_metrics - WARNING - OSL mismatch: got 500 tokens (requested 568, diff -12.0%)
2026-06-01 02:28:50.635 - aiperf.metrics.types.osl_mismatch_metrics - WARNING - OSL mismatch: got 500 tokens (requested 163, diff 206.7%)
2026-06-01 02:28:50.646 - aiperf.metrics.types.osl_mismatch_metrics - WARNING - OSL mismatch: got 500 tokens (requested 289, diff 73.0%)
2026-06-01 02:28:50.647 - aiperf.metrics.types.osl_mismatch_metrics - WARNING - OSL mismatch: got 500 tokens (requested 4, diff 12400.0%)
2026-06-01 02:28:50.663 - aiperf.metrics.types.osl_mismatch_metrics - WARNING - OSL mismatch: got 1 tokens (requested 5, diff -80.0%)
2026-06-01 02:28:50.667 - aiperf.metrics.types.osl_mismatch_metrics - WARNING - OSL mismatch: got 500 tokens (requested 12, diff 4066.7%)
2026-06-01 02:28:50.682 - aiperf.metrics.types.osl_mismatch_metrics - WARNING - OSL mismatch: got 500 tokens (requested 334, diff 49.7%)
2026-06-01 02:28:50.732 - aiperf.metrics.types.osl_mismatch_metrics - WARNING - OSL mismatch: got 500 tokens (requested 23, diff 2073.9%)
2026-06-01 02:28:50.732 - aiperf.metrics.types.osl_mismatch_metrics - WARNING - OSL mismatch: got 500 tokens (requested 128, diff 290.6%)
2026-06-01 02:28:50.795 - aiperf.metrics.types.osl_mismatch_metrics - WARNING - OSL mismatch: got 500 tokens (requested 149, diff 235.6%)
2026-06-01 02:28:50.796 - aiperf.metrics.types.osl_mismatch_metrics - WARNING - OSL mismatch: got 500 tokens (requested 32, diff 1462.5%)
2026-06-01 02:28:50.832 - aiperf.metrics.types.osl_mismatch_metrics - WARNING - OSL mismatch: got 500 tokens (requested 375, diff 33.3%)
2026-06-01 02:28:50.846 - aiperf.metrics.types.osl_mismatch_metrics - WARNING - OSL mismatch: got 500 tokens (requested 36, diff 1288.9%)
2026-06-01 02:28:50.980 - aiperf.metrics.types.osl_mismatch_metrics - WARNING - OSL mismatch: got 500 tokens (requested 338, diff 47.9%)
2026-06-01 02:28:51.000 - aiperf.metrics.types.osl_mismatch_metrics - WARNING - OSL mismatch: got 500 tokens (requested 309, diff 61.8%)
2026-06-01 02:28:51.007 - aiperf.metrics.types.osl_mismatch_metrics - WARNING - OSL mismatch: got 101 tokens (requested 36, diff 180.6%)
2026-06-01 02:28:51.059 - aiperf.metrics.types.osl_mismatch_metrics - WARNING - OSL mismatch: got 197 tokens (requested 159, diff 23.9%)
2026-06-01 02:28:51.148 - aiperf.metrics.types.osl_mismatch_metrics - WARNING - OSL mismatch: got 500 tokens (requested 547, diff -8.6%)
2026-06-01 02:28:51.175 - aiperf.metrics.types.osl_mismatch_metrics - WARNING - OSL mismatch: got 500 tokens (requested 783, diff -36.1%)
2026-06-01 02:28:51.187 - aiperf.metrics.types.osl_mismatch_metrics - WARNING - OSL mismatch: got 500 tokens (requested 382, diff 30.9%)
2026-06-01 02:28:51.196 - aiperf.metrics.types.osl_mismatch_metrics - WARNING - OSL mismatch: got 500 tokens (requested 58, diff 762.1%)
2026-06-01 02:28:51.335 - aiperf.metrics.types.osl_mismatch_metrics - WARNING - OSL mismatch: got 500 tokens (requested 13, diff 3746.2%)
2026-06-01 02:28:51.424 - aiperf.metrics.types.osl_mismatch_metrics - WARNING - OSL mismatch: got 500 tokens (requested 173, diff 189.0%)
2026-06-01 02:28:51.424 - aiperf.metrics.types.osl_mismatch_metrics - WARNING - OSL mismatch: got 500 tokens (requested 68, diff 635.3%)
2026-06-01 02:28:51.426 - aiperf.metrics.types.osl_mismatch_metrics - WARNING - OSL mismatch: got 500 tokens (requested 18, diff 2677.8%)
2026-06-01 02:28:51.434 - aiperf.metrics.types.osl_mismatch_metrics - WARNING - OSL mismatch: got 500 tokens (requested 237, diff 111.0%)
2026-06-01 02:28:51.436 - aiperf.metrics.types.osl_mismatch_metrics - WARNING - OSL mismatch: got 500 tokens (requested 37, diff 1251.4%)
2026-06-01 02:28:51.532 - aiperf.metrics.types.osl_mismatch_metrics - WARNING - OSL mismatch: got 500 tokens (requested 24, diff 1983.3%)
2026-06-01 02:28:51.568 - aiperf.metrics.types.osl_mismatch_metrics - WARNING - OSL mismatch: got 500 tokens (requested 41, diff 1119.5%)
2026-06-01 02:28:51.643 - aiperf.metrics.types.osl_mismatch_metrics - WARNING - OSL mismatch: got 500 tokens (requested 13, diff 3746.2%)
2026-06-01 02:28:51.767 - aiperf.metrics.types.osl_mismatch_metrics - WARNING - OSL mismatch: got 500 tokens (requested 140, diff 257.1%)
2026-06-01 02:28:51.768 - aiperf.metrics.types.osl_mismatch_metrics - WARNING - OSL mismatch: got 500 tokens (requested 23, diff 2073.9%)
2026-06-01 02:28:51.841 - aiperf.metrics.types.osl_mismatch_metrics - WARNING - OSL mismatch: got 500 tokens (requested 122, diff 309.8%)
2026-06-01 02:28:52.012 - aiperf.metrics.types.osl_mismatch_metrics - WARNING - OSL mismatch: got 500 tokens (requested 221, diff 126.2%)
2026-06-01 02:28:52.074 - aiperf.metrics.types.osl_mismatch_metrics - WARNING - OSL mismatch: got 500 tokens (requested 379, diff 31.9%)
2026-06-01 02:28:52.284 - aiperf.metrics.types.osl_mismatch_metrics - WARNING - OSL mismatch: got 500 tokens (requested 590, diff -15.3%)
2026-06-01 02:28:52.368 - aiperf.metrics.types.osl_mismatch_metrics - WARNING - OSL mismatch: got 373 tokens (requested 90, diff 314.4%)
2026-06-01 02:28:52.394 - aiperf.metrics.types.osl_mismatch_metrics - WARNING - OSL mismatch: got 500 tokens (requested 28, diff 1685.7%)
2026-06-01 02:28:52.446 - aiperf.metrics.types.osl_mismatch_metrics - WARNING - OSL mismatch: got 500 tokens (requested 4, diff 12400.0%)
2026-06-01 02:28:52.506 - aiperf.metrics.types.osl_mismatch_metrics - WARNING - OSL mismatch: got 500 tokens (requested 37, diff 1251.4%)
2026-06-01 02:28:52.569 - aiperf.metrics.types.osl_mismatch_metrics - WARNING - OSL mismatch: got 500 tokens (requested 16, diff 3025.0%)
2026-06-01 02:28:52.691 - aiperf.metrics.types.osl_mismatch_metrics - WARNING - OSL mismatch: got 452 tokens (requested 11, diff 4009.1%)
2026-06-01 02:28:52.704 - aiperf.metrics.types.osl_mismatch_metrics - WARNING - OSL mismatch: got 500 tokens (requested 416, diff 20.2%)
2026-06-01 02:28:52.728 - aiperf.metrics.types.osl_mismatch_metrics - WARNING - OSL mismatch: got 500 tokens (requested 753, diff -33.6%)
2026-06-01 02:28:52.825 - aiperf.metrics.types.osl_mismatch_metrics - WARNING - OSL mismatch: got 467 tokens (requested 25, diff 1768.0%)
2026-06-01 02:28:52.963 - aiperf.metrics.types.osl_mismatch_metrics - WARNING - OSL mismatch: got 500 tokens (requested 20, diff 2400.0%)
2026-06-01 02:28:52.989 - aiperf.metrics.types.osl_mismatch_metrics - WARNING - OSL mismatch: got 500 tokens (requested 339, diff 47.5%)
2026-06-01 02:28:52.989 - aiperf.metrics.types.osl_mismatch_metrics - WARNING - OSL mismatch: got 500 tokens (requested 321, diff 55.8%)
2026-06-01 02:28:53.292 - aiperf.metrics.types.osl_mismatch_metrics - WARNING - OSL mismatch: got 183 tokens (requested 30, diff 510.0%)
2026-06-01 02:28:53.310 - aiperf.metrics.types.osl_mismatch_metrics - WARNING - OSL mismatch: got 500 tokens (requested 8, diff 6150.0%)
2026-06-01 02:28:53.320 - aiperf.metrics.types.osl_mismatch_metrics - WARNING - OSL mismatch: got 500 tokens (requested 268, diff 86.6%)
2026-06-01 02:28:53.357 - aiperf.metrics.types.osl_mismatch_metrics - WARNING - OSL mismatch: got 500 tokens (requested 26, diff 1823.1%)
2026-06-01 02:28:53.382 - aiperf.metrics.types.osl_mismatch_metrics - WARNING - OSL mismatch: got 500 tokens (requested 328, diff 52.4%)
2026-06-01 02:28:53.408 - aiperf.metrics.types.osl_mismatch_metrics - WARNING - OSL mismatch: got 500 tokens (requested 340, diff 47.1%)
2026-06-01 02:28:53.457 - aiperf.metrics.types.osl_mismatch_metrics - WARNING - OSL mismatch: got 500 tokens (requested 212, diff 135.8%)
2026-06-01 02:28:53.507 - aiperf.metrics.types.osl_mismatch_metrics - WARNING - OSL mismatch: got 500 tokens (requested 26, diff 1823.1%)
2026-06-01 02:28:53.517 - aiperf.metrics.types.osl_mismatch_metrics - WARNING - OSL mismatch: got 500 tokens (requested 360, diff 38.9%)
2026-06-01 02:28:53.640 - aiperf.metrics.types.osl_mismatch_metrics - WARNING - OSL mismatch: got 500 tokens (requested 235, diff 112.8%)
2026-06-01 02:28:53.846 - aiperf.metrics.types.osl_mismatch_metrics - WARNING - OSL mismatch: got 500 tokens (requested 79, diff 532.9%)
2026-06-01 02:28:53.920 - aiperf.metrics.types.osl_mismatch_metrics - WARNING - OSL mismatch: got 499 tokens (requested 163, diff 206.1%)
2026-06-01 02:28:53.930 - aiperf.metrics.types.osl_mismatch_metrics - WARNING - OSL mismatch: got 500 tokens (requested 754, diff -33.7%)
2026-06-01 02:28:53.991 - aiperf.metrics.types.osl_mismatch_metrics - WARNING - OSL mismatch: got 239 tokens (requested 61, diff 291.8%)
2026-06-01 02:28:54.058 - aiperf.metrics.types.osl_mismatch_metrics - WARNING - OSL mismatch: got 500 tokens (requested 124, diff 303.2%)
2026-06-01 02:28:54.102 - aiperf.metrics.types.osl_mismatch_metrics - WARNING - OSL mismatch: got 185 tokens (requested 101, diff 83.2%)
2026-06-01 02:28:54.126 - aiperf.metrics.types.osl_mismatch_metrics - WARNING - OSL mismatch: got 102 tokens (requested 134, diff -23.9%)
2026-06-01 02:28:54.144 - aiperf.metrics.types.osl_mismatch_metrics - WARNING - OSL mismatch: got 500 tokens (requested 315, diff 58.7%)
2026-06-01 02:28:54.200 - aiperf.metrics.types.osl_mismatch_metrics - WARNING - OSL mismatch: got 150 tokens (requested 60, diff 150.0%)
2026-06-01 02:28:54.205 - aiperf.metrics.types.osl_mismatch_metrics - WARNING - OSL mismatch: got 439 tokens (requested 25, diff 1656.0%)
2026-06-01 02:28:54.241 - aiperf.metrics.types.osl_mismatch_metrics - WARNING - OSL mismatch: got 500 tokens (requested 6, diff 8233.3%)
2026-06-01 02:28:54.316 - aiperf.metrics.types.osl_mismatch_metrics - WARNING - OSL mismatch: got 500 tokens (requested 13, diff 3746.2%)
2026-06-01 02:28:54.318 - aiperf.metrics.types.osl_mismatch_metrics - WARNING - OSL mismatch: got 500 tokens (requested 22, diff 2172.7%)
2026-06-01 02:28:54.497 - aiperf.metrics.types.osl_mismatch_metrics - WARNING - OSL mismatch: got 500 tokens (requested 17, diff 2841.2%)
2026-06-01 02:28:54.510 - aiperf.metrics.types.osl_mismatch_metrics - WARNING - OSL mismatch: got 494 tokens (requested 255, diff 93.7%)
2026-06-01 02:28:54.543 - aiperf.metrics.types.osl_mismatch_metrics - WARNING - OSL mismatch: got 243 tokens (requested 52, diff 367.3%)
2026-06-01 02:28:54.545 - aiperf.metrics.types.osl_mismatch_metrics - WARNING - OSL mismatch: got 500 tokens (requested 292, diff 71.2%)
2026-06-01 02:28:54.633 - aiperf.metrics.types.osl_mismatch_metrics - WARNING - OSL mismatch: got 500 tokens (requested 760, diff -34.2%)
2026-06-01 02:28:54.633 - aiperf.metrics.types.osl_mismatch_metrics - WARNING - OSL mismatch: got 500 tokens (requested 340, diff 47.1%)
2026-06-01 02:28:54.633 - aiperf.metrics.types.osl_mismatch_metrics - WARNING - OSL mismatch: got 500 tokens (requested 13, diff 3746.2%)
2026-06-01 02:28:54.646 - aiperf.metrics.types.osl_mismatch_metrics - WARNING - OSL mismatch: got 500 tokens (requested 5, diff 9900.0%)
2026-06-01 02:28:54.646 - aiperf.metrics.types.osl_mismatch_metrics - WARNING - OSL mismatch: got 500 tokens (requested 261, diff 91.6%)
2026-06-01 02:28:54.646 - aiperf.metrics.types.osl_mismatch_metrics - WARNING - OSL mismatch: got 500 tokens (requested 85, diff 488.2%)
2026-06-01 02:28:54.707 - aiperf.metrics.types.osl_mismatch_metrics - WARNING - OSL mismatch: got 500 tokens (requested 28, diff 1685.7%)
2026-06-01 02:28:54.714 - aiperf.metrics.types.osl_mismatch_metrics - WARNING - OSL mismatch: got 99 tokens (requested 154, diff -35.7%)
2026-06-01 02:28:54.730 - aiperf.metrics.types.osl_mismatch_metrics - WARNING - OSL mismatch: got 498 tokens (requested 597, diff -16.6%)
2026-06-01 02:28:54.755 - aiperf.metrics.types.osl_mismatch_metrics - WARNING - OSL mismatch: got 500 tokens (requested 383, diff 30.5%)
2026-06-01 02:28:54.794 - aiperf.metrics.types.osl_mismatch_metrics - WARNING - OSL mismatch: got 500 tokens (requested 27, diff 1751.9%)
2026-06-01 02:28:54.953 - aiperf.metrics.types.osl_mismatch_metrics - WARNING - OSL mismatch: got 500 tokens (requested 348, diff 43.7%)
2026-06-01 02:28:54.960 - aiperf.metrics.types.osl_mismatch_metrics - WARNING - OSL mismatch: got 23 tokens (requested 25, diff -8.0%)
2026-06-01 02:28:55.042 - aiperf.metrics.types.osl_mismatch_metrics - WARNING - OSL mismatch: got 500 tokens (requested 561, diff -10.9%)
2026-06-01 02:28:55.044 - aiperf.metrics.types.osl_mismatch_metrics - WARNING - OSL mismatch: got 500 tokens (requested 21, diff 2281.0%)
2026-06-01 02:28:55.091 - aiperf.metrics.types.osl_mismatch_metrics - WARNING - OSL mismatch: got 500 tokens (requested 12, diff 4066.7%)
2026-06-01 02:28:55.234 - aiperf.metrics.types.osl_mismatch_metrics - WARNING - OSL mismatch: got 332 tokens (requested 217, diff 53.0%)
2026-06-01 02:28:55.346 - aiperf.metrics.types.osl_mismatch_metrics - WARNING - OSL mismatch: got 500 tokens (requested 232, diff 115.5%)
2026-06-01 02:28:55.365 - aiperf.metrics.types.osl_mismatch_metrics - WARNING - OSL mismatch: got 21 tokens (requested 296, diff -92.9%)
2026-06-01 02:28:55.404 - aiperf.metrics.types.osl_mismatch_metrics - WARNING - OSL mismatch: got 212 tokens (requested 12, diff 1666.7%)
2026-06-01 02:28:55.469 - aiperf.metrics.types.osl_mismatch_metrics - WARNING - OSL mismatch: got 500 tokens (requested 199, diff 151.3%)
2026-06-01 02:28:55.519 - aiperf.metrics.types.osl_mismatch_metrics - WARNING - OSL mismatch: got 501 tokens (requested 67, diff 647.8%)
2026-06-01 02:28:55.545 - aiperf.metrics.types.osl_mismatch_metrics - WARNING - OSL mismatch: got 500 tokens (requested 101, diff 395.0%)
2026-06-01 02:28:55.642 - aiperf.metrics.types.osl_mismatch_metrics - WARNING - OSL mismatch: got 500 tokens (requested 295, diff 69.5%)
2026-06-01 02:28:55.784 - aiperf.metrics.types.osl_mismatch_metrics - WARNING - OSL mismatch: got 477 tokens (requested 134, diff 256.0%)
2026-06-01 02:28:55.857 - aiperf.metrics.types.osl_mismatch_metrics - WARNING - OSL mismatch: got 337 tokens (requested 103, diff 227.2%)
2026-06-01 02:28:55.882 - aiperf.metrics.types.osl_mismatch_metrics - WARNING - OSL mismatch: got 500 tokens (requested 95, diff 426.3%)
2026-06-01 02:28:55.888 - aiperf.metrics.types.osl_mismatch_metrics - WARNING - OSL mismatch: got 47 tokens (requested 5, diff 840.0%)
2026-06-01 02:28:55.905 - aiperf.metrics.types.osl_mismatch_metrics - WARNING - OSL mismatch: got 500 tokens (requested 16, diff 3025.0%)
2026-06-01 02:28:55.992 - aiperf.metrics.types.osl_mismatch_metrics - WARNING - OSL mismatch: got 500 tokens (requested 29, diff 1624.1%)
2026-06-01 02:28:56.011 - aiperf.metrics.types.osl_mismatch_metrics - WARNING - OSL mismatch: got 106 tokens (requested 72, diff 47.2%)
2026-06-01 02:28:56.226 - aiperf.metrics.types.osl_mismatch_metrics - WARNING - OSL mismatch: got 500 tokens (requested 838, diff -40.3%)
2026-06-01 02:28:56.372 - aiperf.metrics.types.osl_mismatch_metrics - WARNING - OSL mismatch: got 500 tokens (requested 9, diff 5455.6%)
2026-06-01 02:28:56.384 - aiperf.metrics.types.osl_mismatch_metrics - WARNING - OSL mismatch: got 500 tokens (requested 60, diff 733.3%)
2026-06-01 02:28:56.421 - aiperf.metrics.types.osl_mismatch_metrics - WARNING - OSL mismatch: got 500 tokens (requested 701, diff -28.7%)
2026-06-01 02:28:56.436 - aiperf.metrics.types.osl_mismatch_metrics - WARNING - OSL mismatch: got 500 tokens (requested 44, diff 1036.4%)
2026-06-01 02:28:56.456 - aiperf.metrics.types.osl_mismatch_metrics - WARNING - OSL mismatch: got 378 tokens (requested 11, diff 3336.4%)
2026-06-01 02:28:56.466 - aiperf.metrics.types.osl_mismatch_metrics - WARNING - OSL mismatch: got 108 tokens (requested 28, diff 285.7%)
2026-06-01 02:28:56.590 - aiperf.metrics.types.osl_mismatch_metrics - WARNING - OSL mismatch: got 500 tokens (requested 131, diff 281.7%)
2026-06-01 02:28:56.606 - aiperf.metrics.types.osl_mismatch_metrics - WARNING - OSL mismatch: got 286 tokens (requested 264, diff 8.3%)
2026-06-01 02:28:56.677 - aiperf.metrics.types.osl_mismatch_metrics - WARNING - OSL mismatch: got 278 tokens (requested 42, diff 561.9%)
2026-06-01 02:28:56.795 - aiperf.metrics.types.osl_mismatch_metrics - WARNING - OSL mismatch: got 500 tokens (requested 14, diff 3471.4%)
2026-06-01 02:28:56.843 - aiperf.metrics.types.osl_mismatch_metrics - WARNING - OSL mismatch: got 500 tokens (requested 767, diff -34.8%)
2026-06-01 02:28:56.855 - aiperf.metrics.types.osl_mismatch_metrics - WARNING - OSL mismatch: got 500 tokens (requested 409, diff 22.2%)
2026-06-01 02:28:56.891 - aiperf.metrics.types.osl_mismatch_metrics - WARNING - OSL mismatch: got 500 tokens (requested 169, diff 195.9%)
2026-06-01 02:28:57.008 - aiperf.metrics.types.osl_mismatch_metrics - WARNING - OSL mismatch: got 500 tokens (requested 470, diff 6.4%)
2026-06-01 02:28:57.069 - aiperf.metrics.types.osl_mismatch_metrics - WARNING - OSL mismatch: got 498 tokens (requested 750, diff -33.6%)
2026-06-01 02:28:57.194 - aiperf.metrics.types.osl_mismatch_metrics - WARNING - OSL mismatch: got 500 tokens (requested 735, diff -32.0%)
2026-06-01 02:28:57.208 - aiperf.metrics.types.osl_mismatch_metrics - WARNING - OSL mismatch: got 500 tokens (requested 7, diff 7042.9%)
2026-06-01 02:28:57.222 - aiperf.metrics.types.osl_mismatch_metrics - WARNING - OSL mismatch: got 500 tokens (requested 358, diff 39.7%)
2026-06-01 02:28:57.222 - aiperf.metrics.types.osl_mismatch_metrics - WARNING - OSL mismatch: got 500 tokens (requested 242, diff 106.6%)
2026-06-01 02:28:57.222 - aiperf.metrics.types.osl_mismatch_metrics - WARNING - OSL mismatch: got 500 tokens (requested 345, diff 44.9%)
2026-06-01 02:28:57.258 - aiperf.metrics.types.osl_mismatch_metrics - WARNING - OSL mismatch: got 500 tokens (requested 297, diff 68.4%)
2026-06-01 02:28:57.258 - aiperf.metrics.types.osl_mismatch_metrics - WARNING - OSL mismatch: got 500 tokens (requested 1494, diff -66.5%)
2026-06-01 02:28:57.394 - aiperf.metrics.types.osl_mismatch_metrics - WARNING - OSL mismatch: got 500 tokens (requested 10, diff 4900.0%)
2026-06-01 02:28:57.395 - aiperf.metrics.types.osl_mismatch_metrics - WARNING - OSL mismatch: got 500 tokens (requested 133, diff 275.9%)
2026-06-01 02:28:57.423 - aiperf.metrics.types.osl_mismatch_metrics - WARNING - OSL mismatch: got 109 tokens (requested 53, diff 105.7%)
2026-06-01 02:28:57.478 - aiperf.metrics.types.osl_mismatch_metrics - WARNING - OSL mismatch: got 500 tokens (requested 321, diff 55.8%)
2026-06-01 02:28:57.591 - aiperf.metrics.types.osl_mismatch_metrics - WARNING - OSL mismatch: got 500 tokens (requested 430, diff 16.3%)
2026-06-01 02:28:57.614 - aiperf.metrics.types.osl_mismatch_metrics - WARNING - OSL mismatch: got 500 tokens (requested 351, diff 42.5%)
2026-06-01 02:28:57.713 - aiperf.metrics.types.osl_mismatch_metrics - WARNING - OSL mismatch: got 500 tokens (requested 25, diff 1900.0%)
2026-06-01 02:28:57.740 - aiperf.metrics.types.osl_mismatch_metrics - WARNING - OSL mismatch: got 500 tokens (requested 673, diff -25.7%)
2026-06-01 02:28:57.848 - aiperf.metrics.types.osl_mismatch_metrics - WARNING - OSL mismatch: got 500 tokens (requested 255, diff 96.1%)
2026-06-01 02:28:57.935 - aiperf.metrics.types.osl_mismatch_metrics - WARNING - OSL mismatch: got 500 tokens (requested 436, diff 14.7%)
2026-06-01 02:28:58.159 - aiperf.metrics.types.osl_mismatch_metrics - WARNING - OSL mismatch: got 307 tokens (requested 178, diff 72.5%)
2026-06-01 02:28:58.210 - aiperf.metrics.types.osl_mismatch_metrics - WARNING - OSL mismatch: got 500 tokens (requested 673, diff -25.7%)
2026-06-01 02:28:58.213 - aiperf.metrics.types.osl_mismatch_metrics - WARNING - OSL mismatch: got 500 tokens (requested 28, diff 1685.7%)
2026-06-01 02:28:58.224 - aiperf.metrics.types.osl_mismatch_metrics - WARNING - OSL mismatch: got 500 tokens (requested 16, diff 3025.0%)
2026-06-01 02:28:58.269 - aiperf.metrics.types.osl_mismatch_metrics - WARNING - OSL mismatch: got 145 tokens (requested 26, diff 457.7%)
2026-06-01 02:28:58.292 - aiperf.metrics.types.osl_mismatch_metrics - WARNING - OSL mismatch: got 92 tokens (requested 105, diff -12.4%)
2026-06-01 02:28:58.325 - aiperf.metrics.types.osl_mismatch_metrics - WARNING - OSL mismatch: got 500 tokens (requested 14, diff 3471.4%)
2026-06-01 02:28:58.327 - aiperf.metrics.types.osl_mismatch_metrics - WARNING - OSL mismatch: got 500 tokens (requested 41, diff 1119.5%)
2026-06-01 02:28:58.349 - aiperf.metrics.types.osl_mismatch_metrics - WARNING - OSL mismatch: got 500 tokens (requested 384, diff 30.2%)
2026-06-01 02:28:58.424 - aiperf.metrics.types.osl_mismatch_metrics - WARNING - OSL mismatch: got 500 tokens (requested 76, diff 557.9%)
2026-06-01 02:28:58.450 - aiperf.metrics.types.osl_mismatch_metrics - WARNING - OSL mismatch: got 500 tokens (requested 11, diff 4445.5%)
2026-06-01 02:28:58.454 - aiperf.metrics.types.osl_mismatch_metrics - WARNING - OSL mismatch: got 1 tokens (requested 8, diff -87.5%)
2026-06-01 02:28:58.595 - aiperf.metrics.types.osl_mismatch_metrics - WARNING - OSL mismatch: got 226 tokens (requested 140, diff 61.4%)
2026-06-01 02:28:58.638 - aiperf.metrics.types.osl_mismatch_metrics - WARNING - OSL mismatch: got 500 tokens (requested 385, diff 29.9%)
2026-06-01 02:28:58.651 - aiperf.metrics.types.osl_mismatch_metrics - WARNING - OSL mismatch: got 500 tokens (requested 210, diff 138.1%)
2026-06-01 02:28:58.652 - aiperf.metrics.types.osl_mismatch_metrics - WARNING - OSL mismatch: got 500 tokens (requested 122, diff 309.8%)
2026-06-01 02:28:58.674 - aiperf.metrics.types.osl_mismatch_metrics - WARNING - OSL mismatch: got 500 tokens (requested 282, diff 77.3%)
2026-06-01 02:28:58.737 - aiperf.metrics.types.osl_mismatch_metrics - WARNING - OSL mismatch: got 500 tokens (requested 460, diff 8.7%)
2026-06-01 02:28:58.760 - aiperf.metrics.types.osl_mismatch_metrics - WARNING - OSL mismatch: got 500 tokens (requested 342, diff 46.2%)
2026-06-01 02:28:58.786 - aiperf.metrics.types.osl_mismatch_metrics - WARNING - OSL mismatch: got 362 tokens (requested 23, diff 1473.9%)
2026-06-01 02:28:58.850 - aiperf.metrics.types.osl_mismatch_metrics - WARNING - OSL mismatch: got 500 tokens (requested 9, diff 5455.6%)
2026-06-01 02:28:58.918 - aiperf.metrics.types.osl_mismatch_metrics - WARNING - OSL mismatch: got 303 tokens (requested 58, diff 422.4%)
2026-06-01 02:28:59.146 - aiperf.metrics.types.osl_mismatch_metrics - WARNING - OSL mismatch: got 500 tokens (requested 27, diff 1751.9%)
2026-06-01 02:28:59.217 - aiperf.metrics.types.osl_mismatch_metrics - WARNING - OSL mismatch: got 500 tokens (requested 6, diff 8233.3%)
2026-06-01 02:28:59.221 - aiperf.metrics.types.osl_mismatch_metrics - WARNING - OSL mismatch: got 500 tokens (requested 7, diff 7042.9%)
2026-06-01 02:28:59.233 - aiperf.metrics.types.osl_mismatch_metrics - WARNING - OSL mismatch: got 500 tokens (requested 749, diff -33.2%)
2026-06-01 02:28:59.365 - aiperf.metrics.types.osl_mismatch_metrics - WARNING - OSL mismatch: got 90 tokens (requested 14, diff 542.9%)
2026-06-01 02:28:59.371 - aiperf.metrics.types.osl_mismatch_metrics - WARNING - OSL mismatch: got 500 tokens (requested 17, diff 2841.2%)
2026-06-01 02:28:59.431 - aiperf.metrics.types.osl_mismatch_metrics - WARNING - OSL mismatch: got 500 tokens (requested 19, diff 2531.6%)
2026-06-01 02:28:59.484 - aiperf.metrics.types.osl_mismatch_metrics - WARNING - OSL mismatch: got 500 tokens (requested 10, diff 4900.0%)
2026-06-01 02:28:59.499 - aiperf.metrics.types.osl_mismatch_metrics - WARNING - OSL mismatch: got 53 tokens (requested 76, diff -30.3%)
2026-06-01 02:28:59.576 - aiperf.metrics.types.osl_mismatch_metrics - WARNING - OSL mismatch: got 253 tokens (requested 89, diff 184.3%)
2026-06-01 02:28:59.607 - aiperf.metrics.types.osl_mismatch_metrics - WARNING - OSL mismatch: got 500 tokens (requested 67, diff 646.3%)
2026-06-01 02:28:59.682 - aiperf.metrics.types.osl_mismatch_metrics - WARNING - OSL mismatch: got 500 tokens (requested 9, diff 5455.6%)
2026-06-01 02:28:59.694 - aiperf.metrics.types.osl_mismatch_metrics - WARNING - OSL mismatch: got 500 tokens (requested 474, diff 5.5%)
2026-06-01 02:28:59.705 - aiperf.metrics.types.osl_mismatch_metrics - WARNING - OSL mismatch: got 500 tokens (requested 12, diff 4066.7%)
2026-06-01 02:28:59.724 - aiperf.metrics.types.osl_mismatch_metrics - WARNING - OSL mismatch: got 148 tokens (requested 103, diff 43.7%)
2026-06-01 02:28:59.790 - aiperf.metrics.types.osl_mismatch_metrics - WARNING - OSL mismatch: got 468 tokens (requested 204, diff 129.4%)
2026-06-01 02:29:00.040 - aiperf.metrics.types.osl_mismatch_metrics - WARNING - OSL mismatch: got 500 tokens (requested 32, diff 1462.5%)
2026-06-01 02:29:00.040 - aiperf.metrics.types.osl_mismatch_metrics - WARNING - OSL mismatch: got 500 tokens (requested 205, diff 143.9%)
2026-06-01 02:29:00.052 - aiperf.metrics.types.osl_mismatch_metrics - WARNING - OSL mismatch: got 500 tokens (requested 9, diff 5455.6%)
2026-06-01 02:29:00.063 - aiperf.metrics.types.osl_mismatch_metrics - WARNING - OSL mismatch: got 500 tokens (requested 396, diff 26.3%)
2026-06-01 02:29:00.076 - aiperf.metrics.types.osl_mismatch_metrics - WARNING - OSL mismatch: got 500 tokens (requested 366, diff 36.6%)
2026-06-01 02:29:00.130 - aiperf.metrics.types.osl_mismatch_metrics - WARNING - OSL mismatch: got 36 tokens (requested 32, diff 12.5%)
2026-06-01 02:29:00.192 - aiperf.metrics.types.osl_mismatch_metrics - WARNING - OSL mismatch: got 500 tokens (requested 7, diff 7042.9%)
2026-06-01 02:29:00.302 - aiperf.metrics.types.osl_mismatch_metrics - WARNING - OSL mismatch: got 500 tokens (requested 6, diff 8233.3%)
2026-06-01 02:29:00.332 - aiperf.metrics.types.osl_mismatch_metrics - WARNING - OSL mismatch: got 153 tokens (requested 47, diff 225.5%)
2026-06-01 02:29:00.401 - aiperf.metrics.types.osl_mismatch_metrics - WARNING - OSL mismatch: got 500 tokens (requested 7, diff 7042.9%)
2026-06-01 02:29:00.450 - aiperf.metrics.types.osl_mismatch_metrics - WARNING - OSL mismatch: got 500 tokens (requested 381, diff 31.2%)
2026-06-01 02:29:00.462 - aiperf.metrics.types.osl_mismatch_metrics - WARNING - OSL mismatch: got 500 tokens (requested 464, diff 7.8%)
2026-06-01 02:29:00.475 - aiperf.metrics.types.osl_mismatch_metrics - WARNING - OSL mismatch: got 350 tokens (requested 68, diff 414.7%)
2026-06-01 02:29:00.478 - aiperf.metrics.types.osl_mismatch_metrics - WARNING - OSL mismatch: got 500 tokens (requested 534, diff -6.4%)
2026-06-01 02:29:00.478 - aiperf.metrics.types.osl_mismatch_metrics - WARNING - OSL mismatch: got 500 tokens (requested 9, diff 5455.6%)
2026-06-01 02:29:00.498 - aiperf.metrics.types.osl_mismatch_metrics - WARNING - OSL mismatch: got 500 tokens (requested 330, diff 51.5%)
2026-06-01 02:29:00.523 - aiperf.metrics.types.osl_mismatch_metrics - WARNING - OSL mismatch: got 391 tokens (requested 17, diff 2200.0%)
2026-06-01 02:29:00.591 - aiperf.metrics.types.osl_mismatch_metrics - WARNING - OSL mismatch: got 55 tokens (requested 45, diff 22.2%)
2026-06-01 02:29:00.658 - aiperf.metrics.types.osl_mismatch_metrics - WARNING - OSL mismatch: got 500 tokens (requested 469, diff 6.6%)
2026-06-01 02:29:00.686 - aiperf.metrics.types.osl_mismatch_metrics - WARNING - OSL mismatch: got 17 tokens (requested 26, diff -34.6%)
2026-06-01 02:29:00.818 - aiperf.metrics.types.osl_mismatch_metrics - WARNING - OSL mismatch: got 500 tokens (requested 22, diff 2172.7%)
2026-06-01 02:29:01.094 - aiperf.metrics.types.osl_mismatch_metrics - WARNING - OSL mismatch: got 500 tokens (requested 10, diff 4900.0%)
2026-06-01 02:29:01.212 - aiperf.metrics.types.osl_mismatch_metrics - WARNING - OSL mismatch: got 111 tokens (requested 21, diff 428.6%)
2026-06-01 02:29:01.304 - aiperf.metrics.types.osl_mismatch_metrics - WARNING - OSL mismatch: got 500 tokens (requested 94, diff 431.9%)
2026-06-01 02:29:01.327 - aiperf.metrics.types.osl_mismatch_metrics - WARNING - OSL mismatch: got 500 tokens (requested 264, diff 89.4%)
2026-06-01 02:29:01.366 - aiperf.metrics.types.osl_mismatch_metrics - WARNING - OSL mismatch: got 500 tokens (requested 247, diff 102.4%)
2026-06-01 02:29:01.442 - aiperf.metrics.types.osl_mismatch_metrics - WARNING - OSL mismatch: got 500 tokens (requested 262, diff 90.8%)
2026-06-01 02:29:01.529 - aiperf.metrics.types.osl_mismatch_metrics - WARNING - OSL mismatch: got 500 tokens (requested 19, diff 2531.6%)
2026-06-01 02:29:01.542 - aiperf.metrics.types.osl_mismatch_metrics - WARNING - OSL mismatch: got 500 tokens (requested 37, diff 1251.4%)
2026-06-01 02:29:01.566 - aiperf.metrics.types.osl_mismatch_metrics - WARNING - OSL mismatch: got 500 tokens (requested 541, diff -7.6%)
2026-06-01 02:29:01.665 - aiperf.metrics.types.osl_mismatch_metrics - WARNING - OSL mismatch: got 500 tokens (requested 30, diff 1566.7%)
2026-06-01 02:29:01.718 - aiperf.metrics.types.osl_mismatch_metrics - WARNING - OSL mismatch: got 500 tokens (requested 11, diff 4445.5%)
2026-06-01 02:29:01.742 - aiperf.metrics.types.osl_mismatch_metrics - WARNING - OSL mismatch: got 500 tokens (requested 363, diff 37.7%)
2026-06-01 02:29:01.804 - aiperf.metrics.types.osl_mismatch_metrics - WARNING - OSL mismatch: got 391 tokens (requested 213, diff 83.6%)
2026-06-01 02:29:01.877 - aiperf.metrics.types.osl_mismatch_metrics - WARNING - OSL mismatch: got 500 tokens (requested 539, diff -7.2%)
2026-06-01 02:29:01.941 - aiperf.metrics.types.osl_mismatch_metrics - WARNING - OSL mismatch: got 500 tokens (requested 237, diff 111.0%)
2026-06-01 02:29:01.969 - aiperf.metrics.types.osl_mismatch_metrics - WARNING - OSL mismatch: got 500 tokens (requested 227, diff 120.3%)
2026-06-01 02:29:01.974 - aiperf.metrics.types.osl_mismatch_metrics - WARNING - OSL mismatch: got 243 tokens (requested 82, diff 196.3%)
2026-06-01 02:29:01.977 - aiperf.metrics.types.osl_mismatch_metrics - WARNING - OSL mismatch: got 500 tokens (requested 778, diff -35.7%)
2026-06-01 02:29:01.990 - aiperf.metrics.types.osl_mismatch_metrics - WARNING - OSL mismatch: got 500 tokens (requested 286, diff 74.8%)
2026-06-01 02:29:02.004 - aiperf.metrics.types.osl_mismatch_metrics - WARNING - OSL mismatch: got 500 tokens (requested 11, diff 4445.5%)
2026-06-01 02:29:02.051 - aiperf.metrics.types.osl_mismatch_metrics - WARNING - OSL mismatch: got 500 tokens (requested 7, diff 7042.9%)
2026-06-01 02:29:02.064 - aiperf.metrics.types.osl_mismatch_metrics - WARNING - OSL mismatch: got 500 tokens (requested 260, diff 92.3%)
2026-06-01 02:29:02.101 - aiperf.metrics.types.osl_mismatch_metrics - WARNING - OSL mismatch: got 500 tokens (requested 38, diff 1215.8%)
2026-06-01 02:29:02.127 - aiperf.metrics.types.osl_mismatch_metrics - WARNING - OSL mismatch: got 500 tokens (requested 47, diff 963.8%)
2026-06-01 02:29:02.163 - aiperf.metrics.types.osl_mismatch_metrics - WARNING - OSL mismatch: got 500 tokens (requested 374, diff 33.7%)
2026-06-01 02:29:02.164 - aiperf.metrics.types.osl_mismatch_metrics - WARNING - OSL mismatch: got 500 tokens (requested 608, diff -17.8%)
2026-06-01 02:29:02.164 - aiperf.metrics.types.osl_mismatch_metrics - WARNING - OSL mismatch: got 500 tokens (requested 5, diff 9900.0%)
2026-06-01 02:29:02.259 - aiperf.metrics.types.osl_mismatch_metrics - WARNING - OSL mismatch: got 500 tokens (requested 23, diff 2073.9%)
2026-06-01 02:29:02.260 - aiperf.metrics.types.osl_mismatch_metrics - WARNING - OSL mismatch: got 500 tokens (requested 807, diff -38.0%)
2026-06-01 02:29:02.458 - aiperf.metrics.types.osl_mismatch_metrics - WARNING - OSL mismatch: got 500 tokens (requested 59, diff 747.5%)
2026-06-01 02:29:02.458 - aiperf.metrics.types.osl_mismatch_metrics - WARNING - OSL mismatch: got 500 tokens (requested 57, diff 777.2%)
2026-06-01 02:29:02.621 - aiperf.metrics.types.osl_mismatch_metrics - WARNING - OSL mismatch: got 500 tokens (requested 228, diff 119.3%)
2026-06-01 02:29:02.621 - aiperf.metrics.types.osl_mismatch_metrics - WARNING - OSL mismatch: got 500 tokens (requested 17, diff 2841.2%)
2026-06-01 02:29:02.634 - aiperf.metrics.types.osl_mismatch_metrics - WARNING - OSL mismatch: got 500 tokens (requested 55, diff 809.1%)
2026-06-01 02:29:02.681 - aiperf.metrics.types.osl_mismatch_metrics - WARNING - OSL mismatch: got 500 tokens (requested 343, diff 45.8%)
2026-06-01 02:29:02.773 - aiperf.metrics.types.osl_mismatch_metrics - WARNING - OSL mismatch: got 105 tokens (requested 21, diff 400.0%)
2026-06-01 02:29:02.792 - aiperf.metrics.types.osl_mismatch_metrics - WARNING - OSL mismatch: got 500 tokens (requested 137, diff 265.0%)
2026-06-01 02:29:02.888 - aiperf.metrics.types.osl_mismatch_metrics - WARNING - OSL mismatch: got 422 tokens (requested 290, diff 45.5%)
2026-06-01 02:29:02.904 - aiperf.metrics.types.osl_mismatch_metrics - WARNING - OSL mismatch: got 500 tokens (requested 13, diff 3746.2%)
2026-06-01 02:29:02.917 - aiperf.metrics.types.osl_mismatch_metrics - WARNING - OSL mismatch: got 500 tokens (requested 368, diff 35.9%)
2026-06-01 02:29:03.043 - aiperf.metrics.types.osl_mismatch_metrics - WARNING - OSL mismatch: got 500 tokens (requested 11, diff 4445.5%)
2026-06-01 02:29:03.080 - aiperf.metrics.types.osl_mismatch_metrics - WARNING - OSL mismatch: got 395 tokens (requested 15, diff 2533.3%)
2026-06-01 02:29:03.087 - aiperf.metrics.types.osl_mismatch_metrics - WARNING - OSL mismatch: got 148 tokens (requested 42, diff 252.4%)
2026-06-01 02:29:03.118 - aiperf.metrics.types.osl_mismatch_metrics - WARNING - OSL mismatch: got 500 tokens (requested 27, diff 1751.9%)
2026-06-01 02:29:03.143 - aiperf.metrics.types.osl_mismatch_metrics - WARNING - OSL mismatch: got 500 tokens (requested 8, diff 6150.0%)
2026-06-01 02:29:03.266 - aiperf.metrics.types.osl_mismatch_metrics - WARNING - OSL mismatch: got 500 tokens (requested 384, diff 30.2%)
2026-06-01 02:29:03.267 - aiperf.metrics.types.osl_mismatch_metrics - WARNING - OSL mismatch: got 500 tokens (requested 230, diff 117.4%)
2026-06-01 02:29:03.291 - aiperf.metrics.types.osl_mismatch_metrics - WARNING - OSL mismatch: got 500 tokens (requested 8, diff 6150.0%)
2026-06-01 02:29:03.326 - aiperf.metrics.types.osl_mismatch_metrics - WARNING - OSL mismatch: got 500 tokens (requested 312, diff 60.3%)
2026-06-01 02:29:03.351 - aiperf.metrics.types.osl_mismatch_metrics - WARNING - OSL mismatch: got 500 tokens (requested 385, diff 29.9%)
2026-06-01 02:29:03.387 - aiperf.metrics.types.osl_mismatch_metrics - WARNING - OSL mismatch: got 500 tokens (requested 165, diff 203.0%)
2026-06-01 02:29:03.515 - aiperf.metrics.types.osl_mismatch_metrics - WARNING - OSL mismatch: got 500 tokens (requested 643, diff -22.2%)
2026-06-01 02:29:03.523 - aiperf.metrics.types.osl_mismatch_metrics - WARNING - OSL mismatch: got 500 tokens (requested 418, diff 19.6%)
2026-06-01 02:29:03.538 - aiperf.metrics.types.osl_mismatch_metrics - WARNING - OSL mismatch: got 500 tokens (requested 67, diff 646.3%)
2026-06-01 02:29:03.659 - aiperf.metrics.types.osl_mismatch_metrics - WARNING - OSL mismatch: got 500 tokens (requested 18, diff 2677.8%)
2026-06-01 02:29:03.768 - aiperf.metrics.types.osl_mismatch_metrics - WARNING - OSL mismatch: got 500 tokens (requested 5, diff 9900.0%)
2026-06-01 02:29:03.769 - aiperf.metrics.types.osl_mismatch_metrics - WARNING - OSL mismatch: got 500 tokens (requested 441, diff 13.4%)
2026-06-01 02:29:03.791 - aiperf.metrics.types.osl_mismatch_metrics - WARNING - OSL mismatch: got 334 tokens (requested 164, diff 103.7%)
2026-06-01 02:29:03.806 - aiperf.metrics.types.osl_mismatch_metrics - WARNING - OSL mismatch: got 500 tokens (requested 534, diff -6.4%)
2026-06-01 02:29:03.855 - aiperf.metrics.types.osl_mismatch_metrics - WARNING - OSL mismatch: got 500 tokens (requested 98, diff 410.2%)
2026-06-01 02:29:03.890 - aiperf.metrics.types.osl_mismatch_metrics - WARNING - OSL mismatch: got 500 tokens (requested 581, diff -13.9%)
2026-06-01 02:29:03.939 - aiperf.metrics.types.osl_mismatch_metrics - WARNING - OSL mismatch: got 500 tokens (requested 26, diff 1823.1%)
2026-06-01 02:29:03.963 - aiperf.metrics.types.osl_mismatch_metrics - WARNING - OSL mismatch: got 442 tokens (requested 159, diff 178.0%)
2026-06-01 02:29:04.040 - aiperf.metrics.types.osl_mismatch_metrics - WARNING - OSL mismatch: got 500 tokens (requested 6, diff 8233.3%)
2026-06-01 02:29:04.094 - aiperf.metrics.types.osl_mismatch_metrics - WARNING - OSL mismatch: got 121 tokens (requested 85, diff 42.4%)
2026-06-01 02:29:04.114 - aiperf.metrics.types.osl_mismatch_metrics - WARNING - OSL mismatch: got 500 tokens (requested 14, diff 3471.4%)
2026-06-01 02:29:04.132 - aiperf.metrics.types.osl_mismatch_metrics - WARNING - OSL mismatch: got 213 tokens (requested 26, diff 719.2%)
2026-06-01 02:29:04.334 - aiperf.metrics.types.osl_mismatch_metrics - WARNING - OSL mismatch: got 500 tokens (requested 120, diff 316.7%)
2026-06-01 02:29:04.406 - aiperf.metrics.types.osl_mismatch_metrics - WARNING - OSL mismatch: got 500 tokens (requested 792, diff -36.9%)
2026-06-01 02:29:04.465 - aiperf.metrics.types.osl_mismatch_metrics - WARNING - OSL mismatch: got 500 tokens (requested 144, diff 247.2%)
2026-06-01 02:29:04.489 - aiperf.metrics.types.osl_mismatch_metrics - WARNING - OSL mismatch: got 314 tokens (requested 139, diff 125.9%)
2026-06-01 02:29:04.528 - aiperf.metrics.types.osl_mismatch_metrics - WARNING - OSL mismatch: got 500 tokens (requested 615, diff -18.7%)
2026-06-01 02:29:04.639 - aiperf.metrics.types.osl_mismatch_metrics - WARNING - OSL mismatch: got 500 tokens (requested 21, diff 2281.0%)
2026-06-01 02:29:04.648 - aiperf.metrics.types.osl_mismatch_metrics - WARNING - OSL mismatch: got 500 tokens (requested 345, diff 44.9%)
2026-06-01 02:29:04.673 - aiperf.metrics.types.osl_mismatch_metrics - WARNING - OSL mismatch: got 500 tokens (requested 182, diff 174.7%)
2026-06-01 02:29:04.847 - aiperf.metrics.types.osl_mismatch_metrics - WARNING - OSL mismatch: got 500 tokens (requested 5, diff 9900.0%)
2026-06-01 02:29:04.906 - aiperf.metrics.types.osl_mismatch_metrics - WARNING - OSL mismatch: got 366 tokens (requested 141, diff 159.6%)
2026-06-01 02:29:04.908 - aiperf.metrics.types.osl_mismatch_metrics - WARNING - OSL mismatch: got 500 tokens (requested 272, diff 83.8%)
2026-06-01 02:29:04.909 - aiperf.metrics.types.osl_mismatch_metrics - WARNING - OSL mismatch: got 500 tokens (requested 12, diff 4066.7%)
2026-06-01 02:29:04.922 - aiperf.metrics.types.osl_mismatch_metrics - WARNING - OSL mismatch: got 500 tokens (requested 43, diff 1062.8%)
2026-06-01 02:29:05.008 - aiperf.metrics.types.osl_mismatch_metrics - WARNING - OSL mismatch: got 500 tokens (requested 767, diff -34.8%)
2026-06-01 02:29:05.030 - aiperf.metrics.types.osl_mismatch_metrics - WARNING - OSL mismatch: got 500 tokens (requested 416, diff 20.2%)
2026-06-01 02:29:05.248 - aiperf.metrics.types.osl_mismatch_metrics - WARNING - OSL mismatch: got 500 tokens (requested 10, diff 4900.0%)
2026-06-01 02:29:05.554 - aiperf.metrics.types.osl_mismatch_metrics - WARNING - OSL mismatch: got 500 tokens (requested 11, diff 4445.5%)
2026-06-01 02:29:05.653 - aiperf.metrics.types.osl_mismatch_metrics - WARNING - OSL mismatch: got 500 tokens (requested 192, diff 160.4%)
2026-06-01 02:29:05.677 - aiperf.metrics.types.osl_mismatch_metrics - WARNING - OSL mismatch: got 500 tokens (requested 275, diff 81.8%)
2026-06-01 02:29:05.738 - aiperf.metrics.types.osl_mismatch_metrics - WARNING - OSL mismatch: got 500 tokens (requested 164, diff 204.9%)
2026-06-01 02:29:05.813 - aiperf.metrics.types.osl_mismatch_metrics - WARNING - OSL mismatch: got 500 tokens (requested 767, diff -34.8%)
2026-06-01 02:29:05.895 - aiperf.metrics.types.osl_mismatch_metrics - WARNING - OSL mismatch: got 365 tokens (requested 332, diff 9.9%)
2026-06-01 02:29:05.911 - aiperf.metrics.types.osl_mismatch_metrics - WARNING - OSL mismatch: got 500 tokens (requested 150, diff 233.3%)
2026-06-01 02:29:06.058 - aiperf.metrics.types.osl_mismatch_metrics - WARNING - OSL mismatch: got 500 tokens (requested 444, diff 12.6%)
2026-06-01 02:29:06.124 - aiperf.metrics.types.osl_mismatch_metrics - WARNING - OSL mismatch: got 52 tokens (requested 38, diff 36.8%)
2026-06-01 02:29:06.130 - aiperf.metrics.types.osl_mismatch_metrics - WARNING - OSL mismatch: got 500 tokens (requested 340, diff 47.1%)
2026-06-01 02:29:06.153 - aiperf.metrics.types.osl_mismatch_metrics - WARNING - OSL mismatch: got 500 tokens (requested 423, diff 18.2%)
2026-06-01 02:29:06.155 - aiperf.metrics.types.osl_mismatch_metrics - WARNING - OSL mismatch: got 500 tokens (requested 46, diff 987.0%)
2026-06-01 02:29:06.251 - aiperf.metrics.types.osl_mismatch_metrics - WARNING - OSL mismatch: got 500 tokens (requested 322, diff 55.3%)
2026-06-01 02:29:06.337 - aiperf.metrics.types.osl_mismatch_metrics - WARNING - OSL mismatch: got 443 tokens (requested 128, diff 246.1%)
2026-06-01 02:29:06.426 - aiperf.metrics.types.osl_mismatch_metrics - WARNING - OSL mismatch: got 500 tokens (requested 692, diff -27.7%)
2026-06-01 02:29:06.497 - aiperf.metrics.types.osl_mismatch_metrics - WARNING - OSL mismatch: got 500 tokens (requested 4, diff 12400.0%)
2026-06-01 02:29:06.601 - aiperf.metrics.types.osl_mismatch_metrics - WARNING - OSL mismatch: got 134 tokens (requested 146, diff -8.2%)
2026-06-01 02:29:06.614 - aiperf.metrics.types.osl_mismatch_metrics - WARNING - OSL mismatch: got 110 tokens (requested 432, diff -74.5%)
2026-06-01 02:29:06.643 - aiperf.metrics.types.osl_mismatch_metrics - WARNING - OSL mismatch: got 500 tokens (requested 155, diff 222.6%)
2026-06-01 02:29:06.690 - aiperf.metrics.types.osl_mismatch_metrics - WARNING - OSL mismatch: got 296 tokens (requested 131, diff 126.0%)
2026-06-01 02:29:06.757 - aiperf.metrics.types.osl_mismatch_metrics - WARNING - OSL mismatch: got 500 tokens (requested 38, diff 1215.8%)
2026-06-01 02:29:06.840 - aiperf.metrics.types.osl_mismatch_metrics - WARNING - OSL mismatch: got 500 tokens (requested 687, diff -27.2%)
2026-06-01 02:29:06.853 - aiperf.metrics.types.osl_mismatch_metrics - WARNING - OSL mismatch: got 500 tokens (requested 62, diff 706.5%)
2026-06-01 02:29:06.855 - aiperf.metrics.types.osl_mismatch_metrics - WARNING - OSL mismatch: got 500 tokens (requested 12, diff 4066.7%)
2026-06-01 02:29:06.925 - aiperf.metrics.types.osl_mismatch_metrics - WARNING - OSL mismatch: got 500 tokens (requested 300, diff 66.7%)
2026-06-01 02:29:06.951 - aiperf.metrics.types.osl_mismatch_metrics - WARNING - OSL mismatch: got 500 tokens (requested 8, diff 6150.0%)
2026-06-01 02:29:07.024 - aiperf.metrics.types.osl_mismatch_metrics - WARNING - OSL mismatch: got 500 tokens (requested 28, diff 1685.7%)
2026-06-01 02:29:07.027 - aiperf.metrics.types.osl_mismatch_metrics - WARNING - OSL mismatch: got 500 tokens (requested 91, diff 449.5%)
2026-06-01 02:29:07.093 - aiperf.metrics.types.osl_mismatch_metrics - WARNING - OSL mismatch: got 500 tokens (requested 6, diff 8233.3%)
2026-06-01 02:29:07.191 - aiperf.metrics.types.osl_mismatch_metrics - WARNING - OSL mismatch: got 500 tokens (requested 402, diff 24.4%)
2026-06-01 02:29:07.339 - aiperf.metrics.types.osl_mismatch_metrics - WARNING - OSL mismatch: got 500 tokens (requested 202, diff 147.5%)
2026-06-01 02:29:07.348 - aiperf.metrics.types.osl_mismatch_metrics - WARNING - OSL mismatch: got 272 tokens (requested 228, diff 19.3%)
2026-06-01 02:29:07.425 - aiperf.metrics.types.osl_mismatch_metrics - WARNING - OSL mismatch: got 500 tokens (requested 470, diff 6.4%)
2026-06-01 02:29:07.426 - aiperf.metrics.types.osl_mismatch_metrics - WARNING - OSL mismatch: got 451 tokens (requested 68, diff 563.2%)
2026-06-01 02:29:07.624 - aiperf.metrics.types.osl_mismatch_metrics - WARNING - OSL mismatch: got 500 tokens (requested 605, diff -17.4%)
2026-06-01 02:29:07.638 - aiperf.metrics.types.osl_mismatch_metrics - WARNING - OSL mismatch: got 500 tokens (requested 363, diff 37.7%)
2026-06-01 02:29:07.704 - aiperf.metrics.types.osl_mismatch_metrics - WARNING - OSL mismatch: got 89 tokens (requested 7, diff 1171.4%)
2026-06-01 02:29:07.759 - aiperf.metrics.types.osl_mismatch_metrics - WARNING - OSL mismatch: got 500 tokens (requested 263, diff 90.1%)
2026-06-01 02:29:07.773 - aiperf.metrics.types.osl_mismatch_metrics - WARNING - OSL mismatch: got 500 tokens (requested 8, diff 6150.0%)
2026-06-01 02:29:07.790 - aiperf.metrics.types.osl_mismatch_metrics - WARNING - OSL mismatch: got 21 tokens (requested 579, diff -96.4%)
2026-06-01 02:29:07.808 - aiperf.metrics.types.osl_mismatch_metrics - WARNING - OSL mismatch: got 500 tokens (requested 32, diff 1462.5%)
2026-06-01 02:29:07.920 - aiperf.metrics.types.osl_mismatch_metrics - WARNING - OSL mismatch: got 438 tokens (requested 252, diff 73.8%)
2026-06-01 02:29:07.920 - aiperf.metrics.types.osl_mismatch_metrics - WARNING - OSL mismatch: got 500 tokens (requested 779, diff -35.8%)
2026-06-01 02:29:07.935 - aiperf.metrics.types.osl_mismatch_metrics - WARNING - OSL mismatch: got 500 tokens (requested 131, diff 281.7%)
2026-06-01 02:29:07.936 - aiperf.metrics.types.osl_mismatch_metrics - WARNING - OSL mismatch: got 14 tokens (requested 26, diff -46.2%)
2026-06-01 02:29:08.030 - aiperf.metrics.types.osl_mismatch_metrics - WARNING - OSL mismatch: got 500 tokens (requested 418, diff 19.6%)
2026-06-01 02:29:08.033 - aiperf.metrics.types.osl_mismatch_metrics - WARNING - OSL mismatch: got 500 tokens (requested 12, diff 4066.7%)
2026-06-01 02:29:08.055 - aiperf.metrics.types.osl_mismatch_metrics - WARNING - OSL mismatch: got 500 tokens (requested 16, diff 3025.0%)
2026-06-01 02:29:08.189 - aiperf.metrics.types.osl_mismatch_metrics - WARNING - OSL mismatch: got 500 tokens (requested 127, diff 293.7%)
2026-06-01 02:29:08.189 - aiperf.metrics.types.osl_mismatch_metrics - WARNING - OSL mismatch: got 500 tokens (requested 10, diff 4900.0%)
2026-06-01 02:29:08.190 - aiperf.metrics.types.osl_mismatch_metrics - WARNING - OSL mismatch: got 500 tokens (requested 163, diff 206.7%)
2026-06-01 02:29:08.224 - aiperf.metrics.types.osl_mismatch_metrics - WARNING - OSL mismatch: got 500 tokens (requested 445, diff 12.4%)
2026-06-01 02:29:08.246 - aiperf.metrics.types.osl_mismatch_metrics - WARNING - OSL mismatch: got 248 tokens (requested 66, diff 275.8%)
2026-06-01 02:29:08.274 - aiperf.metrics.types.osl_mismatch_metrics - WARNING - OSL mismatch: got 500 tokens (requested 208, diff 140.4%)
2026-06-01 02:29:08.348 - aiperf.metrics.types.osl_mismatch_metrics - WARNING - OSL mismatch: got 500 tokens (requested 302, diff 65.6%)
2026-06-01 02:29:08.372 - aiperf.metrics.types.osl_mismatch_metrics - WARNING - OSL mismatch: got 500 tokens (requested 429, diff 16.6%)
2026-06-01 02:29:08.506 - aiperf.metrics.types.osl_mismatch_metrics - WARNING - OSL mismatch: got 500 tokens (requested 213, diff 134.7%)
2026-06-01 02:29:08.537 - aiperf.metrics.types.osl_mismatch_metrics - WARNING - OSL mismatch: got 500 tokens (requested 25, diff 1900.0%)
2026-06-01 02:29:08.561 - aiperf.metrics.types.osl_mismatch_metrics - WARNING - OSL mismatch: got 500 tokens (requested 394, diff 26.9%)
2026-06-01 02:29:08.575 - aiperf.metrics.types.osl_mismatch_metrics - WARNING - OSL mismatch: got 500 tokens (requested 266, diff 88.0%)
2026-06-01 02:29:08.704 - aiperf.metrics.types.osl_mismatch_metrics - WARNING - OSL mismatch: got 500 tokens (requested 7, diff 7042.9%)
2026-06-01 02:29:09.069 - aiperf.metrics.types.osl_mismatch_metrics - WARNING - OSL mismatch: got 500 tokens (requested 309, diff 61.8%)
2026-06-01 02:29:09.082 - aiperf.metrics.types.osl_mismatch_metrics - WARNING - OSL mismatch: got 500 tokens (requested 12, diff 4066.7%)
2026-06-01 02:29:09.086 - aiperf.metrics.types.osl_mismatch_metrics - WARNING - OSL mismatch: got 87 tokens (requested 48, diff 81.2%)
2026-06-01 02:29:09.132 - aiperf.metrics.types.osl_mismatch_metrics - WARNING - OSL mismatch: got 3 tokens (requested 206, diff -98.5%)
2026-06-01 02:29:09.172 - aiperf.metrics.types.osl_mismatch_metrics - WARNING - OSL mismatch: got 43 tokens (requested 39, diff 10.3%)
2026-06-01 02:29:09.204 - aiperf.metrics.types.osl_mismatch_metrics - WARNING - OSL mismatch: got 500 tokens (requested 590, diff -15.3%)
2026-06-01 02:29:09.214 - aiperf.metrics.types.osl_mismatch_metrics - WARNING - OSL mismatch: got 500 tokens (requested 4, diff 12400.0%)
2026-06-01 02:29:09.436 - aiperf.metrics.types.osl_mismatch_metrics - WARNING - OSL mismatch: got 500 tokens (requested 60, diff 733.3%)
2026-06-01 02:29:09.446 - aiperf.metrics.types.osl_mismatch_metrics - WARNING - OSL mismatch: got 500 tokens (requested 30, diff 1566.7%)
2026-06-01 02:29:09.543 - aiperf.metrics.types.osl_mismatch_metrics - WARNING - OSL mismatch: got 500 tokens (requested 57, diff 777.2%)
2026-06-01 02:29:09.650 - aiperf.metrics.types.osl_mismatch_metrics - WARNING - OSL mismatch: got 500 tokens (requested 777, diff -35.6%)
2026-06-01 02:29:09.665 - aiperf.metrics.types.osl_mismatch_metrics - WARNING - OSL mismatch: got 500 tokens (requested 152, diff 228.9%)
2026-06-01 02:29:09.736 - aiperf.metrics.types.osl_mismatch_metrics - WARNING - OSL mismatch: got 500 tokens (requested 190, diff 163.2%)
2026-06-01 02:29:09.802 - aiperf.metrics.types.osl_mismatch_metrics - WARNING - OSL mismatch: got 12 tokens (requested 178, diff -93.3%)
2026-06-01 02:29:09.833 - aiperf.metrics.types.osl_mismatch_metrics - WARNING - OSL mismatch: got 500 tokens (requested 327, diff 52.9%)
2026-06-01 02:29:09.846 - aiperf.metrics.types.osl_mismatch_metrics - WARNING - OSL mismatch: got 500 tokens (requested 53, diff 843.4%)
2026-06-01 02:29:09.949 - aiperf.metrics.types.osl_mismatch_metrics - WARNING - OSL mismatch: got 200 tokens (requested 148, diff 35.1%)
2026-06-01 02:29:09.979 - aiperf.metrics.types.osl_mismatch_metrics - WARNING - OSL mismatch: got 500 tokens (requested 13, diff 3746.2%)
2026-06-01 02:29:10.073 - aiperf.metrics.types.osl_mismatch_metrics - WARNING - OSL mismatch: got 452 tokens (requested 72, diff 527.8%)
2026-06-01 02:29:10.087 - aiperf.metrics.types.osl_mismatch_metrics - WARNING - OSL mismatch: got 500 tokens (requested 18, diff 2677.8%)
2026-06-01 02:29:10.095 - aiperf.metrics.types.osl_mismatch_metrics - WARNING - OSL mismatch: got 265 tokens (requested 123, diff 115.4%)
2026-06-01 02:29:10.122 - aiperf.metrics.types.osl_mismatch_metrics - WARNING - OSL mismatch: got 369 tokens (requested 139, diff 165.5%)
2026-06-01 02:29:10.148 - aiperf.metrics.types.osl_mismatch_metrics - WARNING - OSL mismatch: got 500 tokens (requested 90, diff 455.6%)
2026-06-01 02:29:10.160 - aiperf.metrics.types.osl_mismatch_metrics - WARNING - OSL mismatch: got 500 tokens (requested 12, diff 4066.7%)
2026-06-01 02:29:10.223 - aiperf.metrics.types.osl_mismatch_metrics - WARNING - OSL mismatch: got 500 tokens (requested 20, diff 2400.0%)
2026-06-01 02:29:10.256 - aiperf.metrics.types.osl_mismatch_metrics - WARNING - OSL mismatch: got 500 tokens (requested 433, diff 15.5%)
2026-06-01 02:29:10.294 - aiperf.metrics.types.osl_mismatch_metrics - WARNING - OSL mismatch: got 500 tokens (requested 14, diff 3471.4%)
2026-06-01 02:29:10.379 - aiperf.metrics.types.osl_mismatch_metrics - WARNING - OSL mismatch: got 500 tokens (requested 153, diff 226.8%)
2026-06-01 02:29:10.382 - aiperf.metrics.types.osl_mismatch_metrics - WARNING - OSL mismatch: got 500 tokens (requested 11, diff 4445.5%)
2026-06-01 02:29:10.452 - aiperf.metrics.types.osl_mismatch_metrics - WARNING - OSL mismatch: got 441 tokens (requested 240, diff 83.8%)
2026-06-01 02:29:10.585 - aiperf.metrics.types.osl_mismatch_metrics - WARNING - OSL mismatch: got 500 tokens (requested 41, diff 1119.5%)
2026-06-01 02:29:10.586 - aiperf.metrics.types.osl_mismatch_metrics - WARNING - OSL mismatch: got 500 tokens (requested 221, diff 126.2%)
2026-06-01 02:29:10.588 - aiperf.metrics.types.osl_mismatch_metrics - WARNING - OSL mismatch: got 500 tokens (requested 7, diff 7042.9%)
2026-06-01 02:29:10.611 - aiperf.metrics.types.osl_mismatch_metrics - WARNING - OSL mismatch: got 500 tokens (requested 20, diff 2400.0%)
2026-06-01 02:29:10.821 - aiperf.metrics.types.osl_mismatch_metrics - WARNING - OSL mismatch: got 459 tokens (requested 125, diff 267.2%)
2026-06-01 02:29:10.891 - aiperf.metrics.types.osl_mismatch_metrics - WARNING - OSL mismatch: got 500 tokens (requested 187, diff 167.4%)
2026-06-01 02:29:10.966 - aiperf.metrics.types.osl_mismatch_metrics - WARNING - OSL mismatch: got 500 tokens (requested 255, diff 96.1%)
2026-06-01 02:29:11.055 - aiperf.metrics.types.osl_mismatch_metrics - WARNING - OSL mismatch: got 81 tokens (requested 329, diff -75.4%)
2026-06-01 02:29:11.158 - aiperf.metrics.types.osl_mismatch_metrics - WARNING - OSL mismatch: got 500 tokens (requested 214, diff 133.6%)
2026-06-01 02:29:11.347 - aiperf.metrics.types.osl_mismatch_metrics - WARNING - OSL mismatch: got 500 tokens (requested 463, diff 8.0%)
2026-06-01 02:29:11.465 - aiperf.metrics.types.osl_mismatch_metrics - WARNING - OSL mismatch: got 500 tokens (requested 6, diff 8233.3%)
2026-06-01 02:29:11.538 - aiperf.metrics.types.osl_mismatch_metrics - WARNING - OSL mismatch: got 500 tokens (requested 103, diff 385.4%)
2026-06-01 02:29:11.553 - aiperf.metrics.types.osl_mismatch_metrics - WARNING - OSL mismatch: got 500 tokens (requested 52, diff 861.5%)
2026-06-01 02:29:11.554 - aiperf.metrics.types.osl_mismatch_metrics - WARNING - OSL mismatch: got 500 tokens (requested 14, diff 3471.4%)
2026-06-01 02:29:11.577 - aiperf.metrics.types.osl_mismatch_metrics - WARNING - OSL mismatch: got 500 tokens (requested 21, diff 2281.0%)
2026-06-01 02:29:11.607 - aiperf.metrics.types.osl_mismatch_metrics - WARNING - OSL mismatch: got 196 tokens (requested 178, diff 10.1%)
2026-06-01 02:29:11.672 - aiperf.metrics.types.osl_mismatch_metrics - WARNING - OSL mismatch: got 500 tokens (requested 572, diff -12.6%)
2026-06-01 02:29:11.856 - aiperf.metrics.types.osl_mismatch_metrics - WARNING - OSL mismatch: got 500 tokens (requested 38, diff 1215.8%)
2026-06-01 02:29:11.868 - aiperf.metrics.types.osl_mismatch_metrics - WARNING - OSL mismatch: got 500 tokens (requested 10, diff 4900.0%)
2026-06-01 02:29:11.929 - aiperf.metrics.types.osl_mismatch_metrics - WARNING - OSL mismatch: got 500 tokens (requested 17, diff 2841.2%)
2026-06-01 02:29:12.346 - aiperf.metrics.types.osl_mismatch_metrics - WARNING - OSL mismatch: got 500 tokens (requested 42, diff 1090.5%)
2026-06-01 02:29:12.352 - aiperf.metrics.types.osl_mismatch_metrics - WARNING - OSL mismatch: got 500 tokens (requested 4, diff 12400.0%)
2026-06-01 02:29:12.359 - aiperf.metrics.types.osl_mismatch_metrics - WARNING - OSL mismatch: got 500 tokens (requested 21, diff 2281.0%)
2026-06-01 02:29:12.374 - aiperf.metrics.types.osl_mismatch_metrics - WARNING - OSL mismatch: got 500 tokens (requested 141, diff 254.6%)
2026-06-01 02:29:12.423 - aiperf.metrics.types.osl_mismatch_metrics - WARNING - OSL mismatch: got 500 tokens (requested 374, diff 33.7%)
2026-06-01 02:29:12.514 - aiperf.metrics.types.osl_mismatch_metrics - WARNING - OSL mismatch: got 500 tokens (requested 162, diff 208.6%)
2026-06-01 02:29:12.566 - aiperf.metrics.types.osl_mismatch_metrics - WARNING - OSL mismatch: got 134 tokens (requested 142, diff -5.6%)
2026-06-01 02:29:12.651 - aiperf.metrics.types.osl_mismatch_metrics - WARNING - OSL mismatch: got 500 tokens (requested 7, diff 7042.9%)
2026-06-01 02:29:12.683 - aiperf.metrics.types.osl_mismatch_metrics - WARNING - OSL mismatch: got 291 tokens (requested 116, diff 150.9%)
2026-06-01 02:29:12.725 - aiperf.metrics.types.osl_mismatch_metrics - WARNING - OSL mismatch: got 500 tokens (requested 290, diff 72.4%)
2026-06-01 02:29:12.862 - aiperf.metrics.types.osl_mismatch_metrics - WARNING - OSL mismatch: got 500 tokens (requested 27, diff 1751.9%)
2026-06-01 02:29:12.870 - aiperf.metrics.types.osl_mismatch_metrics - WARNING - OSL mismatch: got 288 tokens (requested 106, diff 171.7%)
2026-06-01 02:29:12.939 - aiperf.metrics.types.osl_mismatch_metrics - WARNING - OSL mismatch: got 500 tokens (requested 243, diff 105.8%)
2026-06-01 02:29:12.973 - aiperf.metrics.types.osl_mismatch_metrics - WARNING - OSL mismatch: got 500 tokens (requested 336, diff 48.8%)
2026-06-01 02:29:13.008 - aiperf.metrics.types.osl_mismatch_metrics - WARNING - OSL mismatch: got 327 tokens (requested 14, diff 2235.7%)
2026-06-01 02:29:13.035 - aiperf.metrics.types.osl_mismatch_metrics - WARNING - OSL mismatch: got 500 tokens (requested 267, diff 87.3%)
2026-06-01 02:29:13.058 - aiperf.metrics.types.osl_mismatch_metrics - WARNING - OSL mismatch: got 500 tokens (requested 281, diff 77.9%)
2026-06-01 02:29:13.060 - aiperf.metrics.types.osl_mismatch_metrics - WARNING - OSL mismatch: got 500 tokens (requested 36, diff 1288.9%)
2026-06-01 02:29:13.091 - aiperf.metrics.types.osl_mismatch_metrics - WARNING - OSL mismatch: got 59 tokens (requested 614, diff -90.4%)
2026-06-01 02:29:13.321 - aiperf.metrics.types.osl_mismatch_metrics - WARNING - OSL mismatch: got 500 tokens (requested 345, diff 44.9%)
2026-06-01 02:29:13.395 - aiperf.metrics.types.osl_mismatch_metrics - WARNING - OSL mismatch: got 500 tokens (requested 14, diff 3471.4%)
2026-06-01 02:29:13.405 - aiperf.metrics.types.osl_mismatch_metrics - WARNING - OSL mismatch: got 500 tokens (requested 296, diff 68.9%)
2026-06-01 02:29:13.413 - aiperf.metrics.types.osl_mismatch_metrics - WARNING - OSL mismatch: got 72 tokens (requested 15, diff 380.0%)
2026-06-01 02:29:13.413 - aiperf.metrics.types.osl_mismatch_metrics - WARNING - OSL mismatch: got 127 tokens (requested 361, diff -64.8%)
2026-06-01 02:29:13.504 - aiperf.metrics.types.osl_mismatch_metrics - WARNING - OSL mismatch: got 500 tokens (requested 14, diff 3471.4%)
2026-06-01 02:29:13.563 - aiperf.metrics.types.osl_mismatch_metrics - WARNING - OSL mismatch: got 203 tokens (requested 188, diff 8.0%)
2026-06-01 02:29:13.675 - aiperf.metrics.types.osl_mismatch_metrics - WARNING - OSL mismatch: got 500 tokens (requested 453, diff 10.4%)
2026-06-01 02:29:13.677 - aiperf.metrics.types.osl_mismatch_metrics - WARNING - OSL mismatch: got 500 tokens (requested 46, diff 987.0%)
2026-06-01 02:29:13.701 - aiperf.metrics.types.osl_mismatch_metrics - WARNING - OSL mismatch: got 500 tokens (requested 9, diff 5455.6%)
2026-06-01 02:29:13.708 - aiperf.metrics.types.osl_mismatch_metrics - WARNING - OSL mismatch: got 188 tokens (requested 104, diff 80.8%)
2026-06-01 02:29:13.734 - aiperf.metrics.types.osl_mismatch_metrics - WARNING - OSL mismatch: got 454 tokens (requested 360, diff 26.1%)
2026-06-01 02:29:13.861 - aiperf.metrics.types.osl_mismatch_metrics - WARNING - OSL mismatch: got 500 tokens (requested 17, diff 2841.2%)
2026-06-01 02:29:14.038 - aiperf.metrics.types.osl_mismatch_metrics - WARNING - OSL mismatch: got 500 tokens (requested 30, diff 1566.7%)
2026-06-01 02:29:14.049 - aiperf.metrics.types.osl_mismatch_metrics - WARNING - OSL mismatch: got 500 tokens (requested 18, diff 2677.8%)
2026-06-01 02:29:14.074 - aiperf.metrics.types.osl_mismatch_metrics - WARNING - OSL mismatch: got 500 tokens (requested 257, diff 94.6%)
2026-06-01 02:29:14.074 - aiperf.metrics.types.osl_mismatch_metrics - WARNING - OSL mismatch: got 500 tokens (requested 21, diff 2281.0%)
2026-06-01 02:29:14.086 - aiperf.metrics.types.osl_mismatch_metrics - WARNING - OSL mismatch: got 500 tokens (requested 344, diff 45.3%)
2026-06-01 02:29:14.110 - aiperf.metrics.types.osl_mismatch_metrics - WARNING - OSL mismatch: got 500 tokens (requested 414, diff 20.8%)
2026-06-01 02:29:14.120 - aiperf.metrics.types.osl_mismatch_metrics - WARNING - OSL mismatch: got 223 tokens (requested 96, diff 132.3%)
2026-06-01 02:29:14.245 - aiperf.metrics.types.osl_mismatch_metrics - WARNING - OSL mismatch: got 309 tokens (requested 285, diff 8.4%)
2026-06-01 02:29:14.324 - aiperf.metrics.types.osl_mismatch_metrics - WARNING - OSL mismatch: got 500 tokens (requested 107, diff 367.3%)
2026-06-01 02:29:14.510 - aiperf.metrics.types.osl_mismatch_metrics - WARNING - OSL mismatch: got 500 tokens (requested 15, diff 3233.3%)
2026-06-01 02:29:14.646 - aiperf.metrics.types.osl_mismatch_metrics - WARNING - OSL mismatch: got 500 tokens (requested 9, diff 5455.6%)
2026-06-01 02:29:14.695 - aiperf.metrics.types.osl_mismatch_metrics - WARNING - OSL mismatch: got 500 tokens (requested 264, diff 89.4%)
2026-06-01 02:29:14.794 - aiperf.metrics.types.osl_mismatch_metrics - WARNING - OSL mismatch: got 500 tokens (requested 34, diff 1370.6%)
2026-06-01 02:29:14.868 - aiperf.metrics.types.osl_mismatch_metrics - WARNING - OSL mismatch: got 500 tokens (requested 42, diff 1090.5%)
2026-06-01 02:29:14.869 - aiperf.metrics.types.osl_mismatch_metrics - WARNING - OSL mismatch: got 500 tokens (requested 39, diff 1182.1%)
2026-06-01 02:29:14.916 - aiperf.metrics.types.osl_mismatch_metrics - WARNING - OSL mismatch: got 500 tokens (requested 774, diff -35.4%)
2026-06-01 02:29:14.918 - aiperf.metrics.types.osl_mismatch_metrics - WARNING - OSL mismatch: got 500 tokens (requested 10, diff 4900.0%)
2026-06-01 02:29:14.943 - aiperf.metrics.types.osl_mismatch_metrics - WARNING - OSL mismatch: got 500 tokens (requested 777, diff -35.6%)
2026-06-01 02:29:14.991 - aiperf.metrics.types.osl_mismatch_metrics - WARNING - OSL mismatch: got 500 tokens (requested 42, diff 1090.5%)
2026-06-01 02:29:14.993 - aiperf.metrics.types.osl_mismatch_metrics - WARNING - OSL mismatch: got 500 tokens (requested 29, diff 1624.1%)
2026-06-01 02:29:15.001 - aiperf.metrics.types.osl_mismatch_metrics - WARNING - OSL mismatch: got 500 tokens (requested 289, diff 73.0%)
2026-06-01 02:29:15.140 - aiperf.metrics.types.osl_mismatch_metrics - WARNING - OSL mismatch: got 500 tokens (requested 260, diff 92.3%)
2026-06-01 02:29:15.251 - aiperf.metrics.types.osl_mismatch_metrics - WARNING - OSL mismatch: got 500 tokens (requested 266, diff 88.0%)
2026-06-01 02:29:15.251 - aiperf.metrics.types.osl_mismatch_metrics - WARNING - OSL mismatch: got 500 tokens (requested 317, diff 57.7%)
2026-06-01 02:29:15.254 - aiperf.metrics.types.osl_mismatch_metrics - WARNING - OSL mismatch: got 500 tokens (requested 10, diff 4900.0%)
2026-06-01 02:29:15.344 - aiperf.metrics.types.osl_mismatch_metrics - WARNING - OSL mismatch: got 316 tokens (requested 68, diff 364.7%)
2026-06-01 02:29:15.371 - aiperf.metrics.types.osl_mismatch_metrics - WARNING - OSL mismatch: got 500 tokens (requested 315, diff 58.7%)
2026-06-01 02:29:15.442 - aiperf.metrics.types.osl_mismatch_metrics - WARNING - OSL mismatch: got 501 tokens (requested 456, diff 9.9%)
2026-06-01 02:29:15.446 - aiperf.metrics.types.osl_mismatch_metrics - WARNING - OSL mismatch: got 500 tokens (requested 24, diff 1983.3%)
2026-06-01 02:29:15.530 - aiperf.metrics.types.osl_mismatch_metrics - WARNING - OSL mismatch: got 500 tokens (requested 362, diff 38.1%)
2026-06-01 02:29:15.629 - aiperf.metrics.types.osl_mismatch_metrics - WARNING - OSL mismatch: got 500 tokens (requested 180, diff 177.8%)
2026-06-01 02:29:15.642 - aiperf.metrics.types.osl_mismatch_metrics - WARNING - OSL mismatch: got 500 tokens (requested 447, diff 11.9%)
2026-06-01 02:29:15.728 - aiperf.metrics.types.osl_mismatch_metrics - WARNING - OSL mismatch: got 401 tokens (requested 4, diff 9925.0%)
2026-06-01 02:29:15.741 - aiperf.metrics.types.osl_mismatch_metrics - WARNING - OSL mismatch: got 500 tokens (requested 9, diff 5455.6%)
2026-06-01 02:29:15.758 - aiperf.metrics.types.osl_mismatch_metrics - WARNING - OSL mismatch: got 58 tokens (requested 31, diff 87.1%)
2026-06-01 02:29:15.760 - aiperf.metrics.types.osl_mismatch_metrics - WARNING - OSL mismatch: got 172 tokens (requested 153, diff 12.4%)
2026-06-01 02:29:15.820 - aiperf.metrics.types.osl_mismatch_metrics - WARNING - OSL mismatch: got 63 tokens (requested 8, diff 687.5%)
2026-06-01 02:29:15.886 - aiperf.metrics.types.osl_mismatch_metrics - WARNING - OSL mismatch: got 325 tokens (requested 15, diff 2066.7%)
2026-06-01 02:29:15.949 - aiperf.metrics.types.osl_mismatch_metrics - WARNING - OSL mismatch: got 499 tokens (requested 430, diff 16.0%)
2026-06-01 02:29:15.964 - aiperf.metrics.types.osl_mismatch_metrics - WARNING - OSL mismatch: got 500 tokens (requested 12, diff 4066.7%)
2026-06-01 02:29:16.011 - aiperf.metrics.types.osl_mismatch_metrics - WARNING - OSL mismatch: got 306 tokens (requested 384, diff -20.3%)
2026-06-01 02:29:16.012 - aiperf.metrics.types.osl_mismatch_metrics - WARNING - OSL mismatch: got 500 tokens (requested 25, diff 1900.0%)
2026-06-01 02:29:16.136 - aiperf.metrics.types.osl_mismatch_metrics - WARNING - OSL mismatch: got 500 tokens (requested 184, diff 171.7%)
2026-06-01 02:29:16.267 - aiperf.metrics.types.osl_mismatch_metrics - WARNING - OSL mismatch: got 500 tokens (requested 13, diff 3746.2%)
2026-06-01 02:29:16.293 - aiperf.metrics.types.osl_mismatch_metrics - WARNING - OSL mismatch: got 500 tokens (requested 8, diff 6150.0%)
2026-06-01 02:29:16.304 - aiperf.metrics.types.osl_mismatch_metrics - WARNING - OSL mismatch: got 313 tokens (requested 126, diff 148.4%)
2026-06-01 02:29:16.305 - aiperf.metrics.types.osl_mismatch_metrics - WARNING - OSL mismatch: got 500 tokens (requested 341, diff 46.6%)
2026-06-01 02:29:16.448 - aiperf.metrics.types.osl_mismatch_metrics - WARNING - OSL mismatch: got 25 tokens (requested 153, diff -83.7%)
2026-06-01 02:29:16.486 - aiperf.metrics.types.osl_mismatch_metrics - WARNING - OSL mismatch: got 82 tokens (requested 116, diff -29.3%)
2026-06-01 02:29:16.506 - aiperf.metrics.types.osl_mismatch_metrics - WARNING - OSL mismatch: got 500 tokens (requested 143, diff 249.7%)
2026-06-01 02:29:16.531 - aiperf.metrics.types.osl_mismatch_metrics - WARNING - OSL mismatch: got 500 tokens (requested 42, diff 1090.5%)
2026-06-01 02:29:16.567 - aiperf.metrics.types.osl_mismatch_metrics - WARNING - OSL mismatch: got 500 tokens (requested 667, diff -25.0%)
2026-06-01 02:29:16.628 - aiperf.metrics.types.osl_mismatch_metrics - WARNING - OSL mismatch: got 500 tokens (requested 355, diff 40.8%)
2026-06-01 02:29:16.630 - aiperf.metrics.types.osl_mismatch_metrics - WARNING - OSL mismatch: got 500 tokens (requested 11, diff 4445.5%)
2026-06-01 02:29:16.641 - aiperf.metrics.types.osl_mismatch_metrics - WARNING - OSL mismatch: got 500 tokens (requested 13, diff 3746.2%)
2026-06-01 02:29:16.659 - aiperf.metrics.types.osl_mismatch_metrics - WARNING - OSL mismatch: got 500 tokens (requested 21, diff 2281.0%)
2026-06-01 02:29:16.666 - aiperf.metrics.types.osl_mismatch_metrics - WARNING - OSL mismatch: got 500 tokens (requested 25, diff 1900.0%)
2026-06-01 02:29:16.674 - aiperf.metrics.types.osl_mismatch_metrics - WARNING - OSL mismatch: got 499 tokens (requested 263, diff 89.7%)
2026-06-01 02:29:16.728 - aiperf.metrics.types.osl_mismatch_metrics - WARNING - OSL mismatch: got 500 tokens (requested 6, diff 8233.3%)
2026-06-01 02:29:16.778 - aiperf.metrics.types.osl_mismatch_metrics - WARNING - OSL mismatch: got 500 tokens (requested 631, diff -20.8%)
2026-06-01 02:29:16.961 - aiperf.metrics.types.osl_mismatch_metrics - WARNING - OSL mismatch: got 276 tokens (requested 475, diff -41.9%)
2026-06-01 02:29:17.053 - aiperf.metrics.types.osl_mismatch_metrics - WARNING - OSL mismatch: got 500 tokens (requested 350, diff 42.9%)
2026-06-01 02:29:17.056 - aiperf.metrics.types.osl_mismatch_metrics - WARNING - OSL mismatch: got 500 tokens (requested 16, diff 3025.0%)
2026-06-01 02:29:17.067 - aiperf.metrics.types.osl_mismatch_metrics - WARNING - OSL mismatch: got 500 tokens (requested 288, diff 73.6%)
2026-06-01 02:29:17.081 - aiperf.metrics.types.osl_mismatch_metrics - WARNING - OSL mismatch: got 500 tokens (requested 48, diff 941.7%)
2026-06-01 02:29:17.124 - aiperf.metrics.types.osl_mismatch_metrics - WARNING - OSL mismatch: got 232 tokens (requested 122, diff 90.2%)
2026-06-01 02:29:17.169 - aiperf.metrics.types.osl_mismatch_metrics - WARNING - OSL mismatch: got 500 tokens (requested 13, diff 3746.2%)
2026-06-01 02:29:17.180 - aiperf.metrics.types.osl_mismatch_metrics - WARNING - OSL mismatch: got 500 tokens (requested 9, diff 5455.6%)
2026-06-01 02:29:17.185 - aiperf.metrics.types.osl_mismatch_metrics - WARNING - OSL mismatch: got 190 tokens (requested 52, diff 265.4%)
2026-06-01 02:29:17.301 - aiperf.metrics.types.osl_mismatch_metrics - WARNING - OSL mismatch: got 500 tokens (requested 379, diff 31.9%)
2026-06-01 02:29:17.301 - aiperf.metrics.types.osl_mismatch_metrics - WARNING - OSL mismatch: got 500 tokens (requested 345, diff 44.9%)
2026-06-01 02:29:17.342 - aiperf.metrics.types.osl_mismatch_metrics - WARNING - OSL mismatch: got 500 tokens (requested 13, diff 3746.2%)
2026-06-01 02:29:17.354 - aiperf.metrics.types.osl_mismatch_metrics - WARNING - OSL mismatch: got 500 tokens (requested 646, diff -22.6%)
2026-06-01 02:29:17.354 - aiperf.metrics.types.osl_mismatch_metrics - WARNING - OSL mismatch: got 500 tokens (requested 198, diff 152.5%)
2026-06-01 02:29:17.399 - aiperf.metrics.types.osl_mismatch_metrics - WARNING - OSL mismatch: got 500 tokens (requested 32, diff 1462.5%)
2026-06-01 02:29:17.485 - aiperf.metrics.types.osl_mismatch_metrics - WARNING - OSL mismatch: got 500 tokens (requested 19, diff 2531.6%)
2026-06-01 02:29:17.487 - aiperf.metrics.types.osl_mismatch_metrics - WARNING - OSL mismatch: got 500 tokens (requested 390, diff 28.2%)
2026-06-01 02:29:17.488 - aiperf.metrics.types.osl_mismatch_metrics - WARNING - OSL mismatch: got 500 tokens (requested 425, diff 17.6%)
2026-06-01 02:29:17.493 - aiperf.metrics.types.osl_mismatch_metrics - WARNING - OSL mismatch: got 500 tokens (requested 38, diff 1215.8%)
2026-06-01 02:29:17.534 - aiperf.metrics.types.osl_mismatch_metrics - WARNING - OSL mismatch: got 230 tokens (requested 64, diff 259.4%)
2026-06-01 02:29:17.537 - aiperf.metrics.types.osl_mismatch_metrics - WARNING - OSL mismatch: got 500 tokens (requested 85, diff 488.2%)
2026-06-01 02:29:17.584 - aiperf.metrics.types.osl_mismatch_metrics - WARNING - OSL mismatch: got 500 tokens (requested 52, diff 861.5%)
2026-06-01 02:29:17.685 - aiperf.metrics.types.osl_mismatch_metrics - WARNING - OSL mismatch: got 500 tokens (requested 256, diff 95.3%)
2026-06-01 02:29:17.822 - aiperf.metrics.types.osl_mismatch_metrics - WARNING - OSL mismatch: got 34 tokens (requested 36, diff -5.6%)
2026-06-01 02:29:17.878 - aiperf.metrics.types.osl_mismatch_metrics - WARNING - OSL mismatch: got 500 tokens (requested 10, diff 4900.0%)
2026-06-01 02:29:17.921 - aiperf.metrics.types.osl_mismatch_metrics - WARNING - OSL mismatch: got 105 tokens (requested 75, diff 40.0%)
2026-06-01 02:29:17.929 - aiperf.metrics.types.osl_mismatch_metrics - WARNING - OSL mismatch: got 497 tokens (requested 36, diff 1280.6%)
2026-06-01 02:29:18.029 - aiperf.metrics.types.osl_mismatch_metrics - WARNING - OSL mismatch: got 489 tokens (requested 133, diff 267.7%)
2026-06-01 02:29:18.078 - aiperf.metrics.types.osl_mismatch_metrics - WARNING - OSL mismatch: got 500 tokens (requested 35, diff 1328.6%)
2026-06-01 02:29:18.164 - aiperf.metrics.types.osl_mismatch_metrics - WARNING - OSL mismatch: got 500 tokens (requested 13, diff 3746.2%)
2026-06-01 02:29:18.262 - aiperf.metrics.types.osl_mismatch_metrics - WARNING - OSL mismatch: got 500 tokens (requested 13, diff 3746.2%)
2026-06-01 02:29:18.278 - aiperf.metrics.types.osl_mismatch_metrics - WARNING - OSL mismatch: got 500 tokens (requested 296, diff 68.9%)
2026-06-01 02:29:18.335 - aiperf.metrics.types.osl_mismatch_metrics - WARNING - OSL mismatch: got 500 tokens (requested 85, diff 488.2%)
2026-06-01 02:29:18.335 - aiperf.metrics.types.osl_mismatch_metrics - WARNING - OSL mismatch: got 500 tokens (requested 133, diff 275.9%)
2026-06-01 02:29:18.432 - aiperf.metrics.types.osl_mismatch_metrics - WARNING - OSL mismatch: got 500 tokens (requested 145, diff 244.8%)
2026-06-01 02:29:18.446 - aiperf.metrics.types.osl_mismatch_metrics - WARNING - OSL mismatch: got 436 tokens (requested 226, diff 92.9%)
2026-06-01 02:29:18.485 - aiperf.metrics.types.osl_mismatch_metrics - WARNING - OSL mismatch: got 500 tokens (requested 343, diff 45.8%)
2026-06-01 02:29:18.504 - aiperf.metrics.types.osl_mismatch_metrics - WARNING - OSL mismatch: got 173 tokens (requested 41, diff 322.0%)
2026-06-01 02:29:18.586 - aiperf.metrics.types.osl_mismatch_metrics - WARNING - OSL mismatch: got 500 tokens (requested 310, diff 61.3%)
2026-06-01 02:29:18.597 - aiperf.metrics.types.osl_mismatch_metrics - WARNING - OSL mismatch: got 349 tokens (requested 13, diff 2584.6%)
2026-06-01 02:29:18.634 - aiperf.metrics.types.osl_mismatch_metrics - WARNING - OSL mismatch: got 500 tokens (requested 607, diff -17.6%)
2026-06-01 02:29:18.735 - aiperf.metrics.types.osl_mismatch_metrics - WARNING - OSL mismatch: got 500 tokens (requested 67, diff 646.3%)
2026-06-01 02:29:18.757 - aiperf.metrics.types.osl_mismatch_metrics - WARNING - OSL mismatch: got 500 tokens (requested 664, diff -24.7%)
2026-06-01 02:29:18.772 - aiperf.metrics.types.osl_mismatch_metrics - WARNING - OSL mismatch: got 500 tokens (requested 18, diff 2677.8%)
2026-06-01 02:29:18.903 - aiperf.metrics.types.osl_mismatch_metrics - WARNING - OSL mismatch: got 395 tokens (requested 247, diff 59.9%)
2026-06-01 02:29:18.981 - aiperf.metrics.types.osl_mismatch_metrics - WARNING - OSL mismatch: got 500 tokens (requested 467, diff 7.1%)
2026-06-01 02:29:19.130 - aiperf.metrics.types.osl_mismatch_metrics - WARNING - OSL mismatch: got 500 tokens (requested 135, diff 270.4%)
2026-06-01 02:29:19.191 - aiperf.metrics.types.osl_mismatch_metrics - WARNING - OSL mismatch: got 500 tokens (requested 335, diff 49.3%)
2026-06-01 02:29:19.266 - aiperf.metrics.types.osl_mismatch_metrics - WARNING - OSL mismatch: got 500 tokens (requested 14, diff 3471.4%)
2026-06-01 02:29:19.354 - aiperf.metrics.types.osl_mismatch_metrics - WARNING - OSL mismatch: got 500 tokens (requested 390, diff 28.2%)
2026-06-01 02:29:19.406 - aiperf.metrics.types.osl_mismatch_metrics - WARNING - OSL mismatch: got 500 tokens (requested 13, diff 3746.2%)
2026-06-01 02:29:19.570 - aiperf.metrics.types.osl_mismatch_metrics - WARNING - OSL mismatch: got 500 tokens (requested 65, diff 669.2%)
2026-06-01 02:29:19.606 - aiperf.metrics.types.osl_mismatch_metrics - WARNING - OSL mismatch: got 500 tokens (requested 381, diff 31.2%)
2026-06-01 02:29:19.607 - aiperf.metrics.types.osl_mismatch_metrics - WARNING - OSL mismatch: got 500 tokens (requested 4, diff 12400.0%)
2026-06-01 02:29:19.756 - aiperf.metrics.types.osl_mismatch_metrics - WARNING - OSL mismatch: got 480 tokens (requested 667, diff -28.0%)
2026-06-01 02:29:19.894 - aiperf.metrics.types.osl_mismatch_metrics - WARNING - OSL mismatch: got 500 tokens (requested 709, diff -29.5%)
2026-06-01 02:29:20.040 - aiperf.metrics.types.osl_mismatch_metrics - WARNING - OSL mismatch: got 500 tokens (requested 270, diff 85.2%)
2026-06-01 02:29:20.182 - aiperf.metrics.types.osl_mismatch_metrics - WARNING - OSL mismatch: got 500 tokens (requested 216, diff 131.5%)
2026-06-01 02:29:20.183 - aiperf.metrics.types.osl_mismatch_metrics - WARNING - OSL mismatch: got 500 tokens (requested 122, diff 309.8%)
2026-06-01 02:29:20.185 - aiperf.metrics.types.osl_mismatch_metrics - WARNING - OSL mismatch: got 500 tokens (requested 5, diff 9900.0%)
2026-06-01 02:29:20.192 - aiperf.metrics.types.osl_mismatch_metrics - WARNING - OSL mismatch: got 502 tokens (requested 630, diff -20.3%)
2026-06-01 02:29:20.192 - aiperf.metrics.types.osl_mismatch_metrics - WARNING - OSL mismatch: got 500 tokens (requested 1086, diff -54.0%)
2026-06-01 02:29:20.192 - aiperf.metrics.types.osl_mismatch_metrics - WARNING - OSL mismatch: got 500 tokens (requested 97, diff 415.5%)
2026-06-01 02:29:20.217 - aiperf.metrics.types.osl_mismatch_metrics - WARNING - OSL mismatch: got 499 tokens (requested 252, diff 98.0%)
2026-06-01 02:29:20.315 - aiperf.metrics.types.osl_mismatch_metrics - WARNING - OSL mismatch: got 500 tokens (requested 398, diff 25.6%)
2026-06-01 02:29:20.324 - aiperf.metrics.types.osl_mismatch_metrics - WARNING - OSL mismatch: got 135 tokens (requested 81, diff 66.7%)
2026-06-01 02:29:20.385 - aiperf.metrics.types.osl_mismatch_metrics - WARNING - OSL mismatch: got 48 tokens (requested 239, diff -79.9%)
2026-06-01 02:29:20.392 - aiperf.metrics.types.osl_mismatch_metrics - WARNING - OSL mismatch: got 500 tokens (requested 626, diff -20.1%)
2026-06-01 02:29:20.412 - aiperf.metrics.types.osl_mismatch_metrics - WARNING - OSL mismatch: got 163 tokens (requested 150, diff 8.7%)
2026-06-01 02:29:20.460 - aiperf.metrics.types.osl_mismatch_metrics - WARNING - OSL mismatch: got 61 tokens (requested 23, diff 165.2%)
2026-06-01 02:29:20.491 - aiperf.metrics.types.osl_mismatch_metrics - WARNING - OSL mismatch: got 500 tokens (requested 749, diff -33.2%)
2026-06-01 02:29:20.528 - aiperf.metrics.types.osl_mismatch_metrics - WARNING - OSL mismatch: got 500 tokens (requested 429, diff 16.6%)
2026-06-01 02:29:20.529 - aiperf.metrics.types.osl_mismatch_metrics - WARNING - OSL mismatch: got 499 tokens (requested 631, diff -20.9%)
2026-06-01 02:29:20.580 - aiperf.metrics.types.osl_mismatch_metrics - WARNING - OSL mismatch: got 500 tokens (requested 646, diff -22.6%)
2026-06-01 02:29:20.588 - aiperf.metrics.types.osl_mismatch_metrics - WARNING - OSL mismatch: got 500 tokens (requested 351, diff 42.5%)
2026-06-01 02:29:20.590 - aiperf.metrics.types.osl_mismatch_metrics - WARNING - OSL mismatch: got 500 tokens (requested 114, diff 338.6%)
2026-06-01 02:29:20.592 - aiperf.metrics.types.osl_mismatch_metrics - WARNING - OSL mismatch: got 500 tokens (requested 25, diff 1900.0%)
2026-06-01 02:29:20.597 - aiperf.metrics.types.osl_mismatch_metrics - WARNING - OSL mismatch: got 104 tokens (requested 76, diff 36.8%)
2026-06-01 02:29:20.691 - aiperf.metrics.types.osl_mismatch_metrics - WARNING - OSL mismatch: got 500 tokens (requested 307, diff 62.9%)
2026-06-01 02:29:20.704 - aiperf.metrics.types.osl_mismatch_metrics - WARNING - OSL mismatch: got 500 tokens (requested 22, diff 2172.7%)
2026-06-01 02:29:20.791 - aiperf.metrics.types.osl_mismatch_metrics - WARNING - OSL mismatch: got 500 tokens (requested 7, diff 7042.9%)
2026-06-01 02:29:20.793 - aiperf.metrics.types.osl_mismatch_metrics - WARNING - OSL mismatch: got 500 tokens (requested 12, diff 4066.7%)
2026-06-01 02:29:20.899 - aiperf.metrics.types.osl_mismatch_metrics - WARNING - OSL mismatch: got 500 tokens (requested 119, diff 320.2%)
2026-06-01 02:29:20.914 - aiperf.metrics.types.osl_mismatch_metrics - WARNING - OSL mismatch: got 500 tokens (requested 313, diff 59.7%)
2026-06-01 02:29:20.936 - aiperf.metrics.types.osl_mismatch_metrics - WARNING - OSL mismatch: got 500 tokens (requested 596, diff -16.1%)
2026-06-01 02:29:20.960 - aiperf.metrics.types.osl_mismatch_metrics - WARNING - OSL mismatch: got 229 tokens (requested 10, diff 2190.0%)
2026-06-01 02:29:21.021 - aiperf.metrics.types.osl_mismatch_metrics - WARNING - OSL mismatch: got 500 tokens (requested 291, diff 71.8%)
2026-06-01 02:29:21.133 - aiperf.metrics.types.osl_mismatch_metrics - WARNING - OSL mismatch: got 500 tokens (requested 440, diff 13.6%)
2026-06-01 02:29:21.258 - aiperf.metrics.types.osl_mismatch_metrics - WARNING - OSL mismatch: got 500 tokens (requested 25, diff 1900.0%)
2026-06-01 02:29:21.287 - aiperf.metrics.types.osl_mismatch_metrics - WARNING - OSL mismatch: got 66 tokens (requested 51, diff 29.4%)
2026-06-01 02:29:21.291 - aiperf.metrics.types.osl_mismatch_metrics - WARNING - OSL mismatch: got 412 tokens (requested 131, diff 214.5%)
2026-06-01 02:29:21.293 - aiperf.metrics.types.osl_mismatch_metrics - WARNING - OSL mismatch: got 500 tokens (requested 86, diff 481.4%)
2026-06-01 02:29:21.351 - aiperf.metrics.types.osl_mismatch_metrics - WARNING - OSL mismatch: got 500 tokens (requested 63, diff 693.7%)
2026-06-01 02:29:21.352 - aiperf.metrics.types.osl_mismatch_metrics - WARNING - OSL mismatch: got 500 tokens (requested 20, diff 2400.0%)
2026-06-01 02:29:21.399 - aiperf.metrics.types.osl_mismatch_metrics - WARNING - OSL mismatch: got 500 tokens (requested 361, diff 38.5%)
2026-06-01 02:29:21.436 - aiperf.metrics.types.osl_mismatch_metrics - WARNING - OSL mismatch: got 500 tokens (requested 10, diff 4900.0%)
2026-06-01 02:29:21.513 - aiperf.metrics.types.osl_mismatch_metrics - WARNING - OSL mismatch: got 500 tokens (requested 17, diff 2841.2%)
2026-06-01 02:29:21.547 - aiperf.metrics.types.osl_mismatch_metrics - WARNING - OSL mismatch: got 344 tokens (requested 13, diff 2546.2%)
2026-06-01 02:29:21.586 - aiperf.metrics.types.osl_mismatch_metrics - WARNING - OSL mismatch: got 500 tokens (requested 6, diff 8233.3%)
2026-06-01 02:29:21.598 - aiperf.metrics.types.osl_mismatch_metrics - WARNING - OSL mismatch: got 500 tokens (requested 15, diff 3233.3%)
2026-06-01 02:29:21.633 - aiperf.metrics.types.osl_mismatch_metrics - WARNING - OSL mismatch: got 500 tokens (requested 8, diff 6150.0%)
2026-06-01 02:29:21.681 - aiperf.metrics.types.osl_mismatch_metrics - WARNING - OSL mismatch: got 500 tokens (requested 455, diff 9.9%)
2026-06-01 02:29:21.718 - aiperf.metrics.types.osl_mismatch_metrics - WARNING - OSL mismatch: got 480 tokens (requested 311, diff 54.3%)
2026-06-01 02:29:21.916 - aiperf.metrics.types.osl_mismatch_metrics - WARNING - OSL mismatch: got 500 tokens (requested 376, diff 33.0%)
2026-06-01 02:29:21.927 - aiperf.metrics.types.osl_mismatch_metrics - WARNING - OSL mismatch: got 500 tokens (requested 130, diff 284.6%)
2026-06-01 02:29:22.109 - aiperf.metrics.types.osl_mismatch_metrics - WARNING - OSL mismatch: got 500 tokens (requested 249, diff 100.8%)
2026-06-01 02:29:22.158 - aiperf.metrics.types.osl_mismatch_metrics - WARNING - OSL mismatch: got 500 tokens (requested 292, diff 71.2%)
2026-06-01 02:29:22.195 - aiperf.metrics.types.osl_mismatch_metrics - WARNING - OSL mismatch: got 500 tokens (requested 418, diff 19.6%)
2026-06-01 02:29:22.195 - aiperf.metrics.types.osl_mismatch_metrics - WARNING - OSL mismatch: got 500 tokens (requested 352, diff 42.0%)
2026-06-01 02:29:22.328 - aiperf.metrics.types.osl_mismatch_metrics - WARNING - OSL mismatch: got 500 tokens (requested 144, diff 247.2%)
2026-06-01 02:29:22.343 - aiperf.metrics.types.osl_mismatch_metrics - WARNING - OSL mismatch: got 500 tokens (requested 6, diff 8233.3%)
2026-06-01 02:29:22.477 - aiperf.metrics.types.osl_mismatch_metrics - WARNING - OSL mismatch: got 500 tokens (requested 49, diff 920.4%)
2026-06-01 02:29:22.527 - aiperf.metrics.types.osl_mismatch_metrics - WARNING - OSL mismatch: got 500 tokens (requested 4, diff 12400.0%)
2026-06-01 02:29:22.553 - aiperf.metrics.types.osl_mismatch_metrics - WARNING - OSL mismatch: got 500 tokens (requested 33, diff 1415.2%)
2026-06-01 02:29:22.600 - aiperf.metrics.types.osl_mismatch_metrics - WARNING - OSL mismatch: got 500 tokens (requested 21, diff 2281.0%)
2026-06-01 02:29:22.626 - aiperf.metrics.types.osl_mismatch_metrics - WARNING - OSL mismatch: got 500 tokens (requested 11, diff 4445.5%)
2026-06-01 02:29:22.635 - aiperf.metrics.types.osl_mismatch_metrics - WARNING - OSL mismatch: got 500 tokens (requested 17, diff 2841.2%)
2026-06-01 02:29:22.636 - aiperf.metrics.types.osl_mismatch_metrics - WARNING - OSL mismatch: got 500 tokens (requested 326, diff 53.4%)
2026-06-01 02:29:22.712 - aiperf.metrics.types.osl_mismatch_metrics - WARNING - OSL mismatch: got 500 tokens (requested 39, diff 1182.1%)
2026-06-01 02:29:22.759 - aiperf.metrics.types.osl_mismatch_metrics - WARNING - OSL mismatch: got 390 tokens (requested 5, diff 7700.0%)
2026-06-01 02:29:22.770 - aiperf.metrics.types.osl_mismatch_metrics - WARNING - OSL mismatch: got 500 tokens (requested 192, diff 160.4%)
2026-06-01 02:29:22.832 - aiperf.metrics.types.osl_mismatch_metrics - WARNING - OSL mismatch: got 500 tokens (requested 401, diff 24.7%)
2026-06-01 02:29:22.855 - aiperf.metrics.types.osl_mismatch_metrics - WARNING - OSL mismatch: got 398 tokens (requested 29, diff 1272.4%)
2026-06-01 02:29:23.077 - aiperf.metrics.types.osl_mismatch_metrics - WARNING - OSL mismatch: got 415 tokens (requested 144, diff 188.2%)
2026-06-01 02:29:23.111 - aiperf.metrics.types.osl_mismatch_metrics - WARNING - OSL mismatch: got 204 tokens (requested 116, diff 75.9%)
2026-06-01 02:29:23.125 - aiperf.metrics.types.osl_mismatch_metrics - WARNING - OSL mismatch: got 203 tokens (requested 12, diff 1591.7%)
2026-06-01 02:29:23.168 - aiperf.metrics.types.osl_mismatch_metrics - WARNING - OSL mismatch: got 500 tokens (requested 555, diff -9.9%)
2026-06-01 02:29:23.191 - aiperf.metrics.types.osl_mismatch_metrics - WARNING - OSL mismatch: got 500 tokens (requested 114, diff 338.6%)
2026-06-01 02:29:23.250 - aiperf.metrics.types.osl_mismatch_metrics - WARNING - OSL mismatch: got 500 tokens (requested 453, diff 10.4%)
2026-06-01 02:29:23.264 - aiperf.metrics.types.osl_mismatch_metrics - WARNING - OSL mismatch: got 500 tokens (requested 9, diff 5455.6%)
2026-06-01 02:29:23.305 - aiperf.metrics.types.osl_mismatch_metrics - WARNING - OSL mismatch: got 500 tokens (requested 323, diff 54.8%)
2026-06-01 02:29:23.427 - aiperf.metrics.types.osl_mismatch_metrics - WARNING - OSL mismatch: got 500 tokens (requested 383, diff 30.5%)
2026-06-01 02:29:23.479 - aiperf.metrics.types.osl_mismatch_metrics - WARNING - OSL mismatch: got 500 tokens (requested 130, diff 284.6%)
2026-06-01 02:29:23.492 - aiperf.metrics.types.osl_mismatch_metrics - WARNING - OSL mismatch: got 498 tokens (requested 216, diff 130.6%)
2026-06-01 02:29:23.542 - aiperf.metrics.types.osl_mismatch_metrics - WARNING - OSL mismatch: got 500 tokens (requested 380, diff 31.6%)
2026-06-01 02:29:23.594 - aiperf.metrics.types.osl_mismatch_metrics - WARNING - OSL mismatch: got 500 tokens (requested 36, diff 1288.9%)
2026-06-01 02:29:23.669 - aiperf.metrics.types.osl_mismatch_metrics - WARNING - OSL mismatch: got 500 tokens (requested 235, diff 112.8%)
2026-06-01 02:29:23.669 - aiperf.metrics.types.osl_mismatch_metrics - WARNING - OSL mismatch: got 500 tokens (requested 675, diff -25.9%)
2026-06-01 02:29:23.669 - aiperf.metrics.types.osl_mismatch_metrics - WARNING - OSL mismatch: got 500 tokens (requested 232, diff 115.5%)
2026-06-01 02:29:23.670 - aiperf.metrics.types.osl_mismatch_metrics - WARNING - OSL mismatch: got 500 tokens (requested 20, diff 2400.0%)
2026-06-01 02:29:23.805 - aiperf.metrics.types.osl_mismatch_metrics - WARNING - OSL mismatch: got 500 tokens (requested 379, diff 31.9%)
2026-06-01 02:29:23.826 - aiperf.metrics.types.osl_mismatch_metrics - WARNING - OSL mismatch: got 500 tokens (requested 769, diff -35.0%)
2026-06-01 02:29:23.845 - aiperf.metrics.types.osl_mismatch_metrics - WARNING - OSL mismatch: got 396 tokens (requested 330, diff 20.0%)
2026-06-01 02:29:23.865 - aiperf.metrics.types.osl_mismatch_metrics - WARNING - OSL mismatch: got 101 tokens (requested 94, diff 7.4%)
2026-06-01 02:29:24.009 - aiperf.metrics.types.osl_mismatch_metrics - WARNING - OSL mismatch: got 500 tokens (requested 13, diff 3746.2%)
2026-06-01 02:29:24.106 - aiperf.metrics.types.osl_mismatch_metrics - WARNING - OSL mismatch: got 500 tokens (requested 25, diff 1900.0%)
2026-06-01 02:29:24.118 - aiperf.metrics.types.osl_mismatch_metrics - WARNING - OSL mismatch: got 283 tokens (requested 98, diff 188.8%)
2026-06-01 02:29:24.120 - aiperf.metrics.types.osl_mismatch_metrics - WARNING - OSL mismatch: got 500 tokens (requested 230, diff 117.4%)
2026-06-01 02:29:24.123 - aiperf.metrics.types.osl_mismatch_metrics - WARNING - OSL mismatch: got 500 tokens (requested 17, diff 2841.2%)
2026-06-01 02:29:24.155 - aiperf.metrics.types.osl_mismatch_metrics - WARNING - OSL mismatch: got 500 tokens (requested 39, diff 1182.1%)
2026-06-01 02:29:24.205 - aiperf.metrics.types.osl_mismatch_metrics - WARNING - OSL mismatch: got 500 tokens (requested 171, diff 192.4%)
2026-06-01 02:29:24.291 - aiperf.metrics.types.osl_mismatch_metrics - WARNING - OSL mismatch: got 500 tokens (requested 27, diff 1751.9%)
2026-06-01 02:29:24.313 - aiperf.metrics.types.osl_mismatch_metrics - WARNING - OSL mismatch: got 500 tokens (requested 788, diff -36.5%)
2026-06-01 02:29:24.347 - aiperf.metrics.types.osl_mismatch_metrics - WARNING - OSL mismatch: got 500 tokens (requested 379, diff 31.9%)
2026-06-01 02:29:24.499 - aiperf.metrics.types.osl_mismatch_metrics - WARNING - OSL mismatch: got 500 tokens (requested 35, diff 1328.6%)
2026-06-01 02:29:24.535 - aiperf.metrics.types.osl_mismatch_metrics - WARNING - OSL mismatch: got 500 tokens (requested 15, diff 3233.3%)
2026-06-01 02:29:24.596 - aiperf.metrics.types.osl_mismatch_metrics - WARNING - OSL mismatch: got 500 tokens (requested 8, diff 6150.0%)
2026-06-01 02:29:24.719 - aiperf.metrics.types.osl_mismatch_metrics - WARNING - OSL mismatch: got 500 tokens (requested 5, diff 9900.0%)
2026-06-01 02:29:24.744 - aiperf.metrics.types.osl_mismatch_metrics - WARNING - OSL mismatch: got 500 tokens (requested 292, diff 71.2%)
2026-06-01 02:29:24.755 - aiperf.metrics.types.osl_mismatch_metrics - WARNING - OSL mismatch: got 500 tokens (requested 27, diff 1751.9%)
2026-06-01 02:29:24.841 - aiperf.metrics.types.osl_mismatch_metrics - WARNING - OSL mismatch: got 500 tokens (requested 203, diff 146.3%)
2026-06-01 02:29:24.858 - aiperf.metrics.types.osl_mismatch_metrics - WARNING - OSL mismatch: got 42 tokens (requested 12, diff 250.0%)
2026-06-01 02:29:24.865 - aiperf.metrics.types.osl_mismatch_metrics - WARNING - OSL mismatch: got 500 tokens (requested 250, diff 100.0%)
2026-06-01 02:29:25.010 - aiperf.metrics.types.osl_mismatch_metrics - WARNING - OSL mismatch: got 500 tokens (requested 14, diff 3471.4%)
2026-06-01 02:29:25.039 - aiperf.metrics.types.osl_mismatch_metrics - WARNING - OSL mismatch: got 500 tokens (requested 242, diff 106.6%)
2026-06-01 02:29:25.051 - aiperf.metrics.types.osl_mismatch_metrics - WARNING - OSL mismatch: got 500 tokens (requested 226, diff 121.2%)
2026-06-01 02:29:25.054 - aiperf.metrics.types.osl_mismatch_metrics - WARNING - OSL mismatch: got 500 tokens (requested 255, diff 96.1%)
2026-06-01 02:29:25.080 - aiperf.metrics.types.osl_mismatch_metrics - WARNING - OSL mismatch: got 18 tokens (requested 82, diff -78.0%)
2026-06-01 02:29:25.088 - aiperf.metrics.types.osl_mismatch_metrics - WARNING - OSL mismatch: got 500 tokens (requested 11, diff 4445.5%)
2026-06-01 02:29:25.183 - aiperf.metrics.types.osl_mismatch_metrics - WARNING - OSL mismatch: got 175 tokens (requested 39, diff 348.7%)
2026-06-01 02:29:25.308 - aiperf.metrics.types.osl_mismatch_metrics - WARNING - OSL mismatch: got 287 tokens (requested 16, diff 1693.8%)
2026-06-01 02:29:25.334 - aiperf.metrics.types.osl_mismatch_metrics - WARNING - OSL mismatch: got 500 tokens (requested 562, diff -11.0%)
2026-06-01 02:29:25.518 - aiperf.metrics.types.osl_mismatch_metrics - WARNING - OSL mismatch: got 500 tokens (requested 270, diff 85.2%)
2026-06-01 02:29:25.593 - aiperf.metrics.types.osl_mismatch_metrics - WARNING - OSL mismatch: got 62 tokens (requested 53, diff 17.0%)
2026-06-01 02:29:25.612 - aiperf.metrics.types.osl_mismatch_metrics - WARNING - OSL mismatch: got 500 tokens (requested 13, diff 3746.2%)
2026-06-01 02:29:25.648 - aiperf.metrics.types.osl_mismatch_metrics - WARNING - OSL mismatch: got 500 tokens (requested 622, diff -19.6%)
2026-06-01 02:29:25.758 - aiperf.metrics.types.osl_mismatch_metrics - WARNING - OSL mismatch: got 500 tokens (requested 4, diff 12400.0%)
2026-06-01 02:29:25.827 - aiperf.metrics.types.osl_mismatch_metrics - WARNING - OSL mismatch: got 500 tokens (requested 245, diff 104.1%)
2026-06-01 02:29:25.849 - aiperf.metrics.types.osl_mismatch_metrics - WARNING - OSL mismatch: got 500 tokens (requested 29, diff 1624.1%)
2026-06-01 02:29:25.881 - aiperf.metrics.types.osl_mismatch_metrics - WARNING - OSL mismatch: got 345 tokens (requested 15, diff 2200.0%)
2026-06-01 02:29:25.907 - aiperf.metrics.types.osl_mismatch_metrics - WARNING - OSL mismatch: got 500 tokens (requested 8, diff 6150.0%)
2026-06-01 02:29:25.907 - aiperf.metrics.types.osl_mismatch_metrics - WARNING - OSL mismatch: got 500 tokens (requested 41, diff 1119.5%)
2026-06-01 02:29:25.922 - aiperf.metrics.types.osl_mismatch_metrics - WARNING - OSL mismatch: got 500 tokens (requested 33, diff 1415.2%)
2026-06-01 02:29:26.091 - aiperf.metrics.types.osl_mismatch_metrics - WARNING - OSL mismatch: got 500 tokens (requested 76, diff 557.9%)
2026-06-01 02:29:26.126 - aiperf.metrics.types.osl_mismatch_metrics - WARNING - OSL mismatch: got 500 tokens (requested 392, diff 27.6%)
2026-06-01 02:29:26.183 - aiperf.metrics.types.osl_mismatch_metrics - WARNING - OSL mismatch: got 245 tokens (requested 14, diff 1650.0%)
2026-06-01 02:29:26.304 - aiperf.metrics.types.osl_mismatch_metrics - WARNING - OSL mismatch: got 52 tokens (requested 27, diff 92.6%)
2026-06-01 02:29:26.361 - aiperf.metrics.types.osl_mismatch_metrics - WARNING - OSL mismatch: got 500 tokens (requested 33, diff 1415.2%)
2026-06-01 02:29:26.449 - aiperf.metrics.types.osl_mismatch_metrics - WARNING - OSL mismatch: got 500 tokens (requested 584, diff -14.4%)
2026-06-01 02:29:26.482 - aiperf.metrics.types.osl_mismatch_metrics - WARNING - OSL mismatch: got 500 tokens (requested 360, diff 38.9%)
2026-06-01 02:29:26.576 - aiperf.metrics.types.osl_mismatch_metrics - WARNING - OSL mismatch: got 158 tokens (requested 97, diff 62.9%)
2026-06-01 02:29:26.605 - aiperf.metrics.types.osl_mismatch_metrics - WARNING - OSL mismatch: got 500 tokens (requested 211, diff 137.0%)
2026-06-01 02:29:26.701 - aiperf.metrics.types.osl_mismatch_metrics - WARNING - OSL mismatch: got 500 tokens (requested 345, diff 44.9%)
2026-06-01 02:29:26.788 - aiperf.metrics.types.osl_mismatch_metrics - WARNING - OSL mismatch: got 500 tokens (requested 133, diff 275.9%)
2026-06-01 02:29:26.837 - aiperf.metrics.types.osl_mismatch_metrics - WARNING - OSL mismatch: got 379 tokens (requested 16, diff 2268.8%)
2026-06-01 02:29:26.851 - aiperf.metrics.types.osl_mismatch_metrics - WARNING - OSL mismatch: got 500 tokens (requested 555, diff -9.9%)
2026-06-01 02:29:26.876 - aiperf.metrics.types.osl_mismatch_metrics - WARNING - OSL mismatch: got 500 tokens (requested 314, diff 59.2%)
2026-06-01 02:29:27.020 - aiperf.metrics.types.osl_mismatch_metrics - WARNING - OSL mismatch: got 500 tokens (requested 236, diff 111.9%)
2026-06-01 02:29:27.084 - aiperf.metrics.types.osl_mismatch_metrics - WARNING - OSL mismatch: got 500 tokens (requested 29, diff 1624.1%)
2026-06-01 02:29:27.154 - aiperf.metrics.types.osl_mismatch_metrics - WARNING - OSL mismatch: got 500 tokens (requested 22, diff 2172.7%)
2026-06-01 02:29:27.270 - aiperf.metrics.types.osl_mismatch_metrics - WARNING - OSL mismatch: got 500 tokens (requested 767, diff -34.8%)
2026-06-01 02:29:27.277 - aiperf.metrics.types.osl_mismatch_metrics - WARNING - OSL mismatch: got 501 tokens (requested 35, diff 1331.4%)
2026-06-01 02:29:27.339 - aiperf.metrics.types.osl_mismatch_metrics - WARNING - OSL mismatch: got 500 tokens (requested 211, diff 137.0%)
2026-06-01 02:29:27.386 - aiperf.metrics.types.osl_mismatch_metrics - WARNING - OSL mismatch: got 500 tokens (requested 13, diff 3746.2%)
2026-06-01 02:29:27.426 - aiperf.metrics.types.osl_mismatch_metrics - WARNING - OSL mismatch: got 500 tokens (requested 471, diff 6.2%)
2026-06-01 02:29:27.544 - aiperf.metrics.types.osl_mismatch_metrics - WARNING - OSL mismatch: got 354 tokens (requested 12, diff 2850.0%)
2026-06-01 02:29:27.559 - aiperf.metrics.types.osl_mismatch_metrics - WARNING - OSL mismatch: got 500 tokens (requested 178, diff 180.9%)
2026-06-01 02:29:27.571 - aiperf.metrics.types.osl_mismatch_metrics - WARNING - OSL mismatch: got 500 tokens (requested 18, diff 2677.8%)
2026-06-01 02:29:27.607 - aiperf.metrics.types.osl_mismatch_metrics - WARNING - OSL mismatch: got 500 tokens (requested 704, diff -29.0%)
2026-06-01 02:29:27.636 - aiperf.metrics.types.osl_mismatch_metrics - WARNING - OSL mismatch: got 57 tokens (requested 23, diff 147.8%)
2026-06-01 02:29:27.668 - aiperf.metrics.types.osl_mismatch_metrics - WARNING - OSL mismatch: got 500 tokens (requested 405, diff 23.5%)
2026-06-01 02:29:27.676 - aiperf.metrics.types.osl_mismatch_metrics - WARNING - OSL mismatch: got 270 tokens (requested 139, diff 94.2%)
2026-06-01 02:29:27.790 - aiperf.metrics.types.osl_mismatch_metrics - WARNING - OSL mismatch: got 500 tokens (requested 25, diff 1900.0%)
2026-06-01 02:29:27.815 - aiperf.metrics.types.osl_mismatch_metrics - WARNING - OSL mismatch: got 500 tokens (requested 28, diff 1685.7%)
2026-06-01 02:29:27.896 - aiperf.metrics.types.osl_mismatch_metrics - WARNING - OSL mismatch: got 500 tokens (requested 450, diff 11.1%)
2026-06-01 02:29:27.897 - aiperf.metrics.types.osl_mismatch_metrics - WARNING - OSL mismatch: got 500 tokens (requested 7, diff 7042.9%)
2026-06-01 02:29:27.934 - aiperf.metrics.types.osl_mismatch_metrics - WARNING - OSL mismatch: got 500 tokens (requested 283, diff 76.7%)
2026-06-01 02:29:27.947 - aiperf.metrics.types.osl_mismatch_metrics - WARNING - OSL mismatch: got 500 tokens (requested 14, diff 3471.4%)
2026-06-01 02:29:28.081 - aiperf.metrics.types.osl_mismatch_metrics - WARNING - OSL mismatch: got 500 tokens (requested 377, diff 32.6%)
2026-06-01 02:29:28.081 - aiperf.metrics.types.osl_mismatch_metrics - WARNING - OSL mismatch: got 500 tokens (requested 18, diff 2677.8%)
2026-06-01 02:29:28.082 - aiperf.metrics.types.osl_mismatch_metrics - WARNING - OSL mismatch: got 500 tokens (requested 780, diff -35.9%)
2026-06-01 02:29:28.165 - aiperf.metrics.types.osl_mismatch_metrics - WARNING - OSL mismatch: got 500 tokens (requested 23, diff 2073.9%)
2026-06-01 02:29:28.301 - aiperf.metrics.types.osl_mismatch_metrics - WARNING - OSL mismatch: got 500 tokens (requested 7, diff 7042.9%)
2026-06-01 02:29:28.323 - aiperf.metrics.types.osl_mismatch_metrics - WARNING - OSL mismatch: got 500 tokens (requested 10, diff 4900.0%)
2026-06-01 02:29:28.360 - aiperf.metrics.types.osl_mismatch_metrics - WARNING - OSL mismatch: got 500 tokens (requested 608, diff -17.8%)
2026-06-01 02:29:28.497 - aiperf.metrics.types.osl_mismatch_metrics - WARNING - OSL mismatch: got 500 tokens (requested 455, diff 9.9%)
2026-06-01 02:29:28.614 - aiperf.metrics.types.osl_mismatch_metrics - WARNING - OSL mismatch: got 56 tokens (requested 4, diff 1300.0%)
2026-06-01 02:29:28.618 - aiperf.metrics.types.osl_mismatch_metrics - WARNING - OSL mismatch: got 500 tokens (requested 691, diff -27.6%)
2026-06-01 02:29:28.750 - aiperf.metrics.types.osl_mismatch_metrics - WARNING - OSL mismatch: got 500 tokens (requested 93, diff 437.6%)
2026-06-01 02:29:28.752 - aiperf.metrics.types.osl_mismatch_metrics - WARNING - OSL mismatch: got 500 tokens (requested 23, diff 2073.9%)
2026-06-01 02:29:28.790 - aiperf.metrics.types.osl_mismatch_metrics - WARNING - OSL mismatch: got 500 tokens (requested 20, diff 2400.0%)
2026-06-01 02:29:28.790 - aiperf.metrics.types.osl_mismatch_metrics - WARNING - OSL mismatch: got 489 tokens (requested 225, diff 117.3%)
2026-06-01 02:29:28.868 - aiperf.metrics.types.osl_mismatch_metrics - WARNING - OSL mismatch: got 500 tokens (requested 19, diff 2531.6%)
2026-06-01 02:29:28.943 - aiperf.metrics.types.osl_mismatch_metrics - WARNING - OSL mismatch: got 500 tokens (requested 11, diff 4445.5%)
2026-06-01 02:29:28.966 - aiperf.metrics.types.osl_mismatch_metrics - WARNING - OSL mismatch: got 500 tokens (requested 469, diff 6.6%)
2026-06-01 02:29:29.126 - aiperf.metrics.types.osl_mismatch_metrics - WARNING - OSL mismatch: got 500 tokens (requested 17, diff 2841.2%)
2026-06-01 02:29:29.149 - aiperf.metrics.types.osl_mismatch_metrics - WARNING - OSL mismatch: got 500 tokens (requested 666, diff -24.9%)
2026-06-01 02:29:29.248 - aiperf.metrics.types.osl_mismatch_metrics - WARNING - OSL mismatch: got 500 tokens (requested 221, diff 126.2%)
2026-06-01 02:29:29.299 - aiperf.metrics.types.osl_mismatch_metrics - WARNING - OSL mismatch: got 11 tokens (requested 8, diff 37.5%)
2026-06-01 02:29:29.318 - aiperf.metrics.types.osl_mismatch_metrics - WARNING - OSL mismatch: got 440 tokens (requested 188, diff 134.0%)
2026-06-01 02:29:29.367 - aiperf.metrics.types.osl_mismatch_metrics - WARNING - OSL mismatch: got 500 tokens (requested 70, diff 614.3%)
2026-06-01 02:29:29.559 - aiperf.metrics.types.osl_mismatch_metrics - WARNING - OSL mismatch: got 336 tokens (requested 120, diff 180.0%)
2026-06-01 02:29:29.585 - aiperf.metrics.types.osl_mismatch_metrics - WARNING - OSL mismatch: got 500 tokens (requested 8, diff 6150.0%)
2026-06-01 02:29:29.585 - aiperf.metrics.types.osl_mismatch_metrics - WARNING - OSL mismatch: got 500 tokens (requested 25, diff 1900.0%)
2026-06-01 02:29:29.597 - aiperf.metrics.types.osl_mismatch_metrics - WARNING - OSL mismatch: got 500 tokens (requested 17, diff 2841.2%)
2026-06-01 02:29:29.597 - aiperf.metrics.types.osl_mismatch_metrics - WARNING - OSL mismatch: got 500 tokens (requested 652, diff -23.3%)
2026-06-01 02:29:29.659 - aiperf.metrics.types.osl_mismatch_metrics - WARNING - OSL mismatch: got 500 tokens (requested 58, diff 762.1%)
2026-06-01 02:29:29.681 - aiperf.metrics.types.osl_mismatch_metrics - WARNING - OSL mismatch: got 500 tokens (requested 574, diff -12.9%)
2026-06-01 02:29:29.755 - aiperf.metrics.types.osl_mismatch_metrics - WARNING - OSL mismatch: got 500 tokens (requested 11, diff 4445.5%)
2026-06-01 02:29:29.757 - aiperf.metrics.types.osl_mismatch_metrics - WARNING - OSL mismatch: got 47 tokens (requested 25, diff 88.0%)
2026-06-01 02:29:29.872 - aiperf.metrics.types.osl_mismatch_metrics - WARNING - OSL mismatch: got 500 tokens (requested 97, diff 415.5%)
2026-06-01 02:29:29.907 - aiperf.metrics.types.osl_mismatch_metrics - WARNING - OSL mismatch: got 412 tokens (requested 5, diff 8140.0%)
2026-06-01 02:29:29.908 - aiperf.metrics.types.osl_mismatch_metrics - WARNING - OSL mismatch: got 500 tokens (requested 329, diff 52.0%)
2026-06-01 02:29:29.945 - aiperf.metrics.types.osl_mismatch_metrics - WARNING - OSL mismatch: got 407 tokens (requested 15, diff 2613.3%)
2026-06-01 02:29:29.952 - aiperf.metrics.types.osl_mismatch_metrics - WARNING - OSL mismatch: got 242 tokens (requested 61, diff 296.7%)
2026-06-01 02:29:30.019 - aiperf.metrics.types.osl_mismatch_metrics - WARNING - OSL mismatch: got 387 tokens (requested 325, diff 19.1%)
2026-06-01 02:29:30.020 - aiperf.metrics.types.osl_mismatch_metrics - WARNING - OSL mismatch: got 500 tokens (requested 15, diff 3233.3%)
2026-06-01 02:29:30.100 - aiperf.metrics.types.osl_mismatch_metrics - WARNING - OSL mismatch: got 328 tokens (requested 161, diff 103.7%)
2026-06-01 02:29:30.126 - aiperf.metrics.types.osl_mismatch_metrics - WARNING - OSL mismatch: got 500 tokens (requested 250, diff 100.0%)
2026-06-01 02:29:30.128 - aiperf.metrics.types.osl_mismatch_metrics - WARNING - OSL mismatch: got 500 tokens (requested 33, diff 1415.2%)
2026-06-01 02:29:30.139 - aiperf.metrics.types.osl_mismatch_metrics - WARNING - OSL mismatch: got 500 tokens (requested 12, diff 4066.7%)
2026-06-01 02:29:30.197 - aiperf.metrics.types.osl_mismatch_metrics - WARNING - OSL mismatch: got 500 tokens (requested 336, diff 48.8%)
2026-06-01 02:29:30.284 - aiperf.metrics.types.osl_mismatch_metrics - WARNING - OSL mismatch: got 500 tokens (requested 220, diff 127.3%)
2026-06-01 02:29:30.437 - aiperf.metrics.types.osl_mismatch_metrics - WARNING - OSL mismatch: got 500 tokens (requested 292, diff 71.2%)
2026-06-01 02:29:30.497 - aiperf.metrics.types.osl_mismatch_metrics - WARNING - OSL mismatch: got 420 tokens (requested 172, diff 144.2%)
2026-06-01 02:29:30.531 - aiperf.metrics.types.osl_mismatch_metrics - WARNING - OSL mismatch: got 231 tokens (requested 4, diff 5675.0%)
2026-06-01 02:29:30.547 - aiperf.metrics.types.osl_mismatch_metrics - WARNING - OSL mismatch: got 500 tokens (requested 398, diff 25.6%)
2026-06-01 02:29:30.631 - aiperf.metrics.types.osl_mismatch_metrics - WARNING - OSL mismatch: got 500 tokens (requested 312, diff 60.3%)
2026-06-01 02:29:30.752 - aiperf.metrics.types.osl_mismatch_metrics - WARNING - OSL mismatch: got 500 tokens (requested 589, diff -15.1%)
2026-06-01 02:29:30.925 - aiperf.metrics.types.osl_mismatch_metrics - WARNING - OSL mismatch: got 500 tokens (requested 382, diff 30.9%)
2026-06-01 02:29:30.939 - aiperf.metrics.types.osl_mismatch_metrics - WARNING - OSL mismatch: got 500 tokens (requested 20, diff 2400.0%)
2026-06-01 02:29:31.187 - aiperf.metrics.types.osl_mismatch_metrics - WARNING - OSL mismatch: got 500 tokens (requested 16, diff 3025.0%)
2026-06-01 02:29:31.222 - aiperf.metrics.types.osl_mismatch_metrics - WARNING - OSL mismatch: got 500 tokens (requested 735, diff -32.0%)
2026-06-01 02:29:31.236 - aiperf.metrics.types.osl_mismatch_metrics - WARNING - OSL mismatch: got 500 tokens (requested 60, diff 733.3%)
2026-06-01 02:29:31.395 - aiperf.metrics.types.osl_mismatch_metrics - WARNING - OSL mismatch: got 500 tokens (requested 12, diff 4066.7%)
2026-06-01 02:29:31.675 - aiperf.metrics.types.osl_mismatch_metrics - WARNING - OSL mismatch: got 500 tokens (requested 60, diff 733.3%)
2026-06-01 02:29:31.760 - aiperf.metrics.types.osl_mismatch_metrics - WARNING - OSL mismatch: got 500 tokens (requested 587, diff -14.8%)
2026-06-01 02:29:31.770 - aiperf.metrics.types.osl_mismatch_metrics - WARNING - OSL mismatch: got 500 tokens (requested 403, diff 24.1%)
2026-06-01 02:29:31.782 - aiperf.metrics.types.osl_mismatch_metrics - WARNING - OSL mismatch: got 500 tokens (requested 48, diff 941.7%)
2026-06-01 02:29:31.796 - aiperf.metrics.types.osl_mismatch_metrics - WARNING - OSL mismatch: got 500 tokens (requested 8, diff 6150.0%)
2026-06-01 02:29:31.796 - aiperf.metrics.types.osl_mismatch_metrics - WARNING - OSL mismatch: got 500 tokens (requested 7, diff 7042.9%)
2026-06-01 02:29:31.891 - aiperf.metrics.types.osl_mismatch_metrics - WARNING - OSL mismatch: got 500 tokens (requested 19, diff 2531.6%)
2026-06-01 02:29:31.950 - aiperf.metrics.types.osl_mismatch_metrics - WARNING - OSL mismatch: got 283 tokens (requested 7, diff 3942.9%)
2026-06-01 02:29:32.000 - aiperf.metrics.types.osl_mismatch_metrics - WARNING - OSL mismatch: got 500 tokens (requested 10, diff 4900.0%)
2026-06-01 02:29:32.000 - aiperf.metrics.types.osl_mismatch_metrics - WARNING - OSL mismatch: got 500 tokens (requested 622, diff -19.6%)
2026-06-01 02:29:32.007 - aiperf.metrics.types.osl_mismatch_metrics - WARNING - OSL mismatch: got 113 tokens (requested 56, diff 101.8%)
2026-06-01 02:29:32.013 - aiperf.metrics.types.osl_mismatch_metrics - WARNING - OSL mismatch: got 500 tokens (requested 623, diff -19.7%)
2026-06-01 02:29:32.082 - aiperf.metrics.types.osl_mismatch_metrics - WARNING - OSL mismatch: got 500 tokens (requested 8, diff 6150.0%)
2026-06-01 02:29:32.167 - aiperf.metrics.types.osl_mismatch_metrics - WARNING - OSL mismatch: got 500 tokens (requested 306, diff 63.4%)
2026-06-01 02:29:32.168 - aiperf.metrics.types.osl_mismatch_metrics - WARNING - OSL mismatch: got 500 tokens (requested 371, diff 34.8%)
2026-06-01 02:29:32.181 - aiperf.metrics.types.osl_mismatch_metrics - WARNING - OSL mismatch: got 500 tokens (requested 33, diff 1415.2%)
2026-06-01 02:29:32.191 - aiperf.metrics.types.osl_mismatch_metrics - WARNING - OSL mismatch: got 500 tokens (requested 242, diff 106.6%)
2026-06-01 02:29:32.239 - aiperf.metrics.types.osl_mismatch_metrics - WARNING - OSL mismatch: got 500 tokens (requested 11, diff 4445.5%)
2026-06-01 02:29:32.320 - aiperf.metrics.types.osl_mismatch_metrics - WARNING - OSL mismatch: got 221 tokens (requested 8, diff 2662.5%)
2026-06-01 02:29:32.324 - aiperf.metrics.types.osl_mismatch_metrics - WARNING - OSL mismatch: got 500 tokens (requested 126, diff 296.8%)
2026-06-01 02:29:32.517 - aiperf.metrics.types.osl_mismatch_metrics - WARNING - OSL mismatch: got 500 tokens (requested 304, diff 64.5%)
2026-06-01 02:29:32.542 - aiperf.metrics.types.osl_mismatch_metrics - WARNING - OSL mismatch: got 500 tokens (requested 86, diff 481.4%)
2026-06-01 02:29:32.603 - aiperf.metrics.types.osl_mismatch_metrics - WARNING - OSL mismatch: got 253 tokens (requested 31, diff 716.1%)
2026-06-01 02:29:32.606 - aiperf.metrics.types.osl_mismatch_metrics - WARNING - OSL mismatch: got 500 tokens (requested 160, diff 212.5%)
2026-06-01 02:29:32.702 - aiperf.metrics.types.osl_mismatch_metrics - WARNING - OSL mismatch: got 500 tokens (requested 745, diff -32.9%)
2026-06-01 02:29:32.798 - aiperf.metrics.types.osl_mismatch_metrics - WARNING - OSL mismatch: got 500 tokens (requested 389, diff 28.5%)
2026-06-01 02:29:32.992 - aiperf.metrics.types.osl_mismatch_metrics - WARNING - OSL mismatch: got 500 tokens (requested 5, diff 9900.0%)
2026-06-01 02:29:33.153 - aiperf.metrics.types.osl_mismatch_metrics - WARNING - OSL mismatch: got 500 tokens (requested 718, diff -30.4%)
2026-06-01 02:29:33.249 - aiperf.metrics.types.osl_mismatch_metrics - WARNING - OSL mismatch: got 499 tokens (requested 235, diff 112.3%)
2026-06-01 02:29:33.251 - aiperf.metrics.types.osl_mismatch_metrics - WARNING - OSL mismatch: got 500 tokens (requested 18, diff 2677.8%)
2026-06-01 02:29:33.286 - aiperf.metrics.types.osl_mismatch_metrics - WARNING - OSL mismatch: got 500 tokens (requested 18, diff 2677.8%)
2026-06-01 02:29:33.345 - aiperf.metrics.types.osl_mismatch_metrics - WARNING - OSL mismatch: got 500 tokens (requested 24, diff 1983.3%)
2026-06-01 02:29:33.457 - aiperf.metrics.types.osl_mismatch_metrics - WARNING - OSL mismatch: got 500 tokens (requested 175, diff 185.7%)
2026-06-01 02:29:33.466 - aiperf.metrics.types.osl_mismatch_metrics - WARNING - OSL mismatch: got 500 tokens (requested 12, diff 4066.7%)
2026-06-01 02:29:33.493 - aiperf.metrics.types.osl_mismatch_metrics - WARNING - OSL mismatch: got 500 tokens (requested 400, diff 25.0%)
2026-06-01 02:29:33.493 - aiperf.metrics.types.osl_mismatch_metrics - WARNING - OSL mismatch: got 500 tokens (requested 267, diff 87.3%)
2026-06-01 02:29:33.505 - aiperf.metrics.types.osl_mismatch_metrics - WARNING - OSL mismatch: got 500 tokens (requested 8, diff 6150.0%)
2026-06-01 02:29:33.946 - aiperf.metrics.types.osl_mismatch_metrics - WARNING - OSL mismatch: got 500 tokens (requested 596, diff -16.1%)
2026-06-01 02:29:34.044 - aiperf.metrics.types.osl_mismatch_metrics - WARNING - OSL mismatch: got 500 tokens (requested 12, diff 4066.7%)
2026-06-01 02:29:34.095 - aiperf.metrics.types.osl_mismatch_metrics - WARNING - OSL mismatch: got 500 tokens (requested 376, diff 33.0%)
2026-06-01 02:29:34.121 - aiperf.metrics.types.osl_mismatch_metrics - WARNING - OSL mismatch: got 500 tokens (requested 7, diff 7042.9%)
2026-06-01 02:29:34.155 - aiperf.metrics.types.osl_mismatch_metrics - WARNING - OSL mismatch: got 500 tokens (requested 80, diff 525.0%)
2026-06-01 02:29:34.192 - aiperf.metrics.types.osl_mismatch_metrics - WARNING - OSL mismatch: got 500 tokens (requested 29, diff 1624.1%)
2026-06-01 02:29:34.205 - aiperf.metrics.types.osl_mismatch_metrics - WARNING - OSL mismatch: got 500 tokens (requested 77, diff 549.4%)
2026-06-01 02:29:34.419 - aiperf.metrics.types.osl_mismatch_metrics - WARNING - OSL mismatch: got 500 tokens (requested 471, diff 6.2%)
2026-06-01 02:29:34.440 - aiperf.metrics.types.osl_mismatch_metrics - WARNING - OSL mismatch: got 284 tokens (requested 24, diff 1083.3%)
2026-06-01 02:29:34.495 - aiperf.metrics.types.osl_mismatch_metrics - WARNING - OSL mismatch: got 500 tokens (requested 36, diff 1288.9%)
2026-06-01 02:29:34.549 - aiperf.metrics.types.osl_mismatch_metrics - WARNING - OSL mismatch: got 315 tokens (requested 275, diff 14.5%)
2026-06-01 02:29:34.641 - aiperf.metrics.types.osl_mismatch_metrics - WARNING - OSL mismatch: got 500 tokens (requested 690, diff -27.5%)
2026-06-01 02:29:34.642 - aiperf.metrics.types.osl_mismatch_metrics - WARNING - OSL mismatch: got 500 tokens (requested 79, diff 532.9%)
2026-06-01 02:29:34.661 - aiperf.metrics.types.osl_mismatch_metrics - WARNING - OSL mismatch: got 222 tokens (requested 126, diff 76.2%)
2026-06-01 02:29:34.711 - aiperf.metrics.types.osl_mismatch_metrics - WARNING - OSL mismatch: got 500 tokens (requested 63, diff 693.7%)
2026-06-01 02:29:34.787 - aiperf.metrics.types.osl_mismatch_metrics - WARNING - OSL mismatch: got 500 tokens (requested 154, diff 224.7%)
2026-06-01 02:29:34.802 - aiperf.metrics.types.osl_mismatch_metrics - WARNING - OSL mismatch: got 500 tokens (requested 30, diff 1566.7%)
2026-06-01 02:29:34.811 - aiperf.metrics.types.osl_mismatch_metrics - WARNING - OSL mismatch: got 500 tokens (requested 338, diff 47.9%)
2026-06-01 02:29:34.811 - aiperf.metrics.types.osl_mismatch_metrics - WARNING - OSL mismatch: got 500 tokens (requested 283, diff 76.7%)
2026-06-01 02:29:34.911 - aiperf.metrics.types.osl_mismatch_metrics - WARNING - OSL mismatch: got 416 tokens (requested 67, diff 520.9%)
2026-06-01 02:29:34.976 - aiperf.metrics.types.osl_mismatch_metrics - WARNING - OSL mismatch: got 500 tokens (requested 17, diff 2841.2%)
2026-06-01 02:29:34.988 - aiperf.metrics.types.osl_mismatch_metrics - WARNING - OSL mismatch: got 500 tokens (requested 287, diff 74.2%)
2026-06-01 02:29:34.988 - aiperf.metrics.types.osl_mismatch_metrics - WARNING - OSL mismatch: got 500 tokens (requested 111, diff 350.5%)
2026-06-01 02:29:34.988 - aiperf.metrics.types.osl_mismatch_metrics - WARNING - OSL mismatch: got 500 tokens (requested 752, diff -33.5%)
2026-06-01 02:29:35.013 - aiperf.metrics.types.osl_mismatch_metrics - WARNING - OSL mismatch: got 500 tokens (requested 165, diff 203.0%)
2026-06-01 02:29:35.071 - aiperf.metrics.types.osl_mismatch_metrics - WARNING - OSL mismatch: got 272 tokens (requested 91, diff 198.9%)
2026-06-01 02:29:35.125 - aiperf.metrics.types.osl_mismatch_metrics - WARNING - OSL mismatch: got 451 tokens (requested 13, diff 3369.2%)
2026-06-01 02:29:35.137 - aiperf.metrics.types.osl_mismatch_metrics - WARNING - OSL mismatch: got 500 tokens (requested 152, diff 228.9%)
2026-06-01 02:29:35.149 - aiperf.metrics.types.osl_mismatch_metrics - WARNING - OSL mismatch: got 500 tokens (requested 111, diff 350.5%)
2026-06-01 02:29:35.237 - aiperf.metrics.types.osl_mismatch_metrics - WARNING - OSL mismatch: got 500 tokens (requested 314, diff 59.2%)
2026-06-01 02:29:35.250 - aiperf.metrics.types.osl_mismatch_metrics - WARNING - OSL mismatch: got 500 tokens (requested 574, diff -12.9%)
2026-06-01 02:29:35.250 - aiperf.metrics.types.osl_mismatch_metrics - WARNING - OSL mismatch: got 500 tokens (requested 13, diff 3746.2%)
2026-06-01 02:29:35.296 - aiperf.metrics.types.osl_mismatch_metrics - WARNING - OSL mismatch: got 210 tokens (requested 188, diff 11.7%)
2026-06-01 02:29:35.449 - aiperf.metrics.types.osl_mismatch_metrics - WARNING - OSL mismatch: got 500 tokens (requested 22, diff 2172.7%)
2026-06-01 02:29:35.459 - aiperf.metrics.types.osl_mismatch_metrics - WARNING - OSL mismatch: got 500 tokens (requested 420, diff 19.0%)
2026-06-01 02:29:35.574 - aiperf.metrics.types.osl_mismatch_metrics - WARNING - OSL mismatch: got 500 tokens (requested 21, diff 2281.0%)
2026-06-01 02:29:35.620 - aiperf.metrics.types.osl_mismatch_metrics - WARNING - OSL mismatch: got 500 tokens (requested 625, diff -20.0%)
2026-06-01 02:29:35.649 - aiperf.metrics.types.osl_mismatch_metrics - WARNING - OSL mismatch: got 500 tokens (requested 386, diff 29.5%)
2026-06-01 02:29:35.650 - aiperf.metrics.types.osl_mismatch_metrics - WARNING - OSL mismatch: got 500 tokens (requested 9, diff 5455.6%)
2026-06-01 02:29:35.711 - aiperf.metrics.types.osl_mismatch_metrics - WARNING - OSL mismatch: got 500 tokens (requested 373, diff 34.0%)
2026-06-01 02:29:35.712 - aiperf.metrics.types.osl_mismatch_metrics - WARNING - OSL mismatch: got 500 tokens (requested 10, diff 4900.0%)
2026-06-01 02:29:35.736 - aiperf.metrics.types.osl_mismatch_metrics - WARNING - OSL mismatch: got 500 tokens (requested 450, diff 11.1%)
2026-06-01 02:29:35.808 - aiperf.metrics.types.osl_mismatch_metrics - WARNING - OSL mismatch: got 500 tokens (requested 251, diff 99.2%)
2026-06-01 02:29:35.819 - aiperf.metrics.types.osl_mismatch_metrics - WARNING - OSL mismatch: got 500 tokens (requested 56, diff 792.9%)
2026-06-01 02:29:35.884 - aiperf.metrics.types.osl_mismatch_metrics - WARNING - OSL mismatch: got 500 tokens (requested 269, diff 85.9%)
2026-06-01 02:29:36.017 - aiperf.metrics.types.osl_mismatch_metrics - WARNING - OSL mismatch: got 500 tokens (requested 8, diff 6150.0%)
2026-06-01 02:29:36.129 - aiperf.metrics.types.osl_mismatch_metrics - WARNING - OSL mismatch: got 496 tokens (requested 8, diff 6100.0%)
2026-06-01 02:29:36.161 - aiperf.metrics.types.osl_mismatch_metrics - WARNING - OSL mismatch: got 270 tokens (requested 43, diff 527.9%)
2026-06-01 02:29:36.291 - aiperf.metrics.types.osl_mismatch_metrics - WARNING - OSL mismatch: got 500 tokens (requested 162, diff 208.6%)
2026-06-01 02:29:36.314 - aiperf.metrics.types.osl_mismatch_metrics - WARNING - OSL mismatch: got 500 tokens (requested 27, diff 1751.9%)
2026-06-01 02:29:36.327 - aiperf.metrics.types.osl_mismatch_metrics - WARNING - OSL mismatch: got 500 tokens (requested 302, diff 65.6%)
2026-06-01 02:29:36.400 - aiperf.metrics.types.osl_mismatch_metrics - WARNING - OSL mismatch: got 408 tokens (requested 192, diff 112.5%)
2026-06-01 02:29:36.415 - aiperf.metrics.types.osl_mismatch_metrics - WARNING - OSL mismatch: got 499 tokens (requested 8, diff 6137.5%)
2026-06-01 02:29:36.451 - aiperf.metrics.types.osl_mismatch_metrics - WARNING - OSL mismatch: got 500 tokens (requested 220, diff 127.3%)
2026-06-01 02:29:36.477 - aiperf.metrics.types.osl_mismatch_metrics - WARNING - OSL mismatch: got 454 tokens (requested 102, diff 345.1%)
2026-06-01 02:29:36.640 - aiperf.metrics.types.osl_mismatch_metrics - WARNING - OSL mismatch: got 500 tokens (requested 5, diff 9900.0%)
2026-06-01 02:29:36.723 - aiperf.metrics.types.osl_mismatch_metrics - WARNING - OSL mismatch: got 415 tokens (requested 82, diff 406.1%)
2026-06-01 02:29:36.735 - aiperf.metrics.types.osl_mismatch_metrics - WARNING - OSL mismatch: got 388 tokens (requested 309, diff 25.6%)
2026-06-01 02:29:36.792 - aiperf.metrics.types.osl_mismatch_metrics - WARNING - OSL mismatch: got 107 tokens (requested 505, diff -78.8%)
2026-06-01 02:29:36.848 - aiperf.metrics.types.osl_mismatch_metrics - WARNING - OSL mismatch: got 500 tokens (requested 9, diff 5455.6%)
2026-06-01 02:29:36.946 - aiperf.metrics.types.osl_mismatch_metrics - WARNING - OSL mismatch: got 500 tokens (requested 22, diff 2172.7%)
2026-06-01 02:29:37.020 - aiperf.metrics.types.osl_mismatch_metrics - WARNING - OSL mismatch: got 500 tokens (requested 11, diff 4445.5%)
2026-06-01 02:29:37.124 - aiperf.metrics.types.osl_mismatch_metrics - WARNING - OSL mismatch: got 500 tokens (requested 295, diff 69.5%)
2026-06-01 02:29:37.125 - aiperf.metrics.types.osl_mismatch_metrics - WARNING - OSL mismatch: got 500 tokens (requested 322, diff 55.3%)
2026-06-01 02:29:37.126 - aiperf.metrics.types.osl_mismatch_metrics - WARNING - OSL mismatch: got 500 tokens (requested 21, diff 2281.0%)
2026-06-01 02:29:37.163 - aiperf.metrics.types.osl_mismatch_metrics - WARNING - OSL mismatch: got 500 tokens (requested 5, diff 9900.0%)
2026-06-01 02:29:37.174 - aiperf.metrics.types.osl_mismatch_metrics - WARNING - OSL mismatch: got 500 tokens (requested 350, diff 42.9%)
2026-06-01 02:29:37.285 - aiperf.metrics.types.osl_mismatch_metrics - WARNING - OSL mismatch: got 500 tokens (requested 390, diff 28.2%)
2026-06-01 02:29:37.296 - aiperf.metrics.types.osl_mismatch_metrics - WARNING - OSL mismatch: got 500 tokens (requested 122, diff 309.8%)
2026-06-01 02:29:37.297 - aiperf.metrics.types.osl_mismatch_metrics - WARNING - OSL mismatch: got 500 tokens (requested 27, diff 1751.9%)
2026-06-01 02:29:37.309 - aiperf.metrics.types.osl_mismatch_metrics - WARNING - OSL mismatch: got 500 tokens (requested 42, diff 1090.5%)
2026-06-01 02:29:37.592 - aiperf.metrics.types.osl_mismatch_metrics - WARNING - OSL mismatch: got 207 tokens (requested 156, diff 32.7%)
2026-06-01 02:29:37.593 - aiperf.metrics.types.osl_mismatch_metrics - WARNING - OSL mismatch: got 325 tokens (requested 169, diff 92.3%)
2026-06-01 02:29:37.679 - aiperf.metrics.types.osl_mismatch_metrics - WARNING - OSL mismatch: got 376 tokens (requested 338, diff 11.2%)
2026-06-01 02:29:37.682 - aiperf.metrics.types.osl_mismatch_metrics - WARNING - OSL mismatch: got 491 tokens (requested 192, diff 155.7%)
2026-06-01 02:29:37.741 - aiperf.metrics.types.osl_mismatch_metrics - WARNING - OSL mismatch: got 500 tokens (requested 719, diff -30.5%)
2026-06-01 02:29:37.782 - aiperf.metrics.types.osl_mismatch_metrics - WARNING - OSL mismatch: got 500 tokens (requested 331, diff 51.1%)
2026-06-01 02:29:37.874 - aiperf.metrics.types.osl_mismatch_metrics - WARNING - OSL mismatch: got 77 tokens (requested 54, diff 42.6%)
2026-06-01 02:29:37.980 - aiperf.metrics.types.osl_mismatch_metrics - WARNING - OSL mismatch: got 500 tokens (requested 39, diff 1182.1%)
2026-06-01 02:29:38.003 - aiperf.metrics.types.osl_mismatch_metrics - WARNING - OSL mismatch: got 356 tokens (requested 245, diff 45.3%)
2026-06-01 02:29:38.006 - aiperf.metrics.types.osl_mismatch_metrics - WARNING - OSL mismatch: got 500 tokens (requested 176, diff 184.1%)
2026-06-01 02:29:38.014 - aiperf.metrics.types.osl_mismatch_metrics - WARNING - OSL mismatch: got 278 tokens (requested 98, diff 183.7%)
2026-06-01 02:29:38.020 - aiperf.metrics.types.osl_mismatch_metrics - WARNING - OSL mismatch: got 26 tokens (requested 286, diff -90.9%)
2026-06-01 02:29:38.027 - aiperf.metrics.types.osl_mismatch_metrics - WARNING - OSL mismatch: got 500 tokens (requested 211, diff 137.0%)
2026-06-01 02:29:38.065 - aiperf.metrics.types.osl_mismatch_metrics - WARNING - OSL mismatch: got 500 tokens (requested 425, diff 17.6%)
2026-06-01 02:29:38.077 - aiperf.metrics.types.osl_mismatch_metrics - WARNING - OSL mismatch: got 500 tokens (requested 18, diff 2677.8%)
2026-06-01 02:29:38.088 - aiperf.metrics.types.osl_mismatch_metrics - WARNING - OSL mismatch: got 500 tokens (requested 121, diff 313.2%)
2026-06-01 02:29:38.213 - aiperf.metrics.types.osl_mismatch_metrics - WARNING - OSL mismatch: got 459 tokens (requested 29, diff 1482.8%)
2026-06-01 02:29:38.343 - aiperf.metrics.types.osl_mismatch_metrics - WARNING - OSL mismatch: got 500 tokens (requested 343, diff 45.8%)
2026-06-01 02:29:38.430 - aiperf.metrics.types.osl_mismatch_metrics - WARNING - OSL mismatch: got 465 tokens (requested 121, diff 284.3%)
2026-06-01 02:29:38.441 - aiperf.metrics.types.osl_mismatch_metrics - WARNING - OSL mismatch: got 500 tokens (requested 132, diff 278.8%)
2026-06-01 02:29:38.535 - aiperf.metrics.types.osl_mismatch_metrics - WARNING - OSL mismatch: got 76 tokens (requested 19, diff 300.0%)
2026-06-01 02:29:38.553 - aiperf.metrics.types.osl_mismatch_metrics - WARNING - OSL mismatch: got 398 tokens (requested 199, diff 100.0%)
2026-06-01 02:29:38.579 - aiperf.metrics.types.osl_mismatch_metrics - WARNING - OSL mismatch: got 500 tokens (requested 273, diff 83.2%)
2026-06-01 02:29:38.581 - aiperf.metrics.types.osl_mismatch_metrics - WARNING - OSL mismatch: got 500 tokens (requested 31, diff 1512.9%)
2026-06-01 02:29:38.597 - aiperf.metrics.types.osl_mismatch_metrics - WARNING - OSL mismatch: got 59 tokens (requested 22, diff 168.2%)
2026-06-01 02:29:38.629 - aiperf.metrics.types.osl_mismatch_metrics - WARNING - OSL mismatch: got 500 tokens (requested 218, diff 129.4%)
2026-06-01 02:29:38.727 - aiperf.metrics.types.osl_mismatch_metrics - WARNING - OSL mismatch: got 500 tokens (requested 344, diff 45.3%)
2026-06-01 02:29:38.840 - aiperf.metrics.types.osl_mismatch_metrics - WARNING - OSL mismatch: got 500 tokens (requested 340, diff 47.1%)
2026-06-01 02:29:38.853 - aiperf.metrics.types.osl_mismatch_metrics - WARNING - OSL mismatch: got 500 tokens (requested 31, diff 1512.9%)
2026-06-01 02:29:38.900 - aiperf.metrics.types.osl_mismatch_metrics - WARNING - OSL mismatch: got 500 tokens (requested 201, diff 148.8%)
2026-06-01 02:29:38.925 - aiperf.metrics.types.osl_mismatch_metrics - WARNING - OSL mismatch: got 414 tokens (requested 220, diff 88.2%)
2026-06-01 02:29:39.071 - aiperf.metrics.types.osl_mismatch_metrics - WARNING - OSL mismatch: got 224 tokens (requested 133, diff 68.4%)
2026-06-01 02:29:39.086 - aiperf.metrics.types.osl_mismatch_metrics - WARNING - OSL mismatch: got 500 tokens (requested 323, diff 54.8%)
2026-06-01 02:29:39.117 - aiperf.metrics.types.osl_mismatch_metrics - WARNING - OSL mismatch: got 68 tokens (requested 55, diff 23.6%)
2026-06-01 02:29:39.137 - aiperf.metrics.types.osl_mismatch_metrics - WARNING - OSL mismatch: got 500 tokens (requested 175, diff 185.7%)
2026-06-01 02:29:39.137 - aiperf.metrics.types.osl_mismatch_metrics - WARNING - OSL mismatch: got 500 tokens (requested 531, diff -5.8%)
2026-06-01 02:29:39.179 - aiperf.metrics.types.osl_mismatch_metrics - WARNING - OSL mismatch: got 22 tokens (requested 19, diff 15.8%)
2026-06-01 02:29:39.187 - aiperf.metrics.types.osl_mismatch_metrics - WARNING - OSL mismatch: got 500 tokens (requested 18, diff 2677.8%)
2026-06-01 02:29:39.247 - aiperf.metrics.types.osl_mismatch_metrics - WARNING - OSL mismatch: got 465 tokens (requested 90, diff 416.7%)
2026-06-01 02:29:39.303 - aiperf.metrics.types.osl_mismatch_metrics - WARNING - OSL mismatch: got 76 tokens (requested 62, diff 22.6%)
2026-06-01 02:29:39.325 - aiperf.metrics.types.osl_mismatch_metrics - WARNING - OSL mismatch: got 500 tokens (requested 5, diff 9900.0%)
2026-06-01 02:29:39.464 - aiperf.metrics.types.osl_mismatch_metrics - WARNING - OSL mismatch: got 500 tokens (requested 327, diff 52.9%)
2026-06-01 02:29:39.465 - aiperf.metrics.types.osl_mismatch_metrics - WARNING - OSL mismatch: got 500 tokens (requested 309, diff 61.8%)
2026-06-01 02:29:39.585 - aiperf.metrics.types.osl_mismatch_metrics - WARNING - OSL mismatch: got 480 tokens (requested 42, diff 1042.9%)
2026-06-01 02:29:39.606 - aiperf.metrics.types.osl_mismatch_metrics - WARNING - OSL mismatch: got 1 tokens (requested 47, diff -97.9%)
2026-06-01 02:29:39.721 - aiperf.metrics.types.osl_mismatch_metrics - WARNING - OSL mismatch: got 500 tokens (requested 257, diff 94.6%)
2026-06-01 02:29:39.777 - aiperf.metrics.types.osl_mismatch_metrics - WARNING - OSL mismatch: got 50 tokens (requested 27, diff 85.2%)
2026-06-01 02:29:39.909 - aiperf.metrics.types.osl_mismatch_metrics - WARNING - OSL mismatch: got 393 tokens (requested 245, diff 60.4%)
2026-06-01 02:29:39.999 - aiperf.metrics.types.osl_mismatch_metrics - WARNING - OSL mismatch: got 500 tokens (requested 17, diff 2841.2%)
2026-06-01 02:29:40.022 - aiperf.metrics.types.osl_mismatch_metrics - WARNING - OSL mismatch: got 500 tokens (requested 222, diff 125.2%)
2026-06-01 02:29:40.032 - aiperf.metrics.types.osl_mismatch_metrics - WARNING - OSL mismatch: got 500 tokens (requested 86, diff 481.4%)
2026-06-01 02:29:40.046 - aiperf.metrics.types.osl_mismatch_metrics - WARNING - OSL mismatch: got 500 tokens (requested 248, diff 101.6%)
2026-06-01 02:29:40.058 - aiperf.metrics.types.osl_mismatch_metrics - WARNING - OSL mismatch: got 500 tokens (requested 157, diff 218.5%)
2026-06-01 02:29:40.108 - aiperf.metrics.types.osl_mismatch_metrics - WARNING - OSL mismatch: got 500 tokens (requested 5, diff 9900.0%)
2026-06-01 02:29:40.255 - aiperf.metrics.types.osl_mismatch_metrics - WARNING - OSL mismatch: got 205 tokens (requested 76, diff 169.7%)
2026-06-01 02:29:40.256 - aiperf.metrics.types.osl_mismatch_metrics - WARNING - OSL mismatch: got 500 tokens (requested 630, diff -20.6%)
2026-06-01 02:29:40.257 - aiperf.metrics.types.osl_mismatch_metrics - WARNING - OSL mismatch: got 500 tokens (requested 12, diff 4066.7%)
2026-06-01 02:29:40.279 - aiperf.metrics.types.osl_mismatch_metrics - WARNING - OSL mismatch: got 500 tokens (requested 533, diff -6.2%)
2026-06-01 02:29:40.352 - aiperf.metrics.types.osl_mismatch_metrics - WARNING - OSL mismatch: got 166 tokens (requested 57, diff 191.2%)
2026-06-01 02:29:40.356 - aiperf.metrics.types.osl_mismatch_metrics - WARNING - OSL mismatch: got 500 tokens (requested 173, diff 189.0%)
2026-06-01 02:29:40.429 - aiperf.metrics.types.osl_mismatch_metrics - WARNING - OSL mismatch: got 500 tokens (requested 11, diff 4445.5%)
2026-06-01 02:29:40.453 - aiperf.metrics.types.osl_mismatch_metrics - WARNING - OSL mismatch: got 500 tokens (requested 279, diff 79.2%)
2026-06-01 02:29:40.502 - aiperf.metrics.types.osl_mismatch_metrics - WARNING - OSL mismatch: got 500 tokens (requested 410, diff 22.0%)
2026-06-01 02:29:40.530 - aiperf.metrics.types.osl_mismatch_metrics - WARNING - OSL mismatch: got 500 tokens (requested 290, diff 72.4%)
2026-06-01 02:29:40.540 - aiperf.metrics.types.osl_mismatch_metrics - WARNING - OSL mismatch: got 482 tokens (requested 243, diff 98.4%)
2026-06-01 02:29:40.689 - aiperf.metrics.types.osl_mismatch_metrics - WARNING - OSL mismatch: got 500 tokens (requested 782, diff -36.1%)
2026-06-01 02:29:40.713 - aiperf.metrics.types.osl_mismatch_metrics - WARNING - OSL mismatch: got 500 tokens (requested 326, diff 53.4%)
2026-06-01 02:29:40.788 - aiperf.metrics.types.osl_mismatch_metrics - WARNING - OSL mismatch: got 500 tokens (requested 364, diff 37.4%)
2026-06-01 02:29:40.796 - aiperf.metrics.types.osl_mismatch_metrics - WARNING - OSL mismatch: got 227 tokens (requested 1183, diff -80.8%)
2026-06-01 02:29:40.838 - aiperf.metrics.types.osl_mismatch_metrics - WARNING - OSL mismatch: got 500 tokens (requested 139, diff 259.7%)
2026-06-01 02:29:40.851 - aiperf.metrics.types.osl_mismatch_metrics - WARNING - OSL mismatch: got 500 tokens (requested 181, diff 176.2%)
2026-06-01 02:29:40.936 - aiperf.metrics.types.osl_mismatch_metrics - WARNING - OSL mismatch: got 324 tokens (requested 6, diff 5300.0%)
2026-06-01 02:29:40.961 - aiperf.metrics.types.osl_mismatch_metrics - WARNING - OSL mismatch: got 500 tokens (requested 11, diff 4445.5%)
2026-06-01 02:29:40.968 - aiperf.metrics.types.osl_mismatch_metrics - WARNING - OSL mismatch: got 145 tokens (requested 76, diff 90.8%)
2026-06-01 02:29:40.973 - aiperf.metrics.types.osl_mismatch_metrics - WARNING - OSL mismatch: got 500 tokens (requested 131, diff 281.7%)
2026-06-01 02:29:41.023 - aiperf.metrics.types.osl_mismatch_metrics - WARNING - OSL mismatch: got 500 tokens (requested 12, diff 4066.7%)
2026-06-01 02:29:41.061 - aiperf.metrics.types.osl_mismatch_metrics - WARNING - OSL mismatch: got 500 tokens (requested 41, diff 1119.5%)
2026-06-01 02:29:41.113 - aiperf.metrics.types.osl_mismatch_metrics - WARNING - OSL mismatch: got 398 tokens (requested 265, diff 50.2%)
2026-06-01 02:29:41.138 - aiperf.metrics.types.osl_mismatch_metrics - WARNING - OSL mismatch: got 500 tokens (requested 69, diff 624.6%)
2026-06-01 02:29:41.149 - aiperf.metrics.types.osl_mismatch_metrics - WARNING - OSL mismatch: got 500 tokens (requested 732, diff -31.7%)
2026-06-01 02:29:41.151 - aiperf.metrics.types.osl_mismatch_metrics - WARNING - OSL mismatch: got 500 tokens (requested 25, diff 1900.0%)
2026-06-01 02:29:41.205 - aiperf.metrics.types.osl_mismatch_metrics - WARNING - OSL mismatch: got 15 tokens (requested 33, diff -54.5%)
2026-06-01 02:29:41.226 - aiperf.metrics.types.osl_mismatch_metrics - WARNING - OSL mismatch: got 500 tokens (requested 11, diff 4445.5%)
2026-06-01 02:29:41.327 - aiperf.metrics.types.osl_mismatch_metrics - WARNING - OSL mismatch: got 500 tokens (requested 210, diff 138.1%)
2026-06-01 02:29:41.328 - aiperf.metrics.types.osl_mismatch_metrics - WARNING - OSL mismatch: got 500 tokens (requested 320, diff 56.2%)
2026-06-01 02:29:41.389 - aiperf.metrics.types.osl_mismatch_metrics - WARNING - OSL mismatch: got 499 tokens (requested 557, diff -10.4%)
2026-06-01 02:29:41.436 - aiperf.metrics.types.osl_mismatch_metrics - WARNING - OSL mismatch: got 500 tokens (requested 6, diff 8233.3%)
2026-06-01 02:29:41.438 - aiperf.metrics.types.osl_mismatch_metrics - WARNING - OSL mismatch: got 500 tokens (requested 223, diff 124.2%)
2026-06-01 02:29:41.488 - aiperf.metrics.types.osl_mismatch_metrics - WARNING - OSL mismatch: got 500 tokens (requested 373, diff 34.0%)
2026-06-01 02:29:41.514 - aiperf.metrics.types.osl_mismatch_metrics - WARNING - OSL mismatch: got 500 tokens (requested 560, diff -10.7%)
2026-06-01 02:29:41.550 - aiperf.metrics.types.osl_mismatch_metrics - WARNING - OSL mismatch: got 500 tokens (requested 41, diff 1119.5%)
2026-06-01 02:29:41.563 - aiperf.metrics.types.osl_mismatch_metrics - WARNING - OSL mismatch: got 500 tokens (requested 20, diff 2400.0%)
2026-06-01 02:29:41.701 - aiperf.metrics.types.osl_mismatch_metrics - WARNING - OSL mismatch: got 500 tokens (requested 24, diff 1983.3%)
2026-06-01 02:29:41.835 - aiperf.metrics.types.osl_mismatch_metrics - WARNING - OSL mismatch: got 500 tokens (requested 653, diff -23.4%)
2026-06-01 02:29:41.850 - aiperf.metrics.types.osl_mismatch_metrics - WARNING - OSL mismatch: got 500 tokens (requested 40, diff 1150.0%)
2026-06-01 02:29:41.854 - aiperf.metrics.types.osl_mismatch_metrics - WARNING - OSL mismatch: got 13 tokens (requested 37, diff -64.9%)
2026-06-01 02:29:41.859 - aiperf.metrics.types.osl_mismatch_metrics - WARNING - OSL mismatch: got 500 tokens (requested 156, diff 220.5%)
2026-06-01 02:29:41.993 - aiperf.metrics.types.osl_mismatch_metrics - WARNING - OSL mismatch: got 500 tokens (requested 260, diff 92.3%)
2026-06-01 02:29:42.008 - aiperf.metrics.types.osl_mismatch_metrics - WARNING - OSL mismatch: got 500 tokens (requested 10, diff 4900.0%)
2026-06-01 02:29:42.081 - aiperf.metrics.types.osl_mismatch_metrics - WARNING - OSL mismatch: got 500 tokens (requested 314, diff 59.2%)
2026-06-01 02:29:42.190 - aiperf.metrics.types.osl_mismatch_metrics - WARNING - OSL mismatch: got 500 tokens (requested 136, diff 267.6%)
2026-06-01 02:29:42.240 - aiperf.metrics.types.osl_mismatch_metrics - WARNING - OSL mismatch: got 500 tokens (requested 20, diff 2400.0%)
2026-06-01 02:29:42.252 - aiperf.metrics.types.osl_mismatch_metrics - WARNING - OSL mismatch: got 500 tokens (requested 112, diff 346.4%)
2026-06-01 02:29:42.265 - aiperf.metrics.types.osl_mismatch_metrics - WARNING - OSL mismatch: got 500 tokens (requested 86, diff 481.4%)
2026-06-01 02:29:42.289 - aiperf.metrics.types.osl_mismatch_metrics - WARNING - OSL mismatch: got 500 tokens (requested 29, diff 1624.1%)
2026-06-01 02:29:42.321 - aiperf.metrics.types.osl_mismatch_metrics - WARNING - OSL mismatch: got 210 tokens (requested 354, diff -40.7%)
2026-06-01 02:29:42.334 - aiperf.metrics.types.osl_mismatch_metrics - WARNING - OSL mismatch: got 154 tokens (requested 117, diff 31.6%)
2026-06-01 02:29:42.374 - aiperf.metrics.types.osl_mismatch_metrics - WARNING - OSL mismatch: got 500 tokens (requested 30, diff 1566.7%)
2026-06-01 02:29:42.459 - aiperf.metrics.types.osl_mismatch_metrics - WARNING - OSL mismatch: got 262 tokens (requested 75, diff 249.3%)
2026-06-01 02:29:42.473 - aiperf.metrics.types.osl_mismatch_metrics - WARNING - OSL mismatch: got 500 tokens (requested 553, diff -9.6%)
2026-06-01 02:29:42.626 - aiperf.metrics.types.osl_mismatch_metrics - WARNING - OSL mismatch: got 500 tokens (requested 6, diff 8233.3%)
2026-06-01 02:29:42.643 - aiperf.metrics.types.osl_mismatch_metrics - WARNING - OSL mismatch: got 64 tokens (requested 33, diff 93.9%)
2026-06-01 02:29:42.788 - aiperf.metrics.types.osl_mismatch_metrics - WARNING - OSL mismatch: got 500 tokens (requested 52, diff 861.5%)
2026-06-01 02:29:43.039 - aiperf.metrics.types.osl_mismatch_metrics - WARNING - OSL mismatch: got 105 tokens (requested 87, diff 20.7%)
2026-06-01 02:29:43.278 - aiperf.metrics.types.osl_mismatch_metrics - WARNING - OSL mismatch: got 500 tokens (requested 673, diff -25.7%)
2026-06-01 02:29:43.307 - aiperf.metrics.types.osl_mismatch_metrics - WARNING - OSL mismatch: got 500 tokens (requested 205, diff 143.9%)
2026-06-01 02:29:43.309 - aiperf.metrics.types.osl_mismatch_metrics - WARNING - OSL mismatch: got 500 tokens (requested 18, diff 2677.8%)
2026-06-01 02:29:43.392 - aiperf.metrics.types.osl_mismatch_metrics - WARNING - OSL mismatch: got 486 tokens (requested 19, diff 2457.9%)
2026-06-01 02:29:43.392 - aiperf.metrics.types.osl_mismatch_metrics - WARNING - OSL mismatch: got 500 tokens (requested 8, diff 6150.0%)
2026-06-01 02:29:43.467 - aiperf.metrics.types.osl_mismatch_metrics - WARNING - OSL mismatch: got 500 tokens (requested 26, diff 1823.1%)
2026-06-01 02:29:43.553 - aiperf.metrics.types.osl_mismatch_metrics - WARNING - OSL mismatch: got 500 tokens (requested 732, diff -31.7%)
2026-06-01 02:29:43.604 - aiperf.metrics.types.osl_mismatch_metrics - WARNING - OSL mismatch: got 419 tokens (requested 107, diff 291.6%)
2026-06-01 02:29:43.757 - aiperf.metrics.types.osl_mismatch_metrics - WARNING - OSL mismatch: got 500 tokens (requested 457, diff 9.4%)
2026-06-01 02:29:43.778 - aiperf.metrics.types.osl_mismatch_metrics - WARNING - OSL mismatch: got 500 tokens (requested 33, diff 1415.2%)
2026-06-01 02:29:43.924 - aiperf.metrics.types.osl_mismatch_metrics - WARNING - OSL mismatch: got 339 tokens (requested 183, diff 85.2%)
2026-06-01 02:29:43.975 - aiperf.metrics.types.osl_mismatch_metrics - WARNING - OSL mismatch: got 384 tokens (requested 25, diff 1436.0%)
2026-06-01 02:29:44.027 - aiperf.metrics.types.osl_mismatch_metrics - WARNING - OSL mismatch: got 500 tokens (requested 99, diff 405.1%)
2026-06-01 02:29:44.046 - aiperf.metrics.types.osl_mismatch_metrics - WARNING - OSL mismatch: got 72 tokens (requested 36, diff 100.0%)
2026-06-01 02:29:44.051 - aiperf.metrics.types.osl_mismatch_metrics - WARNING - OSL mismatch: got 500 tokens (requested 680, diff -26.5%)
2026-06-01 02:29:44.053 - aiperf.metrics.types.osl_mismatch_metrics - WARNING - OSL mismatch: got 500 tokens (requested 14, diff 3471.4%)
2026-06-01 02:29:44.075 - aiperf.metrics.types.osl_mismatch_metrics - WARNING - OSL mismatch: got 500 tokens (requested 15, diff 3233.3%)
2026-06-01 02:29:44.102 - aiperf.metrics.types.osl_mismatch_metrics - WARNING - OSL mismatch: got 500 tokens (requested 7, diff 7042.9%)
2026-06-01 02:29:44.484 - aiperf.metrics.types.osl_mismatch_metrics - WARNING - OSL mismatch: got 344 tokens (requested 23, diff 1395.7%)
2026-06-01 02:29:44.484 - aiperf.metrics.types.osl_mismatch_metrics - WARNING - OSL mismatch: got 500 tokens (requested 10, diff 4900.0%)
2026-06-01 02:29:44.521 - aiperf.metrics.types.osl_mismatch_metrics - WARNING - OSL mismatch: got 500 tokens (requested 555, diff -9.9%)
2026-06-01 02:29:44.656 - aiperf.metrics.types.osl_mismatch_metrics - WARNING - OSL mismatch: got 500 tokens (requested 558, diff -10.4%)
2026-06-01 02:29:44.830 - aiperf.metrics.types.osl_mismatch_metrics - WARNING - OSL mismatch: got 500 tokens (requested 38, diff 1215.8%)
2026-06-01 02:29:44.869 - aiperf.metrics.types.osl_mismatch_metrics - WARNING - OSL mismatch: got 500 tokens (requested 337, diff 48.4%)
2026-06-01 02:29:45.005 - aiperf.metrics.types.osl_mismatch_metrics - WARNING - OSL mismatch: got 500 tokens (requested 14, diff 3471.4%)
2026-06-01 02:29:45.141 - aiperf.metrics.types.osl_mismatch_metrics - WARNING - OSL mismatch: got 500 tokens (requested 11, diff 4445.5%)
2026-06-01 02:29:45.172 - aiperf.metrics.types.osl_mismatch_metrics - WARNING - OSL mismatch: got 137 tokens (requested 91, diff 50.5%)
2026-06-01 02:29:45.253 - aiperf.metrics.types.osl_mismatch_metrics - WARNING - OSL mismatch: got 500 tokens (requested 235, diff 112.8%)
2026-06-01 02:29:45.354 - aiperf.metrics.types.osl_mismatch_metrics - WARNING - OSL mismatch: got 500 tokens (requested 12, diff 4066.7%)
2026-06-01 02:29:45.365 - aiperf.metrics.types.osl_mismatch_metrics - WARNING - OSL mismatch: got 500 tokens (requested 11, diff 4445.5%)
2026-06-01 02:29:45.472 - aiperf.metrics.types.osl_mismatch_metrics - WARNING - OSL mismatch: got 199 tokens (requested 70, diff 184.3%)
2026-06-01 02:29:45.477 - aiperf.metrics.types.osl_mismatch_metrics - WARNING - OSL mismatch: got 500 tokens (requested 155, diff 222.6%)
2026-06-01 02:29:45.539 - aiperf.metrics.types.osl_mismatch_metrics - WARNING - OSL mismatch: got 501 tokens (requested 605, diff -17.2%)
2026-06-01 02:29:45.640 - aiperf.metrics.types.osl_mismatch_metrics - WARNING - OSL mismatch: got 500 tokens (requested 840, diff -40.5%)
2026-06-01 02:29:45.662 - aiperf.metrics.types.osl_mismatch_metrics - WARNING - OSL mismatch: got 415 tokens (requested 191, diff 117.3%)
2026-06-01 02:29:45.717 - aiperf.metrics.types.osl_mismatch_metrics - WARNING - OSL mismatch: got 500 tokens (requested 9, diff 5455.6%)
2026-06-01 02:29:45.765 - aiperf.metrics.types.osl_mismatch_metrics - WARNING - OSL mismatch: got 500 tokens (requested 14, diff 3471.4%)
2026-06-01 02:29:45.858 - aiperf.metrics.types.osl_mismatch_metrics - WARNING - OSL mismatch: got 116 tokens (requested 86, diff 34.9%)
2026-06-01 02:29:45.954 - aiperf.metrics.types.osl_mismatch_metrics - WARNING - OSL mismatch: got 68 tokens (requested 29, diff 134.5%)
2026-06-01 02:29:46.029 - aiperf.metrics.types.osl_mismatch_metrics - WARNING - OSL mismatch: got 500 tokens (requested 107, diff 367.3%)
2026-06-01 02:29:46.033 - aiperf.metrics.types.osl_mismatch_metrics - WARNING - OSL mismatch: got 43 tokens (requested 54, diff -20.4%)
2026-06-01 02:29:46.071 - aiperf.metrics.types.osl_mismatch_metrics - WARNING - OSL mismatch: got 226 tokens (requested 95, diff 137.9%)
2026-06-01 02:29:46.104 - aiperf.metrics.types.osl_mismatch_metrics - WARNING - OSL mismatch: got 500 tokens (requested 38, diff 1215.8%)
2026-06-01 02:29:46.161 - aiperf.metrics.types.osl_mismatch_metrics - WARNING - OSL mismatch: got 500 tokens (requested 270, diff 85.2%)
2026-06-01 02:29:46.163 - aiperf.metrics.types.osl_mismatch_metrics - WARNING - OSL mismatch: got 500 tokens (requested 6, diff 8233.3%)
2026-06-01 02:29:46.190 - aiperf.metrics.types.osl_mismatch_metrics - WARNING - OSL mismatch: got 500 tokens (requested 99, diff 405.1%)
2026-06-01 02:29:46.191 - aiperf.metrics.types.osl_mismatch_metrics - WARNING - OSL mismatch: got 500 tokens (requested 472, diff 5.9%)
2026-06-01 02:29:46.199 - aiperf.metrics.types.osl_mismatch_metrics - WARNING - OSL mismatch: got 500 tokens (requested 1302, diff -61.6%)
2026-06-01 02:29:46.203 - aiperf.metrics.types.osl_mismatch_metrics - WARNING - OSL mismatch: got 500 tokens (requested 672, diff -25.6%)
2026-06-01 02:29:46.214 - aiperf.metrics.types.osl_mismatch_metrics - WARNING - OSL mismatch: got 500 tokens (requested 89, diff 461.8%)
2026-06-01 02:29:46.288 - aiperf.metrics.types.osl_mismatch_metrics - WARNING - OSL mismatch: got 252 tokens (requested 55, diff 358.2%)
2026-06-01 02:29:46.382 - aiperf.metrics.types.osl_mismatch_metrics - WARNING - OSL mismatch: got 500 tokens (requested 48, diff 941.7%)
2026-06-01 02:29:46.394 - aiperf.metrics.types.osl_mismatch_metrics - WARNING - OSL mismatch: got 500 tokens (requested 109, diff 358.7%)
2026-06-01 02:29:46.470 - aiperf.metrics.types.osl_mismatch_metrics - WARNING - OSL mismatch: got 500 tokens (requested 16, diff 3025.0%)
2026-06-01 02:29:46.608 - aiperf.metrics.types.osl_mismatch_metrics - WARNING - OSL mismatch: got 500 tokens (requested 206, diff 142.7%)
2026-06-01 02:29:46.610 - aiperf.metrics.types.osl_mismatch_metrics - WARNING - OSL mismatch: got 500 tokens (requested 101, diff 395.0%)
2026-06-01 02:29:46.669 - aiperf.metrics.types.osl_mismatch_metrics - WARNING - OSL mismatch: got 500 tokens (requested 369, diff 35.5%)
2026-06-01 02:29:46.732 - aiperf.metrics.types.osl_mismatch_metrics - WARNING - OSL mismatch: got 499 tokens (requested 433, diff 15.2%)
2026-06-01 02:29:46.823 - aiperf.metrics.types.osl_mismatch_metrics - WARNING - OSL mismatch: got 500 tokens (requested 14, diff 3471.4%)
2026-06-01 02:29:46.858 - aiperf.metrics.types.osl_mismatch_metrics - WARNING - OSL mismatch: got 500 tokens (requested 387, diff 29.2%)
2026-06-01 02:29:46.869 - aiperf.metrics.types.osl_mismatch_metrics - WARNING - OSL mismatch: got 293 tokens (requested 28, diff 946.4%)
2026-06-01 02:29:46.890 - aiperf.metrics.types.osl_mismatch_metrics - WARNING - OSL mismatch: got 115 tokens (requested 13, diff 784.6%)
2026-06-01 02:29:47.072 - aiperf.metrics.types.osl_mismatch_metrics - WARNING - OSL mismatch: got 500 tokens (requested 614, diff -18.6%)
2026-06-01 02:29:47.079 - aiperf.metrics.types.osl_mismatch_metrics - WARNING - OSL mismatch: got 93 tokens (requested 29, diff 220.7%)
2026-06-01 02:29:47.104 - aiperf.metrics.types.osl_mismatch_metrics - WARNING - OSL mismatch: got 93 tokens (requested 72, diff 29.2%)
2026-06-01 02:29:47.163 - aiperf.metrics.types.osl_mismatch_metrics - WARNING - OSL mismatch: got 500 tokens (requested 35, diff 1328.6%)
2026-06-01 02:29:47.163 - aiperf.metrics.types.osl_mismatch_metrics - WARNING - OSL mismatch: got 500 tokens (requested 706, diff -29.2%)
2026-06-01 02:29:47.248 - aiperf.metrics.types.osl_mismatch_metrics - WARNING - OSL mismatch: got 500 tokens (requested 12, diff 4066.7%)
2026-06-01 02:29:47.340 - aiperf.metrics.types.osl_mismatch_metrics - WARNING - OSL mismatch: got 500 tokens (requested 437, diff 14.4%)
2026-06-01 02:29:47.416 - aiperf.metrics.types.osl_mismatch_metrics - WARNING - OSL mismatch: got 500 tokens (requested 9, diff 5455.6%)
2026-06-01 02:29:47.466 - aiperf.metrics.types.osl_mismatch_metrics - WARNING - OSL mismatch: got 500 tokens (requested 608, diff -17.8%)
2026-06-01 02:29:47.476 - aiperf.metrics.types.osl_mismatch_metrics - WARNING - OSL mismatch: got 500 tokens (requested 131, diff 281.7%)
2026-06-01 02:29:47.492 - aiperf.metrics.types.osl_mismatch_metrics - WARNING - OSL mismatch: got 500 tokens (requested 461, diff 8.5%)
2026-06-01 02:29:47.493 - aiperf.metrics.types.osl_mismatch_metrics - WARNING - OSL mismatch: got 500 tokens (requested 13, diff 3746.2%)
2026-06-01 02:29:47.502 - aiperf.metrics.types.osl_mismatch_metrics - WARNING - OSL mismatch: got 500 tokens (requested 336, diff 48.8%)
2026-06-01 02:29:47.639 - aiperf.metrics.types.osl_mismatch_metrics - WARNING - OSL mismatch: got 500 tokens (requested 16, diff 3025.0%)
2026-06-01 02:29:47.668 - aiperf.metrics.types.osl_mismatch_metrics - WARNING - OSL mismatch: got 500 tokens (requested 223, diff 124.2%)
2026-06-01 02:29:47.678 - aiperf.metrics.types.osl_mismatch_metrics - WARNING - OSL mismatch: got 500 tokens (requested 240, diff 108.3%)
2026-06-01 02:29:47.819 - aiperf.metrics.types.osl_mismatch_metrics - WARNING - OSL mismatch: got 500 tokens (requested 703, diff -28.9%)
2026-06-01 02:29:47.821 - aiperf.metrics.types.osl_mismatch_metrics - WARNING - OSL mismatch: got 500 tokens (requested 6, diff 8233.3%)
2026-06-01 02:29:47.831 - aiperf.metrics.types.osl_mismatch_metrics - WARNING - OSL mismatch: got 500 tokens (requested 40, diff 1150.0%)
2026-06-01 02:29:47.891 - aiperf.metrics.types.osl_mismatch_metrics - WARNING - OSL mismatch: got 161 tokens (requested 266, diff -39.5%)
2026-06-01 02:29:47.896 - aiperf.metrics.types.osl_mismatch_metrics - WARNING - OSL mismatch: got 500 tokens (requested 293, diff 70.6%)
2026-06-01 02:29:47.922 - aiperf.metrics.types.osl_mismatch_metrics - WARNING - OSL mismatch: got 500 tokens (requested 21, diff 2281.0%)
2026-06-01 02:29:47.932 - aiperf.metrics.types.osl_mismatch_metrics - WARNING - OSL mismatch: got 500 tokens (requested 16, diff 3025.0%)
2026-06-01 02:29:47.943 - aiperf.metrics.types.osl_mismatch_metrics - WARNING - OSL mismatch: got 500 tokens (requested 377, diff 32.6%)
2026-06-01 02:29:47.959 - aiperf.metrics.types.osl_mismatch_metrics - WARNING - OSL mismatch: got 500 tokens (requested 10, diff 4900.0%)
2026-06-01 02:29:48.069 - aiperf.metrics.types.osl_mismatch_metrics - WARNING - OSL mismatch: got 500 tokens (requested 253, diff 97.6%)
2026-06-01 02:29:48.158 - aiperf.metrics.types.osl_mismatch_metrics - WARNING - OSL mismatch: got 500 tokens (requested 54, diff 825.9%)
2026-06-01 02:29:48.166 - aiperf.metrics.types.osl_mismatch_metrics - WARNING - OSL mismatch: got 122 tokens (requested 45, diff 171.1%)
2026-06-01 02:29:48.204 - aiperf.metrics.types.osl_mismatch_metrics - WARNING - OSL mismatch: got 500 tokens (requested 8, diff 6150.0%)
2026-06-01 02:29:48.207 - aiperf.metrics.types.osl_mismatch_metrics - WARNING - OSL mismatch: got 500 tokens (requested 256, diff 95.3%)
2026-06-01 02:29:48.246 - aiperf.metrics.types.osl_mismatch_metrics - WARNING - OSL mismatch: got 500 tokens (requested 168, diff 197.6%)
2026-06-01 02:29:48.268 - aiperf.metrics.types.osl_mismatch_metrics - WARNING - OSL mismatch: got 500 tokens (requested 286, diff 74.8%)
2026-06-01 02:29:48.343 - aiperf.metrics.types.osl_mismatch_metrics - WARNING - OSL mismatch: got 500 tokens (requested 247, diff 102.4%)
2026-06-01 02:29:48.458 - aiperf.metrics.types.osl_mismatch_metrics - WARNING - OSL mismatch: got 500 tokens (requested 286, diff 74.8%)
2026-06-01 02:29:48.626 - aiperf.metrics.types.osl_mismatch_metrics - WARNING - OSL mismatch: got 14 tokens (requested 355, diff -96.1%)
2026-06-01 02:29:48.673 - aiperf.metrics.types.osl_mismatch_metrics - WARNING - OSL mismatch: got 500 tokens (requested 17, diff 2841.2%)
2026-06-01 02:29:48.706 - aiperf.metrics.types.osl_mismatch_metrics - WARNING - OSL mismatch: got 500 tokens (requested 25, diff 1900.0%)
2026-06-01 02:29:48.838 - aiperf.metrics.types.osl_mismatch_metrics - WARNING - OSL mismatch: got 500 tokens (requested 18, diff 2677.8%)
2026-06-01 02:29:48.913 - aiperf.metrics.types.osl_mismatch_metrics - WARNING - OSL mismatch: got 500 tokens (requested 23, diff 2073.9%)
2026-06-01 02:29:48.990 - aiperf.metrics.types.osl_mismatch_metrics - WARNING - OSL mismatch: got 500 tokens (requested 8, diff 6150.0%)
2026-06-01 02:29:49.011 - aiperf.metrics.types.osl_mismatch_metrics - WARNING - OSL mismatch: got 500 tokens (requested 7, diff 7042.9%)
2026-06-01 02:29:49.025 - aiperf.metrics.types.osl_mismatch_metrics - WARNING - OSL mismatch: got 500 tokens (requested 30, diff 1566.7%)
2026-06-01 02:29:49.177 - aiperf.metrics.types.osl_mismatch_metrics - WARNING - OSL mismatch: got 500 tokens (requested 591, diff -15.4%)
2026-06-01 02:29:49.340 - aiperf.metrics.types.osl_mismatch_metrics - WARNING - OSL mismatch: got 163 tokens (requested 113, diff 44.2%)
2026-06-01 02:29:49.355 - aiperf.metrics.types.osl_mismatch_metrics - WARNING - OSL mismatch: got 500 tokens (requested 249, diff 100.8%)
2026-06-01 02:29:49.371 - aiperf.metrics.types.osl_mismatch_metrics - WARNING - OSL mismatch: got 500 tokens (requested 276, diff 81.2%)
2026-06-01 02:29:49.374 - aiperf.metrics.types.osl_mismatch_metrics - WARNING - OSL mismatch: got 500 tokens (requested 16, diff 3025.0%)
2026-06-01 02:29:49.406 - aiperf.metrics.types.osl_mismatch_metrics - WARNING - OSL mismatch: got 365 tokens (requested 178, diff 105.1%)
2026-06-01 02:29:49.554 - aiperf.metrics.types.osl_mismatch_metrics - WARNING - OSL mismatch: got 500 tokens (requested 117, diff 327.4%)
2026-06-01 02:29:49.674 - aiperf.metrics.types.osl_mismatch_metrics - WARNING - OSL mismatch: got 500 tokens (requested 28, diff 1685.7%)
2026-06-01 02:29:49.723 - aiperf.metrics.types.osl_mismatch_metrics - WARNING - OSL mismatch: got 500 tokens (requested 316, diff 58.2%)
2026-06-01 02:29:49.826 - aiperf.metrics.types.osl_mismatch_metrics - WARNING - OSL mismatch: got 500 tokens (requested 32, diff 1462.5%)
2026-06-01 02:29:49.886 - aiperf.metrics.types.osl_mismatch_metrics - WARNING - OSL mismatch: got 500 tokens (requested 428, diff 16.8%)
2026-06-01 02:29:49.898 - aiperf.metrics.types.osl_mismatch_metrics - WARNING - OSL mismatch: got 500 tokens (requested 263, diff 90.1%)
2026-06-01 02:29:49.899 - aiperf.metrics.types.osl_mismatch_metrics - WARNING - OSL mismatch: got 500 tokens (requested 466, diff 7.3%)
2026-06-01 02:29:49.902 - aiperf.metrics.types.osl_mismatch_metrics - WARNING - OSL mismatch: got 500 tokens (requested 24, diff 1983.3%)
2026-06-01 02:29:50.027 - aiperf.metrics.types.osl_mismatch_metrics - WARNING - OSL mismatch: got 500 tokens (requested 619, diff -19.2%)
2026-06-01 02:29:50.178 - aiperf.metrics.types.osl_mismatch_metrics - WARNING - OSL mismatch: got 500 tokens (requested 293, diff 70.6%)
2026-06-01 02:29:50.179 - aiperf.metrics.types.osl_mismatch_metrics - WARNING - OSL mismatch: got 500 tokens (requested 31, diff 1512.9%)
2026-06-01 02:29:50.187 - aiperf.metrics.types.osl_mismatch_metrics - WARNING - OSL mismatch: got 500 tokens (requested 279, diff 79.2%)
2026-06-01 02:29:50.194 - aiperf.metrics.types.osl_mismatch_metrics - WARNING - OSL mismatch: got 4 tokens (requested 26, diff -84.6%)
2026-06-01 02:29:50.325 - aiperf.metrics.types.osl_mismatch_metrics - WARNING - OSL mismatch: got 500 tokens (requested 207, diff 141.5%)
2026-06-01 02:29:50.328 - aiperf.metrics.types.osl_mismatch_metrics - WARNING - OSL mismatch: got 500 tokens (requested 27, diff 1751.9%)
2026-06-01 02:29:50.461 - aiperf.metrics.types.osl_mismatch_metrics - WARNING - OSL mismatch: got 500 tokens (requested 5, diff 9900.0%)
2026-06-01 02:29:50.551 - aiperf.metrics.types.osl_mismatch_metrics - WARNING - OSL mismatch: got 500 tokens (requested 282, diff 77.3%)
2026-06-01 02:29:50.577 - aiperf.metrics.types.osl_mismatch_metrics - WARNING - OSL mismatch: got 500 tokens (requested 14, diff 3471.4%)
2026-06-01 02:29:50.614 - aiperf.metrics.types.osl_mismatch_metrics - WARNING - OSL mismatch: got 500 tokens (requested 287, diff 74.2%)
2026-06-01 02:29:50.681 - aiperf.metrics.types.osl_mismatch_metrics - WARNING - OSL mismatch: got 490 tokens (requested 69, diff 610.1%)
2026-06-01 02:29:50.757 - aiperf.metrics.types.osl_mismatch_metrics - WARNING - OSL mismatch: got 500 tokens (requested 147, diff 240.1%)
2026-06-01 02:29:50.810 - aiperf.metrics.types.osl_mismatch_metrics - WARNING - OSL mismatch: got 500 tokens (requested 614, diff -18.6%)
2026-06-01 02:29:50.884 - aiperf.metrics.types.osl_mismatch_metrics - WARNING - OSL mismatch: got 500 tokens (requested 12, diff 4066.7%)
2026-06-01 02:29:50.934 - aiperf.metrics.types.osl_mismatch_metrics - WARNING - OSL mismatch: got 500 tokens (requested 339, diff 47.5%)
2026-06-01 02:29:50.970 - aiperf.metrics.types.osl_mismatch_metrics - WARNING - OSL mismatch: got 500 tokens (requested 176, diff 184.1%)
2026-06-01 02:29:50.983 - aiperf.metrics.types.osl_mismatch_metrics - WARNING - OSL mismatch: got 500 tokens (requested 767, diff -34.8%)
2026-06-01 02:29:51.035 - aiperf.metrics.types.osl_mismatch_metrics - WARNING - OSL mismatch: got 500 tokens (requested 231, diff 116.5%)
2026-06-01 02:29:51.112 - aiperf.metrics.types.osl_mismatch_metrics - WARNING - OSL mismatch: got 500 tokens (requested 16, diff 3025.0%)
2026-06-01 02:29:51.176 - aiperf.metrics.types.osl_mismatch_metrics - WARNING - OSL mismatch: got 500 tokens (requested 350, diff 42.9%)
2026-06-01 02:29:51.263 - aiperf.metrics.types.osl_mismatch_metrics - WARNING - OSL mismatch: got 477 tokens (requested 14, diff 3307.1%)
2026-06-01 02:29:51.264 - aiperf.metrics.types.osl_mismatch_metrics - WARNING - OSL mismatch: got 500 tokens (requested 43, diff 1062.8%)
2026-06-01 02:29:51.325 - aiperf.metrics.types.osl_mismatch_metrics - WARNING - OSL mismatch: got 458 tokens (requested 104, diff 340.4%)
2026-06-01 02:29:51.544 - aiperf.metrics.types.osl_mismatch_metrics - WARNING - OSL mismatch: got 500 tokens (requested 318, diff 57.2%)
2026-06-01 02:29:51.544 - aiperf.metrics.types.osl_mismatch_metrics - WARNING - OSL mismatch: got 500 tokens (requested 270, diff 85.2%)
2026-06-01 02:29:51.545 - aiperf.metrics.types.osl_mismatch_metrics - WARNING - OSL mismatch: got 500 tokens (requested 15, diff 3233.3%)
2026-06-01 02:29:51.548 - aiperf.metrics.types.osl_mismatch_metrics - WARNING - OSL mismatch: got 93 tokens (requested 125, diff -25.6%)
2026-06-01 02:29:51.588 - aiperf.metrics.types.osl_mismatch_metrics - WARNING - OSL mismatch: got 166 tokens (requested 125, diff 32.8%)
2026-06-01 02:29:51.649 - aiperf.metrics.types.osl_mismatch_metrics - WARNING - OSL mismatch: got 500 tokens (requested 677, diff -26.1%)
2026-06-01 02:29:51.649 - aiperf.metrics.types.osl_mismatch_metrics - WARNING - OSL mismatch: got 500 tokens (requested 76, diff 557.9%)
2026-06-01 02:29:51.767 - aiperf.metrics.types.osl_mismatch_metrics - WARNING - OSL mismatch: got 500 tokens (requested 65, diff 669.2%)
2026-06-01 02:29:51.810 - aiperf.metrics.types.osl_mismatch_metrics - WARNING - OSL mismatch: got 500 tokens (requested 173, diff 189.0%)
2026-06-01 02:29:51.820 - aiperf.metrics.types.osl_mismatch_metrics - WARNING - OSL mismatch: got 500 tokens (requested 182, diff 174.7%)
2026-06-01 02:29:51.950 - aiperf.metrics.types.osl_mismatch_metrics - WARNING - OSL mismatch: got 500 tokens (requested 760, diff -34.2%)
2026-06-01 02:29:51.951 - aiperf.metrics.types.osl_mismatch_metrics - WARNING - OSL mismatch: got 423 tokens (requested 235, diff 80.0%)
2026-06-01 02:29:51.965 - aiperf.metrics.types.osl_mismatch_metrics - WARNING - OSL mismatch: got 498 tokens (requested 448, diff 11.2%)
2026-06-01 02:29:52.017 - aiperf.metrics.types.osl_mismatch_metrics - WARNING - OSL mismatch: got 500 tokens (requested 186, diff 168.8%)
2026-06-01 02:29:52.032 - aiperf.metrics.types.osl_mismatch_metrics - WARNING - OSL mismatch: got 500 tokens (requested 100, diff 400.0%)
2026-06-01 02:29:52.068 - aiperf.metrics.types.osl_mismatch_metrics - WARNING - OSL mismatch: got 500 tokens (requested 6, diff 8233.3%)
2026-06-01 02:29:52.132 - aiperf.metrics.types.osl_mismatch_metrics - WARNING - OSL mismatch: got 500 tokens (requested 244, diff 104.9%)
2026-06-01 02:29:52.209 - aiperf.metrics.types.osl_mismatch_metrics - WARNING - OSL mismatch: got 500 tokens (requested 78, diff 541.0%)
2026-06-01 02:29:52.324 - aiperf.metrics.types.osl_mismatch_metrics - WARNING - OSL mismatch: got 500 tokens (requested 8, diff 6150.0%)
2026-06-01 02:29:52.337 - aiperf.metrics.types.osl_mismatch_metrics - WARNING - OSL mismatch: got 500 tokens (requested 131, diff 281.7%)
2026-06-01 02:29:52.360 - aiperf.metrics.types.osl_mismatch_metrics - WARNING - OSL mismatch: got 221 tokens (requested 75, diff 194.7%)
2026-06-01 02:29:52.544 - aiperf.metrics.types.osl_mismatch_metrics - WARNING - OSL mismatch: got 500 tokens (requested 125, diff 300.0%)
2026-06-01 02:29:52.632 - aiperf.metrics.types.osl_mismatch_metrics - WARNING - OSL mismatch: got 500 tokens (requested 410, diff 22.0%)
2026-06-01 02:29:52.633 - aiperf.metrics.types.osl_mismatch_metrics - WARNING - OSL mismatch: got 500 tokens (requested 11, diff 4445.5%)
2026-06-01 02:29:52.646 - aiperf.metrics.types.osl_mismatch_metrics - WARNING - OSL mismatch: got 500 tokens (requested 821, diff -39.1%)
2026-06-01 02:29:52.657 - aiperf.metrics.types.osl_mismatch_metrics - WARNING - OSL mismatch: got 375 tokens (requested 13, diff 2784.6%)
2026-06-01 02:29:52.695 - aiperf.metrics.types.osl_mismatch_metrics - WARNING - OSL mismatch: got 500 tokens (requested 412, diff 21.4%)
2026-06-01 02:29:52.721 - aiperf.metrics.types.osl_mismatch_metrics - WARNING - OSL mismatch: got 500 tokens (requested 35, diff 1328.6%)
2026-06-01 02:29:52.736 - aiperf.metrics.types.osl_mismatch_metrics - WARNING - OSL mismatch: got 500 tokens (requested 124, diff 303.2%)
2026-06-01 02:29:52.736 - aiperf.metrics.types.osl_mismatch_metrics - WARNING - OSL mismatch: got 500 tokens (requested 26, diff 1823.1%)
2026-06-01 02:29:52.905 - aiperf.metrics.types.osl_mismatch_metrics - WARNING - OSL mismatch: got 500 tokens (requested 289, diff 73.0%)
2026-06-01 02:29:52.919 - aiperf.metrics.types.osl_mismatch_metrics - WARNING - OSL mismatch: got 500 tokens (requested 1213, diff -58.8%)
2026-06-01 02:29:52.941 - aiperf.metrics.types.osl_mismatch_metrics - WARNING - OSL mismatch: got 500 tokens (requested 199, diff 151.3%)
2026-06-01 02:29:53.126 - aiperf.metrics.types.osl_mismatch_metrics - WARNING - OSL mismatch: got 500 tokens (requested 366, diff 36.6%)
2026-06-01 02:29:53.126 - aiperf.metrics.types.osl_mismatch_metrics - WARNING - OSL mismatch: got 500 tokens (requested 7, diff 7042.9%)
2026-06-01 02:29:53.188 - aiperf.metrics.types.osl_mismatch_metrics - WARNING - OSL mismatch: got 471 tokens (requested 283, diff 66.4%)
2026-06-01 02:29:53.216 - aiperf.metrics.types.osl_mismatch_metrics - WARNING - OSL mismatch: got 500 tokens (requested 14, diff 3471.4%)
2026-06-01 02:29:53.228 - aiperf.metrics.types.osl_mismatch_metrics - WARNING - OSL mismatch: got 500 tokens (requested 36, diff 1288.9%)
2026-06-01 02:29:53.241 - aiperf.metrics.types.osl_mismatch_metrics - WARNING - OSL mismatch: got 500 tokens (requested 175, diff 185.7%)
2026-06-01 02:29:53.241 - aiperf.metrics.types.osl_mismatch_metrics - WARNING - OSL mismatch: got 500 tokens (requested 79, diff 532.9%)
2026-06-01 02:29:53.418 - aiperf.metrics.types.osl_mismatch_metrics - WARNING - OSL mismatch: got 500 tokens (requested 12, diff 4066.7%)
2026-06-01 02:29:53.427 - aiperf.metrics.types.osl_mismatch_metrics - WARNING - OSL mismatch: got 500 tokens (requested 137, diff 265.0%)
2026-06-01 02:29:53.533 - aiperf.metrics.types.osl_mismatch_metrics - WARNING - OSL mismatch: got 111 tokens (requested 28, diff 296.4%)
2026-06-01 02:29:53.590 - aiperf.metrics.types.osl_mismatch_metrics - WARNING - OSL mismatch: got 500 tokens (requested 34, diff 1370.6%)
2026-06-01 02:29:53.665 - aiperf.metrics.types.osl_mismatch_metrics - WARNING - OSL mismatch: got 500 tokens (requested 1166, diff -57.1%)
2026-06-01 02:29:53.740 - aiperf.metrics.types.osl_mismatch_metrics - WARNING - OSL mismatch: got 500 tokens (requested 23, diff 2073.9%)
2026-06-01 02:29:53.749 - aiperf.metrics.types.osl_mismatch_metrics - WARNING - OSL mismatch: got 500 tokens (requested 179, diff 179.3%)
2026-06-01 02:29:53.777 - aiperf.metrics.types.osl_mismatch_metrics - WARNING - OSL mismatch: got 500 tokens (requested 223, diff 124.2%)
2026-06-01 02:29:53.777 - aiperf.metrics.types.osl_mismatch_metrics - WARNING - OSL mismatch: got 500 tokens (requested 417, diff 19.9%)
2026-06-01 02:29:53.799 - aiperf.metrics.types.osl_mismatch_metrics - WARNING - OSL mismatch: got 502 tokens (requested 17, diff 2852.9%)
2026-06-01 02:29:53.851 - aiperf.metrics.types.osl_mismatch_metrics - WARNING - OSL mismatch: got 500 tokens (requested 365, diff 37.0%)
2026-06-01 02:29:53.877 - aiperf.metrics.types.osl_mismatch_metrics - WARNING - OSL mismatch: got 500 tokens (requested 111, diff 350.5%)
2026-06-01 02:29:53.885 - aiperf.metrics.types.osl_mismatch_metrics - WARNING - OSL mismatch: got 220 tokens (requested 180, diff 22.2%)
2026-06-01 02:29:53.948 - aiperf.metrics.types.osl_mismatch_metrics - WARNING - OSL mismatch: got 500 tokens (requested 12, diff 4066.7%)
2026-06-01 02:29:53.950 - aiperf.metrics.types.osl_mismatch_metrics - WARNING - OSL mismatch: got 500 tokens (requested 299, diff 67.2%)
2026-06-01 02:29:54.064 - aiperf.metrics.types.osl_mismatch_metrics - WARNING - OSL mismatch: got 500 tokens (requested 8, diff 6150.0%)
2026-06-01 02:29:54.125 - aiperf.metrics.types.osl_mismatch_metrics - WARNING - OSL mismatch: got 319 tokens (requested 132, diff 141.7%)
2026-06-01 02:29:54.129 - aiperf.metrics.types.osl_mismatch_metrics - WARNING - OSL mismatch: got 500 tokens (requested 7, diff 7042.9%)
2026-06-01 02:29:54.139 - aiperf.metrics.types.osl_mismatch_metrics - WARNING - OSL mismatch: got 500 tokens (requested 10, diff 4900.0%)
2026-06-01 02:29:54.147 - aiperf.metrics.types.osl_mismatch_metrics - WARNING - OSL mismatch: got 210 tokens (requested 119, diff 76.5%)
2026-06-01 02:29:54.149 - aiperf.metrics.types.osl_mismatch_metrics - WARNING - OSL mismatch: got 336 tokens (requested 373, diff -9.9%)
2026-06-01 02:29:54.214 - aiperf.metrics.types.osl_mismatch_metrics - WARNING - OSL mismatch: got 500 tokens (requested 87, diff 474.7%)
2026-06-01 02:29:54.214 - aiperf.metrics.types.osl_mismatch_metrics - WARNING - OSL mismatch: got 500 tokens (requested 101, diff 395.0%)
2026-06-01 02:29:54.224 - aiperf.metrics.types.osl_mismatch_metrics - WARNING - OSL mismatch: got 500 tokens (requested 294, diff 70.1%)
2026-06-01 02:29:54.238 - aiperf.metrics.types.osl_mismatch_metrics - WARNING - OSL mismatch: got 500 tokens (requested 462, diff 8.2%)
2026-06-01 02:29:54.238 - aiperf.metrics.types.osl_mismatch_metrics - WARNING - OSL mismatch: got 500 tokens (requested 305, diff 63.9%)
2026-06-01 02:29:54.248 - aiperf.metrics.types.osl_mismatch_metrics - WARNING - OSL mismatch: got 500 tokens (requested 207, diff 141.5%)
2026-06-01 02:29:54.484 - aiperf.metrics.types.osl_mismatch_metrics - WARNING - OSL mismatch: got 500 tokens (requested 769, diff -35.0%)
2026-06-01 02:29:54.590 - aiperf.metrics.types.osl_mismatch_metrics - WARNING - OSL mismatch: got 500 tokens (requested 621, diff -19.5%)
2026-06-01 02:29:54.637 - aiperf.metrics.types.osl_mismatch_metrics - WARNING - OSL mismatch: got 488 tokens (requested 131, diff 272.5%)
2026-06-01 02:29:54.660 - aiperf.metrics.types.osl_mismatch_metrics - WARNING - OSL mismatch: got 263 tokens (requested 20, diff 1215.0%)
2026-06-01 02:29:54.716 - aiperf.metrics.types.osl_mismatch_metrics - WARNING - OSL mismatch: got 500 tokens (requested 34, diff 1370.6%)
2026-06-01 02:29:54.741 - aiperf.metrics.types.osl_mismatch_metrics - WARNING - OSL mismatch: got 500 tokens (requested 10, diff 4900.0%)
2026-06-01 02:29:54.754 - aiperf.metrics.types.osl_mismatch_metrics - WARNING - OSL mismatch: got 500 tokens (requested 33, diff 1415.2%)
2026-06-01 02:29:54.778 - aiperf.metrics.types.osl_mismatch_metrics - WARNING - OSL mismatch: got 500 tokens (requested 104, diff 380.8%)
2026-06-01 02:29:54.790 - aiperf.metrics.types.osl_mismatch_metrics - WARNING - OSL mismatch: got 500 tokens (requested 393, diff 27.2%)
2026-06-01 02:29:54.913 - aiperf.metrics.types.osl_mismatch_metrics - WARNING - OSL mismatch: got 500 tokens (requested 775, diff -35.5%)
2026-06-01 02:29:54.939 - aiperf.metrics.types.osl_mismatch_metrics - WARNING - OSL mismatch: got 500 tokens (requested 361, diff 38.5%)
2026-06-01 02:29:55.041 - aiperf.metrics.types.osl_mismatch_metrics - WARNING - OSL mismatch: got 500 tokens (requested 9, diff 5455.6%)
2026-06-01 02:29:55.173 - aiperf.metrics.types.osl_mismatch_metrics - WARNING - OSL mismatch: got 113 tokens (requested 38, diff 197.4%)
2026-06-01 02:29:55.179 - aiperf.metrics.types.osl_mismatch_metrics - WARNING - OSL mismatch: got 500 tokens (requested 10, diff 4900.0%)
2026-06-01 02:29:55.191 - aiperf.metrics.types.osl_mismatch_metrics - WARNING - OSL mismatch: got 461 tokens (requested 147, diff 213.6%)
2026-06-01 02:29:55.211 - aiperf.metrics.types.osl_mismatch_metrics - WARNING - OSL mismatch: got 182 tokens (requested 85, diff 114.1%)
2026-06-01 02:29:55.227 - aiperf.metrics.types.osl_mismatch_metrics - WARNING - OSL mismatch: got 370 tokens (requested 88, diff 320.5%)
2026-06-01 02:29:55.253 - aiperf.metrics.types.osl_mismatch_metrics - WARNING - OSL mismatch: got 500 tokens (requested 377, diff 32.6%)
2026-06-01 02:29:55.255 - aiperf.metrics.types.osl_mismatch_metrics - WARNING - OSL mismatch: got 500 tokens (requested 20, diff 2400.0%)
2026-06-01 02:29:55.278 - aiperf.metrics.types.osl_mismatch_metrics - WARNING - OSL mismatch: got 500 tokens (requested 386, diff 29.5%)
2026-06-01 02:29:55.294 - aiperf.metrics.types.osl_mismatch_metrics - WARNING - OSL mismatch: got 500 tokens (requested 17, diff 2841.2%)
2026-06-01 02:29:55.303 - aiperf.metrics.types.osl_mismatch_metrics - WARNING - OSL mismatch: got 500 tokens (requested 597, diff -16.2%)
2026-06-01 02:29:55.397 - aiperf.metrics.types.osl_mismatch_metrics - WARNING - OSL mismatch: got 500 tokens (requested 25, diff 1900.0%)
2026-06-01 02:29:55.410 - aiperf.metrics.types.osl_mismatch_metrics - WARNING - OSL mismatch: got 500 tokens (requested 80, diff 525.0%)
2026-06-01 02:29:55.469 - aiperf.metrics.types.osl_mismatch_metrics - WARNING - OSL mismatch: got 500 tokens (requested 86, diff 481.4%)
2026-06-01 02:29:55.483 - aiperf.metrics.types.osl_mismatch_metrics - WARNING - OSL mismatch: got 500 tokens (requested 20, diff 2400.0%)
2026-06-01 02:29:55.496 - aiperf.metrics.types.osl_mismatch_metrics - WARNING - OSL mismatch: got 500 tokens (requested 607, diff -17.6%)
2026-06-01 02:29:55.500 - aiperf.metrics.types.osl_mismatch_metrics - WARNING - OSL mismatch: got 500 tokens (requested 317, diff 57.7%)
2026-06-01 02:29:55.632 - aiperf.metrics.types.osl_mismatch_metrics - WARNING - OSL mismatch: got 490 tokens (requested 194, diff 152.6%)
2026-06-01 02:29:55.660 - aiperf.metrics.types.osl_mismatch_metrics - WARNING - OSL mismatch: got 500 tokens (requested 64, diff 681.2%)
2026-06-01 02:29:55.681 - aiperf.metrics.types.osl_mismatch_metrics - WARNING - OSL mismatch: got 500 tokens (requested 615, diff -18.7%)
2026-06-01 02:29:55.744 - aiperf.metrics.types.osl_mismatch_metrics - WARNING - OSL mismatch: got 500 tokens (requested 328, diff 52.4%)
2026-06-01 02:29:55.758 - aiperf.metrics.types.osl_mismatch_metrics - WARNING - OSL mismatch: got 500 tokens (requested 165, diff 203.0%)
2026-06-01 02:29:55.760 - aiperf.metrics.types.osl_mismatch_metrics - WARNING - OSL mismatch: got 500 tokens (requested 770, diff -35.1%)
2026-06-01 02:29:55.843 - aiperf.metrics.types.osl_mismatch_metrics - WARNING - OSL mismatch: got 500 tokens (requested 65, diff 669.2%)
2026-06-01 02:29:55.855 - aiperf.metrics.types.osl_mismatch_metrics - WARNING - OSL mismatch: got 500 tokens (requested 331, diff 51.1%)
2026-06-01 02:29:55.889 - aiperf.metrics.types.osl_mismatch_metrics - WARNING - OSL mismatch: got 500 tokens (requested 193, diff 159.1%)
2026-06-01 02:29:55.964 - aiperf.metrics.types.osl_mismatch_metrics - WARNING - OSL mismatch: got 500 tokens (requested 7, diff 7042.9%)
2026-06-01 02:29:55.988 - aiperf.metrics.types.osl_mismatch_metrics - WARNING - OSL mismatch: got 500 tokens (requested 776, diff -35.6%)
2026-06-01 02:29:55.989 - aiperf.metrics.types.osl_mismatch_metrics - WARNING - OSL mismatch: got 500 tokens (requested 431, diff 16.0%)
2026-06-01 02:29:56.194 - aiperf.metrics.types.osl_mismatch_metrics - WARNING - OSL mismatch: got 500 tokens (requested 5, diff 9900.0%)
2026-06-01 02:29:56.194 - aiperf.metrics.types.osl_mismatch_metrics - WARNING - OSL mismatch: got 500 tokens (requested 234, diff 113.7%)
2026-06-01 02:29:56.268 - aiperf.metrics.types.osl_mismatch_metrics - WARNING - OSL mismatch: got 500 tokens (requested 174, diff 187.4%)
2026-06-01 02:29:56.279 - aiperf.metrics.types.osl_mismatch_metrics - WARNING - OSL mismatch: got 437 tokens (requested 14, diff 3021.4%)
2026-06-01 02:29:56.356 - aiperf.metrics.types.osl_mismatch_metrics - WARNING - OSL mismatch: got 500 tokens (requested 9, diff 5455.6%)
2026-06-01 02:29:56.356 - aiperf.metrics.types.osl_mismatch_metrics - WARNING - OSL mismatch: got 500 tokens (requested 8, diff 6150.0%)
2026-06-01 02:29:56.442 - aiperf.metrics.types.osl_mismatch_metrics - WARNING - OSL mismatch: got 500 tokens (requested 449, diff 11.4%)
2026-06-01 02:29:56.661 - aiperf.metrics.types.osl_mismatch_metrics - WARNING - OSL mismatch: got 500 tokens (requested 11, diff 4445.5%)
2026-06-01 02:29:56.675 - aiperf.metrics.types.osl_mismatch_metrics - WARNING - OSL mismatch: got 469 tokens (requested 344, diff 36.3%)
2026-06-01 02:29:56.697 - aiperf.metrics.types.osl_mismatch_metrics - WARNING - OSL mismatch: got 325 tokens (requested 102, diff 218.6%)
2026-06-01 02:29:56.789 - aiperf.metrics.types.osl_mismatch_metrics - WARNING - OSL mismatch: got 500 tokens (requested 202, diff 147.5%)
2026-06-01 02:29:56.838 - aiperf.metrics.types.osl_mismatch_metrics - WARNING - OSL mismatch: got 500 tokens (requested 776, diff -35.6%)
2026-06-01 02:29:56.858 - aiperf.metrics.types.osl_mismatch_metrics - WARNING - OSL mismatch: got 277 tokens (requested 24, diff 1054.2%)
2026-06-01 02:29:56.944 - aiperf.metrics.types.osl_mismatch_metrics - WARNING - OSL mismatch: got 247 tokens (requested 64, diff 285.9%)
2026-06-01 02:29:56.948 - aiperf.metrics.types.osl_mismatch_metrics - WARNING - OSL mismatch: got 500 tokens (requested 181, diff 176.2%)
2026-06-01 02:29:56.949 - aiperf.metrics.types.osl_mismatch_metrics - WARNING - OSL mismatch: got 500 tokens (requested 13, diff 3746.2%)
2026-06-01 02:29:57.045 - aiperf.metrics.types.osl_mismatch_metrics - WARNING - OSL mismatch: got 500 tokens (requested 96, diff 420.8%)
2026-06-01 02:29:57.135 - aiperf.metrics.types.osl_mismatch_metrics - WARNING - OSL mismatch: got 500 tokens (requested 4, diff 12400.0%)
2026-06-01 02:29:57.230 - aiperf.metrics.types.osl_mismatch_metrics - WARNING - OSL mismatch: got 140 tokens (requested 34, diff 311.8%)
2026-06-01 02:29:57.236 - aiperf.metrics.types.osl_mismatch_metrics - WARNING - OSL mismatch: got 499 tokens (requested 410, diff 21.7%)
2026-06-01 02:29:57.246 - aiperf.metrics.types.osl_mismatch_metrics - WARNING - OSL mismatch: got 500 tokens (requested 294, diff 70.1%)
2026-06-01 02:29:57.381 - aiperf.metrics.types.osl_mismatch_metrics - WARNING - OSL mismatch: got 500 tokens (requested 45, diff 1011.1%)
2026-06-01 02:29:57.398 - aiperf.metrics.types.osl_mismatch_metrics - WARNING - OSL mismatch: got 500 tokens (requested 631, diff -20.8%)
2026-06-01 02:29:57.492 - aiperf.metrics.types.osl_mismatch_metrics - WARNING - OSL mismatch: got 500 tokens (requested 8, diff 6150.0%)
2026-06-01 02:29:57.570 - aiperf.metrics.types.osl_mismatch_metrics - WARNING - OSL mismatch: got 500 tokens (requested 15, diff 3233.3%)
2026-06-01 02:29:57.628 - aiperf.metrics.types.osl_mismatch_metrics - WARNING - OSL mismatch: got 500 tokens (requested 348, diff 43.7%)
2026-06-01 02:29:57.750 - aiperf.metrics.types.osl_mismatch_metrics - WARNING - OSL mismatch: got 500 tokens (requested 441, diff 13.4%)
2026-06-01 02:29:57.787 - aiperf.metrics.types.osl_mismatch_metrics - WARNING - OSL mismatch: got 500 tokens (requested 45, diff 1011.1%)
2026-06-01 02:29:57.833 - aiperf.metrics.types.osl_mismatch_metrics - WARNING - OSL mismatch: got 500 tokens (requested 127, diff 293.7%)
2026-06-01 02:29:57.857 - aiperf.metrics.types.osl_mismatch_metrics - WARNING - OSL mismatch: got 500 tokens (requested 5, diff 9900.0%)
2026-06-01 02:29:57.931 - aiperf.metrics.types.osl_mismatch_metrics - WARNING - OSL mismatch: got 313 tokens (requested 132, diff 137.1%)
2026-06-01 02:29:57.933 - aiperf.metrics.types.osl_mismatch_metrics - WARNING - OSL mismatch: got 500 tokens (requested 125, diff 300.0%)
2026-06-01 02:29:58.011 - aiperf.metrics.types.osl_mismatch_metrics - WARNING - OSL mismatch: got 500 tokens (requested 710, diff -29.6%)
2026-06-01 02:29:58.012 - aiperf.metrics.types.osl_mismatch_metrics - WARNING - OSL mismatch: got 499 tokens (requested 10, diff 4890.0%)
2026-06-01 02:29:58.036 - aiperf.metrics.types.osl_mismatch_metrics - WARNING - OSL mismatch: got 500 tokens (requested 169, diff 195.9%)
2026-06-01 02:29:58.038 - aiperf.metrics.types.osl_mismatch_metrics - WARNING - OSL mismatch: got 500 tokens (requested 225, diff 122.2%)
2026-06-01 02:29:58.110 - aiperf.metrics.types.osl_mismatch_metrics - WARNING - OSL mismatch: got 500 tokens (requested 8, diff 6150.0%)
2026-06-01 02:29:58.110 - aiperf.metrics.types.osl_mismatch_metrics - WARNING - OSL mismatch: got 500 tokens (requested 28, diff 1685.7%)
2026-06-01 02:29:58.122 - aiperf.metrics.types.osl_mismatch_metrics - WARNING - OSL mismatch: got 500 tokens (requested 13, diff 3746.2%)
2026-06-01 02:29:58.170 - aiperf.metrics.types.osl_mismatch_metrics - WARNING - OSL mismatch: got 500 tokens (requested 620, diff -19.4%)
2026-06-01 02:29:58.172 - aiperf.metrics.types.osl_mismatch_metrics - WARNING - OSL mismatch: got 500 tokens (requested 24, diff 1983.3%)
2026-06-01 02:29:58.180 - aiperf.metrics.types.osl_mismatch_metrics - WARNING - OSL mismatch: got 500 tokens (requested 307, diff 62.9%)
2026-06-01 02:29:58.193 - aiperf.metrics.types.osl_mismatch_metrics - WARNING - OSL mismatch: got 500 tokens (requested 426, diff 17.4%)
2026-06-01 02:29:58.216 - aiperf.metrics.types.osl_mismatch_metrics - WARNING - OSL mismatch: got 500 tokens (requested 91, diff 449.5%)
2026-06-01 02:29:58.224 - aiperf.metrics.types.osl_mismatch_metrics - WARNING - OSL mismatch: got 14 tokens (requested 5, diff 180.0%)
2026-06-01 02:29:58.302 - aiperf.metrics.types.osl_mismatch_metrics - WARNING - OSL mismatch: got 376 tokens (requested 28, diff 1242.9%)
2026-06-01 02:29:58.314 - aiperf.metrics.types.osl_mismatch_metrics - WARNING - OSL mismatch: got 500 tokens (requested 220, diff 127.3%)
2026-06-01 02:29:58.339 - aiperf.metrics.types.osl_mismatch_metrics - WARNING - OSL mismatch: got 500 tokens (requested 195, diff 156.4%)
2026-06-01 02:29:58.379 - aiperf.metrics.types.osl_mismatch_metrics - WARNING - OSL mismatch: got 500 tokens (requested 327, diff 52.9%)
2026-06-01 02:29:58.471 - aiperf.metrics.types.osl_mismatch_metrics - WARNING - OSL mismatch: got 481 tokens (requested 303, diff 58.7%)
2026-06-01 02:29:58.529 - aiperf.metrics.types.osl_mismatch_metrics - WARNING - OSL mismatch: got 500 tokens (requested 447, diff 11.9%)
2026-06-01 02:29:58.668 - aiperf.metrics.types.osl_mismatch_metrics - WARNING - OSL mismatch: got 500 tokens (requested 38, diff 1215.8%)
2026-06-01 02:29:58.728 - aiperf.metrics.types.osl_mismatch_metrics - WARNING - OSL mismatch: got 355 tokens (requested 31, diff 1045.2%)
2026-06-01 02:29:58.729 - aiperf.metrics.types.osl_mismatch_metrics - WARNING - OSL mismatch: got 500 tokens (requested 244, diff 104.9%)
2026-06-01 02:29:58.755 - aiperf.metrics.types.osl_mismatch_metrics - WARNING - OSL mismatch: got 22 tokens (requested 4, diff 450.0%)
2026-06-01 02:29:58.823 - aiperf.metrics.types.osl_mismatch_metrics - WARNING - OSL mismatch: got 500 tokens (requested 712, diff -29.8%)
2026-06-01 02:29:58.895 - aiperf.metrics.types.osl_mismatch_metrics - WARNING - OSL mismatch: got 500 tokens (requested 57, diff 777.2%)
2026-06-01 02:29:58.949 - aiperf.metrics.types.osl_mismatch_metrics - WARNING - OSL mismatch: got 23 tokens (requested 34, diff -32.4%)
2026-06-01 02:29:58.963 - aiperf.metrics.types.osl_mismatch_metrics - WARNING - OSL mismatch: got 297 tokens (requested 41, diff 624.4%)
2026-06-01 02:29:58.991 - aiperf.metrics.types.osl_mismatch_metrics - WARNING - OSL mismatch: got 500 tokens (requested 30, diff 1566.7%)
2026-06-01 02:29:59.056 - aiperf.metrics.types.osl_mismatch_metrics - WARNING - OSL mismatch: got 500 tokens (requested 315, diff 58.7%)
2026-06-01 02:29:59.117 - aiperf.metrics.types.osl_mismatch_metrics - WARNING - OSL mismatch: got 500 tokens (requested 10, diff 4900.0%)
2026-06-01 02:29:59.136 - aiperf.metrics.types.osl_mismatch_metrics - WARNING - OSL mismatch: got 224 tokens (requested 64, diff 250.0%)
2026-06-01 02:29:59.175 - aiperf.metrics.types.osl_mismatch_metrics - WARNING - OSL mismatch: got 500 tokens (requested 255, diff 96.1%)
2026-06-01 02:29:59.189 - aiperf.metrics.types.osl_mismatch_metrics - WARNING - OSL mismatch: got 500 tokens (requested 4, diff 12400.0%)
2026-06-01 02:29:59.191 - aiperf.metrics.types.osl_mismatch_metrics - WARNING - OSL mismatch: got 500 tokens (requested 5, diff 9900.0%)
2026-06-01 02:29:59.227 - aiperf.metrics.types.osl_mismatch_metrics - WARNING - OSL mismatch: got 500 tokens (requested 134, diff 273.1%)
2026-06-01 02:29:59.447 - aiperf.metrics.types.osl_mismatch_metrics - WARNING - OSL mismatch: got 424 tokens (requested 228, diff 86.0%)
2026-06-01 02:29:59.449 - aiperf.metrics.types.osl_mismatch_metrics - WARNING - OSL mismatch: got 500 tokens (requested 7, diff 7042.9%)
2026-06-01 02:29:59.545 - aiperf.metrics.types.osl_mismatch_metrics - WARNING - OSL mismatch: got 500 tokens (requested 70, diff 614.3%)
2026-06-01 02:29:59.580 - aiperf.metrics.types.osl_mismatch_metrics - WARNING - OSL mismatch: got 500 tokens (requested 262, diff 90.8%)
2026-06-01 02:29:59.591 - aiperf.metrics.types.osl_mismatch_metrics - WARNING - OSL mismatch: got 290 tokens (requested 253, diff 14.6%)
2026-06-01 02:29:59.768 - aiperf.metrics.types.osl_mismatch_metrics - WARNING - OSL mismatch: got 500 tokens (requested 6, diff 8233.3%)
2026-06-01 02:29:59.838 - aiperf.metrics.types.osl_mismatch_metrics - WARNING - OSL mismatch: got 500 tokens (requested 179, diff 179.3%)
2026-06-01 02:29:59.855 - aiperf.metrics.types.osl_mismatch_metrics - WARNING - OSL mismatch: got 19 tokens (requested 35, diff -45.7%)
2026-06-01 02:29:59.912 - aiperf.metrics.types.osl_mismatch_metrics - WARNING - OSL mismatch: got 500 tokens (requested 4, diff 12400.0%)
2026-06-01 02:29:59.934 - aiperf.metrics.types.osl_mismatch_metrics - WARNING - OSL mismatch: got 387 tokens (requested 11, diff 3418.2%)
2026-06-01 02:29:59.989 - aiperf.metrics.types.osl_mismatch_metrics - WARNING - OSL mismatch: got 31 tokens (requested 144, diff -78.5%)
2026-06-01 02:30:00.029 - aiperf.metrics.types.osl_mismatch_metrics - WARNING - OSL mismatch: got 52 tokens (requested 292, diff -82.2%)
2026-06-01 02:30:00.222 - aiperf.metrics.types.osl_mismatch_metrics - WARNING - OSL mismatch: got 500 tokens (requested 54, diff 825.9%)
2026-06-01 02:30:00.232 - aiperf.metrics.types.osl_mismatch_metrics - WARNING - OSL mismatch: got 500 tokens (requested 110, diff 354.5%)
2026-06-01 02:30:00.233 - aiperf.metrics.types.osl_mismatch_metrics - WARNING - OSL mismatch: got 500 tokens (requested 194, diff 157.7%)
2026-06-01 02:30:00.244 - aiperf.metrics.types.osl_mismatch_metrics - WARNING - OSL mismatch: got 500 tokens (requested 396, diff 26.3%)
2026-06-01 02:30:00.345 - aiperf.metrics.types.osl_mismatch_metrics - WARNING - OSL mismatch: got 500 tokens (requested 44, diff 1036.4%)
2026-06-01 02:30:00.369 - aiperf.metrics.types.osl_mismatch_metrics - WARNING - OSL mismatch: got 500 tokens (requested 311, diff 60.8%)
2026-06-01 02:30:00.381 - aiperf.metrics.types.osl_mismatch_metrics - WARNING - OSL mismatch: got 500 tokens (requested 9, diff 5455.6%)
2026-06-01 02:30:00.392 - aiperf.metrics.types.osl_mismatch_metrics - WARNING - OSL mismatch: got 448 tokens (requested 214, diff 109.3%)
2026-06-01 02:30:00.470 - aiperf.metrics.types.osl_mismatch_metrics - WARNING - OSL mismatch: got 500 tokens (requested 10, diff 4900.0%)
2026-06-01 02:30:00.500 - aiperf.metrics.types.osl_mismatch_metrics - WARNING - OSL mismatch: got 72 tokens (requested 62, diff 16.1%)
2026-06-01 02:30:00.530 - aiperf.metrics.types.osl_mismatch_metrics - WARNING - OSL mismatch: got 292 tokens (requested 12, diff 2333.3%)
2026-06-01 02:30:00.674 - aiperf.metrics.types.osl_mismatch_metrics - WARNING - OSL mismatch: got 23 tokens (requested 26, diff -11.5%)
2026-06-01 02:30:00.876 - aiperf.metrics.types.osl_mismatch_metrics - WARNING - OSL mismatch: got 500 tokens (requested 51, diff 880.4%)
2026-06-01 02:30:00.892 - aiperf.metrics.types.osl_mismatch_metrics - WARNING - OSL mismatch: got 495 tokens (requested 12, diff 4025.0%)
2026-06-01 02:30:00.954 - aiperf.metrics.types.osl_mismatch_metrics - WARNING - OSL mismatch: got 275 tokens (requested 194, diff 41.8%)
2026-06-01 02:30:00.956 - aiperf.metrics.types.osl_mismatch_metrics - WARNING - OSL mismatch: got 490 tokens (requested 213, diff 130.0%)
2026-06-01 02:30:01.043 - aiperf.metrics.types.osl_mismatch_metrics - WARNING - OSL mismatch: got 500 tokens (requested 8, diff 6150.0%)
2026-06-01 02:30:01.053 - aiperf.metrics.types.osl_mismatch_metrics - WARNING - OSL mismatch: got 500 tokens (requested 283, diff 76.7%)
2026-06-01 02:30:01.068 - aiperf.metrics.types.osl_mismatch_metrics - WARNING - OSL mismatch: got 500 tokens (requested 39, diff 1182.1%)
2026-06-01 02:30:01.078 - aiperf.metrics.types.osl_mismatch_metrics - WARNING - OSL mismatch: got 500 tokens (requested 659, diff -24.1%)
2026-06-01 02:30:01.103 - aiperf.metrics.types.osl_mismatch_metrics - WARNING - OSL mismatch: got 500 tokens (requested 115, diff 334.8%)
2026-06-01 02:30:01.174 - aiperf.metrics.types.osl_mismatch_metrics - WARNING - OSL mismatch: got 299 tokens (requested 275, diff 8.7%)
2026-06-01 02:30:01.200 - aiperf.metrics.types.osl_mismatch_metrics - WARNING - OSL mismatch: got 500 tokens (requested 134, diff 273.1%)
2026-06-01 02:30:01.329 - aiperf.metrics.types.osl_mismatch_metrics - WARNING - OSL mismatch: got 500 tokens (requested 21, diff 2281.0%)
2026-06-01 02:30:01.340 - aiperf.metrics.types.osl_mismatch_metrics - WARNING - OSL mismatch: got 500 tokens (requested 10, diff 4900.0%)
2026-06-01 02:30:01.365 - aiperf.metrics.types.osl_mismatch_metrics - WARNING - OSL mismatch: got 500 tokens (requested 9, diff 5455.6%)
2026-06-01 02:30:01.400 - aiperf.metrics.types.osl_mismatch_metrics - WARNING - OSL mismatch: got 500 tokens (requested 11, diff 4445.5%)
2026-06-01 02:30:01.438 - aiperf.metrics.types.osl_mismatch_metrics - WARNING - OSL mismatch: got 500 tokens (requested 339, diff 47.5%)
2026-06-01 02:30:01.461 - aiperf.metrics.types.osl_mismatch_metrics - WARNING - OSL mismatch: got 500 tokens (requested 78, diff 541.0%)
2026-06-01 02:30:01.487 - aiperf.metrics.types.osl_mismatch_metrics - WARNING - OSL mismatch: got 465 tokens (requested 222, diff 109.5%)
2026-06-01 02:30:01.499 - aiperf.metrics.types.osl_mismatch_metrics - WARNING - OSL mismatch: got 500 tokens (requested 29, diff 1624.1%)
2026-06-01 02:30:01.510 - aiperf.metrics.types.osl_mismatch_metrics - WARNING - OSL mismatch: got 500 tokens (requested 768, diff -34.9%)
2026-06-01 02:30:01.639 - aiperf.metrics.types.osl_mismatch_metrics - WARNING - OSL mismatch: got 500 tokens (requested 21, diff 2281.0%)
2026-06-01 02:30:01.700 - aiperf.metrics.types.osl_mismatch_metrics - WARNING - OSL mismatch: got 500 tokens (requested 14, diff 3471.4%)
2026-06-01 02:30:01.710 - aiperf.metrics.types.osl_mismatch_metrics - WARNING - OSL mismatch: got 500 tokens (requested 28, diff 1685.7%)
2026-06-01 02:30:01.912 - aiperf.metrics.types.osl_mismatch_metrics - WARNING - OSL mismatch: got 500 tokens (requested 18, diff 2677.8%)
2026-06-01 02:30:01.983 - aiperf.metrics.types.osl_mismatch_metrics - WARNING - OSL mismatch: got 500 tokens (requested 239, diff 109.2%)
2026-06-01 02:30:02.046 - aiperf.metrics.types.osl_mismatch_metrics - WARNING - OSL mismatch: got 500 tokens (requested 354, diff 41.2%)
2026-06-01 02:30:02.148 - aiperf.metrics.types.osl_mismatch_metrics - WARNING - OSL mismatch: got 500 tokens (requested 69, diff 624.6%)
2026-06-01 02:30:02.161 - aiperf.metrics.types.osl_mismatch_metrics - WARNING - OSL mismatch: got 500 tokens (requested 85, diff 488.2%)
2026-06-01 02:30:02.161 - aiperf.metrics.types.osl_mismatch_metrics - WARNING - OSL mismatch: got 500 tokens (requested 12, diff 4066.7%)
2026-06-01 02:30:02.297 - aiperf.metrics.types.osl_mismatch_metrics - WARNING - OSL mismatch: got 500 tokens (requested 172, diff 190.7%)
2026-06-01 02:30:02.307 - aiperf.metrics.types.osl_mismatch_metrics - WARNING - OSL mismatch: got 500 tokens (requested 406, diff 23.2%)
2026-06-01 02:30:02.316 - aiperf.metrics.types.osl_mismatch_metrics - WARNING - OSL mismatch: got 156 tokens (requested 25, diff 524.0%)
2026-06-01 02:30:02.333 - aiperf.metrics.types.osl_mismatch_metrics - WARNING - OSL mismatch: got 500 tokens (requested 235, diff 112.8%)
2026-06-01 02:30:02.335 - aiperf.metrics.types.osl_mismatch_metrics - WARNING - OSL mismatch: got 500 tokens (requested 7, diff 7042.9%)
2026-06-01 02:30:02.344 - aiperf.metrics.types.osl_mismatch_metrics - WARNING - OSL mismatch: got 500 tokens (requested 551, diff -9.3%)
2026-06-01 02:30:02.443 - aiperf.metrics.types.osl_mismatch_metrics - WARNING - OSL mismatch: got 500 tokens (requested 47, diff 963.8%)
2026-06-01 02:30:02.503 - aiperf.metrics.types.osl_mismatch_metrics - WARNING - OSL mismatch: got 353 tokens (requested 73, diff 383.6%)
2026-06-01 02:30:02.543 - aiperf.metrics.types.osl_mismatch_metrics - WARNING - OSL mismatch: got 500 tokens (requested 53, diff 843.4%)
2026-06-01 02:30:02.556 - aiperf.metrics.types.osl_mismatch_metrics - WARNING - OSL mismatch: got 500 tokens (requested 358, diff 39.7%)
2026-06-01 02:30:02.567 - aiperf.metrics.types.osl_mismatch_metrics - WARNING - OSL mismatch: got 500 tokens (requested 156, diff 220.5%)
2026-06-01 02:30:02.570 - aiperf.metrics.types.osl_mismatch_metrics - WARNING - OSL mismatch: got 500 tokens (requested 5, diff 9900.0%)
2026-06-01 02:30:02.751 - aiperf.metrics.types.osl_mismatch_metrics - WARNING - OSL mismatch: got 401 tokens (requested 68, diff 489.7%)
2026-06-01 02:30:02.803 - aiperf.metrics.types.osl_mismatch_metrics - WARNING - OSL mismatch: got 500 tokens (requested 23, diff 2073.9%)
2026-06-01 02:30:02.902 - aiperf.metrics.types.osl_mismatch_metrics - WARNING - OSL mismatch: got 500 tokens (requested 13, diff 3746.2%)
2026-06-01 02:30:02.902 - aiperf.metrics.types.osl_mismatch_metrics - WARNING - OSL mismatch: got 500 tokens (requested 48, diff 941.7%)
2026-06-01 02:30:02.915 - aiperf.metrics.types.osl_mismatch_metrics - WARNING - OSL mismatch: got 500 tokens (requested 353, diff 41.6%)
2026-06-01 02:30:02.936 - aiperf.metrics.types.osl_mismatch_metrics - WARNING - OSL mismatch: got 346 tokens (requested 10, diff 3360.0%)
2026-06-01 02:30:03.071 - aiperf.metrics.types.osl_mismatch_metrics - WARNING - OSL mismatch: got 368 tokens (requested 1277, diff -71.2%)
2026-06-01 02:30:03.260 - aiperf.metrics.types.osl_mismatch_metrics - WARNING - OSL mismatch: got 500 tokens (requested 253, diff 97.6%)
2026-06-01 02:30:03.351 - aiperf.metrics.types.osl_mismatch_metrics - WARNING - OSL mismatch: got 500 tokens (requested 70, diff 614.3%)
2026-06-01 02:30:03.382 - aiperf.metrics.types.osl_mismatch_metrics - WARNING - OSL mismatch: got 284 tokens (requested 75, diff 278.7%)
2026-06-01 02:30:03.653 - aiperf.metrics.types.osl_mismatch_metrics - WARNING - OSL mismatch: got 500 tokens (requested 580, diff -13.8%)
2026-06-01 02:30:03.681 - aiperf.metrics.types.osl_mismatch_metrics - WARNING - OSL mismatch: got 500 tokens (requested 110, diff 354.5%)
2026-06-01 02:30:03.694 - aiperf.metrics.types.osl_mismatch_metrics - WARNING - OSL mismatch: got 500 tokens (requested 204, diff 145.1%)
2026-06-01 02:30:03.749 - aiperf.metrics.types.osl_mismatch_metrics - WARNING - OSL mismatch: got 80 tokens (requested 38, diff 110.5%)
2026-06-01 02:30:03.754 - aiperf.metrics.types.osl_mismatch_metrics - WARNING - OSL mismatch: got 500 tokens (requested 104, diff 380.8%)
2026-06-01 02:30:03.786 - aiperf.metrics.types.osl_mismatch_metrics - WARNING - OSL mismatch: got 26 tokens (requested 14, diff 85.7%)
2026-06-01 02:30:03.843 - aiperf.metrics.types.osl_mismatch_metrics - WARNING - OSL mismatch: got 500 tokens (requested 11, diff 4445.5%)
2026-06-01 02:30:03.855 - aiperf.metrics.types.osl_mismatch_metrics - WARNING - OSL mismatch: got 500 tokens (requested 268, diff 86.6%)
2026-06-01 02:30:03.862 - aiperf.metrics.types.osl_mismatch_metrics - WARNING - OSL mismatch: got 142 tokens (requested 150, diff -5.3%)
2026-06-01 02:30:03.886 - aiperf.metrics.types.osl_mismatch_metrics - WARNING - OSL mismatch: got 138 tokens (requested 52, diff 165.4%)
2026-06-01 02:30:03.964 - aiperf.metrics.types.osl_mismatch_metrics - WARNING - OSL mismatch: got 489 tokens (requested 191, diff 156.0%)
2026-06-01 02:30:03.966 - aiperf.metrics.types.osl_mismatch_metrics - WARNING - OSL mismatch: got 500 tokens (requested 9, diff 5455.6%)
2026-06-01 02:30:04.163 - aiperf.metrics.types.osl_mismatch_metrics - WARNING - OSL mismatch: got 500 tokens (requested 291, diff 71.8%)
2026-06-01 02:30:04.173 - aiperf.metrics.types.osl_mismatch_metrics - WARNING - OSL mismatch: got 500 tokens (requested 26, diff 1823.1%)
2026-06-01 02:30:04.222 - aiperf.metrics.types.osl_mismatch_metrics - WARNING - OSL mismatch: got 500 tokens (requested 221, diff 126.2%)
2026-06-01 02:30:04.291 - aiperf.metrics.types.osl_mismatch_metrics - WARNING - OSL mismatch: got 53 tokens (requested 774, diff -93.2%)
2026-06-01 02:30:04.487 - aiperf.metrics.types.osl_mismatch_metrics - WARNING - OSL mismatch: got 500 tokens (requested 95, diff 426.3%)
2026-06-01 02:30:04.503 - aiperf.metrics.types.osl_mismatch_metrics - WARNING - OSL mismatch: got 500 tokens (requested 42, diff 1090.5%)
2026-06-01 02:30:04.740 - aiperf.metrics.types.osl_mismatch_metrics - WARNING - OSL mismatch: got 500 tokens (requested 111, diff 350.5%)
2026-06-01 02:30:04.740 - aiperf.metrics.types.osl_mismatch_metrics - WARNING - OSL mismatch: got 499 tokens (requested 29, diff 1620.7%)
2026-06-01 02:30:04.816 - aiperf.metrics.types.osl_mismatch_metrics - WARNING - OSL mismatch: got 500 tokens (requested 28, diff 1685.7%)
2026-06-01 02:30:04.842 - aiperf.metrics.types.osl_mismatch_metrics - WARNING - OSL mismatch: got 500 tokens (requested 7, diff 7042.9%)
2026-06-01 02:30:04.849 - aiperf.metrics.types.osl_mismatch_metrics - WARNING - OSL mismatch: got 355 tokens (requested 121, diff 193.4%)
2026-06-01 02:30:04.902 - aiperf.metrics.types.osl_mismatch_metrics - WARNING - OSL mismatch: got 500 tokens (requested 148, diff 237.8%)
2026-06-01 02:30:04.917 - aiperf.metrics.types.osl_mismatch_metrics - WARNING - OSL mismatch: got 500 tokens (requested 14, diff 3471.4%)
2026-06-01 02:30:04.928 - aiperf.metrics.types.osl_mismatch_metrics - WARNING - OSL mismatch: got 500 tokens (requested 312, diff 60.3%)
2026-06-01 02:30:04.990 - aiperf.metrics.types.osl_mismatch_metrics - WARNING - OSL mismatch: got 500 tokens (requested 273, diff 83.2%)
2026-06-01 02:30:05.053 - aiperf.metrics.types.osl_mismatch_metrics - WARNING - OSL mismatch: got 500 tokens (requested 52, diff 861.5%)
2026-06-01 02:30:05.066 - aiperf.metrics.types.osl_mismatch_metrics - WARNING - OSL mismatch: got 500 tokens (requested 206, diff 142.7%)
2026-06-01 02:30:05.169 - aiperf.metrics.types.osl_mismatch_metrics - WARNING - OSL mismatch: got 500 tokens (requested 14, diff 3471.4%)
2026-06-01 02:30:05.172 - aiperf.metrics.types.osl_mismatch_metrics - WARNING - OSL mismatch: got 500 tokens (requested 12, diff 4066.7%)
2026-06-01 02:30:05.258 - aiperf.metrics.types.osl_mismatch_metrics - WARNING - OSL mismatch: got 500 tokens (requested 6, diff 8233.3%)
2026-06-01 02:30:05.339 - aiperf.metrics.types.osl_mismatch_metrics - WARNING - OSL mismatch: got 163 tokens (requested 70, diff 132.9%)
2026-06-01 02:30:05.347 - aiperf.metrics.types.osl_mismatch_metrics - WARNING - OSL mismatch: got 500 tokens (requested 113, diff 342.5%)
2026-06-01 02:30:05.394 - aiperf.metrics.types.osl_mismatch_metrics - WARNING - OSL mismatch: got 411 tokens (requested 13, diff 3061.5%)
2026-06-01 02:30:05.408 - aiperf.metrics.types.osl_mismatch_metrics - WARNING - OSL mismatch: got 500 tokens (requested 9, diff 5455.6%)
2026-06-01 02:30:05.482 - aiperf.metrics.types.osl_mismatch_metrics - WARNING - OSL mismatch: got 500 tokens (requested 128, diff 290.6%)
2026-06-01 02:30:05.514 - aiperf.metrics.types.osl_mismatch_metrics - WARNING - OSL mismatch: got 65 tokens (requested 83, diff -21.7%)
2026-06-01 02:30:05.647 - aiperf.metrics.types.osl_mismatch_metrics - WARNING - OSL mismatch: got 500 tokens (requested 298, diff 67.8%)
2026-06-01 02:30:05.668 - aiperf.metrics.types.osl_mismatch_metrics - WARNING - OSL mismatch: got 234 tokens (requested 13, diff 1700.0%)
2026-06-01 02:30:05.670 - aiperf.metrics.types.osl_mismatch_metrics - WARNING - OSL mismatch: got 500 tokens (requested 288, diff 73.6%)
2026-06-01 02:30:05.678 - aiperf.metrics.types.osl_mismatch_metrics - WARNING - OSL mismatch: got 76 tokens (requested 9, diff 744.4%)
2026-06-01 02:30:05.750 - aiperf.metrics.types.osl_mismatch_metrics - WARNING - OSL mismatch: got 500 tokens (requested 5, diff 9900.0%)
2026-06-01 02:30:05.752 - aiperf.metrics.types.osl_mismatch_metrics - WARNING - OSL mismatch: got 500 tokens (requested 24, diff 1983.3%)
2026-06-01 02:30:05.800 - aiperf.metrics.types.osl_mismatch_metrics - WARNING - OSL mismatch: got 500 tokens (requested 134, diff 273.1%)
2026-06-01 02:30:05.812 - aiperf.metrics.types.osl_mismatch_metrics - WARNING - OSL mismatch: got 500 tokens (requested 299, diff 67.2%)
2026-06-01 02:30:05.867 - aiperf.metrics.types.osl_mismatch_metrics - WARNING - OSL mismatch: got 187 tokens (requested 109, diff 71.6%)
2026-06-01 02:30:06.011 - aiperf.metrics.types.osl_mismatch_metrics - WARNING - OSL mismatch: got 500 tokens (requested 22, diff 2172.7%)
2026-06-01 02:30:06.025 - aiperf.metrics.types.osl_mismatch_metrics - WARNING - OSL mismatch: got 500 tokens (requested 13, diff 3746.2%)
2026-06-01 02:30:06.334 - aiperf.metrics.types.osl_mismatch_metrics - WARNING - OSL mismatch: got 500 tokens (requested 16, diff 3025.0%)
2026-06-01 02:30:06.339 - aiperf.metrics.types.osl_mismatch_metrics - WARNING - OSL mismatch: got 92 tokens (requested 39, diff 135.9%)
2026-06-01 02:30:06.343 - aiperf.metrics.types.osl_mismatch_metrics - WARNING - OSL mismatch: got 500 tokens (requested 18, diff 2677.8%)
2026-06-01 02:30:06.344 - aiperf.metrics.types.osl_mismatch_metrics - WARNING - OSL mismatch: got 500 tokens (requested 147, diff 240.1%)
2026-06-01 02:30:06.357 - aiperf.metrics.types.osl_mismatch_metrics - WARNING - OSL mismatch: got 500 tokens (requested 436, diff 14.7%)
2026-06-01 02:30:06.444 - aiperf.metrics.types.osl_mismatch_metrics - WARNING - OSL mismatch: got 356 tokens (requested 108, diff 229.6%)
2026-06-01 02:30:06.447 - aiperf.metrics.types.osl_mismatch_metrics - WARNING - OSL mismatch: got 500 tokens (requested 17, diff 2841.2%)
2026-06-01 02:30:06.513 - aiperf.metrics.types.osl_mismatch_metrics - WARNING - OSL mismatch: got 85 tokens (requested 369, diff -77.0%)
2026-06-01 02:30:06.519 - aiperf.metrics.types.osl_mismatch_metrics - WARNING - OSL mismatch: got 500 tokens (requested 183, diff 173.2%)
2026-06-01 02:30:06.533 - aiperf.metrics.types.osl_mismatch_metrics - WARNING - OSL mismatch: got 500 tokens (requested 23, diff 2073.9%)
2026-06-01 02:30:06.554 - aiperf.metrics.types.osl_mismatch_metrics - WARNING - OSL mismatch: got 281 tokens (requested 138, diff 103.6%)
2026-06-01 02:30:06.581 - aiperf.metrics.types.osl_mismatch_metrics - WARNING - OSL mismatch: got 500 tokens (requested 414, diff 20.8%)
2026-06-01 02:30:06.673 - aiperf.metrics.types.osl_mismatch_metrics - WARNING - OSL mismatch: got 500 tokens (requested 238, diff 110.1%)
2026-06-01 02:30:06.743 - aiperf.metrics.types.osl_mismatch_metrics - WARNING - OSL mismatch: got 258 tokens (requested 73, diff 253.4%)
2026-06-01 02:30:06.823 - aiperf.metrics.types.osl_mismatch_metrics - WARNING - OSL mismatch: got 500 tokens (requested 243, diff 105.8%)
2026-06-01 02:30:06.834 - aiperf.metrics.types.osl_mismatch_metrics - WARNING - OSL mismatch: got 500 tokens (requested 21, diff 2281.0%)
2026-06-01 02:30:06.848 - aiperf.metrics.types.osl_mismatch_metrics - WARNING - OSL mismatch: got 500 tokens (requested 33, diff 1415.2%)
2026-06-01 02:30:06.994 - aiperf.metrics.types.osl_mismatch_metrics - WARNING - OSL mismatch: got 500 tokens (requested 308, diff 62.3%)
2026-06-01 02:30:07.021 - aiperf.metrics.types.osl_mismatch_metrics - WARNING - OSL mismatch: got 500 tokens (requested 8, diff 6150.0%)
2026-06-01 02:30:07.100 - aiperf.metrics.types.osl_mismatch_metrics - WARNING - OSL mismatch: got 494 tokens (requested 172, diff 187.2%)
2026-06-01 02:30:07.162 - aiperf.metrics.types.osl_mismatch_metrics - WARNING - OSL mismatch: got 500 tokens (requested 11, diff 4445.5%)
2026-06-01 02:30:07.189 - aiperf.metrics.types.osl_mismatch_metrics - WARNING - OSL mismatch: got 500 tokens (requested 193, diff 159.1%)
2026-06-01 02:30:07.206 - aiperf.metrics.types.osl_mismatch_metrics - WARNING - OSL mismatch: got 500 tokens (requested 79, diff 532.9%)
2026-06-01 02:30:07.301 - aiperf.metrics.types.osl_mismatch_metrics - WARNING - OSL mismatch: got 500 tokens (requested 178, diff 180.9%)
2026-06-01 02:30:07.384 - aiperf.metrics.types.osl_mismatch_metrics - WARNING - OSL mismatch: got 281 tokens (requested 46, diff 510.9%)
2026-06-01 02:30:07.456 - aiperf.metrics.types.osl_mismatch_metrics - WARNING - OSL mismatch: got 162 tokens (requested 114, diff 42.1%)
2026-06-01 02:30:07.688 - aiperf.metrics.types.osl_mismatch_metrics - WARNING - OSL mismatch: got 266 tokens (requested 229, diff 16.2%)
2026-06-01 02:30:07.711 - aiperf.metrics.types.osl_mismatch_metrics - WARNING - OSL mismatch: got 237 tokens (requested 108, diff 119.4%)
2026-06-01 02:30:07.716 - aiperf.metrics.types.osl_mismatch_metrics - WARNING - OSL mismatch: got 500 tokens (requested 61, diff 719.7%)
2026-06-01 02:30:07.724 - aiperf.metrics.types.osl_mismatch_metrics - WARNING - OSL mismatch: got 500 tokens (requested 228, diff 119.3%)
2026-06-01 02:30:07.730 - aiperf.metrics.types.osl_mismatch_metrics - WARNING - OSL mismatch: got 500 tokens (requested 441, diff 13.4%)
2026-06-01 02:30:07.740 - aiperf.metrics.types.osl_mismatch_metrics - WARNING - OSL mismatch: got 500 tokens (requested 383, diff 30.5%)
2026-06-01 02:30:07.817 - aiperf.metrics.types.osl_mismatch_metrics - WARNING - OSL mismatch: got 500 tokens (requested 622, diff -19.6%)
2026-06-01 02:30:07.828 - aiperf.metrics.types.osl_mismatch_metrics - WARNING - OSL mismatch: got 500 tokens (requested 11, diff 4445.5%)
2026-06-01 02:30:07.842 - aiperf.metrics.types.osl_mismatch_metrics - WARNING - OSL mismatch: got 500 tokens (requested 448, diff 11.6%)
2026-06-01 02:30:07.842 - aiperf.metrics.types.osl_mismatch_metrics - WARNING - OSL mismatch: got 500 tokens (requested 5, diff 9900.0%)
2026-06-01 02:30:07.875 - aiperf.metrics.types.osl_mismatch_metrics - WARNING - OSL mismatch: got 500 tokens (requested 350, diff 42.9%)
2026-06-01 02:30:07.966 - aiperf.metrics.types.osl_mismatch_metrics - WARNING - OSL mismatch: got 500 tokens (requested 11, diff 4445.5%)
2026-06-01 02:30:07.997 - aiperf.metrics.types.osl_mismatch_metrics - WARNING - OSL mismatch: got 143 tokens (requested 450, diff -68.2%)
2026-06-01 02:30:08.028 - aiperf.metrics.types.osl_mismatch_metrics - WARNING - OSL mismatch: got 500 tokens (requested 312, diff 60.3%)
2026-06-01 02:30:08.030 - aiperf.metrics.types.osl_mismatch_metrics - WARNING - OSL mismatch: got 500 tokens (requested 41, diff 1119.5%)
2026-06-01 02:30:08.053 - aiperf.metrics.types.osl_mismatch_metrics - WARNING - OSL mismatch: got 500 tokens (requested 767, diff -34.8%)
2026-06-01 02:30:08.077 - aiperf.metrics.types.osl_mismatch_metrics - WARNING - OSL mismatch: got 484 tokens (requested 91, diff 431.9%)
2026-06-01 02:30:08.103 - aiperf.metrics.types.osl_mismatch_metrics - WARNING - OSL mismatch: got 392 tokens (requested 196, diff 100.0%)
2026-06-01 02:30:08.157 - aiperf.metrics.types.osl_mismatch_metrics - WARNING - OSL mismatch: got 500 tokens (requested 11, diff 4445.5%)
2026-06-01 02:30:08.290 - aiperf.metrics.types.osl_mismatch_metrics - WARNING - OSL mismatch: got 278 tokens (requested 141, diff 97.2%)
2026-06-01 02:30:08.454 - aiperf.metrics.types.osl_mismatch_metrics - WARNING - OSL mismatch: got 500 tokens (requested 328, diff 52.4%)
2026-06-01 02:30:08.478 - aiperf.metrics.types.osl_mismatch_metrics - WARNING - OSL mismatch: got 500 tokens (requested 561, diff -10.9%)
2026-06-01 02:30:08.491 - aiperf.metrics.types.osl_mismatch_metrics - WARNING - OSL mismatch: got 500 tokens (requested 6, diff 8233.3%)
2026-06-01 02:30:08.542 - aiperf.metrics.types.osl_mismatch_metrics - WARNING - OSL mismatch: got 500 tokens (requested 14, diff 3471.4%)
2026-06-01 02:30:08.564 - aiperf.metrics.types.osl_mismatch_metrics - WARNING - OSL mismatch: got 500 tokens (requested 469, diff 6.6%)
2026-06-01 02:30:08.640 - aiperf.metrics.types.osl_mismatch_metrics - WARNING - OSL mismatch: got 500 tokens (requested 208, diff 140.4%)
2026-06-01 02:30:08.778 - aiperf.metrics.types.osl_mismatch_metrics - WARNING - OSL mismatch: got 500 tokens (requested 5, diff 9900.0%)
2026-06-01 02:30:08.813 - aiperf.metrics.types.osl_mismatch_metrics - WARNING - OSL mismatch: got 500 tokens (requested 362, diff 38.1%)
2026-06-01 02:30:08.877 - aiperf.metrics.types.osl_mismatch_metrics - WARNING - OSL mismatch: got 500 tokens (requested 200, diff 150.0%)
2026-06-01 02:30:08.958 - aiperf.metrics.types.osl_mismatch_metrics - WARNING - OSL mismatch: got 500 tokens (requested 442, diff 13.1%)
2026-06-01 02:30:09.059 - aiperf.metrics.types.osl_mismatch_metrics - WARNING - OSL mismatch: got 500 tokens (requested 791, diff -36.8%)
2026-06-01 02:30:09.112 - aiperf.metrics.types.osl_mismatch_metrics - WARNING - OSL mismatch: got 345 tokens (requested 384, diff -10.2%)
2026-06-01 02:30:09.142 - aiperf.metrics.types.osl_mismatch_metrics - WARNING - OSL mismatch: got 500 tokens (requested 770, diff -35.1%)
2026-06-01 02:30:09.262 - aiperf.metrics.types.osl_mismatch_metrics - WARNING - OSL mismatch: got 172 tokens (requested 278, diff -38.1%)
2026-06-01 02:30:09.281 - aiperf.metrics.types.osl_mismatch_metrics - WARNING - OSL mismatch: got 500 tokens (requested 95, diff 426.3%)
2026-06-01 02:30:09.370 - aiperf.metrics.types.osl_mismatch_metrics - WARNING - OSL mismatch: got 500 tokens (requested 211, diff 137.0%)
2026-06-01 02:30:09.432 - aiperf.metrics.types.osl_mismatch_metrics - WARNING - OSL mismatch: got 500 tokens (requested 255, diff 96.1%)
2026-06-01 02:30:09.443 - aiperf.metrics.types.osl_mismatch_metrics - WARNING - OSL mismatch: got 499 tokens (requested 229, diff 117.9%)
2026-06-01 02:30:09.549 - aiperf.metrics.types.osl_mismatch_metrics - WARNING - OSL mismatch: got 500 tokens (requested 295, diff 69.5%)
2026-06-01 02:30:09.550 - aiperf.metrics.types.osl_mismatch_metrics - WARNING - OSL mismatch: got 500 tokens (requested 11, diff 4445.5%)
2026-06-01 02:30:09.561 - aiperf.metrics.types.osl_mismatch_metrics - WARNING - OSL mismatch: got 500 tokens (requested 7, diff 7042.9%)
2026-06-01 02:30:09.584 - aiperf.metrics.types.osl_mismatch_metrics - WARNING - OSL mismatch: got 500 tokens (requested 254, diff 96.9%)
2026-06-01 02:30:09.670 - aiperf.metrics.types.osl_mismatch_metrics - WARNING - OSL mismatch: got 500 tokens (requested 86, diff 481.4%)
2026-06-01 02:30:09.698 - aiperf.metrics.types.osl_mismatch_metrics - WARNING - OSL mismatch: got 500 tokens (requested 254, diff 96.9%)
2026-06-01 02:30:09.721 - aiperf.metrics.types.osl_mismatch_metrics - WARNING - OSL mismatch: got 376 tokens (requested 6, diff 6166.7%)
2026-06-01 02:30:09.746 - aiperf.metrics.types.osl_mismatch_metrics - WARNING - OSL mismatch: got 500 tokens (requested 309, diff 61.8%)
2026-06-01 02:30:09.782 - aiperf.metrics.types.osl_mismatch_metrics - WARNING - OSL mismatch: got 500 tokens (requested 5, diff 9900.0%)
2026-06-01 02:30:09.817 - aiperf.metrics.types.osl_mismatch_metrics - WARNING - OSL mismatch: got 228 tokens (requested 141, diff 61.7%)
2026-06-01 02:30:09.891 - aiperf.metrics.types.osl_mismatch_metrics - WARNING - OSL mismatch: got 283 tokens (requested 100, diff 183.0%)
2026-06-01 02:30:09.981 - aiperf.metrics.types.osl_mismatch_metrics - WARNING - OSL mismatch: got 500 tokens (requested 376, diff 33.0%)
2026-06-01 02:30:10.042 - aiperf.metrics.types.osl_mismatch_metrics - WARNING - OSL mismatch: got 295 tokens (requested 10, diff 2850.0%)
2026-06-01 02:30:10.133 - aiperf.metrics.types.osl_mismatch_metrics - WARNING - OSL mismatch: got 500 tokens (requested 11, diff 4445.5%)
2026-06-01 02:30:10.142 - aiperf.metrics.types.osl_mismatch_metrics - WARNING - OSL mismatch: got 500 tokens (requested 433, diff 15.5%)
2026-06-01 02:30:10.157 - aiperf.metrics.types.osl_mismatch_metrics - WARNING - OSL mismatch: got 500 tokens (requested 181, diff 176.2%)
2026-06-01 02:30:10.278 - aiperf.metrics.types.osl_mismatch_metrics - WARNING - OSL mismatch: got 433 tokens (requested 191, diff 126.7%)
2026-06-01 02:30:10.279 - aiperf.metrics.types.osl_mismatch_metrics - WARNING - OSL mismatch: got 500 tokens (requested 27, diff 1751.9%)
2026-06-01 02:30:10.289 - aiperf.metrics.types.osl_mismatch_metrics - WARNING - OSL mismatch: got 294 tokens (requested 23, diff 1178.3%)
2026-06-01 02:30:10.384 - aiperf.metrics.types.osl_mismatch_metrics - WARNING - OSL mismatch: got 7 tokens (requested 51, diff -86.3%)
2026-06-01 02:30:10.484 - aiperf.metrics.types.osl_mismatch_metrics - WARNING - OSL mismatch: got 500 tokens (requested 114, diff 338.6%)
2026-06-01 02:30:10.510 - aiperf.metrics.types.osl_mismatch_metrics - WARNING - OSL mismatch: got 493 tokens (requested 45, diff 995.6%)
2026-06-01 02:30:10.582 - aiperf.metrics.types.osl_mismatch_metrics - WARNING - OSL mismatch: got 355 tokens (requested 221, diff 60.6%)
2026-06-01 02:30:10.716 - aiperf.metrics.types.osl_mismatch_metrics - WARNING - OSL mismatch: got 500 tokens (requested 208, diff 140.4%)
2026-06-01 02:30:10.721 - aiperf.metrics.types.osl_mismatch_metrics - WARNING - OSL mismatch: got 500 tokens (requested 32, diff 1462.5%)
2026-06-01 02:30:10.781 - aiperf.metrics.types.osl_mismatch_metrics - WARNING - OSL mismatch: got 444 tokens (requested 163, diff 172.4%)
2026-06-01 02:30:10.781 - aiperf.metrics.types.osl_mismatch_metrics - WARNING - OSL mismatch: got 500 tokens (requested 608, diff -17.8%)
2026-06-01 02:30:10.781 - aiperf.metrics.types.osl_mismatch_metrics - WARNING - OSL mismatch: got 500 tokens (requested 15, diff 3233.3%)
2026-06-01 02:30:10.788 - aiperf.metrics.types.osl_mismatch_metrics - WARNING - OSL mismatch: got 51 tokens (requested 267, diff -80.9%)
2026-06-01 02:30:10.826 - aiperf.metrics.types.osl_mismatch_metrics - WARNING - OSL mismatch: got 209 tokens (requested 199, diff 5.0%)
2026-06-01 02:30:10.872 - aiperf.metrics.types.osl_mismatch_metrics - WARNING - OSL mismatch: got 500 tokens (requested 242, diff 106.6%)
2026-06-01 02:30:10.920 - aiperf.metrics.types.osl_mismatch_metrics - WARNING - OSL mismatch: got 500 tokens (requested 20, diff 2400.0%)
2026-06-01 02:30:10.934 - aiperf.metrics.types.osl_mismatch_metrics - WARNING - OSL mismatch: got 500 tokens (requested 8, diff 6150.0%)
2026-06-01 02:30:10.942 - aiperf.metrics.types.osl_mismatch_metrics - WARNING - OSL mismatch: got 500 tokens (requested 533, diff -6.2%)
2026-06-01 02:30:10.998 - aiperf.metrics.types.osl_mismatch_metrics - WARNING - OSL mismatch: got 500 tokens (requested 306, diff 63.4%)
2026-06-01 02:30:11.014 - aiperf.metrics.types.osl_mismatch_metrics - WARNING - OSL mismatch: got 500 tokens (requested 20, diff 2400.0%)
2026-06-01 02:30:11.025 - aiperf.metrics.types.osl_mismatch_metrics - WARNING - OSL mismatch: got 500 tokens (requested 284, diff 76.1%)
2026-06-01 02:30:11.037 - aiperf.metrics.types.osl_mismatch_metrics - WARNING - OSL mismatch: got 500 tokens (requested 10, diff 4900.0%)
2026-06-01 02:30:11.064 - aiperf.metrics.types.osl_mismatch_metrics - WARNING - OSL mismatch: got 499 tokens (requested 276, diff 80.8%)
2026-06-01 02:30:11.077 - aiperf.metrics.types.osl_mismatch_metrics - WARNING - OSL mismatch: got 500 tokens (requested 55, diff 809.1%)
2026-06-01 02:30:11.078 - aiperf.metrics.types.osl_mismatch_metrics - WARNING - OSL mismatch: got 500 tokens (requested 405, diff 23.5%)
2026-06-01 02:30:11.091 - aiperf.metrics.types.osl_mismatch_metrics - WARNING - OSL mismatch: got 500 tokens (requested 129, diff 287.6%)
2026-06-01 02:30:11.100 - aiperf.metrics.types.osl_mismatch_metrics - WARNING - OSL mismatch: got 500 tokens (requested 5, diff 9900.0%)
2026-06-01 02:30:11.101 - aiperf.metrics.types.osl_mismatch_metrics - WARNING - OSL mismatch: got 500 tokens (requested 351, diff 42.5%)
2026-06-01 02:30:11.137 - aiperf.metrics.types.osl_mismatch_metrics - WARNING - OSL mismatch: got 500 tokens (requested 253, diff 97.6%)
2026-06-01 02:30:11.146 - aiperf.metrics.types.osl_mismatch_metrics - WARNING - OSL mismatch: got 229 tokens (requested 88, diff 160.2%)
2026-06-01 02:30:11.148 - aiperf.metrics.types.osl_mismatch_metrics - WARNING - OSL mismatch: got 437 tokens (requested 270, diff 61.9%)
2026-06-01 02:30:11.287 - aiperf.metrics.types.osl_mismatch_metrics - WARNING - OSL mismatch: got 500 tokens (requested 13, diff 3746.2%)
2026-06-01 02:30:11.448 - aiperf.metrics.types.osl_mismatch_metrics - WARNING - OSL mismatch: got 500 tokens (requested 26, diff 1823.1%)
2026-06-01 02:30:11.457 - aiperf.metrics.types.osl_mismatch_metrics - WARNING - OSL mismatch: got 500 tokens (requested 313, diff 59.7%)
2026-06-01 02:30:11.469 - aiperf.metrics.types.osl_mismatch_metrics - WARNING - OSL mismatch: got 500 tokens (requested 13, diff 3746.2%)
2026-06-01 02:30:11.682 - aiperf.metrics.types.osl_mismatch_metrics - WARNING - OSL mismatch: got 500 tokens (requested 414, diff 20.8%)
2026-06-01 02:30:11.683 - aiperf.metrics.types.osl_mismatch_metrics - WARNING - OSL mismatch: got 500 tokens (requested 327, diff 52.9%)
2026-06-01 02:30:11.708 - aiperf.metrics.types.osl_mismatch_metrics - WARNING - OSL mismatch: got 500 tokens (requested 147, diff 240.1%)
2026-06-01 02:30:11.740 - aiperf.metrics.types.osl_mismatch_metrics - WARNING - OSL mismatch: got 116 tokens (requested 25, diff 364.0%)
2026-06-01 02:30:11.758 - aiperf.metrics.types.osl_mismatch_metrics - WARNING - OSL mismatch: got 500 tokens (requested 153, diff 226.8%)
2026-06-01 02:30:11.833 - aiperf.metrics.types.osl_mismatch_metrics - WARNING - OSL mismatch: got 500 tokens (requested 358, diff 39.7%)
2026-06-01 02:30:11.909 - aiperf.metrics.types.osl_mismatch_metrics - WARNING - OSL mismatch: got 500 tokens (requested 248, diff 101.6%)
2026-06-01 02:30:11.956 - aiperf.metrics.types.osl_mismatch_metrics - WARNING - OSL mismatch: got 500 tokens (requested 397, diff 25.9%)
2026-06-01 02:30:11.970 - aiperf.metrics.types.osl_mismatch_metrics - WARNING - OSL mismatch: got 500 tokens (requested 456, diff 9.6%)
2026-06-01 02:30:11.978 - aiperf.metrics.types.osl_mismatch_metrics - WARNING - OSL mismatch: got 156 tokens (requested 102, diff 52.9%)
2026-06-01 02:30:12.007 - aiperf.metrics.types.osl_mismatch_metrics - WARNING - OSL mismatch: got 500 tokens (requested 551, diff -9.3%)
2026-06-01 02:30:12.083 - aiperf.metrics.types.osl_mismatch_metrics - WARNING - OSL mismatch: got 500 tokens (requested 77, diff 549.4%)
2026-06-01 02:30:12.106 - aiperf.metrics.types.osl_mismatch_metrics - WARNING - OSL mismatch: got 500 tokens (requested 653, diff -23.4%)
2026-06-01 02:30:12.202 - aiperf.metrics.types.osl_mismatch_metrics - WARNING - OSL mismatch: got 85 tokens (requested 663, diff -87.2%)
2026-06-01 02:30:12.209 - aiperf.metrics.types.osl_mismatch_metrics - WARNING - OSL mismatch: got 500 tokens (requested 340, diff 47.1%)
2026-06-01 02:30:12.217 - aiperf.metrics.types.osl_mismatch_metrics - WARNING - OSL mismatch: got 419 tokens (requested 170, diff 146.5%)
2026-06-01 02:30:12.229 - aiperf.metrics.types.osl_mismatch_metrics - WARNING - OSL mismatch: got 324 tokens (requested 124, diff 161.3%)
2026-06-01 02:30:12.281 - aiperf.metrics.types.osl_mismatch_metrics - WARNING - OSL mismatch: got 500 tokens (requested 256, diff 95.3%)
2026-06-01 02:30:12.293 - aiperf.metrics.types.osl_mismatch_metrics - WARNING - OSL mismatch: got 500 tokens (requested 333, diff 50.2%)
2026-06-01 02:30:12.295 - aiperf.metrics.types.osl_mismatch_metrics - WARNING - OSL mismatch: got 500 tokens (requested 272, diff 83.8%)
2026-06-01 02:30:12.295 - aiperf.metrics.types.osl_mismatch_metrics - WARNING - OSL mismatch: got 500 tokens (requested 237, diff 111.0%)
2026-06-01 02:30:12.380 - aiperf.metrics.types.osl_mismatch_metrics - WARNING - OSL mismatch: got 500 tokens (requested 9, diff 5455.6%)
2026-06-01 02:30:12.401 - aiperf.metrics.types.osl_mismatch_metrics - WARNING - OSL mismatch: got 500 tokens (requested 38, diff 1215.8%)
2026-06-01 02:30:12.403 - aiperf.metrics.types.osl_mismatch_metrics - WARNING - OSL mismatch: got 500 tokens (requested 249, diff 100.8%)
2026-06-01 02:30:12.448 - aiperf.metrics.types.osl_mismatch_metrics - WARNING - OSL mismatch: got 266 tokens (requested 24, diff 1008.3%)
2026-06-01 02:30:12.492 - aiperf.metrics.types.osl_mismatch_metrics - WARNING - OSL mismatch: got 500 tokens (requested 9, diff 5455.6%)
2026-06-01 02:30:12.496 - aiperf.metrics.types.osl_mismatch_metrics - WARNING - OSL mismatch: got 11 tokens (requested 17, diff -35.3%)
2026-06-01 02:30:12.610 - aiperf.metrics.types.osl_mismatch_metrics - WARNING - OSL mismatch: got 335 tokens (requested 158, diff 112.0%)
2026-06-01 02:30:12.921 - aiperf.metrics.types.osl_mismatch_metrics - WARNING - OSL mismatch: got 101 tokens (requested 19, diff 431.6%)
2026-06-01 02:30:12.964 - aiperf.metrics.types.osl_mismatch_metrics - WARNING - OSL mismatch: got 500 tokens (requested 9, diff 5455.6%)
2026-06-01 02:30:13.012 - aiperf.metrics.types.osl_mismatch_metrics - WARNING - OSL mismatch: got 304 tokens (requested 546, diff -44.3%)
2026-06-01 02:30:13.039 - aiperf.metrics.types.osl_mismatch_metrics - WARNING - OSL mismatch: got 500 tokens (requested 26, diff 1823.1%)
2026-06-01 02:30:13.053 - aiperf.metrics.types.osl_mismatch_metrics - WARNING - OSL mismatch: got 500 tokens (requested 683, diff -26.8%)
2026-06-01 02:30:13.062 - aiperf.metrics.types.osl_mismatch_metrics - WARNING - OSL mismatch: got 500 tokens (requested 60, diff 733.3%)
2026-06-01 02:30:13.064 - aiperf.metrics.types.osl_mismatch_metrics - WARNING - OSL mismatch: got 500 tokens (requested 236, diff 111.9%)
2026-06-01 02:30:13.101 - aiperf.metrics.types.osl_mismatch_metrics - WARNING - OSL mismatch: got 500 tokens (requested 129, diff 287.6%)
2026-06-01 02:30:13.133 - aiperf.metrics.types.osl_mismatch_metrics - WARNING - OSL mismatch: got 33 tokens (requested 41, diff -19.5%)
2026-06-01 02:30:13.187 - aiperf.metrics.types.osl_mismatch_metrics - WARNING - OSL mismatch: got 500 tokens (requested 263, diff 90.1%)
2026-06-01 02:30:13.296 - aiperf.metrics.types.osl_mismatch_metrics - WARNING - OSL mismatch: got 500 tokens (requested 10, diff 4900.0%)
2026-06-01 02:30:13.354 - aiperf.metrics.types.osl_mismatch_metrics - WARNING - OSL mismatch: got 500 tokens (requested 79, diff 532.9%)
2026-06-01 02:30:13.514 - aiperf.metrics.types.osl_mismatch_metrics - WARNING - OSL mismatch: got 500 tokens (requested 457, diff 9.4%)
2026-06-01 02:30:13.615 - aiperf.metrics.types.osl_mismatch_metrics - WARNING - OSL mismatch: got 500 tokens (requested 139, diff 259.7%)
2026-06-01 02:30:13.618 - aiperf.metrics.types.osl_mismatch_metrics - WARNING - OSL mismatch: got 20 tokens (requested 31, diff -35.5%)
2026-06-01 02:30:13.718 - aiperf.metrics.types.osl_mismatch_metrics - WARNING - OSL mismatch: got 500 tokens (requested 9, diff 5455.6%)
2026-06-01 02:30:13.746 - aiperf.metrics.types.osl_mismatch_metrics - WARNING - OSL mismatch: got 500 tokens (requested 404, diff 23.8%)
2026-06-01 02:30:13.759 - aiperf.metrics.types.osl_mismatch_metrics - WARNING - OSL mismatch: got 386 tokens (requested 130, diff 196.9%)
2026-06-01 02:30:13.783 - aiperf.metrics.types.osl_mismatch_metrics - WARNING - OSL mismatch: got 500 tokens (requested 31, diff 1512.9%)
2026-06-01 02:30:13.789 - aiperf.metrics.types.osl_mismatch_metrics - WARNING - OSL mismatch: got 33 tokens (requested 19, diff 73.7%)
2026-06-01 02:30:13.793 - aiperf.metrics.types.osl_mismatch_metrics - WARNING - OSL mismatch: got 266 tokens (requested 88, diff 202.3%)
2026-06-01 02:30:13.796 - aiperf.metrics.types.osl_mismatch_metrics - WARNING - OSL mismatch: got 500 tokens (requested 726, diff -31.1%)
2026-06-01 02:30:13.830 - aiperf.metrics.types.osl_mismatch_metrics - WARNING - OSL mismatch: got 500 tokens (requested 24, diff 1983.3%)
2026-06-01 02:30:13.931 - aiperf.metrics.types.osl_mismatch_metrics - WARNING - OSL mismatch: got 500 tokens (requested 260, diff 92.3%)
2026-06-01 02:30:14.059 - aiperf.metrics.types.osl_mismatch_metrics - WARNING - OSL mismatch: got 500 tokens (requested 1061, diff -52.9%)
2026-06-01 02:30:14.133 - aiperf.metrics.types.osl_mismatch_metrics - WARNING - OSL mismatch: got 500 tokens (requested 5, diff 9900.0%)
2026-06-01 02:30:14.144 - aiperf.metrics.types.osl_mismatch_metrics - WARNING - OSL mismatch: got 500 tokens (requested 351, diff 42.5%)
2026-06-01 02:30:14.145 - aiperf.metrics.types.osl_mismatch_metrics - WARNING - OSL mismatch: got 500 tokens (requested 126, diff 296.8%)
2026-06-01 02:30:14.173 - aiperf.metrics.types.osl_mismatch_metrics - WARNING - OSL mismatch: got 27 tokens (requested 5, diff 440.0%)
2026-06-01 02:30:14.219 - aiperf.metrics.types.osl_mismatch_metrics - WARNING - OSL mismatch: got 500 tokens (requested 5, diff 9900.0%)
2026-06-01 02:30:14.232 - aiperf.metrics.types.osl_mismatch_metrics - WARNING - OSL mismatch: got 500 tokens (requested 60, diff 733.3%)
2026-06-01 02:30:14.289 - aiperf.metrics.types.osl_mismatch_metrics - WARNING - OSL mismatch: got 192 tokens (requested 59, diff 225.4%)
2026-06-01 02:30:14.307 - aiperf.metrics.types.osl_mismatch_metrics - WARNING - OSL mismatch: got 500 tokens (requested 66, diff 657.6%)
2026-06-01 02:30:14.360 - aiperf.metrics.types.osl_mismatch_metrics - WARNING - OSL mismatch: got 4 tokens (requested 23, diff -82.6%)
2026-06-01 02:30:14.379 - aiperf.metrics.types.osl_mismatch_metrics - WARNING - OSL mismatch: got 500 tokens (requested 278, diff 79.9%)
2026-06-01 02:30:14.392 - aiperf.metrics.types.osl_mismatch_metrics - WARNING - OSL mismatch: got 500 tokens (requested 69, diff 624.6%)
2026-06-01 02:30:14.417 - aiperf.metrics.types.osl_mismatch_metrics - WARNING - OSL mismatch: got 500 tokens (requested 236, diff 111.9%)
2026-06-01 02:30:14.441 - aiperf.metrics.types.osl_mismatch_metrics - WARNING - OSL mismatch: got 500 tokens (requested 156, diff 220.5%)
2026-06-01 02:30:14.567 - aiperf.metrics.types.osl_mismatch_metrics - WARNING - OSL mismatch: got 500 tokens (requested 156, diff 220.5%)
2026-06-01 02:30:14.584 - aiperf.metrics.types.osl_mismatch_metrics - WARNING - OSL mismatch: got 500 tokens (requested 4, diff 12400.0%)
2026-06-01 02:30:14.617 - aiperf.metrics.types.osl_mismatch_metrics - WARNING - OSL mismatch: got 500 tokens (requested 22, diff 2172.7%)
2026-06-01 02:30:14.656 - aiperf.metrics.types.osl_mismatch_metrics - WARNING - OSL mismatch: got 500 tokens (requested 23, diff 2073.9%)
2026-06-01 02:30:14.728 - aiperf.metrics.types.osl_mismatch_metrics - WARNING - OSL mismatch: got 235 tokens (requested 269, diff -12.6%)
2026-06-01 02:30:14.733 - aiperf.metrics.types.osl_mismatch_metrics - WARNING - OSL mismatch: got 500 tokens (requested 120, diff 316.7%)
2026-06-01 02:30:14.783 - aiperf.metrics.types.osl_mismatch_metrics - WARNING - OSL mismatch: got 500 tokens (requested 16, diff 3025.0%)
2026-06-01 02:30:14.869 - aiperf.metrics.types.osl_mismatch_metrics - WARNING - OSL mismatch: got 500 tokens (requested 267, diff 87.3%)
2026-06-01 02:30:14.881 - aiperf.metrics.types.osl_mismatch_metrics - WARNING - OSL mismatch: got 500 tokens (requested 76, diff 557.9%)
2026-06-01 02:30:14.919 - aiperf.metrics.types.osl_mismatch_metrics - WARNING - OSL mismatch: got 500 tokens (requested 307, diff 62.9%)
2026-06-01 02:30:14.945 - aiperf.metrics.types.osl_mismatch_metrics - WARNING - OSL mismatch: got 500 tokens (requested 124, diff 303.2%)
2026-06-01 02:30:14.960 - aiperf.metrics.types.osl_mismatch_metrics - WARNING - OSL mismatch: got 500 tokens (requested 772, diff -35.2%)
2026-06-01 02:30:15.147 - aiperf.metrics.types.osl_mismatch_metrics - WARNING - OSL mismatch: got 500 tokens (requested 323, diff 54.8%)
2026-06-01 02:30:15.327 - aiperf.metrics.types.osl_mismatch_metrics - WARNING - OSL mismatch: got 500 tokens (requested 119, diff 320.2%)
2026-06-01 02:30:15.335 - aiperf.metrics.types.osl_mismatch_metrics - WARNING - OSL mismatch: got 500 tokens (requested 767, diff -34.8%)
2026-06-01 02:30:15.336 - aiperf.metrics.types.osl_mismatch_metrics - WARNING - OSL mismatch: got 500 tokens (requested 367, diff 36.2%)
2026-06-01 02:30:15.357 - aiperf.metrics.types.osl_mismatch_metrics - WARNING - OSL mismatch: got 121 tokens (requested 200, diff -39.5%)
2026-06-01 02:30:15.396 - aiperf.metrics.types.osl_mismatch_metrics - WARNING - OSL mismatch: got 330 tokens (requested 266, diff 24.1%)
2026-06-01 02:30:15.414 - aiperf.metrics.types.osl_mismatch_metrics - WARNING - OSL mismatch: got 500 tokens (requested 25, diff 1900.0%)
2026-06-01 02:30:15.417 - aiperf.metrics.types.osl_mismatch_metrics - WARNING - OSL mismatch: got 30 tokens (requested 820, diff -96.3%)
2026-06-01 02:30:15.461 - aiperf.metrics.types.osl_mismatch_metrics - WARNING - OSL mismatch: got 500 tokens (requested 241, diff 107.5%)
2026-06-01 02:30:15.475 - aiperf.metrics.types.osl_mismatch_metrics - WARNING - OSL mismatch: got 500 tokens (requested 14, diff 3471.4%)
2026-06-01 02:30:15.559 - aiperf.metrics.types.osl_mismatch_metrics - WARNING - OSL mismatch: got 500 tokens (requested 129, diff 287.6%)
2026-06-01 02:30:15.668 - aiperf.metrics.types.osl_mismatch_metrics - WARNING - OSL mismatch: got 500 tokens (requested 15, diff 3233.3%)
2026-06-01 02:30:15.690 - aiperf.metrics.types.osl_mismatch_metrics - WARNING - OSL mismatch: got 500 tokens (requested 176, diff 184.1%)
2026-06-01 02:30:15.716 - aiperf.metrics.types.osl_mismatch_metrics - WARNING - OSL mismatch: got 500 tokens (requested 214, diff 133.6%)
2026-06-01 02:30:15.752 - aiperf.metrics.types.osl_mismatch_metrics - WARNING - OSL mismatch: got 365 tokens (requested 293, diff 24.6%)
2026-06-01 02:30:15.752 - aiperf.metrics.types.osl_mismatch_metrics - WARNING - OSL mismatch: got 500 tokens (requested 18, diff 2677.8%)
2026-06-01 02:30:15.757 - aiperf.metrics.types.osl_mismatch_metrics - WARNING - OSL mismatch: got 49 tokens (requested 33, diff 48.5%)
2026-06-01 02:30:15.786 - aiperf.metrics.types.osl_mismatch_metrics - WARNING - OSL mismatch: got 311 tokens (requested 199, diff 56.3%)
2026-06-01 02:30:15.815 - aiperf.metrics.types.osl_mismatch_metrics - WARNING - OSL mismatch: got 475 tokens (requested 244, diff 94.7%)
2026-06-01 02:30:15.880 - aiperf.metrics.types.osl_mismatch_metrics - WARNING - OSL mismatch: got 485 tokens (requested 24, diff 1920.8%)
2026-06-01 02:30:15.938 - aiperf.metrics.types.osl_mismatch_metrics - WARNING - OSL mismatch: got 438 tokens (requested 35, diff 1151.4%)
2026-06-01 02:30:16.039 - aiperf.metrics.types.osl_mismatch_metrics - WARNING - OSL mismatch: got 500 tokens (requested 134, diff 273.1%)
2026-06-01 02:30:16.092 - aiperf.metrics.types.osl_mismatch_metrics - WARNING - OSL mismatch: got 500 tokens (requested 120, diff 316.7%)
2026-06-01 02:30:16.114 - aiperf.metrics.types.osl_mismatch_metrics - WARNING - OSL mismatch: got 500 tokens (requested 46, diff 987.0%)
2026-06-01 02:30:16.127 - aiperf.metrics.types.osl_mismatch_metrics - WARNING - OSL mismatch: got 500 tokens (requested 26, diff 1823.1%)
2026-06-01 02:30:16.151 - aiperf.metrics.types.osl_mismatch_metrics - WARNING - OSL mismatch: got 500 tokens (requested 272, diff 83.8%)
2026-06-01 02:30:16.313 - aiperf.metrics.types.osl_mismatch_metrics - WARNING - OSL mismatch: got 500 tokens (requested 14, diff 3471.4%)
2026-06-01 02:30:16.401 - aiperf.metrics.types.osl_mismatch_metrics - WARNING - OSL mismatch: got 500 tokens (requested 11, diff 4445.5%)
2026-06-01 02:30:16.409 - aiperf.metrics.types.osl_mismatch_metrics - WARNING - OSL mismatch: got 205 tokens (requested 69, diff 197.1%)
2026-06-01 02:30:16.412 - aiperf.metrics.types.osl_mismatch_metrics - WARNING - OSL mismatch: got 500 tokens (requested 291, diff 71.8%)
2026-06-01 02:30:16.435 - aiperf.metrics.types.osl_mismatch_metrics - WARNING - OSL mismatch: got 186 tokens (requested 257, diff -27.6%)
2026-06-01 02:30:16.524 - aiperf.metrics.types.osl_mismatch_metrics - WARNING - OSL mismatch: got 499 tokens (requested 655, diff -23.8%)
2026-06-01 02:30:16.676 - aiperf.metrics.types.osl_mismatch_metrics - WARNING - OSL mismatch: got 500 tokens (requested 243, diff 105.8%)
2026-06-01 02:30:16.689 - aiperf.metrics.types.osl_mismatch_metrics - WARNING - OSL mismatch: got 500 tokens (requested 455, diff 9.9%)
2026-06-01 02:30:16.703 - aiperf.metrics.types.osl_mismatch_metrics - WARNING - OSL mismatch: got 500 tokens (requested 223, diff 124.2%)
2026-06-01 02:30:16.745 - aiperf.metrics.types.osl_mismatch_metrics - WARNING - OSL mismatch: got 38 tokens (requested 533, diff -92.9%)
2026-06-01 02:30:16.778 - aiperf.metrics.types.osl_mismatch_metrics - WARNING - OSL mismatch: got 298 tokens (requested 78, diff 282.1%)
2026-06-01 02:30:16.844 - aiperf.metrics.types.osl_mismatch_metrics - WARNING - OSL mismatch: got 47 tokens (requested 164, diff -71.3%)
2026-06-01 02:30:16.891 - aiperf.metrics.types.osl_mismatch_metrics - WARNING - OSL mismatch: got 500 tokens (requested 767, diff -34.8%)
2026-06-01 02:30:16.949 - aiperf.metrics.types.osl_mismatch_metrics - WARNING - OSL mismatch: got 500 tokens (requested 425, diff 17.6%)
2026-06-01 02:30:17.067 - aiperf.metrics.types.osl_mismatch_metrics - WARNING - OSL mismatch: got 371 tokens (requested 13, diff 2753.8%)
2026-06-01 02:30:17.068 - aiperf.metrics.types.osl_mismatch_metrics - WARNING - OSL mismatch: got 500 tokens (requested 65, diff 669.2%)
2026-06-01 02:30:17.182 - aiperf.metrics.types.osl_mismatch_metrics - WARNING - OSL mismatch: got 500 tokens (requested 289, diff 73.0%)
2026-06-01 02:30:17.206 - aiperf.metrics.types.osl_mismatch_metrics - WARNING - OSL mismatch: got 500 tokens (requested 246, diff 103.3%)
2026-06-01 02:30:17.278 - aiperf.metrics.types.osl_mismatch_metrics - WARNING - OSL mismatch: got 141 tokens (requested 56, diff 151.8%)
2026-06-01 02:30:17.310 - aiperf.metrics.types.osl_mismatch_metrics - WARNING - OSL mismatch: got 500 tokens (requested 31, diff 1512.9%)
2026-06-01 02:30:17.414 - aiperf.metrics.types.osl_mismatch_metrics - WARNING - OSL mismatch: got 500 tokens (requested 129, diff 287.6%)
2026-06-01 02:30:17.451 - aiperf.metrics.types.osl_mismatch_metrics - WARNING - OSL mismatch: got 474 tokens (requested 262, diff 80.9%)
2026-06-01 02:30:17.487 - aiperf.metrics.types.osl_mismatch_metrics - WARNING - OSL mismatch: got 500 tokens (requested 88, diff 468.2%)
2026-06-01 02:30:17.560 - aiperf.metrics.types.osl_mismatch_metrics - WARNING - OSL mismatch: got 321 tokens (requested 123, diff 161.0%)
2026-06-01 02:30:17.689 - aiperf.metrics.types.osl_mismatch_metrics - WARNING - OSL mismatch: got 369 tokens (requested 201, diff 83.6%)
2026-06-01 02:30:17.714 - aiperf.metrics.types.osl_mismatch_metrics - WARNING - OSL mismatch: got 500 tokens (requested 12, diff 4066.7%)
2026-06-01 02:30:17.765 - aiperf.metrics.types.osl_mismatch_metrics - WARNING - OSL mismatch: got 500 tokens (requested 194, diff 157.7%)
2026-06-01 02:30:17.879 - aiperf.metrics.types.osl_mismatch_metrics - WARNING - OSL mismatch: got 500 tokens (requested 380, diff 31.6%)
2026-06-01 02:30:17.881 - aiperf.metrics.types.osl_mismatch_metrics - WARNING - OSL mismatch: got 500 tokens (requested 14, diff 3471.4%)
2026-06-01 02:30:17.901 - aiperf.metrics.types.osl_mismatch_metrics - WARNING - OSL mismatch: got 308 tokens (requested 729, diff -57.8%)
2026-06-01 02:30:17.903 - aiperf.metrics.types.osl_mismatch_metrics - WARNING - OSL mismatch: got 500 tokens (requested 701, diff -28.7%)
2026-06-01 02:30:17.919 - aiperf.metrics.types.osl_mismatch_metrics - WARNING - OSL mismatch: got 500 tokens (requested 60, diff 733.3%)
2026-06-01 02:30:18.016 - aiperf.metrics.types.osl_mismatch_metrics - WARNING - OSL mismatch: got 500 tokens (requested 340, diff 47.1%)
2026-06-01 02:30:18.142 - aiperf.metrics.types.osl_mismatch_metrics - WARNING - OSL mismatch: got 500 tokens (requested 309, diff 61.8%)
2026-06-01 02:30:18.160 - aiperf.metrics.types.osl_mismatch_metrics - WARNING - OSL mismatch: got 500 tokens (requested 253, diff 97.6%)
2026-06-01 02:30:18.175 - aiperf.metrics.types.osl_mismatch_metrics - WARNING - OSL mismatch: got 500 tokens (requested 9, diff 5455.6%)
2026-06-01 02:30:18.188 - aiperf.metrics.types.osl_mismatch_metrics - WARNING - OSL mismatch: got 500 tokens (requested 535, diff -6.5%)
2026-06-01 02:30:18.224 - aiperf.metrics.types.osl_mismatch_metrics - WARNING - OSL mismatch: got 500 tokens (requested 372, diff 34.4%)
2026-06-01 02:30:18.238 - aiperf.metrics.types.osl_mismatch_metrics - WARNING - OSL mismatch: got 500 tokens (requested 153, diff 226.8%)
2026-06-01 02:30:18.304 - aiperf.metrics.types.osl_mismatch_metrics - WARNING - OSL mismatch: got 41 tokens (requested 37, diff 10.8%)
2026-06-01 02:30:18.385 - aiperf.metrics.types.osl_mismatch_metrics - WARNING - OSL mismatch: got 453 tokens (requested 115, diff 293.9%)
2026-06-01 02:30:18.431 - aiperf.metrics.types.osl_mismatch_metrics - WARNING - OSL mismatch: got 219 tokens (requested 134, diff 63.4%)
2026-06-01 02:30:18.437 - aiperf.metrics.types.osl_mismatch_metrics - WARNING - OSL mismatch: got 500 tokens (requested 33, diff 1415.2%)
2026-06-01 02:30:18.489 - aiperf.metrics.types.osl_mismatch_metrics - WARNING - OSL mismatch: got 500 tokens (requested 4, diff 12400.0%)
2026-06-01 02:30:18.503 - aiperf.metrics.types.osl_mismatch_metrics - WARNING - OSL mismatch: got 500 tokens (requested 34, diff 1370.6%)
2026-06-01 02:30:18.594 - aiperf.metrics.types.osl_mismatch_metrics - WARNING - OSL mismatch: got 66 tokens (requested 45, diff 46.7%)
2026-06-01 02:30:18.612 - aiperf.metrics.types.osl_mismatch_metrics - WARNING - OSL mismatch: got 486 tokens (requested 301, diff 61.5%)
2026-06-01 02:30:18.653 - aiperf.metrics.types.osl_mismatch_metrics - WARNING - OSL mismatch: got 500 tokens (requested 344, diff 45.3%)
2026-06-01 02:30:18.662 - aiperf.metrics.types.osl_mismatch_metrics - WARNING - OSL mismatch: got 500 tokens (requested 435, diff 14.9%)
2026-06-01 02:30:18.663 - aiperf.metrics.types.osl_mismatch_metrics - WARNING - OSL mismatch: got 500 tokens (requested 615, diff -18.7%)
2026-06-01 02:30:18.686 - aiperf.metrics.types.osl_mismatch_metrics - WARNING - OSL mismatch: got 500 tokens (requested 579, diff -13.6%)
2026-06-01 02:30:18.689 - aiperf.metrics.types.osl_mismatch_metrics - WARNING - OSL mismatch: got 500 tokens (requested 167, diff 199.4%)
2026-06-01 02:30:18.748 - aiperf.metrics.types.osl_mismatch_metrics - WARNING - OSL mismatch: got 500 tokens (requested 60, diff 733.3%)
2026-06-01 02:30:18.772 - aiperf.metrics.types.osl_mismatch_metrics - WARNING - OSL mismatch: got 500 tokens (requested 324, diff 54.3%)
2026-06-01 02:30:18.806 - aiperf.metrics.types.osl_mismatch_metrics - WARNING - OSL mismatch: got 500 tokens (requested 245, diff 104.1%)
2026-06-01 02:30:18.823 - aiperf.metrics.types.osl_mismatch_metrics - WARNING - OSL mismatch: got 500 tokens (requested 32, diff 1462.5%)
2026-06-01 02:30:18.895 - aiperf.metrics.types.osl_mismatch_metrics - WARNING - OSL mismatch: got 291 tokens (requested 79, diff 268.4%)
2026-06-01 02:30:18.975 - aiperf.metrics.types.osl_mismatch_metrics - WARNING - OSL mismatch: got 500 tokens (requested 718, diff -30.4%)
2026-06-01 02:30:18.986 - aiperf.metrics.types.osl_mismatch_metrics - WARNING - OSL mismatch: got 500 tokens (requested 29, diff 1624.1%)
2026-06-01 02:30:19.134 - aiperf.metrics.types.osl_mismatch_metrics - WARNING - OSL mismatch: got 500 tokens (requested 15, diff 3233.3%)
2026-06-01 02:30:19.148 - aiperf.metrics.types.osl_mismatch_metrics - WARNING - OSL mismatch: got 500 tokens (requested 7, diff 7042.9%)
2026-06-01 02:30:19.215 - aiperf.metrics.types.osl_mismatch_metrics - WARNING - OSL mismatch: got 123 tokens (requested 46, diff 167.4%)
2026-06-01 02:30:19.235 - aiperf.metrics.types.osl_mismatch_metrics - WARNING - OSL mismatch: got 500 tokens (requested 579, diff -13.6%)
2026-06-01 02:30:19.250 - aiperf.metrics.types.osl_mismatch_metrics - WARNING - OSL mismatch: got 500 tokens (requested 14, diff 3471.4%)
2026-06-01 02:30:19.256 - aiperf.metrics.types.osl_mismatch_metrics - WARNING - OSL mismatch: got 379 tokens (requested 39, diff 871.8%)
2026-06-01 02:30:19.334 - aiperf.metrics.types.osl_mismatch_metrics - WARNING - OSL mismatch: got 500 tokens (requested 376, diff 33.0%)
2026-06-01 02:30:19.383 - aiperf.metrics.types.osl_mismatch_metrics - WARNING - OSL mismatch: got 500 tokens (requested 17, diff 2841.2%)
2026-06-01 02:30:19.527 - aiperf.metrics.types.osl_mismatch_metrics - WARNING - OSL mismatch: got 13 tokens (requested 363, diff -96.4%)
2026-06-01 02:30:19.573 - aiperf.metrics.types.osl_mismatch_metrics - WARNING - OSL mismatch: got 492 tokens (requested 388, diff 26.8%)
2026-06-01 02:30:19.599 - aiperf.metrics.types.osl_mismatch_metrics - WARNING - OSL mismatch: got 500 tokens (requested 342, diff 46.2%)
2026-06-01 02:30:19.599 - aiperf.metrics.types.osl_mismatch_metrics - WARNING - OSL mismatch: got 500 tokens (requested 58, diff 762.1%)
2026-06-01 02:30:19.782 - aiperf.metrics.types.osl_mismatch_metrics - WARNING - OSL mismatch: got 499 tokens (requested 362, diff 37.8%)
2026-06-01 02:30:19.786 - aiperf.metrics.types.osl_mismatch_metrics - WARNING - OSL mismatch: got 500 tokens (requested 378, diff 32.3%)
2026-06-01 02:30:19.909 - aiperf.metrics.types.osl_mismatch_metrics - WARNING - OSL mismatch: got 500 tokens (requested 13, diff 3746.2%)
2026-06-01 02:30:19.963 - aiperf.metrics.types.osl_mismatch_metrics - WARNING - OSL mismatch: got 63 tokens (requested 56, diff 12.5%)
2026-06-01 02:30:19.972 - aiperf.metrics.types.osl_mismatch_metrics - WARNING - OSL mismatch: got 500 tokens (requested 812, diff -38.4%)
2026-06-01 02:30:19.984 - aiperf.metrics.types.osl_mismatch_metrics - WARNING - OSL mismatch: got 489 tokens (requested 128, diff 282.0%)
2026-06-01 02:30:20.020 - aiperf.metrics.types.osl_mismatch_metrics - WARNING - OSL mismatch: got 500 tokens (requested 368, diff 35.9%)
2026-06-01 02:30:20.032 - aiperf.metrics.types.osl_mismatch_metrics - WARNING - OSL mismatch: got 500 tokens (requested 67, diff 646.3%)
2026-06-01 02:30:20.046 - aiperf.metrics.types.osl_mismatch_metrics - WARNING - OSL mismatch: got 500 tokens (requested 17, diff 2841.2%)
2026-06-01 02:30:20.117 - aiperf.metrics.types.osl_mismatch_metrics - WARNING - OSL mismatch: got 500 tokens (requested 12, diff 4066.7%)
2026-06-01 02:30:20.130 - aiperf.metrics.types.osl_mismatch_metrics - WARNING - OSL mismatch: got 500 tokens (requested 426, diff 17.4%)
2026-06-01 02:30:20.290 - aiperf.metrics.types.osl_mismatch_metrics - WARNING - OSL mismatch: got 500 tokens (requested 21, diff 2281.0%)
2026-06-01 02:30:20.301 - aiperf.metrics.types.osl_mismatch_metrics - WARNING - OSL mismatch: got 500 tokens (requested 543, diff -7.9%)
2026-06-01 02:30:20.348 - aiperf.metrics.types.osl_mismatch_metrics - WARNING - OSL mismatch: got 500 tokens (requested 44, diff 1036.4%)
2026-06-01 02:30:20.362 - aiperf.metrics.types.osl_mismatch_metrics - WARNING - OSL mismatch: got 279 tokens (requested 105, diff 165.7%)
2026-06-01 02:30:20.362 - aiperf.metrics.types.osl_mismatch_metrics - WARNING - OSL mismatch: got 500 tokens (requested 186, diff 168.8%)
2026-06-01 02:30:20.434 - aiperf.metrics.types.osl_mismatch_metrics - WARNING - OSL mismatch: got 384 tokens (requested 9, diff 4166.7%)
2026-06-01 02:30:20.471 - aiperf.metrics.types.osl_mismatch_metrics - WARNING - OSL mismatch: got 500 tokens (requested 9, diff 5455.6%)
2026-06-01 02:30:20.473 - aiperf.metrics.types.osl_mismatch_metrics - WARNING - OSL mismatch: got 500 tokens (requested 327, diff 52.9%)
2026-06-01 02:30:20.566 - aiperf.metrics.types.osl_mismatch_metrics - WARNING - OSL mismatch: got 266 tokens (requested 156, diff 70.5%)
2026-06-01 02:30:20.585 - aiperf.metrics.types.osl_mismatch_metrics - WARNING - OSL mismatch: got 500 tokens (requested 47, diff 963.8%)
2026-06-01 02:30:20.704 - aiperf.metrics.types.osl_mismatch_metrics - WARNING - OSL mismatch: got 499 tokens (requested 221, diff 125.8%)
2026-06-01 02:30:20.826 - aiperf.metrics.types.osl_mismatch_metrics - WARNING - OSL mismatch: got 452 tokens (requested 11, diff 4009.1%)
2026-06-01 02:30:20.851 - aiperf.metrics.types.osl_mismatch_metrics - WARNING - OSL mismatch: got 500 tokens (requested 221, diff 126.2%)
2026-06-01 02:30:20.854 - aiperf.metrics.types.osl_mismatch_metrics - WARNING - OSL mismatch: got 500 tokens (requested 25, diff 1900.0%)
2026-06-01 02:30:20.862 - aiperf.metrics.types.osl_mismatch_metrics - WARNING - OSL mismatch: got 288 tokens (requested 53, diff 443.4%)
2026-06-01 02:30:20.889 - aiperf.metrics.types.osl_mismatch_metrics - WARNING - OSL mismatch: got 500 tokens (requested 528, diff -5.3%)
2026-06-01 02:30:20.927 - aiperf.metrics.types.osl_mismatch_metrics - WARNING - OSL mismatch: got 500 tokens (requested 262, diff 90.8%)
2026-06-01 02:30:20.949 - aiperf.metrics.types.osl_mismatch_metrics - WARNING - OSL mismatch: got 330 tokens (requested 198, diff 66.7%)
2026-06-01 02:30:20.962 - aiperf.metrics.types.osl_mismatch_metrics - WARNING - OSL mismatch: got 369 tokens (requested 22, diff 1577.3%)
2026-06-01 02:30:20.964 - aiperf.metrics.types.osl_mismatch_metrics - WARNING - OSL mismatch: got 500 tokens (requested 27, diff 1751.9%)
2026-06-01 02:30:20.974 - aiperf.metrics.types.osl_mismatch_metrics - WARNING - OSL mismatch: got 500 tokens (requested 262, diff 90.8%)
2026-06-01 02:30:20.989 - aiperf.metrics.types.osl_mismatch_metrics - WARNING - OSL mismatch: got 500 tokens (requested 36, diff 1288.9%)
2026-06-01 02:30:21.036 - aiperf.metrics.types.osl_mismatch_metrics - WARNING - OSL mismatch: got 500 tokens (requested 288, diff 73.6%)
2026-06-01 02:30:21.084 - aiperf.metrics.types.osl_mismatch_metrics - WARNING - OSL mismatch: got 500 tokens (requested 113, diff 342.5%)
2026-06-01 02:30:21.085 - aiperf.metrics.types.osl_mismatch_metrics - WARNING - OSL mismatch: got 500 tokens (requested 32, diff 1462.5%)
2026-06-01 02:30:21.243 - aiperf.metrics.types.osl_mismatch_metrics - WARNING - OSL mismatch: got 500 tokens (requested 272, diff 83.8%)
2026-06-01 02:30:21.282 - aiperf.metrics.types.osl_mismatch_metrics - WARNING - OSL mismatch: got 500 tokens (requested 51, diff 880.4%)
2026-06-01 02:30:21.284 - aiperf.metrics.types.osl_mismatch_metrics - WARNING - OSL mismatch: got 500 tokens (requested 257, diff 94.6%)
2026-06-01 02:30:21.307 - aiperf.metrics.types.osl_mismatch_metrics - WARNING - OSL mismatch: got 500 tokens (requested 39, diff 1182.1%)
2026-06-01 02:30:21.308 - aiperf.metrics.types.osl_mismatch_metrics - WARNING - OSL mismatch: got 500 tokens (requested 261, diff 91.6%)
2026-06-01 02:30:21.316 - aiperf.metrics.types.osl_mismatch_metrics - WARNING - OSL mismatch: got 456 tokens (requested 34, diff 1241.2%)
2026-06-01 02:30:21.408 - aiperf.metrics.types.osl_mismatch_metrics - WARNING - OSL mismatch: got 500 tokens (requested 10, diff 4900.0%)
2026-06-01 02:30:21.440 - aiperf.metrics.types.osl_mismatch_metrics - WARNING - OSL mismatch: got 500 tokens (requested 50, diff 900.0%)
2026-06-01 02:30:21.453 - aiperf.metrics.types.osl_mismatch_metrics - WARNING - OSL mismatch: got 500 tokens (requested 27, diff 1751.9%)
2026-06-01 02:30:21.502 - aiperf.metrics.types.osl_mismatch_metrics - WARNING - OSL mismatch: got 500 tokens (requested 404, diff 23.8%)
2026-06-01 02:30:21.512 - aiperf.metrics.types.osl_mismatch_metrics - WARNING - OSL mismatch: got 500 tokens (requested 377, diff 32.6%)
2026-06-01 02:30:21.540 - aiperf.metrics.types.osl_mismatch_metrics - WARNING - OSL mismatch: got 500 tokens (requested 23, diff 2073.9%)
2026-06-01 02:30:21.847 - aiperf.metrics.types.osl_mismatch_metrics - WARNING - OSL mismatch: got 500 tokens (requested 6, diff 8233.3%)
2026-06-01 02:30:21.898 - aiperf.metrics.types.osl_mismatch_metrics - WARNING - OSL mismatch: got 500 tokens (requested 118, diff 323.7%)
2026-06-01 02:30:21.984 - aiperf.metrics.types.osl_mismatch_metrics - WARNING - OSL mismatch: got 500 tokens (requested 235, diff 112.8%)
2026-06-01 02:30:22.020 - aiperf.metrics.types.osl_mismatch_metrics - WARNING - OSL mismatch: got 500 tokens (requested 410, diff 22.0%)
2026-06-01 02:30:22.044 - aiperf.metrics.types.osl_mismatch_metrics - WARNING - OSL mismatch: got 500 tokens (requested 245, diff 104.1%)
2026-06-01 02:30:22.087 - aiperf.metrics.types.osl_mismatch_metrics - WARNING - OSL mismatch: got 500 tokens (requested 275, diff 81.8%)
2026-06-01 02:30:22.126 - aiperf.metrics.types.osl_mismatch_metrics - WARNING - OSL mismatch: got 500 tokens (requested 237, diff 111.0%)
2026-06-01 02:30:22.177 - aiperf.metrics.types.osl_mismatch_metrics - WARNING - OSL mismatch: got 500 tokens (requested 39, diff 1182.1%)
2026-06-01 02:30:22.213 - aiperf.metrics.types.osl_mismatch_metrics - WARNING - OSL mismatch: got 500 tokens (requested 768, diff -34.9%)
2026-06-01 02:30:22.223 - aiperf.metrics.types.osl_mismatch_metrics - WARNING - OSL mismatch: got 500 tokens (requested 264, diff 89.4%)
2026-06-01 02:30:22.258 - aiperf.metrics.types.osl_mismatch_metrics - WARNING - OSL mismatch: got 300 tokens (requested 5, diff 5900.0%)
2026-06-01 02:30:22.417 - aiperf.metrics.types.osl_mismatch_metrics - WARNING - OSL mismatch: got 343 tokens (requested 616, diff -44.3%)
2026-06-01 02:30:22.463 - aiperf.metrics.types.osl_mismatch_metrics - WARNING - OSL mismatch: got 98 tokens (requested 61, diff 60.7%)
2026-06-01 02:30:22.480 - aiperf.metrics.types.osl_mismatch_metrics - WARNING - OSL mismatch: got 500 tokens (requested 42, diff 1090.5%)
2026-06-01 02:30:22.507 - aiperf.metrics.types.osl_mismatch_metrics - WARNING - OSL mismatch: got 500 tokens (requested 636, diff -21.4%)
2026-06-01 02:30:22.737 - aiperf.metrics.types.osl_mismatch_metrics - WARNING - OSL mismatch: got 500 tokens (requested 181, diff 176.2%)
2026-06-01 02:30:22.737 - aiperf.metrics.types.osl_mismatch_metrics - WARNING - OSL mismatch: got 500 tokens (requested 409, diff 22.2%)
2026-06-01 02:30:22.748 - aiperf.metrics.types.osl_mismatch_metrics - WARNING - OSL mismatch: got 500 tokens (requested 622, diff -19.6%)
2026-06-01 02:30:22.845 - aiperf.metrics.types.osl_mismatch_metrics - WARNING - OSL mismatch: got 500 tokens (requested 68, diff 635.3%)
2026-06-01 02:30:22.847 - aiperf.metrics.types.osl_mismatch_metrics - WARNING - OSL mismatch: got 500 tokens (requested 5, diff 9900.0%)
2026-06-01 02:30:22.871 - aiperf.metrics.types.osl_mismatch_metrics - WARNING - OSL mismatch: got 500 tokens (requested 635, diff -21.3%)
2026-06-01 02:30:22.883 - aiperf.metrics.types.osl_mismatch_metrics - WARNING - OSL mismatch: got 500 tokens (requested 298, diff 67.8%)
2026-06-01 02:30:22.895 - aiperf.metrics.types.osl_mismatch_metrics - WARNING - OSL mismatch: got 500 tokens (requested 111, diff 350.5%)
2026-06-01 02:30:23.019 - aiperf.metrics.types.osl_mismatch_metrics - WARNING - OSL mismatch: got 500 tokens (requested 301, diff 66.1%)
2026-06-01 02:30:23.080 - aiperf.metrics.types.osl_mismatch_metrics - WARNING - OSL mismatch: got 500 tokens (requested 7, diff 7042.9%)
2026-06-01 02:30:23.112 - aiperf.metrics.types.osl_mismatch_metrics - WARNING - OSL mismatch: got 107 tokens (requested 25, diff 328.0%)
2026-06-01 02:30:23.130 - aiperf.metrics.types.osl_mismatch_metrics - WARNING - OSL mismatch: got 449 tokens (requested 263, diff 70.7%)
2026-06-01 02:30:23.130 - aiperf.metrics.types.osl_mismatch_metrics - WARNING - OSL mismatch: got 480 tokens (requested 249, diff 92.8%)
2026-06-01 02:30:23.247 - aiperf.metrics.types.osl_mismatch_metrics - WARNING - OSL mismatch: got 266 tokens (requested 230, diff 15.7%)
2026-06-01 02:30:23.250 - aiperf.metrics.types.osl_mismatch_metrics - WARNING - OSL mismatch: got 493 tokens (requested 20, diff 2365.0%)
2026-06-01 02:30:23.302 - aiperf.metrics.types.osl_mismatch_metrics - WARNING - OSL mismatch: got 499 tokens (requested 25, diff 1896.0%)
2026-06-01 02:30:23.309 - aiperf.metrics.types.osl_mismatch_metrics - WARNING - OSL mismatch: got 500 tokens (requested 636, diff -21.4%)
2026-06-01 02:30:23.356 - aiperf.metrics.types.osl_mismatch_metrics - WARNING - OSL mismatch: got 500 tokens (requested 434, diff 15.2%)
2026-06-01 02:30:23.415 - aiperf.metrics.types.osl_mismatch_metrics - WARNING - OSL mismatch: got 500 tokens (requested 239, diff 109.2%)
2026-06-01 02:30:23.426 - aiperf.metrics.types.osl_mismatch_metrics - WARNING - OSL mismatch: got 500 tokens (requested 606, diff -17.5%)
2026-06-01 02:30:23.549 - aiperf.metrics.types.osl_mismatch_metrics - WARNING - OSL mismatch: got 500 tokens (requested 20, diff 2400.0%)
2026-06-01 02:30:23.569 - aiperf.metrics.types.osl_mismatch_metrics - WARNING - OSL mismatch: got 143 tokens (requested 110, diff 30.0%)
2026-06-01 02:30:23.819 - aiperf.metrics.types.osl_mismatch_metrics - WARNING - OSL mismatch: got 500 tokens (requested 23, diff 2073.9%)
2026-06-01 02:30:23.831 - aiperf.metrics.types.osl_mismatch_metrics - WARNING - OSL mismatch: got 500 tokens (requested 19, diff 2531.6%)
2026-06-01 02:30:23.864 - aiperf.metrics.types.osl_mismatch_metrics - WARNING - OSL mismatch: got 39 tokens (requested 287, diff -86.4%)
2026-06-01 02:30:24.091 - aiperf.metrics.types.osl_mismatch_metrics - WARNING - OSL mismatch: got 500 tokens (requested 28, diff 1685.7%)
2026-06-01 02:30:24.131 - aiperf.metrics.types.osl_mismatch_metrics - WARNING - OSL mismatch: got 50 tokens (requested 243, diff -79.4%)
2026-06-01 02:30:24.147 - aiperf.metrics.types.osl_mismatch_metrics - WARNING - OSL mismatch: got 367 tokens (requested 106, diff 246.2%)
2026-06-01 02:30:24.392 - aiperf.metrics.types.osl_mismatch_metrics - WARNING - OSL mismatch: got 500 tokens (requested 22, diff 2172.7%)
2026-06-01 02:30:24.450 - aiperf.metrics.types.osl_mismatch_metrics - WARNING - OSL mismatch: got 125 tokens (requested 156, diff -19.9%)
2026-06-01 02:30:24.503 - aiperf.metrics.types.osl_mismatch_metrics - WARNING - OSL mismatch: got 500 tokens (requested 310, diff 61.3%)
2026-06-01 02:30:24.610 - aiperf.metrics.types.osl_mismatch_metrics - WARNING - OSL mismatch: got 186 tokens (requested 70, diff 165.7%)
2026-06-01 02:30:24.713 - aiperf.metrics.types.osl_mismatch_metrics - WARNING - OSL mismatch: got 500 tokens (requested 7, diff 7042.9%)
2026-06-01 02:30:24.781 - aiperf.metrics.types.osl_mismatch_metrics - WARNING - OSL mismatch: got 299 tokens (requested 114, diff 162.3%)
2026-06-01 02:30:24.799 - aiperf.metrics.types.osl_mismatch_metrics - WARNING - OSL mismatch: got 500 tokens (requested 33, diff 1415.2%)
2026-06-01 02:30:24.799 - aiperf.metrics.types.osl_mismatch_metrics - WARNING - OSL mismatch: got 498 tokens (requested 85, diff 485.9%)
2026-06-01 02:30:24.837 - aiperf.metrics.types.osl_mismatch_metrics - WARNING - OSL mismatch: got 500 tokens (requested 154, diff 224.7%)
2026-06-01 02:30:24.857 - aiperf.metrics.types.osl_mismatch_metrics - WARNING - OSL mismatch: got 500 tokens (requested 308, diff 62.3%)
2026-06-01 02:30:24.888 - aiperf.metrics.types.osl_mismatch_metrics - WARNING - OSL mismatch: got 93 tokens (requested 69, diff 34.8%)
2026-06-01 02:30:24.904 - aiperf.metrics.types.osl_mismatch_metrics - WARNING - OSL mismatch: got 218 tokens (requested 58, diff 275.9%)
2026-06-01 02:30:24.984 - aiperf.metrics.types.osl_mismatch_metrics - WARNING - OSL mismatch: got 500 tokens (requested 712, diff -29.8%)
2026-06-01 02:30:25.022 - aiperf.metrics.types.osl_mismatch_metrics - WARNING - OSL mismatch: got 472 tokens (requested 288, diff 63.9%)
2026-06-01 02:30:25.136 - aiperf.metrics.types.osl_mismatch_metrics - WARNING - OSL mismatch: got 153 tokens (requested 41, diff 273.2%)
2026-06-01 02:30:25.205 - aiperf.metrics.types.osl_mismatch_metrics - WARNING - OSL mismatch: got 500 tokens (requested 14, diff 3471.4%)
2026-06-01 02:30:25.250 - aiperf.metrics.types.osl_mismatch_metrics - WARNING - OSL mismatch: got 449 tokens (requested 194, diff 131.4%)
2026-06-01 02:30:25.274 - aiperf.metrics.types.osl_mismatch_metrics - WARNING - OSL mismatch: got 500 tokens (requested 374, diff 33.7%)
2026-06-01 02:30:25.276 - aiperf.metrics.types.osl_mismatch_metrics - WARNING - OSL mismatch: got 500 tokens (requested 116, diff 331.0%)
2026-06-01 02:30:25.338 - aiperf.metrics.types.osl_mismatch_metrics - WARNING - OSL mismatch: got 500 tokens (requested 336, diff 48.8%)
2026-06-01 02:30:25.338 - aiperf.metrics.types.osl_mismatch_metrics - WARNING - OSL mismatch: got 500 tokens (requested 15, diff 3233.3%)
2026-06-01 02:30:25.351 - aiperf.metrics.types.osl_mismatch_metrics - WARNING - OSL mismatch: got 500 tokens (requested 776, diff -35.6%)
2026-06-01 02:30:25.371 - aiperf.metrics.types.osl_mismatch_metrics - WARNING - OSL mismatch: got 500 tokens (requested 120, diff 316.7%)
2026-06-01 02:30:25.373 - aiperf.metrics.types.osl_mismatch_metrics - WARNING - OSL mismatch: got 500 tokens (requested 309, diff 61.8%)
2026-06-01 02:30:25.421 - aiperf.metrics.types.osl_mismatch_metrics - WARNING - OSL mismatch: got 500 tokens (requested 181, diff 176.2%)
2026-06-01 02:30:25.507 - aiperf.metrics.types.osl_mismatch_metrics - WARNING - OSL mismatch: got 500 tokens (requested 195, diff 156.4%)
2026-06-01 02:30:25.594 - aiperf.metrics.types.osl_mismatch_metrics - WARNING - OSL mismatch: got 500 tokens (requested 539, diff -7.2%)
2026-06-01 02:30:25.762 - aiperf.metrics.types.osl_mismatch_metrics - WARNING - OSL mismatch: got 500 tokens (requested 4, diff 12400.0%)
2026-06-01 02:30:25.810 - aiperf.metrics.types.osl_mismatch_metrics - WARNING - OSL mismatch: got 500 tokens (requested 4, diff 12400.0%)
2026-06-01 02:30:25.866 - aiperf.metrics.types.osl_mismatch_metrics - WARNING - OSL mismatch: got 500 tokens (requested 211, diff 137.0%)
2026-06-01 02:30:25.891 - aiperf.metrics.types.osl_mismatch_metrics - WARNING - OSL mismatch: got 500 tokens (requested 328, diff 52.4%)
2026-06-01 02:30:25.962 - aiperf.metrics.types.osl_mismatch_metrics - WARNING - OSL mismatch: got 500 tokens (requested 296, diff 68.9%)
2026-06-01 02:30:25.964 - aiperf.metrics.types.osl_mismatch_metrics - WARNING - OSL mismatch: got 500 tokens (requested 6, diff 8233.3%)
2026-06-01 02:30:25.998 - aiperf.metrics.types.osl_mismatch_metrics - WARNING - OSL mismatch: got 448 tokens (requested 22, diff 1936.4%)
2026-06-01 02:30:26.000 - aiperf.metrics.types.osl_mismatch_metrics - WARNING - OSL mismatch: got 500 tokens (requested 100, diff 400.0%)
2026-06-01 02:30:26.019 - aiperf.metrics.types.osl_mismatch_metrics - WARNING - OSL mismatch: got 123 tokens (requested 9, diff 1266.7%)
2026-06-01 02:30:26.074 - aiperf.metrics.types.osl_mismatch_metrics - WARNING - OSL mismatch: got 500 tokens (requested 693, diff -27.8%)
2026-06-01 02:30:26.188 - aiperf.metrics.types.osl_mismatch_metrics - WARNING - OSL mismatch: got 128 tokens (requested 111, diff 15.3%)
2026-06-01 02:30:26.261 - aiperf.metrics.types.osl_mismatch_metrics - WARNING - OSL mismatch: got 181 tokens (requested 56, diff 223.2%)
2026-06-01 02:30:26.287 - aiperf.metrics.types.osl_mismatch_metrics - WARNING - OSL mismatch: got 500 tokens (requested 217, diff 130.4%)
2026-06-01 02:30:26.337 - aiperf.metrics.types.osl_mismatch_metrics - WARNING - OSL mismatch: got 500 tokens (requested 586, diff -14.7%)
2026-06-01 02:30:26.372 - aiperf.metrics.types.osl_mismatch_metrics - WARNING - OSL mismatch: got 500 tokens (requested 388, diff 28.9%)
2026-06-01 02:30:26.405 - aiperf.metrics.types.osl_mismatch_metrics - WARNING - OSL mismatch: got 244 tokens (requested 184, diff 32.6%)
2026-06-01 02:30:26.433 - aiperf.metrics.types.osl_mismatch_metrics - WARNING - OSL mismatch: got 500 tokens (requested 245, diff 104.1%)
2026-06-01 02:30:26.444 - aiperf.metrics.types.osl_mismatch_metrics - WARNING - OSL mismatch: got 378 tokens (requested 124, diff 204.8%)
2026-06-01 02:30:26.481 - aiperf.metrics.types.osl_mismatch_metrics - WARNING - OSL mismatch: got 500 tokens (requested 98, diff 410.2%)
2026-06-01 02:30:26.583 - aiperf.metrics.types.osl_mismatch_metrics - WARNING - OSL mismatch: got 500 tokens (requested 156, diff 220.5%)
2026-06-01 02:30:26.637 - aiperf.metrics.types.osl_mismatch_metrics - WARNING - OSL mismatch: got 500 tokens (requested 227, diff 120.3%)
2026-06-01 02:30:26.762 - aiperf.metrics.types.osl_mismatch_metrics - WARNING - OSL mismatch: got 500 tokens (requested 452, diff 10.6%)
2026-06-01 02:30:26.772 - aiperf.metrics.types.osl_mismatch_metrics - WARNING - OSL mismatch: got 500 tokens (requested 14, diff 3471.4%)
2026-06-01 02:30:26.884 - aiperf.metrics.types.osl_mismatch_metrics - WARNING - OSL mismatch: got 499 tokens (requested 287, diff 73.9%)
2026-06-01 02:30:26.981 - aiperf.metrics.types.osl_mismatch_metrics - WARNING - OSL mismatch: got 51 tokens (requested 18, diff 183.3%)
2026-06-01 02:30:27.016 - aiperf.metrics.types.osl_mismatch_metrics - WARNING - OSL mismatch: got 19 tokens (requested 38, diff -50.0%)
2026-06-01 02:30:27.031 - aiperf.metrics.types.osl_mismatch_metrics - WARNING - OSL mismatch: got 222 tokens (requested 158, diff 40.5%)
2026-06-01 02:30:27.133 - aiperf.metrics.types.osl_mismatch_metrics - WARNING - OSL mismatch: got 499 tokens (requested 59, diff 745.8%)
2026-06-01 02:30:27.147 - aiperf.metrics.types.osl_mismatch_metrics - WARNING - OSL mismatch: got 500 tokens (requested 376, diff 33.0%)
2026-06-01 02:30:27.169 - aiperf.metrics.types.osl_mismatch_metrics - WARNING - OSL mismatch: got 500 tokens (requested 391, diff 27.9%)
2026-06-01 02:30:27.352 - aiperf.metrics.types.osl_mismatch_metrics - WARNING - OSL mismatch: got 500 tokens (requested 146, diff 242.5%)
2026-06-01 02:30:27.427 - aiperf.metrics.types.osl_mismatch_metrics - WARNING - OSL mismatch: got 500 tokens (requested 416, diff 20.2%)
2026-06-01 02:30:27.430 - aiperf.metrics.types.osl_mismatch_metrics - WARNING - OSL mismatch: got 500 tokens (requested 785, diff -36.3%)
2026-06-01 02:30:27.515 - aiperf.metrics.types.osl_mismatch_metrics - WARNING - OSL mismatch: got 498 tokens (requested 55, diff 805.5%)
2026-06-01 02:30:27.517 - aiperf.metrics.types.osl_mismatch_metrics - WARNING - OSL mismatch: got 499 tokens (requested 360, diff 38.6%)
2026-06-01 02:30:27.549 - aiperf.metrics.types.osl_mismatch_metrics - WARNING - OSL mismatch: got 460 tokens (requested 23, diff 1900.0%)
2026-06-01 02:30:27.759 - aiperf.metrics.types.osl_mismatch_metrics - WARNING - OSL mismatch: got 500 tokens (requested 49, diff 920.4%)
2026-06-01 02:30:27.774 - aiperf.metrics.types.osl_mismatch_metrics - WARNING - OSL mismatch: got 500 tokens (requested 370, diff 35.1%)
2026-06-01 02:30:27.779 - aiperf.metrics.types.osl_mismatch_metrics - WARNING - OSL mismatch: got 21 tokens (requested 11, diff 90.9%)
2026-06-01 02:30:27.809 - aiperf.metrics.types.osl_mismatch_metrics - WARNING - OSL mismatch: got 500 tokens (requested 599, diff -16.5%)
2026-06-01 02:30:27.847 - aiperf.metrics.types.osl_mismatch_metrics - WARNING - OSL mismatch: got 500 tokens (requested 140, diff 257.1%)
2026-06-01 02:30:28.023 - aiperf.metrics.types.osl_mismatch_metrics - WARNING - OSL mismatch: got 500 tokens (requested 9, diff 5455.6%)
2026-06-01 02:30:28.046 - aiperf.metrics.types.osl_mismatch_metrics - WARNING - OSL mismatch: got 500 tokens (requested 232, diff 115.5%)
2026-06-01 02:30:28.058 - aiperf.metrics.types.osl_mismatch_metrics - WARNING - OSL mismatch: got 500 tokens (requested 239, diff 109.2%)
2026-06-01 02:30:28.233 - aiperf.metrics.types.osl_mismatch_metrics - WARNING - OSL mismatch: got 500 tokens (requested 4, diff 12400.0%)
2026-06-01 02:30:28.297 - aiperf.metrics.types.osl_mismatch_metrics - WARNING - OSL mismatch: got 500 tokens (requested 107, diff 367.3%)
2026-06-01 02:30:28.318 - aiperf.metrics.types.osl_mismatch_metrics - WARNING - OSL mismatch: got 500 tokens (requested 255, diff 96.1%)
2026-06-01 02:30:28.384 - aiperf.metrics.types.osl_mismatch_metrics - WARNING - OSL mismatch: got 500 tokens (requested 17, diff 2841.2%)
2026-06-01 02:30:28.393 - aiperf.metrics.types.osl_mismatch_metrics - WARNING - OSL mismatch: got 500 tokens (requested 351, diff 42.5%)
2026-06-01 02:30:28.483 - aiperf.metrics.types.osl_mismatch_metrics - WARNING - OSL mismatch: got 500 tokens (requested 777, diff -35.6%)
2026-06-01 02:30:28.495 - aiperf.metrics.types.osl_mismatch_metrics - WARNING - OSL mismatch: got 500 tokens (requested 372, diff 34.4%)
2026-06-01 02:30:28.501 - aiperf.metrics.types.osl_mismatch_metrics - WARNING - OSL mismatch: got 174 tokens (requested 110, diff 58.2%)
2026-06-01 02:30:28.530 - aiperf.metrics.types.osl_mismatch_metrics - WARNING - OSL mismatch: got 500 tokens (requested 329, diff 52.0%)
2026-06-01 02:30:28.553 - aiperf.metrics.types.osl_mismatch_metrics - WARNING - OSL mismatch: got 500 tokens (requested 443, diff 12.9%)
2026-06-01 02:30:28.574 - aiperf.metrics.types.osl_mismatch_metrics - WARNING - OSL mismatch: got 89 tokens (requested 17, diff 423.5%)
2026-06-01 02:30:28.630 - aiperf.metrics.types.osl_mismatch_metrics - WARNING - OSL mismatch: got 500 tokens (requested 5, diff 9900.0%)
2026-06-01 02:30:28.712 - aiperf.metrics.types.osl_mismatch_metrics - WARNING - OSL mismatch: got 500 tokens (requested 280, diff 78.6%)
2026-06-01 02:30:28.812 - aiperf.metrics.types.osl_mismatch_metrics - WARNING - OSL mismatch: got 500 tokens (requested 244, diff 104.9%)
2026-06-01 02:30:28.882 - aiperf.metrics.types.osl_mismatch_metrics - WARNING - OSL mismatch: got 318 tokens (requested 688, diff -53.8%)
2026-06-01 02:30:29.095 - aiperf.metrics.types.osl_mismatch_metrics - WARNING - OSL mismatch: got 500 tokens (requested 734, diff -31.9%)
2026-06-01 02:30:29.161 - aiperf.metrics.types.osl_mismatch_metrics - WARNING - OSL mismatch: got 500 tokens (requested 267, diff 87.3%)
2026-06-01 02:30:29.301 - aiperf.metrics.types.osl_mismatch_metrics - WARNING - OSL mismatch: got 500 tokens (requested 473, diff 5.7%)
2026-06-01 02:30:29.312 - aiperf.metrics.types.osl_mismatch_metrics - WARNING - OSL mismatch: got 354 tokens (requested 128, diff 176.6%)
2026-06-01 02:30:29.390 - aiperf.metrics.types.osl_mismatch_metrics - WARNING - OSL mismatch: got 500 tokens (requested 309, diff 61.8%)
2026-06-01 02:30:29.425 - aiperf.metrics.types.osl_mismatch_metrics - WARNING - OSL mismatch: got 252 tokens (requested 155, diff 62.6%)
2026-06-01 02:30:29.474 - aiperf.metrics.types.osl_mismatch_metrics - WARNING - OSL mismatch: got 410 tokens (requested 173, diff 137.0%)
2026-06-01 02:30:29.481 - aiperf.metrics.types.osl_mismatch_metrics - WARNING - OSL mismatch: got 500 tokens (requested 395, diff 26.6%)
2026-06-01 02:30:29.504 - aiperf.metrics.types.osl_mismatch_metrics - WARNING - OSL mismatch: got 500 tokens (requested 69, diff 624.6%)
2026-06-01 02:30:29.516 - aiperf.metrics.types.osl_mismatch_metrics - WARNING - OSL mismatch: got 500 tokens (requested 241, diff 107.5%)
2026-06-01 02:30:29.517 - aiperf.metrics.types.osl_mismatch_metrics - WARNING - OSL mismatch: got 500 tokens (requested 364, diff 37.4%)
2026-06-01 02:30:29.608 - aiperf.metrics.types.osl_mismatch_metrics - WARNING - OSL mismatch: got 500 tokens (requested 53, diff 843.4%)
2026-06-01 02:30:29.630 - aiperf.metrics.types.osl_mismatch_metrics - WARNING - OSL mismatch: got 500 tokens (requested 789, diff -36.6%)
2026-06-01 02:30:29.693 - aiperf.metrics.types.osl_mismatch_metrics - WARNING - OSL mismatch: got 500 tokens (requested 296, diff 68.9%)
2026-06-01 02:30:29.846 - aiperf.metrics.types.osl_mismatch_metrics - WARNING - OSL mismatch: got 500 tokens (requested 71, diff 604.2%)
2026-06-01 02:30:29.942 - aiperf.metrics.types.osl_mismatch_metrics - WARNING - OSL mismatch: got 302 tokens (requested 111, diff 172.1%)
2026-06-01 02:30:30.008 - aiperf.metrics.types.osl_mismatch_metrics - WARNING - OSL mismatch: got 500 tokens (requested 790, diff -36.7%)
2026-06-01 02:30:30.104 - aiperf.metrics.types.osl_mismatch_metrics - WARNING - OSL mismatch: got 241 tokens (requested 106, diff 127.4%)
2026-06-01 02:30:30.134 - aiperf.metrics.types.osl_mismatch_metrics - WARNING - OSL mismatch: got 500 tokens (requested 5, diff 9900.0%)
2026-06-01 02:30:30.145 - aiperf.metrics.types.osl_mismatch_metrics - WARNING - OSL mismatch: got 500 tokens (requested 719, diff -30.5%)
2026-06-01 02:30:30.215 - aiperf.metrics.types.osl_mismatch_metrics - WARNING - OSL mismatch: got 91 tokens (requested 45, diff 102.2%)
2026-06-01 02:30:30.247 - aiperf.metrics.types.osl_mismatch_metrics - WARNING - OSL mismatch: got 500 tokens (requested 34, diff 1370.6%)
2026-06-01 02:30:30.269 - aiperf.metrics.types.osl_mismatch_metrics - WARNING - OSL mismatch: got 404 tokens (requested 18, diff 2144.4%)
2026-06-01 02:30:30.457 - aiperf.metrics.types.osl_mismatch_metrics - WARNING - OSL mismatch: got 500 tokens (requested 784, diff -36.2%)
2026-06-01 02:30:30.498 - aiperf.metrics.types.osl_mismatch_metrics - WARNING - OSL mismatch: got 322 tokens (requested 350, diff -8.0%)
2026-06-01 02:30:30.602 - aiperf.metrics.types.osl_mismatch_metrics - WARNING - OSL mismatch: got 281 tokens (requested 7, diff 3914.3%)
2026-06-01 02:30:30.632 - aiperf.metrics.types.osl_mismatch_metrics - WARNING - OSL mismatch: got 500 tokens (requested 411, diff 21.7%)
2026-06-01 02:30:30.680 - aiperf.metrics.types.osl_mismatch_metrics - WARNING - OSL mismatch: got 500 tokens (requested 310, diff 61.3%)
2026-06-01 02:30:30.719 - aiperf.metrics.types.osl_mismatch_metrics - WARNING - OSL mismatch: got 357 tokens (requested 142, diff 151.4%)
2026-06-01 02:30:30.743 - aiperf.metrics.types.osl_mismatch_metrics - WARNING - OSL mismatch: got 240 tokens (requested 29, diff 727.6%)
2026-06-01 02:30:30.747 - aiperf.metrics.types.osl_mismatch_metrics - WARNING - OSL mismatch: got 500 tokens (requested 566, diff -11.7%)
2026-06-01 02:30:30.773 - aiperf.metrics.types.osl_mismatch_metrics - WARNING - OSL mismatch: got 500 tokens (requested 730, diff -31.5%)
2026-06-01 02:30:30.848 - aiperf.metrics.types.osl_mismatch_metrics - WARNING - OSL mismatch: got 500 tokens (requested 5, diff 9900.0%)
2026-06-01 02:30:31.002 - aiperf.metrics.types.osl_mismatch_metrics - WARNING - OSL mismatch: got 288 tokens (requested 375, diff -23.2%)
2026-06-01 02:30:31.037 - aiperf.metrics.types.osl_mismatch_metrics - WARNING - OSL mismatch: got 87 tokens (requested 41, diff 112.2%)
2026-06-01 02:30:31.039 - aiperf.metrics.types.osl_mismatch_metrics - WARNING - OSL mismatch: got 167 tokens (requested 131, diff 27.5%)
2026-06-01 02:30:31.043 - aiperf.metrics.types.osl_mismatch_metrics - WARNING - OSL mismatch: got 500 tokens (requested 231, diff 116.5%)
2026-06-01 02:30:31.044 - aiperf.metrics.types.osl_mismatch_metrics - WARNING - OSL mismatch: got 500 tokens (requested 6, diff 8233.3%)
2026-06-01 02:30:31.086 - aiperf.metrics.types.osl_mismatch_metrics - WARNING - OSL mismatch: got 10 tokens (requested 157, diff -93.6%)
2026-06-01 02:30:31.133 - aiperf.metrics.types.osl_mismatch_metrics - WARNING - OSL mismatch: got 500 tokens (requested 9, diff 5455.6%)
2026-06-01 02:30:31.143 - aiperf.metrics.types.osl_mismatch_metrics - WARNING - OSL mismatch: got 500 tokens (requested 288, diff 73.6%)
2026-06-01 02:30:31.192 - aiperf.metrics.types.osl_mismatch_metrics - WARNING - OSL mismatch: got 298 tokens (requested 73, diff 308.2%)
2026-06-01 02:30:31.196 - aiperf.metrics.types.osl_mismatch_metrics - WARNING - OSL mismatch: got 500 tokens (requested 224, diff 123.2%)
2026-06-01 02:30:31.234 - aiperf.metrics.types.osl_mismatch_metrics - WARNING - OSL mismatch: got 500 tokens (requested 195, diff 156.4%)
2026-06-01 02:30:31.270 - aiperf.metrics.types.osl_mismatch_metrics - WARNING - OSL mismatch: got 467 tokens (requested 76, diff 514.5%)
2026-06-01 02:30:31.305 - aiperf.metrics.types.osl_mismatch_metrics - WARNING - OSL mismatch: got 500 tokens (requested 597, diff -16.2%)
2026-06-01 02:30:31.335 - aiperf.metrics.types.osl_mismatch_metrics - WARNING - OSL mismatch: got 500 tokens (requested 4, diff 12400.0%)
2026-06-01 02:30:31.412 - aiperf.metrics.types.osl_mismatch_metrics - WARNING - OSL mismatch: got 500 tokens (requested 355, diff 40.8%)
2026-06-01 02:30:31.423 - aiperf.metrics.types.osl_mismatch_metrics - WARNING - OSL mismatch: got 500 tokens (requested 32, diff 1462.5%)
2026-06-01 02:30:31.499 - aiperf.metrics.types.osl_mismatch_metrics - WARNING - OSL mismatch: got 500 tokens (requested 444, diff 12.6%)
2026-06-01 02:30:31.578 - aiperf.metrics.types.osl_mismatch_metrics - WARNING - OSL mismatch: got 500 tokens (requested 31, diff 1512.9%)
2026-06-01 02:30:31.588 - aiperf.metrics.types.osl_mismatch_metrics - WARNING - OSL mismatch: got 500 tokens (requested 9, diff 5455.6%)
2026-06-01 02:30:31.588 - aiperf.metrics.types.osl_mismatch_metrics - WARNING - OSL mismatch: got 500 tokens (requested 8, diff 6150.0%)
2026-06-01 02:30:31.601 - aiperf.metrics.types.osl_mismatch_metrics - WARNING - OSL mismatch: got 500 tokens (requested 192, diff 160.4%)
2026-06-01 02:30:31.663 - aiperf.metrics.types.osl_mismatch_metrics - WARNING - OSL mismatch: got 500 tokens (requested 65, diff 669.2%)
2026-06-01 02:30:31.724 - aiperf.metrics.types.osl_mismatch_metrics - WARNING - OSL mismatch: got 500 tokens (requested 28, diff 1685.7%)
2026-06-01 02:30:31.762 - aiperf.metrics.types.osl_mismatch_metrics - WARNING - OSL mismatch: got 500 tokens (requested 17, diff 2841.2%)
2026-06-01 02:30:31.838 - aiperf.metrics.types.osl_mismatch_metrics - WARNING - OSL mismatch: got 500 tokens (requested 268, diff 86.6%)
2026-06-01 02:30:31.913 - aiperf.metrics.types.osl_mismatch_metrics - WARNING - OSL mismatch: got 490 tokens (requested 373, diff 31.4%)
2026-06-01 02:30:31.995 - aiperf.metrics.types.osl_mismatch_metrics - WARNING - OSL mismatch: got 380 tokens (requested 851, diff -55.3%)
2026-06-01 02:30:32.015 - aiperf.metrics.types.osl_mismatch_metrics - WARNING - OSL mismatch: got 500 tokens (requested 24, diff 1983.3%)
2026-06-01 02:30:32.027 - aiperf.metrics.types.osl_mismatch_metrics - WARNING - OSL mismatch: got 500 tokens (requested 22, diff 2172.7%)
2026-06-01 02:30:32.102 - aiperf.metrics.types.osl_mismatch_metrics - WARNING - OSL mismatch: got 500 tokens (requested 272, diff 83.8%)
2026-06-01 02:30:32.117 - aiperf.metrics.types.osl_mismatch_metrics - WARNING - OSL mismatch: got 500 tokens (requested 10, diff 4900.0%)
2026-06-01 02:30:32.140 - aiperf.metrics.types.osl_mismatch_metrics - WARNING - OSL mismatch: got 482 tokens (requested 554, diff -13.0%)
2026-06-01 02:30:32.175 - aiperf.metrics.types.osl_mismatch_metrics - WARNING - OSL mismatch: got 500 tokens (requested 270, diff 85.2%)
2026-06-01 02:30:32.189 - aiperf.metrics.types.osl_mismatch_metrics - WARNING - OSL mismatch: got 500 tokens (requested 65, diff 669.2%)
2026-06-01 02:30:32.201 - aiperf.metrics.types.osl_mismatch_metrics - WARNING - OSL mismatch: got 500 tokens (requested 99, diff 405.1%)
2026-06-01 02:30:32.202 - aiperf.metrics.types.osl_mismatch_metrics - WARNING - OSL mismatch: got 500 tokens (requested 40, diff 1150.0%)
2026-06-01 02:30:32.202 - aiperf.metrics.types.osl_mismatch_metrics - WARNING - OSL mismatch: got 500 tokens (requested 48, diff 941.7%)
2026-06-01 02:30:32.322 - aiperf.metrics.types.osl_mismatch_metrics - WARNING - OSL mismatch: got 500 tokens (requested 287, diff 74.2%)
2026-06-01 02:30:32.326 - aiperf.metrics.types.osl_mismatch_metrics - WARNING - OSL mismatch: got 500 tokens (requested 51, diff 880.4%)
2026-06-01 02:30:32.388 - aiperf.metrics.types.osl_mismatch_metrics - WARNING - OSL mismatch: got 500 tokens (requested 10, diff 4900.0%)
2026-06-01 02:30:32.424 - aiperf.metrics.types.osl_mismatch_metrics - WARNING - OSL mismatch: got 500 tokens (requested 279, diff 79.2%)
2026-06-01 02:30:32.436 - aiperf.metrics.types.osl_mismatch_metrics - WARNING - OSL mismatch: got 500 tokens (requested 226, diff 121.2%)
2026-06-01 02:30:32.461 - aiperf.metrics.types.osl_mismatch_metrics - WARNING - OSL mismatch: got 500 tokens (requested 13, diff 3746.2%)
2026-06-01 02:30:32.522 - aiperf.metrics.types.osl_mismatch_metrics - WARNING - OSL mismatch: got 159 tokens (requested 105, diff 51.4%)
2026-06-01 02:30:32.627 - aiperf.metrics.types.osl_mismatch_metrics - WARNING - OSL mismatch: got 500 tokens (requested 8, diff 6150.0%)
2026-06-01 02:30:32.664 - aiperf.metrics.types.osl_mismatch_metrics - WARNING - OSL mismatch: got 500 tokens (requested 354, diff 41.2%)
2026-06-01 02:30:32.699 - aiperf.metrics.types.osl_mismatch_metrics - WARNING - OSL mismatch: got 500 tokens (requested 250, diff 100.0%)
2026-06-01 02:30:32.815 - aiperf.metrics.types.osl_mismatch_metrics - WARNING - OSL mismatch: got 500 tokens (requested 186, diff 168.8%)
2026-06-01 02:30:32.840 - aiperf.metrics.types.osl_mismatch_metrics - WARNING - OSL mismatch: got 500 tokens (requested 244, diff 104.9%)
2026-06-01 02:30:32.853 - aiperf.metrics.types.osl_mismatch_metrics - WARNING - OSL mismatch: got 500 tokens (requested 32, diff 1462.5%)
2026-06-01 02:30:32.870 - aiperf.metrics.types.osl_mismatch_metrics - WARNING - OSL mismatch: got 76 tokens (requested 31, diff 145.2%)
2026-06-01 02:30:32.936 - aiperf.metrics.types.osl_mismatch_metrics - WARNING - OSL mismatch: got 500 tokens (requested 230, diff 117.4%)
2026-06-01 02:30:33.002 - aiperf.metrics.types.osl_mismatch_metrics - WARNING - OSL mismatch: got 500 tokens (requested 361, diff 38.5%)
2026-06-01 02:30:33.039 - aiperf.metrics.types.osl_mismatch_metrics - WARNING - OSL mismatch: got 500 tokens (requested 724, diff -30.9%)
2026-06-01 02:30:33.050 - aiperf.metrics.types.osl_mismatch_metrics - WARNING - OSL mismatch: got 500 tokens (requested 590, diff -15.3%)
2026-06-01 02:30:33.147 - aiperf.metrics.types.osl_mismatch_metrics - WARNING - OSL mismatch: got 500 tokens (requested 44, diff 1036.4%)
2026-06-01 02:30:33.169 - aiperf.metrics.types.osl_mismatch_metrics - WARNING - OSL mismatch: got 129 tokens (requested 400, diff -67.8%)
2026-06-01 02:30:33.181 - aiperf.metrics.types.osl_mismatch_metrics - WARNING - OSL mismatch: got 119 tokens (requested 130, diff -8.5%)
2026-06-01 02:30:33.222 - aiperf.metrics.types.osl_mismatch_metrics - WARNING - OSL mismatch: got 360 tokens (requested 429, diff -16.1%)
2026-06-01 02:30:33.232 - aiperf.metrics.types.osl_mismatch_metrics - WARNING - OSL mismatch: got 167 tokens (requested 100, diff 67.0%)
2026-06-01 02:30:33.235 - aiperf.metrics.types.osl_mismatch_metrics - WARNING - OSL mismatch: got 500 tokens (requested 308, diff 62.3%)
2026-06-01 02:30:33.335 - aiperf.metrics.types.osl_mismatch_metrics - WARNING - OSL mismatch: got 500 tokens (requested 4, diff 12400.0%)
2026-06-01 02:30:33.351 - aiperf.metrics.types.osl_mismatch_metrics - WARNING - OSL mismatch: got 500 tokens (requested 374, diff 33.7%)
2026-06-01 02:30:33.384 - aiperf.metrics.types.osl_mismatch_metrics - WARNING - OSL mismatch: got 500 tokens (requested 89, diff 461.8%)
2026-06-01 02:30:33.471 - aiperf.metrics.types.osl_mismatch_metrics - WARNING - OSL mismatch: got 500 tokens (requested 9, diff 5455.6%)
2026-06-01 02:30:33.485 - aiperf.metrics.types.osl_mismatch_metrics - WARNING - OSL mismatch: got 500 tokens (requested 303, diff 65.0%)
2026-06-01 02:30:33.494 - aiperf.metrics.types.osl_mismatch_metrics - WARNING - OSL mismatch: got 293 tokens (requested 84, diff 248.8%)
2026-06-01 02:30:33.518 - aiperf.metrics.types.osl_mismatch_metrics - WARNING - OSL mismatch: got 358 tokens (requested 209, diff 71.3%)
2026-06-01 02:30:33.651 - aiperf.metrics.types.osl_mismatch_metrics - WARNING - OSL mismatch: got 60 tokens (requested 48, diff 25.0%)
2026-06-01 02:30:33.671 - aiperf.metrics.types.osl_mismatch_metrics - WARNING - OSL mismatch: got 500 tokens (requested 5, diff 9900.0%)
2026-06-01 02:30:33.800 - aiperf.metrics.types.osl_mismatch_metrics - WARNING - OSL mismatch: got 138 tokens (requested 94, diff 46.8%)
2026-06-01 02:30:33.855 - aiperf.metrics.types.osl_mismatch_metrics - WARNING - OSL mismatch: got 500 tokens (requested 170, diff 194.1%)
2026-06-01 02:30:33.963 - aiperf.metrics.types.osl_mismatch_metrics - WARNING - OSL mismatch: got 500 tokens (requested 455, diff 9.9%)
2026-06-01 02:30:33.968 - aiperf.metrics.types.osl_mismatch_metrics - WARNING - OSL mismatch: got 500 tokens (requested 168, diff 197.6%)
2026-06-01 02:30:33.969 - aiperf.metrics.types.osl_mismatch_metrics - WARNING - OSL mismatch: got 500 tokens (requested 10, diff 4900.0%)
2026-06-01 02:30:33.993 - aiperf.metrics.types.osl_mismatch_metrics - WARNING - OSL mismatch: got 500 tokens (requested 149, diff 235.6%)
2026-06-01 02:30:34.004 - aiperf.metrics.types.osl_mismatch_metrics - WARNING - OSL mismatch: got 500 tokens (requested 136, diff 267.6%)
2026-06-01 02:30:34.090 - aiperf.metrics.types.osl_mismatch_metrics - WARNING - OSL mismatch: got 500 tokens (requested 382, diff 30.9%)
2026-06-01 02:30:34.194 - aiperf.metrics.types.osl_mismatch_metrics - WARNING - OSL mismatch: got 97 tokens (requested 31, diff 212.9%)
2026-06-01 02:30:34.277 - aiperf.metrics.types.osl_mismatch_metrics - WARNING - OSL mismatch: got 500 tokens (requested 11, diff 4445.5%)
2026-06-01 02:30:34.281 - aiperf.metrics.types.osl_mismatch_metrics - WARNING - OSL mismatch: got 7 tokens (requested 12, diff -41.7%)
2026-06-01 02:30:34.397 - aiperf.metrics.types.osl_mismatch_metrics - WARNING - OSL mismatch: got 258 tokens (requested 1003, diff -74.3%)
2026-06-01 02:30:34.402 - aiperf.metrics.types.osl_mismatch_metrics - WARNING - OSL mismatch: got 500 tokens (requested 282, diff 77.3%)
2026-06-01 02:30:34.584 - aiperf.metrics.types.osl_mismatch_metrics - WARNING - OSL mismatch: got 500 tokens (requested 13, diff 3746.2%)
2026-06-01 02:30:34.598 - aiperf.metrics.types.osl_mismatch_metrics - WARNING - OSL mismatch: got 500 tokens (requested 79, diff 532.9%)
2026-06-01 02:30:34.600 - aiperf.metrics.types.osl_mismatch_metrics - WARNING - OSL mismatch: got 500 tokens (requested 59, diff 747.5%)
2026-06-01 02:30:34.751 - aiperf.metrics.types.osl_mismatch_metrics - WARNING - OSL mismatch: got 500 tokens (requested 443, diff 12.9%)
2026-06-01 02:30:34.763 - aiperf.metrics.types.osl_mismatch_metrics - WARNING - OSL mismatch: got 500 tokens (requested 233, diff 114.6%)
2026-06-01 02:30:34.800 - aiperf.metrics.types.osl_mismatch_metrics - WARNING - OSL mismatch: got 343 tokens (requested 90, diff 281.1%)
2026-06-01 02:30:34.826 - aiperf.metrics.types.osl_mismatch_metrics - WARNING - OSL mismatch: got 500 tokens (requested 195, diff 156.4%)
2026-06-01 02:30:34.979 - aiperf.metrics.types.osl_mismatch_metrics - WARNING - OSL mismatch: got 500 tokens (requested 66, diff 657.6%)
2026-06-01 02:30:34.990 - aiperf.metrics.types.osl_mismatch_metrics - WARNING - OSL mismatch: got 500 tokens (requested 304, diff 64.5%)
2026-06-01 02:30:35.091 - aiperf.metrics.types.osl_mismatch_metrics - WARNING - OSL mismatch: got 500 tokens (requested 639, diff -21.8%)
2026-06-01 02:30:35.164 - aiperf.metrics.types.osl_mismatch_metrics - WARNING - OSL mismatch: got 500 tokens (requested 10, diff 4900.0%)
2026-06-01 02:30:35.175 - aiperf.metrics.types.osl_mismatch_metrics - WARNING - OSL mismatch: got 500 tokens (requested 156, diff 220.5%)
2026-06-01 02:30:35.179 - aiperf.metrics.types.osl_mismatch_metrics - WARNING - OSL mismatch: got 500 tokens (requested 261, diff 91.6%)
2026-06-01 02:30:35.179 - aiperf.metrics.types.osl_mismatch_metrics - WARNING - OSL mismatch: got 500 tokens (requested 306, diff 63.4%)
2026-06-01 02:30:35.189 - aiperf.metrics.types.osl_mismatch_metrics - WARNING - OSL mismatch: got 500 tokens (requested 5, diff 9900.0%)
2026-06-01 02:30:35.239 - aiperf.metrics.types.osl_mismatch_metrics - WARNING - OSL mismatch: got 500 tokens (requested 223, diff 124.2%)
2026-06-01 02:30:35.252 - aiperf.metrics.types.osl_mismatch_metrics - WARNING - OSL mismatch: got 500 tokens (requested 376, diff 33.0%)
2026-06-01 02:30:35.253 - aiperf.metrics.types.osl_mismatch_metrics - WARNING - OSL mismatch: got 500 tokens (requested 10, diff 4900.0%)
2026-06-01 02:30:35.276 - aiperf.metrics.types.osl_mismatch_metrics - WARNING - OSL mismatch: got 500 tokens (requested 14, diff 3471.4%)
2026-06-01 02:30:35.288 - aiperf.metrics.types.osl_mismatch_metrics - WARNING - OSL mismatch: got 500 tokens (requested 422, diff 18.5%)
2026-06-01 02:30:35.302 - aiperf.metrics.types.osl_mismatch_metrics - WARNING - OSL mismatch: got 493 tokens (requested 7, diff 6942.9%)
2026-06-01 02:30:35.338 - aiperf.metrics.types.osl_mismatch_metrics - WARNING - OSL mismatch: got 500 tokens (requested 14, diff 3471.4%)
2026-06-01 02:30:35.362 - aiperf.metrics.types.osl_mismatch_metrics - WARNING - OSL mismatch: got 500 tokens (requested 329, diff 52.0%)
2026-06-01 02:30:35.423 - aiperf.metrics.types.osl_mismatch_metrics - WARNING - OSL mismatch: got 376 tokens (requested 51, diff 637.3%)
2026-06-01 02:30:35.587 - aiperf.metrics.types.osl_mismatch_metrics - WARNING - OSL mismatch: got 500 tokens (requested 274, diff 82.5%)
2026-06-01 02:30:35.637 - aiperf.metrics.types.osl_mismatch_metrics - WARNING - OSL mismatch: got 500 tokens (requested 60, diff 733.3%)
2026-06-01 02:30:35.654 - aiperf.metrics.types.osl_mismatch_metrics - WARNING - OSL mismatch: got 500 tokens (requested 13, diff 3746.2%)
2026-06-01 02:30:35.678 - aiperf.metrics.types.osl_mismatch_metrics - WARNING - OSL mismatch: got 500 tokens (requested 4, diff 12400.0%)
2026-06-01 02:30:35.727 - aiperf.metrics.types.osl_mismatch_metrics - WARNING - OSL mismatch: got 500 tokens (requested 4, diff 12400.0%)
2026-06-01 02:30:35.738 - aiperf.metrics.types.osl_mismatch_metrics - WARNING - OSL mismatch: got 500 tokens (requested 24, diff 1983.3%)
2026-06-01 02:30:35.775 - aiperf.metrics.types.osl_mismatch_metrics - WARNING - OSL mismatch: got 383 tokens (requested 133, diff 188.0%)
2026-06-01 02:30:35.788 - aiperf.metrics.types.osl_mismatch_metrics - WARNING - OSL mismatch: got 500 tokens (requested 769, diff -35.0%)
2026-06-01 02:30:35.911 - aiperf.metrics.types.osl_mismatch_metrics - WARNING - OSL mismatch: got 370 tokens (requested 133, diff 178.2%)
2026-06-01 02:30:35.964 - aiperf.metrics.types.osl_mismatch_metrics - WARNING - OSL mismatch: got 500 tokens (requested 7, diff 7042.9%)
2026-06-01 02:30:35.975 - aiperf.metrics.types.osl_mismatch_metrics - WARNING - OSL mismatch: got 500 tokens (requested 16, diff 3025.0%)
2026-06-01 02:30:36.102 - aiperf.metrics.types.osl_mismatch_metrics - WARNING - OSL mismatch: got 500 tokens (requested 137, diff 265.0%)
2026-06-01 02:30:36.122 - aiperf.metrics.types.osl_mismatch_metrics - WARNING - OSL mismatch: got 84 tokens (requested 28, diff 200.0%)
2026-06-01 02:30:36.127 - aiperf.metrics.types.osl_mismatch_metrics - WARNING - OSL mismatch: got 454 tokens (requested 335, diff 35.5%)
2026-06-01 02:30:36.200 - aiperf.metrics.types.osl_mismatch_metrics - WARNING - OSL mismatch: got 500 tokens (requested 45, diff 1011.1%)
2026-06-01 02:30:36.226 - aiperf.metrics.types.osl_mismatch_metrics - WARNING - OSL mismatch: got 500 tokens (requested 24, diff 1983.3%)
2026-06-01 02:30:36.313 - aiperf.metrics.types.osl_mismatch_metrics - WARNING - OSL mismatch: got 489 tokens (requested 27, diff 1711.1%)
2026-06-01 02:30:36.316 - aiperf.metrics.types.osl_mismatch_metrics - WARNING - OSL mismatch: got 500 tokens (requested 390, diff 28.2%)
2026-06-01 02:30:36.374 - aiperf.metrics.types.osl_mismatch_metrics - WARNING - OSL mismatch: got 500 tokens (requested 12, diff 4066.7%)
2026-06-01 02:30:36.388 - aiperf.metrics.types.osl_mismatch_metrics - WARNING - OSL mismatch: got 500 tokens (requested 4, diff 12400.0%)
2026-06-01 02:30:36.448 - aiperf.metrics.types.osl_mismatch_metrics - WARNING - OSL mismatch: got 500 tokens (requested 34, diff 1370.6%)
2026-06-01 02:30:36.448 - aiperf.metrics.types.osl_mismatch_metrics - WARNING - OSL mismatch: got 500 tokens (requested 776, diff -35.6%)
2026-06-01 02:30:36.556 - aiperf.metrics.types.osl_mismatch_metrics - WARNING - OSL mismatch: got 405 tokens (requested 145, diff 179.3%)
2026-06-01 02:30:36.622 - aiperf.metrics.types.osl_mismatch_metrics - WARNING - OSL mismatch: got 500 tokens (requested 28, diff 1685.7%)
2026-06-01 02:30:36.684 - aiperf.metrics.types.osl_mismatch_metrics - WARNING - OSL mismatch: got 500 tokens (requested 54, diff 825.9%)
2026-06-01 02:30:36.707 - aiperf.metrics.types.osl_mismatch_metrics - WARNING - OSL mismatch: got 500 tokens (requested 154, diff 224.7%)
2026-06-01 02:30:36.741 - aiperf.metrics.types.osl_mismatch_metrics - WARNING - OSL mismatch: got 226 tokens (requested 60, diff 276.7%)
2026-06-01 02:30:36.757 - aiperf.metrics.types.osl_mismatch_metrics - WARNING - OSL mismatch: got 473 tokens (requested 11, diff 4200.0%)
2026-06-01 02:30:36.770 - aiperf.metrics.types.osl_mismatch_metrics - WARNING - OSL mismatch: got 500 tokens (requested 10, diff 4900.0%)
2026-06-01 02:30:36.775 - aiperf.metrics.types.osl_mismatch_metrics - WARNING - OSL mismatch: got 81 tokens (requested 93, diff -12.9%)
2026-06-01 02:30:36.798 - aiperf.metrics.types.osl_mismatch_metrics - WARNING - OSL mismatch: got 500 tokens (requested 16, diff 3025.0%)
2026-06-01 02:30:36.808 - aiperf.metrics.types.osl_mismatch_metrics - WARNING - OSL mismatch: got 500 tokens (requested 24, diff 1983.3%)
2026-06-01 02:30:36.880 - aiperf.metrics.types.osl_mismatch_metrics - WARNING - OSL mismatch: got 500 tokens (requested 14, diff 3471.4%)
2026-06-01 02:30:36.953 - aiperf.metrics.types.osl_mismatch_metrics - WARNING - OSL mismatch: got 187 tokens (requested 148, diff 26.4%)
2026-06-01 02:30:36.958 - aiperf.metrics.types.osl_mismatch_metrics - WARNING - OSL mismatch: got 500 tokens (requested 18, diff 2677.8%)
2026-06-01 02:30:37.214 - aiperf.metrics.types.osl_mismatch_metrics - WARNING - OSL mismatch: got 500 tokens (requested 341, diff 46.6%)
2026-06-01 02:30:37.304 - aiperf.metrics.types.osl_mismatch_metrics - WARNING - OSL mismatch: got 500 tokens (requested 11, diff 4445.5%)
2026-06-01 02:30:37.329 - aiperf.metrics.types.osl_mismatch_metrics - WARNING - OSL mismatch: got 500 tokens (requested 157, diff 218.5%)
2026-06-01 02:30:37.415 - aiperf.metrics.types.osl_mismatch_metrics - WARNING - OSL mismatch: got 500 tokens (requested 188, diff 166.0%)
2026-06-01 02:30:37.576 - aiperf.metrics.types.osl_mismatch_metrics - WARNING - OSL mismatch: got 500 tokens (requested 297, diff 68.4%)
2026-06-01 02:30:37.624 - aiperf.metrics.types.osl_mismatch_metrics - WARNING - OSL mismatch: got 500 tokens (requested 311, diff 60.8%)
2026-06-01 02:30:37.735 - aiperf.metrics.types.osl_mismatch_metrics - WARNING - OSL mismatch: got 500 tokens (requested 23, diff 2073.9%)
2026-06-01 02:30:37.774 - aiperf.metrics.types.osl_mismatch_metrics - WARNING - OSL mismatch: got 408 tokens (requested 302, diff 35.1%)
2026-06-01 02:30:37.843 - aiperf.metrics.types.osl_mismatch_metrics - WARNING - OSL mismatch: got 500 tokens (requested 23, diff 2073.9%)
2026-06-01 02:30:37.868 - aiperf.metrics.types.osl_mismatch_metrics - WARNING - OSL mismatch: got 500 tokens (requested 138, diff 262.3%)
2026-06-01 02:30:37.977 - aiperf.metrics.types.osl_mismatch_metrics - WARNING - OSL mismatch: got 500 tokens (requested 26, diff 1823.1%)
2026-06-01 02:30:38.090 - aiperf.metrics.types.osl_mismatch_metrics - WARNING - OSL mismatch: got 500 tokens (requested 18, diff 2677.8%)
2026-06-01 02:30:38.095 - aiperf.metrics.types.osl_mismatch_metrics - WARNING - OSL mismatch: got 154 tokens (requested 32, diff 381.2%)
2026-06-01 02:30:38.101 - aiperf.metrics.types.osl_mismatch_metrics - WARNING - OSL mismatch: got 500 tokens (requested 19, diff 2531.6%)
2026-06-01 02:30:38.112 - aiperf.metrics.types.osl_mismatch_metrics - WARNING - OSL mismatch: got 500 tokens (requested 215, diff 132.6%)
2026-06-01 02:30:38.239 - aiperf.metrics.types.osl_mismatch_metrics - WARNING - OSL mismatch: got 500 tokens (requested 256, diff 95.3%)
2026-06-01 02:30:38.338 - aiperf.metrics.types.osl_mismatch_metrics - WARNING - OSL mismatch: got 500 tokens (requested 257, diff 94.6%)
2026-06-01 02:30:38.387 - aiperf.metrics.types.osl_mismatch_metrics - WARNING - OSL mismatch: got 500 tokens (requested 5, diff 9900.0%)
2026-06-01 02:30:38.474 - aiperf.metrics.types.osl_mismatch_metrics - WARNING - OSL mismatch: got 500 tokens (requested 544, diff -8.1%)
2026-06-01 02:30:38.503 - aiperf.metrics.types.osl_mismatch_metrics - WARNING - OSL mismatch: got 500 tokens (requested 534, diff -6.4%)
2026-06-01 02:30:38.593 - aiperf.metrics.types.osl_mismatch_metrics - WARNING - OSL mismatch: got 500 tokens (requested 8, diff 6150.0%)
2026-06-01 02:30:38.729 - aiperf.metrics.types.osl_mismatch_metrics - WARNING - OSL mismatch: got 473 tokens (requested 217, diff 118.0%)
2026-06-01 02:30:38.874 - aiperf.metrics.types.osl_mismatch_metrics - WARNING - OSL mismatch: got 500 tokens (requested 121, diff 313.2%)
2026-06-01 02:30:39.010 - aiperf.metrics.types.osl_mismatch_metrics - WARNING - OSL mismatch: got 295 tokens (requested 465, diff -36.6%)
2026-06-01 02:30:39.040 - aiperf.metrics.types.osl_mismatch_metrics - WARNING - OSL mismatch: got 13 tokens (requested 433, diff -97.0%)
2026-06-01 02:30:39.100 - aiperf.metrics.types.osl_mismatch_metrics - WARNING - OSL mismatch: got 500 tokens (requested 345, diff 44.9%)
2026-06-01 02:30:39.268 - aiperf.metrics.types.osl_mismatch_metrics - WARNING - OSL mismatch: got 500 tokens (requested 12, diff 4066.7%)
2026-06-01 02:30:39.392 - aiperf.metrics.types.osl_mismatch_metrics - WARNING - OSL mismatch: got 430 tokens (requested 281, diff 53.0%)
2026-06-01 02:30:39.435 - aiperf.metrics.types.osl_mismatch_metrics - WARNING - OSL mismatch: got 500 tokens (requested 25, diff 1900.0%)
2026-06-01 02:30:39.452 - aiperf.metrics.types.osl_mismatch_metrics - WARNING - OSL mismatch: got 169 tokens (requested 193, diff -12.4%)
2026-06-01 02:30:39.572 - aiperf.metrics.types.osl_mismatch_metrics - WARNING - OSL mismatch: got 500 tokens (requested 16, diff 3025.0%)
2026-06-01 02:30:39.582 - aiperf.metrics.types.osl_mismatch_metrics - WARNING - OSL mismatch: got 500 tokens (requested 129, diff 287.6%)
2026-06-01 02:30:39.677 - aiperf.metrics.types.osl_mismatch_metrics - WARNING - OSL mismatch: got 500 tokens (requested 16, diff 3025.0%)
2026-06-01 02:30:39.820 - aiperf.metrics.types.osl_mismatch_metrics - WARNING - OSL mismatch: got 500 tokens (requested 9, diff 5455.6%)
2026-06-01 02:30:39.901 - aiperf.metrics.types.osl_mismatch_metrics - WARNING - OSL mismatch: got 22 tokens (requested 79, diff -72.2%)
2026-06-01 02:30:39.908 - aiperf.metrics.types.osl_mismatch_metrics - WARNING - OSL mismatch: got 500 tokens (requested 68, diff 635.3%)
2026-06-01 02:30:39.971 - aiperf.metrics.types.osl_mismatch_metrics - WARNING - OSL mismatch: got 500 tokens (requested 12, diff 4066.7%)
2026-06-01 02:30:39.980 - aiperf.metrics.types.osl_mismatch_metrics - WARNING - OSL mismatch: got 157 tokens (requested 94, diff 67.0%)
2026-06-01 02:30:39.985 - aiperf.metrics.types.osl_mismatch_metrics - WARNING - OSL mismatch: got 500 tokens (requested 15, diff 3233.3%)
2026-06-01 02:30:40.020 - aiperf.metrics.types.osl_mismatch_metrics - WARNING - OSL mismatch: got 500 tokens (requested 644, diff -22.4%)
2026-06-01 02:30:40.060 - aiperf.metrics.types.osl_mismatch_metrics - WARNING - OSL mismatch: got 500 tokens (requested 8, diff 6150.0%)
2026-06-01 02:30:40.064 - aiperf.metrics.types.osl_mismatch_metrics - WARNING - OSL mismatch: got 148 tokens (requested 118, diff 25.4%)
2026-06-01 02:30:40.185 - aiperf.metrics.types.osl_mismatch_metrics - WARNING - OSL mismatch: got 500 tokens (requested 254, diff 96.9%)
2026-06-01 02:30:40.197 - aiperf.metrics.types.osl_mismatch_metrics - WARNING - OSL mismatch: got 500 tokens (requested 11, diff 4445.5%)
2026-06-01 02:30:40.254 - aiperf.metrics.types.osl_mismatch_metrics - WARNING - OSL mismatch: got 109 tokens (requested 47, diff 131.9%)
2026-06-01 02:30:40.286 - aiperf.metrics.types.osl_mismatch_metrics - WARNING - OSL mismatch: got 500 tokens (requested 69, diff 624.6%)
2026-06-01 02:30:40.347 - aiperf.metrics.types.osl_mismatch_metrics - WARNING - OSL mismatch: got 500 tokens (requested 781, diff -36.0%)
2026-06-01 02:30:40.376 - aiperf.metrics.types.osl_mismatch_metrics - WARNING - OSL mismatch: got 500 tokens (requested 387, diff 29.2%)
2026-06-01 02:30:40.402 - aiperf.metrics.types.osl_mismatch_metrics - WARNING - OSL mismatch: got 489 tokens (requested 198, diff 147.0%)
2026-06-01 02:30:40.427 - aiperf.metrics.types.osl_mismatch_metrics - WARNING - OSL mismatch: got 467 tokens (requested 58, diff 705.2%)
2026-06-01 02:30:40.478 - aiperf.metrics.types.osl_mismatch_metrics - WARNING - OSL mismatch: got 500 tokens (requested 769, diff -35.0%)
2026-06-01 02:30:40.490 - aiperf.metrics.types.osl_mismatch_metrics - WARNING - OSL mismatch: got 500 tokens (requested 576, diff -13.2%)
2026-06-01 02:30:40.514 - aiperf.metrics.types.osl_mismatch_metrics - WARNING - OSL mismatch: got 225 tokens (requested 71, diff 216.9%)
2026-06-01 02:30:40.515 - aiperf.metrics.types.osl_mismatch_metrics - WARNING - OSL mismatch: got 500 tokens (requested 120, diff 316.7%)
2026-06-01 02:30:40.656 - aiperf.metrics.types.osl_mismatch_metrics - WARNING - OSL mismatch: got 500 tokens (requested 69, diff 624.6%)
2026-06-01 02:30:40.668 - aiperf.metrics.types.osl_mismatch_metrics - WARNING - OSL mismatch: got 500 tokens (requested 211, diff 137.0%)
2026-06-01 02:30:40.671 - aiperf.metrics.types.osl_mismatch_metrics - WARNING - OSL mismatch: got 500 tokens (requested 225, diff 122.2%)
2026-06-01 02:30:40.748 - aiperf.metrics.types.osl_mismatch_metrics - WARNING - OSL mismatch: got 500 tokens (requested 54, diff 825.9%)
2026-06-01 02:30:40.756 - aiperf.metrics.types.osl_mismatch_metrics - WARNING - OSL mismatch: got 500 tokens (requested 7, diff 7042.9%)
2026-06-01 02:30:40.769 - aiperf.metrics.types.osl_mismatch_metrics - WARNING - OSL mismatch: got 500 tokens (requested 323, diff 54.8%)
2026-06-01 02:30:40.801 - aiperf.metrics.types.osl_mismatch_metrics - WARNING - OSL mismatch: got 14 tokens (requested 24, diff -41.7%)
2026-06-01 02:30:40.820 - aiperf.metrics.types.osl_mismatch_metrics - WARNING - OSL mismatch: got 500 tokens (requested 8, diff 6150.0%)
2026-06-01 02:30:40.895 - aiperf.metrics.types.osl_mismatch_metrics - WARNING - OSL mismatch: got 321 tokens (requested 9, diff 3466.7%)
2026-06-01 02:30:40.962 - aiperf.metrics.types.osl_mismatch_metrics - WARNING - OSL mismatch: got 500 tokens (requested 368, diff 35.9%)
2026-06-01 02:30:40.962 - aiperf.metrics.types.osl_mismatch_metrics - WARNING - OSL mismatch: got 500 tokens (requested 48, diff 941.7%)
2026-06-01 02:30:40.983 - aiperf.metrics.types.osl_mismatch_metrics - WARNING - OSL mismatch: got 490 tokens (requested 202, diff 142.6%)
2026-06-01 02:30:41.063 - aiperf.metrics.types.osl_mismatch_metrics - WARNING - OSL mismatch: got 500 tokens (requested 40, diff 1150.0%)
2026-06-01 02:30:41.126 - aiperf.metrics.types.osl_mismatch_metrics - WARNING - OSL mismatch: got 500 tokens (requested 603, diff -17.1%)
2026-06-01 02:30:41.226 - aiperf.metrics.types.osl_mismatch_metrics - WARNING - OSL mismatch: got 500 tokens (requested 10, diff 4900.0%)
2026-06-01 02:30:41.238 - aiperf.metrics.types.osl_mismatch_metrics - WARNING - OSL mismatch: got 500 tokens (requested 206, diff 142.7%)
2026-06-01 02:30:41.288 - aiperf.metrics.types.osl_mismatch_metrics - WARNING - OSL mismatch: got 500 tokens (requested 283, diff 76.7%)
2026-06-01 02:30:41.300 - aiperf.metrics.types.osl_mismatch_metrics - WARNING - OSL mismatch: got 500 tokens (requested 262, diff 90.8%)
2026-06-01 02:30:41.567 - aiperf.metrics.types.osl_mismatch_metrics - WARNING - OSL mismatch: got 126 tokens (requested 35, diff 260.0%)
2026-06-01 02:30:41.731 - aiperf.metrics.types.osl_mismatch_metrics - WARNING - OSL mismatch: got 30 tokens (requested 15, diff 100.0%)
2026-06-01 02:30:41.738 - aiperf.metrics.types.osl_mismatch_metrics - WARNING - OSL mismatch: got 500 tokens (requested 15, diff 3233.3%)
2026-06-01 02:30:41.764 - aiperf.metrics.types.osl_mismatch_metrics - WARNING - OSL mismatch: got 500 tokens (requested 258, diff 93.8%)
2026-06-01 02:30:41.783 - aiperf.metrics.types.osl_mismatch_metrics - WARNING - OSL mismatch: got 46 tokens (requested 35, diff 31.4%)
2026-06-01 02:30:41.920 - aiperf.metrics.types.osl_mismatch_metrics - WARNING - OSL mismatch: got 500 tokens (requested 18, diff 2677.8%)
2026-06-01 02:30:41.945 - aiperf.metrics.types.osl_mismatch_metrics - WARNING - OSL mismatch: got 500 tokens (requested 9, diff 5455.6%)
2026-06-01 02:30:41.981 - aiperf.metrics.types.osl_mismatch_metrics - WARNING - OSL mismatch: got 300 tokens (requested 7, diff 4185.7%)
2026-06-01 02:30:41.990 - aiperf.metrics.types.osl_mismatch_metrics - WARNING - OSL mismatch: got 86 tokens (requested 16, diff 437.5%)
2026-06-01 02:30:41.996 - aiperf.metrics.types.osl_mismatch_metrics - WARNING - OSL mismatch: got 500 tokens (requested 325, diff 53.8%)
2026-06-01 02:30:42.073 - aiperf.metrics.types.osl_mismatch_metrics - WARNING - OSL mismatch: got 500 tokens (requested 17, diff 2841.2%)
2026-06-01 02:30:42.201 - aiperf.metrics.types.osl_mismatch_metrics - WARNING - OSL mismatch: got 500 tokens (requested 438, diff 14.2%)
2026-06-01 02:30:42.255 - aiperf.metrics.types.osl_mismatch_metrics - WARNING - OSL mismatch: got 500 tokens (requested 64, diff 681.2%)
2026-06-01 02:30:42.303 - aiperf.metrics.types.osl_mismatch_metrics - WARNING - OSL mismatch: got 209 tokens (requested 180, diff 16.1%)
2026-06-01 02:30:42.355 - aiperf.metrics.types.osl_mismatch_metrics - WARNING - OSL mismatch: got 500 tokens (requested 20, diff 2400.0%)
2026-06-01 02:30:42.357 - aiperf.metrics.types.osl_mismatch_metrics - WARNING - OSL mismatch: got 500 tokens (requested 767, diff -34.8%)
2026-06-01 02:30:42.394 - aiperf.metrics.types.osl_mismatch_metrics - WARNING - OSL mismatch: got 208 tokens (requested 146, diff 42.5%)
2026-06-01 02:30:42.451 - aiperf.metrics.types.osl_mismatch_metrics - WARNING - OSL mismatch: got 500 tokens (requested 13, diff 3746.2%)
2026-06-01 02:30:42.540 - aiperf.metrics.types.osl_mismatch_metrics - WARNING - OSL mismatch: got 500 tokens (requested 76, diff 557.9%)
2026-06-01 02:30:42.541 - aiperf.metrics.types.osl_mismatch_metrics - WARNING - OSL mismatch: got 500 tokens (requested 228, diff 119.3%)
2026-06-01 02:30:42.550 - aiperf.metrics.types.osl_mismatch_metrics - WARNING - OSL mismatch: got 500 tokens (requested 6, diff 8233.3%)
2026-06-01 02:30:42.565 - aiperf.metrics.types.osl_mismatch_metrics - WARNING - OSL mismatch: got 500 tokens (requested 370, diff 35.1%)
2026-06-01 02:30:42.616 - aiperf.metrics.types.osl_mismatch_metrics - WARNING - OSL mismatch: got 500 tokens (requested 182, diff 174.7%)
2026-06-01 02:30:42.693 - aiperf.metrics.types.osl_mismatch_metrics - WARNING - OSL mismatch: got 500 tokens (requested 216, diff 131.5%)
2026-06-01 02:30:42.727 - aiperf.metrics.types.osl_mismatch_metrics - WARNING - OSL mismatch: got 500 tokens (requested 138, diff 262.3%)
2026-06-01 02:30:42.752 - aiperf.metrics.types.osl_mismatch_metrics - WARNING - OSL mismatch: got 500 tokens (requested 435, diff 14.9%)
2026-06-01 02:30:42.819 - aiperf.metrics.types.osl_mismatch_metrics - WARNING - OSL mismatch: got 366 tokens (requested 224, diff 63.4%)
2026-06-01 02:30:42.846 - aiperf.metrics.types.osl_mismatch_metrics - WARNING - OSL mismatch: got 500 tokens (requested 319, diff 56.7%)
2026-06-01 02:30:42.895 - aiperf.metrics.types.osl_mismatch_metrics - WARNING - OSL mismatch: got 500 tokens (requested 143, diff 249.7%)
2026-06-01 02:30:42.911 - aiperf.metrics.types.osl_mismatch_metrics - WARNING - OSL mismatch: got 500 tokens (requested 617, diff -19.0%)
2026-06-01 02:30:42.936 - aiperf.metrics.types.osl_mismatch_metrics - WARNING - OSL mismatch: got 357 tokens (requested 248, diff 44.0%)
2026-06-01 02:30:42.961 - aiperf.metrics.types.osl_mismatch_metrics - WARNING - OSL mismatch: got 500 tokens (requested 267, diff 87.3%)
2026-06-01 02:30:43.040 - aiperf.metrics.types.osl_mismatch_metrics - WARNING - OSL mismatch: got 500 tokens (requested 291, diff 71.8%)
2026-06-01 02:30:43.157 - aiperf.metrics.types.osl_mismatch_metrics - WARNING - OSL mismatch: got 500 tokens (requested 6, diff 8233.3%)
2026-06-01 02:30:43.166 - aiperf.metrics.types.osl_mismatch_metrics - WARNING - OSL mismatch: got 201 tokens (requested 25, diff 704.0%)
2026-06-01 02:30:43.246 - aiperf.metrics.types.osl_mismatch_metrics - WARNING - OSL mismatch: got 500 tokens (requested 331, diff 51.1%)
2026-06-01 02:30:43.278 - aiperf.metrics.types.osl_mismatch_metrics - WARNING - OSL mismatch: got 500 tokens (requested 413, diff 21.1%)
2026-06-01 02:30:43.317 - aiperf.metrics.types.osl_mismatch_metrics - WARNING - OSL mismatch: got 500 tokens (requested 110, diff 354.5%)
2026-06-01 02:30:43.331 - aiperf.metrics.types.osl_mismatch_metrics - WARNING - OSL mismatch: got 456 tokens (requested 561, diff -18.7%)
2026-06-01 02:30:43.383 - aiperf.metrics.types.osl_mismatch_metrics - WARNING - OSL mismatch: got 500 tokens (requested 545, diff -8.3%)
2026-06-01 02:30:43.546 - aiperf.metrics.types.osl_mismatch_metrics - WARNING - OSL mismatch: got 205 tokens (requested 21, diff 876.2%)
2026-06-01 02:30:43.550 - aiperf.metrics.types.osl_mismatch_metrics - WARNING - OSL mismatch: got 465 tokens (requested 261, diff 78.2%)
2026-06-01 02:30:43.665 - aiperf.metrics.types.osl_mismatch_metrics - WARNING - OSL mismatch: got 162 tokens (requested 66, diff 145.5%)
2026-06-01 02:30:43.695 - aiperf.metrics.types.osl_mismatch_metrics - WARNING - OSL mismatch: got 500 tokens (requested 772, diff -35.2%)
2026-06-01 02:30:43.696 - aiperf.metrics.types.osl_mismatch_metrics - WARNING - OSL mismatch: got 500 tokens (requested 90, diff 455.6%)
2026-06-01 02:30:43.722 - aiperf.metrics.types.osl_mismatch_metrics - WARNING - OSL mismatch: got 500 tokens (requested 440, diff 13.6%)
2026-06-01 02:30:43.757 - aiperf.metrics.types.osl_mismatch_metrics - WARNING - OSL mismatch: got 500 tokens (requested 4, diff 12400.0%)
2026-06-01 02:30:43.903 - aiperf.metrics.types.osl_mismatch_metrics - WARNING - OSL mismatch: got 500 tokens (requested 120, diff 316.7%)
2026-06-01 02:30:43.903 - aiperf.metrics.types.osl_mismatch_metrics - WARNING - OSL mismatch: got 500 tokens (requested 294, diff 70.1%)
2026-06-01 02:30:43.975 - aiperf.metrics.types.osl_mismatch_metrics - WARNING - OSL mismatch: got 185 tokens (requested 114, diff 62.3%)
2026-06-01 02:30:43.975 - aiperf.metrics.types.osl_mismatch_metrics - WARNING - OSL mismatch: got 268 tokens (requested 238, diff 12.6%)
2026-06-01 02:30:43.992 - aiperf.metrics.types.osl_mismatch_metrics - WARNING - OSL mismatch: got 500 tokens (requested 10, diff 4900.0%)
2026-06-01 02:30:44.067 - aiperf.metrics.types.osl_mismatch_metrics - WARNING - OSL mismatch: got 500 tokens (requested 32, diff 1462.5%)
2026-06-01 02:30:44.077 - aiperf.metrics.types.osl_mismatch_metrics - WARNING - OSL mismatch: got 196 tokens (requested 606, diff -67.7%)
2026-06-01 02:30:44.198 - aiperf.metrics.types.osl_mismatch_metrics - WARNING - OSL mismatch: got 500 tokens (requested 14, diff 3471.4%)
2026-06-01 02:30:44.201 - aiperf.metrics.types.osl_mismatch_metrics - WARNING - OSL mismatch: got 265 tokens (requested 71, diff 273.2%)
2026-06-01 02:30:44.203 - aiperf.metrics.types.osl_mismatch_metrics - WARNING - OSL mismatch: got 500 tokens (requested 12, diff 4066.7%)
2026-06-01 02:30:44.248 - aiperf.metrics.types.osl_mismatch_metrics - WARNING - OSL mismatch: got 474 tokens (requested 148, diff 220.3%)
2026-06-01 02:30:44.284 - aiperf.metrics.types.osl_mismatch_metrics - WARNING - OSL mismatch: got 500 tokens (requested 53, diff 843.4%)
2026-06-01 02:30:44.296 - aiperf.metrics.types.osl_mismatch_metrics - WARNING - OSL mismatch: got 500 tokens (requested 146, diff 242.5%)
2026-06-01 02:30:44.299 - aiperf.metrics.types.osl_mismatch_metrics - WARNING - OSL mismatch: got 500 tokens (requested 56, diff 792.9%)
2026-06-01 02:30:44.312 - aiperf.metrics.types.osl_mismatch_metrics - WARNING - OSL mismatch: got 500 tokens (requested 136, diff 267.6%)
2026-06-01 02:30:44.350 - aiperf.metrics.types.osl_mismatch_metrics - WARNING - OSL mismatch: got 500 tokens (requested 254, diff 96.9%)
2026-06-01 02:30:44.350 - aiperf.metrics.types.osl_mismatch_metrics - WARNING - OSL mismatch: got 500 tokens (requested 31, diff 1512.9%)
2026-06-01 02:30:44.363 - aiperf.metrics.types.osl_mismatch_metrics - WARNING - OSL mismatch: got 500 tokens (requested 307, diff 62.9%)
2026-06-01 02:30:44.363 - aiperf.metrics.types.osl_mismatch_metrics - WARNING - OSL mismatch: got 500 tokens (requested 354, diff 41.2%)
2026-06-01 02:30:44.365 - aiperf.metrics.types.osl_mismatch_metrics - WARNING - OSL mismatch: got 500 tokens (requested 8, diff 6150.0%)
2026-06-01 02:30:44.522 - aiperf.metrics.types.osl_mismatch_metrics - WARNING - OSL mismatch: got 434 tokens (requested 407, diff 6.6%)
2026-06-01 02:30:44.540 - aiperf.metrics.types.osl_mismatch_metrics - WARNING - OSL mismatch: got 500 tokens (requested 17, diff 2841.2%)
2026-06-01 02:30:44.648 - aiperf.metrics.types.osl_mismatch_metrics - WARNING - OSL mismatch: got 425 tokens (requested 78, diff 444.9%)
2026-06-01 02:30:44.717 - aiperf.metrics.types.osl_mismatch_metrics - WARNING - OSL mismatch: got 500 tokens (requested 133, diff 275.9%)
2026-06-01 02:30:44.740 - aiperf.metrics.types.osl_mismatch_metrics - WARNING - OSL mismatch: got 500 tokens (requested 67, diff 646.3%)
2026-06-01 02:30:44.740 - aiperf.metrics.types.osl_mismatch_metrics - WARNING - OSL mismatch: got 500 tokens (requested 171, diff 192.4%)
2026-06-01 02:30:44.767 - aiperf.metrics.types.osl_mismatch_metrics - WARNING - OSL mismatch: got 500 tokens (requested 388, diff 28.9%)
2026-06-01 02:30:44.837 - aiperf.metrics.types.osl_mismatch_metrics - WARNING - OSL mismatch: got 245 tokens (requested 291, diff -15.8%)
2026-06-01 02:30:44.888 - aiperf.metrics.types.osl_mismatch_metrics - WARNING - OSL mismatch: got 107 tokens (requested 507, diff -78.9%)
2026-06-01 02:30:44.956 - aiperf.metrics.types.osl_mismatch_metrics - WARNING - OSL mismatch: got 497 tokens (requested 21, diff 2266.7%)
2026-06-01 02:30:44.958 - aiperf.metrics.types.osl_mismatch_metrics - WARNING - OSL mismatch: got 500 tokens (requested 777, diff -35.6%)
2026-06-01 02:30:45.015 - aiperf.metrics.types.osl_mismatch_metrics - WARNING - OSL mismatch: got 328 tokens (requested 21, diff 1461.9%)
2026-06-01 02:30:45.118 - aiperf.metrics.types.osl_mismatch_metrics - WARNING - OSL mismatch: got 500 tokens (requested 730, diff -31.5%)
2026-06-01 02:30:45.206 - aiperf.metrics.types.osl_mismatch_metrics - WARNING - OSL mismatch: got 500 tokens (requested 128, diff 290.6%)
2026-06-01 02:30:45.207 - aiperf.metrics.types.osl_mismatch_metrics - WARNING - OSL mismatch: got 500 tokens (requested 13, diff 3746.2%)
2026-06-01 02:30:45.281 - aiperf.metrics.types.osl_mismatch_metrics - WARNING - OSL mismatch: got 500 tokens (requested 5, diff 9900.0%)
2026-06-01 02:30:45.294 - aiperf.metrics.types.osl_mismatch_metrics - WARNING - OSL mismatch: got 500 tokens (requested 306, diff 63.4%)
2026-06-01 02:30:45.372 - aiperf.metrics.types.osl_mismatch_metrics - WARNING - OSL mismatch: got 500 tokens (requested 366, diff 36.6%)
2026-06-01 02:30:45.383 - aiperf.metrics.types.osl_mismatch_metrics - WARNING - OSL mismatch: got 500 tokens (requested 200, diff 150.0%)
2026-06-01 02:30:45.395 - aiperf.metrics.types.osl_mismatch_metrics - WARNING - OSL mismatch: got 500 tokens (requested 19, diff 2531.6%)
2026-06-01 02:30:45.417 - aiperf.metrics.types.osl_mismatch_metrics - WARNING - OSL mismatch: got 363 tokens (requested 243, diff 49.4%)
2026-06-01 02:30:45.458 - aiperf.metrics.types.osl_mismatch_metrics - WARNING - OSL mismatch: got 500 tokens (requested 12, diff 4066.7%)
2026-06-01 02:30:45.518 - aiperf.metrics.types.osl_mismatch_metrics - WARNING - OSL mismatch: got 447 tokens (requested 249, diff 79.5%)
2026-06-01 02:30:45.582 - aiperf.metrics.types.osl_mismatch_metrics - WARNING - OSL mismatch: got 500 tokens (requested 314, diff 59.2%)
2026-06-01 02:30:45.615 - aiperf.metrics.types.osl_mismatch_metrics - WARNING - OSL mismatch: got 23 tokens (requested 26, diff -11.5%)
2026-06-01 02:30:45.622 - aiperf.metrics.types.osl_mismatch_metrics - WARNING - OSL mismatch: got 500 tokens (requested 13, diff 3746.2%)
2026-06-01 02:30:45.664 - aiperf.metrics.types.osl_mismatch_metrics - WARNING - OSL mismatch: got 56 tokens (requested 5, diff 1020.0%)
2026-06-01 02:30:45.707 - aiperf.metrics.types.osl_mismatch_metrics - WARNING - OSL mismatch: got 500 tokens (requested 125, diff 300.0%)
2026-06-01 02:30:45.751 - aiperf.metrics.types.osl_mismatch_metrics - WARNING - OSL mismatch: got 19 tokens (requested 25, diff -24.0%)
2026-06-01 02:30:45.771 - aiperf.metrics.types.osl_mismatch_metrics - WARNING - OSL mismatch: got 500 tokens (requested 4, diff 12400.0%)
2026-06-01 02:30:45.833 - aiperf.metrics.types.osl_mismatch_metrics - WARNING - OSL mismatch: got 500 tokens (requested 20, diff 2400.0%)
2026-06-01 02:30:45.846 - aiperf.metrics.types.osl_mismatch_metrics - WARNING - OSL mismatch: got 500 tokens (requested 21, diff 2281.0%)
2026-06-01 02:30:45.896 - aiperf.metrics.types.osl_mismatch_metrics - WARNING - OSL mismatch: got 500 tokens (requested 182, diff 174.7%)
2026-06-01 02:30:45.911 - aiperf.metrics.types.osl_mismatch_metrics - WARNING - OSL mismatch: got 500 tokens (requested 19, diff 2531.6%)
2026-06-01 02:30:45.975 - aiperf.metrics.types.osl_mismatch_metrics - WARNING - OSL mismatch: got 39 tokens (requested 78, diff -50.0%)
2026-06-01 02:30:45.982 - aiperf.metrics.types.osl_mismatch_metrics - WARNING - OSL mismatch: got 500 tokens (requested 5, diff 9900.0%)
2026-06-01 02:30:46.009 - aiperf.metrics.types.osl_mismatch_metrics - WARNING - OSL mismatch: got 500 tokens (requested 542, diff -7.7%)
2026-06-01 02:30:46.093 - aiperf.metrics.types.osl_mismatch_metrics - WARNING - OSL mismatch: got 500 tokens (requested 20, diff 2400.0%)
2026-06-01 02:30:46.119 - aiperf.metrics.types.osl_mismatch_metrics - WARNING - OSL mismatch: got 500 tokens (requested 254, diff 96.9%)
2026-06-01 02:30:46.296 - aiperf.metrics.types.osl_mismatch_metrics - WARNING - OSL mismatch: got 500 tokens (requested 52, diff 861.5%)
2026-06-01 02:30:46.298 - aiperf.metrics.types.osl_mismatch_metrics - WARNING - OSL mismatch: got 9 tokens (requested 7, diff 28.6%)
2026-06-01 02:30:46.343 - aiperf.metrics.types.osl_mismatch_metrics - WARNING - OSL mismatch: got 500 tokens (requested 21, diff 2281.0%)
2026-06-01 02:30:46.348 - aiperf.metrics.types.osl_mismatch_metrics - WARNING - OSL mismatch: got 20 tokens (requested 12, diff 66.7%)
2026-06-01 02:30:46.356 - aiperf.metrics.types.osl_mismatch_metrics - WARNING - OSL mismatch: got 500 tokens (requested 325, diff 53.8%)
2026-06-01 02:30:46.418 - aiperf.metrics.types.osl_mismatch_metrics - WARNING - OSL mismatch: got 500 tokens (requested 5, diff 9900.0%)
2026-06-01 02:30:46.507 - aiperf.metrics.types.osl_mismatch_metrics - WARNING - OSL mismatch: got 500 tokens (requested 772, diff -35.2%)
2026-06-01 02:30:46.507 - aiperf.metrics.types.osl_mismatch_metrics - WARNING - OSL mismatch: got 500 tokens (requested 20, diff 2400.0%)
2026-06-01 02:30:46.654 - aiperf.metrics.types.osl_mismatch_metrics - WARNING - OSL mismatch: got 466 tokens (requested 99, diff 370.7%)
2026-06-01 02:30:46.704 - aiperf.metrics.types.osl_mismatch_metrics - WARNING - OSL mismatch: got 500 tokens (requested 40, diff 1150.0%)
2026-06-01 02:30:46.774 - aiperf.metrics.types.osl_mismatch_metrics - WARNING - OSL mismatch: got 4 tokens (requested 26, diff -84.6%)
2026-06-01 02:30:46.791 - aiperf.metrics.types.osl_mismatch_metrics - WARNING - OSL mismatch: got 500 tokens (requested 609, diff -17.9%)
2026-06-01 02:30:46.806 - aiperf.metrics.types.osl_mismatch_metrics - WARNING - OSL mismatch: got 500 tokens (requested 185, diff 170.3%)
2026-06-01 02:30:46.852 - aiperf.metrics.types.osl_mismatch_metrics - WARNING - OSL mismatch: got 342 tokens (requested 88, diff 288.6%)
2026-06-01 02:30:46.864 - aiperf.metrics.types.osl_mismatch_metrics - WARNING - OSL mismatch: got 500 tokens (requested 17, diff 2841.2%)
2026-06-01 02:30:46.867 - aiperf.metrics.types.osl_mismatch_metrics - WARNING - OSL mismatch: got 500 tokens (requested 304, diff 64.5%)
2026-06-01 02:30:46.880 - aiperf.metrics.types.osl_mismatch_metrics - WARNING - OSL mismatch: got 500 tokens (requested 299, diff 67.2%)
2026-06-01 02:30:46.880 - aiperf.metrics.types.osl_mismatch_metrics - WARNING - OSL mismatch: got 500 tokens (requested 256, diff 95.3%)
2026-06-01 02:30:46.930 - aiperf.metrics.types.osl_mismatch_metrics - WARNING - OSL mismatch: got 500 tokens (requested 35, diff 1328.6%)
2026-06-01 02:30:46.966 - aiperf.metrics.types.osl_mismatch_metrics - WARNING - OSL mismatch: got 500 tokens (requested 222, diff 125.2%)
2026-06-01 02:30:47.112 - aiperf.metrics.types.osl_mismatch_metrics - WARNING - OSL mismatch: got 500 tokens (requested 400, diff 25.0%)
2026-06-01 02:30:47.201 - aiperf.metrics.types.osl_mismatch_metrics - WARNING - OSL mismatch: got 500 tokens (requested 260, diff 92.3%)
2026-06-01 02:30:47.214 - aiperf.metrics.types.osl_mismatch_metrics - WARNING - OSL mismatch: got 500 tokens (requested 106, diff 371.7%)
2026-06-01 02:30:47.220 - aiperf.metrics.types.osl_mismatch_metrics - WARNING - OSL mismatch: got 6 tokens (requested 7, diff -14.3%)
2026-06-01 02:30:47.301 - aiperf.metrics.types.osl_mismatch_metrics - WARNING - OSL mismatch: got 500 tokens (requested 344, diff 45.3%)
2026-06-01 02:30:47.309 - aiperf.metrics.types.osl_mismatch_metrics - WARNING - OSL mismatch: got 225 tokens (requested 71, diff 216.9%)
2026-06-01 02:30:47.334 - aiperf.metrics.types.osl_mismatch_metrics - WARNING - OSL mismatch: got 107 tokens (requested 50, diff 114.0%)
2026-06-01 02:30:47.387 - aiperf.metrics.types.osl_mismatch_metrics - WARNING - OSL mismatch: got 447 tokens (requested 114, diff 292.1%)
2026-06-01 02:30:47.463 - aiperf.metrics.types.osl_mismatch_metrics - WARNING - OSL mismatch: got 425 tokens (requested 5, diff 8400.0%)
2026-06-01 02:30:47.492 - aiperf.metrics.types.osl_mismatch_metrics - WARNING - OSL mismatch: got 500 tokens (requested 5, diff 9900.0%)
2026-06-01 02:30:47.521 - aiperf.metrics.types.osl_mismatch_metrics - WARNING - OSL mismatch: got 164 tokens (requested 14, diff 1071.4%)
2026-06-01 02:30:47.553 - aiperf.metrics.types.osl_mismatch_metrics - WARNING - OSL mismatch: got 500 tokens (requested 16, diff 3025.0%)
2026-06-01 02:30:47.566 - aiperf.metrics.types.osl_mismatch_metrics - WARNING - OSL mismatch: got 500 tokens (requested 52, diff 861.5%)
2026-06-01 02:30:47.627 - aiperf.metrics.types.osl_mismatch_metrics - WARNING - OSL mismatch: got 461 tokens (requested 17, diff 2611.8%)
2026-06-01 02:30:47.843 - aiperf.metrics.types.osl_mismatch_metrics - WARNING - OSL mismatch: got 478 tokens (requested 182, diff 162.6%)
2026-06-01 02:30:47.890 - aiperf.metrics.types.osl_mismatch_metrics - WARNING - OSL mismatch: got 500 tokens (requested 257, diff 94.6%)
2026-06-01 02:30:47.909 - aiperf.metrics.types.osl_mismatch_metrics - WARNING - OSL mismatch: got 500 tokens (requested 175, diff 185.7%)
2026-06-01 02:30:47.921 - aiperf.metrics.types.osl_mismatch_metrics - WARNING - OSL mismatch: got 500 tokens (requested 416, diff 20.2%)
2026-06-01 02:30:47.933 - aiperf.metrics.types.osl_mismatch_metrics - WARNING - OSL mismatch: got 500 tokens (requested 226, diff 121.2%)
2026-06-01 02:30:47.960 - aiperf.metrics.types.osl_mismatch_metrics - WARNING - OSL mismatch: got 500 tokens (requested 52, diff 861.5%)
2026-06-01 02:30:48.061 - aiperf.metrics.types.osl_mismatch_metrics - WARNING - OSL mismatch: got 500 tokens (requested 13, diff 3746.2%)
2026-06-01 02:30:48.098 - aiperf.metrics.types.osl_mismatch_metrics - WARNING - OSL mismatch: got 500 tokens (requested 368, diff 35.9%)
2026-06-01 02:30:48.124 - aiperf.metrics.types.osl_mismatch_metrics - WARNING - OSL mismatch: got 500 tokens (requested 194, diff 157.7%)
2026-06-01 02:30:48.145 - aiperf.metrics.types.osl_mismatch_metrics - WARNING - OSL mismatch: got 123 tokens (requested 5, diff 2360.0%)
2026-06-01 02:30:48.163 - aiperf.metrics.types.osl_mismatch_metrics - WARNING - OSL mismatch: got 500 tokens (requested 267, diff 87.3%)
2026-06-01 02:30:48.211 - aiperf.metrics.types.osl_mismatch_metrics - WARNING - OSL mismatch: got 500 tokens (requested 160, diff 212.5%)
2026-06-01 02:30:48.235 - aiperf.metrics.types.osl_mismatch_metrics - WARNING - OSL mismatch: got 500 tokens (requested 16, diff 3025.0%)
2026-06-01 02:30:48.275 - aiperf.metrics.types.osl_mismatch_metrics - WARNING - OSL mismatch: got 500 tokens (requested 13, diff 3746.2%)
2026-06-01 02:30:48.401 - aiperf.metrics.types.osl_mismatch_metrics - WARNING - OSL mismatch: got 500 tokens (requested 195, diff 156.4%)
2026-06-01 02:30:48.427 - aiperf.metrics.types.osl_mismatch_metrics - WARNING - OSL mismatch: got 500 tokens (requested 137, diff 265.0%)
2026-06-01 02:30:48.615 - aiperf.metrics.types.osl_mismatch_metrics - WARNING - OSL mismatch: got 500 tokens (requested 252, diff 98.4%)
2026-06-01 02:30:48.617 - aiperf.metrics.types.osl_mismatch_metrics - WARNING - OSL mismatch: got 500 tokens (requested 48, diff 941.7%)
2026-06-01 02:30:48.635 - aiperf.metrics.types.osl_mismatch_metrics - WARNING - OSL mismatch: got 391 tokens (requested 111, diff 252.3%)
2026-06-01 02:30:48.652 - aiperf.metrics.types.osl_mismatch_metrics - WARNING - OSL mismatch: got 500 tokens (requested 37, diff 1251.4%)
2026-06-01 02:30:48.775 - aiperf.metrics.types.osl_mismatch_metrics - WARNING - OSL mismatch: got 500 tokens (requested 12, diff 4066.7%)
2026-06-01 02:30:48.783 - aiperf.metrics.types.osl_mismatch_metrics - WARNING - OSL mismatch: got 66 tokens (requested 38, diff 73.7%)
2026-06-01 02:30:48.791 - aiperf.metrics.types.osl_mismatch_metrics - WARNING - OSL mismatch: got 500 tokens (requested 571, diff -12.4%)
2026-06-01 02:30:48.852 - aiperf.metrics.types.osl_mismatch_metrics - WARNING - OSL mismatch: got 500 tokens (requested 337, diff 48.4%)
2026-06-01 02:30:48.928 - aiperf.metrics.types.osl_mismatch_metrics - WARNING - OSL mismatch: got 500 tokens (requested 13, diff 3746.2%)
2026-06-01 02:30:48.979 - aiperf.metrics.types.osl_mismatch_metrics - WARNING - OSL mismatch: got 500 tokens (requested 170, diff 194.1%)
2026-06-01 02:30:49.139 - aiperf.metrics.types.osl_mismatch_metrics - WARNING - OSL mismatch: got 500 tokens (requested 360, diff 38.9%)
2026-06-01 02:30:49.164 - aiperf.metrics.types.osl_mismatch_metrics - WARNING - OSL mismatch: got 392 tokens (requested 428, diff -8.4%)
2026-06-01 02:30:49.178 - aiperf.metrics.types.osl_mismatch_metrics - WARNING - OSL mismatch: got 500 tokens (requested 245, diff 104.1%)
2026-06-01 02:30:49.245 - aiperf.metrics.types.osl_mismatch_metrics - WARNING - OSL mismatch: got 242 tokens (requested 154, diff 57.1%)
2026-06-01 02:30:49.262 - aiperf.metrics.types.osl_mismatch_metrics - WARNING - OSL mismatch: got 500 tokens (requested 756, diff -33.9%)
2026-06-01 02:30:49.262 - aiperf.metrics.types.osl_mismatch_metrics - WARNING - OSL mismatch: got 500 tokens (requested 255, diff 96.1%)
2026-06-01 02:30:49.317 - aiperf.metrics.types.osl_mismatch_metrics - WARNING - OSL mismatch: got 112 tokens (requested 201, diff -44.3%)
2026-06-01 02:30:49.386 - aiperf.metrics.types.osl_mismatch_metrics - WARNING - OSL mismatch: got 500 tokens (requested 613, diff -18.4%)
2026-06-01 02:30:49.410 - aiperf.metrics.types.osl_mismatch_metrics - WARNING - OSL mismatch: got 500 tokens (requested 221, diff 126.2%)
2026-06-01 02:30:49.472 - aiperf.metrics.types.osl_mismatch_metrics - WARNING - OSL mismatch: got 500 tokens (requested 37, diff 1251.4%)
2026-06-01 02:30:49.532 - aiperf.metrics.types.osl_mismatch_metrics - WARNING - OSL mismatch: got 411 tokens (requested 331, diff 24.2%)
2026-06-01 02:30:49.611 - aiperf.metrics.types.osl_mismatch_metrics - WARNING - OSL mismatch: got 500 tokens (requested 18, diff 2677.8%)
2026-06-01 02:30:49.621 - aiperf.metrics.types.osl_mismatch_metrics - WARNING - OSL mismatch: got 500 tokens (requested 270, diff 85.2%)
2026-06-01 02:30:49.645 - aiperf.metrics.types.osl_mismatch_metrics - WARNING - OSL mismatch: got 405 tokens (requested 229, diff 76.9%)
2026-06-01 02:30:49.659 - aiperf.metrics.types.osl_mismatch_metrics - WARNING - OSL mismatch: got 500 tokens (requested 26, diff 1823.1%)
2026-06-01 02:30:49.671 - aiperf.metrics.types.osl_mismatch_metrics - WARNING - OSL mismatch: got 343 tokens (requested 195, diff 75.9%)
2026-06-01 02:30:49.682 - aiperf.metrics.types.osl_mismatch_metrics - WARNING - OSL mismatch: got 500 tokens (requested 27, diff 1751.9%)
2026-06-01 02:30:49.684 - aiperf.metrics.types.osl_mismatch_metrics - WARNING - OSL mismatch: got 500 tokens (requested 272, diff 83.8%)
2026-06-01 02:30:49.735 - aiperf.metrics.types.osl_mismatch_metrics - WARNING - OSL mismatch: got 500 tokens (requested 12, diff 4066.7%)
2026-06-01 02:30:49.903 - aiperf.metrics.types.osl_mismatch_metrics - WARNING - OSL mismatch: got 500 tokens (requested 156, diff 220.5%)
2026-06-01 02:30:49.914 - aiperf.metrics.types.osl_mismatch_metrics - WARNING - OSL mismatch: got 500 tokens (requested 6, diff 8233.3%)
2026-06-01 02:30:49.991 - aiperf.metrics.types.osl_mismatch_metrics - WARNING - OSL mismatch: got 500 tokens (requested 105, diff 376.2%)
2026-06-01 02:30:50.100 - aiperf.metrics.types.osl_mismatch_metrics - WARNING - OSL mismatch: got 500 tokens (requested 419, diff 19.3%)
2026-06-01 02:30:50.139 - aiperf.metrics.types.osl_mismatch_metrics - WARNING - OSL mismatch: got 500 tokens (requested 43, diff 1062.8%)
2026-06-01 02:30:50.146 - aiperf.metrics.types.osl_mismatch_metrics - WARNING - OSL mismatch: got 301 tokens (requested 120, diff 150.8%)
2026-06-01 02:30:50.206 - aiperf.metrics.types.osl_mismatch_metrics - WARNING - OSL mismatch: got 68 tokens (requested 121, diff -43.8%)
2026-06-01 02:30:50.264 - aiperf.metrics.types.osl_mismatch_metrics - WARNING - OSL mismatch: got 500 tokens (requested 129, diff 287.6%)
2026-06-01 02:30:50.265 - aiperf.metrics.types.osl_mismatch_metrics - WARNING - OSL mismatch: got 500 tokens (requested 63, diff 693.7%)
2026-06-01 02:30:50.299 - aiperf.metrics.types.osl_mismatch_metrics - WARNING - OSL mismatch: got 423 tokens (requested 37, diff 1043.2%)
2026-06-01 02:30:50.337 - aiperf.metrics.types.osl_mismatch_metrics - WARNING - OSL mismatch: got 500 tokens (requested 203, diff 146.3%)
2026-06-01 02:30:50.350 - aiperf.metrics.types.osl_mismatch_metrics - WARNING - OSL mismatch: got 500 tokens (requested 432, diff 15.7%)
2026-06-01 02:30:50.350 - aiperf.metrics.types.osl_mismatch_metrics - WARNING - OSL mismatch: got 500 tokens (requested 24, diff 1983.3%)
2026-06-01 02:30:50.364 - aiperf.metrics.types.osl_mismatch_metrics - WARNING - OSL mismatch: got 500 tokens (requested 358, diff 39.7%)
2026-06-01 02:30:50.536 - aiperf.metrics.types.osl_mismatch_metrics - WARNING - OSL mismatch: got 500 tokens (requested 317, diff 57.7%)
2026-06-01 02:30:50.551 - aiperf.metrics.types.osl_mismatch_metrics - WARNING - OSL mismatch: got 500 tokens (requested 444, diff 12.6%)
2026-06-01 02:30:50.682 - aiperf.metrics.types.osl_mismatch_metrics - WARNING - OSL mismatch: got 407 tokens (requested 223, diff 82.5%)
2026-06-01 02:30:50.697 - aiperf.metrics.types.osl_mismatch_metrics - WARNING - OSL mismatch: got 500 tokens (requested 41, diff 1119.5%)
2026-06-01 02:30:50.766 - aiperf.metrics.types.osl_mismatch_metrics - WARNING - OSL mismatch: got 500 tokens (requested 39, diff 1182.1%)
2026-06-01 02:30:50.771 - aiperf.metrics.types.osl_mismatch_metrics - WARNING - OSL mismatch: got 500 tokens (requested 34, diff 1370.6%)
2026-06-01 02:30:50.776 - aiperf.metrics.types.osl_mismatch_metrics - WARNING - OSL mismatch: got 46 tokens (requested 86, diff -46.5%)
2026-06-01 02:30:50.822 - aiperf.metrics.types.osl_mismatch_metrics - WARNING - OSL mismatch: got 500 tokens (requested 286, diff 74.8%)
2026-06-01 02:30:50.873 - aiperf.metrics.types.osl_mismatch_metrics - WARNING - OSL mismatch: got 500 tokens (requested 68, diff 635.3%)
2026-06-01 02:30:50.949 - aiperf.metrics.types.osl_mismatch_metrics - WARNING - OSL mismatch: got 500 tokens (requested 10, diff 4900.0%)
2026-06-01 02:30:51.045 - aiperf.metrics.types.osl_mismatch_metrics - WARNING - OSL mismatch: got 417 tokens (requested 127, diff 228.3%)
2026-06-01 02:30:51.072 - aiperf.metrics.types.osl_mismatch_metrics - WARNING - OSL mismatch: got 500 tokens (requested 336, diff 48.8%)
2026-06-01 02:30:51.133 - aiperf.metrics.types.osl_mismatch_metrics - WARNING - OSL mismatch: got 294 tokens (requested 6, diff 4800.0%)
2026-06-01 02:30:51.197 - aiperf.metrics.types.osl_mismatch_metrics - WARNING - OSL mismatch: got 397 tokens (requested 450, diff -11.8%)
2026-06-01 02:30:51.260 - aiperf.metrics.types.osl_mismatch_metrics - WARNING - OSL mismatch: got 493 tokens (requested 154, diff 220.1%)
2026-06-01 02:30:51.260 - aiperf.metrics.types.osl_mismatch_metrics - WARNING - OSL mismatch: got 500 tokens (requested 57, diff 777.2%)
2026-06-01 02:30:51.297 - aiperf.metrics.types.osl_mismatch_metrics - WARNING - OSL mismatch: got 500 tokens (requested 20, diff 2400.0%)
2026-06-01 02:30:51.474 - aiperf.metrics.types.osl_mismatch_metrics - WARNING - OSL mismatch: got 500 tokens (requested 317, diff 57.7%)
2026-06-01 02:30:51.524 - aiperf.metrics.types.osl_mismatch_metrics - WARNING - OSL mismatch: got 500 tokens (requested 326, diff 53.4%)
2026-06-01 02:30:51.587 - aiperf.metrics.types.osl_mismatch_metrics - WARNING - OSL mismatch: got 500 tokens (requested 14, diff 3471.4%)
2026-06-01 02:30:51.626 - aiperf.metrics.types.osl_mismatch_metrics - WARNING - OSL mismatch: got 500 tokens (requested 318, diff 57.2%)
2026-06-01 02:30:51.637 - aiperf.metrics.types.osl_mismatch_metrics - WARNING - OSL mismatch: got 500 tokens (requested 185, diff 170.3%)
2026-06-01 02:30:51.700 - aiperf.metrics.types.osl_mismatch_metrics - WARNING - OSL mismatch: got 500 tokens (requested 554, diff -9.7%)
2026-06-01 02:30:51.726 - aiperf.metrics.types.osl_mismatch_metrics - WARNING - OSL mismatch: got 162 tokens (requested 28, diff 478.6%)
2026-06-01 02:30:51.814 - aiperf.metrics.types.osl_mismatch_metrics - WARNING - OSL mismatch: got 500 tokens (requested 321, diff 55.8%)
2026-06-01 02:30:51.839 - aiperf.metrics.types.osl_mismatch_metrics - WARNING - OSL mismatch: got 500 tokens (requested 284, diff 76.1%)
2026-06-01 02:30:51.840 - aiperf.metrics.types.osl_mismatch_metrics - WARNING - OSL mismatch: got 500 tokens (requested 4, diff 12400.0%)
2026-06-01 02:30:51.902 - aiperf.metrics.types.osl_mismatch_metrics - WARNING - OSL mismatch: got 500 tokens (requested 164, diff 204.9%)
2026-06-01 02:30:51.960 - aiperf.metrics.types.osl_mismatch_metrics - WARNING - OSL mismatch: got 342 tokens (requested 265, diff 29.1%)
2026-06-01 02:30:52.038 - aiperf.metrics.types.osl_mismatch_metrics - WARNING - OSL mismatch: got 500 tokens (requested 18, diff 2677.8%)
2026-06-01 02:30:52.072 - aiperf.metrics.types.osl_mismatch_metrics - WARNING - OSL mismatch: got 392 tokens (requested 193, diff 103.1%)
2026-06-01 02:30:52.087 - aiperf.metrics.types.osl_mismatch_metrics - WARNING - OSL mismatch: got 500 tokens (requested 295, diff 69.5%)
2026-06-01 02:30:52.111 - aiperf.metrics.types.osl_mismatch_metrics - WARNING - OSL mismatch: got 500 tokens (requested 213, diff 134.7%)
2026-06-01 02:30:52.127 - aiperf.metrics.types.osl_mismatch_metrics - WARNING - OSL mismatch: got 500 tokens (requested 5, diff 9900.0%)
2026-06-01 02:30:52.144 - aiperf.metrics.types.osl_mismatch_metrics - WARNING - OSL mismatch: got 91 tokens (requested 162, diff -43.8%)
2026-06-01 02:30:52.157 - aiperf.metrics.types.osl_mismatch_metrics - WARNING - OSL mismatch: got 13 tokens (requested 195, diff -93.3%)
2026-06-01 02:30:52.176 - aiperf.metrics.types.osl_mismatch_metrics - WARNING - OSL mismatch: got 500 tokens (requested 38, diff 1215.8%)
2026-06-01 02:30:52.388 - aiperf.metrics.types.osl_mismatch_metrics - WARNING - OSL mismatch: got 500 tokens (requested 216, diff 131.5%)
2026-06-01 02:30:52.388 - aiperf.metrics.types.osl_mismatch_metrics - WARNING - OSL mismatch: got 500 tokens (requested 350, diff 42.9%)
2026-06-01 02:30:52.516 - aiperf.metrics.types.osl_mismatch_metrics - WARNING - OSL mismatch: got 305 tokens (requested 160, diff 90.6%)
2026-06-01 02:30:52.519 - aiperf.metrics.types.osl_mismatch_metrics - WARNING - OSL mismatch: got 500 tokens (requested 426, diff 17.4%)
2026-06-01 02:30:52.532 - aiperf.metrics.types.osl_mismatch_metrics - WARNING - OSL mismatch: got 500 tokens (requested 673, diff -25.7%)
2026-06-01 02:30:52.593 - aiperf.metrics.types.osl_mismatch_metrics - WARNING - OSL mismatch: got 499 tokens (requested 76, diff 556.6%)
2026-06-01 02:30:52.731 - aiperf.metrics.types.osl_mismatch_metrics - WARNING - OSL mismatch: got 500 tokens (requested 20, diff 2400.0%)
2026-06-01 02:30:52.781 - aiperf.metrics.types.osl_mismatch_metrics - WARNING - OSL mismatch: got 307 tokens (requested 98, diff 213.3%)
2026-06-01 02:30:52.820 - aiperf.metrics.types.osl_mismatch_metrics - WARNING - OSL mismatch: got 500 tokens (requested 18, diff 2677.8%)
2026-06-01 02:30:52.820 - aiperf.metrics.types.osl_mismatch_metrics - WARNING - OSL mismatch: got 500 tokens (requested 287, diff 74.2%)
2026-06-01 02:30:52.904 - aiperf.metrics.types.osl_mismatch_metrics - WARNING - OSL mismatch: got 500 tokens (requested 8, diff 6150.0%)
2026-06-01 02:30:52.950 - aiperf.metrics.types.osl_mismatch_metrics - WARNING - OSL mismatch: got 36 tokens (requested 247, diff -85.4%)
2026-06-01 02:30:52.996 - aiperf.metrics.types.osl_mismatch_metrics - WARNING - OSL mismatch: got 500 tokens (requested 43, diff 1062.8%)
2026-06-01 02:30:53.032 - aiperf.metrics.types.osl_mismatch_metrics - WARNING - OSL mismatch: got 500 tokens (requested 257, diff 94.6%)
2026-06-01 02:30:53.045 - aiperf.metrics.types.osl_mismatch_metrics - WARNING - OSL mismatch: got 500 tokens (requested 375, diff 33.3%)
2026-06-01 02:30:53.080 - aiperf.metrics.types.osl_mismatch_metrics - WARNING - OSL mismatch: got 353 tokens (requested 6, diff 5783.3%)
2026-06-01 02:30:53.119 - aiperf.metrics.types.osl_mismatch_metrics - WARNING - OSL mismatch: got 247 tokens (requested 6, diff 4016.7%)
2026-06-01 02:30:53.121 - aiperf.metrics.types.osl_mismatch_metrics - WARNING - OSL mismatch: got 500 tokens (requested 330, diff 51.5%)
2026-06-01 02:30:53.234 - aiperf.metrics.types.osl_mismatch_metrics - WARNING - OSL mismatch: got 500 tokens (requested 16, diff 3025.0%)
2026-06-01 02:30:53.246 - aiperf.metrics.types.osl_mismatch_metrics - WARNING - OSL mismatch: got 500 tokens (requested 168, diff 197.6%)
2026-06-01 02:30:53.258 - aiperf.metrics.types.osl_mismatch_metrics - WARNING - OSL mismatch: got 500 tokens (requested 130, diff 284.6%)
2026-06-01 02:30:53.396 - aiperf.metrics.types.osl_mismatch_metrics - WARNING - OSL mismatch: got 500 tokens (requested 45, diff 1011.1%)
2026-06-01 02:30:53.397 - aiperf.metrics.types.osl_mismatch_metrics - WARNING - OSL mismatch: got 500 tokens (requested 254, diff 96.9%)
2026-06-01 02:30:53.413 - aiperf.metrics.types.osl_mismatch_metrics - WARNING - OSL mismatch: got 84 tokens (requested 19, diff 342.1%)
2026-06-01 02:30:53.420 - aiperf.metrics.types.osl_mismatch_metrics - WARNING - OSL mismatch: got 500 tokens (requested 440, diff 13.6%)
2026-06-01 02:30:53.495 - aiperf.metrics.types.osl_mismatch_metrics - WARNING - OSL mismatch: got 500 tokens (requested 21, diff 2281.0%)
2026-06-01 02:30:53.507 - aiperf.metrics.types.osl_mismatch_metrics - WARNING - OSL mismatch: got 500 tokens (requested 125, diff 300.0%)
2026-06-01 02:30:53.624 - aiperf.metrics.types.osl_mismatch_metrics - WARNING - OSL mismatch: got 500 tokens (requested 203, diff 146.3%)
2026-06-01 02:30:53.694 - aiperf.metrics.types.osl_mismatch_metrics - WARNING - OSL mismatch: got 146 tokens (requested 46, diff 217.4%)
2026-06-01 02:30:53.699 - aiperf.metrics.types.osl_mismatch_metrics - WARNING - OSL mismatch: got 500 tokens (requested 190, diff 163.2%)
2026-06-01 02:30:53.774 - aiperf.metrics.types.osl_mismatch_metrics - WARNING - OSL mismatch: got 500 tokens (requested 11, diff 4445.5%)
2026-06-01 02:30:53.833 - aiperf.metrics.types.osl_mismatch_metrics - WARNING - OSL mismatch: got 360 tokens (requested 379, diff -5.0%)
2026-06-01 02:30:53.923 - aiperf.metrics.types.osl_mismatch_metrics - WARNING - OSL mismatch: got 500 tokens (requested 250, diff 100.0%)
2026-06-01 02:30:53.949 - aiperf.metrics.types.osl_mismatch_metrics - WARNING - OSL mismatch: got 500 tokens (requested 433, diff 15.5%)
2026-06-01 02:30:54.062 - aiperf.metrics.types.osl_mismatch_metrics - WARNING - OSL mismatch: got 500 tokens (requested 42, diff 1090.5%)
2026-06-01 02:30:54.073 - aiperf.metrics.types.osl_mismatch_metrics - WARNING - OSL mismatch: got 426 tokens (requested 9, diff 4633.3%)
2026-06-01 02:30:54.137 - aiperf.metrics.types.osl_mismatch_metrics - WARNING - OSL mismatch: got 500 tokens (requested 9, diff 5455.6%)
2026-06-01 02:30:54.137 - aiperf.metrics.types.osl_mismatch_metrics - WARNING - OSL mismatch: got 500 tokens (requested 56, diff 792.9%)
2026-06-01 02:30:54.198 - aiperf.metrics.types.osl_mismatch_metrics - WARNING - OSL mismatch: got 500 tokens (requested 36, diff 1288.9%)
2026-06-01 02:30:54.209 - aiperf.metrics.types.osl_mismatch_metrics - WARNING - OSL mismatch: got 481 tokens (requested 17, diff 2729.4%)
2026-06-01 02:30:54.225 - aiperf.metrics.types.osl_mismatch_metrics - WARNING - OSL mismatch: got 500 tokens (requested 12, diff 4066.7%)
2026-06-01 02:30:54.272 - aiperf.metrics.types.osl_mismatch_metrics - WARNING - OSL mismatch: got 500 tokens (requested 45, diff 1011.1%)
2026-06-01 02:30:54.349 - aiperf.metrics.types.osl_mismatch_metrics - WARNING - OSL mismatch: got 500 tokens (requested 139, diff 259.7%)
2026-06-01 02:30:54.350 - aiperf.metrics.types.osl_mismatch_metrics - WARNING - OSL mismatch: got 500 tokens (requested 85, diff 488.2%)
2026-06-01 02:30:54.425 - aiperf.metrics.types.osl_mismatch_metrics - WARNING - OSL mismatch: got 500 tokens (requested 58, diff 762.1%)
2026-06-01 02:30:54.449 - aiperf.metrics.types.osl_mismatch_metrics - WARNING - OSL mismatch: got 500 tokens (requested 34, diff 1370.6%)
2026-06-01 02:30:54.458 - aiperf.metrics.types.osl_mismatch_metrics - WARNING - OSL mismatch: got 363 tokens (requested 318, diff 14.2%)
2026-06-01 02:30:54.465 - aiperf.metrics.types.osl_mismatch_metrics - WARNING - OSL mismatch: got 4 tokens (requested 20, diff -80.0%)
2026-06-01 02:30:54.743 - aiperf.metrics.types.osl_mismatch_metrics - WARNING - OSL mismatch: got 293 tokens (requested 188, diff 55.9%)
2026-06-01 02:30:54.787 - aiperf.metrics.types.osl_mismatch_metrics - WARNING - OSL mismatch: got 500 tokens (requested 458, diff 9.2%)
2026-06-01 02:30:54.860 - aiperf.metrics.types.osl_mismatch_metrics - WARNING - OSL mismatch: got 470 tokens (requested 95, diff 394.7%)
2026-06-01 02:30:54.863 - aiperf.metrics.types.osl_mismatch_metrics - WARNING - OSL mismatch: got 500 tokens (requested 14, diff 3471.4%)
2026-06-01 02:30:54.924 - aiperf.metrics.types.osl_mismatch_metrics - WARNING - OSL mismatch: got 500 tokens (requested 7, diff 7042.9%)
2026-06-01 02:30:54.936 - aiperf.metrics.types.osl_mismatch_metrics - WARNING - OSL mismatch: got 500 tokens (requested 426, diff 17.4%)
2026-06-01 02:30:54.949 - aiperf.metrics.types.osl_mismatch_metrics - WARNING - OSL mismatch: got 500 tokens (requested 45, diff 1011.1%)
2026-06-01 02:30:54.957 - aiperf.metrics.types.osl_mismatch_metrics - WARNING - OSL mismatch: got 234 tokens (requested 43, diff 444.2%)
2026-06-01 02:30:54.961 - aiperf.metrics.types.osl_mismatch_metrics - WARNING - OSL mismatch: got 500 tokens (requested 97, diff 415.5%)
2026-06-01 02:30:54.962 - aiperf.metrics.types.osl_mismatch_metrics - WARNING - OSL mismatch: got 500 tokens (requested 247, diff 102.4%)
2026-06-01 02:30:55.097 - aiperf.metrics.types.osl_mismatch_metrics - WARNING - OSL mismatch: got 500 tokens (requested 44, diff 1036.4%)
2026-06-01 02:30:55.197 - aiperf.metrics.types.osl_mismatch_metrics - WARNING - OSL mismatch: got 500 tokens (requested 17, diff 2841.2%)
2026-06-01 02:30:55.221 - aiperf.metrics.types.osl_mismatch_metrics - WARNING - OSL mismatch: got 500 tokens (requested 4, diff 12400.0%)
2026-06-01 02:30:55.294 - aiperf.metrics.types.osl_mismatch_metrics - WARNING - OSL mismatch: got 500 tokens (requested 349, diff 43.3%)
2026-06-01 02:30:55.306 - aiperf.metrics.types.osl_mismatch_metrics - WARNING - OSL mismatch: got 500 tokens (requested 23, diff 2073.9%)
2026-06-01 02:30:55.380 - aiperf.metrics.types.osl_mismatch_metrics - WARNING - OSL mismatch: got 500 tokens (requested 249, diff 100.8%)
2026-06-01 02:30:55.419 - aiperf.metrics.types.osl_mismatch_metrics - WARNING - OSL mismatch: got 500 tokens (requested 188, diff 166.0%)
2026-06-01 02:30:55.432 - aiperf.metrics.types.osl_mismatch_metrics - WARNING - OSL mismatch: got 500 tokens (requested 49, diff 920.4%)
2026-06-01 02:30:55.443 - aiperf.metrics.types.osl_mismatch_metrics - WARNING - OSL mismatch: got 500 tokens (requested 559, diff -10.6%)
2026-06-01 02:30:55.489 - aiperf.metrics.types.osl_mismatch_metrics - WARNING - OSL mismatch: got 330 tokens (requested 15, diff 2100.0%)
2026-06-01 02:30:55.551 - aiperf.metrics.types.osl_mismatch_metrics - WARNING - OSL mismatch: got 500 tokens (requested 113, diff 342.5%)
2026-06-01 02:30:55.574 - aiperf.metrics.types.osl_mismatch_metrics - WARNING - OSL mismatch: got 263 tokens (requested 68, diff 286.8%)
2026-06-01 02:30:55.600 - aiperf.metrics.types.osl_mismatch_metrics - WARNING - OSL mismatch: got 500 tokens (requested 15, diff 3233.3%)
2026-06-01 02:30:55.724 - aiperf.metrics.types.osl_mismatch_metrics - WARNING - OSL mismatch: got 500 tokens (requested 255, diff 96.1%)
2026-06-01 02:30:55.751 - aiperf.metrics.types.osl_mismatch_metrics - WARNING - OSL mismatch: got 500 tokens (requested 159, diff 214.5%)
2026-06-01 02:30:55.752 - aiperf.metrics.types.osl_mismatch_metrics - WARNING - OSL mismatch: got 500 tokens (requested 134, diff 273.1%)
2026-06-01 02:30:55.786 - aiperf.metrics.types.osl_mismatch_metrics - WARNING - OSL mismatch: got 500 tokens (requested 303, diff 65.0%)
2026-06-01 02:30:55.797 - aiperf.metrics.types.osl_mismatch_metrics - WARNING - OSL mismatch: got 500 tokens (requested 260, diff 92.3%)
2026-06-01 02:30:55.841 - aiperf.metrics.types.osl_mismatch_metrics - WARNING - OSL mismatch: got 1 tokens (requested 24, diff -95.8%)
2026-06-01 02:30:55.909 - aiperf.metrics.types.osl_mismatch_metrics - WARNING - OSL mismatch: got 500 tokens (requested 19, diff 2531.6%)
2026-06-01 02:30:55.923 - aiperf.metrics.types.osl_mismatch_metrics - WARNING - OSL mismatch: got 500 tokens (requested 264, diff 89.4%)
2026-06-01 02:30:55.993 - aiperf.metrics.types.osl_mismatch_metrics - WARNING - OSL mismatch: got 248 tokens (requested 323, diff -23.2%)
2026-06-01 02:30:56.021 - aiperf.metrics.types.osl_mismatch_metrics - WARNING - OSL mismatch: got 500 tokens (requested 164, diff 204.9%)
2026-06-01 02:30:56.045 - aiperf.metrics.types.osl_mismatch_metrics - WARNING - OSL mismatch: got 500 tokens (requested 196, diff 155.1%)
2026-06-01 02:30:56.045 - aiperf.metrics.types.osl_mismatch_metrics - WARNING - OSL mismatch: got 500 tokens (requested 7, diff 7042.9%)
2026-06-01 02:30:56.055 - aiperf.metrics.types.osl_mismatch_metrics - WARNING - OSL mismatch: got 500 tokens (requested 337, diff 48.4%)
2026-06-01 02:30:56.129 - aiperf.metrics.types.osl_mismatch_metrics - WARNING - OSL mismatch: got 500 tokens (requested 251, diff 99.2%)
2026-06-01 02:30:56.165 - aiperf.metrics.types.osl_mismatch_metrics - WARNING - OSL mismatch: got 500 tokens (requested 229, diff 118.3%)
2026-06-01 02:30:56.253 - aiperf.metrics.types.osl_mismatch_metrics - WARNING - OSL mismatch: got 500 tokens (requested 18, diff 2677.8%)
2026-06-01 02:30:56.290 - aiperf.metrics.types.osl_mismatch_metrics - WARNING - OSL mismatch: got 500 tokens (requested 5, diff 9900.0%)
2026-06-01 02:30:56.362 - aiperf.metrics.types.osl_mismatch_metrics - WARNING - OSL mismatch: got 500 tokens (requested 29, diff 1624.1%)
2026-06-01 02:30:56.507 - aiperf.metrics.types.osl_mismatch_metrics - WARNING - OSL mismatch: got 210 tokens (requested 275, diff -23.6%)
2026-06-01 02:30:56.522 - aiperf.metrics.types.osl_mismatch_metrics - WARNING - OSL mismatch: got 500 tokens (requested 385, diff 29.9%)
2026-06-01 02:30:56.659 - aiperf.metrics.types.osl_mismatch_metrics - WARNING - OSL mismatch: got 500 tokens (requested 6, diff 8233.3%)
2026-06-01 02:30:56.732 - aiperf.metrics.types.osl_mismatch_metrics - WARNING - OSL mismatch: got 500 tokens (requested 316, diff 58.2%)
2026-06-01 02:30:56.734 - aiperf.metrics.types.osl_mismatch_metrics - WARNING - OSL mismatch: got 500 tokens (requested 17, diff 2841.2%)
2026-06-01 02:30:56.898 - aiperf.metrics.types.osl_mismatch_metrics - WARNING - OSL mismatch: got 34 tokens (requested 36, diff -5.6%)
2026-06-01 02:30:56.941 - aiperf.metrics.types.osl_mismatch_metrics - WARNING - OSL mismatch: got 500 tokens (requested 10, diff 4900.0%)
2026-06-01 02:30:56.945 - aiperf.metrics.types.osl_mismatch_metrics - WARNING - OSL mismatch: got 500 tokens (requested 648, diff -22.8%)
2026-06-01 02:30:56.999 - aiperf.metrics.types.osl_mismatch_metrics - WARNING - OSL mismatch: got 59 tokens (requested 10, diff 490.0%)
2026-06-01 02:30:56.999 - aiperf.metrics.types.osl_mismatch_metrics - WARNING - OSL mismatch: got 65 tokens (requested 82, diff -20.7%)
2026-06-01 02:30:57.026 - aiperf.metrics.types.osl_mismatch_metrics - WARNING - OSL mismatch: got 242 tokens (requested 17, diff 1323.5%)
2026-06-01 02:30:57.167 - aiperf.metrics.types.osl_mismatch_metrics - WARNING - OSL mismatch: got 500 tokens (requested 182, diff 174.7%)
2026-06-01 02:30:57.301 - aiperf.metrics.types.osl_mismatch_metrics - WARNING - OSL mismatch: got 500 tokens (requested 236, diff 111.9%)
2026-06-01 02:30:57.325 - aiperf.metrics.types.osl_mismatch_metrics - WARNING - OSL mismatch: got 500 tokens (requested 76, diff 557.9%)
2026-06-01 02:30:57.342 - aiperf.metrics.types.osl_mismatch_metrics - WARNING - OSL mismatch: got 500 tokens (requested 446, diff 12.1%)
2026-06-01 02:30:57.509 - aiperf.metrics.types.osl_mismatch_metrics - WARNING - OSL mismatch: got 283 tokens (requested 135, diff 109.6%)
2026-06-01 02:30:57.587 - aiperf.metrics.types.osl_mismatch_metrics - WARNING - OSL mismatch: got 498 tokens (requested 440, diff 13.2%)
2026-06-01 02:30:57.599 - aiperf.metrics.types.osl_mismatch_metrics - WARNING - OSL mismatch: got 447 tokens (requested 498, diff -10.2%)
2026-06-01 02:30:57.614 - aiperf.metrics.types.osl_mismatch_metrics - WARNING - OSL mismatch: got 500 tokens (requested 21, diff 2281.0%)
2026-06-01 02:30:57.636 - aiperf.metrics.types.osl_mismatch_metrics - WARNING - OSL mismatch: got 500 tokens (requested 31, diff 1512.9%)
2026-06-01 02:30:57.762 - aiperf.metrics.types.osl_mismatch_metrics - WARNING - OSL mismatch: got 500 tokens (requested 15, diff 3233.3%)
2026-06-01 02:30:57.776 - aiperf.metrics.types.osl_mismatch_metrics - WARNING - OSL mismatch: got 500 tokens (requested 4, diff 12400.0%)
2026-06-01 02:30:57.836 - aiperf.metrics.types.osl_mismatch_metrics - WARNING - OSL mismatch: got 500 tokens (requested 31, diff 1512.9%)
2026-06-01 02:30:57.861 - aiperf.metrics.types.osl_mismatch_metrics - WARNING - OSL mismatch: got 500 tokens (requested 12, diff 4066.7%)
2026-06-01 02:30:57.933 - aiperf.metrics.types.osl_mismatch_metrics - WARNING - OSL mismatch: got 500 tokens (requested 8, diff 6150.0%)
2026-06-01 02:30:57.998 - aiperf.metrics.types.osl_mismatch_metrics - WARNING - OSL mismatch: got 500 tokens (requested 628, diff -20.4%)
2026-06-01 02:30:57.998 - aiperf.metrics.types.osl_mismatch_metrics - WARNING - OSL mismatch: got 500 tokens (requested 67, diff 646.3%)
2026-06-01 02:30:58.147 - aiperf.metrics.types.osl_mismatch_metrics - WARNING - OSL mismatch: got 500 tokens (requested 12, diff 4066.7%)
2026-06-01 02:30:58.147 - aiperf.metrics.types.osl_mismatch_metrics - WARNING - OSL mismatch: got 500 tokens (requested 38, diff 1215.8%)
2026-06-01 02:30:58.213 - aiperf.metrics.types.osl_mismatch_metrics - WARNING - OSL mismatch: got 500 tokens (requested 669, diff -25.3%)
2026-06-01 02:30:58.213 - aiperf.metrics.types.osl_mismatch_metrics - WARNING - OSL mismatch: got 500 tokens (requested 414, diff 20.8%)
2026-06-01 02:30:58.237 - aiperf.metrics.types.osl_mismatch_metrics - WARNING - OSL mismatch: got 478 tokens (requested 565, diff -15.4%)
2026-06-01 02:30:58.237 - aiperf.metrics.types.osl_mismatch_metrics - WARNING - OSL mismatch: got 500 tokens (requested 188, diff 166.0%)
2026-06-01 02:30:58.250 - aiperf.metrics.types.osl_mismatch_metrics - WARNING - OSL mismatch: got 500 tokens (requested 19, diff 2531.6%)
2026-06-01 02:30:58.325 - aiperf.metrics.types.osl_mismatch_metrics - WARNING - OSL mismatch: got 500 tokens (requested 86, diff 481.4%)
2026-06-01 02:30:58.435 - aiperf.metrics.types.osl_mismatch_metrics - WARNING - OSL mismatch: got 500 tokens (requested 660, diff -24.2%)
2026-06-01 02:30:58.444 - aiperf.metrics.types.osl_mismatch_metrics - WARNING - OSL mismatch: got 174 tokens (requested 37, diff 370.3%)
2026-06-01 02:30:58.460 - aiperf.metrics.types.osl_mismatch_metrics - WARNING - OSL mismatch: got 462 tokens (requested 43, diff 974.4%)
2026-06-01 02:30:58.469 - aiperf.metrics.types.osl_mismatch_metrics - WARNING - OSL mismatch: got 150 tokens (requested 99, diff 51.5%)
2026-06-01 02:30:58.475 - aiperf.metrics.types.osl_mismatch_metrics - WARNING - OSL mismatch: got 500 tokens (requested 629, diff -20.5%)
2026-06-01 02:30:58.510 - aiperf.metrics.types.osl_mismatch_metrics - WARNING - OSL mismatch: got 500 tokens (requested 334, diff 49.7%)
2026-06-01 02:30:58.625 - aiperf.metrics.types.osl_mismatch_metrics - WARNING - OSL mismatch: got 500 tokens (requested 24, diff 1983.3%)
2026-06-01 02:30:58.632 - aiperf.metrics.types.osl_mismatch_metrics - WARNING - OSL mismatch: got 233 tokens (requested 89, diff 161.8%)
2026-06-01 02:30:58.688 - aiperf.metrics.types.osl_mismatch_metrics - WARNING - OSL mismatch: got 500 tokens (requested 308, diff 62.3%)
2026-06-01 02:30:58.711 - aiperf.metrics.types.osl_mismatch_metrics - WARNING - OSL mismatch: got 500 tokens (requested 297, diff 68.4%)
2026-06-01 02:30:58.722 - aiperf.metrics.types.osl_mismatch_metrics - WARNING - OSL mismatch: got 500 tokens (requested 10, diff 4900.0%)
2026-06-01 02:30:59.044 - aiperf.metrics.types.osl_mismatch_metrics - WARNING - OSL mismatch: got 500 tokens (requested 11, diff 4445.5%)
2026-06-01 02:30:59.069 - aiperf.metrics.types.osl_mismatch_metrics - WARNING - OSL mismatch: got 500 tokens (requested 108, diff 363.0%)
2026-06-01 02:30:59.140 - aiperf.metrics.types.osl_mismatch_metrics - WARNING - OSL mismatch: got 500 tokens (requested 296, diff 68.9%)
2026-06-01 02:30:59.177 - aiperf.metrics.types.osl_mismatch_metrics - WARNING - OSL mismatch: got 500 tokens (requested 13, diff 3746.2%)
2026-06-01 02:30:59.224 - aiperf.metrics.types.osl_mismatch_metrics - WARNING - OSL mismatch: got 498 tokens (requested 43, diff 1058.1%)
2026-06-01 02:30:59.260 - aiperf.metrics.types.osl_mismatch_metrics - WARNING - OSL mismatch: got 261 tokens (requested 78, diff 234.6%)
2026-06-01 02:30:59.262 - aiperf.metrics.types.osl_mismatch_metrics - WARNING - OSL mismatch: got 500 tokens (requested 360, diff 38.9%)
2026-06-01 02:30:59.311 - aiperf.metrics.types.osl_mismatch_metrics - WARNING - OSL mismatch: got 500 tokens (requested 107, diff 367.3%)
2026-06-01 02:30:59.363 - aiperf.metrics.types.osl_mismatch_metrics - WARNING - OSL mismatch: got 500 tokens (requested 7, diff 7042.9%)
2026-06-01 02:30:59.376 - aiperf.metrics.types.osl_mismatch_metrics - WARNING - OSL mismatch: got 500 tokens (requested 37, diff 1251.4%)
2026-06-01 02:30:59.466 - aiperf.metrics.types.osl_mismatch_metrics - WARNING - OSL mismatch: got 194 tokens (requested 62, diff 212.9%)
2026-06-01 02:30:59.521 - aiperf.metrics.types.osl_mismatch_metrics - WARNING - OSL mismatch: got 500 tokens (requested 14, diff 3471.4%)
2026-06-01 02:30:59.526 - aiperf.metrics.types.osl_mismatch_metrics - WARNING - OSL mismatch: got 28 tokens (requested 45, diff -37.8%)
2026-06-01 02:30:59.533 - aiperf.metrics.types.osl_mismatch_metrics - WARNING - OSL mismatch: got 500 tokens (requested 10, diff 4900.0%)
2026-06-01 02:30:59.568 - aiperf.metrics.types.osl_mismatch_metrics - WARNING - OSL mismatch: got 500 tokens (requested 427, diff 17.1%)
2026-06-01 02:30:59.668 - aiperf.metrics.types.osl_mismatch_metrics - WARNING - OSL mismatch: got 500 tokens (requested 91, diff 449.5%)
2026-06-01 02:30:59.669 - aiperf.metrics.types.osl_mismatch_metrics - WARNING - OSL mismatch: got 500 tokens (requested 60, diff 733.3%)
2026-06-01 02:30:59.701 - aiperf.metrics.types.osl_mismatch_metrics - WARNING - OSL mismatch: got 46 tokens (requested 268, diff -82.8%)
2026-06-01 02:30:59.708 - aiperf.metrics.types.osl_mismatch_metrics - WARNING - OSL mismatch: got 500 tokens (requested 289, diff 73.0%)
2026-06-01 02:30:59.745 - aiperf.metrics.types.osl_mismatch_metrics - WARNING - OSL mismatch: got 500 tokens (requested 275, diff 81.8%)
2026-06-01 02:30:59.781 - aiperf.metrics.types.osl_mismatch_metrics - WARNING - OSL mismatch: got 500 tokens (requested 17, diff 2841.2%)
2026-06-01 02:30:59.856 - aiperf.metrics.types.osl_mismatch_metrics - WARNING - OSL mismatch: got 500 tokens (requested 16, diff 3025.0%)
2026-06-01 02:30:59.858 - aiperf.metrics.types.osl_mismatch_metrics - WARNING - OSL mismatch: got 500 tokens (requested 230, diff 117.4%)
2026-06-01 02:30:59.893 - aiperf.metrics.types.osl_mismatch_metrics - WARNING - OSL mismatch: got 500 tokens (requested 12, diff 4066.7%)
2026-06-01 02:30:59.976 - aiperf.metrics.types.osl_mismatch_metrics - WARNING - OSL mismatch: got 234 tokens (requested 16, diff 1362.5%)
2026-06-01 02:30:59.980 - aiperf.metrics.types.osl_mismatch_metrics - WARNING - OSL mismatch: got 479 tokens (requested 18, diff 2561.1%)
2026-06-01 02:31:00.092 - aiperf.metrics.types.osl_mismatch_metrics - WARNING - OSL mismatch: got 500 tokens (requested 11, diff 4445.5%)
2026-06-01 02:31:00.096 - aiperf.metrics.types.osl_mismatch_metrics - WARNING - OSL mismatch: got 2 tokens (requested 25, diff -92.0%)
2026-06-01 02:31:00.103 - aiperf.metrics.types.osl_mismatch_metrics - WARNING - OSL mismatch: got 500 tokens (requested 253, diff 97.6%)
2026-06-01 02:31:00.144 - aiperf.metrics.types.osl_mismatch_metrics - WARNING - OSL mismatch: got 3 tokens (requested 583, diff -99.5%)
2026-06-01 02:31:00.145 - aiperf.metrics.types.osl_mismatch_metrics - WARNING - OSL mismatch: got 79 tokens (requested 46, diff 71.7%)
2026-06-01 02:31:00.176 - aiperf.metrics.types.osl_mismatch_metrics - WARNING - OSL mismatch: got 500 tokens (requested 9, diff 5455.6%)
2026-06-01 02:31:00.248 - aiperf.metrics.types.osl_mismatch_metrics - WARNING - OSL mismatch: got 500 tokens (requested 80, diff 525.0%)
2026-06-01 02:31:00.274 - aiperf.metrics.types.osl_mismatch_metrics - WARNING - OSL mismatch: got 500 tokens (requested 767, diff -34.8%)
2026-06-01 02:31:00.299 - aiperf.metrics.types.osl_mismatch_metrics - WARNING - OSL mismatch: got 500 tokens (requested 11, diff 4445.5%)
2026-06-01 02:31:00.348 - aiperf.metrics.types.osl_mismatch_metrics - WARNING - OSL mismatch: got 500 tokens (requested 293, diff 70.6%)
2026-06-01 02:31:00.410 - aiperf.metrics.types.osl_mismatch_metrics - WARNING - OSL mismatch: got 500 tokens (requested 407, diff 22.9%)
2026-06-01 02:31:00.507 - aiperf.metrics.types.osl_mismatch_metrics - WARNING - OSL mismatch: got 321 tokens (requested 272, diff 18.0%)
2026-06-01 02:31:00.537 - aiperf.metrics.types.osl_mismatch_metrics - WARNING - OSL mismatch: got 34 tokens (requested 48, diff -29.2%)
2026-06-01 02:31:00.558 - aiperf.metrics.types.osl_mismatch_metrics - WARNING - OSL mismatch: got 500 tokens (requested 56, diff 792.9%)
2026-06-01 02:31:00.591 - aiperf.metrics.types.osl_mismatch_metrics - WARNING - OSL mismatch: got 395 tokens (requested 78, diff 406.4%)
2026-06-01 02:31:00.618 - aiperf.metrics.types.osl_mismatch_metrics - WARNING - OSL mismatch: got 500 tokens (requested 6, diff 8233.3%)
2026-06-01 02:31:00.629 - aiperf.metrics.types.osl_mismatch_metrics - WARNING - OSL mismatch: got 500 tokens (requested 243, diff 105.8%)
2026-06-01 02:31:00.631 - aiperf.metrics.types.osl_mismatch_metrics - WARNING - OSL mismatch: got 500 tokens (requested 23, diff 2073.9%)
2026-06-01 02:31:00.816 - aiperf.metrics.types.osl_mismatch_metrics - WARNING - OSL mismatch: got 500 tokens (requested 176, diff 184.1%)
2026-06-01 02:31:00.876 - aiperf.metrics.types.osl_mismatch_metrics - WARNING - OSL mismatch: got 500 tokens (requested 20, diff 2400.0%)
2026-06-01 02:31:00.903 - aiperf.metrics.types.osl_mismatch_metrics - WARNING - OSL mismatch: got 500 tokens (requested 383, diff 30.5%)
2026-06-01 02:31:00.928 - aiperf.metrics.types.osl_mismatch_metrics - WARNING - OSL mismatch: got 500 tokens (requested 249, diff 100.8%)
2026-06-01 02:31:01.219 - aiperf.metrics.types.osl_mismatch_metrics - WARNING - OSL mismatch: got 140 tokens (requested 30, diff 366.7%)
2026-06-01 02:31:01.246 - aiperf.metrics.types.osl_mismatch_metrics - WARNING - OSL mismatch: got 500 tokens (requested 648, diff -22.8%)
2026-06-01 02:31:01.279 - aiperf.metrics.types.osl_mismatch_metrics - WARNING - OSL mismatch: got 281 tokens (requested 83, diff 238.6%)
2026-06-01 02:31:01.372 - aiperf.metrics.types.osl_mismatch_metrics - WARNING - OSL mismatch: got 500 tokens (requested 147, diff 240.1%)
2026-06-01 02:31:01.385 - aiperf.metrics.types.osl_mismatch_metrics - WARNING - OSL mismatch: got 500 tokens (requested 382, diff 30.9%)
2026-06-01 02:31:01.386 - aiperf.metrics.types.osl_mismatch_metrics - WARNING - OSL mismatch: got 500 tokens (requested 99, diff 405.1%)
2026-06-01 02:31:01.421 - aiperf.metrics.types.osl_mismatch_metrics - WARNING - OSL mismatch: got 492 tokens (requested 187, diff 163.1%)
2026-06-01 02:31:01.453 - aiperf.metrics.types.osl_mismatch_metrics - WARNING - OSL mismatch: got 62 tokens (requested 212, diff -70.8%)
2026-06-01 02:31:01.458 - aiperf.metrics.types.osl_mismatch_metrics - WARNING - OSL mismatch: got 500 tokens (requested 20, diff 2400.0%)
2026-06-01 02:31:01.558 - aiperf.metrics.types.osl_mismatch_metrics - WARNING - OSL mismatch: got 500 tokens (requested 535, diff -6.5%)
2026-06-01 02:31:01.666 - aiperf.metrics.types.osl_mismatch_metrics - WARNING - OSL mismatch: got 500 tokens (requested 182, diff 174.7%)
2026-06-01 02:31:01.681 - aiperf.metrics.types.osl_mismatch_metrics - WARNING - OSL mismatch: got 500 tokens (requested 93, diff 437.6%)
2026-06-01 02:31:01.685 - aiperf.metrics.types.osl_mismatch_metrics - WARNING - OSL mismatch: got 48 tokens (requested 31, diff 54.8%)
2026-06-01 02:31:01.750 - aiperf.metrics.types.osl_mismatch_metrics - WARNING - OSL mismatch: got 500 tokens (requested 311, diff 60.8%)
2026-06-01 02:31:01.765 - aiperf.metrics.types.osl_mismatch_metrics - WARNING - OSL mismatch: got 500 tokens (requested 73, diff 584.9%)
2026-06-01 02:31:01.776 - aiperf.metrics.types.osl_mismatch_metrics - WARNING - OSL mismatch: got 500 tokens (requested 14, diff 3471.4%)
2026-06-01 02:31:01.897 - aiperf.metrics.types.osl_mismatch_metrics - WARNING - OSL mismatch: got 500 tokens (requested 38, diff 1215.8%)
2026-06-01 02:31:01.910 - aiperf.metrics.types.osl_mismatch_metrics - WARNING - OSL mismatch: got 500 tokens (requested 25, diff 1900.0%)
2026-06-01 02:31:01.933 - aiperf.metrics.types.osl_mismatch_metrics - WARNING - OSL mismatch: got 500 tokens (requested 640, diff -21.9%)
2026-06-01 02:31:02.005 - aiperf.metrics.types.osl_mismatch_metrics - WARNING - OSL mismatch: got 500 tokens (requested 154, diff 224.7%)
2026-06-01 02:31:02.067 - aiperf.metrics.types.osl_mismatch_metrics - WARNING - OSL mismatch: got 500 tokens (requested 559, diff -10.6%)
2026-06-01 02:31:02.169 - aiperf.metrics.types.osl_mismatch_metrics - WARNING - OSL mismatch: got 92 tokens (requested 43, diff 114.0%)
2026-06-01 02:31:02.406 - aiperf.metrics.types.osl_mismatch_metrics - WARNING - OSL mismatch: got 500 tokens (requested 88, diff 468.2%)
2026-06-01 02:31:02.480 - aiperf.metrics.types.osl_mismatch_metrics - WARNING - OSL mismatch: got 500 tokens (requested 36, diff 1288.9%)
2026-06-01 02:31:02.656 - aiperf.metrics.types.osl_mismatch_metrics - WARNING - OSL mismatch: got 377 tokens (requested 263, diff 43.3%)
2026-06-01 02:31:02.682 - aiperf.metrics.types.osl_mismatch_metrics - WARNING - OSL mismatch: got 500 tokens (requested 20, diff 2400.0%)
2026-06-01 02:31:02.693 - aiperf.metrics.types.osl_mismatch_metrics - WARNING - OSL mismatch: got 500 tokens (requested 48, diff 941.7%)
2026-06-01 02:31:02.817 - aiperf.metrics.types.osl_mismatch_metrics - WARNING - OSL mismatch: got 500 tokens (requested 34, diff 1370.6%)
2026-06-01 02:31:02.955 - aiperf.metrics.types.osl_mismatch_metrics - WARNING - OSL mismatch: got 476 tokens (requested 7, diff 6700.0%)
2026-06-01 02:31:02.974 - aiperf.metrics.types.osl_mismatch_metrics - WARNING - OSL mismatch: got 63 tokens (requested 82, diff -23.2%)
2026-06-01 02:31:02.984 - aiperf.metrics.types.osl_mismatch_metrics - WARNING - OSL mismatch: got 101 tokens (requested 152, diff -33.6%)
2026-06-01 02:31:03.052 - aiperf.metrics.types.osl_mismatch_metrics - WARNING - OSL mismatch: got 366 tokens (requested 6, diff 6000.0%)
2026-06-01 02:31:03.092 - aiperf.metrics.types.osl_mismatch_metrics - WARNING - OSL mismatch: got 500 tokens (requested 58, diff 762.1%)
2026-06-01 02:31:03.205 - aiperf.metrics.types.osl_mismatch_metrics - WARNING - OSL mismatch: got 500 tokens (requested 27, diff 1751.9%)
2026-06-01 02:31:03.217 - aiperf.metrics.types.osl_mismatch_metrics - WARNING - OSL mismatch: got 500 tokens (requested 346, diff 44.5%)
2026-06-01 02:31:03.217 - aiperf.metrics.types.osl_mismatch_metrics - WARNING - OSL mismatch: got 500 tokens (requested 16, diff 3025.0%)
2026-06-01 02:31:03.475 - aiperf.metrics.types.osl_mismatch_metrics - WARNING - OSL mismatch: got 500 tokens (requested 187, diff 167.4%)
2026-06-01 02:31:03.542 - aiperf.metrics.types.osl_mismatch_metrics - WARNING - OSL mismatch: got 500 tokens (requested 290, diff 72.4%)
2026-06-01 02:31:03.638 - aiperf.metrics.types.osl_mismatch_metrics - WARNING - OSL mismatch: got 307 tokens (requested 62, diff 395.2%)
2026-06-01 02:31:03.829 - aiperf.metrics.types.osl_mismatch_metrics - WARNING - OSL mismatch: got 500 tokens (requested 268, diff 86.6%)
2026-06-01 02:31:03.888 - aiperf.metrics.types.osl_mismatch_metrics - WARNING - OSL mismatch: got 500 tokens (requested 171, diff 192.4%)
2026-06-01 02:31:03.902 - aiperf.metrics.types.osl_mismatch_metrics - WARNING - OSL mismatch: got 500 tokens (requested 566, diff -11.7%)
2026-06-01 02:31:03.990 - aiperf.metrics.types.osl_mismatch_metrics - WARNING - OSL mismatch: got 500 tokens (requested 17, diff 2841.2%)
2026-06-01 02:31:04.004 - aiperf.metrics.types.osl_mismatch_metrics - WARNING - OSL mismatch: got 500 tokens (requested 775, diff -35.5%)
2026-06-01 02:31:04.015 - aiperf.metrics.types.osl_mismatch_metrics - WARNING - OSL mismatch: got 500 tokens (requested 408, diff 22.5%)
2026-06-01 02:31:04.029 - aiperf.metrics.types.osl_mismatch_metrics - WARNING - OSL mismatch: got 500 tokens (requested 129, diff 287.6%)
2026-06-01 02:31:04.104 - aiperf.metrics.types.osl_mismatch_metrics - WARNING - OSL mismatch: got 500 tokens (requested 165, diff 203.0%)
2026-06-01 02:31:04.175 - aiperf.metrics.types.osl_mismatch_metrics - WARNING - OSL mismatch: got 197 tokens (requested 211, diff -6.6%)
2026-06-01 02:31:04.206 - aiperf.metrics.types.osl_mismatch_metrics - WARNING - OSL mismatch: got 500 tokens (requested 7, diff 7042.9%)
2026-06-01 02:31:04.364 - aiperf.metrics.types.osl_mismatch_metrics - WARNING - OSL mismatch: got 181 tokens (requested 167, diff 8.4%)
2026-06-01 02:31:04.407 - aiperf.metrics.types.osl_mismatch_metrics - WARNING - OSL mismatch: got 500 tokens (requested 352, diff 42.0%)
2026-06-01 02:31:04.468 - aiperf.metrics.types.osl_mismatch_metrics - WARNING - OSL mismatch: got 500 tokens (requested 702, diff -28.8%)
2026-06-01 02:31:04.481 - aiperf.metrics.types.osl_mismatch_metrics - WARNING - OSL mismatch: got 500 tokens (requested 208, diff 140.4%)
2026-06-01 02:31:04.498 - aiperf.metrics.types.osl_mismatch_metrics - WARNING - OSL mismatch: got 500 tokens (requested 19, diff 2531.6%)
2026-06-01 02:31:04.520 - aiperf.metrics.types.osl_mismatch_metrics - WARNING - OSL mismatch: got 500 tokens (requested 652, diff -23.3%)
2026-06-01 02:31:04.520 - aiperf.metrics.types.osl_mismatch_metrics - WARNING - OSL mismatch: got 500 tokens (requested 195, diff 156.4%)
2026-06-01 02:31:04.520 - aiperf.metrics.types.osl_mismatch_metrics - WARNING - OSL mismatch: got 500 tokens (requested 10, diff 4900.0%)
2026-06-01 02:31:04.595 - aiperf.metrics.types.osl_mismatch_metrics - WARNING - OSL mismatch: got 500 tokens (requested 15, diff 3233.3%)
2026-06-01 02:31:04.608 - aiperf.metrics.types.osl_mismatch_metrics - WARNING - OSL mismatch: got 500 tokens (requested 4, diff 12400.0%)
2026-06-01 02:31:04.733 - aiperf.metrics.types.osl_mismatch_metrics - WARNING - OSL mismatch: got 500 tokens (requested 470, diff 6.4%)
2026-06-01 02:31:04.744 - aiperf.metrics.types.osl_mismatch_metrics - WARNING - OSL mismatch: got 500 tokens (requested 201, diff 148.8%)
2026-06-01 02:31:04.930 - aiperf.metrics.types.osl_mismatch_metrics - WARNING - OSL mismatch: got 500 tokens (requested 16, diff 3025.0%)
2026-06-01 02:31:04.955 - aiperf.metrics.types.osl_mismatch_metrics - WARNING - OSL mismatch: got 500 tokens (requested 350, diff 42.9%)
2026-06-01 02:31:05.006 - aiperf.metrics.types.osl_mismatch_metrics - WARNING - OSL mismatch: got 500 tokens (requested 220, diff 127.3%)
2026-06-01 02:31:05.067 - aiperf.metrics.types.osl_mismatch_metrics - WARNING - OSL mismatch: got 500 tokens (requested 220, diff 127.3%)
2026-06-01 02:31:05.095 - aiperf.metrics.types.osl_mismatch_metrics - WARNING - OSL mismatch: got 500 tokens (requested 14, diff 3471.4%)
2026-06-01 02:31:05.119 - aiperf.metrics.types.osl_mismatch_metrics - WARNING - OSL mismatch: got 500 tokens (requested 30, diff 1566.7%)
2026-06-01 02:31:05.156 - aiperf.metrics.types.osl_mismatch_metrics - WARNING - OSL mismatch: got 500 tokens (requested 84, diff 495.2%)
2026-06-01 02:31:05.169 - aiperf.metrics.types.osl_mismatch_metrics - WARNING - OSL mismatch: got 500 tokens (requested 21, diff 2281.0%)
2026-06-01 02:31:05.227 - aiperf.metrics.types.osl_mismatch_metrics - WARNING - OSL mismatch: got 263 tokens (requested 132, diff 99.2%)
2026-06-01 02:31:05.395 - aiperf.metrics.types.osl_mismatch_metrics - WARNING - OSL mismatch: got 500 tokens (requested 276, diff 81.2%)
2026-06-01 02:31:05.408 - aiperf.metrics.types.osl_mismatch_metrics - WARNING - OSL mismatch: got 500 tokens (requested 8, diff 6150.0%)
2026-06-01 02:31:05.409 - aiperf.metrics.types.osl_mismatch_metrics - WARNING - OSL mismatch: got 500 tokens (requested 23, diff 2073.9%)
2026-06-01 02:31:05.420 - aiperf.metrics.types.osl_mismatch_metrics - WARNING - OSL mismatch: got 500 tokens (requested 214, diff 133.6%)
2026-06-01 02:31:05.421 - aiperf.metrics.types.osl_mismatch_metrics - WARNING - OSL mismatch: got 500 tokens (requested 350, diff 42.9%)
2026-06-01 02:31:05.524 - aiperf.metrics.types.osl_mismatch_metrics - WARNING - OSL mismatch: got 500 tokens (requested 201, diff 148.8%)
2026-06-01 02:31:05.662 - aiperf.metrics.types.osl_mismatch_metrics - WARNING - OSL mismatch: got 500 tokens (requested 15, diff 3233.3%)
2026-06-01 02:31:05.739 - aiperf.metrics.types.osl_mismatch_metrics - WARNING - OSL mismatch: got 500 tokens (requested 769, diff -35.0%)
2026-06-01 02:31:05.886 - aiperf.metrics.types.osl_mismatch_metrics - WARNING - OSL mismatch: got 339 tokens (requested 85, diff 298.8%)
2026-06-01 02:31:05.926 - aiperf.metrics.types.osl_mismatch_metrics - WARNING - OSL mismatch: got 500 tokens (requested 31, diff 1512.9%)
2026-06-01 02:31:06.013 - aiperf.metrics.types.osl_mismatch_metrics - WARNING - OSL mismatch: got 500 tokens (requested 606, diff -17.5%)
2026-06-01 02:31:06.015 - aiperf.metrics.types.osl_mismatch_metrics - WARNING - OSL mismatch: got 500 tokens (requested 30, diff 1566.7%)
2026-06-01 02:31:06.022 - aiperf.metrics.types.osl_mismatch_metrics - WARNING - OSL mismatch: got 471 tokens (requested 32, diff 1371.9%)
2026-06-01 02:31:06.099 - aiperf.metrics.types.osl_mismatch_metrics - WARNING - OSL mismatch: got 500 tokens (requested 457, diff 9.4%)
2026-06-01 02:31:06.109 - aiperf.metrics.types.osl_mismatch_metrics - WARNING - OSL mismatch: got 296 tokens (requested 107, diff 176.6%)
2026-06-01 02:31:06.139 - aiperf.metrics.types.osl_mismatch_metrics - WARNING - OSL mismatch: got 500 tokens (requested 8, diff 6150.0%)
2026-06-01 02:31:06.218 - aiperf.metrics.types.osl_mismatch_metrics - WARNING - OSL mismatch: got 170 tokens (requested 148, diff 14.9%)
2026-06-01 02:31:06.299 - aiperf.metrics.types.osl_mismatch_metrics - WARNING - OSL mismatch: got 500 tokens (requested 21, diff 2281.0%)
2026-06-01 02:31:06.300 - aiperf.metrics.types.osl_mismatch_metrics - WARNING - OSL mismatch: got 500 tokens (requested 402, diff 24.4%)
2026-06-01 02:31:06.368 - aiperf.metrics.types.osl_mismatch_metrics - WARNING - OSL mismatch: got 212 tokens (requested 31, diff 583.9%)
2026-06-01 02:31:06.431 - aiperf.metrics.types.osl_mismatch_metrics - WARNING - OSL mismatch: got 500 tokens (requested 301, diff 66.1%)
2026-06-01 02:31:06.445 - aiperf.metrics.types.osl_mismatch_metrics - WARNING - OSL mismatch: got 500 tokens (requested 318, diff 57.2%)
2026-06-01 02:31:06.469 - aiperf.metrics.types.osl_mismatch_metrics - WARNING - OSL mismatch: got 500 tokens (requested 345, diff 44.9%)
2026-06-01 02:31:06.482 - aiperf.metrics.types.osl_mismatch_metrics - WARNING - OSL mismatch: got 450 tokens (requested 374, diff 20.3%)
2026-06-01 02:31:06.506 - aiperf.metrics.types.osl_mismatch_metrics - WARNING - OSL mismatch: got 500 tokens (requested 213, diff 134.7%)
2026-06-01 02:31:06.506 - aiperf.metrics.types.osl_mismatch_metrics - WARNING - OSL mismatch: got 500 tokens (requested 304, diff 64.5%)
2026-06-01 02:31:06.568 - aiperf.metrics.types.osl_mismatch_metrics - WARNING - OSL mismatch: got 500 tokens (requested 543, diff -7.9%)
2026-06-01 02:31:06.593 - aiperf.metrics.types.osl_mismatch_metrics - WARNING - OSL mismatch: got 500 tokens (requested 191, diff 161.8%)
2026-06-01 02:31:06.677 - aiperf.metrics.types.osl_mismatch_metrics - WARNING - OSL mismatch: got 266 tokens (requested 217, diff 22.6%)
2026-06-01 02:31:06.790 - aiperf.metrics.types.osl_mismatch_metrics - WARNING - OSL mismatch: got 500 tokens (requested 15, diff 3233.3%)
2026-06-01 02:31:06.865 - aiperf.metrics.types.osl_mismatch_metrics - WARNING - OSL mismatch: got 500 tokens (requested 13, diff 3746.2%)
2026-06-01 02:31:06.942 - aiperf.metrics.types.osl_mismatch_metrics - WARNING - OSL mismatch: got 500 tokens (requested 10, diff 4900.0%)
2026-06-01 02:31:06.990 - aiperf.metrics.types.osl_mismatch_metrics - WARNING - OSL mismatch: got 500 tokens (requested 21, diff 2281.0%)
2026-06-01 02:31:07.087 - aiperf.metrics.types.osl_mismatch_metrics - WARNING - OSL mismatch: got 500 tokens (requested 15, diff 3233.3%)
2026-06-01 02:31:07.173 - aiperf.metrics.types.osl_mismatch_metrics - WARNING - OSL mismatch: got 489 tokens (requested 77, diff 535.1%)
2026-06-01 02:31:07.233 - aiperf.metrics.types.osl_mismatch_metrics - WARNING - OSL mismatch: got 248 tokens (requested 338, diff -26.6%)
2026-06-01 02:31:07.236 - aiperf.metrics.types.osl_mismatch_metrics - WARNING - OSL mismatch: got 500 tokens (requested 5, diff 9900.0%)
2026-06-01 02:31:07.236 - aiperf.metrics.types.osl_mismatch_metrics - WARNING - OSL mismatch: got 500 tokens (requested 121, diff 313.2%)
2026-06-01 02:31:07.252 - aiperf.metrics.types.osl_mismatch_metrics - WARNING - OSL mismatch: got 11 tokens (requested 10, diff 10.0%)
2026-06-01 02:31:07.295 - aiperf.metrics.types.osl_mismatch_metrics - WARNING - OSL mismatch: got 500 tokens (requested 53, diff 843.4%)
2026-06-01 02:31:07.308 - aiperf.metrics.types.osl_mismatch_metrics - WARNING - OSL mismatch: got 500 tokens (requested 354, diff 41.2%)
2026-06-01 02:31:07.323 - aiperf.metrics.types.osl_mismatch_metrics - WARNING - OSL mismatch: got 500 tokens (requested 34, diff 1370.6%)
2026-06-01 02:31:07.346 - aiperf.metrics.types.osl_mismatch_metrics - WARNING - OSL mismatch: got 500 tokens (requested 452, diff 10.6%)
2026-06-01 02:31:07.347 - aiperf.metrics.types.osl_mismatch_metrics - WARNING - OSL mismatch: got 500 tokens (requested 113, diff 342.5%)
2026-06-01 02:31:07.360 - aiperf.metrics.types.osl_mismatch_metrics - WARNING - OSL mismatch: got 500 tokens (requested 13, diff 3746.2%)
2026-06-01 02:31:07.360 - aiperf.metrics.types.osl_mismatch_metrics - WARNING - OSL mismatch: got 500 tokens (requested 12, diff 4066.7%)
2026-06-01 02:31:07.361 - aiperf.metrics.types.osl_mismatch_metrics - WARNING - OSL mismatch: got 500 tokens (requested 775, diff -35.5%)
2026-06-01 02:31:07.407 - aiperf.metrics.types.osl_mismatch_metrics - WARNING - OSL mismatch: got 500 tokens (requested 283, diff 76.7%)
2026-06-01 02:31:07.460 - aiperf.metrics.types.osl_mismatch_metrics - WARNING - OSL mismatch: got 500 tokens (requested 11, diff 4445.5%)
2026-06-01 02:31:07.493 - aiperf.metrics.types.osl_mismatch_metrics - WARNING - OSL mismatch: got 359 tokens (requested 15, diff 2293.3%)
2026-06-01 02:31:07.620 - aiperf.metrics.types.osl_mismatch_metrics - WARNING - OSL mismatch: got 500 tokens (requested 12, diff 4066.7%)
2026-06-01 02:31:07.706 - aiperf.metrics.types.osl_mismatch_metrics - WARNING - OSL mismatch: got 500 tokens (requested 413, diff 21.1%)
2026-06-01 02:31:07.708 - aiperf.metrics.types.osl_mismatch_metrics - WARNING - OSL mismatch: got 500 tokens (requested 22, diff 2172.7%)
2026-06-01 02:31:07.862 - aiperf.metrics.types.osl_mismatch_metrics - WARNING - OSL mismatch: got 209 tokens (requested 14, diff 1392.9%)
2026-06-01 02:31:07.867 - aiperf.metrics.types.osl_mismatch_metrics - WARNING - OSL mismatch: got 500 tokens (requested 16, diff 3025.0%)
2026-06-01 02:31:07.880 - aiperf.metrics.types.osl_mismatch_metrics - WARNING - OSL mismatch: got 500 tokens (requested 203, diff 146.3%)
2026-06-01 02:31:07.963 - aiperf.metrics.types.osl_mismatch_metrics - WARNING - OSL mismatch: got 500 tokens (requested 54, diff 825.9%)
2026-06-01 02:31:08.075 - aiperf.metrics.types.osl_mismatch_metrics - WARNING - OSL mismatch: got 500 tokens (requested 609, diff -17.9%)
2026-06-01 02:31:08.151 - aiperf.metrics.types.osl_mismatch_metrics - WARNING - OSL mismatch: got 500 tokens (requested 698, diff -28.4%)
2026-06-01 02:31:08.162 - aiperf.metrics.types.osl_mismatch_metrics - WARNING - OSL mismatch: got 500 tokens (requested 44, diff 1036.4%)
2026-06-01 02:31:08.196 - aiperf.metrics.types.osl_mismatch_metrics - WARNING - OSL mismatch: got 500 tokens (requested 267, diff 87.3%)
2026-06-01 02:31:08.212 - aiperf.metrics.types.osl_mismatch_metrics - WARNING - OSL mismatch: got 500 tokens (requested 404, diff 23.8%)
2026-06-01 02:31:08.251 - aiperf.metrics.types.osl_mismatch_metrics - WARNING - OSL mismatch: got 500 tokens (requested 230, diff 117.4%)
2026-06-01 02:31:08.261 - aiperf.metrics.types.osl_mismatch_metrics - WARNING - OSL mismatch: got 500 tokens (requested 162, diff 208.6%)
2026-06-01 02:31:08.392 - aiperf.metrics.types.osl_mismatch_metrics - WARNING - OSL mismatch: got 149 tokens (requested 264, diff -43.6%)
2026-06-01 02:31:08.412 - aiperf.metrics.types.osl_mismatch_metrics - WARNING - OSL mismatch: got 500 tokens (requested 18, diff 2677.8%)
2026-06-01 02:31:08.505 - aiperf.metrics.types.osl_mismatch_metrics - WARNING - OSL mismatch: got 500 tokens (requested 443, diff 12.9%)
2026-06-01 02:31:08.607 - aiperf.metrics.types.osl_mismatch_metrics - WARNING - OSL mismatch: got 500 tokens (requested 26, diff 1823.1%)
2026-06-01 02:31:08.641 - aiperf.metrics.types.osl_mismatch_metrics - WARNING - OSL mismatch: got 500 tokens (requested 559, diff -10.6%)
2026-06-01 02:31:08.655 - aiperf.metrics.types.osl_mismatch_metrics - WARNING - OSL mismatch: got 500 tokens (requested 10, diff 4900.0%)
2026-06-01 02:31:08.812 - aiperf.metrics.types.osl_mismatch_metrics - WARNING - OSL mismatch: got 500 tokens (requested 128, diff 290.6%)
2026-06-01 02:31:08.824 - aiperf.metrics.types.osl_mismatch_metrics - WARNING - OSL mismatch: got 340 tokens (requested 6, diff 5566.7%)
2026-06-01 02:31:08.827 - aiperf.metrics.types.osl_mismatch_metrics - WARNING - OSL mismatch: got 500 tokens (requested 39, diff 1182.1%)
2026-06-01 02:31:08.838 - aiperf.metrics.types.osl_mismatch_metrics - WARNING - OSL mismatch: got 500 tokens (requested 318, diff 57.2%)
2026-06-01 02:31:08.839 - aiperf.metrics.types.osl_mismatch_metrics - WARNING - OSL mismatch: got 500 tokens (requested 291, diff 71.8%)
2026-06-01 02:31:08.859 - aiperf.metrics.types.osl_mismatch_metrics - WARNING - OSL mismatch: got 500 tokens (requested 239, diff 109.2%)
2026-06-01 02:31:08.860 - aiperf.metrics.types.osl_mismatch_metrics - WARNING - OSL mismatch: got 500 tokens (requested 225, diff 122.2%)
2026-06-01 02:31:08.872 - aiperf.metrics.types.osl_mismatch_metrics - WARNING - OSL mismatch: got 500 tokens (requested 469, diff 6.6%)
2026-06-01 02:31:09.020 - aiperf.metrics.types.osl_mismatch_metrics - WARNING - OSL mismatch: got 500 tokens (requested 358, diff 39.7%)
2026-06-01 02:31:09.022 - aiperf.metrics.types.osl_mismatch_metrics - WARNING - OSL mismatch: got 500 tokens (requested 620, diff -19.4%)
2026-06-01 02:31:09.030 - aiperf.metrics.types.osl_mismatch_metrics - WARNING - OSL mismatch: got 500 tokens (requested 451, diff 10.9%)
2026-06-01 02:31:09.052 - aiperf.metrics.types.osl_mismatch_metrics - WARNING - OSL mismatch: got 370 tokens (requested 38, diff 873.7%)
2026-06-01 02:31:09.090 - aiperf.metrics.types.osl_mismatch_metrics - WARNING - OSL mismatch: got 500 tokens (requested 270, diff 85.2%)
2026-06-01 02:31:09.140 - aiperf.metrics.types.osl_mismatch_metrics - WARNING - OSL mismatch: got 500 tokens (requested 52, diff 861.5%)
2026-06-01 02:31:09.223 - aiperf.metrics.types.osl_mismatch_metrics - WARNING - OSL mismatch: got 452 tokens (requested 121, diff 273.6%)
2026-06-01 02:31:09.226 - aiperf.metrics.types.osl_mismatch_metrics - WARNING - OSL mismatch: got 500 tokens (requested 35, diff 1328.6%)
2026-06-01 02:31:09.272 - aiperf.metrics.types.osl_mismatch_metrics - WARNING - OSL mismatch: got 500 tokens (requested 11, diff 4445.5%)
2026-06-01 02:31:09.292 - aiperf.metrics.types.osl_mismatch_metrics - WARNING - OSL mismatch: got 306 tokens (requested 186, diff 64.5%)
2026-06-01 02:31:09.369 - aiperf.metrics.types.osl_mismatch_metrics - WARNING - OSL mismatch: got 500 tokens (requested 23, diff 2073.9%)
2026-06-01 02:31:09.396 - aiperf.metrics.types.osl_mismatch_metrics - WARNING - OSL mismatch: got 500 tokens (requested 7, diff 7042.9%)
2026-06-01 02:31:09.432 - aiperf.metrics.types.osl_mismatch_metrics - WARNING - OSL mismatch: got 500 tokens (requested 83, diff 502.4%)
2026-06-01 02:31:09.477 - aiperf.metrics.types.osl_mismatch_metrics - WARNING - OSL mismatch: got 274 tokens (requested 100, diff 174.0%)
2026-06-01 02:31:09.733 - aiperf.metrics.types.osl_mismatch_metrics - WARNING - OSL mismatch: got 500 tokens (requested 9, diff 5455.6%)
2026-06-01 02:31:09.782 - aiperf.metrics.types.osl_mismatch_metrics - WARNING - OSL mismatch: got 500 tokens (requested 134, diff 273.1%)
2026-06-01 02:31:09.795 - aiperf.metrics.types.osl_mismatch_metrics - WARNING - OSL mismatch: got 500 tokens (requested 7, diff 7042.9%)
2026-06-01 02:31:09.806 - aiperf.metrics.types.osl_mismatch_metrics - WARNING - OSL mismatch: got 500 tokens (requested 82, diff 509.8%)
2026-06-01 02:31:09.808 - aiperf.metrics.types.osl_mismatch_metrics - WARNING - OSL mismatch: got 500 tokens (requested 161, diff 210.6%)
2026-06-01 02:31:09.821 - aiperf.metrics.types.osl_mismatch_metrics - WARNING - OSL mismatch: got 500 tokens (requested 35, diff 1328.6%)
2026-06-01 02:31:09.844 - aiperf.metrics.types.osl_mismatch_metrics - WARNING - OSL mismatch: got 500 tokens (requested 17, diff 2841.2%)
2026-06-01 02:31:09.854 - aiperf.metrics.types.osl_mismatch_metrics - WARNING - OSL mismatch: got 500 tokens (requested 696, diff -28.2%)
2026-06-01 02:31:09.928 - aiperf.metrics.types.osl_mismatch_metrics - WARNING - OSL mismatch: got 460 tokens (requested 64, diff 618.8%)
2026-06-01 02:31:09.985 - aiperf.metrics.types.osl_mismatch_metrics - WARNING - OSL mismatch: got 500 tokens (requested 242, diff 106.6%)
2026-06-01 02:31:10.061 - aiperf.metrics.types.osl_mismatch_metrics - WARNING - OSL mismatch: got 500 tokens (requested 34, diff 1370.6%)
2026-06-01 02:31:10.223 - aiperf.metrics.types.osl_mismatch_metrics - WARNING - OSL mismatch: got 500 tokens (requested 11, diff 4445.5%)
2026-06-01 02:31:10.238 - aiperf.metrics.types.osl_mismatch_metrics - WARNING - OSL mismatch: got 500 tokens (requested 33, diff 1415.2%)
2026-06-01 02:31:10.257 - aiperf.metrics.types.osl_mismatch_metrics - WARNING - OSL mismatch: got 419 tokens (requested 162, diff 158.6%)
2026-06-01 02:31:10.285 - aiperf.metrics.types.osl_mismatch_metrics - WARNING - OSL mismatch: got 500 tokens (requested 340, diff 47.1%)
2026-06-01 02:31:10.309 - aiperf.metrics.types.osl_mismatch_metrics - WARNING - OSL mismatch: got 500 tokens (requested 120, diff 316.7%)
2026-06-01 02:31:10.378 - aiperf.metrics.types.osl_mismatch_metrics - WARNING - OSL mismatch: got 91 tokens (requested 14, diff 550.0%)
2026-06-01 02:31:10.409 - aiperf.metrics.types.osl_mismatch_metrics - WARNING - OSL mismatch: got 500 tokens (requested 18, diff 2677.8%)
2026-06-01 02:31:10.525 - aiperf.metrics.types.osl_mismatch_metrics - WARNING - OSL mismatch: got 23 tokens (requested 12, diff 91.7%)
2026-06-01 02:31:10.546 - aiperf.metrics.types.osl_mismatch_metrics - WARNING - OSL mismatch: got 500 tokens (requested 644, diff -22.4%)
2026-06-01 02:31:10.608 - aiperf.metrics.types.osl_mismatch_metrics - WARNING - OSL mismatch: got 500 tokens (requested 23, diff 2073.9%)
2026-06-01 02:31:10.653 - aiperf.metrics.types.osl_mismatch_metrics - WARNING - OSL mismatch: got 500 tokens (requested 604, diff -17.2%)
2026-06-01 02:31:10.692 - aiperf.metrics.types.osl_mismatch_metrics - WARNING - OSL mismatch: got 500 tokens (requested 43, diff 1062.8%)
2026-06-01 02:31:10.758 - aiperf.metrics.types.osl_mismatch_metrics - WARNING - OSL mismatch: got 142 tokens (requested 23, diff 517.4%)
2026-06-01 02:31:10.872 - aiperf.metrics.types.osl_mismatch_metrics - WARNING - OSL mismatch: got 153 tokens (requested 127, diff 20.5%)
2026-06-01 02:31:10.876 - aiperf.metrics.types.osl_mismatch_metrics - WARNING - OSL mismatch: got 402 tokens (requested 90, diff 346.7%)
2026-06-01 02:31:10.878 - aiperf.metrics.types.osl_mismatch_metrics - WARNING - OSL mismatch: got 500 tokens (requested 13, diff 3746.2%)
2026-06-01 02:31:10.950 - aiperf.metrics.types.osl_mismatch_metrics - WARNING - OSL mismatch: got 500 tokens (requested 45, diff 1011.1%)
2026-06-01 02:31:11.030 - aiperf.metrics.types.osl_mismatch_metrics - WARNING - OSL mismatch: got 60 tokens (requested 89, diff -32.6%)
2026-06-01 02:31:11.058 - aiperf.metrics.types.osl_mismatch_metrics - WARNING - OSL mismatch: got 230 tokens (requested 561, diff -59.0%)
2026-06-01 02:31:11.061 - aiperf.metrics.types.osl_mismatch_metrics - WARNING - OSL mismatch: got 500 tokens (requested 686, diff -27.1%)
2026-06-01 02:31:11.077 - aiperf.metrics.types.osl_mismatch_metrics - WARNING - OSL mismatch: got 500 tokens (requested 297, diff 68.4%)
2026-06-01 02:31:11.136 - aiperf.metrics.types.osl_mismatch_metrics - WARNING - OSL mismatch: got 500 tokens (requested 13, diff 3746.2%)
2026-06-01 02:31:11.146 - aiperf.metrics.types.osl_mismatch_metrics - WARNING - OSL mismatch: got 500 tokens (requested 4, diff 12400.0%)
2026-06-01 02:31:11.258 - aiperf.metrics.types.osl_mismatch_metrics - WARNING - OSL mismatch: got 500 tokens (requested 254, diff 96.9%)
2026-06-01 02:31:11.266 - aiperf.metrics.types.osl_mismatch_metrics - WARNING - OSL mismatch: got 117 tokens (requested 167, diff -29.9%)
2026-06-01 02:31:11.293 - aiperf.metrics.types.osl_mismatch_metrics - WARNING - OSL mismatch: got 500 tokens (requested 354, diff 41.2%)
2026-06-01 02:31:11.527 - aiperf.metrics.types.osl_mismatch_metrics - WARNING - OSL mismatch: got 141 tokens (requested 12, diff 1075.0%)
2026-06-01 02:31:11.660 - aiperf.metrics.types.osl_mismatch_metrics - WARNING - OSL mismatch: got 39 tokens (requested 72, diff -45.8%)
2026-06-01 02:31:11.766 - aiperf.metrics.types.osl_mismatch_metrics - WARNING - OSL mismatch: got 500 tokens (requested 530, diff -5.7%)
2026-06-01 02:31:11.811 - aiperf.metrics.types.osl_mismatch_metrics - WARNING - OSL mismatch: got 148 tokens (requested 332, diff -55.4%)
2026-06-01 02:31:12.190 - aiperf.metrics.types.osl_mismatch_metrics - WARNING - OSL mismatch: got 500 tokens (requested 5, diff 9900.0%)
2026-06-01 02:31:12.300 - aiperf.metrics.types.osl_mismatch_metrics - WARNING - OSL mismatch: got 354 tokens (requested 73, diff 384.9%)
2026-06-01 02:31:12.337 - aiperf.metrics.types.osl_mismatch_metrics - WARNING - OSL mismatch: got 259 tokens (requested 404, diff -35.9%)
2026-06-01 02:31:12.341 - aiperf.metrics.types.osl_mismatch_metrics - WARNING - OSL mismatch: got 500 tokens (requested 276, diff 81.2%)
2026-06-01 02:31:12.438 - aiperf.metrics.types.osl_mismatch_metrics - WARNING - OSL mismatch: got 424 tokens (requested 170, diff 149.4%)
2026-06-01 02:31:12.512 - aiperf.metrics.types.osl_mismatch_metrics - WARNING - OSL mismatch: got 500 tokens (requested 607, diff -17.6%)
2026-06-01 02:31:12.613 - aiperf.metrics.types.osl_mismatch_metrics - WARNING - OSL mismatch: got 500 tokens (requested 7, diff 7042.9%)
2026-06-01 02:31:12.633 - aiperf.metrics.types.osl_mismatch_metrics - WARNING - OSL mismatch: got 185 tokens (requested 101, diff 83.2%)
2026-06-01 02:31:12.651 - aiperf.metrics.types.osl_mismatch_metrics - WARNING - OSL mismatch: got 500 tokens (requested 529, diff -5.5%)
2026-06-01 02:31:12.795 - aiperf.metrics.types.osl_mismatch_metrics - WARNING - OSL mismatch: got 58 tokens (requested 147, diff -60.5%)
2026-06-01 02:31:12.801 - aiperf.metrics.types.osl_mismatch_metrics - WARNING - OSL mismatch: got 500 tokens (requested 595, diff -16.0%)
2026-06-01 02:31:12.836 - aiperf.metrics.types.osl_mismatch_metrics - WARNING - OSL mismatch: got 245 tokens (requested 562, diff -56.4%)
2026-06-01 02:31:12.840 - aiperf.metrics.types.osl_mismatch_metrics - WARNING - OSL mismatch: got 500 tokens (requested 21, diff 2281.0%)
2026-06-01 02:31:12.864 - aiperf.metrics.types.osl_mismatch_metrics - WARNING - OSL mismatch: got 500 tokens (requested 101, diff 395.0%)
2026-06-01 02:31:12.893 - aiperf.metrics.types.osl_mismatch_metrics - WARNING - OSL mismatch: got 500 tokens (requested 287, diff 74.2%)
2026-06-01 02:31:12.954 - aiperf.metrics.types.osl_mismatch_metrics - WARNING - OSL mismatch: got 500 tokens (requested 103, diff 385.4%)
2026-06-01 02:31:13.016 - aiperf.metrics.types.osl_mismatch_metrics - WARNING - OSL mismatch: got 500 tokens (requested 11, diff 4445.5%)
2026-06-01 02:31:13.092 - aiperf.metrics.types.osl_mismatch_metrics - WARNING - OSL mismatch: got 500 tokens (requested 234, diff 113.7%)
2026-06-01 02:31:13.094 - aiperf.metrics.types.osl_mismatch_metrics - WARNING - OSL mismatch: got 500 tokens (requested 12, diff 4066.7%)
2026-06-01 02:31:13.172 - aiperf.metrics.types.osl_mismatch_metrics - WARNING - OSL mismatch: got 500 tokens (requested 325, diff 53.8%)
2026-06-01 02:31:13.180 - aiperf.metrics.types.osl_mismatch_metrics - WARNING - OSL mismatch: got 61 tokens (requested 129, diff -52.7%)
2026-06-01 02:31:13.199 - aiperf.metrics.types.osl_mismatch_metrics - WARNING - OSL mismatch: got 500 tokens (requested 37, diff 1251.4%)
2026-06-01 02:31:13.297 - aiperf.metrics.types.osl_mismatch_metrics - WARNING - OSL mismatch: got 500 tokens (requested 92, diff 443.5%)
2026-06-01 02:31:13.309 - aiperf.metrics.types.osl_mismatch_metrics - WARNING - OSL mismatch: got 500 tokens (requested 250, diff 100.0%)
2026-06-01 02:31:13.347 - aiperf.metrics.types.osl_mismatch_metrics - WARNING - OSL mismatch: got 437 tokens (requested 297, diff 47.1%)
2026-06-01 02:31:13.380 - aiperf.metrics.types.osl_mismatch_metrics - WARNING - OSL mismatch: got 500 tokens (requested 290, diff 72.4%)
2026-06-01 02:31:13.384 - aiperf.metrics.types.osl_mismatch_metrics - WARNING - OSL mismatch: got 500 tokens (requested 415, diff 20.5%)
2026-06-01 02:31:13.510 - aiperf.metrics.types.osl_mismatch_metrics - WARNING - OSL mismatch: got 500 tokens (requested 20, diff 2400.0%)
2026-06-01 02:31:13.524 - aiperf.metrics.types.osl_mismatch_metrics - WARNING - OSL mismatch: got 500 tokens (requested 14, diff 3471.4%)
2026-06-01 02:31:13.578 - aiperf.metrics.types.osl_mismatch_metrics - WARNING - OSL mismatch: got 76 tokens (requested 488, diff -84.4%)
2026-06-01 02:31:13.672 - aiperf.metrics.types.osl_mismatch_metrics - WARNING - OSL mismatch: got 500 tokens (requested 929, diff -46.2%)
2026-06-01 02:31:13.673 - aiperf.metrics.types.osl_mismatch_metrics - WARNING - OSL mismatch: got 500 tokens (requested 614, diff -18.6%)
2026-06-01 02:31:13.674 - aiperf.metrics.types.osl_mismatch_metrics - WARNING - OSL mismatch: got 500 tokens (requested 5, diff 9900.0%)
2026-06-01 02:31:13.744 - aiperf.metrics.types.osl_mismatch_metrics - WARNING - OSL mismatch: got 281 tokens (requested 158, diff 77.8%)
2026-06-01 02:31:13.798 - aiperf.metrics.types.osl_mismatch_metrics - WARNING - OSL mismatch: got 500 tokens (requested 331, diff 51.1%)
2026-06-01 02:31:13.800 - aiperf.metrics.types.osl_mismatch_metrics - WARNING - OSL mismatch: got 500 tokens (requested 34, diff 1370.6%)
2026-06-01 02:31:13.839 - aiperf.metrics.types.osl_mismatch_metrics - WARNING - OSL mismatch: got 95 tokens (requested 774, diff -87.7%)
2026-06-01 02:31:13.896 - aiperf.metrics.types.osl_mismatch_metrics - WARNING - OSL mismatch: got 500 tokens (requested 230, diff 117.4%)
2026-06-01 02:31:13.910 - aiperf.metrics.types.osl_mismatch_metrics - WARNING - OSL mismatch: got 500 tokens (requested 34, diff 1370.6%)
2026-06-01 02:31:13.910 - aiperf.metrics.types.osl_mismatch_metrics - WARNING - OSL mismatch: got 500 tokens (requested 17, diff 2841.2%)
2026-06-01 02:31:13.920 - aiperf.metrics.types.osl_mismatch_metrics - WARNING - OSL mismatch: got 458 tokens (requested 275, diff 66.5%)
2026-06-01 02:31:14.006 - aiperf.metrics.types.osl_mismatch_metrics - WARNING - OSL mismatch: got 500 tokens (requested 9, diff 5455.6%)
2026-06-01 02:31:14.033 - aiperf.metrics.types.osl_mismatch_metrics - WARNING - OSL mismatch: got 500 tokens (requested 420, diff 19.0%)
2026-06-01 02:31:14.055 - aiperf.metrics.types.osl_mismatch_metrics - WARNING - OSL mismatch: got 500 tokens (requested 637, diff -21.5%)
2026-06-01 02:31:14.083 - aiperf.metrics.types.osl_mismatch_metrics - WARNING - OSL mismatch: got 500 tokens (requested 15, diff 3233.3%)
2026-06-01 02:31:14.153 - aiperf.metrics.types.osl_mismatch_metrics - WARNING - OSL mismatch: got 325 tokens (requested 362, diff -10.2%)
2026-06-01 02:31:14.176 - aiperf.metrics.types.osl_mismatch_metrics - WARNING - OSL mismatch: got 310 tokens (requested 6, diff 5066.7%)
2026-06-01 02:31:14.190 - aiperf.metrics.types.osl_mismatch_metrics - WARNING - OSL mismatch: got 500 tokens (requested 690, diff -27.5%)
2026-06-01 02:31:14.263 - aiperf.metrics.types.osl_mismatch_metrics - WARNING - OSL mismatch: got 500 tokens (requested 84, diff 495.2%)
2026-06-01 02:31:14.390 - aiperf.metrics.types.osl_mismatch_metrics - WARNING - OSL mismatch: got 500 tokens (requested 40, diff 1150.0%)
2026-06-01 02:31:14.404 - aiperf.metrics.types.osl_mismatch_metrics - WARNING - OSL mismatch: got 500 tokens (requested 8, diff 6150.0%)
2026-06-01 02:31:14.418 - aiperf.metrics.types.osl_mismatch_metrics - WARNING - OSL mismatch: got 500 tokens (requested 175, diff 185.7%)
2026-06-01 02:31:14.418 - aiperf.metrics.types.osl_mismatch_metrics - WARNING - OSL mismatch: got 500 tokens (requested 147, diff 240.1%)
2026-06-01 02:31:14.430 - aiperf.metrics.types.osl_mismatch_metrics - WARNING - OSL mismatch: got 477 tokens (requested 188, diff 153.7%)
2026-06-01 02:31:14.487 - aiperf.metrics.types.osl_mismatch_metrics - WARNING - OSL mismatch: got 143 tokens (requested 18, diff 694.4%)
2026-06-01 02:31:14.534 - aiperf.metrics.types.osl_mismatch_metrics - WARNING - OSL mismatch: got 500 tokens (requested 21, diff 2281.0%)
2026-06-01 02:31:14.534 - aiperf.metrics.types.osl_mismatch_metrics - WARNING - OSL mismatch: got 500 tokens (requested 427, diff 17.1%)
2026-06-01 02:31:14.542 - aiperf.metrics.types.osl_mismatch_metrics - WARNING - OSL mismatch: got 500 tokens (requested 6, diff 8233.3%)
2026-06-01 02:31:14.555 - aiperf.metrics.types.osl_mismatch_metrics - WARNING - OSL mismatch: got 372 tokens (requested 336, diff 10.7%)
2026-06-01 02:31:14.568 - aiperf.metrics.types.osl_mismatch_metrics - WARNING - OSL mismatch: got 500 tokens (requested 114, diff 338.6%)
2026-06-01 02:31:14.630 - aiperf.metrics.types.osl_mismatch_metrics - WARNING - OSL mismatch: got 500 tokens (requested 375, diff 33.3%)
2026-06-01 02:31:14.666 - aiperf.metrics.types.osl_mismatch_metrics - WARNING - OSL mismatch: got 500 tokens (requested 467, diff 7.1%)
2026-06-01 02:31:14.714 - aiperf.metrics.types.osl_mismatch_metrics - WARNING - OSL mismatch: got 500 tokens (requested 413, diff 21.1%)
2026-06-01 02:31:14.742 - aiperf.metrics.types.osl_mismatch_metrics - WARNING - OSL mismatch: got 500 tokens (requested 6, diff 8233.3%)
2026-06-01 02:31:14.752 - aiperf.metrics.types.osl_mismatch_metrics - WARNING - OSL mismatch: got 500 tokens (requested 474, diff 5.5%)
2026-06-01 02:31:14.791 - aiperf.metrics.types.osl_mismatch_metrics - WARNING - OSL mismatch: got 500 tokens (requested 15, diff 3233.3%)
2026-06-01 02:31:14.816 - aiperf.metrics.types.osl_mismatch_metrics - WARNING - OSL mismatch: got 500 tokens (requested 474, diff 5.5%)
2026-06-01 02:31:14.857 - aiperf.metrics.types.osl_mismatch_metrics - WARNING - OSL mismatch: got 41 tokens (requested 17, diff 141.2%)
2026-06-01 02:31:14.876 - aiperf.metrics.types.osl_mismatch_metrics - WARNING - OSL mismatch: got 500 tokens (requested 244, diff 104.9%)
2026-06-01 02:31:15.022 - aiperf.metrics.types.osl_mismatch_metrics - WARNING - OSL mismatch: got 500 tokens (requested 203, diff 146.3%)
2026-06-01 02:31:15.123 - aiperf.metrics.types.osl_mismatch_metrics - WARNING - OSL mismatch: got 430 tokens (requested 269, diff 59.9%)
2026-06-01 02:31:15.124 - aiperf.metrics.types.osl_mismatch_metrics - WARNING - OSL mismatch: got 500 tokens (requested 6, diff 8233.3%)
2026-06-01 02:31:15.141 - aiperf.metrics.types.osl_mismatch_metrics - WARNING - OSL mismatch: got 500 tokens (requested 105, diff 376.2%)
2026-06-01 02:31:15.150 - aiperf.metrics.types.osl_mismatch_metrics - WARNING - OSL mismatch: got 289 tokens (requested 241, diff 19.9%)
2026-06-01 02:31:15.163 - aiperf.metrics.types.osl_mismatch_metrics - WARNING - OSL mismatch: got 244 tokens (requested 56, diff 335.7%)
2026-06-01 02:31:15.241 - aiperf.metrics.types.osl_mismatch_metrics - WARNING - OSL mismatch: got 500 tokens (requested 383, diff 30.5%)
2026-06-01 02:31:15.288 - aiperf.metrics.types.osl_mismatch_metrics - WARNING - OSL mismatch: got 456 tokens (requested 34, diff 1241.2%)
2026-06-01 02:31:15.385 - aiperf.metrics.types.osl_mismatch_metrics - WARNING - OSL mismatch: got 500 tokens (requested 30, diff 1566.7%)
2026-06-01 02:31:15.523 - aiperf.metrics.types.osl_mismatch_metrics - WARNING - OSL mismatch: got 500 tokens (requested 342, diff 46.2%)
2026-06-01 02:31:15.563 - aiperf.metrics.types.osl_mismatch_metrics - WARNING - OSL mismatch: got 500 tokens (requested 4, diff 12400.0%)
2026-06-01 02:31:15.589 - aiperf.metrics.types.osl_mismatch_metrics - WARNING - OSL mismatch: got 500 tokens (requested 460, diff 8.7%)
2026-06-01 02:31:15.603 - aiperf.metrics.types.osl_mismatch_metrics - WARNING - OSL mismatch: got 500 tokens (requested 10, diff 4900.0%)
2026-06-01 02:31:15.618 - aiperf.metrics.types.osl_mismatch_metrics - WARNING - OSL mismatch: got 1 tokens (requested 46, diff -97.8%)
2026-06-01 02:31:15.637 - aiperf.metrics.types.osl_mismatch_metrics - WARNING - OSL mismatch: got 500 tokens (requested 687, diff -27.2%)
2026-06-01 02:31:15.668 - aiperf.metrics.types.osl_mismatch_metrics - WARNING - OSL mismatch: got 160 tokens (requested 84, diff 90.5%)
2026-06-01 02:31:15.709 - aiperf.metrics.types.osl_mismatch_metrics - WARNING - OSL mismatch: got 412 tokens (requested 245, diff 68.2%)
2026-06-01 02:31:15.754 - aiperf.metrics.types.osl_mismatch_metrics - WARNING - OSL mismatch: got 434 tokens (requested 21, diff 1966.7%)
2026-06-01 02:31:15.756 - aiperf.metrics.types.osl_mismatch_metrics - WARNING - OSL mismatch: got 484 tokens (requested 5, diff 9580.0%)
2026-06-01 02:31:15.925 - aiperf.metrics.types.osl_mismatch_metrics - WARNING - OSL mismatch: got 500 tokens (requested 46, diff 987.0%)
2026-06-01 02:31:15.998 - aiperf.metrics.types.osl_mismatch_metrics - WARNING - OSL mismatch: got 500 tokens (requested 6, diff 8233.3%)
2026-06-01 02:31:16.024 - aiperf.metrics.types.osl_mismatch_metrics - WARNING - OSL mismatch: got 500 tokens (requested 42, diff 1090.5%)
2026-06-01 02:31:16.168 - aiperf.metrics.types.osl_mismatch_metrics - WARNING - OSL mismatch: got 469 tokens (requested 705, diff -33.5%)
2026-06-01 02:31:16.219 - aiperf.metrics.types.osl_mismatch_metrics - WARNING - OSL mismatch: got 500 tokens (requested 170, diff 194.1%)
2026-06-01 02:31:16.222 - aiperf.metrics.types.osl_mismatch_metrics - WARNING - OSL mismatch: got 500 tokens (requested 33, diff 1415.2%)
2026-06-01 02:31:16.232 - aiperf.metrics.types.osl_mismatch_metrics - WARNING - OSL mismatch: got 500 tokens (requested 193, diff 159.1%)
2026-06-01 02:31:16.323 - aiperf.metrics.types.osl_mismatch_metrics - WARNING - OSL mismatch: got 500 tokens (requested 86, diff 481.4%)
2026-06-01 02:31:16.334 - aiperf.metrics.types.osl_mismatch_metrics - WARNING - OSL mismatch: got 500 tokens (requested 392, diff 27.6%)
2026-06-01 02:31:16.357 - aiperf.metrics.types.osl_mismatch_metrics - WARNING - OSL mismatch: got 500 tokens (requested 76, diff 557.9%)
2026-06-01 02:31:16.443 - aiperf.metrics.types.osl_mismatch_metrics - WARNING - OSL mismatch: got 500 tokens (requested 359, diff 39.3%)
2026-06-01 02:31:16.458 - aiperf.metrics.types.osl_mismatch_metrics - WARNING - OSL mismatch: got 500 tokens (requested 4, diff 12400.0%)
2026-06-01 02:31:16.469 - aiperf.metrics.types.osl_mismatch_metrics - WARNING - OSL mismatch: got 500 tokens (requested 450, diff 11.1%)
2026-06-01 02:31:16.481 - aiperf.metrics.types.osl_mismatch_metrics - WARNING - OSL mismatch: got 500 tokens (requested 667, diff -25.0%)
2026-06-01 02:31:16.482 - aiperf.metrics.types.osl_mismatch_metrics - WARNING - OSL mismatch: got 500 tokens (requested 255, diff 96.1%)
2026-06-01 02:31:16.490 - aiperf.metrics.types.osl_mismatch_metrics - WARNING - OSL mismatch: got 500 tokens (requested 741, diff -32.5%)
2026-06-01 02:31:16.493 - aiperf.metrics.types.osl_mismatch_metrics - WARNING - OSL mismatch: got 497 tokens (requested 167, diff 197.6%)
2026-06-01 02:31:16.598 - aiperf.metrics.types.osl_mismatch_metrics - WARNING - OSL mismatch: got 24 tokens (requested 32, diff -25.0%)
2026-06-01 02:31:16.700 - aiperf.metrics.types.osl_mismatch_metrics - WARNING - OSL mismatch: got 500 tokens (requested 589, diff -15.1%)
2026-06-01 02:31:16.873 - aiperf.metrics.types.osl_mismatch_metrics - WARNING - OSL mismatch: got 500 tokens (requested 630, diff -20.6%)
2026-06-01 02:31:16.946 - aiperf.metrics.types.osl_mismatch_metrics - WARNING - OSL mismatch: got 500 tokens (requested 138, diff 262.3%)
2026-06-01 02:31:16.960 - aiperf.metrics.types.osl_mismatch_metrics - WARNING - OSL mismatch: got 499 tokens (requested 259, diff 92.7%)
2026-06-01 02:31:17.013 - aiperf.metrics.types.osl_mismatch_metrics - WARNING - OSL mismatch: got 500 tokens (requested 437, diff 14.4%)
2026-06-01 02:31:17.110 - aiperf.metrics.types.osl_mismatch_metrics - WARNING - OSL mismatch: got 498 tokens (requested 191, diff 160.7%)
2026-06-01 02:31:17.120 - aiperf.metrics.types.osl_mismatch_metrics - WARNING - OSL mismatch: got 500 tokens (requested 410, diff 22.0%)
2026-06-01 02:31:17.205 - aiperf.metrics.types.osl_mismatch_metrics - WARNING - OSL mismatch: got 500 tokens (requested 166, diff 201.2%)
2026-06-01 02:31:17.217 - aiperf.metrics.types.osl_mismatch_metrics - WARNING - OSL mismatch: got 500 tokens (requested 8, diff 6150.0%)
2026-06-01 02:31:17.256 - aiperf.metrics.types.osl_mismatch_metrics - WARNING - OSL mismatch: got 500 tokens (requested 81, diff 517.3%)
2026-06-01 02:31:17.293 - aiperf.metrics.types.osl_mismatch_metrics - WARNING - OSL mismatch: got 500 tokens (requested 247, diff 102.4%)
2026-06-01 02:31:17.376 - aiperf.metrics.types.osl_mismatch_metrics - WARNING - OSL mismatch: got 500 tokens (requested 192, diff 160.4%)
2026-06-01 02:31:17.590 - aiperf.metrics.types.osl_mismatch_metrics - WARNING - OSL mismatch: got 500 tokens (requested 57, diff 777.2%)
2026-06-01 02:31:17.618 - aiperf.metrics.types.osl_mismatch_metrics - WARNING - OSL mismatch: got 125 tokens (requested 103, diff 21.4%)
2026-06-01 02:31:17.639 - aiperf.metrics.types.osl_mismatch_metrics - WARNING - OSL mismatch: got 500 tokens (requested 13, diff 3746.2%)
2026-06-01 02:31:17.659 - aiperf.metrics.types.osl_mismatch_metrics - WARNING - OSL mismatch: got 186 tokens (requested 80, diff 132.5%)
2026-06-01 02:31:17.664 - aiperf.metrics.types.osl_mismatch_metrics - WARNING - OSL mismatch: got 415 tokens (requested 368, diff 12.8%)
2026-06-01 02:31:17.727 - aiperf.metrics.types.osl_mismatch_metrics - WARNING - OSL mismatch: got 500 tokens (requested 253, diff 97.6%)
2026-06-01 02:31:17.751 - aiperf.metrics.types.osl_mismatch_metrics - WARNING - OSL mismatch: got 500 tokens (requested 74, diff 575.7%)
2026-06-01 02:31:17.787 - aiperf.metrics.types.osl_mismatch_metrics - WARNING - OSL mismatch: got 500 tokens (requested 155, diff 222.6%)
2026-06-01 02:31:17.914 - aiperf.metrics.types.osl_mismatch_metrics - WARNING - OSL mismatch: got 494 tokens (requested 105, diff 370.5%)
2026-06-01 02:31:18.008 - aiperf.metrics.types.osl_mismatch_metrics - WARNING - OSL mismatch: got 500 tokens (requested 249, diff 100.8%)
2026-06-01 02:31:18.087 - aiperf.metrics.types.osl_mismatch_metrics - WARNING - OSL mismatch: got 172 tokens (requested 67, diff 156.7%)
2026-06-01 02:31:18.118 - aiperf.metrics.types.osl_mismatch_metrics - WARNING - OSL mismatch: got 500 tokens (requested 18, diff 2677.8%)
2026-06-01 02:31:18.210 - aiperf.metrics.types.osl_mismatch_metrics - WARNING - OSL mismatch: got 22 tokens (requested 30, diff -26.7%)
2026-06-01 02:31:18.263 - aiperf.metrics.types.osl_mismatch_metrics - WARNING - OSL mismatch: got 430 tokens (requested 42, diff 923.8%)
2026-06-01 02:31:18.316 - aiperf.metrics.types.osl_mismatch_metrics - WARNING - OSL mismatch: got 500 tokens (requested 397, diff 25.9%)
2026-06-01 02:31:18.524 - aiperf.metrics.types.osl_mismatch_metrics - WARNING - OSL mismatch: got 500 tokens (requested 236, diff 111.9%)
2026-06-01 02:31:18.551 - aiperf.metrics.types.osl_mismatch_metrics - WARNING - OSL mismatch: got 500 tokens (requested 225, diff 122.2%)
2026-06-01 02:31:18.589 - aiperf.metrics.types.osl_mismatch_metrics - WARNING - OSL mismatch: got 500 tokens (requested 104, diff 380.8%)
2026-06-01 02:31:18.740 - aiperf.metrics.types.osl_mismatch_metrics - WARNING - OSL mismatch: got 58 tokens (requested 32, diff 81.2%)
2026-06-01 02:31:18.745 - aiperf.metrics.types.osl_mismatch_metrics - WARNING - OSL mismatch: got 482 tokens (requested 217, diff 122.1%)
2026-06-01 02:31:18.799 - aiperf.metrics.types.osl_mismatch_metrics - WARNING - OSL mismatch: got 500 tokens (requested 25, diff 1900.0%)
2026-06-01 02:31:18.808 - aiperf.metrics.types.osl_mismatch_metrics - WARNING - OSL mismatch: got 500 tokens (requested 226, diff 121.2%)
2026-06-01 02:31:18.929 - aiperf.metrics.types.osl_mismatch_metrics - WARNING - OSL mismatch: got 500 tokens (requested 233, diff 114.6%)
2026-06-01 02:31:19.056 - aiperf.metrics.types.osl_mismatch_metrics - WARNING - OSL mismatch: got 500 tokens (requested 93, diff 437.6%)
2026-06-01 02:31:19.057 - aiperf.metrics.types.osl_mismatch_metrics - WARNING - OSL mismatch: got 500 tokens (requested 259, diff 93.1%)
2026-06-01 02:31:19.094 - aiperf.metrics.types.osl_mismatch_metrics - WARNING - OSL mismatch: got 500 tokens (requested 297, diff 68.4%)
2026-06-01 02:31:19.242 - aiperf.metrics.types.osl_mismatch_metrics - WARNING - OSL mismatch: got 346 tokens (requested 4, diff 8550.0%)
2026-06-01 02:31:19.258 - aiperf.metrics.types.osl_mismatch_metrics - WARNING - OSL mismatch: got 500 tokens (requested 14, diff 3471.4%)
2026-06-01 02:31:19.306 - aiperf.metrics.types.osl_mismatch_metrics - WARNING - OSL mismatch: got 500 tokens (requested 260, diff 92.3%)
2026-06-01 02:31:19.355 - aiperf.metrics.types.osl_mismatch_metrics - WARNING - OSL mismatch: got 500 tokens (requested 37, diff 1251.4%)
2026-06-01 02:31:19.404 - aiperf.metrics.types.osl_mismatch_metrics - WARNING - OSL mismatch: got 500 tokens (requested 6, diff 8233.3%)
2026-06-01 02:31:19.418 - aiperf.metrics.types.osl_mismatch_metrics - WARNING - OSL mismatch: got 500 tokens (requested 23, diff 2073.9%)
2026-06-01 02:31:19.430 - aiperf.metrics.types.osl_mismatch_metrics - WARNING - OSL mismatch: got 500 tokens (requested 577, diff -13.3%)
2026-06-01 02:31:19.551 - aiperf.metrics.types.osl_mismatch_metrics - WARNING - OSL mismatch: got 500 tokens (requested 51, diff 880.4%)
2026-06-01 02:31:19.572 - aiperf.metrics.types.osl_mismatch_metrics - WARNING - OSL mismatch: got 500 tokens (requested 270, diff 85.2%)
2026-06-01 02:31:19.574 - aiperf.metrics.types.osl_mismatch_metrics - WARNING - OSL mismatch: got 500 tokens (requested 321, diff 55.8%)
2026-06-01 02:31:19.679 - aiperf.metrics.types.osl_mismatch_metrics - WARNING - OSL mismatch: got 41 tokens (requested 50, diff -18.0%)
2026-06-01 02:31:19.826 - aiperf.metrics.types.osl_mismatch_metrics - WARNING - OSL mismatch: got 500 tokens (requested 14, diff 3471.4%)
2026-06-01 02:31:19.918 - aiperf.metrics.types.osl_mismatch_metrics - WARNING - OSL mismatch: got 500 tokens (requested 117, diff 327.4%)
2026-06-01 02:31:20.001 - aiperf.metrics.types.osl_mismatch_metrics - WARNING - OSL mismatch: got 500 tokens (requested 52, diff 861.5%)
2026-06-01 02:31:20.003 - aiperf.metrics.types.osl_mismatch_metrics - WARNING - OSL mismatch: got 500 tokens (requested 30, diff 1566.7%)
2026-06-01 02:31:20.023 - aiperf.metrics.types.osl_mismatch_metrics - WARNING - OSL mismatch: got 500 tokens (requested 140, diff 257.1%)
2026-06-01 02:31:20.095 - aiperf.metrics.types.osl_mismatch_metrics - WARNING - OSL mismatch: got 500 tokens (requested 429, diff 16.6%)
2026-06-01 02:31:20.187 - aiperf.metrics.types.osl_mismatch_metrics - WARNING - OSL mismatch: got 500 tokens (requested 72, diff 594.4%)
2026-06-01 02:31:20.188 - aiperf.metrics.types.osl_mismatch_metrics - WARNING - OSL mismatch: got 500 tokens (requested 90, diff 455.6%)
2026-06-01 02:31:20.417 - aiperf.metrics.types.osl_mismatch_metrics - WARNING - OSL mismatch: got 264 tokens (requested 203, diff 30.0%)
2026-06-01 02:31:20.493 - aiperf.metrics.types.osl_mismatch_metrics - WARNING - OSL mismatch: got 500 tokens (requested 11, diff 4445.5%)
2026-06-01 02:31:20.515 - aiperf.metrics.types.osl_mismatch_metrics - WARNING - OSL mismatch: got 251 tokens (requested 18, diff 1294.4%)
2026-06-01 02:31:20.519 - aiperf.metrics.types.osl_mismatch_metrics - WARNING - OSL mismatch: got 500 tokens (requested 20, diff 2400.0%)
2026-06-01 02:31:20.593 - aiperf.metrics.types.osl_mismatch_metrics - WARNING - OSL mismatch: got 500 tokens (requested 15, diff 3233.3%)
2026-06-01 02:31:20.680 - aiperf.metrics.types.osl_mismatch_metrics - WARNING - OSL mismatch: got 500 tokens (requested 21, diff 2281.0%)
2026-06-01 02:31:20.702 - aiperf.metrics.types.osl_mismatch_metrics - WARNING - OSL mismatch: got 500 tokens (requested 315, diff 58.7%)
2026-06-01 02:31:20.779 - aiperf.metrics.types.osl_mismatch_metrics - WARNING - OSL mismatch: got 500 tokens (requested 20, diff 2400.0%)
2026-06-01 02:31:20.840 - aiperf.metrics.types.osl_mismatch_metrics - WARNING - OSL mismatch: got 500 tokens (requested 321, diff 55.8%)
2026-06-01 02:31:20.851 - aiperf.metrics.types.osl_mismatch_metrics - WARNING - OSL mismatch: got 500 tokens (requested 129, diff 287.6%)
2026-06-01 02:31:20.939 - aiperf.metrics.types.osl_mismatch_metrics - WARNING - OSL mismatch: got 500 tokens (requested 9, diff 5455.6%)
2026-06-01 02:31:21.014 - aiperf.metrics.types.osl_mismatch_metrics - WARNING - OSL mismatch: got 500 tokens (requested 28, diff 1685.7%)
2026-06-01 02:31:21.022 - aiperf.metrics.types.osl_mismatch_metrics - WARNING - OSL mismatch: got 419 tokens (requested 103, diff 306.8%)
2026-06-01 02:31:21.074 - aiperf.metrics.types.osl_mismatch_metrics - WARNING - OSL mismatch: got 500 tokens (requested 60, diff 733.3%)
2026-06-01 02:31:21.089 - aiperf.metrics.types.osl_mismatch_metrics - WARNING - OSL mismatch: got 500 tokens (requested 70, diff 614.3%)
2026-06-01 02:31:21.090 - aiperf.metrics.types.osl_mismatch_metrics - WARNING - OSL mismatch: got 500 tokens (requested 325, diff 53.8%)
2026-06-01 02:31:21.090 - aiperf.metrics.types.osl_mismatch_metrics - WARNING - OSL mismatch: got 500 tokens (requested 86, diff 481.4%)
2026-06-01 02:31:21.091 - aiperf.metrics.types.osl_mismatch_metrics - WARNING - OSL mismatch: got 500 tokens (requested 12, diff 4066.7%)
2026-06-01 02:31:21.117 - aiperf.metrics.types.osl_mismatch_metrics - WARNING - OSL mismatch: got 246 tokens (requested 156, diff 57.7%)
2026-06-01 02:31:21.163 - aiperf.metrics.types.osl_mismatch_metrics - WARNING - OSL mismatch: got 500 tokens (requested 353, diff 41.6%)
2026-06-01 02:31:21.212 - aiperf.metrics.types.osl_mismatch_metrics - WARNING - OSL mismatch: got 255 tokens (requested 15, diff 1600.0%)
2026-06-01 02:31:21.287 - aiperf.metrics.types.osl_mismatch_metrics - WARNING - OSL mismatch: got 500 tokens (requested 789, diff -36.6%)
2026-06-01 02:31:21.300 - aiperf.metrics.types.osl_mismatch_metrics - WARNING - OSL mismatch: got 500 tokens (requested 180, diff 177.8%)
2026-06-01 02:31:21.326 - aiperf.metrics.types.osl_mismatch_metrics - WARNING - OSL mismatch: got 500 tokens (requested 134, diff 273.1%)
2026-06-01 02:31:21.336 - aiperf.metrics.types.osl_mismatch_metrics - WARNING - OSL mismatch: got 336 tokens (requested 214, diff 57.0%)
2026-06-01 02:31:21.411 - aiperf.metrics.types.osl_mismatch_metrics - WARNING - OSL mismatch: got 500 tokens (requested 292, diff 71.2%)
2026-06-01 02:31:21.428 - aiperf.metrics.types.osl_mismatch_metrics - WARNING - OSL mismatch: got 500 tokens (requested 123, diff 306.5%)
2026-06-01 02:31:21.436 - aiperf.metrics.types.osl_mismatch_metrics - WARNING - OSL mismatch: got 500 tokens (requested 295, diff 69.5%)
2026-06-01 02:31:21.502 - aiperf.metrics.types.osl_mismatch_metrics - WARNING - OSL mismatch: got 500 tokens (requested 360, diff 38.9%)
2026-06-01 02:31:21.527 - aiperf.metrics.types.osl_mismatch_metrics - WARNING - OSL mismatch: got 500 tokens (requested 84, diff 495.2%)
2026-06-01 02:31:21.564 - aiperf.metrics.types.osl_mismatch_metrics - WARNING - OSL mismatch: got 500 tokens (requested 318, diff 57.2%)
2026-06-01 02:31:21.573 - aiperf.metrics.types.osl_mismatch_metrics - WARNING - OSL mismatch: got 274 tokens (requested 233, diff 17.6%)
2026-06-01 02:31:21.595 - aiperf.metrics.types.osl_mismatch_metrics - WARNING - OSL mismatch: got 173 tokens (requested 109, diff 58.7%)
2026-06-01 02:31:21.638 - aiperf.metrics.types.osl_mismatch_metrics - WARNING - OSL mismatch: got 500 tokens (requested 420, diff 19.0%)
2026-06-01 02:31:21.698 - aiperf.metrics.types.osl_mismatch_metrics - WARNING - OSL mismatch: got 500 tokens (requested 687, diff -27.2%)
2026-06-01 02:31:21.698 - aiperf.metrics.types.osl_mismatch_metrics - WARNING - OSL mismatch: got 500 tokens (requested 221, diff 126.2%)
2026-06-01 02:31:21.832 - aiperf.metrics.types.osl_mismatch_metrics - WARNING - OSL mismatch: got 500 tokens (requested 38, diff 1215.8%)
2026-06-01 02:31:21.913 - aiperf.metrics.types.osl_mismatch_metrics - WARNING - OSL mismatch: got 500 tokens (requested 340, diff 47.1%)
2026-06-01 02:31:22.004 - aiperf.metrics.types.osl_mismatch_metrics - WARNING - OSL mismatch: got 500 tokens (requested 162, diff 208.6%)
2026-06-01 02:31:22.025 - aiperf.metrics.types.osl_mismatch_metrics - WARNING - OSL mismatch: got 500 tokens (requested 424, diff 17.9%)
2026-06-01 02:31:22.037 - aiperf.metrics.types.osl_mismatch_metrics - WARNING - OSL mismatch: got 499 tokens (requested 405, diff 23.2%)
2026-06-01 02:31:22.095 - aiperf.metrics.types.osl_mismatch_metrics - WARNING - OSL mismatch: got 401 tokens (requested 11, diff 3545.5%)
2026-06-01 02:31:22.122 - aiperf.metrics.types.osl_mismatch_metrics - WARNING - OSL mismatch: got 500 tokens (requested 10, diff 4900.0%)
2026-06-01 02:31:22.196 - aiperf.metrics.types.osl_mismatch_metrics - WARNING - OSL mismatch: got 500 tokens (requested 10, diff 4900.0%)
2026-06-01 02:31:22.294 - aiperf.metrics.types.osl_mismatch_metrics - WARNING - OSL mismatch: got 342 tokens (requested 178, diff 92.1%)
2026-06-01 02:31:22.320 - aiperf.metrics.types.osl_mismatch_metrics - WARNING - OSL mismatch: got 469 tokens (requested 273, diff 71.8%)
2026-06-01 02:31:22.395 - aiperf.metrics.types.osl_mismatch_metrics - WARNING - OSL mismatch: got 500 tokens (requested 21, diff 2281.0%)
2026-06-01 02:31:22.443 - aiperf.metrics.types.osl_mismatch_metrics - WARNING - OSL mismatch: got 418 tokens (requested 6, diff 6866.7%)
2026-06-01 02:31:22.448 - aiperf.metrics.types.osl_mismatch_metrics - WARNING - OSL mismatch: got 4 tokens (requested 88, diff -95.5%)
2026-06-01 02:31:22.504 - aiperf.metrics.types.osl_mismatch_metrics - WARNING - OSL mismatch: got 500 tokens (requested 13, diff 3746.2%)
2026-06-01 02:31:22.528 - aiperf.metrics.types.osl_mismatch_metrics - WARNING - OSL mismatch: got 500 tokens (requested 277, diff 80.5%)
2026-06-01 02:31:22.675 - aiperf.metrics.types.osl_mismatch_metrics - WARNING - OSL mismatch: got 500 tokens (requested 321, diff 55.8%)
2026-06-01 02:31:22.698 - aiperf.metrics.types.osl_mismatch_metrics - WARNING - OSL mismatch: got 500 tokens (requested 258, diff 93.8%)
2026-06-01 02:31:22.779 - aiperf.metrics.types.osl_mismatch_metrics - WARNING - OSL mismatch: got 68 tokens (requested 59, diff 15.3%)
2026-06-01 02:31:22.822 - aiperf.metrics.types.osl_mismatch_metrics - WARNING - OSL mismatch: got 500 tokens (requested 211, diff 137.0%)
2026-06-01 02:31:22.841 - aiperf.metrics.types.osl_mismatch_metrics - WARNING - OSL mismatch: got 130 tokens (requested 24, diff 441.7%)
2026-06-01 02:31:22.969 - aiperf.metrics.types.osl_mismatch_metrics - WARNING - OSL mismatch: got 500 tokens (requested 329, diff 52.0%)
2026-06-01 02:31:23.005 - aiperf.metrics.types.osl_mismatch_metrics - WARNING - OSL mismatch: got 500 tokens (requested 28, diff 1685.7%)
2026-06-01 02:31:23.084 - aiperf.metrics.types.osl_mismatch_metrics - WARNING - OSL mismatch: got 3 tokens (requested 35, diff -91.4%)
2026-06-01 02:31:23.098 - aiperf.metrics.types.osl_mismatch_metrics - WARNING - OSL mismatch: got 144 tokens (requested 278, diff -48.2%)
2026-06-01 02:31:23.272 - aiperf.metrics.types.osl_mismatch_metrics - WARNING - OSL mismatch: got 500 tokens (requested 341, diff 46.6%)
2026-06-01 02:31:23.275 - aiperf.metrics.types.osl_mismatch_metrics - WARNING - OSL mismatch: got 500 tokens (requested 25, diff 1900.0%)
2026-06-01 02:31:23.293 - aiperf.metrics.types.osl_mismatch_metrics - WARNING - OSL mismatch: got 197 tokens (requested 132, diff 49.2%)
2026-06-01 02:31:23.297 - aiperf.metrics.types.osl_mismatch_metrics - WARNING - OSL mismatch: got 500 tokens (requested 386, diff 29.5%)
2026-06-01 02:31:23.334 - aiperf.metrics.types.osl_mismatch_metrics - WARNING - OSL mismatch: got 461 tokens (requested 8, diff 5662.5%)
2026-06-01 02:31:23.483 - aiperf.metrics.types.osl_mismatch_metrics - WARNING - OSL mismatch: got 500 tokens (requested 193, diff 159.1%)
2026-06-01 02:31:23.714 - aiperf.metrics.types.osl_mismatch_metrics - WARNING - OSL mismatch: got 500 tokens (requested 243, diff 105.8%)
2026-06-01 02:31:23.717 - aiperf.metrics.types.osl_mismatch_metrics - WARNING - OSL mismatch: got 500 tokens (requested 12, diff 4066.7%)
2026-06-01 02:31:23.827 - aiperf.metrics.types.osl_mismatch_metrics - WARNING - OSL mismatch: got 20 tokens (requested 28, diff -28.6%)
2026-06-01 02:31:23.886 - aiperf.metrics.types.osl_mismatch_metrics - WARNING - OSL mismatch: got 500 tokens (requested 12, diff 4066.7%)
2026-06-01 02:31:23.909 - aiperf.metrics.types.osl_mismatch_metrics - WARNING - OSL mismatch: got 500 tokens (requested 271, diff 84.5%)
2026-06-01 02:31:23.909 - aiperf.metrics.types.osl_mismatch_metrics - WARNING - OSL mismatch: got 500 tokens (requested 334, diff 49.7%)
2026-06-01 02:31:23.921 - aiperf.metrics.types.osl_mismatch_metrics - WARNING - OSL mismatch: got 500 tokens (requested 209, diff 139.2%)
2026-06-01 02:31:23.945 - aiperf.metrics.types.osl_mismatch_metrics - WARNING - OSL mismatch: got 500 tokens (requested 605, diff -17.4%)
2026-06-01 02:31:23.972 - aiperf.metrics.types.osl_mismatch_metrics - WARNING - OSL mismatch: got 500 tokens (requested 49, diff 920.4%)
2026-06-01 02:31:23.985 - aiperf.metrics.types.osl_mismatch_metrics - WARNING - OSL mismatch: got 500 tokens (requested 324, diff 54.3%)
2026-06-01 02:31:24.084 - aiperf.metrics.types.osl_mismatch_metrics - WARNING - OSL mismatch: got 500 tokens (requested 9, diff 5455.6%)
2026-06-01 02:31:24.135 - aiperf.metrics.types.osl_mismatch_metrics - WARNING - OSL mismatch: got 68 tokens (requested 264, diff -74.2%)
2026-06-01 02:31:24.157 - aiperf.metrics.types.osl_mismatch_metrics - WARNING - OSL mismatch: got 500 tokens (requested 64, diff 681.2%)
2026-06-01 02:31:24.231 - aiperf.metrics.types.osl_mismatch_metrics - WARNING - OSL mismatch: got 500 tokens (requested 17, diff 2841.2%)
2026-06-01 02:31:24.794 - aiperf.metrics.types.osl_mismatch_metrics - WARNING - OSL mismatch: got 500 tokens (requested 9, diff 5455.6%)
2026-06-01 02:31:24.807 - aiperf.metrics.types.osl_mismatch_metrics - WARNING - OSL mismatch: got 500 tokens (requested 204, diff 145.1%)
2026-06-01 02:31:24.814 - aiperf.metrics.types.osl_mismatch_metrics - WARNING - OSL mismatch: got 111 tokens (requested 39, diff 184.6%)
2026-06-01 02:31:24.843 - aiperf.metrics.types.osl_mismatch_metrics - WARNING - OSL mismatch: got 500 tokens (requested 39, diff 1182.1%)
2026-06-01 02:31:24.905 - aiperf.metrics.types.osl_mismatch_metrics - WARNING - OSL mismatch: got 500 tokens (requested 561, diff -10.9%)
2026-06-01 02:31:25.085 - aiperf.metrics.types.osl_mismatch_metrics - WARNING - OSL mismatch: got 31 tokens (requested 25, diff 24.0%)
2026-06-01 02:31:25.089 - aiperf.metrics.types.osl_mismatch_metrics - WARNING - OSL mismatch: got 300 tokens (requested 37, diff 710.8%)
2026-06-01 02:31:25.101 - aiperf.metrics.types.osl_mismatch_metrics - WARNING - OSL mismatch: got 500 tokens (requested 21, diff 2281.0%)
2026-06-01 02:31:25.133 - aiperf.metrics.types.osl_mismatch_metrics - WARNING - OSL mismatch: got 159 tokens (requested 44, diff 261.4%)
2026-06-01 02:31:25.146 - aiperf.metrics.types.osl_mismatch_metrics - WARNING - OSL mismatch: got 13 tokens (requested 119, diff -89.1%)
2026-06-01 02:31:25.274 - aiperf.metrics.types.osl_mismatch_metrics - WARNING - OSL mismatch: got 388 tokens (requested 116, diff 234.5%)
2026-06-01 02:31:25.362 - aiperf.metrics.types.osl_mismatch_metrics - WARNING - OSL mismatch: got 500 tokens (requested 48, diff 941.7%)
2026-06-01 02:31:25.399 - aiperf.metrics.types.osl_mismatch_metrics - WARNING - OSL mismatch: got 500 tokens (requested 130, diff 284.6%)
2026-06-01 02:31:25.470 - aiperf.metrics.types.osl_mismatch_metrics - WARNING - OSL mismatch: got 338 tokens (requested 49, diff 589.8%)
2026-06-01 02:31:25.510 - aiperf.metrics.types.osl_mismatch_metrics - WARNING - OSL mismatch: got 500 tokens (requested 198, diff 152.5%)
2026-06-01 02:31:25.512 - aiperf.metrics.types.osl_mismatch_metrics - WARNING - OSL mismatch: got 500 tokens (requested 44, diff 1036.4%)
2026-06-01 02:31:25.595 - aiperf.metrics.types.osl_mismatch_metrics - WARNING - OSL mismatch: got 500 tokens (requested 187, diff 167.4%)
2026-06-01 02:31:25.595 - aiperf.metrics.types.osl_mismatch_metrics - WARNING - OSL mismatch: got 500 tokens (requested 413, diff 21.1%)
2026-06-01 02:31:25.596 - aiperf.metrics.types.osl_mismatch_metrics - WARNING - OSL mismatch: got 500 tokens (requested 69, diff 624.6%)
2026-06-01 02:31:25.597 - aiperf.metrics.types.osl_mismatch_metrics - WARNING - OSL mismatch: got 500 tokens (requested 7, diff 7042.9%)
2026-06-01 02:31:25.608 - aiperf.metrics.types.osl_mismatch_metrics - WARNING - OSL mismatch: got 500 tokens (requested 767, diff -34.8%)
2026-06-01 02:31:25.609 - aiperf.metrics.types.osl_mismatch_metrics - WARNING - OSL mismatch: got 500 tokens (requested 127, diff 293.7%)
2026-06-01 02:31:25.646 - aiperf.metrics.types.osl_mismatch_metrics - WARNING - OSL mismatch: got 500 tokens (requested 368, diff 35.9%)
2026-06-01 02:31:25.742 - aiperf.metrics.types.osl_mismatch_metrics - WARNING - OSL mismatch: got 500 tokens (requested 11, diff 4445.5%)
2026-06-01 02:31:25.754 - aiperf.metrics.types.osl_mismatch_metrics - WARNING - OSL mismatch: got 500 tokens (requested 200, diff 150.0%)
2026-06-01 02:31:25.830 - aiperf.metrics.types.osl_mismatch_metrics - WARNING - OSL mismatch: got 500 tokens (requested 31, diff 1512.9%)
2026-06-01 02:31:25.856 - aiperf.metrics.types.osl_mismatch_metrics - WARNING - OSL mismatch: got 499 tokens (requested 8, diff 6137.5%)
2026-06-01 02:31:25.865 - aiperf.metrics.types.osl_mismatch_metrics - WARNING - OSL mismatch: got 500 tokens (requested 24, diff 1983.3%)
2026-06-01 02:31:25.928 - aiperf.metrics.types.osl_mismatch_metrics - WARNING - OSL mismatch: got 500 tokens (requested 66, diff 657.6%)
2026-06-01 02:31:25.932 - aiperf.metrics.types.osl_mismatch_metrics - WARNING - OSL mismatch: got 19 tokens (requested 47, diff -59.6%)
2026-06-01 02:31:26.004 - aiperf.metrics.types.osl_mismatch_metrics - WARNING - OSL mismatch: got 500 tokens (requested 19, diff 2531.6%)
2026-06-01 02:31:26.015 - aiperf.metrics.types.osl_mismatch_metrics - WARNING - OSL mismatch: got 500 tokens (requested 135, diff 270.4%)
2026-06-01 02:31:26.015 - aiperf.metrics.types.osl_mismatch_metrics - WARNING - OSL mismatch: got 500 tokens (requested 767, diff -34.8%)
2026-06-01 02:31:26.027 - aiperf.metrics.types.osl_mismatch_metrics - WARNING - OSL mismatch: got 500 tokens (requested 238, diff 110.1%)
2026-06-01 02:31:26.053 - aiperf.metrics.types.osl_mismatch_metrics - WARNING - OSL mismatch: got 500 tokens (requested 170, diff 194.1%)
2026-06-01 02:31:26.141 - aiperf.metrics.types.osl_mismatch_metrics - WARNING - OSL mismatch: got 500 tokens (requested 53, diff 843.4%)
2026-06-01 02:31:26.211 - aiperf.metrics.types.osl_mismatch_metrics - WARNING - OSL mismatch: got 500 tokens (requested 337, diff 48.4%)
2026-06-01 02:31:26.338 - aiperf.metrics.types.osl_mismatch_metrics - WARNING - OSL mismatch: got 500 tokens (requested 741, diff -32.5%)
2026-06-01 02:31:26.348 - aiperf.metrics.types.osl_mismatch_metrics - WARNING - OSL mismatch: got 500 tokens (requested 276, diff 81.2%)
2026-06-01 02:31:26.518 - aiperf.metrics.types.osl_mismatch_metrics - WARNING - OSL mismatch: got 404 tokens (requested 131, diff 208.4%)
2026-06-01 02:31:26.557 - aiperf.metrics.types.osl_mismatch_metrics - WARNING - OSL mismatch: got 500 tokens (requested 52, diff 861.5%)
2026-06-01 02:31:26.558 - aiperf.metrics.types.osl_mismatch_metrics - WARNING - OSL mismatch: got 500 tokens (requested 16, diff 3025.0%)
2026-06-01 02:31:26.618 - aiperf.metrics.types.osl_mismatch_metrics - WARNING - OSL mismatch: got 500 tokens (requested 25, diff 1900.0%)
2026-06-01 02:31:26.842 - aiperf.metrics.types.osl_mismatch_metrics - WARNING - OSL mismatch: got 500 tokens (requested 68, diff 635.3%)
2026-06-01 02:31:26.911 - aiperf.metrics.types.osl_mismatch_metrics - WARNING - OSL mismatch: got 36 tokens (requested 25, diff 44.0%)
2026-06-01 02:31:27.004 - aiperf.metrics.types.osl_mismatch_metrics - WARNING - OSL mismatch: got 500 tokens (requested 356, diff 40.4%)
2026-06-01 02:31:27.043 - aiperf.metrics.types.osl_mismatch_metrics - WARNING - OSL mismatch: got 15 tokens (requested 13, diff 15.4%)
2026-06-01 02:31:27.158 - aiperf.metrics.types.osl_mismatch_metrics - WARNING - OSL mismatch: got 500 tokens (requested 412, diff 21.4%)
2026-06-01 02:31:27.159 - aiperf.metrics.types.osl_mismatch_metrics - WARNING - OSL mismatch: got 500 tokens (requested 639, diff -21.8%)
2026-06-01 02:31:27.347 - aiperf.metrics.types.osl_mismatch_metrics - WARNING - OSL mismatch: got 500 tokens (requested 25, diff 1900.0%)
2026-06-01 02:31:27.408 - aiperf.metrics.types.osl_mismatch_metrics - WARNING - OSL mismatch: got 500 tokens (requested 4, diff 12400.0%)
2026-06-01 02:31:27.420 - aiperf.metrics.types.osl_mismatch_metrics - WARNING - OSL mismatch: got 500 tokens (requested 84, diff 495.2%)
2026-06-01 02:31:27.484 - aiperf.metrics.types.osl_mismatch_metrics - WARNING - OSL mismatch: got 500 tokens (requested 259, diff 93.1%)
2026-06-01 02:31:27.494 - aiperf.metrics.types.osl_mismatch_metrics - WARNING - OSL mismatch: got 500 tokens (requested 34, diff 1370.6%)
2026-06-01 02:31:27.504 - aiperf.metrics.types.osl_mismatch_metrics - WARNING - OSL mismatch: got 443 tokens (requested 324, diff 36.7%)
2026-06-01 02:31:27.518 - aiperf.metrics.types.osl_mismatch_metrics - WARNING - OSL mismatch: got 500 tokens (requested 180, diff 177.8%)
2026-06-01 02:31:27.607 - aiperf.metrics.types.osl_mismatch_metrics - WARNING - OSL mismatch: got 500 tokens (requested 767, diff -34.8%)
2026-06-01 02:31:27.666 - aiperf.metrics.types.osl_mismatch_metrics - WARNING - OSL mismatch: got 500 tokens (requested 13, diff 3746.2%)
2026-06-01 02:31:27.726 - aiperf.metrics.types.osl_mismatch_metrics - WARNING - OSL mismatch: got 500 tokens (requested 210, diff 138.1%)
2026-06-01 02:31:27.858 - aiperf.metrics.types.osl_mismatch_metrics - WARNING - OSL mismatch: got 13 tokens (requested 15, diff -13.3%)
2026-06-01 02:31:27.874 - aiperf.metrics.types.osl_mismatch_metrics - WARNING - OSL mismatch: got 500 tokens (requested 531, diff -5.8%)
2026-06-01 02:31:27.904 - aiperf.metrics.types.osl_mismatch_metrics - WARNING - OSL mismatch: got 45 tokens (requested 441, diff -89.8%)
2026-06-01 02:31:27.962 - aiperf.metrics.types.osl_mismatch_metrics - WARNING - OSL mismatch: got 500 tokens (requested 362, diff 38.1%)
2026-06-01 02:31:28.006 - aiperf.metrics.types.osl_mismatch_metrics - WARNING - OSL mismatch: got 500 tokens (requested 378, diff 32.3%)
2026-06-01 02:31:28.006 - aiperf.metrics.types.osl_mismatch_metrics - WARNING - OSL mismatch: got 500 tokens (requested 8, diff 6150.0%)
2026-06-01 02:31:28.011 - aiperf.metrics.types.osl_mismatch_metrics - WARNING - OSL mismatch: got 63 tokens (requested 37, diff 70.3%)
2026-06-01 02:31:28.167 - aiperf.metrics.types.osl_mismatch_metrics - WARNING - OSL mismatch: got 500 tokens (requested 588, diff -15.0%)
2026-06-01 02:31:28.231 - aiperf.metrics.types.osl_mismatch_metrics - WARNING - OSL mismatch: got 500 tokens (requested 247, diff 102.4%)
2026-06-01 02:31:28.316 - aiperf.metrics.types.osl_mismatch_metrics - WARNING - OSL mismatch: got 500 tokens (requested 172, diff 190.7%)
2026-06-01 02:31:28.403 - aiperf.metrics.types.osl_mismatch_metrics - WARNING - OSL mismatch: got 500 tokens (requested 350, diff 42.9%)
2026-06-01 02:31:28.552 - aiperf.metrics.types.osl_mismatch_metrics - WARNING - OSL mismatch: got 500 tokens (requested 772, diff -35.2%)
2026-06-01 02:31:28.565 - aiperf.metrics.types.osl_mismatch_metrics - WARNING - OSL mismatch: got 500 tokens (requested 323, diff 54.8%)
2026-06-01 02:31:28.746 - aiperf.metrics.types.osl_mismatch_metrics - WARNING - OSL mismatch: got 500 tokens (requested 763, diff -34.5%)
2026-06-01 02:31:28.755 - aiperf.metrics.types.osl_mismatch_metrics - WARNING - OSL mismatch: got 500 tokens (requested 438, diff 14.2%)
2026-06-01 02:31:28.782 - aiperf.metrics.types.osl_mismatch_metrics - WARNING - OSL mismatch: got 500 tokens (requested 224, diff 123.2%)
2026-06-01 02:31:28.912 - aiperf.metrics.types.osl_mismatch_metrics - WARNING - OSL mismatch: got 500 tokens (requested 266, diff 88.0%)
2026-06-01 02:31:29.010 - aiperf.metrics.types.osl_mismatch_metrics - WARNING - OSL mismatch: got 500 tokens (requested 363, diff 37.7%)
2026-06-01 02:31:29.012 - aiperf.metrics.types.osl_mismatch_metrics - WARNING - OSL mismatch: got 500 tokens (requested 34, diff 1370.6%)
2026-06-01 02:31:29.035 - aiperf.metrics.types.osl_mismatch_metrics - WARNING - OSL mismatch: got 500 tokens (requested 331, diff 51.1%)
2026-06-01 02:31:29.090 - aiperf.metrics.types.osl_mismatch_metrics - WARNING - OSL mismatch: got 84 tokens (requested 147, diff -42.9%)
2026-06-01 02:31:29.108 - aiperf.metrics.types.osl_mismatch_metrics - WARNING - OSL mismatch: got 500 tokens (requested 16, diff 3025.0%)
2026-06-01 02:31:29.245 - aiperf.metrics.types.osl_mismatch_metrics - WARNING - OSL mismatch: got 500 tokens (requested 56, diff 792.9%)
2026-06-01 02:31:29.263 - aiperf.metrics.types.osl_mismatch_metrics - WARNING - OSL mismatch: got 25 tokens (requested 132, diff -81.1%)
2026-06-01 02:31:29.305 - aiperf.metrics.types.osl_mismatch_metrics - WARNING - OSL mismatch: got 500 tokens (requested 300, diff 66.7%)
2026-06-01 02:31:29.519 - aiperf.metrics.types.osl_mismatch_metrics - WARNING - OSL mismatch: got 500 tokens (requested 5, diff 9900.0%)
2026-06-01 02:31:29.540 - aiperf.metrics.types.osl_mismatch_metrics - WARNING - OSL mismatch: got 500 tokens (requested 92, diff 443.5%)
2026-06-01 02:31:29.580 - aiperf.metrics.types.osl_mismatch_metrics - WARNING - OSL mismatch: got 500 tokens (requested 73, diff 584.9%)
2026-06-01 02:31:29.615 - aiperf.metrics.types.osl_mismatch_metrics - WARNING - OSL mismatch: got 413 tokens (requested 22, diff 1777.3%)
2026-06-01 02:31:29.716 - aiperf.metrics.types.osl_mismatch_metrics - WARNING - OSL mismatch: got 500 tokens (requested 19, diff 2531.6%)
2026-06-01 02:31:29.816 - aiperf.metrics.types.osl_mismatch_metrics - WARNING - OSL mismatch: got 414 tokens (requested 260, diff 59.2%)
2026-06-01 02:31:29.817 - aiperf.metrics.types.osl_mismatch_metrics - WARNING - OSL mismatch: got 500 tokens (requested 344, diff 45.3%)
2026-06-01 02:31:29.827 - aiperf.metrics.types.osl_mismatch_metrics - WARNING - OSL mismatch: got 500 tokens (requested 322, diff 55.3%)
2026-06-01 02:31:29.948 - aiperf.metrics.types.osl_mismatch_metrics - WARNING - OSL mismatch: got 347 tokens (requested 309, diff 12.3%)
2026-06-01 02:31:29.986 - aiperf.metrics.types.osl_mismatch_metrics - WARNING - OSL mismatch: got 374 tokens (requested 108, diff 246.3%)
2026-06-01 02:31:30.005 - aiperf.metrics.types.osl_mismatch_metrics - WARNING - OSL mismatch: got 500 tokens (requested 433, diff 15.5%)
2026-06-01 02:31:30.025 - aiperf.metrics.types.osl_mismatch_metrics - WARNING - OSL mismatch: got 499 tokens (requested 266, diff 87.6%)
2026-06-01 02:31:30.057 - aiperf.metrics.types.osl_mismatch_metrics - WARNING - OSL mismatch: got 136 tokens (requested 499, diff -72.7%)
2026-06-01 02:31:30.124 - aiperf.metrics.types.osl_mismatch_metrics - WARNING - OSL mismatch: got 425 tokens (requested 215, diff 97.7%)
2026-06-01 02:31:30.125 - aiperf.metrics.types.osl_mismatch_metrics - WARNING - OSL mismatch: got 500 tokens (requested 407, diff 22.9%)
2026-06-01 02:31:30.207 - aiperf.metrics.types.osl_mismatch_metrics - WARNING - OSL mismatch: got 328 tokens (requested 37, diff 786.5%)
2026-06-01 02:31:30.236 - aiperf.metrics.types.osl_mismatch_metrics - WARNING - OSL mismatch: got 500 tokens (requested 24, diff 1983.3%)
2026-06-01 02:31:30.297 - aiperf.metrics.types.osl_mismatch_metrics - WARNING - OSL mismatch: got 424 tokens (requested 213, diff 99.1%)
2026-06-01 02:31:30.311 - aiperf.metrics.types.osl_mismatch_metrics - WARNING - OSL mismatch: got 500 tokens (requested 621, diff -19.5%)
2026-06-01 02:31:30.345 - aiperf.metrics.types.osl_mismatch_metrics - WARNING - OSL mismatch: got 338 tokens (requested 362, diff -6.6%)
2026-06-01 02:31:30.447 - aiperf.metrics.types.osl_mismatch_metrics - WARNING - OSL mismatch: got 500 tokens (requested 211, diff 137.0%)
2026-06-01 02:31:30.621 - aiperf.metrics.types.osl_mismatch_metrics - WARNING - OSL mismatch: got 500 tokens (requested 277, diff 80.5%)
2026-06-01 02:31:30.664 - aiperf.metrics.types.osl_mismatch_metrics - WARNING - OSL mismatch: got 191 tokens (requested 6, diff 3083.3%)
2026-06-01 02:31:30.767 - aiperf.metrics.types.osl_mismatch_metrics - WARNING - OSL mismatch: got 500 tokens (requested 167, diff 199.4%)
2026-06-01 02:31:30.768 - aiperf.metrics.types.osl_mismatch_metrics - WARNING - OSL mismatch: got 500 tokens (requested 173, diff 189.0%)
2026-06-01 02:31:30.780 - aiperf.metrics.types.osl_mismatch_metrics - WARNING - OSL mismatch: got 500 tokens (requested 796, diff -37.2%)
2026-06-01 02:31:30.856 - aiperf.metrics.types.osl_mismatch_metrics - WARNING - OSL mismatch: got 498 tokens (requested 88, diff 465.9%)
2026-06-01 02:31:30.888 - aiperf.metrics.types.osl_mismatch_metrics - WARNING - OSL mismatch: got 360 tokens (requested 285, diff 26.3%)
2026-06-01 02:31:30.966 - aiperf.metrics.types.osl_mismatch_metrics - WARNING - OSL mismatch: got 500 tokens (requested 65, diff 669.2%)
2026-06-01 02:31:31.026 - aiperf.metrics.types.osl_mismatch_metrics - WARNING - OSL mismatch: got 500 tokens (requested 5, diff 9900.0%)
2026-06-01 02:31:31.062 - aiperf.metrics.types.osl_mismatch_metrics - WARNING - OSL mismatch: got 500 tokens (requested 207, diff 141.5%)
2026-06-01 02:31:31.082 - aiperf.metrics.types.osl_mismatch_metrics - WARNING - OSL mismatch: got 97 tokens (requested 131, diff -26.0%)
2026-06-01 02:31:31.125 - aiperf.metrics.types.osl_mismatch_metrics - WARNING - OSL mismatch: got 500 tokens (requested 284, diff 76.1%)
2026-06-01 02:31:31.135 - aiperf.metrics.types.osl_mismatch_metrics - WARNING - OSL mismatch: got 500 tokens (requested 172, diff 190.7%)
2026-06-01 02:31:31.265 - aiperf.metrics.types.osl_mismatch_metrics - WARNING - OSL mismatch: got 105 tokens (requested 40, diff 162.5%)
2026-06-01 02:31:31.407 - aiperf.metrics.types.osl_mismatch_metrics - WARNING - OSL mismatch: got 500 tokens (requested 356, diff 40.4%)
2026-06-01 02:31:31.420 - aiperf.metrics.types.osl_mismatch_metrics - WARNING - OSL mismatch: got 500 tokens (requested 76, diff 557.9%)
2026-06-01 02:31:31.430 - aiperf.metrics.types.osl_mismatch_metrics - WARNING - OSL mismatch: got 500 tokens (requested 843, diff -40.7%)
2026-06-01 02:31:31.432 - aiperf.metrics.types.osl_mismatch_metrics - WARNING - OSL mismatch: got 500 tokens (requested 286, diff 74.8%)
2026-06-01 02:31:31.515 - aiperf.metrics.types.osl_mismatch_metrics - WARNING - OSL mismatch: got 500 tokens (requested 785, diff -36.3%)
2026-06-01 02:31:31.600 - aiperf.metrics.types.osl_mismatch_metrics - WARNING - OSL mismatch: got 491 tokens (requested 146, diff 236.3%)
2026-06-01 02:31:31.651 - aiperf.metrics.types.osl_mismatch_metrics - WARNING - OSL mismatch: got 500 tokens (requested 136, diff 267.6%)
2026-06-01 02:31:31.689 - aiperf.metrics.types.osl_mismatch_metrics - WARNING - OSL mismatch: got 500 tokens (requested 14, diff 3471.4%)
2026-06-01 02:31:31.719 - aiperf.metrics.types.osl_mismatch_metrics - WARNING - OSL mismatch: got 500 tokens (requested 22, diff 2172.7%)
2026-06-01 02:31:31.755 - aiperf.metrics.types.osl_mismatch_metrics - WARNING - OSL mismatch: got 370 tokens (requested 204, diff 81.4%)
2026-06-01 02:31:32.016 - aiperf.metrics.types.osl_mismatch_metrics - WARNING - OSL mismatch: got 500 tokens (requested 35, diff 1328.6%)
2026-06-01 02:31:32.038 - aiperf.metrics.types.osl_mismatch_metrics - WARNING - OSL mismatch: got 500 tokens (requested 241, diff 107.5%)
2026-06-01 02:31:32.201 - aiperf.metrics.types.osl_mismatch_metrics - WARNING - OSL mismatch: got 500 tokens (requested 15, diff 3233.3%)
2026-06-01 02:31:32.274 - aiperf.metrics.types.osl_mismatch_metrics - WARNING - OSL mismatch: got 500 tokens (requested 327, diff 52.9%)
2026-06-01 02:31:32.287 - aiperf.metrics.types.osl_mismatch_metrics - WARNING - OSL mismatch: got 500 tokens (requested 22, diff 2172.7%)
2026-06-01 02:31:32.359 - aiperf.metrics.types.osl_mismatch_metrics - WARNING - OSL mismatch: got 500 tokens (requested 409, diff 22.2%)
2026-06-01 02:31:32.359 - aiperf.metrics.types.osl_mismatch_metrics - WARNING - OSL mismatch: got 500 tokens (requested 748, diff -33.2%)
2026-06-01 02:31:32.462 - aiperf.metrics.types.osl_mismatch_metrics - WARNING - OSL mismatch: got 500 tokens (requested 566, diff -11.7%)
2026-06-01 02:31:32.505 - aiperf.metrics.types.osl_mismatch_metrics - WARNING - OSL mismatch: got 500 tokens (requested 48, diff 941.7%)
2026-06-01 02:31:32.510 - aiperf.metrics.types.osl_mismatch_metrics - WARNING - OSL mismatch: got 500 tokens (requested 10, diff 4900.0%)
2026-06-01 02:31:32.548 - aiperf.metrics.types.osl_mismatch_metrics - WARNING - OSL mismatch: got 500 tokens (requested 25, diff 1900.0%)
2026-06-01 02:31:32.559 - aiperf.metrics.types.osl_mismatch_metrics - WARNING - OSL mismatch: got 500 tokens (requested 712, diff -29.8%)
2026-06-01 02:31:32.709 - aiperf.metrics.types.osl_mismatch_metrics - WARNING - OSL mismatch: got 17 tokens (requested 18, diff -5.6%)
2026-06-01 02:31:32.906 - aiperf.metrics.types.osl_mismatch_metrics - WARNING - OSL mismatch: got 500 tokens (requested 15, diff 3233.3%)
2026-06-01 02:31:32.910 - aiperf.metrics.types.osl_mismatch_metrics - WARNING - OSL mismatch: got 205 tokens (requested 116, diff 76.7%)
2026-06-01 02:31:32.939 - aiperf.metrics.types.osl_mismatch_metrics - WARNING - OSL mismatch: got 279 tokens (requested 96, diff 190.6%)
2026-06-01 02:31:32.988 - aiperf.metrics.types.osl_mismatch_metrics - WARNING - OSL mismatch: got 373 tokens (requested 349, diff 6.9%)
2026-06-01 02:31:33.112 - aiperf.metrics.types.osl_mismatch_metrics - WARNING - OSL mismatch: got 500 tokens (requested 12, diff 4066.7%)
2026-06-01 02:31:33.262 - aiperf.metrics.types.osl_mismatch_metrics - WARNING - OSL mismatch: got 499 tokens (requested 635, diff -21.4%)
2026-06-01 02:31:33.316 - aiperf.metrics.types.osl_mismatch_metrics - WARNING - OSL mismatch: got 451 tokens (requested 31, diff 1354.8%)
2026-06-01 02:31:33.343 - aiperf.metrics.types.osl_mismatch_metrics - WARNING - OSL mismatch: got 496 tokens (requested 9, diff 5411.1%)
2026-06-01 02:31:33.345 - aiperf.metrics.types.osl_mismatch_metrics - WARNING - OSL mismatch: got 500 tokens (requested 23, diff 2073.9%)
2026-06-01 02:31:33.368 - aiperf.metrics.types.osl_mismatch_metrics - WARNING - OSL mismatch: got 500 tokens (requested 238, diff 110.1%)
2026-06-01 02:31:33.404 - aiperf.metrics.types.osl_mismatch_metrics - WARNING - OSL mismatch: got 500 tokens (requested 310, diff 61.3%)
2026-06-01 02:31:33.405 - aiperf.metrics.types.osl_mismatch_metrics - WARNING - OSL mismatch: got 500 tokens (requested 6, diff 8233.3%)
2026-06-01 02:31:33.584 - aiperf.metrics.types.osl_mismatch_metrics - WARNING - OSL mismatch: got 500 tokens (requested 6, diff 8233.3%)
2026-06-01 02:31:33.608 - aiperf.metrics.types.osl_mismatch_metrics - WARNING - OSL mismatch: got 500 tokens (requested 10, diff 4900.0%)
2026-06-01 02:31:33.806 - aiperf.metrics.types.osl_mismatch_metrics - WARNING - OSL mismatch: got 500 tokens (requested 80, diff 525.0%)
2026-06-01 02:31:33.815 - aiperf.metrics.types.osl_mismatch_metrics - WARNING - OSL mismatch: got 217 tokens (requested 57, diff 280.7%)
2026-06-01 02:31:33.900 - aiperf.metrics.types.osl_mismatch_metrics - WARNING - OSL mismatch: got 74 tokens (requested 249, diff -70.3%)
2026-06-01 02:31:33.929 - aiperf.metrics.types.osl_mismatch_metrics - WARNING - OSL mismatch: got 500 tokens (requested 282, diff 77.3%)
2026-06-01 02:31:33.930 - aiperf.metrics.types.osl_mismatch_metrics - WARNING - OSL mismatch: got 500 tokens (requested 25, diff 1900.0%)
2026-06-01 02:31:33.979 - aiperf.metrics.types.osl_mismatch_metrics - WARNING - OSL mismatch: got 500 tokens (requested 9, diff 5455.6%)
2026-06-01 02:31:34.087 - aiperf.metrics.types.osl_mismatch_metrics - WARNING - OSL mismatch: got 288 tokens (requested 254, diff 13.4%)
2026-06-01 02:31:34.114 - aiperf.metrics.types.osl_mismatch_metrics - WARNING - OSL mismatch: got 500 tokens (requested 174, diff 187.4%)
2026-06-01 02:31:34.117 - aiperf.metrics.types.osl_mismatch_metrics - WARNING - OSL mismatch: got 500 tokens (requested 17, diff 2841.2%)
2026-06-01 02:31:34.162 - aiperf.metrics.types.osl_mismatch_metrics - WARNING - OSL mismatch: got 500 tokens (requested 396, diff 26.3%)
2026-06-01 02:31:34.217 - aiperf.metrics.types.osl_mismatch_metrics - WARNING - OSL mismatch: got 80 tokens (requested 18, diff 344.4%)
2026-06-01 02:31:34.284 - aiperf.metrics.types.osl_mismatch_metrics - WARNING - OSL mismatch: got 499 tokens (requested 325, diff 53.5%)
2026-06-01 02:31:34.286 - aiperf.metrics.types.osl_mismatch_metrics - WARNING - OSL mismatch: got 500 tokens (requested 12, diff 4066.7%)
2026-06-01 02:31:34.287 - aiperf.metrics.types.osl_mismatch_metrics - WARNING - OSL mismatch: got 500 tokens (requested 21, diff 2281.0%)
2026-06-01 02:31:34.296 - aiperf.metrics.types.osl_mismatch_metrics - WARNING - OSL mismatch: got 500 tokens (requested 93, diff 437.6%)
2026-06-01 02:31:34.319 - aiperf.metrics.types.osl_mismatch_metrics - WARNING - OSL mismatch: got 292 tokens (requested 65, diff 349.2%)
2026-06-01 02:31:34.325 - aiperf.metrics.types.osl_mismatch_metrics - WARNING - OSL mismatch: got 69 tokens (requested 21, diff 228.6%)
2026-06-01 02:31:34.391 - aiperf.metrics.types.osl_mismatch_metrics - WARNING - OSL mismatch: got 115 tokens (requested 23, diff 400.0%)
2026-06-01 02:31:34.394 - aiperf.metrics.types.osl_mismatch_metrics - WARNING - OSL mismatch: got 233 tokens (requested 92, diff 153.3%)
2026-06-01 02:31:34.457 - aiperf.metrics.types.osl_mismatch_metrics - WARNING - OSL mismatch: got 500 tokens (requested 6, diff 8233.3%)
2026-06-01 02:31:34.530 - aiperf.metrics.types.osl_mismatch_metrics - WARNING - OSL mismatch: got 500 tokens (requested 87, diff 474.7%)
2026-06-01 02:31:34.602 - aiperf.metrics.types.osl_mismatch_metrics - WARNING - OSL mismatch: got 500 tokens (requested 644, diff -22.4%)
2026-06-01 02:31:34.615 - aiperf.metrics.types.osl_mismatch_metrics - WARNING - OSL mismatch: got 500 tokens (requested 170, diff 194.1%)
2026-06-01 02:31:34.710 - aiperf.metrics.types.osl_mismatch_metrics - WARNING - OSL mismatch: got 500 tokens (requested 8, diff 6150.0%)
2026-06-01 02:31:34.910 - aiperf.metrics.types.osl_mismatch_metrics - WARNING - OSL mismatch: got 500 tokens (requested 574, diff -12.9%)
2026-06-01 02:31:34.995 - aiperf.metrics.types.osl_mismatch_metrics - WARNING - OSL mismatch: got 500 tokens (requested 734, diff -31.9%)
2026-06-01 02:31:34.997 - aiperf.metrics.types.osl_mismatch_metrics - WARNING - OSL mismatch: got 500 tokens (requested 66, diff 657.6%)
2026-06-01 02:31:35.007 - aiperf.metrics.types.osl_mismatch_metrics - WARNING - OSL mismatch: got 500 tokens (requested 14, diff 3471.4%)
2026-06-01 02:31:35.007 - aiperf.metrics.types.osl_mismatch_metrics - WARNING - OSL mismatch: got 500 tokens (requested 93, diff 437.6%)
2026-06-01 02:31:35.044 - aiperf.metrics.types.osl_mismatch_metrics - WARNING - OSL mismatch: got 500 tokens (requested 101, diff 395.0%)
2026-06-01 02:31:35.104 - aiperf.metrics.types.osl_mismatch_metrics - WARNING - OSL mismatch: got 354 tokens (requested 313, diff 13.1%)
2026-06-01 02:31:35.131 - aiperf.metrics.types.osl_mismatch_metrics - WARNING - OSL mismatch: got 500 tokens (requested 12, diff 4066.7%)
2026-06-01 02:31:35.208 - aiperf.metrics.types.osl_mismatch_metrics - WARNING - OSL mismatch: got 500 tokens (requested 9, diff 5455.6%)
2026-06-01 02:31:35.213 - aiperf.metrics.types.osl_mismatch_metrics - WARNING - OSL mismatch: got 293 tokens (requested 217, diff 35.0%)
2026-06-01 02:31:35.219 - aiperf.metrics.types.osl_mismatch_metrics - WARNING - OSL mismatch: got 500 tokens (requested 118, diff 323.7%)
2026-06-01 02:31:35.220 - aiperf.metrics.types.osl_mismatch_metrics - WARNING - OSL mismatch: got 500 tokens (requested 302, diff 65.6%)
2026-06-01 02:31:35.279 - aiperf.metrics.types.osl_mismatch_metrics - WARNING - OSL mismatch: got 500 tokens (requested 43, diff 1062.8%)
2026-06-01 02:31:35.329 - aiperf.metrics.types.osl_mismatch_metrics - WARNING - OSL mismatch: got 496 tokens (requested 208, diff 138.5%)
2026-06-01 02:31:35.356 - aiperf.metrics.types.osl_mismatch_metrics - WARNING - OSL mismatch: got 500 tokens (requested 18, diff 2677.8%)
2026-06-01 02:31:35.523 - aiperf.metrics.types.osl_mismatch_metrics - WARNING - OSL mismatch: got 47 tokens (requested 62, diff -24.2%)
2026-06-01 02:31:35.582 - aiperf.metrics.types.osl_mismatch_metrics - WARNING - OSL mismatch: got 9 tokens (requested 23, diff -60.9%)
2026-06-01 02:31:35.680 - aiperf.metrics.types.osl_mismatch_metrics - WARNING - OSL mismatch: got 84 tokens (requested 29, diff 189.7%)
2026-06-01 02:31:35.725 - aiperf.metrics.types.osl_mismatch_metrics - WARNING - OSL mismatch: got 500 tokens (requested 441, diff 13.4%)
2026-06-01 02:31:35.775 - aiperf.metrics.types.osl_mismatch_metrics - WARNING - OSL mismatch: got 499 tokens (requested 134, diff 272.4%)
2026-06-01 02:31:35.846 - aiperf.metrics.types.osl_mismatch_metrics - WARNING - OSL mismatch: got 166 tokens (requested 127, diff 30.7%)
2026-06-01 02:31:35.902 - aiperf.metrics.types.osl_mismatch_metrics - WARNING - OSL mismatch: got 500 tokens (requested 421, diff 18.8%)
2026-06-01 02:31:35.938 - aiperf.metrics.types.osl_mismatch_metrics - WARNING - OSL mismatch: got 500 tokens (requested 103, diff 385.4%)
2026-06-01 02:31:35.965 - aiperf.metrics.types.osl_mismatch_metrics - WARNING - OSL mismatch: got 500 tokens (requested 765, diff -34.6%)
2026-06-01 02:31:35.972 - aiperf.metrics.types.osl_mismatch_metrics - WARNING - OSL mismatch: got 176 tokens (requested 108, diff 63.0%)
2026-06-01 02:31:36.079 - aiperf.metrics.types.osl_mismatch_metrics - WARNING - OSL mismatch: got 500 tokens (requested 10, diff 4900.0%)
2026-06-01 02:31:36.157 - aiperf.metrics.types.osl_mismatch_metrics - WARNING - OSL mismatch: got 336 tokens (requested 130, diff 158.5%)
2026-06-01 02:31:36.230 - aiperf.metrics.types.osl_mismatch_metrics - WARNING - OSL mismatch: got 500 tokens (requested 131, diff 281.7%)
2026-06-01 02:31:36.363 - aiperf.metrics.types.osl_mismatch_metrics - WARNING - OSL mismatch: got 89 tokens (requested 39, diff 128.2%)
2026-06-01 02:31:36.495 - aiperf.metrics.types.osl_mismatch_metrics - WARNING - OSL mismatch: got 500 tokens (requested 140, diff 257.1%)
2026-06-01 02:31:36.566 - aiperf.metrics.types.osl_mismatch_metrics - WARNING - OSL mismatch: got 202 tokens (requested 541, diff -62.7%)
2026-06-01 02:31:36.595 - aiperf.metrics.types.osl_mismatch_metrics - WARNING - OSL mismatch: got 500 tokens (requested 20, diff 2400.0%)
2026-06-01 02:31:36.602 - aiperf.metrics.types.osl_mismatch_metrics - WARNING - OSL mismatch: got 89 tokens (requested 36, diff 147.2%)
2026-06-01 02:31:36.607 - aiperf.metrics.types.osl_mismatch_metrics - WARNING - OSL mismatch: got 500 tokens (requested 171, diff 192.4%)
2026-06-01 02:31:36.609 - aiperf.metrics.types.osl_mismatch_metrics - WARNING - OSL mismatch: got 500 tokens (requested 227, diff 120.3%)
2026-06-01 02:31:36.617 - aiperf.metrics.types.osl_mismatch_metrics - WARNING - OSL mismatch: got 500 tokens (requested 10, diff 4900.0%)
2026-06-01 02:31:36.631 - aiperf.metrics.types.osl_mismatch_metrics - WARNING - OSL mismatch: got 500 tokens (requested 189, diff 164.6%)
2026-06-01 02:31:36.704 - aiperf.metrics.types.osl_mismatch_metrics - WARNING - OSL mismatch: got 500 tokens (requested 120, diff 316.7%)
2026-06-01 02:31:36.728 - aiperf.metrics.types.osl_mismatch_metrics - WARNING - OSL mismatch: got 500 tokens (requested 184, diff 171.7%)
2026-06-01 02:31:36.730 - aiperf.metrics.types.osl_mismatch_metrics - WARNING - OSL mismatch: got 500 tokens (requested 411, diff 21.7%)
2026-06-01 02:31:36.780 - aiperf.metrics.types.osl_mismatch_metrics - WARNING - OSL mismatch: got 496 tokens (requested 239, diff 107.5%)
2026-06-01 02:31:36.869 - aiperf.metrics.types.osl_mismatch_metrics - WARNING - OSL mismatch: got 500 tokens (requested 11, diff 4445.5%)
2026-06-01 02:31:36.893 - aiperf.metrics.types.osl_mismatch_metrics - WARNING - OSL mismatch: got 500 tokens (requested 71, diff 604.2%)
2026-06-01 02:31:36.930 - aiperf.metrics.types.osl_mismatch_metrics - WARNING - OSL mismatch: got 500 tokens (requested 182, diff 174.7%)
2026-06-01 02:31:36.955 - aiperf.metrics.types.osl_mismatch_metrics - WARNING - OSL mismatch: got 500 tokens (requested 243, diff 105.8%)
2026-06-01 02:31:37.055 - aiperf.metrics.types.osl_mismatch_metrics - WARNING - OSL mismatch: got 500 tokens (requested 127, diff 293.7%)
2026-06-01 02:31:37.317 - aiperf.metrics.types.osl_mismatch_metrics - WARNING - OSL mismatch: got 500 tokens (requested 13, diff 3746.2%)
2026-06-01 02:31:37.337 - aiperf.metrics.types.osl_mismatch_metrics - WARNING - OSL mismatch: got 458 tokens (requested 167, diff 174.3%)
2026-06-01 02:31:37.429 - aiperf.metrics.types.osl_mismatch_metrics - WARNING - OSL mismatch: got 500 tokens (requested 684, diff -26.9%)
2026-06-01 02:31:37.567 - aiperf.metrics.types.osl_mismatch_metrics - WARNING - OSL mismatch: got 500 tokens (requested 31, diff 1512.9%)
2026-06-01 02:31:37.591 - aiperf.metrics.types.osl_mismatch_metrics - WARNING - OSL mismatch: got 500 tokens (requested 767, diff -34.8%)
2026-06-01 02:31:37.689 - aiperf.metrics.types.osl_mismatch_metrics - WARNING - OSL mismatch: got 500 tokens (requested 193, diff 159.1%)
2026-06-01 02:31:37.693 - aiperf.metrics.types.osl_mismatch_metrics - WARNING - OSL mismatch: got 500 tokens (requested 54, diff 825.9%)
2026-06-01 02:31:37.700 - aiperf.metrics.types.osl_mismatch_metrics - WARNING - OSL mismatch: got 328 tokens (requested 60, diff 446.7%)
2026-06-01 02:31:37.736 - aiperf.metrics.types.osl_mismatch_metrics - WARNING - OSL mismatch: got 500 tokens (requested 232, diff 115.5%)
2026-06-01 02:31:37.764 - aiperf.metrics.types.osl_mismatch_metrics - WARNING - OSL mismatch: got 500 tokens (requested 202, diff 147.5%)
2026-06-01 02:31:37.799 - aiperf.metrics.types.osl_mismatch_metrics - WARNING - OSL mismatch: got 198 tokens (requested 39, diff 407.7%)
2026-06-01 02:31:37.840 - aiperf.metrics.types.osl_mismatch_metrics - WARNING - OSL mismatch: got 500 tokens (requested 202, diff 147.5%)
2026-06-01 02:31:37.857 - aiperf.metrics.types.osl_mismatch_metrics - WARNING - OSL mismatch: got 274 tokens (requested 37, diff 640.5%)
2026-06-01 02:31:37.926 - aiperf.metrics.types.osl_mismatch_metrics - WARNING - OSL mismatch: got 380 tokens (requested 303, diff 25.4%)
2026-06-01 02:31:38.148 - aiperf.metrics.types.osl_mismatch_metrics - WARNING - OSL mismatch: got 500 tokens (requested 128, diff 290.6%)
2026-06-01 02:31:38.421 - aiperf.metrics.types.osl_mismatch_metrics - WARNING - OSL mismatch: got 500 tokens (requested 174, diff 187.4%)
2026-06-01 02:31:38.435 - aiperf.metrics.types.osl_mismatch_metrics - WARNING - OSL mismatch: got 500 tokens (requested 4, diff 12400.0%)
2026-06-01 02:31:38.445 - aiperf.metrics.types.osl_mismatch_metrics - WARNING - OSL mismatch: got 500 tokens (requested 741, diff -32.5%)
2026-06-01 02:31:38.461 - aiperf.metrics.types.osl_mismatch_metrics - WARNING - OSL mismatch: got 500 tokens (requested 10, diff 4900.0%)
2026-06-01 02:31:38.483 - aiperf.metrics.types.osl_mismatch_metrics - WARNING - OSL mismatch: got 500 tokens (requested 119, diff 320.2%)
2026-06-01 02:31:38.521 - aiperf.metrics.types.osl_mismatch_metrics - WARNING - OSL mismatch: got 500 tokens (requested 11, diff 4445.5%)
2026-06-01 02:31:38.522 - aiperf.metrics.types.osl_mismatch_metrics - WARNING - OSL mismatch: got 500 tokens (requested 12, diff 4066.7%)
2026-06-01 02:31:38.611 - aiperf.metrics.types.osl_mismatch_metrics - WARNING - OSL mismatch: got 500 tokens (requested 152, diff 228.9%)
2026-06-01 02:31:38.612 - aiperf.metrics.types.osl_mismatch_metrics - WARNING - OSL mismatch: got 500 tokens (requested 37, diff 1251.4%)
2026-06-01 02:31:38.632 - aiperf.metrics.types.osl_mismatch_metrics - WARNING - OSL mismatch: got 141 tokens (requested 48, diff 193.8%)
2026-06-01 02:31:38.636 - aiperf.metrics.types.osl_mismatch_metrics - WARNING - OSL mismatch: got 500 tokens (requested 6, diff 8233.3%)
2026-06-01 02:31:38.636 - aiperf.metrics.types.osl_mismatch_metrics - WARNING - OSL mismatch: got 500 tokens (requested 87, diff 474.7%)
2026-06-01 02:31:38.694 - aiperf.metrics.types.osl_mismatch_metrics - WARNING - OSL mismatch: got 500 tokens (requested 101, diff 395.0%)
2026-06-01 02:31:38.810 - aiperf.metrics.types.osl_mismatch_metrics - WARNING - OSL mismatch: got 500 tokens (requested 255, diff 96.1%)
2026-06-01 02:31:38.820 - aiperf.metrics.types.osl_mismatch_metrics - WARNING - OSL mismatch: got 411 tokens (requested 116, diff 254.3%)
2026-06-01 02:31:38.862 - aiperf.metrics.types.osl_mismatch_metrics - WARNING - OSL mismatch: got 500 tokens (requested 369, diff 35.5%)
2026-06-01 02:31:38.863 - aiperf.metrics.types.osl_mismatch_metrics - WARNING - OSL mismatch: got 500 tokens (requested 14, diff 3471.4%)
2026-06-01 02:31:39.048 - aiperf.metrics.types.osl_mismatch_metrics - WARNING - OSL mismatch: got 500 tokens (requested 733, diff -31.8%)
2026-06-01 02:31:39.054 - aiperf.metrics.types.osl_mismatch_metrics - WARNING - OSL mismatch: got 11 tokens (requested 14, diff -21.4%)
2026-06-01 02:31:39.247 - aiperf.metrics.types.osl_mismatch_metrics - WARNING - OSL mismatch: got 500 tokens (requested 722, diff -30.7%)
2026-06-01 02:31:39.324 - aiperf.metrics.types.osl_mismatch_metrics - WARNING - OSL mismatch: got 500 tokens (requested 49, diff 920.4%)
2026-06-01 02:31:39.325 - aiperf.metrics.types.osl_mismatch_metrics - WARNING - OSL mismatch: got 500 tokens (requested 467, diff 7.1%)
2026-06-01 02:31:39.336 - aiperf.metrics.types.osl_mismatch_metrics - WARNING - OSL mismatch: got 500 tokens (requested 16, diff 3025.0%)
2026-06-01 02:31:39.350 - aiperf.metrics.types.osl_mismatch_metrics - WARNING - OSL mismatch: got 500 tokens (requested 17, diff 2841.2%)
2026-06-01 02:31:39.399 - aiperf.metrics.types.osl_mismatch_metrics - WARNING - OSL mismatch: got 500 tokens (requested 26, diff 1823.1%)
2026-06-01 02:31:39.482 - aiperf.metrics.types.osl_mismatch_metrics - WARNING - OSL mismatch: got 383 tokens (requested 56, diff 583.9%)
2026-06-01 02:31:39.536 - aiperf.metrics.types.osl_mismatch_metrics - WARNING - OSL mismatch: got 500 tokens (requested 24, diff 1983.3%)
2026-06-01 02:31:39.562 - aiperf.metrics.types.osl_mismatch_metrics - WARNING - OSL mismatch: got 500 tokens (requested 9, diff 5455.6%)
2026-06-01 02:31:39.562 - aiperf.metrics.types.osl_mismatch_metrics - WARNING - OSL mismatch: got 500 tokens (requested 13, diff 3746.2%)
2026-06-01 02:31:39.596 - aiperf.metrics.types.osl_mismatch_metrics - WARNING - OSL mismatch: got 500 tokens (requested 15, diff 3233.3%)
2026-06-01 02:31:39.683 - aiperf.metrics.types.osl_mismatch_metrics - WARNING - OSL mismatch: got 500 tokens (requested 770, diff -35.1%)
2026-06-01 02:31:39.709 - aiperf.metrics.types.osl_mismatch_metrics - WARNING - OSL mismatch: got 349 tokens (requested 145, diff 140.7%)
2026-06-01 02:31:39.788 - aiperf.metrics.types.osl_mismatch_metrics - WARNING - OSL mismatch: got 500 tokens (requested 22, diff 2172.7%)
2026-06-01 02:31:39.861 - aiperf.metrics.types.osl_mismatch_metrics - WARNING - OSL mismatch: got 500 tokens (requested 35, diff 1328.6%)
2026-06-01 02:31:39.936 - aiperf.metrics.types.osl_mismatch_metrics - WARNING - OSL mismatch: got 500 tokens (requested 314, diff 59.2%)
2026-06-01 02:31:39.937 - aiperf.metrics.types.osl_mismatch_metrics - WARNING - OSL mismatch: got 500 tokens (requested 41, diff 1119.5%)
2026-06-01 02:31:40.041 - aiperf.metrics.types.osl_mismatch_metrics - WARNING - OSL mismatch: got 500 tokens (requested 136, diff 267.6%)
2026-06-01 02:31:40.157 - aiperf.metrics.types.osl_mismatch_metrics - WARNING - OSL mismatch: got 500 tokens (requested 12, diff 4066.7%)
2026-06-01 02:31:40.205 - aiperf.metrics.types.osl_mismatch_metrics - WARNING - OSL mismatch: got 500 tokens (requested 771, diff -35.1%)
2026-06-01 02:31:40.240 - aiperf.metrics.types.osl_mismatch_metrics - WARNING - OSL mismatch: got 307 tokens (requested 14, diff 2092.9%)
2026-06-01 02:31:40.263 - aiperf.metrics.types.osl_mismatch_metrics - WARNING - OSL mismatch: got 166 tokens (requested 18, diff 822.2%)
2026-06-01 02:31:40.386 - aiperf.metrics.types.osl_mismatch_metrics - WARNING - OSL mismatch: got 500 tokens (requested 39, diff 1182.1%)
2026-06-01 02:31:40.498 - aiperf.metrics.types.osl_mismatch_metrics - WARNING - OSL mismatch: got 500 tokens (requested 52, diff 861.5%)
2026-06-01 02:31:40.510 - aiperf.metrics.types.osl_mismatch_metrics - WARNING - OSL mismatch: got 500 tokens (requested 120, diff 316.7%)
2026-06-01 02:31:40.533 - aiperf.metrics.types.osl_mismatch_metrics - WARNING - OSL mismatch: got 355 tokens (requested 49, diff 624.5%)
2026-06-01 02:31:40.573 - aiperf.metrics.types.osl_mismatch_metrics - WARNING - OSL mismatch: got 500 tokens (requested 8, diff 6150.0%)
2026-06-01 02:31:40.723 - aiperf.metrics.types.osl_mismatch_metrics - WARNING - OSL mismatch: got 500 tokens (requested 293, diff 70.6%)
2026-06-01 02:31:40.727 - aiperf.metrics.types.osl_mismatch_metrics - WARNING - OSL mismatch: got 500 tokens (requested 67, diff 646.3%)
2026-06-01 02:31:40.829 - aiperf.metrics.types.osl_mismatch_metrics - WARNING - OSL mismatch: got 500 tokens (requested 311, diff 60.8%)
2026-06-01 02:31:40.835 - aiperf.metrics.types.osl_mismatch_metrics - WARNING - OSL mismatch: got 500 tokens (requested 265, diff 88.7%)
2026-06-01 02:31:40.870 - aiperf.metrics.types.osl_mismatch_metrics - WARNING - OSL mismatch: got 500 tokens (requested 11, diff 4445.5%)
2026-06-01 02:31:40.945 - aiperf.metrics.types.osl_mismatch_metrics - WARNING - OSL mismatch: got 500 tokens (requested 363, diff 37.7%)
2026-06-01 02:31:41.010 - aiperf.metrics.types.osl_mismatch_metrics - WARNING - OSL mismatch: got 500 tokens (requested 581, diff -13.9%)
2026-06-01 02:31:41.081 - aiperf.metrics.types.osl_mismatch_metrics - WARNING - OSL mismatch: got 500 tokens (requested 240, diff 108.3%)
2026-06-01 02:31:41.139 - aiperf.metrics.types.osl_mismatch_metrics - WARNING - OSL mismatch: got 215 tokens (requested 6, diff 3483.3%)
2026-06-01 02:31:41.171 - aiperf.metrics.types.osl_mismatch_metrics - WARNING - OSL mismatch: got 500 tokens (requested 251, diff 99.2%)
2026-06-01 02:31:41.185 - aiperf.metrics.types.osl_mismatch_metrics - WARNING - OSL mismatch: got 500 tokens (requested 8, diff 6150.0%)
2026-06-01 02:31:41.195 - aiperf.metrics.types.osl_mismatch_metrics - WARNING - OSL mismatch: got 500 tokens (requested 302, diff 65.6%)
2026-06-01 02:31:41.196 - aiperf.metrics.types.osl_mismatch_metrics - WARNING - OSL mismatch: got 500 tokens (requested 349, diff 43.3%)
2026-06-01 02:31:41.213 - aiperf.metrics.types.osl_mismatch_metrics - WARNING - OSL mismatch: got 144 tokens (requested 117, diff 23.1%)
2026-06-01 02:31:41.241 - aiperf.metrics.types.osl_mismatch_metrics - WARNING - OSL mismatch: got 204 tokens (requested 62, diff 229.0%)
2026-06-01 02:31:41.279 - aiperf.metrics.types.osl_mismatch_metrics - WARNING - OSL mismatch: got 299 tokens (requested 159, diff 88.1%)
2026-06-01 02:31:41.313 - aiperf.metrics.types.osl_mismatch_metrics - WARNING - OSL mismatch: got 13 tokens (requested 33, diff -60.6%)
2026-06-01 02:31:41.471 - aiperf.metrics.types.osl_mismatch_metrics - WARNING - OSL mismatch: got 500 tokens (requested 11, diff 4445.5%)
2026-06-01 02:31:41.544 - aiperf.metrics.types.osl_mismatch_metrics - WARNING - OSL mismatch: got 500 tokens (requested 6, diff 8233.3%)
2026-06-01 02:31:41.573 - aiperf.metrics.types.osl_mismatch_metrics - WARNING - OSL mismatch: got 500 tokens (requested 70, diff 614.3%)
2026-06-01 02:31:41.627 - aiperf.metrics.types.osl_mismatch_metrics - WARNING - OSL mismatch: got 256 tokens (requested 195, diff 31.3%)
2026-06-01 02:31:41.644 - aiperf.metrics.types.osl_mismatch_metrics - WARNING - OSL mismatch: got 500 tokens (requested 89, diff 461.8%)
2026-06-01 02:31:41.644 - aiperf.metrics.types.osl_mismatch_metrics - WARNING - OSL mismatch: got 500 tokens (requested 26, diff 1823.1%)
2026-06-01 02:31:41.696 - aiperf.metrics.types.osl_mismatch_metrics - WARNING - OSL mismatch: got 499 tokens (requested 474, diff 5.3%)
2026-06-01 02:31:41.844 - aiperf.metrics.types.osl_mismatch_metrics - WARNING - OSL mismatch: got 500 tokens (requested 328, diff 52.4%)
2026-06-01 02:31:41.846 - aiperf.metrics.types.osl_mismatch_metrics - WARNING - OSL mismatch: got 500 tokens (requested 5, diff 9900.0%)
2026-06-01 02:31:41.859 - aiperf.metrics.types.osl_mismatch_metrics - WARNING - OSL mismatch: got 500 tokens (requested 35, diff 1328.6%)
2026-06-01 02:31:41.880 - aiperf.metrics.types.osl_mismatch_metrics - WARNING - OSL mismatch: got 409 tokens (requested 191, diff 114.1%)
2026-06-01 02:31:41.948 - aiperf.metrics.types.osl_mismatch_metrics - WARNING - OSL mismatch: got 500 tokens (requested 25, diff 1900.0%)
2026-06-01 02:31:41.982 - aiperf.metrics.types.osl_mismatch_metrics - WARNING - OSL mismatch: got 238 tokens (requested 153, diff 55.6%)
2026-06-01 02:31:42.033 - aiperf.metrics.types.osl_mismatch_metrics - WARNING - OSL mismatch: got 500 tokens (requested 420, diff 19.0%)
2026-06-01 02:31:42.035 - aiperf.metrics.types.osl_mismatch_metrics - WARNING - OSL mismatch: got 500 tokens (requested 476, diff 5.0%)
2026-06-01 02:31:42.048 - aiperf.metrics.types.osl_mismatch_metrics - WARNING - OSL mismatch: got 500 tokens (requested 13, diff 3746.2%)
2026-06-01 02:31:42.174 - aiperf.metrics.types.osl_mismatch_metrics - WARNING - OSL mismatch: got 500 tokens (requested 30, diff 1566.7%)
2026-06-01 02:31:42.213 - aiperf.metrics.types.osl_mismatch_metrics - WARNING - OSL mismatch: got 500 tokens (requested 398, diff 25.6%)
2026-06-01 02:31:42.305 - aiperf.metrics.types.osl_mismatch_metrics - WARNING - OSL mismatch: got 500 tokens (requested 788, diff -36.5%)
2026-06-01 02:31:42.330 - aiperf.metrics.types.osl_mismatch_metrics - WARNING - OSL mismatch: got 500 tokens (requested 389, diff 28.5%)
2026-06-01 02:31:42.468 - aiperf.metrics.types.osl_mismatch_metrics - WARNING - OSL mismatch: got 500 tokens (requested 18, diff 2677.8%)
2026-06-01 02:31:42.480 - aiperf.metrics.types.osl_mismatch_metrics - WARNING - OSL mismatch: got 500 tokens (requested 203, diff 146.3%)
2026-06-01 02:31:42.481 - aiperf.metrics.types.osl_mismatch_metrics - WARNING - OSL mismatch: got 500 tokens (requested 216, diff 131.5%)
2026-06-01 02:31:42.522 - aiperf.metrics.types.osl_mismatch_metrics - WARNING - OSL mismatch: got 500 tokens (requested 315, diff 58.7%)
2026-06-01 02:31:42.724 - aiperf.metrics.types.osl_mismatch_metrics - WARNING - OSL mismatch: got 500 tokens (requested 170, diff 194.1%)
2026-06-01 02:31:42.724 - aiperf.metrics.types.osl_mismatch_metrics - WARNING - OSL mismatch: got 500 tokens (requested 770, diff -35.1%)
2026-06-01 02:31:42.724 - aiperf.metrics.types.osl_mismatch_metrics - WARNING - OSL mismatch: got 500 tokens (requested 19, diff 2531.6%)
2026-06-01 02:31:42.759 - aiperf.metrics.types.osl_mismatch_metrics - WARNING - OSL mismatch: got 500 tokens (requested 384, diff 30.2%)
2026-06-01 02:31:42.767 - aiperf.metrics.types.osl_mismatch_metrics - WARNING - OSL mismatch: got 189 tokens (requested 136, diff 39.0%)
2026-06-01 02:31:42.812 - aiperf.metrics.types.osl_mismatch_metrics - WARNING - OSL mismatch: got 500 tokens (requested 9, diff 5455.6%)
2026-06-01 02:31:42.886 - aiperf.metrics.types.osl_mismatch_metrics - WARNING - OSL mismatch: got 500 tokens (requested 119, diff 320.2%)
2026-06-01 02:31:42.897 - aiperf.metrics.types.osl_mismatch_metrics - WARNING - OSL mismatch: got 500 tokens (requested 21, diff 2281.0%)
2026-06-01 02:31:42.933 - aiperf.metrics.types.osl_mismatch_metrics - WARNING - OSL mismatch: got 500 tokens (requested 281, diff 77.9%)
2026-06-01 02:31:43.033 - aiperf.metrics.types.osl_mismatch_metrics - WARNING - OSL mismatch: got 411 tokens (requested 240, diff 71.2%)
2026-06-01 02:31:43.117 - aiperf.metrics.types.osl_mismatch_metrics - WARNING - OSL mismatch: got 500 tokens (requested 13, diff 3746.2%)
2026-06-01 02:31:43.149 - aiperf.metrics.types.osl_mismatch_metrics - WARNING - OSL mismatch: got 171 tokens (requested 195, diff -12.3%)
2026-06-01 02:31:43.188 - aiperf.metrics.types.osl_mismatch_metrics - WARNING - OSL mismatch: got 500 tokens (requested 90, diff 455.6%)
2026-06-01 02:31:43.223 - aiperf.metrics.types.osl_mismatch_metrics - WARNING - OSL mismatch: got 500 tokens (requested 335, diff 49.3%)
2026-06-01 02:31:43.223 - aiperf.metrics.types.osl_mismatch_metrics - WARNING - OSL mismatch: got 500 tokens (requested 358, diff 39.7%)
2026-06-01 02:31:43.268 - aiperf.metrics.types.osl_mismatch_metrics - WARNING - OSL mismatch: got 500 tokens (requested 246, diff 103.3%)
2026-06-01 02:31:43.269 - aiperf.metrics.types.osl_mismatch_metrics - WARNING - OSL mismatch: got 500 tokens (requested 12, diff 4066.7%)
2026-06-01 02:31:43.270 - aiperf.metrics.types.osl_mismatch_metrics - WARNING - OSL mismatch: got 500 tokens (requested 9, diff 5455.6%)
2026-06-01 02:31:43.498 - aiperf.metrics.types.osl_mismatch_metrics - WARNING - OSL mismatch: got 500 tokens (requested 200, diff 150.0%)
2026-06-01 02:31:43.561 - aiperf.metrics.types.osl_mismatch_metrics - WARNING - OSL mismatch: got 500 tokens (requested 126, diff 296.8%)
2026-06-01 02:31:43.584 - aiperf.metrics.types.osl_mismatch_metrics - WARNING - OSL mismatch: got 410 tokens (requested 74, diff 454.1%)
2026-06-01 02:31:43.637 - aiperf.metrics.types.osl_mismatch_metrics - WARNING - OSL mismatch: got 500 tokens (requested 27, diff 1751.9%)
2026-06-01 02:31:43.637 - aiperf.metrics.types.osl_mismatch_metrics - WARNING - OSL mismatch: got 500 tokens (requested 17, diff 2841.2%)
2026-06-01 02:31:43.661 - aiperf.metrics.types.osl_mismatch_metrics - WARNING - OSL mismatch: got 500 tokens (requested 48, diff 941.7%)
2026-06-01 02:31:43.703 - aiperf.metrics.types.osl_mismatch_metrics - WARNING - OSL mismatch: got 89 tokens (requested 30, diff 196.7%)
2026-06-01 02:31:43.745 - aiperf.metrics.types.osl_mismatch_metrics - WARNING - OSL mismatch: got 500 tokens (requested 567, diff -11.8%)
2026-06-01 02:31:43.746 - aiperf.metrics.types.osl_mismatch_metrics - WARNING - OSL mismatch: got 500 tokens (requested 4, diff 12400.0%)
2026-06-01 02:31:43.758 - aiperf.metrics.types.osl_mismatch_metrics - WARNING - OSL mismatch: got 500 tokens (requested 6, diff 8233.3%)
2026-06-01 02:31:43.860 - aiperf.metrics.types.osl_mismatch_metrics - WARNING - OSL mismatch: got 500 tokens (requested 34, diff 1370.6%)
2026-06-01 02:31:43.860 - aiperf.metrics.types.osl_mismatch_metrics - WARNING - OSL mismatch: got 500 tokens (requested 35, diff 1328.6%)
2026-06-01 02:31:43.896 - aiperf.metrics.types.osl_mismatch_metrics - WARNING - OSL mismatch: got 497 tokens (requested 414, diff 20.0%)
2026-06-01 02:31:43.896 - aiperf.metrics.types.osl_mismatch_metrics - WARNING - OSL mismatch: got 500 tokens (requested 13, diff 3746.2%)
2026-06-01 02:31:43.933 - aiperf.metrics.types.osl_mismatch_metrics - WARNING - OSL mismatch: got 500 tokens (requested 302, diff 65.6%)
2026-06-01 02:31:43.933 - aiperf.metrics.types.osl_mismatch_metrics - WARNING - OSL mismatch: got 454 tokens (requested 186, diff 144.1%)
2026-06-01 02:31:43.990 - aiperf.metrics.types.osl_mismatch_metrics - WARNING - OSL mismatch: got 404 tokens (requested 11, diff 3572.7%)
2026-06-01 02:31:44.043 - aiperf.metrics.types.osl_mismatch_metrics - WARNING - OSL mismatch: got 500 tokens (requested 585, diff -14.5%)
2026-06-01 02:31:44.043 - aiperf.metrics.types.osl_mismatch_metrics - WARNING - OSL mismatch: got 500 tokens (requested 7, diff 7042.9%)
2026-06-01 02:31:44.100 - aiperf.metrics.types.osl_mismatch_metrics - WARNING - OSL mismatch: got 500 tokens (requested 350, diff 42.9%)
2026-06-01 02:31:44.114 - aiperf.metrics.types.osl_mismatch_metrics - WARNING - OSL mismatch: got 500 tokens (requested 434, diff 15.2%)
2026-06-01 02:31:44.141 - aiperf.metrics.types.osl_mismatch_metrics - WARNING - OSL mismatch: got 500 tokens (requested 22, diff 2172.7%)
2026-06-01 02:31:44.165 - aiperf.metrics.types.osl_mismatch_metrics - WARNING - OSL mismatch: got 397 tokens (requested 9, diff 4311.1%)
2026-06-01 02:31:44.165 - aiperf.metrics.types.osl_mismatch_metrics - WARNING - OSL mismatch: got 500 tokens (requested 734, diff -31.9%)
2026-06-01 02:31:44.165 - aiperf.metrics.types.osl_mismatch_metrics - WARNING - OSL mismatch: got 500 tokens (requested 241, diff 107.5%)
2026-06-01 02:31:44.185 - aiperf.metrics.types.osl_mismatch_metrics - WARNING - OSL mismatch: got 500 tokens (requested 102, diff 390.2%)
2026-06-01 02:31:44.258 - aiperf.metrics.types.osl_mismatch_metrics - WARNING - OSL mismatch: got 500 tokens (requested 145, diff 244.8%)
2026-06-01 02:31:44.326 - aiperf.metrics.types.osl_mismatch_metrics - WARNING - OSL mismatch: got 500 tokens (requested 141, diff 254.6%)
2026-06-01 02:31:44.449 - aiperf.metrics.types.osl_mismatch_metrics - WARNING - OSL mismatch: got 500 tokens (requested 46, diff 987.0%)
2026-06-01 02:31:44.572 - aiperf.metrics.types.osl_mismatch_metrics - WARNING - OSL mismatch: got 46 tokens (requested 52, diff -11.5%)
2026-06-01 02:31:44.576 - aiperf.metrics.types.osl_mismatch_metrics - WARNING - OSL mismatch: got 500 tokens (requested 288, diff 73.6%)
2026-06-01 02:31:44.698 - aiperf.metrics.types.osl_mismatch_metrics - WARNING - OSL mismatch: got 500 tokens (requested 770, diff -35.1%)
2026-06-01 02:31:44.905 - aiperf.metrics.types.osl_mismatch_metrics - WARNING - OSL mismatch: got 500 tokens (requested 330, diff 51.5%)
2026-06-01 02:31:45.023 - aiperf.metrics.types.osl_mismatch_metrics - WARNING - OSL mismatch: got 233 tokens (requested 87, diff 167.8%)
2026-06-01 02:31:45.187 - aiperf.metrics.types.osl_mismatch_metrics - WARNING - OSL mismatch: got 500 tokens (requested 340, diff 47.1%)
2026-06-01 02:31:45.212 - aiperf.metrics.types.osl_mismatch_metrics - WARNING - OSL mismatch: got 500 tokens (requested 329, diff 52.0%)
2026-06-01 02:31:45.224 - aiperf.metrics.types.osl_mismatch_metrics - WARNING - OSL mismatch: got 480 tokens (requested 15, diff 3100.0%)
2026-06-01 02:31:45.249 - aiperf.metrics.types.osl_mismatch_metrics - WARNING - OSL mismatch: got 500 tokens (requested 249, diff 100.8%)
2026-06-01 02:31:45.269 - aiperf.metrics.types.osl_mismatch_metrics - WARNING - OSL mismatch: got 302 tokens (requested 29, diff 941.4%)
2026-06-01 02:31:45.283 - aiperf.metrics.types.osl_mismatch_metrics - WARNING - OSL mismatch: got 236 tokens (requested 429, diff -45.0%)
2026-06-01 02:31:45.286 - aiperf.metrics.types.osl_mismatch_metrics - WARNING - OSL mismatch: got 500 tokens (requested 146, diff 242.5%)
2026-06-01 02:31:45.351 - aiperf.metrics.types.osl_mismatch_metrics - WARNING - OSL mismatch: got 500 tokens (requested 11, diff 4445.5%)
2026-06-01 02:31:45.374 - aiperf.metrics.types.osl_mismatch_metrics - WARNING - OSL mismatch: got 500 tokens (requested 413, diff 21.1%)
2026-06-01 02:31:45.375 - aiperf.metrics.types.osl_mismatch_metrics - WARNING - OSL mismatch: got 500 tokens (requested 14, diff 3471.4%)
2026-06-01 02:31:45.386 - aiperf.metrics.types.osl_mismatch_metrics - WARNING - OSL mismatch: got 500 tokens (requested 474, diff 5.5%)
2026-06-01 02:31:45.406 - aiperf.metrics.types.osl_mismatch_metrics - WARNING - OSL mismatch: got 63 tokens (requested 251, diff -74.9%)
2026-06-01 02:31:45.437 - aiperf.metrics.types.osl_mismatch_metrics - WARNING - OSL mismatch: got 500 tokens (requested 300, diff 66.7%)
2026-06-01 02:31:45.461 - aiperf.metrics.types.osl_mismatch_metrics - WARNING - OSL mismatch: got 500 tokens (requested 722, diff -30.7%)
2026-06-01 02:31:45.506 - aiperf.metrics.types.osl_mismatch_metrics - WARNING - OSL mismatch: got 477 tokens (requested 201, diff 137.3%)
2026-06-01 02:31:45.553 - aiperf.metrics.types.osl_mismatch_metrics - WARNING - OSL mismatch: got 300 tokens (requested 16, diff 1775.0%)
2026-06-01 02:31:45.667 - aiperf.metrics.types.osl_mismatch_metrics - WARNING - OSL mismatch: got 500 tokens (requested 6, diff 8233.3%)
2026-06-01 02:31:45.678 - aiperf.metrics.types.osl_mismatch_metrics - WARNING - OSL mismatch: got 500 tokens (requested 110, diff 354.5%)
2026-06-01 02:31:45.684 - aiperf.metrics.types.osl_mismatch_metrics - WARNING - OSL mismatch: got 3 tokens (requested 20, diff -85.0%)
2026-06-01 02:31:45.690 - aiperf.metrics.types.osl_mismatch_metrics - WARNING - OSL mismatch: got 500 tokens (requested 172, diff 190.7%)
2026-06-01 02:31:45.798 - aiperf.metrics.types.osl_mismatch_metrics - WARNING - OSL mismatch: got 500 tokens (requested 330, diff 51.5%)
2026-06-01 02:31:45.911 - aiperf.metrics.types.osl_mismatch_metrics - WARNING - OSL mismatch: got 500 tokens (requested 12, diff 4066.7%)
2026-06-01 02:31:46.069 - aiperf.metrics.types.osl_mismatch_metrics - WARNING - OSL mismatch: got 500 tokens (requested 366, diff 36.6%)
2026-06-01 02:31:46.229 - aiperf.metrics.types.osl_mismatch_metrics - WARNING - OSL mismatch: got 1 tokens (requested 130, diff -99.2%)
2026-06-01 02:31:46.313 - aiperf.metrics.types.osl_mismatch_metrics - WARNING - OSL mismatch: got 500 tokens (requested 401, diff 24.7%)
2026-06-01 02:31:46.316 - aiperf.metrics.types.osl_mismatch_metrics - WARNING - OSL mismatch: got 500 tokens (requested 108, diff 363.0%)
2026-06-01 02:31:46.376 - aiperf.metrics.types.osl_mismatch_metrics - WARNING - OSL mismatch: got 500 tokens (requested 91, diff 449.5%)
2026-06-01 02:31:46.402 - aiperf.metrics.types.osl_mismatch_metrics - WARNING - OSL mismatch: got 500 tokens (requested 9, diff 5455.6%)
2026-06-01 02:31:46.426 - aiperf.metrics.types.osl_mismatch_metrics - WARNING - OSL mismatch: got 479 tokens (requested 12, diff 3891.7%)
2026-06-01 02:31:46.461 - aiperf.metrics.types.osl_mismatch_metrics - WARNING - OSL mismatch: got 434 tokens (requested 134, diff 223.9%)
2026-06-01 02:31:46.461 - aiperf.metrics.types.osl_mismatch_metrics - WARNING - OSL mismatch: got 500 tokens (requested 173, diff 189.0%)
2026-06-01 02:31:46.463 - aiperf.metrics.types.osl_mismatch_metrics - WARNING - OSL mismatch: got 500 tokens (requested 12, diff 4066.7%)
2026-06-01 02:31:46.468 - aiperf.metrics.types.osl_mismatch_metrics - WARNING - OSL mismatch: got 72 tokens (requested 22, diff 227.3%)
2026-06-01 02:31:46.477 - aiperf.metrics.types.osl_mismatch_metrics - WARNING - OSL mismatch: got 500 tokens (requested 8, diff 6150.0%)
2026-06-01 02:31:46.488 - aiperf.metrics.types.osl_mismatch_metrics - WARNING - OSL mismatch: got 500 tokens (requested 4, diff 12400.0%)
2026-06-01 02:31:46.598 - aiperf.metrics.types.osl_mismatch_metrics - WARNING - OSL mismatch: got 500 tokens (requested 18, diff 2677.8%)
2026-06-01 02:31:46.689 - aiperf.metrics.types.osl_mismatch_metrics - WARNING - OSL mismatch: got 500 tokens (requested 131, diff 281.7%)
2026-06-01 02:31:46.766 - aiperf.metrics.types.osl_mismatch_metrics - WARNING - OSL mismatch: got 500 tokens (requested 389, diff 28.5%)
2026-06-01 02:31:46.851 - aiperf.metrics.types.osl_mismatch_metrics - WARNING - OSL mismatch: got 240 tokens (requested 98, diff 144.9%)
2026-06-01 02:31:46.917 - aiperf.metrics.types.osl_mismatch_metrics - WARNING - OSL mismatch: got 500 tokens (requested 97, diff 415.5%)
2026-06-01 02:31:47.017 - aiperf.metrics.types.osl_mismatch_metrics - WARNING - OSL mismatch: got 500 tokens (requested 18, diff 2677.8%)
2026-06-01 02:31:47.117 - aiperf.metrics.types.osl_mismatch_metrics - WARNING - OSL mismatch: got 500 tokens (requested 54, diff 825.9%)
2026-06-01 02:31:47.222 - aiperf.metrics.types.osl_mismatch_metrics - WARNING - OSL mismatch: got 132 tokens (requested 56, diff 135.7%)
2026-06-01 02:31:47.249 - aiperf.metrics.types.osl_mismatch_metrics - WARNING - OSL mismatch: got 399 tokens (requested 191, diff 108.9%)
2026-06-01 02:31:47.305 - aiperf.metrics.types.osl_mismatch_metrics - WARNING - OSL mismatch: got 500 tokens (requested 24, diff 1983.3%)
2026-06-01 02:31:47.495 - aiperf.metrics.types.osl_mismatch_metrics - WARNING - OSL mismatch: got 500 tokens (requested 14, diff 3471.4%)
2026-06-01 02:31:47.590 - aiperf.metrics.types.osl_mismatch_metrics - WARNING - OSL mismatch: got 274 tokens (requested 112, diff 144.6%)
2026-06-01 02:31:47.700 - aiperf.metrics.types.osl_mismatch_metrics - WARNING - OSL mismatch: got 500 tokens (requested 263, diff 90.1%)
2026-06-01 02:31:47.715 - aiperf.metrics.types.osl_mismatch_metrics - WARNING - OSL mismatch: got 500 tokens (requested 9, diff 5455.6%)
2026-06-01 02:31:47.802 - aiperf.metrics.types.osl_mismatch_metrics - WARNING - OSL mismatch: got 500 tokens (requested 768, diff -34.9%)
2026-06-01 02:31:47.838 - aiperf.metrics.types.osl_mismatch_metrics - WARNING - OSL mismatch: got 500 tokens (requested 257, diff 94.6%)
2026-06-01 02:31:47.915 - aiperf.metrics.types.osl_mismatch_metrics - WARNING - OSL mismatch: got 500 tokens (requested 403, diff 24.1%)
2026-06-01 02:31:47.916 - aiperf.metrics.types.osl_mismatch_metrics - WARNING - OSL mismatch: got 500 tokens (requested 29, diff 1624.1%)
2026-06-01 02:31:47.941 - aiperf.metrics.types.osl_mismatch_metrics - WARNING - OSL mismatch: got 500 tokens (requested 10, diff 4900.0%)
2026-06-01 02:31:48.101 - aiperf.metrics.types.osl_mismatch_metrics - WARNING - OSL mismatch: got 500 tokens (requested 115, diff 334.8%)
2026-06-01 02:31:48.103 - aiperf.metrics.types.osl_mismatch_metrics - WARNING - OSL mismatch: got 500 tokens (requested 189, diff 164.6%)
2026-06-01 02:31:48.179 - aiperf.metrics.types.osl_mismatch_metrics - WARNING - OSL mismatch: got 500 tokens (requested 6, diff 8233.3%)
2026-06-01 02:31:48.268 - aiperf.metrics.types.osl_mismatch_metrics - WARNING - OSL mismatch: got 500 tokens (requested 36, diff 1288.9%)
2026-06-01 02:31:48.316 - aiperf.metrics.types.osl_mismatch_metrics - WARNING - OSL mismatch: got 500 tokens (requested 261, diff 91.6%)
2026-06-01 02:31:48.317 - aiperf.metrics.types.osl_mismatch_metrics - WARNING - OSL mismatch: got 500 tokens (requested 146, diff 242.5%)
2026-06-01 02:31:48.344 - aiperf.metrics.types.osl_mismatch_metrics - WARNING - OSL mismatch: got 500 tokens (requested 6, diff 8233.3%)
2026-06-01 02:31:48.345 - aiperf.metrics.types.osl_mismatch_metrics - WARNING - OSL mismatch: got 500 tokens (requested 4, diff 12400.0%)
2026-06-01 02:31:48.356 - aiperf.metrics.types.osl_mismatch_metrics - WARNING - OSL mismatch: got 500 tokens (requested 356, diff 40.4%)
2026-06-01 02:31:48.415 - aiperf.metrics.types.osl_mismatch_metrics - WARNING - OSL mismatch: got 500 tokens (requested 731, diff -31.6%)
2026-06-01 02:31:48.467 - aiperf.metrics.types.osl_mismatch_metrics - WARNING - OSL mismatch: got 500 tokens (requested 6, diff 8233.3%)
2026-06-01 02:31:48.528 - aiperf.metrics.types.osl_mismatch_metrics - WARNING - OSL mismatch: got 339 tokens (requested 245, diff 38.4%)
2026-06-01 02:31:48.544 - aiperf.metrics.types.osl_mismatch_metrics - WARNING - OSL mismatch: got 500 tokens (requested 59, diff 747.5%)
2026-06-01 02:31:48.555 - aiperf.metrics.types.osl_mismatch_metrics - WARNING - OSL mismatch: got 500 tokens (requested 116, diff 331.0%)
2026-06-01 02:31:48.643 - aiperf.metrics.types.osl_mismatch_metrics - WARNING - OSL mismatch: got 500 tokens (requested 636, diff -21.4%)
2026-06-01 02:31:48.667 - aiperf.metrics.types.osl_mismatch_metrics - WARNING - OSL mismatch: got 500 tokens (requested 418, diff 19.6%)
2026-06-01 02:31:48.668 - aiperf.metrics.types.osl_mismatch_metrics - WARNING - OSL mismatch: got 500 tokens (requested 192, diff 160.4%)
2026-06-01 02:31:48.680 - aiperf.metrics.types.osl_mismatch_metrics - WARNING - OSL mismatch: got 500 tokens (requested 54, diff 825.9%)
2026-06-01 02:31:48.695 - aiperf.metrics.types.osl_mismatch_metrics - WARNING - OSL mismatch: got 500 tokens (requested 236, diff 111.9%)
2026-06-01 02:31:48.824 - aiperf.metrics.types.osl_mismatch_metrics - WARNING - OSL mismatch: got 500 tokens (requested 160, diff 212.5%)
2026-06-01 02:31:48.900 - aiperf.metrics.types.osl_mismatch_metrics - WARNING - OSL mismatch: got 500 tokens (requested 97, diff 415.5%)
2026-06-01 02:31:48.901 - aiperf.metrics.types.osl_mismatch_metrics - WARNING - OSL mismatch: got 499 tokens (requested 355, diff 40.6%)
2026-06-01 02:31:48.948 - aiperf.metrics.types.osl_mismatch_metrics - WARNING - OSL mismatch: got 396 tokens (requested 101, diff 292.1%)
2026-06-01 02:31:49.002 - aiperf.metrics.types.osl_mismatch_metrics - WARNING - OSL mismatch: got 500 tokens (requested 474, diff 5.5%)
2026-06-01 02:31:49.124 - aiperf.metrics.types.osl_mismatch_metrics - WARNING - OSL mismatch: got 500 tokens (requested 15, diff 3233.3%)
2026-06-01 02:31:49.264 - aiperf.metrics.types.osl_mismatch_metrics - WARNING - OSL mismatch: got 500 tokens (requested 14, diff 3471.4%)
2026-06-01 02:31:49.314 - aiperf.metrics.types.osl_mismatch_metrics - WARNING - OSL mismatch: got 500 tokens (requested 8, diff 6150.0%)
2026-06-01 02:31:49.413 - aiperf.metrics.types.osl_mismatch_metrics - WARNING - OSL mismatch: got 500 tokens (requested 399, diff 25.3%)
2026-06-01 02:31:49.439 - aiperf.metrics.types.osl_mismatch_metrics - WARNING - OSL mismatch: got 500 tokens (requested 26, diff 1823.1%)
2026-06-01 02:31:49.467 - aiperf.metrics.types.osl_mismatch_metrics - WARNING - OSL mismatch: got 500 tokens (requested 71, diff 604.2%)
2026-06-01 02:31:49.472 - aiperf.metrics.types.osl_mismatch_metrics - WARNING - OSL mismatch: got 138 tokens (requested 169, diff -18.3%)
2026-06-01 02:31:49.519 - aiperf.metrics.types.osl_mismatch_metrics - WARNING - OSL mismatch: got 43 tokens (requested 53, diff -18.9%)
2026-06-01 02:31:49.565 - aiperf.metrics.types.osl_mismatch_metrics - WARNING - OSL mismatch: got 500 tokens (requested 345, diff 44.9%)
2026-06-01 02:31:49.565 - aiperf.metrics.types.osl_mismatch_metrics - WARNING - OSL mismatch: got 500 tokens (requested 186, diff 168.8%)
2026-06-01 02:31:49.654 - aiperf.metrics.types.osl_mismatch_metrics - WARNING - OSL mismatch: got 500 tokens (requested 13, diff 3746.2%)
2026-06-01 02:31:49.665 - aiperf.metrics.types.osl_mismatch_metrics - WARNING - OSL mismatch: got 500 tokens (requested 403, diff 24.1%)
2026-06-01 02:31:49.767 - aiperf.metrics.types.osl_mismatch_metrics - WARNING - OSL mismatch: got 440 tokens (requested 95, diff 363.2%)
2026-06-01 02:31:49.805 - aiperf.metrics.types.osl_mismatch_metrics - WARNING - OSL mismatch: got 500 tokens (requested 6, diff 8233.3%)
2026-06-01 02:31:49.920 - aiperf.metrics.types.osl_mismatch_metrics - WARNING - OSL mismatch: got 500 tokens (requested 572, diff -12.6%)
2026-06-01 02:31:50.006 - aiperf.metrics.types.osl_mismatch_metrics - WARNING - OSL mismatch: got 201 tokens (requested 28, diff 617.9%)
2026-06-01 02:31:50.075 - aiperf.metrics.types.osl_mismatch_metrics - WARNING - OSL mismatch: got 500 tokens (requested 281, diff 77.9%)
2026-06-01 02:31:50.160 - aiperf.metrics.types.osl_mismatch_metrics - WARNING - OSL mismatch: got 500 tokens (requested 9, diff 5455.6%)
2026-06-01 02:31:50.163 - aiperf.metrics.types.osl_mismatch_metrics - WARNING - OSL mismatch: got 500 tokens (requested 65, diff 669.2%)
2026-06-01 02:31:50.188 - aiperf.metrics.types.osl_mismatch_metrics - WARNING - OSL mismatch: got 500 tokens (requested 317, diff 57.7%)
2026-06-01 02:31:50.476 - aiperf.metrics.types.osl_mismatch_metrics - WARNING - OSL mismatch: got 500 tokens (requested 338, diff 47.9%)
2026-06-01 02:31:50.486 - aiperf.metrics.types.osl_mismatch_metrics - WARNING - OSL mismatch: got 203 tokens (requested 20, diff 915.0%)
2026-06-01 02:31:50.601 - aiperf.metrics.types.osl_mismatch_metrics - WARNING - OSL mismatch: got 500 tokens (requested 436, diff 14.7%)
2026-06-01 02:31:50.677 - aiperf.metrics.types.osl_mismatch_metrics - WARNING - OSL mismatch: got 247 tokens (requested 7, diff 3428.6%)
2026-06-01 02:31:50.695 - aiperf.metrics.types.osl_mismatch_metrics - WARNING - OSL mismatch: got 500 tokens (requested 10, diff 4900.0%)
2026-06-01 02:31:50.768 - aiperf.metrics.types.osl_mismatch_metrics - WARNING - OSL mismatch: got 500 tokens (requested 10, diff 4900.0%)
2026-06-01 02:31:50.847 - aiperf.metrics.types.osl_mismatch_metrics - WARNING - OSL mismatch: got 362 tokens (requested 16, diff 2162.5%)
2026-06-01 02:31:50.901 - aiperf.metrics.types.osl_mismatch_metrics - WARNING - OSL mismatch: got 500 tokens (requested 161, diff 210.6%)
2026-06-01 02:31:51.051 - aiperf.metrics.types.osl_mismatch_metrics - WARNING - OSL mismatch: got 245 tokens (requested 160, diff 53.1%)
2026-06-01 02:31:51.108 - aiperf.metrics.types.osl_mismatch_metrics - WARNING - OSL mismatch: got 500 tokens (requested 19, diff 2531.6%)
2026-06-01 02:31:51.135 - aiperf.metrics.types.osl_mismatch_metrics - WARNING - OSL mismatch: got 500 tokens (requested 35, diff 1328.6%)
2026-06-01 02:31:51.141 - aiperf.metrics.types.osl_mismatch_metrics - WARNING - OSL mismatch: got 76 tokens (requested 83, diff -8.4%)
2026-06-01 02:31:51.225 - aiperf.metrics.types.osl_mismatch_metrics - WARNING - OSL mismatch: got 500 tokens (requested 26, diff 1823.1%)
2026-06-01 02:31:51.329 - aiperf.metrics.types.osl_mismatch_metrics - WARNING - OSL mismatch: got 500 tokens (requested 56, diff 792.9%)
2026-06-01 02:31:51.342 - aiperf.metrics.types.osl_mismatch_metrics - WARNING - OSL mismatch: got 500 tokens (requested 298, diff 67.8%)
2026-06-01 02:31:51.406 - aiperf.metrics.types.osl_mismatch_metrics - WARNING - OSL mismatch: got 500 tokens (requested 322, diff 55.3%)
2026-06-01 02:31:51.546 - aiperf.metrics.types.osl_mismatch_metrics - WARNING - OSL mismatch: got 500 tokens (requested 768, diff -34.9%)
2026-06-01 02:31:51.666 - aiperf.metrics.types.osl_mismatch_metrics - WARNING - OSL mismatch: got 500 tokens (requested 178, diff 180.9%)
2026-06-01 02:31:51.688 - aiperf.metrics.types.osl_mismatch_metrics - WARNING - OSL mismatch: got 428 tokens (requested 103, diff 315.5%)
2026-06-01 02:31:51.743 - aiperf.metrics.types.osl_mismatch_metrics - WARNING - OSL mismatch: got 499 tokens (requested 12, diff 4058.3%)
2026-06-01 02:31:51.815 - aiperf.metrics.types.osl_mismatch_metrics - WARNING - OSL mismatch: got 500 tokens (requested 283, diff 76.7%)
2026-06-01 02:31:51.819 - aiperf.metrics.types.osl_mismatch_metrics - WARNING - OSL mismatch: got 500 tokens (requested 7, diff 7042.9%)
2026-06-01 02:31:51.830 - aiperf.metrics.types.osl_mismatch_metrics - WARNING - OSL mismatch: got 500 tokens (requested 906, diff -44.8%)
2026-06-01 02:31:51.892 - aiperf.metrics.types.osl_mismatch_metrics - WARNING - OSL mismatch: got 314 tokens (requested 127, diff 147.2%)
2026-06-01 02:31:51.922 - aiperf.metrics.types.osl_mismatch_metrics - WARNING - OSL mismatch: got 500 tokens (requested 79, diff 532.9%)
2026-06-01 02:31:51.994 - aiperf.metrics.types.osl_mismatch_metrics - WARNING - OSL mismatch: got 500 tokens (requested 232, diff 115.5%)
2026-06-01 02:31:52.066 - aiperf.metrics.types.osl_mismatch_metrics - WARNING - OSL mismatch: got 12 tokens (requested 359, diff -96.7%)
2026-06-01 02:31:52.159 - aiperf.metrics.types.osl_mismatch_metrics - WARNING - OSL mismatch: got 140 tokens (requested 93, diff 50.5%)
2026-06-01 02:31:52.166 - aiperf.metrics.types.osl_mismatch_metrics - WARNING - OSL mismatch: got 500 tokens (requested 19, diff 2531.6%)
2026-06-01 02:31:52.169 - aiperf.metrics.types.osl_mismatch_metrics - WARNING - OSL mismatch: got 114 tokens (requested 96, diff 18.8%)
2026-06-01 02:31:52.227 - aiperf.metrics.types.osl_mismatch_metrics - WARNING - OSL mismatch: got 500 tokens (requested 95, diff 426.3%)
2026-06-01 02:31:52.241 - aiperf.metrics.types.osl_mismatch_metrics - WARNING - OSL mismatch: got 500 tokens (requested 35, diff 1328.6%)
2026-06-01 02:31:52.266 - aiperf.metrics.types.osl_mismatch_metrics - WARNING - OSL mismatch: got 471 tokens (requested 12, diff 3825.0%)
2026-06-01 02:31:52.300 - aiperf.metrics.types.osl_mismatch_metrics - WARNING - OSL mismatch: got 500 tokens (requested 413, diff 21.1%)
2026-06-01 02:31:52.315 - aiperf.metrics.types.osl_mismatch_metrics - WARNING - OSL mismatch: got 500 tokens (requested 15, diff 3233.3%)
2026-06-01 02:31:52.392 - aiperf.metrics.types.osl_mismatch_metrics - WARNING - OSL mismatch: got 500 tokens (requested 269, diff 85.9%)
2026-06-01 02:31:52.394 - aiperf.metrics.types.osl_mismatch_metrics - WARNING - OSL mismatch: got 500 tokens (requested 12, diff 4066.7%)
2026-06-01 02:31:52.417 - aiperf.metrics.types.osl_mismatch_metrics - WARNING - OSL mismatch: got 500 tokens (requested 12, diff 4066.7%)
2026-06-01 02:31:52.506 - aiperf.metrics.types.osl_mismatch_metrics - WARNING - OSL mismatch: got 500 tokens (requested 6, diff 8233.3%)
2026-06-01 02:31:52.583 - aiperf.metrics.types.osl_mismatch_metrics - WARNING - OSL mismatch: got 500 tokens (requested 32, diff 1462.5%)
2026-06-01 02:31:52.605 - aiperf.metrics.types.osl_mismatch_metrics - WARNING - OSL mismatch: got 500 tokens (requested 546, diff -8.4%)
2026-06-01 02:31:52.681 - aiperf.metrics.types.osl_mismatch_metrics - WARNING - OSL mismatch: got 500 tokens (requested 372, diff 34.4%)
2026-06-01 02:31:52.794 - aiperf.metrics.types.osl_mismatch_metrics - WARNING - OSL mismatch: got 500 tokens (requested 11, diff 4445.5%)
2026-06-01 02:31:52.807 - aiperf.metrics.types.osl_mismatch_metrics - WARNING - OSL mismatch: got 500 tokens (requested 47, diff 963.8%)
2026-06-01 02:31:52.817 - aiperf.metrics.types.osl_mismatch_metrics - WARNING - OSL mismatch: got 500 tokens (requested 39, diff 1182.1%)
2026-06-01 02:31:52.828 - aiperf.metrics.types.osl_mismatch_metrics - WARNING - OSL mismatch: got 381 tokens (requested 29, diff 1213.8%)
2026-06-01 02:31:52.842 - aiperf.metrics.types.osl_mismatch_metrics - WARNING - OSL mismatch: got 500 tokens (requested 226, diff 121.2%)
2026-06-01 02:31:52.881 - aiperf.metrics.types.osl_mismatch_metrics - WARNING - OSL mismatch: got 500 tokens (requested 548, diff -8.8%)
2026-06-01 02:31:53.117 - aiperf.metrics.types.osl_mismatch_metrics - WARNING - OSL mismatch: got 500 tokens (requested 6, diff 8233.3%)
2026-06-01 02:31:53.168 - aiperf.metrics.types.osl_mismatch_metrics - WARNING - OSL mismatch: got 500 tokens (requested 372, diff 34.4%)
2026-06-01 02:31:53.181 - aiperf.metrics.types.osl_mismatch_metrics - WARNING - OSL mismatch: got 500 tokens (requested 136, diff 267.6%)
2026-06-01 02:31:53.297 - aiperf.metrics.types.osl_mismatch_metrics - WARNING - OSL mismatch: got 500 tokens (requested 165, diff 203.0%)
2026-06-01 02:31:53.306 - aiperf.metrics.types.osl_mismatch_metrics - WARNING - OSL mismatch: got 419 tokens (requested 8, diff 5137.5%)
2026-06-01 02:31:53.360 - aiperf.metrics.types.osl_mismatch_metrics - WARNING - OSL mismatch: got 500 tokens (requested 76, diff 557.9%)
2026-06-01 02:31:53.373 - aiperf.metrics.types.osl_mismatch_metrics - WARNING - OSL mismatch: got 485 tokens (requested 179, diff 170.9%)
2026-06-01 02:31:53.375 - aiperf.metrics.types.osl_mismatch_metrics - WARNING - OSL mismatch: got 498 tokens (requested 24, diff 1975.0%)
2026-06-01 02:31:53.436 - aiperf.metrics.types.osl_mismatch_metrics - WARNING - OSL mismatch: got 500 tokens (requested 255, diff 96.1%)
2026-06-01 02:31:53.436 - aiperf.metrics.types.osl_mismatch_metrics - WARNING - OSL mismatch: got 500 tokens (requested 386, diff 29.5%)
2026-06-01 02:31:53.446 - aiperf.metrics.types.osl_mismatch_metrics - WARNING - OSL mismatch: got 500 tokens (requested 306, diff 63.4%)
2026-06-01 02:31:53.621 - aiperf.metrics.types.osl_mismatch_metrics - WARNING - OSL mismatch: got 402 tokens (requested 158, diff 154.4%)
2026-06-01 02:31:53.638 - aiperf.metrics.types.osl_mismatch_metrics - WARNING - OSL mismatch: got 500 tokens (requested 210, diff 138.1%)
2026-06-01 02:31:53.714 - aiperf.metrics.types.osl_mismatch_metrics - WARNING - OSL mismatch: got 500 tokens (requested 5, diff 9900.0%)
2026-06-01 02:31:53.715 - aiperf.metrics.types.osl_mismatch_metrics - WARNING - OSL mismatch: got 500 tokens (requested 541, diff -7.6%)
2026-06-01 02:31:53.723 - aiperf.metrics.types.osl_mismatch_metrics - WARNING - OSL mismatch: got 500 tokens (requested 562, diff -11.0%)
2026-06-01 02:31:53.738 - aiperf.metrics.types.osl_mismatch_metrics - WARNING - OSL mismatch: got 500 tokens (requested 61, diff 719.7%)
2026-06-01 02:31:53.803 - aiperf.metrics.types.osl_mismatch_metrics - WARNING - OSL mismatch: got 500 tokens (requested 10, diff 4900.0%)
2026-06-01 02:31:53.803 - aiperf.metrics.types.osl_mismatch_metrics - WARNING - OSL mismatch: got 500 tokens (requested 151, diff 231.1%)
2026-06-01 02:31:53.804 - aiperf.metrics.types.osl_mismatch_metrics - WARNING - OSL mismatch: got 500 tokens (requested 771, diff -35.1%)
2026-06-01 02:31:53.813 - aiperf.metrics.types.osl_mismatch_metrics - WARNING - OSL mismatch: got 429 tokens (requested 135, diff 217.8%)
2026-06-01 02:31:53.814 - aiperf.metrics.types.osl_mismatch_metrics - WARNING - OSL mismatch: got 500 tokens (requested 342, diff 46.2%)
2026-06-01 02:31:53.837 - aiperf.metrics.types.osl_mismatch_metrics - WARNING - OSL mismatch: got 469 tokens (requested 76, diff 517.1%)
2026-06-01 02:31:53.888 - aiperf.metrics.types.osl_mismatch_metrics - WARNING - OSL mismatch: got 500 tokens (requested 180, diff 177.8%)
2026-06-01 02:31:53.890 - aiperf.metrics.types.osl_mismatch_metrics - WARNING - OSL mismatch: got 500 tokens (requested 4, diff 12400.0%)
2026-06-01 02:31:53.900 - aiperf.metrics.types.osl_mismatch_metrics - WARNING - OSL mismatch: got 500 tokens (requested 412, diff 21.4%)
2026-06-01 02:31:53.958 - aiperf.metrics.types.osl_mismatch_metrics - WARNING - OSL mismatch: got 334 tokens (requested 15, diff 2126.7%)
2026-06-01 02:31:54.011 - aiperf.metrics.types.osl_mismatch_metrics - WARNING - OSL mismatch: got 466 tokens (requested 392, diff 18.9%)
2026-06-01 02:31:54.063 - aiperf.metrics.types.osl_mismatch_metrics - WARNING - OSL mismatch: got 500 tokens (requested 79, diff 532.9%)
2026-06-01 02:31:54.073 - aiperf.metrics.types.osl_mismatch_metrics - WARNING - OSL mismatch: got 500 tokens (requested 319, diff 56.7%)
2026-06-01 02:31:54.087 - aiperf.metrics.types.osl_mismatch_metrics - WARNING - OSL mismatch: got 500 tokens (requested 13, diff 3746.2%)
2026-06-01 02:31:54.188 - aiperf.metrics.types.osl_mismatch_metrics - WARNING - OSL mismatch: got 500 tokens (requested 267, diff 87.3%)
2026-06-01 02:31:54.246 - aiperf.metrics.types.osl_mismatch_metrics - WARNING - OSL mismatch: got 470 tokens (requested 780, diff -39.7%)
2026-06-01 02:31:54.318 - aiperf.metrics.types.osl_mismatch_metrics - WARNING - OSL mismatch: got 500 tokens (requested 391, diff 27.9%)
2026-06-01 02:31:54.336 - aiperf.metrics.types.osl_mismatch_metrics - WARNING - OSL mismatch: got 58 tokens (requested 19, diff 205.3%)
2026-06-01 02:31:54.441 - aiperf.metrics.types.osl_mismatch_metrics - WARNING - OSL mismatch: got 500 tokens (requested 24, diff 1983.3%)
2026-06-01 02:31:54.442 - aiperf.metrics.types.osl_mismatch_metrics - WARNING - OSL mismatch: got 500 tokens (requested 707, diff -29.3%)
2026-06-01 02:31:54.580 - aiperf.metrics.types.osl_mismatch_metrics - WARNING - OSL mismatch: got 500 tokens (requested 263, diff 90.1%)
2026-06-01 02:31:54.583 - aiperf.metrics.types.osl_mismatch_metrics - WARNING - OSL mismatch: got 500 tokens (requested 42, diff 1090.5%)
2026-06-01 02:31:54.595 - aiperf.metrics.types.osl_mismatch_metrics - WARNING - OSL mismatch: got 500 tokens (requested 812, diff -38.4%)
2026-06-01 02:31:54.653 - aiperf.metrics.types.osl_mismatch_metrics - WARNING - OSL mismatch: got 500 tokens (requested 22, diff 2172.7%)
2026-06-01 02:31:54.665 - aiperf.metrics.types.osl_mismatch_metrics - WARNING - OSL mismatch: got 246 tokens (requested 219, diff 12.3%)
2026-06-01 02:31:54.667 - aiperf.metrics.types.osl_mismatch_metrics - WARNING - OSL mismatch: got 500 tokens (requested 4, diff 12400.0%)
2026-06-01 02:31:54.808 - aiperf.metrics.types.osl_mismatch_metrics - WARNING - OSL mismatch: got 500 tokens (requested 30, diff 1566.7%)
2026-06-01 02:31:54.885 - aiperf.metrics.types.osl_mismatch_metrics - WARNING - OSL mismatch: got 500 tokens (requested 27, diff 1751.9%)
2026-06-01 02:31:54.897 - aiperf.metrics.types.osl_mismatch_metrics - WARNING - OSL mismatch: got 500 tokens (requested 772, diff -35.2%)
2026-06-01 02:31:54.976 - aiperf.metrics.types.osl_mismatch_metrics - WARNING - OSL mismatch: got 24 tokens (requested 56, diff -57.1%)
2026-06-01 02:31:55.069 - aiperf.metrics.types.osl_mismatch_metrics - WARNING - OSL mismatch: got 500 tokens (requested 357, diff 40.1%)
2026-06-01 02:31:55.104 - aiperf.metrics.types.osl_mismatch_metrics - WARNING - OSL mismatch: got 362 tokens (requested 6, diff 5933.3%)
2026-06-01 02:31:55.126 - aiperf.metrics.types.osl_mismatch_metrics - WARNING - OSL mismatch: got 194 tokens (requested 89, diff 118.0%)
2026-06-01 02:31:55.128 - aiperf.metrics.types.osl_mismatch_metrics - WARNING - OSL mismatch: got 243 tokens (requested 66, diff 268.2%)
2026-06-01 02:31:55.131 - aiperf.metrics.types.osl_mismatch_metrics - WARNING - OSL mismatch: got 500 tokens (requested 363, diff 37.7%)
2026-06-01 02:31:55.131 - aiperf.metrics.types.osl_mismatch_metrics - WARNING - OSL mismatch: got 500 tokens (requested 324, diff 54.3%)
2026-06-01 02:31:55.243 - aiperf.metrics.types.osl_mismatch_metrics - WARNING - OSL mismatch: got 500 tokens (requested 31, diff 1512.9%)
2026-06-01 02:31:55.243 - aiperf.metrics.types.osl_mismatch_metrics - WARNING - OSL mismatch: got 500 tokens (requested 417, diff 19.9%)
2026-06-01 02:31:55.294 - aiperf.metrics.types.osl_mismatch_metrics - WARNING - OSL mismatch: got 500 tokens (requested 21, diff 2281.0%)
2026-06-01 02:31:55.379 - aiperf.metrics.types.osl_mismatch_metrics - WARNING - OSL mismatch: got 500 tokens (requested 5, diff 9900.0%)
2026-06-01 02:31:55.414 - aiperf.metrics.types.osl_mismatch_metrics - WARNING - OSL mismatch: got 286 tokens (requested 219, diff 30.6%)
2026-06-01 02:31:55.418 - aiperf.metrics.types.osl_mismatch_metrics - WARNING - OSL mismatch: got 500 tokens (requested 321, diff 55.8%)
2026-06-01 02:31:55.513 - aiperf.metrics.types.osl_mismatch_metrics - WARNING - OSL mismatch: got 352 tokens (requested 176, diff 100.0%)
2026-06-01 02:31:55.516 - aiperf.metrics.types.osl_mismatch_metrics - WARNING - OSL mismatch: got 500 tokens (requested 108, diff 363.0%)
2026-06-01 02:31:55.538 - aiperf.metrics.types.osl_mismatch_metrics - WARNING - OSL mismatch: got 500 tokens (requested 260, diff 92.3%)
2026-06-01 02:31:55.554 - aiperf.metrics.types.osl_mismatch_metrics - WARNING - OSL mismatch: got 500 tokens (requested 195, diff 156.4%)
2026-06-01 02:31:55.649 - aiperf.metrics.types.osl_mismatch_metrics - WARNING - OSL mismatch: got 324 tokens (requested 79, diff 310.1%)
2026-06-01 02:31:55.663 - aiperf.metrics.types.osl_mismatch_metrics - WARNING - OSL mismatch: got 500 tokens (requested 186, diff 168.8%)
2026-06-01 02:31:55.689 - aiperf.metrics.types.osl_mismatch_metrics - WARNING - OSL mismatch: got 500 tokens (requested 7, diff 7042.9%)
2026-06-01 02:31:55.691 - aiperf.metrics.types.osl_mismatch_metrics - WARNING - OSL mismatch: got 500 tokens (requested 114, diff 338.6%)
2026-06-01 02:31:55.729 - aiperf.metrics.types.osl_mismatch_metrics - WARNING - OSL mismatch: got 500 tokens (requested 161, diff 210.6%)
2026-06-01 02:31:55.729 - aiperf.metrics.types.osl_mismatch_metrics - WARNING - OSL mismatch: got 500 tokens (requested 21, diff 2281.0%)
2026-06-01 02:31:55.791 - aiperf.metrics.types.osl_mismatch_metrics - WARNING - OSL mismatch: got 500 tokens (requested 148, diff 237.8%)
2026-06-01 02:31:55.802 - aiperf.metrics.types.osl_mismatch_metrics - WARNING - OSL mismatch: got 500 tokens (requested 120, diff 316.7%)
2026-06-01 02:31:55.875 - aiperf.metrics.types.osl_mismatch_metrics - WARNING - OSL mismatch: got 500 tokens (requested 701, diff -28.7%)
2026-06-01 02:31:55.925 - aiperf.metrics.types.osl_mismatch_metrics - WARNING - OSL mismatch: got 500 tokens (requested 770, diff -35.1%)
2026-06-01 02:31:55.926 - aiperf.metrics.types.osl_mismatch_metrics - WARNING - OSL mismatch: got 500 tokens (requested 17, diff 2841.2%)
2026-06-01 02:31:56.058 - aiperf.metrics.types.osl_mismatch_metrics - WARNING - OSL mismatch: got 500 tokens (requested 782, diff -36.1%)
2026-06-01 02:31:56.139 - aiperf.metrics.types.osl_mismatch_metrics - WARNING - OSL mismatch: got 351 tokens (requested 200, diff 75.5%)
2026-06-01 02:31:56.301 - aiperf.metrics.types.osl_mismatch_metrics - WARNING - OSL mismatch: got 500 tokens (requested 601, diff -16.8%)
2026-06-01 02:31:56.325 - aiperf.metrics.types.osl_mismatch_metrics - WARNING - OSL mismatch: got 500 tokens (requested 163, diff 206.7%)
2026-06-01 02:31:56.334 - aiperf.metrics.types.osl_mismatch_metrics - WARNING - OSL mismatch: got 265 tokens (requested 31, diff 754.8%)
2026-06-01 02:31:56.390 - aiperf.metrics.types.osl_mismatch_metrics - WARNING - OSL mismatch: got 500 tokens (requested 367, diff 36.2%)
2026-06-01 02:31:56.390 - aiperf.metrics.types.osl_mismatch_metrics - WARNING - OSL mismatch: got 500 tokens (requested 377, diff 32.6%)
2026-06-01 02:31:56.402 - aiperf.metrics.types.osl_mismatch_metrics - WARNING - OSL mismatch: got 500 tokens (requested 350, diff 42.9%)
2026-06-01 02:31:56.437 - aiperf.metrics.types.osl_mismatch_metrics - WARNING - OSL mismatch: got 499 tokens (requested 317, diff 57.4%)
2026-06-01 02:31:56.464 - aiperf.metrics.types.osl_mismatch_metrics - WARNING - OSL mismatch: got 500 tokens (requested 6, diff 8233.3%)
2026-06-01 02:31:56.475 - aiperf.metrics.types.osl_mismatch_metrics - WARNING - OSL mismatch: got 500 tokens (requested 306, diff 63.4%)
2026-06-01 02:31:56.500 - aiperf.metrics.types.osl_mismatch_metrics - WARNING - OSL mismatch: got 500 tokens (requested 339, diff 47.5%)
2026-06-01 02:31:56.549 - aiperf.metrics.types.osl_mismatch_metrics - WARNING - OSL mismatch: got 500 tokens (requested 293, diff 70.6%)
2026-06-01 02:31:56.555 - aiperf.metrics.types.osl_mismatch_metrics - WARNING - OSL mismatch: got 120 tokens (requested 456, diff -73.7%)
2026-06-01 02:31:56.584 - aiperf.metrics.types.osl_mismatch_metrics - WARNING - OSL mismatch: got 500 tokens (requested 402, diff 24.4%)
2026-06-01 02:31:56.685 - aiperf.metrics.types.osl_mismatch_metrics - WARNING - OSL mismatch: got 500 tokens (requested 20, diff 2400.0%)
2026-06-01 02:31:56.744 - aiperf.metrics.types.osl_mismatch_metrics - WARNING - OSL mismatch: got 500 tokens (requested 412, diff 21.4%)
2026-06-01 02:31:56.772 - aiperf.metrics.types.osl_mismatch_metrics - WARNING - OSL mismatch: got 500 tokens (requested 192, diff 160.4%)
2026-06-01 02:31:56.782 - aiperf.metrics.types.osl_mismatch_metrics - WARNING - OSL mismatch: got 500 tokens (requested 574, diff -12.9%)
2026-06-01 02:31:56.867 - aiperf.metrics.types.osl_mismatch_metrics - WARNING - OSL mismatch: got 500 tokens (requested 25, diff 1900.0%)
2026-06-01 02:31:56.869 - aiperf.metrics.types.osl_mismatch_metrics - WARNING - OSL mismatch: got 500 tokens (requested 13, diff 3746.2%)
2026-06-01 02:31:56.891 - aiperf.metrics.types.osl_mismatch_metrics - WARNING - OSL mismatch: got 489 tokens (requested 222, diff 120.3%)
2026-06-01 02:31:56.954 - aiperf.metrics.types.osl_mismatch_metrics - WARNING - OSL mismatch: got 500 tokens (requested 649, diff -23.0%)
2026-06-01 02:31:56.965 - aiperf.metrics.types.osl_mismatch_metrics - WARNING - OSL mismatch: got 500 tokens (requested 217, diff 130.4%)
2026-06-01 02:31:56.965 - aiperf.metrics.types.osl_mismatch_metrics - WARNING - OSL mismatch: got 500 tokens (requested 184, diff 171.7%)
2026-06-01 02:31:56.989 - aiperf.metrics.types.osl_mismatch_metrics - WARNING - OSL mismatch: got 500 tokens (requested 7, diff 7042.9%)
2026-06-01 02:31:57.038 - aiperf.metrics.types.osl_mismatch_metrics - WARNING - OSL mismatch: got 500 tokens (requested 206, diff 142.7%)
2026-06-01 02:31:57.135 - aiperf.metrics.types.osl_mismatch_metrics - WARNING - OSL mismatch: got 500 tokens (requested 134, diff 273.1%)
2026-06-01 02:31:57.378 - aiperf.metrics.types.osl_mismatch_metrics - WARNING - OSL mismatch: got 409 tokens (requested 50, diff 718.0%)
2026-06-01 02:31:57.405 - aiperf.metrics.types.osl_mismatch_metrics - WARNING - OSL mismatch: got 500 tokens (requested 96, diff 420.8%)
2026-06-01 02:31:57.407 - aiperf.metrics.types.osl_mismatch_metrics - WARNING - OSL mismatch: got 500 tokens (requested 9, diff 5455.6%)
2026-06-01 02:31:57.611 - aiperf.metrics.types.osl_mismatch_metrics - WARNING - OSL mismatch: got 500 tokens (requested 185, diff 170.3%)
2026-06-01 02:31:57.708 - aiperf.metrics.types.osl_mismatch_metrics - WARNING - OSL mismatch: got 269 tokens (requested 140, diff 92.1%)
2026-06-01 02:31:57.712 - aiperf.metrics.types.osl_mismatch_metrics - WARNING - OSL mismatch: got 500 tokens (requested 474, diff 5.5%)
2026-06-01 02:31:57.959 - aiperf.metrics.types.osl_mismatch_metrics - WARNING - OSL mismatch: got 500 tokens (requested 36, diff 1288.9%)
2026-06-01 02:31:57.994 - aiperf.metrics.types.osl_mismatch_metrics - WARNING - OSL mismatch: got 500 tokens (requested 364, diff 37.4%)
2026-06-01 02:31:58.012 - aiperf.metrics.types.osl_mismatch_metrics - WARNING - OSL mismatch: got 40 tokens (requested 124, diff -67.7%)
2026-06-01 02:31:58.064 - aiperf.metrics.types.osl_mismatch_metrics - WARNING - OSL mismatch: got 159 tokens (requested 9, diff 1666.7%)
2026-06-01 02:31:58.165 - aiperf.metrics.types.osl_mismatch_metrics - WARNING - OSL mismatch: got 461 tokens (requested 118, diff 290.7%)
2026-06-01 02:31:58.204 - aiperf.metrics.types.osl_mismatch_metrics - WARNING - OSL mismatch: got 494 tokens (requested 301, diff 64.1%)
2026-06-01 02:31:58.290 - aiperf.metrics.types.osl_mismatch_metrics - WARNING - OSL mismatch: got 500 tokens (requested 327, diff 52.9%)
2026-06-01 02:31:58.315 - aiperf.metrics.types.osl_mismatch_metrics - WARNING - OSL mismatch: got 500 tokens (requested 40, diff 1150.0%)
2026-06-01 02:31:58.398 - aiperf.metrics.types.osl_mismatch_metrics - WARNING - OSL mismatch: got 500 tokens (requested 542, diff -7.7%)
2026-06-01 02:31:58.475 - aiperf.metrics.types.osl_mismatch_metrics - WARNING - OSL mismatch: got 500 tokens (requested 7, diff 7042.9%)
2026-06-01 02:31:58.497 - aiperf.metrics.types.osl_mismatch_metrics - WARNING - OSL mismatch: got 382 tokens (requested 11, diff 3372.7%)
2026-06-01 02:31:58.623 - aiperf.metrics.types.osl_mismatch_metrics - WARNING - OSL mismatch: got 500 tokens (requested 68, diff 635.3%)
2026-06-01 02:31:58.710 - aiperf.metrics.types.osl_mismatch_metrics - WARNING - OSL mismatch: got 500 tokens (requested 14, diff 3471.4%)
2026-06-01 02:31:58.800 - aiperf.metrics.types.osl_mismatch_metrics - WARNING - OSL mismatch: got 500 tokens (requested 9, diff 5455.6%)
2026-06-01 02:31:58.810 - aiperf.metrics.types.osl_mismatch_metrics - WARNING - OSL mismatch: got 500 tokens (requested 18, diff 2677.8%)
2026-06-01 02:31:58.819 - aiperf.metrics.types.osl_mismatch_metrics - WARNING - OSL mismatch: got 500 tokens (requested 315, diff 58.7%)
2026-06-01 02:31:58.833 - aiperf.metrics.types.osl_mismatch_metrics - WARNING - OSL mismatch: got 500 tokens (requested 146, diff 242.5%)
2026-06-01 02:31:58.871 - aiperf.metrics.types.osl_mismatch_metrics - WARNING - OSL mismatch: got 500 tokens (requested 19, diff 2531.6%)
2026-06-01 02:31:58.995 - aiperf.metrics.types.osl_mismatch_metrics - WARNING - OSL mismatch: got 500 tokens (requested 6, diff 8233.3%)
2026-06-01 02:31:59.012 - aiperf.metrics.types.osl_mismatch_metrics - WARNING - OSL mismatch: got 136 tokens (requested 115, diff 18.3%)
2026-06-01 02:31:59.043 - aiperf.metrics.types.osl_mismatch_metrics - WARNING - OSL mismatch: got 500 tokens (requested 299, diff 67.2%)
2026-06-01 02:31:59.056 - aiperf.metrics.types.osl_mismatch_metrics - WARNING - OSL mismatch: got 500 tokens (requested 8, diff 6150.0%)
2026-06-01 02:31:59.068 - aiperf.metrics.types.osl_mismatch_metrics - WARNING - OSL mismatch: got 500 tokens (requested 125, diff 300.0%)
2026-06-01 02:31:59.087 - aiperf.metrics.types.osl_mismatch_metrics - WARNING - OSL mismatch: got 111 tokens (requested 14, diff 692.9%)
2026-06-01 02:31:59.091 - aiperf.metrics.types.osl_mismatch_metrics - WARNING - OSL mismatch: got 407 tokens (requested 85, diff 378.8%)
2026-06-01 02:31:59.092 - aiperf.metrics.types.osl_mismatch_metrics - WARNING - OSL mismatch: got 500 tokens (requested 433, diff 15.5%)
2026-06-01 02:31:59.104 - aiperf.metrics.types.osl_mismatch_metrics - WARNING - OSL mismatch: got 500 tokens (requested 151, diff 231.1%)
2026-06-01 02:31:59.220 - PhaseRunner - NOTICE - Phase profiling sending complete | sent=5,000, completed=4,888, in_flight=112 | sessions: sent=5,000, completed=4,888
2026-06-01 02:31:59.224 - records_manager - INFO - Sent 5,000 requests. Waiting for all to complete...
2026-06-01 02:31:59.296 - aiperf.metrics.types.osl_mismatch_metrics - WARNING - OSL mismatch: got 124 tokens (requested 59, diff 110.2%)
2026-06-01 02:31:59.302 - aiperf.metrics.types.osl_mismatch_metrics - WARNING - OSL mismatch: got 500 tokens (requested 226, diff 121.2%)
2026-06-01 02:31:59.333 - aiperf.metrics.types.osl_mismatch_metrics - WARNING - OSL mismatch: got 500 tokens (requested 232, diff 115.5%)
2026-06-01 02:31:59.384 - aiperf.metrics.types.osl_mismatch_metrics - WARNING - OSL mismatch: got 500 tokens (requested 10, diff 4900.0%)
2026-06-01 02:31:59.495 - aiperf.metrics.types.osl_mismatch_metrics - WARNING - OSL mismatch: got 500 tokens (requested 676, diff -26.0%)
2026-06-01 02:31:59.496 - aiperf.metrics.types.osl_mismatch_metrics - WARNING - OSL mismatch: got 500 tokens (requested 21, diff 2281.0%)
2026-06-01 02:31:59.677 - aiperf.metrics.types.osl_mismatch_metrics - WARNING - OSL mismatch: got 500 tokens (requested 46, diff 987.0%)
2026-06-01 02:31:59.752 - aiperf.metrics.types.osl_mismatch_metrics - WARNING - OSL mismatch: got 500 tokens (requested 7, diff 7042.9%)
2026-06-01 02:31:59.754 - aiperf.metrics.types.osl_mismatch_metrics - WARNING - OSL mismatch: got 500 tokens (requested 23, diff 2073.9%)
2026-06-01 02:31:59.759 - aiperf.metrics.types.osl_mismatch_metrics - WARNING - OSL mismatch: got 187 tokens (requested 50, diff 274.0%)
2026-06-01 02:31:59.763 - aiperf.metrics.types.osl_mismatch_metrics - WARNING - OSL mismatch: got 500 tokens (requested 358, diff 39.7%)
2026-06-01 02:31:59.764 - aiperf.metrics.types.osl_mismatch_metrics - WARNING - OSL mismatch: got 500 tokens (requested 695, diff -28.1%)
2026-06-01 02:31:59.797 - aiperf.metrics.types.osl_mismatch_metrics - WARNING - OSL mismatch: got 500 tokens (requested 26, diff 1823.1%)
2026-06-01 02:31:59.799 - aiperf.metrics.types.osl_mismatch_metrics - WARNING - OSL mismatch: got 500 tokens (requested 34, diff 1370.6%)
2026-06-01 02:31:59.799 - aiperf.metrics.types.osl_mismatch_metrics - WARNING - OSL mismatch: got 500 tokens (requested 245, diff 104.1%)
2026-06-01 02:31:59.920 - aiperf.metrics.types.osl_mismatch_metrics - WARNING - OSL mismatch: got 500 tokens (requested 421, diff 18.8%)
2026-06-01 02:31:59.928 - aiperf.metrics.types.osl_mismatch_metrics - WARNING - OSL mismatch: got 177 tokens (requested 22, diff 704.5%)
2026-06-01 02:31:59.944 - aiperf.metrics.types.osl_mismatch_metrics - WARNING - OSL mismatch: got 500 tokens (requested 649, diff -23.0%)
2026-06-01 02:31:59.968 - aiperf.metrics.types.osl_mismatch_metrics - WARNING - OSL mismatch: got 500 tokens (requested 347, diff 44.1%)
2026-06-01 02:32:00.011 - aiperf.metrics.types.osl_mismatch_metrics - WARNING - OSL mismatch: got 82 tokens (requested 23, diff 256.5%)
2026-06-01 02:32:00.150 - aiperf.metrics.types.osl_mismatch_metrics - WARNING - OSL mismatch: got 500 tokens (requested 277, diff 80.5%)
2026-06-01 02:32:00.316 - aiperf.metrics.types.osl_mismatch_metrics - WARNING - OSL mismatch: got 139 tokens (requested 707, diff -80.3%)
2026-06-01 02:32:00.369 - aiperf.metrics.types.osl_mismatch_metrics - WARNING - OSL mismatch: got 500 tokens (requested 260, diff 92.3%)
2026-06-01 02:32:00.407 - aiperf.metrics.types.osl_mismatch_metrics - WARNING - OSL mismatch: got 500 tokens (requested 7, diff 7042.9%)
2026-06-01 02:32:00.419 - aiperf.metrics.types.osl_mismatch_metrics - WARNING - OSL mismatch: got 500 tokens (requested 319, diff 56.7%)
2026-06-01 02:32:00.432 - aiperf.metrics.types.osl_mismatch_metrics - WARNING - OSL mismatch: got 500 tokens (requested 532, diff -6.0%)
2026-06-01 02:32:00.518 - aiperf.metrics.types.osl_mismatch_metrics - WARNING - OSL mismatch: got 500 tokens (requested 766, diff -34.7%)
2026-06-01 02:32:00.542 - aiperf.metrics.types.osl_mismatch_metrics - WARNING - OSL mismatch: got 500 tokens (requested 466, diff 7.3%)
2026-06-01 02:32:00.629 - aiperf.metrics.types.osl_mismatch_metrics - WARNING - OSL mismatch: got 500 tokens (requested 464, diff 7.8%)
2026-06-01 02:32:00.631 - aiperf.metrics.types.osl_mismatch_metrics - WARNING - OSL mismatch: got 500 tokens (requested 40, diff 1150.0%)
2026-06-01 02:32:00.640 - aiperf.metrics.types.osl_mismatch_metrics - WARNING - OSL mismatch: got 500 tokens (requested 192, diff 160.4%)
2026-06-01 02:32:00.653 - aiperf.metrics.types.osl_mismatch_metrics - WARNING - OSL mismatch: got 500 tokens (requested 471, diff 6.2%)
2026-06-01 02:32:00.726 - aiperf.metrics.types.osl_mismatch_metrics - WARNING - OSL mismatch: got 500 tokens (requested 133, diff 275.9%)
2026-06-01 02:32:00.796 - aiperf.metrics.types.osl_mismatch_metrics - WARNING - OSL mismatch: got 153 tokens (requested 21, diff 628.6%)
2026-06-01 02:32:00.802 - aiperf.metrics.types.osl_mismatch_metrics - WARNING - OSL mismatch: got 500 tokens (requested 12, diff 4066.7%)
2026-06-01 02:32:00.898 - aiperf.metrics.types.osl_mismatch_metrics - WARNING - OSL mismatch: got 500 tokens (requested 7, diff 7042.9%)
2026-06-01 02:32:00.909 - aiperf.metrics.types.osl_mismatch_metrics - WARNING - OSL mismatch: got 500 tokens (requested 207, diff 141.5%)
2026-06-01 02:32:00.920 - aiperf.metrics.types.osl_mismatch_metrics - WARNING - OSL mismatch: got 500 tokens (requested 255, diff 96.1%)
2026-06-01 02:32:00.983 - aiperf.metrics.types.osl_mismatch_metrics - WARNING - OSL mismatch: got 500 tokens (requested 615, diff -18.7%)
2026-06-01 02:32:00.995 - aiperf.metrics.types.osl_mismatch_metrics - WARNING - OSL mismatch: got 500 tokens (requested 23, diff 2073.9%)
2026-06-01 02:32:00.996 - aiperf.metrics.types.osl_mismatch_metrics - WARNING - OSL mismatch: got 500 tokens (requested 309, diff 61.8%)
2026-06-01 02:32:01.020 - aiperf.metrics.types.osl_mismatch_metrics - WARNING - OSL mismatch: got 500 tokens (requested 6, diff 8233.3%)
2026-06-01 02:32:01.283 - aiperf.metrics.types.osl_mismatch_metrics - WARNING - OSL mismatch: got 500 tokens (requested 428, diff 16.8%)
2026-06-01 02:32:01.285 - aiperf.metrics.types.osl_mismatch_metrics - WARNING - OSL mismatch: got 500 tokens (requested 60, diff 733.3%)
2026-06-01 02:32:01.368 - aiperf.metrics.types.osl_mismatch_metrics - WARNING - OSL mismatch: got 500 tokens (requested 79, diff 532.9%)
2026-06-01 02:32:01.380 - aiperf.metrics.types.osl_mismatch_metrics - WARNING - OSL mismatch: got 500 tokens (requested 9, diff 5455.6%)
2026-06-01 02:32:01.441 - aiperf.metrics.types.osl_mismatch_metrics - WARNING - OSL mismatch: got 500 tokens (requested 354, diff 41.2%)
2026-06-01 02:32:01.631 - aiperf.metrics.types.osl_mismatch_metrics - WARNING - OSL mismatch: got 500 tokens (requested 387, diff 29.2%)
2026-06-01 02:32:01.715 - aiperf.metrics.types.osl_mismatch_metrics - WARNING - OSL mismatch: got 500 tokens (requested 18, diff 2677.8%)
2026-06-01 02:32:01.717 - aiperf.metrics.types.osl_mismatch_metrics - WARNING - OSL mismatch: got 500 tokens (requested 233, diff 114.6%)
2026-06-01 02:32:01.727 - aiperf.metrics.types.osl_mismatch_metrics - WARNING - OSL mismatch: got 500 tokens (requested 544, diff -8.1%)
2026-06-01 02:32:01.762 - aiperf.metrics.types.osl_mismatch_metrics - WARNING - OSL mismatch: got 500 tokens (requested 337, diff 48.4%)
2026-06-01 02:32:01.873 - aiperf.metrics.types.osl_mismatch_metrics - WARNING - OSL mismatch: got 500 tokens (requested 299, diff 67.2%)
2026-06-01 02:32:01.934 - aiperf.metrics.types.osl_mismatch_metrics - WARNING - OSL mismatch: got 500 tokens (requested 444, diff 12.6%)
2026-06-01 02:32:01.946 - aiperf.metrics.types.osl_mismatch_metrics - WARNING - OSL mismatch: got 500 tokens (requested 12, diff 4066.7%)
2026-06-01 02:32:02.005 - aiperf.metrics.types.osl_mismatch_metrics - WARNING - OSL mismatch: got 500 tokens (requested 455, diff 9.9%)
2026-06-01 02:32:02.115 - aiperf.metrics.types.osl_mismatch_metrics - WARNING - OSL mismatch: got 500 tokens (requested 4, diff 12400.0%)
2026-06-01 02:32:02.161 - aiperf.metrics.types.osl_mismatch_metrics - WARNING - OSL mismatch: got 500 tokens (requested 777, diff -35.6%)
2026-06-01 02:32:02.260 - aiperf.metrics.types.osl_mismatch_metrics - WARNING - OSL mismatch: got 246 tokens (requested 132, diff 86.4%)
2026-06-01 02:32:02.275 - aiperf.metrics.types.osl_mismatch_metrics - WARNING - OSL mismatch: got 500 tokens (requested 222, diff 125.2%)
2026-06-01 02:32:02.330 - aiperf.metrics.types.osl_mismatch_metrics - WARNING - OSL mismatch: got 500 tokens (requested 43, diff 1062.8%)
2026-06-01 02:32:02.471 - aiperf.metrics.types.osl_mismatch_metrics - WARNING - OSL mismatch: got 500 tokens (requested 891, diff -43.9%)
2026-06-01 02:32:02.481 - aiperf.metrics.types.osl_mismatch_metrics - WARNING - OSL mismatch: got 500 tokens (requested 362, diff 38.1%)
2026-06-01 02:32:02.503 - aiperf.metrics.types.osl_mismatch_metrics - WARNING - OSL mismatch: got 500 tokens (requested 242, diff 106.6%)
2026-06-01 02:32:02.548 - aiperf.metrics.types.osl_mismatch_metrics - WARNING - OSL mismatch: got 500 tokens (requested 211, diff 137.0%)
2026-06-01 02:32:02.561 - aiperf.metrics.types.osl_mismatch_metrics - WARNING - OSL mismatch: got 500 tokens (requested 199, diff 151.3%)
2026-06-01 02:32:02.595 - aiperf.metrics.types.osl_mismatch_metrics - WARNING - OSL mismatch: got 500 tokens (requested 394, diff 26.9%)
2026-06-01 02:32:02.606 - aiperf.metrics.types.osl_mismatch_metrics - WARNING - OSL mismatch: got 500 tokens (requested 115, diff 334.8%)
2026-06-01 02:32:02.743 - aiperf.metrics.types.osl_mismatch_metrics - WARNING - OSL mismatch: got 392 tokens (requested 79, diff 396.2%)
2026-06-01 02:32:02.917 - aiperf.metrics.types.osl_mismatch_metrics - WARNING - OSL mismatch: got 500 tokens (requested 41, diff 1119.5%)
2026-06-01 02:32:02.951 - aiperf.metrics.types.osl_mismatch_metrics - WARNING - OSL mismatch: got 500 tokens (requested 13, diff 3746.2%)
2026-06-01 02:32:02.986 - aiperf.metrics.types.osl_mismatch_metrics - WARNING - OSL mismatch: got 500 tokens (requested 256, diff 95.3%)
2026-06-01 02:32:03.007 - aiperf.metrics.types.osl_mismatch_metrics - WARNING - OSL mismatch: got 500 tokens (requested 262, diff 90.8%)
2026-06-01 02:32:03.040 - aiperf.metrics.types.osl_mismatch_metrics - WARNING - OSL mismatch: got 500 tokens (requested 120, diff 316.7%)
2026-06-01 02:32:03.117 - aiperf.metrics.types.osl_mismatch_metrics - WARNING - OSL mismatch: got 500 tokens (requested 260, diff 92.3%)
2026-06-01 02:32:03.117 - aiperf.metrics.types.osl_mismatch_metrics - WARNING - OSL mismatch: got 500 tokens (requested 9, diff 5455.6%)
2026-06-01 02:32:03.202 - aiperf.metrics.types.osl_mismatch_metrics - WARNING - OSL mismatch: got 455 tokens (requested 41, diff 1009.8%)
2026-06-01 02:32:03.290 - aiperf.metrics.types.osl_mismatch_metrics - WARNING - OSL mismatch: got 500 tokens (requested 10, diff 4900.0%)
2026-06-01 02:32:03.352 - aiperf.metrics.types.osl_mismatch_metrics - WARNING - OSL mismatch: got 500 tokens (requested 421, diff 18.8%)
2026-06-01 02:32:03.355 - aiperf.metrics.types.osl_mismatch_metrics - WARNING - OSL mismatch: got 471 tokens (requested 109, diff 332.1%)
2026-06-01 02:32:03.356 - aiperf.metrics.types.osl_mismatch_metrics - WARNING - OSL mismatch: got 500 tokens (requested 275, diff 81.8%)
2026-06-01 02:32:03.560 - aiperf.metrics.types.osl_mismatch_metrics - WARNING - OSL mismatch: got 500 tokens (requested 12, diff 4066.7%)
2026-06-01 02:32:03.619 - aiperf.metrics.types.osl_mismatch_metrics - WARNING - OSL mismatch: got 499 tokens (requested 9, diff 5444.4%)
2026-06-01 02:32:03.631 - aiperf.metrics.types.osl_mismatch_metrics - WARNING - OSL mismatch: got 500 tokens (requested 5, diff 9900.0%)
2026-06-01 02:32:03.650 - aiperf.metrics.types.osl_mismatch_metrics - WARNING - OSL mismatch: got 500 tokens (requested 548, diff -8.8%)
2026-06-01 02:32:03.679 - aiperf.metrics.types.osl_mismatch_metrics - WARNING - OSL mismatch: got 500 tokens (requested 47, diff 963.8%)
2026-06-01 02:32:03.708 - aiperf.metrics.types.osl_mismatch_metrics - WARNING - OSL mismatch: got 500 tokens (requested 181, diff 176.2%)
2026-06-01 02:32:03.768 - aiperf.metrics.types.osl_mismatch_metrics - WARNING - OSL mismatch: got 501 tokens (requested 227, diff 120.7%)
2026-06-01 02:32:03.798 - aiperf.metrics.types.osl_mismatch_metrics - WARNING - OSL mismatch: got 500 tokens (requested 253, diff 97.6%)
2026-06-01 02:32:03.806 - aiperf.metrics.types.osl_mismatch_metrics - WARNING - OSL mismatch: got 420 tokens (requested 186, diff 125.8%)
2026-06-01 02:32:03.887 - aiperf.metrics.types.osl_mismatch_metrics - WARNING - OSL mismatch: got 500 tokens (requested 10, diff 4900.0%)
2026-06-01 02:32:04.034 - aiperf.metrics.types.osl_mismatch_metrics - WARNING - OSL mismatch: got 408 tokens (requested 95, diff 329.5%)
2026-06-01 02:32:04.175 - aiperf.metrics.types.osl_mismatch_metrics - WARNING - OSL mismatch: got 500 tokens (requested 17, diff 2841.2%)
2026-06-01 02:32:04.184 - aiperf.metrics.types.osl_mismatch_metrics - WARNING - OSL mismatch: got 500 tokens (requested 471, diff 6.2%)
2026-06-01 02:32:04.274 - aiperf.metrics.types.osl_mismatch_metrics - WARNING - OSL mismatch: got 500 tokens (requested 62, diff 706.5%)
2026-06-01 02:32:04.284 - aiperf.metrics.types.osl_mismatch_metrics - WARNING - OSL mismatch: got 500 tokens (requested 147, diff 240.1%)
2026-06-01 02:32:04.406 - aiperf.metrics.types.osl_mismatch_metrics - WARNING - OSL mismatch: got 500 tokens (requested 14, diff 3471.4%)
2026-06-01 02:32:04.415 - aiperf.metrics.types.osl_mismatch_metrics - WARNING - OSL mismatch: got 500 tokens (requested 137, diff 265.0%)
2026-06-01 02:32:04.451 - aiperf.metrics.types.osl_mismatch_metrics - WARNING - OSL mismatch: got 489 tokens (requested 313, diff 56.2%)
2026-06-01 02:32:04.489 - aiperf.metrics.types.osl_mismatch_metrics - WARNING - OSL mismatch: got 500 tokens (requested 22, diff 2172.7%)
2026-06-01 02:32:04.627 - aiperf.metrics.types.osl_mismatch_metrics - WARNING - OSL mismatch: got 500 tokens (requested 561, diff -10.9%)
2026-06-01 02:32:04.693 - aiperf.metrics.types.osl_mismatch_metrics - WARNING - OSL mismatch: got 500 tokens (requested 387, diff 29.2%)
2026-06-01 02:32:04.694 - aiperf.metrics.types.osl_mismatch_metrics - WARNING - OSL mismatch: got 500 tokens (requested 16, diff 3025.0%)
2026-06-01 02:32:04.821 - aiperf.metrics.types.osl_mismatch_metrics - WARNING - OSL mismatch: got 500 tokens (requested 382, diff 30.9%)
2026-06-01 02:32:04.828 - aiperf.metrics.types.osl_mismatch_metrics - WARNING - OSL mismatch: got 500 tokens (requested 211, diff 137.0%)
2026-06-01 02:32:04.836 - aiperf.metrics.types.osl_mismatch_metrics - WARNING - OSL mismatch: got 500 tokens (requested 403, diff 24.1%)
2026-06-01 02:32:04.868 - aiperf.metrics.types.osl_mismatch_metrics - WARNING - OSL mismatch: got 500 tokens (requested 447, diff 11.9%)
2026-06-01 02:32:04.904 - aiperf.metrics.types.osl_mismatch_metrics - WARNING - OSL mismatch: got 500 tokens (requested 767, diff -34.8%)
2026-06-01 02:32:04.991 - aiperf.metrics.types.osl_mismatch_metrics - WARNING - OSL mismatch: got 500 tokens (requested 7, diff 7042.9%)
2026-06-01 02:32:04.990 - PhaseRunner - NOTICE - Phase profiling complete | completed=5,000, cancelled=0, errors=0 | sessions: completed=5,000, cancelled=0 | elapsed=258.37s
2026-06-01 02:32:04.992 - PhaseOrchestrator_ed26fae5 - NOTICE - All credits completed
2026-06-01 02:32:04.993 - records_manager - INFO - Received CREDIT_PHASE_COMPLETE message, Phase complete: PhaseRecordsStats(phase=CreditPhase.PROFILING, start_ns=1780280866618188710, sent_end_ns=1780281119220687355, requests_end_ns=1780281124990874570, total_expected_requests=5000, expected_duration_sec=None, expected_num_sessions=None, expected_grace_period_sec=None, final_requests_sent=None, final_requests_completed=5000, final_requests_cancelled=0, final_request_errors=0, final_sent_sessions=None, final_completed_sessions=None, final_cancelled_sessions=None, timeout_triggered=False, grace_period_timeout_triggered=False, was_cancelled=False, records_end_ns=None, success_records=4997, error_records=1)
2026-06-01 02:32:04.995 - records_manager - NOTICE - All requests have completed, please wait for the results to be processed (currently 4,998 of 5,000 records processed)...
2026-06-01 02:32:04.996 - records_manager - INFO - All credits complete, please wait for the results to be processed...
2026-06-01 02:32:04.993 - system_controller - INFO - Received credits complete from 'timing_manager'
2026-06-01 02:32:04.996 - aiperf.metrics.types.osl_mismatch_metrics - WARNING - OSL mismatch: got 500 tokens (requested 342, diff 46.2%)
2026-06-01 02:32:04.998 - records_manager - INFO - Processed 4999 valid requests and 1 errors (5000 total).
2026-06-01 02:32:04.999 - records_manager - INFO - Received all records, processing now...
2026-06-01 02:32:05.002 - records_manager - INFO - Waiting 2.0s for server metrics flush period...
2026-06-01 02:32:06.992 - records_manager - INFO - Processing records results...
2026-06-01 02:32:07.007 - records_manager - INFO - _finalize_and_process_results completed
2026-06-01 02:32:07.008 - system_controller - INFO - All results received, initiating shutdown
2026-06-01 02:32:07.612 - ExporterManager - INFO - Exporting all records
2026-06-01 02:32:07.659 - ExporterManager - INFO - Exporting console data
