ev,ts,start,end,duration_ms,role,dp,tp,pid,overlap_ms,overlap_ratio,union_overlap_ms,union_overlap_ratio,overlap_intensity,max_active_recv
engine_step_start,1780280964.1262724,1780280964.1262724,1780280964.1385865,12.314081192016602,decode,1,0,451641,0.0,0.0,0.0,0.0,0.0,0
engine_step_start,1780280964.1265154,1780280964.1265154,1780280964.1386242,12.108802795410156,decode,0,0,451640,0.0,0.0,0.0,0.0,0.0,0
engine_step_start,1780280964.138598,1780280964.138598,1780280964.150862,12.264013290405273,decode,1,0,451641,0.0,0.0,0.0,0.0,0.0,0
engine_step_start,1780280964.1386316,1780280964.1386316,1780280964.1508875,12.25590705871582,decode,0,0,451640,0.0,0.0,0.0,0.0,0.0,0
engine_step_start,1780280964.1508682,1780280964.1508682,1780280964.1631436,12.275457382202148,decode,1,0,451641,0.0,0.0,0.0,0.0,0.0,0
engine_step_start,1780280964.150894,1780280964.150894,1780280964.1631055,12.21156120300293,decode,0,0,451640,0.0,0.0,0.0,0.0,0.0,0
engine_step_start,1780280964.1631117,1780280964.1631117,1780280964.1754696,12.357950210571289,decode,0,0,451640,0.0,0.0,0.0,0.0,0.0,0
engine_step_start,1780280964.1631489,1780280964.1631489,1780280964.1753447,12.195825576782227,decode,1,0,451641,0.0,0.0,0.0,0.0,0.0,0
engine_step_start,1780280964.1753504,1780280964.1753504,1780280964.1876373,12.286901473999023,decode,1,0,451641,0.0,0.0,0.0,0.0,0.0,0
engine_step_start,1780280964.175476,1780280964.175476,1780280964.1875906,12.114524841308594,decode,0,0,451640,0.0,0.0,0.0,0.0,0.0,0
engine_step_start,1780280964.1875966,1780280964.1875966,1780280964.1998556,12.25900650024414,decode,0,0,451640,0.0,0.0,0.0,0.0,0.0,0
engine_step_start,1780280964.187648,1780280964.187648,1780280964.1998541,12.206077575683594,decode,1,0,451641,0.0,0.0,0.0,0.0,0.0,0
engine_step_start,1780280964.1998591,1780280964.1998591,1780280964.2120667,12.207508087158203,decode,1,0,451641,0.0,0.0,0.0,0.0,0.0,0
engine_step_start,1780280964.1998615,1780280964.1998615,1780280964.2121496,12.288093566894531,decode,0,0,451640,0.0,0.0,0.0,0.0,0.0,0
engine_step_start,1780280964.212544,1780280964.212544,1780280964.2244847,11.940717697143555,decode,0,0,451640,0.0,0.0,0.0,0.0,0.0,0
engine_step_start,1780280964.2125576,1780280964.2125576,1780280964.224297,11.739492416381836,decode,1,0,451641,0.0,0.0,0.0,0.0,0.0,0
engine_step_start,1780280964.2243018,1780280964.2243018,1780280964.2366095,12.30764389038086,decode,1,0,451641,0.0,0.0,0.0,0.0,0.0,0
engine_step_start,1780280964.224491,1780280964.224491,1780280964.236653,12.162208557128906,decode,0,0,451640,0.0,0.0,0.0,0.0,0.0,0
engine_step_start,1780280964.2366147,1780280964.2366147,1780280964.2486942,12.079477310180664,decode,1,0,451641,0.0,0.0,0.0,0.0,0.0,0
engine_step_start,1780280964.236659,1780280964.236659,1780280964.248859,12.199878692626953,decode,0,0,451640,0.0,0.0,0.0,0.0,0.0,0
engine_step_start,1780280964.2486994,1780280964.2486994,1780280964.2609055,12.206077575683594,decode,1,0,451641,0.0,0.0,0.0,0.0,0.0,0
engine_step_start,1780280964.2488654,1780280964.2488654,1780280964.2609415,12.076139450073242,decode,0,0,451640,0.0,0.0,0.0,0.0,0.0,0
engine_step_start,1780280964.260911,1780280964.260911,1780280964.2732742,12.363195419311523,decode,1,0,451641,2.5229454040527344,0.2040690386655096,2.5229454040527344,0.2040690386655096,1.0,1
engine_step_start,1780280964.2609577,1780280964.2609577,1780280964.2731717,12.213945388793945,decode,0,0,451640,2.5229454040527344,0.2065626891018759,2.5229454040527344,0.2065626891018759,1.0,1
engine_step_start,1780280964.2731864,1780280964.2731864,1780280964.2855074,12.320995330810547,decode,0,0,451640,0.0,0.0,0.0,0.0,0.0,0
engine_step_start,1780280964.273289,1780280964.273289,1780280964.2854161,12.127161026000977,decode,1,0,451641,0.0,0.0,0.0,0.0,0.0,0
engine_step_start,1780280964.2854326,1780280964.2854326,1780280964.2975366,12.104034423828125,decode,1,0,451641,1.5211105346679688,0.12566971320516862,1.5211105346679688,0.12566971320516862,1.0,1
engine_step_start,1780280964.2855139,1780280964.2855139,1780280964.2977645,12.250661849975586,decode,0,0,451640,1.5211105346679688,0.12416558005566043,1.5211105346679688,0.12416558005566043,1.0,1
engine_step_start,1780280964.2975483,1780280964.2975483,1780280964.3098028,12.254476547241211,decode,1,0,451641,0.6580352783203125,0.05369754275375007,0.6580352783203125,0.05369754275375007,1.0,1
engine_step_start,1780280964.2977877,1780280964.2977877,1780280964.3099997,12.212038040161133,decode,0,0,451640,0.6580352783203125,0.05388414907947912,0.6580352783203125,0.05388414907947912,1.0,1
engine_step_start,1780280964.3098078,1780280964.3098078,1780280964.3220167,12.208938598632812,decode,1,0,451641,0.0,0.0,0.0,0.0,0.0,0
engine_step_start,1780280964.3100133,1780280964.3100133,1780280964.322099,12.085676193237305,decode,0,0,451640,0.0,0.0,0.0,0.0,0.0,0
engine_step_start,1780280964.3220284,1780280964.3220284,1780280964.3342679,12.239456176757812,decode,1,0,451641,0.0,0.0,0.0,0.0,0.0,0
engine_step_start,1780280964.322105,1780280964.322105,1780280964.3344026,12.297630310058594,decode,0,0,451640,0.0,0.0,0.0,0.0,0.0,0
engine_step_start,1780280964.3342772,1780280964.3342772,1780280964.3465807,12.303590774536133,decode,1,0,451641,0.0,0.0,0.0,0.0,0.0,0
engine_step_start,1780280964.3344154,1780280964.3344154,1780280964.346622,12.206554412841797,decode,0,0,451640,0.0,0.0,0.0,0.0,0.0,0
engine_step_start,1780280964.3465955,1780280964.3465955,1780280964.3588836,12.288093566894531,decode,1,0,451641,9.777069091796875,0.7956538610787738,9.777069091796875,0.7956538610787738,1.0,1
engine_step_start,1780280964.3466287,1780280964.3466287,1780280964.3588367,12.207984924316406,decode,0,0,451640,9.730100631713867,0.7970275759706273,9.730100631713867,0.7970275759706273,1.0,1
engine_step_start,1780280964.3588428,1780280964.3588428,1780280964.3709414,12.098550796508789,decode,0,0,451640,12.098550796508789,1.0,12.098550796508789,1.0,1.0,1
engine_step_start,1780280964.358896,1780280964.358896,1780280964.371005,12.109041213989258,decode,1,0,451641,12.109041213989258,1.0,12.109041213989258,1.0,1.0,1
engine_step_start,1780280964.3709476,1780280964.3709476,1780280964.3831286,12.18104362487793,decode,0,0,451640,2.4619102478027344,0.20210996065843298,2.4619102478027344,0.20210996065843298,1.0,1
engine_step_start,1780280964.37101,1780280964.37101,1780280964.3831344,12.124300003051758,decode,1,0,451641,2.399444580078125,0.19790376182329458,2.399444580078125,0.19790376182329458,1.0,1
engine_step_start,1780280964.3831346,1780280964.3831346,1780280964.3954318,12.29715347290039,decode,0,0,451640,0.0,0.0,0.0,0.0,0.0,0
engine_step_start,1780280964.3831387,1780280964.3831387,1780280964.3953712,12.232542037963867,decode,1,0,451641,0.0,0.0,0.0,0.0,0.0,0
engine_step_start,1780280964.3953757,1780280964.3953757,1780280964.4075828,12.20703125,decode,1,0,451641,0.0,0.0,0.0,0.0,0.0,0
engine_step_start,1780280964.3954375,1780280964.3954375,1780280964.4077017,12.264251708984375,decode,0,0,451640,0.0,0.0,0.0,0.0,0.0,0
engine_step_start,1780280964.407593,1780280964.407593,1780280964.4198987,12.305736541748047,decode,1,0,451641,0.0,0.0,0.0,0.0,0.0,0
engine_step_start,1780280964.4077077,1780280964.4077077,1780280964.4199147,12.20703125,decode,0,0,451640,0.0,0.0,0.0,0.0,0.0,0
engine_step_start,1780280964.419904,1780280964.419904,1780280964.432043,12.139081954956055,decode,1,0,451641,0.0,0.0,0.0,0.0,0.0,0
engine_step_start,1780280964.4199212,1780280964.4199212,1780280964.4321926,12.271404266357422,decode,0,0,451640,0.0,0.0,0.0,0.0,0.0,0
engine_step_start,1780280964.4320486,1780280964.4320486,1780280964.4441895,12.140989303588867,decode,1,0,451641,0.0,0.0,0.0,0.0,0.0,0
engine_step_start,1780280964.4321988,1780280964.4321988,1780280964.4443922,12.193441390991211,decode,0,0,451640,0.0,0.0,0.0,0.0,0.0,0
engine_step_start,1780280964.4441938,1780280964.4441938,1780280964.4566846,12.49074935913086,decode,1,0,451641,0.0,0.0,0.0,0.0,0.0,0
engine_step_start,1780280964.4443986,1780280964.4443986,1780280964.456713,12.314319610595703,decode,0,0,451640,0.0,0.0,0.0,0.0,0.0,0
engine_step_start,1780280964.4567003,1780280964.4567003,1780280964.4688647,12.16435432434082,decode,1,0,451641,1.522064208984375,0.1251249485505968,1.522064208984375,0.1251249485505968,1.0,1
engine_step_start,1780280964.4567187,1780280964.4567187,1780280964.468978,12.259244918823242,decode,0,0,451640,1.522064208984375,0.12415644022637547,1.522064208984375,0.12415644022637547,1.0,1
engine_step_start,1780280964.4688761,1780280964.4688761,1780280964.481287,12.410879135131836,decode,1,0,451641,0.0,0.0,0.0,0.0,0.0,0
engine_step_start,1780280964.4689837,1780280964.4689837,1780280964.4813504,12.366771697998047,decode,0,0,451640,0.0,0.0,0.0,0.0,0.0,0
engine_step_start,1780280964.4812963,1780280964.4812963,1780280964.4933596,12.063264846801758,decode,1,0,451641,0.0,0.0,0.0,0.0,0.0,0
engine_step_start,1780280964.4813666,1780280964.4813666,1780280964.493462,12.095451354980469,decode,0,0,451640,0.0,0.0,0.0,0.0,0.0,0
engine_step_start,1780280964.49337,1780280964.49337,1780280964.5056846,12.314558029174805,decode,1,0,451641,0.0,0.0,0.0,0.0,0.0,0
engine_step_start,1780280964.4934683,1780280964.4934683,1780280964.505687,12.218713760375977,decode,0,0,451640,0.0,0.0,0.0,0.0,0.0,0
engine_step_start,1780280964.5056891,1780280964.5056891,1780280964.517993,12.303829193115234,decode,1,0,451641,0.0,0.0,0.0,0.0,0.0,0
engine_step_start,1780280964.5056927,1780280964.5056927,1780280964.5180442,12.351512908935547,decode,0,0,451640,0.0,0.0,0.0,0.0,0.0,0
engine_step_start,1780280964.5180013,1780280964.5180013,1780280964.5301654,12.164115905761719,decode,1,0,451641,0.0,0.0,0.0,0.0,0.0,0
engine_step_start,1780280964.5180588,1780280964.5180588,1780280964.5302458,12.187004089355469,decode,0,0,451640,0.0,0.0,0.0,0.0,0.0,0
engine_step_start,1780280964.5301707,1780280964.5301707,1780280964.542514,12.343406677246094,decode,1,0,451641,0.0,0.0,0.0,0.0,0.0,0
engine_step_start,1780280964.5302532,1780280964.5302532,1780280964.54248,12.22681999206543,decode,0,0,451640,0.0,0.0,0.0,0.0,0.0,0
engine_step_start,1780280964.5424867,1780280964.5424867,1780280964.5548286,12.341976165771484,decode,0,0,451640,0.0,0.0,0.0,0.0,0.0,0
engine_step_start,1780280964.5425227,1780280964.5425227,1780280964.5547113,12.18867301940918,decode,1,0,451641,0.0,0.0,0.0,0.0,0.0,0
engine_step_start,1780280964.554718,1780280964.554718,1780280964.566988,12.269973754882812,decode,1,0,451641,0.0,0.0,0.0,0.0,0.0,0
engine_step_start,1780280964.5548353,1780280964.5548353,1780280964.5670624,12.227058410644531,decode,0,0,451640,0.0,0.0,0.0,0.0,0.0,0
engine_step_start,1780280964.5670044,1780280964.5670044,1780280964.5792458,12.241363525390625,decode,1,0,451641,11.771202087402344,0.9615923963851667,9.728193283081055,0.794698504206918,1.2100090679606892,2
engine_step_start,1780280964.5670788,1780280964.5670788,1780280964.579382,12.30311393737793,decode,0,0,451640,11.907339096069336,0.9678313276359901,9.864330291748047,0.801775090595508,1.2071107458790544,2
engine_step_start,1780280964.5792582,1780280964.5792582,1780280964.591567,12.308835983276367,decode,1,0,451641,2.4623870849609375,0.20005036124508493,2.4623870849609375,0.20005036124508493,1.0,1
engine_step_start,1780280964.5793972,1780280964.5793972,1780280964.59169,12.292861938476562,decode,0,0,451640,2.3233890533447266,0.18900310318076027,2.3233890533447266,0.18900310318076027,1.0,1
engine_step_start,1780280964.5915723,1780280964.5915723,1780280964.603802,12.229681015014648,decode,1,0,451641,0.0,0.0,0.0,0.0,0.0,0
engine_step_start,1780280964.5916967,1780280964.5916967,1780280964.603906,12.209177017211914,decode,0,0,451640,0.0,0.0,0.0,0.0,0.0,0
engine_step_start,1780280964.6045582,1780280964.6045582,1780280964.6161814,11.623144149780273,decode,0,0,451640,0.0,0.0,0.0,0.0,0.0,0
engine_step_start,1780280964.6045685,1780280964.6045685,1780280964.616029,11.460542678833008,decode,1,0,451641,0.0,0.0,0.0,0.0,0.0,0
engine_step_start,1780280964.6160398,1780280964.6160398,1780280964.628367,12.327194213867188,decode,1,0,451641,0.0,0.0,0.0,0.0,0.0,0
engine_step_start,1780280964.6161876,1780280964.6161876,1780280964.6283426,12.15505599975586,decode,0,0,451640,0.0,0.0,0.0,0.0,0.0,0
engine_step_start,1780280964.6283493,1780280964.6283493,1780280964.6405532,12.20393180847168,decode,0,0,451640,0.0,0.0,0.0,0.0,0.0,0
engine_step_start,1780280964.6283722,1780280964.6283722,1780280964.6405358,12.163639068603516,decode,1,0,451641,0.0,0.0,0.0,0.0,0.0,0
engine_step_start,1780280964.6405418,1780280964.6405418,1780280964.6527762,12.23444938659668,decode,1,0,451641,0.0,0.0,0.0,0.0,0.0,0
engine_step_start,1780280964.640559,1780280964.640559,1780280964.6527753,12.216329574584961,decode,0,0,451640,0.0,0.0,0.0,0.0,0.0,0
engine_step_start,1780280964.6527817,1780280964.6527817,1780280964.6649613,12.17961311340332,decode,0,0,451640,0.0,0.0,0.0,0.0,0.0,0
engine_step_start,1780280964.652782,1780280964.652782,1780280964.664961,12.179136276245117,decode,1,0,451641,0.0,0.0,0.0,0.0,0.0,0
engine_step_start,1780280964.6649654,1780280964.6649654,1780280964.6772602,12.294769287109375,decode,1,0,451641,0.0,0.0,0.0,0.0,0.0,0
engine_step_start,1780280964.6649668,1780280964.6649668,1780280964.6772218,12.254953384399414,decode,0,0,451640,0.0,0.0,0.0,0.0,0.0,0
engine_step_start,1780280964.6772282,1780280964.6772282,1780280964.689451,12.222766876220703,decode,0,0,451640,0.0,0.0,0.0,0.0,0.0,0
engine_step_start,1780280964.6772647,1780280964.6772647,1780280964.6893988,12.134075164794922,decode,1,0,451641,0.0,0.0,0.0,0.0,0.0,0
engine_step_start,1780280964.689403,1780280964.689403,1780280964.70161,12.20703125,decode,1,0,451641,0.0,0.0,0.0,0.0,0.0,0
engine_step_start,1780280964.689457,1780280964.689457,1780280964.7017496,12.292623519897461,decode,0,0,451640,0.0,0.0,0.0,0.0,0.0,0
engine_step_start,1780280964.7016141,1780280964.7016141,1780280964.7137773,12.163162231445312,decode,1,0,451641,0.0,0.0,0.0,0.0,0.0,0
engine_step_start,1780280964.7017639,1780280964.7017639,1780280964.7138655,12.10165023803711,decode,0,0,451640,0.0,0.0,0.0,0.0,0.0,0
engine_step_start,1780280964.713782,1780280964.713782,1780280964.725978,12.195825576782227,decode,1,0,451641,0.0,0.0,0.0,0.0,0.0,0
engine_step_start,1780280964.7138712,1780280964.7138712,1780280964.7262897,12.418508529663086,decode,0,0,451640,0.0,0.0,0.0,0.0,0.0,0
engine_step_start,1780280964.7259831,1780280964.7259831,1780280964.7382033,12.220144271850586,decode,1,0,451641,0.0,0.0,0.0,0.0,0.0,0
engine_step_start,1780280964.726311,1780280964.726311,1780280964.7383165,12.00556755065918,decode,0,0,451640,0.0,0.0,0.0,0.0,0.0,0
engine_step_start,1780280964.7382088,1780280964.7382088,1780280964.7504442,12.235403060913086,decode,1,0,451641,0.0,0.0,0.0,0.0,0.0,0
engine_step_start,1780280964.7383313,1780280964.7383313,1780280964.7504869,12.155532836914062,decode,0,0,451640,0.0,0.0,0.0,0.0,0.0,0
engine_step_start,1780280964.750463,1780280964.750463,1780280964.7625895,12.126445770263672,decode,1,0,451641,13.14687728881836,1.0841492666430734,9.823799133300781,0.8101136408320554,1.3382681293078342,2
engine_step_start,1780280964.750504,1780280964.750504,1780280964.7625813,12.07733154296875,decode,0,0,451640,13.138771057128906,1.0878869235628554,9.815692901611328,0.8127368919772584,1.3385474860335196,2
engine_step_start,1780280964.7626038,1780280964.7626038,1780280964.774692,12.088298797607422,decode,0,0,451640,22.080659866333008,1.826614334740247,12.088298797607422,1.0,1.826614334740247,3
engine_step_start,1780280964.7626123,1780280964.7626123,1780280964.774656,12.04371452331543,decode,1,0,451641,22.00007438659668,1.8266851430268236,12.04371452331543,1.0,1.8266851430268236,3
engine_step_start,1780280964.7746682,1780280964.7746682,1780280964.7868195,12.151241302490234,decode,1,0,451641,12.308597564697266,1.0129498096770395,12.151241302490234,1.0,1.0129498096770395,2
engine_step_start,1780280964.7747047,1780280964.7747047,1780280964.7868273,12.122631072998047,decode,0,0,451640,12.243509292602539,1.0099712858435275,12.122631072998047,1.0,1.0099712858435275,2
engine_step_start,1780280964.7868316,1780280964.7868316,1780280964.7990592,12.227535247802734,decode,1,0,451641,2.660989761352539,0.21762274304878523,2.660989761352539,0.21762274304878523,1.0,1
engine_step_start,1780280964.786834,1780280964.786834,1780280964.798878,12.043952941894531,decode,0,0,451640,2.6586055755615234,0.2207419431467258,2.6586055755615234,0.2207419431467258,1.0,1
engine_step_start,1780280964.7988987,1780280964.7988987,1780280964.8111477,12.248992919921875,decode,0,0,451640,1.5931129455566406,0.13006072874493926,1.5931129455566406,0.13006072874493926,1.0,1
engine_step_start,1780280964.7990746,1780280964.7990746,1780280964.8112595,12.184858322143555,decode,1,0,451641,1.5931129455566406,0.13074529907840413,1.5931129455566406,0.13074529907840413,1.0,1
engine_step_start,1780280964.8111613,1780280964.8111613,1780280964.8232956,12.134313583374023,decode,0,0,451640,0.0,0.0,0.0,0.0,0.0,0
engine_step_start,1780280964.8112679,1780280964.8112679,1780280964.8232625,11.994600296020508,decode,1,0,451641,0.0,0.0,0.0,0.0,0.0,0
engine_step_start,1780280964.8232675,1780280964.8232675,1780280964.8356009,12.333393096923828,decode,1,0,451641,0.0,0.0,0.0,0.0,0.0,0
engine_step_start,1780280964.8233087,1780280964.8233087,1780280964.835513,12.204408645629883,decode,0,0,451640,0.0,0.0,0.0,0.0,0.0,0
engine_step_start,1780280964.8355298,1780280964.8355298,1780280964.8477488,12.218952178955078,decode,0,0,451640,0.0,0.0,0.0,0.0,0.0,0
engine_step_start,1780280964.8356178,1780280964.8356178,1780280964.8478532,12.235403060913086,decode,1,0,451641,0.0,0.0,0.0,0.0,0.0,0
engine_step_start,1780280964.8477566,1780280964.8477566,1780280964.8599114,12.154817581176758,decode,0,0,451640,0.0,0.0,0.0,0.0,0.0,0
engine_step_start,1780280964.8478708,1780280964.8478708,1780280964.8599901,12.119293212890625,decode,1,0,451641,0.0,0.0,0.0,0.0,0.0,0
engine_step_start,1780280964.859918,1780280964.859918,1780280964.8723097,12.39156723022461,decode,0,0,451640,0.0,0.0,0.0,0.0,0.0,0
engine_step_start,1780280964.8600006,1780280964.8600006,1780280964.872343,12.342453002929688,decode,1,0,451641,0.0,0.0,0.0,0.0,0.0,0
engine_step_start,1780280964.872316,1780280964.872316,1780280964.8845499,12.233972549438477,decode,0,0,451640,9.890317916870117,0.8084306121255822,9.890317916870117,0.8084306121255822,1.0,1
engine_step_start,1780280964.8723638,1780280964.8723638,1780280964.8845417,12.17794418334961,decode,1,0,451641,9.882211685180664,0.8114843964133286,9.882211685180664,0.8114843964133286,1.0,1
engine_step_start,1780280964.884555,1780280964.884555,1780280964.896771,12.215852737426758,decode,1,0,451641,2.3064613342285156,0.18880886859105725,2.3064613342285156,0.18880886859105725,1.0,1
engine_step_start,1780280964.8845558,1780280964.8845558,1780280964.8967803,12.224435806274414,decode,0,0,451640,2.305746078491211,0.18861779104011858,2.305746078491211,0.18861779104011858,1.0,1
engine_step_start,1780280964.8967764,1780280964.8967764,1780280964.9090202,12.24374771118164,decode,1,0,451641,0.0,0.0,0.0,0.0,0.0,0
engine_step_start,1780280964.8967867,1780280964.8967867,1780280964.909106,12.319326400756836,decode,0,0,451640,0.0,0.0,0.0,0.0,0.0,0
engine_step_start,1780280964.909025,1780280964.909025,1780280964.921305,12.279987335205078,decode,1,0,451641,0.0,0.0,0.0,0.0,0.0,0
engine_step_start,1780280964.909112,1780280964.909112,1780280964.9213428,12.230873107910156,decode,0,0,451640,0.0,0.0,0.0,0.0,0.0,0
engine_step_start,1780280964.9213161,1780280964.9213161,1780280964.9336183,12.302160263061523,decode,1,0,451641,0.0,0.0,0.0,0.0,0.0,0
engine_step_start,1780280964.92135,1780280964.92135,1780280964.933592,12.24207878112793,decode,0,0,451640,0.0,0.0,0.0,0.0,0.0,0
engine_step_start,1780280964.9335985,1780280964.9335985,1780280964.9458714,12.272834777832031,decode,0,0,451640,0.0,0.0,0.0,0.0,0.0,0
engine_step_start,1780280964.933624,1780280964.933624,1780280964.945828,12.20393180847168,decode,1,0,451641,0.0,0.0,0.0,0.0,0.0,0
engine_step_start,1780280964.9458323,1780280964.9458323,1780280964.958193,12.360811233520508,decode,1,0,451641,0.0,0.0,0.0,0.0,0.0,0
engine_step_start,1780280964.9458776,1780280964.9458776,1780280964.958083,12.205362319946289,decode,0,0,451640,0.0,0.0,0.0,0.0,0.0,0
engine_step_start,1780280964.958089,1780280964.958089,1780280964.970437,12.347936630249023,decode,0,0,451640,0.0,0.0,0.0,0.0,0.0,0
engine_step_start,1780280964.9582005,1780280964.9582005,1780280964.970299,12.098550796508789,decode,1,0,451641,0.0,0.0,0.0,0.0,0.0,0
engine_step_start,1780280964.970305,1780280964.970305,1780280964.9827178,12.412786483764648,decode,1,0,451641,0.0,0.0,0.0,0.0,0.0,0
engine_step_start,1780280964.970443,1780280964.970443,1780280964.9826927,12.24970817565918,decode,0,0,451640,0.0,0.0,0.0,0.0,0.0,0
engine_step_start,1780280964.9827094,1780280964.9827094,1780280964.994895,12.18557357788086,decode,0,0,451640,9.508371353149414,0.7802973977695167,9.508371353149414,0.7802973977695167,1.0,1
engine_step_start,1780280964.9827273,1780280964.9827273,1780280964.9948924,12.165069580078125,decode,1,0,451641,9.505748748779297,0.7813969896519285,9.505748748779297,0.7813969896519285,1.0,1
engine_step_start,1780280964.995474,1780280964.995474,1780280965.008982,13.507843017578125,decode,0,0,451640,13.507843017578125,1.0,13.507843017578125,1.0,1.0,1
engine_step_start,1780280964.9955103,1780280964.9955103,1780280965.008942,13.431549072265625,decode,1,0,451641,13.431549072265625,1.0,13.431549072265625,1.0,1.0,1
engine_step_start,1780280965.0089474,1780280965.0089474,1780280965.0212483,12.300968170166016,decode,1,0,451641,2.827167510986328,0.22983292630926078,2.827167510986328,0.22983292630926078,1.0,1
engine_step_start,1780280965.0089881,1780280965.0089881,1780280965.0211844,12.19630241394043,decode,0,0,451640,2.786397933959961,0.22846251588310038,2.786397933959961,0.22846251588310038,1.0,1
engine_step_start,1780280965.0211911,1780280965.0211911,1780280965.033602,12.410879135131836,decode,0,0,451640,0.0,0.0,0.0,0.0,0.0,0
engine_step_start,1780280965.0212643,1780280965.0212643,1780280965.0334191,12.154817581176758,decode,1,0,451641,0.0,0.0,0.0,0.0,0.0,0
engine_step_start,1780280965.033425,1780280965.033425,1780280965.0457172,12.292146682739258,decode,1,0,451641,0.0,0.0,0.0,0.0,0.0,0
engine_step_start,1780280965.0336173,1780280965.0336173,1780280965.0456746,12.057304382324219,decode,0,0,451640,0.0,0.0,0.0,0.0,0.0,0
engine_step_start,1780280965.0456886,1780280965.0456886,1780280965.0578814,12.192726135253906,decode,0,0,451640,1.4750957489013672,0.12098161908486507,1.4750957489013672,0.12098161908486507,1.0,1
engine_step_start,1780280965.0457342,1780280965.0457342,1780280965.057978,12.24374771118164,decode,1,0,451641,1.4750957489013672,0.12047747010943646,1.4750957489013672,0.12047747010943646,1.0,1
engine_step_start,1780280965.0578983,1780280965.0578983,1780280965.0702085,12.310266494750977,decode,0,0,451640,1.9240379333496094,0.1562953924815525,1.9240379333496094,0.1562953924815525,1.0,1
engine_step_start,1780280965.0579908,1780280965.0579908,1780280965.0701761,12.185335159301758,decode,1,0,451641,1.9240379333496094,0.15789782621456103,1.9240379333496094,0.15789782621456103,1.0,1
engine_step_start,1780280965.0701869,1780280965.0701869,1780280965.0824244,12.237548828125,decode,1,0,451641,0.0,0.0,0.0,0.0,0.0,0
engine_step_start,1780280965.070223,1780280965.070223,1780280965.0824485,12.22538948059082,decode,0,0,451640,0.0,0.0,0.0,0.0,0.0,0
engine_step_start,1780280965.0824375,1780280965.0824375,1780280965.0947912,12.353658676147461,decode,1,0,451641,0.0,0.0,0.0,0.0,0.0,0
engine_step_start,1780280965.0824552,1780280965.0824552,1780280965.0947096,12.254476547241211,decode,0,0,451640,0.0,0.0,0.0,0.0,0.0,0
engine_step_start,1780280965.0947237,1780280965.0947237,1780280965.1069968,12.273073196411133,decode,0,0,451640,0.0,0.0,0.0,0.0,0.0,0
engine_step_start,1780280965.0947971,1780280965.0947971,1780280965.1069956,12.198448181152344,decode,1,0,451641,0.0,0.0,0.0,0.0,0.0,0
engine_step_start,1780280965.1070013,1780280965.1070013,1780280965.1192055,12.204170227050781,decode,1,0,451641,0.0,0.0,0.0,0.0,0.0,0
engine_step_start,1780280965.1070035,1780280965.1070035,1780280965.1193595,12.356042861938477,decode,0,0,451640,0.0,0.0,0.0,0.0,0.0,0
engine_step_start,1780280965.1192102,1780280965.1192102,1780280965.1315904,12.380123138427734,decode,1,0,451641,0.0,0.0,0.0,0.0,0.0,0
engine_step_start,1780280965.11937,1780280965.11937,1780280965.1316702,12.300252914428711,decode,0,0,451640,0.0,0.0,0.0,0.0,0.0,0
engine_step_start,1780280965.1315963,1780280965.1315963,1780280965.143819,12.222766876220703,decode,1,0,451641,0.0,0.0,0.0,0.0,0.0,0
engine_step_start,1780280965.131678,1780280965.131678,1780280965.1438818,12.203693389892578,decode,0,0,451640,0.0,0.0,0.0,0.0,0.0,0
engine_step_start,1780280965.1438236,1780280965.1438236,1780280965.156208,12.384414672851562,decode,1,0,451641,0.0,0.0,0.0,0.0,0.0,0
engine_step_start,1780280965.143888,1780280965.143888,1780280965.1562355,12.34745979309082,decode,0,0,451640,0.0,0.0,0.0,0.0,0.0,0
engine_step_start,1780280965.156214,1780280965.156214,1780280965.1686287,12.414693832397461,decode,1,0,451641,0.0,0.0,0.0,0.0,0.0,0
engine_step_start,1780280965.156242,1780280965.156242,1780280965.1687026,12.460708618164062,decode,0,0,451640,0.0,0.0,0.0,0.0,0.0,0
engine_step_start,1780280965.168635,1780280965.168635,1780280965.1808815,12.24660873413086,decode,1,0,451641,0.0,0.0,0.0,0.0,0.0,0
engine_step_start,1780280965.1687174,1780280965.1687174,1780280965.1809025,12.185096740722656,decode,0,0,451640,0.0,0.0,0.0,0.0,0.0,0
engine_step_start,1780280965.180899,1780280965.180899,1780280965.193138,12.23897933959961,decode,1,0,451641,9.850263595581055,0.8048272100362333,9.850263595581055,0.8048272100362333,1.0,1
engine_step_start,1780280965.1809087,1780280965.1809087,1780280965.1932008,12.292146682739258,decode,0,0,451640,9.913206100463867,0.8064666291677173,9.913206100463867,0.8064666291677173,1.0,1
engine_step_start,1780280965.1931515,1780280965.1931515,1780280965.206096,12.944459915161133,decode,1,0,451641,12.944459915161133,1.0,12.944459915161133,1.0,1.0,1
engine_step_start,1780280965.193207,1780280965.193207,1780280965.206132,12.924909591674805,decode,0,0,451640,12.924909591674805,1.0,12.924909591674805,1.0,1.0,1
engine_step_start,1780280965.2061026,1780280965.2061026,1780280965.218429,12.326478958129883,decode,1,0,451641,12.342453002929688,1.0012959130384325,12.326478958129883,1.0,1.0012959130384325,2
engine_step_start,1780280965.206149,1780280965.206149,1780280965.2183723,12.223243713378906,decode,0,0,451640,12.239217758178711,1.0013068580791136,12.223243713378906,1.0,1.0013068580791136,2
engine_step_start,1780280965.2183864,1780280965.2183864,1780280965.2307475,12.36104965209961,decode,0,0,451640,2.300262451171875,0.18608957296609188,2.300262451171875,0.18608957296609188,1.0,1
engine_step_start,1780280965.2184336,1780280965.2184336,1780280965.2307067,12.273073196411133,decode,1,0,451641,2.2530555725097656,0.1835771315344717,2.2530555725097656,0.1835771315344717,1.0,1
engine_step_start,1780280965.230712,1780280965.230712,1780280965.2430415,12.329578399658203,decode,1,0,451641,0.0,0.0,0.0,0.0,0.0,0
engine_step_start,1780280965.230754,1780280965.230754,1780280965.2429926,12.238740921020508,decode,0,0,451640,0.0,0.0,0.0,0.0,0.0,0
engine_step_start,1780280965.2429986,1780280965.2429986,1780280965.2553449,12.346267700195312,decode,0,0,451640,0.0,0.0,0.0,0.0,0.0,0
engine_step_start,1780280965.2430518,1780280965.2430518,1780280965.2554805,12.428760528564453,decode,1,0,451641,0.0,0.0,0.0,0.0,0.0,0
engine_step_start,1780280965.2553594,1780280965.2553594,1780280965.267698,12.338638305664062,decode,0,0,451640,0.0,0.0,0.0,0.0,0.0,0
engine_step_start,1780280965.2554855,1780280965.2554855,1780280965.2676876,12.202024459838867,decode,1,0,451641,0.0,0.0,0.0,0.0,0.0,0
engine_step_start,1780280965.2676926,1780280965.2676926,1780280965.279905,12.212514877319336,decode,1,0,451641,0.0,0.0,0.0,0.0,0.0,0
engine_step_start,1780280965.2677045,1780280965.2677045,1780280965.2799134,12.208938598632812,decode,0,0,451640,0.0,0.0,0.0,0.0,0.0,0
engine_step_start,1780280965.2799096,1780280965.2799096,1780280965.2924056,12.495994567871094,decode,1,0,451641,0.0,0.0,0.0,0.0,0.0,0
engine_step_start,1780280965.2799196,1780280965.2799196,1780280965.292378,12.458324432373047,decode,0,0,451640,0.0,0.0,0.0,0.0,0.0,0
engine_step_start,1780280965.2923877,1780280965.2923877,1780280965.30467,12.282371520996094,decode,0,0,451640,1.4569759368896484,0.11862334032145352,1.4569759368896484,0.11862334032145352,1.0,1
engine_step_start,1780280965.2924283,1780280965.2924283,1780280965.3045735,12.145280838012695,decode,1,0,451641,1.4569759368896484,0.11996230933825405,1.4569759368896484,0.11996230933825405,1.0,1
engine_step_start,1780280965.3045857,1780280965.3045857,1780280965.3170466,12.460947036743164,decode,1,0,451641,0.0,0.0,0.0,0.0,0.0,0
engine_step_start,1780280965.30468,1780280965.30468,1780280965.316875,12.19487190246582,decode,0,0,451640,0.0,0.0,0.0,0.0,0.0,0
engine_step_start,1780280965.316882,1780280965.316882,1780280965.3292177,12.335777282714844,decode,0,0,451640,0.0,0.0,0.0,0.0,0.0,0
engine_step_start,1780280965.3170602,1780280965.3170602,1780280965.3291063,12.046098709106445,decode,1,0,451641,0.0,0.0,0.0,0.0,0.0,0
engine_step_start,1780280965.3291178,1780280965.3291178,1780280965.3414042,12.28642463684082,decode,1,0,451641,0.0,0.0,0.0,0.0,0.0,0
engine_step_start,1780280965.3292236,1780280965.3292236,1780280965.341442,12.218475341796875,decode,0,0,451640,0.0,0.0,0.0,0.0,0.0,0
engine_step_start,1780280965.3414092,1780280965.3414092,1780280965.3537588,12.349605560302734,decode,1,0,451641,0.0,0.0,0.0,0.0,0.0,0
engine_step_start,1780280965.3414488,1780280965.3414488,1780280965.3537006,12.251853942871094,decode,0,0,451640,0.0,0.0,0.0,0.0,0.0,0
engine_step_start,1780280965.3537068,1780280965.3537068,1780280965.3660486,12.341737747192383,decode,0,0,451640,0.0,0.0,0.0,0.0,0.0,0
engine_step_start,1780280965.353764,1780280965.353764,1780280965.3659616,12.197494506835938,decode,1,0,451641,0.0,0.0,0.0,0.0,0.0,0
engine_step_start,1780280965.365966,1780280965.365966,1780280965.3783116,12.345552444458008,decode,1,0,451641,2.362966537475586,0.19140225179119755,2.362966537475586,0.19140225179119755,1.0,1
engine_step_start,1780280965.3660653,1780280965.3660653,1780280965.378357,12.291669845581055,decode,0,0,451640,2.362966537475586,0.1922412957036175,2.362966537475586,0.1922412957036175,1.0,1
engine_step_start,1780280965.3783164,1780280965.3783164,1780280965.3905196,12.203216552734375,decode,1,0,451641,0.0,0.0,0.0,0.0,0.0,0
engine_step_start,1780280965.3783748,1780280965.3783748,1780280965.3906684,12.293577194213867,decode,0,0,451640,0.0,0.0,0.0,0.0,0.0,0
engine_step_start,1780280965.3914196,1780280965.3914196,1780280965.4027867,11.367082595825195,decode,0,0,451640,0.0,0.0,0.0,0.0,0.0,0
engine_step_start,1780280965.3914354,1780280965.3914354,1780280965.402747,11.311531066894531,decode,1,0,451641,0.0,0.0,0.0,0.0,0.0,0
engine_step_start,1780280965.4027517,1780280965.4027517,1780280965.41512,12.368202209472656,decode,1,0,451641,0.0,0.0,0.0,0.0,0.0,0
engine_step_start,1780280965.4028003,1780280965.4028003,1780280965.4151025,12.302160263061523,decode,0,0,451640,0.0,0.0,0.0,0.0,0.0,0
engine_step_start,1780280965.415109,1780280965.415109,1780280965.4276206,12.511730194091797,decode,0,0,451640,0.0,0.0,0.0,0.0,0.0,0
engine_step_start,1780280965.4151242,1780280965.4151242,1780280965.4274635,12.339353561401367,decode,1,0,451641,0.0,0.0,0.0,0.0,0.0,0
engine_step_start,1780280965.4274695,1780280965.4274695,1780280965.4398618,12.392282485961914,decode,1,0,451641,0.0,0.0,0.0,0.0,0.0,0
engine_step_start,1780280965.4276345,1780280965.4276345,1780280965.4397786,12.144088745117188,decode,0,0,451640,0.0,0.0,0.0,0.0,0.0,0
engine_step_start,1780280965.4397845,1780280965.4397845,1780280965.452128,12.343406677246094,decode,0,0,451640,0.0,0.0,0.0,0.0,0.0,0
engine_step_start,1780280965.4398682,1780280965.4398682,1780280965.4521837,12.315511703491211,decode,1,0,451641,0.0,0.0,0.0,0.0,0.0,0
engine_step_start,1780280965.4521346,1780280965.4521346,1780280965.4644456,12.310981750488281,decode,0,0,451640,0.0,0.0,0.0,0.0,0.0,0
engine_step_start,1780280965.45219,1780280965.45219,1780280965.4644485,12.258529663085938,decode,1,0,451641,0.0,0.0,0.0,0.0,0.0,0
engine_step_start,1780280965.4644547,1780280965.4644547,1780280965.4768822,12.427568435668945,decode,1,0,451641,9.9945068359375,0.804220623501199,9.9945068359375,0.804220623501199,1.0,1
engine_step_start,1780280965.4644635,1780280965.4644635,1780280965.476888,12.424468994140625,decode,0,0,451640,10.000228881835938,0.8048817930610992,10.000228881835938,0.8048817930610992,1.0,1
engine_step_start,1780280965.4768887,1780280965.4768887,1780280965.4892313,12.342691421508789,decode,1,0,451641,12.342691421508789,1.0,12.342691421508789,1.0,1.0,1
engine_step_start,1780280965.4769025,1780280965.4769025,1780280965.4891922,12.289762496948242,decode,0,0,451640,12.289762496948242,1.0,12.289762496948242,1.0,1.0,1
engine_step_start,1780280965.489201,1780280965.489201,1780280965.5016038,12.402772903442383,decode,0,0,451640,2.475738525390625,0.1996116952769074,2.475738525390625,0.1996116952769074,1.0,1
engine_step_start,1780280965.4892378,1780280965.4892378,1780280965.5015895,12.351751327514648,decode,1,0,451641,2.4390220642089844,0.19746366321153513,2.4390220642089844,0.19746366321153513,1.0,1
engine_step_start,1780280965.5016057,1780280965.5016057,1780280965.5137656,12.15982437133789,decode,1,0,451641,0.0,0.0,0.0,0.0,0.0,0
engine_step_start,1780280965.50161,1780280965.50161,1780280965.5137877,12.177705764770508,decode,0,0,451640,0.0,0.0,0.0,0.0,0.0,0
engine_step_start,1780280965.5137699,1780280965.5137699,1780280965.5260818,12.311935424804688,decode,1,0,451641,0.0,0.0,0.0,0.0,0.0,0
engine_step_start,1780280965.513794,1780280965.513794,1780280965.5261104,12.316465377807617,decode,0,0,451640,0.0,0.0,0.0,0.0,0.0,0
engine_step_start,1780280965.526087,1780280965.526087,1780280965.538421,12.333869934082031,decode,1,0,451641,0.0,0.0,0.0,0.0,0.0,0
engine_step_start,1780280965.5261257,1780280965.5261257,1780280965.5385635,12.437820434570312,decode,0,0,451640,0.0,0.0,0.0,0.0,0.0,0
engine_step_start,1780280965.538426,1780280965.538426,1780280965.5507233,12.297391891479492,decode,1,0,451641,0.0,0.0,0.0,0.0,0.0,0
engine_step_start,1780280965.5385702,1780280965.5385702,1780280965.550756,12.185811996459961,decode,0,0,451640,0.0,0.0,0.0,0.0,0.0,0
engine_step_start,1780280965.5507402,1780280965.5507402,1780280965.5630093,12.269020080566406,decode,1,0,451641,9.596586227416992,0.7821803342401865,9.596586227416992,0.7821803342401865,1.0,1
engine_step_start,1780280965.5507622,1780280965.5507622,1780280965.5629985,12.236356735229492,decode,0,0,451640,9.585857391357422,0.7833914619176587,9.585857391357422,0.7833914619176587,1.0,1
engine_step_start,1780280965.5630045,1780280965.5630045,1780280965.5805385,17.53401756286621,decode,0,0,451640,17.53401756286621,1.0,17.53401756286621,1.0,1.0,1
engine_step_start,1780280965.5630214,1780280965.5630214,1780280965.5806782,17.656803131103516,decode,1,0,451641,17.656803131103516,1.0,17.656803131103516,1.0,1.0,1
engine_step_start,1780280965.580559,1780280965.580559,1780280965.592823,12.264013290405273,decode,0,0,451640,12.311935424804688,1.0039075409708587,12.264013290405273,1.0,1.0039075409708587,2
engine_step_start,1780280965.5806954,1780280965.5806954,1780280965.5927486,12.053251266479492,decode,1,0,451641,12.101173400878906,1.00397586786668,12.053251266479492,1.0,1.00397586786668,2
engine_step_start,1780280965.5927653,1780280965.5927653,1780280965.605067,12.30168342590332,decode,1,0,451641,24.924039840698242,2.026067407019788,12.30168342590332,1.0,2.026067407019788,3
engine_step_start,1780280965.5928447,1780280965.5928447,1780280965.6050434,12.198686599731445,decode,0,0,451640,24.797439575195312,2.0327958565425583,12.198686599731445,1.0,2.0327958565425583,3
engine_step_start,1780280965.6050646,1780280965.6050646,1780280965.6175954,12.530803680419922,decode,0,0,451640,32.91153907775879,2.6264507781879067,12.530803680419922,1.0,2.6264507781879067,4
engine_step_start,1780280965.605088,1780280965.605088,1780280965.6173258,12.237787246704102,decode,1,0,451641,32.32550621032715,2.6414502522940246,12.237787246704102,1.0,2.6414502522940246,4
engine_step_start,1780280965.6173444,1780280965.6173444,1780280965.6297214,12.377023696899414,decode,1,0,451641,5.435466766357422,0.4391578217402192,2.748250961303711,0.22204457457669563,1.9777912726641798,2
engine_step_start,1780280965.617608,1780280965.617608,1780280965.6297135,12.105464935302734,decode,0,0,451640,4.908084869384766,0.40544373104344744,2.484560012817383,0.20524284082404382,1.9754342193647443,2
engine_step_start,1780280965.6297197,1780280965.6297197,1780280965.6421375,12.417793273925781,decode,0,0,451640,0.0,0.0,0.0,0.0,0.0,0
engine_step_start,1780280965.629731,1780280965.629731,1780280965.6420472,12.316226959228516,decode,1,0,451641,0.0,0.0,0.0,0.0,0.0,0
engine_step_start,1780280965.6420567,1780280965.6420567,1780280965.6542654,12.208700180053711,decode,1,0,451641,0.0,0.0,0.0,0.0,0.0,0
engine_step_start,1780280965.6421523,1780280965.6421523,1780280965.6544514,12.299060821533203,decode,0,0,451640,0.0,0.0,0.0,0.0,0.0,0
engine_step_start,1780280965.65427,1780280965.65427,1780280965.6665645,12.294530868530273,decode,1,0,451641,0.0,0.0,0.0,0.0,0.0,0
engine_step_start,1780280965.6544645,1780280965.6544645,1780280965.6666346,12.170076370239258,decode,0,0,451640,0.0,0.0,0.0,0.0,0.0,0
engine_step_start,1780280965.6665688,1780280965.6665688,1780280965.678811,12.242317199707031,decode,1,0,451641,0.0,0.0,0.0,0.0,0.0,0
engine_step_start,1780280965.6666408,1780280965.6666408,1780280965.6788595,12.218713760375977,decode,0,0,451640,0.0,0.0,0.0,0.0,0.0,0
engine_step_start,1780280965.678816,1780280965.678816,1780280965.6910586,12.242555618286133,decode,1,0,451641,0.0,0.0,0.0,0.0,0.0,0
engine_step_start,1780280965.6788657,1780280965.6788657,1780280965.691165,12.299299240112305,decode,0,0,451640,0.0,0.0,0.0,0.0,0.0,0
engine_step_start,1780280965.691074,1780280965.691074,1780280965.7033892,12.31527328491211,decode,1,0,451641,9.847402572631836,0.7996089363844039,9.847402572631836,0.7996089363844039,1.0,1
engine_step_start,1780280965.691171,1780280965.691171,1780280965.7034311,12.260198593139648,decode,0,0,451640,9.889364242553711,0.8066234953231044,9.889364242553711,0.8066234953231044,1.0,1
engine_step_start,1780280965.7034013,1780280965.7034013,1780280965.7155955,12.194156646728516,decode,1,0,451641,12.194156646728516,1.0,12.194156646728516,1.0,1.0,1
engine_step_start,1780280965.7034373,1780280965.7034373,1780280965.7156398,12.20250129699707,decode,0,0,451640,12.20250129699707,1.0,12.20250129699707,1.0,1.0,1
engine_step_start,1780280965.715601,1780280965.715601,1780280965.7278097,12.208700180053711,decode,1,0,451641,2.5217533111572266,0.20655379147382194,2.5217533111572266,0.20655379147382194,1.0,1
engine_step_start,1780280965.7156456,1780280965.7156456,1780280965.7279499,12.304306030273438,decode,0,0,451640,2.4771690368652344,0.2013253759107115,2.4771690368652344,0.2013253759107115,1.0,1
engine_step_start,1780280965.7278142,1780280965.7278142,1780280965.74036,12.54582405090332,decode,1,0,451641,0.0,0.0,0.0,0.0,0.0,0
engine_step_start,1780280965.7279558,1780280965.7279558,1780280965.7402024,12.24660873413086,decode,0,0,451640,0.0,0.0,0.0,0.0,0.0,0
engine_step_start,1780280965.7402084,1780280965.7402084,1780280965.7525742,12.36581802368164,decode,0,0,451640,0.0,0.0,0.0,0.0,0.0,0
engine_step_start,1780280965.7403748,1780280965.7403748,1780280965.7524433,12.068510055541992,decode,1,0,451641,0.0,0.0,0.0,0.0,0.0,0
engine_step_start,1780280965.7524543,1780280965.7524543,1780280965.7647207,12.266397476196289,decode,1,0,451641,0.0,0.0,0.0,0.0,0.0,0
engine_step_start,1780280965.7525797,1780280965.7525797,1780280965.7646744,12.094736099243164,decode,0,0,451640,0.0,0.0,0.0,0.0,0.0,0
engine_step_start,1780280965.7646801,1780280965.7646801,1780280965.7769997,12.319564819335938,decode,0,0,451640,0.0,0.0,0.0,0.0,0.0,0
engine_step_start,1780280965.7647254,1780280965.7647254,1780280965.7769127,12.18724250793457,decode,1,0,451641,0.0,0.0,0.0,0.0,0.0,0
engine_step_start,1780280965.776917,1780280965.776917,1780280965.789228,12.310981750488281,decode,1,0,451641,0.0,0.0,0.0,0.0,0.0,0
engine_step_start,1780280965.777005,1780280965.777005,1780280965.7894423,12.43734359741211,decode,0,0,451640,0.0,0.0,0.0,0.0,0.0,0
engine_step_start,1780280965.7898462,1780280965.7898462,1780280965.801571,11.724710464477539,decode,0,0,451640,0.0,0.0,0.0,0.0,0.0,0
engine_step_start,1780280965.7898698,1780280965.7898698,1780280965.8016117,11.741876602172852,decode,1,0,451641,0.0,0.0,0.0,0.0,0.0,0
engine_step_start,1780280965.8015869,1780280965.8015869,1780280965.8138855,12.298583984375,decode,0,0,451640,19.179582595825195,1.5594951923076923,9.611845016479492,0.7815407878411911,1.9954111372938113,2
engine_step_start,1780280965.8016298,1780280965.8016298,1780280965.8137982,12.168407440185547,decode,1,0,451641,19.00506019592285,1.5618362788510523,9.52458381652832,0.782730514518594,1.9953690955968861,2
engine_step_start,1780280965.8138132,1780280965.8138132,1780280965.8277915,13.978242874145508,decode,1,0,451641,27.956485748291016,2.0,13.978242874145508,1.0,2.0,2
engine_step_start,1780280965.813905,1780280965.813905,1780280965.827766,13.860940933227539,decode,0,0,451640,27.721881866455078,2.0,13.860940933227539,1.0,2.0,2
engine_step_start,1780280965.827776,1780280965.827776,1780280965.8398814,12.105464935302734,decode,0,0,451640,5.333423614501953,0.44057982431953363,2.742767333984375,0.22657265529601764,1.9445410292072323,2
engine_step_start,1780280965.8278034,1780280965.8278034,1780280965.8399372,12.13383674621582,decode,1,0,451641,5.278587341308594,0.43503035780952193,2.7153491973876953,0.223783231485666,1.9439810343313724,2
engine_step_start,1780280965.8398883,1780280965.8398883,1780280965.8521864,12.298107147216797,decode,0,0,451640,2.106904983520508,0.17131945252219766,2.106904983520508,0.17131945252219766,1.0,1
engine_step_start,1780280965.8399532,1780280965.8399532,1780280965.85206,12.106895446777344,decode,1,0,451641,2.106904983520508,0.1740252067743206,2.106904983520508,0.1740252067743206,1.0,1
engine_step_start,1780280965.852072,1780280965.852072,1780280965.864458,12.386083602905273,decode,1,0,451641,0.0,0.0,0.0,0.0,0.0,0
engine_step_start,1780280965.8521929,1780280965.8521929,1780280965.8643994,12.206554412841797,decode,0,0,451640,0.0,0.0,0.0,0.0,0.0,0
engine_step_start,1780280965.8644145,1780280965.8644145,1780280965.8767252,12.31074333190918,decode,0,0,451640,0.0,0.0,0.0,0.0,0.0,0
engine_step_start,1780280965.864472,1780280965.864472,1780280965.8765519,12.079954147338867,decode,1,0,451641,0.0,0.0,0.0,0.0,0.0,0
engine_step_start,1780280965.8765645,1780280965.8765645,1780280965.8887434,12.178897857666016,decode,1,0,451641,0.0,0.0,0.0,0.0,0.0,0
engine_step_start,1780280965.8767316,1780280965.8767316,1780280965.8899283,13.196706771850586,decode,0,0,451640,0.0,0.0,0.0,0.0,0.0,0
engine_step_start,1780280965.8887484,1780280965.8887484,1780280965.901038,12.28952407836914,decode,1,0,451641,0.0,0.0,0.0,0.0,0.0,0
engine_step_start,1780280965.8899436,1780280965.8899436,1780280965.901113,11.16943359375,decode,0,0,451640,0.0,0.0,0.0,0.0,0.0,0
engine_step_start,1780280965.901063,1780280965.901063,1780280965.9131296,12.06660270690918,decode,1,0,451641,9.529829025268555,0.7897690225445061,9.529829025268555,0.7897690225445061,1.0,1
engine_step_start,1780280965.9011192,1780280965.9011192,1780280965.9131968,12.077569961547852,decode,0,0,451640,9.597063064575195,0.7946187101486468,9.597063064575195,0.7946187101486468,1.0,1
engine_step_start,1780280965.9131413,1780280965.9131413,1780280965.9254346,12.293338775634766,decode,1,0,451641,2.424478530883789,0.1972188821224933,2.424478530883789,0.1972188821224933,1.0,1
engine_step_start,1780280965.913203,1780280965.913203,1780280965.9254265,12.223482131958008,decode,0,0,451640,2.3627281188964844,0.19329419337221324,2.3627281188964844,0.19329419337221324,1.0,1
engine_step_start,1780280965.9254327,1780280965.9254327,1780280965.9376612,12.22848892211914,decode,0,0,451640,0.0,0.0,0.0,0.0,0.0,0
engine_step_start,1780280965.9254405,1780280965.9254405,1780280965.9377086,12.26806640625,decode,1,0,451641,0.0,0.0,0.0,0.0,0.0,0
engine_step_start,1780280965.9376674,1780280965.9376674,1780280965.9500165,12.349128723144531,decode,0,0,451640,0.0,0.0,0.0,0.0,0.0,0
engine_step_start,1780280965.9377136,1780280965.9377136,1780280965.949899,12.185335159301758,decode,1,0,451641,0.0,0.0,0.0,0.0,0.0,0
engine_step_start,1780280965.9499094,1780280965.9499094,1780280965.962105,12.195587158203125,decode,1,0,451641,0.0,0.0,0.0,0.0,0.0,0
engine_step_start,1780280965.9500256,1780280965.9500256,1780280965.9623544,12.328863143920898,decode,0,0,451640,0.0,0.0,0.0,0.0,0.0,0
engine_step_start,1780280965.962109,1780280965.962109,1780280965.974379,12.269973754882812,decode,1,0,451641,0.0,0.0,0.0,0.0,0.0,0
engine_step_start,1780280965.9623642,1780280965.9623642,1780280965.9744372,12.073040008544922,decode,0,0,451640,0.0,0.0,0.0,0.0,0.0,0
engine_step_start,1780280965.9743843,1780280965.9743843,1780280965.9865825,12.198209762573242,decode,1,0,451641,0.0,0.0,0.0,0.0,0.0,0
engine_step_start,1780280965.9744446,1780280965.9744446,1780280965.9866118,12.167215347290039,decode,0,0,451640,0.0,0.0,0.0,0.0,0.0,0
engine_step_start,1780280965.9865875,1780280965.9865875,1780280965.998724,12.136459350585938,decode,1,0,451641,9.525299072265625,0.7848499135627849,9.525299072265625,0.7848499135627849,1.0,1
engine_step_start,1780280965.9866288,1780280965.9866288,1780280965.9988534,12.224674224853516,decode,0,0,451640,9.654760360717773,0.7897764949097008,9.654760360717773,0.7897764949097008,1.0,1
engine_step_start,1780280965.99874,1780280965.99874,1780280966.0108914,12.151479721069336,decode,1,0,451641,24.987459182739258,2.0563305668373655,12.151479721069336,1.0,2.0563305668373655,3
engine_step_start,1780280965.9988782,1780280965.9988782,1780280966.0109549,12.076616287231445,decode,0,0,451640,24.912595748901367,2.0628788028349754,12.076616287231445,1.0,2.0628788028349754,3
engine_step_start,1780280966.0109131,1780280966.0109131,1780280966.023123,12.209892272949219,decode,1,0,451641,18.496990203857422,1.514918378505038,12.209892272949219,1.0,1.514918378505038,2
engine_step_start,1780280966.010969,1780280966.010969,1780280966.0233185,12.349605560302734,decode,0,0,451640,18.636703491210938,1.5090930151743311,12.349605560302734,1.0,1.5090930151743311,2
engine_step_start,1780280966.0231347,1780280966.0231347,1780280966.0354078,12.273073196411133,decode,1,0,451641,7.725000381469727,0.6294267342696739,5.562067031860352,0.453192687996581,1.3888722191264091,2
engine_step_start,1780280966.0233445,1780280966.0233445,1780280966.0354888,12.144327163696289,decode,0,0,451640,7.515192031860352,0.6188232522527829,5.352258682250977,0.4407208905118087,1.4041159962581853,2
engine_step_start,1780280966.0354195,1780280966.0354195,1780280966.0476153,12.195825576782227,decode,1,0,451641,0.0,0.0,0.0,0.0,0.0,0
engine_step_start,1780280966.0355031,1780280966.0355031,1780280966.0478199,12.316703796386719,decode,0,0,451640,0.0,0.0,0.0,0.0,0.0,0
engine_step_start,1780280966.0476253,1780280966.0476253,1780280966.0600286,12.403249740600586,decode,1,0,451641,0.0,0.0,0.0,0.0,0.0,0
engine_step_start,1780280966.0478265,1780280966.0478265,1780280966.0601013,12.274742126464844,decode,0,0,451640,0.0,0.0,0.0,0.0,0.0,0
engine_step_start,1780280966.060044,1780280966.060044,1780280966.0722508,12.206792831420898,decode,1,0,451641,9.662151336669922,0.7915388972440868,9.662151336669922,0.7915388972440868,1.0,1
engine_step_start,1780280966.0601158,1780280966.0601158,1780280966.0722558,12.140035629272461,decode,0,0,451640,9.667158126831055,0.7963039336986194,9.667158126831055,0.7963039336986194,1.0,1
engine_step_start,1780280966.0722623,1780280966.0722623,1780280966.0844736,12.211322784423828,decode,0,0,451640,2.5634765625,0.20992619782107852,2.5634765625,0.20992619782107852,1.0,1
engine_step_start,1780280966.0722628,1780280966.0722628,1780280966.0843942,12.131452560424805,decode,1,0,451641,2.562999725341797,0.21126898964290627,2.562999725341797,0.21126898964290627,1.0,1
engine_step_start,1780280966.0844002,1780280966.0844002,1780280966.0965214,12.121200561523438,decode,1,0,451641,0.0,0.0,0.0,0.0,0.0,0
engine_step_start,1780280966.0844798,1780280966.0844798,1780280966.0966759,12.196063995361328,decode,0,0,451640,0.0,0.0,0.0,0.0,0.0,0
engine_step_start,1780280966.0965266,1780280966.0965266,1780280966.1086757,12.14909553527832,decode,1,0,451641,0.0,0.0,0.0,0.0,0.0,0
engine_step_start,1780280966.0966823,1780280966.0966823,1780280966.108815,12.132644653320312,decode,0,0,451640,0.0,0.0,0.0,0.0,0.0,0
engine_step_start,1780280966.1086867,1780280966.1086867,1780280966.1208162,12.129545211791992,decode,1,0,451641,0.0,0.0,0.0,0.0,0.0,0
engine_step_start,1780280966.1088307,1780280966.1088307,1780280966.120876,12.04538345336914,decode,0,0,451640,0.0,0.0,0.0,0.0,0.0,0
engine_step_start,1780280966.1208215,1780280966.1208215,1780280966.1330638,12.242317199707031,decode,1,0,451641,0.0,0.0,0.0,0.0,0.0,0
engine_step_start,1780280966.1208827,1780280966.1208827,1780280966.1331635,12.280702590942383,decode,0,0,451640,0.0,0.0,0.0,0.0,0.0,0
engine_step_start,1780280966.133069,1780280966.133069,1780280966.1453738,12.30478286743164,decode,1,0,451641,0.0,0.0,0.0,0.0,0.0,0
engine_step_start,1780280966.13317,1780280966.13317,1780280966.145442,12.272119522094727,decode,0,0,451640,0.0,0.0,0.0,0.0,0.0,0
engine_step_start,1780280966.1453793,1780280966.1453793,1780280966.1574743,12.094974517822266,decode,1,0,451641,0.0,0.0,0.0,0.0,0.0,0
engine_step_start,1780280966.1454518,1780280966.1454518,1780280966.1575892,12.137413024902344,decode,0,0,451640,0.0,0.0,0.0,0.0,0.0,0
engine_step_start,1780280966.1574888,1780280966.1574888,1780280966.1696372,12.148380279541016,decode,1,0,451641,1.458883285522461,0.12008870746163205,1.458883285522461,0.12008870746163205,1.0,1
engine_step_start,1780280966.157597,1780280966.157597,1780280966.1697063,12.10927963256836,decode,0,0,451640,1.458883285522461,0.12047647174640677,1.458883285522461,0.12047647174640677,1.0,1
engine_step_start,1780280966.169648,1780280966.169648,1780280966.1817825,12.134552001953125,decode,1,0,451641,0.0,0.0,0.0,0.0,0.0,0
engine_step_start,1780280966.1697128,1780280966.1697128,1780280966.1819284,12.215614318847656,decode,0,0,451640,0.0,0.0,0.0,0.0,0.0,0
engine_step_start,1780280966.1825135,1780280966.1825135,1780280966.194455,11.94143295288086,decode,0,0,451640,0.0,0.0,0.0,0.0,0.0,0
engine_step_start,1780280966.18267,1780280966.18267,1780280966.1940536,11.383533477783203,decode,1,0,451641,0.0,0.0,0.0,0.0,0.0,0
engine_step_start,1780280966.1940672,1780280966.1940672,1780280966.2062576,12.19034194946289,decode,1,0,451641,0.0,0.0,0.0,0.0,0.0,0
engine_step_start,1780280966.1944625,1780280966.1944625,1780280966.206412,11.949539184570312,decode,0,0,451640,0.0,0.0,0.0,0.0,0.0,0
engine_step_start,1780280966.2062645,1780280966.2062645,1780280966.2184517,12.18724250793457,decode,1,0,451641,0.0,0.0,0.0,0.0,0.0,0
engine_step_start,1780280966.2064188,1780280966.2064188,1780280966.2186399,12.221097946166992,decode,0,0,451640,0.0,0.0,0.0,0.0,0.0,0
engine_step_start,1780280966.2184567,1780280966.2184567,1780280966.2307532,12.296438217163086,decode,1,0,451641,0.0,0.0,0.0,0.0,0.0,0
engine_step_start,1780280966.2186463,1780280966.2186463,1780280966.2308247,12.178421020507812,decode,0,0,451640,0.0,0.0,0.0,0.0,0.0,0
engine_step_start,1780280966.2307575,1780280966.2307575,1780280966.2429836,12.226104736328125,decode,1,0,451641,0.0,0.0,0.0,0.0,0.0,0
engine_step_start,1780280966.230831,1780280966.230831,1780280966.2430696,12.238740921020508,decode,0,0,451640,0.0,0.0,0.0,0.0,0.0,0
engine_step_start,1780280966.2429876,1780280966.2429876,1780280966.2552502,12.262582778930664,decode,1,0,451641,0.0,0.0,0.0,0.0,0.0,0
engine_step_start,1780280966.243076,1780280966.243076,1780280966.255306,12.22991943359375,decode,0,0,451640,0.0,0.0,0.0,0.0,0.0,0
engine_step_start,1780280966.2552576,1780280966.2552576,1780280966.2674375,12.179851531982422,decode,1,0,451641,0.0,0.0,0.0,0.0,0.0,0
engine_step_start,1780280966.255312,1780280966.255312,1780280966.267628,12.315988540649414,decode,0,0,451640,0.0,0.0,0.0,0.0,0.0,0
engine_step_start,1780280966.2674415,1780280966.2674415,1780280966.279689,12.247562408447266,decode,1,0,451641,0.0,0.0,0.0,0.0,0.0,0
engine_step_start,1780280966.267634,1780280966.267634,1780280966.2798364,12.20250129699707,decode,0,0,451640,0.0,0.0,0.0,0.0,0.0,0
engine_step_start,1780280966.2796931,1780280966.2796931,1780280966.2919924,12.299299240112305,decode,1,0,451641,0.0,0.0,0.0,0.0,0.0,0
engine_step_start,1780280966.279843,1780280966.279843,1780280966.2921267,12.283563613891602,decode,0,0,451640,0.0,0.0,0.0,0.0,0.0,0
engine_step_start,1780280966.2920039,1780280966.2920039,1780280966.3042789,12.274980545043945,decode,1,0,451641,0.0,0.0,0.0,0.0,0.0,0
engine_step_start,1780280966.292133,1780280966.292133,1780280966.3044186,12.285470962524414,decode,0,0,451640,0.0,0.0,0.0,0.0,0.0,0
engine_step_start,1780280966.3042834,1780280966.3042834,1780280966.316525,12.241601943969727,decode,1,0,451641,0.0,0.0,0.0,0.0,0.0,0
engine_step_start,1780280966.3044245,1780280966.3044245,1780280966.3166127,12.188196182250977,decode,0,0,451640,0.0,0.0,0.0,0.0,0.0,0
engine_step_start,1780280966.3165295,1780280966.3165295,1780280966.3287485,12.218952178955078,decode,1,0,451641,0.0,0.0,0.0,0.0,0.0,0
engine_step_start,1780280966.3166187,1780280966.3166187,1780280966.3289795,12.360811233520508,decode,0,0,451640,0.0,0.0,0.0,0.0,0.0,0
engine_step_start,1780280966.3287528,1780280966.3287528,1780280966.3411744,12.421607971191406,decode,1,0,451641,0.0,0.0,0.0,0.0,0.0,0
engine_step_start,1780280966.328986,1780280966.328986,1780280966.3411486,12.16268539428711,decode,0,0,451640,0.0,0.0,0.0,0.0,0.0,0
engine_step_start,1780280966.341155,1780280966.341155,1780280966.3533835,12.22848892211914,decode,0,0,451640,0.0,0.0,0.0,0.0,0.0,0
engine_step_start,1780280966.3411868,1780280966.3411868,1780280966.3534346,12.247800827026367,decode,1,0,451641,0.0,0.0,0.0,0.0,0.0,0
engine_step_start,1780280966.3534005,1780280966.3534005,1780280966.3657074,12.306928634643555,decode,0,0,451640,10.709762573242188,0.8702222050020342,9.799718856811523,0.7962765648307794,1.0928642678150013,2
engine_step_start,1780280966.3534508,1780280966.3534508,1780280966.3655543,12.103557586669922,decode,1,0,451641,10.556697845458984,0.8721979277469172,9.64665412902832,0.7970098097151637,1.0943377573465807,2
engine_step_start,1780280966.3655665,1780280966.3655665,1780280966.3816957,16.129255294799805,decode,1,0,451641,16.129255294799805,1.0,16.129255294799805,1.0,1.0,1
engine_step_start,1780280966.3657224,1780280966.3657224,1780280966.3817623,16.03984832763672,decode,0,0,451640,16.03984832763672,1.0,16.03984832763672,1.0,1.0,1
engine_step_start,1780280966.3817012,1780280966.3817012,1780280966.3939734,12.272119522094727,decode,1,0,451641,2.4254322052001953,0.19763759640976822,2.4254322052001953,0.19763759640976822,1.0,1
engine_step_start,1780280966.381769,1780280966.381769,1780280966.3939233,12.154340744018555,decode,0,0,451640,2.3577213287353516,0.19398183565781987,2.3577213287353516,0.19398183565781987,1.0,1
engine_step_start,1780280966.3939373,1780280966.3939373,1780280966.4062698,12.332439422607422,decode,0,0,451640,0.0,0.0,0.0,0.0,0.0,0
engine_step_start,1780280966.3939788,1780280966.3939788,1780280966.4061615,12.18271255493164,decode,1,0,451641,0.0,0.0,0.0,0.0,0.0,0
engine_step_start,1780280966.4061666,1780280966.4061666,1780280966.418268,12.101411819458008,decode,1,0,451641,0.0,0.0,0.0,0.0,0.0,0
engine_step_start,1780280966.4062765,1780280966.4062765,1780280966.4184113,12.134790420532227,decode,0,0,451640,0.0,0.0,0.0,0.0,0.0,0
engine_step_start,1780280966.4182787,1780280966.4182787,1780280966.430593,12.314319610595703,decode,1,0,451641,0.0,0.0,0.0,0.0,0.0,0
engine_step_start,1780280966.4184177,1780280966.4184177,1780280966.4306288,12.211084365844727,decode,0,0,451640,0.0,0.0,0.0,0.0,0.0,0
engine_step_start,1780280966.430604,1780280966.430604,1780280966.442677,12.073040008544922,decode,1,0,451641,0.0,0.0,0.0,0.0,0.0,0
engine_step_start,1780280966.4306352,1780280966.4306352,1780280966.4426987,12.06350326538086,decode,0,0,451640,0.0,0.0,0.0,0.0,0.0,0
engine_step_start,1780280966.4426925,1780280966.4426925,1780280966.454847,12.154579162597656,decode,1,0,451641,5.021095275878906,0.41310317771675165,5.021095275878906,0.41310317771675165,1.0,1
engine_step_start,1780280966.4427059,1780280966.4427059,1780280966.454844,12.138128280639648,decode,0,0,451640,5.021095275878906,0.41366305906385653,5.021095275878906,0.41366305906385653,1.0,1
engine_step_start,1780280966.4548504,1780280966.4548504,1780280966.4669867,12.136220932006836,decode,0,0,451640,0.0,0.0,0.0,0.0,0.0,0
engine_step_start,1780280966.4548588,1780280966.4548588,1780280966.4669118,12.05301284790039,decode,1,0,451641,0.0,0.0,0.0,0.0,0.0,0
engine_step_start,1780280966.4669225,1780280966.4669225,1780280966.47901,12.087583541870117,decode,1,0,451641,0.0,0.0,0.0,0.0,0.0,0
engine_step_start,1780280966.4669929,1780280966.4669929,1780280966.4790115,12.018680572509766,decode,0,0,451640,0.0,0.0,0.0,0.0,0.0,0
engine_step_start,1780280966.479018,1780280966.479018,1780280966.491212,12.193918228149414,decode,0,0,451640,0.0,0.0,0.0,0.0,0.0,0
engine_step_start,1780280966.4790213,1780280966.4790213,1780280966.4910197,11.998414993286133,decode,1,0,451641,0.0,0.0,0.0,0.0,0.0,0
engine_step_start,1780280966.491026,1780280966.491026,1780280966.5031927,12.166738510131836,decode,1,0,451641,0.0,0.0,0.0,0.0,0.0,0
engine_step_start,1780280966.491226,1780280966.491226,1780280966.5032346,12.0086669921875,decode,0,0,451640,0.0,0.0,0.0,0.0,0.0,0
engine_step_start,1780280966.503198,1780280966.503198,1780280966.5152543,12.056350708007812,decode,1,0,451641,0.0,0.0,0.0,0.0,0.0,0
engine_step_start,1780280966.503241,1780280966.503241,1780280966.515334,12.092828750610352,decode,0,0,451640,0.0,0.0,0.0,0.0,0.0,0
engine_step_start,1780280966.51526,1780280966.51526,1780280966.5273676,12.107610702514648,decode,1,0,451641,0.0,0.0,0.0,0.0,0.0,0
engine_step_start,1780280966.5153494,1780280966.5153494,1780280966.5274572,12.10784912109375,decode,0,0,451640,0.0,0.0,0.0,0.0,0.0,0
engine_step_start,1780280966.527374,1780280966.527374,1780280966.5395513,12.177228927612305,decode,1,0,451641,0.0,0.0,0.0,0.0,0.0,0
engine_step_start,1780280966.5274634,1780280966.5274634,1780280966.5396008,12.137413024902344,decode,0,0,451640,0.0,0.0,0.0,0.0,0.0,0
engine_step_start,1780280966.539566,1780280966.539566,1780280966.5516155,12.049436569213867,decode,1,0,451641,4.15802001953125,0.3450800371989948,4.15802001953125,0.3450800371989948,1.0,1
engine_step_start,1780280966.539607,1780280966.539607,1780280966.5516791,12.072086334228516,decode,0,0,451640,4.15802001953125,0.34443259469921395,4.15802001953125,0.34443259469921395,1.0,1
engine_step_start,1780280966.5516279,1780280966.5516279,1780280966.5638332,12.205362319946289,decode,1,0,451641,0.0,0.0,0.0,0.0,0.0,0
engine_step_start,1780280966.551685,1780280966.551685,1780280966.5639803,12.295246124267578,decode,0,0,451640,0.0,0.0,0.0,0.0,0.0,0
engine_step_start,1780280966.563839,1780280966.563839,1780280966.575936,12.09712028503418,decode,1,0,451641,0.0,0.0,0.0,0.0,0.0,0
engine_step_start,1780280966.5639954,1780280966.5639954,1780280966.5759964,12.00103759765625,decode,0,0,451640,0.0,0.0,0.0,0.0,0.0,0
engine_step_start,1780280966.5764544,1780280966.5764544,1780280966.5882397,11.785268783569336,decode,1,0,451641,0.0,0.0,0.0,0.0,0.0,0
engine_step_start,1780280966.5766463,1780280966.5766463,1780280966.5883784,11.732101440429688,decode,0,0,451640,0.0,0.0,0.0,0.0,0.0,0
engine_step_start,1780280966.5882466,1780280966.5882466,1780280966.6003313,12.084722518920898,decode,1,0,451641,0.0,0.0,0.0,0.0,0.0,0
engine_step_start,1780280966.588396,1780280966.588396,1780280966.6005783,12.182235717773438,decode,0,0,451640,0.0,0.0,0.0,0.0,0.0,0
engine_step_start,1780280966.600346,1780280966.600346,1780280966.6125665,12.220382690429688,decode,1,0,451641,0.0,0.0,0.0,0.0,0.0,0
engine_step_start,1780280966.6005878,1780280966.6005878,1780280966.6126816,12.093782424926758,decode,0,0,451640,0.0,0.0,0.0,0.0,0.0,0
engine_step_start,1780280966.6125717,1780280966.6125717,1780280966.6248386,12.266874313354492,decode,1,0,451641,0.0,0.0,0.0,0.0,0.0,0
engine_step_start,1780280966.6126888,1780280966.6126888,1780280966.6248343,12.145519256591797,decode,0,0,451640,0.0,0.0,0.0,0.0,0.0,0
engine_step_start,1780280966.6248415,1780280966.6248415,1780280966.637021,12.17961311340332,decode,0,0,451640,0.0,0.0,0.0,0.0,0.0,0
engine_step_start,1780280966.6248446,1780280966.6248446,1780280966.6369805,12.135982513427734,decode,1,0,451641,0.0,0.0,0.0,0.0,0.0,0
engine_step_start,1780280966.636986,1780280966.636986,1780280966.6491196,12.133598327636719,decode,1,0,451641,0.6670951843261719,0.0549791715790301,0.6670951843261719,0.0549791715790301,1.0,1
engine_step_start,1780280966.6370385,1780280966.6370385,1780280966.6491666,12.128114700317383,decode,0,0,451640,0.6670951843261719,0.05500402995930724,0.6670951843261719,0.05500402995930724,1.0,1
engine_step_start,1780280966.6491253,1780280966.6491253,1780280966.6612413,12.115955352783203,decode,1,0,451641,0.0,0.0,0.0,0.0,0.0,0
engine_step_start,1780280966.6491814,1780280966.6491814,1780280966.6614087,12.227296829223633,decode,0,0,451640,0.0,0.0,0.0,0.0,0.0,0
engine_step_start,1780280966.661247,1780280966.661247,1780280966.6735616,12.314558029174805,decode,1,0,451641,0.0,0.0,0.0,0.0,0.0,0
engine_step_start,1780280966.661415,1780280966.661415,1780280966.673532,12.11690902709961,decode,0,0,451640,0.0,0.0,0.0,0.0,0.0,0
engine_step_start,1780280966.6735463,1780280966.6735463,1780280966.6858413,12.295007705688477,decode,0,0,451640,0.0,0.0,0.0,0.0,0.0,0
engine_step_start,1780280966.6735673,1780280966.6735673,1780280966.6857183,12.151002883911133,decode,1,0,451641,0.0,0.0,0.0,0.0,0.0,0
engine_step_start,1780280966.6857314,1780280966.6857314,1780280966.6980562,12.324810028076172,decode,1,0,451641,0.0,0.0,0.0,0.0,0.0,0
engine_step_start,1780280966.6858475,1780280966.6858475,1780280966.6981163,12.268781661987305,decode,0,0,451640,0.0,0.0,0.0,0.0,0.0,0
engine_step_start,1780280966.6980617,1780280966.6980617,1780280966.7101724,12.110710144042969,decode,1,0,451641,0.0,0.0,0.0,0.0,0.0,0
engine_step_start,1780280966.6981227,1780280966.6981227,1780280966.710267,12.144327163696289,decode,0,0,451640,0.0,0.0,0.0,0.0,0.0,0
engine_step_start,1780280966.710178,1780280966.710178,1780280966.7225008,12.32290267944336,decode,1,0,451641,0.0,0.0,0.0,0.0,0.0,0
engine_step_start,1780280966.710273,1780280966.710273,1780280966.7225318,12.258768081665039,decode,0,0,451640,0.0,0.0,0.0,0.0,0.0,0
engine_step_start,1780280966.7225084,1780280966.7225084,1780280966.7346253,12.11690902709961,decode,1,0,451641,0.0,0.0,0.0,0.0,0.0,0
engine_step_start,1780280966.7225378,1780280966.7225378,1780280966.7347474,12.209653854370117,decode,0,0,451640,0.0,0.0,0.0,0.0,0.0,0
engine_step_start,1780280966.73463,1780280966.73463,1780280966.7470527,12.422561645507812,decode,1,0,451641,0.0,0.0,0.0,0.0,0.0,0
engine_step_start,1780280966.7347538,1780280966.7347538,1780280966.7469578,12.20393180847168,decode,0,0,451640,0.0,0.0,0.0,0.0,0.0,0
engine_step_start,1780280966.7469642,1780280966.7469642,1780280966.759326,12.361764907836914,decode,0,0,451640,0.0,0.0,0.0,0.0,0.0,0
engine_step_start,1780280966.747061,1780280966.747061,1780280966.759152,12.090921401977539,decode,1,0,451641,0.0,0.0,0.0,0.0,0.0,0
engine_step_start,1780280966.7591581,1780280966.7591581,1780280966.7713323,12.174129486083984,decode,1,0,451641,0.0,0.0,0.0,0.0,0.0,0
engine_step_start,1780280966.7593455,1780280966.7593455,1780280966.771434,12.088537216186523,decode,0,0,451640,0.0,0.0,0.0,0.0,0.0,0
engine_step_start,1780280966.771342,1780280966.771342,1780280966.7835493,12.207269668579102,decode,1,0,451641,0.0,0.0,0.0,0.0,0.0,0
engine_step_start,1780280966.7714496,1780280966.7714496,1780280966.783714,12.264490127563477,decode,0,0,451640,0.0,0.0,0.0,0.0,0.0,0
engine_step_start,1780280966.7835538,1780280966.7835538,1780280966.7957945,12.24064826965332,decode,1,0,451641,0.0,0.0,0.0,0.0,0.0,0
engine_step_start,1780280966.783724,1780280966.783724,1780280966.7959616,12.237548828125,decode,0,0,451640,0.0,0.0,0.0,0.0,0.0,0
engine_step_start,1780280966.7957997,1780280966.7957997,1780280966.807887,12.087345123291016,decode,1,0,451641,0.0,0.0,0.0,0.0,0.0,0
engine_step_start,1780280966.795969,1780280966.795969,1780280966.808005,12.03608512878418,decode,0,0,451640,0.0,0.0,0.0,0.0,0.0,0
engine_step_start,1780280966.807892,1780280966.807892,1780280966.8201945,12.302398681640625,decode,1,0,451641,0.0,0.0,0.0,0.0,0.0,0
engine_step_start,1780280966.8080118,1780280966.8080118,1780280966.8202767,12.26496696472168,decode,0,0,451640,0.0,0.0,0.0,0.0,0.0,0
engine_step_start,1780280966.8202147,1780280966.8202147,1780280966.8324838,12.269020080566406,decode,1,0,451641,9.670019149780273,0.7881655654877575,9.670019149780273,0.7881655654877575,1.0,1
engine_step_start,1780280966.8202915,1780280966.8202915,1780280966.8325362,12.244701385498047,decode,0,0,451640,9.722471237182617,0.794014564430079,9.722471237182617,0.794014564430079,1.0,1
engine_step_start,1780280966.8324986,1780280966.8324986,1780280966.8446705,12.17198371887207,decode,1,0,451641,2.5870800018310547,0.2125438270033103,2.5870800018310547,0.2125438270033103,1.0,1
engine_step_start,1780280966.8325503,1780280966.8325503,1780280966.8447237,12.17341423034668,decode,0,0,451640,2.5353431701660156,0.2082688654301886,2.5353431701660156,0.2082688654301886,1.0,1
engine_step_start,1780280966.8446765,1780280966.8446765,1780280966.8568723,12.195825576782227,decode,1,0,451641,0.0,0.0,0.0,0.0,0.0,0
engine_step_start,1780280966.84473,1780280966.84473,1780280966.856875,12.145042419433594,decode,0,0,451640,0.0,0.0,0.0,0.0,0.0,0
engine_step_start,1780280966.856878,1780280966.856878,1780280966.8690495,12.171506881713867,decode,1,0,451641,0.0,0.0,0.0,0.0,0.0,0
engine_step_start,1780280966.8568904,1780280966.8568904,1780280966.8691998,12.30931282043457,decode,0,0,451640,0.0,0.0,0.0,0.0,0.0,0
engine_step_start,1780280966.8690612,1780280966.8690612,1780280966.881278,12.216806411743164,decode,1,0,451641,0.0,0.0,0.0,0.0,0.0,0
engine_step_start,1780280966.869206,1780280966.869206,1780280966.881391,12.185096740722656,decode,0,0,451640,0.0,0.0,0.0,0.0,0.0,0
engine_step_start,1780280966.8812835,1780280966.8812835,1780280966.893472,12.188434600830078,decode,1,0,451641,1.1699199676513672,0.09598607253237354,1.1699199676513672,0.09598607253237354,1.0,1
engine_step_start,1780280966.8814082,1780280966.8814082,1780280966.893506,12.097835540771484,decode,0,0,451640,1.1699199676513672,0.09670489929447007,1.1699199676513672,0.09670489929447007,1.0,1
engine_step_start,1780280966.8934772,1780280966.8934772,1780280966.9056478,12.170553207397461,decode,1,0,451641,0.0,0.0,0.0,0.0,0.0,0
engine_step_start,1780280966.8935199,1780280966.8935199,1780280966.9057124,12.192487716674805,decode,0,0,451640,0.0,0.0,0.0,0.0,0.0,0
engine_step_start,1780280966.905653,1780280966.905653,1780280966.9178784,12.22538948059082,decode,1,0,451641,0.0,0.0,0.0,0.0,0.0,0
engine_step_start,1780280966.9057188,1780280966.9057188,1780280966.918004,12.285232543945312,decode,0,0,451640,0.0,0.0,0.0,0.0,0.0,0
engine_step_start,1780280966.9178832,1780280966.9178832,1780280966.9302025,12.319326400756836,decode,1,0,451641,0.0,0.0,0.0,0.0,0.0,0
engine_step_start,1780280966.9180183,1780280966.9180183,1780280966.9303105,12.292146682739258,decode,0,0,451640,0.0,0.0,0.0,0.0,0.0,0
engine_step_start,1780280966.930209,1780280966.930209,1780280966.9423904,12.181520462036133,decode,1,0,451641,8.616924285888672,0.707376744368113,8.616924285888672,0.707376744368113,1.0,1
engine_step_start,1780280966.930327,1780280966.930327,1780280966.9424136,12.086629867553711,decode,0,0,451640,8.616924285888672,0.7129302692573232,8.616924285888672,0.7129302692573232,1.0,1
engine_step_start,1780280966.9423957,1780280966.9423957,1780280966.9545898,12.194156646728516,decode,1,0,451641,0.0,0.0,0.0,0.0,0.0,0
engine_step_start,1780280966.9424276,1780280966.9424276,1780280966.9546056,12.17794418334961,decode,0,0,451640,0.0,0.0,0.0,0.0,0.0,0
engine_step_start,1780280966.9546082,1780280966.9546082,1780280966.9668732,12.26496696472168,decode,1,0,451641,9.73653793334961,0.7938495033337869,9.73653793334961,0.7938495033337869,1.0,1
engine_step_start,1780280966.9546118,1780280966.9546118,1780280966.9668128,12.201070785522461,decode,0,0,451640,9.676218032836914,0.7930630190522716,9.676218032836914,0.7930630190522716,1.0,1
engine_step_start,1780280966.9673529,1780280966.9673529,1780280966.9790394,11.686563491821289,decode,0,0,451640,2.592802047729492,0.22186180304792216,2.592802047729492,0.22186180304792216,1.0,1
engine_step_start,1780280966.9673896,1780280966.9673896,1780280966.9790308,11.641263961791992,decode,1,0,451641,2.5560855865478516,0.2195711389190407,2.5560855865478516,0.2195711389190407,1.0,1
engine_step_start,1780280966.979036,1780280966.979036,1780280966.991255,12.218952178955078,decode,1,0,451641,0.0,0.0,0.0,0.0,0.0,0
engine_step_start,1780280966.9790463,1780280966.9790463,1780280966.9912615,12.215137481689453,decode,0,0,451640,0.0,0.0,0.0,0.0,0.0,0
engine_step_start,1780280966.9912684,1780280966.9912684,1780280967.0035136,12.24517822265625,decode,0,0,451640,3.4470558166503906,0.2815031152647975,3.4470558166503906,0.2815031152647975,1.0,1
engine_step_start,1780280966.9912717,1780280966.9912717,1780280967.0034714,12.199640274047852,decode,1,0,451641,3.4470558166503906,0.2825538900506166,3.4470558166503906,0.2825538900506166,1.0,1
engine_step_start,1780280967.003476,1780280967.003476,1780280967.015664,12.188196182250977,decode,1,0,451641,0.0,0.0,0.0,0.0,0.0,0
engine_step_start,1780280967.0035195,1780280967.0035195,1780280967.015677,12.157440185546875,decode,0,0,451640,0.0,0.0,0.0,0.0,0.0,0
engine_step_start,1780280967.0156693,1780280967.0156693,1780280967.0278893,12.219905853271484,decode,1,0,451641,0.0,0.0,0.0,0.0,0.0,0
engine_step_start,1780280967.0156827,1780280967.0156827,1780280967.0279999,12.317180633544922,decode,0,0,451640,0.0,0.0,0.0,0.0,0.0,0
engine_step_start,1780280967.0279024,1780280967.0279024,1780280967.040196,12.293577194213867,decode,1,0,451641,0.0,0.0,0.0,0.0,0.0,0
engine_step_start,1780280967.0280056,1780280967.0280056,1780280967.0401435,12.137889862060547,decode,0,0,451640,0.0,0.0,0.0,0.0,0.0,0
engine_step_start,1780280967.04015,1780280967.04015,1780280967.0524108,12.260913848876953,decode,0,0,451640,0.0,0.0,0.0,0.0,0.0,0
engine_step_start,1780280967.040201,1780280967.040201,1780280967.0524032,12.202262878417969,decode,1,0,451641,0.0,0.0,0.0,0.0,0.0,0
engine_step_start,1780280967.0524087,1780280967.0524087,1780280967.0646064,12.197732925415039,decode,1,0,451641,9.393692016601562,0.7701178632161216,9.393692016601562,0.7701178632161216,1.0,1
engine_step_start,1780280967.052428,1780280967.052428,1780280967.0646725,12.244462966918945,decode,0,0,451640,9.459733963012695,0.7725723854586521,9.459733963012695,0.7725723854586521,1.0,1
engine_step_start,1780280967.0646117,1780280967.0646117,1780280967.0768847,12.273073196411133,decode,1,0,451641,12.273073196411133,1.0,12.273073196411133,1.0,1.0,1
engine_step_start,1780280967.0646882,1780280967.0646882,1780280967.0769923,12.304067611694336,decode,0,0,451640,12.304067611694336,1.0,12.304067611694336,1.0,1.0,1
engine_step_start,1780280967.0769007,1780280967.0769007,1780280967.0890071,12.10641860961914,decode,1,0,451641,5.089998245239258,0.420437984954114,4.812002182006836,0.3974752845720588,1.057771391765347,2
engine_step_start,1780280967.0770023,1780280967.0770023,1780280967.0890524,12.050151824951172,decode,0,0,451640,4.988431930541992,0.41397253769142495,4.71043586730957,0.3909026156463931,1.0590170572455333,2
engine_step_start,1780280967.0890217,1780280967.0890217,1780280967.101172,12.150287628173828,decode,1,0,451641,0.0,0.0,0.0,0.0,0.0,0
engine_step_start,1780280967.0890594,1780280967.0890594,1780280967.1012108,12.151479721069336,decode,0,0,451640,0.0,0.0,0.0,0.0,0.0,0
engine_step_start,1780280967.1011775,1780280967.1011775,1780280967.1134624,12.284994125366211,decode,1,0,451641,9.479761123657227,0.7716536961204805,9.479761123657227,0.7716536961204805,1.0,1
engine_step_start,1780280967.101227,1780280967.101227,1780280967.113483,12.25590705871582,decode,0,0,451640,9.500265121459961,0.7751580585546153,9.500265121459961,0.7751580585546153,1.0,1
engine_step_start,1780280967.1134741,1780280967.1134741,1780280967.1256928,12.218713760375977,decode,1,0,451641,2.4566650390625,0.2010575816113485,2.4566650390625,0.2010575816113485,1.0,1
engine_step_start,1780280967.1134975,1780280967.1134975,1780280967.1257515,12.253999710083008,decode,0,0,451640,2.433300018310547,0.19857190108372083,2.433300018310547,0.19857190108372083,1.0,1
engine_step_start,1780280967.125698,1780280967.125698,1780280967.1379478,12.24970817565918,decode,1,0,451641,0.0,0.0,0.0,0.0,0.0,0
engine_step_start,1780280967.125758,1780280967.125758,1780280967.137975,12.217044830322266,decode,0,0,451640,0.0,0.0,0.0,0.0,0.0,0
engine_step_start,1780280967.1379595,1780280967.1379595,1780280967.1501935,12.233972549438477,decode,1,0,451641,0.0,0.0,0.0,0.0,0.0,0
engine_step_start,1780280967.1379814,1780280967.1379814,1780280967.150201,12.219667434692383,decode,0,0,451640,0.0,0.0,0.0,0.0,0.0,0
engine_step_start,1780280967.150199,1780280967.150199,1780280967.1622686,12.0697021484375,decode,1,0,451641,0.0,0.0,0.0,0.0,0.0,0
engine_step_start,1780280967.150215,1780280967.150215,1780280967.162431,12.21609115600586,decode,0,0,451640,0.0,0.0,0.0,0.0,0.0,0
engine_step_start,1780280967.1622741,1780280967.1622741,1780280967.174402,12.127876281738281,decode,1,0,451641,0.0,0.0,0.0,0.0,0.0,0
engine_step_start,1780280967.1624377,1780280967.1624377,1780280967.174488,12.050390243530273,decode,0,0,451640,0.0,0.0,0.0,0.0,0.0,0
engine_step_start,1780280967.1744068,1780280967.1744068,1780280967.1867125,12.305736541748047,decode,1,0,451641,0.0,0.0,0.0,0.0,0.0,0
engine_step_start,1780280967.1744943,1780280967.1744943,1780280967.1867108,12.216567993164062,decode,0,0,451640,0.0,0.0,0.0,0.0,0.0,0
engine_step_start,1780280967.1867173,1780280967.1867173,1780280967.1988378,12.120485305786133,decode,0,0,451640,0.0,0.0,0.0,0.0,0.0,0
engine_step_start,1780280967.186718,1780280967.186718,1780280967.198727,12.008905410766602,decode,1,0,451641,0.0,0.0,0.0,0.0,0.0,0
engine_step_start,1780280967.1987312,1780280967.1987312,1780280967.211016,12.28475570678711,decode,1,0,451641,0.0,0.0,0.0,0.0,0.0,0
engine_step_start,1780280967.198844,1780280967.198844,1780280967.2110136,12.169599533081055,decode,0,0,451640,0.0,0.0,0.0,0.0,0.0,0
engine_step_start,1780280967.2110198,1780280967.2110198,1780280967.2231724,12.152671813964844,decode,0,0,451640,0.0,0.0,0.0,0.0,0.0,0
engine_step_start,1780280967.2110202,1780280967.2110202,1780280967.2231505,12.130260467529297,decode,1,0,451641,0.0,0.0,0.0,0.0,0.0,0
engine_step_start,1780280967.223155,1780280967.223155,1780280967.235522,12.367010116577148,decode,1,0,451641,0.0,0.0,0.0,0.0,0.0,0
engine_step_start,1780280967.223178,1780280967.223178,1780280967.235371,12.19320297241211,decode,0,0,451640,0.0,0.0,0.0,0.0,0.0,0
engine_step_start,1780280967.2353766,1780280967.2353766,1780280967.2477045,12.327909469604492,decode,0,0,451640,0.0,0.0,0.0,0.0,0.0,0
engine_step_start,1780280967.2355337,1780280967.2355337,1780280967.2475677,12.033939361572266,decode,1,0,451641,0.0,0.0,0.0,0.0,0.0,0
engine_step_start,1780280967.2475722,1780280967.2475722,1780280967.2597957,12.223482131958008,decode,1,0,451641,0.0,0.0,0.0,0.0,0.0,0
engine_step_start,1780280967.24771,1780280967.24771,1780280967.259993,12.283086776733398,decode,0,0,451640,0.0,0.0,0.0,0.0,0.0,0
engine_step_start,1780280967.2598016,1780280967.2598016,1780280967.2722414,12.439727783203125,decode,1,0,451641,0.0,0.0,0.0,0.0,0.0,0
engine_step_start,1780280967.2600074,1780280967.2600074,1780280967.272233,12.225627899169922,decode,0,0,451640,0.0,0.0,0.0,0.0,0.0,0
engine_step_start,1780280967.2722523,1780280967.2722523,1780280967.2845645,12.312173843383789,decode,0,0,451640,19.32358741760254,1.5694699947715962,9.675741195678711,0.7858678182064639,1.997117019441638,2
engine_step_start,1780280967.2722564,1780280967.2722564,1780280967.284402,12.145519256591797,decode,1,0,451641,18.998384475708008,1.5642299085234188,9.513139724731445,0.7832633190687448,1.9970677426630912,2
engine_step_start,1780280967.284415,1780280967.284415,1780280967.297519,13.103961944580078,decode,1,0,451641,17.610788345336914,1.3439285324405954,13.103961944580078,1.0,1.3439285324405954,2
engine_step_start,1780280967.284582,1780280967.284582,1780280967.2974558,12.87388801574707,decode,0,0,451640,17.213821411132812,1.3371113209993148,12.87388801574707,1.0,1.3371113209993148,2
engine_step_start,1780280967.2974622,1780280967.2974622,1780280967.3096929,12.230634689331055,decode,0,0,451640,2.561330795288086,0.20941928692567108,2.561330795288086,0.20941928692567108,1.0,1
engine_step_start,1780280967.2975252,1780280967.2975252,1780280967.3096626,12.137413024902344,decode,1,0,451641,2.4983882904052734,0.20584191089809067,2.4983882904052734,0.20584191089809067,1.0,1
engine_step_start,1780280967.3096673,1780280967.3096673,1780280967.3220537,12.386322021484375,decode,1,0,451641,0.0,0.0,0.0,0.0,0.0,0
engine_step_start,1780280967.309699,1780280967.309699,1780280967.3219802,12.281179428100586,decode,0,0,451640,0.0,0.0,0.0,0.0,0.0,0
engine_step_start,1780280967.3220098,1780280967.3220098,1780280967.334225,12.215137481689453,decode,0,0,451640,11.283159255981445,0.9237030097201078,9.585380554199219,0.7847132763399305,1.177121679434882,2
engine_step_start,1780280967.3220866,1780280967.3220866,1780280967.334053,11.966466903686523,decode,1,0,451641,11.111259460449219,0.9285330039250065,9.413480758666992,0.7866549779841008,1.1803561026264469,2
engine_step_start,1780280967.3340654,1780280967.3340654,1780280967.346409,12.343645095825195,decode,1,0,451641,2.659320831298828,0.21544048055936493,2.659320831298828,0.21544048055936493,1.0,1
engine_step_start,1780280967.3342397,1780280967.3342397,1780280967.3464305,12.190818786621094,decode,0,0,451640,2.485036849975586,0.20384495032464992,2.485036849975586,0.20384495032464992,1.0,1
engine_step_start,1780280967.346414,1780280967.346414,1780280967.3586278,12.213706970214844,decode,1,0,451641,0.0,0.0,0.0,0.0,0.0,0
engine_step_start,1780280967.3464375,1780280967.3464375,1780280967.3586924,12.254953384399414,decode,0,0,451640,0.0,0.0,0.0,0.0,0.0,0
engine_step_start,1780280967.3593135,1780280967.3593135,1780280967.3708274,11.513948440551758,decode,0,0,451640,0.0,0.0,0.0,0.0,0.0,0
engine_step_start,1780280967.3593285,1780280967.3593285,1780280967.370796,11.467456817626953,decode,1,0,451641,0.0,0.0,0.0,0.0,0.0,0
engine_step_start,1780280967.3708007,1780280967.3708007,1780280967.382928,12.127161026000977,decode,1,0,451641,0.0,0.0,0.0,0.0,0.0,0
engine_step_start,1780280967.370842,1780280967.370842,1780280967.382985,12.143135070800781,decode,0,0,451640,0.0,0.0,0.0,0.0,0.0,0
engine_step_start,1780280967.3829334,1780280967.3829334,1780280967.3952844,12.351036071777344,decode,1,0,451641,0.0,0.0,0.0,0.0,0.0,0
engine_step_start,1780280967.3829918,1780280967.3829918,1780280967.3951852,12.193441390991211,decode,0,0,451640,0.0,0.0,0.0,0.0,0.0,0
engine_step_start,1780280967.3951914,1780280967.3951914,1780280967.4074688,12.277364730834961,decode,0,0,451640,0.0,0.0,0.0,0.0,0.0,0
engine_step_start,1780280967.3952916,1780280967.3952916,1780280967.4074454,12.153863906860352,decode,1,0,451641,0.0,0.0,0.0,0.0,0.0,0
engine_step_start,1780280967.4074574,1780280967.4074574,1780280967.4194694,12.012004852294922,decode,1,0,451641,0.0,0.0,0.0,0.0,0.0,0
engine_step_start,1780280967.4074752,1780280967.4074752,1780280967.4195914,12.116193771362305,decode,0,0,451640,0.0,0.0,0.0,0.0,0.0,0
engine_step_start,1780280967.419474,1780280967.419474,1780280967.4315445,12.070655822753906,decode,1,0,451641,0.0,0.0,0.0,0.0,0.0,0
engine_step_start,1780280967.4195979,1780280967.4195979,1780280967.431676,12.078046798706055,decode,0,0,451640,0.0,0.0,0.0,0.0,0.0,0
engine_step_start,1780280967.4315498,1780280967.4315498,1780280967.443699,12.14909553527832,decode,1,0,451641,0.0,0.0,0.0,0.0,0.0,0
engine_step_start,1780280967.431685,1780280967.431685,1780280967.4437468,12.061834335327148,decode,0,0,451640,0.0,0.0,0.0,0.0,0.0,0
engine_step_start,1780280967.4437032,1780280967.4437032,1780280967.4557517,12.048482894897461,decode,1,0,451641,0.0,0.0,0.0,0.0,0.0,0
engine_step_start,1780280967.4437532,1780280967.4437532,1780280967.4563477,12.594461441040039,decode,0,0,451640,0.0,0.0,0.0,0.0,0.0,0
engine_step_start,1780280967.455756,1780280967.455756,1780280967.4679034,12.14742660522461,decode,1,0,451641,0.0,0.0,0.0,0.0,0.0,0
engine_step_start,1780280967.4563656,1780280967.4563656,1780280967.4679642,11.598587036132812,decode,0,0,451640,0.0,0.0,0.0,0.0,0.0,0
engine_step_start,1780280967.467908,1780280967.467908,1780280967.4799955,12.087583541870117,decode,1,0,451641,0.0,0.0,0.0,0.0,0.0,0
engine_step_start,1780280967.4679708,1780280967.4679708,1780280967.4801738,12.202978134155273,decode,0,0,451640,0.0,0.0,0.0,0.0,0.0,0
engine_step_start,1780280967.4800005,1780280967.4800005,1780280967.4921188,12.118339538574219,decode,1,0,451641,0.0,0.0,0.0,0.0,0.0,0
engine_step_start,1780280967.4801807,1780280967.4801807,1780280967.4921691,11.988401412963867,decode,0,0,451640,0.0,0.0,0.0,0.0,0.0,0
engine_step_start,1780280967.4921234,1780280967.4921234,1780280967.504302,12.178659439086914,decode,1,0,451641,0.0,0.0,0.0,0.0,0.0,0
engine_step_start,1780280967.4921758,1780280967.4921758,1780280967.5043442,12.168407440185547,decode,0,0,451640,0.0,0.0,0.0,0.0,0.0,0
engine_step_start,1780280967.504306,1780280967.504306,1780280967.5163755,12.069463729858398,decode,1,0,451641,0.0,0.0,0.0,0.0,0.0,0
engine_step_start,1780280967.504351,1780280967.504351,1780280967.5165386,12.187719345092773,decode,0,0,451640,0.0,0.0,0.0,0.0,0.0,0
engine_step_start,1780280967.5163815,1780280967.5163815,1780280967.5285802,12.198686599731445,decode,1,0,451641,0.0,0.0,0.0,0.0,0.0,0
engine_step_start,1780280967.5165448,1780280967.5165448,1780280967.5287292,12.184381484985352,decode,0,0,451640,0.0,0.0,0.0,0.0,0.0,0
engine_step_start,1780280967.5285852,1780280967.5285852,1780280967.5407596,12.174367904663086,decode,1,0,451641,0.0,0.0,0.0,0.0,0.0,0
engine_step_start,1780280967.5287466,1780280967.5287466,1780280967.5408397,12.093067169189453,decode,0,0,451640,0.0,0.0,0.0,0.0,0.0,0
engine_step_start,1780280967.5407708,1780280967.5407708,1780280967.5529742,12.203454971313477,decode,1,0,451641,0.0,0.0,0.0,0.0,0.0,0
engine_step_start,1780280967.540846,1780280967.540846,1780280967.553014,12.167930603027344,decode,0,0,451640,0.0,0.0,0.0,0.0,0.0,0
engine_step_start,1780280967.5529785,1780280967.5529785,1780280967.5652225,12.243986129760742,decode,1,0,451641,0.0,0.0,0.0,0.0,0.0,0
engine_step_start,1780280967.5530288,1780280967.5530288,1780280967.5652509,12.222051620483398,decode,0,0,451640,0.0,0.0,0.0,0.0,0.0,0
engine_step_start,1780280967.5652308,1780280967.5652308,1780280967.5774095,12.178659439086914,decode,1,0,451641,0.0,0.0,0.0,0.0,0.0,0
engine_step_start,1780280967.565257,1780280967.565257,1780280967.5775406,12.283563613891602,decode,0,0,451640,0.0,0.0,0.0,0.0,0.0,0
engine_step_start,1780280967.577416,1780280967.577416,1780280967.5896997,12.283802032470703,decode,1,0,451641,0.0,0.0,0.0,0.0,0.0,0
engine_step_start,1780280967.5775468,1780280967.5775468,1780280967.5897875,12.24064826965332,decode,0,0,451640,0.0,0.0,0.0,0.0,0.0,0
engine_step_start,1780280967.5897043,1780280967.5897043,1780280967.6019452,12.240886688232422,decode,1,0,451641,0.0,0.0,0.0,0.0,0.0,0
engine_step_start,1780280967.589803,1780280967.589803,1780280967.6018968,12.093782424926758,decode,0,0,451640,0.0,0.0,0.0,0.0,0.0,0
engine_step_start,1780280967.601903,1780280967.601903,1780280967.614137,12.233972549438477,decode,0,0,451640,0.0,0.0,0.0,0.0,0.0,0
engine_step_start,1780280967.6019497,1780280967.6019497,1780280967.6141727,12.223005294799805,decode,1,0,451641,0.0,0.0,0.0,0.0,0.0,0
engine_step_start,1780280967.614143,1780280967.614143,1780280967.6264887,12.34579086303711,decode,0,0,451640,0.0,0.0,0.0,0.0,0.0,0
engine_step_start,1780280967.614178,1780280967.614178,1780280967.6263173,12.139320373535156,decode,1,0,451641,0.0,0.0,0.0,0.0,0.0,0
engine_step_start,1780280967.6263223,1780280967.6263223,1780280967.6385221,12.199878692626953,decode,1,0,451641,0.0,0.0,0.0,0.0,0.0,0
engine_step_start,1780280967.626503,1780280967.626503,1780280967.6385682,12.06517219543457,decode,0,0,451640,0.0,0.0,0.0,0.0,0.0,0
engine_step_start,1780280967.638527,1780280967.638527,1780280967.6508365,12.309551239013672,decode,1,0,451641,0.0,0.0,0.0,0.0,0.0,0
engine_step_start,1780280967.6385748,1780280967.6385748,1780280967.6508443,12.26949691772461,decode,0,0,451640,0.0,0.0,0.0,0.0,0.0,0
engine_step_start,1780280967.650842,1780280967.650842,1780280967.6631134,12.271404266357422,decode,1,0,451641,4.981040954589844,0.4059063532154653,4.981040954589844,0.4059063532154653,1.0,1
engine_step_start,1780280967.6508765,1780280967.6508765,1780280967.6631355,12.25900650024414,decode,0,0,451640,4.981040954589844,0.406316854019993,4.981040954589844,0.406316854019993,1.0,1
engine_step_start,1780280967.6631212,1780280967.6631212,1780280967.6751976,12.076377868652344,decode,1,0,451641,0.0,0.0,0.0,0.0,0.0,0
engine_step_start,1780280967.66315,1780280967.66315,1780280967.675266,12.115955352783203,decode,0,0,451640,0.0,0.0,0.0,0.0,0.0,0
engine_step_start,1780280967.6752024,1780280967.6752024,1780280967.6874235,12.221097946166992,decode,1,0,451641,0.0,0.0,0.0,0.0,0.0,0
engine_step_start,1780280967.675273,1780280967.675273,1780280967.6874483,12.175321578979492,decode,0,0,451640,0.0,0.0,0.0,0.0,0.0,0
engine_step_start,1780280967.6874285,1780280967.6874285,1780280967.6996703,12.241840362548828,decode,1,0,451641,0.0,0.0,0.0,0.0,0.0,0
engine_step_start,1780280967.6874623,1780280967.6874623,1780280967.6996756,12.21323013305664,decode,0,0,451640,0.0,0.0,0.0,0.0,0.0,0
engine_step_start,1780280967.699676,1780280967.699676,1780280967.7118552,12.179136276245117,decode,1,0,451641,0.0,0.0,0.0,0.0,0.0,0
engine_step_start,1780280967.699682,1780280967.699682,1780280967.7118409,12.158870697021484,decode,0,0,451640,0.0,0.0,0.0,0.0,0.0,0
engine_step_start,1780280967.7118473,1780280967.7118473,1780280967.7240686,12.221336364746094,decode,0,0,451640,0.0,0.0,0.0,0.0,0.0,0
engine_step_start,1780280967.7118607,1780280967.7118607,1780280967.724125,12.264251708984375,decode,1,0,451641,0.0,0.0,0.0,0.0,0.0,0
engine_step_start,1780280967.724075,1780280967.724075,1780280967.736427,12.35198974609375,decode,0,0,451640,0.0,0.0,0.0,0.0,0.0,0
engine_step_start,1780280967.7241337,1780280967.7241337,1780280967.7363997,12.265920639038086,decode,1,0,451641,0.0,0.0,0.0,0.0,0.0,0
engine_step_start,1780280967.7364054,1780280967.7364054,1780280967.7487035,12.298107147216797,decode,1,0,451641,9.707927703857422,0.7893838936062968,9.707927703857422,0.7893838936062968,1.0,1
engine_step_start,1780280967.7364433,1780280967.7364433,1780280967.7486591,12.215852737426758,decode,0,0,451640,9.663581848144531,0.7910689540761559,9.663581848144531,0.7910689540761559,1.0,1
engine_step_start,1780280967.7491689,1780280967.7491689,1780280967.760972,11.803150177001953,decode,0,0,451640,2.638578414916992,0.22354866076839172,2.638578414916992,0.22354866076839172,1.0,1
engine_step_start,1780280967.749192,1780280967.749192,1780280967.7609084,11.716365814208984,decode,1,0,451641,2.6154518127441406,0.22323063774368157,2.6154518127441406,0.22323063774368157,1.0,1
engine_step_start,1780280967.7609136,1780280967.7609136,1780280967.7731252,12.21156120300293,decode,1,0,451641,9.492635726928711,0.7773482496729729,9.492635726928711,0.7773482496729729,1.0,1
engine_step_start,1780280967.7609892,1780280967.7609892,1780280967.7733195,12.330293655395508,decode,0,0,451640,9.686946868896484,0.7856217491347139,9.686946868896484,0.7856217491347139,1.0,1
engine_step_start,1780280967.7731304,1780280967.7731304,1780280967.78546,12.329578399658203,decode,1,0,451641,2.9571056365966797,0.2398383416482964,2.9571056365966797,0.2398383416482964,1.0,1
engine_step_start,1780280967.773343,1780280967.773343,1780280967.7854643,12.121200561523438,decode,0,0,451640,2.744436264038086,0.2264162077104642,2.744436264038086,0.2264162077104642,1.0,1
engine_step_start,1780280967.7854655,1780280967.7854655,1780280967.7977958,12.330293655395508,decode,1,0,451641,0.0,0.0,0.0,0.0,0.0,0
engine_step_start,1780280967.785479,1780280967.785479,1780280967.7976851,12.206077575683594,decode,0,0,451640,0.0,0.0,0.0,0.0,0.0,0
engine_step_start,1780280967.7976933,1780280967.7976933,1780280967.80988,12.186765670776367,decode,0,0,451640,0.0,0.0,0.0,0.0,0.0,0
engine_step_start,1780280967.797809,1780280967.797809,1780280967.8099582,12.149333953857422,decode,1,0,451641,0.0,0.0,0.0,0.0,0.0,0
engine_step_start,1780280967.809894,1780280967.809894,1780280967.8221636,12.26949691772461,decode,0,0,451640,0.0,0.0,0.0,0.0,0.0,0
engine_step_start,1780280967.8099635,1780280967.8099635,1780280967.8221562,12.192726135253906,decode,1,0,451641,0.0,0.0,0.0,0.0,0.0,0
engine_step_start,1780280967.8221624,1780280967.8221624,1780280967.834233,12.070655822753906,decode,1,0,451641,0.0,0.0,0.0,0.0,0.0,0
engine_step_start,1780280967.8221703,1780280967.8221703,1780280967.8343806,12.210369110107422,decode,0,0,451640,0.0,0.0,0.0,0.0,0.0,0
engine_step_start,1780280967.8342373,1780280967.8342373,1780280967.8465586,12.321233749389648,decode,1,0,451641,9.459972381591797,0.7677780142804621,9.459972381591797,0.7677780142804621,1.0,1
engine_step_start,1780280967.8343976,1780280967.8343976,1780280967.8466017,12.204170227050781,decode,0,0,451640,9.50312614440918,0.7786785965460655,9.50312614440918,0.7786785965460655,1.0,1
engine_step_start,1780280967.8465636,1780280967.8465636,1780280967.8682625,21.698951721191406,decode,1,0,451641,21.698951721191406,1.0,21.698951721191406,1.0,1.0,1
engine_step_start,1780280967.8466163,1780280967.8466163,1780280967.8682802,21.663904190063477,decode,0,0,451640,21.663904190063477,1.0,21.663904190063477,1.0,1.0,1
engine_step_start,1780280967.8682668,1780280967.8682668,1780280967.8804908,12.223958969116211,decode,1,0,451641,16.435861587524414,1.3445612529500108,12.223958969116211,1.0,1.3445612529500108,2
engine_step_start,1780280967.8682933,1780280967.8682933,1780280967.880628,12.334823608398438,decode,0,0,451640,16.54672622680664,1.341464357507345,12.334823608398438,1.0,1.341464357507345,2
engine_step_start,1780280967.880495,1780280967.880495,1780280967.8926153,12.120246887207031,decode,1,0,451641,2.6955604553222656,0.22240144779290266,2.6955604553222656,0.22240144779290266,1.0,1
engine_step_start,1780280967.8806438,1780280967.8806438,1780280967.8927765,12.132644653320312,decode,0,0,451640,2.5467872619628906,0.20991196352774721,2.5467872619628906,0.20991196352774721,1.0,1
engine_step_start,1780280967.8926194,1780280967.8926194,1780280967.9048946,12.275218963623047,decode,1,0,451641,0.0,0.0,0.0,0.0,0.0,0
engine_step_start,1780280967.8927827,1780280967.8927827,1780280967.9049265,12.143850326538086,decode,0,0,451640,0.0,0.0,0.0,0.0,0.0,0
engine_step_start,1780280967.9048998,1780280967.9048998,1780280967.9170437,12.143850326538086,decode,1,0,451641,0.0,0.0,0.0,0.0,0.0,0
engine_step_start,1780280967.9049406,1780280967.9049406,1780280967.9171548,12.214183807373047,decode,0,0,451640,0.0,0.0,0.0,0.0,0.0,0
engine_step_start,1780280967.917049,1780280967.917049,1780280967.9293444,12.29548454284668,decode,1,0,451641,0.0,0.0,0.0,0.0,0.0,0
engine_step_start,1780280967.9171696,1780280967.9171696,1780280967.9293914,12.221813201904297,decode,0,0,451640,0.0,0.0,0.0,0.0,0.0,0
engine_step_start,1780280967.929371,1780280967.929371,1780280967.941508,12.13693618774414,decode,1,0,451641,10.311365127563477,0.8495855105488548,9.877443313598633,0.81383333988135,1.0439305800284824,2
engine_step_start,1780280967.9294076,1780280967.9294076,1780280967.9415555,12.147903442382812,decode,0,0,451640,10.358810424804688,0.8527241325168786,9.924888610839844,0.817004239284032,1.0437205726914576,2
engine_step_start,1780280967.94152,1780280967.94152,1780280967.953771,12.251138687133789,decode,1,0,451641,12.251138687133789,1.0,12.251138687133789,1.0,1.0,1
engine_step_start,1780280967.941569,1780280967.941569,1780280967.9537435,12.174367904663086,decode,0,0,451640,12.174367904663086,1.0,12.174367904663086,1.0,1.0,1
engine_step_start,1780280967.9537504,1780280967.9537504,1780280967.9658396,12.089252471923828,decode,0,0,451640,2.4743080139160156,0.20467005877016525,2.4743080139160156,0.20467005877016525,1.0,1
engine_step_start,1780280967.953776,1780280967.953776,1780280967.965849,12.073040008544922,decode,1,0,451641,2.4487972259521484,0.20283186539752754,2.4487972259521484,0.20283186539752754,1.0,1
engine_step_start,1780280967.965853,1780280967.965853,1780280967.978065,12.212038040161133,decode,0,0,451640,0.0,0.0,0.0,0.0,0.0,0
engine_step_start,1780280967.9658542,1780280967.9658542,1780280967.9780188,12.164592742919922,decode,1,0,451641,0.0,0.0,0.0,0.0,0.0,0
engine_step_start,1780280967.9780238,1780280967.9780238,1780280967.9902592,12.235403060913086,decode,1,0,451641,9.64045524597168,0.7879148073812818,9.64045524597168,0.7879148073812818,1.0,1
engine_step_start,1780280967.9780807,1780280967.9780807,1780280967.9903312,12.250423431396484,decode,0,0,451640,9.712457656860352,0.792826281577206,9.712457656860352,0.792826281577206,1.0,1
engine_step_start,1780280967.99027,1780280967.99027,1780280968.002448,12.178182601928711,decode,1,0,451641,2.750873565673828,0.22588539321443254,2.750873565673828,0.22588539321443254,1.0,1
engine_step_start,1780280967.9903543,1780280967.9903543,1780280968.0025973,12.243032455444336,decode,0,0,451640,2.666473388671875,0.21779517438803528,2.666473388671875,0.21779517438803528,1.0,1
engine_step_start,1780280968.002453,1780280968.002453,1780280968.0147848,12.331724166870117,decode,1,0,451641,0.0,0.0,0.0,0.0,0.0,0
engine_step_start,1780280968.0026052,1780280968.0026052,1780280968.0147758,12.170553207397461,decode,0,0,451640,0.0,0.0,0.0,0.0,0.0,0
engine_step_start,1780280968.0147898,1780280968.0147898,1780280968.0267754,11.985540390014648,decode,1,0,451641,9.03463363647461,0.7537944341668159,9.03463363647461,0.7537944341668159,1.0,1
engine_step_start,1780280968.014792,1780280968.014792,1780280968.0268269,12.034893035888672,decode,0,0,451640,9.086132049560547,0.754982368556599,9.086132049560547,0.754982368556599,1.0,1
engine_step_start,1780280968.0267804,1780280968.0267804,1780280968.0390933,12.312889099121094,decode,1,0,451641,12.312889099121094,1.0,12.312889099121094,1.0,1.0,1
engine_step_start,1780280968.0268414,1780280968.0268414,1780280968.039206,12.364625930786133,decode,0,0,451640,12.364625930786133,1.0,12.364625930786133,1.0,1.0,1
engine_step_start,1780280968.0390973,1780280968.0390973,1780280968.0512784,12.18104362487793,decode,1,0,451641,2.811431884765625,0.23080385977960893,2.811431884765625,0.23080385977960893,1.0,1
engine_step_start,1780280968.0392158,1780280968.0392158,1780280968.051298,12.082099914550781,decode,0,0,451640,2.6929378509521484,0.22288657352592944,2.6929378509521484,0.22288657352592944,1.0,1
engine_step_start,1780280968.0512824,1780280968.0512824,1780280968.0634046,12.122154235839844,decode,1,0,451641,0.0,0.0,0.0,0.0,0.0,0
engine_step_start,1780280968.051305,1780280968.051305,1780280968.0637405,12.435436248779297,decode,0,0,451640,0.0,0.0,0.0,0.0,0.0,0
engine_step_start,1780280968.0634089,1780280968.0634089,1780280968.0757167,12.307882308959961,decode,1,0,451641,0.0,0.0,0.0,0.0,0.0,0
engine_step_start,1780280968.063757,1780280968.063757,1780280968.0756922,11.935234069824219,decode,0,0,451640,0.0,0.0,0.0,0.0,0.0,0
engine_step_start,1780280968.0757055,1780280968.0757055,1780280968.0879433,12.237787246704102,decode,0,0,451640,0.0,0.0,0.0,0.0,0.0,0
engine_step_start,1780280968.0757217,1780280968.0757217,1780280968.0878248,12.103080749511719,decode,1,0,451641,0.0,0.0,0.0,0.0,0.0,0
engine_step_start,1780280968.0878303,1780280968.0878303,1780280968.1001067,12.276411056518555,decode,1,0,451641,0.0,0.0,0.0,0.0,0.0,0
engine_step_start,1780280968.0879493,1780280968.0879493,1780280968.1001573,12.207984924316406,decode,0,0,451640,0.0,0.0,0.0,0.0,0.0,0
engine_step_start,1780280968.1001112,1780280968.1001112,1780280968.1123016,12.19034194946289,decode,1,0,451641,0.0,0.0,0.0,0.0,0.0,0
engine_step_start,1780280968.1001632,1780280968.1001632,1780280968.112293,12.129783630371094,decode,0,0,451640,0.0,0.0,0.0,0.0,0.0,0
engine_step_start,1780280968.1122992,1780280968.1122992,1780280968.1245604,12.261152267456055,decode,0,0,451640,0.0,0.0,0.0,0.0,0.0,0
engine_step_start,1780280968.112306,1780280968.112306,1780280968.124458,12.151956558227539,decode,1,0,451641,0.0,0.0,0.0,0.0,0.0,0
engine_step_start,1780280968.124463,1780280968.124463,1780280968.1366677,12.204647064208984,decode,1,0,451641,0.0,0.0,0.0,0.0,0.0,0
engine_step_start,1780280968.1245663,1780280968.1245663,1780280968.1367807,12.214422225952148,decode,0,0,451640,0.0,0.0,0.0,0.0,0.0,0
engine_step_start,1780280968.1366732,1780280968.1366732,1780280968.1489675,12.294292449951172,decode,1,0,451641,0.0,0.0,0.0,0.0,0.0,0
engine_step_start,1780280968.1367867,1780280968.1367867,1780280968.1489542,12.16745376586914,decode,0,0,451640,0.0,0.0,0.0,0.0,0.0,0
engine_step_start,1780280968.1493666,1780280968.1493666,1780280968.1610336,11.667013168334961,decode,0,0,451640,0.0,0.0,0.0,0.0,0.0,0
engine_step_start,1780280968.1493783,1780280968.1493783,1780280968.1610584,11.680126190185547,decode,1,0,451641,0.0,0.0,0.0,0.0,0.0,0
engine_step_start,1780280968.1610403,1780280968.1610403,1780280968.1732938,12.253522872924805,decode,0,0,451640,0.0,0.0,0.0,0.0,0.0,0
engine_step_start,1780280968.1610634,1780280968.1610634,1780280968.1732864,12.223005294799805,decode,1,0,451641,0.0,0.0,0.0,0.0,0.0,0
engine_step_start,1780280968.1732907,1780280968.1732907,1780280968.1853545,12.063741683959961,decode,1,0,451641,0.0,0.0,0.0,0.0,0.0,0
engine_step_start,1780280968.1733005,1780280968.1733005,1780280968.1853945,12.09402084350586,decode,0,0,451640,0.0,0.0,0.0,0.0,0.0,0
engine_step_start,1780280968.1853595,1780280968.1853595,1780280968.1973822,12.022733688354492,decode,1,0,451641,0.0,0.0,0.0,0.0,0.0,0
engine_step_start,1780280968.185401,1780280968.185401,1780280968.1975656,12.164592742919922,decode,0,0,451640,0.0,0.0,0.0,0.0,0.0,0
engine_step_start,1780280968.1973867,1780280968.1973867,1780280968.2095664,12.17961311340332,decode,1,0,451641,0.0,0.0,0.0,0.0,0.0,0
engine_step_start,1780280968.1975713,1780280968.1975713,1780280968.2096424,12.07113265991211,decode,0,0,451640,0.0,0.0,0.0,0.0,0.0,0
engine_step_start,1780280968.2095706,1780280968.2095706,1780280968.2217221,12.151479721069336,decode,1,0,451641,0.0,0.0,0.0,0.0,0.0,0
engine_step_start,1780280968.2096486,1780280968.2096486,1780280968.2217433,12.094736099243164,decode,0,0,451640,0.0,0.0,0.0,0.0,0.0,0
engine_step_start,1780280968.221728,1780280968.221728,1780280968.2337728,12.044668197631836,decode,1,0,451641,0.0,0.0,0.0,0.0,0.0,0
engine_step_start,1780280968.22175,1780280968.22175,1780280968.2338529,12.102842330932617,decode,0,0,451640,0.0,0.0,0.0,0.0,0.0,0
engine_step_start,1780280968.2337787,1780280968.2337787,1780280968.2458282,12.049436569213867,decode,1,0,451641,0.0,0.0,0.0,0.0,0.0,0
engine_step_start,1780280968.2338593,1780280968.2338593,1780280968.2458656,12.006282806396484,decode,0,0,451640,0.0,0.0,0.0,0.0,0.0,0
engine_step_start,1780280968.2458334,1780280968.2458334,1780280968.2578576,12.024164199829102,decode,1,0,451641,0.598907470703125,0.04980865703011917,0.598907470703125,0.04980865703011917,1.0,1
engine_step_start,1780280968.2458823,1780280968.2458823,1780280968.257885,12.002706527709961,decode,0,0,451640,0.598907470703125,0.049897701765886024,0.598907470703125,0.049897701765886024,1.0,1
engine_step_start,1780280968.2578628,1780280968.2578628,1780280968.269828,11.965274810791016,decode,1,0,451641,0.0,0.0,0.0,0.0,0.0,0
engine_step_start,1780280968.2579,1780280968.2579,1780280968.2699368,12.036800384521484,decode,0,0,451640,0.0,0.0,0.0,0.0,0.0,0
engine_step_start,1780280968.2698324,1780280968.2698324,1780280968.2819197,12.087345123291016,decode,1,0,451641,0.0,0.0,0.0,0.0,0.0,0
engine_step_start,1780280968.2699432,1780280968.2699432,1780280968.2820373,12.09402084350586,decode,0,0,451640,0.0,0.0,0.0,0.0,0.0,0
engine_step_start,1780280968.2819257,1780280968.2819257,1780280968.29417,12.244224548339844,decode,1,0,451641,0.0,0.0,0.0,0.0,0.0,0
engine_step_start,1780280968.282053,1780280968.282053,1780280968.294155,12.101888656616211,decode,0,0,451640,0.0,0.0,0.0,0.0,0.0,0
engine_step_start,1780280968.2941613,1780280968.2941613,1780280968.306283,12.12167739868164,decode,0,0,451640,0.0,0.0,0.0,0.0,0.0,0
engine_step_start,1780280968.294175,1780280968.294175,1780280968.3062363,12.061357498168945,decode,1,0,451641,0.0,0.0,0.0,0.0,0.0,0
engine_step_start,1780280968.30625,1780280968.30625,1780280968.3183796,12.129545211791992,decode,1,0,451641,9.506940841674805,0.7837837837837838,9.506940841674805,0.7837837837837838,1.0,1
engine_step_start,1780280968.3062994,1780280968.3062994,1780280968.3183756,12.076139450073242,decode,0,0,451640,9.502887725830078,0.7869143748395886,9.502887725830078,0.7869143748395886,1.0,1
engine_step_start,1780280968.3183844,1780280968.3183844,1780280968.3305566,12.172222137451172,decode,1,0,451641,2.495288848876953,0.20499862890273043,2.495288848876953,0.20499862890273043,1.0,1
engine_step_start,1780280968.3183897,1780280968.3183897,1780280968.3305168,12.127161026000977,decode,0,0,451640,2.4900436401367188,0.20532782856581147,2.4900436401367188,0.20532782856581147,1.0,1
engine_step_start,1780280968.330524,1780280968.330524,1780280968.3426456,12.12167739868164,decode,0,0,451640,0.0,0.0,0.0,0.0,0.0,0
engine_step_start,1780280968.3305619,1780280968.3305619,1780280968.3427043,12.142419815063477,decode,1,0,451641,0.0,0.0,0.0,0.0,0.0,0
engine_step_start,1780280968.342652,1780280968.342652,1780280968.3548133,12.1612548828125,decode,0,0,451640,0.0,0.0,0.0,0.0,0.0,0
engine_step_start,1780280968.3427188,1780280968.3427188,1780280968.354767,12.04824447631836,decode,1,0,451641,0.0,0.0,0.0,0.0,0.0,0
engine_step_start,1780280968.3547716,1780280968.3547716,1780280968.3669987,12.227058410644531,decode,1,0,451641,0.0,0.0,0.0,0.0,0.0,0
engine_step_start,1780280968.3548267,1780280968.3548267,1780280968.3670282,12.201547622680664,decode,0,0,451640,0.0,0.0,0.0,0.0,0.0,0
engine_step_start,1780280968.3670042,1780280968.3670042,1780280968.3790598,12.055635452270508,decode,1,0,451641,0.0,0.0,0.0,0.0,0.0,0
engine_step_start,1780280968.367035,1780280968.367035,1780280968.3791914,12.156486511230469,decode,0,0,451640,0.0,0.0,0.0,0.0,0.0,0
engine_step_start,1780280968.379064,1780280968.379064,1780280968.3912272,12.163162231445312,decode,1,0,451641,0.0,0.0,0.0,0.0,0.0,0
engine_step_start,1780280968.3791976,1780280968.3791976,1780280968.3913665,12.16888427734375,decode,0,0,451640,0.0,0.0,0.0,0.0,0.0,0
engine_step_start,1780280968.391232,1780280968.391232,1780280968.4034371,12.205123901367188,decode,1,0,451641,0.0,0.0,0.0,0.0,0.0,0
engine_step_start,1780280968.391373,1780280968.391373,1780280968.4035447,12.171745300292969,decode,0,0,451640,0.0,0.0,0.0,0.0,0.0,0
engine_step_start,1780280968.4034538,1780280968.4034538,1780280968.4155638,12.109994888305664,decode,1,0,451641,8.99815559387207,0.743035457641801,8.99815559387207,0.743035457641801,1.0,1
engine_step_start,1780280968.4035509,1780280968.4035509,1780280968.415538,11.98720932006836,decode,0,0,451640,8.972406387329102,0.7484983491785672,8.972406387329102,0.7484983491785672,1.0,1
engine_step_start,1780280968.415544,1780280968.415544,1780280968.4311082,15.564203262329102,decode,0,0,451640,15.564203262329102,1.0,15.564203262329102,1.0,1.0,1
engine_step_start,1780280968.4155762,1780280968.4155762,1780280968.4311473,15.571117401123047,decode,1,0,451641,15.571117401123047,1.0,15.571117401123047,1.0,1.0,1
engine_step_start,1780280968.4311142,1780280968.4311142,1780280968.4431658,12.051582336425781,decode,0,0,451640,2.630472183227539,0.21826778507557174,2.630472183227539,0.21826778507557174,1.0,1
engine_step_start,1780280968.4311533,1780280968.4311533,1780280968.4431567,12.003421783447266,decode,1,0,451641,2.591371536254883,0.21588606840662614,2.591371536254883,0.21588606840662614,1.0,1
engine_step_start,1780280968.4431615,1780280968.4431615,1780280968.455321,12.159585952758789,decode,1,0,451641,0.0,0.0,0.0,0.0,0.0,0
engine_step_start,1780280968.4431727,1780280968.4431727,1780280968.4553785,12.205839157104492,decode,0,0,451640,0.0,0.0,0.0,0.0,0.0,0
engine_step_start,1780280968.4553268,1780280968.4553268,1780280968.4675405,12.213706970214844,decode,1,0,451641,9.563922882080078,0.7830483329429219,9.563922882080078,0.7830483329429219,1.0,1
engine_step_start,1780280968.4553952,1780280968.4553952,1780280968.4674816,12.08639144897461,decode,0,0,451640,9.505033493041992,0.7864244289265002,9.505033493041992,0.7864244289265002,1.0,1
engine_step_start,1780280968.4674964,1780280968.4674964,1780280968.4798105,12.314081192016602,decode,0,0,451640,4.179239273071289,0.33938701620554124,3.894329071044922,0.31625007260547155,1.0731602791722787,2
engine_step_start,1780280968.4675624,1780280968.4675624,1780280968.4797065,12.144088745117188,decode,1,0,451641,4.113197326660156,0.33869954452646456,3.828287124633789,0.3152387309564944,1.0744223703057856,2
engine_step_start,1780280968.4797168,1780280968.4797168,1780280968.4919918,12.274980545043945,decode,1,0,451641,0.0,0.0,0.0,0.0,0.0,0
engine_step_start,1780280968.4798243,1780280968.4798243,1780280968.4919164,12.092113494873047,decode,0,0,451640,0.0,0.0,0.0,0.0,0.0,0
engine_step_start,1780280968.491923,1780280968.491923,1780280968.5041258,12.202739715576172,decode,0,0,451640,0.0,0.0,0.0,0.0,0.0,0
engine_step_start,1780280968.4919972,1780280968.4919972,1780280968.5040734,12.076139450073242,decode,1,0,451641,0.0,0.0,0.0,0.0,0.0,0
engine_step_start,1780280968.5040855,1780280968.5040855,1780280968.5161529,12.067317962646484,decode,1,0,451641,9.463310241699219,0.7842099023985458,9.463310241699219,0.7842099023985458,1.0,1
engine_step_start,1780280968.5041497,1780280968.5041497,1780280968.5162942,12.14456558227539,decode,0,0,451640,9.604692459106445,0.7908634025678275,9.604692459106445,0.7908634025678275,1.0,1
engine_step_start,1780280968.5161583,1780280968.5161583,1780280968.528295,12.136697769165039,decode,1,0,451641,12.136697769165039,1.0,12.136697769165039,1.0,1.0,1
engine_step_start,1780280968.516309,1780280968.516309,1780280968.5284204,12.111425399780273,decode,0,0,451640,12.111425399780273,1.0,12.111425399780273,1.0,1.0,1
engine_step_start,1780280968.5283008,1780280968.5283008,1780280968.540442,12.141227722167969,decode,1,0,451641,2.756834030151367,0.2270638598696096,2.756834030151367,0.2270638598696096,1.0,1
engine_step_start,1780280968.5284274,1780280968.5284274,1780280968.540466,12.038707733154297,decode,0,0,451640,2.6302337646484375,0.21848140373113636,2.6302337646484375,0.21848140373113636,1.0,1
engine_step_start,1780280968.54088,1780280968.54088,1780280968.5524807,11.600732803344727,decode,0,0,451640,0.0,0.0,0.0,0.0,0.0,0
engine_step_start,1780280968.5408995,1780280968.5408995,1780280968.5523312,11.431694030761719,decode,1,0,451641,0.0,0.0,0.0,0.0,0.0,0
engine_step_start,1780280968.552343,1780280968.552343,1780280968.5644,12.057065963745117,decode,1,0,451641,0.0,0.0,0.0,0.0,0.0,0
engine_step_start,1780280968.5524879,1780280968.5524879,1780280968.5644236,11.935710906982422,decode,0,0,451640,0.0,0.0,0.0,0.0,0.0,0
engine_step_start,1780280968.5644045,1780280968.5644045,1780280968.5766404,12.235879898071289,decode,1,0,451641,0.0,0.0,0.0,0.0,0.0,0
engine_step_start,1780280968.5644379,1780280968.5644379,1780280968.576513,12.075185775756836,decode,0,0,451640,0.0,0.0,0.0,0.0,0.0,0
engine_step_start,1780280968.5765195,1780280968.5765195,1780280968.5886114,12.091875076293945,decode,0,0,451640,0.0,0.0,0.0,0.0,0.0,0
engine_step_start,1780280968.576649,1780280968.576649,1780280968.5885727,11.923789978027344,decode,1,0,451641,0.0,0.0,0.0,0.0,0.0,0
engine_step_start,1780280968.5885909,1780280968.5885909,1780280968.6006093,12.018442153930664,decode,1,0,451641,9.44972038269043,0.7862683251006765,9.44972038269043,0.7862683251006765,1.0,1
engine_step_start,1780280968.5886178,1780280968.5886178,1780280968.6007557,12.137889862060547,decode,0,0,451640,9.596109390258789,0.7905912394421528,9.596109390258789,0.7905912394421528,1.0,1
engine_step_start,1780280968.6006224,1780280968.6006224,1780280968.6128902,12.267827987670898,decode,1,0,451641,14.494895935058594,1.181537265571859,12.267827987670898,1.0,1.181537265571859,2
engine_step_start,1780280968.6007822,1780280968.6007822,1780280968.6128452,12.063026428222656,decode,0,0,451640,14.290094375610352,1.1846193374970353,12.063026428222656,1.0,1.1846193374970353,2
engine_step_start,1780280968.6128595,1780280968.6128595,1780280968.6249807,12.121200561523438,decode,0,0,451640,2.418994903564453,0.19956726986624704,2.418994903564453,0.19956726986624704,1.0,1
engine_step_start,1780280968.6128986,1780280968.6128986,1780280968.6249378,12.0391845703125,decode,1,0,451641,2.379894256591797,0.19767902408111535,2.379894256591797,0.19767902408111535,1.0,1
engine_step_start,1780280968.6249537,1780280968.6249537,1780280968.6369548,12.00103759765625,decode,1,0,451641,4.743099212646484,0.39522409408773046,4.395008087158203,0.3662190082644628,1.0792014755343387,2
engine_step_start,1780280968.6249971,1780280968.6249971,1780280968.6369774,11.980295181274414,decode,0,0,451640,4.743099212646484,0.39590837628609526,4.395008087158203,0.3668530717029195,1.0792014755343387,2
engine_step_start,1780280968.6369686,1780280968.6369686,1780280968.6491172,12.148618698120117,decode,1,0,451641,0.0,0.0,0.0,0.0,0.0,0
engine_step_start,1780280968.6369915,1780280968.6369915,1780280968.6491091,12.117624282836914,decode,0,0,451640,0.0,0.0,0.0,0.0,0.0,0
engine_step_start,1780280968.6491156,1780280968.6491156,1780280968.661323,12.207508087158203,decode,0,0,451640,0.0,0.0,0.0,0.0,0.0,0
engine_step_start,1780280968.6491275,1780280968.6491275,1780280968.6612926,12.165069580078125,decode,1,0,451641,0.0,0.0,0.0,0.0,0.0,0
engine_step_start,1780280968.6613038,1780280968.6613038,1780280968.6735306,12.22681999206543,decode,1,0,451641,0.0,0.0,0.0,0.0,0.0,0
engine_step_start,1780280968.661345,1780280968.661345,1780280968.6735814,12.236356735229492,decode,0,0,451640,0.0,0.0,0.0,0.0,0.0,0
engine_step_start,1780280968.673535,1780280968.673535,1780280968.6857572,12.222051620483398,decode,1,0,451641,0.0,0.0,0.0,0.0,0.0,0
engine_step_start,1780280968.6735876,1780280968.6735876,1780280968.685735,12.14742660522461,decode,0,0,451640,0.0,0.0,0.0,0.0,0.0,0
engine_step_start,1780280968.6857412,1780280968.6857412,1780280968.6978822,12.140989303588867,decode,0,0,451640,0.0,0.0,0.0,0.0,0.0,0
engine_step_start,1780280968.6857624,1780280968.6857624,1780280968.6978424,12.079954147338867,decode,1,0,451641,0.0,0.0,0.0,0.0,0.0,0
engine_step_start,1780280968.6978467,1780280968.6978467,1780280968.7100618,12.215137481689453,decode,1,0,451641,0.0,0.0,0.0,0.0,0.0,0
engine_step_start,1780280968.6978881,1780280968.6978881,1780280968.7102237,12.335538864135742,decode,0,0,451640,0.0,0.0,0.0,0.0,0.0,0
engine_step_start,1780280968.7100658,1780280968.7100658,1780280968.7223778,12.311935424804688,decode,1,0,451641,0.0,0.0,0.0,0.0,0.0,0
engine_step_start,1780280968.7102294,1780280968.7102294,1780280968.7223723,12.14289665222168,decode,0,0,451640,0.0,0.0,0.0,0.0,0.0,0
engine_step_start,1780280968.722378,1780280968.722378,1780280968.7346585,12.280464172363281,decode,0,0,451640,0.0,0.0,0.0,0.0,0.0,0
engine_step_start,1780280968.722383,1780280968.722383,1780280968.7347763,12.39323616027832,decode,1,0,451641,0.0,0.0,0.0,0.0,0.0,0
engine_step_start,1780280968.7346642,1780280968.7346642,1780280968.7466757,12.011528015136719,decode,0,0,451640,0.0,0.0,0.0,0.0,0.0,0
engine_step_start,1780280968.7347891,1780280968.7347891,1780280968.74673,11.940956115722656,decode,1,0,451641,0.0,0.0,0.0,0.0,0.0,0
engine_step_start,1780280968.7466824,1780280968.7466824,1780280968.7586434,11.960983276367188,decode,0,0,451640,0.0,0.0,0.0,0.0,0.0,0
engine_step_start,1780280968.7467353,1780280968.7467353,1780280968.7585595,11.82413101196289,decode,1,0,451641,0.0,0.0,0.0,0.0,0.0,0
engine_step_start,1780280968.7585647,1780280968.7585647,1780280968.7705243,11.959552764892578,decode,1,0,451641,9.02867317199707,0.7549340137953032,9.02867317199707,0.7549340137953032,1.0,1
engine_step_start,1780280968.7586608,1780280968.7586608,1780280968.7706692,12.008428573608398,decode,0,0,451640,9.17363166809082,0.7639327337343896,9.17363166809082,0.7639327337343896,1.0,1
engine_step_start,1780280968.77053,1780280968.77053,1780280968.7920153,21.485328674316406,decode,1,0,451641,21.485328674316406,1.0,21.485328674316406,1.0,1.0,1
engine_step_start,1780280968.7706857,1780280968.7706857,1780280968.7921674,21.481752395629883,decode,0,0,451640,21.481752395629883,1.0,21.481752395629883,1.0,1.0,1
engine_step_start,1780280968.7920325,1780280968.7920325,1780280968.8040974,12.064933776855469,decode,1,0,451641,33.387184143066406,2.7672911232313653,12.064933776855469,1.0,2.7672911232313653,4
engine_step_start,1780280968.792188,1780280968.792188,1780280968.8042052,12.017250061035156,decode,0,0,451640,33.555030822753906,2.792238711213396,12.017250061035156,1.0,2.792238711213396,4
engine_step_start,1780280968.804111,1780280968.804111,1780280968.816238,12.126922607421875,decode,1,0,451641,8.147001266479492,0.6718111041207927,2.815723419189453,0.2321877949040579,2.8933954276037257,3
engine_step_start,1780280968.8042192,1780280968.8042192,1780280968.8164358,12.216567993164062,decode,0,0,451640,7.822275161743164,0.6403005464480874,2.7074813842773438,0.22162373145979702,2.8891334977104615,3
engine_step_start,1780280968.8162522,1780280968.8162522,1780280968.8284457,12.193441390991211,decode,1,0,451641,9.490013122558594,0.7782883288035508,9.490013122558594,0.7782883288035508,1.0,1
engine_step_start,1780280968.816442,1780280968.816442,1780280968.8284316,11.989593505859375,decode,0,0,451640,9.475946426391602,0.790347597836462,9.475946426391602,0.790347597836462,1.0,1
engine_step_start,1780280968.8284454,1780280968.8284454,1780280968.8404121,11.966705322265625,decode,0,0,451640,2.7213096618652344,0.2274067580490915,2.7213096618652344,0.2274067580490915,1.0,1
engine_step_start,1780280968.8284578,1780280968.8284578,1780280968.840376,11.918067932128906,decode,1,0,451641,2.708911895751953,0.22729455069216611,2.708911895751953,0.22729455069216611,1.0,1
engine_step_start,1780280968.8403876,1780280968.8403876,1780280968.8525403,12.152671813964844,decode,1,0,451641,0.0,0.0,0.0,0.0,0.0,0
engine_step_start,1780280968.8404255,1780280968.8404255,1780280968.8525507,12.125253677368164,decode,0,0,451640,0.0,0.0,0.0,0.0,0.0,0
engine_step_start,1780280968.8525517,1780280968.8525517,1780280968.864585,12.033224105834961,decode,1,0,451641,0.0,0.0,0.0,0.0,0.0,0
engine_step_start,1780280968.8525572,1780280968.8525572,1780280968.8645804,12.023210525512695,decode,0,0,451640,0.0,0.0,0.0,0.0,0.0,0
engine_step_start,1780280968.8645866,1780280968.8645866,1780280968.8768582,12.271642684936523,decode,0,0,451640,0.0,0.0,0.0,0.0,0.0,0
engine_step_start,1780280968.8645964,1780280968.8645964,1780280968.8767726,12.176275253295898,decode,1,0,451641,0.0,0.0,0.0,0.0,0.0,0
engine_step_start,1780280968.8767786,1780280968.8767786,1780280968.888937,12.158393859863281,decode,1,0,451641,0.0,0.0,0.0,0.0,0.0,0
engine_step_start,1780280968.8768647,1780280968.8768647,1780280968.888907,12.04228401184082,decode,0,0,451640,0.0,0.0,0.0,0.0,0.0,0
engine_step_start,1780280968.8889132,1780280968.8889132,1780280968.9011495,12.236356735229492,decode,0,0,451640,0.0,0.0,0.0,0.0,0.0,0
engine_step_start,1780280968.888942,1780280968.888942,1780280968.9010506,12.108564376831055,decode,1,0,451641,0.0,0.0,0.0,0.0,0.0,0
engine_step_start,1780280968.901055,1780280968.901055,1780280968.9132795,12.224435806274414,decode,1,0,451641,0.0,0.0,0.0,0.0,0.0,0
engine_step_start,1780280968.9011557,1780280968.9011557,1780280968.913357,12.201309204101562,decode,0,0,451640,0.0,0.0,0.0,0.0,0.0,0
engine_step_start,1780280968.9132848,1780280968.9132848,1780280968.925457,12.172222137451172,decode,1,0,451641,0.0,0.0,0.0,0.0,0.0,0
engine_step_start,1780280968.9133635,1780280968.9133635,1780280968.9254456,12.082099914550781,decode,0,0,451640,0.0,0.0,0.0,0.0,0.0,0
engine_step_start,1780280968.9254599,1780280968.9254599,1780280968.9375515,12.091636657714844,decode,0,0,451640,0.0,0.0,0.0,0.0,0.0,0
engine_step_start,1780280968.925463,1780280968.925463,1780280968.9375572,12.094259262084961,decode,1,0,451641,0.0,0.0,0.0,0.0,0.0,0
engine_step_start,1780280968.9379869,1780280968.9379869,1780280968.9497435,11.756658554077148,decode,0,0,451640,9.038925170898438,0.7688345399606579,9.038925170898438,0.7688345399606579,1.0,1
engine_step_start,1780280968.9381905,1780280968.9381905,1780280968.9496715,11.481046676635742,decode,1,0,451641,8.966922760009766,0.7810196241304123,8.966922760009766,0.7810196241304123,1.0,1
engine_step_start,1780280968.9496853,1780280968.9496853,1780280968.9618552,12.169837951660156,decode,1,0,451641,12.618780136108398,1.0368897421832144,12.169837951660156,1.0,1.0368897421832144,2
engine_step_start,1780280968.949759,1780280968.949759,1780280968.9618275,12.068510055541992,decode,0,0,451640,12.517452239990234,1.0371994705545349,12.068510055541992,1.0,1.0371994705545349,2
engine_step_start,1780280968.961834,1780280968.961834,1780280968.9739504,12.116432189941406,decode,0,0,451640,2.8145313262939453,0.23229043683589137,2.8145313262939453,0.23229043683589137,1.0,1
engine_step_start,1780280968.961866,1780280968.961866,1780280968.973957,12.09115982055664,decode,1,0,451641,2.782583236694336,0.2301336908940332,2.782583236694336,0.2301336908940332,1.0,1
engine_step_start,1780280968.9739566,1780280968.9739566,1780280968.9862068,12.250185012817383,decode,0,0,451640,0.0,0.0,0.0,0.0,0.0,0
engine_step_start,1780280968.9739625,1780280968.9739625,1780280968.9860039,12.041330337524414,decode,1,0,451641,0.0,0.0,0.0,0.0,0.0,0
engine_step_start,1780280968.986015,1780280968.986015,1780280968.9982958,12.280702590942383,decode,1,0,451641,0.0,0.0,0.0,0.0,0.0,0
engine_step_start,1780280968.9862132,1780280968.9862132,1780280968.9982994,12.086153030395508,decode,0,0,451640,0.0,0.0,0.0,0.0,0.0,0
engine_step_start,1780280968.9983008,1780280968.9983008,1780280969.0104396,12.138843536376953,decode,1,0,451641,0.0,0.0,0.0,0.0,0.0,0
engine_step_start,1780280968.9983134,1780280968.9983134,1780280969.0104475,12.134075164794922,decode,0,0,451640,0.0,0.0,0.0,0.0,0.0,0
engine_step_start,1780280969.0104437,1780280969.0104437,1780280969.0226302,12.186527252197266,decode,1,0,451641,0.0,0.0,0.0,0.0,0.0,0
engine_step_start,1780280969.0104535,1780280969.0104535,1780280969.0226457,12.192249298095703,decode,0,0,451640,0.0,0.0,0.0,0.0,0.0,0
engine_step_start,1780280969.022636,1780280969.022636,1780280969.0347288,12.092828750610352,decode,1,0,451641,0.0,0.0,0.0,0.0,0.0,0
engine_step_start,1780280969.0226524,1780280969.0226524,1780280969.0347383,12.085914611816406,decode,0,0,451640,0.0,0.0,0.0,0.0,0.0,0
engine_step_start,1780280969.0347447,1780280969.0347447,1780280969.0468624,12.117624282836914,decode,0,0,451640,9.740591049194336,0.8038366945400885,9.740591049194336,0.8038366945400885,1.0,1
engine_step_start,1780280969.0347447,1780280969.0347447,1780280969.0468247,12.079954147338867,decode,1,0,451641,9.702920913696289,0.8032249787830343,9.702920913696289,0.8032249787830343,1.0,1
engine_step_start,1780280969.04684,1780280969.04684,1780280969.059669,12.829065322875977,decode,1,0,451641,15.402078628540039,1.2005612444014941,12.829065322875977,1.0,1.2005612444014941,2
engine_step_start,1780280969.0468783,1780280969.0468783,1780280969.0595884,12.710094451904297,decode,0,0,451640,15.28310775756836,1.2024385668730069,12.710094451904297,1.0,1.2024385668730069,2
engine_step_start,1780280969.0596027,1780280969.0596027,1780280969.0716486,12.045860290527344,decode,0,0,451640,5.604982376098633,0.46530361808249543,4.110097885131836,0.3412041801915921,1.363710192006497,2
engine_step_start,1780280969.0596914,1780280969.0596914,1780280969.0716817,11.99030876159668,decode,1,0,451641,5.516290664672852,0.46006243661887813,4.021406173706055,0.3353880415979002,1.3717317839568388,2
engine_step_start,1780280969.071655,1780280969.071655,1780280969.0837462,12.09115982055664,decode,0,0,451640,0.0,0.0,0.0,0.0,0.0,0
engine_step_start,1780280969.0716972,1780280969.0716972,1780280969.0837831,12.085914611816406,decode,1,0,451641,0.0,0.0,0.0,0.0,0.0,0
engine_step_start,1780280969.083763,1780280969.083763,1780280969.0959115,12.148618698120117,decode,0,0,451640,0.0,0.0,0.0,0.0,0.0,0
engine_step_start,1780280969.0837877,1780280969.0837877,1780280969.095867,12.079238891601562,decode,1,0,451641,0.0,0.0,0.0,0.0,0.0,0
engine_step_start,1780280969.0958798,1780280969.0958798,1780280969.108081,12.201309204101562,decode,1,0,451641,9.018421173095703,0.7391355322807566,9.018421173095703,0.7391355322807566,1.0,1
engine_step_start,1780280969.095928,1780280969.095928,1780280969.1080906,12.16268539428711,decode,0,0,451640,9.027957916259766,0.7422668287136864,9.027957916259766,0.7422668287136864,1.0,1
engine_step_start,1780280969.1080918,1780280969.1080918,1780280969.1200888,11.996984481811523,decode,1,0,451641,2.4988651275634766,0.20829110276436336,2.4988651275634766,0.20829110276436336,1.0,1
engine_step_start,1780280969.1081038,1780280969.1081038,1780280969.1202216,12.117862701416016,decode,0,0,451640,2.4869441986083984,0.20522960689410932,2.4869441986083984,0.20522960689410932,1.0,1
engine_step_start,1780280969.120094,1780280969.120094,1780280969.1322052,12.111186981201172,decode,1,0,451641,0.0,0.0,0.0,0.0,0.0,0
engine_step_start,1780280969.120228,1780280969.120228,1780280969.1322436,12.015581130981445,decode,0,0,451640,0.0,0.0,0.0,0.0,0.0,0
engine_step_start,1780280969.1322272,1780280969.1322272,1780280969.1442935,12.066364288330078,decode,1,0,451641,1.4328956604003906,0.11875123493380754,1.4328956604003906,0.11875123493380754,1.0,1
engine_step_start,1780280969.13225,1780280969.13225,1780280969.1442738,12.023687362670898,decode,0,0,451640,1.4328956604003906,0.11917273105827765,1.4328956604003906,0.11917273105827765,1.0,1
engine_step_start,1780280969.1442878,1780280969.1442878,1780280969.1564353,12.14742660522461,decode,0,0,451640,0.0,0.0,0.0,0.0,0.0,0
engine_step_start,1780280969.1443055,1780280969.1443055,1780280969.1564205,12.115001678466797,decode,1,0,451641,0.0,0.0,0.0,0.0,0.0,0
engine_step_start,1780280969.1564257,1780280969.1564257,1780280969.1685436,12.117862701416016,decode,1,0,451641,0.0,0.0,0.0,0.0,0.0,0
engine_step_start,1780280969.1564417,1780280969.1564417,1780280969.1685922,12.15052604675293,decode,0,0,451640,0.0,0.0,0.0,0.0,0.0,0
engine_step_start,1780280969.1685534,1780280969.1685534,1780280969.180694,12.140750885009766,decode,1,0,451641,0.0,0.0,0.0,0.0,0.0,0
engine_step_start,1780280969.1685991,1780280969.1685991,1780280969.180719,12.119770050048828,decode,0,0,451640,0.0,0.0,0.0,0.0,0.0,0
engine_step_start,1780280969.1806996,1780280969.1806996,1780280969.1928551,12.155532836914062,decode,1,0,451641,0.0,0.0,0.0,0.0,0.0,0
engine_step_start,1780280969.1807253,1780280969.1807253,1780280969.1929357,12.210369110107422,decode,0,0,451640,0.0,0.0,0.0,0.0,0.0,0
engine_step_start,1780280969.192862,1780280969.192862,1780280969.205027,12.165069580078125,decode,1,0,451641,0.0,0.0,0.0,0.0,0.0,0
engine_step_start,1780280969.1929417,1780280969.1929417,1780280969.2050736,12.131929397583008,decode,0,0,451640,0.0,0.0,0.0,0.0,0.0,0
engine_step_start,1780280969.2050312,1780280969.2050312,1780280969.2171261,12.094974517822266,decode,1,0,451641,0.0,0.0,0.0,0.0,0.0,0
engine_step_start,1780280969.20508,1780280969.20508,1780280969.2172303,12.150287628173828,decode,0,0,451640,0.0,0.0,0.0,0.0,0.0,0
engine_step_start,1780280969.217131,1780280969.217131,1780280969.2293131,12.182235717773438,decode,1,0,451641,0.0,0.0,0.0,0.0,0.0,0
engine_step_start,1780280969.2172365,1780280969.2172365,1780280969.2293668,12.130260467529297,decode,0,0,451640,0.0,0.0,0.0,0.0,0.0,0
engine_step_start,1780280969.2293243,1780280969.2293243,1780280969.2414145,12.090206146240234,decode,1,0,451641,9.611845016479492,0.7950108459869848,9.611845016479492,0.7950108459869848,1.0,1
engine_step_start,1780280969.2293828,1780280969.2293828,1780280969.2415702,12.187480926513672,decode,0,0,451640,9.767532348632812,0.8014398059391995,9.767532348632812,0.8014398059391995,1.0,1
engine_step_start,1780280969.2414196,1780280969.2414196,1780280969.2535403,12.120723724365234,decode,1,0,451641,12.120723724365234,1.0,12.120723724365234,1.0,1.0,1
engine_step_start,1780280969.241585,1780280969.241585,1780280969.2536066,12.021541595458984,decode,0,0,451640,12.021541595458984,1.0,12.021541595458984,1.0,1.0,1
engine_step_start,1780280969.2535455,1780280969.2535455,1780280969.2656665,12.120962142944336,decode,1,0,451641,2.540111541748047,0.20956352406616968,2.540111541748047,0.20956352406616968,1.0,1
engine_step_start,1780280969.2536135,1780280969.2536135,1780280969.265797,12.183427810668945,decode,0,0,451640,2.4721622467041016,0.20291188039373007,2.4721622467041016,0.20291188039373007,1.0,1
engine_step_start,1780280969.2656808,1780280969.2656808,1780280969.2778673,12.186527252197266,decode,1,0,451641,1.4500617980957031,0.11898892671283796,1.4500617980957031,0.11898892671283796,1.0,1
engine_step_start,1780280969.2658033,1780280969.2658033,1780280969.2778807,12.07733154296875,decode,0,0,451640,1.4500617980957031,0.12006475047378395,1.4500617980957031,0.12006475047378395,1.0,1
engine_step_start,1780280969.277878,1780280969.277878,1780280969.2900548,12.176752090454102,decode,1,0,451641,0.0,0.0,0.0,0.0,0.0,0
engine_step_start,1780280969.277887,1780280969.277887,1780280969.2901542,12.267112731933594,decode,0,0,451640,0.0,0.0,0.0,0.0,0.0,0
engine_step_start,1780280969.2900598,1780280969.2900598,1780280969.3021195,12.059688568115234,decode,1,0,451641,0.0,0.0,0.0,0.0,0.0,0
engine_step_start,1780280969.2901683,1780280969.2901683,1780280969.3022819,12.113571166992188,decode,0,0,451640,0.0,0.0,0.0,0.0,0.0,0
engine_step_start,1780280969.3021333,1780280969.3021333,1780280969.314258,12.124776840209961,decode,1,0,451641,0.0,0.0,0.0,0.0,0.0,0
engine_step_start,1780280969.3022954,1780280969.3022954,1780280969.314284,11.988639831542969,decode,0,0,451640,0.0,0.0,0.0,0.0,0.0,0
engine_step_start,1780280969.3142643,1780280969.3142643,1780280969.3263538,12.08949089050293,decode,1,0,451641,0.0,0.0,0.0,0.0,0.0,0
engine_step_start,1780280969.3143015,1780280969.3143015,1780280969.3263285,12.02702522277832,decode,0,0,451640,0.0,0.0,0.0,0.0,0.0,0
engine_step_start,1780280969.326797,1780280969.326797,1780280969.338348,11.5509033203125,decode,0,0,451640,0.0,0.0,0.0,0.0,0.0,0
engine_step_start,1780280969.326823,1780280969.326823,1780280969.3383229,11.499881744384766,decode,1,0,451641,0.0,0.0,0.0,0.0,0.0,0
engine_step_start,1780280969.3383281,1780280969.3383281,1780280969.3503313,12.003183364868164,decode,1,0,451641,0.0,0.0,0.0,0.0,0.0,0
engine_step_start,1780280969.3383558,1780280969.3383558,1780280969.3504188,12.063026428222656,decode,0,0,451640,0.0,0.0,0.0,0.0,0.0,0
engine_step_start,1780280969.3503518,1780280969.3503518,1780280969.3623178,11.96599006652832,decode,1,0,451641,9.505033493041992,0.794337404610572,9.505033493041992,0.794337404610572,1.0,1
engine_step_start,1780280969.3504333,1780280969.3504333,1780280969.3624206,11.98720932006836,decode,0,0,451640,9.607791900634766,0.8015036397629182,9.607791900634766,0.8015036397629182,1.0,1
engine_step_start,1780280969.3623297,1780280969.3623297,1780280969.3746521,12.322425842285156,decode,1,0,451641,12.322425842285156,1.0,12.322425842285156,1.0,1.0,1
engine_step_start,1780280969.3624275,1780280969.3624275,1780280969.3745985,12.171030044555664,decode,0,0,451640,12.171030044555664,1.0,12.171030044555664,1.0,1.0,1
engine_step_start,1780280969.3746052,1780280969.3746052,1780280969.386606,12.000799179077148,decode,0,0,451640,2.4995803833007812,0.20828449389093076,2.4995803833007812,0.20828449389093076,1.0,1
engine_step_start,1780280969.3746583,1780280969.3746583,1780280969.3865998,11.94143295288086,decode,1,0,451641,2.446413040161133,0.20486762768038974,2.446413040161133,0.20486762768038974,1.0,1
engine_step_start,1780280969.3866043,1780280969.3866043,1780280969.3986886,12.084245681762695,decode,1,0,451641,0.0,0.0,0.0,0.0,0.0,0
engine_step_start,1780280969.3866124,1780280969.3866124,1780280969.3986712,12.058734893798828,decode,0,0,451640,0.0,0.0,0.0,0.0,0.0,0
engine_step_start,1780280969.398677,1780280969.398677,1780280969.4108438,12.166738510131836,decode,0,0,451640,0.0,0.0,0.0,0.0,0.0,0
engine_step_start,1780280969.3986928,1780280969.3986928,1780280969.4107456,12.052774429321289,decode,1,0,451641,0.0,0.0,0.0,0.0,0.0,0
engine_step_start,1780280969.4107563,1780280969.4107563,1780280969.4229484,12.192010879516602,decode,1,0,451641,0.0,0.0,0.0,0.0,0.0,0
engine_step_start,1780280969.4108503,1780280969.4108503,1780280969.4229646,12.114286422729492,decode,0,0,451640,0.0,0.0,0.0,0.0,0.0,0
engine_step_start,1780280969.4229631,1780280969.4229631,1780280969.4350586,12.095451354980469,decode,1,0,451641,15.495061874389648,1.2810652053930458,9.734869003295898,0.8048371836316329,1.591707281232397,2
engine_step_start,1780280969.4229822,1780280969.4229822,1780280969.435091,12.108802795410156,decode,0,0,451640,15.527486801147461,1.282330471764984,9.767293930053711,0.8066275498149169,1.5897429638489515,2
engine_step_start,1780280969.4350703,1780280969.4350703,1780280969.4472418,12.171506881713867,decode,1,0,451641,12.171506881713867,1.0,12.171506881713867,1.0,1.0,1
engine_step_start,1780280969.4351058,1780280969.4351058,1780280969.4472022,12.096405029296875,decode,0,0,451640,12.096405029296875,1.0,12.096405029296875,1.0,1.0,1
engine_step_start,1780280969.447218,1780280969.447218,1780280969.459308,12.089967727661133,decode,0,0,451640,24.84583854675293,2.055078980062711,12.089967727661133,1.0,2.055078980062711,3
engine_step_start,1780280969.4472566,1780280969.4472566,1780280969.4592676,12.011051177978516,decode,1,0,451641,24.766921997070312,2.062011195363055,12.011051177978516,1.0,2.062011195363055,3
engine_step_start,1780280969.45928,1780280969.45928,1780280969.4713843,12.104272842407227,decode,1,0,451641,2.5246143341064453,0.20857216017648564,2.5246143341064453,0.20857216017648564,1.0,1
engine_step_start,1780280969.4593215,1780280969.4593215,1780280969.4714062,12.084722518920898,decode,0,0,451640,2.4831295013427734,0.2054767494623868,2.4831295013427734,0.2054767494623868,1.0,1
engine_step_start,1780280969.4713888,1780280969.4713888,1780280969.48368,12.291193008422852,decode,1,0,451641,0.0,0.0,0.0,0.0,0.0,0
engine_step_start,1780280969.4714127,1780280969.4714127,1780280969.4835877,12.17508316040039,decode,0,0,451640,0.0,0.0,0.0,0.0,0.0,0
engine_step_start,1780280969.4836116,1780280969.4836116,1780280969.4957447,12.133121490478516,decode,0,0,451640,9.469985961914062,0.780506975830222,9.469985961914062,0.780506975830222,1.0,1
engine_step_start,1780280969.4836867,1780280969.4836867,1780280969.4956734,11.986732482910156,decode,1,0,451641,9.398698806762695,0.7840918131911847,9.398698806762695,0.7840918131911847,1.0,1
engine_step_start,1780280969.4956856,1780280969.4956856,1780280969.5079,12.214422225952148,decode,1,0,451641,22.035837173461914,1.8040834650894966,12.214422225952148,1.0,1.8040834650894966,2
engine_step_start,1780280969.4957674,1780280969.4957674,1780280969.5077055,11.938095092773438,decode,0,0,451640,21.564960479736328,1.8063987857485222,11.938095092773438,1.0,1.8063987857485222,2
engine_step_start,1780280969.507719,1780280969.507719,1780280969.5197394,12.020349502563477,decode,0,0,451640,15.107154846191406,1.2567983021599858,12.020349502563477,1.0,1.2567983021599858,3
engine_step_start,1780280969.5079286,1780280969.5079286,1780280969.5196998,11.771202087402344,decode,1,0,451641,14.6484375,1.2444300413189662,11.771202087402344,1.0,1.2444300413189662,3
engine_step_start,1780280969.5197134,1780280969.5197134,1780280969.5316913,11.977910995483398,decode,1,0,451641,2.372264862060547,0.19805330520113856,2.372264862060547,0.19805330520113856,1.0,1
engine_step_start,1780280969.5197458,1780280969.5197458,1780280969.5318248,12.079000473022461,decode,0,0,451640,2.3398399353027344,0.19371138700827034,2.3398399353027344,0.19371138700827034,1.0,1
engine_step_start,1780280969.5316966,1780280969.5316966,1780280969.5437672,12.070655822753906,decode,1,0,451641,3.885030746459961,0.3218574701746069,3.885030746459961,0.3218574701746069,1.0,1
engine_step_start,1780280969.5318406,1780280969.5318406,1780280969.5438824,12.041807174682617,decode,0,0,451640,3.885030746459961,0.32262854653810363,3.885030746459961,0.32262854653810363,1.0,1
engine_step_start,1780280969.5437746,1780280969.5437746,1780280969.5557456,11.970996856689453,decode,1,0,451641,0.0,0.0,0.0,0.0,0.0,0
engine_step_start,1780280969.5438979,1780280969.5438979,1780280969.555976,12.078046798706055,decode,0,0,451640,0.0,0.0,0.0,0.0,0.0,0
engine_step_start,1780280969.5557582,1780280969.5557582,1780280969.5680285,12.270212173461914,decode,1,0,451641,0.0,0.0,0.0,0.0,0.0,0
engine_step_start,1780280969.5559862,1780280969.5559862,1780280969.5679076,11.921405792236328,decode,0,0,451640,0.0,0.0,0.0,0.0,0.0,0
engine_step_start,1780280969.567923,1780280969.567923,1780280969.5799835,12.060403823852539,decode,0,0,451640,6.994009017944336,0.5799149945636058,6.994009017944336,0.5799149945636058,1.0,1
engine_step_start,1780280969.568053,1780280969.568053,1780280969.5800838,12.030839920043945,decode,1,0,451641,6.994009017944336,0.5813400447870632,6.994009017944336,0.5813400447870632,1.0,1
engine_step_start,1780280969.5799985,1780280969.5799985,1780280969.5919878,11.989355087280273,decode,0,0,451640,0.0,0.0,0.0,0.0,0.0,0
engine_step_start,1780280969.5800993,1780280969.5800993,1780280969.5918775,11.778116226196289,decode,1,0,451641,0.0,0.0,0.0,0.0,0.0,0
engine_step_start,1780280969.5918834,1780280969.5918834,1780280969.603951,12.067556381225586,decode,1,0,451641,0.0,0.0,0.0,0.0,0.0,0
engine_step_start,1780280969.591994,1780280969.591994,1780280969.604021,12.02702522277832,decode,0,0,451640,0.0,0.0,0.0,0.0,0.0,0
engine_step_start,1780280969.6039732,1780280969.6039732,1780280969.6160598,12.086629867553711,decode,1,0,451641,3.5851001739501953,0.2966170233750863,3.5851001739501953,0.2966170233750863,1.0,1
engine_step_start,1780280969.6040308,1780280969.6040308,1780280969.6161146,12.083768844604492,decode,0,0,451640,3.5851001739501953,0.29668725213582464,3.5851001739501953,0.29668725213582464,1.0,1
engine_step_start,1780280969.616071,1780280969.616071,1780280969.62804,11.96908950805664,decode,1,0,451641,2.8519630432128906,0.23827735946775028,2.8519630432128906,0.23827735946775028,1.0,1
engine_step_start,1780280969.6161323,1780280969.6161323,1780280969.6281326,12.000322341918945,decode,0,0,451640,2.8519630432128906,0.23765720302783463,2.8519630432128906,0.23765720302783463,1.0,1
engine_step_start,1780280969.6280444,1780280969.6280444,1780280969.6402748,12.230396270751953,decode,1,0,451641,0.0,0.0,0.0,0.0,0.0,0
engine_step_start,1780280969.6281474,1780280969.6281474,1780280969.6402888,12.14146614074707,decode,0,0,451640,0.0,0.0,0.0,0.0,0.0,0
engine_step_start,1780280969.6402874,1780280969.6402874,1780280969.652151,11.86370849609375,decode,1,0,451641,0.0,0.0,0.0,0.0,0.0,0
engine_step_start,1780280969.6402955,1780280969.6402955,1780280969.6521897,11.89422607421875,decode,0,0,451640,0.0,0.0,0.0,0.0,0.0,0
engine_step_start,1780280969.6521556,1780280969.6521556,1780280969.6642,12.044429779052734,decode,1,0,451641,0.0,0.0,0.0,0.0,0.0,0
engine_step_start,1780280969.6522036,1780280969.6522036,1780280969.664285,12.081384658813477,decode,0,0,451640,0.0,0.0,0.0,0.0,0.0,0
engine_step_start,1780280969.6642053,1780280969.6642053,1780280969.6761365,11.931180953979492,decode,1,0,451641,0.0,0.0,0.0,0.0,0.0,0
engine_step_start,1780280969.6643004,1780280969.6643004,1780280969.6761694,11.868953704833984,decode,0,0,451640,0.0,0.0,0.0,0.0,0.0,0
engine_step_start,1780280969.6761527,1780280969.6761527,1780280969.6880875,11.934757232666016,decode,1,0,451641,2.8541088104248047,0.2391425945902753,2.8541088104248047,0.2391425945902753,1.0,1
engine_step_start,1780280969.676176,1780280969.676176,1780280969.6881335,11.957406997680664,decode,0,0,451640,2.8541088104248047,0.23868960979403026,2.8541088104248047,0.23868960979403026,1.0,1
engine_step_start,1780280969.6880991,1780280969.6880991,1780280969.700001,11.90185546875,decode,1,0,451641,0.0,0.0,0.0,0.0,0.0,0
engine_step_start,1780280969.6881397,1780280969.6881397,1780280969.7000628,11.923074722290039,decode,0,0,451640,0.0,0.0,0.0,0.0,0.0,0
engine_step_start,1780280969.7000053,1780280969.7000053,1780280969.7120206,12.015342712402344,decode,1,0,451641,0.0,0.0,0.0,0.0,0.0,0
engine_step_start,1780280969.700069,1780280969.700069,1780280969.7120273,11.95836067199707,decode,0,0,451640,0.0,0.0,0.0,0.0,0.0,0
engine_step_start,1780280969.712635,1780280969.712635,1780280969.7241354,11.500358581542969,decode,0,0,451640,0.0,0.0,0.0,0.0,0.0,0
engine_step_start,1780280969.7127476,1780280969.7127476,1780280969.7241971,11.449575424194336,decode,1,0,451641,0.0,0.0,0.0,0.0,0.0,0
engine_step_start,1780280969.7241437,1780280969.7241437,1780280969.7362015,12.057781219482422,decode,0,0,451640,9.457826614379883,0.7843753707438604,9.457826614379883,0.7843753707438604,1.0,1
engine_step_start,1780280969.7242153,1780280969.7242153,1780280969.73609,11.874675750732422,decode,1,0,451641,9.346246719360352,0.7870738465245151,9.346246719360352,0.7870738465245151,1.0,1
engine_step_start,1780280969.7361026,1780280969.7361026,1780280969.7481937,12.09115982055664,decode,1,0,451641,2.485036849975586,0.2055251015498679,2.485036849975586,0.2055251015498679,1.0,1
engine_step_start,1780280969.7362173,1780280969.7362173,1780280969.748161,11.943817138671875,decode,0,0,451640,2.3703575134277344,0.19845895879910572,2.3703575134277344,0.19845895879910572,1.0,1
engine_step_start,1780280969.7481678,1780280969.7481678,1780280969.7601895,12.021780014038086,decode,0,0,451640,0.0,0.0,0.0,0.0,0.0,0
engine_step_start,1780280969.7482052,1780280969.7482052,1780280969.7601779,11.972665786743164,decode,1,0,451641,0.0,0.0,0.0,0.0,0.0,0
engine_step_start,1780280969.760183,1780280969.760183,1780280969.7721417,11.958599090576172,decode,1,0,451641,0.0,0.0,0.0,0.0,0.0,0
engine_step_start,1780280969.7601955,1780280969.7601955,1780280969.7722208,12.02535629272461,decode,0,0,451640,0.0,0.0,0.0,0.0,0.0,0
engine_step_start,1780280969.7721539,1780280969.7721539,1780280969.784194,12.040138244628906,decode,1,0,451641,0.0,0.0,0.0,0.0,0.0,0
engine_step_start,1780280969.7722268,1780280969.7722268,1780280969.7842116,11.984825134277344,decode,0,0,451640,0.0,0.0,0.0,0.0,0.0,0
engine_step_start,1780280969.7841992,1780280969.7841992,1780280969.7960792,11.879920959472656,decode,1,0,451641,0.0,0.0,0.0,0.0,0.0,0
engine_step_start,1780280969.7842176,1780280969.7842176,1780280969.7961762,11.958599090576172,decode,0,0,451640,0.0,0.0,0.0,0.0,0.0,0
engine_step_start,1780280969.7960844,1780280969.7960844,1780280969.8081372,12.052774429321289,decode,1,0,451641,9.220600128173828,0.765018891064823,9.220600128173828,0.765018891064823,1.0,1
engine_step_start,1780280969.7961922,1780280969.7961922,1780280969.8081799,11.987686157226562,decode,0,0,451640,9.263277053833008,0.7727326968973747,9.263277053833008,0.7727326968973747,1.0,1
engine_step_start,1780280969.8081427,1780280969.8081427,1780280969.8201842,12.041568756103516,decode,1,0,451641,2.5959014892578125,0.21557834712707402,2.5959014892578125,0.21557834712707402,1.0,1
engine_step_start,1780280969.8081954,1780280969.8081954,1780280969.8201776,11.982202529907227,decode,0,0,451640,2.543210983276367,0.21224903993473546,2.543210983276367,0.21224903993473546,1.0,1
engine_step_start,1780280969.8201842,1780280969.8201842,1780280969.8321657,11.981487274169922,decode,0,0,451640,0.0,0.0,0.0,0.0,0.0,0
engine_step_start,1780280969.8201904,1780280969.8201904,1780280969.8321147,11.924266815185547,decode,1,0,451641,0.0,0.0,0.0,0.0,0.0,0
engine_step_start,1780280969.8321202,1780280969.8321202,1780280969.8440895,11.969327926635742,decode,1,0,451641,0.0,0.0,0.0,0.0,0.0,0
engine_step_start,1780280969.8321724,1780280969.8321724,1780280969.8440225,11.850118637084961,decode,0,0,451640,0.0,0.0,0.0,0.0,0.0,0
engine_step_start,1780280969.8440375,1780280969.8440375,1780280969.856053,12.015581130981445,decode,0,0,451640,0.0,0.0,0.0,0.0,0.0,0
engine_step_start,1780280969.8440952,1780280969.8440952,1780280969.856054,11.958837509155273,decode,1,0,451641,0.0,0.0,0.0,0.0,0.0,0
engine_step_start,1780280969.856059,1780280969.856059,1780280969.8680546,11.995553970336914,decode,0,0,451640,0.0,0.0,0.0,0.0,0.0,0
engine_step_start,1780280969.8560674,1780280969.8560674,1780280969.8679447,11.877298355102539,decode,1,0,451641,0.0,0.0,0.0,0.0,0.0,0
engine_step_start,1780280969.86795,1780280969.86795,1780280969.8800108,12.060880661010742,decode,1,0,451641,0.0,0.0,0.0,0.0,0.0,0
engine_step_start,1780280969.868061,1780280969.868061,1780280969.8799922,11.931180953979492,decode,0,0,451640,0.0,0.0,0.0,0.0,0.0,0
engine_step_start,1780280969.8799984,1780280969.8799984,1780280969.892112,12.113571166992188,decode,0,0,451640,0.0,0.0,0.0,0.0,0.0,0
engine_step_start,1780280969.8800163,1780280969.8800163,1780280969.8920822,12.065887451171875,decode,1,0,451641,0.0,0.0,0.0,0.0,0.0,0
engine_step_start,1780280969.8920932,1780280969.8920932,1780280969.9041238,12.030601501464844,decode,1,0,451641,0.0,0.0,0.0,0.0,0.0,0
engine_step_start,1780280969.8921254,1780280969.8921254,1780280969.9041822,12.056827545166016,decode,0,0,451640,0.0,0.0,0.0,0.0,0.0,0
engine_step_start,1780280969.904129,1780280969.904129,1780280969.9163013,12.172222137451172,decode,1,0,451641,0.0,0.0,0.0,0.0,0.0,0
engine_step_start,1780280969.9041886,1780280969.9041886,1780280969.9163415,12.152910232543945,decode,0,0,451640,0.0,0.0,0.0,0.0,0.0,0
engine_step_start,1780280969.916306,1780280969.916306,1780280969.9284873,12.181282043457031,decode,1,0,451641,0.0,0.0,0.0,0.0,0.0,0
engine_step_start,1780280969.916349,1780280969.916349,1780280969.9285297,12.180805206298828,decode,0,0,451640,0.0,0.0,0.0,0.0,0.0,0
engine_step_start,1780280969.9284995,1780280969.9284995,1780280969.9405355,12.03608512878418,decode,1,0,451641,0.0,0.0,0.0,0.0,0.0,0
engine_step_start,1780280969.9285364,1780280969.9285364,1780280969.9407613,12.224912643432617,decode,0,0,451640,0.0,0.0,0.0,0.0,0.0,0
engine_step_start,1780280969.9405408,1780280969.9405408,1780280969.9526317,12.090921401977539,decode,1,0,451641,9.103059768676758,0.7528838759292489,9.103059768676758,0.7528838759292489,1.0,1
engine_step_start,1780280969.9407854,1780280969.9407854,1780280969.952724,11.93857192993164,decode,0,0,451640,9.195327758789062,0.7702200742900507,9.195327758789062,0.7702200742900507,1.0,1
engine_step_start,1780280969.9526374,1780280969.9526374,1780280969.964696,12.058496475219727,decode,1,0,451641,2.5572776794433594,0.21207268125827947,2.5572776794433594,0.21207268125827947,1.0,1
engine_step_start,1780280969.9527373,1780280969.9527373,1780280969.9649293,12.192010879516602,decode,0,0,451640,2.4573802947998047,0.20155660285116453,2.4573802947998047,0.20155660285116453,1.0,1
engine_step_start,1780280969.964701,1780280969.964701,1780280969.9768286,12.12763786315918,decode,1,0,451641,0.0,0.0,0.0,0.0,0.0,0
engine_step_start,1780280969.9649386,1780280969.9649386,1780280969.9768865,11.947870254516602,decode,0,0,451640,0.0,0.0,0.0,0.0,0.0,0
engine_step_start,1780280969.9768336,1780280969.9768336,1780280969.9888718,12.038230895996094,decode,1,0,451641,0.0,0.0,0.0,0.0,0.0,0
engine_step_start,1780280969.976893,1780280969.976893,1780280969.9888914,11.998414993286133,decode,0,0,451640,0.0,0.0,0.0,0.0,0.0,0
engine_step_start,1780280969.988876,1780280969.988876,1780280970.0009751,12.099027633666992,decode,1,0,451641,0.0,0.0,0.0,0.0,0.0,0
engine_step_start,1780280969.9889057,1780280969.9889057,1780280970.001032,12.126445770263672,decode,0,0,451640,0.0,0.0,0.0,0.0,0.0,0
engine_step_start,1780280970.0009863,1780280970.0009863,1780280970.0130596,12.073278427124023,decode,1,0,451641,0.0,0.0,0.0,0.0,0.0,0
engine_step_start,1780280970.001047,1780280970.001047,1780280970.0130608,12.013912200927734,decode,0,0,451640,0.0,0.0,0.0,0.0,0.0,0
engine_step_start,1780280970.0130672,1780280970.0130672,1780280970.0251727,12.105464935302734,decode,0,0,451640,0.0,0.0,0.0,0.0,0.0,0
engine_step_start,1780280970.0130675,1780280970.0130675,1780280970.0251021,12.03465461730957,decode,1,0,451641,0.0,0.0,0.0,0.0,0.0,0
engine_step_start,1780280970.025107,1780280970.025107,1780280970.037278,12.171030044555664,decode,1,0,451641,0.0,0.0,0.0,0.0,0.0,0
engine_step_start,1780280970.0251787,1780280970.0251787,1780280970.037322,12.143373489379883,decode,0,0,451640,0.0,0.0,0.0,0.0,0.0,0
engine_step_start,1780280970.0372834,1780280970.0372834,1780280970.0493999,12.116432189941406,decode,1,0,451641,0.0,0.0,0.0,0.0,0.0,0
engine_step_start,1780280970.0373287,1780280970.0373287,1780280970.0493689,12.040138244628906,decode,0,0,451640,0.0,0.0,0.0,0.0,0.0,0
engine_step_start,1780280970.049375,1780280970.049375,1780280970.0614865,12.111425399780273,decode,0,0,451640,0.0,0.0,0.0,0.0,0.0,0
engine_step_start,1780280970.0494046,1780280970.0494046,1780280970.061503,12.098312377929688,decode,1,0,451641,0.0,0.0,0.0,0.0,0.0,0
engine_step_start,1780280970.0614927,1780280970.0614927,1780280970.0736299,12.137174606323242,decode,0,0,451640,0.0,0.0,0.0,0.0,0.0,0
engine_step_start,1780280970.0615077,1780280970.0615077,1780280970.0735426,12.034893035888672,decode,1,0,451641,0.0,0.0,0.0,0.0,0.0,0
engine_step_start,1780280970.0735474,1780280970.0735474,1780280970.0856428,12.095451354980469,decode,1,0,451641,2.2881031036376953,0.18917054324686589,2.2881031036376953,0.18917054324686589,1.0,1
engine_step_start,1780280970.0736465,1780280970.0736465,1780280970.085727,12.08043098449707,decode,0,0,451640,2.2881031036376953,0.18940575105093843,2.2881031036376953,0.18940575105093843,1.0,1
engine_step_start,1780280970.08566,1780280970.08566,1780280970.097757,12.09712028503418,decode,1,0,451641,9.438514709472656,0.780228226807781,9.438514709472656,0.780228226807781,1.0,1
engine_step_start,1780280970.0857427,1780280970.0857427,1780280970.0977433,12.000560760498047,decode,0,0,451640,9.424686431884766,0.7853538363730281,9.424686431884766,0.7853538363730281,1.0,1
engine_step_start,1780280970.0981853,1780280970.0981853,1780280970.109808,11.62266731262207,decode,0,0,451640,2.645254135131836,0.22759441219307064,2.645254135131836,0.22759441219307064,1.0,1
engine_step_start,1780280970.0982141,1780280970.0982141,1780280970.1097836,11.569499969482422,decode,1,0,451641,2.616405487060547,0.22614680789679759,2.616405487060547,0.22614680789679759,1.0,1
engine_step_start,1780280970.1097975,1780280970.1097975,1780280970.121871,12.073516845703125,decode,1,0,451641,0.61798095703125,0.05118483412322275,0.61798095703125,0.05118483412322275,1.0,1
engine_step_start,1780280970.109832,1780280970.109832,1780280970.1219158,12.083768844604492,decode,0,0,451640,0.61798095703125,0.051141408361778114,0.61798095703125,0.051141408361778114,1.0,1
engine_step_start,1780280970.1218762,1780280970.1218762,1780280970.133802,11.925697326660156,decode,1,0,451641,0.0,0.0,0.0,0.0,0.0,0
engine_step_start,1780280970.1219292,1780280970.1219292,1780280970.13398,12.050867080688477,decode,0,0,451640,0.0,0.0,0.0,0.0,0.0,0
engine_step_start,1780280970.1338136,1780280970.1338136,1780280970.1457765,11.962890625,decode,1,0,451641,0.0,0.0,0.0,0.0,0.0,0
engine_step_start,1780280970.1339862,1780280970.1339862,1780280970.1458893,11.903047561645508,decode,0,0,451640,0.0,0.0,0.0,0.0,0.0,0
engine_step_start,1780280970.1457822,1780280970.1457822,1780280970.1578605,12.078285217285156,decode,1,0,451641,0.0,0.0,0.0,0.0,0.0,0
engine_step_start,1780280970.1459036,1780280970.1459036,1780280970.1579754,12.071847915649414,decode,0,0,451640,0.0,0.0,0.0,0.0,0.0,0
engine_step_start,1780280970.157865,1780280970.157865,1780280970.1699617,12.096643447875977,decode,1,0,451641,0.0,0.0,0.0,0.0,0.0,0
engine_step_start,1780280970.1579816,1780280970.1579816,1780280970.1699834,12.001752853393555,decode,0,0,451640,0.0,0.0,0.0,0.0,0.0,0
engine_step_start,1780280970.1699772,1780280970.1699772,1780280970.1819196,11.942386627197266,decode,1,0,451641,9.462833404541016,0.7923737272908764,9.462833404541016,0.7923737272908764,1.0,1
engine_step_start,1780280970.169997,1780280970.169997,1780280970.1820514,12.054443359375,decode,0,0,451640,9.59467887878418,0.795945411392405,9.59467887878418,0.795945411392405,1.0,1
engine_step_start,1780280970.1819317,1780280970.1819317,1780280970.194411,12.479305267333984,decode,1,0,451641,12.479305267333984,1.0,12.479305267333984,1.0,1.0,1
engine_step_start,1780280970.1820698,1780280970.1820698,1780280970.1944797,12.40992546081543,decode,0,0,451640,12.40992546081543,1.0,12.40992546081543,1.0,1.0,1
engine_step_start,1780280970.19442,1780280970.19442,1780280970.206132,11.711835861206055,decode,1,0,451641,2.432584762573242,0.2077031125949148,2.432584762573242,0.2077031125949148,1.0,1
engine_step_start,1780280970.1944895,1780280970.1944895,1780280970.206263,11.77358627319336,decode,0,0,451640,2.3632049560546875,0.20072091045320156,2.3632049560546875,0.20072091045320156,1.0,1
engine_step_start,1780280970.2061384,1780280970.2061384,1780280970.2181704,12.032032012939453,decode,1,0,451641,0.0,0.0,0.0,0.0,0.0,0
engine_step_start,1780280970.2062697,1780280970.2062697,1780280970.2181797,11.909961700439453,decode,0,0,451640,0.0,0.0,0.0,0.0,0.0,0
engine_step_start,1780280970.218187,1780280970.218187,1780280970.2300868,11.899709701538086,decode,1,0,451641,9.50312614440918,0.7986015106890265,9.50312614440918,0.7986015106890265,1.0,1
engine_step_start,1780280970.2181876,1780280970.2181876,1780280970.230197,12.009382247924805,decode,0,0,451640,9.613275527954102,0.800480435171031,9.613275527954102,0.800480435171031,1.0,1
engine_step_start,1780280970.2301,1780280970.2301,1780280970.2421753,12.075424194335938,decode,1,0,451641,2.6078224182128906,0.2159611435792134,2.6078224182128906,0.2159611435792134,1.0,1
engine_step_start,1780280970.2302036,1780280970.2302036,1780280970.2421453,11.941671371459961,decode,0,0,451640,2.504110336303711,0.20969513047297703,2.504110336303711,0.20969513047297703,1.0,1
engine_step_start,1780280970.2421517,1780280970.2421517,1780280970.2541773,12.025594711303711,decode,0,0,451640,0.0,0.0,0.0,0.0,0.0,0
engine_step_start,1780280970.2421806,1780280970.2421806,1780280970.2541811,12.000560760498047,decode,1,0,451641,0.0,0.0,0.0,0.0,0.0,0
engine_step_start,1780280970.2541833,1780280970.2541833,1780280970.2661698,11.986494064331055,decode,0,0,451640,0.0,0.0,0.0,0.0,0.0,0
engine_step_start,1780280970.2541857,1780280970.2541857,1780280970.2661474,11.961698532104492,decode,1,0,451641,0.0,0.0,0.0,0.0,0.0,0
engine_step_start,1780280970.2661576,1780280970.2661576,1780280970.2782905,12.132883071899414,decode,1,0,451641,0.0,0.0,0.0,0.0,0.0,0
engine_step_start,1780280970.266176,1780280970.266176,1780280970.2782974,12.121438980102539,decode,0,0,451640,0.0,0.0,0.0,0.0,0.0,0
engine_step_start,1780280970.2782955,1780280970.2782955,1780280970.2902076,11.912107467651367,decode,1,0,451641,0.0,0.0,0.0,0.0,0.0,0
engine_step_start,1780280970.278303,1780280970.278303,1780280970.2903247,12.021780014038086,decode,0,0,451640,0.0,0.0,0.0,0.0,0.0,0
engine_step_start,1780280970.290213,1780280970.290213,1780280970.3021815,11.968374252319336,decode,1,0,451641,0.0,0.0,0.0,0.0,0.0,0
engine_step_start,1780280970.2903316,1780280970.2903316,1780280970.3021746,11.842966079711914,decode,0,0,451640,0.0,0.0,0.0,0.0,0.0,0
engine_step_start,1780280970.3021808,1780280970.3021808,1780280970.314192,12.011289596557617,decode,0,0,451640,0.0,0.0,0.0,0.0,0.0,0
engine_step_start,1780280970.3021855,1780280970.3021855,1780280970.3140945,11.909008026123047,decode,1,0,451641,0.0,0.0,0.0,0.0,0.0,0
engine_step_start,1780280970.3140986,1780280970.3140986,1780280970.326158,12.059450149536133,decode,1,0,451641,0.0,0.0,0.0,0.0,0.0,0
engine_step_start,1780280970.3141985,1780280970.3141985,1780280970.32617,11.971473693847656,decode,0,0,451640,0.0,0.0,0.0,0.0,0.0,0
engine_step_start,1780280970.3261623,1780280970.3261623,1780280970.33815,11.987686157226562,decode,1,0,451641,0.0,0.0,0.0,0.0,0.0,0
engine_step_start,1780280970.3261762,1780280970.3261762,1780280970.3382227,12.046575546264648,decode,0,0,451640,0.0,0.0,0.0,0.0,0.0,0
engine_step_start,1780280970.3381543,1780280970.3381543,1780280970.3501635,12.009143829345703,decode,1,0,451641,0.0,0.0,0.0,0.0,0.0,0
engine_step_start,1780280970.3382292,1780280970.3382292,1780280970.3502917,12.062549591064453,decode,0,0,451640,0.0,0.0,0.0,0.0,0.0,0
engine_step_start,1780280970.3501673,1780280970.3501673,1780280970.3621075,11.940240859985352,decode,1,0,451641,0.0,0.0,0.0,0.0,0.0,0
engine_step_start,1780280970.3502982,1780280970.3502982,1780280970.362185,11.886835098266602,decode,0,0,451640,0.0,0.0,0.0,0.0,0.0,0
engine_step_start,1780280970.3621113,1780280970.3621113,1780280970.3741422,12.030839920043945,decode,1,0,451641,0.0,0.0,0.0,0.0,0.0,0
engine_step_start,1780280970.3621912,1780280970.3621912,1780280970.374153,11.961698532104492,decode,0,0,451640,0.0,0.0,0.0,0.0,0.0,0
engine_step_start,1780280970.3741472,1780280970.3741472,1780280970.3860917,11.94453239440918,decode,1,0,451641,0.0,0.0,0.0,0.0,0.0,0
engine_step_start,1780280970.374159,1780280970.374159,1780280970.3860776,11.91854476928711,decode,0,0,451640,0.0,0.0,0.0,0.0,0.0,0
engine_step_start,1780280970.3860946,1780280970.3860946,1780280970.3981318,12.037277221679688,decode,0,0,451640,9.45425033569336,0.7854143558865473,9.45425033569336,0.7854143558865473,1.0,1
engine_step_start,1780280970.3860967,1780280970.3860967,1780280970.3980274,11.930704116821289,decode,1,0,451641,9.349822998046875,0.7836773845446734,9.349822998046875,0.7836773845446734,1.0,1
engine_step_start,1780280970.3980315,1780280970.3980315,1780280970.409976,11.94453239440918,decode,1,0,451641,11.94453239440918,1.0,11.94453239440918,1.0,1.0,1
engine_step_start,1780280970.3981478,1780280970.3981478,1780280970.410062,11.914253234863281,decode,0,0,451640,11.914253234863281,1.0,11.914253234863281,1.0,1.0,1
engine_step_start,1780280970.40998,1780280970.40998,1780280970.422009,12.028932571411133,decode,1,0,451641,2.612590789794922,0.21719223832081344,2.612590789794922,0.21719223832081344,1.0,1
engine_step_start,1780280970.410069,1780280970.410069,1780280970.4219196,11.850595474243164,decode,0,0,451640,2.523660659790039,0.2129564430137813,2.523660659790039,0.2129564430137813,1.0,1
engine_step_start,1780280970.4219332,1780280970.4219332,1780280970.4337523,11.819124221801758,decode,0,0,451640,0.0,0.0,0.0,0.0,0.0,0
engine_step_start,1780280970.4220161,1780280970.4220161,1780280970.4338474,11.831283569335938,decode,1,0,451641,0.0,0.0,0.0,0.0,0.0,0
engine_step_start,1780280970.433759,1780280970.433759,1780280970.4457502,11.991262435913086,decode,0,0,451640,0.0,0.0,0.0,0.0,0.0,0
engine_step_start,1780280970.4338558,1780280970.4338558,1780280970.4457257,11.86990737915039,decode,1,0,451641,0.0,0.0,0.0,0.0,0.0,0
engine_step_start,1780280970.4457312,1780280970.4457312,1780280970.4577148,11.983633041381836,decode,1,0,451641,0.0,0.0,0.0,0.0,0.0,0
engine_step_start,1780280970.4457636,1780280970.4457636,1780280970.457776,12.012481689453125,decode,0,0,451640,0.0,0.0,0.0,0.0,0.0,0
engine_step_start,1780280970.457719,1780280970.457719,1780280970.4696722,11.953115463256836,decode,1,0,451641,0.0,0.0,0.0,0.0,0.0,0
engine_step_start,1780280970.4577823,1780280970.4577823,1780280970.4698086,12.026309967041016,decode,0,0,451640,0.0,0.0,0.0,0.0,0.0,0
engine_step_start,1780280970.4696763,1780280970.4696763,1780280970.4817402,12.063980102539062,decode,1,0,451641,0.0,0.0,0.0,0.0,0.0,0
engine_step_start,1780280970.4698145,1780280970.4698145,1780280970.4817398,11.925220489501953,decode,0,0,451640,0.0,0.0,0.0,0.0,0.0,0
engine_step_start,1780280970.4822881,1780280970.4822881,1780280970.4937742,11.486053466796875,decode,0,0,451640,0.0,0.0,0.0,0.0,0.0,0
engine_step_start,1780280970.4823008,1780280970.4823008,1780280970.4936535,11.352777481079102,decode,1,0,451641,0.0,0.0,0.0,0.0,0.0,0
engine_step_start,1780280970.493659,1780280970.493659,1780280970.5057642,12.105226516723633,decode,1,0,451641,0.0,0.0,0.0,0.0,0.0,0
engine_step_start,1780280970.4937806,1780280970.4937806,1780280970.505721,11.940479278564453,decode,0,0,451640,0.0,0.0,0.0,0.0,0.0,0
engine_step_start,1780280970.5057278,1780280970.5057278,1780280970.5178065,12.07876205444336,decode,0,0,451640,0.0,0.0,0.0,0.0,0.0,0
engine_step_start,1780280970.505771,1780280970.505771,1780280970.5176556,11.884689331054688,decode,1,0,451641,0.0,0.0,0.0,0.0,0.0,0
engine_step_start,1780280970.5176625,1780280970.5176625,1780280970.5296369,11.974334716796875,decode,1,0,451641,0.0,0.0,0.0,0.0,0.0,0
engine_step_start,1780280970.5178208,1780280970.5178208,1780280970.529642,11.821269989013672,decode,0,0,451640,0.0,0.0,0.0,0.0,0.0,0
engine_step_start,1780280970.5296478,1780280970.5296478,1780280970.5416932,12.04538345336914,decode,1,0,451641,0.0,0.0,0.0,0.0,0.0,0
engine_step_start,1780280970.5296483,1780280970.5296483,1780280970.54177,12.12167739868164,decode,0,0,451640,0.0,0.0,0.0,0.0,0.0,0
engine_step_start,1780280970.5416985,1780280970.5416985,1780280970.553786,12.087583541870117,decode,1,0,451641,0.0,0.0,0.0,0.0,0.0,0
engine_step_start,1780280970.5417764,1780280970.5417764,1780280970.5538583,12.08186149597168,decode,0,0,451640,0.0,0.0,0.0,0.0,0.0,0
engine_step_start,1780280970.5538023,1780280970.5538023,1780280970.565989,12.186765670776367,decode,1,0,451641,2.1119117736816406,0.17329551012422967,2.1119117736816406,0.17329551012422967,1.0,1
engine_step_start,1780280970.5538647,1780280970.5538647,1780280970.5659661,12.101411819458008,decode,0,0,451640,2.1119117736816406,0.1745178005004236,2.1119117736816406,0.1745178005004236,1.0,1
engine_step_start,1780280970.565972,1780280970.565972,1780280970.5780683,12.096166610717773,decode,0,0,451640,0.0,0.0,0.0,0.0,0.0,0
engine_step_start,1780280970.5660033,1780280970.5660033,1780280970.5780518,12.048482894897461,decode,1,0,451641,0.0,0.0,0.0,0.0,0.0,0
engine_step_start,1780280970.578057,1780280970.578057,1780280970.590195,12.137889862060547,decode,1,0,451641,0.0,0.0,0.0,0.0,0.0,0
engine_step_start,1780280970.578074,1780280970.578074,1780280970.5901852,12.111186981201172,decode,0,0,451640,0.0,0.0,0.0,0.0,0.0,0
engine_step_start,1780280970.5902026,1780280970.5902026,1780280970.6023316,12.129068374633789,decode,0,0,451640,9.257078170776367,0.7632142786940027,9.257078170776367,0.7632142786940027,1.0,1
engine_step_start,1780280970.5902066,1780280970.5902066,1780280970.6023462,12.139558792114258,decode,1,0,451641,9.271621704101562,0.7637527741225917,9.271621704101562,0.7637527741225917,1.0,1
engine_step_start,1780280970.602362,1780280970.602362,1780280970.6144528,12.090921401977539,decode,1,0,451641,31.469106674194336,2.6027054207008065,12.090921401977539,1.0,2.6027054207008065,3
engine_step_start,1780280970.602363,1780280970.602363,1780280970.614393,12.029886245727539,decode,0,0,451640,31.28838539123535,2.6008878847335355,12.029886245727539,1.0,2.6008878847335355,3
engine_step_start,1780280970.6144068,1780280970.6144068,1780280970.6264215,12.014627456665039,decode,0,0,451640,7.489681243896484,0.6233802313813427,2.583026885986328,0.2149901772071518,2.8995754107439544,3
engine_step_start,1780280970.6144667,1780280970.6144667,1780280970.62653,12.063264846801758,decode,1,0,451641,7.310152053833008,0.6059845445382137,2.523183822631836,0.20916259857303793,2.897193612397241,3
engine_step_start,1780280970.6264277,1780280970.6264277,1780280970.6385117,12.084007263183594,decode,0,0,451640,0.0,0.0,0.0,0.0,0.0,0
engine_step_start,1780280970.6265376,1780280970.6265376,1780280970.6383486,11.811017990112305,decode,1,0,451641,0.0,0.0,0.0,0.0,0.0,0
engine_step_start,1780280970.6383533,1780280970.6383533,1780280970.6504004,12.047052383422852,decode,1,0,451641,0.0,0.0,0.0,0.0,0.0,0
engine_step_start,1780280970.638518,1780280970.638518,1780280970.6504865,11.968374252319336,decode,0,0,451640,0.0,0.0,0.0,0.0,0.0,0
engine_step_start,1780280970.650411,1780280970.650411,1780280970.6624124,12.001514434814453,decode,1,0,451641,0.0,0.0,0.0,0.0,0.0,0
engine_step_start,1780280970.6505003,1780280970.6505003,1780280970.6624596,11.959314346313477,decode,0,0,451640,0.0,0.0,0.0,0.0,0.0,0
engine_step_start,1780280970.6624177,1780280970.6624177,1780280970.6745064,12.088775634765625,decode,1,0,451641,0.0,0.0,0.0,0.0,0.0,0
engine_step_start,1780280970.662466,1780280970.662466,1780280970.6744938,12.027740478515625,decode,0,0,451640,0.0,0.0,0.0,0.0,0.0,0
engine_step_start,1780280970.6744998,1780280970.6744998,1780280970.6864796,11.979818344116211,decode,0,0,451640,0.0,0.0,0.0,0.0,0.0,0
engine_step_start,1780280970.6745114,1780280970.6745114,1780280970.686504,11.992454528808594,decode,1,0,451641,0.0,0.0,0.0,0.0,0.0,0
engine_step_start,1780280970.6864862,1780280970.6864862,1780280970.6984456,11.959314346313477,decode,0,0,451640,9.549856185913086,0.7985287374653616,9.549856185913086,0.7985287374653616,1.0,1
engine_step_start,1780280970.6865172,1780280970.6865172,1780280970.6983995,11.882305145263672,decode,1,0,451641,9.503841400146484,0.7998314539106706,9.503841400146484,0.7998314539106706,1.0,1
engine_step_start,1780280970.69841,1780280970.69841,1780280970.710961,12.551069259643555,decode,1,0,451641,12.551069259643555,1.0,12.551069259643555,1.0,1.0,1
engine_step_start,1780280970.698452,1780280970.698452,1780280970.7108922,12.440204620361328,decode,0,0,451640,12.440204620361328,1.0,12.440204620361328,1.0,1.0,1
engine_step_start,1780280970.7108984,1780280970.7108984,1780280970.7228324,11.934041976928711,decode,0,0,451640,2.307415008544922,0.19334731795025473,2.307415008544922,0.19334731795025473,1.0,1
engine_step_start,1780280970.7109666,1780280970.7109666,1780280970.722774,11.807441711425781,decode,1,0,451641,2.239227294921875,0.18964542444067523,2.239227294921875,0.18964542444067523,1.0,1
engine_step_start,1780280970.7227783,1780280970.7227783,1780280970.734826,12.047767639160156,decode,1,0,451641,0.0,0.0,0.0,0.0,0.0,0
engine_step_start,1780280970.7228389,1780280970.7228389,1780280970.7348952,12.056350708007812,decode,0,0,451640,0.0,0.0,0.0,0.0,0.0,0
engine_step_start,1780280970.7348363,1780280970.7348363,1780280970.746758,11.92164421081543,decode,1,0,451641,0.0,0.0,0.0,0.0,0.0,0
engine_step_start,1780280970.7349014,1780280970.7349014,1780280970.7468152,11.913776397705078,decode,0,0,451640,0.0,0.0,0.0,0.0,0.0,0
engine_step_start,1780280970.7467692,1780280970.7467692,1780280970.758911,12.141704559326172,decode,1,0,451641,0.0,0.0,0.0,0.0,0.0,0
engine_step_start,1780280970.7468214,1780280970.7468214,1780280970.7589002,12.07876205444336,decode,0,0,451640,0.0,0.0,0.0,0.0,0.0,0
engine_step_start,1780280970.7589169,1780280970.7589169,1780280970.770992,12.075185775756836,decode,0,0,451640,9.418487548828125,0.7799869686259798,9.418487548828125,0.7799869686259798,1.0,1
engine_step_start,1780280970.7589192,1780280970.7589192,1780280970.7709453,12.026071548461914,decode,1,0,451641,9.371757507324219,0.7792866913820107,9.371757507324219,0.7792866913820107,1.0,1
engine_step_start,1780280970.7709546,1780280970.7709546,1780280970.782895,11.940479278564453,decode,1,0,451641,11.940479278564453,1.0,11.940479278564453,1.0,1.0,1
engine_step_start,1780280970.7710106,1780280970.7710106,1780280970.782871,11.860370635986328,decode,0,0,451640,11.860370635986328,1.0,11.860370635986328,1.0,1.0,1
engine_step_start,1780280970.7828784,1780280970.7828784,1780280970.795007,12.128591537475586,decode,0,0,451640,12.299537658691406,1.0140944742584184,12.128591537475586,1.0,1.0140944742584184,2
engine_step_start,1780280970.782914,1780280970.782914,1780280970.7949195,12.00556755065918,decode,1,0,451641,12.176513671875,1.0142389037831396,12.00556755065918,1.0,1.0142389037831396,2
engine_step_start,1780280970.794933,1780280970.794933,1780280970.807129,12.195825576782227,decode,1,0,451641,2.3584365844726562,0.1933806423865658,2.3584365844726562,0.1933806423865658,1.0,1
engine_step_start,1780280970.795014,1780280970.795014,1780280970.8071928,12.178897857666016,decode,0,0,451640,2.2776126861572266,0.18701303786069456,2.2776126861572266,0.18701303786069456,1.0,1
engine_step_start,1780280970.8071368,1780280970.8071368,1780280970.8192399,12.103080749511719,decode,1,0,451641,0.0,0.0,0.0,0.0,0.0,0
engine_step_start,1780280970.807202,1780280970.807202,1780280970.8191352,11.933088302612305,decode,0,0,451640,0.0,0.0,0.0,0.0,0.0,0
engine_step_start,1780280970.8191502,1780280970.8191502,1780280970.831385,12.234687805175781,decode,0,0,451640,0.0,0.0,0.0,0.0,0.0,0
engine_step_start,1780280970.819248,1780280970.819248,1780280970.8313317,12.083768844604492,decode,1,0,451641,0.0,0.0,0.0,0.0,0.0,0
engine_step_start,1780280970.8313553,1780280970.8313553,1780280970.8435032,12.147903442382812,decode,1,0,451641,0.0,0.0,0.0,0.0,0.0,0
engine_step_start,1780280970.8313923,1780280970.8313923,1780280970.8435578,12.165546417236328,decode,0,0,451640,0.0,0.0,0.0,0.0,0.0,0
engine_step_start,1780280970.8435092,1780280970.8435092,1780280970.8556895,12.180328369140625,decode,1,0,451641,0.0,0.0,0.0,0.0,0.0,0
engine_step_start,1780280970.8435645,1780280970.8435645,1780280970.8557396,12.17508316040039,decode,0,0,451640,0.0,0.0,0.0,0.0,0.0,0
engine_step_start,1780280970.8556952,1780280970.8556952,1780280970.8678613,12.166023254394531,decode,1,0,451641,9.41157341003418,0.7735948890805048,9.41157341003418,0.7735948890805048,1.0,1
engine_step_start,1780280970.855757,1780280970.855757,1780280970.867876,12.119054794311523,decode,0,0,451640,9.426355361938477,0.7778127520607503,9.426355361938477,0.7778127520607503,1.0,1
engine_step_start,1780280970.868316,1780280970.868316,1780280970.884859,16.543149948120117,decode,0,0,451640,16.543149948120117,1.0,16.543149948120117,1.0,1.0,1
engine_step_start,1780280970.8683457,1780280970.8683457,1780280970.88484,16.494274139404297,decode,1,0,451641,16.494274139404297,1.0,16.494274139404297,1.0,1.0,1
engine_step_start,1780280970.884861,1780280970.884861,1780280970.8969457,12.084722518920898,decode,1,0,451641,12.384653091430664,1.0248189871170124,6.213665008544922,0.5141752323080869,1.9931317627196685,3
engine_step_start,1780280970.884876,1780280970.884876,1780280970.8969843,12.108325958251953,decode,0,0,451640,12.369632720947266,1.0215807506005592,6.198644638061523,0.5119324223211121,1.9955382899342282,3
engine_step_start,1780280970.8969586,1780280970.8969586,1780280970.909163,12.204408645629883,decode,1,0,451641,0.0,0.0,0.0,0.0,0.0,0
engine_step_start,1780280970.8969994,1780280970.8969994,1780280970.9091675,12.168169021606445,decode,0,0,451640,0.0,0.0,0.0,0.0,0.0,0
engine_step_start,1780280970.9091747,1780280970.9091747,1780280970.9211984,12.023687362670898,decode,1,0,451641,8.92782211303711,0.7425194820646032,8.92782211303711,0.7425194820646032,1.0,1
engine_step_start,1780280970.9091835,1780280970.9091835,1780280970.9213805,12.197017669677734,decode,0,0,451640,9.109973907470703,0.7469017553461824,9.109973907470703,0.7469017553461824,1.0,1
engine_step_start,1780280970.9212117,1780280970.9212117,1780280970.9333773,12.165546417236328,decode,1,0,451641,2.6788711547851562,0.22020146591933523,2.6788711547851562,0.22020146591933523,1.0,1
engine_step_start,1780280970.9213965,1780280970.9213965,1780280970.9334953,12.09878921508789,decode,0,0,451640,2.4940967559814453,0.2061443266464352,2.4940967559814453,0.2061443266464352,1.0,1
engine_step_start,1780280970.9333937,1780280970.9333937,1780280970.9455225,12.128829956054688,decode,1,0,451641,1.4541149139404297,0.11988913351155842,1.4541149139404297,0.11988913351155842,1.0,1
engine_step_start,1780280970.933502,1780280970.933502,1780280970.9456544,12.152433395385742,decode,0,0,451640,1.4541149139404297,0.11965627513684252,1.4541149139404297,0.11965627513684252,1.0,1
engine_step_start,1780280970.9455383,1780280970.9455383,1780280970.9576125,12.07423210144043,decode,1,0,451641,0.0,0.0,0.0,0.0,0.0,0
engine_step_start,1780280970.945661,1780280970.945661,1780280970.9577696,12.108564376831055,decode,0,0,451640,0.0,0.0,0.0,0.0,0.0,0
engine_step_start,1780280970.9576168,1780280970.9576168,1780280970.9698,12.183189392089844,decode,1,0,451641,0.0,0.0,0.0,0.0,0.0,0
engine_step_start,1780280970.957784,1780280970.957784,1780280970.9699194,12.135505676269531,decode,0,0,451640,0.0,0.0,0.0,0.0,0.0,0
engine_step_start,1780280970.9698098,1780280970.9698098,1780280970.9820702,12.26043701171875,decode,1,0,451641,0.0,0.0,0.0,0.0,0.0,0
engine_step_start,1780280970.9699259,1780280970.9699259,1780280970.9820433,12.117385864257812,decode,0,0,451640,0.0,0.0,0.0,0.0,0.0,0
engine_step_start,1780280970.9820497,1780280970.9820497,1780280970.9941669,12.117147445678711,decode,0,0,451640,0.0,0.0,0.0,0.0,0.0,0
engine_step_start,1780280970.982075,1780280970.982075,1780280970.9941304,12.055397033691406,decode,1,0,451641,0.0,0.0,0.0,0.0,0.0,0
engine_step_start,1780280970.9941347,1780280970.9941347,1780280971.0061584,12.023687362670898,decode,1,0,451641,0.0,0.0,0.0,0.0,0.0,0
engine_step_start,1780280970.9941733,1780280970.9941733,1780280971.0062838,12.110471725463867,decode,0,0,451640,0.0,0.0,0.0,0.0,0.0,0
engine_step_start,1780280971.0061626,1780280971.0061626,1780280971.018217,12.054443359375,decode,1,0,451641,0.0,0.0,0.0,0.0,0.0,0
engine_step_start,1780280971.0062902,1780280971.0062902,1780280971.0183122,12.022018432617188,decode,0,0,451640,0.0,0.0,0.0,0.0,0.0,0
engine_step_start,1780280971.0182214,1780280971.0182214,1780280971.0303016,12.080192565917969,decode,1,0,451641,0.0,0.0,0.0,0.0,0.0,0
engine_step_start,1780280971.0183187,1780280971.0183187,1780280971.030404,12.085437774658203,decode,0,0,451640,0.0,0.0,0.0,0.0,0.0,0
engine_step_start,1780280971.0303056,1780280971.0303056,1780280971.042463,12.157440185546875,decode,1,0,451641,9.354352951049805,0.7694344210856605,9.354352951049805,0.7694344210856605,1.0,1
engine_step_start,1780280971.0304205,1780280971.0304205,1780280971.042465,12.044429779052734,decode,0,0,451640,9.356260299682617,0.7768122253454214,9.356260299682617,0.7768122253454214,1.0,1
engine_step_start,1780280971.042479,1780280971.042479,1780280971.0612504,18.77140998840332,decode,1,0,451641,20.182371139526367,1.0751654325378177,18.77140998840332,1.0,1.0751654325378177,2
engine_step_start,1780280971.0424793,1780280971.0424793,1780280971.0613549,18.875598907470703,decode,0,0,451640,20.28656005859375,1.0747505368195023,18.875598907470703,1.0,1.0747505368195023,2
engine_step_start,1780280971.0612693,1780280971.0612693,1780280971.0733664,12.09712028503418,decode,1,0,451641,17.419099807739258,1.439937720491141,12.09712028503418,1.0,1.439937720491141,3
engine_step_start,1780280971.0613685,1780280971.0613685,1780280971.0735066,12.138128280639648,decode,0,0,451640,17.460107803344727,1.4384514152147865,12.138128280639648,1.0,1.4384514152147865,3
engine_step_start,1780280971.0733757,1780280971.0733757,1780280971.0854394,12.063741683959961,decode,1,0,451641,2.6350021362304688,0.21842328899780628,2.6350021362304688,0.21842328899780628,1.0,1
engine_step_start,1780280971.0735202,1780280971.0735202,1780280971.085522,12.001752853393555,decode,0,0,451640,2.490520477294922,0.20751306144341367,2.490520477294922,0.20751306144341367,1.0,1
engine_step_start,1780280971.0854495,1780280971.0854495,1780280971.0975287,12.079238891601562,decode,1,0,451641,0.0,0.0,0.0,0.0,0.0,0
engine_step_start,1780280971.0855286,1780280971.0855286,1780280971.0976992,12.170553207397461,decode,0,0,451640,0.0,0.0,0.0,0.0,0.0,0
engine_step_start,1780280971.0975378,1780280971.0975378,1780280971.1096685,12.1307373046875,decode,1,0,451641,0.0,0.0,0.0,0.0,0.0,0
engine_step_start,1780280971.0977156,1780280971.0977156,1780280971.1097224,12.006759643554688,decode,0,0,451640,0.0,0.0,0.0,0.0,0.0,0
engine_step_start,1780280971.109673,1780280971.109673,1780280971.1216993,12.026309967041016,decode,1,0,451641,0.0,0.0,0.0,0.0,0.0,0
engine_step_start,1780280971.109736,1780280971.109736,1780280971.121863,12.126922607421875,decode,0,0,451640,0.0,0.0,0.0,0.0,0.0,0
engine_step_start,1780280971.1217036,1780280971.1217036,1780280971.133848,12.144327163696289,decode,1,0,451641,0.0,0.0,0.0,0.0,0.0,0
engine_step_start,1780280971.1218688,1780280971.1218688,1780280971.1338692,12.000322341918945,decode,0,0,451640,0.0,0.0,0.0,0.0,0.0,0
engine_step_start,1780280971.1338522,1780280971.1338522,1780280971.145828,11.975765228271484,decode,1,0,451641,0.0,0.0,0.0,0.0,0.0,0
engine_step_start,1780280971.1338758,1780280971.1338758,1780280971.1459568,12.080907821655273,decode,0,0,451640,0.0,0.0,0.0,0.0,0.0,0
engine_step_start,1780280971.145832,1780280971.145832,1780280971.1579378,12.105703353881836,decode,1,0,451641,0.0,0.0,0.0,0.0,0.0,0
engine_step_start,1780280971.145963,1780280971.145963,1780280971.1580193,12.056350708007812,decode,0,0,451640,0.0,0.0,0.0,0.0,0.0,0
engine_step_start,1780280971.1579435,1780280971.1579435,1780280971.170065,12.121438980102539,decode,1,0,451641,0.0,0.0,0.0,0.0,0.0,0
engine_step_start,1780280971.158026,1780280971.158026,1780280971.1701245,12.098550796508789,decode,0,0,451640,0.0,0.0,0.0,0.0,0.0,0
engine_step_start,1780280971.1700723,1780280971.1700723,1780280971.1822186,12.146234512329102,decode,1,0,451641,0.0,0.0,0.0,0.0,0.0,0
engine_step_start,1780280971.17014,1780280971.17014,1780280971.1822062,12.066125869750977,decode,0,0,451640,0.0,0.0,0.0,0.0,0.0,0
engine_step_start,1780280971.1822124,1780280971.1822124,1780280971.1942642,12.051820755004883,decode,0,0,451640,0.0,0.0,0.0,0.0,0.0,0
engine_step_start,1780280971.1822274,1780280971.1822274,1780280971.194276,12.048721313476562,decode,1,0,451641,0.0,0.0,0.0,0.0,0.0,0
engine_step_start,1780280971.1942701,1780280971.1942701,1780280971.2062855,12.015342712402344,decode,0,0,451640,0.0,0.0,0.0,0.0,0.0,0
engine_step_start,1780280971.1942818,1780280971.1942818,1780280971.2063801,12.098312377929688,decode,1,0,451641,0.0,0.0,0.0,0.0,0.0,0
engine_step_start,1780280971.2062917,1780280971.2062917,1780280971.2184906,12.198925018310547,decode,0,0,451640,0.0,0.0,0.0,0.0,0.0,0
engine_step_start,1780280971.2063913,1780280971.2063913,1780280971.2184901,12.09878921508789,decode,1,0,451641,0.0,0.0,0.0,0.0,0.0,0
engine_step_start,1780280971.2184951,1780280971.2184951,1780280971.230406,11.91091537475586,decode,1,0,451641,0.0,0.0,0.0,0.0,0.0,0
engine_step_start,1780280971.2185056,1780280971.2185056,1780280971.230531,12.02535629272461,decode,0,0,451640,0.0,0.0,0.0,0.0,0.0,0
engine_step_start,1780280971.2304103,1780280971.2304103,1780280971.242475,12.064695358276367,decode,1,0,451641,0.0,0.0,0.0,0.0,0.0,0
engine_step_start,1780280971.2305372,1780280971.2305372,1780280971.2425394,12.002229690551758,decode,0,0,451640,0.0,0.0,0.0,0.0,0.0,0
engine_step_start,1780280971.24248,1780280971.24248,1780280971.254544,12.063980102539062,decode,1,0,451641,0.0,0.0,0.0,0.0,0.0,0
engine_step_start,1780280971.2425456,1780280971.2425456,1780280971.2545784,12.032747268676758,decode,0,0,451640,0.0,0.0,0.0,0.0,0.0,0
engine_step_start,1780280971.2545488,1780280971.2545488,1780280971.2666187,12.069940567016602,decode,1,0,451641,0.0,0.0,0.0,0.0,0.0,0
engine_step_start,1780280971.254584,1780280971.254584,1780280971.2666404,12.056350708007812,decode,0,0,451640,0.0,0.0,0.0,0.0,0.0,0
engine_step_start,1780280971.267085,1780280971.267085,1780280971.278822,11.736869812011719,decode,0,0,451640,1.435995101928711,0.12234906963516698,1.435995101928711,0.12234906963516698,1.0,1
engine_step_start,1780280971.2672603,1780280971.2672603,1780280971.2788835,11.623144149780273,decode,1,0,451641,1.435995101928711,0.12354618366802732,1.435995101928711,0.12354618366802732,1.0,1
engine_step_start,1780280971.2788284,1780280971.2788284,1780280971.290932,12.103557586669922,decode,0,0,451640,0.0,0.0,0.0,0.0,0.0,0
engine_step_start,1780280971.2789004,1780280971.2789004,1780280971.2910411,12.140750885009766,decode,1,0,451641,0.0,0.0,0.0,0.0,0.0,0
engine_step_start,1780280971.2909384,1780280971.2909384,1780280971.3030326,12.094259262084961,decode,0,0,451640,2.151966094970703,0.17793285626983657,2.151966094970703,0.17793285626983657,1.0,1
engine_step_start,1780280971.2910607,1780280971.2910607,1780280971.3029754,11.914730072021484,decode,1,0,451641,2.151966094970703,0.18061391923800377,2.151966094970703,0.18061391923800377,1.0,1
engine_step_start,1780280971.302989,1780280971.302989,1780280971.3152335,12.244462966918945,decode,1,0,451641,0.0,0.0,0.0,0.0,0.0,0
engine_step_start,1780280971.3030393,1780280971.3030393,1780280971.315069,12.029647827148438,decode,0,0,451640,0.0,0.0,0.0,0.0,0.0,0
engine_step_start,1780280971.3150754,1780280971.3150754,1780280971.3271587,12.083292007446289,decode,0,0,451640,0.0,0.0,0.0,0.0,0.0,0
engine_step_start,1780280971.3152432,1780280971.3152432,1780280971.3272612,12.017965316772461,decode,1,0,451641,0.0,0.0,0.0,0.0,0.0,0
engine_step_start,1780280971.3271651,1780280971.3271651,1780280971.3394358,12.270689010620117,decode,0,0,451640,0.0,0.0,0.0,0.0,0.0,0
engine_step_start,1780280971.3272781,1780280971.3272781,1780280971.3393502,12.072086334228516,decode,1,0,451641,0.0,0.0,0.0,0.0,0.0,0
engine_step_start,1780280971.339357,1780280971.339357,1780280971.3516157,12.258768081665039,decode,1,0,451641,0.0,0.0,0.0,0.0,0.0,0
engine_step_start,1780280971.3394418,1780280971.3394418,1780280971.351594,12.15219497680664,decode,0,0,451640,0.0,0.0,0.0,0.0,0.0,0
engine_step_start,1780280971.3516004,1780280971.3516004,1780280971.3637927,12.192249298095703,decode,0,0,451640,0.0,0.0,0.0,0.0,0.0,0
engine_step_start,1780280971.3516207,1780280971.3516207,1780280971.3637495,12.128829956054688,decode,1,0,451641,0.0,0.0,0.0,0.0,0.0,0
engine_step_start,1780280971.363754,1780280971.363754,1780280971.375792,12.037992477416992,decode,1,0,451641,0.0,0.0,0.0,0.0,0.0,0
engine_step_start,1780280971.3637989,1780280971.3637989,1780280971.3758934,12.094497680664062,decode,0,0,451640,0.0,0.0,0.0,0.0,0.0,0
engine_step_start,1780280971.3757973,1780280971.3757973,1780280971.3880208,12.223482131958008,decode,1,0,451641,0.0,0.0,0.0,0.0,0.0,0
engine_step_start,1780280971.3759086,1780280971.3759086,1780280971.3879566,12.048006057739258,decode,0,0,451640,0.0,0.0,0.0,0.0,0.0,0
engine_step_start,1780280971.3879628,1780280971.3879628,1780280971.4001536,12.190818786621094,decode,0,0,451640,0.0,0.0,0.0,0.0,0.0,0
engine_step_start,1780280971.3880286,1780280971.3880286,1780280971.4000704,12.041807174682617,decode,1,0,451641,0.0,0.0,0.0,0.0,0.0,0
engine_step_start,1780280971.4000757,1780280971.4000757,1780280971.4121614,12.085676193237305,decode,1,0,451641,0.0,0.0,0.0,0.0,0.0,0
engine_step_start,1780280971.4001603,1780280971.4001603,1780280971.4121275,11.967182159423828,decode,0,0,451640,0.0,0.0,0.0,0.0,0.0,0
engine_step_start,1780280971.4121337,1780280971.4121337,1780280971.424321,12.18724250793457,decode,0,0,451640,0.0,0.0,0.0,0.0,0.0,0
engine_step_start,1780280971.4121666,1780280971.4121666,1780280971.4242642,12.097597122192383,decode,1,0,451641,0.0,0.0,0.0,0.0,0.0,0
engine_step_start,1780280971.4242692,1780280971.4242692,1780280971.4363735,12.104272842407227,decode,1,0,451641,0.0,0.0,0.0,0.0,0.0,0
engine_step_start,1780280971.4243274,1780280971.4243274,1780280971.436476,12.148618698120117,decode,0,0,451640,0.0,0.0,0.0,0.0,0.0,0
engine_step_start,1780280971.4363778,1780280971.4363778,1780280971.4485538,12.176036834716797,decode,1,0,451641,0.0,0.0,0.0,0.0,0.0,0
engine_step_start,1780280971.4364822,1780280971.4364822,1780280971.4485853,12.103080749511719,decode,0,0,451640,0.0,0.0,0.0,0.0,0.0,0
engine_step_start,1780280971.4485586,1780280971.4485586,1780280971.460805,12.246370315551758,decode,1,0,451641,0.0,0.0,0.0,0.0,0.0,0
engine_step_start,1780280971.4485917,1780280971.4485917,1780280971.4607449,12.153148651123047,decode,0,0,451640,0.0,0.0,0.0,0.0,0.0,0
engine_step_start,1780280971.460751,1780280971.460751,1780280971.4729106,12.159585952758789,decode,0,0,451640,0.0,0.0,0.0,0.0,0.0,0
engine_step_start,1780280971.4608107,1780280971.4608107,1780280971.4728334,12.022733688354492,decode,1,0,451641,0.0,0.0,0.0,0.0,0.0,0
engine_step_start,1780280971.4728384,1780280971.4728384,1780280971.4850023,12.163877487182617,decode,1,0,451641,0.0,0.0,0.0,0.0,0.0,0
engine_step_start,1780280971.4729168,1780280971.4729168,1780280971.4851756,12.258768081665039,decode,0,0,451640,0.0,0.0,0.0,0.0,0.0,0
engine_step_start,1780280971.4850066,1780280971.4850066,1780280971.4972973,12.290716171264648,decode,1,0,451641,0.0,0.0,0.0,0.0,0.0,0
engine_step_start,1780280971.4851818,1780280971.4851818,1780280971.4972224,12.04061508178711,decode,0,0,451640,0.0,0.0,0.0,0.0,0.0,0
engine_step_start,1780280971.4972286,1780280971.4972286,1780280971.509323,12.094259262084961,decode,0,0,451640,0.0,0.0,0.0,0.0,0.0,0
engine_step_start,1780280971.4973028,1780280971.4973028,1780280971.5093112,12.008428573608398,decode,1,0,451641,0.0,0.0,0.0,0.0,0.0,0
engine_step_start,1780280971.5093162,1780280971.5093162,1780280971.5214937,12.177467346191406,decode,1,0,451641,9.491920471191406,0.7794658939619391,9.491920471191406,0.7794658939619391,1.0,1
engine_step_start,1780280971.5093477,1780280971.5093477,1780280971.5214472,12.099504470825195,decode,0,0,451640,9.445428848266602,0.7806459240576169,9.445428848266602,0.7806459240576169,1.0,1
engine_step_start,1780280971.5214617,1780280971.5214617,1780280971.5459359,24.474143981933594,decode,0,0,451640,25.94304084777832,1.0600183143046409,24.474143981933594,1.0,1.0600183143046409,2
engine_step_start,1780280971.5215158,1780280971.5215158,1780280971.545928,24.412155151367188,decode,1,0,451641,25.881052017211914,1.0601707164622236,24.412155151367188,1.0,1.0601707164622236,2
engine_step_start,1780280971.5459437,1780280971.5459437,1780280971.5578737,11.929988861083984,decode,1,0,451641,16.679048538208008,1.3980774611295415,9.602069854736328,0.8048683000919301,1.7370263693698167,2
engine_step_start,1780280971.5459487,1780280971.5459487,1780280971.558014,12.06517219543457,decode,0,0,451640,16.674041748046875,1.381997826301749,9.597063064575195,0.795435233672562,1.7374108762079845,2
engine_step_start,1780280971.557879,1780280971.557879,1780280971.5698798,12.000799179077148,decode,1,0,451641,0.0,0.0,0.0,0.0,0.0,0
engine_step_start,1780280971.558029,1780280971.558029,1780280971.5701036,12.074708938598633,decode,0,0,451640,0.0,0.0,0.0,0.0,0.0,0
engine_step_start,1780280971.5698907,1780280971.5698907,1780280971.5820544,12.163639068603516,decode,1,0,451641,0.0,0.0,0.0,0.0,0.0,0
engine_step_start,1780280971.57011,1780280971.57011,1780280971.582006,11.895895004272461,decode,0,0,451640,0.0,0.0,0.0,0.0,0.0,0
engine_step_start,1780280971.5820193,1780280971.5820193,1780280971.5941474,12.128114700317383,decode,0,0,451640,0.0,0.0,0.0,0.0,0.0,0
engine_step_start,1780280971.5820599,1780280971.5820599,1780280971.5941324,12.072563171386719,decode,1,0,451641,0.0,0.0,0.0,0.0,0.0,0
engine_step_start,1780280971.5941372,1780280971.5941372,1780280971.6062052,12.068033218383789,decode,1,0,451641,0.0,0.0,0.0,0.0,0.0,0
engine_step_start,1780280971.5941536,1780280971.5941536,1780280971.6062362,12.082576751708984,decode,0,0,451640,0.0,0.0,0.0,0.0,0.0,0
engine_step_start,1780280971.6062107,1780280971.6062107,1780280971.6183324,12.12167739868164,decode,1,0,451641,0.0,0.0,0.0,0.0,0.0,0
engine_step_start,1780280971.6062434,1780280971.6062434,1780280971.6182966,12.053251266479492,decode,0,0,451640,0.0,0.0,0.0,0.0,0.0,0
engine_step_start,1780280971.6183028,1780280971.6183028,1780280971.6303794,12.076616287231445,decode,0,0,451640,9.726762771606445,0.8054211991392415,9.726762771606445,0.8054211991392415,1.0,1
engine_step_start,1780280971.618358,1780280971.618358,1780280971.6302533,11.895418167114258,decode,1,0,451641,9.600639343261719,0.8070871665363879,9.600639343261719,0.8070871665363879,1.0,1
engine_step_start,1780280971.6302648,1780280971.6302648,1780280971.64248,12.215137481689453,decode,1,0,451641,2.9408931732177734,0.2407580903306398,2.9408931732177734,0.2407580903306398,1.0,1
engine_step_start,1780280971.6303859,1780280971.6303859,1780280971.642427,12.041091918945312,decode,0,0,451640,2.8197765350341797,0.2341794709329954,2.8197765350341797,0.2341794709329954,1.0,1
engine_step_start,1780280971.6424336,1780280971.6424336,1780280971.654575,12.14146614074707,decode,0,0,451640,0.0,0.0,0.0,0.0,0.0,0
engine_step_start,1780280971.6424851,1780280971.6424851,1780280971.654615,12.129783630371094,decode,1,0,451641,0.0,0.0,0.0,0.0,0.0,0
engine_step_start,1780280971.654601,1780280971.654601,1780280971.6665874,11.986255645751953,decode,0,0,451640,0.6129741668701172,0.051139754147272946,0.6129741668701172,0.051139754147272946,1.0,1
engine_step_start,1780280971.6546204,1780280971.6546204,1780280971.6666067,11.986255645751953,decode,1,0,451641,0.6129741668701172,0.051139754147272946,0.6129741668701172,0.051139754147272946,1.0,1
engine_step_start,1780280971.667232,1780280971.667232,1780280971.6787171,11.485099792480469,decode,0,0,451640,0.0,0.0,0.0,0.0,0.0,0
engine_step_start,1780280971.667254,1780280971.667254,1780280971.678698,11.444091796875,decode,1,0,451641,0.0,0.0,0.0,0.0,0.0,0
engine_step_start,1780280971.6787033,1780280971.6787033,1780280971.6907175,12.014150619506836,decode,1,0,451641,0.0,0.0,0.0,0.0,0.0,0
engine_step_start,1780280971.6787243,1780280971.6787243,1780280971.6907818,12.05754280090332,decode,0,0,451640,0.0,0.0,0.0,0.0,0.0,0
engine_step_start,1780280971.6907227,1780280971.6907227,1780280971.7026627,11.94000244140625,decode,1,0,451641,0.0,0.0,0.0,0.0,0.0,0
engine_step_start,1780280971.6907961,1780280971.6907961,1780280971.7027502,11.954069137573242,decode,0,0,451640,0.0,0.0,0.0,0.0,0.0,0
engine_step_start,1780280971.7026672,1780280971.7026672,1780280971.7147048,12.037515640258789,decode,1,0,451641,0.0,0.0,0.0,0.0,0.0,0
engine_step_start,1780280971.702757,1780280971.702757,1780280971.7146814,11.924505233764648,decode,0,0,451640,0.0,0.0,0.0,0.0,0.0,0
engine_step_start,1780280971.7146883,1780280971.7146883,1780280971.7268605,12.172222137451172,decode,0,0,451640,0.0,0.0,0.0,0.0,0.0,0
engine_step_start,1780280971.714709,1780280971.714709,1780280971.7267408,12.031793594360352,decode,1,0,451641,0.0,0.0,0.0,0.0,0.0,0
engine_step_start,1780280971.7267463,1780280971.7267463,1780280971.7388632,12.11690902709961,decode,1,0,451641,0.0,0.0,0.0,0.0,0.0,0
engine_step_start,1780280971.7268672,1780280971.7268672,1780280971.738834,11.966705322265625,decode,0,0,451640,0.0,0.0,0.0,0.0,0.0,0
engine_step_start,1780280971.7388554,1780280971.7388554,1780280971.7509289,12.073516845703125,decode,0,0,451640,13.32855224609375,1.1039494470774092,9.694337844848633,0.8029423380726698,1.3748801062443128,2
engine_step_start,1780280971.7388768,1780280971.7388768,1780280971.7508783,12.001514434814453,decode,1,0,451641,13.227462768554688,1.1021494695856013,9.643793106079102,0.8035480154157892,1.3716037479294914,2
engine_step_start,1780280971.7508883,1780280971.7508883,1780280971.7639873,13.098955154418945,decode,1,0,451641,14.316082000732422,1.0929178573378715,13.098955154418945,1.0,1.0929178573378715,2
engine_step_start,1780280971.7509437,1780280971.7509437,1780280971.7642658,13.322114944458008,decode,0,0,451640,14.483928680419922,1.087209406374716,13.322114944458008,1.0,1.087209406374716,2
engine_step_start,1780280971.7639923,1780280971.7639923,1780280971.7762005,12.208223342895508,decode,1,0,451641,3.246307373046875,0.2659115320769456,3.246307373046875,0.2659115320769456,1.0,1
engine_step_start,1780280971.7642853,1780280971.7642853,1780280971.776438,12.152671813964844,decode,0,0,451640,2.9532909393310547,0.24301577336576943,2.9532909393310547,0.24301577336576943,1.0,1
engine_step_start,1780280971.7762167,1780280971.7762167,1780280971.7883692,12.152433395385742,decode,1,0,451641,3.470897674560547,0.285613388004944,3.470897674560547,0.285613388004944,1.0,1
engine_step_start,1780280971.776457,1780280971.776457,1780280971.788366,11.909008026123047,decode,0,0,451640,3.470897674560547,0.29145145145145146,3.470897674560547,0.29145145145145146,1.0,1
engine_step_start,1780280971.7883735,1780280971.7883735,1780280971.8004673,12.093782424926758,decode,0,0,451640,1.4619827270507812,0.12088713652045342,1.4619827270507812,0.12088713652045342,1.0,1
engine_step_start,1780280971.7883887,1780280971.7883887,1780280971.8005,12.111186981201172,decode,1,0,451641,1.4619827270507812,0.12071341391393361,1.4619827270507812,0.12071341391393361,1.0,1
engine_step_start,1780280971.8004825,1780280971.8004825,1780280971.8126602,12.177705764770508,decode,0,0,451640,0.0,0.0,0.0,0.0,0.0,0
engine_step_start,1780280971.8005116,1780280971.8005116,1780280971.8126476,12.135982513427734,decode,1,0,451641,0.0,0.0,0.0,0.0,0.0,0
engine_step_start,1780280971.812667,1780280971.812667,1780280971.8247433,12.076377868652344,decode,0,0,451640,9.644508361816406,0.7986259180289031,9.644508361816406,0.7986259180289031,1.0,1
engine_step_start,1780280971.812669,1780280971.812669,1780280971.8248649,12.195825576782227,decode,1,0,451641,9.766101837158203,0.8007741481438039,9.766101837158203,0.8007741481438039,1.0,1
engine_step_start,1780280971.8247595,1780280971.8247595,1780280971.836937,12.177467346191406,decode,0,0,451640,14.901399612426758,1.2236862714386405,12.177467346191406,1.0,1.2236862714386405,2
engine_step_start,1780280971.824881,1780280971.824881,1780280971.8368387,11.957645416259766,decode,1,0,451641,14.681577682495117,1.2277983809865614,11.957645416259766,1.0,1.2277983809865614,2
engine_step_start,1780280971.8368437,1780280971.8368437,1780280971.8488631,12.01939582824707,decode,1,0,451641,2.5310516357421875,0.21058060420923175,2.5310516357421875,0.21058060420923175,1.0,1
engine_step_start,1780280971.836951,1780280971.836951,1780280971.8490605,12.109518051147461,decode,0,0,451640,2.4237632751464844,0.20015357051446123,2.4237632751464844,0.20015357051446123,1.0,1
engine_step_start,1780280971.8488774,1780280971.8488774,1780280971.8611867,12.30931282043457,decode,1,0,451641,1.4700889587402344,0.11942900307966453,1.4700889587402344,0.11942900307966453,1.0,1
engine_step_start,1780280971.8490708,1780280971.8490708,1780280971.861174,12.10331916809082,decode,0,0,451640,1.4700889587402344,0.1214616369545947,1.4700889587402344,0.1214616369545947,1.0,1
engine_step_start,1780280971.861203,1780280971.861203,1780280971.8732326,12.029647827148438,decode,1,0,451641,9.434938430786133,0.7843071190740447,9.434938430786133,0.7843071190740447,1.0,1
engine_step_start,1780280971.8612037,1780280971.8612037,1780280971.873138,11.934280395507812,decode,0,0,451640,9.340286254882812,0.7826434393479303,9.340286254882812,0.7826434393479303,1.0,1
engine_step_start,1780280971.8731518,1780280971.8731518,1780280971.8851542,12.00246810913086,decode,0,0,451640,3.203868865966797,0.26693417027531685,2.9048919677734375,0.24202455206388304,1.1029218647406436,2
engine_step_start,1780280971.8732572,1780280971.8732572,1780280971.8851166,11.859416961669922,decode,1,0,451641,3.0984878540039062,0.2612681436210848,2.799510955810547,0.23605805958747136,1.1067961165048543,2
engine_step_start,1780280971.88513,1780280971.88513,1780280971.8972368,12.106895446777344,decode,1,0,451641,0.0,0.0,0.0,0.0,0.0,0
engine_step_start,1780280971.8851614,1780280971.8851614,1780280971.8971703,12.008905410766602,decode,0,0,451640,0.0,0.0,0.0,0.0,0.0,0
engine_step_start,1780280971.8971772,1780280971.8971772,1780280971.9091992,12.022018432617188,decode,0,0,451640,0.0,0.0,0.0,0.0,0.0,0
engine_step_start,1780280971.8972428,1780280971.8972428,1780280971.909191,11.948108673095703,decode,1,0,451641,0.0,0.0,0.0,0.0,0.0,0
engine_step_start,1780280971.9092007,1780280971.9092007,1780280971.9213443,12.143611907958984,decode,1,0,451641,0.0,0.0,0.0,0.0,0.0,0
engine_step_start,1780280971.9092126,1780280971.9092126,1780280971.9214802,12.267589569091797,decode,0,0,451640,0.0,0.0,0.0,0.0,0.0,0
engine_step_start,1780280971.9213488,1780280971.9213488,1780280971.9336605,12.311697006225586,decode,1,0,451641,0.0,0.0,0.0,0.0,0.0,0
engine_step_start,1780280971.9214873,1780280971.9214873,1780280971.9336076,12.120246887207031,decode,0,0,451640,0.0,0.0,0.0,0.0,0.0,0
engine_step_start,1780280971.933614,1780280971.933614,1780280971.9458575,12.243509292602539,decode,0,0,451640,0.0,0.0,0.0,0.0,0.0,0
engine_step_start,1780280971.9336734,1780280971.9336734,1780280971.9458685,12.195110321044922,decode,1,0,451641,0.0,0.0,0.0,0.0,0.0,0
engine_step_start,1780280971.9458637,1780280971.9458637,1780280971.9578383,11.974573135375977,decode,0,0,451640,0.0,0.0,0.0,0.0,0.0,0
engine_step_start,1780280971.9458728,1780280971.9458728,1780280971.9578476,11.974811553955078,decode,1,0,451641,0.0,0.0,0.0,0.0,0.0,0
engine_step_start,1780280971.957845,1780280971.957845,1780280971.969873,12.027978897094727,decode,0,0,451640,0.0,0.0,0.0,0.0,0.0,0
engine_step_start,1780280971.9578538,1780280971.9578538,1780280971.9698143,11.960506439208984,decode,1,0,451641,0.0,0.0,0.0,0.0,0.0,0
engine_step_start,1780280971.969819,1780280971.969819,1780280971.981903,12.084007263183594,decode,1,0,451641,0.0,0.0,0.0,0.0,0.0,0
engine_step_start,1780280971.9698792,1780280971.9698792,1780280971.9820502,12.171030044555664,decode,0,0,451640,0.0,0.0,0.0,0.0,0.0,0
engine_step_start,1780280971.9819136,1780280971.9819136,1780280971.9939618,12.04824447631836,decode,1,0,451641,0.0,0.0,0.0,0.0,0.0,0
engine_step_start,1780280971.9820645,1780280971.9820645,1780280971.9940593,11.99483871459961,decode,0,0,451640,0.0,0.0,0.0,0.0,0.0,0
engine_step_start,1780280971.9939723,1780280971.9939723,1780280972.0059893,12.017011642456055,decode,1,0,451641,0.0,0.0,0.0,0.0,0.0,0
engine_step_start,1780280971.9940658,1780280971.9940658,1780280972.0059574,11.891603469848633,decode,0,0,451640,0.0,0.0,0.0,0.0,0.0,0
engine_step_start,1780280972.0059636,1780280972.0059636,1780280972.0181565,12.192964553833008,decode,0,0,451640,0.0,0.0,0.0,0.0,0.0,0
engine_step_start,1780280972.005995,1780280972.005995,1780280972.0181015,12.10641860961914,decode,1,0,451641,0.0,0.0,0.0,0.0,0.0,0
engine_step_start,1780280972.0181074,1780280972.0181074,1780280972.029994,11.8865966796875,decode,1,0,451641,0.0,0.0,0.0,0.0,0.0,0
engine_step_start,1780280972.0181627,1780280972.0181627,1780280972.030122,11.959314346313477,decode,0,0,451640,0.0,0.0,0.0,0.0,0.0,0
engine_step_start,1780280972.0299983,1780280972.0299983,1780280972.0419683,11.970043182373047,decode,1,0,451641,0.0,0.0,0.0,0.0,0.0,0
engine_step_start,1780280972.0301282,1780280972.0301282,1780280972.042014,11.885643005371094,decode,0,0,451640,0.0,0.0,0.0,0.0,0.0,0
engine_step_start,1780280972.0419724,1780280972.0419724,1780280972.0539255,11.953115463256836,decode,1,0,451641,0.0,0.0,0.0,0.0,0.0,0
engine_step_start,1780280972.0420203,1780280972.0420203,1780280972.0540705,12.050151824951172,decode,0,0,451640,0.0,0.0,0.0,0.0,0.0,0
engine_step_start,1780280972.054676,1780280972.054676,1780280972.0661104,11.434316635131836,decode,0,0,451640,0.0,0.0,0.0,0.0,0.0,0
engine_step_start,1780280972.0546865,1780280972.0546865,1780280972.065964,11.277437210083008,decode,1,0,451641,0.0,0.0,0.0,0.0,0.0,0
engine_step_start,1780280972.0659754,1780280972.0659754,1780280972.07818,12.204647064208984,decode,1,0,451641,0.0,0.0,0.0,0.0,0.0,0
engine_step_start,1780280972.066117,1780280972.066117,1780280972.0781705,12.053489685058594,decode,0,0,451640,0.0,0.0,0.0,0.0,0.0,0
engine_step_start,1780280972.078177,1780280972.078177,1780280972.0903552,12.178182601928711,decode,0,0,451640,0.0,0.0,0.0,0.0,0.0,0
engine_step_start,1780280972.0781882,1780280972.0781882,1780280972.0902348,12.046575546264648,decode,1,0,451641,0.0,0.0,0.0,0.0,0.0,0
engine_step_start,1780280972.0902395,1780280972.0902395,1780280972.1022954,12.05587387084961,decode,1,0,451641,2.8839111328125,0.23921211881501403,2.8839111328125,0.23921211881501403,1.0,1
engine_step_start,1780280972.0903728,1780280972.0903728,1780280972.1024106,12.03775405883789,decode,0,0,451640,2.8839111328125,0.23957219251336898,2.8839111328125,0.23957219251336898,1.0,1
engine_step_start,1780280972.1023,1780280972.1023,1780280972.1143603,12.060403823852539,decode,1,0,451641,0.0,0.0,0.0,0.0,0.0,0
engine_step_start,1780280972.102425,1780280972.102425,1780280972.1144414,12.01629638671875,decode,0,0,451640,0.0,0.0,0.0,0.0,0.0,0
engine_step_start,1780280972.1143684,1780280972.1143684,1780280972.1264348,12.066364288330078,decode,1,0,451641,0.0,0.0,0.0,0.0,0.0,0
engine_step_start,1780280972.1144476,1780280972.1144476,1780280972.126504,12.056350708007812,decode,0,0,451640,0.0,0.0,0.0,0.0,0.0,0
engine_step_start,1780280972.1264403,1780280972.1264403,1780280972.1385357,12.095451354980469,decode,1,0,451641,0.0,0.0,0.0,0.0,0.0,0
engine_step_start,1780280972.1265185,1780280972.1265185,1780280972.138516,11.997461318969727,decode,0,0,451640,0.0,0.0,0.0,0.0,0.0,0
engine_step_start,1780280972.1385224,1780280972.1385224,1780280972.1507332,12.210845947265625,decode,0,0,451640,0.0,0.0,0.0,0.0,0.0,0
engine_step_start,1780280972.1385398,1780280972.1385398,1780280972.150674,12.134313583374023,decode,1,0,451641,0.0,0.0,0.0,0.0,0.0,0
engine_step_start,1780280972.1506894,1780280972.1506894,1780280972.162695,12.00556755065918,decode,1,0,451641,0.0,0.0,0.0,0.0,0.0,0
engine_step_start,1780280972.150748,1780280972.150748,1780280972.1628125,12.064456939697266,decode,0,0,451640,0.0,0.0,0.0,0.0,0.0,0
engine_step_start,1780280972.1627073,1780280972.1627073,1780280972.1748223,12.115001678466797,decode,1,0,451641,0.0,0.0,0.0,0.0,0.0,0
engine_step_start,1780280972.1628191,1780280972.1628191,1780280972.1749182,12.099027633666992,decode,0,0,451640,0.0,0.0,0.0,0.0,0.0,0
engine_step_start,1780280972.174827,1780280972.174827,1780280972.1869626,12.135505676269531,decode,1,0,451641,0.0,0.0,0.0,0.0,0.0,0
engine_step_start,1780280972.1749327,1780280972.1749327,1780280972.1870735,12.140750885009766,decode,0,0,451640,0.0,0.0,0.0,0.0,0.0,0
engine_step_start,1780280972.1869786,1780280972.1869786,1780280972.1990464,12.067794799804688,decode,1,0,451641,1.486063003540039,0.1231428797218271,1.486063003540039,0.1231428797218271,1.0,1
engine_step_start,1780280972.1870832,1780280972.1870832,1780280972.1992295,12.146234512329102,decode,0,0,451640,1.486063003540039,0.12234762979683973,1.486063003540039,0.12234762979683973,1.0,1
engine_step_start,1780280972.1990578,1780280972.1990578,1780280972.2111843,12.126445770263672,decode,1,0,451641,0.0,0.0,0.0,0.0,0.0,0
engine_step_start,1780280972.1992373,1780280972.1992373,1780280972.2111988,11.96146011352539,decode,0,0,451640,0.0,0.0,0.0,0.0,0.0,0
engine_step_start,1780280972.2111893,1780280972.2111893,1780280972.2232966,12.107372283935547,decode,1,0,451641,0.0,0.0,0.0,0.0,0.0,0
engine_step_start,1780280972.2112052,1780280972.2112052,1780280972.2233734,12.168169021606445,decode,0,0,451640,0.0,0.0,0.0,0.0,0.0,0
engine_step_start,1780280972.2233107,1780280972.2233107,1780280972.2354083,12.097597122192383,decode,1,0,451641,0.0,0.0,0.0,0.0,0.0,0
engine_step_start,1780280972.2233803,1780280972.2233803,1780280972.235522,12.141704559326172,decode,0,0,451640,0.0,0.0,0.0,0.0,0.0,0
engine_step_start,1780280972.2354133,1780280972.2354133,1780280972.2475526,12.139320373535156,decode,1,0,451641,0.0,0.0,0.0,0.0,0.0,0
engine_step_start,1780280972.235529,1780280972.235529,1780280972.2476442,12.115240097045898,decode,0,0,451640,0.0,0.0,0.0,0.0,0.0,0
engine_step_start,1780280972.247561,1780280972.247561,1780280972.2595067,11.945724487304688,decode,1,0,451641,0.0,0.0,0.0,0.0,0.0,0
engine_step_start,1780280972.2476501,1780280972.2476501,1780280972.259631,11.980772018432617,decode,0,0,451640,0.0,0.0,0.0,0.0,0.0,0
engine_step_start,1780280972.2595117,1780280972.2595117,1780280972.271533,12.021303176879883,decode,1,0,451641,0.0,0.0,0.0,0.0,0.0,0
engine_step_start,1780280972.2596376,1780280972.2596376,1780280972.271645,12.007474899291992,decode,0,0,451640,0.0,0.0,0.0,0.0,0.0,0
engine_step_start,1780280972.2715368,1780280972.2715368,1780280972.2838252,12.288331985473633,decode,1,0,451641,0.0,0.0,0.0,0.0,0.0,0
engine_step_start,1780280972.271651,1780280972.271651,1780280972.2838333,12.182235717773438,decode,0,0,451640,0.0,0.0,0.0,0.0,0.0,0
engine_step_start,1780280972.283833,1780280972.283833,1780280972.2958422,12.009143829345703,decode,1,0,451641,0.0,0.0,0.0,0.0,0.0,0
engine_step_start,1780280972.28384,1780280972.28384,1780280972.2958374,11.997461318969727,decode,0,0,451640,0.0,0.0,0.0,0.0,0.0,0
engine_step_start,1780280972.295848,1780280972.295848,1780280972.3078496,12.001752853393555,decode,1,0,451641,9.526968002319336,0.7937980492262461,9.526968002319336,0.7937980492262461,1.0,1
engine_step_start,1780280972.2958536,1780280972.2958536,1780280972.3079734,12.119770050048828,decode,0,0,451640,9.650707244873047,0.7962780815989299,9.650707244873047,0.7962780815989299,1.0,1
engine_step_start,1780280972.3078623,1780280972.3078623,1780280972.3200057,12.143373489379883,decode,1,0,451641,12.143373489379883,1.0,12.143373489379883,1.0,1.0,1
engine_step_start,1780280972.3079896,1780280972.3079896,1780280972.3200684,12.07876205444336,decode,0,0,451640,12.07876205444336,1.0,12.07876205444336,1.0,1.0,1
engine_step_start,1780280972.3200226,1780280972.3200226,1780280972.3320327,12.01009750366211,decode,1,0,451641,6.577014923095703,0.5476237741692143,6.407022476196289,0.5334696470401398,1.0265322070479663,2
engine_step_start,1780280972.3200748,1780280972.3200748,1780280972.3321393,12.064456939697266,decode,0,0,451640,6.524801254272461,0.5408284257539228,6.354808807373047,0.5267380735939291,1.0267502063480154,2
engine_step_start,1780280972.3320444,1780280972.3320444,1780280972.3441138,12.069463729858398,decode,1,0,451641,0.0,0.0,0.0,0.0,0.0,0
engine_step_start,1780280972.3321457,1780280972.3321457,1780280972.3442805,12.134790420532227,decode,0,0,451640,0.0,0.0,0.0,0.0,0.0,0
engine_step_start,1780280972.3441184,1780280972.3441184,1780280972.3562388,12.120485305786133,decode,1,0,451641,0.0,0.0,0.0,0.0,0.0,0
engine_step_start,1780280972.3442872,1780280972.3442872,1780280972.356307,12.019872665405273,decode,0,0,451640,0.0,0.0,0.0,0.0,0.0,0
engine_step_start,1780280972.3562505,1780280972.3562505,1780280972.3683674,12.11690902709961,decode,1,0,451641,0.0,0.0,0.0,0.0,0.0,0
engine_step_start,1780280972.3563216,1780280972.3563216,1780280972.3684578,12.136220932006836,decode,0,0,451640,0.0,0.0,0.0,0.0,0.0,0
engine_step_start,1780280972.3683724,1780280972.3683724,1780280972.3804672,12.094736099243164,decode,1,0,451641,2.9840469360351562,0.24672278184076168,2.9840469360351562,0.24672278184076168,1.0,1
engine_step_start,1780280972.3684742,1780280972.3684742,1780280972.3806121,12.137889862060547,decode,0,0,451640,2.9840469360351562,0.2458456098998232,2.9840469360351562,0.2458456098998232,1.0,1
engine_step_start,1780280972.3804724,1780280972.3804724,1780280972.3925197,12.047290802001953,decode,1,0,451641,0.0,0.0,0.0,0.0,0.0,0
engine_step_start,1780280972.3806255,1780280972.3806255,1780280972.3926528,12.027263641357422,decode,0,0,451640,0.0,0.0,0.0,0.0,0.0,0
engine_step_start,1780280972.392524,1780280972.392524,1780280972.404654,12.130022048950195,decode,1,0,451641,0.0,0.0,0.0,0.0,0.0,0
engine_step_start,1780280972.3926592,1780280972.3926592,1780280972.4047325,12.073278427124023,decode,0,0,451640,0.0,0.0,0.0,0.0,0.0,0
engine_step_start,1780280972.4046583,1780280972.4046583,1780280972.4167018,12.043476104736328,decode,1,0,451641,0.0,0.0,0.0,0.0,0.0,0
engine_step_start,1780280972.4047458,1780280972.4047458,1780280972.4168165,12.070655822753906,decode,0,0,451640,0.0,0.0,0.0,0.0,0.0,0
engine_step_start,1780280972.4167068,1780280972.4167068,1780280972.4288404,12.133598327636719,decode,1,0,451641,0.0,0.0,0.0,0.0,0.0,0
engine_step_start,1780280972.4168227,1780280972.4168227,1780280972.4288445,12.021780014038086,decode,0,0,451640,0.0,0.0,0.0,0.0,0.0,0
engine_step_start,1780280972.4288442,1780280972.4288442,1780280972.4408572,12.012958526611328,decode,1,0,451641,0.0,0.0,0.0,0.0,0.0,0
engine_step_start,1780280972.4288514,1780280972.4288514,1780280972.4408696,12.018203735351562,decode,0,0,451640,0.0,0.0,0.0,0.0,0.0,0
engine_step_start,1780280972.4416463,1780280972.4416463,1780280972.45299,11.343717575073242,decode,0,0,451640,8.853435516357422,0.7804703755858677,8.853435516357422,0.7804703755858677,1.0,1
engine_step_start,1780280972.441849,1780280972.441849,1780280972.452983,11.133909225463867,decode,1,0,451641,8.846282958984375,0.7945352148868284,8.846282958984375,0.7945352148868284,1.0,1
engine_step_start,1780280972.4529974,1780280972.4529974,1780280972.4649768,11.979341506958008,decode,0,0,451640,2.5141239166259766,0.20987162901781273,2.5141239166259766,0.20987162901781273,1.0,1
engine_step_start,1780280972.4529986,1780280972.4529986,1780280972.4650462,12.047529220581055,decode,1,0,451641,2.5129318237304688,0.2085848291148008,2.5129318237304688,0.2085848291148008,1.0,1
engine_step_start,1780280972.4649944,1780280972.4649944,1780280972.477016,12.021541595458984,decode,0,0,451640,1.8661022186279297,0.155229859981754,1.8661022186279297,0.155229859981754,1.0,1
engine_step_start,1780280972.465055,1780280972.465055,1780280972.4769816,11.926651000976562,decode,1,0,451641,1.8661022186279297,0.15646489684951223,1.8661022186279297,0.15646489684951223,1.0,1
engine_step_start,1780280972.4769878,1780280972.4769878,1780280972.488919,11.931180953979492,decode,1,0,451641,0.0,0.0,0.0,0.0,0.0,0
engine_step_start,1780280972.4770312,1780280972.4770312,1780280972.4890428,12.011528015136719,decode,0,0,451640,0.0,0.0,0.0,0.0,0.0,0
engine_step_start,1780280972.4889307,1780280972.4889307,1780280972.500927,11.996269226074219,decode,1,0,451641,0.0,0.0,0.0,0.0,0.0,0
engine_step_start,1780280972.489049,1780280972.489049,1780280972.5010803,12.031316757202148,decode,0,0,451640,0.0,0.0,0.0,0.0,0.0,0
engine_step_start,1780280972.5009317,1780280972.5009317,1780280972.5130932,12.161493301391602,decode,1,0,451641,0.0,0.0,0.0,0.0,0.0,0
engine_step_start,1780280972.5010948,1780280972.5010948,1780280972.5130777,11.982917785644531,decode,0,0,451640,0.0,0.0,0.0,0.0,0.0,0
engine_step_start,1780280972.5130842,1780280972.5130842,1780280972.525162,12.077808380126953,decode,0,0,451640,0.0,0.0,0.0,0.0,0.0,0
engine_step_start,1780280972.5130992,1780280972.5130992,1780280972.5250201,11.920928955078125,decode,1,0,451641,0.0,0.0,0.0,0.0,0.0,0
engine_step_start,1780280972.525032,1780280972.525032,1780280972.5370924,12.060403823852539,decode,1,0,451641,0.0,0.0,0.0,0.0,0.0,0
engine_step_start,1780280972.5251687,1780280972.5251687,1780280972.5370584,11.88969612121582,decode,0,0,451640,0.0,0.0,0.0,0.0,0.0,0
engine_step_start,1780280972.5370643,1780280972.5370643,1780280972.5491269,12.062549591064453,decode,0,0,451640,0.0,0.0,0.0,0.0,0.0,0
engine_step_start,1780280972.5370975,1780280972.5370975,1780280972.5490038,11.90638542175293,decode,1,0,451641,0.0,0.0,0.0,0.0,0.0,0
engine_step_start,1780280972.5490086,1780280972.5490086,1780280972.5610576,12.048959732055664,decode,1,0,451641,0.0,0.0,0.0,0.0,0.0,0
engine_step_start,1780280972.5491328,1780280972.5491328,1780280972.5611305,11.997699737548828,decode,0,0,451640,0.0,0.0,0.0,0.0,0.0,0
engine_step_start,1780280972.5610738,1780280972.5610738,1780280972.5730405,11.966705322265625,decode,1,0,451641,9.472846984863281,0.7916002550207204,9.472846984863281,0.7916002550207204,1.0,1
engine_step_start,1780280972.5611367,1780280972.5611367,1780280972.5731847,12.048006057739258,decode,0,0,451640,9.617090225219727,0.7982308590426058,9.617090225219727,0.7982308590426058,1.0,1
engine_step_start,1780280972.5730531,1780280972.5730531,1780280972.588031,14.97793197631836,decode,1,0,451641,15.616893768310547,1.042660214574512,14.97793197631836,1.0,1.042660214574512,2
engine_step_start,1780280972.573202,1780280972.573202,1780280972.5879202,14.718294143676758,decode,0,0,451640,15.357255935668945,1.0434127614079989,14.718294143676758,1.0,1.0434127614079989,2
engine_step_start,1780280972.5879343,1780280972.5879343,1780280972.6001132,12.178897857666016,decode,0,0,451640,5.768299102783203,0.47363063309972203,4.286289215087891,0.35194393328373985,1.3457559239069974,2
engine_step_start,1780280972.5880518,1780280972.5880518,1780280972.59995,11.898279190063477,decode,1,0,451641,5.650758743286133,0.4749223524696924,4.16874885559082,0.3503656948201583,1.355504718329997,2
engine_step_start,1780280972.5999615,1780280972.5999615,1780280972.6121268,12.165307998657227,decode,1,0,451641,0.0,0.0,0.0,0.0,0.0,0
engine_step_start,1780280972.60012,1780280972.60012,1780280972.6121352,12.015104293823242,decode,0,0,451640,0.0,0.0,0.0,0.0,0.0,0
engine_step_start,1780280972.6121316,1780280972.6121316,1780280972.624098,11.966466903686523,decode,1,0,451641,9.45734977722168,0.7903209738797793,9.45734977722168,0.7903209738797793,1.0,1
engine_step_start,1780280972.6121595,1780280972.6121595,1780280972.62423,12.070417404174805,decode,0,0,451640,9.589195251464844,0.7944377506073834,9.589195251464844,0.7944377506073834,1.0,1
engine_step_start,1780280972.6241102,1780280972.6241102,1780280972.6362758,12.165546417236328,decode,1,0,451641,2.7484893798828125,0.2259240387253557,2.7484893798828125,0.2259240387253557,1.0,1
engine_step_start,1780280972.6242433,1780280972.6242433,1780280972.6364121,12.16888427734375,decode,0,0,451640,2.6154518127441406,0.2149294670846395,2.6154518127441406,0.2149294670846395,1.0,1
engine_step_start,1780280972.6362906,1780280972.6362906,1780280972.6483963,12.105703353881836,decode,1,0,451641,1.4491081237792969,0.11970457902511078,1.4491081237792969,0.11970457902511078,1.0,1
engine_step_start,1780280972.6364186,1780280972.6364186,1780280972.6485384,12.119770050048828,decode,0,0,451640,1.4491081237792969,0.11956564504072077,1.4491081237792969,0.11956564504072077,1.0,1
engine_step_start,1780280972.648408,1780280972.648408,1780280972.6605296,12.12167739868164,decode,1,0,451641,0.0,0.0,0.0,0.0,0.0,0
engine_step_start,1780280972.6485448,1780280972.6485448,1780280972.6605883,12.043476104736328,decode,0,0,451640,0.0,0.0,0.0,0.0,0.0,0
engine_step_start,1780280972.6605349,1780280972.6605349,1780280972.6726031,12.06827163696289,decode,1,0,451641,0.0,0.0,0.0,0.0,0.0,0
engine_step_start,1780280972.6606016,1780280972.6606016,1780280972.6726835,12.08186149597168,decode,0,0,451640,0.0,0.0,0.0,0.0,0.0,0
engine_step_start,1780280972.6726124,1780280972.6726124,1780280972.6846995,12.087106704711914,decode,1,0,451641,0.0,0.0,0.0,0.0,0.0,0
engine_step_start,1780280972.6726897,1780280972.6726897,1780280972.6847844,12.094736099243164,decode,0,0,451640,0.0,0.0,0.0,0.0,0.0,0
engine_step_start,1780280972.68471,1780280972.68471,1780280972.6968591,12.14909553527832,decode,1,0,451641,0.0,0.0,0.0,0.0,0.0,0
engine_step_start,1780280972.6847904,1780280972.6847904,1780280972.696942,12.151718139648438,decode,0,0,451640,0.0,0.0,0.0,0.0,0.0,0
engine_step_start,1780280972.6968641,1780280972.6968641,1780280972.708912,12.047767639160156,decode,1,0,451641,0.0,0.0,0.0,0.0,0.0,0
engine_step_start,1780280972.6969485,1780280972.6969485,1780280972.709096,12.14742660522461,decode,0,0,451640,0.0,0.0,0.0,0.0,0.0,0
engine_step_start,1780280972.708917,1780280972.708917,1780280972.7210784,12.161493301391602,decode,1,0,451641,0.0,0.0,0.0,0.0,0.0,0
engine_step_start,1780280972.7091024,1780280972.7091024,1780280972.721296,12.193679809570312,decode,0,0,451640,0.0,0.0,0.0,0.0,0.0,0
engine_step_start,1780280972.7210827,1780280972.7210827,1780280972.733394,12.311220169067383,decode,1,0,451641,0.0,0.0,0.0,0.0,0.0,0
engine_step_start,1780280972.7213023,1780280972.7213023,1780280972.7335632,12.260913848876953,decode,0,0,451640,0.0,0.0,0.0,0.0,0.0,0
engine_step_start,1780280972.7333994,1780280972.7333994,1780280972.7457097,12.310266494750977,decode,1,0,451641,0.0,0.0,0.0,0.0,0.0,0
engine_step_start,1780280972.7335696,1780280972.7335696,1780280972.7457323,12.16268539428711,decode,0,0,451640,0.0,0.0,0.0,0.0,0.0,0
engine_step_start,1780280972.745725,1780280972.745725,1780280972.7578323,12.107372283935547,decode,1,0,451641,1.483917236328125,0.12256311291402465,1.483917236328125,0.12256311291402465,1.0,1
engine_step_start,1780280972.7457383,1780280972.7457383,1780280972.757886,12.147665023803711,decode,0,0,451640,1.483917236328125,0.12215658181389963,1.483917236328125,0.12215658181389963,1.0,1
engine_step_start,1780280972.7578447,1780280972.7578447,1780280972.7699966,12.151956558227539,decode,1,0,451641,0.0,0.0,0.0,0.0,0.0,0
engine_step_start,1780280972.7578924,1780280972.7578924,1780280972.7701087,12.216329574584961,decode,0,0,451640,0.0,0.0,0.0,0.0,0.0,0
engine_step_start,1780280972.770002,1780280972.770002,1780280972.7820914,12.08949089050293,decode,1,0,451641,0.0,0.0,0.0,0.0,0.0,0
engine_step_start,1780280972.7701147,1780280972.7701147,1780280972.782247,12.132406234741211,decode,0,0,451640,0.0,0.0,0.0,0.0,0.0,0
engine_step_start,1780280972.782104,1780280972.782104,1780280972.7942424,12.13836669921875,decode,1,0,451641,0.0,0.0,0.0,0.0,0.0,0
engine_step_start,1780280972.7822626,1780280972.7822626,1780280972.7942958,12.033224105834961,decode,0,0,451640,0.0,0.0,0.0,0.0,0.0,0
engine_step_start,1780280972.7942486,1780280972.7942486,1780280972.8064125,12.163877487182617,decode,1,0,451641,0.0,0.0,0.0,0.0,0.0,0
engine_step_start,1780280972.7943022,1780280972.7943022,1780280972.8064625,12.160301208496094,decode,0,0,451640,0.0,0.0,0.0,0.0,0.0,0
engine_step_start,1780280972.8064175,1780280972.8064175,1780280972.8186753,12.257814407348633,decode,1,0,451641,0.0,0.0,0.0,0.0,0.0,0
engine_step_start,1780280972.8064687,1780280972.8064687,1780280972.8186057,12.13693618774414,decode,0,0,451640,0.0,0.0,0.0,0.0,0.0,0
engine_step_start,1780280972.8186123,1780280972.8186123,1780280972.8307948,12.182474136352539,decode,0,0,451640,1.4410018920898438,0.11828483081198504,1.4410018920898438,0.11828483081198504,1.0,1
engine_step_start,1780280972.8186958,1780280972.8186958,1780280972.830662,11.966228485107422,decode,1,0,451641,1.4410018920898438,0.12042239489938235,1.4410018920898438,0.12042239489938235,1.0,1
engine_step_start,1780280972.8312292,1780280972.8312292,1780280972.8428662,11.636972427368164,decode,0,0,451640,0.0,0.0,0.0,0.0,0.0,0
engine_step_start,1780280972.8312547,1780280972.8312547,1780280972.842895,11.640310287475586,decode,1,0,451641,0.0,0.0,0.0,0.0,0.0,0
engine_step_start,1780280972.8428733,1780280972.8428733,1780280972.8550825,12.209177017211914,decode,0,0,451640,0.0,0.0,0.0,0.0,0.0,0
engine_step_start,1780280972.8429003,1780280972.8429003,1780280972.8550572,12.156963348388672,decode,1,0,451641,0.0,0.0,0.0,0.0,0.0,0
engine_step_start,1780280972.8550694,1780280972.8550694,1780280972.8672574,12.187957763671875,decode,1,0,451641,0.0,0.0,0.0,0.0,0.0,0
engine_step_start,1780280972.8550887,1780280972.8550887,1780280972.8672779,12.189149856567383,decode,0,0,451640,0.0,0.0,0.0,0.0,0.0,0
engine_step_start,1780280972.8672729,1780280972.8672729,1780280972.8793633,12.090444564819336,decode,1,0,451641,5.738019943237305,0.47459131154976236,2.9778480529785156,0.24629764745321528,1.9269015212169736,2
engine_step_start,1780280972.8672948,1780280972.8672948,1780280972.8794682,12.17341423034668,decode,0,0,451640,5.738019943237305,0.4713566658179753,2.9778480529785156,0.24461897021093246,1.9269015212169736,2
engine_step_start,1780280972.879376,1780280972.879376,1780280972.8914633,12.087345123291016,decode,1,0,451641,0.0,0.0,0.0,0.0,0.0,0
engine_step_start,1780280972.8794832,1780280972.8794832,1780280972.8916316,12.148380279541016,decode,0,0,451640,0.0,0.0,0.0,0.0,0.0,0
engine_step_start,1780280972.8914685,1780280972.8914685,1780280972.9036353,12.166738510131836,decode,1,0,451641,0.0,0.0,0.0,0.0,0.0,0
engine_step_start,1780280972.8916385,1780280972.8916385,1780280972.9038045,12.166023254394531,decode,0,0,451640,0.0,0.0,0.0,0.0,0.0,0
engine_step_start,1780280972.9036462,1780280972.9036462,1780280972.915864,12.21776008605957,decode,1,0,451641,9.538412094116211,0.7807005561518197,9.538412094116211,0.7807005561518197,1.0,1
engine_step_start,1780280972.9038289,1780280972.9038289,1780280972.9158888,12.059926986694336,decode,0,0,451640,9.563207626342773,0.7929739240456279,9.563207626342773,0.7929739240456279,1.0,1
engine_step_start,1780280972.9158695,1780280972.9158695,1780280972.9279706,12.101173400878906,decode,1,0,451641,2.740144729614258,0.2264362833950666,2.740144729614258,0.2264362833950666,1.0,1
engine_step_start,1780280972.9159029,1780280972.9159029,1780280972.9279737,12.070894241333008,decode,0,0,451640,2.706766128540039,0.22423907246834818,2.706766128540039,0.22423907246834818,1.0,1
engine_step_start,1780280972.927976,1780280972.927976,1780280972.939971,11.995077133178711,decode,1,0,451641,0.0,0.0,0.0,0.0,0.0,0
engine_step_start,1780280972.9279807,1780280972.9279807,1780280972.94013,12.149333953857422,decode,0,0,451640,0.0,0.0,0.0,0.0,0.0,0
engine_step_start,1780280972.9399855,1780280972.9399855,1780280972.9522681,12.282609939575195,decode,1,0,451641,2.866983413696289,0.23341809499776772,2.866983413696289,0.23341809499776772,1.0,1
engine_step_start,1780280972.9401367,1780280972.9401367,1780280972.9521995,12.062788009643555,decode,0,0,451640,2.866983413696289,0.23767170669038443,2.866983413696289,0.23767170669038443,1.0,1
engine_step_start,1780280972.9522135,1780280972.9522135,1780280972.964381,12.16745376586914,decode,0,0,451640,0.0,0.0,0.0,0.0,0.0,0
engine_step_start,1780280972.9522817,1780280972.9522817,1780280972.9643576,12.07590103149414,decode,1,0,451641,0.0,0.0,0.0,0.0,0.0,0
engine_step_start,1780280972.9643621,1780280972.9643621,1780280972.9766557,12.293577194213867,decode,1,0,451641,0.0,0.0,0.0,0.0,0.0,0
engine_step_start,1780280972.9643872,1780280972.9643872,1780280972.9765224,12.13526725769043,decode,0,0,451640,0.0,0.0,0.0,0.0,0.0,0
engine_step_start,1780280972.976529,1780280972.976529,1780280972.9887295,12.200593948364258,decode,0,0,451640,0.0,0.0,0.0,0.0,0.0,0
engine_step_start,1780280972.97667,1780280972.97667,1780280972.988628,11.957883834838867,decode,1,0,451641,0.0,0.0,0.0,0.0,0.0,0
engine_step_start,1780280972.9886324,1780280972.9886324,1780280973.000801,12.168645858764648,decode,1,0,451641,0.0,0.0,0.0,0.0,0.0,0
engine_step_start,1780280972.9887362,1780280972.9887362,1780280973.0009296,12.193441390991211,decode,0,0,451640,0.0,0.0,0.0,0.0,0.0,0
engine_step_start,1780280973.0008063,1780280973.0008063,1780280973.0129273,12.120962142944336,decode,1,0,451641,0.0,0.0,0.0,0.0,0.0,0
engine_step_start,1780280973.000936,1780280973.000936,1780280973.0129893,12.053251266479492,decode,0,0,451640,0.0,0.0,0.0,0.0,0.0,0
engine_step_start,1780280973.0129316,1780280973.0129316,1780280973.0251565,12.224912643432617,decode,1,0,451641,0.0,0.0,0.0,0.0,0.0,0
engine_step_start,1780280973.0129957,1780280973.0129957,1780280973.0252097,12.213945388793945,decode,0,0,451640,0.0,0.0,0.0,0.0,0.0,0
engine_step_start,1780280973.025173,1780280973.025173,1780280973.037411,12.238025665283203,decode,1,0,451641,9.695291519165039,0.7922267679719462,9.695291519165039,0.7922267679719462,1.0,1
engine_step_start,1780280973.025216,1780280973.025216,1780280973.0373957,12.17961311340332,decode,0,0,451640,9.680032730102539,0.7947734168542625,9.680032730102539,0.7947734168542625,1.0,1
engine_step_start,1780280973.0374026,1780280973.0374026,1780280973.052515,15.11240005493164,decode,0,0,451640,15.11240005493164,1.0,15.11240005493164,1.0,1.0,1
engine_step_start,1780280973.0374238,1780280973.0374238,1780280973.052522,15.098094940185547,decode,1,0,451641,15.098094940185547,1.0,15.098094940185547,1.0,1.0,1
engine_step_start,1780280973.0525212,1780280973.0525212,1780280973.0647163,12.195110321044922,decode,0,0,451640,3.3113956451416016,0.2715347018572825,2.895355224609375,0.23741935483870968,1.1436923583662715,2
engine_step_start,1780280973.0525374,1780280973.0525374,1780280973.0645797,12.04228401184082,decode,1,0,451641,3.2951831817626953,0.27363440178978005,2.8791427612304688,0.23908610346670892,1.1445014905597881,2
engine_step_start,1780280973.0645914,1780280973.0645914,1780280973.0766501,12.058734893798828,decode,1,0,451641,0.0,0.0,0.0,0.0,0.0,0
engine_step_start,1780280973.064723,1780280973.064723,1780280973.0767584,12.035369873046875,decode,0,0,451640,0.0,0.0,0.0,0.0,0.0,0
engine_step_start,1780280973.0766544,1780280973.0766544,1780280973.0887835,12.129068374633789,decode,1,0,451641,0.0,0.0,0.0,0.0,0.0,0
engine_step_start,1780280973.0767648,1780280973.0767648,1780280973.0888216,12.056827545166016,decode,0,0,451640,0.0,0.0,0.0,0.0,0.0,0
engine_step_start,1780280973.088799,1780280973.088799,1780280973.1007726,11.97361946105957,decode,1,0,451641,0.0,0.0,0.0,0.0,0.0,0
engine_step_start,1780280973.088828,1780280973.088828,1780280973.1009598,12.131690979003906,decode,0,0,451640,0.0,0.0,0.0,0.0,0.0,0
engine_step_start,1780280973.1007767,1780280973.1007767,1780280973.1131537,12.377023696899414,decode,1,0,451641,0.0,0.0,0.0,0.0,0.0,0
engine_step_start,1780280973.1009665,1780280973.1009665,1780280973.1129603,11.993885040283203,decode,0,0,451640,0.0,0.0,0.0,0.0,0.0,0
engine_step_start,1780280973.1129665,1780280973.1129665,1780280973.1250765,12.109994888305664,decode,0,0,451640,0.0,0.0,0.0,0.0,0.0,0
engine_step_start,1780280973.1131694,1780280973.1131694,1780280973.1251073,11.937856674194336,decode,1,0,451641,0.0,0.0,0.0,0.0,0.0,0
engine_step_start,1780280973.125083,1780280973.125083,1780280973.1372674,12.184381484985352,decode,0,0,451640,0.0,0.0,0.0,0.0,0.0,0
engine_step_start,1780280973.1251147,1780280973.1251147,1780280973.137169,12.054204940795898,decode,1,0,451641,0.0,0.0,0.0,0.0,0.0,0
engine_step_start,1780280973.1371827,1780280973.1371827,1780280973.1492827,12.099981307983398,decode,1,0,451641,0.0,0.0,0.0,0.0,0.0,0
engine_step_start,1780280973.1372733,1780280973.1372733,1780280973.1494358,12.162446975708008,decode,0,0,451640,0.0,0.0,0.0,0.0,0.0,0
engine_step_start,1780280973.1492894,1780280973.1492894,1780280973.1613576,12.06827163696289,decode,1,0,451641,0.0,0.0,0.0,0.0,0.0,0
engine_step_start,1780280973.1494427,1780280973.1494427,1780280973.1614845,12.041807174682617,decode,0,0,451640,0.0,0.0,0.0,0.0,0.0,0
engine_step_start,1780280973.161363,1780280973.161363,1780280973.1734977,12.134790420532227,decode,1,0,451641,9.109973907470703,0.7507318702477552,9.109973907470703,0.7507318702477552,1.0,1
engine_step_start,1780280973.1615021,1780280973.1615021,1780280973.1735127,12.010574340820312,decode,0,0,451640,9.124994277954102,0.759746704780054,9.124994277954102,0.759746704780054,1.0,1
engine_step_start,1780280973.173507,1780280973.173507,1780280973.1969602,23.453235626220703,decode,1,0,451641,23.453235626220703,1.0,23.453235626220703,1.0,1.0,1
engine_step_start,1780280973.1735284,1780280973.1735284,1780280973.1970463,23.517847061157227,decode,0,0,451640,23.517847061157227,1.0,23.517847061157227,1.0,1.0,1
engine_step_start,1780280973.1969783,1780280973.1969783,1780280973.2090385,12.060165405273438,decode,1,0,451641,5.029439926147461,0.41702910011070693,4.815340042114258,0.39927645105171594,1.0444620488191316,2
engine_step_start,1780280973.197052,1780280973.197052,1780280973.2091131,12.061119079589844,decode,0,0,451640,4.955768585205078,0.4108879576184075,4.741668701171875,0.393136712263778,1.045152855993564,2
engine_step_start,1780280973.2090518,1780280973.2090518,1780280973.221187,12.13526725769043,decode,1,0,451641,0.0,0.0,0.0,0.0,0.0,0
engine_step_start,1780280973.2091193,1780280973.2091193,1780280973.221187,12.067794799804688,decode,0,0,451640,0.0,0.0,0.0,0.0,0.0,0
engine_step_start,1780280973.2211933,1780280973.2211933,1780280973.2331607,11.96742057800293,decode,1,0,451641,0.0,0.0,0.0,0.0,0.0,0
engine_step_start,1780280973.2211936,1780280973.2211936,1780280973.233326,12.132406234741211,decode,0,0,451640,0.0,0.0,0.0,0.0,0.0,0
engine_step_start,1780280973.2339833,1780280973.2339833,1780280973.2453244,11.341094970703125,decode,0,0,451640,0.0,0.0,0.0,0.0,0.0,0
engine_step_start,1780280973.2340114,1780280973.2340114,1780280973.2451754,11.163949966430664,decode,1,0,451641,0.0,0.0,0.0,0.0,0.0,0
engine_step_start,1780280973.2451813,1780280973.2451813,1780280973.2572684,12.087106704711914,decode,1,0,451641,0.0,0.0,0.0,0.0,0.0,0
engine_step_start,1780280973.2453313,1780280973.2453313,1780280973.2574666,12.13526725769043,decode,0,0,451640,0.0,0.0,0.0,0.0,0.0,0
engine_step_start,1780280973.2572737,1780280973.2572737,1780280973.2692575,11.983871459960938,decode,1,0,451641,0.0,0.0,0.0,0.0,0.0,0
engine_step_start,1780280973.2574766,1780280973.2574766,1780280973.2695103,12.033700942993164,decode,0,0,451640,0.0,0.0,0.0,0.0,0.0,0
engine_step_start,1780280973.2692618,1780280973.2692618,1780280973.2814806,12.218713760375977,decode,1,0,451641,0.0,0.0,0.0,0.0,0.0,0
engine_step_start,1780280973.2695262,1780280973.2695262,1780280973.2816296,12.10331916809082,decode,0,0,451640,0.0,0.0,0.0,0.0,0.0,0
engine_step_start,1780280973.281486,1780280973.281486,1780280973.2935483,12.062311172485352,decode,1,0,451641,0.0,0.0,0.0,0.0,0.0,0
engine_step_start,1780280973.2816386,1780280973.2816386,1780280973.2937233,12.084722518920898,decode,0,0,451640,0.0,0.0,0.0,0.0,0.0,0
engine_step_start,1780280973.2935536,1780280973.2935536,1780280973.3055239,11.970281600952148,decode,1,0,451641,0.0,0.0,0.0,0.0,0.0,0
engine_step_start,1780280973.2937298,1780280973.2937298,1780280973.3056722,11.942386627197266,decode,0,0,451640,0.0,0.0,0.0,0.0,0.0,0
engine_step_start,1780280973.3055284,1780280973.3055284,1780280973.3175907,12.062311172485352,decode,1,0,451641,0.0,0.0,0.0,0.0,0.0,0
engine_step_start,1780280973.3056784,1780280973.3056784,1780280973.3176813,12.002944946289062,decode,0,0,451640,0.0,0.0,0.0,0.0,0.0,0
engine_step_start,1780280973.317597,1780280973.317597,1780280973.329604,12.006998062133789,decode,1,0,451641,0.0,0.0,0.0,0.0,0.0,0
engine_step_start,1780280973.3176877,1780280973.3176877,1780280973.3296022,11.914491653442383,decode,0,0,451640,0.0,0.0,0.0,0.0,0.0,0
engine_step_start,1780280973.3296084,1780280973.3296084,1780280973.3417478,12.139320373535156,decode,0,0,451640,0.0,0.0,0.0,0.0,0.0,0
engine_step_start,1780280973.3296094,1780280973.3296094,1780280973.3415751,11.965751647949219,decode,1,0,451641,0.0,0.0,0.0,0.0,0.0,0
engine_step_start,1780280973.34158,1780280973.34158,1780280973.3537385,12.158632278442383,decode,1,0,451641,0.0,0.0,0.0,0.0,0.0,0
engine_step_start,1780280973.3417542,1780280973.3417542,1780280973.353831,12.076854705810547,decode,0,0,451640,0.0,0.0,0.0,0.0,0.0,0
engine_step_start,1780280973.3537436,1780280973.3537436,1780280973.365951,12.207508087158203,decode,1,0,451641,0.0,0.0,0.0,0.0,0.0,0
engine_step_start,1780280973.3538373,1780280973.3538373,1780280973.3659644,12.127161026000977,decode,0,0,451640,0.0,0.0,0.0,0.0,0.0,0
engine_step_start,1780280973.3659556,1780280973.3659556,1780280973.3779638,12.008190155029297,decode,1,0,451641,0.0,0.0,0.0,0.0,0.0,0
engine_step_start,1780280973.3659706,1780280973.3659706,1780280973.3780866,12.115955352783203,decode,0,0,451640,0.0,0.0,0.0,0.0,0.0,0
engine_step_start,1780280973.3779685,1780280973.3779685,1780280973.3899853,12.016773223876953,decode,1,0,451641,0.0,0.0,0.0,0.0,0.0,0
engine_step_start,1780280973.378093,1780280973.378093,1780280973.3901396,12.046575546264648,decode,0,0,451640,0.0,0.0,0.0,0.0,0.0,0
engine_step_start,1780280973.3899896,1780280973.3899896,1780280973.4022288,12.239217758178711,decode,1,0,451641,0.0,0.0,0.0,0.0,0.0,0
engine_step_start,1780280973.3901463,1780280973.3901463,1780280973.4023187,12.172460556030273,decode,0,0,451640,0.0,0.0,0.0,0.0,0.0,0
engine_step_start,1780280973.4022439,1780280973.4022439,1780280973.4142523,12.008428573608398,decode,1,0,451641,1.4679431915283203,0.12224273830087161,1.4679431915283203,0.12224273830087161,1.0,1
engine_step_start,1780280973.4023252,1780280973.4023252,1780280973.4143958,12.070655822753906,decode,0,0,451640,1.4679431915283203,0.12161254641700245,1.4679431915283203,0.12161254641700245,1.0,1
engine_step_start,1780280973.414266,1780280973.414266,1780280973.426388,12.121915817260742,decode,1,0,451641,0.0,0.0,0.0,0.0,0.0,0
engine_step_start,1780280973.4144018,1780280973.4144018,1780280973.426476,12.07423210144043,decode,0,0,451640,0.0,0.0,0.0,0.0,0.0,0
engine_step_start,1780280973.426395,1780280973.426395,1780280973.4383705,11.975526809692383,decode,1,0,451641,0.0,0.0,0.0,0.0,0.0,0
engine_step_start,1780280973.4264822,1780280973.4264822,1780280973.4385078,12.025594711303711,decode,0,0,451640,0.0,0.0,0.0,0.0,0.0,0
engine_step_start,1780280973.4383833,1780280973.4383833,1780280973.450467,12.083768844604492,decode,1,0,451641,5.853891372680664,0.48444251524179704,5.853891372680664,0.48444251524179704,1.0,1
engine_step_start,1780280973.4385335,1780280973.4385335,1780280973.4505801,12.046575546264648,decode,0,0,451640,5.853891372680664,0.48593821125338926,5.853891372680664,0.48593821125338926,1.0,1
engine_step_start,1780280973.4504786,1780280973.4504786,1780280973.4625838,12.105226516723633,decode,1,0,451641,0.0,0.0,0.0,0.0,0.0,0
engine_step_start,1780280973.450594,1780280973.450594,1780280973.4626048,12.010812759399414,decode,0,0,451640,0.0,0.0,0.0,0.0,0.0,0
engine_step_start,1780280973.4625888,1780280973.4625888,1780280973.474727,12.138128280639648,decode,1,0,451641,0.0,0.0,0.0,0.0,0.0,0
engine_step_start,1780280973.4626114,1780280973.4626114,1780280973.4747941,12.18271255493164,decode,0,0,451640,0.0,0.0,0.0,0.0,0.0,0
engine_step_start,1780280973.4747396,1780280973.4747396,1780280973.4869893,12.24970817565918,decode,1,0,451641,0.0,0.0,0.0,0.0,0.0,0
engine_step_start,1780280973.4748082,1780280973.4748082,1780280973.4870226,12.214422225952148,decode,0,0,451640,0.0,0.0,0.0,0.0,0.0,0
engine_step_start,1780280973.4870067,1780280973.4870067,1780280973.4991033,12.096643447875977,decode,1,0,451641,3.5140514373779297,0.29049805861600014,3.5140514373779297,0.29049805861600014,1.0,1
engine_step_start,1780280973.487037,1780280973.487037,1780280973.4991643,12.127399444580078,decode,0,0,451640,3.5140514373779297,0.2897613337003106,3.5140514373779297,0.2897613337003106,1.0,1
engine_step_start,1780280973.4991143,1780280973.4991143,1780280973.5115163,12.402057647705078,decode,1,0,451641,0.0,0.0,0.0,0.0,0.0,0
engine_step_start,1780280973.4991713,1780280973.4991713,1780280973.5114853,12.314081192016602,decode,0,0,451640,0.0,0.0,0.0,0.0,0.0,0
engine_step_start,1780280973.5114918,1780280973.5114918,1780280973.5236936,12.201786041259766,decode,0,0,451640,5.589962005615234,0.4581265387471179,5.589962005615234,0.4581265387471179,1.0,1
engine_step_start,1780280973.511533,1780280973.511533,1780280973.5235934,12.060403823852539,decode,1,0,451641,5.589962005615234,0.4634970841158446,5.589962005615234,0.4634970841158446,1.0,1
engine_step_start,1780280973.523607,1780280973.523607,1780280973.5358264,12.219429016113281,decode,1,0,451641,9.69386100769043,0.7933153828143292,9.69386100769043,0.7933153828143292,1.0,1
engine_step_start,1780280973.5237105,1780280973.5237105,1780280973.5358982,12.187719345092773,decode,0,0,451640,9.765625,0.8012676304309552,9.765625,0.8012676304309552,1.0,1
engine_step_start,1780280973.5358417,1780280973.5358417,1780280973.5480034,12.161731719970703,decode,1,0,451641,4.249811172485352,0.3494412860223486,3.9739608764648438,0.32675945892962166,1.0694144468442524,2
engine_step_start,1780280973.535916,1780280973.535916,1780280973.5482004,12.284278869628906,decode,0,0,451640,4.175424575805664,0.33989985249592425,3.8995742797851562,0.3174442978029656,1.0707385668867693,2
engine_step_start,1780280973.5480154,1780280973.5480154,1780280973.5601065,12.09115982055664,decode,1,0,451641,0.0,0.0,0.0,0.0,0.0,0
engine_step_start,1780280973.54821,1780280973.54821,1780280973.5602245,12.014627456665039,decode,0,0,451640,0.0,0.0,0.0,0.0,0.0,0
engine_step_start,1780280973.5601108,1780280973.5601108,1780280973.572397,12.286186218261719,decode,1,0,451641,0.0,0.0,0.0,0.0,0.0,0
engine_step_start,1780280973.5602317,1780280973.5602317,1780280973.5722842,12.052536010742188,decode,0,0,451640,0.0,0.0,0.0,0.0,0.0,0
engine_step_start,1780280973.5722985,1780280973.5722985,1780280973.5844603,12.161731719970703,decode,0,0,451640,0.0,0.0,0.0,0.0,0.0,0
engine_step_start,1780280973.5724113,1780280973.5724113,1780280973.5843966,11.985301971435547,decode,1,0,451641,0.0,0.0,0.0,0.0,0.0,0
engine_step_start,1780280973.5844014,1780280973.5844014,1780280973.5965397,12.13836669921875,decode,1,0,451641,0.0,0.0,0.0,0.0,0.0,0
engine_step_start,1780280973.584467,1780280973.584467,1780280973.5967088,12.241840362548828,decode,0,0,451640,0.0,0.0,0.0,0.0,0.0,0
engine_step_start,1780280973.5965443,1780280973.5965443,1780280973.6087654,12.221097946166992,decode,1,0,451641,0.0,0.0,0.0,0.0,0.0,0
engine_step_start,1780280973.5967147,1780280973.5967147,1780280973.608841,12.12620735168457,decode,0,0,451640,0.0,0.0,0.0,0.0,0.0,0
engine_step_start,1780280973.6087694,1780280973.6087694,1780280973.6208947,12.125253677368164,decode,1,0,451641,0.0,0.0,0.0,0.0,0.0,0
engine_step_start,1780280973.608847,1780280973.608847,1780280973.6210375,12.190580368041992,decode,0,0,451640,0.0,0.0,0.0,0.0,0.0,0
engine_step_start,1780280973.6214817,1780280973.6214817,1780280973.63317,11.688232421875,decode,0,0,451640,0.0,0.0,0.0,0.0,0.0,0
engine_step_start,1780280973.6214867,1780280973.6214867,1780280973.6330352,11.548519134521484,decode,1,0,451641,0.0,0.0,0.0,0.0,0.0,0
engine_step_start,1780280973.6330402,1780280973.6330402,1780280973.6452484,12.208223342895508,decode,1,0,451641,0.0,0.0,0.0,0.0,0.0,0
engine_step_start,1780280973.633176,1780280973.633176,1780280973.6453052,12.129068374633789,decode,0,0,451640,0.0,0.0,0.0,0.0,0.0,0
engine_step_start,1780280973.6452565,1780280973.6452565,1780280973.657415,12.158393859863281,decode,1,0,451641,0.0,0.0,0.0,0.0,0.0,0
engine_step_start,1780280973.6453114,1780280973.6453114,1780280973.6575112,12.199878692626953,decode,0,0,451640,0.0,0.0,0.0,0.0,0.0,0
engine_step_start,1780280973.6574206,1780280973.6574206,1780280973.6695611,12.140512466430664,decode,1,0,451641,0.0,0.0,0.0,0.0,0.0,0
engine_step_start,1780280973.657517,1780280973.657517,1780280973.6697779,12.260913848876953,decode,0,0,451640,0.0,0.0,0.0,0.0,0.0,0
engine_step_start,1780280973.6695664,1780280973.6695664,1780280973.6818554,12.289047241210938,decode,1,0,451641,0.0,0.0,0.0,0.0,0.0,0
engine_step_start,1780280973.669784,1780280973.669784,1780280973.6819437,12.159585952758789,decode,0,0,451640,0.0,0.0,0.0,0.0,0.0,0
engine_step_start,1780280973.681861,1780280973.681861,1780280973.6940172,12.156248092651367,decode,1,0,451641,0.0,0.0,0.0,0.0,0.0,0
engine_step_start,1780280973.6819506,1780280973.6819506,1780280973.6941242,12.173652648925781,decode,0,0,451640,0.0,0.0,0.0,0.0,0.0,0
engine_step_start,1780280973.6940331,1780280973.6940331,1780280973.7063015,12.268304824829102,decode,1,0,451641,9.903907775878906,0.8072759780010494,9.903907775878906,0.8072759780010494,1.0,1
engine_step_start,1780280973.6941307,1780280973.6941307,1780280973.7063239,12.19320297241211,decode,0,0,451640,9.926319122314453,0.8140862696022838,9.926319122314453,0.8140862696022838,1.0,1
engine_step_start,1780280973.7063143,1780280973.7063143,1780280973.7185352,12.22085952758789,decode,1,0,451641,10.844230651855469,0.8873541691053104,10.804414749145508,0.8840961410901713,1.0036851512677363,2
engine_step_start,1780280973.706352,1780280973.706352,1780280973.7186081,12.256145477294922,decode,0,0,451640,10.806560516357422,0.8817258685756526,10.766744613647461,0.8784772205579116,1.003698044686552,2
engine_step_start,1780280973.7185407,1780280973.7185407,1780280973.7307236,12.182950973510742,decode,1,0,451641,0.0,0.0,0.0,0.0,0.0,0
engine_step_start,1780280973.7186236,1780280973.7186236,1780280973.7309155,12.291908264160156,decode,0,0,451640,0.0,0.0,0.0,0.0,0.0,0
engine_step_start,1780280973.730739,1780280973.730739,1780280973.742993,12.253999710083008,decode,1,0,451641,1.5039443969726562,0.12273089869058505,1.5039443969726562,0.12273089869058505,1.0,1
engine_step_start,1780280973.7309222,1780280973.7309222,1780280973.743039,12.116670608520508,decode,0,0,451640,1.5039443969726562,0.1241219181047205,1.5039443969726562,0.1241219181047205,1.0,1
engine_step_start,1780280973.7430086,1780280973.7430086,1780280973.7552125,12.20393180847168,decode,1,0,451641,1.847982406616211,0.15142516654619337,1.847982406616211,0.15142516654619337,1.0,1
engine_step_start,1780280973.7430677,1780280973.7430677,1780280973.755261,12.19320297241211,decode,0,0,451640,1.847982406616211,0.1515584060068046,1.847982406616211,0.1515584060068046,1.0,1
engine_step_start,1780280973.7552285,1780280973.7552285,1780280973.7673674,12.138843536376953,decode,1,0,451641,1.4278888702392578,0.11762972856188868,1.4278888702392578,0.11762972856188868,1.0,1
engine_step_start,1780280973.755275,1780280973.755275,1780280973.767538,12.263059616088867,decode,0,0,451640,1.4278888702392578,0.1164382229999028,1.4278888702392578,0.1164382229999028,1.0,1
engine_step_start,1780280973.767379,1780280973.767379,1780280973.779547,12.167930603027344,decode,1,0,451641,1.8219947814941406,0.1497374402382632,1.8219947814941406,0.1497374402382632,1.0,1
engine_step_start,1780280973.7675533,1780280973.7675533,1780280973.779612,12.058734893798828,decode,0,0,451640,1.8219947814941406,0.1510933607497331,1.8219947814941406,0.1510933607497331,1.0,1
engine_step_start,1780280973.7795522,1780280973.7795522,1780280973.7918854,12.333154678344727,decode,1,0,451641,0.0,0.0,0.0,0.0,0.0,0
engine_step_start,1780280973.7796257,1780280973.7796257,1780280973.7920253,12.399673461914062,decode,0,0,451640,0.0,0.0,0.0,0.0,0.0,0
engine_step_start,1780280973.7919078,1780280973.7919078,1780280973.8042495,12.341737747192383,decode,1,0,451641,9.713888168334961,0.7870762097942625,9.713888168334961,0.7870762097942625,1.0,1
engine_step_start,1780280973.792032,1780280973.792032,1780280973.8042371,12.205123901367188,decode,0,0,451640,9.70149040222168,0.7948702922331614,9.70149040222168,0.7948702922331614,1.0,1
engine_step_start,1780280973.8042505,1780280973.8042505,1780280973.8167489,12.49837875366211,decode,0,0,451640,12.49837875366211,1.0,12.49837875366211,1.0,1.0,1
engine_step_start,1780280973.8042612,1780280973.8042612,1780280973.8166118,12.35055923461914,decode,1,0,451641,12.35055923461914,1.0,12.35055923461914,1.0,1.0,1
engine_step_start,1780280973.8166184,1780280973.8166184,1780280973.8290095,12.391090393066406,decode,1,0,451641,2.5222301483154297,0.20355191256830601,2.5222301483154297,0.20355191256830601,1.0,1
engine_step_start,1780280973.8167553,1780280973.8167553,1780280973.8290424,12.287139892578125,decode,0,0,451640,2.385377883911133,0.19413613784538963,2.385377883911133,0.19413613784538963,1.0,1
engine_step_start,1780280973.829015,1780280973.829015,1780280973.8412263,12.211322784423828,decode,1,0,451641,0.0,0.0,0.0,0.0,0.0,0
engine_step_start,1780280973.829049,1780280973.829049,1780280973.8414185,12.369394302368164,decode,0,0,451640,0.0,0.0,0.0,0.0,0.0,0
engine_step_start,1780280973.8412313,1780280973.8412313,1780280973.8535461,12.314796447753906,decode,1,0,451641,0.0,0.0,0.0,0.0,0.0,0
engine_step_start,1780280973.841425,1780280973.841425,1780280973.853699,12.274026870727539,decode,0,0,451640,0.0,0.0,0.0,0.0,0.0,0
engine_step_start,1780280973.8535566,1780280973.8535566,1780280973.8659744,12.417793273925781,decode,1,0,451641,0.0,0.0,0.0,0.0,0.0,0
engine_step_start,1780280973.8537054,1780280973.8537054,1780280973.866092,12.386560440063477,decode,0,0,451640,0.0,0.0,0.0,0.0,0.0,0
engine_step_start,1780280973.8659797,1780280973.8659797,1780280973.8784313,12.451648712158203,decode,1,0,451641,0.0,0.0,0.0,0.0,0.0,0
engine_step_start,1780280973.8660986,1780280973.8660986,1780280973.8785214,12.422800064086914,decode,0,0,451640,0.0,0.0,0.0,0.0,0.0,0
engine_step_start,1780280973.8784356,1780280973.8784356,1780280973.8907897,12.354135513305664,decode,1,0,451641,0.0,0.0,0.0,0.0,0.0,0
engine_step_start,1780280973.8785274,1780280973.8785274,1780280973.8909862,12.45880126953125,decode,0,0,451640,0.0,0.0,0.0,0.0,0.0,0
engine_step_start,1780280973.890794,1780280973.890794,1780280973.903304,12.510061264038086,decode,1,0,451641,0.0,0.0,0.0,0.0,0.0,0
engine_step_start,1780280973.8909926,1780280973.8909926,1780280973.9033723,12.379646301269531,decode,0,0,451640,0.0,0.0,0.0,0.0,0.0,0
engine_step_start,1780280973.903309,1780280973.903309,1780280973.9156725,12.363433837890625,decode,1,0,451641,0.0,0.0,0.0,0.0,0.0,0
engine_step_start,1780280973.903387,1780280973.903387,1780280973.9156735,12.28642463684082,decode,0,0,451640,0.0,0.0,0.0,0.0,0.0,0
engine_step_start,1780280973.9156768,1780280973.9156768,1780280973.9279854,12.308597564697266,decode,1,0,451641,0.0,0.0,0.0,0.0,0.0,0
engine_step_start,1780280973.9156797,1780280973.9156797,1780280973.9281712,12.491464614868164,decode,0,0,451640,0.0,0.0,0.0,0.0,0.0,0
engine_step_start,1780280973.9279907,1780280973.9279907,1780280973.940425,12.434244155883789,decode,1,0,451641,0.0,0.0,0.0,0.0,0.0,0
engine_step_start,1780280973.9281857,1780280973.9281857,1780280973.940442,12.256383895874023,decode,0,0,451640,0.0,0.0,0.0,0.0,0.0,0
engine_step_start,1780280973.9404304,1780280973.9404304,1780280973.952728,12.297630310058594,decode,1,0,451641,9.786367416381836,0.7957929430011632,9.786367416381836,0.7957929430011632,1.0,1
engine_step_start,1780280973.9404585,1780280973.9404585,1780280973.9527996,12.341022491455078,decode,0,0,451640,9.857892990112305,0.7987906186005177,9.857892990112305,0.7987906186005177,1.0,1
engine_step_start,1780280973.952733,1780280973.952733,1780280973.9650438,12.31074333190918,decode,1,0,451641,12.31074333190918,1.0,12.31074333190918,1.0,1.0,1
engine_step_start,1780280973.9528139,1780280973.9528139,1780280973.965083,12.269020080566406,decode,0,0,451640,12.269020080566406,1.0,12.269020080566406,1.0,1.0,1
engine_step_start,1780280973.9650598,1780280973.9650598,1780280973.9773452,12.285470962524414,decode,1,0,451641,4.5719146728515625,0.3721399600225116,4.363775253295898,0.3551980438199849,1.0476970988362564,2
engine_step_start,1780280973.9650896,1780280973.9650896,1780280973.9773922,12.302637100219727,decode,0,0,451640,4.542112350463867,0.3691982713513304,4.333972930908203,0.3522799945737486,1.0480250852679063,2
engine_step_start,1780280973.977358,1780280973.977358,1780280973.989687,12.328863143920898,decode,1,0,451641,0.0,0.0,0.0,0.0,0.0,0
engine_step_start,1780280973.9773989,1780280973.9773989,1780280973.9897308,12.331962585449219,decode,0,0,451640,0.0,0.0,0.0,0.0,0.0,0
engine_step_start,1780280973.9896922,1780280973.9896922,1780280974.0019958,12.303590774536133,decode,1,0,451641,7.231950759887695,0.5877918806317217,7.231950759887695,0.5877918806317217,1.0,1
engine_step_start,1780280973.9897468,1780280973.9897468,1780280974.0020888,12.341976165771484,decode,0,0,451640,7.231950759887695,0.5859637599969092,7.231950759887695,0.5859637599969092,1.0,1
engine_step_start,1780280974.0020106,1780280974.0020106,1780280974.014433,12.422323226928711,decode,1,0,451641,0.0,0.0,0.0,0.0,0.0,0
engine_step_start,1780280974.0021038,1780280974.0021038,1780280974.0145051,12.401342391967773,decode,0,0,451640,0.0,0.0,0.0,0.0,0.0,0
engine_step_start,1780280974.015181,1780280974.015181,1780280974.0269034,11.722326278686523,decode,0,0,451640,0.0,0.0,0.0,0.0,0.0,0
engine_step_start,1780280974.0151918,1780280974.0151918,1780280974.0267155,11.523723602294922,decode,1,0,451641,0.0,0.0,0.0,0.0,0.0,0
engine_step_start,1780280974.0267205,1780280974.0267205,1780280974.0391529,12.432336807250977,decode,1,0,451641,0.0,0.0,0.0,0.0,0.0,0
engine_step_start,1780280974.0269191,1780280974.0269191,1780280974.0391517,12.232542037963867,decode,0,0,451640,0.0,0.0,0.0,0.0,0.0,0
engine_step_start,1780280974.0391574,1780280974.0391574,1780280974.0515707,12.413263320922852,decode,1,0,451641,0.0,0.0,0.0,0.0,0.0,0
engine_step_start,1780280974.0391586,1780280974.0391586,1780280974.0515573,12.398719787597656,decode,0,0,451640,0.0,0.0,0.0,0.0,0.0,0
engine_step_start,1780280974.0515637,1780280974.0515637,1780280974.064024,12.46023178100586,decode,0,0,451640,0.0,0.0,0.0,0.0,0.0,0
engine_step_start,1780280974.051576,1780280974.051576,1780280974.0638618,12.285947799682617,decode,1,0,451641,0.0,0.0,0.0,0.0,0.0,0
engine_step_start,1780280974.0638773,1780280974.0638773,1780280974.0762384,12.36104965209961,decode,1,0,451641,2.1169185638427734,0.1712571847394206,2.1169185638427734,0.1712571847394206,1.0,1
engine_step_start,1780280974.0640306,1780280974.0640306,1780280974.0763476,12.31694221496582,decode,0,0,451640,2.1169185638427734,0.17187046321209423,2.1169185638427734,0.17187046321209423,1.0,1
engine_step_start,1780280974.0762513,1780280974.0762513,1780280974.088645,12.393712997436523,decode,1,0,451641,0.0,0.0,0.0,0.0,0.0,0
engine_step_start,1780280974.0763614,1780280974.0763614,1780280974.0887861,12.424707412719727,decode,0,0,451640,0.0,0.0,0.0,0.0,0.0,0
engine_step_start,1780280974.0886497,1780280974.0886497,1780280974.101165,12.51530647277832,decode,1,0,451641,0.0,0.0,0.0,0.0,0.0,0
engine_step_start,1780280974.0887928,1780280974.0887928,1780280974.101128,12.33530044555664,decode,0,0,451640,0.0,0.0,0.0,0.0,0.0,0
engine_step_start,1780280974.101134,1780280974.101134,1780280974.1135495,12.415409088134766,decode,0,0,451640,0.0,0.0,0.0,0.0,0.0,0
engine_step_start,1780280974.1011784,1780280974.1011784,1780280974.113512,12.33363151550293,decode,1,0,451641,0.0,0.0,0.0,0.0,0.0,0
