ev,ts,n_sched,n_reqs,n_tokens_unpadded,n_tokens_padded,cudagraph_mode,start,end,duration_ms,role,dp,tp,pid,overlap_ms,overlap_ratio,union_overlap_ms,union_overlap_ratio,overlap_intensity,max_active_recv
forward_start,1780280964.128901,50,50,50,56,FULL,1780280964.128901,1780280964.1290877,0.18668174743652344,decode,1,0,452712,0.0,0.0,0.0,0.0,0.0,0
forward_start,1780280964.1289256,52,52,52,56,FULL,1780280964.1289256,1780280964.1291966,0.27108192443847656,decode,0,0,452715,0.0,0.0,0.0,0.0,0.0,0
forward_start,1780280964.1408339,50,50,50,56,FULL,1780280964.1408339,1780280964.14102,0.1862049102783203,decode,1,0,452712,0.0,0.0,0.0,0.0,0.0,0
forward_start,1780280964.1408403,52,52,52,56,FULL,1780280964.1408403,1780280964.1411119,0.2715587615966797,decode,0,0,452715,0.0,0.0,0.0,0.0,0.0,0
forward_start,1780280964.1530132,50,50,50,56,FULL,1780280964.1530132,1780280964.1531997,0.18644332885742188,decode,1,0,452712,0.0,0.0,0.0,0.0,0.0,0
forward_start,1780280964.1530151,52,52,52,56,FULL,1780280964.1530151,1780280964.1532838,0.26869773864746094,decode,0,0,452715,0.0,0.0,0.0,0.0,0.0,0
forward_start,1780280964.165162,52,52,52,56,FULL,1780280964.165162,1780280964.165454,0.2918243408203125,decode,0,0,452715,0.0,0.0,0.0,0.0,0.0,0
forward_start,1780280964.165184,50,50,50,56,FULL,1780280964.165184,1780280964.1653907,0.2067089080810547,decode,1,0,452712,0.0,0.0,0.0,0.0,0.0,0
forward_start,1780280964.1777093,49,49,49,56,FULL,1780280964.1777093,1780280964.1778965,0.18715858459472656,decode,1,0,452712,0.0,0.0,0.0,0.0,0.0,0
forward_start,1780280964.1777291,52,52,52,56,FULL,1780280964.1777291,1780280964.178004,0.27489662170410156,decode,0,0,452715,0.0,0.0,0.0,0.0,0.0,0
forward_start,1780280964.1898115,52,52,52,56,FULL,1780280964.1898115,1780280964.1900833,0.27179718017578125,decode,0,0,452715,0.0,0.0,0.0,0.0,0.0,0
forward_start,1780280964.1898305,49,49,49,56,FULL,1780280964.1898305,1780280964.1900213,0.19073486328125,decode,1,0,452712,0.0,0.0,0.0,0.0,0.0,0
forward_start,1780280964.2019434,49,49,49,56,FULL,1780280964.2019434,1780280964.2021306,0.18715858459472656,decode,1,0,452712,0.0,0.0,0.0,0.0,0.0,0
forward_start,1780280964.201959,52,52,52,56,FULL,1780280964.201959,1780280964.2022288,0.26988983154296875,decode,0,0,452715,0.0,0.0,0.0,0.0,0.0,0
forward_start,1780280964.2146754,49,49,49,56,FULL,1780280964.2146754,1780280964.2148678,0.19240379333496094,decode,1,0,452712,0.0,0.0,0.0,0.0,0.0,0
forward_start,1780280964.2146845,52,52,52,56,FULL,1780280964.2146845,1780280964.2149603,0.2758502960205078,decode,0,0,452715,0.0,0.0,0.0,0.0,0.0,0
forward_start,1780280964.2267704,49,49,49,56,FULL,1780280964.2267704,1780280964.2269573,0.186920166015625,decode,1,0,452712,0.0,0.0,0.0,0.0,0.0,0
forward_start,1780280964.2267733,52,52,52,56,FULL,1780280964.2267733,1780280964.227047,0.27370452880859375,decode,0,0,452715,0.0,0.0,0.0,0.0,0.0,0
forward_start,1780280964.2388055,52,52,52,56,FULL,1780280964.2388055,1780280964.239074,0.2684593200683594,decode,0,0,452715,0.0,0.0,0.0,0.0,0.0,0
forward_start,1780280964.2388806,49,49,49,56,FULL,1780280964.2388806,1780280964.2390666,0.18596649169921875,decode,1,0,452712,0.0,0.0,0.0,0.0,0.0,0
forward_start,1780280964.2511117,49,49,49,56,FULL,1780280964.2511117,1780280964.2512991,0.18739700317382812,decode,1,0,452712,0.0,0.0,0.0,0.0,0.0,0
forward_start,1780280964.2511272,52,52,52,56,FULL,1780280964.2511272,1780280964.2514243,0.2970695495605469,decode,0,0,452715,0.0,0.0,0.0,0.0,0.0,0
forward_start,1780280964.2633016,48,48,48,56,FULL,1780280964.2633016,1780280964.2635274,0.2257823944091797,decode,1,0,452712,0.06079673767089844,0.2692713833157339,0.06079673767089844,0.2692713833157339,1.0,1
forward_start,1780280964.265681,52,52,52,56,FULL,1780280964.265681,1780280964.2659595,0.278472900390625,decode,0,0,452715,0.278472900390625,1.0,0.278472900390625,1.0,1.0,1
forward_start,1780280964.2755244,52,52,52,56,FULL,1780280964.2755244,1780280964.2758029,0.278472900390625,decode,0,0,452715,0.0,0.0,0.0,0.0,0.0,0
forward_start,1780280964.275557,48,48,48,56,FULL,1780280964.275557,1780280964.2757463,0.18930435180664062,decode,1,0,452712,0.0,0.0,0.0,0.0,0.0,0
forward_start,1780280964.2879252,52,52,52,56,FULL,1780280964.2879252,1780280964.288195,0.2696514129638672,decode,0,0,452715,0.1552104949951172,0.5755968169761273,0.1552104949951172,0.5755968169761273,1.0,1
forward_start,1780280964.289601,48,48,48,56,FULL,1780280964.289601,1780280964.2897964,0.1952648162841797,decode,1,0,452712,0.0,0.0,0.0,0.0,0.0,0
forward_start,1780280964.3001003,48,48,48,56,FULL,1780280964.3001003,1780280964.3002818,0.18143653869628906,decode,1,0,452712,0.07414817810058594,0.40867279894875164,0.07414817810058594,0.40867279894875164,1.0,1
forward_start,1780280964.300901,52,52,52,56,FULL,1780280964.300901,1780280964.301191,0.29015541076660156,decode,0,0,452715,0.0,0.0,0.0,0.0,0.0,0
forward_start,1780280964.3120587,49,49,49,56,FULL,1780280964.3120587,1780280964.3122478,0.18906593322753906,decode,1,0,452712,0.0,0.0,0.0,0.0,0.0,0
forward_start,1780280964.3120654,52,52,52,56,FULL,1780280964.3120654,1780280964.3123598,0.2944469451904297,decode,0,0,452715,0.0,0.0,0.0,0.0,0.0,0
forward_start,1780280964.3247669,53,53,53,56,FULL,1780280964.3247669,1780280964.3250415,0.274658203125,decode,0,0,452715,0.0,0.0,0.0,0.0,0.0,0
forward_start,1780280964.3248143,48,48,48,56,FULL,1780280964.3248143,1780280964.3250005,0.1862049102783203,decode,1,0,452712,0.0,0.0,0.0,0.0,0.0,0
forward_start,1780280964.336477,48,48,48,56,FULL,1780280964.336477,1780280964.3366652,0.1881122589111328,decode,1,0,452712,0.0,0.0,0.0,0.0,0.0,0
forward_start,1780280964.336481,53,53,53,56,FULL,1780280964.336481,1780280964.3367558,0.274658203125,decode,0,0,452715,0.0,0.0,0.0,0.0,0.0,0
forward_start,1780280964.3489013,53,53,53,56,FULL,1780280964.3489013,1780280964.3491724,0.27108192443847656,decode,0,0,452715,0.06580352783203125,0.24274406332453827,0.06580352783203125,0.24274406332453827,1.0,1
forward_start,1780280964.3573635,48,48,48,56,FULL,1780280964.3573635,1780280964.3576858,0.3223419189453125,decode,1,0,452712,0.3223419189453125,1.0,0.3223419189453125,1.0,1.0,1
forward_start,1780280964.3609066,53,53,53,56,FULL,1780280964.3609066,1780280964.3611827,0.2760887145996094,decode,0,0,452715,0.2760887145996094,1.0,0.2760887145996094,1.0,1.0,1
forward_start,1780280964.3609257,48,48,48,56,FULL,1780280964.3609257,1780280964.361209,0.28324127197265625,decode,1,0,452712,0.28324127197265625,1.0,0.28324127197265625,1.0,1.0,1
forward_start,1780280964.3731618,48,48,48,56,FULL,1780280964.3731618,1780280964.3733711,0.20933151245117188,decode,1,0,452712,0.20933151245117188,1.0,0.20933151245117188,1.0,1.0,1
forward_start,1780280964.3731692,53,53,53,56,FULL,1780280964.3731692,1780280964.3734634,0.2942085266113281,decode,0,0,452715,0.240325927734375,0.8168557536466775,0.240325927734375,0.8168557536466775,1.0,1
forward_start,1780280964.3852158,48,48,48,56,FULL,1780280964.3852158,1780280964.3854225,0.2067089080810547,decode,1,0,452712,0.0,0.0,0.0,0.0,0.0,0
forward_start,1780280964.3852186,53,53,53,56,FULL,1780280964.3852186,1780280964.385523,0.3044605255126953,decode,0,0,452715,0.0,0.0,0.0,0.0,0.0,0
forward_start,1780280964.3976352,49,49,49,56,FULL,1780280964.3976352,1780280964.3978236,0.18835067749023438,decode,1,0,452712,0.0,0.0,0.0,0.0,0.0,0
forward_start,1780280964.3976607,53,53,53,56,FULL,1780280964.3976607,1780280964.3979435,0.2827644348144531,decode,0,0,452715,0.0,0.0,0.0,0.0,0.0,0
forward_start,1780280964.4097936,49,49,49,56,FULL,1780280964.4097936,1780280964.4099808,0.18715858459472656,decode,1,0,452712,0.0,0.0,0.0,0.0,0.0,0
forward_start,1780280964.409794,53,53,53,56,FULL,1780280964.409794,1780280964.41006,0.2658367156982422,decode,0,0,452715,0.0,0.0,0.0,0.0,0.0,0
forward_start,1780280964.4221184,49,49,49,56,FULL,1780280964.4221184,1780280964.422304,0.18548965454101562,decode,1,0,452712,0.0,0.0,0.0,0.0,0.0,0
forward_start,1780280964.4221356,53,53,53,56,FULL,1780280964.4221356,1780280964.4224381,0.3025531768798828,decode,0,0,452715,0.0,0.0,0.0,0.0,0.0,0
forward_start,1780280964.4342349,49,49,49,56,FULL,1780280964.4342349,1780280964.4344535,0.2186298370361328,decode,1,0,452712,0.0,0.0,0.0,0.0,0.0,0
forward_start,1780280964.4342358,53,53,53,56,FULL,1780280964.4342358,1780280964.4345334,0.29754638671875,decode,0,0,452715,0.0,0.0,0.0,0.0,0.0,0
forward_start,1780280964.4466586,49,49,49,56,FULL,1780280964.4466586,1780280964.446847,0.18835067749023438,decode,1,0,452712,0.0,0.0,0.0,0.0,0.0,0
forward_start,1780280964.446676,53,53,53,56,FULL,1780280964.446676,1780280964.4469552,0.2791881561279297,decode,0,0,452715,0.0,0.0,0.0,0.0,0.0,0
forward_start,1780280964.458726,53,53,53,56,FULL,1780280964.458726,1780280964.4590018,0.2758502960205078,decode,0,0,452715,0.17023086547851562,0.6171132238547969,0.17023086547851562,0.6171132238547969,1.0,1
forward_start,1780280964.4603932,49,49,49,56,FULL,1780280964.4603932,1780280964.4605873,0.19407272338867188,decode,1,0,452712,0.0,0.0,0.0,0.0,0.0,0
forward_start,1780280964.4713018,52,52,52,56,FULL,1780280964.4713018,1780280964.471596,0.2942085266113281,decode,0,0,452715,0.0,0.0,0.0,0.0,0.0,0
forward_start,1780280964.4713018,49,49,49,56,FULL,1780280964.4713018,1780280964.4715037,0.20194053649902344,decode,1,0,452712,0.0,0.0,0.0,0.0,0.0,0
forward_start,1780280964.4835374,50,50,50,56,FULL,1780280964.4835374,1780280964.4837341,0.19669532775878906,decode,1,0,452712,0.0,0.0,0.0,0.0,0.0,0
forward_start,1780280964.4835427,52,52,52,56,FULL,1780280964.4835427,1780280964.4838126,0.26988983154296875,decode,0,0,452715,0.0,0.0,0.0,0.0,0.0,0
forward_start,1780280964.4957058,50,50,50,56,FULL,1780280964.4957058,1780280964.4958875,0.18167495727539062,decode,1,0,452712,0.0,0.0,0.0,0.0,0.0,0
forward_start,1780280964.4957194,52,52,52,56,FULL,1780280964.4957194,1780280964.4960036,0.2841949462890625,decode,0,0,452715,0.0,0.0,0.0,0.0,0.0,0
forward_start,1780280964.5081432,50,50,50,56,FULL,1780280964.5081432,1780280964.5083241,0.18095970153808594,decode,1,0,452712,0.0,0.0,0.0,0.0,0.0,0
forward_start,1780280964.5083184,51,51,51,56,FULL,1780280964.5083184,1780280964.5085435,0.225067138671875,decode,0,0,452715,0.0,0.0,0.0,0.0,0.0,0
forward_start,1780280964.5206962,50,50,50,56,FULL,1780280964.5206962,1780280964.5208812,0.1850128173828125,decode,1,0,452712,0.0,0.0,0.0,0.0,0.0,0
forward_start,1780280964.520722,51,51,51,56,FULL,1780280964.520722,1780280964.520913,0.19097328186035156,decode,0,0,452715,0.0,0.0,0.0,0.0,0.0,0
forward_start,1780280964.5322323,51,51,51,56,FULL,1780280964.5322323,1780280964.5324337,0.2014636993408203,decode,0,0,452715,0.0,0.0,0.0,0.0,0.0,0
forward_start,1780280964.532266,50,50,50,56,FULL,1780280964.532266,1780280964.5324683,0.20241737365722656,decode,1,0,452712,0.0,0.0,0.0,0.0,0.0,0
forward_start,1780280964.5446846,51,51,51,56,FULL,1780280964.5446846,1780280964.5448756,0.19097328186035156,decode,0,0,452715,0.0,0.0,0.0,0.0,0.0,0
forward_start,1780280964.5447018,50,50,50,56,FULL,1780280964.5447018,1780280964.5448887,0.186920166015625,decode,1,0,452712,0.0,0.0,0.0,0.0,0.0,0
forward_start,1780280964.5568779,50,50,50,56,FULL,1780280964.5568779,1780280964.5570638,0.18596649169921875,decode,1,0,452712,0.0,0.0,0.0,0.0,0.0,0
forward_start,1780280964.5568783,51,51,51,56,FULL,1780280964.5568783,1780280964.557061,0.18262863159179688,decode,0,0,452715,0.0,0.0,0.0,0.0,0.0,0
forward_start,1780280964.571622,51,51,51,56,FULL,1780280964.571622,1780280964.5718117,0.18978118896484375,decode,0,0,452715,0.18978118896484375,1.0,0.18978118896484375,1.0,1.0,1
forward_start,1780280964.5751793,49,49,49,56,FULL,1780280964.5751793,1780280964.575503,0.3237724304199219,decode,1,0,452712,0.3237724304199219,1.0,0.3237724304199219,1.0,1.0,1
forward_start,1780280964.5814779,49,49,49,56,FULL,1780280964.5814779,1780280964.5816653,0.18739700317382812,decode,1,0,452712,0.18739700317382812,1.0,0.18739700317382812,1.0,1.0,1
forward_start,1780280964.5814848,51,51,51,56,FULL,1780280964.5814848,1780280964.5816722,0.18739700317382812,decode,0,0,452715,0.18739700317382812,1.0,0.18739700317382812,1.0,1.0,1
forward_start,1780280964.5940516,52,52,52,56,FULL,1780280964.5940516,1780280964.594232,0.1804828643798828,decode,0,0,452715,0.0,0.0,0.0,0.0,0.0,0
forward_start,1780280964.5940862,49,49,49,56,FULL,1780280964.5940862,1780280964.594273,0.186920166015625,decode,1,0,452712,0.0,0.0,0.0,0.0,0.0,0
forward_start,1780280964.6067948,52,52,52,56,FULL,1780280964.6067948,1780280964.6070058,0.2110004425048828,decode,0,0,452715,0.0,0.0,0.0,0.0,0.0,0
forward_start,1780280964.6068134,50,50,50,56,FULL,1780280964.6068134,1780280964.6069965,0.18310546875,decode,1,0,452712,0.0,0.0,0.0,0.0,0.0,0
forward_start,1780280964.618252,50,50,50,56,FULL,1780280964.618252,1780280964.618457,0.20503997802734375,decode,1,0,452712,0.0,0.0,0.0,0.0,0.0,0
forward_start,1780280964.6182547,52,52,52,56,FULL,1780280964.6182547,1780280964.6184614,0.2067089080810547,decode,0,0,452715,0.0,0.0,0.0,0.0,0.0,0
forward_start,1780280964.630379,50,50,50,56,FULL,1780280964.630379,1780280964.6305673,0.18835067749023438,decode,1,0,452712,0.0,0.0,0.0,0.0,0.0,0
forward_start,1780280964.6303818,52,52,52,56,FULL,1780280964.6303818,1780280964.6305625,0.18072128295898438,decode,0,0,452715,0.0,0.0,0.0,0.0,0.0,0
forward_start,1780280964.6426191,50,50,50,56,FULL,1780280964.6426191,1780280964.6428099,0.19073486328125,decode,1,0,452712,0.0,0.0,0.0,0.0,0.0,0
forward_start,1780280964.6426287,52,52,52,56,FULL,1780280964.6426287,1780280964.642813,0.1842975616455078,decode,0,0,452715,0.0,0.0,0.0,0.0,0.0,0
forward_start,1780280964.6548102,50,50,50,56,FULL,1780280964.6548102,1780280964.654995,0.18477439880371094,decode,1,0,452712,0.0,0.0,0.0,0.0,0.0,0
forward_start,1780280964.6548133,52,52,52,56,FULL,1780280964.6548133,1780280964.6549914,0.1780986785888672,decode,0,0,452715,0.0,0.0,0.0,0.0,0.0,0
forward_start,1780280964.667129,52,52,52,56,FULL,1780280964.667129,1780280964.6673043,0.17523765563964844,decode,0,0,452715,0.0,0.0,0.0,0.0,0.0,0
forward_start,1780280964.66713,50,50,50,56,FULL,1780280964.66713,1780280964.6673088,0.17881393432617188,decode,1,0,452712,0.0,0.0,0.0,0.0,0.0,0
forward_start,1780280964.6792686,52,52,52,56,FULL,1780280964.6792686,1780280964.6794734,0.2048015594482422,decode,0,0,452715,0.0,0.0,0.0,0.0,0.0,0
forward_start,1780280964.6792848,50,50,50,56,FULL,1780280964.6792848,1780280964.679509,0.22411346435546875,decode,1,0,452712,0.0,0.0,0.0,0.0,0.0,0
forward_start,1780280964.6918178,50,50,50,56,FULL,1780280964.6918178,1780280964.6920016,0.1838207244873047,decode,1,0,452712,0.0,0.0,0.0,0.0,0.0,0
forward_start,1780280964.691831,51,51,51,56,FULL,1780280964.691831,1780280964.6920128,0.18167495727539062,decode,0,0,452715,0.0,0.0,0.0,0.0,0.0,0
forward_start,1780280964.7037988,50,50,50,56,FULL,1780280964.7037988,1780280964.7040145,0.21576881408691406,decode,1,0,452712,0.0,0.0,0.0,0.0,0.0,0
forward_start,1780280964.7038038,51,51,51,56,FULL,1780280964.7038038,1780280964.7040148,0.2110004425048828,decode,0,0,452715,0.0,0.0,0.0,0.0,0.0,0
forward_start,1780280964.7163734,50,50,50,56,FULL,1780280964.7163734,1780280964.7165887,0.21529197692871094,decode,1,0,452712,0.0,0.0,0.0,0.0,0.0,0
forward_start,1780280964.7167006,50,50,50,56,FULL,1780280964.7167006,1780280964.71691,0.20933151245117188,decode,0,0,452715,0.0,0.0,0.0,0.0,0.0,0
forward_start,1780280964.7285879,49,49,49,56,FULL,1780280964.7285879,1780280964.7287958,0.2079010009765625,decode,0,0,452715,0.0,0.0,0.0,0.0,0.0,0
forward_start,1780280964.7285903,50,50,50,56,FULL,1780280964.7285903,1780280964.728815,0.22482872009277344,decode,1,0,452712,0.0,0.0,0.0,0.0,0.0,0
forward_start,1780280964.7405705,49,49,49,56,FULL,1780280964.7405705,1780280964.7407727,0.202178955078125,decode,0,0,452715,0.0,0.0,0.0,0.0,0.0,0
forward_start,1780280964.7405717,50,50,50,56,FULL,1780280964.7405717,1780280964.7407568,0.1850128173828125,decode,1,0,452712,0.0,0.0,0.0,0.0,0.0,0
forward_start,1780280964.7563453,50,50,50,56,FULL,1780280964.7563453,1780280964.7565389,0.19359588623046875,decode,1,0,452712,0.19359588623046875,1.0,0.19359588623046875,1.0,1.0,1
forward_start,1780280964.7602246,49,49,49,56,FULL,1780280964.7602246,1780280964.7606182,0.3936290740966797,decode,0,0,452715,0.3936290740966797,1.0,0.3936290740966797,1.0,1.0,1
forward_start,1780280964.7654498,50,50,50,56,FULL,1780280964.7654498,1780280964.765643,0.19311904907226562,decode,1,0,452712,0.38623809814453125,2.0,0.19311904907226562,1.0,2.0,2
forward_start,1780280964.7743537,49,49,49,56,FULL,1780280964.7743537,1780280964.7745473,0.19359588623046875,decode,0,0,452715,0.3871917724609375,2.0,0.19359588623046875,1.0,2.0,2
forward_start,1780280964.7779639,51,51,51,56,FULL,1780280964.7779639,1780280964.7781525,0.18858909606933594,decode,1,0,452712,0.18858909606933594,1.0,0.18858909606933594,1.0,1.0,1
forward_start,1780280964.7779768,49,49,49,56,FULL,1780280964.7779768,1780280964.7782001,0.22339820861816406,decode,0,0,452715,0.22339820861816406,1.0,0.22339820861816406,1.0,1.0,1
forward_start,1780280964.7892292,50,50,50,56,FULL,1780280964.7892292,1780280964.7894497,0.2205371856689453,decode,0,0,452715,0.2205371856689453,1.0,0.2205371856689453,1.0,1.0,1
forward_start,1780280964.789231,52,52,52,56,FULL,1780280964.789231,1780280964.789434,0.2028942108154297,decode,1,0,452712,0.2028942108154297,1.0,0.2028942108154297,1.0,1.0,1
forward_start,1780280964.8010402,52,52,52,56,FULL,1780280964.8010402,1780280964.8012238,0.18358230590820312,decode,1,0,452712,0.0,0.0,0.0,0.0,0.0,0
forward_start,1780280964.8031082,50,50,50,56,FULL,1780280964.8031082,1780280964.803315,0.2067089080810547,decode,0,0,452715,0.0,0.0,0.0,0.0,0.0,0
forward_start,1780280964.8137171,52,52,52,56,FULL,1780280964.8137171,1780280964.8138993,0.18215179443359375,decode,1,0,452712,0.0,0.0,0.0,0.0,0.0,0
forward_start,1780280964.8137336,50,50,50,56,FULL,1780280964.8137336,1780280964.8139355,0.20194053649902344,decode,0,0,452715,0.0,0.0,0.0,0.0,0.0,0
forward_start,1780280964.8256521,51,51,51,56,FULL,1780280964.8256521,1780280964.825834,0.1819133758544922,decode,1,0,452712,0.0,0.0,0.0,0.0,0.0,0
forward_start,1780280964.8256671,51,51,51,56,FULL,1780280964.8256671,1780280964.8258746,0.20742416381835938,decode,0,0,452715,0.0,0.0,0.0,0.0,0.0,0
forward_start,1780280964.8380566,51,51,51,56,FULL,1780280964.8380566,1780280964.838261,0.20432472229003906,decode,0,0,452715,0.0,0.0,0.0,0.0,0.0,0
forward_start,1780280964.8380578,50,50,50,56,FULL,1780280964.8380578,1780280964.838246,0.18835067749023438,decode,1,0,452712,0.0,0.0,0.0,0.0,0.0,0
forward_start,1780280964.8500597,49,49,49,56,FULL,1780280964.8500597,1780280964.850245,0.18525123596191406,decode,1,0,452712,0.0,0.0,0.0,0.0,0.0,0
forward_start,1780280964.8500755,51,51,51,56,FULL,1780280964.8500755,1780280964.8502836,0.20813941955566406,decode,0,0,452715,0.0,0.0,0.0,0.0,0.0,0
forward_start,1780280964.86217,49,49,49,56,FULL,1780280964.86217,1780280964.8623743,0.20432472229003906,decode,1,0,452712,0.0,0.0,0.0,0.0,0.0,0
forward_start,1780280964.8621874,51,51,51,56,FULL,1780280964.8621874,1780280964.8624105,0.2231597900390625,decode,0,0,452715,0.0,0.0,0.0,0.0,0.0,0
forward_start,1780280964.874446,51,51,51,56,FULL,1780280964.874446,1780280964.874648,0.202178955078125,decode,0,0,452715,0.0,0.0,0.0,0.0,0.0,0
forward_start,1780280964.8815358,49,49,49,56,FULL,1780280964.8815358,1780280964.881823,0.2872943878173828,decode,1,0,452712,0.2872943878173828,1.0,0.2872943878173828,1.0,1.0,1
forward_start,1780280964.8866286,51,51,51,56,FULL,1780280964.8866286,1780280964.886832,0.2033710479736328,decode,0,0,452715,0.2033710479736328,1.0,0.2033710479736328,1.0,1.0,1
forward_start,1780280964.8866317,49,49,49,56,FULL,1780280964.8866317,1780280964.8868198,0.1881122589111328,decode,1,0,452712,0.1881122589111328,1.0,0.1881122589111328,1.0,1.0,1
forward_start,1780280964.898909,51,51,51,56,FULL,1780280964.898909,1780280964.8991156,0.20647048950195312,decode,0,0,452715,0.0,0.0,0.0,0.0,0.0,0
forward_start,1780280964.8989208,49,49,49,56,FULL,1780280964.8989208,1780280964.8991075,0.18668174743652344,decode,1,0,452712,0.0,0.0,0.0,0.0,0.0,0
forward_start,1780280964.9112635,50,50,50,56,FULL,1780280964.9112635,1780280964.911466,0.20241737365722656,decode,1,0,452712,0.0,0.0,0.0,0.0,0.0,0
forward_start,1780280964.9112716,51,51,51,56,FULL,1780280964.9112716,1780280964.9114866,0.21505355834960938,decode,0,0,452715,0.0,0.0,0.0,0.0,0.0,0
forward_start,1780280964.9234586,51,51,51,56,FULL,1780280964.9234586,1780280964.9236615,0.2028942108154297,decode,0,0,452715,0.0,0.0,0.0,0.0,0.0,0
forward_start,1780280964.92346,50,50,50,56,FULL,1780280964.92346,1780280964.9236505,0.19049644470214844,decode,1,0,452712,0.0,0.0,0.0,0.0,0.0,0
forward_start,1780280964.9357793,51,51,51,56,FULL,1780280964.9357793,1780280964.935988,0.2086162567138672,decode,0,0,452715,0.0,0.0,0.0,0.0,0.0,0
forward_start,1780280964.9357939,50,50,50,56,FULL,1780280964.9357939,1780280964.9359818,0.18787384033203125,decode,1,0,452712,0.0,0.0,0.0,0.0,0.0,0
forward_start,1780280964.9481177,50,50,50,56,FULL,1780280964.9481177,1780280964.9483023,0.18453598022460938,decode,1,0,452712,0.0,0.0,0.0,0.0,0.0,0
forward_start,1780280964.9481223,51,51,51,56,FULL,1780280964.9481223,1780280964.9483309,0.2086162567138672,decode,0,0,452715,0.0,0.0,0.0,0.0,0.0,0
forward_start,1780280964.9603577,50,50,50,56,FULL,1780280964.9603577,1780280964.9605467,0.18906593322753906,decode,1,0,452712,0.0,0.0,0.0,0.0,0.0,0
forward_start,1780280964.9603684,51,51,51,56,FULL,1780280964.9603684,1780280964.9605742,0.20575523376464844,decode,0,0,452715,0.0,0.0,0.0,0.0,0.0,0
forward_start,1780280964.9725106,51,51,51,56,FULL,1780280964.9725106,1780280964.9727135,0.2028942108154297,decode,0,0,452715,0.0,0.0,0.0,0.0,0.0,0
forward_start,1780280964.9725206,50,50,50,56,FULL,1780280964.9725206,1780280964.972705,0.1842975616455078,decode,1,0,452712,0.0,0.0,0.0,0.0,0.0,0
forward_start,1780280964.9849923,50,50,50,56,FULL,1780280964.9849923,1780280964.9851823,0.1900196075439453,decode,1,0,452712,0.0,0.0,0.0,0.0,0.0,0
forward_start,1780280964.9964237,51,51,51,56,FULL,1780280964.9964237,1780280964.9968042,0.38051605224609375,decode,0,0,452715,0.38051605224609375,1.0,0.38051605224609375,1.0,1.0,1
forward_start,1780280964.9996576,51,51,51,56,FULL,1780280964.9996576,1780280964.9999611,0.30350685119628906,decode,0,0,452715,0.30350685119628906,1.0,0.30350685119628906,1.0,1.0,1
forward_start,1780280964.999664,50,50,50,56,FULL,1780280964.999664,1780280964.99985,0.18596649169921875,decode,1,0,452712,0.18596649169921875,1.0,0.18596649169921875,1.0,1.0,1
forward_start,1780280965.0111828,49,49,49,56,FULL,1780280965.0111828,1780280965.0113938,0.2110004425048828,decode,1,0,452712,0.2110004425048828,1.0,0.2110004425048828,1.0,1.0,1
forward_start,1780280965.0114968,51,51,51,56,FULL,1780280965.0114968,1780280965.0117116,0.2148151397705078,decode,0,0,452715,0.2148151397705078,1.0,0.2148151397705078,1.0,1.0,1
forward_start,1780280965.0235307,49,49,49,56,FULL,1780280965.0235307,1780280965.023737,0.20623207092285156,decode,0,0,452715,0.0,0.0,0.0,0.0,0.0,0
forward_start,1780280965.0235367,49,49,49,56,FULL,1780280965.0235367,1780280965.0237215,0.18477439880371094,decode,1,0,452712,0.0,0.0,0.0,0.0,0.0,0
forward_start,1780280965.0361338,49,49,49,56,FULL,1780280965.0361338,1780280965.0363216,0.18787384033203125,decode,1,0,452712,0.0,0.0,0.0,0.0,0.0,0
forward_start,1780280965.0361423,50,50,50,56,FULL,1780280965.0361423,1780280965.0363612,0.21886825561523438,decode,0,0,452715,0.0,0.0,0.0,0.0,0.0,0
forward_start,1780280965.0479,50,50,50,56,FULL,1780280965.0479,1780280965.0481148,0.2148151397705078,decode,0,0,452715,0.10323524475097656,0.48057713651498335,0.10323524475097656,0.48057713651498335,1.0,1
forward_start,1780280965.0495315,49,49,49,56,FULL,1780280965.0495315,1780280965.0497243,0.19288063049316406,decode,1,0,452712,0.0,0.0,0.0,0.0,0.0,0
forward_start,1780280965.0603063,48,48,48,56,FULL,1780280965.0603063,1780280965.0605128,0.20647048950195312,decode,1,0,452712,0.03409385681152344,0.1651270207852194,0.03409385681152344,0.1651270207852194,1.0,1
forward_start,1780280965.0624382,50,50,50,56,FULL,1780280965.0624382,1780280965.0626442,0.20599365234375,decode,0,0,452715,0.0,0.0,0.0,0.0,0.0,0
forward_start,1780280965.0725021,49,49,49,56,FULL,1780280965.0725021,1780280965.0726864,0.1842975616455078,decode,1,0,452712,0.0,0.0,0.0,0.0,0.0,0
forward_start,1780280965.0725098,49,49,49,56,FULL,1780280965.0725098,1780280965.072714,0.20432472229003906,decode,0,0,452715,0.0,0.0,0.0,0.0,0.0,0
forward_start,1780280965.0847325,49,49,49,56,FULL,1780280965.0847325,1780280965.0849242,0.19168853759765625,decode,1,0,452712,0.0,0.0,0.0,0.0,0.0,0
forward_start,1780280965.084743,50,50,50,56,FULL,1780280965.084743,1780280965.0849524,0.20933151245117188,decode,0,0,452715,0.0,0.0,0.0,0.0,0.0,0
forward_start,1780280965.0968103,50,50,50,56,FULL,1780280965.0968103,1780280965.097019,0.2086162567138672,decode,0,0,452715,0.0,0.0,0.0,0.0,0.0,0
forward_start,1780280965.0968323,49,49,49,56,FULL,1780280965.0968323,1780280965.0970204,0.1881122589111328,decode,1,0,452712,0.0,0.0,0.0,0.0,0.0,0
forward_start,1780280965.1091866,49,49,49,56,FULL,1780280965.1091866,1780280965.1093917,0.20503997802734375,decode,1,0,452712,0.0,0.0,0.0,0.0,0.0,0
forward_start,1780280965.1091943,50,50,50,56,FULL,1780280965.1091943,1780280965.1094193,0.225067138671875,decode,0,0,452715,0.0,0.0,0.0,0.0,0.0,0
forward_start,1780280965.1214533,50,50,50,56,FULL,1780280965.1214533,1780280965.1216564,0.20313262939453125,decode,0,0,452715,0.0,0.0,0.0,0.0,0.0,0
forward_start,1780280965.121468,49,49,49,56,FULL,1780280965.121468,1780280965.1216557,0.1876354217529297,decode,1,0,452712,0.0,0.0,0.0,0.0,0.0,0
forward_start,1780280965.133761,49,49,49,56,FULL,1780280965.133761,1780280965.1339478,0.186920166015625,decode,1,0,452712,0.0,0.0,0.0,0.0,0.0,0
forward_start,1780280965.133767,50,50,50,56,FULL,1780280965.133767,1780280965.1339796,0.21266937255859375,decode,0,0,452715,0.0,0.0,0.0,0.0,0.0,0
forward_start,1780280965.1459093,50,50,50,56,FULL,1780280965.1459093,1780280965.1461198,0.2105236053466797,decode,0,0,452715,0.0,0.0,0.0,0.0,0.0,0
forward_start,1780280965.145925,49,49,49,56,FULL,1780280965.145925,1780280965.146111,0.18596649169921875,decode,1,0,452712,0.0,0.0,0.0,0.0,0.0,0
forward_start,1780280965.15847,49,49,49,56,FULL,1780280965.15847,1780280965.1586864,0.21648406982421875,decode,1,0,452712,0.0,0.0,0.0,0.0,0.0,0
forward_start,1780280965.15849,50,50,50,56,FULL,1780280965.15849,1780280965.1586964,0.20647048950195312,decode,0,0,452715,0.0,0.0,0.0,0.0,0.0,0
forward_start,1780280965.1709876,49,49,49,56,FULL,1780280965.1709876,1780280965.1711771,0.1895427703857422,decode,1,0,452712,0.0,0.0,0.0,0.0,0.0,0
forward_start,1780280965.1709914,49,49,49,56,FULL,1780280965.1709914,1780280965.1712024,0.2110004425048828,decode,0,0,452715,0.0,0.0,0.0,0.0,0.0,0
forward_start,1780280965.1830182,49,49,49,56,FULL,1780280965.1830182,1780280965.1832237,0.20551681518554688,decode,0,0,452715,0.0,0.0,0.0,0.0,0.0,0
forward_start,1780280965.1936712,49,49,49,56,FULL,1780280965.1936712,1780280965.1940084,0.3371238708496094,decode,1,0,452712,0.3371238708496094,1.0,0.3371238708496094,1.0,1.0,1
forward_start,1780280965.1969507,49,49,49,56,FULL,1780280965.1969507,1780280965.1971607,0.21004676818847656,decode,0,0,452715,0.21004676818847656,1.0,0.21004676818847656,1.0,1.0,1
forward_start,1780280965.1969934,49,49,49,56,FULL,1780280965.1969934,1780280965.1973069,0.3135204315185547,decode,1,0,452712,0.3135204315185547,1.0,0.3135204315185547,1.0,1.0,1
forward_start,1780280965.208304,49,49,49,56,FULL,1780280965.208304,1780280965.2085066,0.20265579223632812,decode,1,0,452712,0.20265579223632812,1.0,0.20265579223632812,1.0,1.0,1
forward_start,1780280965.214668,49,49,49,56,FULL,1780280965.214668,1780280965.2149687,0.3006458282470703,decode,0,0,452715,0.3006458282470703,1.0,0.3006458282470703,1.0,1.0,1
forward_start,1780280965.2204208,49,49,49,56,FULL,1780280965.2204208,1780280965.2206275,0.2067089080810547,decode,0,0,452715,0.2067089080810547,1.0,0.2067089080810547,1.0,1.0,1
forward_start,1780280965.2204318,49,49,49,56,FULL,1780280965.2204318,1780280965.2206197,0.18787384033203125,decode,1,0,452712,0.18787384033203125,1.0,0.18787384033203125,1.0,1.0,1
forward_start,1780280965.2330942,50,50,50,56,FULL,1780280965.2330942,1780280965.2332833,0.18906593322753906,decode,1,0,452712,0.0,0.0,0.0,0.0,0.0,0
forward_start,1780280965.233109,49,49,49,56,FULL,1780280965.233109,1780280965.2333214,0.2124309539794922,decode,0,0,452715,0.0,0.0,0.0,0.0,0.0,0
forward_start,1780280965.2452571,50,50,50,56,FULL,1780280965.2452571,1780280965.245465,0.2079010009765625,decode,1,0,452712,0.0,0.0,0.0,0.0,0.0,0
forward_start,1780280965.245263,50,50,50,56,FULL,1780280965.245263,1780280965.2454827,0.21958351135253906,decode,0,0,452715,0.0,0.0,0.0,0.0,0.0,0
forward_start,1780280965.2576241,50,50,50,56,FULL,1780280965.2576241,1780280965.2578368,0.21266937255859375,decode,1,0,452712,0.0,0.0,0.0,0.0,0.0,0
forward_start,1780280965.2576396,50,50,50,56,FULL,1780280965.2576396,1780280965.2578444,0.2048015594482422,decode,0,0,452715,0.0,0.0,0.0,0.0,0.0,0
forward_start,1780280965.2698584,50,50,50,56,FULL,1780280965.2698584,1780280965.2700455,0.18715858459472656,decode,1,0,452712,0.0,0.0,0.0,0.0,0.0,0
forward_start,1780280965.2698593,50,50,50,56,FULL,1780280965.2698593,1780280965.2700667,0.20742416381835938,decode,0,0,452715,0.0,0.0,0.0,0.0,0.0,0
forward_start,1780280965.282152,50,50,50,56,FULL,1780280965.282152,1780280965.2823532,0.20122528076171875,decode,1,0,452712,0.0,0.0,0.0,0.0,0.0,0
forward_start,1780280965.28217,50,50,50,56,FULL,1780280965.28217,1780280965.2823958,0.2257823944091797,decode,0,0,452715,0.0,0.0,0.0,0.0,0.0,0
forward_start,1780280965.2946684,50,50,50,56,FULL,1780280965.2946684,1780280965.2948747,0.20623207092285156,decode,0,0,452715,0.08296966552734375,0.4023121387283237,0.08296966552734375,0.4023121387283237,1.0,1
forward_start,1780280965.2962854,49,49,49,56,FULL,1780280965.2962854,1780280965.2964907,0.2052783966064453,decode,1,0,452712,0.0,0.0,0.0,0.0,0.0,0
forward_start,1780280965.3069413,48,48,48,56,FULL,1780280965.3069413,1780280965.3071284,0.18715858459472656,decode,1,0,452712,0.0,0.0,0.0,0.0,0.0,0
forward_start,1780280965.3069432,50,50,50,56,FULL,1780280965.3069432,1780280965.3071487,0.20551681518554688,decode,0,0,452715,0.0,0.0,0.0,0.0,0.0,0
forward_start,1780280965.319261,49,49,49,56,FULL,1780280965.319261,1780280965.3194761,0.21505355834960938,decode,1,0,452712,0.0,0.0,0.0,0.0,0.0,0
forward_start,1780280965.3192725,50,50,50,56,FULL,1780280965.3192725,1780280965.3194919,0.2193450927734375,decode,0,0,452715,0.0,0.0,0.0,0.0,0.0,0
forward_start,1780280965.3314362,50,50,50,56,FULL,1780280965.3314362,1780280965.3316393,0.20313262939453125,decode,0,0,452715,0.0,0.0,0.0,0.0,0.0,0
forward_start,1780280965.33144,49,49,49,56,FULL,1780280965.33144,1780280965.3316278,0.18787384033203125,decode,1,0,452712,0.0,0.0,0.0,0.0,0.0,0
forward_start,1780280965.3434942,50,50,50,56,FULL,1780280965.3434942,1780280965.3437023,0.20813941955566406,decode,0,0,452715,0.0,0.0,0.0,0.0,0.0,0
forward_start,1780280965.3435059,49,49,49,56,FULL,1780280965.3435059,1780280965.3436964,0.19049644470214844,decode,1,0,452712,0.0,0.0,0.0,0.0,0.0,0
forward_start,1780280965.3559387,49,49,49,56,FULL,1780280965.3559387,1780280965.356128,0.18930435180664062,decode,1,0,452712,0.0,0.0,0.0,0.0,0.0,0
forward_start,1780280965.35595,50,50,50,56,FULL,1780280965.35595,1780280965.3561575,0.20742416381835938,decode,0,0,452715,0.0,0.0,0.0,0.0,0.0,0
forward_start,1780280965.368171,49,49,49,56,FULL,1780280965.368171,1780280965.368409,0.23794174194335938,decode,1,0,452712,0.046253204345703125,0.19438877755511022,0.046253204345703125,0.19438877755511022,1.0,1
forward_start,1780280965.3704746,50,50,50,56,FULL,1780280965.3704746,1780280965.370683,0.20837783813476562,decode,0,0,452715,0.20837783813476562,1.0,0.20837783813476562,1.0,1.0,1
forward_start,1780280965.3806117,49,49,49,56,FULL,1780280965.3806117,1780280965.3808045,0.19288063049316406,decode,1,0,452712,0.0,0.0,0.0,0.0,0.0,0
forward_start,1780280965.38063,50,50,50,56,FULL,1780280965.38063,1780280965.380835,0.20503997802734375,decode,0,0,452715,0.0,0.0,0.0,0.0,0.0,0
forward_start,1780280965.3936107,51,51,51,56,FULL,1780280965.3936107,1780280965.3938084,0.1976490020751953,decode,0,0,452715,0.0,0.0,0.0,0.0,0.0,0
forward_start,1780280965.3936164,49,49,49,56,FULL,1780280965.3936164,1780280965.3938007,0.1842975616455078,decode,1,0,452712,0.0,0.0,0.0,0.0,0.0,0
forward_start,1780280965.4049067,49,49,49,56,FULL,1780280965.4049067,1780280965.4050927,0.18596649169921875,decode,1,0,452712,0.0,0.0,0.0,0.0,0.0,0
forward_start,1780280965.4049358,51,51,51,56,FULL,1780280965.4049358,1780280965.4051359,0.20003318786621094,decode,0,0,452715,0.0,0.0,0.0,0.0,0.0,0
forward_start,1780280965.4172552,50,50,50,56,FULL,1780280965.4172552,1780280965.4174774,0.22220611572265625,decode,0,0,452715,0.0,0.0,0.0,0.0,0.0,0
forward_start,1780280965.4172618,49,49,49,56,FULL,1780280965.4172618,1780280965.4174929,0.23102760314941406,decode,1,0,452712,0.0,0.0,0.0,0.0,0.0,0
forward_start,1780280965.4298542,49,49,49,56,FULL,1780280965.4298542,1780280965.4300423,0.1881122589111328,decode,1,0,452712,0.0,0.0,0.0,0.0,0.0,0
forward_start,1780280965.4298658,50,50,50,56,FULL,1780280965.4298658,1780280965.430071,0.2052783966064453,decode,0,0,452715,0.0,0.0,0.0,0.0,0.0,0
forward_start,1780280965.442028,49,49,49,56,FULL,1780280965.442028,1780280965.4422154,0.18739700317382812,decode,1,0,452712,0.0,0.0,0.0,0.0,0.0,0
forward_start,1780280965.4420314,50,50,50,56,FULL,1780280965.4420314,1780280965.4422443,0.2129077911376953,decode,0,0,452715,0.0,0.0,0.0,0.0,0.0,0
forward_start,1780280965.4542778,49,49,49,56,FULL,1780280965.4542778,1780280965.4544873,0.20956993103027344,decode,1,0,452712,0.0,0.0,0.0,0.0,0.0,0
forward_start,1780280965.4542844,50,50,50,56,FULL,1780280965.4542844,1780280965.4545038,0.2193450927734375,decode,0,0,452715,0.0,0.0,0.0,0.0,0.0,0
forward_start,1780280965.4666343,49,49,49,56,FULL,1780280965.4666343,1780280965.4668245,0.19025802612304688,decode,1,0,452712,0.0,0.0,0.0,0.0,0.0,0
forward_start,1780280965.473878,50,50,50,56,FULL,1780280965.473878,1780280965.4742532,0.3752708435058594,decode,0,0,452715,0.3752708435058594,1.0,0.3752708435058594,1.0,1.0,1
forward_start,1780280965.4790282,49,49,49,56,FULL,1780280965.4790282,1780280965.4792173,0.18906593322753906,decode,1,0,452712,0.18906593322753906,1.0,0.18906593322753906,1.0,1.0,1
forward_start,1780280965.4790394,50,50,50,56,FULL,1780280965.4790394,1780280965.4793346,0.2951622009277344,decode,0,0,452715,0.2951622009277344,1.0,0.2951622009277344,1.0,1.0,1
forward_start,1780280965.4914248,50,50,50,56,FULL,1780280965.4914248,1780280965.491625,0.2002716064453125,decode,0,0,452715,0.2002716064453125,1.0,0.2002716064453125,1.0,1.0,1
forward_start,1780280965.491426,48,48,48,56,FULL,1780280965.491426,1780280965.4916177,0.19168853759765625,decode,1,0,452712,0.19168853759765625,1.0,0.19168853759765625,1.0,1.0,1
forward_start,1780280965.5038283,48,48,48,56,FULL,1780280965.5038283,1780280965.5040135,0.18525123596191406,decode,1,0,452712,0.0,0.0,0.0,0.0,0.0,0
forward_start,1780280965.503841,50,50,50,56,FULL,1780280965.503841,1780280965.5040445,0.20360946655273438,decode,0,0,452715,0.0,0.0,0.0,0.0,0.0,0
forward_start,1780280965.516031,48,48,48,56,FULL,1780280965.516031,1780280965.5162172,0.1862049102783203,decode,1,0,452712,0.0,0.0,0.0,0.0,0.0,0
forward_start,1780280965.5163944,51,51,51,56,FULL,1780280965.5163944,1780280965.516603,0.2086162567138672,decode,0,0,452715,0.0,0.0,0.0,0.0,0.0,0
forward_start,1780280965.5283751,51,51,51,56,FULL,1780280965.5283751,1780280965.5285866,0.21147727966308594,decode,0,0,452715,0.0,0.0,0.0,0.0,0.0,0
forward_start,1780280965.5283985,48,48,48,56,FULL,1780280965.5283985,1780280965.5285895,0.19097328186035156,decode,1,0,452712,0.0,0.0,0.0,0.0,0.0,0
forward_start,1780280965.5407279,48,48,48,56,FULL,1780280965.5407279,1780280965.5409114,0.18358230590820312,decode,1,0,452712,0.0,0.0,0.0,0.0,0.0,0
forward_start,1780280965.541113,51,51,51,56,FULL,1780280965.541113,1780280965.541319,0.20599365234375,decode,0,0,452715,0.0,0.0,0.0,0.0,0.0,0
forward_start,1780280965.5530286,51,51,51,56,FULL,1780280965.5530286,1780280965.55324,0.21147727966308594,decode,0,0,452715,0.0,0.0,0.0,0.0,0.0,0
forward_start,1780280965.567974,48,48,48,56,FULL,1780280965.567974,1780280965.568276,0.3018379211425781,decode,1,0,452712,0.3018379211425781,1.0,0.3018379211425781,1.0,1.0,1
forward_start,1780280965.571178,51,51,51,56,FULL,1780280965.571178,1780280965.5714028,0.22482872009277344,decode,0,0,452715,0.22482872009277344,1.0,0.22482872009277344,1.0,1.0,1
forward_start,1780280965.5711808,48,48,48,56,FULL,1780280965.5711808,1780280965.5714703,0.2894401550292969,decode,1,0,452712,0.2894401550292969,1.0,0.2894401550292969,1.0,1.0,1
forward_start,1780280965.582934,47,47,47,56,FULL,1780280965.582934,1780280965.5831056,0.171661376953125,decode,1,0,452712,0.18358230590820312,1.0694444444444444,0.171661376953125,1.0,1.0694444444444444,2
forward_start,1780280965.5907526,51,51,51,56,FULL,1780280965.5907526,1780280965.5911267,0.37407875061035156,decode,0,0,452715,0.37407875061035156,1.0,0.37407875061035156,1.0,1.0,1
forward_start,1780280965.597972,47,47,47,56,FULL,1780280965.597972,1780280965.5981658,0.1938343048095703,decode,1,0,452712,0.3876686096191406,2.0,0.1938343048095703,1.0,2.0,2
forward_start,1780280965.6006804,51,51,51,56,FULL,1780280965.6006804,1780280965.601023,0.3426074981689453,decode,0,0,452715,0.6852149963378906,2.0,0.3426074981689453,1.0,2.0,2
forward_start,1780280965.6110709,48,48,48,56,FULL,1780280965.6110709,1780280965.6112642,0.1933574676513672,decode,1,0,452712,0.5800724029541016,3.0,0.1933574676513672,1.0,3.0,3
forward_start,1780280965.6116617,51,51,51,56,FULL,1780280965.6116617,1780280965.6120186,0.35691261291503906,decode,0,0,452715,1.0707378387451172,3.0,0.35691261291503906,1.0,3.0,3
forward_start,1780280965.6196537,48,48,48,56,FULL,1780280965.6196537,1780280965.6198363,0.18262863159179688,decode,1,0,452712,0.36525726318359375,2.0,0.18262863159179688,1.0,2.0,2
forward_start,1780280965.6196785,51,51,51,56,FULL,1780280965.6196785,1780280965.619978,0.2994537353515625,decode,0,0,452715,0.598907470703125,2.0,0.2994537353515625,1.0,2.0,2
forward_start,1780280965.6323948,49,49,49,56,FULL,1780280965.6323948,1780280965.6325884,0.19359588623046875,decode,1,0,452712,0.0,0.0,0.0,0.0,0.0,0
forward_start,1780280965.6324263,51,51,51,56,FULL,1780280965.6324263,1780280965.6327214,0.2951622009277344,decode,0,0,452715,0.0,0.0,0.0,0.0,0.0,0
forward_start,1780280965.644589,49,49,49,56,FULL,1780280965.644589,1780280965.6448057,0.2167224884033203,decode,1,0,452712,0.0,0.0,0.0,0.0,0.0,0
forward_start,1780280965.644607,53,53,53,56,FULL,1780280965.644607,1780280965.6449156,0.3085136413574219,decode,0,0,452715,0.0,0.0,0.0,0.0,0.0,0
forward_start,1780280965.6567397,49,49,49,56,FULL,1780280965.6567397,1780280965.656952,0.21219253540039062,decode,1,0,452712,0.0,0.0,0.0,0.0,0.0,0
forward_start,1780280965.6567667,53,53,53,56,FULL,1780280965.6567667,1780280965.6570666,0.2999305725097656,decode,0,0,452715,0.0,0.0,0.0,0.0,0.0,0
forward_start,1780280965.6687353,49,49,49,56,FULL,1780280965.6687353,1780280965.6689484,0.21314620971679688,decode,1,0,452712,0.0,0.0,0.0,0.0,0.0,0
forward_start,1780280965.6687388,53,53,53,56,FULL,1780280965.6687388,1780280965.6690462,0.30732154846191406,decode,0,0,452715,0.0,0.0,0.0,0.0,0.0,0
forward_start,1780280965.681005,49,49,49,56,FULL,1780280965.681005,1780280965.6812284,0.22339820861816406,decode,1,0,452712,0.0,0.0,0.0,0.0,0.0,0
forward_start,1780280965.6810296,53,53,53,56,FULL,1780280965.6810296,1780280965.6813319,0.30231475830078125,decode,0,0,452715,0.0,0.0,0.0,0.0,0.0,0
forward_start,1780280965.693266,53,53,53,56,FULL,1780280965.693266,1780280965.693589,0.3230571746826172,decode,0,0,452715,0.047206878662109375,0.14612546125461254,0.047206878662109375,0.14612546125461254,1.0,1
forward_start,1780280965.702416,49,49,49,56,FULL,1780280965.702416,1780280965.7027593,0.34332275390625,decode,1,0,452712,0.34332275390625,1.0,0.34332275390625,1.0,1.0,1
forward_start,1780280965.705642,49,49,49,56,FULL,1780280965.705642,1780280965.705942,0.2999305725097656,decode,1,0,452712,0.2999305725097656,1.0,0.2999305725097656,1.0,1.0,1
forward_start,1780280965.7056534,53,53,53,56,FULL,1780280965.7056534,1780280965.7059574,0.3039836883544922,decode,0,0,452715,0.3039836883544922,1.0,0.3039836883544922,1.0,1.0,1
forward_start,1780280965.7178967,49,49,49,56,FULL,1780280965.7178967,1780280965.7180836,0.186920166015625,decode,1,0,452712,0.186920166015625,1.0,0.186920166015625,1.0,1.0,1
forward_start,1780280965.7179222,53,53,53,56,FULL,1780280965.7179222,1780280965.718225,0.3027915954589844,decode,0,0,452715,0.20051002502441406,0.6622047244094488,0.20051002502441406,0.6622047244094488,1.0,1
forward_start,1780280965.7301738,53,53,53,56,FULL,1780280965.7301738,1780280965.7304883,0.31447410583496094,decode,0,0,452715,0.0,0.0,0.0,0.0,0.0,0
forward_start,1780280965.730175,48,48,48,56,FULL,1780280965.730175,1780280965.7303789,0.20384788513183594,decode,1,0,452712,0.0,0.0,0.0,0.0,0.0,0
forward_start,1780280965.7425966,49,49,49,56,FULL,1780280965.7425966,1780280965.7427804,0.1838207244873047,decode,1,0,452712,0.0,0.0,0.0,0.0,0.0,0
forward_start,1780280965.7426136,53,53,53,56,FULL,1780280965.7426136,1780280965.7429206,0.3070831298828125,decode,0,0,452715,0.0,0.0,0.0,0.0,0.0,0
forward_start,1780280965.7548285,49,49,49,56,FULL,1780280965.7548285,1780280965.7550075,0.17905235290527344,decode,1,0,452712,0.0,0.0,0.0,0.0,0.0,0
forward_start,1780280965.754843,53,53,53,56,FULL,1780280965.754843,1780280965.755139,0.2961158752441406,decode,0,0,452715,0.0,0.0,0.0,0.0,0.0,0
forward_start,1780280965.7667837,53,53,53,56,FULL,1780280965.7667837,1780280965.767098,0.3142356872558594,decode,0,0,452715,0.0,0.0,0.0,0.0,0.0,0
forward_start,1780280965.7667842,49,49,49,56,FULL,1780280965.7667842,1780280965.7669706,0.18644332885742188,decode,1,0,452712,0.0,0.0,0.0,0.0,0.0,0
forward_start,1780280965.7791927,49,49,49,56,FULL,1780280965.7791927,1780280965.7793944,0.20170211791992188,decode,1,0,452712,0.0,0.0,0.0,0.0,0.0,0
forward_start,1780280965.7792156,53,53,53,56,FULL,1780280965.7792156,1780280965.779531,0.3154277801513672,decode,0,0,452715,0.0,0.0,0.0,0.0,0.0,0
forward_start,1780280965.7921147,49,49,49,56,FULL,1780280965.7921147,1780280965.7923005,0.1857280731201172,decode,1,0,452712,0.0,0.0,0.0,0.0,0.0,0
forward_start,1780280965.792181,53,53,53,56,FULL,1780280965.792181,1780280965.792504,0.3230571746826172,decode,0,0,452715,0.0,0.0,0.0,0.0,0.0,0
forward_start,1780280965.8098867,53,53,53,56,FULL,1780280965.8098867,1780280965.8102767,0.39005279541015625,decode,0,0,452715,0.7801055908203125,2.0,0.39005279541015625,1.0,2.0,2
forward_start,1780280965.8152409,49,49,49,56,FULL,1780280965.8152409,1780280965.8155394,0.29850006103515625,decode,1,0,452712,0.5970001220703125,2.0,0.29850006103515625,1.0,2.0,2
forward_start,1780280965.818842,48,48,48,56,FULL,1780280965.818842,1780280965.819124,0.28204917907714844,decode,1,0,452712,0.5640983581542969,2.0,0.28204917907714844,1.0,2.0,2
forward_start,1780280965.8188684,53,53,53,56,FULL,1780280965.8188684,1780280965.819196,0.3275871276855469,decode,0,0,452715,0.6551742553710938,2.0,0.3275871276855469,1.0,2.0,2
forward_start,1780280965.8301203,48,48,48,56,FULL,1780280965.8301203,1780280965.8303077,0.18739700317382812,decode,1,0,452712,0.37479400634765625,2.0,0.18739700317382812,1.0,2.0,2
forward_start,1780280965.8301444,53,53,53,56,FULL,1780280965.8301444,1780280965.830468,0.3235340118408203,decode,0,0,452715,0.5457401275634766,1.6868091378039793,0.3235340118408203,1.0,1.6868091378039793,2
forward_start,1780280965.842504,53,53,53,56,FULL,1780280965.842504,1780280965.8427975,0.29349327087402344,decode,0,0,452715,0.29349327087402344,1.0,0.29349327087402344,1.0,1.0,1
forward_start,1780280965.8444195,48,48,48,56,FULL,1780280965.8444195,1780280965.8446152,0.1957416534423828,decode,1,0,452712,0.0,0.0,0.0,0.0,0.0,0
forward_start,1780280965.8548114,49,49,49,56,FULL,1780280965.8548114,1780280965.8549986,0.18715858459472656,decode,1,0,452712,0.0,0.0,0.0,0.0,0.0,0
forward_start,1780280965.8548417,54,54,54,56,FULL,1780280965.8548417,1780280965.8551476,0.3058910369873047,decode,0,0,452715,0.0,0.0,0.0,0.0,0.0,0
forward_start,1780280965.8669994,49,49,49,56,FULL,1780280965.8669994,1780280965.8672116,0.21219253540039062,decode,1,0,452712,0.0,0.0,0.0,0.0,0.0,0
forward_start,1780280965.8670104,54,54,54,56,FULL,1780280965.8670104,1780280965.8673139,0.30350685119628906,decode,0,0,452715,0.0,0.0,0.0,0.0,0.0,0
forward_start,1780280965.8792615,49,49,49,56,FULL,1780280965.8792615,1780280965.8794644,0.2028942108154297,decode,1,0,452712,0.0,0.0,0.0,0.0,0.0,0
forward_start,1780280965.8792708,52,52,52,56,FULL,1780280965.8792708,1780280965.8795812,0.3104209899902344,decode,0,0,452715,0.0,0.0,0.0,0.0,0.0,0
forward_start,1780280965.892175,48,48,48,56,FULL,1780280965.892175,1780280965.8924115,0.23651123046875,decode,1,0,452712,0.0,0.0,0.0,0.0,0.0,0
forward_start,1780280965.8922496,52,52,52,56,FULL,1780280965.8922496,1780280965.892573,0.3235340118408203,decode,0,0,452715,0.0,0.0,0.0,0.0,0.0,0
forward_start,1780280965.9034817,52,52,52,56,FULL,1780280965.9034817,1780280965.903774,0.2923011779785156,decode,0,0,452715,0.1742839813232422,0.5962479608482871,0.1742839813232422,0.5962479608482871,1.0,1
forward_start,1780280965.9066815,48,48,48,56,FULL,1780280965.9066815,1780280965.9068923,0.21076202392578125,decode,1,0,452712,0.21076202392578125,1.0,0.21076202392578125,1.0,1.0,1
forward_start,1780280965.9153144,48,48,48,56,FULL,1780280965.9153144,1780280965.9155211,0.2067089080810547,decode,1,0,452712,0.2067089080810547,1.0,0.2067089080810547,1.0,1.0,1
forward_start,1780280965.915323,52,52,52,56,FULL,1780280965.915323,1780280965.915636,0.31304359436035156,decode,0,0,452715,0.24271011352539062,0.7753236862147753,0.24271011352539062,0.7753236862147753,1.0,1
forward_start,1780280965.9276962,48,48,48,56,FULL,1780280965.9276962,1780280965.9278827,0.18644332885742188,decode,1,0,452712,0.0,0.0,0.0,0.0,0.0,0
forward_start,1780280965.9277105,52,52,52,56,FULL,1780280965.9277105,1780280965.9279983,0.28777122497558594,decode,0,0,452715,0.0,0.0,0.0,0.0,0.0,0
forward_start,1780280965.9399097,49,49,49,56,FULL,1780280965.9399097,1780280965.9400928,0.18310546875,decode,1,0,452712,0.0,0.0,0.0,0.0,0.0,0
forward_start,1780280965.9399269,52,52,52,56,FULL,1780280965.9399269,1780280965.9402277,0.3008842468261719,decode,0,0,452715,0.0,0.0,0.0,0.0,0.0,0
forward_start,1780280965.952327,49,49,49,56,FULL,1780280965.952327,1780280965.9525309,0.20384788513183594,decode,1,0,452712,0.0,0.0,0.0,0.0,0.0,0
forward_start,1780280965.9523594,52,52,52,56,FULL,1780280965.9523594,1780280965.952661,0.30159950256347656,decode,0,0,452715,0.0,0.0,0.0,0.0,0.0,0
forward_start,1780280965.9644718,49,49,49,56,FULL,1780280965.9644718,1780280965.9646537,0.1819133758544922,decode,1,0,452712,0.0,0.0,0.0,0.0,0.0,0
forward_start,1780280965.9644818,52,52,52,56,FULL,1780280965.9644818,1780280965.9647844,0.3025531768798828,decode,0,0,452715,0.0,0.0,0.0,0.0,0.0,0
forward_start,1780280965.9769788,49,49,49,56,FULL,1780280965.9769788,1780280965.9771643,0.18548965454101562,decode,1,0,452712,0.0,0.0,0.0,0.0,0.0,0
forward_start,1780280965.9769952,52,52,52,56,FULL,1780280965.9769952,1780280965.9772913,0.2961158752441406,decode,0,0,452715,0.0,0.0,0.0,0.0,0.0,0
forward_start,1780280965.9888527,49,49,49,56,FULL,1780280965.9888527,1780280965.989038,0.18525123596191406,decode,1,0,452712,0.0,0.0,0.0,0.0,0.0,0
forward_start,1780280965.9945455,52,52,52,56,FULL,1780280965.9945455,1780280965.9949284,0.3829002380371094,decode,0,0,452715,0.3829002380371094,1.0,0.3829002380371094,1.0,1.0,1
forward_start,1780280966.005637,49,49,49,56,FULL,1780280966.005637,1780280966.0058162,0.179290771484375,decode,1,0,452712,0.35858154296875,2.0,0.179290771484375,1.0,2.0,2
forward_start,1780280966.0095627,52,52,52,56,FULL,1780280966.0095627,1780280966.0098758,0.31304359436035156,decode,0,0,452715,0.6260871887207031,2.0,0.31304359436035156,1.0,2.0,2
forward_start,1780280966.0135667,52,52,52,56,FULL,1780280966.0135667,1780280966.0139067,0.3399848937988281,decode,0,0,452715,0.5841255187988281,1.7180925666199158,0.3399848937988281,1.0,1.7180925666199158,2
forward_start,1780280966.019999,49,49,49,56,FULL,1780280966.019999,1780280966.020196,0.19693374633789062,decode,1,0,452712,0.19693374633789062,1.0,0.19693374633789062,1.0,1.0,1
forward_start,1780280966.025967,50,50,50,56,FULL,1780280966.025967,1780280966.0261533,0.18644332885742188,decode,1,0,452712,0.19407272338867188,1.040920716112532,0.18644332885742188,1.0,1.040920716112532,2
forward_start,1780280966.028361,53,53,53,56,FULL,1780280966.028361,1780280966.0286565,0.29540061950683594,decode,0,0,452715,0.29540061950683594,1.0,0.29540061950683594,1.0,1.0,1
forward_start,1780280966.0378668,51,51,51,56,FULL,1780280966.0378668,1780280966.0380538,0.186920166015625,decode,1,0,452712,0.0,0.0,0.0,0.0,0.0,0
forward_start,1780280966.0378714,53,53,53,56,FULL,1780280966.0378714,1780280966.03817,0.2987384796142578,decode,0,0,452715,0.0,0.0,0.0,0.0,0.0,0
forward_start,1780280966.0505092,51,51,51,56,FULL,1780280966.0505092,1780280966.0507164,0.2071857452392578,decode,1,0,452712,0.0,0.0,0.0,0.0,0.0,0
forward_start,1780280966.0505319,54,54,54,56,FULL,1780280966.0505319,1780280966.0508268,0.2949237823486328,decode,0,0,452715,0.0,0.0,0.0,0.0,0.0,0
forward_start,1780280966.0624297,54,54,54,56,FULL,1780280966.0624297,1780280966.062721,0.2913475036621094,decode,0,0,452715,0.1323223114013672,0.4541734860883797,0.1323223114013672,0.4541734860883797,1.0,1
forward_start,1780280966.0669386,50,50,50,56,FULL,1780280966.0669386,1780280966.0671458,0.2071857452392578,decode,1,0,452712,0.2071857452392578,1.0,0.2071857452392578,1.0,1.0,1
forward_start,1780280966.0745978,50,50,50,56,FULL,1780280966.0745978,1780280966.0747857,0.18787384033203125,decode,1,0,452712,0.18787384033203125,1.0,0.18787384033203125,1.0,1.0,1
forward_start,1780280966.0746129,54,54,54,56,FULL,1780280966.0746129,1780280966.0749142,0.301361083984375,decode,0,0,452715,0.2129077911376953,0.7064873417721519,0.2129077911376953,0.7064873417721519,1.0,1
forward_start,1780280966.0865874,50,50,50,56,FULL,1780280966.0865874,1780280966.0867717,0.1842975616455078,decode,1,0,452712,0.0,0.0,0.0,0.0,0.0,0
forward_start,1780280966.0866015,54,54,54,56,FULL,1780280966.0866015,1780280966.0868986,0.2970695495605469,decode,0,0,452715,0.0,0.0,0.0,0.0,0.0,0
forward_start,1780280966.0991328,51,51,51,56,FULL,1780280966.0991328,1780280966.099319,0.1862049102783203,decode,1,0,452712,0.0,0.0,0.0,0.0,0.0,0
forward_start,1780280966.0991418,53,53,53,56,FULL,1780280966.0991418,1780280966.099458,0.3161430358886719,decode,0,0,452715,0.0,0.0,0.0,0.0,0.0,0
forward_start,1780280966.1109421,51,51,51,56,FULL,1780280966.1109421,1780280966.1111538,0.2117156982421875,decode,1,0,452712,0.0,0.0,0.0,0.0,0.0,0
forward_start,1780280966.1109638,53,53,53,56,FULL,1780280966.1109638,1780280966.1112576,0.293731689453125,decode,0,0,452715,0.0,0.0,0.0,0.0,0.0,0
forward_start,1780280966.1231225,51,51,51,56,FULL,1780280966.1231225,1780280966.1233077,0.18525123596191406,decode,1,0,452712,0.0,0.0,0.0,0.0,0.0,0
forward_start,1780280966.1231391,53,53,53,56,FULL,1780280966.1231391,1780280966.123453,0.31375885009765625,decode,0,0,452715,0.0,0.0,0.0,0.0,0.0,0
forward_start,1780280966.1354237,51,51,51,56,FULL,1780280966.1354237,1780280966.1356127,0.18906593322753906,decode,1,0,452712,0.0,0.0,0.0,0.0,0.0,0
forward_start,1780280966.1354325,53,53,53,56,FULL,1780280966.1354325,1780280966.1357265,0.29397010803222656,decode,0,0,452715,0.0,0.0,0.0,0.0,0.0,0
forward_start,1780280966.1477656,51,51,51,56,FULL,1780280966.1477656,1780280966.1479545,0.1888275146484375,decode,1,0,452712,0.0,0.0,0.0,0.0,0.0,0
forward_start,1780280966.1478026,53,53,53,56,FULL,1780280966.1478026,1780280966.1481001,0.29754638671875,decode,0,0,452715,0.0,0.0,0.0,0.0,0.0,0
forward_start,1780280966.1597667,53,53,53,56,FULL,1780280966.1597667,1780280966.160065,0.2982616424560547,decode,0,0,452715,0.19931793212890625,0.6682653876898481,0.19931793212890625,0.6682653876898481,1.0,1
forward_start,1780280966.161372,51,51,51,56,FULL,1780280966.161372,1780280966.1615677,0.1957416534423828,decode,1,0,452712,0.0,0.0,0.0,0.0,0.0,0
forward_start,1780280966.172069,53,53,53,56,FULL,1780280966.172069,1780280966.1723895,0.3204345703125,decode,0,0,452715,0.0,0.0,0.0,0.0,0.0,0
forward_start,1780280966.1720777,50,50,50,56,FULL,1780280966.1720777,1780280966.172265,0.18739700317382812,decode,1,0,452712,0.0,0.0,0.0,0.0,0.0,0
forward_start,1780280966.1849663,51,51,51,56,FULL,1780280966.1849663,1780280966.185154,0.1876354217529297,decode,1,0,452712,0.0,0.0,0.0,0.0,0.0,0
forward_start,1780280966.184976,53,53,53,56,FULL,1780280966.184976,1780280966.1852758,0.29969215393066406,decode,0,0,452715,0.0,0.0,0.0,0.0,0.0,0
forward_start,1780280966.1969342,51,51,51,56,FULL,1780280966.1969342,1780280966.1971207,0.18644332885742188,decode,1,0,452712,0.0,0.0,0.0,0.0,0.0,0
forward_start,1780280966.1970704,53,53,53,56,FULL,1780280966.1970704,1780280966.1973884,0.3180503845214844,decode,0,0,452715,0.0,0.0,0.0,0.0,0.0,0
forward_start,1780280966.2086115,51,51,51,56,FULL,1780280966.2086115,1780280966.2087915,0.1800060272216797,decode,1,0,452712,0.0,0.0,0.0,0.0,0.0,0
forward_start,1780280966.208612,53,53,53,56,FULL,1780280966.208612,1780280966.2089133,0.301361083984375,decode,0,0,452715,0.0,0.0,0.0,0.0,0.0,0
forward_start,1780280966.2209122,51,51,51,56,FULL,1780280966.2209122,1780280966.2210953,0.18310546875,decode,1,0,452712,0.0,0.0,0.0,0.0,0.0,0
forward_start,1780280966.220933,53,53,53,56,FULL,1780280966.220933,1780280966.221237,0.3039836883544922,decode,0,0,452715,0.0,0.0,0.0,0.0,0.0,0
forward_start,1780280966.2328918,51,51,51,56,FULL,1780280966.2328918,1780280966.2330759,0.18405914306640625,decode,1,0,452712,0.0,0.0,0.0,0.0,0.0,0
forward_start,1780280966.2329109,53,53,53,56,FULL,1780280966.2329109,1780280966.2332265,0.31566619873046875,decode,0,0,452715,0.0,0.0,0.0,0.0,0.0,0
forward_start,1780280966.2452953,51,51,51,56,FULL,1780280966.2452953,1780280966.245499,0.20360946655273438,decode,1,0,452712,0.0,0.0,0.0,0.0,0.0,0
forward_start,1780280966.245297,53,53,53,56,FULL,1780280966.245297,1780280966.2456136,0.316619873046875,decode,0,0,452715,0.0,0.0,0.0,0.0,0.0,0
forward_start,1780280966.2573915,51,51,51,56,FULL,1780280966.2573915,1780280966.257577,0.18548965454101562,decode,1,0,452712,0.0,0.0,0.0,0.0,0.0,0
forward_start,1780280966.2574005,53,53,53,56,FULL,1780280966.2574005,1780280966.2577035,0.30303001403808594,decode,0,0,452715,0.0,0.0,0.0,0.0,0.0,0
forward_start,1780280966.2699425,51,51,51,56,FULL,1780280966.2699425,1780280966.2701297,0.18715858459472656,decode,1,0,452712,0.0,0.0,0.0,0.0,0.0,0
forward_start,1780280966.2699728,53,53,53,56,FULL,1780280966.2699728,1780280966.270282,0.30922889709472656,decode,0,0,452715,0.0,0.0,0.0,0.0,0.0,0
forward_start,1780280966.2819684,51,51,51,56,FULL,1780280966.2819684,1780280966.2821515,0.18310546875,decode,1,0,452712,0.0,0.0,0.0,0.0,0.0,0
forward_start,1780280966.281987,53,53,53,56,FULL,1780280966.281987,1780280966.2823045,0.31757354736328125,decode,0,0,452715,0.0,0.0,0.0,0.0,0.0,0
forward_start,1780280966.2944353,50,50,50,56,FULL,1780280966.2944353,1780280966.2946448,0.20956993103027344,decode,1,0,452712,0.0,0.0,0.0,0.0,0.0,0
forward_start,1780280966.2944388,53,53,53,56,FULL,1780280966.2944388,1780280966.2947333,0.2944469451904297,decode,0,0,452715,0.0,0.0,0.0,0.0,0.0,0
forward_start,1780280966.3065743,50,50,50,56,FULL,1780280966.3065743,1780280966.3067546,0.18024444580078125,decode,1,0,452712,0.0,0.0,0.0,0.0,0.0,0
forward_start,1780280966.3065925,53,53,53,56,FULL,1780280966.3065925,1780280966.3068867,0.2942085266113281,decode,0,0,452715,0.0,0.0,0.0,0.0,0.0,0
forward_start,1780280966.3188176,50,50,50,56,FULL,1780280966.3188176,1780280966.3190002,0.18262863159179688,decode,1,0,452712,0.0,0.0,0.0,0.0,0.0,0
forward_start,1780280966.3188286,53,53,53,56,FULL,1780280966.3188286,1780280966.319112,0.2834796905517578,decode,0,0,452715,0.0,0.0,0.0,0.0,0.0,0
forward_start,1780280966.3310802,49,49,49,56,FULL,1780280966.3310802,1780280966.331263,0.18286705017089844,decode,1,0,452712,0.0,0.0,0.0,0.0,0.0,0
forward_start,1780280966.3310916,53,53,53,56,FULL,1780280966.3310916,1780280966.3314118,0.32019615173339844,decode,0,0,452715,0.0,0.0,0.0,0.0,0.0,0
forward_start,1780280966.3435342,49,49,49,56,FULL,1780280966.3435342,1780280966.3437514,0.21719932556152344,decode,1,0,452712,0.0,0.0,0.0,0.0,0.0,0
forward_start,1780280966.343548,53,53,53,56,FULL,1780280966.343548,1780280966.3438406,0.2925395965576172,decode,0,0,452715,0.0,0.0,0.0,0.0,0.0,0
forward_start,1780280966.3565953,53,53,53,56,FULL,1780280966.3565953,1780280966.3569021,0.30684471130371094,decode,0,0,452715,0.6136894226074219,2.0,0.30684471130371094,1.0,2.0,2
forward_start,1780280966.3692968,49,49,49,56,FULL,1780280966.3692968,1780280966.3696194,0.32258033752441406,decode,1,0,452712,0.32258033752441406,1.0,0.32258033752441406,1.0,1.0,1
forward_start,1780280966.372695,49,49,49,56,FULL,1780280966.372695,1780280966.3729787,0.2837181091308594,decode,1,0,452712,0.2837181091308594,1.0,0.2837181091308594,1.0,1.0,1
forward_start,1780280966.373011,53,53,53,56,FULL,1780280966.373011,1780280966.3733184,0.30732154846191406,decode,0,0,452715,0.30732154846191406,1.0,0.30732154846191406,1.0,1.0,1
forward_start,1780280966.3839185,49,49,49,56,FULL,1780280966.3839185,1780280966.3840876,0.1690387725830078,decode,1,0,452712,0.1690387725830078,1.0,0.1690387725830078,1.0,1.0,1
forward_start,1780280966.3839245,54,54,54,56,FULL,1780280966.3839245,1780280966.384212,0.2875328063964844,decode,0,0,452715,0.202178955078125,0.703150912106136,0.202178955078125,0.703150912106136,1.0,1
forward_start,1780280966.3962173,49,49,49,56,FULL,1780280966.3962173,1780280966.3964229,0.20551681518554688,decode,1,0,452712,0.0,0.0,0.0,0.0,0.0,0
forward_start,1780280966.396232,54,54,54,56,FULL,1780280966.396232,1780280966.3965483,0.31638145446777344,decode,0,0,452715,0.0,0.0,0.0,0.0,0.0,0
forward_start,1780280966.4086568,50,50,50,56,FULL,1780280966.4086568,1780280966.4088407,0.1838207244873047,decode,1,0,452712,0.0,0.0,0.0,0.0,0.0,0
forward_start,1780280966.4086647,54,54,54,56,FULL,1780280966.4086647,1780280966.4089494,0.2846717834472656,decode,0,0,452715,0.0,0.0,0.0,0.0,0.0,0
forward_start,1780280966.4207294,49,49,49,56,FULL,1780280966.4207294,1780280966.420912,0.18262863159179688,decode,1,0,452712,0.0,0.0,0.0,0.0,0.0,0
forward_start,1780280966.4207466,54,54,54,56,FULL,1780280966.4207466,1780280966.4210455,0.2989768981933594,decode,0,0,452715,0.0,0.0,0.0,0.0,0.0,0
forward_start,1780280966.432779,49,49,49,56,FULL,1780280966.432779,1780280966.4329684,0.18930435180664062,decode,1,0,452712,0.0,0.0,0.0,0.0,0.0,0
forward_start,1780280966.4327896,54,54,54,56,FULL,1780280966.4327896,1780280966.4330852,0.2956390380859375,decode,0,0,452715,0.0,0.0,0.0,0.0,0.0,0
forward_start,1780280966.4450321,54,54,54,56,FULL,1780280966.4450321,1780280966.445331,0.2989768981933594,decode,0,0,452715,0.18548965454101562,0.620414673046252,0.18548965454101562,0.620414673046252,1.0,1
forward_start,1780280966.4502127,49,49,49,56,FULL,1780280966.4502127,1780280966.4504247,0.21195411682128906,decode,1,0,452712,0.0,0.0,0.0,0.0,0.0,0
forward_start,1780280966.4570124,48,48,48,56,FULL,1780280966.4570124,1780280966.4571974,0.1850128173828125,decode,1,0,452712,0.0,0.0,0.0,0.0,0.0,0
forward_start,1780280966.4570136,54,54,54,56,FULL,1780280966.4570136,1780280966.4573197,0.30612945556640625,decode,0,0,452715,0.0,0.0,0.0,0.0,0.0,0
forward_start,1780280966.4692845,49,49,49,56,FULL,1780280966.4692845,1780280966.4694922,0.20766258239746094,decode,1,0,452712,0.0,0.0,0.0,0.0,0.0,0
forward_start,1780280966.469307,54,54,54,56,FULL,1780280966.469307,1780280966.4696171,0.3101825714111328,decode,0,0,452715,0.0,0.0,0.0,0.0,0.0,0
forward_start,1780280966.4814403,49,49,49,56,FULL,1780280966.4814403,1780280966.4816291,0.1888275146484375,decode,1,0,452712,0.0,0.0,0.0,0.0,0.0,0
forward_start,1780280966.481447,53,53,53,56,FULL,1780280966.481447,1780280966.4817479,0.3008842468261719,decode,0,0,452715,0.0,0.0,0.0,0.0,0.0,0
forward_start,1780280966.4936802,49,49,49,56,FULL,1780280966.4936802,1780280966.4938643,0.18405914306640625,decode,1,0,452712,0.0,0.0,0.0,0.0,0.0,0
forward_start,1780280966.4936924,53,53,53,56,FULL,1780280966.4936924,1780280966.4939795,0.28705596923828125,decode,0,0,452715,0.0,0.0,0.0,0.0,0.0,0
forward_start,1780280966.5053594,53,53,53,56,FULL,1780280966.5053594,1780280966.5056503,0.29087066650390625,decode,0,0,452715,0.0,0.0,0.0,0.0,0.0,0
forward_start,1780280966.505363,49,49,49,56,FULL,1780280966.505363,1780280966.5055492,0.1862049102783203,decode,1,0,452712,0.0,0.0,0.0,0.0,0.0,0
forward_start,1780280966.5175068,49,49,49,56,FULL,1780280966.5175068,1780280966.5176926,0.1857280731201172,decode,1,0,452712,0.0,0.0,0.0,0.0,0.0,0
forward_start,1780280966.5175276,53,53,53,56,FULL,1780280966.5175276,1780280966.5178225,0.2949237823486328,decode,0,0,452715,0.0,0.0,0.0,0.0,0.0,0
forward_start,1780280966.529646,49,49,49,56,FULL,1780280966.529646,1780280966.529831,0.1850128173828125,decode,1,0,452712,0.0,0.0,0.0,0.0,0.0,0
forward_start,1780280966.5296519,53,53,53,56,FULL,1780280966.5296519,1780280966.5299573,0.30541419982910156,decode,0,0,452715,0.0,0.0,0.0,0.0,0.0,0
forward_start,1780280966.54179,53,53,53,56,FULL,1780280966.54179,1780280966.5420916,0.30159950256347656,decode,0,0,452715,0.16999244689941406,0.5636363636363636,0.16999244689941406,0.5636363636363636,1.0,1
forward_start,1780280966.5461218,49,49,49,56,FULL,1780280966.5461218,1780280966.5463214,0.1995563507080078,decode,1,0,452712,0.0,0.0,0.0,0.0,0.0,0
forward_start,1780280966.5538425,49,49,49,56,FULL,1780280966.5538425,1780280966.5540273,0.18477439880371094,decode,1,0,452712,0.0,0.0,0.0,0.0,0.0,0
forward_start,1780280966.5538578,53,53,53,56,FULL,1780280966.5538578,1780280966.5541706,0.31280517578125,decode,0,0,452715,0.0,0.0,0.0,0.0,0.0,0
forward_start,1780280966.5665421,52,52,52,56,FULL,1780280966.5665421,1780280966.5668457,0.30350685119628906,decode,0,0,452715,0.0,0.0,0.0,0.0,0.0,0
forward_start,1780280966.5665474,50,50,50,56,FULL,1780280966.5665474,1780280966.566733,0.18548965454101562,decode,1,0,452712,0.0,0.0,0.0,0.0,0.0,0
forward_start,1780280966.5790136,50,50,50,56,FULL,1780280966.5790136,1780280966.5792003,0.18668174743652344,decode,1,0,452712,0.0,0.0,0.0,0.0,0.0,0
forward_start,1780280966.5790358,51,51,51,56,FULL,1780280966.5790358,1780280966.5793328,0.2970695495605469,decode,0,0,452715,0.0,0.0,0.0,0.0,0.0,0
forward_start,1780280966.5907335,50,50,50,56,FULL,1780280966.5907335,1780280966.5909195,0.18596649169921875,decode,1,0,452712,0.0,0.0,0.0,0.0,0.0,0
forward_start,1780280966.5907521,51,51,51,56,FULL,1780280966.5907521,1780280966.5910501,0.2980232238769531,decode,0,0,452715,0.0,0.0,0.0,0.0,0.0,0
forward_start,1780280966.6027725,50,50,50,56,FULL,1780280966.6027725,1780280966.6029603,0.18787384033203125,decode,1,0,452712,0.0,0.0,0.0,0.0,0.0,0
forward_start,1780280966.6027822,51,51,51,56,FULL,1780280966.6027822,1780280966.6030803,0.2980232238769531,decode,0,0,452715,0.0,0.0,0.0,0.0,0.0,0
forward_start,1780280966.615063,50,50,50,56,FULL,1780280966.615063,1780280966.6152503,0.18739700317382812,decode,1,0,452712,0.0,0.0,0.0,0.0,0.0,0
forward_start,1780280966.61507,51,51,51,56,FULL,1780280966.61507,1780280966.6153867,0.316619873046875,decode,0,0,452715,0.0,0.0,0.0,0.0,0.0,0
forward_start,1780280966.6270413,50,50,50,56,FULL,1780280966.6270413,1780280966.6272287,0.18739700317382812,decode,1,0,452712,0.0,0.0,0.0,0.0,0.0,0
forward_start,1780280966.6270545,51,51,51,56,FULL,1780280966.6270545,1780280966.6273673,0.31280517578125,decode,0,0,452715,0.0,0.0,0.0,0.0,0.0,0
forward_start,1780280966.6392329,50,50,50,56,FULL,1780280966.6392329,1780280966.6394417,0.20885467529296875,decode,1,0,452712,0.0,0.0,0.0,0.0,0.0,0
forward_start,1780280966.6401498,51,51,51,56,FULL,1780280966.6401498,1780280966.6404645,0.3147125244140625,decode,0,0,452715,0.0,0.0,0.0,0.0,0.0,0
forward_start,1780280966.651381,51,51,51,56,FULL,1780280966.651381,1780280966.651678,0.2970695495605469,decode,0,0,452715,0.0,0.0,0.0,0.0,0.0,0
forward_start,1780280966.651389,50,50,50,56,FULL,1780280966.651389,1780280966.6515787,0.18978118896484375,decode,1,0,452712,0.0,0.0,0.0,0.0,0.0,0
forward_start,1780280966.663883,50,50,50,56,FULL,1780280966.663883,1780280966.6640687,0.1857280731201172,decode,1,0,452712,0.0,0.0,0.0,0.0,0.0,0
forward_start,1780280966.6639047,52,52,52,56,FULL,1780280966.6639047,1780280966.6642087,0.3039836883544922,decode,0,0,452715,0.0,0.0,0.0,0.0,0.0,0
forward_start,1780280966.67584,49,49,49,56,FULL,1780280966.67584,1780280966.6760223,0.1823902130126953,decode,1,0,452712,0.0,0.0,0.0,0.0,0.0,0
forward_start,1780280966.6758428,52,52,52,56,FULL,1780280966.6758428,1780280966.6761398,0.2970695495605469,decode,0,0,452715,0.0,0.0,0.0,0.0,0.0,0
forward_start,1780280966.6879852,49,49,49,56,FULL,1780280966.6879852,1780280966.688167,0.1819133758544922,decode,1,0,452712,0.0,0.0,0.0,0.0,0.0,0
forward_start,1780280966.6879897,52,52,52,56,FULL,1780280966.6879897,1780280966.688283,0.2932548522949219,decode,0,0,452715,0.0,0.0,0.0,0.0,0.0,0
forward_start,1780280966.7001731,52,52,52,56,FULL,1780280966.7001731,1780280966.7004755,0.30231475830078125,decode,0,0,452715,0.0,0.0,0.0,0.0,0.0,0
forward_start,1780280966.7001843,49,49,49,56,FULL,1780280966.7001843,1780280966.7003832,0.19884109497070312,decode,1,0,452712,0.0,0.0,0.0,0.0,0.0,0
forward_start,1780280966.712573,49,49,49,56,FULL,1780280966.712573,1780280966.7127588,0.1857280731201172,decode,1,0,452712,0.0,0.0,0.0,0.0,0.0,0
forward_start,1780280966.7125807,52,52,52,56,FULL,1780280966.7125807,1780280966.712876,0.29540061950683594,decode,0,0,452715,0.0,0.0,0.0,0.0,0.0,0
forward_start,1780280966.7247093,49,49,49,56,FULL,1780280966.7247093,1780280966.7249217,0.2124309539794922,decode,1,0,452712,0.0,0.0,0.0,0.0,0.0,0
forward_start,1780280966.7247245,52,52,52,56,FULL,1780280966.7247245,1780280966.7250206,0.2961158752441406,decode,0,0,452715,0.0,0.0,0.0,0.0,0.0,0
forward_start,1780280966.736987,49,49,49,56,FULL,1780280966.736987,1780280966.7371964,0.20933151245117188,decode,1,0,452712,0.0,0.0,0.0,0.0,0.0,0
forward_start,1780280966.7369921,52,52,52,56,FULL,1780280966.7369921,1780280966.737307,0.31495094299316406,decode,0,0,452715,0.0,0.0,0.0,0.0,0.0,0
forward_start,1780280966.7490215,49,49,49,56,FULL,1780280966.7490215,1780280966.749203,0.18143653869628906,decode,1,0,452712,0.0,0.0,0.0,0.0,0.0,0
forward_start,1780280966.749471,52,52,52,56,FULL,1780280966.749471,1780280966.7497747,0.3037452697753906,decode,0,0,452715,0.0,0.0,0.0,0.0,0.0,0
forward_start,1780280966.7617085,49,49,49,56,FULL,1780280966.7617085,1780280966.7618847,0.1761913299560547,decode,1,0,452712,0.0,0.0,0.0,0.0,0.0,0
forward_start,1780280966.7617116,51,51,51,56,FULL,1780280966.7617116,1780280966.7620168,0.30517578125,decode,0,0,452715,0.0,0.0,0.0,0.0,0.0,0
forward_start,1780280966.7736294,51,51,51,56,FULL,1780280966.7736294,1780280966.7739303,0.3008842468261719,decode,0,0,452715,0.0,0.0,0.0,0.0,0.0,0
forward_start,1780280966.77363,49,49,49,56,FULL,1780280966.77363,1780280966.773814,0.18405914306640625,decode,1,0,452712,0.0,0.0,0.0,0.0,0.0,0
forward_start,1780280966.7860525,49,49,49,56,FULL,1780280966.7860525,1780280966.7862406,0.1881122589111328,decode,1,0,452712,0.0,0.0,0.0,0.0,0.0,0
forward_start,1780280966.78607,51,51,51,56,FULL,1780280966.78607,1780280966.786382,0.31185150146484375,decode,0,0,452715,0.0,0.0,0.0,0.0,0.0,0
forward_start,1780280966.798145,51,51,51,56,FULL,1780280966.798145,1780280966.7984612,0.3161430358886719,decode,0,0,452715,0.0,0.0,0.0,0.0,0.0,0
forward_start,1780280966.7981658,49,49,49,56,FULL,1780280966.7981658,1780280966.7983747,0.20885467529296875,decode,1,0,452712,0.0,0.0,0.0,0.0,0.0,0
forward_start,1780280966.8102686,49,49,49,56,FULL,1780280966.8102686,1780280966.8104744,0.20575523376464844,decode,1,0,452712,0.0,0.0,0.0,0.0,0.0,0
forward_start,1780280966.810269,51,51,51,56,FULL,1780280966.810269,1780280966.8105938,0.3247261047363281,decode,0,0,452715,0.0,0.0,0.0,0.0,0.0,0
forward_start,1780280966.822595,49,49,49,56,FULL,1780280966.822595,1780280966.8228903,0.29540061950683594,decode,0,0,452715,0.07653236389160156,0.25907990314769974,0.07653236389160156,0.25907990314769974,1.0,1
forward_start,1780280966.826362,49,49,49,56,FULL,1780280966.826362,1780280966.8265777,0.21576881408691406,decode,1,0,452712,0.21576881408691406,1.0,0.21576881408691406,1.0,1.0,1
forward_start,1780280966.8348532,49,49,49,56,FULL,1780280966.8348532,1780280966.8350399,0.18668174743652344,decode,1,0,452712,0.18668174743652344,1.0,0.18668174743652344,1.0,1.0,1
forward_start,1780280966.8348548,49,49,49,56,FULL,1780280966.8348548,1780280966.8351514,0.29659271240234375,decode,0,0,452715,0.2307891845703125,0.7781350482315113,0.2307891845703125,0.7781350482315113,1.0,1
forward_start,1780280966.8469794,49,49,49,56,FULL,1780280966.8469794,1780280966.847164,0.18453598022460938,decode,1,0,452712,0.0,0.0,0.0,0.0,0.0,0
forward_start,1780280966.846983,48,48,48,56,FULL,1780280966.846983,1780280966.8472743,0.2913475036621094,decode,0,0,452715,0.0,0.0,0.0,0.0,0.0,0
forward_start,1780280966.8591373,50,50,50,56,FULL,1780280966.8591373,1780280966.8593225,0.18525123596191406,decode,1,0,452712,0.0,0.0,0.0,0.0,0.0,0
forward_start,1780280966.8594437,48,48,48,56,FULL,1780280966.8594437,1780280966.859739,0.29540061950683594,decode,0,0,452715,0.0,0.0,0.0,0.0,0.0,0
forward_start,1780280966.8716016,48,48,48,56,FULL,1780280966.8716016,1780280966.8718975,0.29587745666503906,decode,0,0,452715,0.0,0.0,0.0,0.0,0.0,0
forward_start,1780280966.8716037,50,50,50,56,FULL,1780280966.8716037,1780280966.8717873,0.18358230590820312,decode,1,0,452712,0.0,0.0,0.0,0.0,0.0,0
forward_start,1780280966.8837316,50,50,50,56,FULL,1780280966.8837316,1780280966.8839161,0.18453598022460938,decode,1,0,452712,0.030517578125,0.165374677002584,0.030517578125,0.165374677002584,1.0,1
forward_start,1780280966.88469,48,48,48,56,FULL,1780280966.88469,1780280966.884999,0.308990478515625,decode,0,0,452715,0.308990478515625,1.0,0.308990478515625,1.0,1.0,1
forward_start,1780280966.8956308,50,50,50,56,FULL,1780280966.8956308,1780280966.895816,0.18525123596191406,decode,1,0,452712,0.0,0.0,0.0,0.0,0.0,0
forward_start,1780280966.8956468,48,48,48,56,FULL,1780280966.8956468,1780280966.8959439,0.2970695495605469,decode,0,0,452715,0.0,0.0,0.0,0.0,0.0,0
forward_start,1780280966.9084082,50,50,50,56,FULL,1780280966.9084082,1780280966.9086251,0.21696090698242188,decode,1,0,452712,0.0,0.0,0.0,0.0,0.0,0
forward_start,1780280966.9087255,49,49,49,56,FULL,1780280966.9087255,1780280966.9090319,0.3063678741455078,decode,0,0,452715,0.0,0.0,0.0,0.0,0.0,0
forward_start,1780280966.9201167,50,50,50,56,FULL,1780280966.9201167,1780280966.920305,0.18835067749023438,decode,1,0,452712,0.0,0.0,0.0,0.0,0.0,0
forward_start,1780280966.92012,49,49,49,56,FULL,1780280966.92012,1780280966.9204419,0.3218650817871094,decode,0,0,452715,0.0,0.0,0.0,0.0,0.0,0
forward_start,1780280966.9324992,50,50,50,56,FULL,1780280966.9324992,1780280966.932685,0.1857280731201172,decode,1,0,452712,0.007152557373046875,0.038510911424903725,0.007152557373046875,0.038510911424903725,1.0,1
forward_start,1780280966.941343,49,49,49,56,FULL,1780280966.941343,1780280966.9416432,0.3001689910888672,decode,0,0,452715,0.0,0.0,0.0,0.0,0.0,0
forward_start,1780280966.9445717,49,49,49,56,FULL,1780280966.9445717,1780280966.9448888,0.3170967102050781,decode,0,0,452715,0.0,0.0,0.0,0.0,0.0,0
forward_start,1780280966.9445748,50,50,50,56,FULL,1780280966.9445748,1780280966.9447875,0.21266937255859375,decode,1,0,452712,0.0,0.0,0.0,0.0,0.0,0
forward_start,1780280966.9569738,50,50,50,56,FULL,1780280966.9569738,1780280966.9572673,0.29349327087402344,decode,0,0,452715,0.13065338134765625,0.44516653127538586,0.13065338134765625,0.44516653127538586,1.0,1
forward_start,1780280966.9650202,50,50,50,56,FULL,1780280966.9650202,1780280966.965301,0.2808570861816406,decode,1,0,452712,0.2808570861816406,1.0,0.2808570861816406,1.0,1.0,1
forward_start,1780280966.9697173,50,50,50,56,FULL,1780280966.9697173,1780280966.9699063,0.18906593322753906,decode,1,0,452712,0.18906593322753906,1.0,0.18906593322753906,1.0,1.0,1
forward_start,1780280966.9697225,50,50,50,56,FULL,1780280966.9697225,1780280966.9700263,0.3037452697753906,decode,0,0,452715,0.2231597900390625,0.7346938775510204,0.2231597900390625,0.7346938775510204,1.0,1
forward_start,1780280966.981268,50,50,50,56,FULL,1780280966.981268,1780280966.9814708,0.2028942108154297,decode,1,0,452712,0.0,0.0,0.0,0.0,0.0,0
forward_start,1780280966.9812784,50,50,50,56,FULL,1780280966.9812784,1780280966.9816005,0.32210350036621094,decode,0,0,452715,0.0,0.0,0.0,0.0,0.0,0
forward_start,1780280966.9939668,50,50,50,56,FULL,1780280966.9939668,1780280966.994261,0.2942085266113281,decode,0,0,452715,0.1983642578125,0.6742301458670988,0.1983642578125,0.6742301458670988,1.0,1
forward_start,1780280966.9975505,50,50,50,56,FULL,1780280966.9975505,1780280966.9977424,0.1919269561767578,decode,1,0,452712,0.0,0.0,0.0,0.0,0.0,0
forward_start,1780280967.005704,50,50,50,56,FULL,1780280967.005704,1780280967.0058894,0.18548965454101562,decode,1,0,452712,0.0,0.0,0.0,0.0,0.0,0
forward_start,1780280967.0057178,50,50,50,56,FULL,1780280967.0057178,1780280967.0060155,0.29778480529785156,decode,0,0,452715,0.0,0.0,0.0,0.0,0.0,0
forward_start,1780280967.0179687,51,51,51,56,FULL,1780280967.0179687,1780280967.0181928,0.22411346435546875,decode,1,0,452712,0.0,0.0,0.0,0.0,0.0,0
forward_start,1780280967.0180762,50,50,50,56,FULL,1780280967.0180762,1780280967.0183892,0.31304359436035156,decode,0,0,452715,0.0,0.0,0.0,0.0,0.0,0
forward_start,1780280967.0302682,51,51,51,56,FULL,1780280967.0302682,1780280967.0304828,0.21457672119140625,decode,1,0,452712,0.0,0.0,0.0,0.0,0.0,0
forward_start,1780280967.0302906,50,50,50,56,FULL,1780280967.0302906,1780280967.030607,0.31638145446777344,decode,0,0,452715,0.0,0.0,0.0,0.0,0.0,0
forward_start,1780280967.0423865,50,50,50,56,FULL,1780280967.0423865,1780280967.0426857,0.29921531677246094,decode,0,0,452715,0.0,0.0,0.0,0.0,0.0,0
forward_start,1780280967.0423877,51,51,51,56,FULL,1780280967.0423877,1780280967.0425987,0.2110004425048828,decode,1,0,452712,0.0,0.0,0.0,0.0,0.0,0
forward_start,1780280967.0549276,51,51,51,56,FULL,1780280967.0549276,1780280967.0551434,0.21576881408691406,decode,1,0,452712,0.0,0.0,0.0,0.0,0.0,0
forward_start,1780280967.0600264,49,49,49,56,FULL,1780280967.0600264,1780280967.060415,0.3886222839355469,decode,0,0,452715,0.3886222839355469,1.0,0.3886222839355469,1.0,1.0,1
forward_start,1780280967.066783,51,51,51,56,FULL,1780280967.066783,1780280967.0669823,0.19931793212890625,decode,1,0,452712,0.19931793212890625,1.0,0.19931793212890625,1.0,1.0,1
forward_start,1780280967.0668337,49,49,49,56,FULL,1780280967.0668337,1780280967.0671542,0.3204345703125,decode,0,0,452715,0.3204345703125,1.0,0.3204345703125,1.0,1.0,1
forward_start,1780280967.0794165,49,49,49,56,FULL,1780280967.0794165,1780280967.0797188,0.30231475830078125,decode,0,0,452715,0.5145072937011719,1.7018927444794953,0.30231475830078125,1.0,1.7018927444794953,2
forward_start,1780280967.0817485,51,51,51,56,FULL,1780280967.0817485,1780280967.081945,0.1964569091796875,decode,1,0,452712,0.0,0.0,0.0,0.0,0.0,0
forward_start,1780280967.0912006,51,51,51,56,FULL,1780280967.0912006,1780280967.0914116,0.2110004425048828,decode,1,0,452712,0.0,0.0,0.0,0.0,0.0,0
forward_start,1780280967.0912056,49,49,49,56,FULL,1780280967.0912056,1780280967.091527,0.32138824462890625,decode,0,0,452715,0.0,0.0,0.0,0.0,0.0,0
forward_start,1780280967.1037335,52,52,52,56,FULL,1780280967.1037335,1780280967.1039531,0.21958351135253906,decode,1,0,452712,0.0,0.0,0.0,0.0,0.0,0
forward_start,1780280967.108496,50,50,50,56,FULL,1780280967.108496,1780280967.108859,0.3631114959716797,decode,0,0,452715,0.3631114959716797,1.0,0.3631114959716797,1.0,1.0,1
forward_start,1780280967.1155255,52,52,52,56,FULL,1780280967.1155255,1780280967.1157057,0.18024444580078125,decode,1,0,452712,0.18024444580078125,1.0,0.18024444580078125,1.0,1.0,1
forward_start,1780280967.115579,50,50,50,56,FULL,1780280967.115579,1780280967.115868,0.2892017364501953,decode,0,0,452715,0.2892017364501953,1.0,0.2892017364501953,1.0,1.0,1
forward_start,1780280967.128127,51,51,51,56,FULL,1780280967.128127,1780280967.128352,0.22482872009277344,decode,1,0,452712,0.0,0.0,0.0,0.0,0.0,0
forward_start,1780280967.1281335,50,50,50,56,FULL,1780280967.1281335,1780280967.1284444,0.3108978271484375,decode,0,0,452715,0.0,0.0,0.0,0.0,0.0,0
forward_start,1780280967.1402748,51,51,51,56,FULL,1780280967.1402748,1780280967.1405845,0.3097057342529297,decode,0,0,452715,0.0,0.0,0.0,0.0,0.0,0
forward_start,1780280967.1403549,51,51,51,56,FULL,1780280967.1403549,1780280967.1405442,0.18930435180664062,decode,1,0,452712,0.0,0.0,0.0,0.0,0.0,0
forward_start,1780280967.1525877,51,51,51,56,FULL,1780280967.1525877,1780280967.152788,0.2002716064453125,decode,1,0,452712,0.0,0.0,0.0,0.0,0.0,0
forward_start,1780280967.1526072,51,51,51,56,FULL,1780280967.1526072,1780280967.1528993,0.29206275939941406,decode,0,0,452715,0.0,0.0,0.0,0.0,0.0,0
forward_start,1780280967.164489,51,51,51,56,FULL,1780280967.164489,1780280967.164677,0.18787384033203125,decode,1,0,452712,0.0,0.0,0.0,0.0,0.0,0
forward_start,1780280967.1645103,51,51,51,56,FULL,1780280967.1645103,1780280967.1648135,0.3032684326171875,decode,0,0,452715,0.0,0.0,0.0,0.0,0.0,0
forward_start,1780280967.176691,51,51,51,56,FULL,1780280967.176691,1780280967.176873,0.1819133758544922,decode,1,0,452712,0.0,0.0,0.0,0.0,0.0,0
forward_start,1780280967.1767209,51,51,51,56,FULL,1780280967.1767209,1780280967.1770124,0.29158592224121094,decode,0,0,452715,0.0,0.0,0.0,0.0,0.0,0
forward_start,1780280967.1888444,51,51,51,56,FULL,1780280967.1888444,1780280967.1890316,0.18715858459472656,decode,1,0,452712,0.0,0.0,0.0,0.0,0.0,0
forward_start,1780280967.1888611,51,51,51,56,FULL,1780280967.1888611,1780280967.1891625,0.301361083984375,decode,0,0,452715,0.0,0.0,0.0,0.0,0.0,0
forward_start,1780280967.2011323,51,51,51,56,FULL,1780280967.2011323,1780280967.2013156,0.18334388732910156,decode,1,0,452712,0.0,0.0,0.0,0.0,0.0,0
forward_start,1780280967.201134,51,51,51,56,FULL,1780280967.201134,1780280967.2014618,0.32782554626464844,decode,0,0,452715,0.0,0.0,0.0,0.0,0.0,0
forward_start,1780280967.2131965,51,51,51,56,FULL,1780280967.2131965,1780280967.2133996,0.20313262939453125,decode,1,0,452712,0.0,0.0,0.0,0.0,0.0,0
forward_start,1780280967.2132208,51,51,51,56,FULL,1780280967.2132208,1780280967.213536,0.3151893615722656,decode,0,0,452715,0.0,0.0,0.0,0.0,0.0,0
forward_start,1780280967.2252364,50,50,50,56,FULL,1780280967.2252364,1780280967.2254288,0.19240379333496094,decode,1,0,452712,0.0,0.0,0.0,0.0,0.0,0
forward_start,1780280967.225255,51,51,51,56,FULL,1780280967.225255,1780280967.2255585,0.30350685119628906,decode,0,0,452715,0.0,0.0,0.0,0.0,0.0,0
forward_start,1780280967.2376804,50,50,50,56,FULL,1780280967.2376804,1780280967.237885,0.20456314086914062,decode,1,0,452712,0.0,0.0,0.0,0.0,0.0,0
forward_start,1780280967.2376893,51,51,51,56,FULL,1780280967.2376893,1780280967.23797,0.2808570861816406,decode,0,0,452715,0.0,0.0,0.0,0.0,0.0,0
forward_start,1780280967.2498722,50,50,50,56,FULL,1780280967.2498722,1780280967.2500472,0.17499923706054688,decode,1,0,452712,0.0,0.0,0.0,0.0,0.0,0
forward_start,1780280967.2498906,50,50,50,56,FULL,1780280967.2498906,1780280967.2501652,0.274658203125,decode,0,0,452715,0.0,0.0,0.0,0.0,0.0,0
forward_start,1780280967.262276,50,50,50,56,FULL,1780280967.262276,1780280967.2625227,0.2467632293701172,decode,1,0,452712,0.0,0.0,0.0,0.0,0.0,0
forward_start,1780280967.2626247,50,50,50,56,FULL,1780280967.2626247,1780280967.2629294,0.3046989440917969,decode,0,0,452715,0.0,0.0,0.0,0.0,0.0,0
forward_start,1780280967.2790265,50,50,50,56,FULL,1780280967.2790265,1780280967.2793868,0.36025047302246094,decode,0,0,452715,0.7205009460449219,2.0,0.36025047302246094,1.0,2.0,2
forward_start,1780280967.284982,50,50,50,56,FULL,1780280967.284982,1780280967.2852082,0.2262592315673828,decode,1,0,452712,0.4525184631347656,2.0,0.2262592315673828,1.0,2.0,2
forward_start,1780280967.2885215,50,50,50,56,FULL,1780280967.2885215,1780280967.2888074,0.28586387634277344,decode,1,0,452712,0.5717277526855469,2.0,0.28586387634277344,1.0,2.0,2
forward_start,1780280967.2885637,50,50,50,56,FULL,1780280967.2885637,1780280967.2888608,0.2970695495605469,decode,0,0,452715,0.5941390991210938,2.0,0.2970695495605469,1.0,2.0,2
forward_start,1780280967.2997935,50,50,50,56,FULL,1780280967.2997935,1780280967.2999842,0.19073486328125,decode,1,0,452712,0.19073486328125,1.0,0.19073486328125,1.0,1.0,1
forward_start,1780280967.2998073,50,50,50,56,FULL,1780280967.2998073,1780280967.3001032,0.29587745666503906,decode,0,0,452715,0.2162456512451172,0.7308622078968574,0.2162456512451172,0.7308622078968574,1.0,1
forward_start,1780280967.3124776,49,49,49,56,FULL,1780280967.3124776,1780280967.312666,0.18835067749023438,decode,1,0,452712,0.0,0.0,0.0,0.0,0.0,0
forward_start,1780280967.312944,51,51,51,56,FULL,1780280967.312944,1780280967.3132298,0.28586387634277344,decode,0,0,452715,0.0,0.0,0.0,0.0,0.0,0
forward_start,1780280967.3265975,50,50,50,56,FULL,1780280967.3265975,1780280967.3267949,0.19741058349609375,decode,1,0,452712,0.19741058349609375,1.0,0.19741058349609375,1.0,1.0,1
forward_start,1780280967.3291013,51,51,51,56,FULL,1780280967.3291013,1780280967.3294792,0.37789344787597656,decode,0,0,452715,0.37789344787597656,1.0,0.37789344787597656,1.0,1.0,1
forward_start,1780280967.3363686,50,50,50,56,FULL,1780280967.3363686,1780280967.3365533,0.18477439880371094,decode,1,0,452712,0.18477439880371094,1.0,0.18477439880371094,1.0,1.0,1
forward_start,1780280967.3363788,51,51,51,56,FULL,1780280967.3363788,1780280967.3366718,0.2930164337158203,decode,0,0,452715,0.2930164337158203,1.0,0.2930164337158203,1.0,1.0,1
forward_start,1780280967.34885,52,52,52,56,FULL,1780280967.34885,1780280967.3490362,0.1862049102783203,decode,1,0,452712,0.0,0.0,0.0,0.0,0.0,0
forward_start,1780280967.3492236,51,51,51,56,FULL,1780280967.3492236,1780280967.3495674,0.3437995910644531,decode,0,0,452715,0.0,0.0,0.0,0.0,0.0,0
forward_start,1780280967.362005,52,52,52,56,FULL,1780280967.362005,1780280967.3621843,0.179290771484375,decode,1,0,452712,0.0,0.0,0.0,0.0,0.0,0
forward_start,1780280967.362454,51,51,51,56,FULL,1780280967.362454,1780280967.3627536,0.29969215393066406,decode,0,0,452715,0.0,0.0,0.0,0.0,0.0,0
forward_start,1780280967.3731134,52,52,52,56,FULL,1780280967.3731134,1780280967.3732965,0.18310546875,decode,1,0,452712,0.0,0.0,0.0,0.0,0.0,0
forward_start,1780280967.3731387,51,51,51,56,FULL,1780280967.3731387,1780280967.3734572,0.3185272216796875,decode,0,0,452715,0.0,0.0,0.0,0.0,0.0,0
forward_start,1780280967.3854873,52,52,52,56,FULL,1780280967.3854873,1780280967.3856692,0.1819133758544922,decode,1,0,452712,0.0,0.0,0.0,0.0,0.0,0
forward_start,1780280967.3855062,51,51,51,56,FULL,1780280967.3855062,1780280967.38582,0.31375885009765625,decode,0,0,452715,0.0,0.0,0.0,0.0,0.0,0
forward_start,1780280967.3975708,51,51,51,56,FULL,1780280967.3975708,1780280967.397757,0.1862049102783203,decode,1,0,452712,0.0,0.0,0.0,0.0,0.0,0
forward_start,1780280967.397602,51,51,51,56,FULL,1780280967.397602,1780280967.3979125,0.3104209899902344,decode,0,0,452715,0.0,0.0,0.0,0.0,0.0,0
forward_start,1780280967.4095228,51,51,51,56,FULL,1780280967.4095228,1780280967.409712,0.18930435180664062,decode,1,0,452712,0.0,0.0,0.0,0.0,0.0,0
forward_start,1780280967.4095333,51,51,51,56,FULL,1780280967.4095333,1780280967.4098408,0.3075599670410156,decode,0,0,452715,0.0,0.0,0.0,0.0,0.0,0
forward_start,1780280967.421743,51,51,51,56,FULL,1780280967.421743,1780280967.4219284,0.18548965454101562,decode,1,0,452712,0.0,0.0,0.0,0.0,0.0,0
forward_start,1780280967.4217565,51,51,51,56,FULL,1780280967.4217565,1780280967.422049,0.2925395965576172,decode,0,0,452715,0.0,0.0,0.0,0.0,0.0,0
forward_start,1780280967.4337566,51,51,51,56,FULL,1780280967.4337566,1780280967.4340591,0.3025531768798828,decode,0,0,452715,0.0,0.0,0.0,0.0,0.0,0
forward_start,1780280967.4337585,51,51,51,56,FULL,1780280967.4337585,1780280967.433941,0.1823902130126953,decode,1,0,452712,0.0,0.0,0.0,0.0,0.0,0
forward_start,1780280967.445973,51,51,51,56,FULL,1780280967.445973,1780280967.4461555,0.18262863159179688,decode,1,0,452712,0.0,0.0,0.0,0.0,0.0,0
forward_start,1780280967.4460013,51,51,51,56,FULL,1780280967.4460013,1780280967.4463012,0.2999305725097656,decode,0,0,452715,0.0,0.0,0.0,0.0,0.0,0
forward_start,1780280967.458634,51,51,51,56,FULL,1780280967.458634,1780280967.458815,0.1811981201171875,decode,1,0,452712,0.0,0.0,0.0,0.0,0.0,0
forward_start,1780280967.4586358,51,51,51,56,FULL,1780280967.4586358,1780280967.4589353,0.2994537353515625,decode,0,0,452715,0.0,0.0,0.0,0.0,0.0,0
forward_start,1780280967.4704022,51,51,51,56,FULL,1780280967.4704022,1780280967.470589,0.18668174743652344,decode,1,0,452712,0.0,0.0,0.0,0.0,0.0,0
forward_start,1780280967.4704201,51,51,51,56,FULL,1780280967.4704201,1780280967.4707248,0.3046989440917969,decode,0,0,452715,0.0,0.0,0.0,0.0,0.0,0
forward_start,1780280967.482275,51,51,51,56,FULL,1780280967.482275,1780280967.4824781,0.20313262939453125,decode,1,0,452712,0.0,0.0,0.0,0.0,0.0,0
forward_start,1780280967.4822817,51,51,51,56,FULL,1780280967.4822817,1780280967.4825883,0.3066062927246094,decode,0,0,452715,0.0,0.0,0.0,0.0,0.0,0
forward_start,1780280967.4944098,51,51,51,56,FULL,1780280967.4944098,1780280967.4947078,0.2980232238769531,decode,0,0,452715,0.0,0.0,0.0,0.0,0.0,0
forward_start,1780280967.4944146,51,51,51,56,FULL,1780280967.4944146,1780280967.4945972,0.18262863159179688,decode,1,0,452712,0.0,0.0,0.0,0.0,0.0,0
forward_start,1780280967.5064833,51,51,51,56,FULL,1780280967.5064833,1780280967.5066667,0.18334388732910156,decode,1,0,452712,0.0,0.0,0.0,0.0,0.0,0
forward_start,1780280967.5065157,51,51,51,56,FULL,1780280967.5065157,1780280967.5068092,0.29349327087402344,decode,0,0,452715,0.0,0.0,0.0,0.0,0.0,0
forward_start,1780280967.5186894,51,51,51,56,FULL,1780280967.5186894,1780280967.5188773,0.18787384033203125,decode,1,0,452712,0.0,0.0,0.0,0.0,0.0,0
forward_start,1780280967.5187008,51,51,51,56,FULL,1780280967.5187008,1780280967.5190024,0.30159950256347656,decode,0,0,452715,0.0,0.0,0.0,0.0,0.0,0
forward_start,1780280967.5311093,50,50,50,56,FULL,1780280967.5311093,1780280967.5312936,0.1842975616455078,decode,1,0,452712,0.0,0.0,0.0,0.0,0.0,0
forward_start,1780280967.5311365,50,50,50,56,FULL,1780280967.5311365,1780280967.5314543,0.3178119659423828,decode,0,0,452715,0.0,0.0,0.0,0.0,0.0,0
forward_start,1780280967.5432136,50,50,50,56,FULL,1780280967.5432136,1780280967.5434139,0.2002716064453125,decode,1,0,452712,0.0,0.0,0.0,0.0,0.0,0
forward_start,1780280967.5435834,49,49,49,56,FULL,1780280967.5435834,1780280967.5438812,0.29778480529785156,decode,0,0,452715,0.0,0.0,0.0,0.0,0.0,0
forward_start,1780280967.555233,50,50,50,56,FULL,1780280967.555233,1780280967.5554338,0.20074844360351562,decode,1,0,452712,0.0,0.0,0.0,0.0,0.0,0
forward_start,1780280967.5552473,49,49,49,56,FULL,1780280967.5552473,1780280967.5555558,0.3085136413574219,decode,0,0,452715,0.0,0.0,0.0,0.0,0.0,0
forward_start,1780280967.567502,49,49,49,56,FULL,1780280967.567502,1780280967.5678015,0.2994537353515625,decode,0,0,452715,0.0,0.0,0.0,0.0,0.0,0
forward_start,1780280967.567503,50,50,50,56,FULL,1780280967.567503,1780280967.5676863,0.18334388732910156,decode,1,0,452712,0.0,0.0,0.0,0.0,0.0,0
forward_start,1780280967.5797799,50,50,50,56,FULL,1780280967.5797799,1780280967.5799594,0.17952919006347656,decode,1,0,452712,0.0,0.0,0.0,0.0,0.0,0
forward_start,1780280967.579796,48,48,48,56,FULL,1780280967.579796,1780280967.58009,0.29397010803222656,decode,0,0,452715,0.0,0.0,0.0,0.0,0.0,0
forward_start,1780280967.592114,50,50,50,56,FULL,1780280967.592114,1780280967.5923285,0.21457672119140625,decode,1,0,452712,0.0,0.0,0.0,0.0,0.0,0
forward_start,1780280967.5921233,48,48,48,56,FULL,1780280967.5921233,1780280967.592446,0.3228187561035156,decode,0,0,452715,0.0,0.0,0.0,0.0,0.0,0
forward_start,1780280967.6040826,48,48,48,56,FULL,1780280967.6040826,1780280967.6043897,0.3070831298828125,decode,0,0,452715,0.0,0.0,0.0,0.0,0.0,0
forward_start,1780280967.6040864,50,50,50,56,FULL,1780280967.6040864,1780280967.6042702,0.1838207244873047,decode,1,0,452712,0.0,0.0,0.0,0.0,0.0,0
forward_start,1780280967.6164012,50,50,50,56,FULL,1780280967.6164012,1780280967.61659,0.1888275146484375,decode,1,0,452712,0.0,0.0,0.0,0.0,0.0,0
forward_start,1780280967.6164038,48,48,48,56,FULL,1780280967.6164038,1780280967.6167018,0.2980232238769531,decode,0,0,452715,0.0,0.0,0.0,0.0,0.0,0
forward_start,1780280967.6288657,50,50,50,56,FULL,1780280967.6288657,1780280967.629056,0.19025802612304688,decode,1,0,452712,0.0,0.0,0.0,0.0,0.0,0
forward_start,1780280967.62888,47,47,47,56,FULL,1780280967.62888,1780280967.6291716,0.29158592224121094,decode,0,0,452715,0.0,0.0,0.0,0.0,0.0,0
forward_start,1780280967.6409159,50,50,50,56,FULL,1780280967.6409159,1780280967.641096,0.18024444580078125,decode,1,0,452712,0.0,0.0,0.0,0.0,0.0,0
forward_start,1780280967.6409373,46,46,46,56,FULL,1780280967.6409373,1780280967.6412344,0.2970695495605469,decode,0,0,452715,0.0,0.0,0.0,0.0,0.0,0
forward_start,1780280967.6530437,50,50,50,56,FULL,1780280967.6530437,1780280967.6532316,0.18787384033203125,decode,1,0,452712,0.0,0.0,0.0,0.0,0.0,0
forward_start,1780280967.6582801,46,46,46,56,FULL,1780280967.6582801,1780280967.658595,0.31495094299316406,decode,0,0,452715,0.0,0.0,0.0,0.0,0.0,0
forward_start,1780280967.6656528,50,50,50,56,FULL,1780280967.6656528,1780280967.6658416,0.1888275146484375,decode,1,0,452712,0.0,0.0,0.0,0.0,0.0,0
forward_start,1780280967.6656778,45,45,45,56,FULL,1780280967.6656778,1780280967.6659741,0.2963542938232422,decode,0,0,452715,0.0,0.0,0.0,0.0,0.0,0
forward_start,1780280967.6775374,50,50,50,56,FULL,1780280967.6775374,1780280967.6777248,0.18739700317382812,decode,1,0,452712,0.0,0.0,0.0,0.0,0.0,0
forward_start,1780280967.6775477,46,46,46,56,FULL,1780280967.6775477,1780280967.6778414,0.293731689453125,decode,0,0,452715,0.0,0.0,0.0,0.0,0.0,0
forward_start,1780280967.6897068,50,50,50,56,FULL,1780280967.6897068,1780280967.6898923,0.18548965454101562,decode,1,0,452712,0.0,0.0,0.0,0.0,0.0,0
forward_start,1780280967.6897264,46,46,46,56,FULL,1780280967.6897264,1780280967.6900241,0.29778480529785156,decode,0,0,452715,0.0,0.0,0.0,0.0,0.0,0
forward_start,1780280967.7018406,50,50,50,56,FULL,1780280967.7018406,1780280967.702062,0.22125244140625,decode,1,0,452712,0.0,0.0,0.0,0.0,0.0,0
forward_start,1780280967.7018497,46,46,46,56,FULL,1780280967.7018497,1780280967.7021499,0.3001689910888672,decode,0,0,452715,0.0,0.0,0.0,0.0,0.0,0
forward_start,1780280967.714096,50,50,50,56,FULL,1780280967.714096,1780280967.714283,0.186920166015625,decode,1,0,452712,0.0,0.0,0.0,0.0,0.0,0
forward_start,1780280967.714119,46,46,46,56,FULL,1780280967.714119,1780280967.7144392,0.32019615173339844,decode,0,0,452715,0.0,0.0,0.0,0.0,0.0,0
forward_start,1780280967.7263117,50,50,50,56,FULL,1780280967.7263117,1780280967.726523,0.21123886108398438,decode,1,0,452712,0.0,0.0,0.0,0.0,0.0,0
forward_start,1780280967.7263267,46,46,46,56,FULL,1780280967.7263267,1780280967.7266421,0.3154277801513672,decode,0,0,452715,0.0,0.0,0.0,0.0,0.0,0
forward_start,1780280967.7387593,50,50,50,56,FULL,1780280967.7387593,1780280967.738946,0.18668174743652344,decode,1,0,452712,0.0,0.0,0.0,0.0,0.0,0
forward_start,1780280967.7435732,46,46,46,56,FULL,1780280967.7435732,1780280967.7439332,0.3600120544433594,decode,0,0,452715,0.3600120544433594,1.0,0.3600120544433594,1.0,1.0,1
forward_start,1780280967.7514231,50,50,50,56,FULL,1780280967.7514231,1780280967.7516139,0.19073486328125,decode,1,0,452712,0.19073486328125,1.0,0.19073486328125,1.0,1.0,1
forward_start,1780280967.751447,46,46,46,56,FULL,1780280967.751447,1780280967.7517462,0.29921531677246094,decode,0,0,452715,0.29921531677246094,1.0,0.29921531677246094,1.0,1.0,1
forward_start,1780280967.7634518,50,50,50,56,FULL,1780280967.7634518,1780280967.7636395,0.1876354217529297,decode,1,0,452712,0.0069141387939453125,0.036848792884371026,0.0069141387939453125,0.036848792884371026,1.0,1
forward_start,1780280967.7674077,45,45,45,56,FULL,1780280967.7674077,1780280967.7677495,0.3418922424316406,decode,0,0,452715,0.3418922424316406,1.0,0.3418922424316406,1.0,1.0,1
forward_start,1780280967.7756927,50,50,50,56,FULL,1780280967.7756927,1780280967.775878,0.18525123596191406,decode,1,0,452712,0.18525123596191406,1.0,0.18525123596191406,1.0,1.0,1
forward_start,1780280967.7757173,46,46,46,56,FULL,1780280967.7757173,1780280967.7760231,0.3058910369873047,decode,0,0,452715,0.3058910369873047,1.0,0.3058910369873047,1.0,1.0,1
forward_start,1780280967.787742,49,49,49,56,FULL,1780280967.787742,1780280967.787927,0.1850128173828125,decode,1,0,452712,0.0,0.0,0.0,0.0,0.0,0
forward_start,1780280967.7877622,46,46,46,56,FULL,1780280967.7877622,1780280967.788058,0.29587745666503906,decode,0,0,452715,0.0,0.0,0.0,0.0,0.0,0
forward_start,1780280967.79993,49,49,49,56,FULL,1780280967.79993,1780280967.8001087,0.1785755157470703,decode,1,0,452712,0.0,0.0,0.0,0.0,0.0,0
forward_start,1780280967.799949,47,47,47,56,FULL,1780280967.799949,1780280967.8002431,0.2942085266113281,decode,0,0,452715,0.0,0.0,0.0,0.0,0.0,0
forward_start,1780280967.8124175,49,49,49,56,FULL,1780280967.8124175,1780280967.812605,0.18739700317382812,decode,1,0,452712,0.0,0.0,0.0,0.0,0.0,0
forward_start,1780280967.812451,47,47,47,56,FULL,1780280967.812451,1780280967.8127544,0.30350685119628906,decode,0,0,452715,0.0,0.0,0.0,0.0,0.0,0
forward_start,1780280967.8242297,49,49,49,56,FULL,1780280967.8242297,1780280967.8244379,0.20813941955566406,decode,1,0,452712,0.0,0.0,0.0,0.0,0.0,0
forward_start,1780280967.824241,47,47,47,56,FULL,1780280967.824241,1780280967.8245625,0.3216266632080078,decode,0,0,452715,0.0,0.0,0.0,0.0,0.0,0
forward_start,1780280967.8366966,49,49,49,56,FULL,1780280967.8366966,1780280967.836884,0.18739700317382812,decode,1,0,452712,0.0,0.0,0.0,0.0,0.0,0
forward_start,1780280967.8558831,47,47,47,56,FULL,1780280967.8558831,1780280967.8561764,0.2932548522949219,decode,0,0,452715,0.2932548522949219,1.0,0.2932548522949219,1.0,1.0,1
forward_start,1780280967.859316,47,47,47,56,FULL,1780280967.859316,1780280967.859654,0.33783912658691406,decode,0,0,452715,0.33783912658691406,1.0,0.33783912658691406,1.0,1.0,1
forward_start,1780280967.8593683,49,49,49,56,FULL,1780280967.8593683,1780280967.8595555,0.18715858459472656,decode,1,0,452712,0.18715858459472656,1.0,0.18715858459472656,1.0,1.0,1
forward_start,1780280967.8705642,49,49,49,56,FULL,1780280967.8705642,1780280967.870736,0.171661376953125,decode,1,0,452712,0.171661376953125,1.0,0.171661376953125,1.0,1.0,1
forward_start,1780280967.8745875,45,45,45,56,FULL,1780280967.8745875,1780280967.8749375,0.34999847412109375,decode,0,0,452715,0.6999969482421875,2.0,0.34999847412109375,1.0,2.0,2
forward_start,1780280967.8827796,49,49,49,56,FULL,1780280967.8827796,1780280967.8829656,0.18596649169921875,decode,1,0,452712,0.18596649169921875,1.0,0.18596649169921875,1.0,1.0,1
forward_start,1780280967.8828185,45,45,45,56,FULL,1780280967.8828185,1780280967.8831263,0.3077983856201172,decode,0,0,452715,0.3077983856201172,1.0,0.3077983856201172,1.0,1.0,1
forward_start,1780280967.8952515,49,49,49,56,FULL,1780280967.8952515,1780280967.895456,0.20456314086914062,decode,1,0,452712,0.0,0.0,0.0,0.0,0.0,0
forward_start,1780280967.8952808,46,46,46,56,FULL,1780280967.8952808,1780280967.895596,0.3151893615722656,decode,0,0,452715,0.0,0.0,0.0,0.0,0.0,0
forward_start,1780280967.9074304,49,49,49,56,FULL,1780280967.9074304,1780280967.9076195,0.18906593322753906,decode,1,0,452712,0.0,0.0,0.0,0.0,0.0,0
forward_start,1780280967.9074476,46,46,46,56,FULL,1780280967.9074476,1780280967.9077456,0.2980232238769531,decode,0,0,452715,0.0,0.0,0.0,0.0,0.0,0
forward_start,1780280967.9193249,48,48,48,48,FULL,1780280967.9193249,1780280967.9196327,0.3077983856201172,decode,1,0,452712,0.0,0.0,0.0,0.0,0.0,0
forward_start,1780280967.919384,46,46,46,48,FULL,1780280967.919384,1780280967.9197571,0.3731250762939453,decode,0,0,452715,0.0,0.0,0.0,0.0,0.0,0
forward_start,1780280967.9322555,46,46,46,48,FULL,1780280967.9322555,1780280967.9326131,0.35762786865234375,decode,0,0,452715,0.35762786865234375,1.0,0.35762786865234375,1.0,1.0,1
forward_start,1780280967.9406018,48,48,48,48,FULL,1780280967.9406018,1780280967.9409773,0.37550926208496094,decode,1,0,452712,0.37550926208496094,1.0,0.37550926208496094,1.0,1.0,1
forward_start,1780280967.9440286,48,48,48,48,FULL,1780280967.9440286,1780280967.944257,0.22840499877929688,decode,1,0,452712,0.22840499877929688,1.0,0.22840499877929688,1.0,1.0,1
forward_start,1780280967.9440484,46,46,46,48,FULL,1780280967.9440484,1780280967.9443827,0.3342628479003906,decode,0,0,452715,0.3342628479003906,1.0,0.3342628479003906,1.0,1.0,1
forward_start,1780280967.9559834,48,48,48,48,FULL,1780280967.9559834,1780280967.9561758,0.19240379333496094,decode,1,0,452712,0.19240379333496094,1.0,0.19240379333496094,1.0,1.0,1
forward_start,1780280967.9560401,47,47,47,48,FULL,1780280967.9560401,1780280967.956364,0.3237724304199219,decode,0,0,452715,0.18453598022460938,0.5699558173784978,0.18453598022460938,0.5699558173784978,1.0,1
forward_start,1780280967.9680831,48,48,48,48,FULL,1780280967.9680831,1780280967.9682753,0.19216537475585938,decode,1,0,452712,0.0,0.0,0.0,0.0,0.0,0
forward_start,1780280967.968438,47,47,47,48,FULL,1780280967.968438,1780280967.9687448,0.30684471130371094,decode,0,0,452715,0.0,0.0,0.0,0.0,0.0,0
forward_start,1780280967.9804082,49,49,49,56,FULL,1780280967.9804082,1780280967.9805984,0.19025802612304688,decode,1,0,452712,0.0,0.0,0.0,0.0,0.0,0
forward_start,1780280967.9841266,47,47,47,56,FULL,1780280967.9841266,1780280967.984499,0.3724098205566406,decode,0,0,452715,0.3724098205566406,1.0,0.3724098205566406,1.0,1.0,1
forward_start,1780280967.9926145,49,49,49,56,FULL,1780280967.9926145,1780280967.9927998,0.18525123596191406,decode,1,0,452712,0.18525123596191406,1.0,0.18525123596191406,1.0,1.0,1
forward_start,1780280967.9926414,47,47,47,56,FULL,1780280967.9926414,1780280967.9929402,0.2987384796142578,decode,0,0,452715,0.2987384796142578,1.0,0.2987384796142578,1.0,1.0,1
forward_start,1780280968.0046527,49,49,49,56,FULL,1780280968.0046527,1780280968.0048416,0.1888275146484375,decode,1,0,452712,0.0,0.0,0.0,0.0,0.0,0
forward_start,1780280968.004671,47,47,47,56,FULL,1780280968.004671,1780280968.0049691,0.2980232238769531,decode,0,0,452715,0.0,0.0,0.0,0.0,0.0,0
forward_start,1780280968.0171263,49,49,49,56,FULL,1780280968.0171263,1780280968.0173147,0.18835067749023438,decode,1,0,452712,0.0,0.0,0.0,0.0,0.0,0
forward_start,1780280968.0223863,48,48,48,56,FULL,1780280968.0223863,1780280968.0227475,0.3612041473388672,decode,0,0,452715,0.3612041473388672,1.0,0.3612041473388672,1.0,1.0,1
forward_start,1780280968.0288904,49,49,49,56,FULL,1780280968.0288904,1780280968.0290766,0.1862049102783203,decode,1,0,452712,0.1862049102783203,1.0,0.1862049102783203,1.0,1.0,1
forward_start,1780280968.0289087,48,48,48,56,FULL,1780280968.0289087,1780280968.029218,0.30922889709472656,decode,0,0,452715,0.30922889709472656,1.0,0.30922889709472656,1.0,1.0,1
forward_start,1780280968.0415242,49,49,49,56,FULL,1780280968.0415242,1780280968.0417113,0.18715858459472656,decode,1,0,452712,0.18715858459472656,1.0,0.18715858459472656,1.0,1.0,1
forward_start,1780280968.0415456,48,48,48,56,FULL,1780280968.0415456,1780280968.0418432,0.29754638671875,decode,0,0,452715,0.29754638671875,1.0,0.29754638671875,1.0,1.0,1
forward_start,1780280968.0535674,49,49,49,56,FULL,1780280968.0535674,1780280968.0537522,0.18477439880371094,decode,1,0,452712,0.0,0.0,0.0,0.0,0.0,0
forward_start,1780280968.0535703,45,45,45,56,FULL,1780280968.0535703,1780280968.0538697,0.2994537353515625,decode,0,0,452715,0.0,0.0,0.0,0.0,0.0,0
forward_start,1780280968.0662417,49,49,49,56,FULL,1780280968.0662417,1780280968.066448,0.20623207092285156,decode,1,0,452712,0.0,0.0,0.0,0.0,0.0,0
forward_start,1780280968.0665672,46,46,46,56,FULL,1780280968.0665672,1780280968.0668662,0.2989768981933594,decode,0,0,452715,0.0,0.0,0.0,0.0,0.0,0
forward_start,1780280968.0778427,49,49,49,56,FULL,1780280968.0778427,1780280968.0780272,0.18453598022460938,decode,1,0,452712,0.0,0.0,0.0,0.0,0.0,0
forward_start,1780280968.077857,46,46,46,56,FULL,1780280968.077857,1780280968.0781612,0.30422210693359375,decode,0,0,452715,0.0,0.0,0.0,0.0,0.0,0
forward_start,1780280968.0901275,49,49,49,56,FULL,1780280968.0901275,1780280968.0903113,0.1838207244873047,decode,1,0,452712,0.0,0.0,0.0,0.0,0.0,0
forward_start,1780280968.0904436,46,46,46,56,FULL,1780280968.0904436,1780280968.090744,0.30040740966796875,decode,0,0,452715,0.0,0.0,0.0,0.0,0.0,0
forward_start,1780280968.1022437,46,46,46,56,FULL,1780280968.1022437,1780280968.1025527,0.308990478515625,decode,0,0,452715,0.0,0.0,0.0,0.0,0.0,0
forward_start,1780280968.102244,49,49,49,56,FULL,1780280968.102244,1780280968.1024506,0.2067089080810547,decode,1,0,452712,0.0,0.0,0.0,0.0,0.0,0
forward_start,1780280968.1149282,49,49,49,56,FULL,1780280968.1149282,1780280968.1151147,0.18644332885742188,decode,1,0,452712,0.0,0.0,0.0,0.0,0.0,0
forward_start,1780280968.1149552,46,46,46,56,FULL,1780280968.1149552,1780280968.1152503,0.2951622009277344,decode,0,0,452715,0.0,0.0,0.0,0.0,0.0,0
forward_start,1780280968.1266372,49,49,49,56,FULL,1780280968.1266372,1780280968.1268256,0.18835067749023438,decode,1,0,452712,0.0,0.0,0.0,0.0,0.0,0
forward_start,1780280968.1266468,46,46,46,56,FULL,1780280968.1266468,1780280968.1269414,0.29468536376953125,decode,0,0,452715,0.0,0.0,0.0,0.0,0.0,0
forward_start,1780280968.138996,48,48,48,48,FULL,1780280968.138996,1780280968.1391852,0.18930435180664062,decode,1,0,452712,0.0,0.0,0.0,0.0,0.0,0
forward_start,1780280968.1390312,46,46,46,48,FULL,1780280968.1390312,1780280968.1393309,0.29969215393066406,decode,0,0,452715,0.0,0.0,0.0,0.0,0.0,0
forward_start,1780280968.1514103,48,48,48,48,FULL,1780280968.1514103,1780280968.1515985,0.1881122589111328,decode,1,0,452712,0.0,0.0,0.0,0.0,0.0,0
forward_start,1780280968.1514337,46,46,46,48,FULL,1780280968.1514337,1780280968.1517303,0.29659271240234375,decode,0,0,452715,0.0,0.0,0.0,0.0,0.0,0
forward_start,1780280968.1633737,48,48,48,48,FULL,1780280968.1633737,1780280968.1635613,0.1876354217529297,decode,1,0,452712,0.0,0.0,0.0,0.0,0.0,0
forward_start,1780280968.163479,46,46,46,48,FULL,1780280968.163479,1780280968.1637943,0.3151893615722656,decode,0,0,452715,0.0,0.0,0.0,0.0,0.0,0
forward_start,1780280968.1753652,48,48,48,48,FULL,1780280968.1753652,1780280968.1755512,0.18596649169921875,decode,1,0,452712,0.0,0.0,0.0,0.0,0.0,0
forward_start,1780280968.1753938,46,46,46,48,FULL,1780280968.1753938,1780280968.1756868,0.2930164337158203,decode,0,0,452715,0.0,0.0,0.0,0.0,0.0,0
forward_start,1780280968.1873813,48,48,48,48,FULL,1780280968.1873813,1780280968.1875696,0.18835067749023438,decode,1,0,452712,0.0,0.0,0.0,0.0,0.0,0
forward_start,1780280968.1874187,46,46,46,48,FULL,1780280968.1874187,1780280968.1877089,0.29015541076660156,decode,0,0,452715,0.0,0.0,0.0,0.0,0.0,0
forward_start,1780280968.1995416,48,48,48,48,FULL,1780280968.1995416,1780280968.1997285,0.186920166015625,decode,1,0,452712,0.0,0.0,0.0,0.0,0.0,0
forward_start,1780280968.1995833,46,46,46,48,FULL,1780280968.1995833,1780280968.1998816,0.2982616424560547,decode,0,0,452715,0.0,0.0,0.0,0.0,0.0,0
forward_start,1780280968.2118304,48,48,48,48,FULL,1780280968.2118304,1780280968.2120185,0.1881122589111328,decode,1,0,452712,0.0,0.0,0.0,0.0,0.0,0
forward_start,1780280968.211885,46,46,46,48,FULL,1780280968.211885,1780280968.2121866,0.30159950256347656,decode,0,0,452715,0.0,0.0,0.0,0.0,0.0,0
forward_start,1780280968.223829,48,48,48,48,FULL,1780280968.223829,1780280968.224018,0.18906593322753906,decode,1,0,452712,0.0,0.0,0.0,0.0,0.0,0
forward_start,1780280968.2238684,46,46,46,48,FULL,1780280968.2238684,1780280968.2241595,0.2911090850830078,decode,0,0,452715,0.0,0.0,0.0,0.0,0.0,0
forward_start,1780280968.2360218,48,48,48,48,FULL,1780280968.2360218,1780280968.2362075,0.1857280731201172,decode,1,0,452712,0.0,0.0,0.0,0.0,0.0,0
forward_start,1780280968.2360637,46,46,46,48,FULL,1780280968.2360637,1780280968.2363784,0.3147125244140625,decode,0,0,452715,0.0,0.0,0.0,0.0,0.0,0
forward_start,1780280968.2479587,48,48,48,48,FULL,1780280968.2479587,1780280968.2481465,0.18787384033203125,decode,1,0,452712,0.0,0.0,0.0,0.0,0.0,0
forward_start,1780280968.2488065,46,46,46,48,FULL,1780280968.2488065,1780280968.2491126,0.30612945556640625,decode,0,0,452715,0.0,0.0,0.0,0.0,0.0,0
forward_start,1780280968.2602785,48,48,48,48,FULL,1780280968.2602785,1780280968.2604856,0.2071857452392578,decode,1,0,452712,0.0,0.0,0.0,0.0,0.0,0
forward_start,1780280968.2606368,46,46,46,48,FULL,1780280968.2606368,1780280968.2609372,0.30040740966796875,decode,0,0,452715,0.0,0.0,0.0,0.0,0.0,0
forward_start,1780280968.272503,48,48,48,48,FULL,1780280968.272503,1780280968.2726905,0.1876354217529297,decode,1,0,452712,0.0,0.0,0.0,0.0,0.0,0
forward_start,1780280968.2726276,46,46,46,48,FULL,1780280968.2726276,1780280968.272934,0.3063678741455078,decode,0,0,452715,0.0,0.0,0.0,0.0,0.0,0
forward_start,1780280968.2841618,48,48,48,48,FULL,1780280968.2841618,1780280968.284366,0.2040863037109375,decode,1,0,452712,0.0,0.0,0.0,0.0,0.0,0
forward_start,1780280968.2842193,46,46,46,48,FULL,1780280968.2842193,1780280968.2845244,0.30517578125,decode,0,0,452715,0.0,0.0,0.0,0.0,0.0,0
forward_start,1780280968.2965145,47,47,47,48,FULL,1780280968.2965145,1780280968.2967038,0.18930435180664062,decode,1,0,452712,0.0,0.0,0.0,0.0,0.0,0
forward_start,1780280968.2965348,46,46,46,48,FULL,1780280968.2965348,1780280968.2968318,0.2970695495605469,decode,0,0,452715,0.0,0.0,0.0,0.0,0.0,0
forward_start,1780280968.3086357,47,47,47,48,FULL,1780280968.3086357,1780280968.30882,0.1842975616455078,decode,1,0,452712,0.0,0.0,0.0,0.0,0.0,0
forward_start,1780280968.3132951,46,46,46,48,FULL,1780280968.3132951,1780280968.313673,0.37789344787597656,decode,0,0,452715,0.37789344787597656,1.0,0.37789344787597656,1.0,1.0,1
forward_start,1780280968.3204675,47,47,47,48,FULL,1780280968.3204675,1780280968.3206553,0.18787384033203125,decode,1,0,452712,0.18787384033203125,1.0,0.18787384033203125,1.0,1.0,1
forward_start,1780280968.3204985,46,46,46,48,FULL,1780280968.3204985,1780280968.3208063,0.3077983856201172,decode,0,0,452715,0.3077983856201172,1.0,0.3077983856201172,1.0,1.0,1
forward_start,1780280968.3327658,46,46,46,48,FULL,1780280968.3327658,1780280968.3329518,0.18596649169921875,decode,1,0,452712,0.0,0.0,0.0,0.0,0.0,0
forward_start,1780280968.3327935,46,46,46,48,FULL,1780280968.3327935,1780280968.3330958,0.30231475830078125,decode,0,0,452715,0.0,0.0,0.0,0.0,0.0,0
forward_start,1780280968.3448465,46,46,46,48,FULL,1780280968.3448465,1780280968.3450286,0.18215179443359375,decode,1,0,452712,0.0,0.0,0.0,0.0,0.0,0
forward_start,1780280968.3448615,47,47,47,48,FULL,1780280968.3448615,1780280968.3451672,0.3056526184082031,decode,0,0,452715,0.0,0.0,0.0,0.0,0.0,0
forward_start,1780280968.3570466,46,46,46,48,FULL,1780280968.3570466,1780280968.3572323,0.1857280731201172,decode,1,0,452712,0.0,0.0,0.0,0.0,0.0,0
forward_start,1780280968.3574436,47,47,47,48,FULL,1780280968.3574436,1780280968.3577373,0.293731689453125,decode,0,0,452715,0.0,0.0,0.0,0.0,0.0,0
forward_start,1780280968.369108,47,47,47,48,FULL,1780280968.369108,1780280968.3694127,0.3046989440917969,decode,0,0,452715,0.0,0.0,0.0,0.0,0.0,0
forward_start,1780280968.3691099,46,46,46,48,FULL,1780280968.3691099,1780280968.3692946,0.18477439880371094,decode,1,0,452712,0.0,0.0,0.0,0.0,0.0,0
forward_start,1780280968.381395,46,46,46,48,FULL,1780280968.381395,1780280968.38162,0.22482872009277344,decode,1,0,452712,0.0,0.0,0.0,0.0,0.0,0
forward_start,1780280968.381402,47,47,47,48,FULL,1780280968.381402,1780280968.3817048,0.3027915954589844,decode,0,0,452715,0.0,0.0,0.0,0.0,0.0,0
forward_start,1780280968.3934128,46,46,46,48,FULL,1780280968.3934128,1780280968.3936012,0.18835067749023438,decode,1,0,452712,0.0,0.0,0.0,0.0,0.0,0
forward_start,1780280968.3934374,47,47,47,48,FULL,1780280968.3934374,1780280968.393738,0.3006458282470703,decode,0,0,452715,0.0,0.0,0.0,0.0,0.0,0
forward_start,1780280968.4065251,47,47,47,48,FULL,1780280968.4065251,1780280968.4068305,0.30541419982910156,decode,0,0,452715,0.26488304138183594,0.8672911787665886,0.26488304138183594,0.8672911787665886,1.0,1
forward_start,1780280968.4188504,46,46,46,48,FULL,1780280968.4188504,1780280968.4192092,0.35881996154785156,decode,1,0,452712,0.35881996154785156,1.0,0.35881996154785156,1.0,1.0,1
forward_start,1780280968.4222388,46,46,46,48,FULL,1780280968.4222388,1780280968.4225378,0.2989768981933594,decode,1,0,452712,0.2989768981933594,1.0,0.2989768981933594,1.0,1.0,1
forward_start,1780280968.4225557,47,47,47,48,FULL,1780280968.4225557,1780280968.4228556,0.2999305725097656,decode,0,0,452715,0.2999305725097656,1.0,0.2999305725097656,1.0,1.0,1
forward_start,1780280968.4335272,46,46,46,48,FULL,1780280968.4335272,1780280968.433701,0.17380714416503906,decode,1,0,452712,0.17380714416503906,1.0,0.17380714416503906,1.0,1.0,1
forward_start,1780280968.43353,47,47,47,48,FULL,1780280968.43353,1780280968.433808,0.2779960632324219,decode,0,0,452715,0.21457672119140625,0.7718696397941681,0.21457672119140625,0.7718696397941681,1.0,1
forward_start,1780280968.4454737,46,46,46,48,FULL,1780280968.4454737,1780280968.445661,0.18739700317382812,decode,1,0,452712,0.0,0.0,0.0,0.0,0.0,0
forward_start,1780280968.445487,47,47,47,48,FULL,1780280968.445487,1780280968.4457755,0.2884864807128906,decode,0,0,452715,0.0,0.0,0.0,0.0,0.0,0
forward_start,1780280968.4577372,47,47,47,48,FULL,1780280968.4577372,1780280968.457923,0.1857280731201172,decode,1,0,452712,0.0,0.0,0.0,0.0,0.0,0
forward_start,1780280968.4613688,47,47,47,48,FULL,1780280968.4613688,1780280968.461734,0.36525726318359375,decode,0,0,452715,0.36525726318359375,1.0,0.36525726318359375,1.0,1.0,1
forward_start,1780280968.4698129,46,46,46,48,FULL,1780280968.4698129,1780280968.4701097,0.2968311309814453,decode,0,0,452715,0.518798828125,1.7477911646586346,0.2968311309814453,1.0,1.7477911646586346,2
forward_start,1780280968.4714308,47,47,47,48,FULL,1780280968.4714308,1780280968.471625,0.19431114196777344,decode,1,0,452712,0.0,0.0,0.0,0.0,0.0,0
forward_start,1780280968.4821517,47,47,47,48,FULL,1780280968.4821517,1780280968.48236,0.20813941955566406,decode,1,0,452712,0.0,0.0,0.0,0.0,0.0,0
forward_start,1780280968.4824927,46,46,46,48,FULL,1780280968.4824927,1780280968.4827864,0.293731689453125,decode,0,0,452715,0.0,0.0,0.0,0.0,0.0,0
forward_start,1780280968.4942176,48,48,48,48,FULL,1780280968.4942176,1780280968.4944217,0.2040863037109375,decode,1,0,452712,0.0,0.0,0.0,0.0,0.0,0
forward_start,1780280968.4942615,47,47,47,48,FULL,1780280968.4942615,1780280968.49457,0.3085136413574219,decode,0,0,452715,0.0,0.0,0.0,0.0,0.0,0
forward_start,1780280968.5064182,48,48,48,48,FULL,1780280968.5064182,1780280968.5066075,0.18930435180664062,decode,1,0,452712,0.0,0.0,0.0,0.0,0.0,0
forward_start,1780280968.5118368,47,47,47,48,FULL,1780280968.5118368,1780280968.5122104,0.37360191345214844,decode,0,0,452715,0.37360191345214844,1.0,0.37360191345214844,1.0,1.0,1
forward_start,1780280968.5183604,48,48,48,48,FULL,1780280968.5183604,1780280968.518551,0.19073486328125,decode,1,0,452712,0.19073486328125,1.0,0.19073486328125,1.0,1.0,1
forward_start,1780280968.5184016,47,47,47,48,FULL,1780280968.5184016,1780280968.518712,0.3104209899902344,decode,0,0,452715,0.3104209899902344,1.0,0.3104209899902344,1.0,1.0,1
forward_start,1780280968.530644,48,48,48,48,FULL,1780280968.530644,1780280968.5308309,0.186920166015625,decode,1,0,452712,0.186920166015625,1.0,0.186920166015625,1.0,1.0,1
forward_start,1780280968.5307,47,47,47,48,FULL,1780280968.5307,1780280968.531016,0.3161430358886719,decode,0,0,452715,0.3161430358886719,1.0,0.3161430358886719,1.0,1.0,1
forward_start,1780280968.5429873,48,48,48,48,FULL,1780280968.5429873,1780280968.5431728,0.18548965454101562,decode,1,0,452712,0.0,0.0,0.0,0.0,0.0,0
forward_start,1780280968.543035,47,47,47,48,FULL,1780280968.543035,1780280968.543359,0.32401084899902344,decode,0,0,452715,0.0,0.0,0.0,0.0,0.0,0
forward_start,1780280968.5548933,48,48,48,48,FULL,1780280968.5548933,1780280968.5550773,0.18405914306640625,decode,1,0,452712,0.0,0.0,0.0,0.0,0.0,0
forward_start,1780280968.5549197,48,48,48,48,FULL,1780280968.5549197,1780280968.5552275,0.3077983856201172,decode,0,0,452715,0.0,0.0,0.0,0.0,0.0,0
forward_start,1780280968.5665123,48,48,48,48,FULL,1780280968.5665123,1780280968.5666945,0.18215179443359375,decode,1,0,452712,0.0,0.0,0.0,0.0,0.0,0
forward_start,1780280968.5665486,48,48,48,48,FULL,1780280968.5665486,1780280968.5667343,0.1857280731201172,decode,0,0,452715,0.0,0.0,0.0,0.0,0.0,0
forward_start,1780280968.5787516,48,48,48,48,FULL,1780280968.5787516,1780280968.5789416,0.1900196075439453,decode,1,0,452712,0.0,0.0,0.0,0.0,0.0,0
forward_start,1780280968.5787816,48,48,48,48,FULL,1780280968.5787816,1780280968.57908,0.29850006103515625,decode,0,0,452715,0.0,0.0,0.0,0.0,0.0,0
forward_start,1780280968.5909293,47,47,47,48,FULL,1780280968.5909293,1780280968.5912218,0.2925395965576172,decode,0,0,452715,0.06222724914550781,0.21271393643031786,0.06222724914550781,0.21271393643031786,1.0,1
forward_start,1780280968.6001422,48,48,48,48,FULL,1780280968.6001422,1780280968.6004126,0.2703666687011719,decode,1,0,452712,0.2703666687011719,1.0,0.2703666687011719,1.0,1.0,1
forward_start,1780280968.6033278,48,48,48,48,FULL,1780280968.6033278,1780280968.6036196,0.2918243408203125,decode,1,0,452712,0.3256797790527344,1.1160130718954249,0.2918243408203125,1.0,1.1160130718954249,2
forward_start,1780280968.6058524,46,46,46,48,FULL,1780280968.6058524,1780280968.6061566,0.30422210693359375,decode,0,0,452715,0.30422210693359375,1.0,0.30422210693359375,1.0,1.0,1
forward_start,1780280968.6150527,48,48,48,48,FULL,1780280968.6150527,1780280968.6152413,0.18858909606933594,decode,1,0,452712,0.18858909606933594,1.0,0.18858909606933594,1.0,1.0,1
forward_start,1780280968.6150956,46,46,46,48,FULL,1780280968.6150956,1780280968.6154158,0.32019615173339844,decode,0,0,452715,0.18286705017089844,0.5711094564408041,0.18286705017089844,0.5711094564408041,1.0,1
forward_start,1780280968.6280048,48,48,48,48,FULL,1780280968.6280048,1780280968.6281981,0.1933574676513672,decode,1,0,452712,0.1933574676513672,1.0,0.1933574676513672,1.0,1.0,1
forward_start,1780280968.6319675,47,47,47,48,FULL,1780280968.6319675,1780280968.6322541,0.2865791320800781,decode,0,0,452715,0.0,0.0,0.0,0.0,0.0,0
forward_start,1780280968.639371,49,49,49,56,FULL,1780280968.639371,1780280968.6395876,0.2167224884033203,decode,1,0,452712,0.0,0.0,0.0,0.0,0.0,0
forward_start,1780280968.6394112,47,47,47,56,FULL,1780280968.6394112,1780280968.6397069,0.2956390380859375,decode,0,0,452715,0.0,0.0,0.0,0.0,0.0,0
forward_start,1780280968.6515224,50,50,50,56,FULL,1780280968.6515224,1780280968.6517088,0.18644332885742188,decode,1,0,452712,0.0,0.0,0.0,0.0,0.0,0
forward_start,1780280968.6515412,48,48,48,56,FULL,1780280968.6515412,1780280968.6518428,0.30159950256347656,decode,0,0,452715,0.0,0.0,0.0,0.0,0.0,0
forward_start,1780280968.663387,50,50,50,56,FULL,1780280968.663387,1780280968.6636035,0.21648406982421875,decode,1,0,452712,0.0,0.0,0.0,0.0,0.0,0
forward_start,1780280968.6633942,48,48,48,56,FULL,1780280968.6633942,1780280968.6636891,0.2949237823486328,decode,0,0,452715,0.0,0.0,0.0,0.0,0.0,0
forward_start,1780280968.675828,50,50,50,56,FULL,1780280968.675828,1780280968.6760137,0.1857280731201172,decode,1,0,452712,0.0,0.0,0.0,0.0,0.0,0
forward_start,1780280968.675849,48,48,48,56,FULL,1780280968.675849,1780280968.6761563,0.30732154846191406,decode,0,0,452715,0.0,0.0,0.0,0.0,0.0,0
forward_start,1780280968.687955,50,50,50,56,FULL,1780280968.687955,1780280968.6881733,0.21839141845703125,decode,1,0,452712,0.0,0.0,0.0,0.0,0.0,0
forward_start,1780280968.6879644,48,48,48,56,FULL,1780280968.6879644,1780280968.6882672,0.3027915954589844,decode,0,0,452715,0.0,0.0,0.0,0.0,0.0,0
forward_start,1780280968.7000911,50,50,50,56,FULL,1780280968.7000911,1780280968.700267,0.17595291137695312,decode,1,0,452712,0.0,0.0,0.0,0.0,0.0,0
forward_start,1780280968.700132,48,48,48,56,FULL,1780280968.700132,1780280968.7004392,0.30732154846191406,decode,0,0,452715,0.0,0.0,0.0,0.0,0.0,0
forward_start,1780280968.7124033,50,50,50,56,FULL,1780280968.7124033,1780280968.7126157,0.2124309539794922,decode,1,0,452712,0.0,0.0,0.0,0.0,0.0,0
forward_start,1780280968.7124214,48,48,48,56,FULL,1780280968.7124214,1780280968.7127244,0.30303001403808594,decode,0,0,452715,0.0,0.0,0.0,0.0,0.0,0
forward_start,1780280968.7246132,48,48,48,48,FULL,1780280968.7246132,1780280968.7247958,0.18262863159179688,decode,1,0,452712,0.0,0.0,0.0,0.0,0.0,0
forward_start,1780280968.7246237,48,48,48,48,FULL,1780280968.7246237,1780280968.7249181,0.2944469451904297,decode,0,0,452715,0.0,0.0,0.0,0.0,0.0,0
forward_start,1780280968.7369606,48,48,48,48,FULL,1780280968.7369606,1780280968.7372575,0.2968311309814453,decode,0,0,452715,0.0,0.0,0.0,0.0,0.0,0
forward_start,1780280968.7369623,48,48,48,48,FULL,1780280968.7369623,1780280968.7371483,0.18596649169921875,decode,1,0,452712,0.0,0.0,0.0,0.0,0.0,0
forward_start,1780280968.7488701,48,48,48,48,FULL,1780280968.7488701,1780280968.7490606,0.19049644470214844,decode,1,0,452712,0.0,0.0,0.0,0.0,0.0,0
forward_start,1780280968.7488866,48,48,48,48,FULL,1780280968.7488866,1780280968.749192,0.30541419982910156,decode,0,0,452715,0.0,0.0,0.0,0.0,0.0,0
forward_start,1780280968.7609787,48,48,48,48,FULL,1780280968.7609787,1780280968.7611842,0.20551681518554688,decode,1,0,452712,0.0,0.0,0.0,0.0,0.0,0
forward_start,1780280968.7798214,47,47,47,48,FULL,1780280968.7798214,1780280968.780068,0.24652481079101562,decode,0,0,452715,0.24652481079101562,1.0,0.24652481079101562,1.0,1.0,1
forward_start,1780280968.7836473,48,48,48,48,FULL,1780280968.7836473,1780280968.783833,0.1857280731201172,decode,1,0,452712,0.1857280731201172,1.0,0.1857280731201172,1.0,1.0,1
forward_start,1780280968.78371,46,46,46,48,FULL,1780280968.78371,1780280968.7840273,0.3173351287841797,decode,0,0,452715,0.3173351287841797,1.0,0.3173351287841797,1.0,1.0,1
forward_start,1780280968.7995796,46,46,46,48,FULL,1780280968.7995796,1780280968.799911,0.3314018249511719,decode,0,0,452715,1.3256072998046875,4.0,0.3314018249511719,1.0,4.0,4
forward_start,1780280968.799718,48,48,48,48,FULL,1780280968.799718,1780280968.8000038,0.28586387634277344,decode,1,0,452712,1.0921955108642578,3.8206839032527107,0.28586387634277344,1.0,3.8206839032527107,4
forward_start,1780280968.806463,48,48,48,48,FULL,1780280968.806463,1780280968.8066514,0.18835067749023438,decode,1,0,452712,0.5650520324707031,3.0,0.18835067749023438,1.0,3.0,3
forward_start,1780280968.806493,46,46,46,48,FULL,1780280968.806493,1780280968.8067918,0.2987384796142578,decode,0,0,452715,0.8020401000976562,2.684756584197925,0.2987384796142578,1.0,2.684756584197925,3
forward_start,1780280968.8188248,47,47,47,48,FULL,1780280968.8188248,1780280968.8191206,0.29587745666503906,decode,0,0,452715,0.16498565673828125,0.5576148267526189,0.16498565673828125,0.5576148267526189,1.0,1
forward_start,1780280968.8267245,48,48,48,48,FULL,1780280968.8267245,1780280968.8270087,0.2841949462890625,decode,1,0,452712,0.2841949462890625,1.0,0.2841949462890625,1.0,1.0,1
forward_start,1780280968.8309374,49,49,49,56,FULL,1780280968.8309374,1780280968.831125,0.1876354217529297,decode,1,0,452712,0.1876354217529297,1.0,0.1876354217529297,1.0,1.0,1
forward_start,1780280968.8312156,49,49,49,56,FULL,1780280968.8312156,1780280968.8315418,0.3261566162109375,decode,0,0,452715,0.0,0.0,0.0,0.0,0.0,0
forward_start,1780280968.8427267,48,48,48,56,FULL,1780280968.8427267,1780280968.8429143,0.1876354217529297,decode,1,0,452712,0.0,0.0,0.0,0.0,0.0,0
forward_start,1780280968.8427303,49,49,49,56,FULL,1780280968.8427303,1780280968.8430295,0.29921531677246094,decode,0,0,452715,0.0,0.0,0.0,0.0,0.0,0
forward_start,1780280968.8548956,49,49,49,56,FULL,1780280968.8548956,1780280968.8550792,0.18358230590820312,decode,1,0,452712,0.0,0.0,0.0,0.0,0.0,0
forward_start,1780280968.8549078,49,49,49,56,FULL,1780280968.8549078,1780280968.855205,0.29730796813964844,decode,0,0,452715,0.0,0.0,0.0,0.0,0.0,0
forward_start,1780280968.866665,49,49,49,56,FULL,1780280968.866665,1780280968.866851,0.1862049102783203,decode,1,0,452712,0.0,0.0,0.0,0.0,0.0,0
forward_start,1780280968.867035,49,49,49,56,FULL,1780280968.867035,1780280968.8673327,0.29778480529785156,decode,0,0,452715,0.0,0.0,0.0,0.0,0.0,0
forward_start,1780280968.879081,49,49,49,56,FULL,1780280968.879081,1780280968.8792708,0.18978118896484375,decode,1,0,452712,0.0,0.0,0.0,0.0,0.0,0
forward_start,1780280968.8790982,49,49,49,56,FULL,1780280968.8790982,1780280968.87941,0.31185150146484375,decode,0,0,452715,0.0,0.0,0.0,0.0,0.0,0
forward_start,1780280968.8909204,49,49,49,56,FULL,1780280968.8909204,1780280968.891105,0.18453598022460938,decode,1,0,452712,0.0,0.0,0.0,0.0,0.0,0
forward_start,1780280968.8909385,49,49,49,56,FULL,1780280968.8909385,1780280968.8912454,0.30684471130371094,decode,0,0,452715,0.0,0.0,0.0,0.0,0.0,0
forward_start,1780280968.903447,49,49,49,56,FULL,1780280968.903447,1780280968.9036584,0.21147727966308594,decode,1,0,452712,0.0,0.0,0.0,0.0,0.0,0
forward_start,1780280968.9034634,49,49,49,56,FULL,1780280968.9034634,1780280968.9037652,0.3018379211425781,decode,0,0,452715,0.0,0.0,0.0,0.0,0.0,0
forward_start,1780280968.9155946,48,48,48,56,FULL,1780280968.9155946,1780280968.9158947,0.3001689910888672,decode,0,0,452715,0.0,0.0,0.0,0.0,0.0,0
forward_start,1780280968.915605,49,49,49,56,FULL,1780280968.915605,1780280968.9157927,0.1876354217529297,decode,1,0,452712,0.0,0.0,0.0,0.0,0.0,0
forward_start,1780280968.927608,49,49,49,56,FULL,1780280968.927608,1780280968.9277952,0.18715858459472656,decode,1,0,452712,0.0,0.0,0.0,0.0,0.0,0
forward_start,1780280968.9276161,48,48,48,56,FULL,1780280968.9276161,1780280968.9279044,0.28824806213378906,decode,0,0,452715,0.0,0.0,0.0,0.0,0.0,0
forward_start,1780280968.9403102,49,49,49,56,FULL,1780280968.9403102,1780280968.9405165,0.20623207092285156,decode,1,0,452712,0.0,0.0,0.0,0.0,0.0,0
forward_start,1780280968.9467566,47,47,47,56,FULL,1780280968.9467566,1780280968.9471362,0.3795623779296875,decode,0,0,452715,0.3795623779296875,1.0,0.3795623779296875,1.0,1.0,1
forward_start,1780280968.9520802,47,47,47,56,FULL,1780280968.9520802,1780280968.9524305,0.3502368927001953,decode,0,0,452715,0.6170272827148438,1.7617426820966644,0.3502368927001953,1.0,1.7617426820966644,2
forward_start,1780280968.9526463,49,49,49,56,FULL,1780280968.9526463,1780280968.952841,0.19478797912597656,decode,1,0,452712,0.19478797912597656,1.0,0.19478797912597656,1.0,1.0,1
forward_start,1780280968.9642904,47,47,47,56,FULL,1780280968.9642904,1780280968.9646041,0.31375885009765625,decode,0,0,452715,0.31375885009765625,1.0,0.31375885009765625,1.0,1.0,1
forward_start,1780280968.964291,49,49,49,56,FULL,1780280968.964291,1780280968.9644907,0.1995563507080078,decode,1,0,452712,0.1995563507080078,1.0,0.1995563507080078,1.0,1.0,1
forward_start,1780280968.9764931,49,49,49,56,FULL,1780280968.9764931,1780280968.9766824,0.18930435180664062,decode,1,0,452712,0.0,0.0,0.0,0.0,0.0,0
forward_start,1780280968.9765103,47,47,47,56,FULL,1780280968.9765103,1780280968.9768074,0.2970695495605469,decode,0,0,452715,0.0,0.0,0.0,0.0,0.0,0
forward_start,1780280968.9885633,49,49,49,56,FULL,1780280968.9885633,1780280968.988752,0.18858909606933594,decode,1,0,452712,0.0,0.0,0.0,0.0,0.0,0
forward_start,1780280968.9885645,48,48,48,56,FULL,1780280968.9885645,1780280968.9888768,0.3123283386230469,decode,0,0,452715,0.0,0.0,0.0,0.0,0.0,0
forward_start,1780280969.0007288,49,49,49,56,FULL,1780280969.0007288,1780280969.0009158,0.186920166015625,decode,1,0,452712,0.0,0.0,0.0,0.0,0.0,0
forward_start,1780280969.000754,48,48,48,56,FULL,1780280969.000754,1780280969.001069,0.31495094299316406,decode,0,0,452715,0.0,0.0,0.0,0.0,0.0,0
forward_start,1780280969.0125418,49,49,49,56,FULL,1780280969.0125418,1780280969.0127296,0.18787384033203125,decode,1,0,452712,0.0,0.0,0.0,0.0,0.0,0
forward_start,1780280969.0125475,48,48,48,56,FULL,1780280969.0125475,1780280969.0128508,0.3032684326171875,decode,0,0,452715,0.0,0.0,0.0,0.0,0.0,0
forward_start,1780280969.0247335,49,49,49,56,FULL,1780280969.0247335,1780280969.024921,0.18739700317382812,decode,1,0,452712,0.0,0.0,0.0,0.0,0.0,0
forward_start,1780280969.02474,48,48,48,56,FULL,1780280969.02474,1780280969.0250406,0.3006458282470703,decode,0,0,452715,0.0,0.0,0.0,0.0,0.0,0
forward_start,1780280969.0371296,48,48,48,56,FULL,1780280969.0371296,1780280969.0374432,0.3135204315185547,decode,0,0,452715,0.3135204315185547,1.0,0.3135204315185547,1.0,1.0,1
forward_start,1780280969.0471992,49,49,49,56,FULL,1780280969.0471992,1780280969.0475724,0.3731250762939453,decode,1,0,452712,0.3731250762939453,1.0,0.3731250762939453,1.0,1.0,1
forward_start,1780280969.0504365,49,49,49,56,FULL,1780280969.0504365,1780280969.0507076,0.27108192443847656,decode,1,0,452712,0.27108192443847656,1.0,0.27108192443847656,1.0,1.0,1
forward_start,1780280969.0532691,48,48,48,56,FULL,1780280969.0532691,1780280969.0534968,0.2276897430419922,decode,0,0,452715,0.4553794860839844,2.0,0.2276897430419922,1.0,2.0,2
forward_start,1780280969.061858,48,48,48,56,FULL,1780280969.061858,1780280969.0621517,0.293731689453125,decode,0,0,452715,0.49185752868652344,1.6745129870129871,0.293731689453125,1.0,1.6745129870129871,2
forward_start,1780280969.063485,49,49,49,56,FULL,1780280969.063485,1780280969.0636787,0.1938343048095703,decode,1,0,452712,0.1938343048095703,1.0,0.1938343048095703,1.0,1.0,1
forward_start,1780280969.0740628,49,49,49,56,FULL,1780280969.0740628,1780280969.0742495,0.18668174743652344,decode,1,0,452712,0.0,0.0,0.0,0.0,0.0,0
forward_start,1780280969.074068,49,49,49,56,FULL,1780280969.074068,1780280969.0743892,0.3211498260498047,decode,0,0,452715,0.0,0.0,0.0,0.0,0.0,0
forward_start,1780280969.086243,51,51,51,56,FULL,1780280969.086243,1780280969.086448,0.20503997802734375,decode,1,0,452712,0.0,0.0,0.0,0.0,0.0,0
forward_start,1780280969.0865626,49,49,49,56,FULL,1780280969.0865626,1780280969.086858,0.29540061950683594,decode,0,0,452715,0.0,0.0,0.0,0.0,0.0,0
forward_start,1780280969.0985255,50,50,50,56,FULL,1780280969.0985255,1780280969.0987117,0.1862049102783203,decode,1,0,452712,0.0,0.0,0.0,0.0,0.0,0
forward_start,1780280969.0999532,49,49,49,56,FULL,1780280969.0999532,1780280969.1002572,0.3039836883544922,decode,0,0,452715,0.3039836883544922,1.0,0.3039836883544922,1.0,1.0,1
forward_start,1780280969.1102295,49,49,49,56,FULL,1780280969.1102295,1780280969.110548,0.3185272216796875,decode,0,0,452715,0.3185272216796875,1.0,0.3185272216796875,1.0,1.0,1
forward_start,1780280969.1102324,50,50,50,56,FULL,1780280969.1102324,1780280969.1104412,0.20885467529296875,decode,1,0,452712,0.20885467529296875,1.0,0.20885467529296875,1.0,1.0,1
forward_start,1780280969.122531,49,49,49,56,FULL,1780280969.122531,1780280969.1227164,0.18548965454101562,decode,1,0,452712,0.0,0.0,0.0,0.0,0.0,0
forward_start,1780280969.1225395,49,49,49,56,FULL,1780280969.1225395,1780280969.1228478,0.3082752227783203,decode,0,0,452715,0.0,0.0,0.0,0.0,0.0,0
forward_start,1780280969.1345472,50,50,50,56,FULL,1780280969.1345472,1780280969.1348479,0.3006458282470703,decode,0,0,452715,0.19812583923339844,0.6590007930214116,0.19812583923339844,0.6590007930214116,1.0,1
forward_start,1780280969.1361217,49,49,49,56,FULL,1780280969.1361217,1780280969.136314,0.19216537475585938,decode,1,0,452712,0.0,0.0,0.0,0.0,0.0,0
forward_start,1780280969.1466062,49,49,49,56,FULL,1780280969.1466062,1780280969.1467938,0.1876354217529297,decode,1,0,452712,0.0,0.0,0.0,0.0,0.0,0
forward_start,1780280969.1466126,50,50,50,56,FULL,1780280969.1466126,1780280969.1469054,0.29277801513671875,decode,0,0,452715,0.0,0.0,0.0,0.0,0.0,0
forward_start,1780280969.1587005,50,50,50,56,FULL,1780280969.1587005,1780280969.158887,0.18644332885742188,decode,1,0,452712,0.0,0.0,0.0,0.0,0.0,0
forward_start,1780280969.1587138,50,50,50,56,FULL,1780280969.1587138,1780280969.1590152,0.301361083984375,decode,0,0,452715,0.0,0.0,0.0,0.0,0.0,0
forward_start,1780280969.1708927,50,50,50,56,FULL,1780280969.1708927,1780280969.171079,0.1862049102783203,decode,1,0,452712,0.0,0.0,0.0,0.0,0.0,0
forward_start,1780280969.170915,50,50,50,56,FULL,1780280969.170915,1780280969.1712127,0.29778480529785156,decode,0,0,452715,0.0,0.0,0.0,0.0,0.0,0
forward_start,1780280969.1828456,50,50,50,56,FULL,1780280969.1828456,1780280969.183031,0.18548965454101562,decode,1,0,452712,0.0,0.0,0.0,0.0,0.0,0
forward_start,1780280969.1828551,50,50,50,56,FULL,1780280969.1828551,1780280969.1831584,0.3032684326171875,decode,0,0,452715,0.0,0.0,0.0,0.0,0.0,0
forward_start,1780280969.1951745,50,50,50,56,FULL,1780280969.1951745,1780280969.1953788,0.20432472229003906,decode,1,0,452712,0.0,0.0,0.0,0.0,0.0,0
forward_start,1780280969.1955836,50,50,50,56,FULL,1780280969.1955836,1780280969.1958885,0.30493736267089844,decode,0,0,452715,0.0,0.0,0.0,0.0,0.0,0
forward_start,1780280969.2071853,50,50,50,56,FULL,1780280969.2071853,1780280969.2073922,0.20694732666015625,decode,1,0,452712,0.0,0.0,0.0,0.0,0.0,0
forward_start,1780280969.2071967,50,50,50,56,FULL,1780280969.2071967,1780280969.2075162,0.31948089599609375,decode,0,0,452715,0.0,0.0,0.0,0.0,0.0,0
forward_start,1780280969.2197444,49,49,49,56,FULL,1780280969.2197444,1780280969.2199342,0.18978118896484375,decode,1,0,452712,0.0,0.0,0.0,0.0,0.0,0
forward_start,1780280969.2197602,50,50,50,56,FULL,1780280969.2197602,1780280969.2200644,0.30422210693359375,decode,0,0,452715,0.0,0.0,0.0,0.0,0.0,0
forward_start,1780280969.231518,49,49,49,56,FULL,1780280969.231518,1780280969.231704,0.18596649169921875,decode,1,0,452712,0.0,0.0,0.0,0.0,0.0,0
forward_start,1780280969.2366958,50,50,50,56,FULL,1780280969.2366958,1780280969.2370646,0.3688335418701172,decode,0,0,452715,0.3688335418701172,1.0,0.3688335418701172,1.0,1.0,1
forward_start,1780280969.243876,49,49,49,56,FULL,1780280969.243876,1780280969.2440603,0.1842975616455078,decode,1,0,452712,0.1842975616455078,1.0,0.1842975616455078,1.0,1.0,1
forward_start,1780280969.2439077,50,50,50,56,FULL,1780280969.2439077,1780280969.2442236,0.3159046173095703,decode,0,0,452715,0.3159046173095703,1.0,0.3159046173095703,1.0,1.0,1
forward_start,1780280969.2557228,49,49,49,56,FULL,1780280969.2557228,1780280969.2559097,0.186920166015625,decode,1,0,452712,0.186920166015625,1.0,0.186920166015625,1.0,1.0,1
forward_start,1780280969.2557251,50,50,50,56,FULL,1780280969.2557251,1780280969.256025,0.2999305725097656,decode,0,0,452715,0.2999305725097656,1.0,0.2999305725097656,1.0,1.0,1
forward_start,1780280969.2683992,50,50,50,56,FULL,1780280969.2683992,1780280969.2686973,0.2980232238769531,decode,0,0,452715,0.2980232238769531,1.0,0.2980232238769531,1.0,1.0,1
forward_start,1780280969.2696187,49,49,49,56,FULL,1780280969.2696187,1780280969.2698107,0.1919269561767578,decode,1,0,452712,0.0,0.0,0.0,0.0,0.0,0
forward_start,1780280969.2802138,49,49,49,56,FULL,1780280969.2802138,1780280969.2804167,0.2028942108154297,decode,1,0,452712,0.0,0.0,0.0,0.0,0.0,0
forward_start,1780280969.2802334,51,51,51,56,FULL,1780280969.2802334,1780280969.280562,0.3285408020019531,decode,0,0,452715,0.0,0.0,0.0,0.0,0.0,0
forward_start,1780280969.292604,50,50,50,56,FULL,1780280969.292604,1780280969.2927918,0.18787384033203125,decode,1,0,452712,0.0,0.0,0.0,0.0,0.0,0
forward_start,1780280969.2926226,50,50,50,56,FULL,1780280969.2926226,1780280969.2929246,0.3020763397216797,decode,0,0,452715,0.0,0.0,0.0,0.0,0.0,0
forward_start,1780280969.304782,50,50,50,56,FULL,1780280969.304782,1780280969.3049648,0.18286705017089844,decode,1,0,452712,0.0,0.0,0.0,0.0,0.0,0
forward_start,1780280969.3047826,49,49,49,56,FULL,1780280969.3047826,1780280969.30508,0.29730796813964844,decode,0,0,452715,0.0,0.0,0.0,0.0,0.0,0
forward_start,1780280969.3163905,49,49,49,56,FULL,1780280969.3163905,1780280969.3166811,0.2906322479248047,decode,0,0,452715,0.0,0.0,0.0,0.0,0.0,0
forward_start,1780280969.316393,50,50,50,56,FULL,1780280969.316393,1780280969.3165805,0.1876354217529297,decode,1,0,452712,0.0,0.0,0.0,0.0,0.0,0
forward_start,1780280969.3291035,50,50,50,56,FULL,1780280969.3291035,1780280969.3292882,0.18477439880371094,decode,1,0,452712,0.0,0.0,0.0,0.0,0.0,0
forward_start,1780280969.3295076,49,49,49,56,FULL,1780280969.3295076,1780280969.32981,0.30231475830078125,decode,0,0,452715,0.0,0.0,0.0,0.0,0.0,0
forward_start,1780280969.3407884,50,50,50,56,FULL,1780280969.3407884,1780280969.3409715,0.18310546875,decode,1,0,452712,0.0,0.0,0.0,0.0,0.0,0
forward_start,1780280969.3408003,48,48,48,56,FULL,1780280969.3408003,1780280969.3411062,0.3058910369873047,decode,0,0,452715,0.0,0.0,0.0,0.0,0.0,0
forward_start,1780280969.352576,48,48,48,56,FULL,1780280969.352576,1780280969.35289,0.3139972686767578,decode,0,0,452715,0.07724761962890625,0.2460136674259681,0.07724761962890625,0.2460136674259681,1.0,1
forward_start,1780280969.3622818,50,50,50,56,FULL,1780280969.3622818,1780280969.362565,0.28324127197265625,decode,1,0,452712,0.28324127197265625,1.0,0.28324127197265625,1.0,1.0,1
forward_start,1780280969.3656008,50,50,50,56,FULL,1780280969.3656008,1780280969.3658886,0.28777122497558594,decode,1,0,452712,0.28777122497558594,1.0,0.28777122497558594,1.0,1.0,1
forward_start,1780280969.365897,48,48,48,56,FULL,1780280969.365897,1780280969.3662097,0.31280517578125,decode,0,0,452715,0.31280517578125,1.0,0.31280517578125,1.0,1.0,1
forward_start,1780280969.3768775,50,50,50,56,FULL,1780280969.3768775,1780280969.3770638,0.1862049102783203,decode,1,0,452712,0.1862049102783203,1.0,0.1862049102783203,1.0,1.0,1
forward_start,1780280969.3768823,48,48,48,56,FULL,1780280969.3768823,1780280969.3771772,0.2949237823486328,decode,0,0,452715,0.2224445343017578,0.7542441390460792,0.2224445343017578,0.7542441390460792,1.0,1
forward_start,1780280969.388846,50,50,50,56,FULL,1780280969.388846,1780280969.3890336,0.1876354217529297,decode,1,0,452712,0.0,0.0,0.0,0.0,0.0,0
forward_start,1780280969.3888593,48,48,48,56,FULL,1780280969.3888593,1780280969.3891525,0.2932548522949219,decode,0,0,452715,0.0,0.0,0.0,0.0,0.0,0
forward_start,1780280969.4010456,51,51,51,56,FULL,1780280969.4010456,1780280969.4012337,0.1881122589111328,decode,1,0,452712,0.0,0.0,0.0,0.0,0.0,0
forward_start,1780280969.4010642,48,48,48,56,FULL,1780280969.4010642,1780280969.4013834,0.3192424774169922,decode,0,0,452715,0.0,0.0,0.0,0.0,0.0,0
forward_start,1780280969.4130864,51,51,51,56,FULL,1780280969.4130864,1780280969.4132884,0.20194053649902344,decode,1,0,452712,0.0,0.0,0.0,0.0,0.0,0
forward_start,1780280969.4134266,48,48,48,56,FULL,1780280969.4134266,1780280969.4137259,0.29921531677246094,decode,0,0,452715,0.0,0.0,0.0,0.0,0.0,0
forward_start,1780280969.43058,48,48,48,56,FULL,1780280969.43058,1780280969.430953,0.3731250762939453,decode,0,0,452715,0.7462501525878906,2.0,0.3731250762939453,1.0,2.0,2
forward_start,1780280969.431354,51,51,51,56,FULL,1780280969.431354,1780280969.4315505,0.1964569091796875,decode,1,0,452712,0.1964569091796875,1.0,0.1964569091796875,1.0,1.0,1
forward_start,1780280969.4374118,51,51,51,56,FULL,1780280969.4374118,1780280969.4376032,0.1914501190185547,decode,1,0,452712,0.1914501190185547,1.0,0.1914501190185547,1.0,1.0,1
forward_start,1780280969.4374382,48,48,48,56,FULL,1780280969.4374382,1780280969.4377725,0.3342628479003906,decode,0,0,452715,0.3342628479003906,1.0,0.3342628479003906,1.0,1.0,1
forward_start,1780280969.454306,52,52,52,56,FULL,1780280969.454306,1780280969.454606,0.3001689910888672,decode,1,0,452712,0.9005069732666016,3.0,0.3001689910888672,1.0,3.0,3
forward_start,1780280969.4558961,48,48,48,56,FULL,1780280969.4558961,1780280969.4561973,0.30112266540527344,decode,0,0,452715,0.6022453308105469,2.0,0.30112266540527344,1.0,2.0,2
forward_start,1780280969.461577,52,52,52,56,FULL,1780280969.461577,1780280969.4617653,0.18835067749023438,decode,1,0,452712,0.18835067749023438,1.0,0.18835067749023438,1.0,1.0,1
forward_start,1780280969.4616196,48,48,48,56,FULL,1780280969.4616196,1780280969.4619172,0.29754638671875,decode,0,0,452715,0.1850128173828125,0.6217948717948718,0.1850128173828125,0.6217948717948718,1.0,1
forward_start,1780280969.4737787,52,52,52,56,FULL,1780280969.4737787,1780280969.4739664,0.1876354217529297,decode,1,0,452712,0.0,0.0,0.0,0.0,0.0,0
forward_start,1780280969.473786,50,50,50,56,FULL,1780280969.473786,1780280969.4740822,0.2961158752441406,decode,0,0,452715,0.0,0.0,0.0,0.0,0.0,0
forward_start,1780280969.485959,53,53,53,56,FULL,1780280969.485959,1780280969.4861493,0.19025802612304688,decode,1,0,452712,0.0,0.0,0.0,0.0,0.0,0
forward_start,1780280969.4911387,50,50,50,56,FULL,1780280969.4911387,1780280969.4915304,0.3917217254638672,decode,0,0,452715,0.3917217254638672,1.0,0.3917217254638672,1.0,1.0,1
forward_start,1780280969.497913,52,52,52,56,FULL,1780280969.497913,1780280969.498102,0.18906593322753906,decode,1,0,452712,0.2124309539794922,1.1235813366960907,0.18906593322753906,1.0,1.1235813366960907,2
forward_start,1780280969.4997737,50,50,50,56,FULL,1780280969.4997737,1780280969.5000865,0.31280517578125,decode,0,0,452715,0.6256103515625,2.0,0.31280517578125,1.0,2.0,2
forward_start,1780280969.510202,50,50,50,56,FULL,1780280969.510202,1780280969.5105224,0.3204345703125,decode,0,0,452715,0.7636547088623047,2.3831845238095237,0.3204345703125,1.0,2.3831845238095237,3
forward_start,1780280969.5157235,52,52,52,56,FULL,1780280969.5157235,1780280969.5160246,0.30112266540527344,decode,1,0,452712,0.30112266540527344,1.0,0.30112266540527344,1.0,1.0,1
forward_start,1780280969.5218596,52,52,52,56,FULL,1780280969.5218596,1780280969.5220459,0.1862049102783203,decode,1,0,452712,0.1862049102783203,1.0,0.1862049102783203,1.0,1.0,1
forward_start,1780280969.5218742,50,50,50,56,FULL,1780280969.5218742,1780280969.5221753,0.30112266540527344,decode,0,0,452715,0.21147727966308594,0.7022961203483769,0.21147727966308594,0.7022961203483769,1.0,1
forward_start,1780280969.5344415,52,52,52,56,FULL,1780280969.5344415,1780280969.534629,0.1876354217529297,decode,1,0,452712,0.0743865966796875,0.39644218551461247,0.0743865966796875,0.39644218551461247,1.0,1
forward_start,1780280969.538089,52,52,52,56,FULL,1780280969.538089,1780280969.5384023,0.3132820129394531,decode,0,0,452715,0.3132820129394531,1.0,0.3132820129394531,1.0,1.0,1
forward_start,1780280969.5462284,53,53,53,56,FULL,1780280969.5462284,1780280969.5464363,0.2079010009765625,decode,1,0,452712,0.0,0.0,0.0,0.0,0.0,0
forward_start,1780280969.5462358,51,51,51,56,FULL,1780280969.5462358,1780280969.5465682,0.3323554992675781,decode,0,0,452715,0.0,0.0,0.0,0.0,0.0,0
forward_start,1780280969.5584679,51,51,51,56,FULL,1780280969.5584679,1780280969.5586536,0.1857280731201172,decode,1,0,452712,0.0,0.0,0.0,0.0,0.0,0
forward_start,1780280969.5584798,52,52,52,56,FULL,1780280969.5584798,1780280969.5587728,0.2930164337158203,decode,0,0,452715,0.0,0.0,0.0,0.0,0.0,0
forward_start,1780280969.5705202,51,51,51,56,FULL,1780280969.5705202,1780280969.570819,0.2987384796142578,decode,0,0,452715,0.15926361083984375,0.533120510774142,0.15926361083984375,0.533120510774142,1.0,1
forward_start,1780280969.5777087,50,50,50,56,FULL,1780280969.5777087,1780280969.577911,0.202178955078125,decode,1,0,452712,0.0,0.0,0.0,0.0,0.0,0
forward_start,1780280969.5823088,50,50,50,56,FULL,1780280969.5823088,1780280969.582516,0.2071857452392578,decode,1,0,452712,0.0,0.0,0.0,0.0,0.0,0
forward_start,1780280969.5823262,51,51,51,56,FULL,1780280969.5823262,1780280969.5826397,0.3135204315185547,decode,0,0,452715,0.0,0.0,0.0,0.0,0.0,0
forward_start,1780280969.5942814,51,51,51,56,FULL,1780280969.5942814,1780280969.5944936,0.21219253540039062,decode,1,0,452712,0.0,0.0,0.0,0.0,0.0,0
forward_start,1780280969.5946069,51,51,51,56,FULL,1780280969.5946069,1780280969.5949001,0.2932548522949219,decode,0,0,452715,0.0,0.0,0.0,0.0,0.0,0
forward_start,1780280969.6063862,51,51,51,56,FULL,1780280969.6063862,1780280969.6066809,0.29468536376953125,decode,0,0,452715,0.1971721649169922,0.669093851132686,0.1971721649169922,0.669093851132686,1.0,1
forward_start,1780280969.6101134,51,51,51,56,FULL,1780280969.6101134,1780280969.6103096,0.19621849060058594,decode,1,0,452712,0.0,0.0,0.0,0.0,0.0,0
forward_start,1780280969.618309,51,51,51,56,FULL,1780280969.618309,1780280969.6185105,0.2014636993408203,decode,1,0,452712,0.031948089599609375,0.15857988165680473,0.031948089599609375,0.15857988165680473,1.0,1
forward_start,1780280969.6209903,51,51,51,56,FULL,1780280969.6209903,1780280969.6212893,0.2989768981933594,decode,0,0,452715,0.2989768981933594,1.0,0.2989768981933594,1.0,1.0,1
forward_start,1780280969.6304858,51,51,51,56,FULL,1780280969.6304858,1780280969.6306696,0.1838207244873047,decode,1,0,452712,0.0,0.0,0.0,0.0,0.0,0
forward_start,1780280969.6305113,51,51,51,56,FULL,1780280969.6305113,1780280969.6308048,0.29349327087402344,decode,0,0,452715,0.0,0.0,0.0,0.0,0.0,0
forward_start,1780280969.6426063,51,51,51,56,FULL,1780280969.6426063,1780280969.6427932,0.186920166015625,decode,1,0,452712,0.0,0.0,0.0,0.0,0.0,0
forward_start,1780280969.6426203,52,52,52,56,FULL,1780280969.6426203,1780280969.6429148,0.2944469451904297,decode,0,0,452715,0.0,0.0,0.0,0.0,0.0,0
forward_start,1780280969.6545804,51,51,51,56,FULL,1780280969.6545804,1780280969.6547654,0.1850128173828125,decode,1,0,452712,0.0,0.0,0.0,0.0,0.0,0
forward_start,1780280969.6545901,51,51,51,56,FULL,1780280969.6545901,1780280969.6548774,0.2872943878173828,decode,0,0,452715,0.0,0.0,0.0,0.0,0.0,0
forward_start,1780280969.6664598,51,51,51,56,FULL,1780280969.6664598,1780280969.6666481,0.18835067749023438,decode,1,0,452712,0.0,0.0,0.0,0.0,0.0,0
forward_start,1780280969.6664782,51,51,51,56,FULL,1780280969.6664782,1780280969.6667736,0.29540061950683594,decode,0,0,452715,0.0,0.0,0.0,0.0,0.0,0
forward_start,1780280969.6786902,51,51,51,56,FULL,1780280969.6786902,1780280969.6789873,0.2970695495605469,decode,0,0,452715,0.1926422119140625,0.6484751203852327,0.1926422119140625,0.6484751203852327,1.0,1
forward_start,1780280969.681683,51,51,51,56,FULL,1780280969.681683,1780280969.681868,0.1850128173828125,decode,1,0,452712,0.0,0.0,0.0,0.0,0.0,0
forward_start,1780280969.6902628,51,51,51,56,FULL,1780280969.6902628,1780280969.6905758,0.31304359436035156,decode,0,0,452715,0.0,0.0,0.0,0.0,0.0,0
forward_start,1780280969.6902647,51,51,51,56,FULL,1780280969.6902647,1780280969.6904707,0.20599365234375,decode,1,0,452712,0.0,0.0,0.0,0.0,0.0,0
forward_start,1780280969.7023041,52,52,52,56,FULL,1780280969.7023041,1780280969.7025075,0.2033710479736328,decode,1,0,452712,0.0,0.0,0.0,0.0,0.0,0
forward_start,1780280969.7023258,51,51,51,56,FULL,1780280969.7023258,1780280969.7026505,0.3247261047363281,decode,0,0,452715,0.0,0.0,0.0,0.0,0.0,0
forward_start,1780280969.714888,52,52,52,56,FULL,1780280969.714888,1780280969.715073,0.1850128173828125,decode,1,0,452712,0.0,0.0,0.0,0.0,0.0,0
forward_start,1780280969.7149074,51,51,51,56,FULL,1780280969.7149074,1780280969.7152035,0.2961158752441406,decode,0,0,452715,0.0,0.0,0.0,0.0,0.0,0
forward_start,1780280969.7265868,50,50,50,56,FULL,1780280969.7265868,1780280969.7268777,0.29087066650390625,decode,0,0,452715,0.13399124145507812,0.460655737704918,0.13399124145507812,0.460655737704918,1.0,1
forward_start,1780280969.7337687,52,52,52,56,FULL,1780280969.7337687,1780280969.7340674,0.2987384796142578,decode,1,0,452712,0.2987384796142578,1.0,0.2987384796142578,1.0,1.0,1
forward_start,1780280969.7383294,50,50,50,56,FULL,1780280969.7383294,1780280969.738644,0.31447410583496094,decode,0,0,452715,0.2582073211669922,0.821076573161486,0.2582073211669922,0.821076573161486,1.0,1
forward_start,1780280969.7383556,52,52,52,56,FULL,1780280969.7383556,1780280969.7385433,0.1876354217529297,decode,1,0,452712,0.1876354217529297,1.0,0.1876354217529297,1.0,1.0,1
forward_start,1780280969.7505896,51,51,51,56,FULL,1780280969.7505896,1780280969.750776,0.18644332885742188,decode,1,0,452712,0.0,0.0,0.0,0.0,0.0,0
forward_start,1780280969.7505991,50,50,50,56,FULL,1780280969.7505991,1780280969.7508905,0.2913475036621094,decode,0,0,452715,0.0,0.0,0.0,0.0,0.0,0
forward_start,1780280969.762389,52,52,52,56,FULL,1780280969.762389,1780280969.7625763,0.18739700317382812,decode,1,0,452712,0.0,0.0,0.0,0.0,0.0,0
forward_start,1780280969.7624097,50,50,50,56,FULL,1780280969.7624097,1780280969.7626987,0.28896331787109375,decode,0,0,452715,0.0,0.0,0.0,0.0,0.0,0
forward_start,1780280969.7745512,52,52,52,56,FULL,1780280969.7745512,1780280969.7747376,0.18644332885742188,decode,1,0,452712,0.0,0.0,0.0,0.0,0.0,0
forward_start,1780280969.7745588,50,50,50,56,FULL,1780280969.7745588,1780280969.774852,0.2932548522949219,decode,0,0,452715,0.0,0.0,0.0,0.0,0.0,0
forward_start,1780280969.7863946,50,50,50,56,FULL,1780280969.7863946,1780280969.7866898,0.2951622009277344,decode,0,0,452715,0.0,0.0,0.0,0.0,0.0,0
forward_start,1780280969.786396,52,52,52,56,FULL,1780280969.786396,1780280969.7865863,0.19025802612304688,decode,1,0,452712,0.0,0.0,0.0,0.0,0.0,0
forward_start,1780280969.7985845,52,52,52,56,FULL,1780280969.7985845,1780280969.7987697,0.18525123596191406,decode,1,0,452712,0.0,0.0,0.0,0.0,0.0,0
forward_start,1780280969.8035529,50,50,50,56,FULL,1780280969.8035529,1780280969.8039289,0.37598609924316406,decode,0,0,452715,0.37598609924316406,1.0,0.37598609924316406,1.0,1.0,1
forward_start,1780280969.81032,52,52,52,56,FULL,1780280969.81032,1780280969.8105273,0.20742416381835938,decode,1,0,452712,0.20742416381835938,1.0,0.20742416381835938,1.0,1.0,1
forward_start,1780280969.8103545,50,50,50,56,FULL,1780280969.8103545,1780280969.8106592,0.3046989440917969,decode,0,0,452715,0.3046989440917969,1.0,0.3046989440917969,1.0,1.0,1
forward_start,1780280969.8224766,52,52,52,56,FULL,1780280969.8224766,1780280969.8226633,0.18668174743652344,decode,1,0,452712,0.0,0.0,0.0,0.0,0.0,0
forward_start,1780280969.8224971,50,50,50,56,FULL,1780280969.8224971,1780280969.8227847,0.2875328063964844,decode,0,0,452715,0.0,0.0,0.0,0.0,0.0,0
forward_start,1780280969.8345118,52,52,52,56,FULL,1780280969.8345118,1780280969.8346956,0.1838207244873047,decode,1,0,452712,0.0,0.0,0.0,0.0,0.0,0
forward_start,1780280969.8345246,51,51,51,56,FULL,1780280969.8345246,1780280969.8348172,0.2925395965576172,decode,0,0,452715,0.0,0.0,0.0,0.0,0.0,0
forward_start,1780280969.8462868,51,51,51,56,FULL,1780280969.8462868,1780280969.846497,0.21028518676757812,decode,1,0,452712,0.0,0.0,0.0,0.0,0.0,0
forward_start,1780280969.8463123,51,51,51,56,FULL,1780280969.8463123,1780280969.8466218,0.3094673156738281,decode,0,0,452715,0.0,0.0,0.0,0.0,0.0,0
forward_start,1780280969.8582413,51,51,51,56,FULL,1780280969.8582413,1780280969.8584456,0.20432472229003906,decode,1,0,452712,0.0,0.0,0.0,0.0,0.0,0
forward_start,1780280969.8582537,51,51,51,56,FULL,1780280969.8582537,1780280969.8585699,0.3161430358886719,decode,0,0,452715,0.0,0.0,0.0,0.0,0.0,0
forward_start,1780280969.8702106,51,51,51,56,FULL,1780280969.8702106,1780280969.8704104,0.19979476928710938,decode,1,0,452712,0.0,0.0,0.0,0.0,0.0,0
forward_start,1780280969.870583,51,51,51,56,FULL,1780280969.870583,1780280969.8708775,0.2944469451904297,decode,0,0,452715,0.0,0.0,0.0,0.0,0.0,0
forward_start,1780280969.8826137,50,50,50,56,FULL,1780280969.8826137,1780280969.882801,0.18739700317382812,decode,1,0,452712,0.0,0.0,0.0,0.0,0.0,0
forward_start,1780280969.8829122,51,51,51,56,FULL,1780280969.8829122,1780280969.8832085,0.2963542938232422,decode,0,0,452715,0.0,0.0,0.0,0.0,0.0,0
forward_start,1780280969.8944898,50,50,50,56,FULL,1780280969.8944898,1780280969.8946755,0.1857280731201172,decode,1,0,452712,0.0,0.0,0.0,0.0,0.0,0
forward_start,1780280969.8944995,50,50,50,56,FULL,1780280969.8944995,1780280969.894807,0.3075599670410156,decode,0,0,452715,0.0,0.0,0.0,0.0,0.0,0
forward_start,1780280969.906247,50,50,50,56,FULL,1780280969.906247,1780280969.9064543,0.20742416381835938,decode,1,0,452712,0.0,0.0,0.0,0.0,0.0,0
forward_start,1780280969.906272,50,50,50,56,FULL,1780280969.906272,1780280969.906594,0.32210350036621094,decode,0,0,452715,0.0,0.0,0.0,0.0,0.0,0
forward_start,1780280969.9186091,50,50,50,56,FULL,1780280969.9186091,1780280969.9187932,0.18405914306640625,decode,1,0,452712,0.0,0.0,0.0,0.0,0.0,0
forward_start,1780280969.918625,50,50,50,56,FULL,1780280969.918625,1780280969.9189172,0.29206275939941406,decode,0,0,452715,0.0,0.0,0.0,0.0,0.0,0
forward_start,1780280969.9306636,49,49,49,56,FULL,1780280969.9306636,1780280969.9308515,0.18787384033203125,decode,1,0,452712,0.0,0.0,0.0,0.0,0.0,0
forward_start,1780280969.9306643,50,50,50,56,FULL,1780280969.9306643,1780280969.9309664,0.3020763397216797,decode,0,0,452715,0.0,0.0,0.0,0.0,0.0,0
forward_start,1780280969.9432416,49,49,49,56,FULL,1780280969.9432416,1780280969.9434474,0.20575523376464844,decode,1,0,452712,0.0,0.0,0.0,0.0,0.0,0
forward_start,1780280969.94685,49,49,49,56,FULL,1780280969.94685,1780280969.9472153,0.36525726318359375,decode,0,0,452715,0.36525726318359375,1.0,0.36525726318359375,1.0,1.0,1
forward_start,1780280969.9548063,49,49,49,56,FULL,1780280969.9548063,1780280969.9549956,0.18930435180664062,decode,1,0,452712,0.18930435180664062,1.0,0.18930435180664062,1.0,1.0,1
forward_start,1780280969.9548354,49,49,49,56,FULL,1780280969.9548354,1780280969.9551349,0.2994537353515625,decode,0,0,452715,0.2994537353515625,1.0,0.2994537353515625,1.0,1.0,1
forward_start,1780280969.9675052,49,49,49,56,FULL,1780280969.9675052,1780280969.9676867,0.18143653869628906,decode,1,0,452712,0.0,0.0,0.0,0.0,0.0,0
forward_start,1780280969.9675329,49,49,49,56,FULL,1780280969.9675329,1780280969.9678288,0.29587745666503906,decode,0,0,452715,0.0,0.0,0.0,0.0,0.0,0
forward_start,1780280969.979079,49,49,49,56,FULL,1780280969.979079,1780280969.9792652,0.1862049102783203,decode,1,0,452712,0.0,0.0,0.0,0.0,0.0,0
forward_start,1780280969.9790819,50,50,50,56,FULL,1780280969.9790819,1780280969.9793968,0.31495094299316406,decode,0,0,452715,0.0,0.0,0.0,0.0,0.0,0
forward_start,1780280969.9912808,49,49,49,56,FULL,1780280969.9912808,1780280969.9914856,0.2048015594482422,decode,1,0,452712,0.0,0.0,0.0,0.0,0.0,0
forward_start,1780280969.9913054,49,49,49,56,FULL,1780280969.9913054,1780280969.9916167,0.3113746643066406,decode,0,0,452715,0.0,0.0,0.0,0.0,0.0,0
forward_start,1780280970.0032654,48,48,48,56,FULL,1780280970.0032654,1780280970.003471,0.20551681518554688,decode,1,0,452712,0.0,0.0,0.0,0.0,0.0,0
forward_start,1780280970.0032797,49,49,49,56,FULL,1780280970.0032797,1780280970.0035996,0.3199577331542969,decode,0,0,452715,0.0,0.0,0.0,0.0,0.0,0
forward_start,1780280970.0152812,48,48,48,56,FULL,1780280970.0152812,1780280970.0154865,0.2052783966064453,decode,1,0,452712,0.0,0.0,0.0,0.0,0.0,0
forward_start,1780280970.0153072,49,49,49,56,FULL,1780280970.0153072,1780280970.0156338,0.3266334533691406,decode,0,0,452715,0.0,0.0,0.0,0.0,0.0,0
forward_start,1780280970.0273974,49,49,49,56,FULL,1780280970.0273974,1780280970.0276914,0.29397010803222656,decode,0,0,452715,0.0,0.0,0.0,0.0,0.0,0
forward_start,1780280970.0273995,48,48,48,56,FULL,1780280970.0273995,1780280970.0275888,0.18930435180664062,decode,1,0,452712,0.0,0.0,0.0,0.0,0.0,0
forward_start,1780280970.0395927,48,48,48,56,FULL,1780280970.0395927,1780280970.0397782,0.18548965454101562,decode,1,0,452712,0.0,0.0,0.0,0.0,0.0,0
forward_start,1780280970.039612,49,49,49,56,FULL,1780280970.039612,1780280970.0399156,0.30350685119628906,decode,0,0,452715,0.0,0.0,0.0,0.0,0.0,0
forward_start,1780280970.0514503,48,48,48,56,FULL,1780280970.0514503,1780280970.0516388,0.18858909606933594,decode,1,0,452712,0.0,0.0,0.0,0.0,0.0,0
forward_start,1780280970.0514848,49,49,49,56,FULL,1780280970.0514848,1780280970.0517776,0.29277801513671875,decode,0,0,452715,0.0,0.0,0.0,0.0,0.0,0
forward_start,1780280970.0637715,48,48,48,56,FULL,1780280970.0637715,1780280970.0639586,0.18715858459472656,decode,1,0,452712,0.0,0.0,0.0,0.0,0.0,0
forward_start,1780280970.0637972,49,49,49,56,FULL,1780280970.0637972,1780280970.0640948,0.29754638671875,decode,0,0,452715,0.0,0.0,0.0,0.0,0.0,0
forward_start,1780280970.0757542,48,48,48,56,FULL,1780280970.0757542,1780280970.0759437,0.1895427703857422,decode,1,0,452712,0.0400543212890625,0.21132075471698114,0.0400543212890625,0.21132075471698114,1.0,1
forward_start,1780280970.0782292,49,49,49,56,FULL,1780280970.0782292,1780280970.0785413,0.3120899200439453,decode,0,0,452715,0.0,0.0,0.0,0.0,0.0,0
forward_start,1780280970.0881062,48,48,48,48,FULL,1780280970.0881062,1780280970.0884664,0.36025047302246094,decode,0,0,452715,0.14781951904296875,0.41032428855062875,0.14781951904296875,0.41032428855062875,1.0,1
forward_start,1780280970.0945852,48,48,48,48,FULL,1780280970.0945852,1780280970.0949314,0.34618377685546875,decode,1,0,452712,0.34618377685546875,1.0,0.34618377685546875,1.0,1.0,1
forward_start,1780280970.1006048,46,46,46,56,FULL,1780280970.1006048,1780280970.1007905,0.1857280731201172,decode,1,0,452712,0.1857280731201172,1.0,0.1857280731201172,1.0,1.0,1
forward_start,1780280970.100623,49,49,49,56,FULL,1780280970.100623,1780280970.1009195,0.29659271240234375,decode,0,0,452715,0.20766258239746094,0.7001607717041801,0.20766258239746094,0.7001607717041801,1.0,1
forward_start,1780280970.112334,46,46,46,48,FULL,1780280970.112334,1780280970.1125724,0.2384185791015625,decode,1,0,452712,0.13375282287597656,0.561,0.13375282287597656,0.561,1.0,1
forward_start,1780280970.113093,48,48,48,48,FULL,1780280970.113093,1780280970.113426,0.3330707550048828,decode,0,0,452715,0.0,0.0,0.0,0.0,0.0,0
forward_start,1780280970.1243582,48,48,48,48,FULL,1780280970.1243582,1780280970.1246703,0.3120899200439453,decode,0,0,452715,0.0,0.0,0.0,0.0,0.0,0
forward_start,1780280970.1243706,47,47,47,48,FULL,1780280970.1243706,1780280970.124575,0.20432472229003906,decode,1,0,452712,0.0,0.0,0.0,0.0,0.0,0
forward_start,1780280970.1362867,47,47,47,56,FULL,1780280970.1362867,1780280970.1364884,0.20170211791992188,decode,1,0,452712,0.0,0.0,0.0,0.0,0.0,0
forward_start,1780280970.1363087,49,49,49,56,FULL,1780280970.1363087,1780280970.136617,0.3082752227783203,decode,0,0,452715,0.0,0.0,0.0,0.0,0.0,0
forward_start,1780280970.1479928,47,47,47,56,FULL,1780280970.1479928,1780280970.148178,0.18525123596191406,decode,1,0,452712,0.0,0.0,0.0,0.0,0.0,0
forward_start,1780280970.1480165,49,49,49,56,FULL,1780280970.1480165,1780280970.1483114,0.2949237823486328,decode,0,0,452715,0.0,0.0,0.0,0.0,0.0,0
forward_start,1780280970.1602883,48,48,48,48,FULL,1780280970.1602883,1780280970.160613,0.3247261047363281,decode,0,0,452715,0.0,0.0,0.0,0.0,0.0,0
forward_start,1780280970.160291,47,47,47,48,FULL,1780280970.160291,1780280970.160511,0.2200603485107422,decode,1,0,452712,0.0,0.0,0.0,0.0,0.0,0
forward_start,1780280970.1722112,47,47,47,48,FULL,1780280970.1722112,1780280970.1725302,0.3190040588378906,decode,0,0,452715,0.07343292236328125,0.23019431988041852,0.07343292236328125,0.23019431988041852,1.0,1
forward_start,1780280970.1822639,47,47,47,48,FULL,1780280970.1822639,1780280970.1825702,0.3063678741455078,decode,1,0,452712,0.3063678741455078,1.0,0.3063678741455078,1.0,1.0,1
forward_start,1780280970.1855435,47,47,47,48,FULL,1780280970.1855435,1780280970.1858516,0.30803680419921875,decode,1,0,452712,0.30803680419921875,1.0,0.30803680419921875,1.0,1.0,1
forward_start,1780280970.1855636,47,47,47,48,FULL,1780280970.1855636,1780280970.1858695,0.3058910369873047,decode,0,0,452715,0.3058910369873047,1.0,0.3058910369873047,1.0,1.0,1
forward_start,1780280970.1966124,47,47,47,48,FULL,1780280970.1966124,1780280970.1968074,0.19502639770507812,decode,1,0,452712,0.19502639770507812,1.0,0.19502639770507812,1.0,1.0,1
forward_start,1780280970.1966197,47,47,47,48,FULL,1780280970.1966197,1780280970.1969092,0.2894401550292969,decode,0,0,452715,0.23293495178222656,0.8047775947281713,0.23293495178222656,0.8047775947281713,1.0,1
forward_start,1780280970.2084296,47,47,47,48,FULL,1780280970.2084296,1780280970.2086444,0.2148151397705078,decode,1,0,452712,0.0,0.0,0.0,0.0,0.0,0
forward_start,1780280970.2084424,47,47,47,48,FULL,1780280970.2084424,1780280970.2087343,0.2918243408203125,decode,0,0,452715,0.0,0.0,0.0,0.0,0.0,0
forward_start,1780280970.220473,47,47,47,48,FULL,1780280970.220473,1780280970.2207785,0.30541419982910156,decode,0,0,452715,0.19478797912597656,0.6377829820452772,0.19478797912597656,0.6377829820452772,1.0,1
forward_start,1780280970.2241316,48,48,48,48,FULL,1780280970.2241316,1780280970.2243521,0.2205371856689453,decode,1,0,452712,0.2205371856689453,1.0,0.2205371856689453,1.0,1.0,1
forward_start,1780280970.2324739,48,48,48,48,FULL,1780280970.2324739,1780280970.2326608,0.186920166015625,decode,1,0,452712,0.186920166015625,1.0,0.186920166015625,1.0,1.0,1
forward_start,1780280970.2325141,47,47,47,48,FULL,1780280970.2325141,1780280970.2328053,0.2911090850830078,decode,0,0,452715,0.19359588623046875,0.665028665028665,0.19359588623046875,0.665028665028665,1.0,1
forward_start,1780280970.2441232,48,48,48,48,FULL,1780280970.2441232,1780280970.2443094,0.1862049102783203,decode,1,0,452712,0.0,0.0,0.0,0.0,0.0,0
forward_start,1780280970.2441733,47,47,47,48,FULL,1780280970.2441733,1780280970.2444768,0.30350685119628906,decode,0,0,452715,0.0,0.0,0.0,0.0,0.0,0
forward_start,1780280970.2564657,48,48,48,48,FULL,1780280970.2564657,1780280970.2566502,0.18453598022460938,decode,1,0,452712,0.0,0.0,0.0,0.0,0.0,0
forward_start,1780280970.256517,47,47,47,48,FULL,1780280970.256517,1780280970.2568185,0.30159950256347656,decode,0,0,452715,0.0,0.0,0.0,0.0,0.0,0
forward_start,1780280970.268134,48,48,48,48,FULL,1780280970.268134,1780280970.2683191,0.1850128173828125,decode,1,0,452712,0.0,0.0,0.0,0.0,0.0,0
forward_start,1780280970.268155,47,47,47,48,FULL,1780280970.268155,1780280970.2684588,0.3037452697753906,decode,0,0,452715,0.0,0.0,0.0,0.0,0.0,0
forward_start,1780280970.2805295,48,48,48,48,FULL,1780280970.2805295,1780280970.2807157,0.1862049102783203,decode,1,0,452712,0.0,0.0,0.0,0.0,0.0,0
forward_start,1780280970.2805731,47,47,47,48,FULL,1780280970.2805731,1780280970.280864,0.29087066650390625,decode,0,0,452715,0.0,0.0,0.0,0.0,0.0,0
forward_start,1780280970.2923605,48,48,48,48,FULL,1780280970.2923605,1780280970.2925487,0.1881122589111328,decode,1,0,452712,0.0,0.0,0.0,0.0,0.0,0
forward_start,1780280970.2923996,47,47,47,48,FULL,1780280970.2923996,1780280970.292699,0.2994537353515625,decode,0,0,452715,0.0,0.0,0.0,0.0,0.0,0
forward_start,1780280970.3042865,48,48,48,48,FULL,1780280970.3042865,1780280970.3044884,0.20194053649902344,decode,1,0,452712,0.0,0.0,0.0,0.0,0.0,0
forward_start,1780280970.3043516,47,47,47,48,FULL,1780280970.3043516,1780280970.304645,0.29349327087402344,decode,0,0,452715,0.0,0.0,0.0,0.0,0.0,0
forward_start,1780280970.3162048,48,48,48,48,FULL,1780280970.3162048,1780280970.3164027,0.19788742065429688,decode,1,0,452712,0.0,0.0,0.0,0.0,0.0,0
forward_start,1780280970.3162422,47,47,47,48,FULL,1780280970.3162422,1780280970.316567,0.3247261047363281,decode,0,0,452715,0.0,0.0,0.0,0.0,0.0,0
forward_start,1780280970.3283114,48,48,48,48,FULL,1780280970.3283114,1780280970.3285184,0.20694732666015625,decode,1,0,452712,0.0,0.0,0.0,0.0,0.0,0
forward_start,1780280970.328377,47,47,47,48,FULL,1780280970.328377,1780280970.3286762,0.29921531677246094,decode,0,0,452715,0.0,0.0,0.0,0.0,0.0,0
forward_start,1780280970.340274,48,48,48,48,FULL,1780280970.340274,1780280970.3404827,0.2086162567138672,decode,1,0,452712,0.0,0.0,0.0,0.0,0.0,0
forward_start,1780280970.340304,47,47,47,48,FULL,1780280970.340304,1780280970.3406303,0.32639503479003906,decode,0,0,452715,0.0,0.0,0.0,0.0,0.0,0
forward_start,1780280970.3524652,48,48,48,48,FULL,1780280970.3524652,1780280970.352648,0.18286705017089844,decode,1,0,452712,0.0,0.0,0.0,0.0,0.0,0
forward_start,1780280970.352487,47,47,47,48,FULL,1780280970.352487,1780280970.3527856,0.29850006103515625,decode,0,0,452715,0.0,0.0,0.0,0.0,0.0,0
forward_start,1780280970.364125,48,48,48,48,FULL,1780280970.364125,1780280970.3643079,0.18286705017089844,decode,1,0,452712,0.0,0.0,0.0,0.0,0.0,0
forward_start,1780280970.3641593,47,47,47,48,FULL,1780280970.3641593,1780280970.3644798,0.3204345703125,decode,0,0,452715,0.0,0.0,0.0,0.0,0.0,0
forward_start,1780280970.3763704,48,48,48,48,FULL,1780280970.3763704,1780280970.3765578,0.18739700317382812,decode,1,0,452712,0.0,0.0,0.0,0.0,0.0,0
forward_start,1780280970.3764122,47,47,47,48,FULL,1780280970.3764122,1780280970.3767118,0.29969215393066406,decode,0,0,452715,0.0,0.0,0.0,0.0,0.0,0
forward_start,1780280970.3882132,48,48,48,48,FULL,1780280970.3882132,1780280970.3884232,0.21004676818847656,decode,1,0,452712,0.0,0.0,0.0,0.0,0.0,0
forward_start,1780280970.394099,47,47,47,48,FULL,1780280970.394099,1780280970.3944886,0.3895759582519531,decode,0,0,452715,0.3895759582519531,1.0,0.3895759582519531,1.0,1.0,1
forward_start,1780280970.4002488,48,48,48,48,FULL,1780280970.4002488,1780280970.4004517,0.2028942108154297,decode,1,0,452712,0.2028942108154297,1.0,0.2028942108154297,1.0,1.0,1
forward_start,1780280970.4003024,47,47,47,48,FULL,1780280970.4003024,1780280970.4006536,0.35119056701660156,decode,0,0,452715,0.35119056701660156,1.0,0.35119056701660156,1.0,1.0,1
forward_start,1780280970.41219,48,48,48,48,FULL,1780280970.41219,1780280970.412391,0.2009868621826172,decode,1,0,452712,0.2009868621826172,1.0,0.2009868621826172,1.0,1.0,1
forward_start,1780280970.4122186,46,46,46,48,FULL,1780280970.4122186,1780280970.4125268,0.3082752227783203,decode,0,0,452715,0.3082752227783203,1.0,0.3082752227783203,1.0,1.0,1
forward_start,1780280970.4242043,48,48,48,48,FULL,1780280970.4242043,1780280970.424405,0.20074844360351562,decode,1,0,452712,0.0,0.0,0.0,0.0,0.0,0
forward_start,1780280970.4242687,46,46,46,48,FULL,1780280970.4242687,1780280970.4245875,0.31876564025878906,decode,0,0,452715,0.0,0.0,0.0,0.0,0.0,0
forward_start,1780280970.435938,48,48,48,48,FULL,1780280970.435938,1780280970.4361212,0.18334388732910156,decode,1,0,452712,0.0,0.0,0.0,0.0,0.0,0
forward_start,1780280970.435971,47,47,47,48,FULL,1780280970.435971,1780280970.4362688,0.29778480529785156,decode,0,0,452715,0.0,0.0,0.0,0.0,0.0,0
forward_start,1780280970.4478273,48,48,48,48,FULL,1780280970.4478273,1780280970.448013,0.1857280731201172,decode,1,0,452712,0.0,0.0,0.0,0.0,0.0,0
forward_start,1780280970.4478755,47,47,47,48,FULL,1780280970.4478755,1780280970.448165,0.2894401550292969,decode,0,0,452715,0.0,0.0,0.0,0.0,0.0,0
forward_start,1780280970.459688,48,48,48,48,FULL,1780280970.459688,1780280970.4598708,0.18286705017089844,decode,1,0,452712,0.0,0.0,0.0,0.0,0.0,0
forward_start,1780280970.4597402,47,47,47,48,FULL,1780280970.4597402,1780280970.4600503,0.3101825714111328,decode,0,0,452715,0.0,0.0,0.0,0.0,0.0,0
forward_start,1780280970.4719357,48,48,48,48,FULL,1780280970.4719357,1780280970.4721465,0.21076202392578125,decode,1,0,452712,0.0,0.0,0.0,0.0,0.0,0
forward_start,1780280970.4719827,47,47,47,48,FULL,1780280970.4719827,1780280970.47229,0.30732154846191406,decode,0,0,452715,0.0,0.0,0.0,0.0,0.0,0
forward_start,1780280970.4845176,47,47,47,48,FULL,1780280970.4845176,1780280970.4847064,0.1888275146484375,decode,1,0,452712,0.0,0.0,0.0,0.0,0.0,0
forward_start,1780280970.4845486,47,47,47,48,FULL,1780280970.4845486,1780280970.4848423,0.293731689453125,decode,0,0,452715,0.0,0.0,0.0,0.0,0.0,0
forward_start,1780280970.495774,47,47,47,48,FULL,1780280970.495774,1780280970.495957,0.18286705017089844,decode,1,0,452712,0.0,0.0,0.0,0.0,0.0,0
forward_start,1780280970.495809,47,47,47,48,FULL,1780280970.495809,1780280970.4961061,0.2970695495605469,decode,0,0,452715,0.0,0.0,0.0,0.0,0.0,0
forward_start,1780280970.5076692,47,47,47,48,FULL,1780280970.5076692,1780280970.507858,0.1888275146484375,decode,1,0,452712,0.0,0.0,0.0,0.0,0.0,0
forward_start,1780280970.5076783,47,47,47,48,FULL,1780280970.5076783,1780280970.507983,0.3046989440917969,decode,0,0,452715,0.0,0.0,0.0,0.0,0.0,0
forward_start,1780280970.5201254,46,46,46,48,FULL,1780280970.5201254,1780280970.5203137,0.18835067749023438,decode,1,0,452712,0.0,0.0,0.0,0.0,0.0,0
forward_start,1780280970.5201552,46,46,46,48,FULL,1780280970.5201552,1780280970.5204613,0.30612945556640625,decode,0,0,452715,0.0,0.0,0.0,0.0,0.0,0
forward_start,1780280970.5318615,46,46,46,48,FULL,1780280970.5318615,1780280970.5320475,0.18596649169921875,decode,1,0,452712,0.0,0.0,0.0,0.0,0.0,0
forward_start,1780280970.531895,46,46,46,48,FULL,1780280970.531895,1780280970.5321975,0.3025531768798828,decode,0,0,452715,0.0,0.0,0.0,0.0,0.0,0
forward_start,1780280970.5438263,46,46,46,48,FULL,1780280970.5438263,1780280970.5440187,0.19240379333496094,decode,1,0,452712,0.0,0.0,0.0,0.0,0.0,0
forward_start,1780280970.5438552,46,46,46,48,FULL,1780280970.5438552,1780280970.5441499,0.29468536376953125,decode,0,0,452715,0.0,0.0,0.0,0.0,0.0,0
forward_start,1780280970.5559077,46,46,46,48,FULL,1780280970.5559077,1780280970.5562081,0.30040740966796875,decode,0,0,452715,0.16546249389648438,0.5507936507936508,0.16546249389648438,0.5507936507936508,1.0,1
forward_start,1780280970.558192,46,46,46,48,FULL,1780280970.558192,1780280970.558397,0.20503997802734375,decode,1,0,452712,0.0,0.0,0.0,0.0,0.0,0
forward_start,1780280970.5682354,46,46,46,48,FULL,1780280970.5682354,1780280970.5684457,0.21028518676757812,decode,1,0,452712,0.0,0.0,0.0,0.0,0.0,0
forward_start,1780280970.5682611,46,46,46,48,FULL,1780280970.5682611,1780280970.568575,0.31375885009765625,decode,0,0,452715,0.0,0.0,0.0,0.0,0.0,0
forward_start,1780280970.5802124,47,47,47,48,FULL,1780280970.5802124,1780280970.580419,0.2067089080810547,decode,1,0,452712,0.0,0.0,0.0,0.0,0.0,0
forward_start,1780280970.5802355,46,46,46,48,FULL,1780280970.5802355,1780280970.5805426,0.3070831298828125,decode,0,0,452715,0.0,0.0,0.0,0.0,0.0,0
forward_start,1780280970.5927665,47,47,47,48,FULL,1780280970.5927665,1780280970.592963,0.1964569091796875,decode,1,0,452712,0.0,0.0,0.0,0.0,0.0,0
forward_start,1780280970.5979939,46,46,46,48,FULL,1780280970.5979939,1780280970.5983894,0.3955364227294922,decode,0,0,452715,0.3955364227294922,1.0,0.3955364227294922,1.0,1.0,1
forward_start,1780280970.606529,46,46,46,48,FULL,1780280970.606529,1780280970.6068459,0.31685829162597656,decode,0,0,452715,0.9505748748779297,3.0,0.31685829162597656,1.0,3.0,3
forward_start,1780280970.6081164,46,46,46,48,FULL,1780280970.6081164,1780280970.6083171,0.20074844360351562,decode,1,0,452712,0.6022453308105469,3.0,0.20074844360351562,1.0,3.0,3
forward_start,1780280970.6165676,46,46,46,48,FULL,1780280970.6165676,1780280970.616756,0.18835067749023438,decode,1,0,452712,0.5650520324707031,3.0,0.18835067749023438,1.0,3.0,3
forward_start,1780280970.6165862,46,46,46,48,FULL,1780280970.6165862,1780280970.6168747,0.2884864807128906,decode,0,0,452715,0.7925033569335938,2.747107438016529,0.2884864807128906,1.0,2.747107438016529,3
forward_start,1780280970.6285448,46,46,46,48,FULL,1780280970.6285448,1780280970.6287348,0.1900196075439453,decode,1,0,452712,0.0,0.0,0.0,0.0,0.0,0
forward_start,1780280970.628562,46,46,46,48,FULL,1780280970.628562,1780280970.628852,0.2899169921875,decode,0,0,452715,0.0,0.0,0.0,0.0,0.0,0
forward_start,1780280970.6408436,48,48,48,48,FULL,1780280970.6408436,1780280970.64115,0.3063678741455078,decode,0,0,452715,0.0,0.0,0.0,0.0,0.0,0
forward_start,1780280970.6408606,47,47,47,48,FULL,1780280970.6408606,1780280970.6410542,0.19359588623046875,decode,1,0,452712,0.0,0.0,0.0,0.0,0.0,0
forward_start,1780280970.6524959,48,48,48,48,FULL,1780280970.6524959,1780280970.6527922,0.2963542938232422,decode,0,0,452715,0.0,0.0,0.0,0.0,0.0,0
forward_start,1780280970.652516,47,47,47,48,FULL,1780280970.652516,1780280970.6526997,0.1838207244873047,decode,1,0,452712,0.0,0.0,0.0,0.0,0.0,0
forward_start,1780280970.6647122,48,48,48,48,FULL,1780280970.6647122,1780280970.6650054,0.2932548522949219,decode,0,0,452715,0.0,0.0,0.0,0.0,0.0,0
forward_start,1780280970.6647348,47,47,47,48,FULL,1780280970.6647348,1780280970.6649435,0.2086162567138672,decode,1,0,452712,0.0,0.0,0.0,0.0,0.0,0
forward_start,1780280970.6765292,48,48,48,48,FULL,1780280970.6765292,1780280970.6768312,0.3020763397216797,decode,0,0,452715,0.0,0.0,0.0,0.0,0.0,0
forward_start,1780280970.676558,47,47,47,48,FULL,1780280970.676558,1780280970.6767445,0.18644332885742188,decode,1,0,452712,0.0,0.0,0.0,0.0,0.0,0
forward_start,1780280970.688607,48,48,48,48,FULL,1780280970.688607,1780280970.6889062,0.29921531677246094,decode,0,0,452715,0.01049041748046875,0.0350597609561753,0.01049041748046875,0.0350597609561753,1.0,1
forward_start,1780280970.6987257,47,47,47,48,FULL,1780280970.6987257,1780280970.6989663,0.24056434631347656,decode,1,0,452712,0.24056434631347656,1.0,0.24056434631347656,1.0,1.0,1
forward_start,1780280970.702069,48,48,48,48,FULL,1780280970.702069,1780280970.7023935,0.32448768615722656,decode,0,0,452715,0.32448768615722656,1.0,0.32448768615722656,1.0,1.0,1
forward_start,1780280970.7020795,47,47,47,48,FULL,1780280970.7020795,1780280970.7023964,0.31685829162597656,decode,1,0,452712,0.31685829162597656,1.0,0.31685829162597656,1.0,1.0,1
forward_start,1780280970.7129562,48,48,48,48,FULL,1780280970.7129562,1780280970.7132566,0.30040740966796875,decode,0,0,452715,0.24962425231933594,0.830952380952381,0.24962425231933594,0.830952380952381,1.0,1
forward_start,1780280970.7129765,47,47,47,48,FULL,1780280970.7129765,1780280970.7131648,0.18835067749023438,decode,1,0,452712,0.18835067749023438,1.0,0.18835067749023438,1.0,1.0,1
forward_start,1780280970.7248235,48,48,48,48,FULL,1780280970.7248235,1780280970.7251232,0.29969215393066406,decode,0,0,452715,0.0,0.0,0.0,0.0,0.0,0
forward_start,1780280970.7248416,46,46,46,48,FULL,1780280970.7248416,1780280970.7250535,0.21195411682128906,decode,1,0,452712,0.0,0.0,0.0,0.0,0.0,0
forward_start,1780280970.7370236,48,48,48,48,FULL,1780280970.7370236,1780280970.7373486,0.3249645233154297,decode,0,0,452715,0.0,0.0,0.0,0.0,0.0,0
forward_start,1780280970.7370481,47,47,47,48,FULL,1780280970.7370481,1780280970.737232,0.1838207244873047,decode,1,0,452712,0.0,0.0,0.0,0.0,0.0,0
forward_start,1780280970.748868,48,48,48,48,FULL,1780280970.748868,1780280970.7491603,0.2923011779785156,decode,0,0,452715,0.0,0.0,0.0,0.0,0.0,0
forward_start,1780280970.7488952,47,47,47,48,FULL,1780280970.7488952,1780280970.7490814,0.1862049102783203,decode,1,0,452712,0.0,0.0,0.0,0.0,0.0,0
forward_start,1780280970.7612078,47,47,47,48,FULL,1780280970.7612078,1780280970.7614157,0.2079010009765625,decode,1,0,452712,0.0,0.0,0.0,0.0,0.0,0
forward_start,1780280970.766762,48,48,48,48,FULL,1780280970.766762,1780280970.7671623,0.40030479431152344,decode,0,0,452715,0.40030479431152344,1.0,0.40030479431152344,1.0,1.0,1
forward_start,1780280970.7731655,48,48,48,48,FULL,1780280970.7731655,1780280970.7735095,0.3440380096435547,decode,0,0,452715,0.3440380096435547,1.0,0.3440380096435547,1.0,1.0,1
forward_start,1780280970.7731748,47,47,47,48,FULL,1780280970.7731748,1780280970.773384,0.20933151245117188,decode,1,0,452712,0.20933151245117188,1.0,0.20933151245117188,1.0,1.0,1
forward_start,1780280970.7850888,48,48,48,48,FULL,1780280970.7850888,1780280970.785408,0.3192424774169922,decode,0,0,452715,0.44465065002441406,1.3928304705003733,0.3192424774169922,1.0,1.3928304705003733,2
forward_start,1780280970.7893748,47,47,47,48,FULL,1780280970.7893748,1780280970.7895873,0.2124309539794922,decode,1,0,452712,0.2124309539794922,1.0,0.2124309539794922,1.0,1.0,1
forward_start,1780280970.797032,48,48,48,48,FULL,1780280970.797032,1780280970.7973268,0.29468536376953125,decode,0,0,452715,0.2593994140625,0.8802588996763754,0.2593994140625,0.8802588996763754,1.0,1
forward_start,1780280970.7970667,47,47,47,48,FULL,1780280970.7970667,1780280970.7972517,0.1850128173828125,decode,1,0,452712,0.1850128173828125,1.0,0.1850128173828125,1.0,1.0,1
forward_start,1780280970.8097095,47,47,47,56,FULL,1780280970.8097095,1780280970.8099012,0.19168853759765625,decode,1,0,452712,0.0,0.0,0.0,0.0,0.0,0
forward_start,1780280970.8097165,49,49,49,56,FULL,1780280970.8097165,1780280970.8100307,0.3142356872558594,decode,0,0,452715,0.0,0.0,0.0,0.0,0.0,0
forward_start,1780280970.8214197,48,48,48,56,FULL,1780280970.8214197,1780280970.8216097,0.1900196075439453,decode,1,0,452712,0.0,0.0,0.0,0.0,0.0,0
forward_start,1780280970.8214536,49,49,49,56,FULL,1780280970.8214536,1780280970.8217573,0.3037452697753906,decode,0,0,452715,0.0,0.0,0.0,0.0,0.0,0
forward_start,1780280970.833652,48,48,48,56,FULL,1780280970.833652,1780280970.833838,0.18596649169921875,decode,1,0,452712,0.0,0.0,0.0,0.0,0.0,0
forward_start,1780280970.8336737,49,49,49,56,FULL,1780280970.8336737,1780280970.833979,0.30517578125,decode,0,0,452715,0.0,0.0,0.0,0.0,0.0,0
forward_start,1780280970.8457096,48,48,48,56,FULL,1780280970.8457096,1780280970.8458934,0.1838207244873047,decode,1,0,452712,0.0,0.0,0.0,0.0,0.0,0
forward_start,1780280970.845727,49,49,49,56,FULL,1780280970.845727,1780280970.8460255,0.29850006103515625,decode,0,0,452715,0.0,0.0,0.0,0.0,0.0,0
forward_start,1780280970.8580437,48,48,48,56,FULL,1780280970.8580437,1780280970.8582315,0.18787384033203125,decode,1,0,452712,0.0,0.0,0.0,0.0,0.0,0
forward_start,1780280970.8724952,49,49,49,56,FULL,1780280970.8724952,1780280970.872861,0.3657341003417969,decode,0,0,452715,0.3657341003417969,1.0,0.3657341003417969,1.0,1.0,1
forward_start,1780280970.875832,48,48,48,56,FULL,1780280970.875832,1780280970.8760257,0.19359588623046875,decode,1,0,452712,0.19359588623046875,1.0,0.19359588623046875,1.0,1.0,1
forward_start,1780280970.8758733,49,49,49,56,FULL,1780280970.8758733,1780280970.8762043,0.33092498779296875,decode,0,0,452715,0.33092498779296875,1.0,0.33092498779296875,1.0,1.0,1
forward_start,1780280970.8903835,48,48,48,56,FULL,1780280970.8903835,1780280970.8905787,0.1952648162841797,decode,1,0,452712,0.3905296325683594,2.0,0.1952648162841797,1.0,2.0,2
forward_start,1780280970.8907552,49,49,49,56,FULL,1780280970.8907552,1780280970.8910413,0.286102294921875,decode,0,0,452715,0.286102294921875,1.0,0.286102294921875,1.0,1.0,1
forward_start,1780280970.8991013,47,47,47,56,FULL,1780280970.8991013,1780280970.8992896,0.18835067749023438,decode,1,0,452712,0.0,0.0,0.0,0.0,0.0,0
forward_start,1780280970.8991182,49,49,49,56,FULL,1780280970.8991182,1780280970.8994184,0.3001689910888672,decode,0,0,452715,0.0,0.0,0.0,0.0,0.0,0
forward_start,1780280970.9120398,49,49,49,56,FULL,1780280970.9120398,1780280970.9122245,0.18477439880371094,decode,1,0,452712,0.0,0.0,0.0,0.0,0.0,0
forward_start,1780280970.9163215,50,50,50,56,FULL,1780280970.9163215,1780280970.916697,0.37550926208496094,decode,0,0,452715,0.37550926208496094,1.0,0.37550926208496094,1.0,1.0,1
forward_start,1780280970.923562,49,49,49,56,FULL,1780280970.923562,1780280970.9237618,0.19979476928710938,decode,1,0,452712,0.19979476928710938,1.0,0.19979476928710938,1.0,1.0,1
forward_start,1780280970.923579,50,50,50,56,FULL,1780280970.923579,1780280970.9238498,0.270843505859375,decode,0,0,452715,0.270843505859375,1.0,0.270843505859375,1.0,1.0,1
forward_start,1780280970.9357612,50,50,50,56,FULL,1780280970.9357612,1780280970.9360397,0.278472900390625,decode,0,0,452715,0.20003318786621094,0.7183219178082192,0.20003318786621094,0.7183219178082192,1.0,1
forward_start,1780280970.937331,49,49,49,56,FULL,1780280970.937331,1780280970.9375339,0.2028942108154297,decode,1,0,452712,0.0,0.0,0.0,0.0,0.0,0
forward_start,1780280970.9479318,49,49,49,56,FULL,1780280970.9479318,1780280970.948118,0.1862049102783203,decode,1,0,452712,0.0,0.0,0.0,0.0,0.0,0
forward_start,1780280970.947943,51,51,51,56,FULL,1780280970.947943,1780280970.9482172,0.2741813659667969,decode,0,0,452715,0.0,0.0,0.0,0.0,0.0,0
forward_start,1780280970.9600022,50,50,50,56,FULL,1780280970.9600022,1780280970.9601862,0.18405914306640625,decode,1,0,452712,0.0,0.0,0.0,0.0,0.0,0
forward_start,1780280970.96001,51,51,51,56,FULL,1780280970.96001,1780280970.9602983,0.28824806213378906,decode,0,0,452715,0.0,0.0,0.0,0.0,0.0,0
forward_start,1780280970.9719694,50,50,50,56,FULL,1780280970.9719694,1780280970.972153,0.18358230590820312,decode,1,0,452712,0.0,0.0,0.0,0.0,0.0,0
forward_start,1780280970.971986,51,51,51,56,FULL,1780280970.971986,1780280970.9722652,0.2791881561279297,decode,0,0,452715,0.0,0.0,0.0,0.0,0.0,0
forward_start,1780280970.9842706,50,50,50,56,FULL,1780280970.9842706,1780280970.9844785,0.2079010009765625,decode,1,0,452712,0.0,0.0,0.0,0.0,0.0,0
forward_start,1780280970.9842966,51,51,51,56,FULL,1780280970.9842966,1780280970.9845939,0.29730796813964844,decode,0,0,452715,0.0,0.0,0.0,0.0,0.0,0
forward_start,1780280970.9962564,51,51,51,56,FULL,1780280970.9962564,1780280970.9965653,0.308990478515625,decode,0,0,452715,0.0,0.0,0.0,0.0,0.0,0
forward_start,1780280970.9962587,50,50,50,56,FULL,1780280970.9962587,1780280970.9964583,0.1995563507080078,decode,1,0,452712,0.0,0.0,0.0,0.0,0.0,0
forward_start,1780280971.008558,50,50,50,56,FULL,1780280971.008558,1780280971.0087442,0.1862049102783203,decode,1,0,452712,0.0,0.0,0.0,0.0,0.0,0
forward_start,1780280971.0085607,51,51,51,56,FULL,1780280971.0085607,1780280971.0088398,0.2791881561279297,decode,0,0,452715,0.0,0.0,0.0,0.0,0.0,0
forward_start,1780280971.0203798,51,51,51,56,FULL,1780280971.0203798,1780280971.0206552,0.2753734588623047,decode,0,0,452715,0.0,0.0,0.0,0.0,0.0,0
forward_start,1780280971.020385,50,50,50,56,FULL,1780280971.020385,1780280971.020573,0.18787384033203125,decode,1,0,452712,0.0,0.0,0.0,0.0,0.0,0
forward_start,1780280971.0327442,50,50,50,56,FULL,1780280971.0327442,1780280971.03293,0.1857280731201172,decode,1,0,452712,0.0,0.0,0.0,0.0,0.0,0
forward_start,1780280971.049079,51,51,51,56,FULL,1780280971.049079,1780280971.0494187,0.33974647521972656,decode,0,0,452715,0.33974647521972656,1.0,0.33974647521972656,1.0,1.0,1
forward_start,1780280971.0524652,51,51,51,56,FULL,1780280971.0524652,1780280971.052779,0.31375885009765625,decode,0,0,452715,0.514984130859375,1.641337386018237,0.31375885009765625,1.0,1.641337386018237,2
forward_start,1780280971.0540237,50,50,50,56,FULL,1780280971.0540237,1780280971.0542183,0.194549560546875,decode,1,0,452712,0.194549560546875,1.0,0.194549560546875,1.0,1.0,1
forward_start,1780280971.064942,50,50,50,56,FULL,1780280971.064942,1780280971.0651312,0.18930435180664062,decode,1,0,452712,0.37860870361328125,2.0,0.18930435180664062,1.0,2.0,2
forward_start,1780280971.0671797,51,51,51,56,FULL,1780280971.0671797,1780280971.0675492,0.3695487976074219,decode,0,0,452715,0.7390975952148438,2.0,0.3695487976074219,1.0,2.0,2
forward_start,1780280971.075667,51,51,51,56,FULL,1780280971.075667,1780280971.0758529,0.18596649169921875,decode,1,0,452712,0.18596649169921875,1.0,0.18596649169921875,1.0,1.0,1
forward_start,1780280971.0756743,51,51,51,56,FULL,1780280971.0756743,1780280971.0759706,0.2963542938232422,decode,0,0,452715,0.2963542938232422,1.0,0.2963542938232422,1.0,1.0,1
forward_start,1780280971.0879815,52,52,52,56,FULL,1780280971.0879815,1780280971.0881622,0.18072128295898438,decode,1,0,452712,0.0,0.0,0.0,0.0,0.0,0
forward_start,1780280971.0880048,52,52,52,56,FULL,1780280971.0880048,1780280971.0883,0.2951622009277344,decode,0,0,452715,0.0,0.0,0.0,0.0,0.0,0
forward_start,1780280971.0999384,52,52,52,56,FULL,1780280971.0999384,1780280971.1001217,0.18334388732910156,decode,1,0,452712,0.0,0.0,0.0,0.0,0.0,0
forward_start,1780280971.099962,53,53,53,56,FULL,1780280971.099962,1780280971.1002543,0.2923011779785156,decode,0,0,452715,0.0,0.0,0.0,0.0,0.0,0
forward_start,1780280971.111961,52,52,52,56,FULL,1780280971.111961,1780280971.1121478,0.186920166015625,decode,1,0,452712,0.0,0.0,0.0,0.0,0.0,0
forward_start,1780280971.1119814,53,53,53,56,FULL,1780280971.1119814,1780280971.1122801,0.2987384796142578,decode,0,0,452715,0.0,0.0,0.0,0.0,0.0,0
forward_start,1780280971.1238844,52,52,52,56,FULL,1780280971.1238844,1780280971.1240647,0.18024444580078125,decode,1,0,452712,0.0,0.0,0.0,0.0,0.0,0
forward_start,1780280971.123904,53,53,53,56,FULL,1780280971.123904,1780280971.1241987,0.29468536376953125,decode,0,0,452715,0.0,0.0,0.0,0.0,0.0,0
forward_start,1780280971.1360855,52,52,52,56,FULL,1780280971.1360855,1780280971.1362987,0.21314620971679688,decode,1,0,452712,0.0,0.0,0.0,0.0,0.0,0
forward_start,1780280971.1361082,53,53,53,56,FULL,1780280971.1361082,1780280971.136424,0.3159046173095703,decode,0,0,452715,0.0,0.0,0.0,0.0,0.0,0
forward_start,1780280971.1480422,52,52,52,56,FULL,1780280971.1480422,1780280971.1482277,0.18548965454101562,decode,1,0,452712,0.0,0.0,0.0,0.0,0.0,0
forward_start,1780280971.1480637,53,53,53,56,FULL,1780280971.1480637,1780280971.1483564,0.29277801513671875,decode,0,0,452715,0.0,0.0,0.0,0.0,0.0,0
forward_start,1780280971.1602552,52,52,52,56,FULL,1780280971.1602552,1780280971.1604662,0.2110004425048828,decode,1,0,452712,0.0,0.0,0.0,0.0,0.0,0
forward_start,1780280971.1602645,52,52,52,56,FULL,1780280971.1602645,1780280971.1605628,0.2982616424560547,decode,0,0,452715,0.0,0.0,0.0,0.0,0.0,0
forward_start,1780280971.1721797,52,52,52,56,FULL,1780280971.1721797,1780280971.1724086,0.2288818359375,decode,1,0,452712,0.0,0.0,0.0,0.0,0.0,0
forward_start,1780280971.1721876,52,52,52,56,FULL,1780280971.1721876,1780280971.1724944,0.30684471130371094,decode,0,0,452715,0.0,0.0,0.0,0.0,0.0,0
forward_start,1780280971.1843905,52,52,52,56,FULL,1780280971.1843905,1780280971.1845744,0.1838207244873047,decode,1,0,452712,0.0,0.0,0.0,0.0,0.0,0
forward_start,1780280971.184407,52,52,52,56,FULL,1780280971.184407,1780280971.18468,0.27298927307128906,decode,0,0,452715,0.0,0.0,0.0,0.0,0.0,0
forward_start,1780280971.196642,52,52,52,56,FULL,1780280971.196642,1780280971.196918,0.2760887145996094,decode,0,0,452715,0.0,0.0,0.0,0.0,0.0,0
forward_start,1780280971.1966782,51,51,51,56,FULL,1780280971.1966782,1780280971.196867,0.1888275146484375,decode,1,0,452712,0.0,0.0,0.0,0.0,0.0,0
forward_start,1780280971.2086644,51,51,51,56,FULL,1780280971.2086644,1780280971.208845,0.1804828643798828,decode,1,0,452712,0.0,0.0,0.0,0.0,0.0,0
forward_start,1780280971.2086792,51,51,51,56,FULL,1780280971.2086792,1780280971.2089674,0.28824806213378906,decode,0,0,452715,0.0,0.0,0.0,0.0,0.0,0
forward_start,1780280971.2205286,51,51,51,56,FULL,1780280971.2205286,1780280971.2207127,0.18405914306640625,decode,1,0,452712,0.0,0.0,0.0,0.0,0.0,0
forward_start,1780280971.2205503,51,51,51,56,FULL,1780280971.2205503,1780280971.2208176,0.26726722717285156,decode,0,0,452715,0.0,0.0,0.0,0.0,0.0,0
forward_start,1780280971.2327201,51,51,51,56,FULL,1780280971.2327201,1780280971.2329035,0.18334388732910156,decode,1,0,452712,0.0,0.0,0.0,0.0,0.0,0
forward_start,1780280971.2327406,51,51,51,56,FULL,1780280971.2327406,1780280971.2330077,0.26702880859375,decode,0,0,452715,0.0,0.0,0.0,0.0,0.0,0
forward_start,1780280971.2447257,51,51,51,56,FULL,1780280971.2447257,1780280971.2450066,0.2808570861816406,decode,0,0,452715,0.0,0.0,0.0,0.0,0.0,0
forward_start,1780280971.2447317,51,51,51,56,FULL,1780280971.2447317,1780280971.2449193,0.1876354217529297,decode,1,0,452712,0.0,0.0,0.0,0.0,0.0,0
forward_start,1780280971.2568107,51,51,51,56,FULL,1780280971.2568107,1780280971.257,0.18930435180664062,decode,1,0,452712,0.0,0.0,0.0,0.0,0.0,0
forward_start,1780280971.2568312,51,51,51,56,FULL,1780280971.2568312,1780280971.2571158,0.2846717834472656,decode,0,0,452715,0.0,0.0,0.0,0.0,0.0,0
forward_start,1780280971.269494,51,51,51,56,FULL,1780280971.269494,1780280971.2697687,0.274658203125,decode,0,0,452715,0.15211105346679688,0.5538194444444444,0.15211105346679688,0.5538194444444444,1.0,1
forward_start,1780280971.2710893,51,51,51,56,FULL,1780280971.2710893,1780280971.2712848,0.19550323486328125,decode,1,0,452712,0.0,0.0,0.0,0.0,0.0,0
forward_start,1780280971.2809932,51,51,51,56,FULL,1780280971.2809932,1780280971.2811806,0.18739700317382812,decode,1,0,452712,0.0,0.0,0.0,0.0,0.0,0
forward_start,1780280971.2809973,51,51,51,56,FULL,1780280971.2809973,1780280971.2812731,0.2758502960205078,decode,0,0,452715,0.0,0.0,0.0,0.0,0.0,0
forward_start,1780280971.2933095,51,51,51,56,FULL,1780280971.2933095,1780280971.2936172,0.3077983856201172,decode,0,0,452715,0.2067089080810547,0.6715724244771495,0.2067089080810547,0.6715724244771495,1.0,1
forward_start,1780280971.2956033,52,52,52,56,FULL,1780280971.2956033,1780280971.2958007,0.19741058349609375,decode,1,0,452712,0.0,0.0,0.0,0.0,0.0,0
forward_start,1780280971.305216,52,52,52,56,FULL,1780280971.305216,1780280971.3054178,0.20170211791992188,decode,1,0,452712,0.0,0.0,0.0,0.0,0.0,0
forward_start,1780280971.3052258,51,51,51,56,FULL,1780280971.3052258,1780280971.3055182,0.2923011779785156,decode,0,0,452715,0.0,0.0,0.0,0.0,0.0,0
forward_start,1780280971.3175344,53,53,53,56,FULL,1780280971.3175344,1780280971.3177216,0.18715858459472656,decode,1,0,452712,0.0,0.0,0.0,0.0,0.0,0
forward_start,1780280971.3175704,51,51,51,56,FULL,1780280971.3175704,1780280971.3178465,0.2760887145996094,decode,0,0,452715,0.0,0.0,0.0,0.0,0.0,0
forward_start,1780280971.3293989,53,53,53,56,FULL,1780280971.3293989,1780280971.3295867,0.18787384033203125,decode,1,0,452712,0.0,0.0,0.0,0.0,0.0,0
forward_start,1780280971.3294184,51,51,51,56,FULL,1780280971.3294184,1780280971.3296962,0.2777576446533203,decode,0,0,452715,0.0,0.0,0.0,0.0,0.0,0
forward_start,1780280971.3414457,53,53,53,56,FULL,1780280971.3414457,1780280971.3416295,0.1838207244873047,decode,1,0,452712,0.0,0.0,0.0,0.0,0.0,0
forward_start,1780280971.3414476,51,51,51,56,FULL,1780280971.3414476,1780280971.3417263,0.27871131896972656,decode,0,0,452715,0.0,0.0,0.0,0.0,0.0,0
forward_start,1780280971.3538187,53,53,53,56,FULL,1780280971.3538187,1780280971.3540049,0.1862049102783203,decode,1,0,452712,0.0,0.0,0.0,0.0,0.0,0
forward_start,1780280971.3538303,51,51,51,56,FULL,1780280971.3538303,1780280971.3541048,0.27441978454589844,decode,0,0,452715,0.0,0.0,0.0,0.0,0.0,0
forward_start,1780280971.3660316,53,53,53,56,FULL,1780280971.3660316,1780280971.3662164,0.18477439880371094,decode,1,0,452712,0.0,0.0,0.0,0.0,0.0,0
forward_start,1780280971.3660338,50,50,50,56,FULL,1780280971.3660338,1780280971.366314,0.28014183044433594,decode,0,0,452715,0.0,0.0,0.0,0.0,0.0,0
forward_start,1780280971.378118,53,53,53,56,FULL,1780280971.378118,1780280971.3783045,0.18644332885742188,decode,1,0,452712,0.0,0.0,0.0,0.0,0.0,0
forward_start,1780280971.3781426,50,50,50,56,FULL,1780280971.3781426,1780280971.3784404,0.29778480529785156,decode,0,0,452715,0.0,0.0,0.0,0.0,0.0,0
forward_start,1780280971.389988,53,53,53,56,FULL,1780280971.389988,1780280971.3901696,0.18167495727539062,decode,1,0,452712,0.0,0.0,0.0,0.0,0.0,0
forward_start,1780280971.3899977,50,50,50,56,FULL,1780280971.3899977,1780280971.3902757,0.2779960632324219,decode,0,0,452715,0.0,0.0,0.0,0.0,0.0,0
forward_start,1780280971.4024148,53,53,53,56,FULL,1780280971.4024148,1780280971.402604,0.18930435180664062,decode,1,0,452712,0.0,0.0,0.0,0.0,0.0,0
forward_start,1780280971.4024403,50,50,50,56,FULL,1780280971.4024403,1780280971.4027188,0.278472900390625,decode,0,0,452715,0.0,0.0,0.0,0.0,0.0,0
forward_start,1780280971.4142413,53,53,53,56,FULL,1780280971.4142413,1780280971.4144483,0.20694732666015625,decode,1,0,452712,0.0,0.0,0.0,0.0,0.0,0
forward_start,1780280971.4142585,50,50,50,56,FULL,1780280971.4142585,1780280971.4145606,0.3020763397216797,decode,0,0,452715,0.0,0.0,0.0,0.0,0.0,0
forward_start,1780280971.4265785,53,53,53,56,FULL,1780280971.4265785,1780280971.426772,0.19359588623046875,decode,1,0,452712,0.0,0.0,0.0,0.0,0.0,0
forward_start,1780280971.4265895,50,50,50,56,FULL,1780280971.4265895,1780280971.4268658,0.27632713317871094,decode,0,0,452715,0.0,0.0,0.0,0.0,0.0,0
forward_start,1780280971.4385157,53,53,53,56,FULL,1780280971.4385157,1780280971.4386983,0.18262863159179688,decode,1,0,452712,0.0,0.0,0.0,0.0,0.0,0
forward_start,1780280971.4385333,50,50,50,56,FULL,1780280971.4385333,1780280971.4388206,0.2872943878173828,decode,0,0,452715,0.0,0.0,0.0,0.0,0.0,0
forward_start,1780280971.4508522,53,53,53,56,FULL,1780280971.4508522,1780280971.4510384,0.1862049102783203,decode,1,0,452712,0.0,0.0,0.0,0.0,0.0,0
forward_start,1780280971.4508698,50,50,50,56,FULL,1780280971.4508698,1780280971.4511464,0.2765655517578125,decode,0,0,452715,0.0,0.0,0.0,0.0,0.0,0
forward_start,1780280971.4628067,53,53,53,56,FULL,1780280971.4628067,1780280971.4629939,0.18715858459472656,decode,1,0,452712,0.0,0.0,0.0,0.0,0.0,0
forward_start,1780280971.462813,50,50,50,56,FULL,1780280971.462813,1780280971.4630911,0.27823448181152344,decode,0,0,452715,0.0,0.0,0.0,0.0,0.0,0
forward_start,1780280971.4751437,53,53,53,56,FULL,1780280971.4751437,1780280971.4753306,0.186920166015625,decode,1,0,452712,0.0,0.0,0.0,0.0,0.0,0
forward_start,1780280971.47516,50,50,50,56,FULL,1780280971.47516,1780280971.4754663,0.3063678741455078,decode,0,0,452715,0.0,0.0,0.0,0.0,0.0,0
forward_start,1780280971.4872403,53,53,53,56,FULL,1780280971.4872403,1780280971.487442,0.20170211791992188,decode,1,0,452712,0.0,0.0,0.0,0.0,0.0,0
forward_start,1780280971.4872434,50,50,50,56,FULL,1780280971.4872434,1780280971.4875615,0.3180503845214844,decode,0,0,452715,0.0,0.0,0.0,0.0,0.0,0
forward_start,1780280971.4994285,53,53,53,56,FULL,1780280971.4994285,1780280971.4996166,0.1881122589111328,decode,1,0,452712,0.0,0.0,0.0,0.0,0.0,0
forward_start,1780280971.4994495,50,50,50,56,FULL,1780280971.4994495,1780280971.499727,0.27751922607421875,decode,0,0,452715,0.0,0.0,0.0,0.0,0.0,0
forward_start,1780280971.511503,53,53,53,56,FULL,1780280971.511503,1780280971.5116913,0.18835067749023438,decode,1,0,452712,0.0,0.0,0.0,0.0,0.0,0
forward_start,1780280971.5337439,50,50,50,56,FULL,1780280971.5337439,1780280971.5340455,0.30159950256347656,decode,0,0,452715,0.30159950256347656,1.0,0.30159950256347656,1.0,1.0,1
forward_start,1780280971.5372014,50,50,50,56,FULL,1780280971.5372014,1780280971.5375376,0.3361701965332031,decode,0,0,452715,0.5671977996826172,1.6872340425531915,0.3361701965332031,1.0,1.6872340425531915,2
forward_start,1780280971.5388145,53,53,53,56,FULL,1780280971.5388145,1780280971.5390012,0.18668174743652344,decode,1,0,452712,0.18668174743652344,1.0,0.18668174743652344,1.0,1.0,1
forward_start,1780280971.5478609,53,53,53,56,FULL,1780280971.5478609,1780280971.548033,0.17213821411132812,decode,1,0,452712,0.2014636993408203,1.1703601108033241,0.17213821411132812,1.0,1.1703601108033241,2
forward_start,1780280971.5551772,50,50,50,56,FULL,1780280971.5551772,1780280971.555508,0.3306865692138672,decode,0,0,452715,0.3306865692138672,1.0,0.3306865692138672,1.0,1.0,1
forward_start,1780280971.560288,54,54,54,56,FULL,1780280971.560288,1780280971.560495,0.20694732666015625,decode,1,0,452712,0.0,0.0,0.0,0.0,0.0,0
forward_start,1780280971.5603611,50,50,50,56,FULL,1780280971.5603611,1780280971.5606558,0.29468536376953125,decode,0,0,452715,0.0,0.0,0.0,0.0,0.0,0
forward_start,1780280971.572631,52,52,52,56,FULL,1780280971.572631,1780280971.572917,0.286102294921875,decode,0,0,452715,0.0,0.0,0.0,0.0,0.0,0
forward_start,1780280971.5726314,54,54,54,56,FULL,1780280971.5726314,1780280971.572817,0.1857280731201172,decode,1,0,452712,0.0,0.0,0.0,0.0,0.0,0
forward_start,1780280971.584188,54,54,54,56,FULL,1780280971.584188,1780280971.5843909,0.2028942108154297,decode,1,0,452712,0.0,0.0,0.0,0.0,0.0,0
forward_start,1780280971.5842044,52,52,52,56,FULL,1780280971.5842044,1780280971.5845072,0.3027915954589844,decode,0,0,452715,0.0,0.0,0.0,0.0,0.0,0
forward_start,1780280971.5961945,54,54,54,56,FULL,1780280971.5961945,1780280971.5963974,0.2028942108154297,decode,1,0,452712,0.0,0.0,0.0,0.0,0.0,0
forward_start,1780280971.5961976,52,52,52,56,FULL,1780280971.5961976,1780280971.5965137,0.3161430358886719,decode,0,0,452715,0.0,0.0,0.0,0.0,0.0,0
forward_start,1780280971.608326,54,54,54,56,FULL,1780280971.608326,1780280971.6085296,0.20360946655273438,decode,1,0,452712,0.0,0.0,0.0,0.0,0.0,0
forward_start,1780280971.6083598,52,52,52,56,FULL,1780280971.6083598,1780280971.6086369,0.2770423889160156,decode,0,0,452715,0.0,0.0,0.0,0.0,0.0,0
forward_start,1780280971.620445,52,52,52,56,FULL,1780280971.620445,1780280971.6207173,0.2722740173339844,decode,0,0,452715,0.06461143493652344,0.2373029772329247,0.06461143493652344,0.2373029772329247,1.0,1
forward_start,1780280971.6297426,54,54,54,56,FULL,1780280971.6297426,1780280971.6300504,0.3077983856201172,decode,1,0,452712,0.3077983856201172,1.0,0.3077983856201172,1.0,1.0,1
forward_start,1780280971.6329713,54,54,54,56,FULL,1780280971.6329713,1780280971.6331592,0.18787384033203125,decode,1,0,452712,0.18787384033203125,1.0,0.18787384033203125,1.0,1.0,1
forward_start,1780280971.632994,52,52,52,56,FULL,1780280971.632994,1780280971.6332815,0.2875328063964844,decode,0,0,452715,0.2117156982421875,0.736318407960199,0.2117156982421875,0.736318407960199,1.0,1
forward_start,1780280971.644638,54,54,54,56,FULL,1780280971.644638,1780280971.6448252,0.18715858459472656,decode,1,0,452712,0.0,0.0,0.0,0.0,0.0,0
forward_start,1780280971.6446555,51,51,51,56,FULL,1780280971.6446555,1780280971.6449335,0.2779960632324219,decode,0,0,452715,0.0,0.0,0.0,0.0,0.0,0
forward_start,1780280971.6569223,55,55,55,56,FULL,1780280971.6569223,1780280971.6571083,0.18596649169921875,decode,1,0,452712,0.06556510925292969,0.3525641025641026,0.06556510925292969,0.3525641025641026,1.0,1
forward_start,1780280971.6576965,51,51,51,56,FULL,1780280971.6576965,1780280971.65798,0.2834796905517578,decode,0,0,452715,0.0,0.0,0.0,0.0,0.0,0
forward_start,1780280971.6693816,55,55,55,56,FULL,1780280971.6693816,1780280971.66957,0.18835067749023438,decode,1,0,452712,0.0,0.0,0.0,0.0,0.0,0
forward_start,1780280971.669402,51,51,51,56,FULL,1780280971.669402,1780280971.6696818,0.2799034118652344,decode,0,0,452715,0.0,0.0,0.0,0.0,0.0,0
forward_start,1780280971.6811204,55,55,55,56,FULL,1780280971.6811204,1780280971.681305,0.18453598022460938,decode,1,0,452712,0.0,0.0,0.0,0.0,0.0,0
forward_start,1780280971.6811411,52,52,52,56,FULL,1780280971.6811411,1780280971.6814508,0.3097057342529297,decode,0,0,452715,0.0,0.0,0.0,0.0,0.0,0
forward_start,1780280971.692879,55,55,55,56,FULL,1780280971.692879,1780280971.6930656,0.18668174743652344,decode,1,0,452712,0.0,0.0,0.0,0.0,0.0,0
forward_start,1780280971.6928926,52,52,52,56,FULL,1780280971.6928926,1780280971.6931772,0.2846717834472656,decode,0,0,452715,0.0,0.0,0.0,0.0,0.0,0
forward_start,1780280971.7050176,55,55,55,56,FULL,1780280971.7050176,1780280971.7052066,0.18906593322753906,decode,1,0,452712,0.0,0.0,0.0,0.0,0.0,0
forward_start,1780280971.7050524,52,52,52,56,FULL,1780280971.7050524,1780280971.7053282,0.2758502960205078,decode,0,0,452715,0.0,0.0,0.0,0.0,0.0,0
forward_start,1780280971.7167594,55,55,55,56,FULL,1780280971.7167594,1780280971.7169447,0.18525123596191406,decode,1,0,452712,0.0,0.0,0.0,0.0,0.0,0
forward_start,1780280971.7167664,52,52,52,56,FULL,1780280971.7167664,1780280971.717053,0.2865791320800781,decode,0,0,452715,0.0,0.0,0.0,0.0,0.0,0
forward_start,1780280971.7291157,54,54,54,56,FULL,1780280971.7291157,1780280971.729301,0.18525123596191406,decode,1,0,452712,0.0,0.0,0.0,0.0,0.0,0
forward_start,1780280971.729129,52,52,52,56,FULL,1780280971.729129,1780280971.7294295,0.30040740966796875,decode,0,0,452715,0.0,0.0,0.0,0.0,0.0,0
forward_start,1780280971.7410753,53,53,53,56,FULL,1780280971.7410753,1780280971.7412634,0.1881122589111328,decode,1,0,452712,0.028848648071289062,0.15335868187579213,0.028848648071289062,0.15335868187579213,1.0,1
forward_start,1780280971.7517407,52,52,52,56,FULL,1780280971.7517407,1780280971.7520719,0.3311634063720703,decode,0,0,452715,0.6623268127441406,2.0,0.3311634063720703,1.0,2.0,2
forward_start,1780280971.7554061,53,53,53,56,FULL,1780280971.7554061,1780280971.7555945,0.18835067749023438,decode,1,0,452712,0.18835067749023438,1.0,0.18835067749023438,1.0,1.0,1
forward_start,1780280971.7554352,51,51,51,56,FULL,1780280971.7554352,1780280971.755741,0.3056526184082031,decode,0,0,452715,0.3056526184082031,1.0,0.3056526184082031,1.0,1.0,1
forward_start,1780280971.766907,53,53,53,56,FULL,1780280971.766907,1780280971.7670884,0.18143653869628906,decode,1,0,452712,0.18143653869628906,1.0,0.18143653869628906,1.0,1.0,1
forward_start,1780280971.766928,50,50,50,56,FULL,1780280971.766928,1780280971.7672017,0.27370452880859375,decode,0,0,452715,0.27370452880859375,1.0,0.27370452880859375,1.0,1.0,1
forward_start,1780280971.7788367,50,50,50,56,FULL,1780280971.7788367,1780280971.779115,0.27823448181152344,decode,0,0,452715,0.1633167266845703,0.586975149957155,0.1633167266845703,0.586975149957155,1.0,1
forward_start,1780280971.7824652,53,53,53,56,FULL,1780280971.7824652,1780280971.7826643,0.1990795135498047,decode,1,0,452712,0.0,0.0,0.0,0.0,0.0,0
forward_start,1780280971.7907345,51,51,51,56,FULL,1780280971.7907345,1780280971.7910135,0.2789497375488281,decode,0,0,452715,0.18072128295898438,0.6478632478632479,0.18072128295898438,0.6478632478632479,1.0,1
forward_start,1780280971.7923307,53,53,53,56,FULL,1780280971.7923307,1780280971.7925317,0.2009868621826172,decode,1,0,452712,0.0,0.0,0.0,0.0,0.0,0
forward_start,1780280971.8027582,54,54,54,56,FULL,1780280971.8027582,1780280971.802943,0.18477439880371094,decode,1,0,452712,0.0,0.0,0.0,0.0,0.0,0
forward_start,1780280971.8027608,51,51,51,56,FULL,1780280971.8027608,1780280971.803036,0.2751350402832031,decode,0,0,452715,0.0,0.0,0.0,0.0,0.0,0
forward_start,1780280971.8149033,51,51,51,56,FULL,1780280971.8149033,1780280971.8151717,0.2684593200683594,decode,0,0,452715,0.07295608520507812,0.27175843694493784,0.07295608520507812,0.27175843694493784,1.0,1
forward_start,1780280971.8217733,55,55,55,56,FULL,1780280971.8217733,1780280971.8220706,0.29730796813964844,decode,1,0,452712,0.29730796813964844,1.0,0.29730796813964844,1.0,1.0,1
forward_start,1780280971.8270478,55,55,55,56,FULL,1780280971.8270478,1780280971.8273335,0.2856254577636719,decode,1,0,452712,0.45037269592285156,1.5767946577629381,0.2856254577636719,1.0,1.5767946577629381,2
forward_start,1780280971.8294916,51,51,51,56,FULL,1780280971.8294916,1780280971.8297863,0.29468536376953125,decode,0,0,452715,0.5893707275390625,2.0,0.29468536376953125,1.0,2.0,2
forward_start,1780280971.8391278,51,51,51,56,FULL,1780280971.8391278,1780280971.839432,0.30422210693359375,decode,0,0,452715,0.24700164794921875,0.8119122257053292,0.24700164794921875,0.8119122257053292,1.0,1
forward_start,1780280971.8391278,55,55,55,56,FULL,1780280971.8391278,1780280971.839313,0.18525123596191406,decode,1,0,452712,0.18525123596191406,1.0,0.18525123596191406,1.0,1.0,1
forward_start,1780280971.851507,52,52,52,56,FULL,1780280971.851507,1780280971.8517883,0.28133392333984375,decode,0,0,452715,0.18167495727539062,0.6457627118644068,0.18167495727539062,0.6457627118644068,1.0,1
forward_start,1780280971.8531108,55,55,55,56,FULL,1780280971.8531108,1780280971.853304,0.19311904907226562,decode,1,0,452712,0.0,0.0,0.0,0.0,0.0,0
forward_start,1780280971.8636758,55,55,55,56,FULL,1780280971.8636758,1780280971.863861,0.18525123596191406,decode,1,0,452712,0.06341934204101562,0.34234234234234234,0.06341934204101562,0.34234234234234234,1.0,1
forward_start,1780280971.8693106,52,52,52,56,FULL,1780280971.8693106,1780280971.869611,0.30040740966796875,decode,0,0,452715,0.30040740966796875,1.0,0.30040740966796875,1.0,1.0,1
forward_start,1780280971.8755906,52,52,52,56,FULL,1780280971.8755906,1780280971.8758857,0.2951622009277344,decode,0,0,452715,0.5452632904052734,1.8473344103392568,0.2951622009277344,1.0,1.8473344103392568,2
forward_start,1780280971.8760922,56,56,56,56,FULL,1780280971.8760922,1780280971.8762848,0.1926422119140625,decode,1,0,452712,0.0,0.0,0.0,0.0,0.0,0
forward_start,1780280971.8872344,56,56,56,56,FULL,1780280971.8872344,1780280971.887441,0.20647048950195312,decode,1,0,452712,0.0,0.0,0.0,0.0,0.0,0
forward_start,1780280971.8872507,52,52,52,56,FULL,1780280971.8872507,1780280971.8875425,0.2918243408203125,decode,0,0,452715,0.0,0.0,0.0,0.0,0.0,0
forward_start,1780280971.8996217,57,57,57,64,FULL,1780280971.8996217,1780280971.8999171,0.29540061950683594,decode,1,0,452712,0.0,0.0,0.0,0.0,0.0,0
forward_start,1780280971.8996496,53,53,53,64,FULL,1780280971.8996496,1780280971.899995,0.34546852111816406,decode,0,0,452715,0.0,0.0,0.0,0.0,0.0,0
forward_start,1780280971.9115274,57,57,57,64,FULL,1780280971.9115274,1780280971.9117842,0.2567768096923828,decode,1,0,452712,0.0,0.0,0.0,0.0,0.0,0
forward_start,1780280971.9115326,53,53,53,64,FULL,1780280971.9115326,1780280971.911854,0.32138824462890625,decode,0,0,452715,0.0,0.0,0.0,0.0,0.0,0
forward_start,1780280971.9238358,57,57,57,64,FULL,1780280971.9238358,1780280971.9240336,0.19788742065429688,decode,1,0,452712,0.0,0.0,0.0,0.0,0.0,0
forward_start,1780280971.9238455,53,53,53,64,FULL,1780280971.9238455,1780280971.9241393,0.293731689453125,decode,0,0,452715,0.0,0.0,0.0,0.0,0.0,0
forward_start,1780280971.9358506,56,56,56,56,FULL,1780280971.9358506,1780280971.9360404,0.18978118896484375,decode,1,0,452712,0.0,0.0,0.0,0.0,0.0,0
forward_start,1780280971.9358823,53,53,53,56,FULL,1780280971.9358823,1780280971.9361625,0.28014183044433594,decode,0,0,452715,0.0,0.0,0.0,0.0,0.0,0
forward_start,1780280971.9480274,56,56,56,56,FULL,1780280971.9480274,1780280971.9482093,0.1819133758544922,decode,1,0,452712,0.0,0.0,0.0,0.0,0.0,0
forward_start,1780280971.9480717,53,53,53,56,FULL,1780280971.9480717,1780280971.9483345,0.2627372741699219,decode,0,0,452715,0.0,0.0,0.0,0.0,0.0,0
forward_start,1780280971.9599419,56,56,56,56,FULL,1780280971.9599419,1780280971.9601262,0.1842975616455078,decode,1,0,452712,0.0,0.0,0.0,0.0,0.0,0
forward_start,1780280971.9599724,53,53,53,56,FULL,1780280971.9599724,1780280971.960245,0.27251243591308594,decode,0,0,452715,0.0,0.0,0.0,0.0,0.0,0
forward_start,1780280971.9721894,55,55,55,56,FULL,1780280971.9721894,1780280971.9723885,0.1990795135498047,decode,1,0,452712,0.0,0.0,0.0,0.0,0.0,0
forward_start,1780280971.9725099,52,52,52,56,FULL,1780280971.9725099,1780280971.9728007,0.29087066650390625,decode,0,0,452715,0.0,0.0,0.0,0.0,0.0,0
forward_start,1780280971.984112,52,52,52,56,FULL,1780280971.984112,1780280971.9844198,0.3077983856201172,decode,0,0,452715,0.0,0.0,0.0,0.0,0.0,0
forward_start,1780280971.984122,54,54,54,56,FULL,1780280971.984122,1780280971.9843051,0.18310546875,decode,1,0,452712,0.0,0.0,0.0,0.0,0.0,0
forward_start,1780280971.996244,53,53,53,56,FULL,1780280971.996244,1780280971.996445,0.2009868621826172,decode,1,0,452712,0.0,0.0,0.0,0.0,0.0,0
forward_start,1780280971.9962597,52,52,52,56,FULL,1780280971.9962597,1780280971.9965758,0.3161430358886719,decode,0,0,452715,0.0,0.0,0.0,0.0,0.0,0
forward_start,1780280972.0080051,53,53,53,56,FULL,1780280972.0080051,1780280972.0081918,0.18668174743652344,decode,1,0,452712,0.0,0.0,0.0,0.0,0.0,0
forward_start,1780280972.0080063,52,52,52,56,FULL,1780280972.0080063,1780280972.0083027,0.2963542938232422,decode,0,0,452715,0.0,0.0,0.0,0.0,0.0,0
forward_start,1780280972.0203276,53,53,53,56,FULL,1780280972.0203276,1780280972.0205271,0.1995563507080078,decode,1,0,452712,0.0,0.0,0.0,0.0,0.0,0
forward_start,1780280972.020331,52,52,52,56,FULL,1780280972.020331,1780280972.020634,0.30303001403808594,decode,0,0,452715,0.0,0.0,0.0,0.0,0.0,0
forward_start,1780280972.0322814,53,53,53,56,FULL,1780280972.0322814,1780280972.0324814,0.20003318786621094,decode,1,0,452712,0.0,0.0,0.0,0.0,0.0,0
forward_start,1780280972.0322952,52,52,52,56,FULL,1780280972.0322952,1780280972.0326004,0.30517578125,decode,0,0,452715,0.0,0.0,0.0,0.0,0.0,0
forward_start,1780280972.0441306,53,53,53,56,FULL,1780280972.0441306,1780280972.0443115,0.18095970153808594,decode,1,0,452712,0.0,0.0,0.0,0.0,0.0,0
forward_start,1780280972.0441449,52,52,52,56,FULL,1780280972.0441449,1780280972.0444498,0.30493736267089844,decode,0,0,452715,0.0,0.0,0.0,0.0,0.0,0
forward_start,1780280972.0568273,52,52,52,56,FULL,1780280972.0568273,1780280972.0571015,0.2741813659667969,decode,0,0,452715,0.0,0.0,0.0,0.0,0.0,0
forward_start,1780280972.0568283,52,52,52,56,FULL,1780280972.0568283,1780280972.0570135,0.18525123596191406,decode,1,0,452712,0.0,0.0,0.0,0.0,0.0,0
forward_start,1780280972.0683856,52,52,52,56,FULL,1780280972.0683856,1780280972.0685742,0.18858909606933594,decode,1,0,452712,0.0,0.0,0.0,0.0,0.0,0
forward_start,1780280972.0683892,52,52,52,56,FULL,1780280972.0683892,1780280972.0686774,0.28824806213378906,decode,0,0,452715,0.0,0.0,0.0,0.0,0.0,0
forward_start,1780280972.08026,52,52,52,56,FULL,1780280972.08026,1780280972.0805674,0.30732154846191406,decode,0,0,452715,0.0,0.0,0.0,0.0,0.0,0
forward_start,1780280972.0802667,52,52,52,56,FULL,1780280972.0802667,1780280972.0804758,0.2090930938720703,decode,1,0,452712,0.0,0.0,0.0,0.0,0.0,0
forward_start,1780280972.0926995,52,52,52,56,FULL,1780280972.0926995,1780280972.092886,0.18644332885742188,decode,1,0,452712,0.026226043701171875,0.14066496163682865,0.026226043701171875,0.14066496163682865,1.0,1
forward_start,1780280972.0952349,52,52,52,56,FULL,1780280972.0952349,1780280972.0955381,0.3032684326171875,decode,0,0,452715,0.3032684326171875,1.0,0.3032684326171875,1.0,1.0,1
forward_start,1780280972.1045284,52,52,52,56,FULL,1780280972.1045284,1780280972.104714,0.18548965454101562,decode,1,0,452712,0.0,0.0,0.0,0.0,0.0,0
forward_start,1780280972.104542,52,52,52,56,FULL,1780280972.104542,1780280972.1048186,0.2765655517578125,decode,0,0,452715,0.0,0.0,0.0,0.0,0.0,0
forward_start,1780280972.1169415,52,52,52,56,FULL,1780280972.1169415,1780280972.117127,0.18548965454101562,decode,1,0,452712,0.0,0.0,0.0,0.0,0.0,0
forward_start,1780280972.116965,53,53,53,56,FULL,1780280972.116965,1780280972.1172414,0.27632713317871094,decode,0,0,452715,0.0,0.0,0.0,0.0,0.0,0
forward_start,1780280972.1286213,52,52,52,56,FULL,1780280972.1286213,1780280972.1288054,0.18405914306640625,decode,1,0,452712,0.0,0.0,0.0,0.0,0.0,0
forward_start,1780280972.128658,53,53,53,56,FULL,1780280972.128658,1780280972.1289308,0.2727508544921875,decode,0,0,452715,0.0,0.0,0.0,0.0,0.0,0
forward_start,1780280972.1409118,51,51,51,56,FULL,1780280972.1409118,1780280972.1410985,0.18668174743652344,decode,1,0,452712,0.0,0.0,0.0,0.0,0.0,0
forward_start,1780280972.1409333,52,52,52,56,FULL,1780280972.1409333,1780280972.1412299,0.29659271240234375,decode,0,0,452715,0.0,0.0,0.0,0.0,0.0,0
forward_start,1780280972.1529315,50,50,50,56,FULL,1780280972.1529315,1780280972.1531203,0.1888275146484375,decode,1,0,452712,0.0,0.0,0.0,0.0,0.0,0
forward_start,1780280972.152944,52,52,52,56,FULL,1780280972.152944,1780280972.1532195,0.2753734588623047,decode,0,0,452715,0.0,0.0,0.0,0.0,0.0,0
forward_start,1780280972.1651692,50,50,50,56,FULL,1780280972.1651692,1780280972.165374,0.2048015594482422,decode,1,0,452712,0.0,0.0,0.0,0.0,0.0,0
forward_start,1780280972.1651847,51,51,51,56,FULL,1780280972.1651847,1780280972.1654835,0.2987384796142578,decode,0,0,452715,0.0,0.0,0.0,0.0,0.0,0
forward_start,1780280972.177127,50,50,50,56,FULL,1780280972.177127,1780280972.1773124,0.18548965454101562,decode,1,0,452712,0.0,0.0,0.0,0.0,0.0,0
forward_start,1780280972.1771505,51,51,51,56,FULL,1780280972.1771505,1780280972.1774583,0.3077983856201172,decode,0,0,452715,0.0,0.0,0.0,0.0,0.0,0
forward_start,1780280972.1893933,51,51,51,56,FULL,1780280972.1893933,1780280972.189667,0.27370452880859375,decode,0,0,452715,0.12326240539550781,0.45034843205574915,0.12326240539550781,0.45034843205574915,1.0,1
forward_start,1780280972.1910632,50,50,50,56,FULL,1780280972.1910632,1780280972.1912534,0.19025802612304688,decode,1,0,452712,0.0,0.0,0.0,0.0,0.0,0
forward_start,1780280972.2012708,51,51,51,56,FULL,1780280972.2012708,1780280972.201577,0.30612945556640625,decode,0,0,452715,0.0,0.0,0.0,0.0,0.0,0
forward_start,1780280972.2012813,50,50,50,56,FULL,1780280972.2012813,1780280972.2014883,0.20694732666015625,decode,1,0,452712,0.0,0.0,0.0,0.0,0.0,0
forward_start,1780280972.213533,50,50,50,56,FULL,1780280972.213533,1780280972.2137244,0.1914501190185547,decode,1,0,452712,0.0,0.0,0.0,0.0,0.0,0
forward_start,1780280972.2135458,51,51,51,56,FULL,1780280972.2135458,1780280972.213823,0.2772808074951172,decode,0,0,452715,0.0,0.0,0.0,0.0,0.0,0
forward_start,1780280972.2254426,51,51,51,56,FULL,1780280972.2254426,1780280972.2257302,0.2875328063964844,decode,0,0,452715,0.0,0.0,0.0,0.0,0.0,0
forward_start,1780280972.2254443,50,50,50,56,FULL,1780280972.2254443,1780280972.2256334,0.18906593322753906,decode,1,0,452712,0.0,0.0,0.0,0.0,0.0,0
forward_start,1780280972.2377882,50,50,50,56,FULL,1780280972.2377882,1780280972.2379735,0.18525123596191406,decode,1,0,452712,0.0,0.0,0.0,0.0,0.0,0
forward_start,1780280972.237789,51,51,51,56,FULL,1780280972.237789,1780280972.23807,0.2810955047607422,decode,0,0,452715,0.0,0.0,0.0,0.0,0.0,0
forward_start,1780280972.2498279,50,50,50,56,FULL,1780280972.2498279,1780280972.2500112,0.18334388732910156,decode,1,0,452712,0.0,0.0,0.0,0.0,0.0,0
forward_start,1780280972.249848,51,51,51,56,FULL,1780280972.249848,1780280972.2501247,0.27680397033691406,decode,0,0,452715,0.0,0.0,0.0,0.0,0.0,0
forward_start,1780280972.2618644,50,50,50,56,FULL,1780280972.2618644,1780280972.2620502,0.1857280731201172,decode,1,0,452712,0.0,0.0,0.0,0.0,0.0,0
forward_start,1780280972.2618864,51,51,51,56,FULL,1780280972.2618864,1780280972.262174,0.2875328063964844,decode,0,0,452715,0.0,0.0,0.0,0.0,0.0,0
forward_start,1780280972.273679,50,50,50,56,FULL,1780280972.273679,1780280972.273869,0.1900196075439453,decode,1,0,452712,0.0,0.0,0.0,0.0,0.0,0
forward_start,1780280972.2736847,51,51,51,56,FULL,1780280972.2736847,1780280972.2739792,0.2944469451904297,decode,0,0,452715,0.0,0.0,0.0,0.0,0.0,0
forward_start,1780280972.2860715,50,50,50,56,FULL,1780280972.2860715,1780280972.2862604,0.1888275146484375,decode,1,0,452712,0.0,0.0,0.0,0.0,0.0,0
forward_start,1780280972.2860844,51,51,51,56,FULL,1780280972.2860844,1780280972.286385,0.3006458282470703,decode,0,0,452715,0.0,0.0,0.0,0.0,0.0,0
forward_start,1780280972.297999,49,49,49,56,FULL,1780280972.297999,1780280972.2981815,0.18262863159179688,decode,1,0,452712,0.0,0.0,0.0,0.0,0.0,0
forward_start,1780280972.3035738,51,51,51,56,FULL,1780280972.3035738,1780280972.3039205,0.3466606140136719,decode,0,0,452715,0.3466606140136719,1.0,0.3466606140136719,1.0,1.0,1
forward_start,1780280972.310251,48,48,48,56,FULL,1780280972.310251,1780280972.310456,0.20503997802734375,decode,1,0,452712,0.20503997802734375,1.0,0.20503997802734375,1.0,1.0,1
forward_start,1780280972.3102758,51,51,51,56,FULL,1780280972.3102758,1780280972.3105876,0.31185150146484375,decode,0,0,452715,0.31185150146484375,1.0,0.31185150146484375,1.0,1.0,1
forward_start,1780280972.322127,51,51,51,56,FULL,1780280972.322127,1780280972.3224194,0.2923011779785156,decode,0,0,452715,0.42510032653808594,1.4543230016313213,0.2923011779785156,1.0,1.4543230016313213,2
forward_start,1780280972.3264737,48,48,48,56,FULL,1780280972.3264737,1780280972.3266702,0.1964569091796875,decode,1,0,452712,0.0,0.0,0.0,0.0,0.0,0
forward_start,1780280972.3344142,51,51,51,56,FULL,1780280972.3344142,1780280972.3346975,0.28324127197265625,decode,0,0,452715,0.0,0.0,0.0,0.0,0.0,0
forward_start,1780280972.3344216,48,48,48,56,FULL,1780280972.3344216,1780280972.3346076,0.18596649169921875,decode,1,0,452712,0.0,0.0,0.0,0.0,0.0,0
forward_start,1780280972.3466578,49,49,49,56,FULL,1780280972.3466578,1780280972.3468432,0.18548965454101562,decode,1,0,452712,0.0,0.0,0.0,0.0,0.0,0
forward_start,1780280972.3466685,52,52,52,56,FULL,1780280972.3466685,1780280972.3469546,0.286102294921875,decode,0,0,452715,0.0,0.0,0.0,0.0,0.0,0
forward_start,1780280972.3585913,52,52,52,56,FULL,1780280972.3585913,1780280972.3588753,0.28395652770996094,decode,0,0,452715,0.0,0.0,0.0,0.0,0.0,0
forward_start,1780280972.3585968,49,49,49,56,FULL,1780280972.3585968,1780280972.3587844,0.1876354217529297,decode,1,0,452712,0.0,0.0,0.0,0.0,0.0,0
forward_start,1780280972.370631,49,49,49,56,FULL,1780280972.370631,1780280972.3708153,0.1842975616455078,decode,1,0,452712,0.025510787963867188,0.1384217335058215,0.025510787963867188,0.1384217335058215,1.0,1
forward_start,1780280972.3732433,52,52,52,56,FULL,1780280972.3732433,1780280972.3735409,0.29754638671875,decode,0,0,452715,0.29754638671875,1.0,0.29754638671875,1.0,1.0,1
forward_start,1780280972.3828,49,49,49,56,FULL,1780280972.3828,1780280972.3829863,0.1862049102783203,decode,1,0,452712,0.0,0.0,0.0,0.0,0.0,0
forward_start,1780280972.3828373,52,52,52,56,FULL,1780280972.3828373,1780280972.3831153,0.2779960632324219,decode,0,0,452715,0.0,0.0,0.0,0.0,0.0,0
forward_start,1780280972.3949146,49,49,49,56,FULL,1780280972.3949146,1780280972.3950999,0.18525123596191406,decode,1,0,452712,0.0,0.0,0.0,0.0,0.0,0
forward_start,1780280972.3949575,53,53,53,56,FULL,1780280972.3949575,1780280972.3952398,0.28228759765625,decode,0,0,452715,0.0,0.0,0.0,0.0,0.0,0
forward_start,1780280972.4070065,49,49,49,56,FULL,1780280972.4070065,1780280972.4071927,0.1862049102783203,decode,1,0,452712,0.0,0.0,0.0,0.0,0.0,0
forward_start,1780280972.4070194,53,53,53,56,FULL,1780280972.4070194,1780280972.4073067,0.2872943878173828,decode,0,0,452715,0.0,0.0,0.0,0.0,0.0,0
forward_start,1780280972.4188747,49,49,49,56,FULL,1780280972.4188747,1780280972.4190605,0.1857280731201172,decode,1,0,452712,0.0,0.0,0.0,0.0,0.0,0
forward_start,1780280972.4188771,53,53,53,56,FULL,1780280972.4188771,1780280972.4191718,0.29468536376953125,decode,0,0,452715,0.0,0.0,0.0,0.0,0.0,0
forward_start,1780280972.4311206,49,49,49,56,FULL,1780280972.4311206,1780280972.4313083,0.1876354217529297,decode,1,0,452712,0.0,0.0,0.0,0.0,0.0,0
forward_start,1780280972.4311244,53,53,53,56,FULL,1780280972.4311244,1780280972.4314232,0.2987384796142578,decode,0,0,452715,0.0,0.0,0.0,0.0,0.0,0
forward_start,1780280972.4439535,53,53,53,56,FULL,1780280972.4439535,1780280972.4442334,0.2799034118652344,decode,0,0,452715,0.09679794311523438,0.34582623509369675,0.09679794311523438,0.34582623509369675,1.0,1
forward_start,1780280972.4478662,49,49,49,56,FULL,1780280972.4478662,1780280972.4480712,0.20503997802734375,decode,1,0,452712,0.20503997802734375,1.0,0.20503997802734375,1.0,1.0,1
forward_start,1780280972.4552677,49,49,49,56,FULL,1780280972.4552677,1780280972.4554722,0.20456314086914062,decode,1,0,452712,0.20456314086914062,1.0,0.20456314086914062,1.0,1.0,1
forward_start,1780280972.4552913,53,53,53,56,FULL,1780280972.4552913,1780280972.4555852,0.29397010803222656,decode,0,0,452715,0.22029876708984375,0.7493917274939172,0.22029876708984375,0.7493917274939172,1.0,1
forward_start,1780280972.4671416,49,49,49,56,FULL,1780280972.4671416,1780280972.4673276,0.18596649169921875,decode,1,0,452712,0.07987022399902344,0.42948717948717946,0.07987022399902344,0.42948717948717946,1.0,1
forward_start,1780280972.4691474,53,53,53,56,FULL,1780280972.4691474,1780280972.4694364,0.28896331787109375,decode,0,0,452715,0.0,0.0,0.0,0.0,0.0,0
forward_start,1780280972.4792774,50,50,50,56,FULL,1780280972.4792774,1780280972.479484,0.2067089080810547,decode,1,0,452712,0.0,0.0,0.0,0.0,0.0,0
forward_start,1780280972.4793038,53,53,53,56,FULL,1780280972.4793038,1780280972.4796088,0.30493736267089844,decode,0,0,452715,0.0,0.0,0.0,0.0,0.0,0
forward_start,1780280972.4915593,50,50,50,56,FULL,1780280972.4915593,1780280972.4917436,0.1842975616455078,decode,1,0,452712,0.0,0.0,0.0,0.0,0.0,0
forward_start,1780280972.4915683,53,53,53,56,FULL,1780280972.4915683,1780280972.4918618,0.29349327087402344,decode,0,0,452715,0.0,0.0,0.0,0.0,0.0,0
forward_start,1780280972.5033224,50,50,50,56,FULL,1780280972.5033224,1780280972.5035217,0.19931793212890625,decode,1,0,452712,0.0,0.0,0.0,0.0,0.0,0
forward_start,1780280972.5033298,53,53,53,56,FULL,1780280972.5033298,1780280972.5036266,0.2968311309814453,decode,0,0,452715,0.0,0.0,0.0,0.0,0.0,0
forward_start,1780280972.5152547,49,49,49,56,FULL,1780280972.5152547,1780280972.5154593,0.20456314086914062,decode,1,0,452712,0.0,0.0,0.0,0.0,0.0,0
forward_start,1780280972.5152743,53,53,53,56,FULL,1780280972.5152743,1780280972.5155725,0.2982616424560547,decode,0,0,452715,0.0,0.0,0.0,0.0,0.0,0
forward_start,1780280972.5274158,53,53,53,56,FULL,1780280972.5274158,1780280972.527707,0.2913475036621094,decode,0,0,452715,0.0,0.0,0.0,0.0,0.0,0
forward_start,1780280972.5274222,49,49,49,56,FULL,1780280972.5274222,1780280972.5276072,0.1850128173828125,decode,1,0,452712,0.0,0.0,0.0,0.0,0.0,0
forward_start,1780280972.5391078,49,49,49,56,FULL,1780280972.5391078,1780280972.539291,0.18310546875,decode,1,0,452712,0.0,0.0,0.0,0.0,0.0,0
forward_start,1780280972.5391195,53,53,53,56,FULL,1780280972.5391195,1780280972.539424,0.3044605255126953,decode,0,0,452715,0.0,0.0,0.0,0.0,0.0,0
forward_start,1780280972.551295,53,53,53,56,FULL,1780280972.551295,1780280972.5516012,0.30612945556640625,decode,0,0,452715,0.0,0.0,0.0,0.0,0.0,0
forward_start,1780280972.5513217,49,49,49,56,FULL,1780280972.5513217,1780280972.5515225,0.20074844360351562,decode,1,0,452712,0.0,0.0,0.0,0.0,0.0,0
forward_start,1780280972.5632758,53,53,53,56,FULL,1780280972.5632758,1780280972.5635777,0.3018379211425781,decode,0,0,452715,0.010013580322265625,0.03317535545023697,0.010013580322265625,0.03317535545023697,1.0,1
forward_start,1780280972.5757253,49,49,49,56,FULL,1780280972.5757253,1780280972.5760772,0.35190582275390625,decode,1,0,452712,0.35190582275390625,1.0,0.35190582275390625,1.0,1.0,1
forward_start,1780280972.5791674,48,48,48,56,FULL,1780280972.5791674,1780280972.5794673,0.2999305725097656,decode,1,0,452712,0.4646778106689453,1.5492845786963434,0.2999305725097656,1.0,1.5492845786963434,2
forward_start,1780280972.579977,53,53,53,56,FULL,1780280972.579977,1780280972.5802615,0.28443336486816406,decode,0,0,452715,0.28443336486816406,1.0,0.28443336486816406,1.0,1.0,1
forward_start,1780280972.5904002,53,53,53,56,FULL,1780280972.5904002,1780280972.5906787,0.278472900390625,decode,0,0,452715,0.48041343688964844,1.7251712328767124,0.278472900390625,1.0,1.7251712328767124,2
forward_start,1780280972.591995,47,47,47,56,FULL,1780280972.591995,1780280972.5921814,0.18644332885742188,decode,1,0,452712,0.18644332885742188,1.0,0.18644332885742188,1.0,1.0,1
forward_start,1780280972.6025887,47,47,47,56,FULL,1780280972.6025887,1780280972.6027794,0.19073486328125,decode,1,0,452712,0.0,0.0,0.0,0.0,0.0,0
forward_start,1780280972.602592,54,54,54,56,FULL,1780280972.602592,1780280972.602873,0.2810955047607422,decode,0,0,452715,0.0,0.0,0.0,0.0,0.0,0
forward_start,1780280972.6143925,49,49,49,56,FULL,1780280972.6143925,1780280972.6145813,0.1888275146484375,decode,1,0,452712,0.0,0.0,0.0,0.0,0.0,0
forward_start,1780280972.6183743,54,54,54,56,FULL,1780280972.6183743,1780280972.6187022,0.32782554626464844,decode,0,0,452715,0.32782554626464844,1.0,0.32782554626464844,1.0,1.0,1
forward_start,1780280972.6265416,54,54,54,56,FULL,1780280972.6265416,1780280972.6268184,0.27680397033691406,decode,0,0,452715,0.27680397033691406,1.0,0.27680397033691406,1.0,1.0,1
forward_start,1780280972.6265485,49,49,49,56,FULL,1780280972.6265485,1780280972.6267383,0.18978118896484375,decode,1,0,452712,0.18978118896484375,1.0,0.18978118896484375,1.0,1.0,1
forward_start,1780280972.6385055,54,54,54,56,FULL,1780280972.6385055,1780280972.638785,0.27942657470703125,decode,0,0,452715,0.18024444580078125,0.6450511945392492,0.18024444580078125,0.6450511945392492,1.0,1
forward_start,1780280972.6400876,49,49,49,56,FULL,1780280972.6400876,1780280972.6402817,0.19407272338867188,decode,1,0,452712,0.0,0.0,0.0,0.0,0.0,0
forward_start,1780280972.650948,49,49,49,56,FULL,1780280972.650948,1780280972.6511276,0.17952919006347656,decode,1,0,452712,0.0,0.0,0.0,0.0,0.0,0
forward_start,1780280972.650966,55,55,55,56,FULL,1780280972.650966,1780280972.6512396,0.27370452880859375,decode,0,0,452715,0.0,0.0,0.0,0.0,0.0,0
forward_start,1780280972.6627064,50,50,50,56,FULL,1780280972.6627064,1780280972.6628892,0.18286705017089844,decode,1,0,452712,0.0,0.0,0.0,0.0,0.0,0
forward_start,1780280972.6627276,55,55,55,56,FULL,1780280972.6627276,1780280972.6629977,0.2701282501220703,decode,0,0,452715,0.0,0.0,0.0,0.0,0.0,0
forward_start,1780280972.6747692,49,49,49,56,FULL,1780280972.6747692,1780280972.6749437,0.17452239990234375,decode,1,0,452712,0.0,0.0,0.0,0.0,0.0,0
forward_start,1780280972.6747935,55,55,55,56,FULL,1780280972.6747935,1780280972.6750712,0.2777576446533203,decode,0,0,452715,0.0,0.0,0.0,0.0,0.0,0
forward_start,1780280972.6870332,49,49,49,56,FULL,1780280972.6870332,1780280972.6872172,0.18405914306640625,decode,1,0,452712,0.0,0.0,0.0,0.0,0.0,0
forward_start,1780280972.6870546,55,55,55,56,FULL,1780280972.6870546,1780280972.6873627,0.30803680419921875,decode,0,0,452715,0.0,0.0,0.0,0.0,0.0,0
forward_start,1780280972.6990438,49,49,49,56,FULL,1780280972.6990438,1780280972.6992214,0.17762184143066406,decode,1,0,452712,0.0,0.0,0.0,0.0,0.0,0
forward_start,1780280972.6990602,55,55,55,56,FULL,1780280972.6990602,1780280972.6993349,0.274658203125,decode,0,0,452715,0.0,0.0,0.0,0.0,0.0,0
forward_start,1780280972.7111354,49,49,49,56,FULL,1780280972.7111354,1780280972.7113228,0.18739700317382812,decode,1,0,452712,0.0,0.0,0.0,0.0,0.0,0
forward_start,1780280972.711138,55,55,55,56,FULL,1780280972.711138,1780280972.7114367,0.2987384796142578,decode,0,0,452715,0.0,0.0,0.0,0.0,0.0,0
forward_start,1780280972.723658,49,49,49,56,FULL,1780280972.723658,1780280972.7238436,0.18548965454101562,decode,1,0,452712,0.0,0.0,0.0,0.0,0.0,0
forward_start,1780280972.7236648,55,55,55,56,FULL,1780280972.7236648,1780280972.723951,0.28634071350097656,decode,0,0,452715,0.0,0.0,0.0,0.0,0.0,0
forward_start,1780280972.735655,49,49,49,56,FULL,1780280972.735655,1780280972.7358398,0.18477439880371094,decode,1,0,452712,0.0,0.0,0.0,0.0,0.0,0
forward_start,1780280972.7356575,55,55,55,56,FULL,1780280972.7356575,1780280972.735935,0.27751922607421875,decode,0,0,452715,0.0,0.0,0.0,0.0,0.0,0
forward_start,1780280972.7480009,55,55,55,56,FULL,1780280972.7480009,1780280972.7482867,0.28586387634277344,decode,0,0,452715,0.1850128173828125,0.6472060050041701,0.1850128173828125,0.6472060050041701,1.0,1
forward_start,1780280972.7496195,49,49,49,56,FULL,1780280972.7496195,1780280972.7498128,0.1933574676513672,decode,1,0,452712,0.0,0.0,0.0,0.0,0.0,0
forward_start,1780280972.7599723,49,49,49,56,FULL,1780280972.7599723,1780280972.760156,0.18358230590820312,decode,1,0,452712,0.0,0.0,0.0,0.0,0.0,0
forward_start,1780280972.7599964,55,55,55,56,FULL,1780280972.7599964,1780280972.760266,0.2696514129638672,decode,0,0,452715,0.0,0.0,0.0,0.0,0.0,0
forward_start,1780280972.7725468,50,50,50,56,FULL,1780280972.7725468,1780280972.7727284,0.18167495727539062,decode,1,0,452712,0.0,0.0,0.0,0.0,0.0,0
forward_start,1780280972.7725658,54,54,54,56,FULL,1780280972.7725658,1780280972.7728393,0.2734661102294922,decode,0,0,452715,0.0,0.0,0.0,0.0,0.0,0
forward_start,1780280972.7843194,54,54,54,56,FULL,1780280972.7843194,1780280972.7846198,0.30040740966796875,decode,0,0,452715,0.0,0.0,0.0,0.0,0.0,0
forward_start,1780280972.7843344,50,50,50,56,FULL,1780280972.7843344,1780280972.7845392,0.2048015594482422,decode,1,0,452712,0.0,0.0,0.0,0.0,0.0,0
forward_start,1780280972.7965457,50,50,50,56,FULL,1780280972.7965457,1780280972.7967296,0.1838207244873047,decode,1,0,452712,0.0,0.0,0.0,0.0,0.0,0
forward_start,1780280972.7965615,54,54,54,56,FULL,1780280972.7965615,1780280972.796844,0.28252601623535156,decode,0,0,452715,0.0,0.0,0.0,0.0,0.0,0
forward_start,1780280972.808504,50,50,50,56,FULL,1780280972.808504,1780280972.808686,0.1819133758544922,decode,1,0,452712,0.0,0.0,0.0,0.0,0.0,0
forward_start,1780280972.8085113,54,54,54,56,FULL,1780280972.8085113,1780280972.8087893,0.2779960632324219,decode,0,0,452715,0.0,0.0,0.0,0.0,0.0,0
forward_start,1780280972.8208427,54,54,54,56,FULL,1780280972.8208427,1780280972.8211236,0.2808570861816406,decode,0,0,452715,0.16689300537109375,0.5942275042444821,0.16689300537109375,0.5942275042444821,1.0,1
forward_start,1780280972.8224318,50,50,50,56,FULL,1780280972.8224318,1780280972.8226247,0.19288063049316406,decode,1,0,452712,0.0,0.0,0.0,0.0,0.0,0
forward_start,1780280972.8333354,50,50,50,56,FULL,1780280972.8333354,1780280972.8335438,0.20837783813476562,decode,1,0,452712,0.0,0.0,0.0,0.0,0.0,0
forward_start,1780280972.833364,54,54,54,56,FULL,1780280972.833364,1780280972.8336492,0.28514862060546875,decode,0,0,452715,0.0,0.0,0.0,0.0,0.0,0
forward_start,1780280972.8452346,51,51,51,56,FULL,1780280972.8452346,1780280972.8454406,0.20599365234375,decode,1,0,452712,0.0,0.0,0.0,0.0,0.0,0
forward_start,1780280972.8452628,54,54,54,56,FULL,1780280972.8452628,1780280972.8455813,0.3185272216796875,decode,0,0,452715,0.0,0.0,0.0,0.0,0.0,0
forward_start,1780280972.8571916,51,51,51,56,FULL,1780280972.8571916,1780280972.8573954,0.20384788513183594,decode,1,0,452712,0.0,0.0,0.0,0.0,0.0,0
forward_start,1780280972.8571947,54,54,54,56,FULL,1780280972.8571947,1780280972.857514,0.3192424774169922,decode,0,0,452715,0.0,0.0,0.0,0.0,0.0,0
forward_start,1780280972.872245,54,54,54,56,FULL,1780280972.872245,1780280972.8725607,0.31566619873046875,decode,0,0,452715,0.6313323974609375,2.0,0.31566619873046875,1.0,2.0,2
forward_start,1780280972.8726218,51,51,51,56,FULL,1780280972.8726218,1780280972.8728137,0.1919269561767578,decode,1,0,452712,0.1068115234375,0.5565217391304348,0.1068115234375,0.5565217391304348,1.0,1
forward_start,1780280972.8816593,51,51,51,56,FULL,1780280972.8816593,1780280972.881842,0.18262863159179688,decode,1,0,452712,0.0,0.0,0.0,0.0,0.0,0
forward_start,1780280972.8816676,54,54,54,56,FULL,1780280972.8816676,1780280972.8819752,0.3075599670410156,decode,0,0,452715,0.0,0.0,0.0,0.0,0.0,0
forward_start,1780280972.8941271,52,52,52,56,FULL,1780280972.8941271,1780280972.8943136,0.18644332885742188,decode,1,0,452712,0.0,0.0,0.0,0.0,0.0,0
forward_start,1780280972.8944483,55,55,55,56,FULL,1780280972.8944483,1780280972.8947508,0.3025531768798828,decode,0,0,452715,0.0,0.0,0.0,0.0,0.0,0
forward_start,1780280972.9060304,52,52,52,56,FULL,1780280972.9060304,1780280972.9062204,0.1900196075439453,decode,1,0,452712,0.0,0.0,0.0,0.0,0.0,0
forward_start,1780280972.9110048,55,55,55,56,FULL,1780280972.9110048,1780280972.9114068,0.4019737243652344,decode,0,0,452715,0.4019737243652344,1.0,0.4019737243652344,1.0,1.0,1
forward_start,1780280972.918215,52,52,52,56,FULL,1780280972.918215,1780280972.9184186,0.20360946655273438,decode,1,0,452712,0.20360946655273438,1.0,0.20360946655273438,1.0,1.0,1
forward_start,1780280972.9182446,55,55,55,56,FULL,1780280972.9182446,1780280972.9185662,0.3216266632080078,decode,0,0,452715,0.3216266632080078,1.0,0.3216266632080078,1.0,1.0,1
forward_start,1780280972.930091,52,52,52,56,FULL,1780280972.930091,1780280972.9302764,0.18548965454101562,decode,1,0,452712,0.0,0.0,0.0,0.0,0.0,0
forward_start,1780280972.9301035,55,55,55,56,FULL,1780280972.9301035,1780280972.9304168,0.3132820129394531,decode,0,0,452715,0.0,0.0,0.0,0.0,0.0,0
forward_start,1780280972.9426227,56,56,56,56,FULL,1780280972.9426227,1780280972.9429233,0.3006458282470703,decode,0,0,452715,0.13875961303710938,0.46153846153846156,0.13875961303710938,0.46153846153846156,1.0,1
forward_start,1780280972.9456878,52,52,52,56,FULL,1780280972.9456878,1780280972.9458833,0.19550323486328125,decode,1,0,452712,0.0,0.0,0.0,0.0,0.0,0
forward_start,1780280972.9543083,56,56,56,56,FULL,1780280972.9543083,1780280972.9546268,0.3185272216796875,decode,0,0,452715,0.0,0.0,0.0,0.0,0.0,0
forward_start,1780280972.9543097,52,52,52,56,FULL,1780280972.9543097,1780280972.9545143,0.20456314086914062,decode,1,0,452712,0.0,0.0,0.0,0.0,0.0,0
forward_start,1780280972.9665983,52,52,52,56,FULL,1780280972.9665983,1780280972.9667783,0.1800060272216797,decode,1,0,452712,0.0,0.0,0.0,0.0,0.0,0
forward_start,1780280972.9666045,56,56,56,56,FULL,1780280972.9666045,1780280972.9669073,0.3027915954589844,decode,0,0,452715,0.0,0.0,0.0,0.0,0.0,0
forward_start,1780280972.9787514,56,56,56,56,FULL,1780280972.9787514,1780280972.979042,0.2906322479248047,decode,0,0,452715,0.0,0.0,0.0,0.0,0.0,0
forward_start,1780280972.9787772,52,52,52,56,FULL,1780280972.9787772,1780280972.9789634,0.1862049102783203,decode,1,0,452712,0.0,0.0,0.0,0.0,0.0,0
forward_start,1780280972.9909844,56,56,56,56,FULL,1780280972.9909844,1780280972.9912899,0.30541419982910156,decode,0,0,452715,0.0,0.0,0.0,0.0,0.0,0
forward_start,1780280972.9909916,52,52,52,56,FULL,1780280972.9909916,1780280972.9911752,0.18358230590820312,decode,1,0,452712,0.0,0.0,0.0,0.0,0.0,0
forward_start,1780280973.0030167,56,56,56,56,FULL,1780280973.0030167,1780280973.0033145,0.29778480529785156,decode,0,0,452715,0.0,0.0,0.0,0.0,0.0,0
forward_start,1780280973.0030177,52,52,52,56,FULL,1780280973.0030177,1780280973.0032012,0.18358230590820312,decode,1,0,452712,0.0,0.0,0.0,0.0,0.0,0
forward_start,1780280973.0151427,56,56,56,56,FULL,1780280973.0151427,1780280973.0154605,0.3178119659423828,decode,0,0,452715,0.0,0.0,0.0,0.0,0.0,0
forward_start,1780280973.0151453,52,52,52,56,FULL,1780280973.0151453,1780280973.0153298,0.18453598022460938,decode,1,0,452712,0.0,0.0,0.0,0.0,0.0,0
forward_start,1780280973.0273924,56,56,56,56,FULL,1780280973.0273924,1780280973.0276937,0.301361083984375,decode,0,0,452715,0.0,0.0,0.0,0.0,0.0,0
forward_start,1780280973.0401967,52,52,52,56,FULL,1780280973.0401967,1780280973.0405674,0.3707408905029297,decode,1,0,452712,0.3707408905029297,1.0,0.3707408905029297,1.0,1.0,1
forward_start,1780280973.0435498,52,52,52,56,FULL,1780280973.0435498,1780280973.0438285,0.27871131896972656,decode,1,0,452712,0.27871131896972656,1.0,0.27871131896972656,1.0,1.0,1
forward_start,1780280973.043813,56,56,56,56,FULL,1780280973.043813,1780280973.04412,0.3070831298828125,decode,0,0,452715,0.3070831298828125,1.0,0.3070831298828125,1.0,1.0,1
forward_start,1780280973.0546222,56,56,56,56,FULL,1780280973.0546222,1780280973.0549257,0.30350685119628906,decode,0,0,452715,0.4894733428955078,1.612725844461901,0.30350685119628906,1.0,1.612725844461901,2
forward_start,1780280973.0551841,52,52,52,56,FULL,1780280973.0551841,1780280973.0553849,0.20074844360351562,decode,1,0,452712,0.20074844360351562,1.0,0.20074844360351562,1.0,1.0,1
forward_start,1780280973.0670142,56,56,56,56,FULL,1780280973.0670142,1780280973.067309,0.29468536376953125,decode,0,0,452715,0.0,0.0,0.0,0.0,0.0,0
forward_start,1780280973.0670352,52,52,52,56,FULL,1780280973.0670352,1780280973.0672219,0.18668174743652344,decode,1,0,452712,0.0,0.0,0.0,0.0,0.0,0
forward_start,1780280973.0788467,56,56,56,56,FULL,1780280973.0788467,1780280973.0791519,0.30517578125,decode,0,0,452715,0.0,0.0,0.0,0.0,0.0,0
forward_start,1780280973.078869,54,54,54,56,FULL,1780280973.078869,1780280973.0790493,0.18024444580078125,decode,1,0,452712,0.0,0.0,0.0,0.0,0.0,0
forward_start,1780280973.0909681,56,56,56,56,FULL,1780280973.0909681,1780280973.0912662,0.2980232238769531,decode,0,0,452715,0.0,0.0,0.0,0.0,0.0,0
forward_start,1780280973.0909908,54,54,54,56,FULL,1780280973.0909908,1780280973.0911753,0.18453598022460938,decode,1,0,452712,0.0,0.0,0.0,0.0,0.0,0
forward_start,1780280973.103064,56,56,56,56,FULL,1780280973.103064,1780280973.1033804,0.31638145446777344,decode,0,0,452715,0.0,0.0,0.0,0.0,0.0,0
forward_start,1780280973.1030705,53,53,53,56,FULL,1780280973.1030705,1780280973.1032512,0.18072128295898438,decode,1,0,452712,0.0,0.0,0.0,0.0,0.0,0
forward_start,1780280973.115185,56,56,56,56,FULL,1780280973.115185,1780280973.1155043,0.3192424774169922,decode,0,0,452715,0.0,0.0,0.0,0.0,0.0,0
forward_start,1780280973.1151974,53,53,53,56,FULL,1780280973.1151974,1780280973.1153991,0.20170211791992188,decode,1,0,452712,0.0,0.0,0.0,0.0,0.0,0
forward_start,1780280973.1271667,56,56,56,56,FULL,1780280973.1271667,1780280973.127484,0.3173351287841797,decode,0,0,452715,0.0,0.0,0.0,0.0,0.0,0
forward_start,1780280973.127192,52,52,52,56,FULL,1780280973.127192,1780280973.1273901,0.19812583923339844,decode,1,0,452712,0.0,0.0,0.0,0.0,0.0,0
forward_start,1780280973.139481,56,56,56,56,FULL,1780280973.139481,1780280973.1397805,0.2994537353515625,decode,0,0,452715,0.0,0.0,0.0,0.0,0.0,0
forward_start,1780280973.1394951,52,52,52,56,FULL,1780280973.1394951,1780280973.1396766,0.18143653869628906,decode,1,0,452712,0.0,0.0,0.0,0.0,0.0,0
forward_start,1780280973.1515496,56,56,56,56,FULL,1780280973.1515496,1780280973.1518435,0.29397010803222656,decode,0,0,452715,0.0,0.0,0.0,0.0,0.0,0
forward_start,1780280973.1515594,52,52,52,56,FULL,1780280973.1515594,1780280973.1517434,0.18405914306640625,decode,1,0,452712,0.0,0.0,0.0,0.0,0.0,0
forward_start,1780280973.163936,52,52,52,56,FULL,1780280973.163936,1780280973.164121,0.1850128173828125,decode,1,0,452712,0.0,0.0,0.0,0.0,0.0,0
forward_start,1780280973.1848009,56,56,56,56,FULL,1780280973.1848009,1780280973.1850913,0.2903938293457031,decode,0,0,452715,0.2903938293457031,1.0,0.2903938293457031,1.0,1.0,1
forward_start,1780280973.1881003,56,56,56,56,FULL,1780280973.1881003,1780280973.1884243,0.32401084899902344,decode,0,0,452715,0.32401084899902344,1.0,0.32401084899902344,1.0,1.0,1
forward_start,1780280973.188114,52,52,52,56,FULL,1780280973.188114,1780280973.1882937,0.17976760864257812,decode,1,0,452712,0.17976760864257812,1.0,0.17976760864257812,1.0,1.0,1
forward_start,1780280973.1989899,56,56,56,56,FULL,1780280973.1989899,1780280973.199268,0.27823448181152344,decode,0,0,452715,0.438690185546875,1.5766923736075407,0.27823448181152344,1.0,1.5766923736075407,2
forward_start,1780280973.2018301,52,52,52,56,FULL,1780280973.2018301,1780280973.202022,0.1919269561767578,decode,1,0,452712,0.0,0.0,0.0,0.0,0.0,0
forward_start,1780280973.2111895,56,56,56,56,FULL,1780280973.2111895,1780280973.2115126,0.3230571746826172,decode,0,0,452715,0.0,0.0,0.0,0.0,0.0,0
forward_start,1780280973.211206,52,52,52,56,FULL,1780280973.211206,1780280973.211407,0.2009868621826172,decode,1,0,452712,0.0,0.0,0.0,0.0,0.0,0
forward_start,1780280973.2239716,56,56,56,56,FULL,1780280973.2239716,1780280973.2242858,0.3142356872558594,decode,0,0,452715,0.0,0.0,0.0,0.0,0.0,0
forward_start,1780280973.2239828,52,52,52,56,FULL,1780280973.2239828,1780280973.2241702,0.18739700317382812,decode,1,0,452712,0.0,0.0,0.0,0.0,0.0,0
forward_start,1780280973.2361796,56,56,56,56,FULL,1780280973.2361796,1780280973.2364993,0.3197193145751953,decode,0,0,452715,0.0,0.0,0.0,0.0,0.0,0
forward_start,1780280973.236214,52,52,52,56,FULL,1780280973.236214,1780280973.2364209,0.20694732666015625,decode,1,0,452712,0.0,0.0,0.0,0.0,0.0,0
forward_start,1780280973.2476008,56,56,56,56,FULL,1780280973.2476008,1780280973.2479007,0.2999305725097656,decode,0,0,452715,0.0,0.0,0.0,0.0,0.0,0
forward_start,1780280973.2476137,52,52,52,56,FULL,1780280973.2476137,1780280973.2477956,0.1819133758544922,decode,1,0,452712,0.0,0.0,0.0,0.0,0.0,0
forward_start,1780280973.2598267,52,52,52,56,FULL,1780280973.2598267,1780280973.2600126,0.18596649169921875,decode,1,0,452712,0.0,0.0,0.0,0.0,0.0,0
forward_start,1780280973.2598398,55,55,55,56,FULL,1780280973.2598398,1780280973.2601376,0.29778480529785156,decode,0,0,452715,0.0,0.0,0.0,0.0,0.0,0
forward_start,1780280973.2717576,52,52,52,56,FULL,1780280973.2717576,1780280973.271939,0.18143653869628906,decode,1,0,452712,0.0,0.0,0.0,0.0,0.0,0
forward_start,1780280973.2717702,55,55,55,56,FULL,1780280973.2717702,1780280973.2720726,0.30231475830078125,decode,0,0,452715,0.0,0.0,0.0,0.0,0.0,0
forward_start,1780280973.2837167,52,52,52,56,FULL,1780280973.2837167,1780280973.2839012,0.18453598022460938,decode,1,0,452712,0.0,0.0,0.0,0.0,0.0,0
forward_start,1780280973.2837572,55,55,55,56,FULL,1780280973.2837572,1780280973.2840602,0.30303001403808594,decode,0,0,452715,0.0,0.0,0.0,0.0,0.0,0
forward_start,1780280973.2959692,52,52,52,56,FULL,1780280973.2959692,1780280973.296153,0.1838207244873047,decode,1,0,452712,0.0,0.0,0.0,0.0,0.0,0
forward_start,1780280973.2959955,55,55,55,56,FULL,1780280973.2959955,1780280973.296296,0.30040740966796875,decode,0,0,452715,0.0,0.0,0.0,0.0,0.0,0
forward_start,1780280973.3077703,52,52,52,56,FULL,1780280973.3077703,1780280973.3079488,0.1785755157470703,decode,1,0,452712,0.0,0.0,0.0,0.0,0.0,0
forward_start,1780280973.307786,55,55,55,56,FULL,1780280973.307786,1780280973.3080823,0.2963542938232422,decode,0,0,452715,0.0,0.0,0.0,0.0,0.0,0
forward_start,1780280973.3198411,52,52,52,56,FULL,1780280973.3198411,1780280973.3200243,0.18310546875,decode,1,0,452712,0.0,0.0,0.0,0.0,0.0,0
forward_start,1780280973.3198717,55,55,55,56,FULL,1780280973.3198717,1780280973.3201616,0.2899169921875,decode,0,0,452715,0.0,0.0,0.0,0.0,0.0,0
forward_start,1780280973.3316627,52,52,52,56,FULL,1780280973.3316627,1780280973.3318474,0.18477439880371094,decode,1,0,452712,0.0,0.0,0.0,0.0,0.0,0
forward_start,1780280973.3316684,55,55,55,56,FULL,1780280973.3316684,1780280973.331955,0.2865791320800781,decode,0,0,452715,0.0,0.0,0.0,0.0,0.0,0
forward_start,1780280973.3439589,52,52,52,56,FULL,1780280973.3439589,1780280973.344137,0.1780986785888672,decode,1,0,452712,0.0,0.0,0.0,0.0,0.0,0
forward_start,1780280973.3439863,55,55,55,56,FULL,1780280973.3439863,1780280973.3442857,0.2994537353515625,decode,0,0,452715,0.0,0.0,0.0,0.0,0.0,0
forward_start,1780280973.3560693,52,52,52,56,FULL,1780280973.3560693,1780280973.3562546,0.18525123596191406,decode,1,0,452712,0.0,0.0,0.0,0.0,0.0,0
forward_start,1780280973.3560982,55,55,55,56,FULL,1780280973.3560982,1780280973.3564188,0.32067298889160156,decode,0,0,452715,0.0,0.0,0.0,0.0,0.0,0
forward_start,1780280973.3682184,52,52,52,56,FULL,1780280973.3682184,1780280973.3684146,0.19621849060058594,decode,1,0,452712,0.0,0.0,0.0,0.0,0.0,0
forward_start,1780280973.368235,55,55,55,56,FULL,1780280973.368235,1780280973.3685458,0.31065940856933594,decode,0,0,452715,0.0,0.0,0.0,0.0,0.0,0
forward_start,1780280973.3801122,52,52,52,56,FULL,1780280973.3801122,1780280973.3802912,0.17905235290527344,decode,1,0,452712,0.0,0.0,0.0,0.0,0.0,0
forward_start,1780280973.3801255,55,55,55,56,FULL,1780280973.3801255,1780280973.3804364,0.3108978271484375,decode,0,0,452715,0.0,0.0,0.0,0.0,0.0,0
forward_start,1780280973.3925066,52,52,52,56,FULL,1780280973.3925066,1780280973.3926907,0.18405914306640625,decode,1,0,452712,0.0,0.0,0.0,0.0,0.0,0
forward_start,1780280973.3925078,55,55,55,56,FULL,1780280973.3925078,1780280973.392806,0.2982616424560547,decode,0,0,452715,0.0,0.0,0.0,0.0,0.0,0
forward_start,1780280973.4044414,55,55,55,56,FULL,1780280973.4044414,1780280973.4047375,0.2961158752441406,decode,0,0,452715,0.17380714416503906,0.5869565217391305,0.17380714416503906,0.5869565217391305,1.0,1
forward_start,1780280973.4060652,52,52,52,56,FULL,1780280973.4060652,1780280973.406261,0.1957416534423828,decode,1,0,452712,0.0,0.0,0.0,0.0,0.0,0
forward_start,1780280973.416716,52,52,52,56,FULL,1780280973.416716,1780280973.4169006,0.18453598022460938,decode,1,0,452712,0.0,0.0,0.0,0.0,0.0,0
forward_start,1780280973.4167337,55,55,55,56,FULL,1780280973.4167337,1780280973.4170291,0.29540061950683594,decode,0,0,452715,0.0,0.0,0.0,0.0,0.0,0
forward_start,1780280973.4287634,53,53,53,56,FULL,1780280973.4287634,1780280973.4289477,0.1842975616455078,decode,1,0,452712,0.0,0.0,0.0,0.0,0.0,0
forward_start,1780280973.4287732,54,54,54,56,FULL,1780280973.4287732,1780280973.4290729,0.29969215393066406,decode,0,0,452715,0.0,0.0,0.0,0.0,0.0,0
forward_start,1780280973.440937,52,52,52,56,FULL,1780280973.440937,1780280973.4411232,0.1862049102783203,decode,1,0,452712,0.0016689300537109375,0.008962868117797696,0.0016689300537109375,0.008962868117797696,1.0,1
forward_start,1780280973.4470158,54,54,54,56,FULL,1780280973.4470158,1780280973.4473128,0.2970695495605469,decode,0,0,452715,0.0,0.0,0.0,0.0,0.0,0
forward_start,1780280973.4527302,52,52,52,56,FULL,1780280973.4527302,1780280973.4529138,0.18358230590820312,decode,1,0,452712,0.0,0.0,0.0,0.0,0.0,0
forward_start,1780280973.4527326,54,54,54,56,FULL,1780280973.4527326,1780280973.4530182,0.2856254577636719,decode,0,0,452715,0.0,0.0,0.0,0.0,0.0,0
forward_start,1780280973.4651768,50,50,50,56,FULL,1780280973.4651768,1780280973.4653833,0.20647048950195312,decode,1,0,452712,0.0,0.0,0.0,0.0,0.0,0
forward_start,1780280973.4651942,55,55,55,56,FULL,1780280973.4651942,1780280973.4654906,0.2963542938232422,decode,0,0,452715,0.0,0.0,0.0,0.0,0.0,0
forward_start,1780280973.4770868,50,50,50,56,FULL,1780280973.4770868,1780280973.4772713,0.18453598022460938,decode,1,0,452712,0.0,0.0,0.0,0.0,0.0,0
forward_start,1780280973.4770951,54,54,54,56,FULL,1780280973.4770951,1780280973.4773836,0.2884864807128906,decode,0,0,452715,0.0,0.0,0.0,0.0,0.0,0
forward_start,1780280973.489155,54,54,54,56,FULL,1780280973.489155,1780280973.489458,0.30303001403808594,decode,0,0,452715,0.1933574676513672,0.6380802517702596,0.1933574676513672,0.6380802517702596,1.0,1
forward_start,1780280973.4928162,50,50,50,56,FULL,1780280973.4928162,1780280973.4930093,0.19311904907226562,decode,1,0,452712,0.0,0.0,0.0,0.0,0.0,0
forward_start,1780280973.5013893,50,50,50,56,FULL,1780280973.5013893,1780280973.5015795,0.19025802612304688,decode,1,0,452712,0.0,0.0,0.0,0.0,0.0,0
forward_start,1780280973.501401,54,54,54,56,FULL,1780280973.501401,1780280973.5016785,0.27751922607421875,decode,0,0,452715,0.0,0.0,0.0,0.0,0.0,0
forward_start,1780280973.5138621,54,54,54,56,FULL,1780280973.5138621,1780280973.5141344,0.2722740173339844,decode,0,0,452715,0.14781951904296875,0.542907180385289,0.14781951904296875,0.542907180385289,1.0,1
forward_start,1780280973.5196176,51,51,51,56,FULL,1780280973.5196176,1780280973.519812,0.194549560546875,decode,1,0,452712,0.0,0.0,0.0,0.0,0.0,0
forward_start,1780280973.5258722,51,51,51,56,FULL,1780280973.5258722,1780280973.5260565,0.1842975616455078,decode,1,0,452712,0.0,0.0,0.0,0.0,0.0,0
forward_start,1780280973.5299783,54,54,54,56,FULL,1780280973.5299783,1780280973.5303555,0.3771781921386719,decode,0,0,452715,0.3771781921386719,1.0,0.3771781921386719,1.0,1.0,1
forward_start,1780280973.5382502,54,54,54,56,FULL,1780280973.5382502,1780280973.5385542,0.3039836883544922,decode,0,0,452715,0.5404949188232422,1.7780392156862745,0.3039836883544922,1.0,1.7780392156862745,2
forward_start,1780280973.5398557,52,52,52,56,FULL,1780280973.5398557,1780280973.5400496,0.1938343048095703,decode,1,0,452712,0.0,0.0,0.0,0.0,0.0,0
forward_start,1780280973.5505033,52,52,52,56,FULL,1780280973.5505033,1780280973.5506904,0.18715858459472656,decode,1,0,452712,0.0,0.0,0.0,0.0,0.0,0
forward_start,1780280973.5505278,54,54,54,56,FULL,1780280973.5505278,1780280973.5508158,0.2880096435546875,decode,0,0,452715,0.0,0.0,0.0,0.0,0.0,0
forward_start,1780280973.5627842,53,53,53,56,FULL,1780280973.5627842,1780280973.5629678,0.18358230590820312,decode,1,0,452712,0.0,0.0,0.0,0.0,0.0,0
forward_start,1780280973.562802,55,55,55,56,FULL,1780280973.562802,1780280973.563092,0.2899169921875,decode,0,0,452715,0.0,0.0,0.0,0.0,0.0,0
forward_start,1780280973.57452,53,53,53,56,FULL,1780280973.57452,1780280973.574704,0.1838207244873047,decode,1,0,452712,0.0,0.0,0.0,0.0,0.0,0
forward_start,1780280973.5745494,55,55,55,56,FULL,1780280973.5745494,1780280973.5748384,0.28896331787109375,decode,0,0,452715,0.0,0.0,0.0,0.0,0.0,0
forward_start,1780280973.5867653,53,53,53,56,FULL,1780280973.5867653,1780280973.5869515,0.1862049102783203,decode,1,0,452712,0.0,0.0,0.0,0.0,0.0,0
forward_start,1780280973.5867908,55,55,55,56,FULL,1780280973.5867908,1780280973.587077,0.286102294921875,decode,0,0,452715,0.0,0.0,0.0,0.0,0.0,0
forward_start,1780280973.5989332,53,53,53,56,FULL,1780280973.5989332,1780280973.5991206,0.18739700317382812,decode,1,0,452712,0.0,0.0,0.0,0.0,0.0,0
forward_start,1780280973.5989547,55,55,55,56,FULL,1780280973.5989547,1780280973.5992494,0.29468536376953125,decode,0,0,452715,0.0,0.0,0.0,0.0,0.0,0
forward_start,1780280973.6110487,53,53,53,56,FULL,1780280973.6110487,1780280973.6112275,0.17881393432617188,decode,1,0,452712,0.0,0.0,0.0,0.0,0.0,0
forward_start,1780280973.6110759,55,55,55,56,FULL,1780280973.6110759,1780280973.6113846,0.30875205993652344,decode,0,0,452715,0.0,0.0,0.0,0.0,0.0,0
forward_start,1780280973.6235743,53,53,53,56,FULL,1780280973.6235743,1780280973.6237557,0.18143653869628906,decode,1,0,452712,0.0,0.0,0.0,0.0,0.0,0
forward_start,1780280973.623603,55,55,55,56,FULL,1780280973.623603,1780280973.6238973,0.2942085266113281,decode,0,0,452715,0.0,0.0,0.0,0.0,0.0,0
forward_start,1780280973.6353538,53,53,53,56,FULL,1780280973.6353538,1780280973.635537,0.18310546875,decode,1,0,452712,0.0,0.0,0.0,0.0,0.0,0
forward_start,1780280973.6353679,55,55,55,56,FULL,1780280973.6353679,1780280973.635659,0.2911090850830078,decode,0,0,452715,0.0,0.0,0.0,0.0,0.0,0
forward_start,1780280973.6473174,53,53,53,56,FULL,1780280973.6473174,1780280973.6475155,0.19812583923339844,decode,1,0,452712,0.0,0.0,0.0,0.0,0.0,0
forward_start,1780280973.647323,55,55,55,56,FULL,1780280973.647323,1780280973.6476312,0.3082752227783203,decode,0,0,452715,0.0,0.0,0.0,0.0,0.0,0
forward_start,1780280973.6596754,53,53,53,56,FULL,1780280973.6596754,1780280973.6598544,0.17905235290527344,decode,1,0,452712,0.0,0.0,0.0,0.0,0.0,0
forward_start,1780280973.6596916,55,55,55,56,FULL,1780280973.6596916,1780280973.659967,0.2753734588623047,decode,0,0,452715,0.0,0.0,0.0,0.0,0.0,0
forward_start,1780280973.6718972,53,53,53,56,FULL,1780280973.6718972,1780280973.6720874,0.19025802612304688,decode,1,0,452712,0.0,0.0,0.0,0.0,0.0,0
forward_start,1780280973.67193,55,55,55,56,FULL,1780280973.67193,1780280973.6722097,0.2796649932861328,decode,0,0,452715,0.0,0.0,0.0,0.0,0.0,0
forward_start,1780280973.68419,53,53,53,56,FULL,1780280973.68419,1780280973.6843958,0.20575523376464844,decode,1,0,452712,0.0,0.0,0.0,0.0,0.0,0
forward_start,1780280973.6842153,55,55,55,56,FULL,1780280973.6842153,1780280973.6845164,0.30112266540527344,decode,0,0,452715,0.0,0.0,0.0,0.0,0.0,0
forward_start,1780280973.6961842,55,55,55,56,FULL,1780280973.6961842,1780280973.6964912,0.3070831298828125,decode,0,0,452715,0.09369850158691406,0.3051242236024845,0.09369850158691406,0.3051242236024845,1.0,1
forward_start,1780280973.7030084,53,53,53,56,FULL,1780280973.7030084,1780280973.7032893,0.2808570861816406,decode,1,0,452712,0.2808570861816406,1.0,0.2808570861816406,1.0,1.0,1
forward_start,1780280973.70872,53,53,53,56,FULL,1780280973.70872,1780280973.7089064,0.18644332885742188,decode,1,0,452712,0.18644332885742188,1.0,0.18644332885742188,1.0,1.0,1
forward_start,1780280973.7167716,55,55,55,56,FULL,1780280973.7167716,1780280973.7170796,0.30803680419921875,decode,0,0,452715,0.30803680419921875,1.0,0.30803680419921875,1.0,1.0,1
forward_start,1780280973.7207873,55,55,55,56,FULL,1780280973.7207873,1780280973.7210624,0.2751350402832031,decode,0,0,452715,0.0,0.0,0.0,0.0,0.0,0
forward_start,1780280973.7208073,53,53,53,56,FULL,1780280973.7208073,1780280973.720992,0.18477439880371094,decode,1,0,452712,0.0,0.0,0.0,0.0,0.0,0
forward_start,1780280973.7335727,56,56,56,56,FULL,1780280973.7335727,1780280973.7338655,0.29277801513671875,decode,0,0,452715,0.29277801513671875,1.0,0.29277801513671875,1.0,1.0,1
forward_start,1780280973.7349417,54,54,54,56,FULL,1780280973.7349417,1780280973.7351363,0.194549560546875,decode,1,0,452712,0.0,0.0,0.0,0.0,0.0,0
forward_start,1780280973.74523,54,54,54,56,FULL,1780280973.74523,1780280973.7454333,0.2033710479736328,decode,1,0,452712,0.11277198791503906,0.5545134818288394,0.11277198791503906,0.5545134818288394,1.0,1
forward_start,1780280973.7472098,56,56,56,56,FULL,1780280973.7472098,1780280973.7475214,0.3116130828857422,decode,0,0,452715,0.0,0.0,0.0,0.0,0.0,0
forward_start,1780280973.7575788,56,56,56,56,FULL,1780280973.7575788,1780280973.75787,0.2911090850830078,decode,0,0,452715,0.16832351684570312,0.5782145782145782,0.16832351684570312,0.5782145782145782,1.0,1
forward_start,1780280973.7591648,55,55,55,56,FULL,1780280973.7591648,1780280973.7593687,0.20384788513183594,decode,1,0,452712,0.0,0.0,0.0,0.0,0.0,0
forward_start,1780280973.7699566,55,55,55,64,FULL,1780280973.7699566,1780280973.7702024,0.24580955505371094,decode,1,0,452712,0.1277923583984375,0.5198836081474297,0.1277923583984375,0.5198836081474297,1.0,1
forward_start,1780280973.7719307,57,57,57,64,FULL,1780280973.7719307,1780280973.7722678,0.3371238708496094,decode,0,0,452715,0.0,0.0,0.0,0.0,0.0,0
forward_start,1780280973.7819142,56,56,56,64,FULL,1780280973.7819142,1780280973.7821329,0.2186298370361328,decode,1,0,452712,0.0,0.0,0.0,0.0,0.0,0
forward_start,1780280973.781948,57,57,57,64,FULL,1780280973.781948,1780280973.782261,0.31280517578125,decode,0,0,452715,0.0,0.0,0.0,0.0,0.0,0
forward_start,1780280973.7943213,58,58,58,64,FULL,1780280973.7943213,1780280973.7946334,0.3120899200439453,decode,0,0,452715,0.09775161743164062,0.31321619556913677,0.09775161743164062,0.31321619556913677,1.0,1
forward_start,1780280973.7996979,56,56,56,64,FULL,1780280973.7996979,1780280973.79992,0.22220611572265625,decode,1,0,452712,0.22220611572265625,1.0,0.22220611572265625,1.0,1.0,1
forward_start,1780280973.8065634,56,56,56,64,FULL,1780280973.8065634,1780280973.8067641,0.20074844360351562,decode,1,0,452712,0.20074844360351562,1.0,0.20074844360351562,1.0,1.0,1
forward_start,1780280973.806591,58,58,58,64,FULL,1780280973.806591,1780280973.8068833,0.2923011779785156,decode,0,0,452715,0.2923011779785156,1.0,0.2923011779785156,1.0,1.0,1
forward_start,1780280973.818905,56,56,56,64,FULL,1780280973.818905,1780280973.8190947,0.1895427703857422,decode,1,0,452712,0.1895427703857422,1.0,0.1895427703857422,1.0,1.0,1
forward_start,1780280973.818925,58,58,58,64,FULL,1780280973.818925,1780280973.8192031,0.27823448181152344,decode,0,0,452715,0.21576881408691406,0.7754927163667523,0.21576881408691406,0.7754927163667523,1.0,1
forward_start,1780280973.8312566,56,56,56,64,FULL,1780280973.8312566,1780280973.8314595,0.2028942108154297,decode,1,0,452712,0.0,0.0,0.0,0.0,0.0,0
forward_start,1780280973.8312705,58,58,58,64,FULL,1780280973.8312705,1780280973.8315663,0.29587745666503906,decode,0,0,452715,0.0,0.0,0.0,0.0,0.0,0
forward_start,1780280973.8435292,57,57,57,64,FULL,1780280973.8435292,1780280973.84372,0.19073486328125,decode,1,0,452712,0.0,0.0,0.0,0.0,0.0,0
forward_start,1780280973.843557,58,58,58,64,FULL,1780280973.843557,1780280973.8438401,0.28324127197265625,decode,0,0,452715,0.0,0.0,0.0,0.0,0.0,0
forward_start,1780280973.855946,57,57,57,64,FULL,1780280973.855946,1780280973.856136,0.1900196075439453,decode,1,0,452712,0.0,0.0,0.0,0.0,0.0,0
forward_start,1780280973.8559592,58,58,58,64,FULL,1780280973.8559592,1780280973.8562458,0.2865791320800781,decode,0,0,452715,0.0,0.0,0.0,0.0,0.0,0
forward_start,1780280973.8682306,57,57,57,64,FULL,1780280973.8682306,1780280973.868438,0.20742416381835938,decode,1,0,452712,0.0,0.0,0.0,0.0,0.0,0
forward_start,1780280973.868233,58,58,58,64,FULL,1780280973.868233,1780280973.868537,0.3039836883544922,decode,0,0,452715,0.0,0.0,0.0,0.0,0.0,0
forward_start,1780280973.8807805,57,57,57,64,FULL,1780280973.8807805,1780280973.8809645,0.18405914306640625,decode,1,0,452712,0.0,0.0,0.0,0.0,0.0,0
forward_start,1780280973.8808038,58,58,58,64,FULL,1780280973.8808038,1780280973.8810804,0.2765655517578125,decode,0,0,452715,0.0,0.0,0.0,0.0,0.0,0
forward_start,1780280973.8932562,57,57,57,64,FULL,1780280973.8932562,1780280973.8934605,0.20432472229003906,decode,1,0,452712,0.0,0.0,0.0,0.0,0.0,0
forward_start,1780280973.8932602,57,57,57,64,FULL,1780280973.8932602,1780280973.8935754,0.3151893615722656,decode,0,0,452715,0.0,0.0,0.0,0.0,0.0,0
forward_start,1780280973.905689,57,57,57,64,FULL,1780280973.905689,1780280973.9058785,0.1895427703857422,decode,1,0,452712,0.0,0.0,0.0,0.0,0.0,0
forward_start,1780280973.9056997,57,57,57,64,FULL,1780280973.9056997,1780280973.9059844,0.2846717834472656,decode,0,0,452715,0.0,0.0,0.0,0.0,0.0,0
forward_start,1780280973.9178855,57,57,57,64,FULL,1780280973.9178855,1780280973.9180686,0.18310546875,decode,1,0,452712,0.0,0.0,0.0,0.0,0.0,0
forward_start,1780280973.9178975,56,56,56,64,FULL,1780280973.9178975,1780280973.9181817,0.2841949462890625,decode,0,0,452715,0.0,0.0,0.0,0.0,0.0,0
forward_start,1780280973.9305062,56,56,56,64,FULL,1780280973.9305062,1780280973.9307988,0.2925395965576172,decode,0,0,452715,0.0,0.0,0.0,0.0,0.0,0
forward_start,1780280973.9305108,57,57,57,64,FULL,1780280973.9305108,1780280973.9306955,0.18477439880371094,decode,1,0,452712,0.0,0.0,0.0,0.0,0.0,0
forward_start,1780280973.9426622,57,57,57,64,FULL,1780280973.9426622,1780280973.9428468,0.18453598022460938,decode,1,0,452712,0.0,0.0,0.0,0.0,0.0,0
forward_start,1780280973.9477715,56,56,56,64,FULL,1780280973.9477715,1780280973.948127,0.3554821014404297,decode,0,0,452715,0.3554821014404297,1.0,0.3554821014404297,1.0,1.0,1
forward_start,1780280973.9550934,57,57,57,64,FULL,1780280973.9550934,1780280973.9552782,0.18477439880371094,decode,1,0,452712,0.18477439880371094,1.0,0.18477439880371094,1.0,1.0,1
forward_start,1780280973.9551191,56,56,56,64,FULL,1780280973.9551191,1780280973.9554296,0.3104209899902344,decode,0,0,452715,0.3104209899902344,1.0,0.3104209899902344,1.0,1.0,1
forward_start,1780280973.9671717,56,56,56,64,FULL,1780280973.9671717,1780280973.9674733,0.30159950256347656,decode,0,0,452715,0.46825408935546875,1.5525691699604742,0.30159950256347656,1.0,1.5525691699604742,2
forward_start,1780280973.9694614,57,57,57,64,FULL,1780280973.9694614,1780280973.9696517,0.19025802612304688,decode,1,0,452712,0.0,0.0,0.0,0.0,0.0,0
forward_start,1780280973.9795854,57,57,57,64,FULL,1780280973.9795854,1780280973.9797692,0.1838207244873047,decode,1,0,452712,0.0,0.0,0.0,0.0,0.0,0
forward_start,1780280973.97959,56,56,56,64,FULL,1780280973.97959,1780280973.979872,0.28204917907714844,decode,0,0,452715,0.0,0.0,0.0,0.0,0.0,0
forward_start,1780280973.9921086,58,58,58,64,FULL,1780280973.9921086,1780280973.9922934,0.18477439880371094,decode,1,0,452712,0.03266334533691406,0.1767741935483871,0.03266334533691406,0.1767741935483871,1.0,1
forward_start,1780280973.9995327,57,57,57,64,FULL,1780280973.9995327,1780280973.9998143,0.2815723419189453,decode,0,0,452715,0.0,0.0,0.0,0.0,0.0,0
forward_start,1780280974.0044389,58,58,58,64,FULL,1780280974.0044389,1780280974.0046275,0.18858909606933594,decode,1,0,452712,0.0,0.0,0.0,0.0,0.0,0
forward_start,1780280974.0044518,57,57,57,64,FULL,1780280974.0044518,1780280974.0047257,0.2739429473876953,decode,0,0,452715,0.0,0.0,0.0,0.0,0.0,0
forward_start,1780280974.0177503,58,58,58,64,FULL,1780280974.0177503,1780280974.0179348,0.18453598022460938,decode,1,0,452712,0.0,0.0,0.0,0.0,0.0,0
forward_start,1780280974.0177724,57,57,57,64,FULL,1780280974.0177724,1780280974.0180526,0.28014183044433594,decode,0,0,452715,0.0,0.0,0.0,0.0,0.0,0
forward_start,1780280974.0291846,58,58,58,64,FULL,1780280974.0291846,1780280974.0293887,0.2040863037109375,decode,1,0,452712,0.0,0.0,0.0,0.0,0.0,0
forward_start,1780280974.0292003,57,57,57,64,FULL,1780280974.0292003,1780280974.0295026,0.30231475830078125,decode,0,0,452715,0.0,0.0,0.0,0.0,0.0,0
forward_start,1780280974.0412662,57,57,57,64,FULL,1780280974.0412662,1780280974.0415597,0.29349327087402344,decode,0,0,452715,0.0,0.0,0.0,0.0,0.0,0
forward_start,1780280974.0412667,58,58,58,64,FULL,1780280974.0412667,1780280974.0414727,0.20599365234375,decode,1,0,452712,0.0,0.0,0.0,0.0,0.0,0
forward_start,1780280974.0538719,58,58,58,64,FULL,1780280974.0538719,1780280974.05406,0.1881122589111328,decode,1,0,452712,0.0,0.0,0.0,0.0,0.0,0
forward_start,1780280974.0538814,57,57,57,64,FULL,1780280974.0538814,1780280974.0541594,0.2779960632324219,decode,0,0,452715,0.0,0.0,0.0,0.0,0.0,0
forward_start,1780280974.066408,56,56,56,64,FULL,1780280974.066408,1780280974.06669,0.28204917907714844,decode,0,0,452715,0.1742839813232422,0.6179205409974641,0.1742839813232422,0.6179205409974641,1.0,1
forward_start,1780280974.0686684,58,58,58,64,FULL,1780280974.0686684,1780280974.06886,0.19168853759765625,decode,1,0,452712,0.0,0.0,0.0,0.0,0.0,0
forward_start,1780280974.0786,58,58,58,64,FULL,1780280974.0786,1780280974.078786,0.18596649169921875,decode,1,0,452712,0.0,0.0,0.0,0.0,0.0,0
forward_start,1780280974.0786054,56,56,56,64,FULL,1780280974.0786054,1780280974.0788977,0.2923011779785156,decode,0,0,452715,0.0,0.0,0.0,0.0,0.0,0
forward_start,1780280974.0910537,58,58,58,64,FULL,1780280974.0910537,1780280974.0912383,0.18453598022460938,decode,1,0,452712,0.0,0.0,0.0,0.0,0.0,0
forward_start,1780280974.0910754,56,56,56,64,FULL,1780280974.0910754,1780280974.091366,0.2906322479248047,decode,0,0,452715,0.0,0.0,0.0,0.0,0.0,0
forward_start,1780280974.103482,58,58,58,64,FULL,1780280974.103482,1780280974.1036658,0.1838207244873047,decode,1,0,452712,0.0,0.0,0.0,0.0,0.0,0
forward_start,1780280974.1035085,56,56,56,64,FULL,1780280974.1035085,1780280974.103796,0.2875328063964844,decode,0,0,452715,0.0,0.0,0.0,0.0,0.0,0
forward_start,1780280974.1156545,58,58,58,64,FULL,1780280974.1156545,1780280974.1158395,0.1850128173828125,decode,1,0,452712,0.0,0.0,0.0,0.0,0.0,0
forward_start,1780280974.1156585,56,56,56,64,FULL,1780280974.1156585,1780280974.1159372,0.27871131896972656,decode,0,0,452715,0.0,0.0,0.0,0.0,0.0,0
