start,end,duration_ms,poll_ts,poll_slack_ms,start_time_us,start_time_raw_s,start_time_s,start_time_to_poll_ms,post_begin_to_start_time_ms,post_cpu_ms,post_duration_ms,bytes_transferred,throughput_gbps,desc_count,req,handle,role,dp,tp,pid,n_blocks,remote_engine,remote_rank,interval_source
1780280904.1758626,1780280904.2119346,36.072,1780280904.2119884,0.053882598876953125,137274137529,137274.137529,1780280904.1758626,36.125898361206055,0.00476837158203125,20.658016204833984,20.622,89653248,2.4853972055888223,5472,chatcmpl-f2162534-8139-477f-963e-1fdf40d0009f-b5a056cd,"nixl_xfer_handle(0x5af9a381a640, released=False)",decode,0,0,452715,57,d61968e8-e4aa-43a2-8ca8-85b623ffd1e5_dp0,0,nixl_start_time
1780280904.2118566,1780280904.2282927,16.436,1780280904.228346,0.05340576171875,137274173523,137274.173523,1780280904.2118566,16.489505767822266,0.0045299530029296875,5.278348922729492,5.257,28311552,1.722532976393283,1728,chatcmpl-28bad096-9049-41cc-bbf9-d3f4c0bd8230-81ea7643,"nixl_xfer_handle(0x556359ce4500, released=False)",decode,1,0,452712,18,d61968e8-e4aa-43a2-8ca8-85b623ffd1e5_dp1,0,nixl_start_time
1780280904.2241557,1780280904.2278948,3.7390000000000003,1780280904.2283676,0.47278404235839844,137274185822,137274.185822,1780280904.2241557,4.211902618408203,0.0050067901611328125,3.7603378295898438,3.739,7864320,2.10332174378176,480,chatcmpl-fe3b0bc9-c37b-40c5-b17e-f3e50a5fe7e9-aa55af33,"nixl_xfer_handle(0x556359a3d0f0, released=False)",decode,1,0,452712,5,d61968e8-e4aa-43a2-8ca8-85b623ffd1e5_dp0,0,nixl_start_time
1780280904.3983197,1780280904.4107077,12.388,1780280904.410726,0.018358230590820312,137274359986,137274.359986,1780280904.3983197,12.406349182128906,0.0050067901611328125,5.213499069213867,5.193,37748736,3.047201808201485,2304,chatcmpl-9d17e86b-94ad-4d6d-bd59-14a7ea429eb4-88d2faf2,"nixl_xfer_handle(0x5af9a381a640, released=False)",decode,0,0,452715,24,d61968e8-e4aa-43a2-8ca8-85b623ffd1e5_dp0,0,nixl_start_time
1780280904.4479697,1780280904.4497397,1.77,1780280904.4501472,0.4074573516845703,137274409636,137274.409636,1780280904.4479697,2.1774768829345703,0.0045299530029296875,1.7905235290527344,1.77,3145728,1.7772474576271187,192,chatcmpl-68cac7dc-d77a-446c-bf8f-67d5847489f3-bb0aad8c,"nixl_xfer_handle(0x556359a3d0f0, released=False)",decode,1,0,452712,2,d61968e8-e4aa-43a2-8ca8-85b623ffd1e5_dp1,0,nixl_start_time
1780280904.5351646,1780280904.5373096,2.145,1780280904.53771,0.40030479431152344,137274496831,137274.496831,1780280904.5351646,2.5453567504882812,0.003814697265625,2.1677017211914062,2.145,3145728,1.4665398601398598,192,chatcmpl-b352f40f-7ce4-4ec3-a152-d6d807099f6d-92d324f7,"nixl_xfer_handle(0x5af9a381a640, released=False)",decode,0,0,452715,2,d61968e8-e4aa-43a2-8ca8-85b623ffd1e5_dp0,0,nixl_start_time
1780280904.6230056,1780280904.6235237,0.518,1780280904.623938,0.4143714904785156,137274584672,137274.584672,1780280904.6230056,0.9324550628662109,0.00476837158203125,0.5376338958740234,0.518,1572864,3.0364169884169883,48,chatcmpl-64520ef0-48ca-4fcd-b174-b14c2796d0e6-853a99a6,"nixl_xfer_handle(0x556359a3d0f0, released=False)",decode,1,0,452712,1,d61968e8-e4aa-43a2-8ca8-85b623ffd1e5_dp1,0,nixl_start_time
1780280904.7358866,1780280904.7397425,3.856,1780280904.739758,0.015497207641601562,137274697553,137274.697553,1780280904.7358866,3.871440887451172,0.0040531158447265625,3.3257007598876953,3.305,4718592,1.223701244813278,288,chatcmpl-4169dce3-8ad3-4189-ac34-6462484abb90-9a7c753d,"nixl_xfer_handle(0x5af9a381a640, released=False)",decode,0,0,452715,3,d61968e8-e4aa-43a2-8ca8-85b623ffd1e5_dp0,0,nixl_start_time
1780280904.7611556,1780280904.7685726,7.417,1780280904.7689755,0.4029273986816406,137274722822,137274.722822,1780280904.7611556,7.819890975952148,0.0050067901611328125,7.437229156494141,7.417,14155776,1.908558177160577,864,chatcmpl-a2e147ea-e0a8-49c2-be9d-391f27c1968d-aefd8526,"nixl_xfer_handle(0x556359a3d0f0, released=False)",decode,1,0,452712,9,d61968e8-e4aa-43a2-8ca8-85b623ffd1e5_dp1,0,nixl_start_time
1780280904.8366365,1780280904.8616254,24.989,1780280904.8616583,0.032901763916015625,137274798303,137274.798303,1780280904.8366365,25.021791458129883,0.0045299530029296875,5.468606948852539,5.449,40894464,1.6364986193925326,2496,chatcmpl-69da7969-ae07-4a94-a1d7-b0a97aab54ed-b5b04ac8,"nixl_xfer_handle(0x5af9a381a640, released=False)",decode,0,0,452715,26,d61968e8-e4aa-43a2-8ca8-85b623ffd1e5_dp0,0,nixl_start_time
1780280904.8489957,1780280904.8616457,12.65,1780280904.8616943,0.04863739013671875,137274810662,137274.810662,1780280904.8489957,12.698650360107422,0.0054836273193359375,5.37109375,5.323,26738688,2.113730276679842,1632,chatcmpl-6028cfaf-7c8c-41ef-bf63-6042192cc900-8c5ab966,"nixl_xfer_handle(0x556359a3d0f0, released=False)",decode,1,0,452712,17,d61968e8-e4aa-43a2-8ca8-85b623ffd1e5_dp1,0,nixl_start_time
1780280904.9115396,1780280904.9169366,5.397,1780280904.9173026,0.36597251892089844,137274873206,137274.873206,1780280904.9115396,5.763053894042969,0.004291534423828125,5.419492721557617,5.397,9437184,1.748598110061145,576,chatcmpl-8580acb8-ed8c-4151-bfc3-4190d9788d84-98f76b9c,"nixl_xfer_handle(0x5af9a3e0dc60, released=False)",decode,0,0,452715,6,d61968e8-e4aa-43a2-8ca8-85b623ffd1e5_dp0,0,nixl_start_time
1780280904.9240727,1780280904.9257066,1.6340000000000001,1780280904.9261045,0.3979206085205078,137274885739,137274.885739,1780280904.9240727,2.0318031311035156,0.004291534423828125,1.6536712646484375,1.634,3145728,1.925170134638923,192,chatcmpl-d4850433-93b3-45b1-910c-55988d75867f-8ecb205f,"nixl_xfer_handle(0x556359a3d0f0, released=False)",decode,1,0,452712,2,d61968e8-e4aa-43a2-8ca8-85b623ffd1e5_dp1,0,nixl_start_time
1780280905.1121457,1780280905.1152406,3.095,1780280905.1156566,0.41604042053222656,137275073812,137275.073812,1780280905.1121457,3.5109519958496094,0.00476837158203125,3.117799758911133,3.095,6291456,2.0327806138933764,384,chatcmpl-de740fa1-d20d-4ac9-b988-24cb44d5424e-ac8175a6,"nixl_xfer_handle(0x556359a3d0f0, released=False)",decode,1,0,452712,4,d61968e8-e4aa-43a2-8ca8-85b623ffd1e5_dp1,0,nixl_start_time
1780280905.1122596,1780280905.1250856,12.826,1780280905.1251059,0.020265579223632812,137275073926,137275.073926,1780280905.1122596,12.846231460571289,0.003814697265625,4.483699798583984,4.466,31457280,2.4526181194448777,1920,chatcmpl-1ca48ee8-c739-4fec-a3ea-ed432860f090-ad0b1846,"nixl_xfer_handle(0x5af9a3e0dc60, released=False)",decode,0,0,452715,20,d61968e8-e4aa-43a2-8ca8-85b623ffd1e5_dp0,0,nixl_start_time
1780280905.2000916,1780280905.2017815,1.6900000000000002,1780280905.2021914,0.40984153747558594,137275161758,137275.161758,1780280905.2000916,2.099752426147461,0.0045299530029296875,1.7132759094238281,1.69,3145728,1.8613775147928995,192,chatcmpl-f5779089-f407-4b55-a305-6f42c9d52c9a-9c4565a5,"nixl_xfer_handle(0x556359a3d0f0, released=False)",decode,1,0,452712,2,d61968e8-e4aa-43a2-8ca8-85b623ffd1e5_dp0,0,nixl_start_time
1780280905.2126458,1780280905.2158039,3.1580000000000004,1780280905.2161565,0.35262107849121094,137275174312,137275.174312,1780280905.2126458,3.510713577270508,0.00476837158203125,3.1785964965820312,3.158,4718592,1.49417099430019,288,chatcmpl-cb485a16-748d-409d-8d44-24c41ed7857d-91f4f705,"nixl_xfer_handle(0x5af9a3e1f220, released=False)",decode,0,0,452715,3,d61968e8-e4aa-43a2-8ca8-85b623ffd1e5_dp0,0,nixl_start_time
1780280905.2378957,1780280905.2412248,3.3289999999999997,1780280905.2416456,0.4208087921142578,137275199562,137275.199562,1780280905.2378957,3.749847412109375,0.0069141387939453125,3.358125686645508,3.329,6291456,1.8898936617602884,384,chatcmpl-19754362-12bd-4ff4-aef4-8c965f65c79b-97207866,"nixl_xfer_handle(0x556359a3d0f0, released=False)",decode,1,0,452712,4,d61968e8-e4aa-43a2-8ca8-85b623ffd1e5_dp1,0,nixl_start_time
1780280905.2879596,1780280905.3010466,13.087,1780280905.3010662,0.019550323486328125,137275249626,137275.249626,1780280905.2879596,13.106584548950195,0.0054836273193359375,5.072593688964844,5.052,23592960,1.802778329640101,1440,chatcmpl-abf60a27-0078-4a92-a2bb-baf066293163-bdac4589,"nixl_xfer_handle(0x556359a3d0f0, released=False)",decode,1,0,452712,15,d61968e8-e4aa-43a2-8ca8-85b623ffd1e5_dp0,0,nixl_start_time
1780280905.3008046,1780280905.3075645,6.760000000000001,1780280905.3079321,0.3676414489746094,137275262471,137275.262471,1780280905.3008046,7.127523422241211,0.0040531158447265625,6.7806243896484375,6.76,9437184,1.3960331360946745,576,chatcmpl-4fa66dbd-96f9-4c58-9e3e-585f0a6c0945-beb49ffe,"nixl_xfer_handle(0x5af9a3e1f220, released=False)",decode,0,0,452715,6,d61968e8-e4aa-43a2-8ca8-85b623ffd1e5_dp1,0,nixl_start_time
1780280905.4512627,1780280905.4763997,25.137,1780280905.4764178,0.01811981201171875,137275412929,137275.412929,1780280905.4512627,25.155067443847656,0.0057220458984375,6.63447380065918,6.614,56623104,2.2525800214822773,3456,chatcmpl-b4c32ff8-0391-4af5-8833-1c14a4408d78-9e5d514a,"nixl_xfer_handle(0x5af9a3e1f220, released=False)",decode,0,0,452715,36,d61968e8-e4aa-43a2-8ca8-85b623ffd1e5_dp0,0,nixl_start_time
1780280905.4634976,1780280905.4889157,25.418,1780280905.4889612,0.04553794860839844,137275425164,137275.425164,1780280905.4634976,25.463581085205078,0.008821487426757812,5.895376205444336,5.872,39321600,1.5469981902588719,2400,chatcmpl-6bb4ad13-0494-4a30-b10c-04f593cfd81d-8f1eb36a,"nixl_xfer_handle(0x556359a3d0f0, released=False)",decode,1,0,452712,25,d61968e8-e4aa-43a2-8ca8-85b623ffd1e5_dp0,0,nixl_start_time
1780280905.5638926,1780280905.5965886,32.696000000000005,1780280905.5966067,0.01811981201171875,137275525559,137275.525559,1780280905.5638926,32.714128494262695,0.005245208740234375,17.510652542114258,17.489,77070336,2.35717934915586,4704,chatcmpl-52c80ff6-b0ef-4ae3-8995-e8569be1e677-9bc9509f,"nixl_xfer_handle(0x5af9a41d96a0, released=False)",decode,0,0,452715,49,d61968e8-e4aa-43a2-8ca8-85b623ffd1e5_dp1,0,nixl_start_time
1780280905.6596127,1780280905.6848338,25.221,1780280905.6848516,0.017881393432617188,137275621279,137275.621279,1780280905.6596127,25.238990783691406,0.005245208740234375,5.886077880859375,5.866,58195968,2.3074409420720827,3552,chatcmpl-9e7b0464-f4c2-43c8-956d-b083266ddef8-a32eb5f1,"nixl_xfer_handle(0x5af9a3e3f570, released=False)",decode,0,0,452715,37,d61968e8-e4aa-43a2-8ca8-85b623ffd1e5_dp0,0,nixl_start_time
1780280905.6723597,1780280905.6750686,2.709,1780280905.675498,0.42939186096191406,137275634026,137275.634026,1780280905.6723597,3.138303756713867,0.026226043701171875,2.758502960205078,2.709,4718592,1.7418205980066446,288,chatcmpl-73ebef23-3111-4af0-9d89-1feada404392-9f66c339,"nixl_xfer_handle(0x556356e1cdc0, released=False)",decode,1,0,452712,3,d61968e8-e4aa-43a2-8ca8-85b623ffd1e5_dp1,0,nixl_start_time
1780280905.8096557,1780280905.8419816,32.326,1780280905.8420043,0.022649765014648438,137275771322,137275.771322,1780280905.8096557,32.3486328125,0.006198883056640625,17.06409454345703,17.027,81788928,2.5301283177627916,4992,chatcmpl-7e5a466a-7c88-48bb-b04e-11d7d0c93da9-aa67f75b,"nixl_xfer_handle(0x556356e1cdc0, released=False)",decode,1,0,452712,52,d61968e8-e4aa-43a2-8ca8-85b623ffd1e5_dp1,0,nixl_start_time
1780280905.9297106,1780280905.9303236,0.6130000000000001,1780280905.9307404,0.41675567626953125,137275891377,137275.891377,1780280905.9297106,1.0297298431396484,0.004291534423828125,0.6437301635742188,0.613,1572864,2.5658466557911908,48,chatcmpl-533f6156-7115-4a70-b8dc-e95c95725aed-80567d07,"nixl_xfer_handle(0x5af9a3e3f570, released=False)",decode,0,0,452715,1,d61968e8-e4aa-43a2-8ca8-85b623ffd1e5_dp0,0,nixl_start_time
1780280906.0172076,1780280906.0194485,2.241,1780280906.019847,0.39839744567871094,137275978874,137275.978874,1780280906.0172076,2.639293670654297,0.003814697265625,2.258777618408203,2.241,3145728,1.4037161981258366,192,chatcmpl-b105908e-2c57-4cd5-9258-fa066357be5e-b027ee71,"nixl_xfer_handle(0x5af9a3e3f570, released=False)",decode,0,0,452715,2,d61968e8-e4aa-43a2-8ca8-85b623ffd1e5_dp1,0,nixl_start_time
1780280906.0779116,1780280906.1022236,24.312,1780280906.1022418,0.01811981201171875,137276039578,137276.039578,1780280906.0779116,24.33013916015625,0.0045299530029296875,4.173040390014648,4.154,45613056,1.8761539980256663,2784,chatcmpl-9a5f73b3-61ec-4b28-bcc7-787d75e5b3d7-81290d66,"nixl_xfer_handle(0x5af9a3e3f570, released=False)",decode,0,0,452715,29,d61968e8-e4aa-43a2-8ca8-85b623ffd1e5_dp0,0,nixl_start_time
1780280906.0909827,1780280906.0925367,1.554,1780280906.0929415,0.4048347473144531,137276052649,137276.052649,1780280906.0909827,1.9588470458984375,0.004291534423828125,1.573324203491211,1.554,3145728,2.0242779922779923,192,chatcmpl-f2286042-7b49-4f07-8074-2da3839748e9-8bba3bad,"nixl_xfer_handle(0x556356e1cdc0, released=False)",decode,1,0,452712,2,d61968e8-e4aa-43a2-8ca8-85b623ffd1e5_dp1,0,nixl_start_time
1780280906.1266305,1780280906.1391385,12.508000000000001,1780280906.1391757,0.03719329833984375,137276088297,137276.088297,1780280906.1266305,12.545108795166016,0.0045299530029296875,5.341291427612305,5.32,26738688,2.137726894787336,1632,chatcmpl-a9bca7f6-ec4e-41e0-867a-a9ffdb02cb04-b890b8ac,"nixl_xfer_handle(0x556356e1cdc0, released=False)",decode,1,0,452712,17,d61968e8-e4aa-43a2-8ca8-85b623ffd1e5_dp0,0,nixl_start_time
1780280906.1388795,1780280906.1409745,2.095,1780280906.14135,0.37550926208496094,137276100546,137276.100546,1780280906.1388795,2.4704933166503906,0.0045299530029296875,2.1202564239501953,2.095,3145728,1.5015408114558473,192,chatcmpl-45249cbb-1ea0-444b-bcbb-f0d764302bd2-8d984569,"nixl_xfer_handle(0x5af9a3e3f570, released=False)",decode,0,0,452715,2,d61968e8-e4aa-43a2-8ca8-85b623ffd1e5_dp1,0,nixl_start_time
1780280906.1888487,1780280906.1904547,1.606,1780280906.1908555,0.40078163146972656,137276150515,137276.150515,1780280906.1888487,2.0067691802978516,0.0045299530029296875,1.627206802368164,1.606,3145728,1.9587347447073473,192,chatcmpl-e74845a9-7bd0-4924-91dd-4336a2c2dce7-ae979ec2,"nixl_xfer_handle(0x556356e1cdc0, released=False)",decode,1,0,452712,2,d61968e8-e4aa-43a2-8ca8-85b623ffd1e5_dp0,0,nixl_start_time
1780280906.2254176,1780280906.2260356,0.618,1780280906.2263892,0.3535747528076172,137276187084,137276.187084,1780280906.2254176,0.9715557098388672,0.0040531158447265625,0.6353855133056641,0.618,1572864,2.545087378640777,48,chatcmpl-90efb0a2-fd15-4d3b-8989-93625ac9fe6b-83935e44,"nixl_xfer_handle(0x5af9a3e3f570, released=False)",decode,0,0,452715,1,d61968e8-e4aa-43a2-8ca8-85b623ffd1e5_dp0,0,nixl_start_time
1780280906.3121026,1780280906.3174527,5.35,1780280906.3178642,0.4115104675292969,137276273769,137276.273769,1780280906.3121026,5.761623382568359,0.0035762786865234375,5.373477935791016,5.35,11010048,2.057952897196262,672,chatcmpl-1bb67729-05f1-45e8-8d26-8698a6af4e42-bb82eb3b,"nixl_xfer_handle(0x556356e1cdc0, released=False)",decode,1,0,452712,7,d61968e8-e4aa-43a2-8ca8-85b623ffd1e5_dp1,0,nixl_start_time
1780280906.3244836,1780280906.3304367,5.953,1780280906.330452,0.0152587890625,137276286150,137276.28615,1780280906.3244836,5.968332290649414,0.00476837158203125,5.553722381591797,5.532,7864320,1.3210683688896356,480,chatcmpl-3efcaad1-9ba8-404a-8791-5d544c81a2f6-b6e023f2,"nixl_xfer_handle(0x5af9a3e3f570, released=False)",decode,0,0,452715,5,d61968e8-e4aa-43a2-8ca8-85b623ffd1e5_dp0,0,nixl_start_time
1780280906.3988326,1780280906.4237976,24.965,1780280906.4238296,0.031948089599609375,137276360499,137276.360499,1780280906.3988326,24.99699592590332,0.0054836273193359375,7.108449935913086,7.087,61341696,2.45710779090727,3744,chatcmpl-02521273-8cac-4253-b40b-ffb9a59c6c2e-86449be7,"nixl_xfer_handle(0x556356e1cdc0, released=False)",decode,1,0,452712,39,d61968e8-e4aa-43a2-8ca8-85b623ffd1e5_dp1,0,nixl_start_time
1780280906.4112856,1780280906.4140277,2.742,1780280906.414423,0.3952980041503906,137276372952,137276.372952,1780280906.4112856,3.137350082397461,0.0045299530029296875,2.7625560760498047,2.742,4718592,1.7208577680525166,288,chatcmpl-9156d7ea-53bd-45d1-95ac-6d44dfcc2412-8d86aeca,"nixl_xfer_handle(0x5af9a3e3f570, released=False)",decode,0,0,452715,3,d61968e8-e4aa-43a2-8ca8-85b623ffd1e5_dp0,0,nixl_start_time
1780280906.4865746,1780280906.5114617,24.887,1780280906.5115175,0.055789947509765625,137276448241,137276.448241,1780280906.4865746,24.942874908447266,0.0057220458984375,6.763935089111328,6.741,53477376,2.1488076505806246,3264,chatcmpl-946dbda5-f5c8-4732-a0af-f4d448b2f4ae-9cdfe11c,"nixl_xfer_handle(0x5563599ba2b0, released=False)",decode,1,0,452712,34,d61968e8-e4aa-43a2-8ca8-85b623ffd1e5_dp1,0,nixl_start_time
1780280906.5112407,1780280906.5238566,12.616,1780280906.5239203,0.06365776062011719,137276472907,137276.472907,1780280906.5112407,12.679576873779297,0.006198883056640625,4.498958587646484,4.479,25165824,1.9947545973367151,1536,chatcmpl-12886e49-5e81-4b25-a519-ed46b270c778-afccef44,"nixl_xfer_handle(0x5af9a3e3f570, released=False)",decode,0,0,452715,16,d61968e8-e4aa-43a2-8ca8-85b623ffd1e5_dp0,0,nixl_start_time
1780280906.5363586,1780280906.5382535,1.895,1780280906.538618,0.36454200744628906,137276498025,137276.498025,1780280906.5363586,2.259492874145508,0.004291534423828125,1.9145011901855469,1.895,3145728,1.6600147757255936,192,chatcmpl-feff2035-3144-49a7-ac00-9fb0f2dce1a3-aac1a679,"nixl_xfer_handle(0x5af9a35e5ec0, released=False)",decode,0,0,452715,2,d61968e8-e4aa-43a2-8ca8-85b623ffd1e5_dp1,0,nixl_start_time
1780280906.6740527,1780280906.6986768,24.624,1780280906.6987348,0.05793571472167969,137276635719,137276.635719,1780280906.6740527,24.682044982910156,0.00476837158203125,6.20722770690918,6.188,47185920,1.9162573099415205,2880,chatcmpl-4d964fe1-d4ee-4c1b-971f-9eb0dad36308-9968dd9a,"nixl_xfer_handle(0x5563599ba2b0, released=False)",decode,1,0,452712,30,d61968e8-e4aa-43a2-8ca8-85b623ffd1e5_dp0,0,nixl_start_time
1780280906.7355807,1780280906.7372136,1.633,1780280906.737619,0.40531158447265625,137276697247,137276.697247,1780280906.7355807,2.038240432739258,0.0054836273193359375,1.6529560089111328,1.633,3145728,1.9263490508266996,192,chatcmpl-13f4e205-0f5e-416d-9a06-a318f6061f87-8366c316,"nixl_xfer_handle(0x5563599ba2b0, released=False)",decode,1,0,452712,2,d61968e8-e4aa-43a2-8ca8-85b623ffd1e5_dp0,0,nixl_start_time
1780280906.7731287,1780280906.7737317,0.603,1780280906.7741318,0.4000663757324219,137276734795,137276.734795,1780280906.7731287,1.0030269622802734,0.0050067901611328125,0.6229877471923828,0.603,1572864,2.608398009950249,48,chatcmpl-aa97e043-e22a-424f-a7d2-2b0f9cc666dd-8d07b418,"nixl_xfer_handle(0x5af9a35e5ec0, released=False)",decode,0,0,452715,1,d61968e8-e4aa-43a2-8ca8-85b623ffd1e5_dp1,0,nixl_start_time
1780280906.8589826,1780280906.8842185,25.236,1780280906.884239,0.020503997802734375,137276820649,137276.820649,1780280906.8589826,25.25639533996582,0.0050067901611328125,4.64320182800293,4.623,42467328,1.6828074179743224,2592,chatcmpl-64e62459-eaa9-4fdd-9ef2-42893cba3886-a50a49f5,"nixl_xfer_handle(0x5af9a35e5ec0, released=False)",decode,0,0,452715,27,d61968e8-e4aa-43a2-8ca8-85b623ffd1e5_dp0,0,nixl_start_time
1780280906.8958957,1780280906.9028838,6.988,1780280906.903287,0.4031658172607422,137276857562,137276.857562,1780280906.8958957,7.391214370727539,0.005245208740234375,7.011890411376953,6.988,14155776,2.025726388093875,864,chatcmpl-8343f16d-d4d3-4f8b-afca-fc51f5e4bfbc-ba97e052,"nixl_xfer_handle(0x5563599ba2b0, released=False)",decode,1,0,452712,9,d61968e8-e4aa-43a2-8ca8-85b623ffd1e5_dp1,0,nixl_start_time
1780280906.9083047,1780280906.9137588,5.454,1780280906.9141116,0.3528594970703125,137276869971,137276.869971,1780280906.9083047,5.806922912597656,0.0045299530029296875,5.475282669067383,5.454,7864320,1.4419361936193622,480,chatcmpl-a1f6dc15-1664-4bca-aa45-2599a5853c1f-a9c135d6,"nixl_xfer_handle(0x5af9a3e1a080, released=False)",decode,0,0,452715,5,d61968e8-e4aa-43a2-8ca8-85b623ffd1e5_dp0,0,nixl_start_time
1780280906.9447057,1780280906.9463687,1.663,1780280906.9467733,0.40459632873535156,137276906372,137276.906372,1780280906.9447057,2.06756591796875,0.0054836273193359375,1.6837120056152344,1.663,3145728,1.891598316295851,192,chatcmpl-5178f223-1fd9-48de-a787-08829ef37457-a0a732b5,"nixl_xfer_handle(0x5563599ba2b0, released=False)",decode,1,0,452712,2,d61968e8-e4aa-43a2-8ca8-85b623ffd1e5_dp1,0,nixl_start_time
1780280906.9696076,1780280906.9818165,12.209,1780280906.9818769,0.06031990051269531,137276931274,137276.931274,1780280906.9696076,12.269258499145508,0.0045299530029296875,3.8237571716308594,3.804,33030144,2.7053930706855596,2016,chatcmpl-98d05634-63ca-4dff-8946-8b42e49d0b8a-93807092,"nixl_xfer_handle(0x5af9a3e1a080, released=False)",decode,0,0,452715,21,d61968e8-e4aa-43a2-8ca8-85b623ffd1e5_dp0,0,nixl_start_time
1780280906.9816597,1780280906.9939706,12.311,1780280906.9939904,0.019788742065429688,137276943326,137276.943326,1780280906.9816597,12.330770492553711,0.0054836273193359375,4.969358444213867,4.949,23592960,1.9164129640159207,1440,chatcmpl-1055afea-f7be-43c9-98d8-6b5eea169c88-9379c4ff,"nixl_xfer_handle(0x5563599ba2b0, released=False)",decode,1,0,452712,15,d61968e8-e4aa-43a2-8ca8-85b623ffd1e5_dp1,0,nixl_start_time
1780280907.0429018,1780280907.0445607,1.659,1780280907.044954,0.3933906555175781,137277004568,137277.004568,1780280907.0429018,2.05230712890625,0.004291534423828125,1.678466796875,1.659,3145728,1.896159132007233,192,chatcmpl-916e31ca-bc4a-4e0f-bc02-d66d63c797fc-bcc6d2ec,"nixl_xfer_handle(0x5563599ba2b0, released=False)",decode,1,0,452712,2,d61968e8-e4aa-43a2-8ca8-85b623ffd1e5_dp1,0,nixl_start_time
1780280907.1538837,1780280907.1590698,5.186,1780280907.1590831,0.0133514404296875,137277115550,137277.11555,1780280907.1538837,5.199432373046875,0.004291534423828125,4.536151885986328,4.516,6291456,1.213161588893174,384,chatcmpl-31ee356a-85a6-4085-85df-62f9620aaaf8-81d5d560,"nixl_xfer_handle(0x5af9a3809320, released=False)",decode,0,0,452715,4,d61968e8-e4aa-43a2-8ca8-85b623ffd1e5_dp0,0,nixl_start_time
1780280907.2272518,1780280907.2277877,0.536,1780280907.2281914,0.4036426544189453,137277188918,137277.188918,1780280907.2272518,0.9396076202392578,0.006198883056640625,0.5621910095214844,0.536,1572864,2.9344477611940296,48,chatcmpl-bf3d288d-a578-4220-ad80-ed11fb05558c-bc4624fc,"nixl_xfer_handle(0x5563599ba2b0, released=False)",decode,1,0,452712,1,d61968e8-e4aa-43a2-8ca8-85b623ffd1e5_dp1,0,nixl_start_time
1780280907.4380226,1780280907.4690757,31.053,1780280907.4691205,0.04482269287109375,137277399689,137277.399689,1780280907.4380226,31.097888946533203,0.0054836273193359375,16.081571578979492,16.06,72351744,2.3299437735484494,4416,chatcmpl-8babddb7-6ed1-46d2-9510-32c970471dee-8d2e7a8a,"nixl_xfer_handle(0x5af9a3809320, released=False)",decode,0,0,452715,46,d61968e8-e4aa-43a2-8ca8-85b623ffd1e5_dp0,0,nixl_start_time
1780280907.5183277,1780280907.5215337,3.206,1780280907.5219593,0.42557716369628906,137277479994,137277.479994,1780280907.5183277,3.631591796875,0.0059604644775390625,3.231048583984375,3.206,6291456,1.9624004990642545,384,chatcmpl-d8766c15-50b8-4a2c-af37-fde1882c6d50-b31c5ee8,"nixl_xfer_handle(0x5563599ba2b0, released=False)",decode,1,0,452712,4,d61968e8-e4aa-43a2-8ca8-85b623ffd1e5_dp1,0,nixl_start_time
1780280907.6167316,1780280907.6187356,2.004,1780280907.619085,0.3495216369628906,137277578398,137277.578398,1780280907.6167316,2.3534297943115234,0.004291534423828125,2.0241737365722656,2.004,3145728,1.5697245508982034,192,chatcmpl-f3b30525-cf2c-4a03-9587-3116f431d60e-86d33199,"nixl_xfer_handle(0x5af9a3809320, released=False)",decode,0,0,452715,2,d61968e8-e4aa-43a2-8ca8-85b623ffd1e5_dp0,0,nixl_start_time
1780280907.7155037,1780280907.7524457,36.942,1780280907.7524588,0.013113021850585938,137277677170,137277.67717,1780280907.7155037,36.95511817932129,0.00667572021484375,19.797563552856445,19.76,84934656,2.299135293162254,5184,chatcmpl-88359fd1-cfc8-4568-aa2b-088f14513254-adc439d5,"nixl_xfer_handle(0x5af9a3809320, released=False)",decode,0,0,452715,54,d61968e8-e4aa-43a2-8ca8-85b623ffd1e5_dp1,0,nixl_start_time
1780280907.7500587,1780280907.7520897,2.0309999999999997,1780280907.7524772,0.38743019104003906,137277711725,137277.711725,1780280907.7500587,2.41851806640625,0.003814697265625,2.048492431640625,2.031,3145728,1.5488567208271788,192,chatcmpl-e46285dc-86d7-4b4a-847b-edcdb43a3201-b1e78f9c,"nixl_xfer_handle(0x5af9a3dba0a0, released=False)",decode,0,0,452715,2,d61968e8-e4aa-43a2-8ca8-85b623ffd1e5_dp0,0,nixl_start_time
1780280907.9101827,1780280907.9127078,2.525,1780280907.9131095,0.4017353057861328,137277871849,137277.871849,1780280907.9101827,2.9268264770507812,0.0059604644775390625,2.549886703491211,2.525,4718592,1.868749306930693,288,chatcmpl-ca25c0a5-2e67-4077-94c1-53382324b185-b6db299a,"nixl_xfer_handle(0x5563599ba2b0, released=False)",decode,1,0,452712,3,d61968e8-e4aa-43a2-8ca8-85b623ffd1e5_dp0,0,nixl_start_time
1780280908.0580657,1780280908.0611646,3.099,1780280908.0615282,0.3635883331298828,137278019732,137278.019732,1780280908.0580657,3.462553024291992,0.003814697265625,3.116130828857422,3.099,4718592,1.522617618586641,288,chatcmpl-21cdf6ac-5c75-467e-9956-314b494e4234-9d7f7754,"nixl_xfer_handle(0x5af9a3dba0a0, released=False)",decode,0,0,452715,3,d61968e8-e4aa-43a2-8ca8-85b623ffd1e5_dp1,0,nixl_start_time
1780280908.2555156,1780280908.2802985,24.783,1780280908.2803571,0.058650970458984375,137278217182,137278.217182,1780280908.2555156,24.8415470123291,0.0064373016357421875,6.9446563720703125,6.924,56623104,2.2847558406972523,3456,chatcmpl-883521a1-8ce7-4a05-8eba-5d1fb5e324ba-9f1dbf54,"nixl_xfer_handle(0x5563599ba2b0, released=False)",decode,1,0,452712,36,d61968e8-e4aa-43a2-8ca8-85b623ffd1e5_dp0,0,nixl_start_time
1780280908.2677996,1780280908.2708607,3.061,1780280908.2712476,0.38695335388183594,137278229466,137278.229466,1780280908.2677996,3.448009490966797,0.00667572021484375,3.0832290649414062,3.061,4718592,1.5415197647827508,288,chatcmpl-99ea182f-6d8a-43d1-bffe-c61aa40eaa47-a74cc384,"nixl_xfer_handle(0x5af9a3dba0a0, released=False)",decode,0,0,452715,3,d61968e8-e4aa-43a2-8ca8-85b623ffd1e5_dp1,0,nixl_start_time
1780280908.3419836,1780280908.3441255,2.142,1780280908.3445327,0.40721893310546875,137278303650,137278.30365,1780280908.3419836,2.5491714477539062,0.0045299530029296875,2.160787582397461,2.142,3145728,1.468593837535014,192,chatcmpl-f8638762-ee2a-4370-8e4b-5ee64c2215ce-8d264261,"nixl_xfer_handle(0x5af9a3dba0a0, released=False)",decode,0,0,452715,2,d61968e8-e4aa-43a2-8ca8-85b623ffd1e5_dp1,0,nixl_start_time
1780280908.3421497,1780280908.3820937,39.944,1780280908.382147,0.05340576171875,137278303816,137278.303816,1780280908.3421497,39.99733924865723,0.0054836273193359375,18.651247024536133,18.612,88080384,2.2050967354296014,5376,chatcmpl-de284d8b-51fe-49c7-8180-1742ffd7effb-a733b466,"nixl_xfer_handle(0x5563599ba2b0, released=False)",decode,1,0,452712,56,d61968e8-e4aa-43a2-8ca8-85b623ffd1e5_dp0,0,nixl_start_time
1780280908.3756738,1780280908.3780487,2.375,1780280908.378061,0.01239776611328125,137278337340,137278.33734,1780280908.3756738,2.3872852325439453,0.0035762786865234375,1.819610595703125,1.801,3145728,1.3245170526315788,192,chatcmpl-39a4ca5b-9355-4abe-ba6a-3e783559c84b-b0799c65,"nixl_xfer_handle(0x5af9a3dba0a0, released=False)",decode,0,0,452715,2,d61968e8-e4aa-43a2-8ca8-85b623ffd1e5_dp0,0,nixl_start_time
1780280908.3758516,1780280908.3936136,17.762,1780280908.3936563,0.04267692565917969,137278337518,137278.337518,1780280908.3758516,17.804622650146484,0.0045299530029296875,5.879402160644531,5.859,28311552,1.5939394212363471,1728,chatcmpl-f3da902d-8521-4e72-a303-5ef5fb533dd5-ae5c2ffe,"nixl_xfer_handle(0x556359ce4500, released=False)",decode,1,0,452712,18,d61968e8-e4aa-43a2-8ca8-85b623ffd1e5_dp1,0,nixl_start_time
1780280908.3882306,1780280908.4007585,12.527999999999999,1780280908.4007785,0.02002716064453125,137278349897,137278.349897,1780280908.3882306,12.547969818115234,0.005245208740234375,4.97746467590332,4.957,26738688,2.1343141762452107,1632,chatcmpl-d97a5c6d-c128-4ffe-af32-fbbe9a2fdae1-a3497749,"nixl_xfer_handle(0x5563599ba2b0, released=False)",decode,1,0,452712,17,d61968e8-e4aa-43a2-8ca8-85b623ffd1e5_dp0,0,nixl_start_time
1780280908.4005506,1780280908.4128666,12.316,1780280908.4128838,0.0171661376953125,137278362217,137278.362217,1780280908.4005506,12.333154678344727,0.004291534423828125,3.3311843872070312,3.313,20447232,1.6602169535563494,1248,chatcmpl-7b9e69be-f527-4a40-8b22-bac1c206cf6a-8da86368,"nixl_xfer_handle(0x5af9a3dba0a0, released=False)",decode,0,0,452715,13,d61968e8-e4aa-43a2-8ca8-85b623ffd1e5_dp1,0,nixl_start_time
1780280908.6335497,1780280908.6401727,6.623,1780280908.6405985,0.4258155822753906,137278595216,137278.595216,1780280908.6335497,7.048845291137695,0.005245208740234375,6.644487380981445,6.623,11010048,1.6623958930998037,672,chatcmpl-d29bd2b7-3e5e-43aa-9972-f19890f88517-baffbd1e,"nixl_xfer_handle(0x5af9a3dba0a0, released=False)",decode,0,0,452715,7,d61968e8-e4aa-43a2-8ca8-85b623ffd1e5_dp1,0,nixl_start_time
1780280908.6336257,1780280908.6674616,33.836,1780280908.6674793,0.017642974853515625,137278595292,137278.595292,1780280908.6336257,33.85353088378906,0.0054836273193359375,10.224580764770508,10.203,67633152,1.9988518737439416,4128,chatcmpl-f647efec-b556-4a71-9dfb-7c4ff33c3930-8dd8519f,"nixl_xfer_handle(0x5563599ba2b0, released=False)",decode,1,0,452712,43,d61968e8-e4aa-43a2-8ca8-85b623ffd1e5_dp0,0,nixl_start_time
1780280908.6588187,1780280908.6714957,12.677000000000001,1780280908.6715176,0.02193450927734375,137278620485,137278.620485,1780280908.6588187,12.698888778686523,0.004291534423828125,8.169889450073242,8.137,34603008,2.729589650548237,2112,chatcmpl-028f032e-5c35-4889-96bd-94a8e297f80a-a250b3cb,"nixl_xfer_handle(0x556359ce4500, released=False)",decode,1,0,452712,22,d61968e8-e4aa-43a2-8ca8-85b623ffd1e5_dp0,0,nixl_start_time
1780280908.6711836,1780280908.6732285,2.045,1780280908.6736002,0.37169456481933594,137278632850,137278.63285,1780280908.6711836,2.4166107177734375,0.0045299530029296875,2.065420150756836,2.045,3145728,1.5382533007334964,192,chatcmpl-90750c40-0cf1-47f9-85ed-1d6610d006b8-a9a32eaf,"nixl_xfer_handle(0x5af9a3dba0a0, released=False)",decode,0,0,452715,2,d61968e8-e4aa-43a2-8ca8-85b623ffd1e5_dp1,0,nixl_start_time
1780280908.8060176,1780280908.8080115,1.9940000000000002,1780280908.808419,0.4074573516845703,137278767684,137278.767684,1780280908.8060176,2.4013519287109375,0.0045299530029296875,2.0139217376708984,1.994,3145728,1.5775967903711132,192,chatcmpl-2cc42676-94ff-47c1-b4d9-a3a3ef1b5fca-bbba7305,"nixl_xfer_handle(0x5af9a3dba0a0, released=False)",decode,0,0,452715,2,d61968e8-e4aa-43a2-8ca8-85b623ffd1e5_dp1,0,nixl_start_time
1780280908.8060915,1780280908.8312826,25.191000000000003,1780280908.83137,0.08749961853027344,137278767758,137278.767758,1780280908.8060915,25.278568267822266,0.004291534423828125,5.636692047119141,5.618,40894464,1.6233759676074788,2496,chatcmpl-eb2d7772-0e01-4302-a537-97d78869f7db-8e36c41d,"nixl_xfer_handle(0x556359ce4500, released=False)",decode,1,0,452712,26,d61968e8-e4aa-43a2-8ca8-85b623ffd1e5_dp0,0,nixl_start_time
1780280908.8183837,1780280908.8313947,13.011,1780280908.8314319,0.03719329833984375,137278780050,137278.78005,1780280908.8183837,13.048171997070312,0.0050067901611328125,1.2392997741699219,1.217,3145728,0.24177449850126814,192,chatcmpl-e86befa6-eb8e-4f7d-8203-c51c77be699a-b3cf7c3c,"nixl_xfer_handle(0x5563599ba2b0, released=False)",decode,1,0,452712,2,d61968e8-e4aa-43a2-8ca8-85b623ffd1e5_dp0,0,nixl_start_time
1780280909.1258657,1780280909.1274996,1.6340000000000001,1780280909.127903,0.40340423583984375,137279087532,137279.087532,1780280909.1258657,2.0372867584228516,0.004291534423828125,1.6582012176513672,1.634,3145728,1.925170134638923,192,chatcmpl-4900c8ee-cdad-4518-ac5a-784c27bdd386-ab91e981,"nixl_xfer_handle(0x5563599ba2b0, released=False)",decode,1,0,452712,2,d61968e8-e4aa-43a2-8ca8-85b623ffd1e5_dp0,0,nixl_start_time
1780280909.1508508,1780280909.1549678,4.117,1780280909.1554015,0.4336833953857422,137279112517,137279.112517,1780280909.1508508,4.550695419311523,0.0045299530029296875,4.136323928833008,4.117,6291456,1.528165168812242,384,chatcmpl-87723f21-7774-4d6d-8f67-04b211ca814a-a5e3ae12,"nixl_xfer_handle(0x5af9a3dba0a0, released=False)",decode,0,0,452715,4,d61968e8-e4aa-43a2-8ca8-85b623ffd1e5_dp1,0,nixl_start_time
1780280909.2370567,1780280909.2689328,31.876,1780280909.2689626,0.029802322387695312,137279198723,137279.198723,1780280909.2370567,31.9058895111084,0.006198883056640625,11.825323104858398,11.788,73924608,2.319130631195884,4512,chatcmpl-67b14c65-57ac-4404-a13e-b1735aa0917e-8155fe9b,"nixl_xfer_handle(0x5563599ba2b0, released=False)",decode,1,0,452712,47,d61968e8-e4aa-43a2-8ca8-85b623ffd1e5_dp0,0,nixl_start_time
1780280909.2524076,1780280909.2831056,30.698,1780280909.2831209,0.0152587890625,137279214074,137279.214074,1780280909.2524076,30.713319778442383,0.0059604644775390625,13.09823989868164,13.061,25165824,0.8197870871066519,1536,chatcmpl-5ebeab3d-1ad6-4432-857c-03333eac3b46-a7d7f68d,"nixl_xfer_handle(0x556359ce4500, released=False)",decode,1,0,452712,16,d61968e8-e4aa-43a2-8ca8-85b623ffd1e5_dp1,0,nixl_start_time
1780280909.2809186,1780280909.2826996,1.7810000000000001,1780280909.2831404,0.44083595275878906,137279242585,137279.242585,1780280909.2809186,2.221822738647461,0.0045299530029296875,1.8000602722167969,1.781,3145728,1.7662706344750139,192,chatcmpl-a60ccf6a-03b1-4054-a373-7eafd5b7c4e4-9647fa4b,"nixl_xfer_handle(0x5563599ba2b0, released=False)",decode,1,0,452712,2,d61968e8-e4aa-43a2-8ca8-85b623ffd1e5_dp0,0,nixl_start_time
1780280909.2809296,1780280909.2832596,2.33,1780280909.2836912,0.4315376281738281,137279242596,137279.242596,1780280909.2809296,2.7616024017333984,0.0035762786865234375,2.3469924926757812,2.33,3145728,1.350097854077253,192,chatcmpl-d203f615-eb56-4b5e-83fb-4eddd9eb28ae-a1356d77,"nixl_xfer_handle(0x5af9a3dba0a0, released=False)",decode,0,0,452715,2,d61968e8-e4aa-43a2-8ca8-85b623ffd1e5_dp1,0,nixl_start_time
1780280909.3297396,1780280909.3575385,27.799,1780280909.357568,0.02956390380859375,137279291406,137279.291406,1780280909.3297396,27.828454971313477,0.00476837158203125,5.511760711669922,5.493,40894464,1.4710768013237887,2496,chatcmpl-f0b568d6-c077-41aa-9fbc-0a763d870a4a-b0890153,"nixl_xfer_handle(0x5af9a3dba0a0, released=False)",decode,0,0,452715,26,d61968e8-e4aa-43a2-8ca8-85b623ffd1e5_dp1,0,nixl_start_time
1780280909.3538628,1780280909.3659227,12.059999999999999,1780280909.3659413,0.018596649169921875,137279315529,137279.315529,1780280909.3538628,12.078523635864258,0.00476837158203125,3.2846927642822266,3.265,22020096,1.8258786069651742,1344,chatcmpl-abaaadaa-df05-4c86-8994-7733e6b57ccc-8792d456,"nixl_xfer_handle(0x5af9a3809320, released=False)",decode,0,0,452715,14,d61968e8-e4aa-43a2-8ca8-85b623ffd1e5_dp0,0,nixl_start_time
1780280909.4522448,1780280909.4600909,7.846000000000001,1780280909.4605274,0.43654441833496094,137279413911,137279.413911,1780280909.4522448,8.282661437988281,0.005245208740234375,7.873773574829102,7.846,15728640,2.004669895488147,960,chatcmpl-6b5a7d56-27c2-4bba-9d5d-20cefac41d5b-9c86db7d,"nixl_xfer_handle(0x5563599ba2b0, released=False)",decode,1,0,452712,10,d61968e8-e4aa-43a2-8ca8-85b623ffd1e5_dp1,0,nixl_start_time
1780280909.5384285,1780280909.5508986,12.47,1780280909.550957,0.05841255187988281,137279500095,137279.500095,1780280909.5384285,12.528419494628906,0.0054836273193359375,5.039215087890625,5.019,34603008,2.7749004009623093,2112,chatcmpl-5f3451c6-ca4a-42b7-bba7-aa6801d4116c-be4afe59,"nixl_xfer_handle(0x5af9a3809320, released=False)",decode,0,0,452715,22,d61968e8-e4aa-43a2-8ca8-85b623ffd1e5_dp0,0,nixl_start_time
1780280909.5507877,1780280909.5755727,24.785,1780280909.5755944,0.021696090698242188,137279512454,137279.512454,1780280909.5507877,24.806737899780273,0.0050067901611328125,5.997896194458008,5.975,36175872,1.4595873310470042,2208,chatcmpl-6fa814b0-e180-4dff-8c76-0ebdbe24d421-9efcb7f3,"nixl_xfer_handle(0x5563599ba2b0, released=False)",decode,1,0,452712,23,d61968e8-e4aa-43a2-8ca8-85b623ffd1e5_dp1,0,nixl_start_time
1780280909.5752575,1780280909.5774145,2.157,1780280909.5778332,0.41866302490234375,137279536924,137279.536924,1780280909.5752575,2.5756359100341797,0.003814697265625,2.177000045776367,2.157,3145728,1.4583810848400558,192,chatcmpl-894df5ad-8b11-408f-bc19-be139d963816-92ee14fa,"nixl_xfer_handle(0x5af9a3809320, released=False)",decode,0,0,452715,2,d61968e8-e4aa-43a2-8ca8-85b623ffd1e5_dp0,0,nixl_start_time
1780280909.7101486,1780280909.7128847,2.736,1780280909.7128987,0.014066696166992188,137279671815,137279.671815,1780280909.7101486,2.7501583099365234,0.0045299530029296875,2.2313594818115234,2.211,3145728,1.1497543859649122,192,chatcmpl-9483293c-b491-4415-a640-2f8b1fc3a8f8-94afeeac,"nixl_xfer_handle(0x5af9a3809320, released=False)",decode,0,0,452715,2,d61968e8-e4aa-43a2-8ca8-85b623ffd1e5_dp0,0,nixl_start_time
1780280909.7102056,1780280909.7225895,12.383999999999999,1780280909.722616,0.026464462280273438,137279671872,137279.671872,1780280909.7102056,12.410402297973633,0.0050067901611328125,7.318973541259766,7.298,29884416,2.413147286821706,1824,chatcmpl-c2339b78-ffac-4cd1-b63c-2244b6b2a88e-bfbe19c7,"nixl_xfer_handle(0x5563599ba2b0, released=False)",decode,1,0,452712,19,d61968e8-e4aa-43a2-8ca8-85b623ffd1e5_dp1,0,nixl_start_time
1780280909.7958148,1780280909.8080258,12.211,1780280909.8080544,0.0286102294921875,137279757481,137279.757481,1780280909.7958148,12.239694595336914,0.004291534423828125,3.7844181060791016,3.766,18874368,1.545685693227418,1152,chatcmpl-6fe0becc-4631-420b-ab8b-2c5a4255a2bd-a20e950d,"nixl_xfer_handle(0x5af9a3809320, released=False)",decode,0,0,452715,12,d61968e8-e4aa-43a2-8ca8-85b623ffd1e5_dp0,0,nixl_start_time
1780280909.8691957,1780280909.8938258,24.63,1780280909.893847,0.021219253540039062,137279830862,137279.830862,1780280909.8691957,24.651288986206055,0.0050067901611328125,9.622573852539062,9.58,47185920,1.9157904993909867,2880,chatcmpl-cc58d678-2322-48e8-939e-220c1b886a6d-b9bddaaa,"nixl_xfer_handle(0x5563599ba2b0, released=False)",decode,1,0,452712,30,d61968e8-e4aa-43a2-8ca8-85b623ffd1e5_dp1,0,nixl_start_time
1780280909.9060776,1780280909.9306877,24.61,1780280909.9307048,0.0171661376953125,137279867744,137279.867744,1780280909.9060776,24.627208709716797,0.00476837158203125,4.528522491455078,4.51,42467328,1.725612677773263,2592,chatcmpl-04725afc-51b3-4943-a2dd-697ba66a8c4c-b3fb8343,"nixl_xfer_handle(0x5af9a3809320, released=False)",decode,0,0,452715,27,d61968e8-e4aa-43a2-8ca8-85b623ffd1e5_dp0,0,nixl_start_time
1780280909.9794967,1780280909.9834397,3.9430000000000005,1780280909.9838405,0.40078163146972656,137279941163,137279.941163,1780280909.9794967,4.343748092651367,0.0054836273193359375,3.9641857147216797,3.943,7864320,1.9945016484909965,480,chatcmpl-31e1c5bb-a22c-422f-ae26-9ca24b6aacde-92df9b69,"nixl_xfer_handle(0x5563599ba2b0, released=False)",decode,1,0,452712,5,d61968e8-e4aa-43a2-8ca8-85b623ffd1e5_dp1,0,nixl_start_time
1780280909.9797037,1780280910.0072527,27.549,1780280910.0073159,0.06318092346191406,137279941370,137279.94137,1780280909.9797037,27.61220932006836,0.00476837158203125,12.702703475952148,12.667,72351744,2.6262929325928344,4416,chatcmpl-1fed8e12-8271-416d-80c0-bc2c7b413932-ae34de66,"nixl_xfer_handle(0x5af9a3809320, released=False)",decode,0,0,452715,46,d61968e8-e4aa-43a2-8ca8-85b623ffd1e5_dp1,0,nixl_start_time
1780280910.0071447,1780280910.0235617,16.417,1780280910.0235758,0.014066696166992188,137279968811,137279.968811,1780280910.0071447,16.431093215942383,0.004291534423828125,6.89244270324707,6.868,39321600,2.395175732472437,2400,chatcmpl-278da3a8-106f-4447-8220-1fabda230749-822d516c,"nixl_xfer_handle(0x5563599ba2b0, released=False)",decode,1,0,452712,25,d61968e8-e4aa-43a2-8ca8-85b623ffd1e5_dp0,0,nixl_start_time
1780280910.0194206,1780280910.0319567,12.536,1780280910.0319848,0.028133392333984375,137279981087,137279.981087,1780280910.0194206,12.56418228149414,0.0054836273193359375,3.674745559692383,3.653,7864320,0.6273388640714742,480,chatcmpl-f50f3e8c-bb4b-4336-a89f-132894193418-a629458d,"nixl_xfer_handle(0x556359ce4500, released=False)",decode,1,0,452712,5,d61968e8-e4aa-43a2-8ca8-85b623ffd1e5_dp1,0,nixl_start_time
1780280910.1288846,1780280910.1692824,40.398,1780280910.169295,0.012636184692382812,137280090551,137280.090551,1780280910.1288846,40.410518646240234,0.00476837158203125,21.216154098510742,21.179,89653248,2.219249665825041,5472,chatcmpl-99bca777-3506-4f5e-a667-c1c7af83f343-a4c6b264,"nixl_xfer_handle(0x5af9a3809320, released=False)",decode,0,0,452715,57,d61968e8-e4aa-43a2-8ca8-85b623ffd1e5_dp0,0,nixl_start_time
1780280910.1537206,1780280910.1577077,3.987,1780280910.1580915,0.3838539123535156,137280115387,137280.115387,1780280910.1537206,4.370927810668945,0.00476837158203125,4.006624221801758,3.987,7864320,1.9724905944319036,480,chatcmpl-1566dc3e-4de4-4753-9372-181ece17eb7b-b4527cc7,"nixl_xfer_handle(0x556359ce4500, released=False)",decode,1,0,452712,5,d61968e8-e4aa-43a2-8ca8-85b623ffd1e5_dp1,0,nixl_start_time
1780280910.1648886,1780280910.1776125,12.723999999999998,1780280910.1776304,0.017881393432617188,137280126555,137280.126555,1780280910.1648886,12.741804122924805,0.0045299530029296875,3.9849281311035156,3.966,33030144,2.5958931153725247,2016,chatcmpl-62669e74-9dde-4490-976d-bd47b1ff9d3b-9d9311c6,"nixl_xfer_handle(0x5af9a3dba0a0, released=False)",decode,0,0,452715,21,d61968e8-e4aa-43a2-8ca8-85b623ffd1e5_dp0,0,nixl_start_time
1780280910.1774638,1780280910.1896548,12.191,1780280910.1896987,0.0438690185546875,137280139130,137280.13913,1780280910.1774638,12.234926223754883,0.0059604644775390625,5.992412567138672,5.971,26738688,2.1933137560495446,1632,chatcmpl-f1ebeafa-b1b8-43dd-8c8b-b0d691ac2dc7-9db4303c,"nixl_xfer_handle(0x556359ce4500, released=False)",decode,1,0,452712,17,d61968e8-e4aa-43a2-8ca8-85b623ffd1e5_dp1,0,nixl_start_time
1780280910.2018247,1780280910.2024877,0.6629999999999999,1780280910.202899,0.4112720489501953,137280163491,137280.163491,1780280910.2018247,1.0743141174316406,0.003814697265625,0.6821155548095703,0.663,1572864,2.372343891402715,48,chatcmpl-95193a48-1d09-4346-8ff2-7b7f7dfd76e0-9c3ac9d4,"nixl_xfer_handle(0x5af9a3dba0a0, released=False)",decode,0,0,452715,1,d61968e8-e4aa-43a2-8ca8-85b623ffd1e5_dp1,0,nixl_start_time
1780280910.2138135,1780280910.2155507,1.737,1780280910.2159517,0.4010200500488281,137280175480,137280.17548,1780280910.2138135,2.1381378173828125,0.00476837158203125,1.756906509399414,1.737,3145728,1.811012089810017,192,chatcmpl-e4cbd434-3b51-420a-8a62-1f50ded3a80a-8a6d3bb7,"nixl_xfer_handle(0x556359ce4500, released=False)",decode,1,0,452712,2,d61968e8-e4aa-43a2-8ca8-85b623ffd1e5_dp0,0,nixl_start_time
1780280910.2139328,1780280910.2301347,16.202,1780280910.2301502,0.015497207641601562,137280175599,137280.175599,1780280910.2139328,16.217470169067383,0.0040531158447265625,4.212617874145508,4.195,33030144,2.038646093074929,2016,chatcmpl-315ddd3f-51b9-44f8-8694-bfaae25fd7c4-b0c1a2f8,"nixl_xfer_handle(0x5af9a3dba0a0, released=False)",decode,0,0,452715,21,d61968e8-e4aa-43a2-8ca8-85b623ffd1e5_dp1,0,nixl_start_time
1780280910.2260437,1780280910.2277486,1.7049999999999998,1780280910.2281568,0.408172607421875,137280187710,137280.18771,1780280910.2260437,2.1131038665771484,0.0050067901611328125,1.7268657684326172,1.705,3145728,1.8450017595307917,192,chatcmpl-488aee10-fbdc-431a-bf1c-e7564f02412d-832ecb5f,"nixl_xfer_handle(0x556359ce4500, released=False)",decode,1,0,452712,2,d61968e8-e4aa-43a2-8ca8-85b623ffd1e5_dp1,0,nixl_start_time
1780280910.2260897,1780280910.2301707,4.081,1780280910.2302132,0.042438507080078125,137280187756,137280.187756,1780280910.2260897,4.123449325561523,0.0040531158447265625,3.5276412963867188,3.507,4718592,1.1562342563097279,288,chatcmpl-325cff59-86ee-4e40-987a-dd63805bb6f6-8b980928,"nixl_xfer_handle(0x5af9a3809320, released=False)",decode,0,0,452715,3,d61968e8-e4aa-43a2-8ca8-85b623ffd1e5_dp0,0,nixl_start_time
1780280910.2504787,1780280910.2529237,2.4450000000000003,1780280910.2533207,0.39696693420410156,137280212145,137280.212145,1780280910.2504787,2.841949462890625,0.005245208740234375,2.465963363647461,2.445,4718592,1.929894478527607,288,chatcmpl-f539ca1c-e01e-4912-9a7f-27a562af0b88-9a9ecf4a,"nixl_xfer_handle(0x556359ce4500, released=False)",decode,1,0,452712,3,d61968e8-e4aa-43a2-8ca8-85b623ffd1e5_dp0,0,nixl_start_time
1780280910.2746887,1780280910.2823677,7.679,1780280910.2827773,0.4096031188964844,137280236355,137280.236355,1780280910.2746887,8.08858871459961,0.00476837158203125,7.700443267822266,7.679,12582912,1.6386133611147284,768,chatcmpl-ba3bba74-ad4a-4ccc-9387-23c8b93e4b63-874f48b7,"nixl_xfer_handle(0x5af9a3809320, released=False)",decode,0,0,452715,8,d61968e8-e4aa-43a2-8ca8-85b623ffd1e5_dp0,0,nixl_start_time
1780280910.2747097,1780280910.2873597,12.65,1780280910.2873812,0.021457672119140625,137280236376,137280.236376,1780280910.2747097,12.671470642089844,0.0059604644775390625,4.316568374633789,4.295,17301504,1.3677078260869564,1056,chatcmpl-641ed74c-9366-44eb-abe3-f842c83ae305-a5b5d83f,"nixl_xfer_handle(0x556359ce4500, released=False)",decode,1,0,452712,11,d61968e8-e4aa-43a2-8ca8-85b623ffd1e5_dp1,0,nixl_start_time
1780280910.3475215,1780280910.3505125,2.991,1780280910.3508995,0.38695335388183594,137280309188,137280.309188,1780280910.3475215,3.3779144287109375,0.0045299530029296875,3.009796142578125,2.991,4718592,1.5775967903711132,288,chatcmpl-8d874e63-fb2f-4865-81e7-5e27930a7f5c-afc93d8a,"nixl_xfer_handle(0x5af9a3809320, released=False)",decode,0,0,452715,3,d61968e8-e4aa-43a2-8ca8-85b623ffd1e5_dp0,0,nixl_start_time
1780280910.4441657,1780280910.4812257,37.06,1780280910.481261,0.03528594970703125,137280405832,137280.405832,1780280910.4441657,37.09530830383301,0.005245208740234375,9.930610656738281,9.906,69206016,1.867404641122504,4224,chatcmpl-34666880-86f8-4045-9c53-3edbc92791e2-a95cf873,"nixl_xfer_handle(0x556359ce4500, released=False)",decode,1,0,452712,44,d61968e8-e4aa-43a2-8ca8-85b623ffd1e5_dp1,0,nixl_start_time
1780280910.4543686,1780280910.4812896,26.921,1780280910.4813297,0.0400543212890625,137280416035,137280.416035,1780280910.4543686,26.961088180541992,0.0030994415283203125,11.785268783569336,11.751,40894464,1.5190544184837116,2496,chatcmpl-8e3ff0f5-7529-48e7-918f-819468cf84fe-aa2ae303,"nixl_xfer_handle(0x5563599ba2b0, released=False)",decode,1,0,452712,26,d61968e8-e4aa-43a2-8ca8-85b623ffd1e5_dp0,0,nixl_start_time
1780280910.5289376,1780280910.5316947,2.757,1780280910.5320833,0.3886222839355469,137280490604,137280.490604,1780280910.5289376,3.1456947326660156,0.0045299530029296875,2.7778148651123047,2.757,4718592,1.711495103373232,288,chatcmpl-f62d2058-03a4-4eaf-83ad-22077b432c75-a918208f,"nixl_xfer_handle(0x5af9a3809320, released=False)",decode,0,0,452715,3,d61968e8-e4aa-43a2-8ca8-85b623ffd1e5_dp0,0,nixl_start_time
1780280910.5646987,1780280910.5765438,11.844999999999999,1780280910.576587,0.04315376281738281,137280526365,137280.526365,1780280910.5646987,11.888265609741211,0.00476837158203125,3.7806034088134766,3.761,31457280,2.6557433516251585,1920,chatcmpl-c49c4450-5bd7-45c2-9b9c-f7bb36ffaeb4-bf64e14a,"nixl_xfer_handle(0x5af9a3809320, released=False)",decode,0,0,452715,20,d61968e8-e4aa-43a2-8ca8-85b623ffd1e5_dp1,0,nixl_start_time
1780280910.6126068,1780280910.6181428,5.5360000000000005,1780280910.61857,0.42724609375,137280574273,137280.574273,1780280910.6126068,5.963325500488281,0.0054836273193359375,5.560874938964844,5.536,11010048,1.9888092485549134,672,chatcmpl-13dff605-2286-4522-8065-de83bf8c7f3d-a8aa4c5a,"nixl_xfer_handle(0x556359a3e3a0, released=False)",decode,1,0,452712,7,d61968e8-e4aa-43a2-8ca8-85b623ffd1e5_dp0,0,nixl_start_time
1780280910.7097476,1780280910.7113976,1.65,1780280910.7118056,0.40793418884277344,137280671414,137280.671414,1780280910.7097476,2.0580291748046875,0.0054836273193359375,1.6744136810302734,1.65,3145728,1.9065018181818183,192,chatcmpl-88aefdad-250d-4a4e-906f-0e0d6f88087e-b0c51ae4,"nixl_xfer_handle(0x556359a3e3a0, released=False)",decode,1,0,452712,2,d61968e8-e4aa-43a2-8ca8-85b623ffd1e5_dp1,0,nixl_start_time
1780280910.8300936,1780280910.8422787,12.185,1780280910.8423524,0.07367134094238281,137280791760,137280.79176,1780280910.8300936,12.258768081665039,0.0050067901611328125,3.3419132232666016,3.323,20447232,1.6780658186294626,1248,chatcmpl-982ffdb7-773c-4fd4-8742-a0cdd3ac113c-908b0819,"nixl_xfer_handle(0x5af9a3809320, released=False)",decode,0,0,452715,13,d61968e8-e4aa-43a2-8ca8-85b623ffd1e5_dp0,0,nixl_start_time
1780280910.9628036,1780280910.9644096,1.606,1780280910.9648168,0.40721893310546875,137280924470,137280.92447,1780280910.9628036,2.0132064819335938,0.0054836273193359375,1.6281604766845703,1.606,3145728,1.9587347447073473,192,chatcmpl-e554d00c-863f-4577-b6c8-187bdca0f2e3-a5eff912,"nixl_xfer_handle(0x556359a3e3a0, released=False)",decode,1,0,452712,2,d61968e8-e4aa-43a2-8ca8-85b623ffd1e5_dp0,0,nixl_start_time
1780280910.9629695,1780280910.9918225,28.853,1780280910.991836,0.013589859008789062,137280924636,137280.924636,1780280910.9629695,28.86652946472168,0.0050067901611328125,5.161523818969727,5.141,56623104,1.962468512806294,3456,chatcmpl-605cc9a7-f0f0-4fb0-8fad-ef52c6cacbe2-b5e7e4d4,"nixl_xfer_handle(0x5af9a3809320, released=False)",decode,0,0,452715,36,d61968e8-e4aa-43a2-8ca8-85b623ffd1e5_dp1,0,nixl_start_time
1780280910.9869986,1780280910.9918575,4.859,1780280910.9918947,0.03719329833984375,137280948665,137280.948665,1780280910.9869986,4.8961639404296875,0.004291534423828125,4.325389862060547,4.307,6291456,1.2948046923235235,384,chatcmpl-1e0e87d7-89ca-46e0-bd27-d40f724481a4-aec3f0b5,"nixl_xfer_handle(0x5af9a3dba0a0, released=False)",decode,0,0,452715,4,d61968e8-e4aa-43a2-8ca8-85b623ffd1e5_dp0,0,nixl_start_time
1780280910.9870217,1780280910.9894488,2.427,1780280910.9898582,0.4093647003173828,137280948688,137280.948688,1780280910.9870217,2.836465835571289,0.006198883056640625,2.4509429931640625,2.427,4718592,1.9442076637824475,288,chatcmpl-047d8709-3e54-4012-b9f6-6e672a9b411e-ace15bf5,"nixl_xfer_handle(0x556359a3e3a0, released=False)",decode,1,0,452712,3,d61968e8-e4aa-43a2-8ca8-85b623ffd1e5_dp0,0,nixl_start_time
1780280911.0598407,1780280911.0846007,24.76,1780280911.0846236,0.02288818359375,137281021507,137281.021507,1780280911.0598407,24.782896041870117,0.005245208740234375,9.90152359008789,9.865,67633152,2.7315489499192243,4128,chatcmpl-08f8c545-1077-4c5b-b82f-0050783f98b4-bfc0bd73,"nixl_xfer_handle(0x556359a3e3a0, released=False)",decode,1,0,452712,43,d61968e8-e4aa-43a2-8ca8-85b623ffd1e5_dp1,0,nixl_start_time
1780280911.0732915,1780280911.0771015,3.81,1780280911.077466,0.36454200744628906,137281034958,137281.034958,1780280911.0732915,4.174470901489258,0.004291534423828125,3.830432891845703,3.81,6291456,1.6513007874015748,384,chatcmpl-d0f8b649-f5c0-466a-b592-b489c5aef780-8318c910,"nixl_xfer_handle(0x5af9a3dba0a0, released=False)",decode,0,0,452715,4,d61968e8-e4aa-43a2-8ca8-85b623ffd1e5_dp0,0,nixl_start_time
1780280911.0966747,1780280911.0971317,0.457,1780280911.0975375,0.4057884216308594,137281058341,137281.058341,1780280911.0966747,0.8628368377685547,0.0050067901611328125,0.4744529724121094,0.457,1572864,3.441715536105033,48,chatcmpl-60b59b46-5ca6-454f-9e50-99515f3ea092-b1e7f381,"nixl_xfer_handle(0x556359a3e3a0, released=False)",decode,1,0,452712,1,d61968e8-e4aa-43a2-8ca8-85b623ffd1e5_dp1,0,nixl_start_time
1780280911.2430656,1780280911.2677045,24.639000000000003,1780280911.2677236,0.019073486328125,137281204732,137281.204732,1780280911.2430656,24.6579647064209,0.0059604644775390625,8.483409881591797,8.458,59768832,2.425781565810301,3648,chatcmpl-b916019a-09a7-4c93-97ac-dc12691c7bf2-acd1c050,"nixl_xfer_handle(0x556359a3e3a0, released=False)",decode,1,0,452712,38,d61968e8-e4aa-43a2-8ca8-85b623ffd1e5_dp0,0,nixl_start_time
1780280911.2674456,1780280911.2680805,0.635,1780280911.2684774,0.39696693420410156,137281229112,137281.229112,1780280911.2674456,1.0318756103515625,0.0040531158447265625,0.6518363952636719,0.635,1572864,2.476951181102362,48,chatcmpl-841a7c7b-99ac-47af-95b3-25c9cb73731b-986de6be,"nixl_xfer_handle(0x5af9a3dba0a0, released=False)",decode,0,0,452715,1,d61968e8-e4aa-43a2-8ca8-85b623ffd1e5_dp1,0,nixl_start_time
1780280911.3160307,1780280911.3176467,1.616,1780280911.3181248,0.4780292510986328,137281277697,137281.277697,1780280911.3160307,2.0940303802490234,0.0045299530029296875,1.6407966613769531,1.616,3145728,1.9466138613861388,192,chatcmpl-1fb94720-8d95-4107-9d0b-db50ae238930-bc746cf3,"nixl_xfer_handle(0x556359b4b960, released=False)",decode,1,0,452712,2,d61968e8-e4aa-43a2-8ca8-85b623ffd1e5_dp0,0,nixl_start_time
1780280911.3282835,1780280911.3407176,12.434000000000001,1780280911.3407454,0.027894973754882812,137281289950,137281.28995,1780280911.3282835,12.46190071105957,0.00476837158203125,5.557537078857422,5.534,18874368,1.5179642914589029,1152,chatcmpl-6849b30a-1190-4b19-a1ea-c482a6b088f2-9afdc985,"nixl_xfer_handle(0x556359b4b960, released=False)",decode,1,0,452712,12,d61968e8-e4aa-43a2-8ca8-85b623ffd1e5_dp1,0,nixl_start_time
1780280911.3650506,1780280911.3892837,24.233,1780280911.3893025,0.018835067749023438,137281326717,137281.326717,1780280911.3650506,24.251937866210938,0.0045299530029296875,4.280805587768555,4.262,48758784,2.0120820368918415,2976,chatcmpl-522fc515-489e-4a9f-9183-9f215d6dd1f3-be0a8a44,"nixl_xfer_handle(0x5af9a3dba0a0, released=False)",decode,0,0,452715,31,d61968e8-e4aa-43a2-8ca8-85b623ffd1e5_dp0,0,nixl_start_time
1780280911.4745016,1780280911.5016556,27.154,1780280911.5016732,0.017642974853515625,137281436168,137281.436168,1780280911.4745016,27.171611785888672,0.006198883056640625,5.033254623413086,5.012,58195968,2.1431821462767915,3552,chatcmpl-b9eaa773-a9c4-4584-89c6-75748af76855-9e088843,"nixl_xfer_handle(0x5af9a3dba0a0, released=False)",decode,0,0,452715,37,d61968e8-e4aa-43a2-8ca8-85b623ffd1e5_dp1,0,nixl_start_time
1780280911.4865518,1780280911.4881089,1.557,1780280911.4885232,0.4143714904785156,137281448218,137281.448218,1780280911.4865518,1.9714832305908203,0.005245208740234375,1.577615737915039,1.557,3145728,2.020377649325626,192,chatcmpl-b0dc8e4a-e95d-49e8-ad6d-0eadd48c5a16-8d66c23d,"nixl_xfer_handle(0x556359b4b960, released=False)",decode,1,0,452712,2,d61968e8-e4aa-43a2-8ca8-85b623ffd1e5_dp0,0,nixl_start_time
1780280911.4866557,1780280911.5131707,26.515,1780280911.5131896,0.018835067749023438,137281448322,137281.448322,1780280911.4866557,26.533842086791992,0.00476837158203125,11.378049850463867,11.355,33030144,1.2457154063737508,2016,chatcmpl-aadf85df-b9db-4f8f-8ce5-4e08a35a6c30-9b104a89,"nixl_xfer_handle(0x5af9a35fccc0, released=False)",decode,0,0,452715,21,d61968e8-e4aa-43a2-8ca8-85b623ffd1e5_dp0,0,nixl_start_time
1780280911.5129998,1780280911.5256448,12.645,1780280911.5256672,0.022411346435546875,137281474666,137281.474666,1780280911.5129998,12.667417526245117,0.00476837158203125,5.980014801025391,5.96,25165824,1.9901798339264531,1536,chatcmpl-6d73709c-cb47-4e46-ae18-c52e121121ad-9fa75e36,"nixl_xfer_handle(0x556359b4b960, released=False)",decode,1,0,452712,16,d61968e8-e4aa-43a2-8ca8-85b623ffd1e5_dp1,0,nixl_start_time
1780280911.5863087,1780280911.6311526,44.844,1780280911.631187,0.034332275390625,137281547975,137281.547975,1780280911.5863087,44.878244400024414,0.00667572021484375,22.463560104370117,22.437,100663296,2.2447439122290604,6144,chatcmpl-6c4454ae-a77e-4b33-87fd-4dbfc5aab79b-86b9ced2,"nixl_xfer_handle(0x556359b4b960, released=False)",decode,1,0,452712,64,d61968e8-e4aa-43a2-8ca8-85b623ffd1e5_dp0,0,nixl_start_time
1780280911.6240528,1780280911.6307397,6.687,1780280911.6312087,0.46896934509277344,137281585719,137281.585719,1780280911.6240528,7.155895233154297,0.0050067901611328125,6.708621978759766,6.687,14155776,2.1169098250336473,864,chatcmpl-04f59ed5-0385-4eed-90e6-25a5d696a436-a9603f46,"nixl_xfer_handle(0x556359ce4500, released=False)",decode,1,0,452712,9,d61968e8-e4aa-43a2-8ca8-85b623ffd1e5_dp1,0,nixl_start_time
1780280911.6240838,1780280911.6303937,6.31,1780280911.6307497,0.3559589385986328,137281585750,137281.58575,1780280911.6240838,6.665945053100586,0.0040531158447265625,6.330013275146484,6.31,9437184,1.49559175911252,576,chatcmpl-1fbd6e78-6123-4c3c-ab4b-2d357097cc67-ad86c56f,"nixl_xfer_handle(0x5af9a3d95690, released=False)",decode,0,0,452715,6,d61968e8-e4aa-43a2-8ca8-85b623ffd1e5_dp1,0,nixl_start_time
1780280911.6720486,1780280911.6746435,2.595,1780280911.6746585,0.015020370483398438,137281633715,137281.633715,1780280911.6720486,2.6099681854248047,0.004291534423828125,1.9905567169189453,1.97,3145728,1.2122265895953759,192,chatcmpl-275ab18c-ec71-4646-86c2-92eafbfb3f43-accbf335,"nixl_xfer_handle(0x5af9a3d95690, released=False)",decode,0,0,452715,2,d61968e8-e4aa-43a2-8ca8-85b623ffd1e5_dp0,0,nixl_start_time
1780280911.6721706,1780280911.7021887,30.018,1780280911.7022073,0.018596649169921875,137281633837,137281.633837,1780280911.6721706,30.03668785095215,0.005245208740234375,10.483980178833008,10.447,55050240,1.833907655406756,3360,chatcmpl-e8c8d6e6-5387-49d0-a8dd-07ff6bfd3d74-a132f553,"nixl_xfer_handle(0x556359ce4500, released=False)",decode,1,0,452712,35,d61968e8-e4aa-43a2-8ca8-85b623ffd1e5_dp0,0,nixl_start_time
1780280911.6976767,1780280911.7164257,18.749,1780280911.7164667,0.04100799560546875,137281659343,137281.659343,1780280911.6976767,18.790006637573242,0.0045299530029296875,4.122257232666016,4.103,17301504,0.9227960957917757,1056,chatcmpl-57f2bd4a-b0fe-4a8e-b647-e247f7426430-b588a64e,"nixl_xfer_handle(0x556359b4b960, released=False)",decode,1,0,452712,11,d61968e8-e4aa-43a2-8ca8-85b623ffd1e5_dp1,0,nixl_start_time
1780280911.6976917,1780280911.7095997,11.908,1780280911.7096174,0.017642974853515625,137281659358,137281.659358,1780280911.6976917,11.925697326660156,0.004291534423828125,3.454446792602539,3.436,23592960,1.98126973463218,1440,chatcmpl-5c7dad22-9c9d-41c3-9915-a55e8805e563-a6b4a182,"nixl_xfer_handle(0x5af9a3d95690, released=False)",decode,0,0,452715,15,d61968e8-e4aa-43a2-8ca8-85b623ffd1e5_dp1,0,nixl_start_time
1780280911.7094576,1780280911.7219367,12.479000000000001,1780280911.7219594,0.022649765014648438,137281671124,137281.671124,1780280911.7094576,12.501716613769531,0.0050067901611328125,6.560564041137695,6.541,28311552,2.2687356358682584,1728,chatcmpl-0ec27e48-3270-4744-8bb8-7a73803c0ae5-883c3986,"nixl_xfer_handle(0x556359ce4500, released=False)",decode,1,0,452712,18,d61968e8-e4aa-43a2-8ca8-85b623ffd1e5_dp0,0,nixl_start_time
1780280911.7821696,1780280911.8147316,32.562,1780280911.8147528,0.021219253540039062,137281743836,137281.743836,1780280911.7821696,32.58323669433594,0.00476837158203125,7.708072662353516,7.686,51904512,1.5940210060807076,3168,chatcmpl-8e623df1-5e14-4dbe-871d-116f7459c325-9f72d129,"nixl_xfer_handle(0x556359ce4500, released=False)",decode,1,0,452712,33,d61968e8-e4aa-43a2-8ca8-85b623ffd1e5_dp1,0,nixl_start_time
1780280911.8066206,1780280911.8085356,1.915,1780280911.808883,0.34737586975097656,137281768287,137281.768287,1780280911.8066206,2.2623538970947266,0.004291534423828125,1.934051513671875,1.915,3145728,1.6426778067885117,192,chatcmpl-aa8bd0af-bbd4-4265-b150-7a69b225fb4d-93f82f47,"nixl_xfer_handle(0x5af9a3d95690, released=False)",decode,0,0,452715,2,d61968e8-e4aa-43a2-8ca8-85b623ffd1e5_dp0,0,nixl_start_time
1780280911.8066885,1780280911.8313556,24.667,1780280911.8313756,0.02002716064453125,137281768355,137281.768355,1780280911.8066885,24.68705177307129,0.006198883056640625,7.675647735595703,7.644,48758784,1.9766807475574653,2976,chatcmpl-5250ce39-2404-4031-bdf2-de00f52572b1-993786f9,"nixl_xfer_handle(0x556359b4b960, released=False)",decode,1,0,452712,31,d61968e8-e4aa-43a2-8ca8-85b623ffd1e5_dp0,0,nixl_start_time
1780280911.8188148,1780280911.8263638,7.549,1780280911.8267229,0.3590583801269531,137281780481,137281.780481,1780280911.8188148,7.908105850219727,0.0045299530029296875,7.570028305053711,7.549,12582912,1.6668316333289177,768,chatcmpl-e0c3e8a0-514a-4445-8cd9-00e516b6d53e-98e81244,"nixl_xfer_handle(0x5af9a3d95690, released=False)",decode,0,0,452715,8,d61968e8-e4aa-43a2-8ca8-85b623ffd1e5_dp1,0,nixl_start_time
1780280911.8434567,1780280911.8450487,1.592,1780280911.8454783,0.4296302795410156,137281805123,137281.805123,1780280911.8434567,2.0215511322021484,0.003814697265625,1.611948013305664,1.592,3145728,1.9759597989949749,192,chatcmpl-ea98cf36-99ed-4428-b521-4b1aed2d75f7-bd9a4601,"nixl_xfer_handle(0x556359b4b960, released=False)",decode,1,0,452712,2,d61968e8-e4aa-43a2-8ca8-85b623ffd1e5_dp0,0,nixl_start_time
1780280911.8435066,1780280911.8490496,5.543,1780280911.8494132,0.3635883331298828,137281805173,137281.805173,1780280911.8435066,5.906581878662109,0.0040531158447265625,5.563259124755859,5.543,9437184,1.7025408623489084,576,chatcmpl-508ca492-23c9-492d-909c-fbe1f42d380a-a828abab,"nixl_xfer_handle(0x5af9a3d95690, released=False)",decode,0,0,452715,6,d61968e8-e4aa-43a2-8ca8-85b623ffd1e5_dp1,0,nixl_start_time
1780280911.9282656,1780280911.9521995,23.934,1780280911.9522176,0.01811981201171875,137281889932,137281.889932,1780280911.9282656,23.952007293701172,0.0045299530029296875,4.790782928466797,4.771,61341696,2.5629521183253945,3744,chatcmpl-fc322e5c-c080-4b26-9421-19ab294d5233-97b66602,"nixl_xfer_handle(0x5af9a3d95690, released=False)",decode,0,0,452715,39,d61968e8-e4aa-43a2-8ca8-85b623ffd1e5_dp0,0,nixl_start_time
1780280912.0006146,1780280912.0310757,30.461,1780280912.031091,0.0152587890625,137281962281,137281.962281,1780280912.0006146,30.47633171081543,0.0050067901611328125,10.137319564819336,10.115,56623104,1.8588721315780836,3456,chatcmpl-43a6b88b-7601-4652-9824-98f17e03f087-a0a21a28,"nixl_xfer_handle(0x556359b4b960, released=False)",decode,1,0,452712,36,d61968e8-e4aa-43a2-8ca8-85b623ffd1e5_dp1,0,nixl_start_time
1780280912.0139797,1780280912.0311146,17.135,1780280912.0311224,0.007867813110351562,137281975646,137281.975646,1780280912.0139797,17.142772674560547,0.0045299530029296875,2.237081527709961,2.214,6291456,0.36716988619784063,384,chatcmpl-0034ccf4-d5f6-475a-a16c-05c39b33f02b-a913f943,"nixl_xfer_handle(0x556359ce4500, released=False)",decode,1,0,452712,4,d61968e8-e4aa-43a2-8ca8-85b623ffd1e5_dp0,0,nixl_start_time
1780280912.0140426,1780280912.0231955,9.153,1780280912.023429,0.2334117889404297,137281975709,137281.975709,1780280912.0140426,9.386301040649414,0.004291534423828125,9.175300598144531,9.153,14155776,1.5465722713864307,864,chatcmpl-28f531b7-2feb-4854-8418-f04ec367ceca-9bf4fec1,"nixl_xfer_handle(0x5af9a3d95690, released=False)",decode,0,0,452715,9,d61968e8-e4aa-43a2-8ca8-85b623ffd1e5_dp0,0,nixl_start_time
1780280912.0265148,1780280912.0284529,1.938,1780280912.0288513,0.39839744567871094,137281988181,137281.988181,1780280912.0265148,2.3365020751953125,0.004291534423828125,1.9562244415283203,1.938,3145728,1.6231826625386996,192,chatcmpl-d1a1bf97-42a7-4e05-b372-ff83e2c34fdd-8989ec77,"nixl_xfer_handle(0x5af9a3d95690, released=False)",decode,0,0,452715,2,d61968e8-e4aa-43a2-8ca8-85b623ffd1e5_dp1,0,nixl_start_time
1780280912.0265496,1780280912.0382667,11.717,1780280912.0383053,0.038623809814453125,137281988216,137281.988216,1780280912.0265496,11.755704879760742,0.0054836273193359375,4.095792770385742,4.076,20447232,1.745091064265597,1248,chatcmpl-6af5a98d-8a7f-429d-9302-d1fdd30514db-bbbed4c9,"nixl_xfer_handle(0x5563599359e0, released=False)",decode,1,0,452712,13,d61968e8-e4aa-43a2-8ca8-85b623ffd1e5_dp1,0,nixl_start_time
1780280912.0507116,1780280912.0511727,0.46099999999999997,1780280912.051701,0.5283355712890625,137282012378,137282.012378,1780280912.0507116,0.9894371032714844,0.00476837158203125,0.47898292541503906,0.461,1572864,3.411852494577007,48,chatcmpl-74804472-8d21-43a5-884b-5e6c28d07707-8c61f888,"nixl_xfer_handle(0x5563599359e0, released=False)",decode,1,0,452712,1,d61968e8-e4aa-43a2-8ca8-85b623ffd1e5_dp0,0,nixl_start_time
1780280912.1237257,1780280912.1462886,22.563,1780280912.146302,0.0133514404296875,137282085392,137282.085392,1780280912.1237257,22.576332092285156,0.00476837158203125,17.885923385620117,17.851,78643200,3.48549395027257,4800,chatcmpl-0c5ef1df-a5b1-4a3d-9f32-9d97b317808b-bb7ea205,"nixl_xfer_handle(0x5af9a3d95690, released=False)",decode,0,0,452715,50,d61968e8-e4aa-43a2-8ca8-85b623ffd1e5_dp1,0,nixl_start_time
1780280912.1418407,1780280912.1531787,11.338000000000001,1780280912.1531918,0.013113021850585938,137282103507,137282.103507,1780280912.1418407,11.35110855102539,0.003814697265625,4.090309143066406,4.076,20447232,1.8034249426706648,1248,chatcmpl-9dab7421-9352-4496-899d-432895b8d886-99e485ce,"nixl_xfer_handle(0x5af9a3809320, released=False)",decode,0,0,452715,13,d61968e8-e4aa-43a2-8ca8-85b623ffd1e5_dp0,0,nixl_start_time
1780280912.1493666,1780280912.1611776,11.811,1780280912.1611943,0.016689300537109375,137282111033,137282.111033,1780280912.1493666,11.827707290649414,0.0045299530029296875,3.299713134765625,3.279,7864320,0.6658470916941833,480,chatcmpl-68730e1a-3d26-4edc-ae78-b05591765b9c-b0b8c241,"nixl_xfer_handle(0x5af9a3d95690, released=False)",decode,0,0,452715,5,d61968e8-e4aa-43a2-8ca8-85b623ffd1e5_dp0,0,nixl_start_time
1780280912.1496737,1780280912.1501658,0.49200000000000005,1780280912.1505764,0.4105567932128906,137282111340,137282.11134,1780280912.1496737,0.9026527404785156,0.004291534423828125,0.5099773406982422,0.492,1572864,3.1968780487804875,48,chatcmpl-2f6a26cf-9067-41e0-a660-7ee126498df8-9675ea2b,"nixl_xfer_handle(0x5563599359e0, released=False)",decode,1,0,452712,1,d61968e8-e4aa-43a2-8ca8-85b623ffd1e5_dp1,0,nixl_start_time
1780280912.1610787,1780280912.1856537,24.575,1780280912.1856759,0.022172927856445312,137282122745,137282.122745,1780280912.1610787,24.59716796875,0.00476837158203125,5.928516387939453,5.909,42467328,1.7280703153611392,2592,chatcmpl-9d33d205-9c13-4f7f-8457-3702dec4f4f0-9691535b,"nixl_xfer_handle(0x5563599359e0, released=False)",decode,1,0,452712,27,d61968e8-e4aa-43a2-8ca8-85b623ffd1e5_dp0,0,nixl_start_time
1780280912.2219367,1780280912.2238877,1.951,1780280912.2242742,0.3864765167236328,137282183603,137282.183603,1780280912.2219367,2.3374557495117188,0.0050067901611328125,1.9698143005371094,1.951,3145728,1.6123669912865197,192,chatcmpl-36dafa4f-9b9c-4195-b134-82b05dd5e501-b35a76cc,"nixl_xfer_handle(0x5af9a3809320, released=False)",decode,0,0,452715,2,d61968e8-e4aa-43a2-8ca8-85b623ffd1e5_dp1,0,nixl_start_time
1780280912.2584705,1780280912.2601764,1.706,1780280912.2605913,0.41484832763671875,137282220137,137282.220137,1780280912.2584705,2.1207332611083984,0.0050067901611328125,1.7271041870117188,1.706,3145728,1.8439202813599063,192,chatcmpl-97d59b24-b06e-4c37-a9e1-f1eca4e3c4af-816d2c7e,"nixl_xfer_handle(0x5563599359e0, released=False)",decode,1,0,452712,2,d61968e8-e4aa-43a2-8ca8-85b623ffd1e5_dp0,0,nixl_start_time
1780280912.2831225,1780280912.2851055,1.9829999999999999,1780280912.2854605,0.35500526428222656,137282244789,137282.244789,1780280912.2831225,2.337932586669922,0.004291534423828125,2.001523971557617,1.983,3145728,1.5863479576399395,192,chatcmpl-bd83ea7f-7de2-418e-b17f-b6a482354c0c-91e0bffd,"nixl_xfer_handle(0x5af9a3809320, released=False)",decode,0,0,452715,2,d61968e8-e4aa-43a2-8ca8-85b623ffd1e5_dp1,0,nixl_start_time
1780280912.3077376,1780280912.3081965,0.45899999999999996,1780280912.308611,0.4143714904785156,137282269404,137282.269404,1780280912.3077376,0.8733272552490234,0.004291534423828125,0.47659873962402344,0.459,1572864,3.426718954248366,48,chatcmpl-71acec87-362f-42af-8ce1-842107a05af7-a7bfd7ec,"nixl_xfer_handle(0x5563599359e0, released=False)",decode,1,0,452712,1,d61968e8-e4aa-43a2-8ca8-85b623ffd1e5_dp0,0,nixl_start_time
1780280912.3200326,1780280912.3238876,3.855,1780280912.3243022,0.4146099090576172,137282281699,137282.281699,1780280912.3200326,4.269599914550781,0.004291534423828125,3.8776397705078125,3.855,6291456,1.6320249027237352,384,chatcmpl-ee6aad62-f085-4f59-9a1f-c9393fe1f1a3-bb0ea220,"nixl_xfer_handle(0x5af9a3809320, released=False)",decode,0,0,452715,4,d61968e8-e4aa-43a2-8ca8-85b623ffd1e5_dp1,0,nixl_start_time
1780280912.3453336,1780280912.3506277,5.2940000000000005,1780280912.3509712,0.34356117248535156,137282307000,137282.307,1780280912.3453336,5.637645721435547,0.0040531158447265625,5.313396453857422,5.294,9437184,1.7826188137514167,576,chatcmpl-93085a29-cc19-462f-adc8-e062535b2103-9bb78bd5,"nixl_xfer_handle(0x5af9a3809320, released=False)",decode,0,0,452715,6,d61968e8-e4aa-43a2-8ca8-85b623ffd1e5_dp0,0,nixl_start_time
1780280912.3697536,1780280912.3724525,2.699,1780280912.3727884,0.33593177795410156,137282331420,137282.33142,1780280912.3697536,3.034830093383789,0.0040531158447265625,2.7170181274414062,2.699,4718592,1.7482741756206002,288,chatcmpl-5cc5a047-9887-4fbf-b9e3-57fdec40465b-850f181c,"nixl_xfer_handle(0x5af9a3809320, released=False)",decode,0,0,452715,3,d61968e8-e4aa-43a2-8ca8-85b623ffd1e5_dp0,0,nixl_start_time
1780280912.4189477,1780280912.4312358,12.288,1780280912.4312682,0.0324249267578125,137282380614,137282.380614,1780280912.4189477,12.320518493652344,0.0057220458984375,5.473613739013672,5.453,31457280,2.56,1920,chatcmpl-19e9dced-0414-4acb-8844-dd45720a758c-b24e2487,"nixl_xfer_handle(0x5563599359e0, released=False)",decode,1,0,452712,20,d61968e8-e4aa-43a2-8ca8-85b623ffd1e5_dp1,0,nixl_start_time
1780280912.4927816,1780280912.5053005,12.519,1780280912.5053566,0.05602836608886719,137282454448,137282.454448,1780280912.4927816,12.574911117553711,0.0050067901611328125,5.864858627319336,5.845,33030144,2.6384011502516174,2016,chatcmpl-ebc83fec-700e-4680-8fc4-73ec46a17f82-8b3051f2,"nixl_xfer_handle(0x5563599359e0, released=False)",decode,1,0,452712,21,d61968e8-e4aa-43a2-8ca8-85b623ffd1e5_dp0,0,nixl_start_time
1780280912.5051217,1780280912.5175338,12.411999999999999,1780280912.5175807,0.04696846008300781,137282466788,137282.466788,1780280912.5051217,12.459039688110352,0.0045299530029296875,3.480195999145508,3.463,23592960,1.9008185626812764,1440,chatcmpl-d8ae0cdb-ba0c-4c43-9cee-ba79098b55d4-a7df8df1,"nixl_xfer_handle(0x5af9a3809320, released=False)",decode,0,0,452715,15,d61968e8-e4aa-43a2-8ca8-85b623ffd1e5_dp1,0,nixl_start_time
1780280912.6531827,1780280912.6551857,2.003,1780280912.65553,0.34427642822265625,137282614849,137282.614849,1780280912.6531827,2.347230911254883,0.0040531158447265625,2.0220279693603516,2.003,3145728,1.5705082376435346,192,chatcmpl-75623531-dea0-4ee8-a779-1e73245932f5-b91cd4cd,"nixl_xfer_handle(0x5af9a38b8860, released=False)",decode,0,0,452715,2,d61968e8-e4aa-43a2-8ca8-85b623ffd1e5_dp0,0,nixl_start_time
1780280912.7274277,1780280912.7289798,1.552,1780280912.729386,0.4062652587890625,137282689094,137282.689094,1780280912.7274277,1.9583702087402344,0.0057220458984375,1.5716552734375,1.552,3145728,2.0268865979381445,192,chatcmpl-546b51e4-bb61-4bd6-a022-a5c0bb301617-88d144f5,"nixl_xfer_handle(0x5563599359e0, released=False)",decode,1,0,452712,2,d61968e8-e4aa-43a2-8ca8-85b623ffd1e5_dp1,0,nixl_start_time
1780280912.7523208,1780280912.7649708,12.65,1780280912.764989,0.01811981201171875,137282713987,137282.713987,1780280912.7523208,12.668132781982422,0.004291534423828125,3.7622451782226562,3.743,23592960,1.8650561264822134,1440,chatcmpl-0a20286e-c13d-4339-b53b-330db48b1a5a-9d82ddc6,"nixl_xfer_handle(0x5af9a38b8860, released=False)",decode,0,0,452715,15,d61968e8-e4aa-43a2-8ca8-85b623ffd1e5_dp0,0,nixl_start_time
1780280912.7648056,1780280912.7700326,5.227,1780280912.770426,0.3933906555175781,137282726472,137282.726472,1780280912.7648056,5.620479583740234,0.005245208740234375,5.251169204711914,5.227,11010048,2.1063799502582743,672,chatcmpl-3bac717a-bbdd-47fa-a840-7ddd973efd91-92263f59,"nixl_xfer_handle(0x5563599359e0, released=False)",decode,1,0,452712,7,d61968e8-e4aa-43a2-8ca8-85b623ffd1e5_dp1,0,nixl_start_time
1780280912.8393216,1780280912.8640635,24.742,1780280912.8641307,0.06723403930664062,137282800988,137282.800988,1780280912.8393216,24.80912208557129,0.0050067901611328125,4.90117073059082,4.881,56623104,2.288541912537386,3456,chatcmpl-85d9dcd5-fc7a-4a90-868d-5d51b10a6304-a35ce925,"nixl_xfer_handle(0x5af9a38b8860, released=False)",decode,0,0,452715,36,d61968e8-e4aa-43a2-8ca8-85b623ffd1e5_dp0,0,nixl_start_time
1780280912.8639307,1780280912.8762138,12.283000000000001,1780280912.876233,0.019311904907226562,137282825597,137282.825597,1780280912.8639307,12.302398681640625,0.005245208740234375,4.510402679443359,4.49,20447232,1.6646773589513961,1248,chatcmpl-00e2778a-55a2-4e40-8f96-015fcc18a60a-92a5917c,"nixl_xfer_handle(0x5563599359e0, released=False)",decode,1,0,452712,13,d61968e8-e4aa-43a2-8ca8-85b623ffd1e5_dp0,0,nixl_start_time
1780280912.9876456,1780280913.0124366,24.791,1780280913.0124543,0.017642974853515625,137282949312,137282.949312,1780280912.9876456,24.808645248413086,0.0059604644775390625,4.690408706665039,4.67,51904512,2.093683675527409,3168,chatcmpl-962d6c53-8f19-453e-824f-124386c2d778-8f303183,"nixl_xfer_handle(0x5af9a3ddfa60, released=False)",decode,0,0,452715,33,d61968e8-e4aa-43a2-8ca8-85b623ffd1e5_dp1,0,nixl_start_time
1780280913.0744576,1780280913.1070056,32.548,1780280913.1070626,0.05698204040527344,137283036124,137283.036124,1780280913.0744576,32.60493278503418,0.006198883056640625,17.7309513092041,17.708,78643200,2.41622219491213,4800,chatcmpl-00bdcad8-29a1-46a1-a5a0-fc2baac673d0-918c59a8,"nixl_xfer_handle(0x5af9a3808ea0, released=False)",decode,0,0,452715,50,d61968e8-e4aa-43a2-8ca8-85b623ffd1e5_dp0,0,nixl_start_time
1780280913.0957167,1780280913.1009617,5.244999999999999,1780280913.101417,0.4553794860839844,137283057383,137283.057383,1780280913.0957167,5.700349807739258,0.005245208740234375,5.267620086669922,5.245,11010048,2.099151191611058,672,chatcmpl-77633158-86e1-4f2b-a845-026b1585534b-91f40674,"nixl_xfer_handle(0x5563599359e0, released=False)",decode,1,0,452712,7,d61968e8-e4aa-43a2-8ca8-85b623ffd1e5_dp1,0,nixl_start_time
1780280913.1814086,1780280913.1838167,2.408,1780280913.1842048,0.38814544677734375,137283143075,137283.143075,1780280913.1814086,2.796173095703125,0.0045299530029296875,2.428770065307617,2.408,4718592,1.959548172757475,288,chatcmpl-a22a1f96-143b-46b5-b7fe-cb3dc3d4d97a-bee911ee,"nixl_xfer_handle(0x5563599359e0, released=False)",decode,1,0,452712,3,d61968e8-e4aa-43a2-8ca8-85b623ffd1e5_dp0,0,nixl_start_time
1780280913.2311215,1780280913.2332785,2.157,1780280913.2336538,0.3752708435058594,137283192788,137283.192788,1780280913.2311215,2.5322437286376953,0.0045299530029296875,2.176523208618164,2.157,3145728,1.4583810848400558,192,chatcmpl-cf283852-6c55-43b5-a782-f41c65760ef4-b3fe55ac,"nixl_xfer_handle(0x5af9a3808ea0, released=False)",decode,0,0,452715,2,d61968e8-e4aa-43a2-8ca8-85b623ffd1e5_dp1,0,nixl_start_time
1780280913.2563736,1780280913.2683806,12.007,1780280913.2684212,0.040531158447265625,137283218040,137283.21804,1780280913.2563736,12.047529220581055,0.0054836273193359375,4.844903945922852,4.825,18874368,1.5719470308986423,1152,chatcmpl-1a0e2ebd-5a85-4209-8f63-0f0ea4949cfb-be2eb3db,"nixl_xfer_handle(0x5563599359e0, released=False)",decode,1,0,452712,12,d61968e8-e4aa-43a2-8ca8-85b623ffd1e5_dp0,0,nixl_start_time
1780280913.3794897,1780280913.3801267,0.637,1780280913.3854647,5.337953567504883,137283341156,137283.341156,1780280913.3794897,5.975008010864258,0.0035762786865234375,0.6535053253173828,0.637,1572864,2.4691742543171116,48,chatcmpl-8ff6f97e-8cd9-474f-b859-79613dbe3ad4-8948de64,"nixl_xfer_handle(0x5af9a3808ea0, released=False)",decode,0,0,452715,1,d61968e8-e4aa-43a2-8ca8-85b623ffd1e5_dp1,0,nixl_start_time
1780280913.3804266,1780280913.4044447,24.018,1780280913.404462,0.017404556274414062,137283342093,137283.342093,1780280913.3804266,24.03545379638672,0.003337860107421875,4.633426666259766,4.619,61341696,2.553988508618536,3744,chatcmpl-a4bf0e8a-465d-4a83-a62f-c6390d42c0ab-8c05da3f,"nixl_xfer_handle(0x5af9a3e022f0, released=False)",decode,0,0,452715,39,d61968e8-e4aa-43a2-8ca8-85b623ffd1e5_dp0,0,nixl_start_time
1780280913.3917797,1780280913.3933797,1.6,1780280913.3937786,0.39887428283691406,137283353446,137283.353446,1780280913.3917797,1.9989013671875,0.0050067901611328125,1.621246337890625,1.6,3145728,1.96608,192,chatcmpl-a23a3a14-28e1-4015-ae4e-805757f352d4-b5686444,"nixl_xfer_handle(0x5563599359e0, released=False)",decode,1,0,452712,2,d61968e8-e4aa-43a2-8ca8-85b623ffd1e5_dp1,0,nixl_start_time
1780280913.4902356,1780280913.5215125,31.277,1780280913.521555,0.042438507080078125,137283451902,137283.451902,1780280913.4902356,31.319379806518555,0.0059604644775390625,12.26496696472168,12.228,78643200,2.51440994980337,4800,chatcmpl-2b40883d-486b-4d15-b05f-434d6f534c73-859db113,"nixl_xfer_handle(0x5563599359e0, released=False)",decode,1,0,452712,50,d61968e8-e4aa-43a2-8ca8-85b623ffd1e5_dp0,0,nixl_start_time
1780280913.5058987,1780280913.5329268,27.028,1780280913.5329762,0.04935264587402344,137283467565,137283.467565,1780280913.5058987,27.077436447143555,0.00476837158203125,11.927604675292969,11.893,20447232,0.7565203492674264,1248,chatcmpl-497a2f14-d03d-4449-b9b9-e0e7a3613f8b-86847569,"nixl_xfer_handle(0x556359ce4500, released=False)",decode,1,0,452712,13,d61968e8-e4aa-43a2-8ca8-85b623ffd1e5_dp1,0,nixl_start_time
1780280913.5700696,1780280913.5946686,24.599,1780280913.5946946,0.025987625122070312,137283531736,137283.531736,1780280913.5700696,24.625062942504883,0.00476837158203125,8.152961730957031,8.13,58195968,2.365785926257165,3552,chatcmpl-3d13eab5-1aa5-4a8d-a5f9-8923d1b6f45a-8843a297,"nixl_xfer_handle(0x556359ce4500, released=False)",decode,1,0,452712,37,d61968e8-e4aa-43a2-8ca8-85b623ffd1e5_dp0,0,nixl_start_time
1780280913.6566505,1780280913.6584015,1.751,1780280913.658797,0.3955364227294922,137283618317,137283.618317,1780280913.6566505,2.146482467651367,0.00476837158203125,1.7712116241455078,1.751,3145728,1.7965322672758424,192,chatcmpl-b0ad6a62-7bc1-4e55-81d3-e0a48e81917b-b74a1c2d,"nixl_xfer_handle(0x556359ce4500, released=False)",decode,1,0,452712,2,d61968e8-e4aa-43a2-8ca8-85b623ffd1e5_dp0,0,nixl_start_time
1780280913.6568887,1780280913.6892958,32.407,1780280913.6893146,0.018835067749023438,137283618555,137283.618555,1780280913.6568887,32.425880432128906,0.0057220458984375,17.410755157470703,17.387,77070336,2.378200265374765,4704,chatcmpl-d9f25e44-b20b-4f91-8c17-ab480a1ce970-b8c4314e,"nixl_xfer_handle(0x5af9a3d81d20, released=False)",decode,0,0,452715,49,d61968e8-e4aa-43a2-8ca8-85b623ffd1e5_dp0,0,nixl_start_time
1780280913.7759397,1780280913.7765326,0.593,1780280913.7768815,0.34880638122558594,137283737606,137283.737606,1780280913.7759397,0.9417533874511719,0.00476837158203125,0.6122589111328125,0.593,1572864,2.6523844856661047,48,chatcmpl-f1c172e9-3fbd-40e8-a9c2-306cbd86dd87-bbad5c81,"nixl_xfer_handle(0x5af9a41b5cb0, released=False)",decode,0,0,452715,1,d61968e8-e4aa-43a2-8ca8-85b623ffd1e5_dp1,0,nixl_start_time
1780280913.8372617,1780280913.8497536,12.491999999999999,1780280913.8497891,0.03552436828613281,137283798928,137283.798928,1780280913.8372617,12.5274658203125,0.0059604644775390625,6.333827972412109,6.313,26738688,2.1404649375600386,1632,chatcmpl-86dec1a2-11ae-40ea-8c0e-7f420e4e2f27-bceff089,"nixl_xfer_handle(0x556359ce4500, released=False)",decode,1,0,452712,17,d61968e8-e4aa-43a2-8ca8-85b623ffd1e5_dp0,0,nixl_start_time
1780280913.8990316,1780280913.9112856,12.254,1780280913.911304,0.018358230590820312,137283860698,137283.860698,1780280913.8990316,12.272357940673828,0.0045299530029296875,4.0740966796875,4.054,28311552,2.310392688101844,1728,chatcmpl-19439cdd-e690-429d-9831-54376c7e8676-b25fd889,"nixl_xfer_handle(0x5af9a41b5cb0, released=False)",decode,0,0,452715,18,d61968e8-e4aa-43a2-8ca8-85b623ffd1e5_dp0,0,nixl_start_time
1780280913.9235377,1780280913.9256177,2.0799999999999996,1780280913.9259903,0.3726482391357422,137283885204,137283.885204,1780280913.9235377,2.4526119232177734,0.0035762786865234375,2.0983219146728516,2.08,3145728,1.512369230769231,192,chatcmpl-c70964c2-e6f3-4b72-8409-f3e7d2d628b9-9f41429f,"nixl_xfer_handle(0x5af9a41b5cb0, released=False)",decode,0,0,452715,2,d61968e8-e4aa-43a2-8ca8-85b623ffd1e5_dp1,0,nixl_start_time
1780280913.9603317,1780280913.9665246,6.193,1780280913.9669323,0.4076957702636719,137283921998,137283.921998,1780280913.9603317,6.600618362426758,0.0050067901611328125,6.21485710144043,6.193,12582912,2.0317958985951883,768,chatcmpl-6ac79597-e623-4007-9781-d0b9eebb5cb9-bcd310cf,"nixl_xfer_handle(0x556359ce4500, released=False)",decode,1,0,452712,8,d61968e8-e4aa-43a2-8ca8-85b623ffd1e5_dp0,0,nixl_start_time
1780280914.0099437,1780280914.0168567,6.913,1780280914.0172558,0.3991127014160156,137283971610,137283.97161,1780280914.0099437,7.31205940246582,0.004291534423828125,6.932735443115234,6.913,11010048,1.592658469550123,672,chatcmpl-b92b8492-2a6c-4c56-84e7-6635be35bbd2-a60afa0e,"nixl_xfer_handle(0x5af9a41b5cb0, released=False)",decode,0,0,452715,7,d61968e8-e4aa-43a2-8ca8-85b623ffd1e5_dp1,0,nixl_start_time
1780280914.0222538,1780280914.0277867,5.5329999999999995,1780280914.0281835,0.396728515625,137283983920,137283.98392,1780280914.0222538,5.929708480834961,0.0059604644775390625,5.554914474487305,5.533,11010048,1.9898875835893728,672,chatcmpl-9a176477-6fba-44db-8842-f3057a3832d5-afe405bc,"nixl_xfer_handle(0x556359ce4500, released=False)",decode,1,0,452712,7,d61968e8-e4aa-43a2-8ca8-85b623ffd1e5_dp0,0,nixl_start_time
1780280914.0348806,1780280914.0370495,2.169,1780280914.0374236,0.37407875061035156,137283996547,137283.996547,1780280914.0348806,2.5429725646972656,0.0045299530029296875,2.1882057189941406,2.169,3145728,1.4503125864453665,192,chatcmpl-d7299ad6-bf1c-48f5-8227-40b6798e2d20-ad3924f4,"nixl_xfer_handle(0x5af9a41b5cb0, released=False)",decode,0,0,452715,2,d61968e8-e4aa-43a2-8ca8-85b623ffd1e5_dp1,0,nixl_start_time
1780280914.0720377,1780280914.0767598,4.7219999999999995,1780280914.0771596,0.3998279571533203,137284033704,137284.033704,1780280914.0720377,5.121946334838867,0.0045299530029296875,4.743814468383789,4.722,9437184,1.9985565438373574,576,chatcmpl-266fe451-d59b-46a7-b1ca-8ce993c33d69-aacd7e4e,"nixl_xfer_handle(0x556359ce4500, released=False)",decode,1,0,452712,6,d61968e8-e4aa-43a2-8ca8-85b623ffd1e5_dp1,0,nixl_start_time
1780280914.2340298,1780280914.2366407,2.611,1780280914.236656,0.0152587890625,137284195696,137284.195696,1780280914.2340298,2.626180648803711,0.0040531158447265625,2.109527587890625,2.09,3145728,1.204798161623899,192,chatcmpl-169e5c4b-2db5-4981-83f4-fe629a57e55b-b4e9cffb,"nixl_xfer_handle(0x5af9a41b5cb0, released=False)",decode,0,0,452715,2,d61968e8-e4aa-43a2-8ca8-85b623ffd1e5_dp0,0,nixl_start_time
1780280914.3210096,1780280914.3454607,24.451,1780280914.3454876,0.026941299438476562,137284282676,137284.282676,1780280914.3210096,24.47795867919922,0.0045299530029296875,5.213499069213867,5.194,56623104,2.3157786593595353,3456,chatcmpl-68269e94-6f1b-4ebf-9b7a-6799f1901342-ae23067c,"nixl_xfer_handle(0x5af9a41b5cb0, released=False)",decode,0,0,452715,36,d61968e8-e4aa-43a2-8ca8-85b623ffd1e5_dp1,0,nixl_start_time
1780280914.3824127,1780280914.4070747,24.662,1780280914.4071453,0.0705718994140625,137284344079,137284.344079,1780280914.3824127,24.732589721679688,0.00476837158203125,4.3582916259765625,4.339,45613056,1.849527856621523,2784,chatcmpl-d1e0db3b-df03-43da-a463-440312fbbc2d-81ce0c8f,"nixl_xfer_handle(0x5af9a3d9ddb0, released=False)",decode,0,0,452715,29,d61968e8-e4aa-43a2-8ca8-85b623ffd1e5_dp0,0,nixl_start_time
1780280914.4437757,1780280914.4486415,4.866,1780280914.4490392,0.39768218994140625,137284405442,137284.405442,1780280914.4437757,5.263566970825195,0.0035762786865234375,4.886150360107422,4.866,7864320,1.6161775585696672,480,chatcmpl-0ff892be-339e-47da-a172-2753d7508b8b-a41fcb19,"nixl_xfer_handle(0x5af9a3d94040, released=False)",decode,0,0,452715,5,d61968e8-e4aa-43a2-8ca8-85b623ffd1e5_dp1,0,nixl_start_time
1780280914.4944406,1780280914.5059667,11.526,1780280914.5060039,0.03719329833984375,137284456107,137284.456107,1780280914.4944406,11.563301086425781,0.009298324584960938,4.729032516479492,4.704,22020096,1.9104716293597086,1344,chatcmpl-759dac7f-b3d3-4bd8-8213-eeed9c3125d8-a9d9a24c,"nixl_xfer_handle(0x556359ce4500, released=False)",decode,1,0,452712,14,d61968e8-e4aa-43a2-8ca8-85b623ffd1e5_dp0,0,nixl_start_time
1780280914.5676436,1780280914.5932965,25.653,1780280914.5933142,0.017642974853515625,137284529310,137284.52931,1780280914.5676436,25.670528411865234,0.0050067901611328125,4.765033721923828,4.745,51904512,2.0233310723891944,3168,chatcmpl-be1ef563-d248-4aba-a6f6-7fde5c5f62ea-a0da7147,"nixl_xfer_handle(0x5af9a3d94040, released=False)",decode,0,0,452715,33,d61968e8-e4aa-43a2-8ca8-85b623ffd1e5_dp1,0,nixl_start_time
1780280914.6312146,1780280914.6565356,25.321,1780280914.6565511,0.015497207641601562,137284592881,137284.592881,1780280914.6312146,25.336503982543945,0.005245208740234375,8.612871170043945,8.59,50331648,1.9877432960783539,3072,chatcmpl-371f3ec2-8baa-420c-a217-ae32ed601727-8739f2a1,"nixl_xfer_handle(0x55635995db40, released=False)",decode,1,0,452712,32,d61968e8-e4aa-43a2-8ca8-85b623ffd1e5_dp0,0,nixl_start_time
1780280914.6312227,1780280914.6581397,26.917,1780280914.658163,0.023365020751953125,137284592889,137284.592889,1780280914.6312227,26.940345764160156,0.0057220458984375,4.458427429199219,4.439,47185920,1.7530155663706952,2880,chatcmpl-e798c19e-a771-41a5-9d6f-8383ae890900-9bbce7d6,"nixl_xfer_handle(0x5af9a3d9ddb0, released=False)",decode,0,0,452715,30,d61968e8-e4aa-43a2-8ca8-85b623ffd1e5_dp0,0,nixl_start_time
1780280914.6556306,1780280914.6561265,0.496,1780280914.6565738,0.44727325439453125,137284617297,137284.617297,1780280914.6556306,0.9431838989257812,0.0045299530029296875,0.5140304565429688,0.496,1572864,3.1710967741935483,48,chatcmpl-4d2c1b64-dde5-4b57-8f15-fcd064d743fd-825dd211,"nixl_xfer_handle(0x55635997b9e0, released=False)",decode,1,0,452712,1,d61968e8-e4aa-43a2-8ca8-85b623ffd1e5_dp1,0,nixl_start_time
1780280914.6556637,1780280914.6577458,2.0820000000000003,1780280914.6581833,0.4374980926513672,137284617330,137284.61733,1780280914.6556637,2.5196075439453125,0.004291534423828125,2.100229263305664,2.082,3145728,1.5109164265129682,192,chatcmpl-3dcf77f1-9700-43ca-a87f-d314f9b64dab-b8e2a895,"nixl_xfer_handle(0x5af9a3808ea0, released=False)",decode,0,0,452715,2,d61968e8-e4aa-43a2-8ca8-85b623ffd1e5_dp1,0,nixl_start_time
1780280914.7309837,1780280914.7315316,0.5479999999999999,1780280914.7318833,0.3516674041748047,137284692650,137284.69265,1780280914.7309837,0.8995532989501953,0.0040531158447265625,0.5676746368408203,0.548,1572864,2.8701897810218977,48,chatcmpl-56e6f5b3-01cf-4732-8d5c-0eb5977c2f9f-96735bec,"nixl_xfer_handle(0x5af9a3d9ddb0, released=False)",decode,0,0,452715,1,d61968e8-e4aa-43a2-8ca8-85b623ffd1e5_dp1,0,nixl_start_time
1780280914.9605556,1780280914.9849186,24.363,1780280914.9849377,0.019073486328125,137284922222,137284.922222,1780280914.9605556,24.38211441040039,0.00476837158203125,4.703760147094727,4.685,50331648,2.0659051840906293,3072,chatcmpl-90658d96-5b7e-4a84-a7f0-82b63e9bfb6e-b80a1a3d,"nixl_xfer_handle(0x5af9a3d9ddb0, released=False)",decode,0,0,452715,32,d61968e8-e4aa-43a2-8ca8-85b623ffd1e5_dp0,0,nixl_start_time
1780280914.9847755,1780280914.9863575,1.582,1780280914.9867482,0.39076805114746094,137284946442,137284.946442,1780280914.9847755,1.9726753234863281,0.004291534423828125,1.6033649444580078,1.582,3145728,1.988450063211125,192,chatcmpl-2ea9407e-8a71-410d-8956-1fc9189ebc51-92baa460,"nixl_xfer_handle(0x55635995db40, released=False)",decode,1,0,452712,2,d61968e8-e4aa-43a2-8ca8-85b623ffd1e5_dp1,0,nixl_start_time
1780280915.1094966,1780280915.1217756,12.279,1780280915.1218126,0.03695487976074219,137285071163,137285.071163,1780280915.1094966,12.315988540649414,0.00476837158203125,5.723237991333008,5.705,25165824,2.049501099438065,1536,chatcmpl-559d5d1c-a471-4f69-8718-de28998d7bc5-b70f9213,"nixl_xfer_handle(0x55635995db40, released=False)",decode,1,0,452712,16,d61968e8-e4aa-43a2-8ca8-85b623ffd1e5_dp0,0,nixl_start_time
1780280915.1841207,1780280915.2167966,32.675999999999995,1780280915.2168422,0.04553794860839844,137285145787,137285.145787,1780280915.1841207,32.721519470214844,0.005245208740234375,17.514467239379883,17.48,77070336,2.358622107969152,4704,chatcmpl-10ac8e40-5bc1-4273-b168-7e8eb3d247ee-80dd4e51,"nixl_xfer_handle(0x5af9a3d9ddb0, released=False)",decode,0,0,452715,49,d61968e8-e4aa-43a2-8ca8-85b623ffd1e5_dp1,0,nixl_start_time
1780280915.2052445,1780280915.2168696,11.625,1780280915.2169049,0.03528594970703125,137285166911,137285.166911,1780280915.2052445,11.660337448120117,0.0045299530029296875,5.0792694091796875,5.061,26738688,2.300102193548387,1632,chatcmpl-92fcbe12-13d1-474e-a0c4-dc758b45a5a9-83cd00bf,"nixl_xfer_handle(0x55635999b590, released=False)",decode,1,0,452712,17,d61968e8-e4aa-43a2-8ca8-85b623ffd1e5_dp0,0,nixl_start_time
1780280915.2419767,1780280915.2424788,0.502,1780280915.2428815,0.40268898010253906,137285203643,137285.203643,1780280915.2419767,0.9047985076904297,0.0054836273193359375,0.5261898040771484,0.502,1572864,3.133195219123506,48,chatcmpl-ea0c8e1f-4b50-4d37-be8a-4700f9c77ebc-b355686a,"nixl_xfer_handle(0x55635999b590, released=False)",decode,1,0,452712,1,d61968e8-e4aa-43a2-8ca8-85b623ffd1e5_dp1,0,nixl_start_time
1780280915.2667856,1780280915.2678397,1.054,1780280915.2678533,0.013589859008789062,137285228452,137285.228452,1780280915.2667856,1.0676383972167969,0.0040531158447265625,0.48041343688964844,0.463,1572864,1.4922808349146108,48,chatcmpl-72c15825-6977-4244-b039-eb6dc5c19b34-9501a3eb,"nixl_xfer_handle(0x5af9a3d9ddb0, released=False)",decode,0,0,452715,1,d61968e8-e4aa-43a2-8ca8-85b623ffd1e5_dp1,0,nixl_start_time
1780280915.2787797,1780280915.2848837,6.104,1780280915.2852852,0.40149688720703125,137285240446,137285.240446,1780280915.2787797,6.505489349365234,0.0040531158447265625,6.123542785644531,6.104,12582912,2.0614207077326343,768,chatcmpl-12028831-9923-48a0-a8c5-6798a9db83b4-90419fba,"nixl_xfer_handle(0x55635999b590, released=False)",decode,1,0,452712,8,d61968e8-e4aa-43a2-8ca8-85b623ffd1e5_dp0,0,nixl_start_time
1780280915.3036797,1780280915.3041587,0.479,1780280915.304508,0.34928321838378906,137285265346,137285.265346,1780280915.3036797,0.8282661437988281,0.003814697265625,0.4954338073730469,0.479,1572864,3.283640918580376,48,chatcmpl-15cbb88a-a456-406f-839a-cd2afcc426de-b3cd9f0f,"nixl_xfer_handle(0x5af9a3d9ddb0, released=False)",decode,0,0,452715,1,d61968e8-e4aa-43a2-8ca8-85b623ffd1e5_dp1,0,nixl_start_time
1780280915.4423277,1780280915.4548156,12.488000000000001,1780280915.4548414,0.02574920654296875,137285403994,137285.403994,1780280915.4423277,12.51363754272461,0.005245208740234375,4.019975662231445,3.993,34603008,2.7709007046764893,2112,chatcmpl-66131d80-3ddf-433e-a69f-fc8b2cf00bfe-8b453f5c,"nixl_xfer_handle(0x5af9a3d9ddb0, released=False)",decode,0,0,452715,22,d61968e8-e4aa-43a2-8ca8-85b623ffd1e5_dp0,0,nixl_start_time
1780280915.6302586,1780280915.6547155,24.457,1780280915.6547492,0.03361701965332031,137285591925,137285.591925,1780280915.6302586,24.4905948638916,0.0045299530029296875,7.4825286865234375,7.461,51904512,2.1222763217074867,3168,chatcmpl-5c408f6b-ea3a-4de4-94bc-21c40870a973-a4372403,"nixl_xfer_handle(0x55635999b590, released=False)",decode,1,0,452712,33,d61968e8-e4aa-43a2-8ca8-85b623ffd1e5_dp1,0,nixl_start_time
1780280915.6674986,1780280915.6708646,3.366,1780280915.670878,0.0133514404296875,137285629165,137285.629165,1780280915.6674986,3.379344940185547,0.00476837158203125,2.897500991821289,2.878,4718592,1.4018395721925132,288,chatcmpl-33f05485-9fdf-4daf-92d4-066b44712db4-9e20d996,"nixl_xfer_handle(0x5af9a3d9ddb0, released=False)",decode,0,0,452715,3,d61968e8-e4aa-43a2-8ca8-85b623ffd1e5_dp0,0,nixl_start_time
1780280915.7040067,1780280915.7055998,1.593,1780280915.7060106,0.4107952117919922,137285665673,137285.665673,1780280915.7040067,2.003908157348633,0.00476837158203125,1.6133785247802734,1.593,3145728,1.9747193973634651,192,chatcmpl-438bf120-cd21-4656-91cc-a05b7917671a-9b92d125,"nixl_xfer_handle(0x55635999b590, released=False)",decode,1,0,452712,2,d61968e8-e4aa-43a2-8ca8-85b623ffd1e5_dp1,0,nixl_start_time
1780280915.7166166,1780280915.7234776,6.861,1780280915.7238634,0.3857612609863281,137285678283,137285.678283,1780280915.7166166,7.246732711791992,0.003814697265625,6.880044937133789,6.861,12582912,1.8339763882815916,768,chatcmpl-a63d5dc5-6f1d-4f99-8d4c-0da6ad0564f3-9427ffd1,"nixl_xfer_handle(0x5af9a3d9ddb0, released=False)",decode,0,0,452715,8,d61968e8-e4aa-43a2-8ca8-85b623ffd1e5_dp0,0,nixl_start_time
1780280915.9148536,1780280915.9452446,30.391000000000002,1780280915.9452598,0.0152587890625,137285876520,137285.87652,1780280915.9148536,30.40623664855957,0.0059604644775390625,12.497901916503906,12.466,77070336,2.5359591984469083,4704,chatcmpl-e6508928-11ac-49b0-b2c3-98898901a07e-b30646c4,"nixl_xfer_handle(0x55635999b590, released=False)",decode,1,0,452712,49,d61968e8-e4aa-43a2-8ca8-85b623ffd1e5_dp1,0,nixl_start_time
1780280915.9311366,1780280915.9428055,11.669,1780280915.9428728,0.06723403930664062,137285892803,137285.892803,1780280915.9311366,11.736154556274414,0.0045299530029296875,3.3583641052246094,3.34,17301504,1.4826895192390095,1056,chatcmpl-500258df-9f0a-4d75-9fcb-b87af6ccb4f2-8579c3d4,"nixl_xfer_handle(0x5af9a3d9ddb0, released=False)",decode,0,0,452715,11,d61968e8-e4aa-43a2-8ca8-85b623ffd1e5_dp0,0,nixl_start_time
1780280915.9426026,1780280915.9448617,2.2590000000000003,1780280915.9452844,0.4227161407470703,137285904269,137285.904269,1780280915.9426026,2.681732177734375,0.0035762786865234375,2.2776126861572266,2.259,4718592,2.088796812749004,288,chatcmpl-2f5b01ec-d153-4955-960e-142fd34976c7-99cfaed7,"nixl_xfer_handle(0x5563599359e0, released=False)",decode,1,0,452712,3,d61968e8-e4aa-43a2-8ca8-85b623ffd1e5_dp1,0,nixl_start_time
1780280916.0172377,1780280916.0297036,12.466,1780280916.0297222,0.018596649169921875,137285978904,137285.978904,1780280916.0172377,12.484550476074219,0.0045299530029296875,4.213809967041016,4.195,33030144,2.6496184822717797,2016,chatcmpl-e843dba7-70fa-405a-9854-5211bfe06de3-871eac28,"nixl_xfer_handle(0x5af9a3d9ddb0, released=False)",decode,0,0,452715,21,d61968e8-e4aa-43a2-8ca8-85b623ffd1e5_dp1,0,nixl_start_time
1780280916.0547426,1780280916.0795355,24.793,1780280916.0795696,0.03409385681152344,137286016409,137286.016409,1780280916.0547426,24.827003479003906,0.0045299530029296875,6.612300872802734,6.585,50331648,2.0300749405074017,3072,chatcmpl-0dfa5708-2d8c-4cf4-a22d-5e320eddf87a-91b5e8b0,"nixl_xfer_handle(0x5563599359e0, released=False)",decode,1,0,452712,32,d61968e8-e4aa-43a2-8ca8-85b623ffd1e5_dp0,0,nixl_start_time
1780280916.2662437,1780280916.2686098,2.366,1780280916.2690063,0.39649009704589844,137286227910,137286.22791,1780280916.2662437,2.7625560760498047,0.004291534423828125,2.3894309997558594,2.366,4718592,1.994333051563821,288,chatcmpl-a4ab0f9b-4358-48cc-8e1d-f3c8115b5a86-82469f4c,"nixl_xfer_handle(0x55635999d200, released=False)",decode,1,0,452712,3,d61968e8-e4aa-43a2-8ca8-85b623ffd1e5_dp0,0,nixl_start_time
1780280916.4156537,1780280916.4283967,12.743,1780280916.4284248,0.028133392333984375,137286377320,137286.37732,1780280916.4156537,12.771129608154297,0.0050067901611328125,5.057573318481445,5.036,29884416,2.3451633053441103,1824,chatcmpl-4c3abee7-ea69-4101-83cb-2be769dae266-b8ae5085,"nixl_xfer_handle(0x55635999d200, released=False)",decode,1,0,452712,19,d61968e8-e4aa-43a2-8ca8-85b623ffd1e5_dp1,0,nixl_start_time
1780280916.5518618,1780280916.5594337,7.572,1780280916.5598388,0.4050731658935547,137286513528,137286.513528,1780280916.5518618,7.977008819580078,0.005245208740234375,7.595300674438477,7.572,15728640,2.0772107765451664,960,chatcmpl-8483b73e-b4f5-4599-a6ab-d1f46f93ab65-a4d8fdc2,"nixl_xfer_handle(0x556359b335a0, released=False)",decode,1,0,452712,10,d61968e8-e4aa-43a2-8ca8-85b623ffd1e5_dp0,0,nixl_start_time
1780280916.5640256,1780280916.5660367,2.011,1780280916.5664256,0.38886070251464844,137286525692,137286.525692,1780280916.5640256,2.399921417236328,0.0045299530029296875,2.029895782470703,2.011,3145728,1.564260566882148,192,chatcmpl-aef9826d-5852-4f96-b9ba-bba6adeeb9e5-830978de,"nixl_xfer_handle(0x5af9a3d9ddb0, released=False)",decode,0,0,452715,2,d61968e8-e4aa-43a2-8ca8-85b623ffd1e5_dp0,0,nixl_start_time
1780280916.5887206,1780280916.5904696,1.7489999999999999,1780280916.590876,0.40650367736816406,137286550387,137286.550387,1780280916.5887206,2.1555423736572266,0.0045299530029296875,1.7697811126708984,1.749,3145728,1.7985866209262438,192,chatcmpl-db69401e-f61b-4440-bc69-a4a6cff282c8-bf73253a,"nixl_xfer_handle(0x556359b335a0, released=False)",decode,1,0,452712,2,d61968e8-e4aa-43a2-8ca8-85b623ffd1e5_dp1,0,nixl_start_time
1780280916.6007576,1780280916.6038406,3.0829999999999997,1780280916.6042244,0.3838539123535156,137286562424,137286.562424,1780280916.6007576,3.4668445587158203,0.0035762786865234375,3.1023025512695312,3.083,4718592,1.5305196237431076,288,chatcmpl-24644059-e641-486d-9410-71da7eaf6e7d-b901a7bf,"nixl_xfer_handle(0x5af9a3d9ddb0, released=False)",decode,0,0,452715,3,d61968e8-e4aa-43a2-8ca8-85b623ffd1e5_dp0,0,nixl_start_time
1780280916.7261727,1780280916.7537467,27.574,1780280916.7538004,0.05364418029785156,137286687839,137286.687839,1780280916.7261727,27.62770652770996,0.0050067901611328125,12.231111526489258,12.192,72351744,2.62391180097193,4416,chatcmpl-2ba1d662-dd4e-4285-82ba-dc0815d28645-b44eb2cf,"nixl_xfer_handle(0x5af9a3d9ddb0, released=False)",decode,0,0,452715,46,d61968e8-e4aa-43a2-8ca8-85b623ffd1e5_dp1,0,nixl_start_time
1780280916.8034127,1780280916.8142066,10.794,1780280916.8142204,0.013828277587890625,137286765079,137286.765079,1780280916.8034127,10.80775260925293,0.0050067901611328125,5.457639694213867,5.438,28311552,2.6228971650917177,1728,chatcmpl-6bd4be2b-68d6-4c94-ad60-60552e65b295-abd099df,"nixl_xfer_handle(0x556359b335a0, released=False)",decode,1,0,452712,18,d61968e8-e4aa-43a2-8ca8-85b623ffd1e5_dp0,0,nixl_start_time
1780280916.8090427,1780280916.8293197,20.277,1780280916.829362,0.04220008850097656,137286770709,137286.770709,1780280916.8090427,20.319223403930664,0.0026226043701171875,4.826068878173828,4.812,29884416,1.4738085515608819,1824,chatcmpl-e46b67ce-0740-4687-8a77-4d586905b7ee-93ed6750,"nixl_xfer_handle(0x55635999b590, released=False)",decode,1,0,452712,19,d61968e8-e4aa-43a2-8ca8-85b623ffd1e5_dp0,0,nixl_start_time
1780280916.8172657,1780280916.8293898,12.123999999999999,1780280916.8294418,0.051975250244140625,137286778932,137286.778932,1780280916.8172657,12.176036834716797,0.0045299530029296875,1.3496875762939453,1.329,3145728,0.25946288353678654,192,chatcmpl-f355d9e0-178c-413f-8041-da7865529fc9-acebe7ad,"nixl_xfer_handle(0x556359b335a0, released=False)",decode,1,0,452712,2,d61968e8-e4aa-43a2-8ca8-85b623ffd1e5_dp1,0,nixl_start_time
1780280916.8172717,1780280916.8201346,2.863,1780280916.820478,0.34332275390625,137286778938,137286.778938,1780280916.8172717,3.2062530517578125,0.003814697265625,2.880573272705078,2.863,4718592,1.6481285365001745,288,chatcmpl-3181b78b-ab33-4a8d-983b-3369a696b936-9a64ffff,"nixl_xfer_handle(0x5af9a3db0a00, released=False)",decode,0,0,452715,3,d61968e8-e4aa-43a2-8ca8-85b623ffd1e5_dp1,0,nixl_start_time
1780280916.8789787,1780280916.9036767,24.698,1780280916.903737,0.06031990051269531,137286840645,137286.840645,1780280916.8789787,24.758338928222656,0.0054836273193359375,9.158611297607422,9.139,66060288,2.6747221637379544,4032,chatcmpl-d7167a5f-945e-4e07-b559-27879fe1a9a6-a532ec4d,"nixl_xfer_handle(0x556359cc2fa0, released=False)",decode,1,0,452712,42,d61968e8-e4aa-43a2-8ca8-85b623ffd1e5_dp0,0,nixl_start_time
1780280917.0904677,1780280917.1031268,12.659,1780280917.1031885,0.06175041198730469,137287052134,137287.052134,1780280917.0904677,12.720823287963867,0.0057220458984375,3.5223960876464844,3.502,28311552,2.2364761829528397,1728,chatcmpl-ce6d191c-d67d-4b53-b0cc-3eb5312cf254-aef83deb,"nixl_xfer_handle(0x5af9a3db0a00, released=False)",decode,0,0,452715,18,d61968e8-e4aa-43a2-8ca8-85b623ffd1e5_dp0,0,nixl_start_time
1780280917.1280487,1780280917.1296396,1.591,1780280917.1300375,0.3979206085205078,137287089715,137287.089715,1780280917.1280487,1.9888877868652344,0.0045299530029296875,1.6117095947265625,1.591,3145728,1.9772017598994343,192,chatcmpl-28d78319-ff7e-4b8d-863f-31bb7ec43acb-97e257cc,"nixl_xfer_handle(0x556359ce2e30, released=False)",decode,1,0,452712,2,d61968e8-e4aa-43a2-8ca8-85b623ffd1e5_dp1,0,nixl_start_time
1780280917.1522295,1780280917.1543896,2.16,1780280917.1547654,0.3757476806640625,137287113896,137287.113896,1780280917.1522295,2.5358200073242188,0.0045299530029296875,2.1796226501464844,2.16,3145728,1.4563555555555556,192,chatcmpl-077a7df8-a565-4d82-b14d-4019f9960245-a8e3dc96,"nixl_xfer_handle(0x5af9a419dd20, released=False)",decode,0,0,452715,2,d61968e8-e4aa-43a2-8ca8-85b623ffd1e5_dp0,0,nixl_start_time
1780280917.2655427,1780280917.2982137,32.671,1780280917.2982726,0.05888938903808594,137287227209,137287.227209,1780280917.2655427,32.7298641204834,0.0059604644775390625,11.148929595947266,11.125,75497472,2.31084056196627,4608,chatcmpl-1ea4787b-d2f8-4df3-aeef-f358d9c088cc-9506dac8,"nixl_xfer_handle(0x556359ce2e30, released=False)",decode,1,0,452712,48,d61968e8-e4aa-43a2-8ca8-85b623ffd1e5_dp0,0,nixl_start_time
1780280917.2801116,1780280917.3099895,29.877999999999997,1780280917.3100107,0.021219253540039062,137287241778,137287.241778,1780280917.2801116,29.899120330810547,0.005245208740234375,14.432907104492188,14.397,28311552,0.9475718588928308,1728,chatcmpl-4063fd9a-a0d8-49c6-bf8c-56ec669e75bd-a19c5fcb,"nixl_xfer_handle(0x556356e278a0, released=False)",decode,1,0,452712,18,d61968e8-e4aa-43a2-8ca8-85b623ffd1e5_dp1,0,nixl_start_time
1780280917.3466907,1780280917.3487327,2.042,1780280917.3491442,0.4115104675292969,137287308357,137287.308357,1780280917.3466907,2.4535655975341797,0.004291534423828125,2.0618438720703125,2.042,3145728,1.540513222331048,192,chatcmpl-10d66d6c-3e64-4a35-b83e-5fb0d7812c0a-a87d1db5,"nixl_xfer_handle(0x5af9a419dd20, released=False)",decode,0,0,452715,2,d61968e8-e4aa-43a2-8ca8-85b623ffd1e5_dp0,0,nixl_start_time
1780280917.3468688,1780280917.3727908,25.922,1780280917.3728445,0.05364418029785156,137287308535,137287.308535,1780280917.3468688,25.975704193115234,0.0054836273193359375,10.64300537109375,10.621,66060288,2.5484255844456443,4032,chatcmpl-683d5656-b451-4160-9bb6-b3873890a6e4-a6f16990,"nixl_xfer_handle(0x556359b320c0, released=False)",decode,1,0,452712,42,d61968e8-e4aa-43a2-8ca8-85b623ffd1e5_dp0,0,nixl_start_time
1780280917.3610268,1780280917.3616757,0.6489999999999999,1780280917.3620603,0.3845691680908203,137287322693,137287.322693,1780280917.3610268,1.0335445404052734,0.003814697265625,0.667572021484375,0.649,1572864,2.423519260400617,48,chatcmpl-c86dc43e-1ee3-4982-b54f-157fe3a130d6-b0cba584,"nixl_xfer_handle(0x5af9a419dd20, released=False)",decode,0,0,452715,1,d61968e8-e4aa-43a2-8ca8-85b623ffd1e5_dp1,0,nixl_start_time
1780280917.3847537,1780280917.3852386,0.48500000000000004,1780280917.3856492,0.4105567932128906,137287346420,137287.34642,1780280917.3847537,0.8955001831054688,0.0050067901611328125,0.5035400390625,0.485,1572864,3.243018556701031,48,chatcmpl-a99c94a1-0168-485c-9a4e-86a0e550b3e3-9da1ece1,"nixl_xfer_handle(0x556359982520, released=False)",decode,1,0,452712,1,d61968e8-e4aa-43a2-8ca8-85b623ffd1e5_dp0,0,nixl_start_time
1780280917.3968766,1780280917.3993745,2.4979999999999998,1780280917.3993878,0.0133514404296875,137287358543,137287.358543,1780280917.3968766,2.511262893676758,0.003814697265625,2.1364688873291016,2.117,3145728,1.259298638911129,192,chatcmpl-ba676a8d-7095-429a-93e3-f4479ba9b183-8a28bb0e,"nixl_xfer_handle(0x5af9a419dd20, released=False)",decode,0,0,452715,2,d61968e8-e4aa-43a2-8ca8-85b623ffd1e5_dp0,0,nixl_start_time
1780280917.4092567,1780280917.4125538,3.297,1780280917.4130235,0.4696846008300781,137287370923,137287.370923,1780280917.4092567,3.766775131225586,0.0045299530029296875,3.317594528198242,3.297,6291456,1.9082365787079163,384,chatcmpl-7ec318dd-ff1d-4ed5-a06c-e77a3b4b3665-a8b5bb9f,"nixl_xfer_handle(0x556359982520, released=False)",decode,1,0,452712,4,d61968e8-e4aa-43a2-8ca8-85b623ffd1e5_dp1,0,nixl_start_time
1780280917.4590197,1780280917.4621327,3.113,1780280917.4624689,0.3361701965332031,137287420686,137287.420686,1780280917.4590197,3.4492015838623047,0.003814697265625,3.1309127807617188,3.113,4718592,1.5157699967876646,288,chatcmpl-42fd56ec-9989-40e2-8f42-35060b60599e-99eb4531,"nixl_xfer_handle(0x5af9a419dd20, released=False)",decode,0,0,452715,3,d61968e8-e4aa-43a2-8ca8-85b623ffd1e5_dp0,0,nixl_start_time
1780280917.4710636,1780280917.4730365,1.9729999999999999,1780280917.4733891,0.35262107849121094,137287432730,137287.43273,1780280917.4710636,2.3255348205566406,0.003337860107421875,1.9919872283935547,1.973,3145728,1.5943882412569692,192,chatcmpl-4b0ddde4-edee-4439-b109-a73f0e458eb7-9dc1c95b,"nixl_xfer_handle(0x5af9a419dd20, released=False)",decode,0,0,452715,2,d61968e8-e4aa-43a2-8ca8-85b623ffd1e5_dp0,0,nixl_start_time
1780280917.5459726,1780280917.5708766,24.904,1780280917.5709002,0.023603439331054688,137287507639,137287.507639,1780280917.5459726,24.927616119384766,0.0059604644775390625,7.93766975402832,7.916,56623104,2.2736549951814973,3456,chatcmpl-62e146f7-2dac-4f1d-972d-c4a3aec82a81-bae215e8,"nixl_xfer_handle(0x556359982520, released=False)",decode,1,0,452712,36,d61968e8-e4aa-43a2-8ca8-85b623ffd1e5_dp1,0,nixl_start_time
1780280917.9072797,1780280917.9104097,3.13,1780280917.9108393,0.4296302795410156,137287868946,137287.868946,1780280917.9072797,3.559589385986328,0.005245208740234375,3.1528472900390625,3.13,6291456,2.0100498402555913,384,chatcmpl-810fe434-8c21-4127-9417-6034c6aea9e7-b3490da9,"nixl_xfer_handle(0x556359b4e970, released=False)",decode,1,0,452712,4,d61968e8-e4aa-43a2-8ca8-85b623ffd1e5_dp0,0,nixl_start_time
1780280918.0167446,1780280918.0427835,26.038999999999998,1780280918.042816,0.0324249267578125,137287978411,137287.978411,1780280918.0167446,26.07131004333496,0.006198883056640625,11.03830337524414,10.998,67633152,2.5973790084104613,4128,chatcmpl-eba83f43-69d2-4609-8e27-47507bffeb57-98bce700,"nixl_xfer_handle(0x556359b4e970, released=False)",decode,1,0,452712,43,d61968e8-e4aa-43a2-8ca8-85b623ffd1e5_dp1,0,nixl_start_time
1780280918.0313888,1780280918.0428438,11.455,1780280918.0428839,0.0400543212890625,137287993055,137287.993055,1780280918.0313888,11.495113372802734,0.0050067901611328125,1.4412403106689453,1.42,3145728,0.2746161501527717,192,chatcmpl-d566c51e-17ec-4517-a0a1-93d9ddb82dea-8a980ab9,"nixl_xfer_handle(0x556359ce2e30, released=False)",decode,1,0,452712,2,d61968e8-e4aa-43a2-8ca8-85b623ffd1e5_dp0,0,nixl_start_time
1780280918.0548477,1780280918.0574067,2.559,1780280918.0577972,0.3905296325683594,137288016514,137288.016514,1780280918.0548477,2.9494762420654297,0.0050067901611328125,2.579212188720703,2.559,4718592,1.8439202813599063,288,chatcmpl-aefc1a9d-9959-4f9c-82bb-c7f38580e49d-83588fb4,"nixl_xfer_handle(0x556359b4e970, released=False)",decode,1,0,452712,3,d61968e8-e4aa-43a2-8ca8-85b623ffd1e5_dp0,0,nixl_start_time
1780280918.0920267,1780280918.1001437,8.116999999999999,1780280918.1005657,0.4220008850097656,137288053693,137288.053693,1780280918.0920267,8.538961410522461,0.0057220458984375,8.14199447631836,8.117,14155776,1.743966490082543,864,chatcmpl-4e829a43-c589-4c0e-8ee7-100bb24d2728-8c3c2254,"nixl_xfer_handle(0x5af9a419dd20, released=False)",decode,0,0,452715,9,d61968e8-e4aa-43a2-8ca8-85b623ffd1e5_dp1,0,nixl_start_time
1780280918.3104477,1780280918.3444226,33.975,1780280918.3444748,0.05221366882324219,137288272114,137288.272114,1780280918.3104477,34.027099609375,0.0059604644775390625,12.468338012695312,12.431,78643200,2.3147373068432673,4800,chatcmpl-1f692303-6b45-4493-8328-2cb2e2039da5-a7b35612,"nixl_xfer_handle(0x556359b4e970, released=False)",decode,1,0,452712,50,d61968e8-e4aa-43a2-8ca8-85b623ffd1e5_dp0,0,nixl_start_time
1780280918.3266327,1780280918.3559718,29.339000000000002,1780280918.3559914,0.019550323486328125,137288288299,137288.288299,1780280918.3266327,29.358625411987305,0.0050067901611328125,14.29438591003418,14.259,29884416,1.018590135996455,1824,chatcmpl-6bd981c3-5ed0-4da3-b773-ce4f7665f229-be8d90de,"nixl_xfer_handle(0x5563599119a0, released=False)",decode,1,0,452712,19,d61968e8-e4aa-43a2-8ca8-85b623ffd1e5_dp1,0,nixl_start_time
1780280918.3921688,1780280918.4047177,12.549,1780280918.4047544,0.036716461181640625,137288353835,137288.353835,1780280918.3921688,12.585639953613281,0.0057220458984375,4.96363639831543,4.944,22020096,1.754729141764284,1344,chatcmpl-4f30e70f-0d31-4613-8ace-f6de123acd9c-94edee00,"nixl_xfer_handle(0x556359b4e970, released=False)",decode,1,0,452712,14,d61968e8-e4aa-43a2-8ca8-85b623ffd1e5_dp1,0,nixl_start_time
1780280918.4045646,1780280918.4167616,12.197,1780280918.4167845,0.02288818359375,137288366231,137288.366231,1780280918.4045646,12.219905853271484,0.00476837158203125,3.5543441772460938,3.533,25165824,2.063279822907272,1536,chatcmpl-5dd868c0-7a4b-49b8-8cb5-e54a878df95a-99326008,"nixl_xfer_handle(0x5af9a419dd20, released=False)",decode,0,0,452715,16,d61968e8-e4aa-43a2-8ca8-85b623ffd1e5_dp0,0,nixl_start_time
1780280918.4529657,1780280918.4658208,12.855,1780280918.4658418,0.0209808349609375,137288414632,137288.414632,1780280918.4529657,12.876033782958984,0.00476837158203125,3.5486221313476562,3.528,20447232,1.5906053675612601,1248,chatcmpl-60bd98cb-51ff-463e-ba1d-741a7da585d0-98d32e1a,"nixl_xfer_handle(0x5af9a419dd20, released=False)",decode,0,0,452715,13,d61968e8-e4aa-43a2-8ca8-85b623ffd1e5_dp0,0,nixl_start_time
1780280918.5740807,1780280918.5882478,14.167000000000002,1780280918.588261,0.013113021850585938,137288535747,137288.535747,1780280918.5740807,14.180183410644531,0.004291534423828125,5.110502243041992,5.091,28311552,1.9984154725771157,1728,chatcmpl-40b2d4a8-2476-4893-862a-c662da503442-beb0b41e,"nixl_xfer_handle(0x556359b4e970, released=False)",decode,1,0,452712,18,d61968e8-e4aa-43a2-8ca8-85b623ffd1e5_dp1,0,nixl_start_time
1780280918.5860467,1780280918.5878217,1.7750000000000001,1780280918.588281,0.4591941833496094,137288547713,137288.547713,1780280918.5860467,2.234220504760742,0.004291534423828125,1.7936229705810547,1.775,3145728,1.7722411267605633,192,chatcmpl-dec663d6-953d-477a-ac50-8f3b47f6f478-8410ab37,"nixl_xfer_handle(0x55635109d980, released=False)",decode,1,0,452712,2,d61968e8-e4aa-43a2-8ca8-85b623ffd1e5_dp0,0,nixl_start_time
1780280918.7205367,1780280918.7448947,24.358,1780280918.7449133,0.018596649169921875,137288682203,137288.682203,1780280918.7205367,24.376630783081055,0.0057220458984375,4.26793098449707,4.249,39321600,1.614319730683964,2400,chatcmpl-3ab1536c-9d1b-4c94-a820-f6d39ef694b7-a0aa488c,"nixl_xfer_handle(0x5af9a419dd20, released=False)",decode,0,0,452715,25,d61968e8-e4aa-43a2-8ca8-85b623ffd1e5_dp1,0,nixl_start_time
1780280918.7568207,1780280918.7615497,4.729,1780280918.761904,0.3542900085449219,137288718487,137288.718487,1780280918.7568207,5.083322525024414,0.00286102294921875,4.746913909912109,4.729,7864320,1.662998519771622,480,chatcmpl-684bde29-b684-4c61-9a08-097df05ffa2f-a51c75b7,"nixl_xfer_handle(0x5af9a419dd20, released=False)",decode,0,0,452715,5,d61968e8-e4aa-43a2-8ca8-85b623ffd1e5_dp0,0,nixl_start_time
1780280918.8911247,1780280918.9154267,24.302,1780280918.9154496,0.02288818359375,137288852791,137288.852791,1780280918.8911247,24.324893951416016,0.0054836273193359375,5.098581314086914,5.079,59768832,2.4594202946259567,3648,chatcmpl-089c79a5-4891-4dc9-a239-0d0713f40a7d-a3484d4e,"nixl_xfer_handle(0x5af9a419dd20, released=False)",decode,0,0,452715,38,d61968e8-e4aa-43a2-8ca8-85b623ffd1e5_dp1,0,nixl_start_time
1780280918.9028766,1780280918.9081616,5.285,1780280918.9085808,0.4191398620605469,137288864543,137288.864543,1780280918.9028766,5.704164505004883,0.00476837158203125,5.306243896484375,5.285,11010048,2.0832635761589406,672,chatcmpl-375e4452-7606-40d4-86a2-a79661087cbd-910b0f3f,"nixl_xfer_handle(0x55635109d980, released=False)",decode,1,0,452712,7,d61968e8-e4aa-43a2-8ca8-85b623ffd1e5_dp0,0,nixl_start_time
1780280918.9276206,1780280918.9517956,24.174999999999997,1780280918.9518497,0.05412101745605469,137288889287,137288.889287,1780280918.9276206,24.229049682617188,0.00476837158203125,4.340171813964844,4.32,40894464,1.6916014064115823,2496,chatcmpl-92e625c5-c5b6-403f-be94-1767051a17bb-8c3af187,"nixl_xfer_handle(0x5af9a419dd20, released=False)",decode,0,0,452715,26,d61968e8-e4aa-43a2-8ca8-85b623ffd1e5_dp1,0,nixl_start_time
1780280918.9397366,1780280918.9443436,4.607,1780280918.9447465,0.4029273986816406,137288901403,137288.901403,1780280918.9397366,5.009889602661133,0.00476837158203125,4.628181457519531,4.607,9437184,2.0484445409159977,576,chatcmpl-aea0250e-5c83-439e-913d-972059a55cb8-917bd6bd,"nixl_xfer_handle(0x55635109d980, released=False)",decode,1,0,452712,6,d61968e8-e4aa-43a2-8ca8-85b623ffd1e5_dp0,0,nixl_start_time
1780280919.0127985,1780280919.0508566,38.058,1780280919.0508695,0.012874603271484375,137288974465,137288.974465,1780280919.0127985,38.0709171295166,0.0054836273193359375,19.058942794799805,19.031,81788928,2.1490600662147252,4992,chatcmpl-0fbaf5b3-35ae-4d89-9c4f-d3588d15dab5-8d8566ca,"nixl_xfer_handle(0x5af9a419dd20, released=False)",decode,0,0,452715,52,d61968e8-e4aa-43a2-8ca8-85b623ffd1e5_dp1,0,nixl_start_time
1780280919.0351896,1780280919.0375717,2.382,1780280919.0379672,0.3955364227294922,137288996856,137288.996856,1780280919.0351896,2.777576446533203,0.0050067901611328125,2.4046897888183594,2.382,4718592,1.9809370277078084,288,chatcmpl-1dfc63bb-34e7-48b8-bb15-94ddde6ecf42-8f5793d2,"nixl_xfer_handle(0x55635109d980, released=False)",decode,1,0,452712,3,d61968e8-e4aa-43a2-8ca8-85b623ffd1e5_dp0,0,nixl_start_time
1780280919.0466797,1780280919.0587287,12.049000000000001,1780280919.0587637,0.03504753112792969,137289008346,137289.008346,1780280919.0466797,12.084007263183594,0.0054836273193359375,3.796100616455078,3.777,33030144,2.7413182836749934,2016,chatcmpl-a2e992ab-7235-4267-9b78-0851f7802198-80aa9648,"nixl_xfer_handle(0x5af9a3d94040, released=False)",decode,0,0,452715,21,d61968e8-e4aa-43a2-8ca8-85b623ffd1e5_dp0,0,nixl_start_time
1780280919.0709286,1780280919.0715337,0.605,1780280919.0718842,0.3504753112792969,137289032595,137289.032595,1780280919.0709286,0.9555816650390625,0.004291534423828125,0.6253719329833984,0.605,1572864,2.5997752066115702,48,chatcmpl-605a1c8d-4b34-4e1b-a77b-1e9b21b27129-8c20ebdb,"nixl_xfer_handle(0x5af9a3d94040, released=False)",decode,0,0,452715,1,d61968e8-e4aa-43a2-8ca8-85b623ffd1e5_dp1,0,nixl_start_time
1780280919.0949147,1780280919.0972548,2.34,1780280919.0976691,0.4143714904785156,137289056581,137289.056581,1780280919.0949147,2.7544498443603516,0.0040531158447265625,2.360820770263672,2.34,4718592,2.0164923076923076,288,chatcmpl-70907546-c217-4a05-8e6f-feb71f091306-ad14d2fc,"nixl_xfer_handle(0x55635109d980, released=False)",decode,1,0,452712,3,d61968e8-e4aa-43a2-8ca8-85b623ffd1e5_dp0,0,nixl_start_time
1780280919.1313276,1780280919.1560626,24.735,1780280919.1560817,0.019073486328125,137289092994,137289.092994,1780280919.1313276,24.754047393798828,0.0045299530029296875,6.377220153808594,6.354,42467328,1.7168921770770162,2592,chatcmpl-e024a52b-1cc0-408c-8104-85525c69712f-b6b6c8a3,"nixl_xfer_handle(0x55635109d980, released=False)",decode,1,0,452712,27,d61968e8-e4aa-43a2-8ca8-85b623ffd1e5_dp1,0,nixl_start_time
1780280919.1802557,1780280919.2044516,24.195999999999998,1780280919.2044702,0.018596649169921875,137289141922,137289.141922,1780280919.1802557,24.214506149291992,0.00476837158203125,4.469394683837891,4.45,44040192,1.8201434947925277,2688,chatcmpl-34771fb0-fece-48e0-8d64-2cc0e96b0e71-bca12220,"nixl_xfer_handle(0x5af9a3d94040, released=False)",decode,0,0,452715,28,d61968e8-e4aa-43a2-8ca8-85b623ffd1e5_dp1,0,nixl_start_time
1780280919.3142967,1780280919.3381367,23.84,1780280919.3381493,0.012636184692382812,137289275963,137289.275963,1780280919.3142967,23.85258674621582,0.005245208740234375,17.858266830444336,17.822,77070336,3.23281610738255,4704,chatcmpl-89815562-a0f1-4e8f-95f3-75ee5a51eb7b-9cd28fa1,"nixl_xfer_handle(0x5af9a3d94040, released=False)",decode,0,0,452715,49,d61968e8-e4aa-43a2-8ca8-85b623ffd1e5_dp0,0,nixl_start_time
1780280919.3354836,1780280919.3488536,13.37,1780280919.3489003,0.04673004150390625,137289297150,137289.29715,1780280919.3354836,13.416767120361328,0.004291534423828125,2.094268798828125,2.072,4718592,0.35292385938668663,288,chatcmpl-e04f6af4-3233-4528-b7db-a8dcde4a6c90-9abade43,"nixl_xfer_handle(0x5af9a419dd20, released=False)",decode,0,0,452715,3,d61968e8-e4aa-43a2-8ca8-85b623ffd1e5_dp1,0,nixl_start_time
1780280919.3467436,1780280919.3485215,1.778,1780280919.3489187,0.3972053527832031,137289308410,137289.30841,1780280919.3467436,2.1750926971435547,0.0030994415283203125,1.794576644897461,1.778,3145728,1.7692508436445444,192,chatcmpl-cab97661-ddac-459b-8381-725f19028c81-8279153a,"nixl_xfer_handle(0x5af9a3d94040, released=False)",decode,0,0,452715,2,d61968e8-e4aa-43a2-8ca8-85b623ffd1e5_dp0,0,nixl_start_time
1780280919.4804997,1780280919.4927287,12.229000000000001,1780280919.4927492,0.020503997802734375,137289442166,137289.442166,1780280919.4804997,12.249469757080078,0.0045299530029296875,3.222942352294922,3.204,20447232,1.672028129855262,1248,chatcmpl-4a53380a-0e9b-427f-9550-ba419da3c898-bc7c904b,"nixl_xfer_handle(0x5af9a3d94040, released=False)",decode,0,0,452715,13,d61968e8-e4aa-43a2-8ca8-85b623ffd1e5_dp1,0,nixl_start_time
1780280919.6144137,1780280919.6389947,24.581,1780280919.6390378,0.04315376281738281,137289576080,137289.57608,1780280919.6144137,24.624109268188477,0.0059604644775390625,4.540681838989258,4.521,48758784,1.9835964362719174,2976,chatcmpl-556301ef-7e41-4e62-af75-6984bd262228-9b36571a,"nixl_xfer_handle(0x5af9a3d94040, released=False)",decode,0,0,452715,31,d61968e8-e4aa-43a2-8ca8-85b623ffd1e5_dp0,0,nixl_start_time
1780280919.7123556,1780280919.7146196,2.264,1780280919.715016,0.3962516784667969,137289674022,137289.674022,1780280919.7123556,2.6602745056152344,0.02288818359375,2.3021697998046875,2.264,4718592,2.0841837455830388,288,chatcmpl-d8cc4a69-09a8-442f-8215-a02668800f67-80cef399,"nixl_xfer_handle(0x55635109d980, released=False)",decode,1,0,452712,3,d61968e8-e4aa-43a2-8ca8-85b623ffd1e5_dp0,0,nixl_start_time
1780280919.8841076,1780280919.9090555,24.948,1780280919.9090767,0.021219253540039062,137289845774,137289.845774,1780280919.8841076,24.969100952148438,0.005245208740234375,9.818553924560547,9.796,59768832,2.3957364117364115,3648,chatcmpl-5ec7a20b-e088-488e-9b3d-d6b136b92ffb-ba734c8f,"nixl_xfer_handle(0x55635109d980, released=False)",decode,1,0,452712,38,d61968e8-e4aa-43a2-8ca8-85b623ffd1e5_dp1,0,nixl_start_time
1780280919.8972757,1780280919.8993287,2.053,1780280919.8996694,0.3407001495361328,137289858942,137289.858942,1780280919.8972757,2.3937225341796875,0.00476837158203125,2.080202102661133,2.053,3145728,1.5322591329761324,192,chatcmpl-a2b91b43-28fa-450c-bca7-af817a302f22-aff79fc9,"nixl_xfer_handle(0x5af9a3d94040, released=False)",decode,0,0,452715,2,d61968e8-e4aa-43a2-8ca8-85b623ffd1e5_dp0,0,nixl_start_time
1780280919.9702327,1780280920.0005138,30.281,1780280920.0005622,0.04839897155761719,137289931899,137289.931899,1780280919.9702327,30.329465866088867,0.0045299530029296875,15.39754867553711,15.362,78643200,2.5971137016611077,4800,chatcmpl-9d565edb-aac7-4fe8-b5c8-7c32290464fe-a1b3a6e5,"nixl_xfer_handle(0x5af9a3d94040, released=False)",decode,0,0,452715,50,d61968e8-e4aa-43a2-8ca8-85b623ffd1e5_dp1,0,nixl_start_time
1780280920.0505517,1780280920.0848827,34.331,1780280920.0849276,0.04482269287109375,137290012218,137290.012218,1780280920.0505517,34.375905990600586,0.00667572021484375,11.968612670898438,11.925,78643200,2.290734321750022,4800,chatcmpl-a8080472-385d-4889-98bb-aed924ec07a2-a06c1ee8,"nixl_xfer_handle(0x55635109d980, released=False)",decode,1,0,452712,50,d61968e8-e4aa-43a2-8ca8-85b623ffd1e5_dp1,0,nixl_start_time
1780280920.0773938,1780280920.084463,7.069,1780280920.0849562,0.4932880401611328,137290039060,137290.03906,1780280920.0773938,7.562398910522461,0.004291534423828125,7.0896148681640625,7.069,14155776,2.0025146413919934,864,chatcmpl-4df72126-f571-416b-b7c8-943138af03c5-874f1ea8,"nixl_xfer_handle(0x556359b4e970, released=False)",decode,1,0,452712,9,d61968e8-e4aa-43a2-8ca8-85b623ffd1e5_dp0,0,nixl_start_time
1780280920.1625707,1780280920.1648006,2.2300000000000004,1780280920.1705189,5.718231201171875,137290124237,137290.124237,1780280920.1625707,7.948160171508789,0.004291534423828125,2.2478103637695312,2.23,3145728,1.4106403587443945,192,chatcmpl-4d86f201-9cdc-4bce-9184-820b652fc889-bbc74b1b,"nixl_xfer_handle(0x5af9a3d94040, released=False)",decode,0,0,452715,2,d61968e8-e4aa-43a2-8ca8-85b623ffd1e5_dp1,0,nixl_start_time
1780280920.1650085,1780280920.1876416,22.633,1780280920.1876895,0.04792213439941406,137290126675,137290.126675,1780280920.1650085,22.680997848510742,0.00286102294921875,5.141735076904297,5.128,44040192,1.945839791454955,2688,chatcmpl-059c77b1-795b-43f4-9e91-d36078b1672a-9e555d41,"nixl_xfer_handle(0x5af9a419dd20, released=False)",decode,0,0,452715,28,d61968e8-e4aa-43a2-8ca8-85b623ffd1e5_dp0,0,nixl_start_time
1780280920.2730026,1780280920.2853765,12.373999999999999,1780280920.2853956,0.019073486328125,137290234669,137290.234669,1780280920.2730026,12.392997741699219,0.0057220458984375,5.062580108642578,5.043,25165824,2.0337662841441735,1536,chatcmpl-6e766211-7c09-469f-a1cf-a537278d9ba4-8cd3c902,"nixl_xfer_handle(0x556359b4e970, released=False)",decode,1,0,452712,16,d61968e8-e4aa-43a2-8ca8-85b623ffd1e5_dp0,0,nixl_start_time
1780280920.4446487,1780280920.4517827,7.1339999999999995,1780280920.4521356,0.3528594970703125,137290406315,137290.406315,1780280920.4446487,7.486820220947266,0.006198883056640625,7.155656814575195,7.134,11010048,1.5433204373423044,672,chatcmpl-ef9d1027-4b9a-4add-89a2-03df42bf5721-8abd572e,"nixl_xfer_handle(0x5af9a419dd20, released=False)",decode,0,0,452715,7,d61968e8-e4aa-43a2-8ca8-85b623ffd1e5_dp0,0,nixl_start_time
1780280920.4683807,1780280920.4699497,1.5690000000000002,1780280920.4703522,0.4024505615234375,137290430047,137290.430047,1780280920.4683807,1.9714832305908203,0.00476837158203125,1.5897750854492188,1.569,3145728,2.004925430210325,192,chatcmpl-d6a3f39b-06c6-4423-bdbd-3daeb4ee033e-88a1d9db,"nixl_xfer_handle(0x556359b4e970, released=False)",decode,1,0,452712,2,d61968e8-e4aa-43a2-8ca8-85b623ffd1e5_dp1,0,nixl_start_time
1780280920.5286856,1780280920.5317616,3.076,1780280920.5320823,0.32067298889160156,137290490352,137290.490352,1780280920.5286856,3.396749496459961,0.0045299530029296875,3.094196319580078,3.076,4718592,1.534002600780234,288,chatcmpl-9d16d70b-e111-4dd1-a286-473b4a21af6f-b4fa2e57,"nixl_xfer_handle(0x5af9a419dd20, released=False)",decode,0,0,452715,3,d61968e8-e4aa-43a2-8ca8-85b623ffd1e5_dp0,0,nixl_start_time
1780280920.6135187,1780280920.6258256,12.307,1780280920.6258497,0.024080276489257812,137290575185,137290.575185,1780280920.6135187,12.331008911132812,0.005245208740234375,4.152536392211914,4.132,34603008,2.8116525554562446,2112,chatcmpl-784c45bd-c250-4afd-8451-394709a7fe42-9302e73c,"nixl_xfer_handle(0x5af9a419dd20, released=False)",decode,0,0,452715,22,d61968e8-e4aa-43a2-8ca8-85b623ffd1e5_dp0,0,nixl_start_time
1780280920.7348816,1780280920.7355666,0.6849999999999999,1780280920.7359169,0.3502368927001953,137290696548,137290.696548,1780280920.7348816,1.0352134704589844,0.0054836273193359375,0.7054805755615234,0.685,1572864,2.2961518248175183,48,chatcmpl-57deba6d-3fe8-469e-a9d0-e1da531e4b8f-b87e9d87,"nixl_xfer_handle(0x5af9a419dd20, released=False)",decode,0,0,452715,1,d61968e8-e4aa-43a2-8ca8-85b623ffd1e5_dp1,0,nixl_start_time
1780280920.7957826,1780280920.8035455,7.763,1780280920.8039153,0.36978721618652344,137290757449,137290.757449,1780280920.7957826,8.132696151733398,0.0040531158447265625,7.7838897705078125,7.763,12582912,1.6208826484606467,768,chatcmpl-29b90303-29fc-4f1b-9c07-ebc5b6d86d3d-aa477723,"nixl_xfer_handle(0x5af9a419dd20, released=False)",decode,0,0,452715,8,d61968e8-e4aa-43a2-8ca8-85b623ffd1e5_dp0,0,nixl_start_time
1780280920.8691566,1780280920.8937006,24.544,1780280920.893728,0.027418136596679688,137290830823,137290.830823,1780280920.8691566,24.57141876220703,0.0059604644775390625,5.367040634155273,5.347,58195968,2.3710873533246417,3552,chatcmpl-3ed5aaf6-71d1-43f8-946d-a913c2b797e0-844ddbb1,"nixl_xfer_handle(0x5af9a419dd20, released=False)",decode,0,0,452715,37,d61968e8-e4aa-43a2-8ca8-85b623ffd1e5_dp1,0,nixl_start_time
1780280920.8812606,1780280920.8844066,3.146,1780280920.884817,0.41031837463378906,137290842927,137290.842927,1780280920.8812606,3.5562515258789062,0.005245208740234375,3.170490264892578,3.146,6291456,1.9998270820089001,384,chatcmpl-c4673cd0-18ab-48e0-a10b-14430e02c8cb-b0e22370,"nixl_xfer_handle(0x556359b4e970, released=False)",decode,1,0,452712,4,d61968e8-e4aa-43a2-8ca8-85b623ffd1e5_dp0,0,nixl_start_time
1780280920.9059737,1780280920.9081886,2.215,1780280920.9085357,0.347137451171875,137290867640,137290.86764,1780280920.9059737,2.5620460510253906,0.0045299530029296875,2.2346973419189453,2.215,3145728,1.4201932279909706,192,chatcmpl-42dec97e-160d-4519-8f64-9a4bc25dafbb-93a58c94,"nixl_xfer_handle(0x5af9a419dd20, released=False)",decode,0,0,452715,2,d61968e8-e4aa-43a2-8ca8-85b623ffd1e5_dp1,0,nixl_start_time
1780280920.9184268,1780280920.9188857,0.45899999999999996,1780280920.9192739,0.38814544677734375,137290880093,137290.880093,1780280920.9184268,0.8471012115478516,0.0050067901611328125,0.4780292510986328,0.459,1572864,3.426718954248366,48,chatcmpl-a18f77e2-7572-41fa-a7a9-b0bd06b3de8e-b6de7432,"nixl_xfer_handle(0x556359b4e970, released=False)",decode,1,0,452712,1,d61968e8-e4aa-43a2-8ca8-85b623ffd1e5_dp1,0,nixl_start_time
1780280920.9909537,1780280921.0031567,12.203000000000001,1780280921.0031772,0.020503997802734375,137290952620,137290.95262,1780280920.9909537,12.223482131958008,0.0050067901611328125,3.8874149322509766,3.865,28311552,2.320048512660821,1728,chatcmpl-13dc2be4-e233-49bf-b857-c90e91c3f5f8-80d0c1fd,"nixl_xfer_handle(0x5af9a419dd20, released=False)",decode,0,0,452715,18,d61968e8-e4aa-43a2-8ca8-85b623ffd1e5_dp0,0,nixl_start_time
1780280921.0765138,1780280921.0807717,4.258,1780280921.0811179,0.34618377685546875,137291038180,137291.03818,1780280921.0765138,4.604101181030273,0.003814697265625,4.27699089050293,4.258,6291456,1.4775612963832787,384,chatcmpl-b6c89fde-48de-4724-a59e-e8afa5443067-bf6b698c,"nixl_xfer_handle(0x5af9a419dd20, released=False)",decode,0,0,452715,4,d61968e8-e4aa-43a2-8ca8-85b623ffd1e5_dp1,0,nixl_start_time
1780280921.3574216,1780280921.3671677,9.745999999999999,1780280921.3671825,0.014781951904296875,137291319088,137291.319088,1780280921.3574216,9.760856628417969,0.0057220458984375,9.505748748779297,9.48,14155776,1.4524703468089473,864,chatcmpl-e536cdba-c510-4494-ae8e-224663518716-9e0a9263,"nixl_xfer_handle(0x5af9a419dd20, released=False)",decode,0,0,452715,9,d61968e8-e4aa-43a2-8ca8-85b623ffd1e5_dp0,0,nixl_start_time
1780280921.4432247,1780280921.4448657,1.641,1780280921.445266,0.40030479431152344,137291404891,137291.404891,1780280921.4432247,2.041339874267578,0.00476837158203125,1.6608238220214844,1.641,3145728,1.9169579524680072,192,chatcmpl-5cf4576a-fbc3-47f1-acc8-30e2a024ba66-bddb6094,"nixl_xfer_handle(0x556359b4e970, released=False)",decode,1,0,452712,2,d61968e8-e4aa-43a2-8ca8-85b623ffd1e5_dp1,0,nixl_start_time
1780280921.5287325,1780280921.5319564,3.2239999999999998,1780280921.5323753,0.4189014434814453,137291490399,137291.490399,1780280921.5287325,3.6427974700927734,0.0040531158447265625,3.243684768676758,3.224,4718592,1.4635831265508685,288,chatcmpl-167cbe54-8deb-4c6b-8df9-c297bc678fd2-9f43e875,"nixl_xfer_handle(0x5af9a419dd20, released=False)",decode,0,0,452715,3,d61968e8-e4aa-43a2-8ca8-85b623ffd1e5_dp0,0,nixl_start_time
1780280921.5899208,1780280921.5920477,2.127,1780280921.5923986,0.3509521484375,137291551587,137291.551587,1780280921.5899208,2.477884292602539,0.0045299530029296875,2.1469593048095703,2.127,3145728,1.4789506346967558,192,chatcmpl-f4cb769f-2b9b-485f-9cd9-ddb35886509c-b6c87163,"nixl_xfer_handle(0x5af9a419dd20, released=False)",decode,0,0,452715,2,d61968e8-e4aa-43a2-8ca8-85b623ffd1e5_dp1,0,nixl_start_time
1780280921.6148937,1780280921.6179667,3.0730000000000004,1780280921.618373,0.4062652587890625,137291576560,137291.57656,1780280921.6148937,3.4792423248291016,0.00476837158203125,3.0939579010009766,3.073,6291456,2.0473335502766026,384,chatcmpl-69512a51-194a-4b86-9f66-a1254acbb655-8b896bdd,"nixl_xfer_handle(0x556359b4e970, released=False)",decode,1,0,452712,4,d61968e8-e4aa-43a2-8ca8-85b623ffd1e5_dp0,0,nixl_start_time
1780280921.8595717,1780280921.8844447,24.872999999999998,1780280921.8844643,0.019550323486328125,137291821238,137291.821238,1780280921.8595717,24.892568588256836,0.00476837158203125,4.56690788269043,4.532,48758784,1.9603097334459052,2976,chatcmpl-3c55782d-fcff-4a1e-952d-ee2459363efc-bf4877b0,"nixl_xfer_handle(0x5af9a419dd20, released=False)",decode,0,0,452715,31,d61968e8-e4aa-43a2-8ca8-85b623ffd1e5_dp0,0,nixl_start_time
1780280921.8717906,1780280921.8756516,3.8609999999999998,1780280921.8760493,0.39768218994140625,137291833457,137291.833457,1780280921.8717906,4.258632659912109,0.005245208740234375,3.882169723510742,3.861,7864320,2.036860916860917,480,chatcmpl-29898d75-d02c-4c58-a65f-d2a82cc2e492-9d992e8c,"nixl_xfer_handle(0x556359b4e970, released=False)",decode,1,0,452712,5,d61968e8-e4aa-43a2-8ca8-85b623ffd1e5_dp1,0,nixl_start_time
1780280922.1160197,1780280922.1185577,2.538,1780280922.118584,0.026226043701171875,137292077686,137292.077686,1780280922.1160197,2.5641918182373047,0.0050067901611328125,2.139568328857422,2.117,3145728,1.239451536643026,192,chatcmpl-6dba1752-7492-4266-aeaa-1ca708e5b379-ab3aafcb,"nixl_xfer_handle(0x5af9a419dd20, released=False)",decode,0,0,452715,2,d61968e8-e4aa-43a2-8ca8-85b623ffd1e5_dp0,0,nixl_start_time
1780280922.2714436,1780280922.2738097,2.366,1780280922.2738223,0.012636184692382812,137292233110,137292.23311,1780280922.2714436,2.378702163696289,0.0059604644775390625,2.0318031311035156,2.009,3145728,1.3295553677092138,192,chatcmpl-aeb6031f-f948-4a3e-a094-7ab06a56cb67-93bfa6c2,"nixl_xfer_handle(0x5af9a419dd20, released=False)",decode,0,0,452715,2,d61968e8-e4aa-43a2-8ca8-85b623ffd1e5_dp1,0,nixl_start_time
1780280922.3073018,1780280922.3089087,1.607,1780280922.3093178,0.40912628173828125,137292268968,137292.268968,1780280922.3073018,2.0160675048828125,0.00476837158203125,1.628875732421875,1.607,3145728,1.9575158680771625,192,chatcmpl-c63d8d67-7822-4595-86ac-8f986433fd8a-a7387cf5,"nixl_xfer_handle(0x556359b4e970, released=False)",decode,1,0,452712,2,d61968e8-e4aa-43a2-8ca8-85b623ffd1e5_dp0,0,nixl_start_time
1780280922.3549635,1780280922.3565435,1.58,1780280922.3569472,0.4036426544189453,137292316630,137292.31663,1780280922.3549635,1.983642578125,0.004291534423828125,1.6007423400878906,1.58,3145728,1.990967088607595,192,chatcmpl-ed6cc878-89a6-429b-b3dc-4f6201f0d713-87197bca,"nixl_xfer_handle(0x556359b4e970, released=False)",decode,1,0,452712,2,d61968e8-e4aa-43a2-8ca8-85b623ffd1e5_dp1,0,nixl_start_time
1780280922.3790426,1780280922.3890626,10.02,1780280922.3893106,0.247955322265625,137292340709,137292.340709,1780280922.3790426,10.267972946166992,0.0059604644775390625,10.04791259765625,10.02,15728640,1.5697245508982036,960,chatcmpl-710604b0-7762-44d0-baa0-38cf282b5149-a911dfe0,"nixl_xfer_handle(0x5af9a419dd20, released=False)",decode,0,0,452715,10,d61968e8-e4aa-43a2-8ca8-85b623ffd1e5_dp0,0,nixl_start_time
1780280922.4037216,1780280922.4052815,1.56,1780280922.4056807,0.3991127014160156,137292365388,137292.365388,1780280922.4037216,1.959085464477539,0.0040531158447265625,1.57928466796875,1.56,3145728,2.0164923076923076,192,chatcmpl-ec821a0c-027f-4014-80ec-eaf8a259b620-9b86c543,"nixl_xfer_handle(0x556359b4e970, released=False)",decode,1,0,452712,2,d61968e8-e4aa-43a2-8ca8-85b623ffd1e5_dp0,0,nixl_start_time
1780280922.4988296,1780280922.5026276,3.798,1780280922.50303,0.4024505615234375,137292460496,137292.460496,1780280922.4988296,4.200458526611328,0.004291534423828125,3.8187503814697266,3.798,7864320,2.0706477093206948,480,chatcmpl-931d3902-47b8-4a41-956e-51dce793757c-8212711b,"nixl_xfer_handle(0x556359b4e970, released=False)",decode,1,0,452712,5,d61968e8-e4aa-43a2-8ca8-85b623ffd1e5_dp1,0,nixl_start_time
1780280922.6183708,1780280922.654971,36.6,1780280922.6550026,0.03170967102050781,137292580037,137292.580037,1780280922.6183708,36.63182258605957,0.0064373016357421875,21.912574768066406,21.869,91226112,2.492516721311475,5568,chatcmpl-9d1163e1-9b7e-471e-9e4d-6e193f0dde5f-a05b0bfc,"nixl_xfer_handle(0x556359b4e970, released=False)",decode,1,0,452712,58,d61968e8-e4aa-43a2-8ca8-85b623ffd1e5_dp0,0,nixl_start_time
1780280922.6437626,1780280922.6469226,3.16,1780280922.647344,0.4215240478515625,137292605429,137292.605429,1780280922.6437626,3.581523895263672,0.0059604644775390625,3.1859874725341797,3.16,4718592,1.4932253164556961,288,chatcmpl-a5088bce-87ea-45ec-85ca-0682fcbae8b4-8ad59d15,"nixl_xfer_handle(0x5af9a419dd20, released=False)",decode,0,0,452715,3,d61968e8-e4aa-43a2-8ca8-85b623ffd1e5_dp0,0,nixl_start_time
1780280922.6547046,1780280922.6598516,5.146999999999999,1780280922.6602213,0.36978721618652344,137292616371,137292.616371,1780280922.6547046,5.516767501831055,0.0057220458984375,5.174398422241211,5.147,7864320,1.5279424907713233,480,chatcmpl-96beb783-4d79-4f83-a5b2-3a056bd38d67-a362abf0,"nixl_xfer_handle(0x5af9a419dd20, released=False)",decode,0,0,452715,5,d61968e8-e4aa-43a2-8ca8-85b623ffd1e5_dp1,0,nixl_start_time
1780280922.7265787,1780280922.7328286,6.25,1780280922.7332351,0.40650367736816406,137292688245,137292.688245,1780280922.7265787,6.656408309936523,0.004291534423828125,6.2713623046875,6.25,12582912,2.01326592,768,chatcmpl-64fef134-0a40-4702-a058-40fae2e79004-9f6422e2,"nixl_xfer_handle(0x556359b4e970, released=False)",decode,1,0,452712,8,d61968e8-e4aa-43a2-8ca8-85b623ffd1e5_dp0,0,nixl_start_time
1780280922.7266188,1780280922.7386537,12.035,1780280922.7386746,0.0209808349609375,137292688285,137292.688285,1780280922.7266188,12.05587387084961,0.0054836273193359375,4.839420318603516,4.815,25165824,2.0910530951391775,1536,chatcmpl-2501111a-b99c-434d-92cb-475d81786458-9e1e6be2,"nixl_xfer_handle(0x5af9a419dd20, released=False)",decode,0,0,452715,16,d61968e8-e4aa-43a2-8ca8-85b623ffd1e5_dp1,0,nixl_start_time
1780280922.7384868,1780280922.7464669,7.9799999999999995,1780280922.7468925,0.42557716369628906,137292700153,137292.700153,1780280922.7384868,8.405685424804688,0.0050067901611328125,8.001327514648438,7.98,15728640,1.9710075187969929,960,chatcmpl-22b3b218-f969-4699-8be7-161773135e91-a3cce672,"nixl_xfer_handle(0x556359b4e970, released=False)",decode,1,0,452712,10,d61968e8-e4aa-43a2-8ca8-85b623ffd1e5_dp0,0,nixl_start_time
1780280922.7986057,1780280922.8007298,2.124,1780280922.8010948,0.3650188446044922,137292760272,137292.760272,1780280922.7986057,2.4890899658203125,0.0064373016357421875,2.1469593048095703,2.124,3145728,1.4810395480225989,192,chatcmpl-40b60d28-ba7e-470e-b43e-8484df71f172-a7c5d88e,"nixl_xfer_handle(0x5af9a419dd20, released=False)",decode,0,0,452715,2,d61968e8-e4aa-43a2-8ca8-85b623ffd1e5_dp1,0,nixl_start_time
1780280923.0607367,1780280923.0845406,23.804,1780280923.0845747,0.03409385681152344,137293022403,137293.022403,1780280923.0607367,23.838043212890625,0.0069141387939453125,5.86700439453125,5.842,53477376,2.2465709964711813,3264,chatcmpl-b51eb87c-8764-42ad-b577-2547a4c60f9b-8c4a5448,"nixl_xfer_handle(0x5af9a419dd20, released=False)",decode,0,0,452715,34,d61968e8-e4aa-43a2-8ca8-85b623ffd1e5_dp0,0,nixl_start_time
1780280923.1201687,1780280923.1525636,32.395,1780280923.1525834,0.019788742065429688,137293081835,137293.081835,1780280923.1201687,32.41467475891113,0.0054836273193359375,18.06354522705078,18.025,86507520,2.6703972835314094,5280,chatcmpl-1411d676-c81a-4a2b-9621-48f225036d75-990d96d2,"nixl_xfer_handle(0x556359b4e970, released=False)",decode,1,0,452712,55,d61968e8-e4aa-43a2-8ca8-85b623ffd1e5_dp1,0,nixl_start_time
1780280923.2006927,1780280923.2237086,23.016,1780280923.2237487,0.0400543212890625,137293162359,137293.162359,1780280923.2006927,23.0560302734375,0.005245208740234375,6.0176849365234375,5.998,28311552,1.2300813347236705,1728,chatcmpl-44521170-76d5-421c-b87b-0ddef6c9f419-9c0fe1f9,"nixl_xfer_handle(0x556359b4e970, released=False)",decode,1,0,452712,18,d61968e8-e4aa-43a2-8ca8-85b623ffd1e5_dp0,0,nixl_start_time
1780280923.2069626,1780280923.2448556,37.893,1780280923.24491,0.05435943603515625,137293168629,137293.168629,1780280923.2069626,37.94741630554199,0.00286102294921875,16.44158363342285,16.408,72351744,1.90936964610878,4416,chatcmpl-700cf1ca-a13f-411f-91bb-96895561ca6d-9fda699e,"nixl_xfer_handle(0x55635109d980, released=False)",decode,1,0,452712,46,d61968e8-e4aa-43a2-8ca8-85b623ffd1e5_dp0,0,nixl_start_time
1780280923.2269466,1780280923.2657597,38.813,1780280923.265813,0.05340576171875,137293188613,137293.188613,1780280923.2269466,38.866519927978516,0.0035762786865234375,13.963937759399414,13.929,36175872,0.9320555483987324,2208,chatcmpl-30fdff7f-9558-49e8-8090-37df4c043fa4-87c7f0be,"nixl_xfer_handle(0x556359b4e970, released=False)",decode,1,0,452712,23,d61968e8-e4aa-43a2-8ca8-85b623ffd1e5_dp1,0,nixl_start_time
1780280923.2271438,1780280923.2296767,2.533,1780280923.230039,0.36215782165527344,137293188810,137293.18881,1780280923.2271438,2.8951168060302734,0.003337860107421875,2.560138702392578,2.533,4718592,1.8628472167390444,288,chatcmpl-37f7fa02-5ade-4674-99e0-e7df74f087cf-a9a21e0d,"nixl_xfer_handle(0x5af9a419dd20, released=False)",decode,0,0,452715,3,d61968e8-e4aa-43a2-8ca8-85b623ffd1e5_dp1,0,nixl_start_time
1780280923.2556877,1780280923.2854867,29.799,1780280923.28554,0.05340576171875,137293217354,137293.217354,1780280923.2556877,29.85239028930664,0.00476837158203125,9.691715240478516,9.668,47185920,1.5834732709151313,2880,chatcmpl-428ad260-897c-42e9-b8b2-7c82842bc9d0-ab0e768e,"nixl_xfer_handle(0x55635109d980, released=False)",decode,1,0,452712,30,d61968e8-e4aa-43a2-8ca8-85b623ffd1e5_dp0,0,nixl_start_time
1780280923.2691576,1780280923.2722228,3.065,1780280923.2726653,0.4425048828125,137293230824,137293.230824,1780280923.2691576,3.5076141357421875,0.0057220458984375,3.0884742736816406,3.065,4718592,1.5395079934747145,288,chatcmpl-e1d03fab-2896-409c-b257-c707588b869f-bc12150e,"nixl_xfer_handle(0x5af9a419dd20, released=False)",decode,0,0,452715,3,d61968e8-e4aa-43a2-8ca8-85b623ffd1e5_dp1,0,nixl_start_time
1780280923.2799797,1780280923.2919497,11.969999999999999,1780280923.2919881,0.03838539123535156,137293241646,137293.241646,1780280923.2799797,12.008428573608398,0.0050067901611328125,5.129814147949219,5.108,25165824,2.102408020050125,1536,chatcmpl-a9c29ce8-ec79-4f01-ab0f-0615a7a85181-8993b900,"nixl_xfer_handle(0x556359b4e970, released=False)",decode,1,0,452712,16,d61968e8-e4aa-43a2-8ca8-85b623ffd1e5_dp0,0,nixl_start_time
1780280923.3038146,1780280923.3058085,1.9940000000000002,1780280923.3061812,0.3726482391357422,137293265481,137293.265481,1780280923.3038146,2.3665428161621094,0.0050067901611328125,2.016305923461914,1.994,3145728,1.5775967903711132,192,chatcmpl-d098933a-2b8c-4132-b896-579c73907935-b4d7adf2,"nixl_xfer_handle(0x5af9a419dd20, released=False)",decode,0,0,452715,2,d61968e8-e4aa-43a2-8ca8-85b623ffd1e5_dp1,0,nixl_start_time
1780280923.3278058,1780280923.3310556,3.25,1780280923.3315086,0.45299530029296875,137293289472,137293.289472,1780280923.3278058,3.702878952026367,0.0054836273193359375,3.272533416748047,3.25,6291456,1.9358326153846155,384,chatcmpl-4dbca608-77ac-4626-ae9e-710817d044f0-8ecd4c7e,"nixl_xfer_handle(0x556359b4e970, released=False)",decode,1,0,452712,4,d61968e8-e4aa-43a2-8ca8-85b623ffd1e5_dp1,0,nixl_start_time
1780280923.3887587,1780280923.4010587,12.3,1780280923.4010844,0.02574920654296875,137293350425,137293.350425,1780280923.3887587,12.325763702392578,0.00476837158203125,3.962993621826172,3.94,36175872,2.941127804878049,2208,chatcmpl-ff70e448-dca1-4d5a-90b5-c7167b94872c-9ef3e084,"nixl_xfer_handle(0x5af9a419dd20, released=False)",decode,0,0,452715,23,d61968e8-e4aa-43a2-8ca8-85b623ffd1e5_dp0,0,nixl_start_time
1780280923.4255867,1780280923.4291337,3.5469999999999997,1780280923.4291487,0.015020370483398438,137293387253,137293.387253,1780280923.4255867,3.5619735717773438,0.0059604644775390625,3.210306167602539,3.184,4718592,1.3303050465181845,288,chatcmpl-d49683d6-67c2-4b8e-937a-02c2befc9bde-a0c80246,"nixl_xfer_handle(0x5af9a419dd20, released=False)",decode,0,0,452715,3,d61968e8-e4aa-43a2-8ca8-85b623ffd1e5_dp0,0,nixl_start_time
1780280923.4500296,1780280923.4745135,24.483999999999998,1780280923.4745371,0.023603439331054688,137293411696,137293.411696,1780280923.4500296,24.507522583007812,0.0054836273193359375,5.831003189086914,5.807,48758784,1.9914549910145403,2976,chatcmpl-0d8e24c6-8afd-4856-a088-087da4821b7d-8e393462,"nixl_xfer_handle(0x5af9a419dd20, released=False)",decode,0,0,452715,31,d61968e8-e4aa-43a2-8ca8-85b623ffd1e5_dp1,0,nixl_start_time
1780280923.4994867,1780280923.5113897,11.903,1780280923.5114396,0.04982948303222656,137293461153,137293.461153,1780280923.4994867,11.952877044677734,0.005245208740234375,5.7697296142578125,5.75,23592960,1.982101991094682,1440,chatcmpl-30be185a-4392-44ed-bb28-f2de8c8bdf37-815fda85,"nixl_xfer_handle(0x556359b4e970, released=False)",decode,1,0,452712,15,d61968e8-e4aa-43a2-8ca8-85b623ffd1e5_dp0,0,nixl_start_time
1780280923.5235727,1780280923.5371187,13.546000000000001,1780280923.537155,0.0362396240234375,137293485239,137293.485239,1780280923.5235727,13.582229614257812,0.006198883056640625,3.8254261016845703,3.801,31457280,2.322256016536247,1920,chatcmpl-90c11ff0-45b6-45aa-b3d9-371b4e2f8993-aa13f7c3,"nixl_xfer_handle(0x5af9a419dd20, released=False)",decode,0,0,452715,20,d61968e8-e4aa-43a2-8ca8-85b623ffd1e5_dp0,0,nixl_start_time
1780280923.5235977,1780280923.5486066,25.009,1780280923.5486407,0.03409385681152344,137293485264,137293.485264,1780280923.5235977,25.043010711669922,0.0059604644775390625,9.70602035522461,9.683,48758784,1.9496494861849736,2976,chatcmpl-78c61788-ff2e-41d5-a493-6b0d6b1f214d-805193d9,"nixl_xfer_handle(0x556359b4e970, released=False)",decode,1,0,452712,31,d61968e8-e4aa-43a2-8ca8-85b623ffd1e5_dp1,0,nixl_start_time
1780280923.6716447,1780280923.7052836,33.639,1780280923.705301,0.017404556274414062,137293633311,137293.633311,1780280923.6716447,33.65635871887207,0.0054836273193359375,10.406970977783203,10.384,69206016,2.0573149023454915,4224,chatcmpl-b4ab812e-fe04-4584-829f-4fc3c8d8366d-81fcfdfa,"nixl_xfer_handle(0x556359b4e970, released=False)",decode,1,0,452712,44,d61968e8-e4aa-43a2-8ca8-85b623ffd1e5_dp0,0,nixl_start_time
1780280923.6968527,1780280923.7028008,5.948,1780280923.7028174,0.016689300537109375,137293658519,137293.658519,1780280923.6968527,5.964756011962891,0.0054836273193359375,5.517721176147461,5.493,7864320,1.3221788836583726,480,chatcmpl-bc274e2f-02b5-4a9b-a6b6-95d5d64bc027-afcfc2b5,"nixl_xfer_handle(0x5af9a419dd20, released=False)",decode,0,0,452715,5,d61968e8-e4aa-43a2-8ca8-85b623ffd1e5_dp1,0,nixl_start_time
1780280923.6969066,1780280923.7219725,25.066000000000003,1780280923.7219937,0.021219253540039062,137293658573,137293.658573,1780280923.6969066,25.08711814880371,0.0050067901611328125,7.917881011962891,7.883,36175872,1.4432247666161333,2208,chatcmpl-627ec55a-f3a3-4eba-abca-daa03559c9dc-8ce4bf66,"nixl_xfer_handle(0x55635109d980, released=False)",decode,1,0,452712,23,d61968e8-e4aa-43a2-8ca8-85b623ffd1e5_dp1,0,nixl_start_time
1780280923.7582238,1780280923.7927637,34.54,1780280923.7927802,0.016450881958007812,137293719890,137293.71989,1780280923.7582238,34.55638885498047,0.006198883056640625,18.779754638671875,18.744,80216064,2.3224106543138388,4896,chatcmpl-deec94ad-5c5d-4e1b-bde2-b2d43299a843-a85c8138,"nixl_xfer_handle(0x5af9a419dd20, released=False)",decode,0,0,452715,51,d61968e8-e4aa-43a2-8ca8-85b623ffd1e5_dp0,0,nixl_start_time
1780280923.7806497,1780280923.7824056,1.756,1780280923.7828271,0.4215240478515625,137293742316,137293.742316,1780280923.7806497,2.1774768829345703,0.00476837158203125,1.7786026000976562,1.756,3145728,1.7914168564920272,192,chatcmpl-efb1c6f3-3a73-4407-a400-31c69e70290c-b122697c,"nixl_xfer_handle(0x55635109d980, released=False)",decode,1,0,452712,2,d61968e8-e4aa-43a2-8ca8-85b623ffd1e5_dp1,0,nixl_start_time
1780280923.7917597,1780280923.7928066,1.047,1780280923.7928479,0.04124641418457031,137293753426,137293.753426,1780280923.7917597,1.0881423950195312,0.0057220458984375,0.6783008575439453,0.656,1572864,1.5022578796561605,48,chatcmpl-07f4117e-e6de-4b80-b828-0a2ca34ee53d-b213f1af,"nixl_xfer_handle(0x5af9a3d94040, released=False)",decode,0,0,452715,1,d61968e8-e4aa-43a2-8ca8-85b623ffd1e5_dp0,0,nixl_start_time
1780280923.7917907,1780280923.7966468,4.856,1780280923.7970517,0.4048347473144531,137293753457,137293.753457,1780280923.7917907,5.260944366455078,0.004291534423828125,4.877328872680664,4.856,9437184,1.9434069192751235,576,chatcmpl-88828bab-6959-47df-acdc-e0b41fb21f2c-8b21db3c,"nixl_xfer_handle(0x55635109d980, released=False)",decode,1,0,452712,6,d61968e8-e4aa-43a2-8ca8-85b623ffd1e5_dp0,0,nixl_start_time
1780280923.8165207,1780280923.8247976,8.277,1780280923.8251767,0.3790855407714844,137293778187,137293.778187,1780280923.8165207,8.656024932861328,0.005245208740234375,8.301496505737305,8.277,12582912,1.520226168901776,768,chatcmpl-8262099e-cbec-46dd-bd83-849065e12b24-bb45144e,"nixl_xfer_handle(0x5af9a3d94040, released=False)",decode,0,0,452715,8,d61968e8-e4aa-43a2-8ca8-85b623ffd1e5_dp0,0,nixl_start_time
1780280923.8776186,1780280923.8811204,3.502,1780280923.881525,0.40459632873535156,137293839285,137293.839285,1780280923.8776186,3.9064884185791016,0.0050067901611328125,3.5219192504882812,3.502,6291456,1.7965322672758424,384,chatcmpl-33e78804-f487-4c1e-bccd-8370fff4af15-824f8320,"nixl_xfer_handle(0x55635109d980, released=False)",decode,1,0,452712,4,d61968e8-e4aa-43a2-8ca8-85b623ffd1e5_dp1,0,nixl_start_time
1780280923.8898847,1780280923.9024527,12.568,1780280923.902473,0.020265579223632812,137293851551,137293.851551,1780280923.8898847,12.588262557983398,0.0059604644775390625,4.141092300415039,4.104,34603008,2.753262889879058,2112,chatcmpl-8dcd0551-b373-4879-b55e-2368f2db54c6-9a1f28fb,"nixl_xfer_handle(0x5af9a3d94040, released=False)",decode,0,0,452715,22,d61968e8-e4aa-43a2-8ca8-85b623ffd1e5_dp0,0,nixl_start_time
1780280923.9268987,1780280923.9597898,32.891,1780280923.9598398,0.050067901611328125,137293888565,137293.888565,1780280923.9268987,32.94110298156738,0.004291534423828125,6.695985794067383,6.657,44040192,1.3389739442400659,2688,chatcmpl-4f365756-4651-4287-9d0e-103d0f74d1a5-a2f02f24,"nixl_xfer_handle(0x55635109d980, released=False)",decode,1,0,452712,28,d61968e8-e4aa-43a2-8ca8-85b623ffd1e5_dp0,0,nixl_start_time
1780280923.9509356,1780280923.9593697,8.434000000000001,1780280923.959861,0.4913806915283203,137293912602,137293.912602,1780280923.9509356,8.925437927246094,0.0050067901611328125,8.455276489257812,8.434,15728640,1.8649087028693383,960,chatcmpl-fa457e34-d3fb-4831-803d-41eafb3bb281-9872505b,"nixl_xfer_handle(0x556359b4e970, released=False)",decode,1,0,452712,10,d61968e8-e4aa-43a2-8ca8-85b623ffd1e5_dp1,0,nixl_start_time
1780280923.9885397,1780280924.0001197,11.58,1780280924.000157,0.03743171691894531,137293950206,137293.950206,1780280923.9885397,11.617422103881836,0.0057220458984375,4.134416580200195,4.111,20447232,1.765736787564767,1248,chatcmpl-c6c38261-6d17-456c-8d66-1e4d863c0f81-95f15cd6,"nixl_xfer_handle(0x5af9a3d94040, released=False)",decode,0,0,452715,13,d61968e8-e4aa-43a2-8ca8-85b623ffd1e5_dp0,0,nixl_start_time
1780280924.0121047,1780280924.0138178,1.7129999999999999,1780280924.0142128,0.39505958557128906,137293973771,137293.973771,1780280924.0121047,2.1080970764160156,0.00476837158203125,1.7325878143310547,1.713,3145728,1.8363852889667251,192,chatcmpl-1866cb87-178d-4fe2-b3c3-c56b1dcbac47-b3fa313f,"nixl_xfer_handle(0x556359b4e970, released=False)",decode,1,0,452712,2,d61968e8-e4aa-43a2-8ca8-85b623ffd1e5_dp0,0,nixl_start_time
1780280924.1714246,1780280924.1955287,24.104,1780280924.1955526,0.02384185791015625,137294133091,137294.133091,1780280924.1714246,24.127960205078125,0.006198883056640625,6.121158599853516,6.097,67633152,2.805889147029539,4128,chatcmpl-bb31cdac-2f36-4f6f-87c5-d31473ed47f6-bd452316,"nixl_xfer_handle(0x5af9a3d94040, released=False)",decode,0,0,452715,43,d61968e8-e4aa-43a2-8ca8-85b623ffd1e5_dp1,0,nixl_start_time
1780280924.2199066,1780280924.2206655,0.759,1780280924.2210188,0.3533363342285156,137294181573,137294.181573,1780280924.2199066,1.112222671508789,0.0057220458984375,0.7824897766113281,0.759,1572864,2.072284584980237,48,chatcmpl-914476b7-ca04-4d72-8222-4a050ef82630-a18d4a7a,"nixl_xfer_handle(0x5af9a3d94040, released=False)",decode,0,0,452715,1,d61968e8-e4aa-43a2-8ca8-85b623ffd1e5_dp1,0,nixl_start_time
1780280924.2200046,1780280924.2324305,12.426,1780280924.2324512,0.020742416381835938,137294181671,137294.181671,1780280924.2200046,12.44664192199707,0.00476837158203125,6.685495376586914,6.665,28311552,2.278412361178175,1728,chatcmpl-ee4da096-e211-431b-aabd-4aed2536ec7f-9e22bc08,"nixl_xfer_handle(0x556359b4e970, released=False)",decode,1,0,452712,18,d61968e8-e4aa-43a2-8ca8-85b623ffd1e5_dp0,0,nixl_start_time
1780280924.3186047,1780280924.3482616,29.657,1780280924.348295,0.03337860107421875,137294280271,137294.280271,1780280924.3186047,29.690265655517578,0.0050067901611328125,12.349605560302734,12.312,75497472,2.545688100617055,4608,chatcmpl-8dd9ec39-eb73-452f-b7f9-052bce3ff628-b4574d29,"nixl_xfer_handle(0x556359b4e970, released=False)",decode,1,0,452712,48,d61968e8-e4aa-43a2-8ca8-85b623ffd1e5_dp0,0,nixl_start_time
1780280924.3350246,1780280924.3370717,2.047,1780280924.3374403,0.3685951232910156,137294296691,137294.296691,1780280924.3350246,2.4156570434570312,0.0054836273193359375,2.0699501037597656,2.047,3145728,1.5367503663898388,192,chatcmpl-1d766231-3317-474e-a30c-8807d94598bc-a7238a60,"nixl_xfer_handle(0x5af9a3d94040, released=False)",decode,0,0,452715,2,d61968e8-e4aa-43a2-8ca8-85b623ffd1e5_dp1,0,nixl_start_time
1780280924.3461277,1780280924.3478487,1.721,1780280924.348318,0.46944618225097656,137294307794,137294.307794,1780280924.3461277,2.1903514862060547,0.003814697265625,1.7392635345458984,1.721,3145728,1.8278489250435792,192,chatcmpl-498f3b51-0ed9-4794-99be-d91037940e2c-9661b426,"nixl_xfer_handle(0x55635109d980, released=False)",decode,1,0,452712,2,d61968e8-e4aa-43a2-8ca8-85b623ffd1e5_dp1,0,nixl_start_time
1780280924.3583887,1780280924.3589087,0.5199999999999999,1780280924.3610768,2.1681785583496094,137294320055,137294.320055,1780280924.3583887,2.688169479370117,0.0045299530029296875,0.5366802215576172,0.52,1572864,3.024738461538462,48,chatcmpl-52778690-95f2-48ae-b12f-339daf2dc116-99058212,"nixl_xfer_handle(0x55635109d980, released=False)",decode,1,0,452712,1,d61968e8-e4aa-43a2-8ca8-85b623ffd1e5_dp0,0,nixl_start_time
1780280924.3585258,1780280924.3783658,19.84,1780280924.378413,0.047206878662109375,137294320192,137294.320192,1780280924.3585258,19.887208938598633,0.0059604644775390625,4.225254058837891,4.203,36175872,1.8233806451612904,2208,chatcmpl-4d17ef98-5e62-4ae3-8d71-3325153d1f1f-9aae7ac9,"nixl_xfer_handle(0x5af9a3d94040, released=False)",decode,0,0,452715,23,d61968e8-e4aa-43a2-8ca8-85b623ffd1e5_dp0,0,nixl_start_time
1780280924.3589866,1780280924.3606806,1.694,1780280924.3610926,0.4119873046875,137294320653,137294.320653,1780280924.3589866,2.1059513092041016,0.0026226043701171875,1.7063617706298828,1.694,3145728,1.856982290436836,192,chatcmpl-e830bbdd-1c90-4ce3-bcdd-30e7b640ab0f-a493e65f,"nixl_xfer_handle(0x556359b4e970, released=False)",decode,1,0,452712,2,d61968e8-e4aa-43a2-8ca8-85b623ffd1e5_dp0,0,nixl_start_time
1780280924.3709097,1780280924.3784387,7.529,1780280924.3785124,0.07367134094238281,137294332576,137294.332576,1780280924.3709097,7.602691650390625,0.005245208740234375,7.107019424438477,7.083,11010048,1.4623519723734892,672,chatcmpl-04905917-1d4b-4614-8d6f-d0df67a8c27f-997f0406,"nixl_xfer_handle(0x5af9a419dd20, released=False)",decode,0,0,452715,7,d61968e8-e4aa-43a2-8ca8-85b623ffd1e5_dp1,0,nixl_start_time
1780280924.3840406,1780280924.3958457,11.805,1780280924.3958976,0.051975250244140625,137294345707,137294.345707,1780280924.3840406,11.857032775878906,0.0040531158447265625,4.410982131958008,4.389,22020096,1.8653194409148668,1344,chatcmpl-b46b4cdc-3310-43d6-992b-4638c1dd311b-99e16452,"nixl_xfer_handle(0x556359b4e970, released=False)",decode,1,0,452712,14,d61968e8-e4aa-43a2-8ca8-85b623ffd1e5_dp0,0,nixl_start_time
1780280924.4074676,1780280924.4167616,9.294,1780280924.4171932,0.4315376281738281,137294369134,137294.369134,1780280924.4074676,9.725570678710938,0.005245208740234375,9.320735931396484,9.294,15728640,1.6923434473854098,960,chatcmpl-0dd37402-b824-4fb1-99e9-17f1e8b17083-bc384eb9,"nixl_xfer_handle(0x5af9a419dd20, released=False)",decode,0,0,452715,10,d61968e8-e4aa-43a2-8ca8-85b623ffd1e5_dp1,0,nixl_start_time
1780280924.4321496,1780280924.4565406,24.391,1780280924.4565609,0.020265579223632812,137294393816,137294.393816,1780280924.4321496,24.41120147705078,0.0050067901611328125,6.616353988647461,6.595,50331648,2.0635335984584477,3072,chatcmpl-8c6e67b7-76bb-4cd1-b173-83981c1db03d-8458ba87,"nixl_xfer_handle(0x556359b4e970, released=False)",decode,1,0,452712,32,d61968e8-e4aa-43a2-8ca8-85b623ffd1e5_dp1,0,nixl_start_time
1780280924.4441957,1780280924.4565067,12.311,1780280924.456528,0.021219253540039062,137294405862,137294.405862,1780280924.4441957,12.33220100402832,0.006198883056640625,4.480600357055664,4.442,33030144,2.6829781496222886,2016,chatcmpl-b6e01a21-9f01-4b5b-998b-34feb765b387-978f8cb7,"nixl_xfer_handle(0x5af9a419dd20, released=False)",decode,0,0,452715,21,d61968e8-e4aa-43a2-8ca8-85b623ffd1e5_dp0,0,nixl_start_time
1780280924.4809186,1780280924.4832687,2.35,1780280924.4836833,0.4146099090576172,137294442585,137294.442585,1780280924.4809186,2.7647018432617188,0.0054836273193359375,2.3717880249023438,2.35,4718592,2.007911489361702,288,chatcmpl-3034425e-9402-4282-90f0-564149c644cc-8d400c1b,"nixl_xfer_handle(0x556359b4e970, released=False)",decode,1,0,452712,3,d61968e8-e4aa-43a2-8ca8-85b623ffd1e5_dp1,0,nixl_start_time
1780280924.5053706,1780280924.5174787,12.108,1780280924.51754,0.06127357482910156,137294467037,137294.467037,1780280924.5053706,12.169361114501953,0.0069141387939453125,4.058837890625,4.034,33030144,2.7279603567888997,2016,chatcmpl-2362be59-a632-43aa-9031-92d4ea740bb6-a21a5805,"nixl_xfer_handle(0x5af9a419dd20, released=False)",decode,0,0,452715,21,d61968e8-e4aa-43a2-8ca8-85b623ffd1e5_dp0,0,nixl_start_time
1780280924.5172176,1780280924.5195446,2.327,1780280924.519949,0.40435791015625,137294478884,137294.478884,1780280924.5172176,2.7313232421875,0.0050067901611328125,2.351045608520508,2.327,4718592,2.0277576278470133,288,chatcmpl-0ba1b2c8-8d32-4793-a269-f5e4a8612722-9cbed2d9,"nixl_xfer_handle(0x556359b4e970, released=False)",decode,1,0,452712,3,d61968e8-e4aa-43a2-8ca8-85b623ffd1e5_dp1,0,nixl_start_time
1780280924.5423307,1780280924.5664907,24.16,1780280924.5665462,0.05555152893066406,137294503997,137294.503997,1780280924.5423307,24.2154598236084,0.0069141387939453125,4.58836555480957,4.566,47185920,1.9530596026490066,2880,chatcmpl-088cf770-d85b-414c-9f61-e16708cbb150-aaa313dd,"nixl_xfer_handle(0x5af9a419dd20, released=False)",decode,0,0,452715,30,d61968e8-e4aa-43a2-8ca8-85b623ffd1e5_dp0,0,nixl_start_time
1780280924.5539536,1780280924.5555158,1.562,1780280924.555918,0.40221214294433594,137294515620,137294.51562,1780280924.5539536,1.9643306732177734,0.00476837158203125,1.5811920166015625,1.562,3145728,2.013910371318822,192,chatcmpl-b27a0e67-bbd9-42aa-8dd2-c1b49870a2de-891f0c69,"nixl_xfer_handle(0x556359b4e970, released=False)",decode,1,0,452712,2,d61968e8-e4aa-43a2-8ca8-85b623ffd1e5_dp1,0,nixl_start_time
1780280924.6270127,1780280924.6291387,2.126,1780280924.6295207,0.3819465637207031,137294588679,137294.588679,1780280924.6270127,2.507925033569336,0.005245208740234375,2.1529197692871094,2.126,3145728,1.4796462841015994,192,chatcmpl-fc471db4-0b77-42bb-9040-8ee658b67d90-ab974404,"nixl_xfer_handle(0x5af9a419dd20, released=False)",decode,0,0,452715,2,d61968e8-e4aa-43a2-8ca8-85b623ffd1e5_dp0,0,nixl_start_time
1780280924.6998446,1780280924.7014086,1.564,1780280924.7018049,0.3962516784667969,137294661511,137294.661511,1780280924.6998446,1.9602775573730469,0.0045299530029296875,1.583099365234375,1.564,3145728,2.011335038363171,192,chatcmpl-2cd0b91e-b2fd-4b54-899d-1db54427c625-bc78da7c,"nixl_xfer_handle(0x556359b4e970, released=False)",decode,1,0,452712,2,d61968e8-e4aa-43a2-8ca8-85b623ffd1e5_dp1,0,nixl_start_time
1780280924.7124586,1780280924.7144687,2.0100000000000002,1780280924.7148373,0.3685951232910156,137294674125,137294.674125,1780280924.7124586,2.378702163696289,0.005245208740234375,2.0329952239990234,2.01,3145728,1.5650388059701492,192,chatcmpl-1ea689a7-a338-4cfd-b30f-308c3b14586b-bfd378a3,"nixl_xfer_handle(0x5af9a419dd20, released=False)",decode,0,0,452715,2,d61968e8-e4aa-43a2-8ca8-85b623ffd1e5_dp0,0,nixl_start_time
1780280924.7734816,1780280924.7852826,11.801,1780280924.7853036,0.0209808349609375,137294735148,137294.735148,1780280924.7734816,11.821985244750977,0.0064373016357421875,3.0007362365722656,2.979,17301504,1.4661049063638674,1056,chatcmpl-50c596c9-bead-4b01-b382-f0c11647bbc7-81047f5f,"nixl_xfer_handle(0x5af9a419dd20, released=False)",decode,0,0,452715,11,d61968e8-e4aa-43a2-8ca8-85b623ffd1e5_dp1,0,nixl_start_time
1780280924.8578765,1780280924.8791275,21.250999999999998,1780280924.8791966,0.06914138793945312,137294819543,137294.819543,1780280924.8578765,21.320104598999023,0.0045299530029296875,4.575967788696289,4.557,18874368,0.8881637569996707,1152,chatcmpl-773bdfe8-78f9-414f-8af2-7560a2ac395a-8ac55ff2,"nixl_xfer_handle(0x556359b4e970, released=False)",decode,1,0,452712,12,d61968e8-e4aa-43a2-8ca8-85b623ffd1e5_dp0,0,nixl_start_time
1780280924.8627446,1780280924.9044526,41.708000000000006,1780280924.9044886,0.03600120544433594,137294824411,137294.824411,1780280924.8627446,41.74399375915527,0.003337860107421875,16.06893539428711,16.034,77070336,1.8478549918480867,4704,chatcmpl-31f5227e-7235-4c60-b8f4-78dbabc7b9f4-92670c11,"nixl_xfer_handle(0x55635109d980, released=False)",decode,1,0,452712,49,d61968e8-e4aa-43a2-8ca8-85b623ffd1e5_dp1,0,nixl_start_time
1780280924.8934286,1780280924.8966565,3.2279999999999998,1780280924.897017,0.3604888916015625,137294855095,137294.855095,1780280924.8934286,3.588438034057617,0.005245208740234375,3.2498836517333984,3.228,4718592,1.4617695167286247,288,chatcmpl-1f229656-522f-45e2-85a2-2fd59f92350c-bd1ef0ed,"nixl_xfer_handle(0x5af9a419dd20, released=False)",decode,0,0,452715,3,d61968e8-e4aa-43a2-8ca8-85b623ffd1e5_dp0,0,nixl_start_time
1780280924.8935006,1780280924.9076545,14.154,1780280924.9076915,0.03695487976074219,137294855167,137294.855167,1780280924.8935006,14.190912246704102,0.004291534423828125,6.225109100341797,6.208,26738688,1.8891259008054262,1632,chatcmpl-9208dc9c-6ba8-42a5-b8b4-c8171050060e-bbc37f0d,"nixl_xfer_handle(0x556359b4e970, released=False)",decode,1,0,452712,17,d61968e8-e4aa-43a2-8ca8-85b623ffd1e5_dp1,0,nixl_start_time
1780280924.8998866,1780280924.9189677,19.081,1780280924.9189947,0.026941299438476562,137294861553,137294.861553,1780280924.8998866,19.108057022094727,0.0019073486328125,4.268407821655273,4.256,26738688,1.401325297416278,1632,chatcmpl-6637cc2a-54ff-4cdf-a813-b25d33a291b8-bd2d79a5,"nixl_xfer_handle(0x556359b4b960, released=False)",decode,1,0,452712,17,d61968e8-e4aa-43a2-8ca8-85b623ffd1e5_dp0,0,nixl_start_time
1780280925.0284235,1780280925.0408566,12.433,1780280925.040892,0.03528594970703125,137294990090,137294.99009,1780280925.0284235,12.468338012695312,0.0050067901611328125,5.58924674987793,5.568,23592960,1.8976079787661868,1440,chatcmpl-18d18fe4-cd3d-4cb8-bc74-e099fcc92dce-a644bdd8,"nixl_xfer_handle(0x556359b4b960, released=False)",decode,1,0,452712,15,d61968e8-e4aa-43a2-8ca8-85b623ffd1e5_dp1,0,nixl_start_time
1780280925.0285287,1780280925.0529318,24.403000000000002,1780280925.052952,0.020265579223632812,137294990195,137294.990195,1780280925.0285287,24.42336082458496,0.0059604644775390625,5.771398544311523,5.748,55050240,2.2558800147522846,3360,chatcmpl-734a46f9-5f1b-4c0c-9730-f971cb37337c-863d4df7,"nixl_xfer_handle(0x5af9a419dd20, released=False)",decode,0,0,452715,35,d61968e8-e4aa-43a2-8ca8-85b623ffd1e5_dp0,0,nixl_start_time
1780280925.1259017,1780280925.1665637,40.662,1780280925.1665776,0.013828277587890625,137295087568,137295.087568,1780280925.1259017,40.67587852478027,0.0050067901611328125,9.115934371948242,9.097,53477376,1.3151683635827063,3264,chatcmpl-e95648f0-0053-46e5-b1db-6bf8f4048022-a52fdf8e,"nixl_xfer_handle(0x556359b4b960, released=False)",decode,1,0,452712,34,d61968e8-e4aa-43a2-8ca8-85b623ffd1e5_dp0,0,nixl_start_time
1780280925.1259737,1780280925.1630528,37.079,1780280925.1630666,0.013828277587890625,137295087640,137295.08764,1780280925.1259737,37.09292411804199,0.006198883056640625,11.491775512695312,11.468,70778880,1.908867013673508,4320,chatcmpl-fd8f7054-27a2-4bed-89f2-b0af05d9a927-98f91e79,"nixl_xfer_handle(0x5af9a419dd20, released=False)",decode,0,0,452715,45,d61968e8-e4aa-43a2-8ca8-85b623ffd1e5_dp1,0,nixl_start_time
1780280925.1377246,1780280925.1631687,25.444000000000003,1780280925.1631792,0.01049041748046875,137295099391,137295.099391,1780280925.1377246,25.45452117919922,0.005245208740234375,20.09272575378418,20.057,61341696,2.4108511240371007,3744,chatcmpl-8a7bd9ff-cccc-4e3c-9c84-37ff0a040a0a-a433799f,"nixl_xfer_handle(0x5af9a3d94040, released=False)",decode,0,0,452715,39,d61968e8-e4aa-43a2-8ca8-85b623ffd1e5_dp0,0,nixl_start_time
1780280925.1612728,1780280925.1729028,11.629999999999999,1780280925.1729245,0.021696090698242188,137295122939,137295.122939,1780280925.1612728,11.651754379272461,0.0045299530029296875,1.3501644134521484,1.329,3145728,0.27048392089423906,192,chatcmpl-6b5baa05-3d09-46a3-ba50-4dc1c63d2844-a3051170,"nixl_xfer_handle(0x5af9a3e88fa0, released=False)",decode,0,0,452715,2,d61968e8-e4aa-43a2-8ca8-85b623ffd1e5_dp0,0,nixl_start_time
1780280925.1613708,1780280925.1729558,11.584999999999999,1780280925.172989,0.03314018249511719,137295123037,137295.123037,1780280925.1613708,11.61813735961914,0.0050067901611328125,4.80961799621582,4.789,29884416,2.5795784203711696,1824,chatcmpl-12cdd90d-7aef-4861-a3b2-d3fa1b46713e-9763ef6e,"nixl_xfer_handle(0x556359b4e970, released=False)",decode,1,0,452712,19,d61968e8-e4aa-43a2-8ca8-85b623ffd1e5_dp1,0,nixl_start_time
1780280925.2579358,1780280925.2703977,12.462000000000002,1780280925.2704196,0.02193450927734375,137295219602,137295.219602,1780280925.2579358,12.483835220336914,0.005245208740234375,4.050970077514648,4.029,36175872,2.9028945594607607,2208,chatcmpl-b1643f47-7cbf-4b65-8f35-624181ecf077-b7a7aab1,"nixl_xfer_handle(0x5af9a3e88fa0, released=False)",decode,0,0,452715,23,d61968e8-e4aa-43a2-8ca8-85b623ffd1e5_dp0,0,nixl_start_time
1780280925.2825677,1780280925.3070207,24.453,1780280925.307039,0.018358230590820312,137295244234,137295.244234,1780280925.2825677,24.471282958984375,0.005245208740234375,8.406639099121094,8.385,48758784,1.9939796344006873,2976,chatcmpl-2640743a-4922-4662-bf93-b83287588753-8af98282,"nixl_xfer_handle(0x556359b4e970, released=False)",decode,1,0,452712,31,d61968e8-e4aa-43a2-8ca8-85b623ffd1e5_dp1,0,nixl_start_time
1780280925.3432345,1780280925.3460276,2.7929999999999997,1780280925.3460574,0.029802322387695312,137295304901,137295.304901,1780280925.3432345,2.8228759765625,0.005245208740234375,2.4573802947998047,2.433,3145728,1.1262900107411387,192,chatcmpl-6e168d41-8ad7-430c-9a50-72576c453f84-abb91104,"nixl_xfer_handle(0x5af9a3e88fa0, released=False)",decode,0,0,452715,2,d61968e8-e4aa-43a2-8ca8-85b623ffd1e5_dp0,0,nixl_start_time
1780280925.3553066,1780280925.3557987,0.49200000000000005,1780280925.356201,0.40221214294433594,137295316973,137295.316973,1780280925.3553066,0.8943080902099609,0.00476837158203125,0.5118846893310547,0.492,1572864,3.1968780487804875,48,chatcmpl-af054b82-c0df-4377-8f6d-7b21d862ff22-a680bd4b,"nixl_xfer_handle(0x556359b4e970, released=False)",decode,1,0,452712,1,d61968e8-e4aa-43a2-8ca8-85b623ffd1e5_dp1,0,nixl_start_time
1780280925.3679106,1780280925.3800807,12.17,1780280925.3801124,0.03170967102050781,137295329577,137295.329577,1780280925.3679106,12.201786041259766,0.0073909759521484375,5.1288604736328125,5.105,36175872,2.9725449465899754,2208,chatcmpl-680602cc-681b-440a-9f8b-e194fa6cb998-8fec1a58,"nixl_xfer_handle(0x5af9a3e88fa0, released=False)",decode,0,0,452715,23,d61968e8-e4aa-43a2-8ca8-85b623ffd1e5_dp0,0,nixl_start_time
1780280925.4775186,1780280925.5052736,27.755,1780280925.505295,0.021457672119140625,137295439185,137295.439185,1780280925.4775186,27.776479721069336,0.0059604644775390625,12.798309326171875,12.76,77070336,2.776809079445145,4704,chatcmpl-8a8b351f-8896-48f7-891c-82c64fd2c124-864534cf,"nixl_xfer_handle(0x556359b4e970, released=False)",decode,1,0,452712,49,d61968e8-e4aa-43a2-8ca8-85b623ffd1e5_dp1,0,nixl_start_time
1780280925.4937806,1780280925.5053287,11.548,1780280925.5053675,0.03886222839355469,137295455447,137295.455447,1780280925.4937806,11.586904525756836,0.004291534423828125,0.43964385986328125,0.422,1572864,0.13620228611014898,48,chatcmpl-2df3032a-4237-4e8b-b433-502aa2b66519-8f94c836,"nixl_xfer_handle(0x556359b4b960, released=False)",decode,1,0,452712,1,d61968e8-e4aa-43a2-8ca8-85b623ffd1e5_dp0,0,nixl_start_time
1780280925.5784087,1780280925.5790257,0.617,1780280925.579427,0.4012584686279297,137295540075,137295.540075,1780280925.5784087,1.0182857513427734,0.0045299530029296875,0.6375312805175781,0.617,1572864,2.549212317666126,48,chatcmpl-ebd12b2e-62e0-4c31-843e-1c3063b37776-bc49e290,"nixl_xfer_handle(0x5af9a3e88fa0, released=False)",decode,0,0,452715,1,d61968e8-e4aa-43a2-8ca8-85b623ffd1e5_dp0,0,nixl_start_time
1780280925.7492297,1780280925.7531958,3.9659999999999997,1780280925.7532105,0.014781951904296875,137295710896,137295.710896,1780280925.7492297,3.980875015258789,0.0050067901611328125,3.5779476165771484,3.555,4718592,1.1897609682299548,288,chatcmpl-2fb1848c-ea90-428d-82fe-07b2fc649eb3-a1ee1a08,"nixl_xfer_handle(0x5af9a3e88fa0, released=False)",decode,0,0,452715,3,d61968e8-e4aa-43a2-8ca8-85b623ffd1e5_dp0,0,nixl_start_time
1780280925.8103576,1780280925.8108385,0.481,1780280925.8112187,0.3802776336669922,137295772024,137295.772024,1780280925.8103576,0.8611679077148438,0.021696090698242188,0.5164146423339844,0.481,1572864,3.269987525987526,48,chatcmpl-a81d12bc-c820-40bc-b98c-3832e3074693-89048f67,"nixl_xfer_handle(0x556359b4b960, released=False)",decode,1,0,452712,1,d61968e8-e4aa-43a2-8ca8-85b623ffd1e5_dp1,0,nixl_start_time
1780280926.0054996,1780280926.0183775,12.878,1780280926.0183957,0.01811981201171875,137295967166,137295.967166,1780280926.0054996,12.896060943603516,0.0050067901611328125,9.557723999023438,9.533,14155776,1.0992216182637056,864,chatcmpl-153ac9e2-b23e-4886-aa10-1a7b3897bb3d-92f5df1d,"nixl_xfer_handle(0x5af9a3e88fa0, released=False)",decode,0,0,452715,9,d61968e8-e4aa-43a2-8ca8-85b623ffd1e5_dp0,0,nixl_start_time
1780280926.1151986,1780280926.1276135,12.415000000000001,1780280926.1276338,0.020265579223632812,137296076865,137296.076865,1780280926.1151986,12.435197830200195,0.0050067901611328125,4.407167434692383,4.386,37748736,3.040574788562223,2304,chatcmpl-8076f15e-5451-4aeb-8296-be2d41b1efeb-ad879c45,"nixl_xfer_handle(0x5af9a3d36bc0, released=False)",decode,0,0,452715,24,d61968e8-e4aa-43a2-8ca8-85b623ffd1e5_dp1,0,nixl_start_time
1780280926.1643035,1780280926.1768486,12.545,1780280926.1768703,0.021696090698242188,137296125970,137296.12597,1780280926.1643035,12.566804885864258,0.0054836273193359375,4.148960113525391,4.129,37748736,3.00906624153049,2304,chatcmpl-0c19ed41-34e9-4d04-b8d9-f124f3a6f074-becd9f53,"nixl_xfer_handle(0x5af9a3d36bc0, released=False)",decode,0,0,452715,24,d61968e8-e4aa-43a2-8ca8-85b623ffd1e5_dp0,0,nixl_start_time
1780280926.2013547,1780280926.2137997,12.445,1780280926.21382,0.020265579223632812,137296163021,137296.163021,1780280926.2013547,12.465238571166992,0.022172927856445312,5.601406097412109,5.565,28311552,2.2749338690237044,1728,chatcmpl-e940c0db-78ce-4f21-854f-98382cec1a7c-a92bb2ef,"nixl_xfer_handle(0x556359b4b960, released=False)",decode,1,0,452712,18,d61968e8-e4aa-43a2-8ca8-85b623ffd1e5_dp1,0,nixl_start_time
1780280926.2136157,1780280926.2379787,24.363,1780280926.2380316,0.052928924560546875,137296175282,137296.175282,1780280926.2136157,24.415969848632812,0.0030994415283203125,5.364656448364258,5.346,40894464,1.6785479620736363,2496,chatcmpl-112d3e52-9330-4932-b705-a06e08a93a6e-a7e7350f,"nixl_xfer_handle(0x5af9a3e88fa0, released=False)",decode,0,0,452715,26,d61968e8-e4aa-43a2-8ca8-85b623ffd1e5_dp0,0,nixl_start_time
1780280926.2869587,1780280926.2991898,12.231,1780280926.2992108,0.0209808349609375,137296248625,137296.248625,1780280926.2869587,12.252092361450195,0.0057220458984375,4.02069091796875,4.0,33030144,2.7005268579838115,2016,chatcmpl-ae320503-1181-4617-90d5-b02603761119-879956b0,"nixl_xfer_handle(0x5af9a3e88fa0, released=False)",decode,0,0,452715,21,d61968e8-e4aa-43a2-8ca8-85b623ffd1e5_dp1,0,nixl_start_time
1780280926.4338527,1780280926.4378736,4.021,1780280926.4382665,0.392913818359375,137296395519,137296.395519,1780280926.4338527,4.413843154907227,0.00476837158203125,4.04047966003418,4.021,7864320,1.9558119870678936,480,chatcmpl-145cc353-6369-496c-b647-cda02f46b35c-8b15d81c,"nixl_xfer_handle(0x5563599aa860, released=False)",decode,1,0,452712,5,d61968e8-e4aa-43a2-8ca8-85b623ffd1e5_dp0,0,nixl_start_time
1780280926.4580536,1780280926.4618325,3.779,1780280926.4622288,0.3962516784667969,137296419720,137296.41972,1780280926.4580536,4.1751861572265625,0.00476837158203125,3.802061080932617,3.779,7864320,2.081058481079651,480,chatcmpl-a07566dc-913d-491b-9a1a-8d93593ab188-b03ffd5b,"nixl_xfer_handle(0x5563599aa860, released=False)",decode,1,0,452712,5,d61968e8-e4aa-43a2-8ca8-85b623ffd1e5_dp1,0,nixl_start_time
1780280926.4946136,1780280926.4958217,1.2080000000000002,1780280926.4958355,0.013828277587890625,137296456280,137296.45628,1780280926.4946136,1.2218952178955078,0.0050067901611328125,0.7102489471435547,0.69,1572864,1.3020397350993376,48,chatcmpl-8a610f08-3928-4531-b60e-621b0f82da6b-9f45fba5,"nixl_xfer_handle(0x5af9a3e88fa0, released=False)",decode,0,0,452715,1,d61968e8-e4aa-43a2-8ca8-85b623ffd1e5_dp0,0,nixl_start_time
1780280926.6668627,1780280926.6923068,25.444000000000003,1780280926.6923268,0.02002716064453125,137296628529,137296.628529,1780280926.6668627,25.46405792236328,0.005245208740234375,10.417699813842773,10.393,55050240,2.1635843420845777,3360,chatcmpl-3bdb9385-d1bd-431f-b3b3-e14bee5327e3-9cc341b8,"nixl_xfer_handle(0x5563599aa860, released=False)",decode,1,0,452712,35,d61968e8-e4aa-43a2-8ca8-85b623ffd1e5_dp0,0,nixl_start_time
1780280926.6807737,1780280926.6923816,11.608,1780280926.6924124,0.030755996704101562,137296642440,137296.64244,1780280926.6807737,11.638641357421875,0.003814697265625,1.2006759643554688,1.181,3145728,0.2709965541006203,192,chatcmpl-2653d511-1d49-4191-8e04-05cee5d94c86-8c952661,"nixl_xfer_handle(0x556359b4e970, released=False)",decode,1,0,452712,2,d61968e8-e4aa-43a2-8ca8-85b623ffd1e5_dp1,0,nixl_start_time
1780280926.7045116,1780280926.7173777,12.866000000000001,1780280926.717396,0.018358230590820312,137296666178,137296.666178,1780280926.7045116,12.884378433227539,0.0054836273193359375,4.001140594482422,3.98,34603008,2.6894923053007926,2112,chatcmpl-1a4b3fcb-0800-44e4-aa9b-f7187bffacb7-b697ca1d,"nixl_xfer_handle(0x5af9a3e88fa0, released=False)",decode,0,0,452715,22,d61968e8-e4aa-43a2-8ca8-85b623ffd1e5_dp0,0,nixl_start_time
1780280926.7172117,1780280926.7233586,6.146999999999999,1780280926.723764,0.40531158447265625,137296678878,137296.678878,1780280926.7172117,6.552219390869141,0.0059604644775390625,6.168365478515625,6.147,12582912,2.047000488042948,768,chatcmpl-8468befa-24e4-40bc-b902-92b6b6e05029-b9e36855,"nixl_xfer_handle(0x5563599aa860, released=False)",decode,1,0,452712,8,d61968e8-e4aa-43a2-8ca8-85b623ffd1e5_dp1,0,nixl_start_time
1780280926.9388876,1780280926.9513175,12.43,1780280926.9513357,0.01811981201171875,137296900554,137296.900554,1780280926.9388876,12.44807243347168,0.0064373016357421875,3.4334659576416016,3.412,22020096,1.7715282381335478,1344,chatcmpl-127833b5-7808-4a5b-84ed-23922584c712-91be6d30,"nixl_xfer_handle(0x5af9a3e88fa0, released=False)",decode,0,0,452715,14,d61968e8-e4aa-43a2-8ca8-85b623ffd1e5_dp0,0,nixl_start_time
1780280926.9881206,1780280927.0004606,12.34,1780280927.0005085,0.04792213439941406,137296949787,137296.949787,1780280926.9881206,12.387990951538086,0.0045299530029296875,3.896474838256836,3.878,28311552,2.2942910858995136,1728,chatcmpl-1e02feb0-1216-478e-8ad1-42a8e544983f-98031eb0,"nixl_xfer_handle(0x5af9a3e88fa0, released=False)",decode,0,0,452715,18,d61968e8-e4aa-43a2-8ca8-85b623ffd1e5_dp0,0,nixl_start_time
1780280926.9881277,1780280927.0004997,12.372,1780280927.0005198,0.02002716064453125,137296949794,137296.949794,1780280926.9881277,12.392044067382812,0.0057220458984375,5.165338516235352,5.146,22020096,1.7798331716779825,1344,chatcmpl-52885f7d-e68a-47a5-80b4-18e1b27eeb39-97e8e2f2,"nixl_xfer_handle(0x5563599aa860, released=False)",decode,1,0,452712,14,d61968e8-e4aa-43a2-8ca8-85b623ffd1e5_dp1,0,nixl_start_time
1780280927.0125616,1780280927.0373297,24.767999999999997,1780280927.0373788,0.049114227294921875,137296974228,137296.974228,1780280927.0125616,24.817228317260742,0.0050067901611328125,7.075309753417969,7.056,37748736,1.524093023255814,2304,chatcmpl-627cc3b7-d40f-49c7-81e9-111914766a7f-8b537e2a,"nixl_xfer_handle(0x5563599aa860, released=False)",decode,1,0,452712,24,d61968e8-e4aa-43a2-8ca8-85b623ffd1e5_dp1,0,nixl_start_time
1780280927.0494885,1780280927.0535254,4.037,1780280927.0535395,0.014066696166992188,137297011155,137297.011155,1780280927.0494885,4.050970077514648,0.003337860107421875,3.530740737915039,3.511,4718592,1.1688362645528858,288,chatcmpl-0f94f9f2-d607-4e93-b725-3900a8e958ea-82ae9f3e,"nixl_xfer_handle(0x5af9a3e88fa0, released=False)",decode,0,0,452715,3,d61968e8-e4aa-43a2-8ca8-85b623ffd1e5_dp0,0,nixl_start_time
1780280927.0862546,1780280927.0930755,6.821,1780280927.093492,0.4165172576904297,137297047921,137297.047921,1780280927.0862546,7.237434387207031,0.004291534423828125,6.843090057373047,6.821,14155776,2.0753226799589504,864,chatcmpl-d8c7fd5e-a141-47a6-b06c-c6083f10cc6f-a9fec4af,"nixl_xfer_handle(0x5563599aa860, released=False)",decode,1,0,452712,9,d61968e8-e4aa-43a2-8ca8-85b623ffd1e5_dp1,0,nixl_start_time
1780280927.1112187,1780280927.1150906,3.872,1780280927.1154273,0.33664703369140625,137297072885,137297.072885,1780280927.1112187,4.208564758300781,0.003814697265625,3.8924217224121094,3.872,6291456,1.6248595041322316,384,chatcmpl-9290bd72-42f2-4e00-8c7f-374274001204-becf17f2,"nixl_xfer_handle(0x5af9a3e88fa0, released=False)",decode,0,0,452715,4,d61968e8-e4aa-43a2-8ca8-85b623ffd1e5_dp0,0,nixl_start_time
1780280927.1356466,1780280927.1395955,3.9490000000000003,1780280927.1399322,0.33664703369140625,137297097313,137297.097313,1780280927.1356466,4.285573959350586,0.00286102294921875,3.9675235748291016,3.949,6291456,1.593177006837174,384,chatcmpl-6cc170e7-8293-4720-ab5e-3202a0ebb244-b91aef5e,"nixl_xfer_handle(0x5af9a3e88fa0, released=False)",decode,0,0,452715,4,d61968e8-e4aa-43a2-8ca8-85b623ffd1e5_dp0,0,nixl_start_time
1780280927.1611896,1780280927.1847956,23.605999999999998,1780280927.1848192,0.023603439331054688,137297122856,137297.122856,1780280927.1611896,23.62966537475586,0.0054836273193359375,7.824182510375977,7.803,50331648,2.132154875879014,3072,chatcmpl-32ab4fe0-c5ee-4af0-950c-5f48484230df-850cd0ed,"nixl_xfer_handle(0x5563599aa860, released=False)",decode,1,0,452712,32,d61968e8-e4aa-43a2-8ca8-85b623ffd1e5_dp1,0,nixl_start_time
1780280927.2216697,1780280927.2338977,12.228,1780280927.2339313,0.03361701965332031,137297183336,137297.183336,1780280927.2216697,12.261629104614258,0.0057220458984375,4.1408538818359375,4.12,37748736,3.087073601570167,2304,chatcmpl-edd680d2-2547-4851-8e79-97e256f3ac45-9eb733a5,"nixl_xfer_handle(0x5af9a3e88fa0, released=False)",decode,0,0,452715,24,d61968e8-e4aa-43a2-8ca8-85b623ffd1e5_dp0,0,nixl_start_time
1780280927.2458677,1780280927.2487278,2.8600000000000003,1780280927.2490778,0.34999847412109375,137297207534,137297.207534,1780280927.2458677,3.2100677490234375,0.00476837158203125,2.8808116912841797,2.86,4718592,1.6498573426573426,288,chatcmpl-c1750595-1b38-4660-99de-3fe9e178f14f-af44059a,"nixl_xfer_handle(0x5af9a3e88fa0, released=False)",decode,0,0,452715,3,d61968e8-e4aa-43a2-8ca8-85b623ffd1e5_dp1,0,nixl_start_time
1780280927.3684647,1780280927.3700626,1.598,1780280927.370471,0.40841102600097656,137297330131,137297.330131,1780280927.3684647,2.0062923431396484,0.0054836273193359375,1.6183853149414062,1.598,3145728,1.9685406758448059,192,chatcmpl-d967bee2-1a6b-47b7-b6b7-df6d82459e21-9648a38d,"nixl_xfer_handle(0x5563599aa860, released=False)",decode,1,0,452712,2,d61968e8-e4aa-43a2-8ca8-85b623ffd1e5_dp0,0,nixl_start_time
1780280927.5409396,1780280927.5680115,27.072,1780280927.5680676,0.05602836608886719,137297502606,137297.502606,1780280927.5409396,27.127981185913086,0.0059604644775390625,5.221843719482422,5.201,66060288,2.4401702127659575,4032,chatcmpl-51be8e0c-e43c-40c8-9852-8170e92b6252-8519f928,"nixl_xfer_handle(0x5af9a3e88fa0, released=False)",decode,0,0,452715,42,d61968e8-e4aa-43a2-8ca8-85b623ffd1e5_dp1,0,nixl_start_time
1780280927.5535808,1780280927.5580657,4.485,1780280927.5584686,0.4029273986816406,137297515247,137297.515247,1780280927.5535808,4.887819290161133,0.0040531158447265625,4.50587272644043,4.485,9437184,2.104165886287625,576,chatcmpl-b7c40dc5-46a6-4159-b4d7-283890c55c9c-8d000684,"nixl_xfer_handle(0x5563599aa860, released=False)",decode,1,0,452712,6,d61968e8-e4aa-43a2-8ca8-85b623ffd1e5_dp0,0,nixl_start_time
1780280927.5654037,1780280927.5680938,2.69,1780280927.5681436,0.04982948303222656,137297527070,137297.52707,1780280927.5654037,2.7399063110351562,0.0050067901611328125,2.274036407470703,2.254,3145728,1.1694156133828995,192,chatcmpl-8e519578-2965-4c85-8a36-3e62a5468e56-bc62bc6c,"nixl_xfer_handle(0x5af9a3d94040, released=False)",decode,0,0,452715,2,d61968e8-e4aa-43a2-8ca8-85b623ffd1e5_dp1,0,nixl_start_time
1780280927.6265635,1780280927.6422615,15.698,1780280927.6422746,0.013113021850585938,137297588230,137297.58823,1780280927.6265635,15.711069107055664,0.00476837158203125,6.374120712280273,6.355,44040192,2.805465154796789,2688,chatcmpl-d3ff59ab-091f-44fa-89bd-f4e0580ab954-8bf5c5a8,"nixl_xfer_handle(0x5563599aa860, released=False)",decode,1,0,452712,28,d61968e8-e4aa-43a2-8ca8-85b623ffd1e5_dp0,0,nixl_start_time
1780280927.6387627,1780280927.6512496,12.487,1780280927.6512792,0.02956390380859375,137297600429,137297.600429,1780280927.6387627,12.516498565673828,0.0040531158447265625,0.3962516784667969,0.375,1572864,0.1259601185232642,48,chatcmpl-922bfa74-0dd3-45bf-b874-ae17c8ced6df-84d459a7,"nixl_xfer_handle(0x556356e17580, released=False)",decode,1,0,452712,1,d61968e8-e4aa-43a2-8ca8-85b623ffd1e5_dp0,0,nixl_start_time
1780280927.6392345,1780280927.6513026,12.068000000000001,1780280927.6513104,0.007867813110351562,137297600901,137297.600901,1780280927.6392345,12.07590103149414,0.0035762786865234375,2.499103546142578,2.485,6291456,0.5213337752734505,384,chatcmpl-4cb1b1d4-b84d-4e43-a4ba-1f11355b2ea3-b9c66141,"nixl_xfer_handle(0x55635109d980, released=False)",decode,1,0,452712,4,d61968e8-e4aa-43a2-8ca8-85b623ffd1e5_dp1,0,nixl_start_time
1780280927.7733877,1780280927.7761338,2.746,1780280927.7762156,0.08177757263183594,137297735054,137297.735054,1780280927.7733877,2.827882766723633,0.003814697265625,2.421855926513672,2.404,3145728,1.1455673707210487,192,chatcmpl-3b4d3019-1a3d-4269-a692-7ba5327226c7-b21553a9,"nixl_xfer_handle(0x5af9a3e88fa0, released=False)",decode,0,0,452715,2,d61968e8-e4aa-43a2-8ca8-85b623ffd1e5_dp0,0,nixl_start_time
1780280927.8588367,1780280927.8605146,1.678,1780280927.860915,0.40030479431152344,137297820503,137297.820503,1780280927.8588367,2.0782947540283203,0.00286102294921875,1.6961097717285156,1.678,3145728,1.8746889153754471,192,chatcmpl-605794f7-badc-43ea-90fe-7bc55fdfba36-a34a1b13,"nixl_xfer_handle(0x55635109d980, released=False)",decode,1,0,452712,2,d61968e8-e4aa-43a2-8ca8-85b623ffd1e5_dp1,0,nixl_start_time
1780280927.9321167,1780280927.9568257,24.709,1780280927.9568622,0.03647804260253906,137297893783,137297.893783,1780280927.9321167,24.745464324951172,0.00476837158203125,4.967451095581055,4.948,64487424,2.6098759156582623,3936,chatcmpl-7d2f6fe0-5f47-40b9-8caf-709e6c25d3a1-9ab15dcb,"nixl_xfer_handle(0x5af9a3e88fa0, released=False)",decode,0,0,452715,41,d61968e8-e4aa-43a2-8ca8-85b623ffd1e5_dp0,0,nixl_start_time
1780280928.0057616,1780280928.0382297,32.467999999999996,1780280928.038246,0.01621246337890625,137297967428,137297.967428,1780280928.0057616,32.48429298400879,0.0059604644775390625,17.669200897216797,17.632,77070336,2.3737321670567946,4704,chatcmpl-cd35bab0-04af-4ff7-a6b4-7f016c2d4997-863ba0cd,"nixl_xfer_handle(0x5af99a331f80, released=False)",decode,0,0,452715,49,d61968e8-e4aa-43a2-8ca8-85b623ffd1e5_dp0,0,nixl_start_time
1780280928.0268857,1780280928.0382688,11.383000000000001,1780280928.0382783,0.0095367431640625,137297988552,137297.988552,1780280928.0268857,11.392593383789062,0.0040531158447265625,3.6163330078125,3.598,29884416,2.6253550030747603,1824,chatcmpl-610482a0-31e4-499d-90e4-7cd74ddeffdd-a05480c0,"nixl_xfer_handle(0x5af9a3e88fa0, released=False)",decode,0,0,452715,19,d61968e8-e4aa-43a2-8ca8-85b623ffd1e5_dp1,0,nixl_start_time
1780280928.1986368,1780280928.2235708,24.934,1780280928.2235906,0.019788742065429688,137298160303,137298.160303,1780280928.1986368,24.953842163085938,0.0059604644775390625,9.177446365356445,9.155,59768832,2.397081575358947,3648,chatcmpl-78f03970-2df2-4f95-bcfa-71f8232dc8bd-b111b4c8,"nixl_xfer_handle(0x55635109d980, released=False)",decode,1,0,452712,38,d61968e8-e4aa-43a2-8ca8-85b623ffd1e5_dp0,0,nixl_start_time
1780280928.2726197,1780280928.2816846,9.065,1780280928.2820408,0.3561973571777344,137298234286,137298.234286,1780280928.2726197,9.421110153198242,0.0057220458984375,9.08517837524414,9.065,12582912,1.3880763375620517,768,chatcmpl-6e3c2c67-9e89-4544-a8f4-9c6f3b30debc-ac35a39b,"nixl_xfer_handle(0x5af99a331f80, released=False)",decode,0,0,452715,8,d61968e8-e4aa-43a2-8ca8-85b623ffd1e5_dp1,0,nixl_start_time
1780280928.2727096,1780280928.2976077,24.898,1780280928.297633,0.025272369384765625,137298234376,137298.234376,1780280928.2727096,24.923324584960938,0.005245208740234375,6.23321533203125,6.212,44040192,1.7688244838942888,2688,chatcmpl-da78d924-c53d-4320-a326-3adc8c37547d-8aee48f1,"nixl_xfer_handle(0x556336ee35c0, released=False)",decode,1,0,452712,28,d61968e8-e4aa-43a2-8ca8-85b623ffd1e5_dp1,0,nixl_start_time
1780280928.3473737,1780280928.3611627,13.789,1780280928.3612077,0.04506111145019531,137298309040,137298.30904,1780280928.3473737,13.833999633789062,0.0057220458984375,7.368326187133789,7.348,31457280,2.281331496120096,1920,chatcmpl-47c651cc-964a-4b2c-9ac6-cb7ce156d130-9244f510,"nixl_xfer_handle(0x556359a37cc0, released=False)",decode,1,0,452712,20,d61968e8-e4aa-43a2-8ca8-85b623ffd1e5_dp0,0,nixl_start_time
1780280928.3474545,1780280928.3745375,27.083,1780280928.374573,0.03552436828613281,137298309121,137298.309121,1780280928.3474545,27.118444442749023,0.0059604644775390625,4.841327667236328,4.806,50331648,1.8584221836576449,3072,chatcmpl-dc726ec2-4061-47e4-9751-916c7f11de1a-8d004039,"nixl_xfer_handle(0x5af99a331f80, released=False)",decode,0,0,452715,32,d61968e8-e4aa-43a2-8ca8-85b623ffd1e5_dp0,0,nixl_start_time
1780280928.3547997,1780280928.3612287,6.428999999999999,1780280928.3612576,0.028848648071289062,137298316466,137298.316466,1780280928.3547997,6.457805633544922,0.003814697265625,0.37741661071777344,0.364,1572864,0.24465142323845077,48,chatcmpl-c84d9c03-ed75-4b4e-b23a-b86d51c8dce1-a44115ff,"nixl_xfer_handle(0x556356e17580, released=False)",decode,1,0,452712,1,d61968e8-e4aa-43a2-8ca8-85b623ffd1e5_dp0,0,nixl_start_time
1780280928.3590577,1780280928.3607576,1.7,1780280928.3612733,0.5156993865966797,137298320724,137298.320724,1780280928.3590577,2.2156238555908203,0.0050067901611328125,1.7194747924804688,1.7,3145728,1.8504282352941177,192,chatcmpl-9864d349-c5a9-427a-949f-5a0434e817aa-914dc1ef,"nixl_xfer_handle(0x556359a27440, released=False)",decode,1,0,452712,2,d61968e8-e4aa-43a2-8ca8-85b623ffd1e5_dp1,0,nixl_start_time
1780280928.3590767,1780280928.3745947,15.518,1780280928.3746402,0.04553794860839844,137298320743,137298.320743,1780280928.3590767,15.563488006591797,0.004291534423828125,0.4830360412597656,0.462,1572864,0.10135739141641964,48,chatcmpl-b598e94c-c805-40f4-b685-233f7654782a-986d7f41,"nixl_xfer_handle(0x5af9a3d5bb00, released=False)",decode,0,0,452715,1,d61968e8-e4aa-43a2-8ca8-85b623ffd1e5_dp1,0,nixl_start_time
1780280928.3715577,1780280928.3741708,2.613,1780280928.3746526,0.4818439483642578,137298333224,137298.333224,1780280928.3715577,3.094911575317383,0.0030994415283203125,2.630472183227539,2.613,4718592,1.8058140068886337,288,chatcmpl-0087d863-5b05-43e8-b507-31d55fcd4505-8ffc1d3c,"nixl_xfer_handle(0x5af9a419dd20, released=False)",decode,0,0,452715,3,d61968e8-e4aa-43a2-8ca8-85b623ffd1e5_dp0,0,nixl_start_time
1780280928.4208696,1780280928.4400635,19.194,1780280928.4400897,0.026226043701171875,137298382536,137298.382536,1780280928.4208696,19.22011375427246,0.0050067901611328125,6.011247634887695,5.991,42467328,2.212531416067521,2592,chatcmpl-d7ce5fdb-d671-4771-b0bc-201770004372-857ed980,"nixl_xfer_handle(0x556356e17580, released=False)",decode,1,0,452712,27,d61968e8-e4aa-43a2-8ca8-85b623ffd1e5_dp0,0,nixl_start_time
1780280928.4331486,1780280928.4366446,3.496,1780280928.4369845,0.3399848937988281,137298394815,137298.394815,1780280928.4331486,3.835916519165039,0.0040531158447265625,3.514528274536133,3.496,4718592,1.3497116704805492,288,chatcmpl-3eabac35-75a5-4d5b-a0df-4b90d4157235-8a8c43c0,"nixl_xfer_handle(0x5af9a419dd20, released=False)",decode,0,0,452715,3,d61968e8-e4aa-43a2-8ca8-85b623ffd1e5_dp0,0,nixl_start_time
1780280928.4331677,1780280928.4396477,6.4799999999999995,1780280928.4401085,0.4608631134033203,137298394834,137298.394834,1780280928.4331677,6.9408416748046875,0.0054836273193359375,6.503582000732422,6.48,12582912,1.9418074074074074,768,chatcmpl-35c39dc0-cd26-4803-aae2-f59d66c2797c-a6d8eff9,"nixl_xfer_handle(0x556359a37cc0, released=False)",decode,1,0,452712,8,d61968e8-e4aa-43a2-8ca8-85b623ffd1e5_dp1,0,nixl_start_time
1780280928.4581027,1780280928.4605398,2.437,1780280928.4609957,0.4558563232421875,137298419769,137298.419769,1780280928.4581027,2.8929710388183594,0.00476837158203125,2.4576187133789062,2.437,4718592,1.9362297907263029,288,chatcmpl-d6688bc0-fe0c-4be0-b004-807c3c44a8c4-b61895fd,"nixl_xfer_handle(0x556356e17580, released=False)",decode,1,0,452712,3,d61968e8-e4aa-43a2-8ca8-85b623ffd1e5_dp0,0,nixl_start_time
1780280928.4829748,1780280928.4893198,6.345,1780280928.4897387,0.4189014434814453,137298444641,137298.444641,1780280928.4829748,6.763935089111328,0.0050067901611328125,6.374835968017578,6.345,12582912,1.9831224586288416,768,chatcmpl-97e6de5e-8736-4c50-adb5-7fe7da737363-9ac593db,"nixl_xfer_handle(0x556356e17580, released=False)",decode,1,0,452712,8,d61968e8-e4aa-43a2-8ca8-85b623ffd1e5_dp1,0,nixl_start_time
1780280928.5078106,1780280928.5203247,12.514000000000001,1780280928.5203636,0.03886222839355469,137298469477,137298.469477,1780280928.5078106,12.552976608276367,0.0057220458984375,6.008386611938477,5.988,34603008,2.765143679079431,2112,chatcmpl-8a780e8f-77e9-4c4f-9006-1ff96be11ed3-939970a8,"nixl_xfer_handle(0x556356e17580, released=False)",decode,1,0,452712,22,d61968e8-e4aa-43a2-8ca8-85b623ffd1e5_dp0,0,nixl_start_time
1780280928.5200577,1780280928.5224748,2.417,1780280928.5228255,0.35071372985839844,137298481724,137298.481724,1780280928.5200577,2.767801284790039,0.0050067901611328125,2.4361610412597656,2.417,3145728,1.301501034340091,192,chatcmpl-22a8778a-c005-4cff-ada7-4cb644fec8ea-bea15586,"nixl_xfer_handle(0x5af9a419dd20, released=False)",decode,0,0,452715,2,d61968e8-e4aa-43a2-8ca8-85b623ffd1e5_dp1,0,nixl_start_time
1780280928.6455257,1780280928.6780846,32.559,1780280928.6781,0.015497207641601562,137298607192,137298.607192,1780280928.6455257,32.57441520690918,0.0073909759521484375,17.631053924560547,17.593,77070336,2.3670977609877455,4704,chatcmpl-42490428-3c9c-4619-b196-fa3f237c7b4e-a5653162,"nixl_xfer_handle(0x5af9a419dd20, released=False)",decode,0,0,452715,49,d61968e8-e4aa-43a2-8ca8-85b623ffd1e5_dp0,0,nixl_start_time
1780280928.6908677,1780280928.6941087,3.241,1780280928.694524,0.4153251647949219,137298652534,137298.652534,1780280928.6908677,3.6563873291015625,0.005245208740234375,3.261089324951172,3.241,6291456,1.9412082690527614,384,chatcmpl-3dc16cf4-2e63-4027-ad42-d49ae5d91270-83872d05,"nixl_xfer_handle(0x556356e17580, released=False)",decode,1,0,452712,4,d61968e8-e4aa-43a2-8ca8-85b623ffd1e5_dp0,0,nixl_start_time
1780280928.7538397,1780280928.7821088,28.269,1780280928.7821379,0.029087066650390625,137298715506,137298.715506,1780280928.7538397,28.298139572143555,0.005245208740234375,4.5337677001953125,4.514,48758784,1.7248146025681843,2976,chatcmpl-2e6c2239-c9b6-4a14-8fa9-9977e3a83873-98240fe2,"nixl_xfer_handle(0x5af9a419dd20, released=False)",decode,0,0,452715,31,d61968e8-e4aa-43a2-8ca8-85b623ffd1e5_dp0,0,nixl_start_time
1780280928.7783337,1780280928.7817526,3.419,1780280928.78216,0.4074573516845703,137298740000,137298.74,1780280928.7783337,3.8263797760009766,0.005245208740234375,3.439664840698242,3.419,6291456,1.8401450716583796,384,chatcmpl-2db54ae7-4166-4477-be1e-3b1dbd4b8251-9f5dc885,"nixl_xfer_handle(0x5af9a3e8f4a0, released=False)",decode,0,0,452715,4,d61968e8-e4aa-43a2-8ca8-85b623ffd1e5_dp1,0,nixl_start_time
1780280928.8159575,1780280928.8284166,12.459,1780280928.8284364,0.019788742065429688,137298777624,137298.777624,1780280928.8159575,12.478828430175781,0.0050067901611328125,6.438970565795898,6.42,36175872,2.9035935468336143,2208,chatcmpl-ef07b7f9-3c2f-4436-a3dc-9367f40dc42a-b12ae6e6,"nixl_xfer_handle(0x556356e17580, released=False)",decode,1,0,452712,23,d61968e8-e4aa-43a2-8ca8-85b623ffd1e5_dp0,0,nixl_start_time
1780280929.0789416,1780280929.0915065,12.565,1780280929.091562,0.05555152893066406,137299040608,137299.040608,1780280929.0789416,12.62044906616211,0.0050067901611328125,3.665924072265625,3.646,29884416,2.378385674492638,1824,chatcmpl-d3a18ee2-5808-4d1f-9f45-006805207a6c-8a38b6d3,"nixl_xfer_handle(0x5af9a419dd20, released=False)",decode,0,0,452715,19,d61968e8-e4aa-43a2-8ca8-85b623ffd1e5_dp0,0,nixl_start_time
1780280929.2170367,1780280929.2187438,1.707,1780280929.21914,0.3962516784667969,137299178703,137299.178703,1780280929.2170367,2.1033287048339844,0.0045299530029296875,1.7271041870117188,1.707,3145728,1.8428400702987697,192,chatcmpl-3c3d24a9-61cd-47a4-af8a-6444cdf23b6c-a0e50eeb,"nixl_xfer_handle(0x556356e17580, released=False)",decode,1,0,452712,2,d61968e8-e4aa-43a2-8ca8-85b623ffd1e5_dp1,0,nixl_start_time
1780280929.2670197,1780280929.2695198,2.5,1780280929.2698798,0.3600120544433594,137299228686,137299.228686,1780280929.2670197,2.8600692749023438,0.0030994415283203125,2.5179386138916016,2.5,3145728,1.2582912,192,chatcmpl-15f7631a-6d3e-488c-8e39-b3d02a153c44-a7eb244b,"nixl_xfer_handle(0x5af9a3e12e40, released=False)",decode,0,0,452715,2,d61968e8-e4aa-43a2-8ca8-85b623ffd1e5_dp0,0,nixl_start_time
1780280929.2925677,1780280929.2941587,1.591,1780280929.2945678,0.40912628173828125,137299254234,137299.254234,1780280929.2925677,2.000093460083008,0.003814697265625,1.611471176147461,1.591,3145728,1.9772017598994343,192,chatcmpl-22e8585c-78cc-45f4-9f28-078ea22a0b2e-8444d79f,"nixl_xfer_handle(0x556356e17580, released=False)",decode,1,0,452712,2,d61968e8-e4aa-43a2-8ca8-85b623ffd1e5_dp1,0,nixl_start_time
1780280929.3550537,1780280929.3678606,12.807,1780280929.3679004,0.03981590270996094,137299316720,137299.31672,1780280929.3550537,12.846708297729492,0.0040531158447265625,3.6325454711914062,3.613,4718592,0.36843851018973994,288,chatcmpl-9af34ff2-cb41-4ec7-a773-bba06fde5e56-bcbaf36e,"nixl_xfer_handle(0x5af9a3e12e40, released=False)",decode,0,0,452715,3,d61968e8-e4aa-43a2-8ca8-85b623ffd1e5_dp0,0,nixl_start_time
1780280929.3929396,1780280929.3960166,3.077,1780280929.3963704,0.35381317138671875,137299354606,137299.354606,1780280929.3929396,3.4308433532714844,0.00286102294921875,3.0956268310546875,3.077,4718592,1.5335040623984402,288,chatcmpl-d6115145-af1d-416c-95cd-bd88c1d47aa0-aa17f1ec,"nixl_xfer_handle(0x5af9a3e12e40, released=False)",decode,0,0,452715,3,d61968e8-e4aa-43a2-8ca8-85b623ffd1e5_dp1,0,nixl_start_time
1780280929.4180915,1780280929.4185426,0.451,1780280929.4189384,0.39577484130859375,137299379758,137299.379758,1780280929.4180915,0.84686279296875,0.003814697265625,0.469207763671875,0.451,1572864,3.4875033259423502,48,chatcmpl-af23fba1-f650-45bc-bdbe-dad6522f8865-a300f5ed,"nixl_xfer_handle(0x556356e17580, released=False)",decode,1,0,452712,1,d61968e8-e4aa-43a2-8ca8-85b623ffd1e5_dp0,0,nixl_start_time
1780280929.5681968,1780280929.5805619,12.364999999999998,1780280929.58062,0.05817413330078125,137299529863,137299.529863,1780280929.5681968,12.423276901245117,0.0050067901611328125,4.222869873046875,4.203,31457280,2.544058228871816,1920,chatcmpl-2e0bb9f1-823b-4787-aa5f-7d23ef6d0133-96fc25f7,"nixl_xfer_handle(0x5af9a3e12e40, released=False)",decode,0,0,452715,20,d61968e8-e4aa-43a2-8ca8-85b623ffd1e5_dp1,0,nixl_start_time
1780280929.6296177,1780280929.6319058,2.2880000000000003,1780280929.6322474,0.34165382385253906,137299591284,137299.591284,1780280929.6296177,2.6297569274902344,0.0045299530029296875,2.308368682861328,2.288,3145728,1.3748811188811187,192,chatcmpl-f8618fd5-2a13-4061-b78f-b4f693257094-820cda5d,"nixl_xfer_handle(0x5af9a41a6b70, released=False)",decode,0,0,452715,2,d61968e8-e4aa-43a2-8ca8-85b623ffd1e5_dp1,0,nixl_start_time
1780280929.6296437,1780280929.6334836,3.8400000000000003,1780280929.6338892,0.4055500030517578,137299591310,137299.59131,1780280929.6296437,4.245519638061523,0.00476837158203125,3.8604736328125,3.84,7864320,2.048,480,chatcmpl-c29a6d8e-c977-4c7f-8932-3b223295401d-b44cc43b,"nixl_xfer_handle(0x556356e17580, released=False)",decode,1,0,452712,5,d61968e8-e4aa-43a2-8ca8-85b623ffd1e5_dp0,0,nixl_start_time
1780280929.6422596,1780280929.6551375,12.878,1780280929.6551688,0.031232833862304688,137299603926,137299.603926,1780280929.6422596,12.909173965454102,0.0050067901611328125,4.310846328735352,4.292,17301504,1.3434930889889733,1056,chatcmpl-862726b9-f357-4b05-862b-3e2fba6614d7-a3943ce7,"nixl_xfer_handle(0x556356e17580, released=False)",decode,1,0,452712,11,d61968e8-e4aa-43a2-8ca8-85b623ffd1e5_dp0,0,nixl_start_time
1780280929.6796186,1780280929.6800916,0.47300000000000003,1780280929.6804914,0.3998279571533203,137299641285,137299.641285,1780280929.6796186,0.8728504180908203,0.004291534423828125,0.48923492431640625,0.473,1572864,3.3252938689217757,48,chatcmpl-e8398309-786a-4d42-8471-35fbad1d39a1-9b3f453e,"nixl_xfer_handle(0x556351b35680, released=False)",decode,1,0,452712,1,d61968e8-e4aa-43a2-8ca8-85b623ffd1e5_dp1,0,nixl_start_time
1780280929.7296576,1780280929.7420886,12.431,1780280929.742145,0.05650520324707031,137299691324,137299.691324,1780280929.7296576,12.487411499023438,0.004291534423828125,3.5300254821777344,3.512,22020096,1.771385729225324,1344,chatcmpl-a3c2fe1f-cc3e-491f-8e97-3c1f9298c4e8-b268b9d5,"nixl_xfer_handle(0x5af9a41a6b70, released=False)",decode,0,0,452715,14,d61968e8-e4aa-43a2-8ca8-85b623ffd1e5_dp0,0,nixl_start_time
1780280929.7924066,1780280929.8054526,13.046000000000001,1780280929.8054729,0.020265579223632812,137299754073,137299.754073,1780280929.7924066,13.066291809082031,0.0050067901611328125,9.64212417602539,9.619,14155776,1.08506638049977,864,chatcmpl-b399ea45-bd9a-44e1-ba90-ecd089bada8f-bfdc092c,"nixl_xfer_handle(0x5af9a41a6b70, released=False)",decode,0,0,452715,9,d61968e8-e4aa-43a2-8ca8-85b623ffd1e5_dp1,0,nixl_start_time
1780280929.9803545,1780280929.9849474,4.593,1780280929.9853656,0.4181861877441406,137299942021,137299.942021,1780280929.9803545,5.011081695556641,0.021219253540039062,4.631280899047852,4.593,9437184,2.054688438928805,576,chatcmpl-d3245707-cf30-413b-8f5a-abbae8185aa7-a3a52abc,"nixl_xfer_handle(0x556351b35680, released=False)",decode,1,0,452712,6,d61968e8-e4aa-43a2-8ca8-85b623ffd1e5_dp0,0,nixl_start_time
1780280930.1162148,1780280930.1287158,12.501,1780280930.128754,0.03814697265625,137300077881,137300.077881,1780280930.1162148,12.539148330688477,0.0050067901611328125,5.74493408203125,5.726,36175872,2.893838252939765,2208,chatcmpl-60786c5f-5f0f-4a39-abd4-6a802cab4767-9c41ac24,"nixl_xfer_handle(0x556351b35680, released=False)",decode,1,0,452712,23,d61968e8-e4aa-43a2-8ca8-85b623ffd1e5_dp1,0,nixl_start_time
1780280930.1285686,1780280930.1413267,12.758000000000001,1780280930.1413639,0.03719329833984375,137300090235,137300.090235,1780280930.1285686,12.795209884643555,0.005245208740234375,3.446817398071289,3.412,20447232,1.6026988556200032,1248,chatcmpl-7e368416-9ac8-4c71-a15c-5e5872245d45-aea3570a,"nixl_xfer_handle(0x5af9a41a6b70, released=False)",decode,0,0,452715,13,d61968e8-e4aa-43a2-8ca8-85b623ffd1e5_dp0,0,nixl_start_time
1780280930.1663806,1780280930.1780856,11.705,1780280930.17813,0.044345855712890625,137300128047,137300.128047,1780280930.1663806,11.749267578125,0.0054836273193359375,3.854036331176758,3.835,25165824,2.150006322084579,1536,chatcmpl-84c39061-217c-443c-bdcc-df76bd59543d-a677691b,"nixl_xfer_handle(0x5af9a3decfa0, released=False)",decode,0,0,452715,16,d61968e8-e4aa-43a2-8ca8-85b623ffd1e5_dp1,0,nixl_start_time
1780280930.1779387,1780280930.1907778,12.839,1780280930.190796,0.01811981201171875,137300139605,137300.139605,1780280930.1779387,12.857198715209961,0.004291534423828125,6.248950958251953,6.231,26738688,2.0826145338421997,1632,chatcmpl-e1ee9bb3-75bf-4367-b048-a525d32077e1-9ff44313,"nixl_xfer_handle(0x556351b35680, released=False)",decode,1,0,452712,17,d61968e8-e4aa-43a2-8ca8-85b623ffd1e5_dp0,0,nixl_start_time
1780280930.3516216,1780280930.3539855,2.3640000000000003,1780280930.3543727,0.3871917724609375,137300313288,137300.313288,1780280930.3516216,2.7511119842529297,0.00476837158203125,2.382040023803711,2.364,4718592,1.9960203045685276,288,chatcmpl-a3ad7465-ca01-43bd-9009-41efc9298b1f-93033845,"nixl_xfer_handle(0x556342278940, released=False)",decode,1,0,452712,3,d61968e8-e4aa-43a2-8ca8-85b623ffd1e5_dp0,0,nixl_start_time
1780280930.5257506,1780280930.5561435,30.393,1780280930.5561638,0.020265579223632812,137300487417,137300.487417,1780280930.5257506,30.413150787353516,0.0054836273193359375,15.331268310546875,15.308,84934656,2.7945466390287237,5184,chatcmpl-0e0c472c-a0b8-4b27-9284-8eabd5eadf4a-9748d477,"nixl_xfer_handle(0x5af9a3812740, released=False)",decode,0,0,452715,54,d61968e8-e4aa-43a2-8ca8-85b623ffd1e5_dp1,0,nixl_start_time
1780280930.5936887,1780280930.5975127,3.8240000000000003,1780280930.5975723,0.059604644775390625,137300555355,137300.555355,1780280930.5936887,3.8836002349853516,0.0045299530029296875,3.482818603515625,3.462,4718592,1.2339414225941423,288,chatcmpl-209b0111-d319-4c1f-a038-de8dba32fd12-9a7bc02a,"nixl_xfer_handle(0x5af9a3e94360, released=False)",decode,0,0,452715,3,d61968e8-e4aa-43a2-8ca8-85b623ffd1e5_dp0,0,nixl_start_time
1780280930.5938747,1780280930.6192427,25.368000000000002,1780280930.6192656,0.02288818359375,137300555541,137300.555541,1780280930.5938747,25.3908634185791,0.01239776611328125,9.519338607788086,9.391,64487424,2.542077578051088,3936,chatcmpl-6cc9a13a-652b-4b12-aa6d-e9ca4799c487-aa2206bc,"nixl_xfer_handle(0x556342278940, released=False)",decode,1,0,452712,41,d61968e8-e4aa-43a2-8ca8-85b623ffd1e5_dp0,0,nixl_start_time
1780280930.6069667,1780280930.6091807,2.214,1780280930.6095278,0.347137451171875,137300568633,137300.568633,1780280930.6069667,2.5610923767089844,0.00476837158203125,2.232074737548828,2.214,3145728,1.4208346883468836,192,chatcmpl-99c5360d-548f-4977-881c-1b5b25f1b75d-960890e8,"nixl_xfer_handle(0x5af9a3e94360, released=False)",decode,0,0,452715,2,d61968e8-e4aa-43a2-8ca8-85b623ffd1e5_dp1,0,nixl_start_time
1780280930.6558588,1780280930.6574268,1.568,1780280930.6578295,0.40268898010253906,137300617525,137300.617525,1780280930.6558588,1.9707679748535156,0.005245208740234375,1.5897750854492188,1.568,3145728,2.0062040816326534,192,chatcmpl-03b6952b-6d5b-4e39-8e8b-c2ad267357dd-8f3a3c5e,"nixl_xfer_handle(0x556359a45b40, released=False)",decode,1,0,452712,2,d61968e8-e4aa-43a2-8ca8-85b623ffd1e5_dp1,0,nixl_start_time
1780280930.7675896,1780280930.7691116,1.522,1780280930.7695823,0.4706382751464844,137300729256,137300.729256,1780280930.7675896,1.9927024841308594,0.0045299530029296875,1.5416145324707031,1.522,3145728,2.066838370565046,192,chatcmpl-a792f74c-9e72-4d3c-b58e-18844964d50c-bbfc0078,"nixl_xfer_handle(0x556359a45b40, released=False)",decode,1,0,452712,2,d61968e8-e4aa-43a2-8ca8-85b623ffd1e5_dp0,0,nixl_start_time
1780280930.8415267,1780280930.8446567,3.13,1780280930.8450625,0.4057884216308594,137300803193,137300.803193,1780280930.8415267,3.535747528076172,0.0045299530029296875,3.1502246856689453,3.13,6291456,2.0100498402555913,384,chatcmpl-46f50319-d3eb-4698-a13a-c70e484c9792-b4859e90,"nixl_xfer_handle(0x556359a45b40, released=False)",decode,1,0,452712,4,d61968e8-e4aa-43a2-8ca8-85b623ffd1e5_dp1,0,nixl_start_time
1780280930.9527698,1780280930.9543977,1.6280000000000001,1780280930.9547935,0.39577484130859375,137300914436,137300.914436,1780280930.9527698,2.0236968994140625,0.0050067901611328125,1.64794921875,1.628,3145728,1.932265356265356,192,chatcmpl-016153e0-a9f6-408e-b6e5-71d2868ed5ec-b895c668,"nixl_xfer_handle(0x556359a45b40, released=False)",decode,1,0,452712,2,d61968e8-e4aa-43a2-8ca8-85b623ffd1e5_dp0,0,nixl_start_time
1780280930.9530277,1780280930.9776378,24.61,1780280930.9776516,0.013828277587890625,137300914694,137300.914694,1780280930.9530277,24.623870849609375,0.00667572021484375,16.681671142578125,16.654,72351744,2.939932710280374,4416,chatcmpl-b74c08a6-e605-4203-a980-b8c741e0cefe-893c085f,"nixl_xfer_handle(0x5af9a3e94360, released=False)",decode,0,0,452715,46,d61968e8-e4aa-43a2-8ca8-85b623ffd1e5_dp0,0,nixl_start_time
1780280930.9697886,1780280930.9892805,19.491999999999997,1780280930.9892972,0.016689300537109375,137300931455,137300.931455,1780280930.9697886,19.50860023498535,0.003814697265625,1.5323162078857422,1.516,3145728,0.16138559408988304,192,chatcmpl-d1f3a783-7112-4f62-b449-9ae9e83fdcc2-a495061d,"nixl_xfer_handle(0x5af9a3d5bb00, released=False)",decode,0,0,452715,2,d61968e8-e4aa-43a2-8ca8-85b623ffd1e5_dp1,0,nixl_start_time
1780280930.9750166,1780280930.9788487,3.832,1780280930.9797704,0.9217262268066406,137300936683,137300.936683,1780280930.9750166,4.753828048706055,0.003337860107421875,3.851175308227539,3.832,7864320,2.052275574112735,480,chatcmpl-9195b48a-789b-409a-ab6a-8f69671b5b61-a90c2311,"nixl_xfer_handle(0x556359a45b40, released=False)",decode,1,0,452712,5,d61968e8-e4aa-43a2-8ca8-85b623ffd1e5_dp0,0,nixl_start_time
1780280930.9750357,1780280930.9893146,14.279,1780280930.9893599,0.045299530029296875,137300936702,137300.936702,1780280930.9750357,14.324188232421875,0.0050067901611328125,2.183675765991211,2.163,3145728,0.22030450311646474,192,chatcmpl-1a8eb1f6-6c16-4535-9d77-7cbeb2f5385d-93869f6d,"nixl_xfer_handle(0x5af99a331f80, released=False)",decode,0,0,452715,2,d61968e8-e4aa-43a2-8ca8-85b623ffd1e5_dp1,0,nixl_start_time
1780280930.9789376,1780280930.9793715,0.434,1780280930.979788,0.4165172576904297,137300940604,137300.940604,1780280930.9789376,0.8504390716552734,0.003337860107421875,0.45228004455566406,0.434,1572864,3.624110599078341,48,chatcmpl-9bfbcd10-b849-4f18-aad4-045546f4ce97-9d026c85,"nixl_xfer_handle(0x556359a21010, released=False)",decode,1,0,452712,1,d61968e8-e4aa-43a2-8ca8-85b623ffd1e5_dp1,0,nixl_start_time
1780280930.9860988,1780280930.9889147,2.816,1780280930.9893732,0.4584789276123047,137300947765,137300.947765,1780280930.9860988,3.2744407653808594,0.0045299530029296875,2.836465835571289,2.816,4718592,1.6756363636363638,288,chatcmpl-dc529080-a2e7-4014-afef-8c5b555ecb72-bd607cad,"nixl_xfer_handle(0x5af9a3e94360, released=False)",decode,0,0,452715,3,d61968e8-e4aa-43a2-8ca8-85b623ffd1e5_dp0,0,nixl_start_time
1780280931.0111637,1780280931.0237846,12.621,1780280931.0238342,0.049591064453125,137300972830,137300.97283,1780280931.0111637,12.670516967773438,0.005245208740234375,5.516529083251953,5.496,26738688,2.118587116710245,1632,chatcmpl-570aeb29-1c2f-401c-b123-8fbd0e8ea98d-9d818bc8,"nixl_xfer_handle(0x556359a21010, released=False)",decode,1,0,452712,17,d61968e8-e4aa-43a2-8ca8-85b623ffd1e5_dp1,0,nixl_start_time
1780280931.0235066,1780280931.0262616,2.755,1780280931.0266175,0.3559589385986328,137300985173,137300.985173,1780280931.0235066,3.1108856201171875,0.00476837158203125,2.772808074951172,2.755,4718592,1.712737568058076,288,chatcmpl-52ca130c-d0a0-4df8-9a44-e1da5b1dfb59-ba46b8c1,"nixl_xfer_handle(0x5af9a3e94360, released=False)",decode,0,0,452715,3,d61968e8-e4aa-43a2-8ca8-85b623ffd1e5_dp0,0,nixl_start_time
1780280931.0728846,1780280931.0744576,1.573,1780280931.0748537,0.3960132598876953,137301034551,137301.034551,1780280931.0728846,1.9690990447998047,0.0045299530029296875,1.5935897827148438,1.573,3145728,1.9998270820089001,192,chatcmpl-bd6aa66d-f014-419d-a9ec-22292d662771-85921a04,"nixl_xfer_handle(0x556359a21010, released=False)",decode,1,0,452712,2,d61968e8-e4aa-43a2-8ca8-85b623ffd1e5_dp1,0,nixl_start_time
1780280931.1470137,1780280931.1600156,13.001999999999999,1780280931.1600332,0.017642974853515625,137301108680,137301.10868,1780280931.1470137,13.019561767578125,0.0040531158447265625,3.9839744567871094,3.964,33030144,2.540389478541763,2016,chatcmpl-35bb89fe-928e-4ffe-998e-b90d6d8c1455-a9cb12bd,"nixl_xfer_handle(0x5af9a3e94360, released=False)",decode,0,0,452715,21,d61968e8-e4aa-43a2-8ca8-85b623ffd1e5_dp0,0,nixl_start_time
1780280931.1470177,1780280931.1600497,13.032,1780280931.160069,0.019311904907226562,137301108684,137301.108684,1780280931.1470177,13.051271438598633,0.0040531158447265625,6.54292106628418,6.523,37748736,2.896618784530387,2304,chatcmpl-e15423cc-2657-4583-af09-fc22c337dd11-8de107e0,"nixl_xfer_handle(0x556359a21010, released=False)",decode,1,0,452712,24,d61968e8-e4aa-43a2-8ca8-85b623ffd1e5_dp1,0,nixl_start_time
1780280931.2460976,1780280931.2491086,3.0109999999999997,1780280931.249481,0.3724098205566406,137301207764,137301.207764,1780280931.2460976,3.3833980560302734,0.005245208740234375,3.0303001403808594,3.011,4718592,1.5671179010295584,288,chatcmpl-7250e79f-e8b2-4056-a0c8-9dc037561144-aa766bff,"nixl_xfer_handle(0x5af989c66cf0, released=False)",decode,0,0,452715,3,d61968e8-e4aa-43a2-8ca8-85b623ffd1e5_dp0,0,nixl_start_time
1780280931.3329766,1780280931.3575156,24.538999999999998,1780280931.3575387,0.023126602172851562,137301294643,137301.294643,1780280931.3329766,24.56212043762207,0.00476837158203125,7.822275161743164,7.802,56623104,2.3074739801947923,3456,chatcmpl-7f27b10b-a88e-44f7-9146-4595781aa4a2-b6f22ad3,"nixl_xfer_handle(0x556359a21010, released=False)",decode,1,0,452712,36,d61968e8-e4aa-43a2-8ca8-85b623ffd1e5_dp1,0,nixl_start_time
1780280931.3820846,1780280931.3853717,3.287,1780280931.3857648,0.39315223693847656,137301343751,137301.343751,1780280931.3820846,3.6802291870117188,0.005245208740234375,3.3066272735595703,3.287,6291456,1.914041983571646,384,chatcmpl-f81f56db-65b3-437d-ba3c-b0f34eb64566-bd8c11d4,"nixl_xfer_handle(0x556359cd2f60, released=False)",decode,1,0,452712,4,d61968e8-e4aa-43a2-8ca8-85b623ffd1e5_dp0,0,nixl_start_time
1780280931.4684308,1780280931.4806337,12.203000000000001,1780280931.4806535,0.019788742065429688,137301430097,137301.430097,1780280931.4684308,12.222766876220703,0.006198883056640625,3.9527416229248047,3.933,25165824,2.0622653445873964,1536,chatcmpl-277070d0-483b-490c-8850-be1619381c1e-93d5e209,"nixl_xfer_handle(0x5af989c66cf0, released=False)",decode,0,0,452715,16,d61968e8-e4aa-43a2-8ca8-85b623ffd1e5_dp1,0,nixl_start_time
1780280931.4804316,1780280931.4851966,4.765000000000001,1780280931.4856472,0.4506111145019531,137301442098,137301.442098,1780280931.4804316,5.215644836425781,0.00476837158203125,4.785060882568359,4.765,9437184,1.9805213011542497,576,chatcmpl-1493e521-6876-4ba3-a86a-d5d4a9e7f945-9a7cd95b,"nixl_xfer_handle(0x556359cd2f60, released=False)",decode,1,0,452712,6,d61968e8-e4aa-43a2-8ca8-85b623ffd1e5_dp0,0,nixl_start_time
1780280931.4931126,1780280931.5060155,12.902999999999999,1780280931.5060494,0.033855438232421875,137301454779,137301.454779,1780280931.4931126,12.936830520629883,0.005245208740234375,3.9343833923339844,3.909,28311552,2.194183678214369,1728,chatcmpl-90a97d1b-f203-412d-ab3b-abacd60330b9-a5bbf0cd,"nixl_xfer_handle(0x5af989c66cf0, released=False)",decode,0,0,452715,18,d61968e8-e4aa-43a2-8ca8-85b623ffd1e5_dp1,0,nixl_start_time
1780280931.6166966,1780280931.6182985,1.6019999999999999,1780280931.6186922,0.3936290740966797,137301578363,137301.578363,1780280931.6166966,1.9955635070800781,0.0050067901611328125,1.6214847564697266,1.602,3145728,1.9636254681647942,192,chatcmpl-5668c699-7b18-49e5-aa6c-e5678a821f05-9e5a2960,"nixl_xfer_handle(0x556359cd2f60, released=False)",decode,1,0,452712,2,d61968e8-e4aa-43a2-8ca8-85b623ffd1e5_dp1,0,nixl_start_time
1780280931.6290636,1780280931.6338916,4.827999999999999,1780280931.634253,0.36144256591796875,137301590730,137301.59073,1780280931.6290636,5.189418792724609,0.0045299530029296875,4.850149154663086,4.828,7864320,1.6288980944490474,480,chatcmpl-66be9f23-61ad-4054-862f-5a7deaea086f-942aa8b7,"nixl_xfer_handle(0x5af989c66cf0, released=False)",decode,0,0,452715,5,d61968e8-e4aa-43a2-8ca8-85b623ffd1e5_dp0,0,nixl_start_time
1780280931.6904078,1780280931.7030587,12.651000000000002,1780280931.7031019,0.04315376281738281,137301652074,137301.652074,1780280931.6904078,12.694120407104492,0.0045299530029296875,2.2013187408447266,2.182,3145728,0.24865449371591178,192,chatcmpl-91e36a12-2f7d-4bb5-85bb-e4e88a82bfcc-a50e9083,"nixl_xfer_handle(0x5af989c66cf0, released=False)",decode,0,0,452715,2,d61968e8-e4aa-43a2-8ca8-85b623ffd1e5_dp1,0,nixl_start_time
1780280931.7278976,1780280931.7335966,5.699,1780280931.734004,0.4074573516845703,137301689564,137301.689564,1780280931.7278976,6.106376647949219,0.0040531158447265625,5.720376968383789,5.699,11010048,1.9319263028601508,672,chatcmpl-35499470-5369-49d5-9cb4-32149c271a17-9588b300,"nixl_xfer_handle(0x556359cd2f60, released=False)",decode,1,0,452712,7,d61968e8-e4aa-43a2-8ca8-85b623ffd1e5_dp0,0,nixl_start_time
1780280931.7521505,1780280931.7541716,2.021,1780280931.7545388,0.36716461181640625,137301713817,137301.713817,1780280931.7521505,2.3882389068603516,0.00476837158203125,2.0411014556884766,2.021,3145728,1.5565205343889166,192,chatcmpl-0b45d632-8656-456f-934f-17df03c13551-91619a03,"nixl_xfer_handle(0x5af989c66cf0, released=False)",decode,0,0,452715,2,d61968e8-e4aa-43a2-8ca8-85b623ffd1e5_dp1,0,nixl_start_time
1780280931.9503076,1780280931.9765506,26.243,1780280931.9765668,0.01621246337890625,137301911974,137301.911974,1780280931.9503076,26.259183883666992,0.005245208740234375,9.210824966430664,9.185,61341696,2.337449834241512,3744,chatcmpl-d567fa39-b961-4d8e-9a13-674fe0eecfee-8d7d222f,"nixl_xfer_handle(0x556359cd2f60, released=False)",decode,1,0,452712,39,d61968e8-e4aa-43a2-8ca8-85b623ffd1e5_dp0,0,nixl_start_time
1780280931.9629958,1780280931.9875188,24.523,1780280931.987538,0.019311904907226562,137301924662,137301.924662,1780280931.9629958,24.54233169555664,0.0054836273193359375,4.375934600830078,4.355,45613056,1.8600112547404477,2784,chatcmpl-f0f53e06-ce04-4d8e-a004-34b97295b6b2-87daff04,"nixl_xfer_handle(0x5af989c66cf0, released=False)",decode,0,0,452715,29,d61968e8-e4aa-43a2-8ca8-85b623ffd1e5_dp1,0,nixl_start_time
1780280931.9743927,1780280931.9761386,1.746,1780280931.9765873,0.4487037658691406,137301936059,137301.936059,1780280931.9743927,2.194643020629883,0.0050067901611328125,1.7685890197753906,1.746,3145728,1.8016769759450173,192,chatcmpl-d4b6f1c0-6e92-4697-bc05-513f45b46a6e-9ee5695c,"nixl_xfer_handle(0x556359a45b40, released=False)",decode,1,0,452712,2,d61968e8-e4aa-43a2-8ca8-85b623ffd1e5_dp0,0,nixl_start_time
1780280932.0608916,1780280932.0852497,24.358,1780280932.0852735,0.02384185791015625,137302022558,137302.022558,1780280932.0608916,24.38187599182129,0.0059604644775390625,9.310007095336914,9.287,62914560,2.5829115690943425,3840,chatcmpl-66095e04-162b-4b3d-9f7c-c5f1752fc007-a98bfa96,"nixl_xfer_handle(0x556359a45b40, released=False)",decode,1,0,452712,40,d61968e8-e4aa-43a2-8ca8-85b623ffd1e5_dp0,0,nixl_start_time
1780280932.0736825,1780280932.0852005,11.518,1780280932.0852373,0.036716461181640625,137302035349,137302.035349,1780280932.0736825,11.554718017578125,0.005245208740234375,3.4973621368408203,3.478,23592960,2.048355617294669,1440,chatcmpl-9a5bfcea-e386-49a1-aeb4-5616e797a559-8d4e8808,"nixl_xfer_handle(0x5af989c66cf0, released=False)",decode,0,0,452715,15,d61968e8-e4aa-43a2-8ca8-85b623ffd1e5_dp0,0,nixl_start_time
1780280932.1096578,1780280932.1138258,4.168,1780280932.1142433,0.41747093200683594,137302071324,137302.071324,1780280932.1096578,4.585504531860352,0.003337860107421875,4.187107086181641,4.168,7864320,1.8868330134357008,480,chatcmpl-f7e2c075-e9ab-447d-bb88-355b82b9d067-861f7263,"nixl_xfer_handle(0x556359a45b40, released=False)",decode,1,0,452712,5,d61968e8-e4aa-43a2-8ca8-85b623ffd1e5_dp1,0,nixl_start_time
1780280932.1831577,1780280932.1898506,6.6930000000000005,1780280932.1902587,0.408172607421875,137302144824,137302.144824,1780280932.1831577,7.1010589599609375,0.0030994415283203125,6.712436676025391,6.693,12582912,1.880010757507844,768,chatcmpl-bf0c37c2-52cb-4ace-8592-3e9bba786730-a227df87,"nixl_xfer_handle(0x556359a45b40, released=False)",decode,1,0,452712,8,d61968e8-e4aa-43a2-8ca8-85b623ffd1e5_dp1,0,nixl_start_time
1780280932.1833026,1780280932.2079747,24.672,1780280932.207993,0.018358230590820312,137302144969,137302.144969,1780280932.1833026,24.69038963317871,0.005245208740234375,4.61888313293457,4.597,45613056,1.8487782101167316,2784,chatcmpl-8fdbd840-db3c-46b8-905a-a2ea0dbff0a4-b692d479,"nixl_xfer_handle(0x5af989c66cf0, released=False)",decode,0,0,452715,29,d61968e8-e4aa-43a2-8ca8-85b623ffd1e5_dp0,0,nixl_start_time
1780280932.2814476,1780280932.2834957,2.048,1780280932.2838438,0.34809112548828125,137302243114,137302.243114,1780280932.2814476,2.396106719970703,0.0040531158447265625,2.0666122436523438,2.048,3145728,1.536,192,chatcmpl-bcbca78c-a9f5-4883-9ac7-29e9a564e92a-ae8ff17a,"nixl_xfer_handle(0x5af989c66cf0, released=False)",decode,0,0,452715,2,d61968e8-e4aa-43a2-8ca8-85b623ffd1e5_dp0,0,nixl_start_time
1780280932.3678696,1780280932.4002986,32.429,1780280932.4003122,0.013589859008789062,137302329536,137302.329536,1780280932.3678696,32.442569732666016,0.0057220458984375,11.897802352905273,11.861,73924608,2.27958333590305,4512,chatcmpl-332fe6ac-a8bf-458e-8980-cf99e8a2a5a2-82d93336,"nixl_xfer_handle(0x556359a45b40, released=False)",decode,1,0,452712,47,d61968e8-e4aa-43a2-8ca8-85b623ffd1e5_dp1,0,nixl_start_time
1780280932.3946667,1780280932.4072106,12.544,1780280932.407259,0.04839897155761719,137302356333,137302.356333,1780280932.3946667,12.592315673828125,0.0045299530029296875,5.264759063720703,5.245,18874368,1.50465306122449,1152,chatcmpl-19ab76fa-bf50-45e9-9bc0-76554a5271a9-ad4d2a4b,"nixl_xfer_handle(0x556359cd2f60, released=False)",decode,1,0,452712,12,d61968e8-e4aa-43a2-8ca8-85b623ffd1e5_dp1,0,nixl_start_time
1780280932.3947217,1780280932.4071667,12.445,1780280932.407188,0.021219253540039062,137302356388,137302.356388,1780280932.3947217,12.466192245483398,0.0050067901611328125,3.4482479095458984,3.429,25165824,2.0221634391321817,1536,chatcmpl-2608a6e9-1b63-4a58-ab3a-da5e2b8969ee-a68c0102,"nixl_xfer_handle(0x5af989c66cf0, released=False)",decode,0,0,452715,16,d61968e8-e4aa-43a2-8ca8-85b623ffd1e5_dp0,0,nixl_start_time
1780280932.4318056,1780280932.4377227,5.917000000000001,1780280932.438099,0.3762245178222656,137302393472,137302.393472,1780280932.4318056,6.293296813964844,0.0050067901611328125,5.939722061157227,5.917,9437184,1.5949271590332936,576,chatcmpl-cfb42a84-4fbc-496d-b646-58db9a465e76-96e2fda7,"nixl_xfer_handle(0x5af989c66cf0, released=False)",decode,0,0,452715,6,d61968e8-e4aa-43a2-8ca8-85b623ffd1e5_dp1,0,nixl_start_time
1780280932.4927037,1780280932.4948168,2.113,1780280932.4951687,0.35190582275390625,137302454370,137302.45437,1780280932.4927037,2.4650096893310547,0.0030994415283203125,2.1347999572753906,2.113,3145728,1.488749645054425,192,chatcmpl-42eb02d0-1bfd-4f66-9fee-d4e759839bdf-b7f4ce07,"nixl_xfer_handle(0x5af989c66cf0, released=False)",decode,0,0,452715,2,d61968e8-e4aa-43a2-8ca8-85b623ffd1e5_dp0,0,nixl_start_time
1780280932.5170727,1780280932.5210047,3.932,1780280932.5213802,0.37550926208496094,137302478739,137302.478739,1780280932.5170727,4.30750846862793,0.0050067901611328125,3.9567947387695312,3.932,6291456,1.6000651068158698,384,chatcmpl-b63d29d9-343b-4929-af1f-88e3afc2498d-a082cf68,"nixl_xfer_handle(0x5af989c66cf0, released=False)",decode,0,0,452715,4,d61968e8-e4aa-43a2-8ca8-85b623ffd1e5_dp0,0,nixl_start_time
1780280932.5783567,1780280932.6028817,24.525000000000002,1780280932.6029105,0.028848648071289062,137302540023,137302.540023,1780280932.5783567,24.553775787353516,0.02384185791015625,6.888389587402344,6.85,50331648,2.052258837920489,3072,chatcmpl-568bcdeb-1f2a-4ad4-bb10-291f3e67c0db-ac98e4e7,"nixl_xfer_handle(0x556359cd2f60, released=False)",decode,1,0,452712,32,d61968e8-e4aa-43a2-8ca8-85b623ffd1e5_dp1,0,nixl_start_time
1780280932.7251377,1780280932.7331047,7.9670000000000005,1780280932.7334838,0.3790855407714844,137302686804,137302.686804,1780280932.7251377,8.346080780029297,0.0040531158447265625,7.990360260009766,7.967,12582912,1.5793789381197438,768,chatcmpl-64da1f5c-ceef-4d16-a78a-a7c4d24200d2-b1eed3cd,"nixl_xfer_handle(0x5af989c66cf0, released=False)",decode,0,0,452715,8,d61968e8-e4aa-43a2-8ca8-85b623ffd1e5_dp0,0,nixl_start_time
1780280932.7988217,1780280932.8006966,1.875,1780280932.801047,0.3504753112792969,137302760488,137302.760488,1780280932.7988217,2.2253990173339844,0.0030994415283203125,1.8930435180664062,1.875,3145728,1.6777216,192,chatcmpl-5d7dce78-9b22-452c-a04c-a84434c27308-a9051229,"nixl_xfer_handle(0x5af989c66cf0, released=False)",decode,0,0,452715,2,d61968e8-e4aa-43a2-8ca8-85b623ffd1e5_dp1,0,nixl_start_time
1780280932.8725076,1780280932.8969367,24.429,1780280932.8969576,0.0209808349609375,137302834174,137302.834174,1780280932.8725076,24.450063705444336,0.00667572021484375,4.791021347045898,4.769,61341696,2.5110195259732286,3744,chatcmpl-153a795b-7fa3-4142-aa5e-7a45bf64a513-b022c598,"nixl_xfer_handle(0x5af989c66cf0, released=False)",decode,0,0,452715,39,d61968e8-e4aa-43a2-8ca8-85b623ffd1e5_dp0,0,nixl_start_time
1780280932.9460287,1780280932.9775937,31.565,1780280932.9776073,0.013589859008789062,137302907695,137302.907695,1780280932.9460287,31.578540802001953,0.006198883056640625,12.361526489257812,12.334,77070336,2.4416390305718356,4704,chatcmpl-a303d3b0-27a3-4377-a0a9-f81cad02219a-aa5be24a,"nixl_xfer_handle(0x556359cd2f60, released=False)",decode,1,0,452712,49,d61968e8-e4aa-43a2-8ca8-85b623ffd1e5_dp1,0,nixl_start_time
1780280932.9623938,1780280932.9737167,11.323,1780280932.9737668,0.050067901611328125,137302924060,137302.92406,1780280932.9623938,11.373043060302734,0.006198883056640625,4.204273223876953,4.184,34603008,3.055992934734611,2112,chatcmpl-9459928c-b113-448a-88fb-006226a05280-83c991c3,"nixl_xfer_handle(0x5af9a38335e0, released=False)",decode,0,0,452715,22,d61968e8-e4aa-43a2-8ca8-85b623ffd1e5_dp0,0,nixl_start_time
1780280932.9735596,1780280932.9857895,12.23,1780280932.9858463,0.056743621826171875,137302935226,137302.935226,1780280932.9735596,12.286663055419922,0.005245208740234375,3.626585006713867,3.608,18874368,1.5432843826655764,1152,chatcmpl-061cc706-c4d3-4c70-be17-4ecee06d2cbf-85ebbc4f,"nixl_xfer_handle(0x556359a45b40, released=False)",decode,1,0,452712,12,d61968e8-e4aa-43a2-8ca8-85b623ffd1e5_dp1,0,nixl_start_time
1780280932.9984717,1780280933.0103238,11.852,1780280933.0103757,0.051975250244140625,137302960138,137302.960138,1780280932.9984717,11.904001235961914,0.0054836273193359375,3.179311752319336,3.159,20447232,1.7252136348295646,1248,chatcmpl-1e28d16b-680d-4654-96e9-46ab74ef4fb5-a80beb44,"nixl_xfer_handle(0x5af9a3e199a0, released=False)",decode,0,0,452715,13,d61968e8-e4aa-43a2-8ca8-85b623ffd1e5_dp0,0,nixl_start_time
1780280933.0961277,1780280933.1219327,25.805000000000003,1780280933.1219609,0.028133392333984375,137303057794,137303.057794,1780280933.0961277,25.8331298828125,0.006198883056640625,10.521888732910156,10.496,72351744,2.8037877930633597,4416,chatcmpl-b86157db-affb-4c19-b9c1-1afd769b02c1-b30ffc22,"nixl_xfer_handle(0x556359a45b40, released=False)",decode,1,0,452712,46,d61968e8-e4aa-43a2-8ca8-85b623ffd1e5_dp1,0,nixl_start_time
1780280933.1830587,1780280933.1846917,1.633,1780280933.185085,0.3933906555175781,137303144725,137303.144725,1780280933.1830587,2.0263195037841797,0.0035762786865234375,1.6503334045410156,1.633,3145728,1.9263490508266996,192,chatcmpl-6ae3ceae-1e61-4966-bf38-0b3b0bbe4e0c-9a2a35bf,"nixl_xfer_handle(0x556359a45b40, released=False)",decode,1,0,452712,2,d61968e8-e4aa-43a2-8ca8-85b623ffd1e5_dp0,0,nixl_start_time
1780280933.1831417,1780280933.1926098,9.468,1780280933.1929078,0.2980232238769531,137303144808,137303.144808,1780280933.1831417,9.766101837158203,0.00476837158203125,9.490966796875,9.468,15728640,1.6612420785804816,960,chatcmpl-b6be0d5c-6548-4f7c-96d9-fab50163f883-8d183756,"nixl_xfer_handle(0x5af9a3e199a0, released=False)",decode,0,0,452715,10,d61968e8-e4aa-43a2-8ca8-85b623ffd1e5_dp1,0,nixl_start_time
1780280933.2200828,1780280933.2326927,12.61,1780280933.2327294,0.036716461181640625,137303181749,137303.181749,1780280933.2200828,12.646675109863281,0.0050067901611328125,5.797624588012695,5.778,34603008,2.744092624900872,2112,chatcmpl-8f039a25-ecd1-465a-97b1-2a4a646c7702-984d2d62,"nixl_xfer_handle(0x556359a45b40, released=False)",decode,1,0,452712,22,d61968e8-e4aa-43a2-8ca8-85b623ffd1e5_dp0,0,nixl_start_time
1780280933.3308916,1780280933.3554676,24.576,1780280933.3554854,0.017881393432617188,137303292558,137303.292558,1780280933.3308916,24.593830108642578,0.0057220458984375,5.054473876953125,5.033,64487424,2.624,3936,chatcmpl-991e8644-f805-4c90-bdf2-928eadf0e052-bb983da4,"nixl_xfer_handle(0x5af9a3e199a0, released=False)",decode,0,0,452715,41,d61968e8-e4aa-43a2-8ca8-85b623ffd1e5_dp0,0,nixl_start_time
1780280933.4045568,1780280933.4322648,27.708,1780280933.4322963,0.03147125244140625,137303366223,137303.366223,1780280933.4045568,27.739524841308594,0.0064373016357421875,10.622262954711914,10.595,59768832,2.157096578605457,3648,chatcmpl-f231e8fe-d444-4164-9c8b-20ac53fc1314-a35900c9,"nixl_xfer_handle(0x556359a45b40, released=False)",decode,1,0,452712,38,d61968e8-e4aa-43a2-8ca8-85b623ffd1e5_dp1,0,nixl_start_time
1780280933.4301445,1780280933.4318495,1.7049999999999998,1780280933.4323192,0.4696846008300781,137303391811,137303.391811,1780280933.4301445,2.1746158599853516,0.005245208740234375,1.729726791381836,1.705,3145728,1.8450017595307917,192,chatcmpl-dc3e9b24-df1d-492b-bf2d-2974d4996114-a8c11b2b,"nixl_xfer_handle(0x556359a49840, released=False)",decode,1,0,452712,2,d61968e8-e4aa-43a2-8ca8-85b623ffd1e5_dp0,0,nixl_start_time
1780280933.4302497,1780280933.4462507,16.001,1780280933.4462698,0.019073486328125,137303391916,137303.391916,1780280933.4302497,16.02005958557129,0.005245208740234375,4.05120849609375,4.031,33030144,2.064254984063496,2016,chatcmpl-87e82a14-e324-4e37-babd-5a0b135ac3e4-8571bdc8,"nixl_xfer_handle(0x5af9a3e86c60, released=False)",decode,0,0,452715,21,d61968e8-e4aa-43a2-8ca8-85b623ffd1e5_dp0,0,nixl_start_time
1780280933.4424295,1780280933.4548066,12.377,1780280933.4548497,0.04315376281738281,137303404096,137303.404096,1780280933.4424295,12.420177459716797,0.0050067901611328125,3.4415721893310547,3.422,25165824,2.033273329562899,1536,chatcmpl-b8408f9e-c79a-4a92-97b6-d1533fd07c72-9af7bbea,"nixl_xfer_handle(0x5af9a3dfd2c0, released=False)",decode,0,0,452715,16,d61968e8-e4aa-43a2-8ca8-85b623ffd1e5_dp1,0,nixl_start_time
1780280933.7602146,1780280933.7975295,37.315,1780280933.7975903,0.06079673767089844,137303721881,137303.721881,1780280933.7602146,37.375688552856445,0.00476837158203125,17.122745513916016,17.077,75497472,2.023247273214525,4608,chatcmpl-df2f7519-c354-46c9-ac69-69d27b7575d5-ab1ae42c,"nixl_xfer_handle(0x5af9a3e86c60, released=False)",decode,0,0,452715,48,d61968e8-e4aa-43a2-8ca8-85b623ffd1e5_dp0,0,nixl_start_time
1780280933.7922807,1780280933.7971687,4.888,1780280933.797612,0.4432201385498047,137303753947,137303.753947,1780280933.7922807,5.331277847290039,0.0045299530029296875,4.906892776489258,4.888,7864320,1.6089034369885433,480,chatcmpl-d1827aa3-68c8-4242-8d42-d3c11a8cfe1e-bcabd519,"nixl_xfer_handle(0x5af9a3e84520, released=False)",decode,0,0,452715,5,d61968e8-e4aa-43a2-8ca8-85b623ffd1e5_dp1,0,nixl_start_time
1780280933.7923336,1780280933.7954307,3.097,1780280933.8022704,6.839752197265625,137303754000,137303.754,1780280933.7923336,9.936809539794922,0.005245208740234375,3.1189918518066406,3.097,6291456,2.0314678721343236,384,chatcmpl-8fc7c85c-cdf3-4e51-af2a-6f343042acef-9ae20ec1,"nixl_xfer_handle(0x556359a45b40, released=False)",decode,1,0,452712,4,d61968e8-e4aa-43a2-8ca8-85b623ffd1e5_dp1,0,nixl_start_time
1780280933.7955925,1780280933.8055365,9.943999999999999,1780280933.8055856,0.049114227294921875,137303757259,137303.757259,1780280933.7955925,9.99307632446289,0.0021457672119140625,6.417036056518555,6.401,28311552,2.8470989541432017,1728,chatcmpl-e250d1f9-2283-41e8-b8a5-95ca884dd8e3-a9b46003,"nixl_xfer_handle(0x556359cd2f60, released=False)",decode,1,0,452712,18,d61968e8-e4aa-43a2-8ca8-85b623ffd1e5_dp0,0,nixl_start_time
1780280933.8175316,1780280933.8204656,2.934,1780280933.820813,0.34737586975097656,137303779198,137303.779198,1780280933.8175316,3.2813549041748047,0.0045299530029296875,2.9556751251220703,2.934,4718592,1.608245398773006,288,chatcmpl-0f51e814-dadf-45f2-8fcd-f9171587e84e-b0385118,"nixl_xfer_handle(0x5af9a3e86c60, released=False)",decode,0,0,452715,3,d61968e8-e4aa-43a2-8ca8-85b623ffd1e5_dp1,0,nixl_start_time
1780280933.8293936,1780280933.8318396,2.4459999999999997,1780280933.8322442,0.40459632873535156,137303791060,137303.79106,1780280933.8293936,2.8505325317382812,0.0045299530029296875,2.466440200805664,2.446,4718592,1.9291054783319708,288,chatcmpl-4889c423-2b3d-4aec-87b8-514a26a05dd6-8e7ef789,"nixl_xfer_handle(0x556359cd2f60, released=False)",decode,1,0,452712,3,d61968e8-e4aa-43a2-8ca8-85b623ffd1e5_dp0,0,nixl_start_time
1780280933.9155886,1780280933.9450476,29.459,1780280933.9450645,0.016927719116210938,137303877255,137303.877255,1780280933.9155886,29.475927352905273,0.0059604644775390625,14.275550842285156,14.25,77070336,2.6161898231440306,4704,chatcmpl-ad205a83-4eba-44dd-98fa-4fba9b3fb562-879c22ca,"nixl_xfer_handle(0x5af9a3e86c60, released=False)",decode,0,0,452715,49,d61968e8-e4aa-43a2-8ca8-85b623ffd1e5_dp1,0,nixl_start_time
1780280933.9332697,1780280933.9358246,2.555,1780280933.9362254,0.40078163146972656,137303894936,137303.894936,1780280933.9332697,2.9556751251220703,0.00476837158203125,2.5777816772460938,2.555,4718592,1.8468070450097847,288,chatcmpl-9eb68182-c71b-476b-9133-e1f927b3a761-a43f09ca,"nixl_xfer_handle(0x556359cd2f60, released=False)",decode,1,0,452712,3,d61968e8-e4aa-43a2-8ca8-85b623ffd1e5_dp0,0,nixl_start_time
1780280934.0430915,1780280934.0555646,12.472999999999999,1780280934.0555863,0.021696090698242188,137304004758,137304.004758,1780280934.0430915,12.494802474975586,0.0045299530029296875,8.751869201660156,8.732,36175872,2.9003344824821613,2208,chatcmpl-e8dc50b3-f0a9-4cf7-9859-b5c2396f1832-bf721e25,"nixl_xfer_handle(0x556359cd2f60, released=False)",decode,1,0,452712,23,d61968e8-e4aa-43a2-8ca8-85b623ffd1e5_dp1,0,nixl_start_time
1780280934.1292787,1780280934.1536076,24.329,1780280934.1536512,0.04363059997558594,137304090945,137304.090945,1780280934.1292787,24.372577667236328,0.0057220458984375,8.929729461669922,8.904,51904512,2.1334420650252786,3168,chatcmpl-251b1867-4e0f-4058-92c0-122e7a3603cc-8ee91015,"nixl_xfer_handle(0x556359cd2f60, released=False)",decode,1,0,452712,33,d61968e8-e4aa-43a2-8ca8-85b623ffd1e5_dp0,0,nixl_start_time
1780280934.2024806,1780280934.2040915,1.611,1780280934.204497,0.4055500030517578,137304164147,137304.164147,1780280934.2024806,2.0165443420410156,0.0040531158447265625,1.630544662475586,1.611,3145728,1.952655493482309,192,chatcmpl-4f1401cc-2970-4deb-a42f-6f3b3c452747-a93a9af6,"nixl_xfer_handle(0x556359cd2f60, released=False)",decode,1,0,452712,2,d61968e8-e4aa-43a2-8ca8-85b623ffd1e5_dp1,0,nixl_start_time
1780280934.2026336,1780280934.2323556,29.721999999999998,1780280934.2324028,0.047206878662109375,137304164300,137304.1643,1780280934.2026336,29.769182205200195,0.00476837158203125,5.397319793701172,5.376,58195968,1.9580098243725188,3552,chatcmpl-64ccc276-7b3f-4b10-b0d6-715d97ac0575-b5b4c6d4,"nixl_xfer_handle(0x5af9a38351e0, released=False)",decode,0,0,452715,37,d61968e8-e4aa-43a2-8ca8-85b623ffd1e5_dp1,0,nixl_start_time
1780280934.2148056,1780280934.2164385,1.633,1780280934.216829,0.3905296325683594,137304176472,137304.176472,1780280934.2148056,2.023458480834961,0.0045299530029296875,1.6531944274902344,1.633,3145728,1.9263490508266996,192,chatcmpl-7d34e27d-ed2e-468d-8755-0b0160d47fda-af1beb25,"nixl_xfer_handle(0x556359cd2f60, released=False)",decode,1,0,452712,2,d61968e8-e4aa-43a2-8ca8-85b623ffd1e5_dp0,0,nixl_start_time
1780280934.2148237,1780280934.2324266,17.603,1780280934.2324495,0.02288818359375,137304176490,137304.17649,1780280934.2148237,17.625808715820312,0.005245208740234375,1.5633106231689453,1.542,3145728,0.17870408453104583,192,chatcmpl-bfdd3315-aca1-456c-8f08-d4f44b02862a-a768bb69,"nixl_xfer_handle(0x5af9a37ce0e0, released=False)",decode,0,0,452715,2,d61968e8-e4aa-43a2-8ca8-85b623ffd1e5_dp0,0,nixl_start_time
1780280934.2271216,1780280934.2393546,12.233,1780280934.2393765,0.02193450927734375,137304188788,137304.188788,1780280934.2271216,12.254953384399414,0.0057220458984375,4.860639572143555,4.84,28311552,2.3143588653641785,1728,chatcmpl-c11dda51-fe2e-43f1-bd08-b48d88a24d6a-ae297152,"nixl_xfer_handle(0x5af9a3d51d60, released=False)",decode,0,0,452715,18,d61968e8-e4aa-43a2-8ca8-85b623ffd1e5_dp1,0,nixl_start_time
1780280934.2514467,1780280934.2534397,1.9929999999999999,1780280934.2538216,0.3819465637207031,137304213113,137304.213113,1780280934.2514467,2.374887466430664,0.0045299530029296875,2.0148754119873047,1.993,3145728,1.578388359257401,192,chatcmpl-77db7c2d-39fb-404f-a676-6c740ac13e61-a4d987c9,"nixl_xfer_handle(0x5af9a3e6a760, released=False)",decode,0,0,452715,2,d61968e8-e4aa-43a2-8ca8-85b623ffd1e5_dp0,0,nixl_start_time
1780280934.2999566,1780280934.3009105,0.954,1780280934.3009236,0.013113021850585938,137304261623,137304.261623,1780280934.2999566,0.9670257568359375,0.005245208740234375,0.6062984466552734,0.584,1572864,1.6487044025157231,48,chatcmpl-2081374f-9e20-4ca4-aff9-b1321d6aeb02-93927303,"nixl_xfer_handle(0x5af9a3e6a760, released=False)",decode,0,0,452715,1,d61968e8-e4aa-43a2-8ca8-85b623ffd1e5_dp0,0,nixl_start_time
1780280934.3974526,1780280934.3993146,1.8619999999999999,1780280934.3996687,0.3540515899658203,137304359119,137304.359119,1780280934.3974526,2.2161006927490234,0.0045299530029296875,1.882314682006836,1.862,3145728,1.689435016111708,192,chatcmpl-d628f0b1-1d08-475b-b9af-ea66986b7230-ab58303c,"nixl_xfer_handle(0x5af9a3e6a760, released=False)",decode,0,0,452715,2,d61968e8-e4aa-43a2-8ca8-85b623ffd1e5_dp1,0,nixl_start_time
1780280934.5202827,1780280934.5445247,24.242,1780280934.544585,0.06031990051269531,137304481949,137304.481949,1780280934.5202827,24.302244186401367,0.0050067901611328125,5.976438522338867,5.955,66060288,2.7250345681049417,4032,chatcmpl-82d3c6ba-901e-4387-8165-858f6a7368ec-9cefd1a1,"nixl_xfer_handle(0x5af9a3e6a760, released=False)",decode,0,0,452715,42,d61968e8-e4aa-43a2-8ca8-85b623ffd1e5_dp0,0,nixl_start_time
1780280934.5936537,1780280934.6185617,24.908,1780280934.6186032,0.041484832763671875,137304555320,137304.55532,1780280934.5936537,24.94955062866211,0.0045299530029296875,5.761861801147461,5.742,42467328,1.7049674000321182,2592,chatcmpl-e249e27b-6a01-41fe-8bad-837ebd44de84-9ff11c4d,"nixl_xfer_handle(0x5af9a3d7de70, released=False)",decode,0,0,452715,27,d61968e8-e4aa-43a2-8ca8-85b623ffd1e5_dp1,0,nixl_start_time
1780280934.6430898,1780280934.6482377,5.148,1780280934.64829,0.05221366882324219,137304604756,137304.604756,1780280934.6430898,5.20014762878418,0.00476837158203125,4.727363586425781,4.698,9437184,1.8331748251748252,576,chatcmpl-76f6e628-11f0-4906-9ad0-b0f94d90040b-a57c4629,"nixl_xfer_handle(0x556359cd2f60, released=False)",decode,1,0,452712,6,d61968e8-e4aa-43a2-8ca8-85b623ffd1e5_dp0,0,nixl_start_time
1780280934.7906446,1780280934.8169367,26.291999999999998,1780280934.8169804,0.04363059997558594,137304752311,137304.752311,1780280934.7906446,26.335716247558594,0.0057220458984375,11.19685173034668,11.172,77070336,2.9313226837060706,4704,chatcmpl-27124d37-bc03-4214-8a90-6ab0ae1301ad-8ba7e7d4,"nixl_xfer_handle(0x556359cd2f60, released=False)",decode,1,0,452712,49,d61968e8-e4aa-43a2-8ca8-85b623ffd1e5_dp0,0,nixl_start_time
1780280935.0257437,1780280935.0273738,1.63,1780280935.027816,0.44226646423339844,137304987410,137304.98741,1780280935.0257437,2.0723342895507812,0.00476837158203125,1.6498565673828125,1.63,3145728,1.9298944785276075,192,chatcmpl-995a5e36-e7fc-446f-a634-27764c46874d-90d44b45,"nixl_xfer_handle(0x556359cd2f60, released=False)",decode,1,0,452712,2,d61968e8-e4aa-43a2-8ca8-85b623ffd1e5_dp0,0,nixl_start_time
1780280935.0377417,1780280935.0501215,12.38,1780280935.0501766,0.05507469177246094,137304999408,137304.999408,1780280935.0377417,12.434959411621094,0.0054836273193359375,3.136157989501953,3.115,17301504,1.3975366720516964,1056,chatcmpl-da095bd7-d75f-4878-9519-a1f553e690fa-a2e898ad,"nixl_xfer_handle(0x5af9a35eadc0, released=False)",decode,0,0,452715,11,d61968e8-e4aa-43a2-8ca8-85b623ffd1e5_dp1,0,nixl_start_time
1780280935.0498667,1780280935.0522087,2.342,1780280935.0526412,0.4324913024902344,137305011533,137305.011533,1780280935.0498667,2.774477005004883,0.003814697265625,2.3620128631591797,2.342,4718592,2.0147702818104185,288,chatcmpl-85b6c735-0af7-488c-9f24-4321fee84234-943d46a7,"nixl_xfer_handle(0x556359cd2f60, released=False)",decode,1,0,452712,3,d61968e8-e4aa-43a2-8ca8-85b623ffd1e5_dp0,0,nixl_start_time
1780280935.0745037,1780280935.0779448,3.441,1780280935.0782862,0.3414154052734375,137305036170,137305.03617,1780280935.0745037,3.782510757446289,0.0054836273193359375,3.461599349975586,3.441,4718592,1.3712850915431563,288,chatcmpl-8ff35d07-807a-4aa1-988d-10c5d7c0876d-9d1b057a,"nixl_xfer_handle(0x5af9a35eadc0, released=False)",decode,0,0,452715,3,d61968e8-e4aa-43a2-8ca8-85b623ffd1e5_dp1,0,nixl_start_time
1780280935.0864716,1780280935.0880535,1.582,1780280935.0884776,0.4241466522216797,137305048138,137305.048138,1780280935.0864716,2.006053924560547,0.0045299530029296875,1.603841781616211,1.582,3145728,1.988450063211125,192,chatcmpl-6f9bda20-86db-437f-812d-f5916cb1afb9-aab1df7f,"nixl_xfer_handle(0x556359cd2f60, released=False)",decode,1,0,452712,2,d61968e8-e4aa-43a2-8ca8-85b623ffd1e5_dp0,0,nixl_start_time
1780280935.0988307,1780280935.1013637,2.533,1780280935.1013772,0.013589859008789062,137305060497,137305.060497,1780280935.0988307,2.546548843383789,0.004291534423828125,2.187967300415039,2.167,3145728,1.2418981444926962,192,chatcmpl-676c1ffb-42a6-4d12-a38c-3084283c0d37-84b56550,"nixl_xfer_handle(0x5af9a35eadc0, released=False)",decode,0,0,452715,2,d61968e8-e4aa-43a2-8ca8-85b623ffd1e5_dp1,0,nixl_start_time
1780280935.1115468,1780280935.1175027,5.956,1780280935.1178994,0.396728515625,137305073213,137305.073213,1780280935.1115468,6.352663040161133,0.005245208740234375,5.97691535949707,5.956,12582912,2.1126447280053724,768,chatcmpl-0dfdf3da-a197-4869-9a76-13f77090bd2f-bcb948ed,"nixl_xfer_handle(0x556359cd2f60, released=False)",decode,1,0,452712,8,d61968e8-e4aa-43a2-8ca8-85b623ffd1e5_dp0,0,nixl_start_time
1780280935.1355276,1780280935.1601937,24.666,1780280935.160212,0.018358230590820312,137305097194,137305.097194,1780280935.1355276,24.684429168701172,0.005245208740234375,5.474090576171875,5.453,39321600,1.5941620043784968,2400,chatcmpl-a5dcf8f2-0f53-43aa-b9af-3163b4f6f888-b3906dd2,"nixl_xfer_handle(0x5af9a35eadc0, released=False)",decode,0,0,452715,25,d61968e8-e4aa-43a2-8ca8-85b623ffd1e5_dp1,0,nixl_start_time
1780280935.2213097,1780280935.2477427,26.433000000000003,1780280935.2477899,0.047206878662109375,137305182976,137305.182976,1780280935.2213097,26.48019790649414,0.005245208740234375,9.052515029907227,9.022,58195968,2.201640676427193,3552,chatcmpl-35f680db-8844-4965-9a15-c03a8ef5d11c-8e1ad605,"nixl_xfer_handle(0x556359cd2f60, released=False)",decode,1,0,452712,37,d61968e8-e4aa-43a2-8ca8-85b623ffd1e5_dp0,0,nixl_start_time
1780280935.2339876,1780280935.2580245,24.037,1780280935.258044,0.019550323486328125,137305195654,137305.195654,1780280935.2339876,24.056434631347656,0.0054836273193359375,4.786968231201172,4.767,42467328,1.766748263094396,2592,chatcmpl-195156d9-fe42-4d07-a474-bf0eacc18454-9e44c5f0,"nixl_xfer_handle(0x5af9a38335e0, released=False)",decode,0,0,452715,27,d61968e8-e4aa-43a2-8ca8-85b623ffd1e5_dp1,0,nixl_start_time
1780280935.2457306,1780280935.2473347,1.6039999999999999,1780280935.247813,0.4782676696777344,137305207397,137305.207397,1780280935.2457306,2.082347869873047,0.00476837158203125,1.6322135925292969,1.604,3145728,1.9611770573566085,192,chatcmpl-8731f486-dfdc-4b93-9706-95d0ca568388-b2efc89e,"nixl_xfer_handle(0x556359a45b40, released=False)",decode,1,0,452712,2,d61968e8-e4aa-43a2-8ca8-85b623ffd1e5_dp0,0,nixl_start_time
1780280935.2705467,1780280935.2829888,12.442,1780280935.2830338,0.04506111145019531,137305232213,137305.232213,1780280935.2705467,12.487173080444336,0.00476837158203125,5.062580108642578,5.043,25165824,2.022651020736216,1536,chatcmpl-cdebf34a-4ece-4b16-b2f9-edb182717021-995c0561,"nixl_xfer_handle(0x556359a45b40, released=False)",decode,1,0,452712,16,d61968e8-e4aa-43a2-8ca8-85b623ffd1e5_dp1,0,nixl_start_time
1780280935.3566456,1780280935.3812497,24.604,1780280935.3812704,0.020742416381835938,137305318312,137305.318312,1780280935.3566456,24.62482452392578,0.0040531158447265625,5.727529525756836,5.706,37748736,1.5342519915460902,2304,chatcmpl-393063a9-367f-45ca-ac9f-e3d4d548cb10-99a7f0a7,"nixl_xfer_handle(0x556359a42f20, released=False)",decode,1,0,452712,24,d61968e8-e4aa-43a2-8ca8-85b623ffd1e5_dp0,0,nixl_start_time
1780280935.4182837,1780280935.4305637,12.28,1780280935.430597,0.03337860107421875,137305379950,137305.37995,1780280935.4182837,12.313365936279297,0.0057220458984375,4.276514053344727,4.256,33030144,2.689751140065147,2016,chatcmpl-e4b3c15a-763e-4bd1-a3c5-d394f774d1f2-bdbf9736,"nixl_xfer_handle(0x5af9a3e60c80, released=False)",decode,0,0,452715,21,d61968e8-e4aa-43a2-8ca8-85b623ffd1e5_dp1,0,nixl_start_time
1780280935.4429467,1780280935.4555337,12.587,1780280935.4555855,0.05173683166503906,137305404613,137305.404613,1780280935.4429467,12.63880729675293,0.0057220458984375,4.254341125488281,4.234,17301504,1.3745534281401446,1056,chatcmpl-89ee6d2d-32a5-4f50-984f-596c6b537b0f-b04c2449,"nixl_xfer_handle(0x556359a06540, released=False)",decode,1,0,452712,11,d61968e8-e4aa-43a2-8ca8-85b623ffd1e5_dp0,0,nixl_start_time
1780280935.5906777,1780280935.5976698,6.992,1780280935.5980349,0.3650188446044922,137305552344,137305.552344,1780280935.5906777,7.357120513916016,0.0057220458984375,7.01451301574707,6.992,9437184,1.3497116704805492,576,chatcmpl-e796efbe-fd5b-44e5-bc66-1bb9a4f396d0-809ad70a,"nixl_xfer_handle(0x5af9a3d78980, released=False)",decode,0,0,452715,6,d61968e8-e4aa-43a2-8ca8-85b623ffd1e5_dp1,0,nixl_start_time
1780280935.5907028,1780280935.6032088,12.506,1780280935.6032634,0.05459785461425781,137305552369,137305.552369,1780280935.5907028,12.560606002807617,0.005245208740234375,4.604816436767578,4.585,17301504,1.3834562609947225,1056,chatcmpl-987e3973-5491-4321-be10-c77ca704f806-9c4bb47b,"nixl_xfer_handle(0x556359a06540, released=False)",decode,1,0,452712,11,d61968e8-e4aa-43a2-8ca8-85b623ffd1e5_dp0,0,nixl_start_time
1780280935.6522796,1780280935.6548605,2.581,1780280935.6548777,0.0171661376953125,137305613946,137305.613946,1780280935.6522796,2.5980472564697266,0.003337860107421875,2.199888229370117,2.18,3145728,1.2188020147229754,192,chatcmpl-d323a9ab-90de-45e0-b5da-7d01ea2c1e9d-addaab42,"nixl_xfer_handle(0x5af9a3d78980, released=False)",decode,0,0,452715,2,d61968e8-e4aa-43a2-8ca8-85b623ffd1e5_dp0,0,nixl_start_time
1780280935.6524937,1780280935.6827297,30.236,1780280935.6827493,0.019550323486328125,137305614160,137305.61416,1780280935.6524937,30.255556106567383,0.006198883056640625,15.04063606262207,15.01,80216064,2.652998544781056,4896,chatcmpl-557c19d4-eafa-46e5-bf54-65b077fa4f5e-9b5ea624,"nixl_xfer_handle(0x556359a06540, released=False)",decode,1,0,452712,51,d61968e8-e4aa-43a2-8ca8-85b623ffd1e5_dp1,0,nixl_start_time
1780280935.6825848,1780280935.6966748,14.09,1780280935.6966877,0.012874603271484375,137305644251,137305.644251,1780280935.6825848,14.102935791015625,0.0045299530029296875,4.792928695678711,4.773,42467328,3.014004826117814,2592,chatcmpl-4035ca15-c2d6-4012-a206-e261ce0d2be4-971d4ed8,"nixl_xfer_handle(0x5af9a3d78980, released=False)",decode,0,0,452715,27,d61968e8-e4aa-43a2-8ca8-85b623ffd1e5_dp1,0,nixl_start_time
1780280935.6947286,1780280935.7072976,12.569,1780280935.7073302,0.03266334533691406,137305656395,137305.656395,1780280935.6947286,12.601613998413086,0.0050067901611328125,1.5752315521240234,1.553,3145728,0.250276712546742,192,chatcmpl-a4003641-4842-468c-b04e-79cf2dce98b3-b6276e0c,"nixl_xfer_handle(0x5af99a331f80, released=False)",decode,0,0,452715,2,d61968e8-e4aa-43a2-8ca8-85b623ffd1e5_dp0,0,nixl_start_time
1780280935.6948276,1780280935.7197495,24.922,1780280935.7197728,0.023365020751953125,137305656494,137305.656494,1780280935.6948276,24.94525909423828,0.0054836273193359375,7.796525955200195,7.777,42467328,1.7040096300457428,2592,chatcmpl-cf86c9f8-7876-4a0d-8f58-310d0f5696be-a8ea093d,"nixl_xfer_handle(0x55635626ee40, released=False)",decode,1,0,452712,27,d61968e8-e4aa-43a2-8ca8-85b623ffd1e5_dp0,0,nixl_start_time
1780280935.7317226,1780280935.7334237,1.701,1780280935.733829,0.40531158447265625,137305693389,137305.693389,1780280935.7317226,2.1064281463623047,0.004291534423828125,1.7242431640625,1.701,3145728,1.8493403880070545,192,chatcmpl-6f9220cc-1efe-43da-bf0f-a466a87585ec-87b07fb8,"nixl_xfer_handle(0x556359ce7d00, released=False)",decode,1,0,452712,2,d61968e8-e4aa-43a2-8ca8-85b623ffd1e5_dp1,0,nixl_start_time
1780280935.7563977,1780280935.7689006,12.503,1780280935.7689354,0.034809112548828125,137305718064,137305.718064,1780280935.7563977,12.537717819213867,0.0054836273193359375,7.430315017700195,7.41,34603008,2.767576421658802,2112,chatcmpl-3d1aa6ed-d625-41e1-a8df-1b48028974c1-a09fad23,"nixl_xfer_handle(0x556359ce7d00, released=False)",decode,1,0,452712,22,d61968e8-e4aa-43a2-8ca8-85b623ffd1e5_dp0,0,nixl_start_time
1780280935.7807257,1780280935.7829778,2.2520000000000002,1780280935.783344,0.3662109375,137305742392,137305.742392,1780280935.7807257,2.6183128356933594,0.0050067901611328125,2.2733211517333984,2.252,3145728,1.396859680284192,192,chatcmpl-293a92fb-7830-477a-8436-7577316f8e7d-97d2f29f,"nixl_xfer_handle(0x5af99a331f80, released=False)",decode,0,0,452715,2,d61968e8-e4aa-43a2-8ca8-85b623ffd1e5_dp1,0,nixl_start_time
1780280935.8058846,1780280935.8180497,12.165000000000001,1780280935.8180757,0.025987625122070312,137305767551,137305.767551,1780280935.8058846,12.191057205200195,0.0054836273193359375,6.586790084838867,6.567,29884416,2.4565898890258935,1824,chatcmpl-a47d533f-a621-434b-a6e4-e739539443cf-be2e98a0,"nixl_xfer_handle(0x556359ce7d00, released=False)",decode,1,0,452712,19,d61968e8-e4aa-43a2-8ca8-85b623ffd1e5_dp0,0,nixl_start_time
1780280935.8179088,1780280935.8425748,24.666,1780280935.8425932,0.018358230590820312,137305779575,137305.779575,1780280935.8179088,24.684429168701172,0.0054836273193359375,4.8618316650390625,4.842,48758784,1.976760885429336,2976,chatcmpl-af9aa667-a4e3-4137-b70b-a6f4b1372f46-b1550e97,"nixl_xfer_handle(0x5af99a331f80, released=False)",decode,0,0,452715,31,d61968e8-e4aa-43a2-8ca8-85b623ffd1e5_dp1,0,nixl_start_time
1780280935.8546436,1780280935.8796797,25.035999999999998,1780280935.8796992,0.019550323486328125,137305816310,137305.81631,1780280935.8546436,25.055646896362305,0.0050067901611328125,4.624605178833008,4.605,39321600,1.570602332640997,2400,chatcmpl-3de3ec1e-f9ec-4792-b617-5db3e10157dd-b477e580,"nixl_xfer_handle(0x5af9a3d7f960, released=False)",decode,0,0,452715,25,d61968e8-e4aa-43a2-8ca8-85b623ffd1e5_dp0,0,nixl_start_time
1780280935.8671887,1780280935.8797307,12.542,1780280935.87975,0.019311904907226562,137305828855,137305.828855,1780280935.8671887,12.561321258544922,0.0059604644775390625,4.384279251098633,4.363,26738688,2.1319317493222774,1632,chatcmpl-44c72c97-8f92-4f34-91ad-4801a2abe402-8e49fe1d,"nixl_xfer_handle(0x5af9a3d78980, released=False)",decode,0,0,452715,17,d61968e8-e4aa-43a2-8ca8-85b623ffd1e5_dp1,0,nixl_start_time
1780280935.8794856,1780280935.8812137,1.728,1780280935.8816257,0.4119873046875,137305841152,137305.841152,1780280935.8794856,2.140045166015625,0.0095367431640625,1.7538070678710938,1.728,3145728,1.8204444444444443,192,chatcmpl-154de99e-142d-424a-b87e-31f9be677429-a0f0c413,"nixl_xfer_handle(0x556359a313d0, released=False)",decode,1,0,452712,2,d61968e8-e4aa-43a2-8ca8-85b623ffd1e5_dp0,0,nixl_start_time
1780280935.9653957,1780280935.9776707,12.274999999999999,1780280935.9776936,0.02288818359375,137305927062,137305.927062,1780280935.9653957,12.297868728637695,0.0059604644775390625,4.281282424926758,4.261,17301504,1.4094911608961302,1056,chatcmpl-6ed962f0-0bbf-4d7f-9474-cab4b2ed9da8-871bd16d,"nixl_xfer_handle(0x556359a313d0, released=False)",decode,1,0,452712,11,d61968e8-e4aa-43a2-8ca8-85b623ffd1e5_dp1,0,nixl_start_time
1780280935.9654117,1780280935.9776437,12.232,1780280935.9776628,0.019073486328125,137305927078,137305.927078,1780280935.9654117,12.251138687133789,0.0057220458984375,3.4253597259521484,3.403,23592960,1.9287900588620015,1440,chatcmpl-b71f2863-ecb1-41a3-821d-7656d44863c5-a835206f,"nixl_xfer_handle(0x5af9a3d78980, released=False)",decode,0,0,452715,15,d61968e8-e4aa-43a2-8ca8-85b623ffd1e5_dp0,0,nixl_start_time
1780280936.0141907,1780280936.0181777,3.987,1780280936.0185819,0.40411949157714844,137305975857,137305.975857,1780280936.0141907,4.391193389892578,0.00476837158203125,4.008293151855469,3.987,7864320,1.9724905944319036,480,chatcmpl-80e870bf-6312-4a55-8269-4a3d713e1d15-86054ddc,"nixl_xfer_handle(0x556359a313d0, released=False)",decode,1,0,452712,5,d61968e8-e4aa-43a2-8ca8-85b623ffd1e5_dp0,0,nixl_start_time
1780280936.0512977,1780280936.0637107,12.413,1780280936.063734,0.023365020751953125,137306012964,137306.012964,1780280936.0512977,12.436389923095703,0.0057220458984375,4.256963729858398,4.237,22020096,1.773954402642391,1344,chatcmpl-df5ca94f-a8bb-4b99-b775-a09ae7ef1ddf-8b52799f,"nixl_xfer_handle(0x5af9a3d78980, released=False)",decode,0,0,452715,14,d61968e8-e4aa-43a2-8ca8-85b623ffd1e5_dp1,0,nixl_start_time
1780280936.1617506,1780280936.1740634,12.312999999999999,1780280936.1740866,0.023126602172851562,137306123417,137306.123417,1780280936.1617506,12.336015701293945,0.0054836273193359375,8.493185043334961,8.473,34603008,2.8102824656866727,2112,chatcmpl-d9223b8e-d425-41fe-926b-fb9c1adbf707-b8a0f2d6,"nixl_xfer_handle(0x556359a313d0, released=False)",decode,1,0,452712,22,d61968e8-e4aa-43a2-8ca8-85b623ffd1e5_dp0,0,nixl_start_time
1780280936.1738367,1780280936.1764107,2.574,1780280936.1764235,0.012874603271484375,137306135503,137306.135503,1780280936.1738367,2.586841583251953,0.00476837158203125,2.2182464599609375,2.198,3145728,1.2221165501165503,192,chatcmpl-f50d8c93-3b09-407c-a869-c597afa6f4c3-a041d1d7,"nixl_xfer_handle(0x5af9a3d78980, released=False)",decode,0,0,452715,2,d61968e8-e4aa-43a2-8ca8-85b623ffd1e5_dp1,0,nixl_start_time
1780280936.3081346,1780280936.3381126,29.978,1780280936.3381293,0.016689300537109375,137306269801,137306.269801,1780280936.3081346,29.994726181030273,0.004291534423828125,6.701231002807617,6.681,40894464,1.3641491760624456,2496,chatcmpl-8924b0f4-c91a-4bb7-9152-a2364c50c2c5-8ae20416,"nixl_xfer_handle(0x556359a313d0, released=False)",decode,1,0,452712,26,d61968e8-e4aa-43a2-8ca8-85b623ffd1e5_dp0,0,nixl_start_time
1780280936.3324697,1780280936.3377037,5.234,1780280936.3381493,0.4456043243408203,137306294136,137306.294136,1780280936.3324697,5.679607391357422,0.00476837158203125,5.256891250610352,5.234,11010048,2.10356285823462,672,chatcmpl-0d31f88b-0fa5-4a5b-ad6e-61a3d2997d55-b2a41316,"nixl_xfer_handle(0x556359b35d20, released=False)",decode,1,0,452712,7,d61968e8-e4aa-43a2-8ca8-85b623ffd1e5_dp1,0,nixl_start_time
1780280936.3325286,1780280936.3448045,12.276,1780280936.3448298,0.025272369384765625,137306294195,137306.294195,1780280936.3325286,12.301206588745117,0.005245208740234375,3.785848617553711,3.763,29884416,2.434377321603128,1824,chatcmpl-0849d143-4fa6-4db8-a3fb-99ff82dc4098-8d0bcd1d,"nixl_xfer_handle(0x5af9a3d78980, released=False)",decode,0,0,452715,19,d61968e8-e4aa-43a2-8ca8-85b623ffd1e5_dp0,0,nixl_start_time
1780280936.3694127,1780280936.3757367,6.324,1780280936.3761473,0.4105567932128906,137306331079,137306.331079,1780280936.3694127,6.734609603881836,0.0057220458984375,6.347179412841797,6.324,12582912,1.989707779886148,768,chatcmpl-8c595ed6-04bc-4171-a3aa-6b37ce588e99-a885f905,"nixl_xfer_handle(0x556359a313d0, released=False)",decode,1,0,452712,8,d61968e8-e4aa-43a2-8ca8-85b623ffd1e5_dp0,0,nixl_start_time
1780280936.3938246,1780280936.3996797,5.8549999999999995,1780280936.3996944,0.014781951904296875,137306355491,137306.355491,1780280936.3938246,5.869865417480469,0.005245208740234375,5.238533020019531,5.217,7864320,1.3431801878736125,480,chatcmpl-737ec2ec-853f-4338-857a-23395edee1b0-be44e8ae,"nixl_xfer_handle(0x5af9a3d78980, released=False)",decode,0,0,452715,5,d61968e8-e4aa-43a2-8ca8-85b623ffd1e5_dp1,0,nixl_start_time
1780280936.4060798,1780280936.4076958,1.616,1780280936.408086,0.3902912139892578,137306367746,137306.367746,1780280936.4060798,2.0062923431396484,0.0045299530029296875,1.6360282897949219,1.616,3145728,1.9466138613861388,192,chatcmpl-3c0d45e4-e75f-4ec1-bed6-c698a3a57fd9-ba131bc6,"nixl_xfer_handle(0x556359a313d0, released=False)",decode,1,0,452712,2,d61968e8-e4aa-43a2-8ca8-85b623ffd1e5_dp0,0,nixl_start_time
1780280936.4798555,1780280936.5045955,24.740000000000002,1780280936.5046477,0.05221366882324219,137306441522,137306.441522,1780280936.4798555,24.792194366455078,0.0054836273193359375,5.41996955871582,5.398,61341696,2.479454163298302,3744,chatcmpl-e8403a21-303d-472b-a1dd-272f30083b3e-8504bdb5,"nixl_xfer_handle(0x5af9a3d78980, released=False)",decode,0,0,452715,39,d61968e8-e4aa-43a2-8ca8-85b623ffd1e5_dp0,0,nixl_start_time
1780280936.5908086,1780280936.6173747,26.566,1780280936.6174018,0.027179718017578125,137306552475,137306.552475,1780280936.5908086,26.59320831298828,0.012636184692382812,11.303186416625977,11.272,73924608,2.7826774072122262,4512,chatcmpl-54113cbc-807b-40aa-b494-a108092437d9-ae427f08,"nixl_xfer_handle(0x556359a313d0, released=False)",decode,1,0,452712,47,d61968e8-e4aa-43a2-8ca8-85b623ffd1e5_dp1,0,nixl_start_time
1780280936.6292937,1780280936.6329567,3.663,1780280936.6333826,0.4258155822753906,137306590960,137306.59096,1780280936.6292937,4.088878631591797,0.0045299530029296875,3.683805465698242,3.663,6291456,1.7175692055692056,384,chatcmpl-cfd25ad1-c56c-4028-bf7e-dc356590f697-a70ed780,"nixl_xfer_handle(0x5af9a3d78980, released=False)",decode,0,0,452715,4,d61968e8-e4aa-43a2-8ca8-85b623ffd1e5_dp0,0,nixl_start_time
1780280936.7279017,1780280936.7524047,24.503,1780280936.752423,0.018358230590820312,137306689568,137306.689568,1780280936.7279017,24.521350860595703,0.0054836273193359375,6.786584854125977,6.766,64487424,2.631817491735706,3936,chatcmpl-b7721264-1a29-4e85-8f35-9f236ce7caec-b5ff5742,"nixl_xfer_handle(0x5af9a3d78980, released=False)",decode,0,0,452715,41,d61968e8-e4aa-43a2-8ca8-85b623ffd1e5_dp1,0,nixl_start_time
1780280936.8014646,1780280936.8291745,27.709999999999997,1780280936.8291981,0.023603439331054688,137306763131,137306.763131,1780280936.8014646,27.733564376831055,0.01049041748046875,12.250900268554688,12.208,77070336,2.78131851317214,4704,chatcmpl-8f0b4264-b775-417e-b465-7e2fafa0d931-88a6e7a1,"nixl_xfer_handle(0x5563599b4620, released=False)",decode,1,0,452712,49,d61968e8-e4aa-43a2-8ca8-85b623ffd1e5_dp0,0,nixl_start_time
1780280936.8290286,1780280936.8556206,26.592000000000002,1780280936.8556702,0.049591064453125,137306790695,137306.790695,1780280936.8290286,26.6416072845459,0.0045299530029296875,5.322456359863281,5.293,44040192,1.65614440433213,2688,chatcmpl-49c10598-65d5-4df3-ab39-9488b6f11dd4-88f54102,"nixl_xfer_handle(0x5af9a3d78980, released=False)",decode,0,0,452715,28,d61968e8-e4aa-43a2-8ca8-85b623ffd1e5_dp0,0,nixl_start_time
1780280936.8532417,1780280936.8552577,2.016,1780280936.8556905,0.43272972106933594,137306814908,137306.814908,1780280936.8532417,2.4487972259521484,0.0040531158447265625,2.035856246948242,2.016,3145728,1.5603809523809524,192,chatcmpl-9c1bc32b-1e2e-44ec-a36a-223f33ed394b-b7ae26cd,"nixl_xfer_handle(0x5af9a3d72020, released=False)",decode,0,0,452715,2,d61968e8-e4aa-43a2-8ca8-85b623ffd1e5_dp0,0,nixl_start_time
1780280936.9527116,1780280936.9802537,27.542,1780280936.9802794,0.02574920654296875,137306914378,137306.914378,1780280936.9527116,27.56786346435547,0.00476837158203125,11.990070343017578,11.966,75497472,2.741176094691743,4608,chatcmpl-8f60b33a-4bda-480a-a248-aa1a9ba3b83a-9b53996b,"nixl_xfer_handle(0x556359a45b40, released=False)",decode,1,0,452712,48,d61968e8-e4aa-43a2-8ca8-85b623ffd1e5_dp1,0,nixl_start_time
1780280936.9681637,1780280936.9803207,12.157,1780280936.9803593,0.038623809814453125,137306929830,137306.92983,1780280936.9681637,12.195587158203125,0.0050067901611328125,1.8966197967529297,1.873,4718592,0.3881378629596118,288,chatcmpl-4bbc54eb-6fb3-4b71-a3f0-6938a9d18392-a481f305,"nixl_xfer_handle(0x556359cd2f60, released=False)",decode,1,0,452712,3,d61968e8-e4aa-43a2-8ca8-85b623ffd1e5_dp0,0,nixl_start_time
1780280936.9924967,1780280937.0051408,12.644,1780280937.0051825,0.04172325134277344,137306954163,137306.954163,1780280936.9924967,12.685775756835938,0.005245208740234375,4.665613174438477,4.645,22020096,1.7415450806706738,1344,chatcmpl-cb76664a-022c-49f2-9920-dc57ed411cca-ae9d3f87,"nixl_xfer_handle(0x556359cd2f60, released=False)",decode,1,0,452712,14,d61968e8-e4aa-43a2-8ca8-85b623ffd1e5_dp1,0,nixl_start_time
1780280937.0423326,1780280937.0457726,3.44,1780280937.046121,0.3483295440673828,137307003999,137307.003999,1780280937.0423326,3.7882328033447266,0.003814697265625,3.4584999084472656,3.44,4718592,1.3716837209302326,288,chatcmpl-adf30cb6-d8ee-4d9d-a3aa-57339640544f-8c1ad72d,"nixl_xfer_handle(0x5af9a3d78980, released=False)",decode,0,0,452715,3,d61968e8-e4aa-43a2-8ca8-85b623ffd1e5_dp0,0,nixl_start_time
1780280937.0675397,1780280937.0698457,2.306,1780280937.0701928,0.347137451171875,137307029206,137307.029206,1780280937.0675397,2.6531219482421875,0.0045299530029296875,2.3255348205566406,2.306,3145728,1.3641491760624458,192,chatcmpl-0cee3425-d2c7-44f4-ace2-a28c7937b13b-b09b9a3b,"nixl_xfer_handle(0x5af9a3d78980, released=False)",decode,0,0,452715,2,d61968e8-e4aa-43a2-8ca8-85b623ffd1e5_dp1,0,nixl_start_time
1780280937.0930707,1780280937.0963237,3.2529999999999997,1780280937.0967708,0.4470348358154297,137307054737,137307.054737,1780280937.0930707,3.7000179290771484,0.0045299530029296875,3.2808780670166016,3.253,6291456,1.9340473409160777,384,chatcmpl-636c8a4e-29df-4eda-8a8b-31de447ec164-9cd14899,"nixl_xfer_handle(0x556359b3c8a0, released=False)",decode,1,0,452712,4,d61968e8-e4aa-43a2-8ca8-85b623ffd1e5_dp0,0,nixl_start_time
1780280937.1050797,1780280937.1124775,7.398,1780280937.1128497,0.37217140197753906,137307066746,137307.066746,1780280937.1050797,7.770061492919922,0.004291534423828125,7.4176788330078125,7.398,11010048,1.4882465531224656,672,chatcmpl-1cd127cc-55bc-4aa8-b911-0795314caac3-94840fb2,"nixl_xfer_handle(0x5af9a3d78980, released=False)",decode,0,0,452715,7,d61968e8-e4aa-43a2-8ca8-85b623ffd1e5_dp1,0,nixl_start_time
1780280937.2051997,1780280937.2370398,31.84,1780280937.2370791,0.03933906555175781,137307166866,137307.166866,1780280937.2051997,31.879425048828125,0.00476837158203125,9.832620620727539,9.809,64487424,2.025358793969849,3936,chatcmpl-75861b8b-ae01-4973-a1a3-2efbd1e50cff-a4d45a56,"nixl_xfer_handle(0x556359b3c8a0, released=False)",decode,1,0,452712,41,d61968e8-e4aa-43a2-8ca8-85b623ffd1e5_dp0,0,nixl_start_time
1780280937.2303576,1780280937.2550516,24.694,1780280937.255073,0.021457672119140625,137307192024,137307.192024,1780280937.2303576,24.715423583984375,0.005245208740234375,6.307840347290039,6.288,36175872,1.4649660646310845,2208,chatcmpl-bfc43e94-e8f2-4b69-962d-a6f627a9fe58-97dd56b9,"nixl_xfer_handle(0x556359a45b40, released=False)",decode,1,0,452712,23,d61968e8-e4aa-43a2-8ca8-85b623ffd1e5_dp1,0,nixl_start_time
1780280937.2423878,1780280937.2469778,4.590000000000001,1780280937.2469935,0.015735626220703125,137307204054,137307.204054,1780280937.2423878,4.605770111083984,0.0050067901611328125,4.252195358276367,4.23,6291456,1.3706875816993462,384,chatcmpl-c8a16dce-d475-41fd-a4ed-2884ba940449-8d3a4f35,"nixl_xfer_handle(0x5af9a3d78980, released=False)",decode,0,0,452715,4,d61968e8-e4aa-43a2-8ca8-85b623ffd1e5_dp0,0,nixl_start_time
1780280937.3532586,1780280937.3780167,24.758,1780280937.3780503,0.03361701965332031,137307314925,137307.314925,1780280937.3532586,24.791717529296875,0.0054836273193359375,5.826234817504883,5.793,40894464,1.6517676710558205,2496,chatcmpl-773356b2-f0ee-4926-a534-588f2750d64e-89f5a29c,"nixl_xfer_handle(0x5af9a3d78980, released=False)",decode,0,0,452715,26,d61968e8-e4aa-43a2-8ca8-85b623ffd1e5_dp1,0,nixl_start_time
1780280937.4640727,1780280937.4894738,25.401,1780280937.489516,0.04220008850097656,137307425739,137307.425739,1780280937.4640727,25.443315505981445,0.0054836273193359375,7.339239120483398,7.314,40894464,1.6099548836659976,2496,chatcmpl-0ca91a5d-7fd7-43f7-a23d-f7e5265b218b-94f97d2b,"nixl_xfer_handle(0x55634fc4c0b0, released=False)",decode,1,0,452712,26,d61968e8-e4aa-43a2-8ca8-85b623ffd1e5_dp0,0,nixl_start_time
1780280937.4763286,1780280937.4895456,13.216999999999999,1780280937.4895535,0.007867813110351562,137307437995,137307.437995,1780280937.4763286,13.22484016418457,0.0054836273193359375,5.612611770629883,5.591,33030144,2.499065143375955,2016,chatcmpl-683d9179-2c4b-47f1-8c48-b505780a3551-965e7051,"nixl_xfer_handle(0x556359b3c8a0, released=False)",decode,1,0,452712,21,d61968e8-e4aa-43a2-8ca8-85b623ffd1e5_dp1,0,nixl_start_time
1780280937.5257657,1780280937.5279977,2.232,1780280937.5283613,0.3635883331298828,137307487432,137307.487432,1780280937.5257657,2.595663070678711,0.00476837158203125,2.251863479614258,2.232,3145728,1.4093763440860214,192,chatcmpl-cbcecbca-4153-4742-8ada-76b47e50df8e-a2711176,"nixl_xfer_handle(0x5af9a3d78980, released=False)",decode,0,0,452715,2,d61968e8-e4aa-43a2-8ca8-85b623ffd1e5_dp0,0,nixl_start_time
1780280937.5625186,1780280937.5667007,4.182,1780280937.5670557,0.35500526428222656,137307524185,137307.524185,1780280937.5625186,4.537105560302734,0.005245208740234375,4.2018890380859375,4.182,6291456,1.5044131994261118,384,chatcmpl-9945306f-3b3a-4932-9001-387c0b3d4a3d-8c417ee1,"nixl_xfer_handle(0x5af9a3d78980, released=False)",decode,0,0,452715,4,d61968e8-e4aa-43a2-8ca8-85b623ffd1e5_dp1,0,nixl_start_time
1780280937.5747387,1780280937.5770967,2.3579999999999997,1780280937.5775115,0.41484832763671875,137307536405,137307.536405,1780280937.5747387,2.772808074951172,0.005245208740234375,2.3796558380126953,2.358,4718592,2.0010992366412217,288,chatcmpl-474cc3d4-2742-4713-9ec7-c784b08abd3f-8e50e834,"nixl_xfer_handle(0x556359b3c8a0, released=False)",decode,1,0,452712,3,d61968e8-e4aa-43a2-8ca8-85b623ffd1e5_dp0,0,nixl_start_time
1780280937.5873067,1780280937.6117806,24.474,1780280937.6118026,0.02193450927734375,137307548973,137307.548973,1780280937.5873067,24.495840072631836,0.00476837158203125,5.549192428588867,5.531,45613056,1.8637352292228488,2784,chatcmpl-b9ed9a1b-6477-4ae0-9d93-44489756d903-a99ac7f7,"nixl_xfer_handle(0x5af9a3d78980, released=False)",decode,0,0,452715,29,d61968e8-e4aa-43a2-8ca8-85b623ffd1e5_dp1,0,nixl_start_time
1780280937.6614146,1780280937.6691236,7.709,1780280937.6695442,0.42057037353515625,137307623081,137307.623081,1780280937.6614146,8.129596710205078,0.00476837158203125,7.732629776000977,7.709,15728640,2.040295758204696,960,chatcmpl-4caab960-c1e3-4e38-9425-cae740ec92d7-9b26b004,"nixl_xfer_handle(0x556359b3c8a0, released=False)",decode,1,0,452712,10,d61968e8-e4aa-43a2-8ca8-85b623ffd1e5_dp1,0,nixl_start_time
1780280937.7360427,1780280937.7603178,24.275000000000002,1780280937.7603886,0.07081031799316406,137307697709,137307.697709,1780280937.7360427,24.345874786376953,0.006198883056640625,5.907773971557617,5.872,64487424,2.656536519052523,3936,chatcmpl-50e21a48-66b3-4202-87b6-bd6a6e1dee6b-bd5d6bf3,"nixl_xfer_handle(0x5af9a3d78980, released=False)",decode,0,0,452715,41,d61968e8-e4aa-43a2-8ca8-85b623ffd1e5_dp0,0,nixl_start_time
1780280937.8095677,1780280937.8347306,25.163,1780280937.8347523,0.021696090698242188,137307771234,137307.771234,1780280937.8095677,25.18463134765625,0.0059604644775390625,9.863615036010742,9.792,64487424,2.5627875849461508,3936,chatcmpl-ee08553f-edf4-4deb-a01c-3e87557c050e-8786c97b,"nixl_xfer_handle(0x556359b3c8a0, released=False)",decode,1,0,452712,41,d61968e8-e4aa-43a2-8ca8-85b623ffd1e5_dp1,0,nixl_start_time
1780280937.8229938,1780280937.8261437,3.15,1780280937.8264947,0.3509521484375,137307784660,137307.78466,1780280937.8229938,3.5009384155273438,0.003814697265625,3.167867660522461,3.15,4718592,1.4979657142857143,288,chatcmpl-e0574f9d-3bb5-42f7-b096-457eed905df2-86b0e827,"nixl_xfer_handle(0x5af9a3d78980, released=False)",decode,0,0,452715,3,d61968e8-e4aa-43a2-8ca8-85b623ffd1e5_dp0,0,nixl_start_time
1780280938.0465107,1780280938.0591056,12.595,1780280938.0591273,0.021696090698242188,137308008177,137308.008177,1780280938.0465107,12.616634368896484,0.010013580322265625,5.614757537841797,5.59,34603008,2.747360698689956,2112,chatcmpl-1800a148-0764-4e10-89b3-9e1fdf04aa1a-8dbb29d2,"nixl_xfer_handle(0x556359b38000, released=False)",decode,1,0,452712,22,d61968e8-e4aa-43a2-8ca8-85b623ffd1e5_dp0,0,nixl_start_time
1780280938.0713696,1780280938.0842197,12.85,1780280938.084241,0.021219253540039062,137308033036,137308.033036,1780280938.0713696,12.871265411376953,0.005245208740234375,4.829645156860352,4.81,22020096,1.7136261478599222,1344,chatcmpl-e5491dac-8b90-4029-8cad-945884614d1e-abf7c71e,"nixl_xfer_handle(0x556359b38000, released=False)",decode,1,0,452712,14,d61968e8-e4aa-43a2-8ca8-85b623ffd1e5_dp1,0,nixl_start_time
1780280938.1338975,1780280938.1359735,2.076,1780280938.1363208,0.34737586975097656,137308095564,137308.095564,1780280938.1338975,2.4232864379882812,0.0054836273193359375,2.0956993103027344,2.076,3145728,1.5152832369942195,192,chatcmpl-73afceea-c8b6-48b7-9bba-5b88f048b230-bbcfaf25,"nixl_xfer_handle(0x5af9a3d78980, released=False)",decode,0,0,452715,2,d61968e8-e4aa-43a2-8ca8-85b623ffd1e5_dp0,0,nixl_start_time
1780280938.1841357,1780280938.1932328,9.097,1780280938.193606,0.3731250762939453,137308145802,137308.145802,1780280938.1841357,9.470224380493164,0.003337860107421875,9.118080139160156,9.097,14155776,1.556092777838848,864,chatcmpl-44008f88-e3fa-4242-9a1b-128056c5917f-958198e7,"nixl_xfer_handle(0x5af9a3d78980, released=False)",decode,0,0,452715,9,d61968e8-e4aa-43a2-8ca8-85b623ffd1e5_dp1,0,nixl_start_time
1780280938.1968277,1780280938.2000027,3.175,1780280938.200406,0.40340423583984375,137308158494,137308.158494,1780280938.1968277,3.5784244537353516,0.0050067901611328125,3.1974315643310547,3.175,6291456,1.9815609448818898,384,chatcmpl-1420432b-4143-487e-bca0-3ebf001b9dfb-9b212f0c,"nixl_xfer_handle(0x556359b38000, released=False)",decode,1,0,452712,4,d61968e8-e4aa-43a2-8ca8-85b623ffd1e5_dp0,0,nixl_start_time
1780280938.2585676,1780280938.2597206,1.153,1780280938.2597358,0.0152587890625,137308220234,137308.220234,1780280938.2585676,1.1682510375976562,0.0030994415283203125,0.6480216979980469,0.631,1572864,1.3641491760624458,48,chatcmpl-a4fff31e-7c30-4176-9a72-09fec9ec7a9d-9540e426,"nixl_xfer_handle(0x5af9a3d78980, released=False)",decode,0,0,452715,1,d61968e8-e4aa-43a2-8ca8-85b623ffd1e5_dp0,0,nixl_start_time
1780280938.3461506,1780280938.3788097,32.659,1780280938.3788512,0.041484832763671875,137308307817,137308.307817,1780280938.3461506,32.700538635253906,0.0059604644775390625,9.605646133422852,9.583,67633152,2.070888637129122,4128,chatcmpl-dcf5beb8-24ca-48bb-8ea4-eb8437d01456-9b64ee1a,"nixl_xfer_handle(0x556359b38000, released=False)",decode,1,0,452712,43,d61968e8-e4aa-43a2-8ca8-85b623ffd1e5_dp1,0,nixl_start_time
1780280938.3709946,1780280938.3744185,3.424,1780280938.3747673,0.34880638122558594,137308332661,137308.332661,1780280938.3709946,3.772735595703125,0.003337860107421875,3.442525863647461,3.424,6291456,1.8374579439252336,384,chatcmpl-140e34e9-c394-4e2b-9ab1-2c5bca7bb374-87d1daab,"nixl_xfer_handle(0x5af9a3d78980, released=False)",decode,0,0,452715,4,d61968e8-e4aa-43a2-8ca8-85b623ffd1e5_dp0,0,nixl_start_time
1780280938.3710647,1780280938.3854578,14.392999999999999,1780280938.3854716,0.013828277587890625,137308332731,137308.332731,1780280938.3710647,14.406919479370117,0.006198883056640625,7.354259490966797,7.333,28311552,1.9670361981518796,1728,chatcmpl-482c0edc-eaec-4546-bf56-ad3193afb06e-84cc7862,"nixl_xfer_handle(0x55634fc4c0b0, released=False)",decode,1,0,452712,18,d61968e8-e4aa-43a2-8ca8-85b623ffd1e5_dp0,0,nixl_start_time
1780280938.3834608,1780280938.3850367,1.5759999999999998,1780280938.3854911,0.4544258117675781,137308345127,137308.345127,1780280938.3834608,2.0303726196289062,0.0045299530029296875,1.5976428985595703,1.576,3145728,1.9960203045685279,192,chatcmpl-af013f84-b51f-4cf5-b2a3-bbdf4642a0f6-93769fcb,"nixl_xfer_handle(0x556359b38000, released=False)",decode,1,0,452712,2,d61968e8-e4aa-43a2-8ca8-85b623ffd1e5_dp1,0,nixl_start_time
1780280938.3963006,1780280938.3981016,1.8010000000000002,1780280938.3984594,0.3578662872314453,137308357967,137308.357967,1780280938.3963006,2.1588802337646484,0.00286102294921875,1.8188953399658203,1.801,3145728,1.7466563020544141,192,chatcmpl-11d4e355-51ca-41bb-8a7b-e7d621dc3966-8e7e43ce,"nixl_xfer_handle(0x5af9a3d78980, released=False)",decode,0,0,452715,2,d61968e8-e4aa-43a2-8ca8-85b623ffd1e5_dp0,0,nixl_start_time
1780280938.4087877,1780280938.4112997,2.512,1780280938.4117076,0.40793418884277344,137308370454,137308.370454,1780280938.4087877,2.919912338256836,0.00476837158203125,2.537965774536133,2.512,4718592,1.8784203821656051,288,chatcmpl-85a5cae6-6c8c-4dde-b452-18d8292722b2-a5644a3c,"nixl_xfer_handle(0x556359b38000, released=False)",decode,1,0,452712,3,d61968e8-e4aa-43a2-8ca8-85b623ffd1e5_dp0,0,nixl_start_time
1780280938.5589926,1780280938.5844007,25.408,1780280938.5844228,0.022172927856445312,137308520659,137308.520659,1780280938.5589926,25.43020248413086,0.0054836273193359375,6.689786911010742,6.67,47185920,1.8571284634760707,2880,chatcmpl-ccfaa9c7-426d-4a8c-b240-fed505a20f60-8a0ed4b0,"nixl_xfer_handle(0x556359b38000, released=False)",decode,1,0,452712,30,d61968e8-e4aa-43a2-8ca8-85b623ffd1e5_dp1,0,nixl_start_time
1780280938.6218917,1780280938.6504037,28.512,1780280938.6504548,0.051021575927734375,137308583558,137308.583558,1780280938.6218917,28.56302261352539,0.0050067901611328125,4.632472991943359,4.613,45613056,1.5997845117845118,2784,chatcmpl-c76dd5d4-fa0b-4dd3-a07c-26a8273142bb-8f8b43de,"nixl_xfer_handle(0x5af9a3d78980, released=False)",decode,0,0,452715,29,d61968e8-e4aa-43a2-8ca8-85b623ffd1e5_dp0,0,nixl_start_time
1780280938.6467836,1780280938.6500287,3.245,1780280938.6504762,0.4475116729736328,137308608450,137308.60845,1780280938.6467836,3.692626953125,0.0030994415283203125,3.2634735107421875,3.245,4718592,1.4541115562403697,288,chatcmpl-7a78ff27-4491-48a3-92e4-a1b1917abed1-8c1878e2,"nixl_xfer_handle(0x5af9a3d7f960, released=False)",decode,0,0,452715,3,d61968e8-e4aa-43a2-8ca8-85b623ffd1e5_dp1,0,nixl_start_time
1780280938.6469316,1780280938.6593006,12.369,1780280938.6593237,0.023126602172851562,137308608598,137308.608598,1780280938.6469316,12.392044067382812,0.005245208740234375,8.132457733154297,8.113,36175872,2.9247208343439244,2208,chatcmpl-c0cdb9b9-ad59-4123-a236-361b0e4ae01b-857df4dc,"nixl_xfer_handle(0x55635998d2e0, released=False)",decode,1,0,452712,23,d61968e8-e4aa-43a2-8ca8-85b623ffd1e5_dp0,0,nixl_start_time
1780280938.7215207,1780280938.7465267,25.006,1780280938.7465687,0.041961669921875,137308683187,137308.683187,1780280938.7215207,25.048017501831055,0.0059604644775390625,9.648799896240234,9.562,67633152,2.704676957530193,4128,chatcmpl-c54b04d4-c9f9-4faa-bbd5-8de4acca6c43-b83d7e1e,"nixl_xfer_handle(0x556359cfc4a0, released=False)",decode,1,0,452712,43,d61968e8-e4aa-43a2-8ca8-85b623ffd1e5_dp0,0,nixl_start_time
1780280938.7712176,1780280938.7735095,2.2920000000000003,1780280938.7738621,0.35262107849121094,137308732884,137308.732884,1780280938.7712176,2.6445388793945312,0.003337860107421875,2.310037612915039,2.292,3145728,1.37248167539267,192,chatcmpl-7429dc88-36c9-4dd5-a8a7-2f5c19a72702-a7c7de44,"nixl_xfer_handle(0x5af9a3d7f960, released=False)",decode,0,0,452715,2,d61968e8-e4aa-43a2-8ca8-85b623ffd1e5_dp0,0,nixl_start_time
1780280938.7836947,1780280938.7860508,2.356,1780280938.7864478,0.39696693420410156,137308745361,137308.745361,1780280938.7836947,2.753019332885742,0.005245208740234375,2.376556396484375,2.356,4718592,2.002797962648557,288,chatcmpl-19c692c3-6fdd-4c40-85f2-ad873927a766-a2dc8c8e,"nixl_xfer_handle(0x556359b23c40, released=False)",decode,1,0,452712,3,d61968e8-e4aa-43a2-8ca8-85b623ffd1e5_dp1,0,nixl_start_time
1780280938.8699696,1780280938.8716147,1.645,1780280938.8720248,0.4100799560546875,137308831636,137308.831636,1780280938.8699696,2.0551681518554688,0.0035762786865234375,1.6655921936035156,1.645,3145728,1.9122966565349546,192,chatcmpl-3ef099ff-10bd-4b6a-b2fa-725e4226041a-8000f719,"nixl_xfer_handle(0x556359b23c40, released=False)",decode,1,0,452712,2,d61968e8-e4aa-43a2-8ca8-85b623ffd1e5_dp0,0,nixl_start_time
1780280938.9197958,1780280938.9444988,24.703,1780280938.9445302,0.03147125244140625,137308881462,137308.881462,1780280938.9197958,24.7344970703125,0.0054836273193359375,5.394697189331055,5.373,40894464,1.6554452495648304,2496,chatcmpl-b0818169-9696-469f-ba08-0257278ec36c-8c2e0210,"nixl_xfer_handle(0x5af9a3d7f960, released=False)",decode,0,0,452715,26,d61968e8-e4aa-43a2-8ca8-85b623ffd1e5_dp1,0,nixl_start_time
1780280938.9695356,1780280938.9816375,12.102,1780280938.9816582,0.020742416381835938,137308931202,137308.931202,1780280938.9695356,12.122631072998047,0.0045299530029296875,4.038333892822266,4.02,29884416,2.469378284581061,1824,chatcmpl-80c8af24-f42b-47e7-b0cf-bb3c2d228ad9-a5003bf3,"nixl_xfer_handle(0x5af9a3d7f960, released=False)",decode,0,0,452715,19,d61968e8-e4aa-43a2-8ca8-85b623ffd1e5_dp0,0,nixl_start_time
1780280939.2801096,1780280939.2924006,12.291,1780280939.2924206,0.02002716064453125,137309241776,137309.241776,1780280939.2801096,12.310981750488281,0.00476837158203125,5.371332168579102,5.352,28311552,2.3034376372955823,1728,chatcmpl-8b55231a-a0ce-4b24-9152-f019b83ca808-9ebb8924,"nixl_xfer_handle(0x556359b23c40, released=False)",decode,1,0,452712,18,d61968e8-e4aa-43a2-8ca8-85b623ffd1e5_dp0,0,nixl_start_time
1780280939.3917537,1780280939.3939717,2.218,1780280939.3943222,0.3504753112792969,137309353420,137309.35342,1780280939.3917537,2.568483352661133,0.005245208740234375,2.2377967834472656,2.218,3145728,1.418272317403066,192,chatcmpl-5a4b5b3e-d008-4bf3-a50d-0c7f7cdcc99e-ada942f5,"nixl_xfer_handle(0x5af9a3d88b00, released=False)",decode,0,0,452715,2,d61968e8-e4aa-43a2-8ca8-85b623ffd1e5_dp1,0,nixl_start_time
1780280939.4167776,1780280939.4183896,1.6119999999999999,1780280939.4187787,0.38909912109375,137309378444,137309.378444,1780280939.4167776,2.001047134399414,0.0050067901611328125,1.6334056854248047,1.612,3145728,1.9514441687344914,192,chatcmpl-ef5d4337-35af-4c5a-8552-5512a36e4b54-a6e24fa4,"nixl_xfer_handle(0x556359b23c40, released=False)",decode,1,0,452712,2,d61968e8-e4aa-43a2-8ca8-85b623ffd1e5_dp0,0,nixl_start_time
1780280939.4792817,1780280939.4797747,0.49299999999999994,1780280939.480174,0.3993511199951172,137309440948,137309.440948,1780280939.4792817,0.8924007415771484,0.0045299530029296875,0.5135536193847656,0.493,1572864,3.1903935091277895,48,chatcmpl-a846964d-b60a-4907-86d3-2ffcfc98ad83-a78cc4b9,"nixl_xfer_handle(0x556359b23c40, released=False)",decode,1,0,452712,1,d61968e8-e4aa-43a2-8ca8-85b623ffd1e5_dp1,0,nixl_start_time
1780280939.5531626,1780280939.5597985,6.636,1780280939.5601861,0.3876686096191406,137309514829,137309.514829,1780280939.5531626,7.02357292175293,0.005245208740234375,6.662845611572266,6.636,9437184,1.422119349005425,576,chatcmpl-ec63cd1d-d3c5-4c56-ae17-37ab59c3fa39-9ae2fd50,"nixl_xfer_handle(0x5af9a3d88b00, released=False)",decode,0,0,452715,6,d61968e8-e4aa-43a2-8ca8-85b623ffd1e5_dp0,0,nixl_start_time
1780280939.5658007,1780280939.5685146,2.714,1780280939.5685298,0.0152587890625,137309527467,137309.527467,1780280939.5658007,2.729177474975586,0.00476837158203125,2.366781234741211,2.346,3145728,1.1590744288872514,192,chatcmpl-1e272498-be8f-4f8f-9005-bc8bb8399a61-aef5f821,"nixl_xfer_handle(0x5af9a3d88b00, released=False)",decode,0,0,452715,2,d61968e8-e4aa-43a2-8ca8-85b623ffd1e5_dp1,0,nixl_start_time
1780280939.6276386,1780280939.6292386,1.6,1780280939.629645,0.40650367736816406,137309589305,137309.589305,1780280939.6276386,2.00653076171875,0.0035762786865234375,1.6210079193115234,1.6,3145728,1.96608,192,chatcmpl-26aa987a-483c-47d2-a924-d47ab23ccd15-be62d0b4,"nixl_xfer_handle(0x556359b23c40, released=False)",decode,1,0,452712,2,d61968e8-e4aa-43a2-8ca8-85b623ffd1e5_dp0,0,nixl_start_time
1780280939.6398957,1780280939.6524916,12.596,1780280939.6525128,0.021219253540039062,137309601562,137309.601562,1780280939.6398957,12.617111206054688,0.0073909759521484375,3.075122833251953,3.051,17301504,1.373571292473801,1056,chatcmpl-ae08dfe2-8b7e-435f-a38a-1190be36516a-8966663e,"nixl_xfer_handle(0x5af9a3d88b00, released=False)",decode,0,0,452715,11,d61968e8-e4aa-43a2-8ca8-85b623ffd1e5_dp1,0,nixl_start_time
1780280939.7510526,1780280939.7515385,0.486,1780280939.7519455,0.4069805145263672,137309712719,137309.712719,1780280939.7510526,0.8928775787353516,0.00476837158203125,0.5068778991699219,0.486,1572864,3.236345679012346,48,chatcmpl-ae337163-b947-4803-9bd2-954babfb231f-909b58cc,"nixl_xfer_handle(0x556359b23c40, released=False)",decode,1,0,452712,1,d61968e8-e4aa-43a2-8ca8-85b623ffd1e5_dp0,0,nixl_start_time
1780280939.8006527,1780280939.8022418,1.589,1780280939.8026497,0.40793418884277344,137309762319,137309.762319,1780280939.8006527,1.9969940185546875,0.005245208740234375,1.6105175018310547,1.589,3145728,1.9796903713027063,192,chatcmpl-d7ba3425-b815-4048-a029-865b2cf0a04c-a6bd67a1,"nixl_xfer_handle(0x556359b23c40, released=False)",decode,1,0,452712,2,d61968e8-e4aa-43a2-8ca8-85b623ffd1e5_dp1,0,nixl_start_time
1780280939.8504417,1780280939.8530867,2.645,1780280939.8531218,0.03504753112792969,137309812108,137309.812108,1780280939.8504417,2.680063247680664,0.00667572021484375,2.312898635864258,2.29,3145728,1.1893111531190925,192,chatcmpl-3ee15351-0e0a-4a99-980d-8e77975a93c9-9e3b0fe9,"nixl_xfer_handle(0x5af9a3d88b00, released=False)",decode,0,0,452715,2,d61968e8-e4aa-43a2-8ca8-85b623ffd1e5_dp0,0,nixl_start_time
1780280939.8762968,1780280939.8802059,3.9090000000000003,1780280939.880586,0.3800392150878906,137309837963,137309.837963,1780280939.8762968,4.289150238037109,0.0050067901611328125,3.9300918579101562,3.909,6291456,1.6094796623177283,384,chatcmpl-43037e4b-54eb-4195-8962-fac28bd2ce40-af51e2aa,"nixl_xfer_handle(0x5af9a3d88b00, released=False)",decode,0,0,452715,4,d61968e8-e4aa-43a2-8ca8-85b623ffd1e5_dp0,0,nixl_start_time
1780280939.9001637,1780280939.9031887,3.025,1780280939.9035478,0.3590583801269531,137309861830,137309.86183,1780280939.9001637,3.384113311767578,0.00286102294921875,3.0443668365478516,3.025,4718592,1.5598651239669423,288,chatcmpl-e386422b-65dc-4608-a945-a15d1a0f40b4-8188e2b8,"nixl_xfer_handle(0x5af9a3d88b00, released=False)",decode,0,0,452715,3,d61968e8-e4aa-43a2-8ca8-85b623ffd1e5_dp1,0,nixl_start_time
1780280939.9002037,1780280939.9040287,3.8249999999999997,1780280939.9044166,0.3879070281982422,137309861870,137309.86187,1780280939.9002037,4.212856292724609,0.0040531158447265625,3.8442611694335938,3.825,7864320,2.0560313725490196,480,chatcmpl-ce058509-eb10-4360-b579-533bda2f4deb-bc9d15f3,"nixl_xfer_handle(0x556359b23c40, released=False)",decode,1,0,452712,5,d61968e8-e4aa-43a2-8ca8-85b623ffd1e5_dp1,0,nixl_start_time
1780280939.9989786,1780280940.0021396,3.161,1780280940.002537,0.3974437713623047,137309960645,137309.960645,1780280939.9989786,3.5583972930908203,0.004291534423828125,3.1821727752685547,3.161,6291456,1.9903372350521986,384,chatcmpl-e156c2b1-78bf-4f68-97c1-d8e74c736a74-817d0494,"nixl_xfer_handle(0x556359b23c40, released=False)",decode,1,0,452712,4,d61968e8-e4aa-43a2-8ca8-85b623ffd1e5_dp1,0,nixl_start_time
1780280940.1472876,1780280940.1719346,24.647,1780280940.1719792,0.04458427429199219,137310108954,137310.108954,1780280940.1472876,24.69158172607422,0.0069141387939453125,6.474018096923828,6.452,66060288,2.6802567452428288,4032,chatcmpl-a356f068-7b83-4b2b-b889-159efe10ad53-bf552d4f,"nixl_xfer_handle(0x5af9a3d88b00, released=False)",decode,0,0,452715,42,d61968e8-e4aa-43a2-8ca8-85b623ffd1e5_dp0,0,nixl_start_time
1780280940.2214715,1780280940.2495415,28.07,1780280940.2495613,0.019788742065429688,137310183138,137310.183138,1780280940.2214715,28.08976173400879,0.0059604644775390625,13.033151626586914,13.009,77070336,2.7456478802992517,4704,chatcmpl-be046462-3542-4a31-bac9-fdb81817528a-aa2ba1ee,"nixl_xfer_handle(0x556359b23c40, released=False)",decode,1,0,452712,49,d61968e8-e4aa-43a2-8ca8-85b623ffd1e5_dp0,0,nixl_start_time
1780280940.2752807,1780280940.2988608,23.580000000000002,1780280940.298882,0.021219253540039062,137310236947,137310.236947,1780280940.2752807,23.601293563842773,0.0054836273193359375,6.827831268310547,6.805,39321600,1.667582697201018,2400,chatcmpl-95d0bfa3-07a7-469c-b6d4-a2b23cfb4f25-8315fdd2,"nixl_xfer_handle(0x556359973aa0, released=False)",decode,1,0,452712,25,d61968e8-e4aa-43a2-8ca8-85b623ffd1e5_dp0,0,nixl_start_time
1780280940.3975346,1780280940.4005077,2.973,1780280940.400866,0.35834312438964844,137310359201,137310.359201,1780280940.3975346,3.331422805786133,0.0026226043701171875,2.991199493408203,2.973,4718592,1.5871483350151363,288,chatcmpl-86369c43-4409-4a18-98e9-d4b69ab90d43-b7c32532,"nixl_xfer_handle(0x5af9a3d88b00, released=False)",decode,0,0,452715,3,d61968e8-e4aa-43a2-8ca8-85b623ffd1e5_dp1,0,nixl_start_time
1780280940.4101377,1780280940.4133008,3.163,1780280940.413701,0.40030479431152344,137310371804,137310.371804,1780280940.4101377,3.563404083251953,0.003814697265625,3.184080123901367,3.163,6291456,1.9890787227315838,384,chatcmpl-1cc12f27-164d-4021-8c0b-6266c1a590df-884294e5,"nixl_xfer_handle(0x556359978e80, released=False)",decode,1,0,452712,4,d61968e8-e4aa-43a2-8ca8-85b623ffd1e5_dp0,0,nixl_start_time
1780280940.4844468,1780280940.5093687,24.922,1780280940.5093894,0.020742416381835938,137310446113,137310.446113,1780280940.4844468,24.942636489868164,0.006198883056640625,5.126476287841797,5.1,53477376,2.1457899045020463,3264,chatcmpl-e6faa17f-26ff-4e5f-b812-3c53ecea2d9a-9db577c7,"nixl_xfer_handle(0x5af9a3d88b00, released=False)",decode,0,0,452715,34,d61968e8-e4aa-43a2-8ca8-85b623ffd1e5_dp1,0,nixl_start_time
1780280940.5092397,1780280940.5216246,12.385,1780280940.5216658,0.04124641418457031,137310470906,137310.470906,1780280940.5092397,12.426137924194336,0.0045299530029296875,7.725715637207031,7.701,36175872,2.9209424303593052,2208,chatcmpl-17c19802-cb9e-48a3-b3e1-5dec8c663e35-a509e119,"nixl_xfer_handle(0x556359978e80, released=False)",decode,1,0,452712,23,d61968e8-e4aa-43a2-8ca8-85b623ffd1e5_dp0,0,nixl_start_time
1780280940.5838187,1780280940.6174436,33.625,1780280940.6174564,0.012874603271484375,137310545485,137310.545485,1780280940.5838187,33.63776206970215,0.0059604644775390625,18.169403076171875,18.144,80216064,2.385607851301115,4896,chatcmpl-e9430a15-88f6-4586-b474-49c76c5e9bbe-8ea9de4d,"nixl_xfer_handle(0x5af9a3d88b00, released=False)",decode,0,0,452715,51,d61968e8-e4aa-43a2-8ca8-85b623ffd1e5_dp0,0,nixl_start_time
1780280940.6055686,1780280940.6102197,4.651,1780280940.6106346,0.41484832763671875,137310567235,137310.567235,1780280940.6055686,5.06591796875,0.0050067901611328125,4.672050476074219,4.651,9437184,2.0290655772952055,576,chatcmpl-3f2a6b42-3173-401d-a802-a17f0feebbae-8802948f,"nixl_xfer_handle(0x556359978e80, released=False)",decode,1,0,452712,6,d61968e8-e4aa-43a2-8ca8-85b623ffd1e5_dp1,0,nixl_start_time
1780280940.6165257,1780280940.6174786,0.953,1780280940.617536,0.05745887756347656,137310578192,137310.578192,1780280940.6165257,1.0104179382324219,0.0040531158447265625,0.5779266357421875,0.56,1572864,1.6504344176285415,48,chatcmpl-34d65701-7853-47cb-bde9-b63e30862548-a7d5d280,"nixl_xfer_handle(0x5af9a3d78980, released=False)",decode,0,0,452715,1,d61968e8-e4aa-43a2-8ca8-85b623ffd1e5_dp0,0,nixl_start_time
1780280940.6913667,1780280940.6943126,2.9459999999999997,1780280940.6943269,0.01430511474609375,137310653033,137310.653033,1780280940.6913667,2.960205078125,0.0035762786865234375,2.4538040161132812,2.434,3145728,1.06779633401222,192,chatcmpl-f13dcf9b-2ab5-4172-844e-e0871b6c632f-a7ae022b,"nixl_xfer_handle(0x5af9a3d78980, released=False)",decode,0,0,452715,2,d61968e8-e4aa-43a2-8ca8-85b623ffd1e5_dp1,0,nixl_start_time
1780280940.6915607,1780280940.7182148,26.654,1780280940.7182505,0.035762786865234375,137310653227,137310.653227,1780280940.6915607,26.689767837524414,0.006198883056640625,11.209249496459961,11.171,77070336,2.8915110677571847,4704,chatcmpl-ca6fcdb8-d700-4ff0-92d0-a41f7dc51125-9d2144b2,"nixl_xfer_handle(0x556359978e80, released=False)",decode,1,0,452712,49,d61968e8-e4aa-43a2-8ca8-85b623ffd1e5_dp1,0,nixl_start_time
1780280940.7679906,1780280940.8054147,37.424,1780280940.805428,0.0133514404296875,137310729657,137310.729657,1780280940.7679906,37.43743896484375,0.006198883056640625,21.799325942993164,21.773,94371840,2.521693031209919,5760,chatcmpl-d9748f7c-6b87-47a9-9ca3-d10c6757b7a9-9f9f798d,"nixl_xfer_handle(0x5af9a3d78980, released=False)",decode,0,0,452715,60,d61968e8-e4aa-43a2-8ca8-85b623ffd1e5_dp0,0,nixl_start_time
1780280940.7939436,1780280940.8047807,10.837,1780280940.804815,0.034332275390625,137310755610,137310.75561,1780280940.7939436,10.871410369873047,0.0040531158447265625,6.294965744018555,6.277,29884416,2.7576281258650917,1824,chatcmpl-37c39326-b893-426a-b6a7-6a6a00729c0a-aa91d8f5,"nixl_xfer_handle(0x556359978e80, released=False)",decode,1,0,452712,19,d61968e8-e4aa-43a2-8ca8-85b623ffd1e5_dp1,0,nixl_start_time
1780280940.8045278,1780280940.8050768,0.549,1780280940.805446,0.36907196044921875,137310766194,137310.766194,1780280940.8045278,0.9181499481201172,0.0045299530029296875,0.5662441253662109,0.549,1572864,2.86496174863388,48,chatcmpl-6be51f8c-5288-4203-a265-d7b2f0d984f0-a1a90803,"nixl_xfer_handle(0x5af9a3ddfc20, released=False)",decode,0,0,452715,1,d61968e8-e4aa-43a2-8ca8-85b623ffd1e5_dp0,0,nixl_start_time
1780280940.8421535,1780280940.8670425,24.889000000000003,1780280940.867062,0.019550323486328125,137310803820,137310.80382,1780280940.8421535,24.90854263305664,0.0057220458984375,6.097078323364258,6.073,39321600,1.5798786612559765,2400,chatcmpl-a7fc2de9-c0d6-4be9-acd0-1e294c575b55-b142fbdd,"nixl_xfer_handle(0x556359978e80, released=False)",decode,1,0,452712,25,d61968e8-e4aa-43a2-8ca8-85b623ffd1e5_dp0,0,nixl_start_time
1780280940.9662685,1780280940.9668736,0.605,1780280940.9672446,0.37097930908203125,137310927935,137310.927935,1780280940.9662685,0.9760856628417969,0.0050067901611328125,0.6234645843505859,0.605,1572864,2.5997752066115702,48,chatcmpl-5bcce3c5-5202-4963-a9b4-4e9670fa6b24-adaadc1f,"nixl_xfer_handle(0x5af9a3d78980, released=False)",decode,0,0,452715,1,d61968e8-e4aa-43a2-8ca8-85b623ffd1e5_dp1,0,nixl_start_time
1780280941.1150887,1780280941.1167297,1.641,1780280941.1171546,0.4248619079589844,137311076755,137311.076755,1780280941.1150887,2.065896987915039,0.0045299530029296875,1.665353775024414,1.641,3145728,1.9169579524680072,192,chatcmpl-62b09b25-c4e8-40dd-b9c9-14210c787a2a-b8eb286d,"nixl_xfer_handle(0x556359978e80, released=False)",decode,1,0,452712,2,d61968e8-e4aa-43a2-8ca8-85b623ffd1e5_dp0,0,nixl_start_time
1780280941.1896286,1780280941.1927536,3.125,1780280941.1931212,0.3676414489746094,137311151295,137311.151295,1780280941.1896286,3.492593765258789,0.00286102294921875,3.147125244140625,3.125,4718592,1.50994944,288,chatcmpl-120e872a-2592-4e0d-8b6f-ac37124ebbfc-911f627e,"nixl_xfer_handle(0x5af9a3d78980, released=False)",decode,0,0,452715,3,d61968e8-e4aa-43a2-8ca8-85b623ffd1e5_dp1,0,nixl_start_time
1780280941.2022088,1780280941.2038348,1.6260000000000001,1780280941.2042391,0.40435791015625,137311163875,137311.163875,1780280941.2022088,2.0303726196289062,0.0040531158447265625,1.649618148803711,1.626,3145728,1.934642066420664,192,chatcmpl-df397f21-ae95-43cc-9173-997afd5a2dac-abe9f340,"nixl_xfer_handle(0x556359978e80, released=False)",decode,1,0,452712,2,d61968e8-e4aa-43a2-8ca8-85b623ffd1e5_dp0,0,nixl_start_time
1780280941.3139555,1780280941.3263307,12.375,1780280941.3263857,0.05507469177246094,137311275622,137311.275622,1780280941.3139555,12.430191040039062,0.005245208740234375,2.9802322387695312,2.961,17301504,1.3981013333333332,1056,chatcmpl-847dcf16-31a3-4bda-98c6-37e8d2268948-99894805,"nixl_xfer_handle(0x5af9a3d78980, released=False)",decode,0,0,452715,11,d61968e8-e4aa-43a2-8ca8-85b623ffd1e5_dp1,0,nixl_start_time
1780280941.3759036,1780280941.3883326,12.429,1780280941.3883712,0.038623809814453125,137311337570,137311.33757,1780280941.3759036,12.467622756958008,0.00286102294921875,3.694772720336914,3.675,17301504,1.3920270335505671,1056,chatcmpl-2c400628-b5e4-4c3e-a3b6-a9e4e57f61ae-b2901ab5,"nixl_xfer_handle(0x5af9a3d78980, released=False)",decode,0,0,452715,11,d61968e8-e4aa-43a2-8ca8-85b623ffd1e5_dp0,0,nixl_start_time
1780280941.4007277,1780280941.4012017,0.474,1780280941.401642,0.44035911560058594,137311362394,137311.362394,1780280941.4007277,0.9143352508544922,0.004291534423828125,0.4940032958984375,0.474,1572864,3.3182784810126584,48,chatcmpl-57a6a59e-d6a4-47db-bc4d-3870ecc606b9-afe03724,"nixl_xfer_handle(0x556359978e80, released=False)",decode,1,0,452712,1,d61968e8-e4aa-43a2-8ca8-85b623ffd1e5_dp1,0,nixl_start_time
1780280941.4135056,1780280941.4161456,2.64,1780280941.4161603,0.014781951904296875,137311375172,137311.375172,1780280941.4135056,2.6547908782958984,0.003337860107421875,2.063751220703125,2.042,3145728,1.1915636363636362,192,chatcmpl-fbef532e-031f-4c22-a1e9-bb4d4d8f4aa2-8be6cc4a,"nixl_xfer_handle(0x5af9a3d7de70, released=False)",decode,0,0,452715,2,d61968e8-e4aa-43a2-8ca8-85b623ffd1e5_dp0,0,nixl_start_time
1780280941.4380856,1780280941.4404147,2.3289999999999997,1780280941.4408174,0.40268898010253906,137311399752,137311.399752,1780280941.4380856,2.731800079345703,0.00476837158203125,2.3500919342041016,2.329,4718592,2.026016316015457,288,chatcmpl-bc718f9d-5cfe-4caf-b2fa-21c6ac297500-b551bb42,"nixl_xfer_handle(0x556359978e80, released=False)",decode,1,0,452712,3,d61968e8-e4aa-43a2-8ca8-85b623ffd1e5_dp1,0,nixl_start_time
1780280941.5124547,1780280941.5372438,24.788999999999998,1780280941.5373015,0.057697296142578125,137311474121,137311.474121,1780280941.5124547,24.846792221069336,0.0059604644775390625,8.989334106445312,8.961,55050240,2.2207527532373232,3360,chatcmpl-0f455a1e-3a55-4f4d-9c4f-abbcbe0f529f-a4eefe30,"nixl_xfer_handle(0x556359978e80, released=False)",decode,1,0,452712,35,d61968e8-e4aa-43a2-8ca8-85b623ffd1e5_dp0,0,nixl_start_time
1780280941.5250947,1780280941.5283496,3.255,1780280941.5287063,0.3566741943359375,137311486761,137311.486761,1780280941.5250947,3.6115646362304688,0.005245208740234375,3.2753944396972656,3.255,4718592,1.4496442396313365,288,chatcmpl-08a3d641-37ee-4ca8-8545-ddce480fb749-805b947d,"nixl_xfer_handle(0x5af9a3d7de70, released=False)",decode,0,0,452715,3,d61968e8-e4aa-43a2-8ca8-85b623ffd1e5_dp1,0,nixl_start_time
1780280941.5495217,1780280941.5742297,24.708000000000002,1780280941.5742528,0.023126602172851562,137311511188,137311.511188,1780280941.5495217,24.731159210205078,0.0069141387939453125,8.671283721923828,8.645,48758784,1.9734006799417192,2976,chatcmpl-10a30970-3075-4f22-9319-54622cfd1824-a17bcac1,"nixl_xfer_handle(0x556359915460, released=False)",decode,1,0,452712,31,d61968e8-e4aa-43a2-8ca8-85b623ffd1e5_dp0,0,nixl_start_time
1780280941.6731126,1780280941.7053106,32.198,1780280941.705348,0.03743171691894531,137311634779,137311.634779,1780280941.6731126,32.23538398742676,0.0054836273193359375,14.454126358032227,14.43,83361792,2.589036337660725,5088,chatcmpl-ad107182-2f07-4e00-92c4-b65be76541fe-a5e163d2,"nixl_xfer_handle(0x556359915460, released=False)",decode,1,0,452712,53,d61968e8-e4aa-43a2-8ca8-85b623ffd1e5_dp1,0,nixl_start_time
1780280941.6910167,1780280941.6981156,7.099,1780280941.698494,0.3783702850341797,137311652683,137311.652683,1780280941.6910167,7.477283477783203,0.0050067901611328125,7.12132453918457,7.099,11010048,1.5509294266798141,672,chatcmpl-ea2cf729-f8d9-4968-8b92-2351074cb12d-b8fa05ea,"nixl_xfer_handle(0x5af9a3d7de70, released=False)",decode,0,0,452715,7,d61968e8-e4aa-43a2-8ca8-85b623ffd1e5_dp0,0,nixl_start_time
1780280941.7026517,1780280941.7049117,2.26,1780280941.7053664,0.4546642303466797,137311664318,137311.664318,1780280941.7026517,2.7146339416503906,0.0040531158447265625,2.2792816162109375,2.26,4718592,2.0878725663716815,288,chatcmpl-b50db816-b5eb-43bf-9b5f-002fe7f71058-a178549b,"nixl_xfer_handle(0x55634fc4c0b0, released=False)",decode,1,0,452712,3,d61968e8-e4aa-43a2-8ca8-85b623ffd1e5_dp1,0,nixl_start_time
1780280941.7770736,1780280941.8051107,28.037,1780280941.8051476,0.03695487976074219,137311738740,137311.73874,1780280941.7770736,28.074026107788086,0.006198883056640625,5.516529083251953,5.495,58195968,2.0756845596889826,3552,chatcmpl-0737a51b-ba3d-4bc0-8523-fd4da1a5cbfc-ad51ed06,"nixl_xfer_handle(0x5af9a3d7de70, released=False)",decode,0,0,452715,37,d61968e8-e4aa-43a2-8ca8-85b623ffd1e5_dp1,0,nixl_start_time
1780280941.8017616,1780280941.8047466,2.985,1780280941.8051686,0.4220008850097656,137311763428,137311.763428,1780280941.8017616,3.407001495361328,0.00286102294921875,3.005504608154297,2.985,4718592,1.58076783919598,288,chatcmpl-b5474802-e3d5-453b-904c-1ecc10682915-962c1664,"nixl_xfer_handle(0x5af9a3dc8410, released=False)",decode,0,0,452715,3,d61968e8-e4aa-43a2-8ca8-85b623ffd1e5_dp0,0,nixl_start_time
1780280941.8017616,1780280941.8041975,2.436,1780280941.8046107,0.4131793975830078,137311763428,137311.763428,1780280941.8017616,2.849102020263672,0.0030994415283203125,2.460002899169922,2.436,4718592,1.9370246305418721,288,chatcmpl-a7f6dc3e-4322-49de-9f75-df0d5c4e872a-83ff0242,"nixl_xfer_handle(0x55634fc4c0b0, released=False)",decode,1,0,452712,3,d61968e8-e4aa-43a2-8ca8-85b623ffd1e5_dp0,0,nixl_start_time
1780280941.8142745,1780280941.8269215,12.647,1780280941.8269553,0.033855438232421875,137311775941,137311.775941,1780280941.8142745,12.680768966674805,0.0045299530029296875,4.086494445800781,4.068,31457280,2.487331382936665,1920,chatcmpl-11aad8bd-d88b-44f9-8e49-e2e0d588dd1e-a08db8d0,"nixl_xfer_handle(0x5af9a3d7de70, released=False)",decode,0,0,452715,20,d61968e8-e4aa-43a2-8ca8-85b623ffd1e5_dp1,0,nixl_start_time
1780280941.9382098,1780280941.966596,28.386000000000003,1780280941.9666111,0.0152587890625,137311899876,137311.899876,1780280941.9382098,28.40137481689453,0.0059604644775390625,9.820222854614258,9.791,69206016,2.438033396744874,4224,chatcmpl-2f19e065-3cf6-4868-be3c-7b18e826b211-93f86e91,"nixl_xfer_handle(0x55634fc4c0b0, released=False)",decode,1,0,452712,44,d61968e8-e4aa-43a2-8ca8-85b623ffd1e5_dp0,0,nixl_start_time
1780280941.9513786,1780280941.9666367,15.258000000000001,1780280941.9666479,0.011205673217773438,137311913045,137311.913045,1780280941.9513786,15.269279479980469,0.0050067901611328125,0.4169940948486328,0.395,1572864,0.10308454581203302,48,chatcmpl-3bd89eaa-8777-4661-8f1e-6cc6fa72468b-8db9d025,"nixl_xfer_handle(0x55635995bd40, released=False)",decode,1,0,452712,1,d61968e8-e4aa-43a2-8ca8-85b623ffd1e5_dp0,0,nixl_start_time
1780280941.9635856,1780280941.9661736,2.588,1780280941.9666605,0.4868507385253906,137311925252,137311.925252,1780280941.9635856,3.0748844146728516,0.0054836273193359375,2.6116371154785156,2.588,4718592,1.8232581143740338,288,chatcmpl-2cb0470e-182d-4b2f-a557-af558173fcf9-a25997c5,"nixl_xfer_handle(0x556359b35420, released=False)",decode,1,0,452712,3,d61968e8-e4aa-43a2-8ca8-85b623ffd1e5_dp1,0,nixl_start_time
1780280942.0000067,1780280942.0019226,1.916,1780280942.0022762,0.3535747528076172,137311961673,137311.961673,1780280942.0000067,2.2695064544677734,0.003337860107421875,1.9350051879882812,1.916,3145728,1.641820459290188,192,chatcmpl-316d7df6-856d-4c74-aaae-b1805df69720-877e3086,"nixl_xfer_handle(0x5af9a3d7de70, released=False)",decode,0,0,452715,2,d61968e8-e4aa-43a2-8ca8-85b623ffd1e5_dp0,0,nixl_start_time
1780280942.0492477,1780280942.0517347,2.487,1780280942.0521455,0.4107952117919922,137312010914,137312.010914,1780280942.0492477,2.8977394104003906,0.0030994415283203125,2.505779266357422,2.487,4718592,1.8973027744270206,288,chatcmpl-66a2fde7-fd6b-4d89-819b-ca637f6bd3d5-80daf38d,"nixl_xfer_handle(0x556359aba3a0, released=False)",decode,1,0,452712,3,d61968e8-e4aa-43a2-8ca8-85b623ffd1e5_dp0,0,nixl_start_time
1780280942.1233006,1780280942.1249266,1.6260000000000001,1780280942.125318,0.3914833068847656,137312084967,137312.084967,1780280942.1233006,2.017498016357422,0.00286102294921875,1.6431808471679688,1.626,3145728,1.934642066420664,192,chatcmpl-7c5863fd-4f7a-4a20-9d26-6e8e407614d8-9826b996,"nixl_xfer_handle(0x556359aba3a0, released=False)",decode,1,0,452712,2,d61968e8-e4aa-43a2-8ca8-85b623ffd1e5_dp1,0,nixl_start_time
1780280942.1480536,1780280942.1499937,1.9400000000000002,1780280942.1503575,0.3638267517089844,137312109720,137312.10972,1780280942.1480536,2.3038387298583984,0.00286102294921875,1.9576549530029297,1.94,3145728,1.6215092783505154,192,chatcmpl-8cf6ee7e-9629-47c6-b08e-e282c6284165-a5f6a82f,"nixl_xfer_handle(0x5af9a3d7de70, released=False)",decode,0,0,452715,2,d61968e8-e4aa-43a2-8ca8-85b623ffd1e5_dp0,0,nixl_start_time
1780280942.2835617,1780280942.2867737,3.212,1780280942.2871778,0.40411949157714844,137312245228,137312.245228,1780280942.2835617,3.6160945892333984,0.0057220458984375,3.2339096069335938,3.212,6291456,1.9587347447073473,384,chatcmpl-87c647b2-8561-4306-b49e-e3aebfb858ae-b0f5f366,"nixl_xfer_handle(0x556359aba3a0, released=False)",decode,1,0,452712,4,d61968e8-e4aa-43a2-8ca8-85b623ffd1e5_dp1,0,nixl_start_time
1780280942.2837245,1780280942.3077395,24.015,1780280942.3077593,0.019788742065429688,137312245391,137312.245391,1780280942.2837245,24.034738540649414,0.00667572021484375,4.90260124206543,4.875,55050240,2.2923272954403497,3360,chatcmpl-10de8ea9-0b90-4c2c-9ce4-f0d9d43df2eb-b7b98448,"nixl_xfer_handle(0x5af9a3d7de70, released=False)",decode,0,0,452715,35,d61968e8-e4aa-43a2-8ca8-85b623ffd1e5_dp0,0,nixl_start_time
1780280942.3321698,1780280942.3340888,1.9189999999999998,1780280942.3344903,0.40149688720703125,137312293836,137312.293836,1780280942.3321698,2.320528030395508,0.0035762786865234375,1.9385814666748047,1.919,3145728,1.6392537780093799,192,chatcmpl-8699760c-db1b-4637-8a62-d1ec4294d733-9dde4a9e,"nixl_xfer_handle(0x5af9a3d7de70, released=False)",decode,0,0,452715,2,d61968e8-e4aa-43a2-8ca8-85b623ffd1e5_dp0,0,nixl_start_time
1780280942.3443727,1780280942.3459747,1.6019999999999999,1780280942.3463862,0.4115104675292969,137312306039,137312.306039,1780280942.3443727,2.0134449005126953,0.003814697265625,1.6210079193115234,1.602,3145728,1.9636254681647942,192,chatcmpl-cdee4ef7-0c26-4a66-b701-e13ec423a845-8f18f3ec,"nixl_xfer_handle(0x556359aba3a0, released=False)",decode,1,0,452712,2,d61968e8-e4aa-43a2-8ca8-85b623ffd1e5_dp1,0,nixl_start_time
1780280942.4310777,1780280942.4566958,25.618,1780280942.456724,0.028133392333984375,137312392744,137312.392744,1780280942.4310777,25.646209716796875,0.0064373016357421875,10.538101196289062,10.511,73924608,2.8856510266219066,4512,chatcmpl-bf215a24-15ce-4c07-8c76-5318bdff152b-9f3b8064,"nixl_xfer_handle(0x556359aba3a0, released=False)",decode,1,0,452712,47,d61968e8-e4aa-43a2-8ca8-85b623ffd1e5_dp0,0,nixl_start_time
1780280942.4450717,1780280942.4527626,7.691,1780280942.453124,0.36144256591796875,137312406738,137312.406738,1780280942.4450717,8.052349090576172,0.00286102294921875,7.709503173828125,7.691,12582912,1.6360566896372382,768,chatcmpl-e6f16389-837f-46b6-9ea0-f2df7afbf830-a4493186,"nixl_xfer_handle(0x5af9a3d7de70, released=False)",decode,0,0,452715,8,d61968e8-e4aa-43a2-8ca8-85b623ffd1e5_dp0,0,nixl_start_time
1780280942.5430877,1780280942.5451767,2.089,1780280942.5455635,0.3867149353027344,137312504754,137312.504754,1780280942.5430877,2.475738525390625,0.0050067901611328125,2.1104812622070312,2.089,3145728,1.5058535184298707,192,chatcmpl-919e2e36-1010-49e6-8172-d2fa2b9cc506-ac054c4d,"nixl_xfer_handle(0x5af9a3d7de70, released=False)",decode,0,0,452715,2,d61968e8-e4aa-43a2-8ca8-85b623ffd1e5_dp1,0,nixl_start_time
1780280942.8151207,1780280942.8395247,24.404,1780280942.8395438,0.019073486328125,137312776787,137312.776787,1780280942.8151207,24.42312240600586,0.0059604644775390625,5.802154541015625,5.778,58195968,2.3846897229962303,3552,chatcmpl-d4b824c1-be4f-476b-bceb-7a9b4ee9764d-9bd0160b,"nixl_xfer_handle(0x5af9a3d7de70, released=False)",decode,0,0,452715,37,d61968e8-e4aa-43a2-8ca8-85b623ffd1e5_dp0,0,nixl_start_time
1780280942.8271565,1780280942.8316596,4.503,1780280942.832089,0.42939186096191406,137312788823,137312.788823,1780280942.8271565,4.932403564453125,0.00476837158203125,4.528522491455078,4.503,9437184,2.095754830113258,576,chatcmpl-a2860016-8793-444e-a6f3-a5fc97bf3484-a2667592,"nixl_xfer_handle(0x55635993ef60, released=False)",decode,1,0,452712,6,d61968e8-e4aa-43a2-8ca8-85b623ffd1e5_dp1,0,nixl_start_time
1780280942.9383028,1780280942.9681098,29.807,1780280942.9681427,0.032901763916015625,137312899969,137312.899969,1780280942.9383028,29.83999252319336,0.0059604644775390625,14.938116073608398,14.912,88080384,2.955023450867246,5376,chatcmpl-e79c49be-9ee3-4de5-8784-579d7e721a29-87973414,"nixl_xfer_handle(0x55635993ef60, released=False)",decode,1,0,452712,56,d61968e8-e4aa-43a2-8ca8-85b623ffd1e5_dp0,0,nixl_start_time
1780280942.9679537,1780280942.9897437,21.79,1780280942.9897566,0.012874603271484375,137312929620,137312.92962,1780280942.9679537,21.802902221679688,0.006198883056640625,4.511833190917969,4.49,45613056,2.0933022487379533,2784,chatcmpl-8588d906-cb22-4158-87cf-e6f609ad28a6-a665aada,"nixl_xfer_handle(0x5af9a3d7de70, released=False)",decode,0,0,452715,29,d61968e8-e4aa-43a2-8ca8-85b623ffd1e5_dp0,0,nixl_start_time
1780280942.9801757,1780280942.9930007,12.825,1780280942.9930372,0.03647804260253906,137312941842,137312.941842,1780280942.9801757,12.861490249633789,0.0050067901611328125,8.910894393920898,8.885,14155776,1.103764210526316,864,chatcmpl-aefb3eae-bccb-4b40-9475-8db4a615f3ee-a92142d8,"nixl_xfer_handle(0x5af9a419daa0, released=False)",decode,0,0,452715,9,d61968e8-e4aa-43a2-8ca8-85b623ffd1e5_dp1,0,nixl_start_time
1780280943.1772797,1780280943.2019176,24.638,1780280943.2019725,0.054836273193359375,137313138946,137313.138946,1780280943.1772797,24.692773818969727,0.00476837158203125,5.091190338134766,5.048,50331648,2.0428463349297834,3072,chatcmpl-715b1797-2452-418b-ac0f-696a4d9c2479-81b8eafc,"nixl_xfer_handle(0x5af9a3d7de70, released=False)",decode,0,0,452715,32,d61968e8-e4aa-43a2-8ca8-85b623ffd1e5_dp0,0,nixl_start_time
1780280943.2018337,1780280943.2143927,12.559000000000001,1780280943.2144141,0.021457672119140625,137313163500,137313.1635,1780280943.2018337,12.580394744873047,0.00476837158203125,6.153106689453125,6.135,36175872,2.880473923083048,2208,chatcmpl-fc369ac0-4995-4bd9-b9c4-3d6b122ac409-8eb66dfd,"nixl_xfer_handle(0x55635993ef60, released=False)",decode,1,0,452712,23,d61968e8-e4aa-43a2-8ca8-85b623ffd1e5_dp1,0,nixl_start_time
1780280943.2755666,1780280943.3003006,24.733999999999998,1780280943.3003821,0.08153915405273438,137313237233,137313.237233,1780280943.2755666,24.81555938720703,0.006198883056640625,6.064176559448242,6.042,51904512,2.098508611627719,3168,chatcmpl-c8c02faf-a1ab-4c35-b44a-02e7a04c6eb5-b2ba36a5,"nixl_xfer_handle(0x5af9a3d7de70, released=False)",decode,0,0,452715,33,d61968e8-e4aa-43a2-8ca8-85b623ffd1e5_dp0,0,nixl_start_time
1780280943.3982937,1780280943.4231288,24.835,1780280943.4231827,0.053882598876953125,137313359960,137313.35996,1780280943.3982937,24.888992309570312,0.0069141387939453125,6.137609481811523,6.117,44040192,1.7733115361385143,2688,chatcmpl-1aef22dc-34a2-47bc-aece-36bf470def31-ad1b1ad6,"nixl_xfer_handle(0x55635993ef60, released=False)",decode,1,0,452712,28,d61968e8-e4aa-43a2-8ca8-85b623ffd1e5_dp1,0,nixl_start_time
1780280943.4105656,1780280943.4194715,8.906,1780280943.419816,0.3445148468017578,137313372232,137313.372232,1780280943.4105656,9.250402450561523,0.0026226043701171875,8.925437927246094,8.906,12582912,1.4128578486413652,768,chatcmpl-f373c5ee-d05f-4899-90d5-d40561b0bfc5-9debcd24,"nixl_xfer_handle(0x5af9a3d7de70, released=False)",decode,0,0,452715,8,d61968e8-e4aa-43a2-8ca8-85b623ffd1e5_dp0,0,nixl_start_time
1780280943.4967527,1780280943.5027938,6.041,1780280943.5031383,0.3445148468017578,137313458419,137313.458419,1780280943.4967527,6.385564804077148,0.0030994415283203125,6.060600280761719,6.041,9437184,1.5621890415494122,576,chatcmpl-75efd094-92ad-43be-8f69-4c01feaeb795-b67f816d,"nixl_xfer_handle(0x5af9a3d7de70, released=False)",decode,0,0,452715,6,d61968e8-e4aa-43a2-8ca8-85b623ffd1e5_dp1,0,nixl_start_time
1780280943.5825806,1780280943.6072617,24.681,1780280943.6072967,0.03504753112792969,137313544247,137313.544247,1780280943.5825806,24.71613883972168,0.00476837158203125,7.406949996948242,7.388,42467328,1.7206485960860578,2592,chatcmpl-c4364979-32a7-4ca2-8e84-76a7b5d87f6b-b5f254d3,"nixl_xfer_handle(0x55635993ef60, released=False)",decode,1,0,452712,27,d61968e8-e4aa-43a2-8ca8-85b623ffd1e5_dp0,0,nixl_start_time
1780280943.5948486,1780280943.5974376,2.589,1780280943.597454,0.016450881958007812,137313556515,137313.556515,1780280943.5948486,2.605438232421875,0.0045299530029296875,2.2308826446533203,2.21,3145728,1.2150359212050983,192,chatcmpl-3f2713f3-3b84-4d9a-8119-1d3eb786774a-af431e06,"nixl_xfer_handle(0x5af9a3d7de70, released=False)",decode,0,0,452715,2,d61968e8-e4aa-43a2-8ca8-85b623ffd1e5_dp1,0,nixl_start_time
1780280943.7178626,1780280943.7424307,24.567999999999998,1780280943.742477,0.046253204345703125,137313679529,137313.679529,1780280943.7178626,24.614334106445312,0.004291534423828125,4.581212997436523,4.547,42467328,1.7285626831650929,2592,chatcmpl-b44f4965-0e08-4fd3-ade3-29b6e0f622fd-9647c1ec,"nixl_xfer_handle(0x5af9a3d7de70, released=False)",decode,0,0,452715,27,d61968e8-e4aa-43a2-8ca8-85b623ffd1e5_dp0,0,nixl_start_time
1780280943.8280506,1780280943.8524337,24.383,1780280943.8524523,0.018596649169921875,137313789717,137313.789717,1780280943.8280506,24.40166473388672,0.0045299530029296875,5.088329315185547,5.069,58195968,2.386743550834598,3552,chatcmpl-b24e57fc-dcce-47d4-a5b6-c7e789d04da1-bb1decde,"nixl_xfer_handle(0x5af9a3d7de70, released=False)",decode,0,0,452715,37,d61968e8-e4aa-43a2-8ca8-85b623ffd1e5_dp1,0,nixl_start_time
1780280943.9013658,1780280943.9259686,24.603,1780280943.9260173,0.04863739013671875,137313863032,137313.863032,1780280943.9013658,24.651527404785156,0.0064373016357421875,4.644632339477539,4.621,53477376,2.1736119985367637,3264,chatcmpl-17657f71-1228-4e0d-b43d-ff39460dadaa-99afa5ec,"nixl_xfer_handle(0x5af9a3d7de70, released=False)",decode,0,0,452715,34,d61968e8-e4aa-43a2-8ca8-85b623ffd1e5_dp0,0,nixl_start_time
1780280943.9135647,1780280943.9151926,1.6280000000000001,1780280943.9155936,0.4010200500488281,137313875231,137313.875231,1780280943.9135647,2.028942108154297,0.0045299530029296875,1.6489028930664062,1.628,3145728,1.932265356265356,192,chatcmpl-c5fc64ee-146d-4b62-9349-803e280527a2-8b51f92d,"nixl_xfer_handle(0x55635993ef60, released=False)",decode,1,0,452712,2,d61968e8-e4aa-43a2-8ca8-85b623ffd1e5_dp1,0,nixl_start_time
1780280943.9379876,1780280943.9402986,2.311,1780280943.9406643,0.3657341003417969,137313899654,137313.899654,1780280943.9379876,2.676725387573242,0.003337860107421875,2.3288726806640625,2.311,3145728,1.3611977498918215,192,chatcmpl-8111112e-9492-469c-8cb3-7cca0c31a1ee-913963e6,"nixl_xfer_handle(0x5af9a3d7de70, released=False)",decode,0,0,452715,2,d61968e8-e4aa-43a2-8ca8-85b623ffd1e5_dp0,0,nixl_start_time
1780280943.9627817,1780280943.9872506,24.469,1780280943.9872713,0.020742416381835938,137313924448,137313.924448,1780280943.9627817,24.489641189575195,0.0050067901611328125,6.668567657470703,6.648,39321600,1.6069966079529199,2400,chatcmpl-6ae24e3e-485c-4cbc-bd06-adf3b6a6a837-90596942,"nixl_xfer_handle(0x55635993ef60, released=False)",decode,1,0,452712,25,d61968e8-e4aa-43a2-8ca8-85b623ffd1e5_dp1,0,nixl_start_time
1780280944.0241156,1780280944.0258305,1.7149999999999999,1780280944.0262408,0.41031837463378906,137313985782,137313.985782,1780280944.0241156,2.125263214111328,0.00476837158203125,1.7366409301757812,1.715,3145728,1.8342437317784257,192,chatcmpl-556c4975-3dfa-46c3-a21c-20d055eee306-b0ff33e4,"nixl_xfer_handle(0x55635993ef60, released=False)",decode,1,0,452712,2,d61968e8-e4aa-43a2-8ca8-85b623ffd1e5_dp0,0,nixl_start_time
1780280944.0485666,1780280944.0607805,12.213999999999999,1780280944.0607986,0.01811981201171875,137314010233,137314.010233,1780280944.0485666,12.232065200805664,0.0050067901611328125,4.141330718994141,4.12,34603008,2.8330610774521046,2112,chatcmpl-219cf5c2-22b5-4405-96b2-d9d9e3907003-803d7949,"nixl_xfer_handle(0x5af9a3d7de70, released=False)",decode,0,0,452715,22,d61968e8-e4aa-43a2-8ca8-85b623ffd1e5_dp1,0,nixl_start_time
1780280944.1220307,1780280944.1467118,24.681,1780280944.146732,0.020265579223632812,137314083697,137314.083697,1780280944.1220307,24.701356887817383,0.005245208740234375,4.337310791015625,4.317,44040192,1.784376321867023,2688,chatcmpl-15a8197e-3521-4404-b278-4306f7ae6a53-91ea7fd5,"nixl_xfer_handle(0x5af9a3d7de70, released=False)",decode,0,0,452715,28,d61968e8-e4aa-43a2-8ca8-85b623ffd1e5_dp0,0,nixl_start_time
1780280944.1339667,1780280944.1467607,12.794,1780280944.146788,0.027179718017578125,137314095633,137314.095633,1780280944.1339667,12.821197509765625,0.0045299530029296875,4.571199417114258,4.552,17301504,1.352313897139284,1056,chatcmpl-9fd0097b-776f-419d-89d7-bc474edb24a7-bafb10e2,"nixl_xfer_handle(0x55635993ef60, released=False)",decode,1,0,452712,11,d61968e8-e4aa-43a2-8ca8-85b623ffd1e5_dp1,0,nixl_start_time
1780280944.2322557,1780280944.2327707,0.515,1780280944.233176,0.40531158447265625,137314193922,137314.193922,1780280944.2322557,0.9202957153320312,0.00476837158203125,0.5342960357666016,0.515,1572864,3.0541048543689318,48,chatcmpl-071b7188-613d-4fc0-9947-46ecb3ac9b25-a4fb4086,"nixl_xfer_handle(0x55635993ef60, released=False)",decode,1,0,452712,1,d61968e8-e4aa-43a2-8ca8-85b623ffd1e5_dp0,0,nixl_start_time
1780280944.3303716,1780280944.3618636,31.492,1780280944.3618846,0.0209808349609375,137314292038,137314.292038,1780280944.3303716,31.512975692749023,0.0050067901611328125,7.115364074707031,7.095,42467328,1.348511621999238,2592,chatcmpl-bb0f075b-3128-4cad-9331-06022a3924c6-9a01d490,"nixl_xfer_handle(0x55635993ef60, released=False)",decode,1,0,452712,27,d61968e8-e4aa-43a2-8ca8-85b623ffd1e5_dp1,0,nixl_start_time
1780280944.3304157,1780280944.3616297,31.214,1780280944.3616862,0.05650520324707031,137314292082,137314.292082,1780280944.3304157,31.270503997802734,0.0069141387939453125,4.89354133605957,4.872,56623104,1.814029089511117,3456,chatcmpl-c90c8e8f-34fa-4e96-a10f-7dda00a7f848-9910f1a0,"nixl_xfer_handle(0x5af9a3d7de70, released=False)",decode,0,0,452715,36,d61968e8-e4aa-43a2-8ca8-85b623ffd1e5_dp0,0,nixl_start_time
1780280944.3548987,1780280944.3612707,6.372,1780280944.3617055,0.43487548828125,137314316565,137314.316565,1780280944.3548987,6.806850433349609,0.0035762786865234375,6.391286849975586,6.372,9437184,1.4810395480225989,576,chatcmpl-d1bffd6b-4d86-49b5-88dc-8fa9c00ac493-8368d9f7,"nixl_xfer_handle(0x5af9a3d88b00, released=False)",decode,0,0,452715,6,d61968e8-e4aa-43a2-8ca8-85b623ffd1e5_dp1,0,nixl_start_time
1780280944.3550127,1780280944.3800716,25.059,1780280944.3801003,0.0286102294921875,137314316679,137314.316679,1780280944.3550127,25.087594985961914,0.0050067901611328125,6.478071212768555,6.459,44040192,1.7574600742248292,2688,chatcmpl-08c641f5-3288-4bee-a35d-cae7c6b2dca1-83110824,"nixl_xfer_handle(0x556359915460, released=False)",decode,1,0,452712,28,d61968e8-e4aa-43a2-8ca8-85b623ffd1e5_dp0,0,nixl_start_time
1780280944.4037256,1780280944.4158525,12.127,1780280944.4158728,0.020265579223632812,137314365392,137314.365392,1780280944.4037256,12.147188186645508,0.0054836273193359375,3.966808319091797,3.945,34603008,2.853385668343366,2112,chatcmpl-72b1fc0c-df6f-4997-93c4-b18f834f6a2b-907590e7,"nixl_xfer_handle(0x5af9a3d88b00, released=False)",decode,0,0,452715,22,d61968e8-e4aa-43a2-8ca8-85b623ffd1e5_dp0,0,nixl_start_time
1780280944.6485827,1780280944.6555257,6.9430000000000005,1780280944.655937,0.4112720489501953,137314610249,137314.610249,1780280944.6485827,7.354259490966797,0.0050067901611328125,6.964921951293945,6.943,14155776,2.0388558260118104,864,chatcmpl-b735846e-2dbf-449b-a485-60e5bf80af53-a44e49bb,"nixl_xfer_handle(0x556359915460, released=False)",decode,1,0,452712,9,d61968e8-e4aa-43a2-8ca8-85b623ffd1e5_dp0,0,nixl_start_time
1780280944.7213137,1780280944.7229197,1.606,1780280944.7233198,0.4000663757324219,137314682980,137314.68298,1780280944.7213137,2.006053924560547,0.005245208740234375,1.6262531280517578,1.606,3145728,1.9587347447073473,192,chatcmpl-4152a593-3638-456f-9915-763362879802-be745b25,"nixl_xfer_handle(0x556359915460, released=False)",decode,1,0,452712,2,d61968e8-e4aa-43a2-8ca8-85b623ffd1e5_dp1,0,nixl_start_time
1780280944.8937647,1780280944.8954787,1.714,1780280944.8958845,0.4057884216308594,137314855431,137314.855431,1780280944.8937647,2.119779586791992,0.0040531158447265625,1.7361640930175781,1.714,3145728,1.835313885647608,192,chatcmpl-4b534c12-c2e2-48cb-a271-84605b665839-9b49a15b,"nixl_xfer_handle(0x556359915460, released=False)",decode,1,0,452712,2,d61968e8-e4aa-43a2-8ca8-85b623ffd1e5_dp0,0,nixl_start_time
1780280944.9184277,1780280944.9211607,2.733,1780280944.9211862,0.025510787963867188,137314880094,137314.880094,1780280944.9184277,2.758502960205078,0.0054836273193359375,2.205371856689453,2.181,3145728,1.1510164654226125,192,chatcmpl-76e3f905-bef7-4977-863f-6984eab93700-98c56078,"nixl_xfer_handle(0x5af9a3d88b00, released=False)",decode,0,0,452715,2,d61968e8-e4aa-43a2-8ca8-85b623ffd1e5_dp1,0,nixl_start_time
1780280944.9306626,1780280944.9311385,0.47600000000000003,1780280944.9315464,0.40793418884277344,137314892329,137314.892329,1780280944.9306626,0.8838176727294922,0.00476837158203125,0.49424171447753906,0.476,1572864,3.304336134453781,48,chatcmpl-2f270cfc-5ea6-4d09-b0e9-e8b422dd001a-8bd412be,"nixl_xfer_handle(0x556359915460, released=False)",decode,1,0,452712,1,d61968e8-e4aa-43a2-8ca8-85b623ffd1e5_dp1,0,nixl_start_time
1780280945.0663037,1780280945.0911176,24.814,1780280945.0911384,0.020742416381835938,137315027970,137315.02797,1780280945.0663037,24.834632873535156,0.0054836273193359375,9.850740432739258,9.821,64487424,2.5988322721044574,3936,chatcmpl-70d92c01-8e1e-466d-af80-881b4acbb8c2-b680a9da,"nixl_xfer_handle(0x556359915460, released=False)",decode,1,0,452712,41,d61968e8-e4aa-43a2-8ca8-85b623ffd1e5_dp0,0,nixl_start_time
1780280945.0795717,1780280945.0834537,3.882,1780280945.0838225,0.3688335418701172,137315041238,137315.041238,1780280945.0795717,4.250764846801758,0.00286102294921875,3.9010047912597656,3.882,6291456,1.6206738794435858,384,chatcmpl-0e701f02-21f3-45bb-9d3c-e35c2fcf36cc-a01fb0e6,"nixl_xfer_handle(0x5af9a3d88b00, released=False)",decode,0,0,452715,4,d61968e8-e4aa-43a2-8ca8-85b623ffd1e5_dp0,0,nixl_start_time
1780280945.1155076,1780280945.1159835,0.47600000000000003,1780280945.116397,0.4134178161621094,137315077174,137315.077174,1780280945.1155076,0.8893013000488281,0.005245208740234375,0.4963874816894531,0.476,1572864,3.304336134453781,48,chatcmpl-2071909a-08bc-4bf0-8de4-6678cdf8a6ac-baa419b7,"nixl_xfer_handle(0x556359915460, released=False)",decode,1,0,452712,1,d61968e8-e4aa-43a2-8ca8-85b623ffd1e5_dp1,0,nixl_start_time
1780280945.1894298,1780280945.2223268,32.897000000000006,1780280945.2223904,0.06365776062011719,137315151096,137315.151096,1780280945.1894298,32.96065330505371,0.006198883056640625,17.947912216186523,17.894,77070336,2.3427770313402436,4704,chatcmpl-9a89ec99-328c-48ce-8745-b8c259dc8e75-942a4c51,"nixl_xfer_handle(0x5af9a3d88b00, released=False)",decode,0,0,452715,49,d61968e8-e4aa-43a2-8ca8-85b623ffd1e5_dp0,0,nixl_start_time
1780280945.2114305,1780280945.2119114,0.481,1780280945.2123291,0.4177093505859375,137315173097,137315.173097,1780280945.2114305,0.8985996246337891,0.0040531158447265625,0.5002021789550781,0.481,1572864,3.269987525987526,48,chatcmpl-6096a31c-4d38-417c-b35d-7137e34213d7-82a79f76,"nixl_xfer_handle(0x556359915460, released=False)",decode,1,0,452712,1,d61968e8-e4aa-43a2-8ca8-85b623ffd1e5_dp1,0,nixl_start_time
1780280945.2836127,1780280945.3105197,26.907,1780280945.3105354,0.015735626220703125,137315245279,137315.245279,1780280945.2836127,26.92270278930664,0.0057220458984375,9.990930557250977,9.966,70778880,2.6305006132233246,4320,chatcmpl-f067c355-affc-490b-9695-cf08b787bcb7-8e1c5974,"nixl_xfer_handle(0x556359915460, released=False)",decode,1,0,452712,45,d61968e8-e4aa-43a2-8ca8-85b623ffd1e5_dp0,0,nixl_start_time
1780280945.2969437,1780280945.2994478,2.504,1780280945.2994912,0.043392181396484375,137315258610,137315.25861,1780280945.2969437,2.5475025177001953,0.003337860107421875,2.155780792236328,2.137,3145728,1.2562811501597442,192,chatcmpl-4afbb104-bd75-4600-ac58-3b44507ab9fb-9b556034,"nixl_xfer_handle(0x5af9a3d88b00, released=False)",decode,0,0,452715,2,d61968e8-e4aa-43a2-8ca8-85b623ffd1e5_dp1,0,nixl_start_time
1780280945.3084066,1780280945.3105626,2.156,1780280945.3105705,0.007867813110351562,137315270073,137315.270073,1780280945.3084066,2.1638870239257812,0.00476837158203125,1.6326904296875,1.609,3145728,1.4590575139146569,192,chatcmpl-ac5cdb77-a29e-4225-9524-df7d175b04db-86fb9660,"nixl_xfer_handle(0x55635993ef60, released=False)",decode,1,0,452712,2,d61968e8-e4aa-43a2-8ca8-85b623ffd1e5_dp0,0,nixl_start_time
1780280945.3208776,1780280945.3332865,12.409,1780280945.3333187,0.03218650817871094,137315282544,137315.282544,1780280945.3208776,12.441158294677734,0.005245208740234375,3.879070281982422,3.859,31457280,2.5350374728019984,1920,chatcmpl-3738b17b-b10b-42fc-90cd-6965c28c78f8-95e36286,"nixl_xfer_handle(0x5af9a3d88b00, released=False)",decode,0,0,452715,20,d61968e8-e4aa-43a2-8ca8-85b623ffd1e5_dp1,0,nixl_start_time
1780280945.4307816,1780280945.4323835,1.6019999999999999,1780280945.4327803,0.396728515625,137315392448,137315.392448,1780280945.4307816,1.9986629486083984,0.0040531158447265625,1.6214847564697266,1.602,3145728,1.9636254681647942,192,chatcmpl-4f968e10-d09f-4ebf-9d49-7f9e492ce9c1-acf68d33,"nixl_xfer_handle(0x55635993ef60, released=False)",decode,1,0,452712,2,d61968e8-e4aa-43a2-8ca8-85b623ffd1e5_dp0,0,nixl_start_time
1780280945.4308035,1780280945.4396636,8.86,1780280945.4400108,0.347137451171875,137315392470,137315.39247,1780280945.4308035,9.20724868774414,0.003814697265625,8.880615234375,8.86,14155776,1.597717381489842,864,chatcmpl-b53bb197-b0b8-4737-b329-27e22e3e91df-83a4ab67,"nixl_xfer_handle(0x5af9a3d88b00, released=False)",decode,0,0,452715,9,d61968e8-e4aa-43a2-8ca8-85b623ffd1e5_dp1,0,nixl_start_time
1780280945.4916556,1780280945.4921377,0.482,1780280945.4925454,0.4076957702636719,137315453322,137315.453322,1780280945.4916556,0.8897781372070312,0.0035762786865234375,0.4990100860595703,0.482,1572864,3.263203319502075,48,chatcmpl-99fdf05b-45bb-45e9-8d24-72a2c4f3541c-967d96f9,"nixl_xfer_handle(0x55635993ef60, released=False)",decode,1,0,452712,1,d61968e8-e4aa-43a2-8ca8-85b623ffd1e5_dp1,0,nixl_start_time
1780280945.5899208,1780280945.6146147,24.694,1780280945.614634,0.019311904907226562,137315551587,137315.551587,1780280945.5899208,24.71327781677246,0.0045299530029296875,4.791736602783203,4.758,53477376,2.165602008585081,3264,chatcmpl-9577dc8b-5003-442a-ac81-4cda32d5aa07-a98e41fa,"nixl_xfer_handle(0x5af9a3d88b00, released=False)",decode,0,0,452715,34,d61968e8-e4aa-43a2-8ca8-85b623ffd1e5_dp0,0,nixl_start_time
1780280945.6144366,1780280945.6269526,12.516,1780280945.6269732,0.020503997802734375,137315576103,137315.576103,1780280945.6144366,12.53652572631836,0.0059604644775390625,3.219127655029297,3.199,17301504,1.3823509108341325,1056,chatcmpl-f3982a62-df9f-4344-a6a5-bed578bf304c-aeae3474,"nixl_xfer_handle(0x55635993ef60, released=False)",decode,1,0,452712,11,d61968e8-e4aa-43a2-8ca8-85b623ffd1e5_dp1,0,nixl_start_time
1780280945.6634636,1780280945.6875775,24.114,1780280945.6876044,0.026941299438476562,137315625130,137315.62513,1780280945.6634636,24.14083480834961,0.0064373016357421875,4.410505294799805,4.389,47185920,1.9567852699676538,2880,chatcmpl-b152d6b8-0e07-4b62-84ef-993fe6d88206-a1649865,"nixl_xfer_handle(0x5af99a3259c0, released=False)",decode,0,0,452715,30,d61968e8-e4aa-43a2-8ca8-85b623ffd1e5_dp0,0,nixl_start_time
1780280945.7980866,1780280945.8228526,24.766,1780280945.8228734,0.020742416381835938,137315759753,137315.759753,1780280945.7980866,24.786710739135742,0.004291534423828125,6.8836212158203125,6.865,39321600,1.5877251070015344,2400,chatcmpl-45a0b181-2fa2-42d3-b348-adf1c66e70d9-99db2885,"nixl_xfer_handle(0x55633fb38de0, released=False)",decode,1,0,452712,25,d61968e8-e4aa-43a2-8ca8-85b623ffd1e5_dp1,0,nixl_start_time
1780280946.0797977,1780280946.1083758,28.578,1780280946.1084068,0.030994415283203125,137316041464,137316.041464,1780280946.0797977,28.609037399291992,0.0064373016357421875,4.953861236572266,4.932,61341696,2.1464656728952343,3744,chatcmpl-5096ddec-5695-4a93-9763-46459acc8379-a18355ba,"nixl_xfer_handle(0x5af99a3259c0, released=False)",decode,0,0,452715,39,d61968e8-e4aa-43a2-8ca8-85b623ffd1e5_dp0,0,nixl_start_time
1780280946.1040127,1780280946.1079347,3.922,1780280946.1083617,0.42700767517089844,137316065679,137316.065679,1780280946.1040127,4.348993301391602,0.0050067901611328125,3.943920135498047,3.922,7864320,2.0051810300866904,480,chatcmpl-87cd0703-bc70-45b5-b860-d991f559f792-b540c21c,"nixl_xfer_handle(0x556359990930, released=False)",decode,1,0,452712,5,d61968e8-e4aa-43a2-8ca8-85b623ffd1e5_dp1,0,nixl_start_time
1780280946.1040626,1780280946.1164474,12.385,1780280946.116466,0.018596649169921875,137316065729,137316.065729,1780280946.1040626,12.403488159179688,0.0050067901611328125,3.9141178131103516,3.896,31457280,2.5399499394428746,1920,chatcmpl-4cf9d36d-a0a1-4ffd-8e32-d5eeebbbd1c3-bc8adee3,"nixl_xfer_handle(0x5af9a3d7de70, released=False)",decode,0,0,452715,20,d61968e8-e4aa-43a2-8ca8-85b623ffd1e5_dp1,0,nixl_start_time
1780280946.1162946,1780280946.1290236,12.729000000000001,1780280946.1290448,0.021219253540039062,137316077961,137316.077961,1780280946.1162946,12.75014877319336,0.00476837158203125,6.779909133911133,6.761,31457280,2.4713080367664384,1920,chatcmpl-9d5893e2-7911-4e95-8031-1115829a291c-90ebdaf1,"nixl_xfer_handle(0x556359990930, released=False)",decode,1,0,452712,20,d61968e8-e4aa-43a2-8ca8-85b623ffd1e5_dp0,0,nixl_start_time
1780280946.1773756,1780280946.1794305,2.055,1780280946.1797802,0.3497600555419922,137316139042,137316.139042,1780280946.1773756,2.4046897888183594,0.0035762786865234375,2.0732879638671875,2.055,3145728,1.5307678832116787,192,chatcmpl-1f09bbdb-9de3-450b-ab43-2cec628966c2-9f9c0fbd,"nixl_xfer_handle(0x5af9a3d7de70, released=False)",decode,0,0,452715,2,d61968e8-e4aa-43a2-8ca8-85b623ffd1e5_dp0,0,nixl_start_time
1780280946.2627006,1780280946.2631865,0.486,1780280946.263596,0.4096031188964844,137316224367,137316.224367,1780280946.2627006,0.8955001831054688,0.00476837158203125,0.5066394805908203,0.486,1572864,3.236345679012346,48,chatcmpl-63fdcd9d-7233-4b4a-b5d8-8121664ceb89-9943e75b,"nixl_xfer_handle(0x556359990930, released=False)",decode,1,0,452712,1,d61968e8-e4aa-43a2-8ca8-85b623ffd1e5_dp0,0,nixl_start_time
1780280946.3727248,1780280946.3979688,25.244,1780280946.3979878,0.019073486328125,137316334391,137316.334391,1780280946.3727248,25.263071060180664,0.0050067901611328125,10.189294815063477,10.164,69206016,2.741483758516875,4224,chatcmpl-7b6d6cbf-75f6-474c-96ff-93c73b32e61a-836066a8,"nixl_xfer_handle(0x556359990930, released=False)",decode,1,0,452712,44,d61968e8-e4aa-43a2-8ca8-85b623ffd1e5_dp1,0,nixl_start_time
1780280946.4099348,1780280946.4116988,1.764,1780280946.4120533,0.35452842712402344,137316371601,137316.371601,1780280946.4099348,2.1185874938964844,0.005245208740234375,1.7838478088378906,1.764,3145728,1.7832925170068028,192,chatcmpl-c5142440-38af-4b8d-82c8-64fa9ee4f347-bc49e60e,"nixl_xfer_handle(0x5af9a3d7de70, released=False)",decode,0,0,452715,2,d61968e8-e4aa-43a2-8ca8-85b623ffd1e5_dp0,0,nixl_start_time
1780280946.4464307,1780280946.4711397,24.709,1780280946.4711974,0.057697296142578125,137316408097,137316.408097,1780280946.4464307,24.76668357849121,0.0064373016357421875,5.811929702758789,5.791,37748736,1.5277322433121536,2304,chatcmpl-d123064c-c815-41e6-955b-9ddb6e711dd5-8a71f7ed,"nixl_xfer_handle(0x556359990930, released=False)",decode,1,0,452712,24,d61968e8-e4aa-43a2-8ca8-85b623ffd1e5_dp1,0,nixl_start_time
1780280946.5319006,1780280946.5323956,0.495,1780280946.532811,0.4153251647949219,137316493567,137316.493567,1780280946.5319006,0.9102821350097656,0.0040531158447265625,0.5140304565429688,0.495,1572864,3.1775030303030305,48,chatcmpl-f29f3a94-c931-40e7-83a7-b9f36952a8e6-a9dbd402,"nixl_xfer_handle(0x556359990930, released=False)",decode,1,0,452712,1,d61968e8-e4aa-43a2-8ca8-85b623ffd1e5_dp0,0,nixl_start_time
1780280946.5809317,1780280946.6054237,24.492,1780280946.6054432,0.019550323486328125,137316542598,137316.542598,1780280946.5809317,24.51157569885254,0.0059604644775390625,4.723787307739258,4.703,50331648,2.0550240078392945,3072,chatcmpl-c97a3eee-2e70-45aa-a979-33efb9d21225-8a3fbb62,"nixl_xfer_handle(0x5af9a3d7de70, released=False)",decode,0,0,452715,32,d61968e8-e4aa-43a2-8ca8-85b623ffd1e5_dp1,0,nixl_start_time
1780280946.6788638,1780280946.6793659,0.502,1780280946.6797667,0.40078163146972656,137316640530,137316.64053,1780280946.6788638,0.9028911590576172,0.0045299530029296875,0.5218982696533203,0.502,1572864,3.133195219123506,48,chatcmpl-87587809-6435-4e45-be87-796654ddc1c4-ab5a859a,"nixl_xfer_handle(0x556359990930, released=False)",decode,1,0,452712,1,d61968e8-e4aa-43a2-8ca8-85b623ffd1e5_dp0,0,nixl_start_time
1780280946.7153337,1780280946.7159777,0.644,1780280946.7163246,0.34689903259277344,137316677000,137316.677,1780280946.7153337,0.9908676147460938,0.003337860107421875,0.6616115570068359,0.644,1572864,2.442335403726708,48,chatcmpl-b3bf70e9-799e-452f-b16f-1f0aae009d15-8b73777b,"nixl_xfer_handle(0x5af9a3d7de70, released=False)",decode,0,0,452715,1,d61968e8-e4aa-43a2-8ca8-85b623ffd1e5_dp0,0,nixl_start_time
1780280946.7400506,1780280946.7424095,2.359,1780280946.7428107,0.4012584686279297,137316701717,137316.701717,1780280946.7400506,2.760171890258789,0.004291534423828125,2.3796558380126953,2.359,4718592,2.0002509537939805,288,chatcmpl-ea4628bd-e427-44d5-bf65-8b23a2c66c02-a075290a,"nixl_xfer_handle(0x556359990930, released=False)",decode,1,0,452712,3,d61968e8-e4aa-43a2-8ca8-85b623ffd1e5_dp1,0,nixl_start_time
1780280946.7763855,1780280946.7780645,1.6789999999999998,1780280946.7784626,0.3981590270996094,137316738052,137316.738052,1780280946.7763855,2.0771026611328125,0.005245208740234375,1.6987323760986328,1.679,3145728,1.8735723645026803,192,chatcmpl-9d9e6c28-afe8-45e2-9f6d-a8e13b3a18a6-97782505,"nixl_xfer_handle(0x556359990930, released=False)",decode,1,0,452712,2,d61968e8-e4aa-43a2-8ca8-85b623ffd1e5_dp0,0,nixl_start_time
1780280946.7886446,1780280946.8012915,12.647,1780280946.8013124,0.0209808349609375,137316750311,137316.750311,1780280946.7886446,12.66789436340332,0.0054836273193359375,3.8411617279052734,3.822,17301504,1.3680322606151658,1056,chatcmpl-0f7498be-def1-451e-9dab-c148ff26378d-b98471dc,"nixl_xfer_handle(0x5af9a3d7de70, released=False)",decode,0,0,452715,11,d61968e8-e4aa-43a2-8ca8-85b623ffd1e5_dp0,0,nixl_start_time
1780280946.8010607,1780280946.8015466,0.486,1780280946.8019392,0.39267539978027344,137316762727,137316.762727,1780280946.8010607,0.8785724639892578,0.0050067901611328125,0.5056858062744141,0.486,1572864,3.236345679012346,48,chatcmpl-eb79d43d-418d-4b77-8b3b-db07d4675ac8-ab5ca809,"nixl_xfer_handle(0x556359990930, released=False)",decode,1,0,452712,1,d61968e8-e4aa-43a2-8ca8-85b623ffd1e5_dp1,0,nixl_start_time
1780280947.0341477,1780280947.0675747,33.427,1780280947.0676086,0.033855438232421875,137316995814,137316.995814,1780280947.0341477,33.46085548400879,0.005245208740234375,18.665313720703125,18.63,80216064,2.399738654381189,4896,chatcmpl-b007366a-16fa-4fe7-a4e0-1be4a1a40a97-bd8e604e,"nixl_xfer_handle(0x5af9a3d7de70, released=False)",decode,0,0,452715,51,d61968e8-e4aa-43a2-8ca8-85b623ffd1e5_dp0,0,nixl_start_time
1780280947.1166728,1780280947.1411877,24.514999999999997,1780280947.1412075,0.019788742065429688,137317078339,137317.078339,1780280947.1166728,24.53470230102539,0.012159347534179688,6.653785705566406,6.627,69206016,2.8230069753212317,4224,chatcmpl-19296c2a-a558-4a2c-a8b6-f6ba863f26f9-a7c39a54,"nixl_xfer_handle(0x5af9a3d7de70, released=False)",decode,0,0,452715,44,d61968e8-e4aa-43a2-8ca8-85b623ffd1e5_dp1,0,nixl_start_time
1780280947.1288586,1780280947.1532886,24.43,1780280947.1533065,0.017881393432617188,137317090525,137317.090525,1780280947.1288586,24.447917938232422,0.00476837158203125,2.458810806274414,2.437,4718592,0.19314744167007777,288,chatcmpl-987858b4-7d77-49dc-bf47-d14fc79c0411-bfdd1f38,"nixl_xfer_handle(0x5af99a3259c0, released=False)",decode,0,0,452715,3,d61968e8-e4aa-43a2-8ca8-85b623ffd1e5_dp0,0,nixl_start_time
1780280947.2394667,1780280947.2517846,12.318000000000001,1780280947.2518058,0.021219253540039062,137317201133,137317.201133,1780280947.2394667,12.339115142822266,0.005245208740234375,6.260395050048828,6.24,23592960,1.9153239162201654,1440,chatcmpl-eaa21754-b557-493f-8a28-6925c9bbfbfd-ab9e452b,"nixl_xfer_handle(0x556359990930, released=False)",decode,1,0,452712,15,d61968e8-e4aa-43a2-8ca8-85b623ffd1e5_dp1,0,nixl_start_time
1780280947.3991246,1780280947.4037116,4.587,1780280947.4040976,0.3859996795654297,137317360791,137317.360791,1780280947.3991246,4.972934722900391,0.0035762786865234375,4.606723785400391,4.587,9437184,2.0573760627861346,576,chatcmpl-5a8122cd-7c51-47da-9028-dc9d89e8ea75-817c3af3,"nixl_xfer_handle(0x556359990930, released=False)",decode,1,0,452712,6,d61968e8-e4aa-43a2-8ca8-85b623ffd1e5_dp1,0,nixl_start_time
1780280947.3994136,1780280947.4390826,39.669000000000004,1780280947.4390948,0.012159347534179688,137317361080,137317.36108,1780280947.3994136,39.681196212768555,0.0059604644775390625,24.00946617126465,23.985,100663296,2.5375808817968686,6144,chatcmpl-c0113114-b9af-4351-811a-002490dfb218-8e83ecb0,"nixl_xfer_handle(0x5af99a3259c0, released=False)",decode,0,0,452715,64,d61968e8-e4aa-43a2-8ca8-85b623ffd1e5_dp0,0,nixl_start_time
1780280947.4380896,1780280947.4391177,1.028,1780280947.439149,0.031232833862304688,137317399756,137317.399756,1780280947.4380896,1.0592937469482422,0.0040531158447265625,0.6470680236816406,0.629,1572864,1.5300233463035018,48,chatcmpl-841eb960-a2eb-4938-bfb2-bb625d04ba66-bdd0dece,"nixl_xfer_handle(0x5af9a3d7de70, released=False)",decode,0,0,452715,1,d61968e8-e4aa-43a2-8ca8-85b623ffd1e5_dp0,0,nixl_start_time
1780280947.4382117,1780280947.4631317,24.92,1780280947.463154,0.022411346435546875,137317399878,137317.399878,1780280947.4382117,24.942398071289062,0.0050067901611328125,6.078958511352539,6.06,39321600,1.5779133226324236,2400,chatcmpl-5d74ce04-5004-435d-8723-59ee3ca59176-9897a06a,"nixl_xfer_handle(0x556359990930, released=False)",decode,1,0,452712,25,d61968e8-e4aa-43a2-8ca8-85b623ffd1e5_dp0,0,nixl_start_time
1780280947.4748998,1780280947.4771879,2.2880000000000003,1780280947.4775417,0.35381317138671875,137317436566,137317.436566,1780280947.4748998,2.641916275024414,0.011920928955078125,2.315044403076172,2.288,3145728,1.3748811188811187,192,chatcmpl-c9bb5317-9cc0-4210-9a3a-8e93229467b3-8ce3436f,"nixl_xfer_handle(0x5af9a3d7de70, released=False)",decode,0,0,452715,2,d61968e8-e4aa-43a2-8ca8-85b623ffd1e5_dp1,0,nixl_start_time
1780280947.5978787,1780280947.6225727,24.694,1780280947.6225934,0.020742416381835938,137317559545,137317.559545,1780280947.5978787,24.71470832824707,0.006198883056640625,8.698463439941406,8.676,48758784,1.9745194784158093,2976,chatcmpl-46db59e8-767d-4017-b598-58cfcc90d12b-ade8ffb7,"nixl_xfer_handle(0x556359990930, released=False)",decode,1,0,452712,31,d61968e8-e4aa-43a2-8ca8-85b623ffd1e5_dp0,0,nixl_start_time
1780280947.7083886,1780280947.7094316,1.0430000000000001,1780280947.7094586,0.026941299438476562,137317670055,137317.670055,1780280947.7083886,1.0700225830078125,0.0054836273193359375,0.6825923919677734,0.663,1572864,1.5080191754554169,48,chatcmpl-de1a3763-4479-471a-9581-dba6d7b0b7b2-974dcc1a,"nixl_xfer_handle(0x5af9a3d7de70, released=False)",decode,0,0,452715,1,d61968e8-e4aa-43a2-8ca8-85b623ffd1e5_dp1,0,nixl_start_time
1780280947.7696836,1780280947.7944877,24.804,1780280947.79451,0.022172927856445312,137317731350,137317.73135,1780280947.7696836,24.8262882232666,0.010967254638671875,6.374120712280273,6.328,42467328,1.7121161103047895,2592,chatcmpl-380a5c83-39a5-4544-b134-1bd20c316f7e-967db30e,"nixl_xfer_handle(0x556359990930, released=False)",decode,1,0,452712,27,d61968e8-e4aa-43a2-8ca8-85b623ffd1e5_dp0,0,nixl_start_time
1780280947.7942736,1780280947.8066967,12.423,1780280947.8067148,0.01811981201171875,137317755940,137317.75594,1780280947.7942736,12.441158294677734,0.006198883056640625,4.146099090576172,4.125,33030144,2.658789664332287,2016,chatcmpl-1bdfbd91-dfca-4c60-8c86-9674783883e9-ade48fea,"nixl_xfer_handle(0x5af9a3d7de70, released=False)",decode,0,0,452715,21,d61968e8-e4aa-43a2-8ca8-85b623ffd1e5_dp1,0,nixl_start_time
1780280947.8196106,1780280947.8316655,12.055,1780280947.8317034,0.03790855407714844,137317781277,137317.781277,1780280947.8196106,12.092828750610352,0.0057220458984375,4.899263381958008,4.88,26738688,2.218057901285774,1632,chatcmpl-674c24b4-f961-4c99-8504-dd33a6d9c751-b0452cf0,"nixl_xfer_handle(0x556359990930, released=False)",decode,1,0,452712,17,d61968e8-e4aa-43a2-8ca8-85b623ffd1e5_dp1,0,nixl_start_time
1780280947.8313947,1780280947.8341527,2.758,1780280947.8341665,0.013828277587890625,137317793061,137317.793061,1780280947.8313947,2.7718544006347656,0.0054836273193359375,2.4089813232421875,2.388,3145728,1.140583031182016,192,chatcmpl-c1b115b6-9aea-41ef-9053-a9e27ba0728c-a237d042,"nixl_xfer_handle(0x5af9a3d7de70, released=False)",decode,0,0,452715,2,d61968e8-e4aa-43a2-8ca8-85b623ffd1e5_dp0,0,nixl_start_time
1780280947.8435717,1780280947.8482246,4.653,1780280947.8486433,0.41866302490234375,137317805238,137317.805238,1780280947.8435717,5.0716400146484375,0.0040531158447265625,4.674196243286133,4.653,9437184,2.028193423597679,576,chatcmpl-66aefdb3-28b6-4915-8b59-ecf0c9ce5eb8-9d3e712b,"nixl_xfer_handle(0x556359990930, released=False)",decode,1,0,452712,6,d61968e8-e4aa-43a2-8ca8-85b623ffd1e5_dp1,0,nixl_start_time
1780280947.8681977,1780280947.8720248,3.827,1780280947.8720815,0.056743621826171875,137317829864,137317.829864,1780280947.8681977,3.883838653564453,0.00286102294921875,3.487825393676758,3.469,4718592,1.2329741311732427,288,chatcmpl-c70acecd-13eb-435f-9caf-d04086abeb03-8d528253,"nixl_xfer_handle(0x5af9a3d7de70, released=False)",decode,0,0,452715,3,d61968e8-e4aa-43a2-8ca8-85b623ffd1e5_dp0,0,nixl_start_time
1780280947.9422216,1780280947.9478157,5.594,1780280947.948168,0.3523826599121094,137317903888,137317.903888,1780280947.9422216,5.94639778137207,0.003337860107421875,5.612850189208984,5.594,7864320,1.4058491240614943,480,chatcmpl-fcb6ebd0-cca0-421f-a74c-a3fd42f32875-be5c3f9d,"nixl_xfer_handle(0x5af9a3d7de70, released=False)",decode,0,0,452715,5,d61968e8-e4aa-43a2-8ca8-85b623ffd1e5_dp1,0,nixl_start_time
1780280948.0526576,1780280948.0577826,5.125,1780280948.057796,0.0133514404296875,137318014324,137318.014324,1780280948.0526576,5.138397216796875,0.003337860107421875,4.41431999206543,4.391,6291456,1.2276011707317074,384,chatcmpl-3f9ae4d3-e2cd-4af9-8d37-6fb3c43d91c1-961cac11,"nixl_xfer_handle(0x5af9a3d7de70, released=False)",decode,0,0,452715,4,d61968e8-e4aa-43a2-8ca8-85b623ffd1e5_dp0,0,nixl_start_time
1780280948.0776606,1780280948.0804956,2.835,1780280948.0808432,0.3476142883300781,137318039327,137318.039327,1780280948.0776606,3.182649612426758,0.0026226043701171875,2.853870391845703,2.835,4718592,1.6644063492063494,288,chatcmpl-627e791f-cd40-4070-83f8-c9d0611312d2-8faf8ae4,"nixl_xfer_handle(0x5af9a3d7de70, released=False)",decode,0,0,452715,3,d61968e8-e4aa-43a2-8ca8-85b623ffd1e5_dp1,0,nixl_start_time
1780280948.2240176,1780280948.2484496,24.432,1780280948.2484698,0.020265579223632812,137318185684,137318.185684,1780280948.2240176,24.45220947265625,0.0064373016357421875,9.509563446044922,9.485,66060288,2.703842829076621,4032,chatcmpl-6979521a-4104-41cb-a85a-4fdf607cee56-a005cc7a,"nixl_xfer_handle(0x556359990930, released=False)",decode,1,0,452712,42,d61968e8-e4aa-43a2-8ca8-85b623ffd1e5_dp1,0,nixl_start_time
1780280948.3588746,1780280948.3711905,12.316,1780280948.3712125,0.02193450927734375,137318320541,137318.320541,1780280948.3588746,12.337923049926758,0.0054836273193359375,5.128622055053711,5.108,31457280,2.55417992854823,1920,chatcmpl-3f792b5d-2352-473e-b7d0-7116c829c437-bca15261,"nixl_xfer_handle(0x556359990930, released=False)",decode,1,0,452712,20,d61968e8-e4aa-43a2-8ca8-85b623ffd1e5_dp0,0,nixl_start_time
1780280948.4074376,1780280948.4200225,12.585,1780280948.4200752,0.05269050598144531,137318369104,137318.369104,1780280948.4074376,12.637615203857422,0.0050067901611328125,4.988193511962891,4.968,20447232,1.6247303933253872,1248,chatcmpl-a3cb62c8-e8f4-4825-aaf4-eb52504a9bd5-bacee063,"nixl_xfer_handle(0x556359990930, released=False)",decode,1,0,452712,13,d61968e8-e4aa-43a2-8ca8-85b623ffd1e5_dp1,0,nixl_start_time
1780280948.4931927,1780280948.5233817,30.189,1780280948.5234032,0.021457672119140625,137318454859,137318.454859,1780280948.4931927,30.210494995117188,0.005245208740234375,15.036582946777344,15.013,78643200,2.6050283215740833,4800,chatcmpl-6cbd089e-8c57-49a1-b22c-b12065f59bf5-915fb93c,"nixl_xfer_handle(0x556359990930, released=False)",decode,1,0,452712,50,d61968e8-e4aa-43a2-8ca8-85b623ffd1e5_dp0,0,nixl_start_time
1780280948.5723886,1780280948.5980287,25.64,1780280948.5980523,0.023603439331054688,137318534055,137318.534055,1780280948.5723886,25.66361427307129,0.005245208740234375,9.553909301757812,9.515,59768832,2.3310776911076445,3648,chatcmpl-1d0755b9-5ef5-46f9-b2dc-8421f3f355b7-9d6fea0d,"nixl_xfer_handle(0x556359990930, released=False)",decode,1,0,452712,38,d61968e8-e4aa-43a2-8ca8-85b623ffd1e5_dp1,0,nixl_start_time
1780280948.5723927,1780280948.5831866,10.794,1780280948.583201,0.01430511474609375,137318534059,137318.534059,1780280948.5723927,10.808229446411133,0.0064373016357421875,5.46717643737793,5.445,31457280,2.9143301834352418,1920,chatcmpl-6a0fe51a-7f37-47a3-8367-3701405c94cb-af42ff21,"nixl_xfer_handle(0x5af9a3d7de70, released=False)",decode,0,0,452715,20,d61968e8-e4aa-43a2-8ca8-85b623ffd1e5_dp1,0,nixl_start_time
1780280948.5779986,1780280948.5979846,19.986,1780280948.5980067,0.022172927856445312,137318539665,137318.539665,1780280948.5779986,20.008087158203125,0.0040531158447265625,4.846096038818359,4.832,17301504,0.8656811768237767,1056,chatcmpl-62bc0e15-9dc4-402b-8580-7485cbbfa694-892f97be,"nixl_xfer_handle(0x5af99a3259c0, released=False)",decode,0,0,452715,11,d61968e8-e4aa-43a2-8ca8-85b623ffd1e5_dp1,0,nixl_start_time
1780280948.6467607,1780280948.6567087,9.948,1780280948.6569276,0.21886825561523438,137318608427,137318.608427,1780280948.6467607,10.16688346862793,0.0035762786865234375,9.969711303710938,9.948,14155776,1.4229770808202653,864,chatcmpl-304b07a8-2869-480e-83d4-bc8cec49246d-8a1831b0,"nixl_xfer_handle(0x5af99a3259c0, released=False)",decode,0,0,452715,9,d61968e8-e4aa-43a2-8ca8-85b623ffd1e5_dp0,0,nixl_start_time
1780280948.6467686,1780280948.6514845,4.715999999999999,1780280948.6741347,22.65024185180664,137318608435,137318.608435,1780280948.6467686,27.366161346435547,0.004291534423828125,4.740476608276367,4.716,9437184,2.0010992366412217,576,chatcmpl-75a15ed5-919a-4685-9f88-7042d7af5a3f-aa904327,"nixl_xfer_handle(0x556359990930, released=False)",decode,1,0,452712,6,d61968e8-e4aa-43a2-8ca8-85b623ffd1e5_dp0,0,nixl_start_time
1780280948.6518726,1780280948.6885417,36.669,1780280948.688563,0.021457672119140625,137318613539,137318.613539,1780280948.6518726,36.690473556518555,0.0040531158447265625,21.82936668395996,21.793,95944704,2.6165072404483354,5856,chatcmpl-aacba978-f232-47a7-8d1d-71c893ae4eb1-b62d0454,"nixl_xfer_handle(0x556359915460, released=False)",decode,1,0,452712,61,d61968e8-e4aa-43a2-8ca8-85b623ffd1e5_dp0,0,nixl_start_time
1780280948.7132115,1780280948.7378585,24.647,1780280948.7378855,0.026941299438476562,137318674878,137318.674878,1780280948.7132115,24.673938751220703,0.0045299530029296875,9.550809860229492,9.526,67633152,2.7440723820343247,4128,chatcmpl-c355010d-70ef-46d4-a541-0b8a298479e5-8b15aace,"nixl_xfer_handle(0x556359915460, released=False)",decode,1,0,452712,43,d61968e8-e4aa-43a2-8ca8-85b623ffd1e5_dp1,0,nixl_start_time
1780280948.7260466,1780280948.7496846,23.637999999999998,1780280948.749707,0.022411346435546875,137318687713,137318.687713,1780280948.7260466,23.66042137145996,0.004291534423828125,1.2369155883789062,1.213,3145728,0.13307927912682968,192,chatcmpl-47504ad0-7800-40cb-b28d-833c4b543a70-9530c188,"nixl_xfer_handle(0x556359990930, released=False)",decode,1,0,452712,2,d61968e8-e4aa-43a2-8ca8-85b623ffd1e5_dp0,0,nixl_start_time
1780280948.7260597,1780280948.7376816,11.622,1780280948.737725,0.043392181396484375,137318687726,137318.687726,1780280948.7260597,11.66534423828125,0.0030994415283203125,5.591630935668945,5.571,7864320,0.6766752710376871,480,chatcmpl-38d0a12a-f5aa-4d1e-acdc-c694e55bd3de-b7ed39a5,"nixl_xfer_handle(0x5af99a3259c0, released=False)",decode,0,0,452715,5,d61968e8-e4aa-43a2-8ca8-85b623ffd1e5_dp0,0,nixl_start_time
1780280948.8836677,1780280948.8856966,2.029,1780280948.8860428,0.34618377685546875,137318845334,137318.845334,1780280948.8836677,2.3751258850097656,0.003337860107421875,2.0494461059570312,2.029,3145728,1.550383440118285,192,chatcmpl-54141516-9957-4d09-b0b2-a8fa577b07a9-a6edc89d,"nixl_xfer_handle(0x5af99a3259c0, released=False)",decode,0,0,452715,2,d61968e8-e4aa-43a2-8ca8-85b623ffd1e5_dp1,0,nixl_start_time
1780280948.8959587,1780280948.9085937,12.635,1780280948.9086466,0.052928924560546875,137318857625,137318.857625,1780280948.8959587,12.687921524047852,0.0050067901611328125,4.971981048583984,4.953,23592960,1.867270280965572,1440,chatcmpl-1cc8b344-5bf8-47bc-8877-65bf1bec45ff-b096debb,"nixl_xfer_handle(0x556359990930, released=False)",decode,1,0,452712,15,d61968e8-e4aa-43a2-8ca8-85b623ffd1e5_dp0,0,nixl_start_time
1780280948.9693046,1780280948.9936516,24.347,1780280948.9936852,0.03361701965332031,137318930971,137318.930971,1780280948.9693046,24.38068389892578,0.0054836273193359375,5.6781768798828125,5.658,47185920,1.938058898426911,2880,chatcmpl-ede3c29c-ada0-437f-8991-1c37be6de284-b5121581,"nixl_xfer_handle(0x5af99a3259c0, released=False)",decode,0,0,452715,30,d61968e8-e4aa-43a2-8ca8-85b623ffd1e5_dp1,0,nixl_start_time
1780280948.9813297,1780280948.9937146,12.385,1780280948.9937239,0.009298324584960938,137318942996,137318.942996,1780280948.9813297,12.394189834594727,0.0050067901611328125,1.6543865203857422,1.631,3145728,0.25399499394428743,192,chatcmpl-2ebb7667-517b-4ba3-9dc9-5ff3d7788ab0-90ddd4e5,"nixl_xfer_handle(0x5af9a3d7de70, released=False)",decode,0,0,452715,2,d61968e8-e4aa-43a2-8ca8-85b623ffd1e5_dp0,0,nixl_start_time
1780280948.9934506,1780280948.9950757,1.625,1780280948.9954882,0.4124641418457031,137318955117,137318.955117,1780280948.9934506,2.037525177001953,0.0054836273193359375,1.6477108001708984,1.625,3145728,1.9358326153846155,192,chatcmpl-7a397aa8-e68c-4cde-8a7f-7de050e8b49d-b9f367a1,"nixl_xfer_handle(0x556359990930, released=False)",decode,1,0,452712,2,d61968e8-e4aa-43a2-8ca8-85b623ffd1e5_dp0,0,nixl_start_time
1780280949.0298016,1780280949.0319567,2.155,1780280949.0323036,0.34689903259277344,137318991468,137318.991468,1780280949.0298016,2.501964569091797,0.0045299530029296875,2.1750926971435547,2.155,3145728,1.4597345707656615,192,chatcmpl-46ab47c7-b78e-45e3-a1e3-3591def86902-9bc98ca2,"nixl_xfer_handle(0x5af9a3d7de70, released=False)",decode,0,0,452715,2,d61968e8-e4aa-43a2-8ca8-85b623ffd1e5_dp1,0,nixl_start_time
1780280949.0419946,1780280949.0424726,0.47800000000000004,1780280949.0428698,0.3972053527832031,137319003661,137319.003661,1780280949.0419946,0.8752346038818359,0.00476837158203125,0.49877166748046875,0.478,1572864,3.2905104602510455,48,chatcmpl-7d6026bb-a6e2-4a70-8dc2-f96a3a1e7a12-a5124e40,"nixl_xfer_handle(0x556359990930, released=False)",decode,1,0,452712,1,d61968e8-e4aa-43a2-8ca8-85b623ffd1e5_dp0,0,nixl_start_time
1780280949.1026056,1780280949.1043305,1.7249999999999999,1780280949.10474,0.4093647003173828,137319064272,137319.064272,1780280949.1026056,2.1343231201171875,0.0050067901611328125,1.7511844635009766,1.725,3145728,1.8236104347826088,192,chatcmpl-8744b090-6ece-4cb5-9ca2-e1232a5f6639-9c3e49d4,"nixl_xfer_handle(0x556359990930, released=False)",decode,1,0,452712,2,d61968e8-e4aa-43a2-8ca8-85b623ffd1e5_dp1,0,nixl_start_time
1780280949.1269267,1780280949.1285677,1.641,1780280949.1289697,0.4019737243652344,137319088593,137319.088593,1780280949.1269267,2.043008804321289,0.004291534423828125,1.6608238220214844,1.641,3145728,1.9169579524680072,192,chatcmpl-b2388ce2-90df-4a41-9597-e74dbe10d1e1-ab57cb95,"nixl_xfer_handle(0x556359990930, released=False)",decode,1,0,452712,2,d61968e8-e4aa-43a2-8ca8-85b623ffd1e5_dp0,0,nixl_start_time
1780280949.1638656,1780280949.1793866,15.521,1780280949.1794,0.0133514404296875,137319125532,137319.125532,1780280949.1638656,15.534400939941406,0.005245208740234375,4.218578338623047,4.198,29884416,1.925418207589717,1824,chatcmpl-29e3ce38-5f0e-488e-a2d7-1e904752d422-a66ea2e2,"nixl_xfer_handle(0x5af9a3d7de70, released=False)",decode,0,0,452715,19,d61968e8-e4aa-43a2-8ca8-85b623ffd1e5_dp1,0,nixl_start_time
1780280949.1755087,1780280949.1790338,3.525,1780280949.1794205,0.3867149353027344,137319137175,137319.137175,1780280949.1755087,3.911733627319336,0.006198883056640625,3.545045852661133,3.525,4718592,1.338607659574468,288,chatcmpl-668bf8e2-eaea-4a48-8d19-f82453b5fbcd-bfcff1d2,"nixl_xfer_handle(0x5af99a3259c0, released=False)",decode,0,0,452715,3,d61968e8-e4aa-43a2-8ca8-85b623ffd1e5_dp0,0,nixl_start_time
1780280949.2364748,1780280949.2609148,24.44,1780280949.2609665,0.05173683166503906,137319198141,137319.198141,1780280949.2364748,24.49178695678711,0.0057220458984375,8.551836013793945,8.532,42467328,1.7376157119476268,2592,chatcmpl-80b3c4df-61f7-4c7b-8c2a-f8564629094f-86d1e512,"nixl_xfer_handle(0x556359990930, released=False)",decode,1,0,452712,27,d61968e8-e4aa-43a2-8ca8-85b623ffd1e5_dp0,0,nixl_start_time
1780280949.2485557,1780280949.2507687,2.213,1780280949.2511237,0.35500526428222656,137319210222,137319.210222,1780280949.2485557,2.5680065155029297,0.003337860107421875,2.2306442260742188,2.213,3145728,1.4214767284229552,192,chatcmpl-5147236a-5d44-48c5-b803-1f4aff51fa11-b0276746,"nixl_xfer_handle(0x5af99a3259c0, released=False)",decode,0,0,452715,2,d61968e8-e4aa-43a2-8ca8-85b623ffd1e5_dp1,0,nixl_start_time
1780280949.3578157,1780280949.3594487,1.633,1780280949.3598375,0.38886070251464844,137319319482,137319.319482,1780280949.3578157,2.02178955078125,0.0054836273193359375,1.653432846069336,1.633,3145728,1.9263490508266996,192,chatcmpl-6800f9a5-5eb8-4191-ad51-bfad994bea47-8e118096,"nixl_xfer_handle(0x556359990930, released=False)",decode,1,0,452712,2,d61968e8-e4aa-43a2-8ca8-85b623ffd1e5_dp1,0,nixl_start_time
1780280949.3579156,1780280949.3701446,12.229000000000001,1780280949.3701653,0.020742416381835938,137319319582,137319.319582,1780280949.3579156,12.24970817565918,0.0050067901611328125,5.148172378540039,5.129,36175872,2.95820361435931,2208,chatcmpl-228f04a0-2896-447b-9fbe-259dbf569b4e-9915e960,"nixl_xfer_handle(0x5af99a3259c0, released=False)",decode,0,0,452715,23,d61968e8-e4aa-43a2-8ca8-85b623ffd1e5_dp0,0,nixl_start_time
1780280949.4434216,1780280949.4788165,35.395,1780280949.4788344,0.017881393432617188,137319405088,137319.405088,1780280949.4434216,35.41278839111328,0.0059604644775390625,20.68471908569336,20.648,88080384,2.4884979234355136,5376,chatcmpl-08a81f64-f473-4333-8ade-0eeba084ce92-9fca6f5e,"nixl_xfer_handle(0x5af99a3259c0, released=False)",decode,0,0,452715,56,d61968e8-e4aa-43a2-8ca8-85b623ffd1e5_dp0,0,nixl_start_time
1780280949.6005106,1780280949.6022265,1.716,1780280949.6026244,0.3979206085205078,137319562177,137319.562177,1780280949.6005106,2.113819122314453,0.0045299530029296875,1.7361640930175781,1.716,3145728,1.8331748251748252,192,chatcmpl-efe4df66-0031-4200-a508-18227fb7a7c5-9da24940,"nixl_xfer_handle(0x556359990930, released=False)",decode,1,0,452712,2,d61968e8-e4aa-43a2-8ca8-85b623ffd1e5_dp0,0,nixl_start_time
1780280949.6734126,1780280949.6975687,24.156,1780280949.6975868,0.01811981201171875,137319635079,137319.635079,1780280949.6734126,24.174213409423828,0.00667572021484375,6.154775619506836,6.133,61341696,2.539397913561848,3744,chatcmpl-1b324f30-ad57-4407-ace9-01025e8331ed-87de9400,"nixl_xfer_handle(0x5af99a3259c0, released=False)",decode,0,0,452715,39,d61968e8-e4aa-43a2-8ca8-85b623ffd1e5_dp1,0,nixl_start_time
1780280949.6852686,1780280949.6857836,0.515,1780280949.6861439,0.36025047302246094,137319646935,137319.646935,1780280949.6852686,0.8752346038818359,0.0045299530029296875,0.5364418029785156,0.515,1572864,3.0541048543689318,48,chatcmpl-dd2782b6-3a59-4031-b025-f10e1a5e48e2-9ad30cf1,"nixl_xfer_handle(0x556359990930, released=False)",decode,1,0,452712,1,d61968e8-e4aa-43a2-8ca8-85b623ffd1e5_dp0,0,nixl_start_time
1780280949.7340217,1780280949.7459435,11.922,1780280949.7459886,0.04506111145019531,137319695688,137319.695688,1780280949.7340217,11.966943740844727,0.00476837158203125,3.3991336822509766,3.379,23592960,1.978943130347257,1440,chatcmpl-53716e39-89a7-4ec5-a0fc-c7868a018768-9cda2904,"nixl_xfer_handle(0x5af99a3259c0, released=False)",decode,0,0,452715,15,d61968e8-e4aa-43a2-8ca8-85b623ffd1e5_dp0,0,nixl_start_time
1780280949.8667467,1780280949.8691647,2.418,1780280949.869199,0.034332275390625,137319828413,137319.828413,1780280949.8667467,2.452373504638672,0.0050067901611328125,2.0873546600341797,2.066,3145728,1.3009627791563274,192,chatcmpl-639390b6-191a-4aad-a672-59e5bab06dac-8355c13f,"nixl_xfer_handle(0x5af99a3259c0, released=False)",decode,0,0,452715,2,d61968e8-e4aa-43a2-8ca8-85b623ffd1e5_dp1,0,nixl_start_time
1780280949.9640527,1780280949.9760687,12.016,1780280949.9760892,0.020503997802734375,137319925719,137319.925719,1780280949.9640527,12.036561965942383,0.0054836273193359375,4.816293716430664,4.797,33030144,2.7488468708388814,2016,chatcmpl-40134949-55b9-4dff-837b-d610082c94cc-ac3b8c3e,"nixl_xfer_handle(0x5af99a3259c0, released=False)",decode,0,0,452715,21,d61968e8-e4aa-43a2-8ca8-85b623ffd1e5_dp0,0,nixl_start_time
1780280949.9881728,1780280950.0006309,12.458,1780280950.0006642,0.03337860107421875,137319949839,137319.949839,1780280949.9881728,12.491464614868164,0.0045299530029296875,4.655122756958008,4.636,22020096,1.7675466366993096,1344,chatcmpl-0a43c499-1a2c-4a85-b55b-cec105f415dd-ba696ec1,"nixl_xfer_handle(0x556359990930, released=False)",decode,1,0,452712,14,d61968e8-e4aa-43a2-8ca8-85b623ffd1e5_dp1,0,nixl_start_time
1780280950.0002966,1780280950.0070317,6.734999999999999,1780280950.0070708,0.03910064697265625,137319961963,137319.961963,1780280950.0002966,6.774187088012695,0.0026226043701171875,6.399869918823242,6.38,9437184,1.4012151447661472,576,chatcmpl-89eedd24-2d2a-4465-ba33-8f6f31e4c737-8c32fd74,"nixl_xfer_handle(0x5af99a3259c0, released=False)",decode,0,0,452715,6,d61968e8-e4aa-43a2-8ca8-85b623ffd1e5_dp0,0,nixl_start_time
1780280950.0119727,1780280950.0124657,0.49299999999999994,1780280950.0128715,0.4057884216308594,137319973639,137319.973639,1780280950.0119727,0.8988380432128906,0.005245208740234375,0.5130767822265625,0.493,1572864,3.1903935091277895,48,chatcmpl-e7d7b084-e1e5-41b8-ae00-b1b3b4ccbde0-9ddff138,"nixl_xfer_handle(0x556359990930, released=False)",decode,1,0,452712,1,d61968e8-e4aa-43a2-8ca8-85b623ffd1e5_dp1,0,nixl_start_time
1780280950.1707036,1780280950.1957986,25.095,1780280950.195855,0.05626678466796875,137320132370,137320.13237,1780280950.1707036,25.15125274658203,0.005245208740234375,8.77690315246582,8.757,61341696,2.4443791990436345,3744,chatcmpl-122d4039-da1c-4f78-a7b8-044cdc4e9e5c-bf408d1c,"nixl_xfer_handle(0x556359990930, released=False)",decode,1,0,452712,39,d61968e8-e4aa-43a2-8ca8-85b623ffd1e5_dp0,0,nixl_start_time
1780280950.1956947,1780280950.2197237,24.029,1780280950.219741,0.017404556274414062,137320157361,137320.157361,1780280950.1956947,24.04642105102539,0.005245208740234375,5.662202835083008,5.633,42467328,1.7673364684339756,2592,chatcmpl-496239b3-4afd-4679-b12d-6c4d93236a57-9383071d,"nixl_xfer_handle(0x5af99a3259c0, released=False)",decode,0,0,452715,27,d61968e8-e4aa-43a2-8ca8-85b623ffd1e5_dp0,0,nixl_start_time
1780280950.2557266,1780280950.2595806,3.8539999999999996,1780280950.2599833,0.40268898010253906,137320217393,137320.217393,1780280950.2557266,4.256725311279297,0.0045299530029296875,3.8759708404541016,3.854,7864320,2.0405604566683966,480,chatcmpl-4e1251f8-0ec2-4f51-a322-7053b797b270-856b6b31,"nixl_xfer_handle(0x556359990930, released=False)",decode,1,0,452712,5,d61968e8-e4aa-43a2-8ca8-85b623ffd1e5_dp1,0,nixl_start_time
1780280950.2680156,1780280950.2697427,1.727,1780280950.2701507,0.40793418884277344,137320229682,137320.229682,1780280950.2680156,2.135038375854492,0.00476837158203125,1.749277114868164,1.727,3145728,1.8214985524030112,192,chatcmpl-2045a53f-db52-4624-a6e7-932fd9cd232d-8678aa52,"nixl_xfer_handle(0x556359990930, released=False)",decode,1,0,452712,2,d61968e8-e4aa-43a2-8ca8-85b623ffd1e5_dp0,0,nixl_start_time
1780280950.2927606,1780280950.3232687,30.508,1780280950.3233116,0.04291534423828125,137320254427,137320.254427,1780280950.2927606,30.55095672607422,0.0050067901611328125,8.894681930541992,8.873,45613056,1.4951178707224333,2784,chatcmpl-864aa29a-17ac-402b-aad4-903520b8c4bb-8489719b,"nixl_xfer_handle(0x556359990930, released=False)",decode,1,0,452712,29,d61968e8-e4aa-43a2-8ca8-85b623ffd1e5_dp1,0,nixl_start_time
1780280950.3172257,1780280950.3228726,5.647,1780280950.3233342,0.461578369140625,137320278892,137320.278892,1780280950.3172257,6.108522415161133,0.0054836273193359375,5.6705474853515625,5.647,11010048,1.949716309544891,672,chatcmpl-bb6fcee7-66fe-4d39-a389-9a7c7a15308a-9757edc9,"nixl_xfer_handle(0x556359915460, released=False)",decode,1,0,452712,7,d61968e8-e4aa-43a2-8ca8-85b623ffd1e5_dp0,0,nixl_start_time
1780280950.3172717,1780280950.3334837,16.212,1780280950.333496,0.01239776611328125,137320278938,137320.278938,1780280950.3172717,16.224384307861328,0.006198883056640625,5.034446716308594,5.014,36175872,2.231425610658771,2208,chatcmpl-50a77f21-3a76-49c7-9ad4-a711c21dc0a7-81473946,"nixl_xfer_handle(0x5af99a3259c0, released=False)",decode,0,0,452715,23,d61968e8-e4aa-43a2-8ca8-85b623ffd1e5_dp0,0,nixl_start_time
1780280950.3295348,1780280950.3420777,12.543000000000001,1780280950.3420975,0.019788742065429688,137320291201,137320.291201,1780280950.3295348,12.562751770019531,0.0045299530029296875,3.561735153198242,3.543,22020096,1.7555685242764887,1344,chatcmpl-ac9b6666-bbaf-41a9-8688-b1a4ad8135ec-b937c24a,"nixl_xfer_handle(0x5af9a3d7de70, released=False)",decode,0,0,452715,14,d61968e8-e4aa-43a2-8ca8-85b623ffd1e5_dp1,0,nixl_start_time
1780280950.3543766,1780280950.3573635,2.987,1780280950.3577173,0.35381317138671875,137320316043,137320.316043,1780280950.3543766,3.3407211303710938,0.003337860107421875,3.0040740966796875,2.987,4718592,1.5797094074322062,288,chatcmpl-0ea825a8-98cf-49b9-b0bb-4d9b3cc70043-9ea55949,"nixl_xfer_handle(0x5af9a3d7de70, released=False)",decode,0,0,452715,3,d61968e8-e4aa-43a2-8ca8-85b623ffd1e5_dp0,0,nixl_start_time
1780280950.3543928,1780280950.3583958,4.002999999999999,1780280950.358812,0.4162788391113281,137320316059,137320.316059,1780280950.3543928,4.4193267822265625,0.0045299530029296875,4.025459289550781,4.003,7864320,1.9646065450911818,480,chatcmpl-909b42dc-42da-4531-8009-2d19b7104041-ac85152b,"nixl_xfer_handle(0x556359915460, released=False)",decode,1,0,452712,5,d61968e8-e4aa-43a2-8ca8-85b623ffd1e5_dp0,0,nixl_start_time
1780280950.3662906,1780280950.3667996,0.509,1780280950.367198,0.39839744567871094,137320327957,137320.327957,1780280950.3662906,0.9074211120605469,0.0050067901611328125,0.5297660827636719,0.509,1572864,3.090106090373281,48,chatcmpl-927f7052-955b-44fb-a6db-3e098e15a90a-9d2f1fe8,"nixl_xfer_handle(0x556359915460, released=False)",decode,1,0,452712,1,d61968e8-e4aa-43a2-8ca8-85b623ffd1e5_dp1,0,nixl_start_time
1780280950.3910255,1780280950.4151585,24.133000000000003,1780280950.4151793,0.020742416381835938,137320352692,137320.352692,1780280950.3910255,24.153709411621094,0.00476837158203125,6.011247634887695,5.99,39321600,1.6293705714167321,2400,chatcmpl-24031508-7cf3-438b-bc7f-b4f52c7523e5-a9a25829,"nixl_xfer_handle(0x556359915460, released=False)",decode,1,0,452712,25,d61968e8-e4aa-43a2-8ca8-85b623ffd1e5_dp1,0,nixl_start_time
1780280950.4634147,1780280950.4675076,4.093,1780280950.4678502,0.3426074981689453,137320425081,137320.425081,1780280950.4634147,4.435539245605469,0.0045299530029296875,4.112720489501953,4.093,6291456,1.5371258245785486,384,chatcmpl-37ecf469-91c9-439f-8da5-34d42fc71152-bed2f0fd,"nixl_xfer_handle(0x5af9a3d7de70, released=False)",decode,0,0,452715,4,d61968e8-e4aa-43a2-8ca8-85b623ffd1e5_dp0,0,nixl_start_time
1780280950.4877887,1780280950.4898996,2.111,1780280950.4902377,0.3380775451660156,137320449455,137320.449455,1780280950.4877887,2.44903564453125,0.005245208740234375,2.1293163299560547,2.111,3145728,1.490160113690194,192,chatcmpl-fc47a6ed-db50-4697-baa7-0442d44aed7e-a5962c8c,"nixl_xfer_handle(0x5af9a3d7de70, released=False)",decode,0,0,452715,2,d61968e8-e4aa-43a2-8ca8-85b623ffd1e5_dp1,0,nixl_start_time
1780280950.6345837,1780280950.6594038,24.819999999999997,1780280950.6594245,0.020742416381835938,137320596250,137320.59625,1780280950.6345837,24.840831756591797,0.0054836273193359375,9.8876953125,9.862,69206016,2.788316518936342,4224,chatcmpl-666aa968-e04a-48c7-89ea-ae68f32a608d-94e05f11,"nixl_xfer_handle(0x556359915460, released=False)",decode,1,0,452712,44,d61968e8-e4aa-43a2-8ca8-85b623ffd1e5_dp0,0,nixl_start_time
1780280950.7083066,1780280950.7347536,26.447,1780280950.7348077,0.05412101745605469,137320669973,137320.669973,1780280950.7083066,26.501178741455078,0.0057220458984375,9.600162506103516,9.559,62914560,2.3788921238703824,3840,chatcmpl-685fd91b-06b2-4084-a1f5-1b56a13a4ab9-89d88277,"nixl_xfer_handle(0x556359915460, released=False)",decode,1,0,452712,40,d61968e8-e4aa-43a2-8ca8-85b623ffd1e5_dp1,0,nixl_start_time
1780280950.7327116,1780280950.7343504,1.639,1780280950.7348294,0.47898292541503906,137320694378,137320.694378,1780280950.7327116,2.1178722381591797,0.00476837158203125,1.6591548919677734,1.639,3145728,1.9192971323978036,192,chatcmpl-8c2dd313-a80f-4031-b975-64705dbeba87-a61795a0,"nixl_xfer_handle(0x556359990930, released=False)",decode,1,0,452712,2,d61968e8-e4aa-43a2-8ca8-85b623ffd1e5_dp0,0,nixl_start_time
1780280950.7327836,1780280950.7503185,17.535,1780280950.7503655,0.04696846008300781,137320694450,137320.69445,1780280950.7327836,17.581939697265625,0.005245208740234375,3.6339759826660156,3.614,26738688,1.5248752780153978,1632,chatcmpl-78bee27c-b4e2-44dc-93d6-0b316a7295f4-8ee21c62,"nixl_xfer_handle(0x5af9a3d7de70, released=False)",decode,0,0,452715,17,d61968e8-e4aa-43a2-8ca8-85b623ffd1e5_dp0,0,nixl_start_time
1780280950.7452097,1780280950.7576346,12.425,1780280950.7576535,0.018835067749023438,137320706876,137320.706876,1780280950.7452097,12.443780899047852,0.0045299530029296875,4.729747772216797,4.711,31457280,2.5317730382293764,1920,chatcmpl-1fc9a6ef-ef1f-48d3-9f82-7c5d3140571d-910f76b6,"nixl_xfer_handle(0x5af99a3259c0, released=False)",decode,0,0,452715,20,d61968e8-e4aa-43a2-8ca8-85b623ffd1e5_dp1,0,nixl_start_time
1780280950.8188286,1780280950.8557596,36.931,1780280950.8557796,0.02002716064453125,137320780495,137320.780495,1780280950.8188286,36.95106506347656,0.0059604644775390625,17.994403839111328,17.958,77070336,2.0868737916655387,4704,chatcmpl-00b1647d-5439-4746-94ea-4bb699c8cdd7-a7256766,"nixl_xfer_handle(0x5af99a3259c0, released=False)",decode,0,0,452715,49,d61968e8-e4aa-43a2-8ca8-85b623ffd1e5_dp0,0,nixl_start_time
1780280950.8406086,1780280950.8517506,11.142000000000001,1780280950.851795,0.044345855712890625,137320802275,137320.802275,1780280950.8406086,11.186361312866211,0.004291534423828125,6.794452667236328,6.775,29884416,2.6821410877759826,1824,chatcmpl-17cc410b-4095-41e4-9918-a740c0a2d5a9-9dafe6ee,"nixl_xfer_handle(0x556359990930, released=False)",decode,1,0,452712,19,d61968e8-e4aa-43a2-8ca8-85b623ffd1e5_dp1,0,nixl_start_time
1780280950.8515627,1780280950.8640118,12.449,1780280950.8640308,0.019073486328125,137320813229,137320.813229,1780280950.8515627,12.468099594116211,0.0057220458984375,3.7758350372314453,3.757,25165824,2.0215136958791873,1536,chatcmpl-6b13f1ce-f0b7-46a8-8dd0-74ca6afc1d4a-80af2450,"nixl_xfer_handle(0x5af9a3d7de70, released=False)",decode,0,0,452715,16,d61968e8-e4aa-43a2-8ca8-85b623ffd1e5_dp0,0,nixl_start_time
1780280950.9620187,1780280950.9872236,25.205000000000002,1780280950.98725,0.026464462280273438,137320923685,137320.923685,1780280950.9620187,25.231361389160156,0.0059604644775390625,8.548736572265625,8.526,59768832,2.3713085498908946,3648,chatcmpl-0f05eeee-ff4e-4e8d-a189-97beda6edfb8-80852b2b,"nixl_xfer_handle(0x556359990930, released=False)",decode,1,0,452712,38,d61968e8-e4aa-43a2-8ca8-85b623ffd1e5_dp1,0,nixl_start_time
1780280950.9741735,1780280950.9872746,13.100999999999999,1780280950.9872856,0.010967254638671875,137320935840,137320.93584,1780280950.9741735,13.112068176269531,0.003814697265625,3.3063888549804688,3.283,9437184,0.7203407373482941,576,chatcmpl-d2da752a-9033-4b07-bc30-52a88015339b-945c92f5,"nixl_xfer_handle(0x556359915460, released=False)",decode,1,0,452712,6,d61968e8-e4aa-43a2-8ca8-85b623ffd1e5_dp0,0,nixl_start_time
1780280950.9742126,1780280950.9871557,12.943,1780280950.9872143,0.058650970458984375,137320935879,137320.935879,1780280950.9742126,13.001680374145508,0.005245208740234375,4.497051239013672,4.477,23592960,1.8228355095418374,1440,chatcmpl-f964ef17-e76b-44b0-aed0-68ec524af3e1-bad579c5,"nixl_xfer_handle(0x5af9a3d51d20, released=False)",decode,0,0,452715,15,d61968e8-e4aa-43a2-8ca8-85b623ffd1e5_dp1,0,nixl_start_time
1780280950.9986556,1780280951.0232286,24.573,1780280951.0232873,0.058650970458984375,137320960322,137320.960322,1780280950.9986556,24.631738662719727,0.00476837158203125,6.527900695800781,6.504,44040192,1.7922187767061408,2688,chatcmpl-c02abf47-aad2-4b87-babe-a7990cf91622-bedad118,"nixl_xfer_handle(0x556359915460, released=False)",decode,1,0,452712,28,d61968e8-e4aa-43a2-8ca8-85b623ffd1e5_dp0,0,nixl_start_time
1780280951.0230668,1780280951.0353098,12.243,1780280951.0353668,0.05698204040527344,137320984733,137320.984733,1780280951.0230668,12.30001449584961,0.00476837158203125,3.8340091705322266,3.815,28311552,2.3124685126194557,1728,chatcmpl-59942cc6-bdc2-4b73-8711-4a7599b11485-83e9834f,"nixl_xfer_handle(0x5af9a3d51d20, released=False)",decode,0,0,452715,18,d61968e8-e4aa-43a2-8ca8-85b623ffd1e5_dp1,0,nixl_start_time
1780280951.0351086,1780280951.0381696,3.061,1780280951.038587,0.41747093200683594,137320996775,137320.996775,1780280951.0351086,3.478527069091797,0.0045299530029296875,3.0825138092041016,3.061,6291456,2.055359686377001,384,chatcmpl-f26af523-dab2-4cf5-ab9b-c99fa8f1349e-8e9bdde8,"nixl_xfer_handle(0x556359915460, released=False)",decode,1,0,452712,4,d61968e8-e4aa-43a2-8ca8-85b623ffd1e5_dp0,0,nixl_start_time
1780280951.0718746,1780280951.0841346,12.26,1780280951.0841875,0.052928924560546875,137321033541,137321.033541,1780280951.0718746,12.312889099121094,0.0050067901611328125,4.776239395141602,4.756,28311552,2.3092619902120717,1728,chatcmpl-196b22b1-98c0-4f1e-ad58-757ea8f06ee9-b11c5c64,"nixl_xfer_handle(0x5af9a3d51d20, released=False)",decode,0,0,452715,18,d61968e8-e4aa-43a2-8ca8-85b623ffd1e5_dp1,0,nixl_start_time
1780280951.1454766,1780280951.1918075,46.330999999999996,1780280951.1918209,0.0133514404296875,137321107143,137321.107143,1780280951.1454766,46.34428024291992,0.01049041748046875,23.71811866760254,23.677,100663296,2.172698538775334,6144,chatcmpl-5f6bec03-8620-4f65-b98f-36f546de934e-879919c1,"nixl_xfer_handle(0x5af9a3d51d20, released=False)",decode,0,0,452715,64,d61968e8-e4aa-43a2-8ca8-85b623ffd1e5_dp0,0,nixl_start_time
1780280951.1731296,1780280951.1860516,12.921999999999999,1780280951.1860647,0.013113021850585938,137321134796,137321.134796,1780280951.1731296,12.935161590576172,0.004291534423828125,6.955146789550781,6.937,28311552,2.190957436929268,1728,chatcmpl-6a722c7f-4433-4fed-9564-69818ee09e00-a60c39b6,"nixl_xfer_handle(0x556359915460, released=False)",decode,1,0,452712,18,d61968e8-e4aa-43a2-8ca8-85b623ffd1e5_dp1,0,nixl_start_time
1780280951.1840227,1780280951.1856766,1.6540000000000001,1780280951.1860821,0.4055500030517578,137321145689,137321.145689,1780280951.1840227,2.059459686279297,0.00476837158203125,1.672506332397461,1.654,3145728,1.9018911729141474,192,chatcmpl-8d6c8c8d-5dfd-4129-b3c3-299159088b16-9762bca2,"nixl_xfer_handle(0x556359cf1740, released=False)",decode,1,0,452712,2,d61968e8-e4aa-43a2-8ca8-85b623ffd1e5_dp0,0,nixl_start_time
1780280951.1841047,1780280951.1918507,7.746,1780280951.1918724,0.021696090698242188,137321145771,137321.145771,1780280951.1841047,7.767677307128906,0.0045299530029296875,7.318735122680664,7.297,14155776,1.8274949651433,864,chatcmpl-50f864f5-9271-4d98-a9d9-ac675536ad78-9847c58f,"nixl_xfer_handle(0x5af99a3259c0, released=False)",decode,0,0,452715,9,d61968e8-e4aa-43a2-8ca8-85b623ffd1e5_dp1,0,nixl_start_time
1780280951.2327046,1780280951.2352526,2.548,1780280951.2356586,0.40602684020996094,137321194371,137321.194371,1780280951.2327046,2.9540061950683594,0.004291534423828125,2.5680065155029297,2.548,4718592,1.8518806907378338,288,chatcmpl-fc88bba1-1fe5-4700-9611-ed4d378f66c9-856dc1d5,"nixl_xfer_handle(0x556359915460, released=False)",decode,1,0,452712,3,d61968e8-e4aa-43a2-8ca8-85b623ffd1e5_dp1,0,nixl_start_time
1780280951.2573967,1780280951.2816026,24.206,1780280951.2816215,0.018835067749023438,137321219063,137321.219063,1780280951.2573967,24.22475814819336,0.006198883056640625,5.173206329345703,5.152,40894464,1.689435016111708,2496,chatcmpl-beee72b3-653b-477e-b9b2-301ede606917-b9f5a2fb,"nixl_xfer_handle(0x5af99a3259c0, released=False)",decode,0,0,452715,26,d61968e8-e4aa-43a2-8ca8-85b623ffd1e5_dp0,0,nixl_start_time
1780280951.3059187,1780280951.3076537,1.735,1780280951.3080556,0.4019737243652344,137321267585,137321.267585,1780280951.3059187,2.1369457244873047,0.0050067901611328125,1.7559528350830078,1.735,3145728,1.813099711815562,192,chatcmpl-1efc5c49-b7c4-43aa-bb45-b23bde771c4d-a46375d2,"nixl_xfer_handle(0x556359915460, released=False)",decode,1,0,452712,2,d61968e8-e4aa-43a2-8ca8-85b623ffd1e5_dp1,0,nixl_start_time
1780280951.3179126,1780280951.3304405,12.527999999999999,1780280951.3304605,0.02002716064453125,137321279579,137321.279579,1780280951.3179126,12.547969818115234,0.00476837158203125,3.018617630004883,2.998,17301504,1.3810268199233717,1056,chatcmpl-e4fc7df6-6ade-4edf-a1a9-bfce30d59204-9122ca11,"nixl_xfer_handle(0x5af9a3dfc6c0, released=False)",decode,0,0,452715,11,d61968e8-e4aa-43a2-8ca8-85b623ffd1e5_dp0,0,nixl_start_time
1780280951.3302717,1780280951.3423016,12.030000000000001,1780280951.3423235,0.02193450927734375,137321291938,137321.291938,1780280951.3302717,12.051820755004883,0.005245208740234375,4.824399948120117,4.804,25165824,2.0919221945137156,1536,chatcmpl-8fb44364-5bef-4040-8ce0-871da9853b4f-a37ec822,"nixl_xfer_handle(0x556359915460, released=False)",decode,1,0,452712,16,d61968e8-e4aa-43a2-8ca8-85b623ffd1e5_dp1,0,nixl_start_time
1780280951.3783877,1780280951.3800898,1.702,1780280951.3805077,0.41794776916503906,137321340054,137321.340054,1780280951.3783877,2.1200180053710938,0.0050067901611328125,1.7223358154296875,1.702,3145728,1.8482538190364277,192,chatcmpl-0e194990-c788-4a97-aa78-d83d4d639eac-8857afcb,"nixl_xfer_handle(0x556359915460, released=False)",decode,1,0,452712,2,d61968e8-e4aa-43a2-8ca8-85b623ffd1e5_dp0,0,nixl_start_time
1780280951.5610247,1780280951.5732777,12.253,1780280951.5732968,0.019073486328125,137321522691,137321.522691,1780280951.5610247,12.272119522094727,0.00286102294921875,5.12242317199707,5.104,29884416,2.438946870154248,1824,chatcmpl-b6a6f7ef-fbfa-4bae-821a-866e4fe5fd34-8b880ed8,"nixl_xfer_handle(0x5af9a4181c20, released=False)",decode,0,0,452715,19,d61968e8-e4aa-43a2-8ca8-85b623ffd1e5_dp1,0,nixl_start_time
1780280951.6464295,1780280951.6549435,8.514000000000001,1780280951.654985,0.041484832763671875,137321608096,137321.608096,1780280951.6464295,8.555412292480469,0.0045299530029296875,8.170366287231445,8.149,12582912,1.4779083861874558,768,chatcmpl-e34a269f-6a6f-468e-8c95-b5ca1cb79d45-ab85256a,"nixl_xfer_handle(0x5af9a4181c20, released=False)",decode,0,0,452715,8,d61968e8-e4aa-43a2-8ca8-85b623ffd1e5_dp0,0,nixl_start_time
1780280951.7439497,1780280951.7684767,24.527,1780280951.768531,0.05435943603515625,137321705616,137321.705616,1780280951.7439497,24.581432342529297,0.005245208740234375,9.521722793579102,9.498,61341696,2.5009865046683246,3744,chatcmpl-7d7a2b16-bdd1-46cb-83b9-43aac633dd7e-b97b89f4,"nixl_xfer_handle(0x556359915460, released=False)",decode,1,0,452712,39,d61968e8-e4aa-43a2-8ca8-85b623ffd1e5_dp1,0,nixl_start_time
1780280951.7569227,1780280951.7684717,11.549,1780280951.7684946,0.02288818359375,137321718589,137321.718589,1780280951.7569227,11.571884155273438,0.004291534423828125,5.302906036376953,5.269,34603008,2.9961908390336824,2112,chatcmpl-ae127282-d7a1-4cda-afac-7a7cce786800-863a9f5d,"nixl_xfer_handle(0x5af9a4181c20, released=False)",decode,0,0,452715,22,d61968e8-e4aa-43a2-8ca8-85b623ffd1e5_dp0,0,nixl_start_time
1780280951.7809536,1780280951.7826006,1.647,1780280951.7830133,0.4127025604248047,137321742620,137321.74262,1780280951.7809536,2.0596981048583984,0.0040531158447265625,1.6663074493408203,1.647,3145728,1.909974499089253,192,chatcmpl-0c12102d-30ba-4e90-a365-e526fa3c93d5-9f7d069a,"nixl_xfer_handle(0x556359b4bfa0, released=False)",decode,1,0,452712,2,d61968e8-e4aa-43a2-8ca8-85b623ffd1e5_dp1,0,nixl_start_time
1780280951.8289027,1780280951.8528876,23.985,1780280951.852953,0.06532669067382812,137321790569,137321.790569,1780280951.8289027,24.050235748291016,0.0045299530029296875,5.648612976074219,5.629,47185920,1.9673095684803001,2880,chatcmpl-7b35bf0c-aaa9-4518-bb03-a3059406b21b-9c55d84a,"nixl_xfer_handle(0x5af9a381c090, released=False)",decode,0,0,452715,30,d61968e8-e4aa-43a2-8ca8-85b623ffd1e5_dp1,0,nixl_start_time
1780280951.8406878,1780280951.8422878,1.6,1780280951.8426917,0.4038810729980469,137321802354,137321.802354,1780280951.8406878,2.003908157348633,0.00476837158203125,1.6202926635742188,1.6,3145728,1.96608,192,chatcmpl-50ac5ea1-71b8-41bc-882a-137988999004-a1b4fb9b,"nixl_xfer_handle(0x556359b4bfa0, released=False)",decode,1,0,452712,2,d61968e8-e4aa-43a2-8ca8-85b623ffd1e5_dp0,0,nixl_start_time
1780280951.9257846,1780280951.9501226,24.337999999999997,1780280951.9501426,0.02002716064453125,137321887451,137321.887451,1780280951.9257846,24.358034133911133,0.0045299530029296875,9.5367431640625,9.514,66060288,2.714285808201167,4032,chatcmpl-184265d9-fb73-4b99-ba19-4a335c862518-87cd5cf0,"nixl_xfer_handle(0x556359b4bfa0, released=False)",decode,1,0,452712,42,d61968e8-e4aa-43a2-8ca8-85b623ffd1e5_dp1,0,nixl_start_time
1780280951.9622617,1780280951.9643836,2.1220000000000003,1780280951.964746,0.362396240234375,137321923928,137321.923928,1780280951.9622617,2.4843215942382812,0.004291534423828125,2.141714096069336,2.122,3145728,1.482435438265787,192,chatcmpl-f77c8687-76f3-4f58-a2bc-a51ca59a9562-a30fd6bf,"nixl_xfer_handle(0x5af9a381c090, released=False)",decode,0,0,452715,2,d61968e8-e4aa-43a2-8ca8-85b623ffd1e5_dp0,0,nixl_start_time
1780280952.0107386,1780280952.0228605,12.122000000000002,1780280952.022901,0.040531158447265625,137321972405,137321.972405,1780280952.0107386,12.162446975708008,0.0035762786865234375,3.0393600463867188,3.02,17301504,1.4272813067150634,1056,chatcmpl-7bf6fad6-e0d1-49db-b704-070e9925564d-a6f3b6d8,"nixl_xfer_handle(0x5af9a381c090, released=False)",decode,0,0,452715,11,d61968e8-e4aa-43a2-8ca8-85b623ffd1e5_dp1,0,nixl_start_time
1780280952.0226316,1780280952.0242367,1.605,1780280952.0246415,0.4048347473144531,137321984298,137321.984298,1780280952.0226316,2.009868621826172,0.003814697265625,1.6243457794189453,1.605,3145728,1.959955140186916,192,chatcmpl-76338be2-0fd9-4e28-b082-8c994fba6601-bd668fda,"nixl_xfer_handle(0x556359b4bfa0, released=False)",decode,1,0,452712,2,d61968e8-e4aa-43a2-8ca8-85b623ffd1e5_dp0,0,nixl_start_time
1780280952.0965827,1780280952.1212428,24.66,1780280952.1212595,0.016689300537109375,137322058249,137322.058249,1780280952.0965827,24.676799774169922,0.0059604644775390625,5.672931671142578,5.653,42467328,1.7221138686131388,2592,chatcmpl-3bc9a38e-d0e0-4ff8-8349-cdb9f7f6877d-842f83a5,"nixl_xfer_handle(0x5af9a381c090, released=False)",decode,0,0,452715,27,d61968e8-e4aa-43a2-8ca8-85b623ffd1e5_dp1,0,nixl_start_time
1780280952.1210246,1780280952.1214986,0.474,1780280952.121899,0.40030479431152344,137322082691,137322.082691,1780280952.1210246,0.8742809295654297,0.0050067901611328125,0.49805641174316406,0.474,1572864,3.3182784810126584,48,chatcmpl-57415e4d-11c2-48f0-9f59-fe2bee27d5cc-bded5ae3,"nixl_xfer_handle(0x556359b4bfa0, released=False)",decode,1,0,452712,1,d61968e8-e4aa-43a2-8ca8-85b623ffd1e5_dp1,0,nixl_start_time
1780280952.1712537,1780280952.1741416,2.888,1780280952.174472,0.3304481506347656,137322132920,137322.13292,1780280952.1712537,3.218412399291992,0.0050067901611328125,2.906322479248047,2.888,4718592,1.6338614958448754,288,chatcmpl-df227948-c4a2-468f-ac49-18494dc57399-8b3eee52,"nixl_xfer_handle(0x5af9a381c090, released=False)",decode,0,0,452715,3,d61968e8-e4aa-43a2-8ca8-85b623ffd1e5_dp0,0,nixl_start_time
1780280952.2700086,1780280952.2704597,0.451,1780280952.2708542,0.39458274841308594,137322231675,137322.231675,1780280952.2700086,0.8456707000732422,0.0035762786865234375,0.4687309265136719,0.451,1572864,3.4875033259423502,48,chatcmpl-138a5a30-8f3d-4141-b1f8-94c13416a2f5-bbeba833,"nixl_xfer_handle(0x556359b4bfa0, released=False)",decode,1,0,452712,1,d61968e8-e4aa-43a2-8ca8-85b623ffd1e5_dp0,0,nixl_start_time
1780280952.2948987,1780280952.2971888,2.29,1780280952.2975376,0.34880638122558594,137322256565,137322.256565,1780280952.2948987,2.6388168334960938,0.005245208740234375,2.3107528686523438,2.29,3145728,1.373680349344978,192,chatcmpl-18afc3e3-c708-42a2-9d20-0df6c85447c1-a3bcaaa7,"nixl_xfer_handle(0x5af9a381c090, released=False)",decode,0,0,452715,2,d61968e8-e4aa-43a2-8ca8-85b623ffd1e5_dp0,0,nixl_start_time
1780280952.3072546,1780280952.3104026,3.148,1780280952.3108037,0.4010200500488281,137322268921,137322.268921,1780280952.3072546,3.5490989685058594,0.00476837158203125,3.1690597534179688,3.148,6291456,1.9985565438373571,384,chatcmpl-3c1a4f86-e076-4a10-aab2-5ddf2de050d6-aefb2810,"nixl_xfer_handle(0x556359b4bfa0, released=False)",decode,1,0,452712,4,d61968e8-e4aa-43a2-8ca8-85b623ffd1e5_dp1,0,nixl_start_time
1780280952.3200686,1780280952.3257656,5.697,1780280952.326121,0.3554821014404297,137322281735,137322.281735,1780280952.3200686,6.052494049072266,0.0026226043701171875,5.715370178222656,5.697,9437184,1.6565181674565561,576,chatcmpl-9dc8bb51-6d0a-4829-bf1e-9beea2863477-a4318642,"nixl_xfer_handle(0x5af9a381c090, released=False)",decode,0,0,452715,6,d61968e8-e4aa-43a2-8ca8-85b623ffd1e5_dp0,0,nixl_start_time
1780280952.3947566,1780280952.4233165,28.56,1780280952.4233568,0.04029273986816406,137322356423,137322.356423,1780280952.3947566,28.600215911865234,0.0064373016357421875,13.329267501831055,13.281,81788928,2.8637579831932776,4992,chatcmpl-d0efef0b-2489-4d9e-a805-d3ed46c7f44c-b688bd31,"nixl_xfer_handle(0x556359b4bfa0, released=False)",decode,1,0,452712,52,d61968e8-e4aa-43a2-8ca8-85b623ffd1e5_dp1,0,nixl_start_time
1780280952.4231737,1780280952.4357076,12.534,1780280952.43575,0.042438507080078125,137322384840,137322.38484,1780280952.4231737,12.57634162902832,0.00476837158203125,5.0678253173828125,5.046,36175872,2.8862192436572522,2208,chatcmpl-ad5197e9-7567-40f4-8568-fd5a2353ca6d-8ca88a0c,"nixl_xfer_handle(0x5af9a381c090, released=False)",decode,0,0,452715,23,d61968e8-e4aa-43a2-8ca8-85b623ffd1e5_dp0,0,nixl_start_time
1780280952.4355226,1780280952.4482405,12.718,1780280952.4482605,0.02002716064453125,137322397189,137322.397189,1780280952.4355226,12.73798942565918,0.003337860107421875,5.599737167358398,5.582,26738688,2.1024286837553072,1632,chatcmpl-d1484360-bc83-4dd6-b392-84ead6587f18-af4057b2,"nixl_xfer_handle(0x556359b4bfa0, released=False)",decode,1,0,452712,17,d61968e8-e4aa-43a2-8ca8-85b623ffd1e5_dp1,0,nixl_start_time
1780280952.4604957,1780280952.4625027,2.007,1780280952.4628434,0.3407001495361328,137322422162,137322.422162,1780280952.4604957,2.347707748413086,0.0050067901611328125,2.026081085205078,2.007,3145728,1.5673781763826606,192,chatcmpl-5d2876f7-8392-48ab-83f6-97717a6a17c9-b71ad055,"nixl_xfer_handle(0x5af9a381c090, released=False)",decode,0,0,452715,2,d61968e8-e4aa-43a2-8ca8-85b623ffd1e5_dp0,0,nixl_start_time
1780280952.6592336,1780280952.6629937,3.76,1780280952.6633246,0.33092498779296875,137322620900,137322.6209,1780280952.6592336,4.091024398803711,0.00476837158203125,3.7801265716552734,3.76,6291456,1.6732595744680852,384,chatcmpl-ea2bd793-c9c2-4995-b86c-7b2c1871e2c9-9e4e49d7,"nixl_xfer_handle(0x5af9a381c090, released=False)",decode,0,0,452715,4,d61968e8-e4aa-43a2-8ca8-85b623ffd1e5_dp0,0,nixl_start_time
1780280952.7964387,1780280952.8089867,12.548,1780280952.8090138,0.027179718017578125,137322758105,137322.758105,1780280952.7964387,12.575149536132812,0.006198883056640625,5.5999755859375,5.577,23592960,1.8802167676123687,1440,chatcmpl-353f4fbe-4eff-4661-9e10-bc60f4725f7c-a18a087d,"nixl_xfer_handle(0x556359b4bfa0, released=False)",decode,1,0,452712,15,d61968e8-e4aa-43a2-8ca8-85b623ffd1e5_dp0,0,nixl_start_time
1780280952.8710988,1780280952.8741426,3.044,1780280952.874499,0.35643577575683594,137322832765,137322.832765,1780280952.8710988,3.4003257751464844,0.00476837158203125,3.0634403228759766,3.044,4718592,1.5501287779237845,288,chatcmpl-79aaed5a-c19b-4522-84f4-8f70f8df6d61-ac75547c,"nixl_xfer_handle(0x5af9a381c090, released=False)",decode,0,0,452715,3,d61968e8-e4aa-43a2-8ca8-85b623ffd1e5_dp1,0,nixl_start_time
1780280952.9210246,1780280952.9241276,3.1029999999999998,1780280952.9244814,0.35381317138671875,137322882691,137322.882691,1780280952.9210246,3.4568309783935547,0.0050067901611328125,3.123044967651367,3.103,4718592,1.520654850145021,288,chatcmpl-cb07d66a-db97-4bd1-92e4-2cb19e598fc2-a35f043d,"nixl_xfer_handle(0x5af9a381c090, released=False)",decode,0,0,452715,3,d61968e8-e4aa-43a2-8ca8-85b623ffd1e5_dp0,0,nixl_start_time
1780280952.9335666,1780280952.9391055,5.539,1780280952.939524,0.4184246063232422,137322895233,137322.895233,1780280952.9335666,5.957365036010742,0.00286102294921875,5.560159683227539,5.539,11010048,1.9877320816031776,672,chatcmpl-a5e436a0-474d-45f8-b1ec-0416241ae8e7-88206c7e,"nixl_xfer_handle(0x556359b4bfa0, released=False)",decode,1,0,452712,7,d61968e8-e4aa-43a2-8ca8-85b623ffd1e5_dp1,0,nixl_start_time
1780280953.0211456,1780280953.0228417,1.696,1780280953.0232415,0.3998279571533203,137322982812,137322.982812,1780280953.0211456,2.095937728881836,0.004291534423828125,1.7175674438476562,1.696,3145728,1.8547924528301887,192,chatcmpl-79c5eead-cd2e-438f-8d46-e506998bd0b0-811935b0,"nixl_xfer_handle(0x556359b4bfa0, released=False)",decode,1,0,452712,2,d61968e8-e4aa-43a2-8ca8-85b623ffd1e5_dp0,0,nixl_start_time
1780280953.0461996,1780280953.0708137,24.614,1780280953.0708659,0.05221366882324219,137323007866,137323.007866,1780280953.0461996,24.666309356689453,0.0050067901611328125,5.553722381591797,5.535,42467328,1.725332249939059,2592,chatcmpl-b7fee9fa-042a-4a43-9560-ced4ff6b0e62-af19f15f,"nixl_xfer_handle(0x5af9a381c090, released=False)",decode,0,0,452715,27,d61968e8-e4aa-43a2-8ca8-85b623ffd1e5_dp1,0,nixl_start_time
1780280953.2186387,1780280953.2312126,12.574,1780280953.231262,0.04935264587402344,137323180305,137323.180305,1780280953.2186387,12.623310089111328,0.005245208740234375,4.594326019287109,4.571,18874368,1.5010631461746462,1152,chatcmpl-355bcfcf-5c2e-4866-b3d2-09f69e570b2f-aa7222e6,"nixl_xfer_handle(0x556359b4bfa0, released=False)",decode,1,0,452712,12,d61968e8-e4aa-43a2-8ca8-85b623ffd1e5_dp0,0,nixl_start_time
1780280953.2554398,1780280953.2675278,12.088,1780280953.267547,0.019073486328125,137323217106,137323.217106,1780280953.2554398,12.107133865356445,0.0059604644775390625,3.679037094116211,3.659,28311552,2.3421204500330908,1728,chatcmpl-56946c0e-7eef-44da-bf04-9188d0312fd1-bff677a4,"nixl_xfer_handle(0x5af9a3ebe0a0, released=False)",decode,0,0,452715,18,d61968e8-e4aa-43a2-8ca8-85b623ffd1e5_dp1,0,nixl_start_time
1780280953.2672846,1780280953.2689857,1.701,1780280953.269404,0.4181861877441406,137323228951,137323.228951,1780280953.2672846,2.119302749633789,0.00286102294921875,1.7194747924804688,1.701,3145728,1.8493403880070545,192,chatcmpl-8a6eaff7-902b-4a77-bd38-4758f4b56e7b-835e9072,"nixl_xfer_handle(0x556359b417a0, released=False)",decode,1,0,452712,2,d61968e8-e4aa-43a2-8ca8-85b623ffd1e5_dp0,0,nixl_start_time
1780280953.4159906,1780280953.4179456,1.955,1780280953.4182808,0.3352165222167969,137323377657,137323.377657,1780280953.4159906,2.2902488708496094,0.005245208740234375,1.9750595092773438,1.955,3145728,1.609068030690537,192,chatcmpl-7523973c-0008-4634-9b71-1f4dde1e9d6f-8df040c2,"nixl_xfer_handle(0x5af99a325a20, released=False)",decode,0,0,452715,2,d61968e8-e4aa-43a2-8ca8-85b623ffd1e5_dp0,0,nixl_start_time
1780280953.5137396,1780280953.5381556,24.416,1780280953.5381775,0.02193450927734375,137323475406,137323.475406,1780280953.5137396,24.437904357910156,0.0050067901611328125,8.308887481689453,8.289,59768832,2.4479370904325033,3648,chatcmpl-87518ab4-0961-4f63-8a8f-5415159828ab-84b05d27,"nixl_xfer_handle(0x556359b417a0, released=False)",decode,1,0,452712,38,d61968e8-e4aa-43a2-8ca8-85b623ffd1e5_dp1,0,nixl_start_time
1780280953.5378897,1780280953.5398307,1.941,1780280953.540169,0.3383159637451172,137323499556,137323.499556,1780280953.5378897,2.2792816162109375,0.0050067901611328125,1.9609928131103516,1.941,3145728,1.6206738794435858,192,chatcmpl-1d8b5bef-04a9-41d7-9a9c-ac2f31bc6a5a-ae58a106,"nixl_xfer_handle(0x5af99a325a20, released=False)",decode,0,0,452715,2,d61968e8-e4aa-43a2-8ca8-85b623ffd1e5_dp0,0,nixl_start_time
1780280953.6239066,1780280953.6361897,12.283000000000001,1780280953.6362057,0.015974044799804688,137323585573,137323.585573,1780280953.6239066,12.299060821533203,0.0050067901611328125,5.269289016723633,5.249,34603008,2.8171462997639014,2112,chatcmpl-4536d9a7-d1af-4333-8146-da4f8a74efde-94166279,"nixl_xfer_handle(0x5af99a325a20, released=False)",decode,0,0,452715,22,d61968e8-e4aa-43a2-8ca8-85b623ffd1e5_dp1,0,nixl_start_time
1780280953.6849597,1780280953.6890287,4.069,1780280953.689437,0.408172607421875,137323646626,137323.646626,1780280953.6849597,4.477262496948242,0.00476837158203125,4.095315933227539,4.069,7864320,1.9327402310149915,480,chatcmpl-62fa379a-ee72-4322-a822-64b28f02d670-a2d1a375,"nixl_xfer_handle(0x556359b417a0, released=False)",decode,1,0,452712,5,d61968e8-e4aa-43a2-8ca8-85b623ffd1e5_dp0,0,nixl_start_time
1780280953.7954497,1780280953.8255017,30.052,1780280953.8255277,0.025987625122070312,137323757116,137323.757116,1780280953.7954497,30.07793426513672,0.0073909759521484375,5.873441696166992,5.852,53477376,1.7794947424464262,3264,chatcmpl-4e1caaae-5d49-41a9-ac86-e24c34db2d6c-86e5c3b4,"nixl_xfer_handle(0x5af99a325a20, released=False)",decode,0,0,452715,34,d61968e8-e4aa-43a2-8ca8-85b623ffd1e5_dp0,0,nixl_start_time
1780280953.8199356,1780280953.8251467,5.211,1780280953.8255482,0.40149688720703125,137323781602,137323.781602,1780280953.8199356,5.612611770629883,0.00476837158203125,5.232095718383789,5.211,7864320,1.5091767415083475,480,chatcmpl-c2309759-1baf-4bb4-86e0-96d200d00ec2-b71153ab,"nixl_xfer_handle(0x5af9a3d51d20, released=False)",decode,0,0,452715,5,d61968e8-e4aa-43a2-8ca8-85b623ffd1e5_dp1,0,nixl_start_time
1780280953.8199487,1780280953.8253856,5.437,1780280953.8257809,0.3952980041503906,137323781615,137323.781615,1780280953.8199487,5.832195281982422,0.0054836273193359375,5.458831787109375,5.437,11010048,2.0250226227699097,672,chatcmpl-962b4703-4599-4424-b29b-ee932aab1e93-b576593e,"nixl_xfer_handle(0x556359b417a0, released=False)",decode,1,0,452712,7,d61968e8-e4aa-43a2-8ca8-85b623ffd1e5_dp1,0,nixl_start_time
1780280953.8322527,1780280953.8452127,12.959999999999999,1780280953.8452272,0.014543533325195312,137323793919,137323.793919,1780280953.8322527,12.97450065612793,0.0050067901611328125,4.432439804077148,4.41,6291456,0.48545185185185186,384,chatcmpl-174c2c8d-1c4f-4717-8bf9-58a184443a95-862e2c02,"nixl_xfer_handle(0x5af9a3d51d20, released=False)",decode,0,0,452715,4,d61968e8-e4aa-43a2-8ca8-85b623ffd1e5_dp0,0,nixl_start_time
1780280953.8322687,1780280953.8404226,8.154,1780280953.8408449,0.4222393035888672,137323793935,137323.793935,1780280953.8322687,8.576154708862305,0.0050067901611328125,8.178472518920898,8.154,15728640,1.9289477557027226,960,chatcmpl-51cbb020-c410-48b8-a3fc-916f98d68c35-b656258a,"nixl_xfer_handle(0x556359b417a0, released=False)",decode,1,0,452712,10,d61968e8-e4aa-43a2-8ca8-85b623ffd1e5_dp0,0,nixl_start_time
1780280953.8367896,1780280953.8449936,8.203999999999999,1780280953.845244,0.2503395080566406,137323798456,137323.798456,1780280953.8367896,8.454322814941406,0.0035762786865234375,8.219242095947266,8.204,12582912,1.5337532910775233,768,chatcmpl-3132d8b1-3685-4e70-89ba-e71e07c479f9-a3192274,"nixl_xfer_handle(0x5af99a325a20, released=False)",decode,0,0,452715,8,d61968e8-e4aa-43a2-8ca8-85b623ffd1e5_dp0,0,nixl_start_time
1780280953.8600006,1780280953.8648837,4.883,1780280953.8653011,0.41747093200683594,137323821667,137323.821667,1780280953.8600006,5.3005218505859375,0.00476837158203125,4.903554916381836,4.883,9437184,1.9326610690149497,576,chatcmpl-355a1512-bb2c-40d2-a15b-7ab3e8a46c12-b34f0b70,"nixl_xfer_handle(0x556359b417a0, released=False)",decode,1,0,452712,6,d61968e8-e4aa-43a2-8ca8-85b623ffd1e5_dp1,0,nixl_start_time
1780280953.8720295,1780280953.8738465,1.817,1780280953.8742578,0.4112720489501953,137323833696,137323.833696,1780280953.8720295,2.228260040283203,0.0040531158447265625,1.8367767333984375,1.817,3145728,1.7312757292239955,192,chatcmpl-f01b6e94-699c-4569-9c5d-de7924f6c86b-b10cada9,"nixl_xfer_handle(0x556359b417a0, released=False)",decode,1,0,452712,2,d61968e8-e4aa-43a2-8ca8-85b623ffd1e5_dp0,0,nixl_start_time
1780280953.9595697,1780280953.9669566,7.3870000000000005,1780280953.9673066,0.34999847412109375,137323921236,137323.921236,1780280953.9595697,7.736921310424805,0.003337860107421875,7.406473159790039,7.387,11010048,1.4904627047515906,672,chatcmpl-912153f6-f006-4b46-b21c-bb3d3d0644dc-97a5c379,"nixl_xfer_handle(0x5af99a325a20, released=False)",decode,0,0,452715,7,d61968e8-e4aa-43a2-8ca8-85b623ffd1e5_dp0,0,nixl_start_time
1780280954.0344377,1780280954.0401998,5.762,1780280954.0405667,0.3669261932373047,137323996104,137323.996104,1780280954.0344377,6.129026412963867,0.0045299530029296875,5.7811737060546875,5.762,11010048,1.9108031933356473,672,chatcmpl-4e591b6d-9df9-454e-a0dd-2790bed414a3-9e1418e8,"nixl_xfer_handle(0x5af99a325a20, released=False)",decode,0,0,452715,7,d61968e8-e4aa-43a2-8ca8-85b623ffd1e5_dp1,0,nixl_start_time
1780280954.1087117,1780280954.1402197,31.508000000000003,1780280954.1402347,0.015020370483398438,137324070378,137324.070378,1780280954.1087117,31.52298927307129,0.0057220458984375,11.291027069091797,11.268,75497472,2.3961366002285134,4608,chatcmpl-fb7ce452-8549-4f1a-9e1f-f724cf70409b-a25ed4a7,"nixl_xfer_handle(0x556359b417a0, released=False)",decode,1,0,452712,48,d61968e8-e4aa-43a2-8ca8-85b623ffd1e5_dp0,0,nixl_start_time
1780280954.1235607,1780280954.1301656,6.6049999999999995,1780280954.1305332,0.3676414489746094,137324085227,137324.085227,1780280954.1235607,6.972551345825195,0.0050067901611328125,6.625175476074219,6.605,12582912,1.9050585919757759,768,chatcmpl-4cef6a83-048f-4472-8346-27c18c69eedc-bb1b5d80,"nixl_xfer_handle(0x5af99a325a20, released=False)",decode,0,0,452715,8,d61968e8-e4aa-43a2-8ca8-85b623ffd1e5_dp1,0,nixl_start_time
1780280954.1350636,1780280954.1474977,12.434000000000001,1780280954.1475477,0.050067901611328125,137324096730,137324.09673,1780280954.1350636,12.484073638916016,0.0050067901611328125,4.734039306640625,4.7,18874368,1.5179642914589029,1152,chatcmpl-d83d6936-b47c-484b-8fec-e7ce13afc70f-8a26372a,"nixl_xfer_handle(0x556359990930, released=False)",decode,1,0,452712,12,d61968e8-e4aa-43a2-8ca8-85b623ffd1e5_dp0,0,nixl_start_time
1780280954.1600327,1780280954.1742778,14.245000000000001,1780280954.1742926,0.014781951904296875,137324121699,137324.121699,1780280954.1600327,14.259815216064453,0.0059604644775390625,4.690408706665039,4.67,26738688,1.8770577746577743,1632,chatcmpl-a77b5b13-1919-4311-bdec-10864cf7756e-9613b0fa,"nixl_xfer_handle(0x5af99a325a20, released=False)",decode,0,0,452715,17,d61968e8-e4aa-43a2-8ca8-85b623ffd1e5_dp1,0,nixl_start_time
1780280954.1716547,1780280954.1739287,2.274,1780280954.174314,0.385284423828125,137324133321,137324.133321,1780280954.1716547,2.659320831298828,0.00476837158203125,2.2923946380615234,2.274,3145728,1.3833456464379947,192,chatcmpl-2eaa34d6-8adb-48d7-bc03-57d3a1a8e341-be14c26f,"nixl_xfer_handle(0x5af9a3d51d20, released=False)",decode,0,0,452715,2,d61968e8-e4aa-43a2-8ca8-85b623ffd1e5_dp0,0,nixl_start_time
1780280954.1967766,1780280954.2212667,24.490000000000002,1780280954.221287,0.020265579223632812,137324158443,137324.158443,1780280954.1967766,24.51038360595703,0.0057220458984375,5.647897720336914,5.627,48758784,1.9909670886075947,2976,chatcmpl-f63f9392-fae6-41bb-b824-6b943302d10a-ae38aab9,"nixl_xfer_handle(0x5af99a325a20, released=False)",decode,0,0,452715,31,d61968e8-e4aa-43a2-8ca8-85b623ffd1e5_dp1,0,nixl_start_time
1780280954.2211428,1780280954.2346218,13.479,1780280954.234635,0.0133514404296875,137324182809,137324.182809,1780280954.2211428,13.492345809936523,0.00476837158203125,7.289648056030273,7.27,29884416,2.2171092811039395,1824,chatcmpl-dc8dcea7-804b-45e1-b8e5-6c5cf6a9a074-8c6803e5,"nixl_xfer_handle(0x556359990930, released=False)",decode,1,0,452712,19,d61968e8-e4aa-43a2-8ca8-85b623ffd1e5_dp1,0,nixl_start_time
1780280954.2337496,1780280954.2342176,0.46799999999999997,1780280954.234655,0.4372596740722656,137324195416,137324.195416,1780280954.2337496,0.9052753448486328,0.003814697265625,0.4849433898925781,0.468,1572864,3.3608205128205126,48,chatcmpl-7167364e-8b1c-45cd-aa38-5dc90f4a1c6e-b9833892,"nixl_xfer_handle(0x556359b417a0, released=False)",decode,1,0,452712,1,d61968e8-e4aa-43a2-8ca8-85b623ffd1e5_dp1,0,nixl_start_time
1780280954.2337615,1780280954.2383895,4.628,1780280954.2387412,0.3516674041748047,137324195428,137324.195428,1780280954.2337615,4.979610443115234,0.00286102294921875,4.645824432373047,4.628,6291456,1.3594330164217803,384,chatcmpl-9cca2e84-1311-4fb7-ad26-7966a3570614-a16a8c3f,"nixl_xfer_handle(0x5af9a3e256a0, released=False)",decode,0,0,452715,4,d61968e8-e4aa-43a2-8ca8-85b623ffd1e5_dp0,0,nixl_start_time
1780280954.3210526,1780280954.3541427,33.09,1780280954.354175,0.0324249267578125,137324282719,137324.282719,1780280954.3210526,33.12253952026367,0.00667572021484375,17.761945724487305,17.722,77070336,2.3291126019945603,4704,chatcmpl-2d9385b1-0191-4e9a-b67f-4808754797c2-a0768d4f,"nixl_xfer_handle(0x5af9a3e256a0, released=False)",decode,0,0,452715,49,d61968e8-e4aa-43a2-8ca8-85b623ffd1e5_dp0,0,nixl_start_time
1780280954.3424616,1780280954.3477635,5.3020000000000005,1780280954.3481705,0.4069805145263672,137324304128,137324.304128,1780280954.3424616,5.708932876586914,0.004291534423828125,5.321264266967773,5.302,11010048,2.0765839305922293,672,chatcmpl-5c08da23-17b4-441a-bf8d-1b0c2f7c86d0-adbc2f8e,"nixl_xfer_handle(0x556359b417a0, released=False)",decode,1,0,452712,7,d61968e8-e4aa-43a2-8ca8-85b623ffd1e5_dp1,0,nixl_start_time
1780280954.4162056,1780280954.4498277,33.622,1780280954.4498706,0.04291534423828125,137324377872,137324.377872,1780280954.4162056,33.66494178771973,0.0059604644775390625,11.561870574951172,11.525,78643200,2.3390399143418,4800,chatcmpl-6d541165-63d0-4661-93b2-78c3cacd25e7-97a699ca,"nixl_xfer_handle(0x556359b417a0, released=False)",decode,1,0,452712,50,d61968e8-e4aa-43a2-8ca8-85b623ffd1e5_dp0,0,nixl_start_time
1780280954.4313986,1780280954.4431157,11.717,1780280954.4431765,0.06079673767089844,137324393065,137324.393065,1780280954.4313986,11.777877807617188,0.0054836273193359375,4.021644592285156,4.001,33030144,2.8189932576598107,2016,chatcmpl-0d2a276f-ae7e-45a7-877e-ade956c535b9-913f1c61,"nixl_xfer_handle(0x5af99a325a20, released=False)",decode,0,0,452715,21,d61968e8-e4aa-43a2-8ca8-85b623ffd1e5_dp1,0,nixl_start_time
1780280954.4430006,1780280954.4552724,12.272,1780280954.455332,0.059604644775390625,137324404667,137324.404667,1780280954.4430006,12.331485748291016,0.003337860107421875,6.414651870727539,6.396,25165824,2.050670143415906,1536,chatcmpl-bcef58d5-bebc-4a00-beac-188e608bd117-be5d99c4,"nixl_xfer_handle(0x556359ce3f20, released=False)",decode,1,0,452712,16,d61968e8-e4aa-43a2-8ca8-85b623ffd1e5_dp0,0,nixl_start_time
1780280954.5422046,1780280954.5835767,41.372,1780280954.5836322,0.05555152893066406,137324503871,137324.503871,1780280954.5422046,41.4276123046875,0.0057220458984375,21.3015079498291,21.265,91226112,2.2050205936382095,5568,chatcmpl-2f4789a7-8895-47fb-8464-a55ca474ee3d-a919e664,"nixl_xfer_handle(0x5af99a325a20, released=False)",decode,0,0,452715,58,d61968e8-e4aa-43a2-8ca8-85b623ffd1e5_dp1,0,nixl_start_time
1780280954.5676396,1780280954.5681396,0.5,1780280954.5685565,0.4169940948486328,137324529306,137324.529306,1780280954.5676396,0.9169578552246094,0.0040531158447265625,0.5190372467041016,0.5,1572864,3.145728,48,chatcmpl-f900db8f-a110-4c31-ae8e-d10cdcaa29bd-aaea8cb6,"nixl_xfer_handle(0x556359b417a0, released=False)",decode,1,0,452712,1,d61968e8-e4aa-43a2-8ca8-85b623ffd1e5_dp0,0,nixl_start_time
1780280954.5787747,1780280954.5832088,4.433999999999999,1780280954.5836532,0.4444122314453125,137324540441,137324.540441,1780280954.5787747,4.878520965576172,0.0026226043701171875,4.45103645324707,4.434,7864320,1.7736400541271993,480,chatcmpl-17669844-d592-4991-98de-8014dcc77764-8ebac743,"nixl_xfer_handle(0x5af9a3d7de70, released=False)",decode,0,0,452715,5,d61968e8-e4aa-43a2-8ca8-85b623ffd1e5_dp1,0,nixl_start_time
1780280954.6038547,1780280954.6100247,6.17,1780280954.6104314,0.4067420959472656,137324565521,137324.565521,1780280954.6038547,6.576776504516602,0.005245208740234375,6.19196891784668,6.17,12582912,2.039369854132901,768,chatcmpl-fe31ba42-deba-4263-b69a-ce149f8ebef3-a639001b,"nixl_xfer_handle(0x556359b417a0, released=False)",decode,1,0,452712,8,d61968e8-e4aa-43a2-8ca8-85b623ffd1e5_dp0,0,nixl_start_time
1780280954.6902127,1780280954.6938777,3.665,1780280954.6938913,0.013589859008789062,137324651879,137324.651879,1780280954.6902127,3.678560256958008,0.0050067901611328125,3.3295154571533203,3.308,4718592,1.2874739427012278,288,chatcmpl-d766f3b7-c55a-4f2d-b88e-7d1cb31cbaa0-86a19193,"nixl_xfer_handle(0x5af9a3e180a0, released=False)",decode,0,0,452715,3,d61968e8-e4aa-43a2-8ca8-85b623ffd1e5_dp1,0,nixl_start_time
1780280954.7276027,1780280954.7297857,2.183,1780280954.7301385,0.3528594970703125,137324689269,137324.689269,1780280954.7276027,2.5358200073242188,0.0050067901611328125,2.2029876708984375,2.183,3145728,1.4410114521300963,192,chatcmpl-31e3a123-cb55-4190-9221-595559f6665f-b5d4ba7d,"nixl_xfer_handle(0x5af9a3e180a0, released=False)",decode,0,0,452715,2,d61968e8-e4aa-43a2-8ca8-85b623ffd1e5_dp0,0,nixl_start_time
1780280954.8023157,1780280954.8040328,1.717,1780280954.8044577,0.4248619079589844,137324763982,137324.763982,1780280954.8023157,2.1419525146484375,0.0040531158447265625,1.739501953125,1.717,3145728,1.8321071636575423,192,chatcmpl-15bcc161-775d-429e-bf8c-b72d95e91bec-92c374aa,"nixl_xfer_handle(0x556359b417a0, released=False)",decode,1,0,452712,2,d61968e8-e4aa-43a2-8ca8-85b623ffd1e5_dp1,0,nixl_start_time
1780280954.9007566,1780280954.9256046,24.848,1780280954.9256532,0.04863739013671875,137324862423,137324.862423,1780280954.9007566,24.896621704101562,0.0057220458984375,6.582498550415039,6.56,45613056,1.8356831938184162,2784,chatcmpl-4a5bd639-9ec8-456e-9d2a-435cfacdade8-b6f8f771,"nixl_xfer_handle(0x556359b417a0, released=False)",decode,1,0,452712,29,d61968e8-e4aa-43a2-8ca8-85b623ffd1e5_dp0,0,nixl_start_time
1780280954.9503918,1780280954.9630558,12.664,1780280954.9630933,0.03743171691894531,137324912058,137324.912058,1780280954.9503918,12.70151138305664,0.0054836273193359375,4.843711853027344,4.823,34603008,2.7323916614024006,2112,chatcmpl-b9f84c9e-6a87-4b7e-a3c5-83f32a3a1886-a01fa365,"nixl_xfer_handle(0x5af9a3e180a0, released=False)",decode,0,0,452715,22,d61968e8-e4aa-43a2-8ca8-85b623ffd1e5_dp0,0,nixl_start_time
1780280954.9755256,1780280954.9788997,3.3739999999999997,1780280954.9792461,0.3464221954345703,137324937192,137324.937192,1780280954.9755256,3.720521926879883,0.00286102294921875,3.3922195434570312,3.374,4718592,1.398515708358032,288,chatcmpl-201e079f-ade1-4843-b86f-788573156712-a220d3b7,"nixl_xfer_handle(0x5af9a3d7de70, released=False)",decode,0,0,452715,3,d61968e8-e4aa-43a2-8ca8-85b623ffd1e5_dp0,0,nixl_start_time
1780280954.9755425,1780280954.9780836,2.541,1780280954.9784906,0.4069805145263672,137324937209,137324.937209,1780280954.9755425,2.9480457305908203,0.003814697265625,2.5606155395507812,2.541,4718592,1.856982290436836,288,chatcmpl-781f5562-876f-4eb4-8d51-095ba50e9d65-92311ab9,"nixl_xfer_handle(0x55633c9debc0, released=False)",decode,1,0,452712,3,d61968e8-e4aa-43a2-8ca8-85b623ffd1e5_dp1,0,nixl_start_time
1780280954.9876916,1780280955.0121768,24.485,1780280955.012212,0.03528594970703125,137324949358,137324.949358,1780280954.9876916,24.520397186279297,0.004291534423828125,5.789279937744141,5.77,47185920,1.9271357974269963,2880,chatcmpl-17a79f75-1a3a-436f-9e71-38cbe784439a-b726d183,"nixl_xfer_handle(0x5af9a3d7de70, released=False)",decode,0,0,452715,30,d61968e8-e4aa-43a2-8ca8-85b623ffd1e5_dp1,0,nixl_start_time
1780280955.0119646,1780280955.0136197,1.655,1780280955.0140233,0.4036426544189453,137324973631,137324.973631,1780280955.0119646,2.058744430541992,0.00476837158203125,1.6789436340332031,1.655,3145728,1.900741993957704,192,chatcmpl-94785c94-f6b7-49ba-a999-25e88801d2f6-a0239afc,"nixl_xfer_handle(0x55633c9debc0, released=False)",decode,1,0,452712,2,d61968e8-e4aa-43a2-8ca8-85b623ffd1e5_dp0,0,nixl_start_time
1780280955.0615277,1780280955.0669796,5.452,1780280955.0673277,0.34809112548828125,137325023194,137325.023194,1780280955.0615277,5.800008773803711,0.004291534423828125,5.471944808959961,5.452,7864320,1.4424651504035215,480,chatcmpl-93e7d7c6-64dd-47e5-94a0-f59cdad722dd-9ec2fd85,"nixl_xfer_handle(0x5af9a35cd860, released=False)",decode,0,0,452715,5,d61968e8-e4aa-43a2-8ca8-85b623ffd1e5_dp1,0,nixl_start_time
1780280955.0863326,1780280955.0985825,12.25,1780280955.098611,0.0286102294921875,137325047999,137325.047999,1780280955.0863326,12.278556823730469,0.004291534423828125,5.07664680480957,5.057,28311552,2.3111471020408163,1728,chatcmpl-acf0d872-b44f-44a7-84be-8bdba6153f35-acb06e31,"nixl_xfer_handle(0x55633c9debc0, released=False)",decode,1,0,452712,18,d61968e8-e4aa-43a2-8ca8-85b623ffd1e5_dp0,0,nixl_start_time
1780280955.1481097,1780280955.1729667,24.857,1780280955.1730022,0.03552436828613281,137325109776,137325.109776,1780280955.1481097,24.892568588256836,0.0050067901611328125,6.440162658691406,6.42,66060288,2.657613066741763,4032,chatcmpl-cf8e1235-391e-4442-b446-1460a09d8192-8e4f14e0,"nixl_xfer_handle(0x5af9a35cd860, released=False)",decode,0,0,452715,42,d61968e8-e4aa-43a2-8ca8-85b623ffd1e5_dp1,0,nixl_start_time
1780280955.2225156,1780280955.2551095,32.594,1780280955.2551308,0.021219253540039062,137325184182,137325.184182,1780280955.2225156,32.61518478393555,0.0064373016357421875,17.46344566345215,17.421,81788928,2.509324660980549,4992,chatcmpl-15492edb-5a26-4582-bcb0-9d3fb16a7ebf-867c7dbf,"nixl_xfer_handle(0x556336f4a9a0, released=False)",decode,1,0,452712,52,d61968e8-e4aa-43a2-8ca8-85b623ffd1e5_dp1,0,nixl_start_time
1780280955.2549796,1780280955.2677307,12.751,1780280955.2677507,0.02002716064453125,137325216646,137325.216646,1780280955.2549796,12.771129608154297,0.0040531158447265625,5.0563812255859375,5.038,37748736,2.96045298407968,2304,chatcmpl-0189cb0e-8b44-4a44-bb0f-12dcebbee096-a158a2e1,"nixl_xfer_handle(0x5af9a4196fa0, released=False)",decode,0,0,452715,24,d61968e8-e4aa-43a2-8ca8-85b623ffd1e5_dp0,0,nixl_start_time
1780280955.2922797,1780280955.3045967,12.317,1780280955.3046162,0.019550323486328125,137325253946,137325.253946,1780280955.2922797,12.336492538452148,0.0054836273193359375,5.75709342956543,5.738,34603008,2.8093698140781034,2112,chatcmpl-d0481f67-d0cc-480c-a005-30dd989f2a9e-8e4dfd3e,"nixl_xfer_handle(0x55633c9debc0, released=False)",decode,1,0,452712,22,d61968e8-e4aa-43a2-8ca8-85b623ffd1e5_dp1,0,nixl_start_time
1780280955.3540256,1780280955.3640497,10.024,1780280955.3640654,0.015735626220703125,137325315692,137325.315692,1780280955.3540256,10.039806365966797,0.0035762786865234375,9.78851318359375,9.765,14155776,1.4121883479648842,864,chatcmpl-ac818ef6-0cfe-40ad-8e66-0c41a352d61f-aa6d5cdb,"nixl_xfer_handle(0x5af97cdde240, released=False)",decode,0,0,452715,9,d61968e8-e4aa-43a2-8ca8-85b623ffd1e5_dp0,0,nixl_start_time
1780280955.3794878,1780280955.3818228,2.335,1780280955.3822231,0.40030479431152344,137325341154,137325.341154,1780280955.3794878,2.7353763580322266,0.0054836273193359375,2.356290817260742,2.335,4718592,2.020810278372591,288,chatcmpl-a61f15b3-8df9-4558-808e-e0a88d5a355c-99a19c1d,"nixl_xfer_handle(0x556359cef930, released=False)",decode,1,0,452712,3,d61968e8-e4aa-43a2-8ca8-85b623ffd1e5_dp1,0,nixl_start_time
1780280955.5764806,1780280955.5781066,1.6260000000000001,1780280955.5785131,0.40650367736816406,137325538147,137325.538147,1780280955.5764806,2.0325183868408203,0.004291534423828125,1.6460418701171875,1.626,3145728,1.934642066420664,192,chatcmpl-fc8c9659-0b3f-43e4-b8e7-537b71b43f21-bb98e3bb,"nixl_xfer_handle(0x556359cef930, released=False)",decode,1,0,452712,2,d61968e8-e4aa-43a2-8ca8-85b623ffd1e5_dp0,0,nixl_start_time
1780280955.5887907,1780280955.5911396,2.3489999999999998,1780280955.591553,0.4134178161621094,137325550457,137325.550457,1780280955.5887907,2.762317657470703,0.00476837158203125,2.3708343505859375,2.349,4718592,2.008766283524904,288,chatcmpl-00125553-d405-4c97-9429-757c40afe4cc-91fc986d,"nixl_xfer_handle(0x556359cef930, released=False)",decode,1,0,452712,3,d61968e8-e4aa-43a2-8ca8-85b623ffd1e5_dp1,0,nixl_start_time
1780280955.6262407,1780280955.6285877,2.347,1780280955.6289392,0.3514289855957031,137325587907,137325.587907,1780280955.6262407,2.6984214782714844,0.005245208740234375,2.368927001953125,2.347,3145728,1.3403187047294418,192,chatcmpl-c0b32290-c166-43c9-8fa4-e4bc4a53a420-a9025aca,"nixl_xfer_handle(0x5af97cdde240, released=False)",decode,0,0,452715,2,d61968e8-e4aa-43a2-8ca8-85b623ffd1e5_dp1,0,nixl_start_time
1780280955.7750638,1780280955.7783477,3.284,1780280955.778734,0.38623809814453125,137325736730,137325.73673,1780280955.7750638,3.670215606689453,0.0045299530029296875,3.3042430877685547,3.284,6291456,1.9157904993909867,384,chatcmpl-e1e2ee68-0193-48e7-8ea6-bc3c3426e34f-baf20b7b,"nixl_xfer_handle(0x556359cef930, released=False)",decode,1,0,452712,4,d61968e8-e4aa-43a2-8ca8-85b623ffd1e5_dp0,0,nixl_start_time
1780280955.8235447,1780280955.8277428,4.198,1780280955.828085,0.3421306610107422,137325785211,137325.785211,1780280955.8235447,4.540205001831055,0.0050067901611328125,4.219293594360352,4.198,6291456,1.4986793711291089,384,chatcmpl-3820959e-8e31-4714-8b02-a02c89d2780b-a03e615d,"nixl_xfer_handle(0x5af97cdde240, released=False)",decode,0,0,452715,4,d61968e8-e4aa-43a2-8ca8-85b623ffd1e5_dp1,0,nixl_start_time
1780280955.8483965,1780280955.8608866,12.49,1780280955.8609242,0.037670135498046875,137325810063,137325.810063,1780280955.8483965,12.527704238891602,0.0050067901611328125,6.126880645751953,6.103,23592960,1.8889479583666935,1440,chatcmpl-72fd915e-f711-4b8b-bfc1-577a07d6c820-b466f09d,"nixl_xfer_handle(0x556359cef930, released=False)",decode,1,0,452712,15,d61968e8-e4aa-43a2-8ca8-85b623ffd1e5_dp0,0,nixl_start_time
1780280955.8606145,1780280955.8632514,2.637,1780280955.8632994,0.04792213439941406,137325822281,137325.822281,1780280955.8606145,2.6848316192626953,0.00286102294921875,2.3055076599121094,2.286,3145728,1.192919226393629,192,chatcmpl-5bb34ce7-db18-4788-8491-3bbcd3a37f50-9425d335,"nixl_xfer_handle(0x5af97cdde240, released=False)",decode,0,0,452715,2,d61968e8-e4aa-43a2-8ca8-85b623ffd1e5_dp1,0,nixl_start_time
1780280955.8730886,1780280955.8747346,1.646,1780280955.8751345,0.3998279571533203,137325834755,137325.834755,1780280955.8730886,2.045869827270508,0.003814697265625,1.6665458679199219,1.646,3145728,1.911134872417983,192,chatcmpl-07330e4e-ef79-4ad8-9884-a7eafbc7f291-b638df0f,"nixl_xfer_handle(0x556359cef930, released=False)",decode,1,0,452712,2,d61968e8-e4aa-43a2-8ca8-85b623ffd1e5_dp0,0,nixl_start_time
1780280955.9847686,1780280955.9988456,14.077,1780280955.9988675,0.02193450927734375,137325946435,137325.946435,1780280955.9847686,14.098882675170898,0.0040531158447265625,10.448455810546875,10.424,15728640,1.1173289763443917,960,chatcmpl-363b05d8-fb0c-45c5-b55e-b0c652306eaa-b685bbd8,"nixl_xfer_handle(0x5af97cdde240, released=False)",decode,0,0,452715,10,d61968e8-e4aa-43a2-8ca8-85b623ffd1e5_dp0,0,nixl_start_time
1780280955.9848917,1780280956.0104747,25.583000000000002,1780280956.0105226,0.04792213439941406,137325946558,137325.946558,1780280955.9848917,25.630950927734375,0.0054836273193359375,9.853601455688477,9.83,69206016,2.7051563929171714,4224,chatcmpl-9e92abcd-56fc-4859-8951-765e753c19f0-bc1f3d28,"nixl_xfer_handle(0x556359cef930, released=False)",decode,1,0,452712,44,d61968e8-e4aa-43a2-8ca8-85b623ffd1e5_dp1,0,nixl_start_time
1780280956.0472097,1780280956.0494308,2.221,1780280956.0498083,0.37741661071777344,137326008876,137326.008876,1780280956.0472097,2.5985240936279297,0.0040531158447265625,2.2399425506591797,2.221,3145728,1.4163565961278703,192,chatcmpl-572f8995-be46-45ad-be87-623fdacba895-bb255ee2,"nixl_xfer_handle(0x5af9a3ded0c0, released=False)",decode,0,0,452715,2,d61968e8-e4aa-43a2-8ca8-85b623ffd1e5_dp0,0,nixl_start_time
1780280956.0472267,1780280956.0488107,1.5839999999999999,1780280956.0492172,0.40650367736816406,137326008893,137326.008893,1780280956.0472267,1.9905567169189453,0.00476837158203125,1.604318618774414,1.584,3145728,1.985939393939394,192,chatcmpl-4eec0a09-2070-4e1d-9023-c859f26e242a-b37ad309,"nixl_xfer_handle(0x556359a28ee0, released=False)",decode,1,0,452712,2,d61968e8-e4aa-43a2-8ca8-85b623ffd1e5_dp1,0,nixl_start_time
1780280956.1218116,1780280956.1543736,32.562,1780280956.1544094,0.035762786865234375,137326083478,137326.083478,1780280956.1218116,32.59778022766113,0.01049041748046875,17.592430114746094,17.55,77070336,2.3668796756955963,4704,chatcmpl-ec32aea5-d9a6-4f75-8a96-7d4e086ac8a5-91d1aa46,"nixl_xfer_handle(0x5af9a3ded0c0, released=False)",decode,0,0,452715,49,d61968e8-e4aa-43a2-8ca8-85b623ffd1e5_dp0,0,nixl_start_time
1780280956.2038317,1780280956.2225647,18.733,1780280956.2225792,0.014543533325195312,137326165498,137326.165498,1780280956.2038317,18.747568130493164,0.0040531158447265625,5.054473876953125,5.036,29884416,1.595281908930764,1824,chatcmpl-a748a09f-830f-42b5-953e-638843d5209a-9a150cac,"nixl_xfer_handle(0x5af9a3ded0c0, released=False)",decode,0,0,452715,19,d61968e8-e4aa-43a2-8ca8-85b623ffd1e5_dp1,0,nixl_start_time
1780280956.2091067,1780280956.2374518,28.345,1780280956.237485,0.03314018249511719,137326170773,137326.170773,1780280956.2091067,28.37824821472168,0.0026226043701171875,13.113737106323242,13.099,50331648,1.775679943552655,3072,chatcmpl-8a27b3bc-28e3-4f3c-b78b-5e78b798f711-90b0e054,"nixl_xfer_handle(0x5af9a3d68b20, released=False)",decode,0,0,452715,32,d61968e8-e4aa-43a2-8ca8-85b623ffd1e5_dp1,0,nixl_start_time
1780280956.2866507,1780280956.2946577,8.007,1780280956.2950015,0.3437995910644531,137326248317,137326.248317,1780280956.2866507,8.350849151611328,0.0045299530029296875,8.027791976928711,8.007,11010048,1.375052828774822,672,chatcmpl-d194c799-275b-48ff-ac51-0cef3275f4d4-95255169,"nixl_xfer_handle(0x5af9a3d68b20, released=False)",decode,0,0,452715,7,d61968e8-e4aa-43a2-8ca8-85b623ffd1e5_dp0,0,nixl_start_time
1780280956.2868037,1780280956.3143916,27.588,1780280956.3144238,0.03218650817871094,137326248470,137326.24847,1780280956.2868037,27.62007713317871,0.0059604644775390625,7.959604263305664,7.939,56623104,2.0524541104828185,3456,chatcmpl-d7d95351-dee7-43de-a545-938fefd13c0f-89da93a4,"nixl_xfer_handle(0x556359a28ee0, released=False)",decode,1,0,452712,36,d61968e8-e4aa-43a2-8ca8-85b623ffd1e5_dp0,0,nixl_start_time
1780280956.2950006,1780280956.3347716,39.771,1780280956.3348098,0.03814697265625,137326256667,137326.256667,1780280956.2950006,39.809226989746094,0.00286102294921875,18.941164016723633,18.907,44040192,1.1073443463830428,2688,chatcmpl-c50a600a-c54f-470b-ad08-68ff961dcda3-abf4abb1,"nixl_xfer_handle(0x556359990930, released=False)",decode,1,0,452712,28,d61968e8-e4aa-43a2-8ca8-85b623ffd1e5_dp0,0,nixl_start_time
1780280956.3292677,1780280956.3416207,12.353,1780280956.3416402,0.019550323486328125,137326290934,137326.290934,1780280956.3292677,12.372493743896484,0.0040531158447265625,5.142688751220703,5.124,26738688,2.1645501497611916,1632,chatcmpl-69497b04-36f8-437e-b608-d7fe2b29e30c-9f8c11c4,"nixl_xfer_handle(0x556359a28ee0, released=False)",decode,1,0,452712,17,d61968e8-e4aa-43a2-8ca8-85b623ffd1e5_dp1,0,nixl_start_time
1780280956.3292937,1780280956.3415918,12.298,1780280956.3416102,0.018358230590820312,137326290960,137326.29096,1780280956.3292937,12.316465377807617,0.0035762786865234375,4.3659210205078125,4.348,25165824,2.0463346885672467,1536,chatcmpl-7d79e336-781f-4427-a918-57d4fb72f869-a603e2ac,"nixl_xfer_handle(0x5af9a3d68b20, released=False)",decode,0,0,452715,16,d61968e8-e4aa-43a2-8ca8-85b623ffd1e5_dp0,0,nixl_start_time
1780280956.3911498,1780280956.4156878,24.538,1780280956.4157057,0.017881393432617188,137326352816,137326.352816,1780280956.3911498,24.55592155456543,0.00476837158203125,4.743814468383789,4.725,42467328,1.7306760127149727,2592,chatcmpl-1e8349d8-8c51-4ec9-8881-da9a2c32fa50-a6853134,"nixl_xfer_handle(0x5af9a3d68b20, released=False)",decode,0,0,452715,27,d61968e8-e4aa-43a2-8ca8-85b623ffd1e5_dp1,0,nixl_start_time
1780280956.4525387,1780280956.4541748,1.6360000000000001,1780280956.454582,0.40721893310546875,137326414205,137326.414205,1780280956.4525387,2.0432472229003906,0.004291534423828125,1.6567707061767578,1.636,3145728,1.9228166259168704,192,chatcmpl-1187edbf-b6c4-4a3a-9a2e-74fde415d451-836e315f,"nixl_xfer_handle(0x556359a28ee0, released=False)",decode,1,0,452712,2,d61968e8-e4aa-43a2-8ca8-85b623ffd1e5_dp0,0,nixl_start_time
1780280956.4776638,1780280956.4793768,1.7129999999999999,1780280956.4797814,0.40459632873535156,137326439330,137326.43933,1780280956.4776638,2.117633819580078,0.00476837158203125,1.7325878143310547,1.713,3145728,1.8363852889667251,192,chatcmpl-70d49bd7-e72a-40db-9dcf-a12f9a28e1ec-82872aa2,"nixl_xfer_handle(0x556359a28ee0, released=False)",decode,1,0,452712,2,d61968e8-e4aa-43a2-8ca8-85b623ffd1e5_dp1,0,nixl_start_time
1780280956.5393257,1780280956.5463886,7.063,1780280956.5467923,0.4036426544189453,137326500992,137326.500992,1780280956.5393257,7.466554641723633,0.00476837158203125,7.084846496582031,7.063,14155776,2.004215772334702,864,chatcmpl-80e9027a-3167-4fca-baa0-318acade94c5-af7f21a0,"nixl_xfer_handle(0x556359a28ee0, released=False)",decode,1,0,452712,9,d61968e8-e4aa-43a2-8ca8-85b623ffd1e5_dp0,0,nixl_start_time
1780280956.5517735,1780280956.5644267,12.652999999999999,1780280956.5644546,0.027894973754882812,137326513440,137326.51344,1780280956.5517735,12.681007385253906,0.0040531158447265625,3.6573410034179688,3.64,22020096,1.7403063305145026,1344,chatcmpl-820cc82d-9a07-4bc6-81b0-4c701e14bf48-a9e2734c,"nixl_xfer_handle(0x5af9a3d68b20, released=False)",decode,0,0,452715,14,d61968e8-e4aa-43a2-8ca8-85b623ffd1e5_dp1,0,nixl_start_time
1780280956.7754757,1780280956.7801528,4.677,1780280956.7805474,0.39458274841308594,137326737142,137326.737142,1780280956.7754757,5.0716400146484375,0.005245208740234375,4.704952239990234,4.677,9437184,2.01778576010263,576,chatcmpl-e42912ad-6e2a-4a68-ac04-9122c772d658-853694f5,"nixl_xfer_handle(0x556359a28ee0, released=False)",decode,1,0,452712,6,d61968e8-e4aa-43a2-8ca8-85b623ffd1e5_dp0,0,nixl_start_time
1780280956.8749638,1780280956.8844168,9.453,1780280956.884729,0.3120899200439453,137326836630,137326.83663,1780280956.8749638,9.765148162841797,0.005245208740234375,9.474992752075195,9.453,14155776,1.497490320533164,864,chatcmpl-66659969-73ac-43c5-8908-44aedfa7fca4-91faa116,"nixl_xfer_handle(0x5af99a304310, released=False)",decode,0,0,452715,9,d61968e8-e4aa-43a2-8ca8-85b623ffd1e5_dp0,0,nixl_start_time
1780280956.8750277,1780280956.9001057,25.078,1780280956.9001255,0.019788742065429688,137326836694,137326.836694,1780280956.8750277,25.09784698486328,0.00476837158203125,9.362220764160156,9.328,56623104,2.257879575723742,3456,chatcmpl-08a54ca6-b677-47d2-b905-18ae3d51e15c-949c82ad,"nixl_xfer_handle(0x556359a28ee0, released=False)",decode,1,0,452712,36,d61968e8-e4aa-43a2-8ca8-85b623ffd1e5_dp1,0,nixl_start_time
1780280956.9498897,1780280956.9772058,27.316,1780280956.9772263,0.020503997802734375,137326911556,137326.911556,1780280956.9498897,27.336597442626953,0.006198883056640625,11.986970901489258,11.95,70778880,2.591114365207204,4320,chatcmpl-58920573-1137-4a4f-b2df-23b6eb3d8247-8fabc73d,"nixl_xfer_handle(0x5af99a304310, released=False)",decode,0,0,452715,45,d61968e8-e4aa-43a2-8ca8-85b623ffd1e5_dp0,0,nixl_start_time
1780280956.9655397,1780280956.9671466,1.607,1780280956.9675653,0.41866302490234375,137326927206,137326.927206,1780280956.9655397,2.025604248046875,0.0045299530029296875,1.6262531280517578,1.607,3145728,1.9575158680771625,192,chatcmpl-b7e48fdb-d000-4714-8572-bd27864fe238-b5246c63,"nixl_xfer_handle(0x556359a4e320, released=False)",decode,1,0,452712,2,d61968e8-e4aa-43a2-8ca8-85b623ffd1e5_dp0,0,nixl_start_time
1780280957.0140727,1780280957.0145535,0.481,1780280957.014944,0.3905296325683594,137326975739,137326.975739,1780280957.0140727,0.8714199066162109,0.0050067901611328125,0.5002021789550781,0.481,1572864,3.269987525987526,48,chatcmpl-0ee77638-2a51-4ccc-bbc2-48731c7d09c4-b6b68616,"nixl_xfer_handle(0x556359a4e320, released=False)",decode,1,0,452712,1,d61968e8-e4aa-43a2-8ca8-85b623ffd1e5_dp1,0,nixl_start_time
1780280957.1137247,1780280957.1169057,3.1809999999999996,1780280957.117306,0.40030479431152344,137327075391,137327.075391,1780280957.1137247,3.5812854766845703,0.004291534423828125,3.2062530517578125,3.181,6291456,1.977823325998114,384,chatcmpl-dec8d8fa-9658-4db2-aa71-3b804c1776ce-bed5ef3b,"nixl_xfer_handle(0x556359a4e320, released=False)",decode,1,0,452712,4,d61968e8-e4aa-43a2-8ca8-85b623ffd1e5_dp0,0,nixl_start_time
1780280957.1630147,1780280957.1667976,3.783,1780280957.1671722,0.3745555877685547,137327124681,137327.124681,1780280957.1630147,4.157543182373047,0.0045299530029296875,3.8034915924072266,3.783,7864320,2.078858049167328,480,chatcmpl-c06f32a7-c4fb-4584-b5a9-1c2aa9f5ac97-b4e2ed1e,"nixl_xfer_handle(0x556359a4e320, released=False)",decode,1,0,452712,5,d61968e8-e4aa-43a2-8ca8-85b623ffd1e5_dp1,0,nixl_start_time
1780280957.1631687,1780280957.1758337,12.665,1780280957.1758673,0.03361701965332031,137327124835,137327.124835,1780280957.1631687,12.698650360107422,0.0057220458984375,4.236698150634766,4.216,36175872,2.856365732333202,2208,chatcmpl-4256fa5d-73a2-430e-845e-09b1f251cdad-b944a1a5,"nixl_xfer_handle(0x5af9a3e26520, released=False)",decode,0,0,452715,23,d61968e8-e4aa-43a2-8ca8-85b623ffd1e5_dp0,0,nixl_start_time
1780280957.1877706,1780280957.1905556,2.785,1780280957.1905875,0.031948089599609375,137327149437,137327.149437,1780280957.1877706,2.816915512084961,0.0040531158447265625,2.4271011352539062,2.407,3145728,1.1295253141831239,192,chatcmpl-cfc7370a-864d-4fae-8ebc-e0aa4f50dcd2-affd1362,"nixl_xfer_handle(0x5af9a3d68b20, released=False)",decode,0,0,452715,2,d61968e8-e4aa-43a2-8ca8-85b623ffd1e5_dp0,0,nixl_start_time
1780280957.2248647,1780280957.2271397,2.275,1780280957.2275355,0.39577484130859375,137327186531,137327.186531,1780280957.2248647,2.670764923095703,0.0045299530029296875,2.295255661010742,2.275,4718592,2.0741063736263734,288,chatcmpl-6c5d2101-0e83-49f4-aede-a0135c7a3a6a-82396404,"nixl_xfer_handle(0x556359a4e320, released=False)",decode,1,0,452712,3,d61968e8-e4aa-43a2-8ca8-85b623ffd1e5_dp1,0,nixl_start_time
1780280957.2496088,1780280957.2748137,25.205000000000002,1780280957.2748315,0.017881393432617188,137327211275,137327.211275,1780280957.2496088,25.2227783203125,0.005245208740234375,5.3997039794921875,5.381,42467328,1.6848771275540566,2592,chatcmpl-357c7177-dcfd-4e3f-87da-a50f91445dd7-b7412f1d,"nixl_xfer_handle(0x5af9a3d68b20, released=False)",decode,0,0,452715,27,d61968e8-e4aa-43a2-8ca8-85b623ffd1e5_dp1,0,nixl_start_time
1780280957.3239896,1780280957.3567367,32.747,1780280957.3567502,0.013589859008789062,137327285656,137327.285656,1780280957.3239896,32.7606201171875,0.0050067901611328125,5.76329231262207,5.741,55050240,1.6810773505970014,3360,chatcmpl-e0a9b288-de4b-4c19-83ab-061e94c6c9ed-a84548e7,"nixl_xfer_handle(0x5af9a3e01e20, released=False)",decode,0,0,452715,35,d61968e8-e4aa-43a2-8ca8-85b623ffd1e5_dp0,0,nixl_start_time
1780280957.3361897,1780280957.3567877,20.598000000000003,1780280957.3567955,0.007867813110351562,137327297856,137327.297856,1780280957.3361897,20.605802536010742,0.005245208740234375,5.599021911621094,5.579,26738688,1.2981205942324496,1632,chatcmpl-7d86d736-45e6-4e8e-8f46-84402cd22967-9b3bbd54,"nixl_xfer_handle(0x5af9a3812740, released=False)",decode,0,0,452715,17,d61968e8-e4aa-43a2-8ca8-85b623ffd1e5_dp1,0,nixl_start_time
1780280957.3418527,1780280957.3568096,14.956999999999999,1780280957.3568146,0.0050067901611328125,137327303519,137327.303519,1780280957.3418527,14.961957931518555,0.0035762786865234375,2.2962093353271484,2.281,4718592,0.3154771678812596,288,chatcmpl-bf262f31-19a8-406e-9bcd-641ab689ecae-b2269b20,"nixl_xfer_handle(0x5af9a3ded0c0, released=False)",decode,0,0,452715,3,d61968e8-e4aa-43a2-8ca8-85b623ffd1e5_dp1,0,nixl_start_time
1780280957.3484635,1780280957.3500876,1.624,1780280957.3504941,0.40650367736816406,137327310130,137327.31013,1780280957.3484635,2.030611038208008,0.004291534423828125,1.6436576843261719,1.624,3145728,1.9370246305418721,192,chatcmpl-185f49ca-1e02-4b8f-a733-812e0ef92592-82e9cf49,"nixl_xfer_handle(0x556359a4e320, released=False)",decode,1,0,452712,2,d61968e8-e4aa-43a2-8ca8-85b623ffd1e5_dp0,0,nixl_start_time
1780280957.3485277,1780280957.3568296,8.302,1780280957.356871,0.04124641418457031,137327310194,137327.310194,1780280957.3485277,8.343219757080078,0.0054836273193359375,7.835865020751953,7.814,11010048,1.3261922428330521,672,chatcmpl-10c48f1c-6007-4033-8818-c4ca39320719-a027ad89,"nixl_xfer_handle(0x5af9a35cd0a0, released=False)",decode,0,0,452715,7,d61968e8-e4aa-43a2-8ca8-85b623ffd1e5_dp0,0,nixl_start_time
1780280957.4845386,1780280957.4861095,1.571,1780280957.4865072,0.39768218994140625,137327446205,137327.446205,1780280957.4845386,1.9686222076416016,0.00476837158203125,1.5933513641357422,1.571,3145728,2.0023730108211333,192,chatcmpl-0f14e0c4-99b4-4cc6-a308-8ed0e9a8c984-92ac719a,"nixl_xfer_handle(0x556359a4e320, released=False)",decode,1,0,452712,2,d61968e8-e4aa-43a2-8ca8-85b623ffd1e5_dp1,0,nixl_start_time
1780280957.5094187,1780280957.5134358,4.0169999999999995,1780280957.513832,0.3962516784667969,137327471085,137327.471085,1780280957.5094187,4.413366317749023,0.005245208740234375,4.0378570556640625,4.017,7864320,1.9577595220313668,480,chatcmpl-cfefbbc3-b79a-4904-8f9e-5e50f864e3d8-8d495bf9,"nixl_xfer_handle(0x556359a4e320, released=False)",decode,1,0,452712,5,d61968e8-e4aa-43a2-8ca8-85b623ffd1e5_dp0,0,nixl_start_time
1780280957.6691847,1780280957.6813996,12.215,1780280957.6814215,0.02193450927734375,137327630851,137327.630851,1780280957.6691847,12.236833572387695,0.005245208740234375,4.38380241394043,4.363,29884416,2.4465342611543184,1824,chatcmpl-2f81f6f8-f4b7-466e-8785-4c3834d3ce48-bf2e2bb4,"nixl_xfer_handle(0x5af9a37b62c0, released=False)",decode,0,0,452715,19,d61968e8-e4aa-43a2-8ca8-85b623ffd1e5_dp1,0,nixl_start_time
1780280957.7658865,1780280957.7794356,13.549,1780280957.7794535,0.017881393432617188,137327727553,137327.727553,1780280957.7658865,13.566970825195312,0.005245208740234375,5.11622428894043,5.096,40894464,3.0182643737545205,2496,chatcmpl-17be4f2a-ff27-48e1-886b-9206ee6b774d-8cabbc81,"nixl_xfer_handle(0x5af9a37b62c0, released=False)",decode,0,0,452715,26,d61968e8-e4aa-43a2-8ca8-85b623ffd1e5_dp0,0,nixl_start_time
1780280957.7659895,1780280957.7931406,27.151,1780280957.7931573,0.016689300537109375,137327727656,137327.727656,1780280957.7659895,27.167797088623047,0.004291534423828125,9.866952896118164,9.831,66060288,2.433070163161578,4032,chatcmpl-ed9c5868-f078-45c0-9d6b-cc73f76bd101-ae7458e7,"nixl_xfer_handle(0x556359a4e320, released=False)",decode,1,0,452712,42,d61968e8-e4aa-43a2-8ca8-85b623ffd1e5_dp1,0,nixl_start_time
1780280957.7910986,1780280957.7927325,1.6340000000000001,1780280957.7931774,0.4448890686035156,137327752765,137327.752765,1780280957.7910986,2.0787715911865234,0.004291534423828125,1.653909683227539,1.634,3145728,1.925170134638923,192,chatcmpl-8797df26-7f31-4230-995c-552d8619c115-b7c32ef0,"nixl_xfer_handle(0x556342278940, released=False)",decode,1,0,452712,2,d61968e8-e4aa-43a2-8ca8-85b623ffd1e5_dp0,0,nixl_start_time
1780280957.8026567,1780280957.8200986,17.442,1780280957.8201182,0.019550323486328125,137327764323,137327.764323,1780280957.8026567,17.461538314819336,0.003337860107421875,2.840757369995117,2.82,17301504,0.9919449604403165,1056,chatcmpl-e849cda0-63cb-473e-a39e-3bf3b64559ec-9e78fbde,"nixl_xfer_handle(0x5af9a37b62c0, released=False)",decode,0,0,452715,11,d61968e8-e4aa-43a2-8ca8-85b623ffd1e5_dp1,0,nixl_start_time
1780280957.8027205,1780280957.8231196,20.399,1780280957.8231592,0.039577484130859375,137327764387,137327.764387,1780280957.8027205,20.438671112060547,0.00476837158203125,6.145238876342773,6.126,25165824,1.2336792980048041,1536,chatcmpl-7c0172ae-053c-4c32-aaec-a5dc51f202a7-9b81cf1e,"nixl_xfer_handle(0x556359a4e320, released=False)",decode,1,0,452712,16,d61968e8-e4aa-43a2-8ca8-85b623ffd1e5_dp0,0,nixl_start_time
1780280957.8150406,1780280957.8324575,17.416999999999998,1780280957.8324716,0.014066696166992188,137327776707,137327.776707,1780280957.8150406,17.431020736694336,0.004291534423828125,4.701137542724609,4.678,23592960,1.3545937876787046,1440,chatcmpl-c4679070-3e7a-4696-8cd3-c563708fc156-b465517f,"nixl_xfer_handle(0x5af9a3636860, released=False)",decode,0,0,452715,15,d61968e8-e4aa-43a2-8ca8-85b623ffd1e5_dp1,0,nixl_start_time
1780280957.8150516,1780280957.8270266,11.975,1780280957.827047,0.020503997802734375,137327776718,137327.776718,1780280957.8150516,11.995553970336914,0.006198883056640625,7.658243179321289,7.638,31457280,2.626912734864301,1920,chatcmpl-16a24635-1325-41e9-8cf9-e7b040ba0c45-93c1bc99,"nixl_xfer_handle(0x556359970600, released=False)",decode,1,0,452712,20,d61968e8-e4aa-43a2-8ca8-85b623ffd1e5_dp0,0,nixl_start_time
1780280957.8267696,1780280957.8320966,5.327,1780280957.8324914,0.3948211669921875,137327788436,137327.788436,1780280957.8267696,5.721807479858398,0.0050067901611328125,5.350351333618164,5.327,7864320,1.4763131218321757,480,chatcmpl-3a9c453f-5e85-4a63-8557-2a097c73fec4-950e2dd6,"nixl_xfer_handle(0x5af9a3e70760, released=False)",decode,0,0,452715,5,d61968e8-e4aa-43a2-8ca8-85b623ffd1e5_dp0,0,nixl_start_time
1780280957.8759997,1780280957.8791788,3.179,1780280957.879581,0.40221214294433594,137327837666,137327.837666,1780280957.8759997,3.5812854766845703,0.003814697265625,3.1991004943847656,3.179,6291456,1.9790676313306073,384,chatcmpl-36bbccb3-58e9-47a5-a2b9-cc0fb40a45e7-9f85d5f0,"nixl_xfer_handle(0x556359a4e320, released=False)",decode,1,0,452712,4,d61968e8-e4aa-43a2-8ca8-85b623ffd1e5_dp1,0,nixl_start_time
1780280957.9626117,1780280957.9682758,5.664,1780280957.9686902,0.4143714904785156,137327924278,137327.924278,1780280957.9626117,6.078481674194336,0.0050067901611328125,5.685567855834961,5.664,11010048,1.943864406779661,672,chatcmpl-3ebc384f-ebdc-4682-a5fe-f276ad1a0039-b0ffb34c,"nixl_xfer_handle(0x556359a4e320, released=False)",decode,1,0,452712,7,d61968e8-e4aa-43a2-8ca8-85b623ffd1e5_dp0,0,nixl_start_time
1780280957.9874227,1780280957.9944956,7.073,1780280957.9945107,0.015020370483398438,137327949089,137327.949089,1780280957.9874227,7.087945938110352,0.00476837158203125,6.686210632324219,6.666,9437184,1.3342547716669022,576,chatcmpl-77595687-c7dc-4973-bc41-13acc64609a5-868b1a6b,"nixl_xfer_handle(0x5af9a3636860, released=False)",decode,0,0,452715,6,d61968e8-e4aa-43a2-8ca8-85b623ffd1e5_dp1,0,nixl_start_time
1780280957.9998035,1780280958.0125275,12.723999999999998,1780280958.0125813,0.053882598876953125,137327961470,137327.96147,1780280957.9998035,12.77780532836914,0.005245208740234375,3.8237571716308594,3.804,22020096,1.7305954102483496,1344,chatcmpl-7f63d0d5-6ab9-4246-b2c2-22a93defc08b-888a7d27,"nixl_xfer_handle(0x5af9a3636860, released=False)",decode,0,0,452715,14,d61968e8-e4aa-43a2-8ca8-85b623ffd1e5_dp0,0,nixl_start_time
1780280958.0245557,1780280958.0261607,1.605,1780280958.0265663,0.4055500030517578,137327986222,137327.986222,1780280958.0245557,2.0105838775634766,0.0050067901611328125,1.6248226165771484,1.605,3145728,1.959955140186916,192,chatcmpl-6238a276-4b10-43b9-a4bc-cbe7345b26a5-92c09cea,"nixl_xfer_handle(0x556359a4e320, released=False)",decode,1,0,452712,2,d61968e8-e4aa-43a2-8ca8-85b623ffd1e5_dp1,0,nixl_start_time
1780280958.0498447,1780280958.0743167,24.472,1780280958.0743713,0.05459785461425781,137328011511,137328.011511,1780280958.0498447,24.526596069335938,0.005245208740234375,4.792928695678711,4.774,48758784,1.992431513566525,2976,chatcmpl-7577a9f7-b893-4935-ab2c-595946fd6197-9b1e9600,"nixl_xfer_handle(0x5af9a3812740, released=False)",decode,0,0,452715,31,d61968e8-e4aa-43a2-8ca8-85b623ffd1e5_dp1,0,nixl_start_time
1780280958.1607826,1780280958.1731925,12.409999999999998,1780280958.1732142,0.021696090698242188,137328122449,137328.122449,1780280958.1607826,12.431621551513672,0.0054836273193359375,5.094051361083984,5.075,37748736,3.041799838839646,2304,chatcmpl-920c9ebd-2726-421e-ba47-0761997dcb8d-8a68485b,"nixl_xfer_handle(0x5af9a3812740, released=False)",decode,0,0,452715,24,d61968e8-e4aa-43a2-8ca8-85b623ffd1e5_dp0,0,nixl_start_time
1780280958.1864038,1780280958.2111816,24.778000000000002,1780280958.2112,0.018358230590820312,137328148070,137328.14807,1780280958.1864038,24.796247482299805,0.0054836273193359375,5.324363708496094,5.305,45613056,1.840869158124142,2784,chatcmpl-06b7e195-ed60-4fa6-91be-84cd6d236c3a-bcd28870,"nixl_xfer_handle(0x5af9a3db38e0, released=False)",decode,0,0,452715,29,d61968e8-e4aa-43a2-8ca8-85b623ffd1e5_dp1,0,nixl_start_time
1780280958.2471826,1780280958.2719946,24.812,1780280958.272045,0.05030632019042969,137328208849,137328.208849,1780280958.2471826,24.862289428710938,0.0054836273193359375,9.10043716430664,9.079,45613056,1.838346606480735,2784,chatcmpl-170513ec-1a8b-4e90-8404-b6fa1c365d91-9ea846c1,"nixl_xfer_handle(0x556359a4e320, released=False)",decode,1,0,452712,29,d61968e8-e4aa-43a2-8ca8-85b623ffd1e5_dp0,0,nixl_start_time
1780280958.2839847,1780280958.2871268,3.142,1780280958.2875397,0.41294097900390625,137328245651,137328.245651,1780280958.2839847,3.5550594329833984,0.0045299530029296875,3.1671524047851562,3.142,6291456,2.0023730108211333,384,chatcmpl-aa97984d-bc04-4fd1-bfa4-edc8edbbd051-a6446155,"nixl_xfer_handle(0x556356e1cdc0, released=False)",decode,1,0,452712,4,d61968e8-e4aa-43a2-8ca8-85b623ffd1e5_dp1,0,nixl_start_time
1780280958.3707576,1780280958.3952796,24.522,1780280958.3953168,0.03719329833984375,137328332424,137328.332424,1780280958.3707576,24.55925941467285,0.0035762786865234375,4.387855529785156,4.37,42467328,1.7318052361145095,2592,chatcmpl-d20477b0-7740-4ac5-be0a-5b721a6e3931-8cec3d78,"nixl_xfer_handle(0x5af9a41c14e0, released=False)",decode,0,0,452715,27,d61968e8-e4aa-43a2-8ca8-85b623ffd1e5_dp0,0,nixl_start_time
1780280958.4075546,1780280958.4248247,17.27,1780280958.4248595,0.034809112548828125,137328369221,137328.369221,1780280958.4075546,17.30489730834961,0.0050067901611328125,2.9778480529785156,2.959,18874368,1.0928991314418066,1152,chatcmpl-88422fcc-672e-4a15-a3da-86eba818ccdf-83277b22,"nixl_xfer_handle(0x5af9a386ec30, released=False)",decode,0,0,452715,12,d61968e8-e4aa-43a2-8ca8-85b623ffd1e5_dp1,0,nixl_start_time
1780280958.4201586,1780280958.4327807,12.622,1780280958.4328027,0.02193450927734375,137328381825,137328.381825,1780280958.4201586,12.644052505493164,0.004291534423828125,4.286289215087891,4.268,34603008,2.741483758516875,2112,chatcmpl-c22adc77-9a91-4596-bd7c-76a0d5fc99e5-987004c9,"nixl_xfer_handle(0x5af9a4187200, released=False)",decode,0,0,452715,22,d61968e8-e4aa-43a2-8ca8-85b623ffd1e5_dp0,0,nixl_start_time
1780280958.5066266,1780280958.5357037,29.076999999999998,1780280958.5357187,0.015020370483398438,137328468293,137328.468293,1780280958.5066266,29.092073440551758,0.0059604644775390625,9.905099868774414,9.882,58195968,2.001443340096984,3552,chatcmpl-72240361-0b71-41e9-9f57-4bdf8455ef17-9ed27ddc,"nixl_xfer_handle(0x556356e1cdc0, released=False)",decode,1,0,452712,37,d61968e8-e4aa-43a2-8ca8-85b623ffd1e5_dp0,0,nixl_start_time
1780280958.5198147,1780280958.5232956,3.4810000000000003,1780280958.5233262,0.030517578125,137328481481,137328.481481,1780280958.5198147,3.5114288330078125,0.00476837158203125,3.1647682189941406,3.145,4718592,1.3555277219189887,288,chatcmpl-d08a4ffa-5b14-4496-b475-e9714a4f326b-86718b7a,"nixl_xfer_handle(0x5af9a386ec30, released=False)",decode,0,0,452715,3,d61968e8-e4aa-43a2-8ca8-85b623ffd1e5_dp1,0,nixl_start_time
1780280958.5198846,1780280958.5458336,25.948999999999998,1780280958.5458534,0.019788742065429688,137328481551,137328.481551,1780280958.5198846,25.96879005432129,0.0054836273193359375,10.783910751342773,10.762,29884416,1.1516596400632009,1824,chatcmpl-a9484bda-e0ec-438c-bd27-17b040cc7d76-8b5dd056,"nixl_xfer_handle(0x556359b1c4e0, released=False)",decode,1,0,452712,19,d61968e8-e4aa-43a2-8ca8-85b623ffd1e5_dp1,0,nixl_start_time
1780280958.5339828,1780280958.5458767,11.894,1780280958.5459182,0.041484832763671875,137328495649,137328.495649,1780280958.5339828,11.93547248840332,0.0057220458984375,1.3284683227539062,1.305,3145728,0.26448024213889354,192,chatcmpl-69e77cae-d7b0-4af2-a60c-ee384f21ba18-bb329f5b,"nixl_xfer_handle(0x556359ac0f00, released=False)",decode,1,0,452712,2,d61968e8-e4aa-43a2-8ca8-85b623ffd1e5_dp0,0,nixl_start_time
1780280958.7064726,1780280958.7475085,41.036,1780280958.747525,0.016450881958007812,137328668139,137328.668139,1780280958.7064726,41.05234146118164,0.0059604644775390625,20.767688751220703,20.731,88080384,2.1464173896091236,5376,chatcmpl-03796b34-ead4-4e89-afbf-89ee35fad502-ba2ef809,"nixl_xfer_handle(0x5af9a386ec30, released=False)",decode,0,0,452715,56,d61968e8-e4aa-43a2-8ca8-85b623ffd1e5_dp1,0,nixl_start_time
1780280958.7312267,1780280958.7327118,1.485,1780280958.7329705,0.2586841583251953,137328692893,137328.692893,1780280958.7312267,1.7437934875488281,0.0054836273193359375,1.506805419921875,1.485,3145728,2.1183353535353535,192,chatcmpl-d80b1681-4265-4f3f-8a01-e258351c34b0-b5f246a2,"nixl_xfer_handle(0x556356e1cdc0, released=False)",decode,1,0,452712,2,d61968e8-e4aa-43a2-8ca8-85b623ffd1e5_dp0,0,nixl_start_time
1780280958.7423217,1780280958.7471468,4.825,1780280958.7475452,0.39839744567871094,137328703988,137328.703988,1780280958.7423217,5.223512649536133,0.004291534423828125,4.845619201660156,4.825,6291456,1.3039287046632122,384,chatcmpl-fcd6e6d4-c6a4-4fd8-89f9-218b4c4678af-b9904a28,"nixl_xfer_handle(0x5af9a3e01e20, released=False)",decode,0,0,452715,4,d61968e8-e4aa-43a2-8ca8-85b623ffd1e5_dp1,0,nixl_start_time
1780280958.7548957,1780280958.7796206,24.725,1780280958.779641,0.020265579223632812,137328716562,137328.716562,1780280958.7548957,24.74522590637207,0.017404556274414062,8.780241012573242,8.748,44040192,1.781200889787664,2688,chatcmpl-ae6c9e63-1458-4b3c-a40d-bbf3c901db9b-851fafc4,"nixl_xfer_handle(0x556356e1cdc0, released=False)",decode,1,0,452712,28,d61968e8-e4aa-43a2-8ca8-85b623ffd1e5_dp0,0,nixl_start_time
1780280958.7796147,1780280958.8043137,24.698999999999998,1780280958.8043327,0.019073486328125,137328741281,137328.741281,1780280958.7796147,24.718046188354492,0.0050067901611328125,4.475831985473633,4.456,39321600,1.5920320660755496,2400,chatcmpl-8bf3482a-5528-4bef-9a00-dd6f2b13cfcb-8b7c9f8a,"nixl_xfer_handle(0x5af9a3e01e20, released=False)",decode,0,0,452715,25,d61968e8-e4aa-43a2-8ca8-85b623ffd1e5_dp0,0,nixl_start_time
1780280959.0146925,1780280959.0270326,12.34,1780280959.0270543,0.021696090698242188,137328976359,137328.976359,1780280959.0146925,12.361764907836914,0.0050067901611328125,5.610466003417969,5.588,34603008,2.8041335494327386,2112,chatcmpl-53a38692-4da0-41bc-9d5b-9326b40bedd8-afa64564,"nixl_xfer_handle(0x556356e1cdc0, released=False)",decode,1,0,452712,22,d61968e8-e4aa-43a2-8ca8-85b623ffd1e5_dp0,0,nixl_start_time
1780280959.1138866,1780280959.1391907,25.304,1780280959.1392112,0.020503997802734375,137329075553,137329.075553,1780280959.1138866,25.324583053588867,0.00476837158203125,4.946470260620117,4.928,51904512,2.051237432816946,3168,chatcmpl-dcfa7502-96a8-4c59-8a0c-74ca9e7dd9ec-bdc2aa7c,"nixl_xfer_handle(0x5af9a4181670, released=False)",decode,0,0,452715,33,d61968e8-e4aa-43a2-8ca8-85b623ffd1e5_dp1,0,nixl_start_time
1780280959.1886675,1780280959.2275476,38.879999999999995,1780280959.2275684,0.020742416381835938,137329150334,137329.150334,1780280959.1886675,38.90085220336914,0.006198883056640625,23.66924285888672,23.634,97517568,2.508167901234568,5952,chatcmpl-537ce79e-6e66-4169-9a8c-3b9875a1e22a-85d95eb9,"nixl_xfer_handle(0x556356e1cdc0, released=False)",decode,1,0,452712,62,d61968e8-e4aa-43a2-8ca8-85b623ffd1e5_dp0,0,nixl_start_time
1780280959.2274776,1780280959.2299457,2.468,1780280959.2302938,0.34809112548828125,137329189144,137329.189144,1780280959.2274776,2.8162002563476562,0.003814697265625,2.486705780029297,2.468,4718592,1.9119092382495946,288,chatcmpl-45d53cf4-9c89-41cf-9909-ea3f743f9332-b318de3a,"nixl_xfer_handle(0x5af9a41def20, released=False)",decode,0,0,452715,3,d61968e8-e4aa-43a2-8ca8-85b623ffd1e5_dp0,0,nixl_start_time
1780280959.3520145,1780280959.3541865,2.1719999999999997,1780280959.354463,0.2765655517578125,137329313681,137329.313681,1780280959.3520145,2.448558807373047,0.00286102294921875,2.192258834838867,2.172,4718592,2.17246408839779,288,chatcmpl-397017bb-baf3-4ace-8000-20c9f056f650-98a65ed9,"nixl_xfer_handle(0x556356e1cdc0, released=False)",decode,1,0,452712,3,d61968e8-e4aa-43a2-8ca8-85b623ffd1e5_dp1,0,nixl_start_time
1780280959.3645546,1780280959.3666787,2.124,1780280959.3670256,0.34689903259277344,137329326221,137329.326221,1780280959.3645546,2.4709701538085938,0.005245208740234375,2.1445751190185547,2.124,3145728,1.4810395480225989,192,chatcmpl-df4cee02-929d-411e-9d56-178cbe5ef010-b381ccd3,"nixl_xfer_handle(0x5af9a41def20, released=False)",decode,0,0,452715,2,d61968e8-e4aa-43a2-8ca8-85b623ffd1e5_dp0,0,nixl_start_time
1780280959.4393187,1780280959.4645436,25.225,1780280959.4645646,0.0209808349609375,137329400985,137329.400985,1780280959.4393187,25.24590492248535,0.0057220458984375,9.915590286254883,9.892,61341696,2.431781803766105,3744,chatcmpl-c4f9a125-3900-498d-9424-347f0160ae1b-bb65404b,"nixl_xfer_handle(0x556356e1cdc0, released=False)",decode,1,0,452712,39,d61968e8-e4aa-43a2-8ca8-85b623ffd1e5_dp1,0,nixl_start_time
1780280959.5267117,1780280959.5535848,26.873,1780280959.5536354,0.05054473876953125,137329488378,137329.488378,1780280959.5267117,26.923656463623047,0.00667572021484375,11.645317077636719,11.61,77070336,2.867946861161761,4704,chatcmpl-5bd0501f-70eb-40cd-9802-5322c0b9e6c3-8ca664cc,"nixl_xfer_handle(0x556356e1cdc0, released=False)",decode,1,0,452712,49,d61968e8-e4aa-43a2-8ca8-85b623ffd1e5_dp0,0,nixl_start_time
1780280959.6035817,1780280959.6331897,29.608,1780280959.633202,0.01239776611328125,137329565248,137329.565248,1780280959.6035817,29.62040901184082,0.0059604644775390625,4.949331283569336,4.929,61341696,2.0717946500945694,3744,chatcmpl-f6bbba58-7c93-45d3-91ea-a71a42c7f321-bd7b307a,"nixl_xfer_handle(0x5af9a41def20, released=False)",decode,0,0,452715,39,d61968e8-e4aa-43a2-8ca8-85b623ffd1e5_dp1,0,nixl_start_time
1780280959.6087697,1780280959.6332736,24.504,1780280959.6332808,0.007152557373046875,137329570436,137329.570436,1780280959.6087697,24.511098861694336,0.003337860107421875,17.856359481811523,17.823,36175872,1.4763251714005876,2208,chatcmpl-9f53d744-c629-4a81-9d52-c66004c9b46a-a2036730,"nixl_xfer_handle(0x5af9a386ec30, released=False)",decode,0,0,452715,23,d61968e8-e4aa-43a2-8ca8-85b623ffd1e5_dp1,0,nixl_start_time
1780280959.6301847,1780280959.6417367,11.552,1780280959.6417544,0.017642974853515625,137329591851,137329.591851,1780280959.6301847,11.569738388061523,0.0040531158447265625,2.3124217987060547,2.293,4718592,0.40846537396121885,288,chatcmpl-01c656e4-4d15-4562-8c54-1961535272eb-9cb8f715,"nixl_xfer_handle(0x5af9a3d5bb00, released=False)",decode,0,0,452715,3,d61968e8-e4aa-43a2-8ca8-85b623ffd1e5_dp0,0,nixl_start_time
1780280959.6305916,1780280959.6416616,11.07,1780280959.641679,0.017404556274414062,137329592258,137329.592258,1780280959.6305916,11.087417602539062,0.0064373016357421875,3.475666046142578,3.455,29884416,2.6995859078590785,1824,chatcmpl-85caf23c-027e-41c6-a28d-05ddf60bf4b7-8dcfbc55,"nixl_xfer_handle(0x556359a47460, released=False)",decode,1,0,452712,19,d61968e8-e4aa-43a2-8ca8-85b623ffd1e5_dp0,0,nixl_start_time
1780280959.7286646,1780280959.7290907,0.426,1780280959.7293632,0.27251243591308594,137329690331,137329.690331,1780280959.7286646,0.6985664367675781,0.005245208740234375,0.4456043243408203,0.426,1572864,3.692169014084507,48,chatcmpl-85c86391-48c6-4a02-8a29-d146c466580b-ad910502,"nixl_xfer_handle(0x556359a47460, released=False)",decode,1,0,452712,1,d61968e8-e4aa-43a2-8ca8-85b623ffd1e5_dp1,0,nixl_start_time
1780280959.8032978,1780280959.8065808,3.283,1780280959.8069193,0.33855438232421875,137329764964,137329.764964,1780280959.8032978,3.6215782165527344,0.00476837158203125,3.3025741577148438,3.283,4718592,1.4372805360950351,288,chatcmpl-9666d628-cc81-4920-a0ce-06e53727edba-b3daf561,"nixl_xfer_handle(0x5af9a386ec30, released=False)",decode,0,0,452715,3,d61968e8-e4aa-43a2-8ca8-85b623ffd1e5_dp0,0,nixl_start_time
1780280959.8161957,1780280959.8176746,1.479,1780280959.8179386,0.2639293670654297,137329777862,137329.777862,1780280959.8161957,1.7428398132324219,0.0054836273193359375,1.5006065368652344,1.479,3145728,2.126929006085193,192,chatcmpl-214482af-20da-4561-9227-2a9dea2ec3ea-8a55f625,"nixl_xfer_handle(0x556359a47460, released=False)",decode,1,0,452712,2,d61968e8-e4aa-43a2-8ca8-85b623ffd1e5_dp1,0,nixl_start_time
1780280959.8531177,1780280959.8575168,4.399,1780280959.857868,0.35119056701660156,137329814784,137329.814784,1780280959.8531177,4.750251770019531,0.005245208740234375,4.4193267822265625,4.399,6291456,1.4302014094112299,384,chatcmpl-485913ea-a564-42a8-952d-411fecc20e12-adbfee52,"nixl_xfer_handle(0x5af9a386ec30, released=False)",decode,0,0,452715,4,d61968e8-e4aa-43a2-8ca8-85b623ffd1e5_dp0,0,nixl_start_time
1780280960.0637918,1780280960.0887077,24.916,1780280960.0887287,0.0209808349609375,137330025458,137330.025458,1780280960.0637918,24.936914443969727,0.006198883056640625,9.62209701538086,9.598,51904512,2.0831799646813294,3168,chatcmpl-b229d782-4ed1-4adf-bc21-bf91c16fff6c-bcd906f7,"nixl_xfer_handle(0x556359a47460, released=False)",decode,1,0,452712,33,d61968e8-e4aa-43a2-8ca8-85b623ffd1e5_dp1,0,nixl_start_time
1780280960.1762147,1780280960.1796577,3.443,1780280960.1799293,0.2715587615966797,137330137881,137330.137881,1780280960.1762147,3.7145614624023438,0.0035762786865234375,3.4627914428710938,3.443,7864320,2.28414754574499,480,chatcmpl-7ca22498-4142-4419-bfea-1f17350e0082-bce37341,"nixl_xfer_handle(0x556359a47460, released=False)",decode,1,0,452712,5,d61968e8-e4aa-43a2-8ca8-85b623ffd1e5_dp0,0,nixl_start_time
1780280960.1889076,1780280960.2146885,25.781,1780280960.2147324,0.0438690185546875,137330150574,137330.150574,1780280960.1889076,25.824785232543945,0.0054836273193359375,8.224010467529297,8.204,45613056,1.7692508436445447,2784,chatcmpl-8ce444c2-9a2e-485d-b80a-6d9955042fe9-a379eacc,"nixl_xfer_handle(0x556359a47460, released=False)",decode,1,0,452712,29,d61968e8-e4aa-43a2-8ca8-85b623ffd1e5_dp1,0,nixl_start_time
1780280960.2386267,1780280960.2452648,6.638,1780280960.2456255,0.36072731018066406,137330200293,137330.200293,1780280960.2386267,6.998777389526367,0.0040531158447265625,6.657838821411133,6.638,9437184,1.4216908707442,576,chatcmpl-338dd34b-1eaa-47d4-8667-523aeb2fbe71-a1ac837d,"nixl_xfer_handle(0x5af9a386ec30, released=False)",decode,0,0,452715,6,d61968e8-e4aa-43a2-8ca8-85b623ffd1e5_dp0,0,nixl_start_time
1780280960.3382378,1780280960.3424578,4.22,1780280960.3427982,0.34046173095703125,137330299904,137330.299904,1780280960.3382378,4.5604705810546875,0.005245208740234375,4.239797592163086,4.22,6291456,1.4908663507109006,384,chatcmpl-fb7b4364-1660-4cb4-a29f-909c403a2e59-adc83219,"nixl_xfer_handle(0x5af9a386ec30, released=False)",decode,0,0,452715,4,d61968e8-e4aa-43a2-8ca8-85b623ffd1e5_dp0,0,nixl_start_time
1780280960.4128957,1780280960.4167466,3.851,1780280960.4170885,0.3418922424316406,137330374562,137330.374562,1780280960.4128957,4.192829132080078,0.0030994415283203125,3.868579864501953,3.851,6291456,1.6337200727083876,384,chatcmpl-6a08d54d-9f58-4917-bea6-1ecd86616e0c-8fc7ac52,"nixl_xfer_handle(0x5af9a386ec30, released=False)",decode,0,0,452715,4,d61968e8-e4aa-43a2-8ca8-85b623ffd1e5_dp0,0,nixl_start_time
1780280960.4381757,1780280960.4402976,2.1220000000000003,1780280960.440571,0.2734661102294922,137330399842,137330.399842,1780280960.4381757,2.3953914642333984,0.0050067901611328125,2.144336700439453,2.122,4718592,2.2236531573986804,288,chatcmpl-7783a37e-dea1-4c5c-b9ce-729c53367124-950421a6,"nixl_xfer_handle(0x556359a5ff20, released=False)",decode,1,0,452712,3,d61968e8-e4aa-43a2-8ca8-85b623ffd1e5_dp1,0,nixl_start_time
1780280960.5126276,1780280960.5140786,1.451,1780280960.514349,0.2703666687011719,137330474294,137330.474294,1780280960.5126276,1.7213821411132812,0.0045299530029296875,1.4722347259521484,1.451,3145728,2.1679724328049623,192,chatcmpl-065d5a63-4e01-4043-880e-2968b5c2e0f9-b48a1f87,"nixl_xfer_handle(0x556359a5ff20, released=False)",decode,1,0,452712,2,d61968e8-e4aa-43a2-8ca8-85b623ffd1e5_dp1,0,nixl_start_time
1780280960.5252945,1780280960.5274146,2.12,1780280960.5276775,0.26297569274902344,137330486961,137330.486961,1780280960.5252945,2.382993698120117,0.004291534423828125,2.1409988403320312,2.12,4718592,2.2257509433962266,288,chatcmpl-5fefc44c-110f-4d05-8841-f3d0c8e7f842-87c5c7d9,"nixl_xfer_handle(0x556359a5ff20, released=False)",decode,1,0,452712,3,d61968e8-e4aa-43a2-8ca8-85b623ffd1e5_dp0,0,nixl_start_time
1780280960.5253136,1780280960.5260465,0.733,1780280960.5264013,0.354766845703125,137330486980,137330.48698,1780280960.5253136,1.0876655578613281,0.0045299530029296875,0.7519721984863281,0.733,1572864,2.1457899045020463,48,chatcmpl-b912bb2d-e5ec-4638-b726-ef6f3c449438-b4d9d2bc,"nixl_xfer_handle(0x5af9a386ec30, released=False)",decode,0,0,452715,1,d61968e8-e4aa-43a2-8ca8-85b623ffd1e5_dp0,0,nixl_start_time
1780280960.5377285,1780280960.5506024,12.874,1780280960.5506546,0.05221366882324219,137330499395,137330.499395,1780280960.5377285,12.926101684570312,0.00476837158203125,3.0336380004882812,3.014,17301504,1.3439105173217336,1056,chatcmpl-2f782842-ed1b-4f48-a138-38771b614d57-a34647ac,"nixl_xfer_handle(0x556359a5ff20, released=False)",decode,1,0,452712,11,d61968e8-e4aa-43a2-8ca8-85b623ffd1e5_dp1,0,nixl_start_time
1780280960.5879486,1780280960.5907776,2.8289999999999997,1780280960.5907912,0.013589859008789062,137330549615,137330.549615,1780280960.5879486,2.8426647186279297,0.0050067901611328125,2.305746078491211,2.285,3145728,1.1119575821845176,192,chatcmpl-b53ee22f-63cd-4e45-8a87-2e2e323db0d7-af43c684,"nixl_xfer_handle(0x5af9a386ec30, released=False)",decode,0,0,452715,2,d61968e8-e4aa-43a2-8ca8-85b623ffd1e5_dp0,0,nixl_start_time
1780280960.6134198,1780280960.6180959,4.675999999999999,1780280960.61846,0.36406517028808594,137330575086,137330.575086,1780280960.6134198,5.040168762207031,0.005245208740234375,4.69660758972168,4.676,7864320,1.6818477331052182,480,chatcmpl-7e27f76a-5476-4c11-8f0d-55fc03f9c8ca-851a4838,"nixl_xfer_handle(0x5af9a386ec30, released=False)",decode,0,0,452715,5,d61968e8-e4aa-43a2-8ca8-85b623ffd1e5_dp1,0,nixl_start_time
1780280960.7625277,1780280960.7630167,0.48899999999999993,1780280960.7635076,0.4909038543701172,137330724194,137330.724194,1780280960.7625277,0.9799003601074219,0.00286102294921875,0.5064010620117188,0.489,1572864,3.216490797546012,48,chatcmpl-e3a65f28-0c4c-48e5-b1fa-5b7bd77a8475-90c63079,"nixl_xfer_handle(0x556359a49820, released=False)",decode,1,0,452712,1,d61968e8-e4aa-43a2-8ca8-85b623ffd1e5_dp0,0,nixl_start_time
1780280960.8116345,1780280960.8240716,12.437,1780280960.8241162,0.04458427429199219,137330773301,137330.773301,1780280960.8116345,12.481689453125,0.0050067901611328125,2.959728240966797,2.94,17301504,1.3911316233818445,1056,chatcmpl-deeead6d-7ef1-4487-9f07-255a7901c2fc-a05c47d5,"nixl_xfer_handle(0x5af9a386ec30, released=False)",decode,0,0,452715,11,d61968e8-e4aa-43a2-8ca8-85b623ffd1e5_dp0,0,nixl_start_time
1780280960.8731875,1780280960.8976095,24.422,1780280960.897628,0.018596649169921875,137330834854,137330.834854,1780280960.8731875,24.440526962280273,0.0059604644775390625,5.810737609863281,5.79,36175872,1.4812821226762756,2208,chatcmpl-b6b2a6d5-174e-4e6c-ad8c-f1edb72034c1-adb3d0a8,"nixl_xfer_handle(0x556359a49820, released=False)",decode,1,0,452712,23,d61968e8-e4aa-43a2-8ca8-85b623ffd1e5_dp1,0,nixl_start_time
1780280960.9954658,1780280960.9976087,2.143,1780280960.9978688,0.2601146697998047,137330957132,137330.957132,1780280960.9954658,2.4030208587646484,0.00476837158203125,2.166748046875,2.143,4718592,2.201862809146057,288,chatcmpl-85475866-aef7-43f6-913c-9e9c4e906f74-a9097958,"nixl_xfer_handle(0x556359a49820, released=False)",decode,1,0,452712,3,d61968e8-e4aa-43a2-8ca8-85b623ffd1e5_dp1,0,nixl_start_time
1780280960.9955857,1780280961.0201747,24.589,1780280961.020224,0.04935264587402344,137330957252,137330.957252,1780280960.9955857,24.63841438293457,0.006198883056640625,4.495382308959961,4.472,40894464,1.663120257025499,2496,chatcmpl-880cce35-3224-45cf-a4c0-36f3bf8721d9-a3e127b0,"nixl_xfer_handle(0x5af9a3e37660, released=False)",decode,0,0,452715,26,d61968e8-e4aa-43a2-8ca8-85b623ffd1e5_dp0,0,nixl_start_time
1780280961.0687666,1780280961.0737376,4.971,1780280961.0737505,0.012874603271484375,137331030433,137331.030433,1780280961.0687666,4.9839019775390625,0.00476837158203125,4.395484924316406,4.374,6291456,1.2656318648159326,384,chatcmpl-40f46eca-482d-41ef-90a2-6086dec2e912-894866e9,"nixl_xfer_handle(0x5af9a3e37660, released=False)",decode,0,0,452715,4,d61968e8-e4aa-43a2-8ca8-85b623ffd1e5_dp0,0,nixl_start_time
1780280961.0808415,1780280961.0829945,2.153,1780280961.0832553,0.2608299255371094,137331042508,137331.042508,1780280961.0808415,2.4137496948242188,0.00476837158203125,2.1736621856689453,2.153,4718592,2.1916358569437997,288,chatcmpl-d11d5584-5c1f-4761-890c-5a494b251024-ae20016d,"nixl_xfer_handle(0x556359a49820, released=False)",decode,1,0,452712,3,d61968e8-e4aa-43a2-8ca8-85b623ffd1e5_dp0,0,nixl_start_time
1780280961.1175206,1780280961.1296985,12.177999999999999,1780280961.1297586,0.06008148193359375,137331079187,137331.079187,1780280961.1175206,12.238025665283203,0.004291534423828125,4.048824310302734,4.03,33030144,2.7122798489078668,2016,chatcmpl-7fa4c6f4-cf5a-4e21-bbe6-b84a7b1f6708-805d20b5,"nixl_xfer_handle(0x5af9a3e37660, released=False)",decode,0,0,452715,21,d61968e8-e4aa-43a2-8ca8-85b623ffd1e5_dp1,0,nixl_start_time
1780280961.1541636,1780280961.1662047,12.041,1780280961.1662564,0.05173683166503906,137331115830,137331.11583,1780280961.1541636,12.092828750610352,0.005245208740234375,5.774021148681641,5.755,22020096,1.8287597375633253,1344,chatcmpl-2126e7ed-fd88-433e-9949-303aa914dbb5-a9f8902f,"nixl_xfer_handle(0x556359a49820, released=False)",decode,1,0,452712,14,d61968e8-e4aa-43a2-8ca8-85b623ffd1e5_dp0,0,nixl_start_time
1780280961.2895536,1780280961.3222246,32.671,1780280961.3222415,0.016927719116210938,137331251220,137331.25122,1780280961.2895536,32.68790245056152,0.006198883056640625,17.637014389038086,17.6,77070336,2.3589830736739006,4704,chatcmpl-0d57ea3d-7c63-4f4c-864f-cafeb946e518-910af84b,"nixl_xfer_handle(0x5af9a3d7c6c0, released=False)",decode,0,0,452715,49,d61968e8-e4aa-43a2-8ca8-85b623ffd1e5_dp0,0,nixl_start_time
1780280961.3107016,1780280961.3121667,1.4649999999999999,1780280961.3124373,0.27060508728027344,137331272368,137331.272368,1780280961.3107016,1.735687255859375,0.004291534423828125,1.4841556549072266,1.465,3145728,2.1472546075085326,192,chatcmpl-47c76bcd-71eb-40c8-a6c1-dbb740f4a9c1-977c81c4,"nixl_xfer_handle(0x556359b49fe0, released=False)",decode,1,0,452712,2,d61968e8-e4aa-43a2-8ca8-85b623ffd1e5_dp0,0,nixl_start_time
1780280961.3588586,1780280961.3622856,3.427,1780280961.3626394,0.35381317138671875,137331320525,137331.320525,1780280961.3588586,3.780841827392578,0.0026226043701171875,3.4449100494384766,3.427,4718592,1.3768870732419025,288,chatcmpl-5989d03f-ccc4-48c7-8dc2-05738a36f2a3-996c7f84,"nixl_xfer_handle(0x5af9a3d7c6c0, released=False)",decode,0,0,452715,3,d61968e8-e4aa-43a2-8ca8-85b623ffd1e5_dp1,0,nixl_start_time
1780280961.4204676,1780280961.4227676,2.3,1780280961.4231076,0.3399848937988281,137331382134,137331.382134,1780280961.4204676,2.6400089263916016,0.00286102294921875,2.3169517517089844,2.3,3145728,1.3677078260869564,192,chatcmpl-079609eb-42c6-498a-b303-93c65b40e90e-a97bfe63,"nixl_xfer_handle(0x5af9a3d7c6c0, released=False)",decode,0,0,452715,2,d61968e8-e4aa-43a2-8ca8-85b623ffd1e5_dp0,0,nixl_start_time
1780280961.5068297,1780280961.5192177,12.388,1780280961.519255,0.03719329833984375,137331468496,137331.468496,1780280961.5068297,12.42518424987793,0.004291534423828125,5.21397590637207,5.194,33030144,2.6663015821762994,2016,chatcmpl-d7d968ad-e5b3-44cd-8a72-a6a7e3392974-827558d0,"nixl_xfer_handle(0x556359b49fe0, released=False)",decode,1,0,452712,21,d61968e8-e4aa-43a2-8ca8-85b623ffd1e5_dp1,0,nixl_start_time
1780280961.5316095,1780280961.5440016,12.392,1780280961.544038,0.03647804260253906,137331493276,137331.493276,1780280961.5316095,12.428522109985352,0.0057220458984375,3.7109851837158203,3.691,29884416,2.411589412524209,1824,chatcmpl-8769bb49-1add-44d6-8a37-7d9a0fd5c8a4-a67ad8de,"nixl_xfer_handle(0x5af9a3d7c6c0, released=False)",decode,0,0,452715,19,d61968e8-e4aa-43a2-8ca8-85b623ffd1e5_dp0,0,nixl_start_time
1780280961.5438266,1780280961.5687416,24.915,1780280961.568774,0.0324249267578125,137331505493,137331.505493,1780280961.5438266,24.947404861450195,0.00476837158203125,7.79271125793457,7.773,37748736,1.5151007826610476,2304,chatcmpl-c342830e-cb47-413d-98fa-a480292b2973-b491138b,"nixl_xfer_handle(0x556359b49fe0, released=False)",decode,1,0,452712,24,d61968e8-e4aa-43a2-8ca8-85b623ffd1e5_dp1,0,nixl_start_time
1780280961.6300998,1780280961.6452117,15.112,1780280961.6452246,0.012874603271484375,137331591766,137331.591766,1780280961.6300998,15.124797821044922,0.0050067901611328125,4.567146301269531,4.548,37748736,2.497931180518793,2304,chatcmpl-9bc1f82e-35d0-4403-b5c3-3551280db9ca-b8ad5277,"nixl_xfer_handle(0x5af9a3d7c6c0, released=False)",decode,0,0,452715,24,d61968e8-e4aa-43a2-8ca8-85b623ffd1e5_dp1,0,nixl_start_time
1780280961.6422346,1780280961.6452487,3.0140000000000002,1780280961.645287,0.03838539123535156,137331603901,137331.603901,1780280961.6422346,3.0524730682373047,0.00476837158203125,2.4712085723876953,2.45,3145728,1.0437053749170537,192,chatcmpl-e933ef3c-2e88-4847-aaef-1086371e53ec-b9686d9b,"nixl_xfer_handle(0x5af9a3d6f100, released=False)",decode,0,0,452715,2,d61968e8-e4aa-43a2-8ca8-85b623ffd1e5_dp0,0,nixl_start_time
1780280961.6547217,1780280961.6672037,12.482,1780280961.667233,0.029325485229492188,137331616388,137331.616388,1780280961.6547217,12.511253356933594,0.0045299530029296875,7.737398147583008,7.718,28311552,2.268190354109918,1728,chatcmpl-4ad5b186-44d6-4e92-90e9-57d73e2182a2-a2f8e88d,"nixl_xfer_handle(0x556336fa7a20, released=False)",decode,1,0,452712,18,d61968e8-e4aa-43a2-8ca8-85b623ffd1e5_dp1,0,nixl_start_time
1780280961.6792397,1780280961.6798258,0.5860000000000001,1780280961.6801636,0.33783912658691406,137331640906,137331.640906,1780280961.6792397,0.9238719940185547,0.005245208740234375,0.6043910980224609,0.586,1572864,2.6840682593856653,48,chatcmpl-596194e2-9fcd-4b68-8b42-cdfa5d5af08d-b60ea24a,"nixl_xfer_handle(0x5af9a3d7c6c0, released=False)",decode,0,0,452715,1,d61968e8-e4aa-43a2-8ca8-85b623ffd1e5_dp0,0,nixl_start_time
1780280961.6793118,1780280961.6916308,12.319,1780280961.691653,0.022172927856445312,137331640978,137331.640978,1780280961.6793118,12.34126091003418,0.0045299530029296875,6.161212921142578,6.142,23592960,1.9151684389966717,1440,chatcmpl-d6e4ee6f-b4f4-469f-817f-4e7fa482eb54-9fdcaf37,"nixl_xfer_handle(0x55635626ee40, released=False)",decode,1,0,452712,15,d61968e8-e4aa-43a2-8ca8-85b623ffd1e5_dp1,0,nixl_start_time
1780280961.8033957,1780280961.8412468,37.851000000000006,1780280961.8412962,0.04935264587402344,137331765062,137331.765062,1780280961.8033957,37.900447845458984,0.007152557373046875,18.566608428955078,18.542,81788928,2.1608128715225488,4992,chatcmpl-06f7cb45-6ca3-4779-8b5c-f131c453c270-b3d76ddf,"nixl_xfer_handle(0x5af9a3d7c6c0, released=False)",decode,0,0,452715,52,d61968e8-e4aa-43a2-8ca8-85b623ffd1e5_dp1,0,nixl_start_time
1780280961.8254948,1780280961.8413208,15.826,1780280961.841365,0.044345855712890625,137331787161,137331.787161,1780280961.8254948,15.870332717895508,0.00476837158203125,3.566265106201172,3.547,28311552,1.7889265765196511,1728,chatcmpl-23d3f814-1971-4bfa-8fb1-e5c9d01c942b-b6dcaca3,"nixl_xfer_handle(0x5af9a3e74770, released=False)",decode,0,0,452715,18,d61968e8-e4aa-43a2-8ca8-85b623ffd1e5_dp0,0,nixl_start_time
1780280961.8367827,1780280961.8413918,4.609,1780280961.841398,0.006198883056640625,137331798449,137331.798449,1780280961.8367827,4.615306854248047,0.00476837158203125,4.130125045776367,4.109,6291456,1.3650371013234974,384,chatcmpl-87ba93f9-9dbf-484c-8dfb-4d1de23e546a-a17de47c,"nixl_xfer_handle(0x5af9a37e28a0, released=False)",decode,0,0,452715,4,d61968e8-e4aa-43a2-8ca8-85b623ffd1e5_dp1,0,nixl_start_time
1780280961.9112177,1780280961.9233067,12.089,1780280961.9233665,0.05984306335449219,137331872884,137331.872884,1780280961.9112177,12.148857116699219,0.005245208740234375,8.547782897949219,8.527,34603008,2.8623548680618742,2112,chatcmpl-369285a4-dfb4-438f-9916-668e284f824e-bef2ee04,"nixl_xfer_handle(0x556359b363a0, released=False)",decode,1,0,452712,22,d61968e8-e4aa-43a2-8ca8-85b623ffd1e5_dp0,0,nixl_start_time
1780280962.0327816,1780280962.0603836,27.602,1780280962.0604153,0.03170967102050781,137331994448,137331.994448,1780280962.0327816,27.6336669921875,0.0054836273193359375,4.608154296875,4.588,50331648,1.823478298674009,3072,chatcmpl-d1bf53c8-34da-4edf-9684-2b4c4cdc92d7-acc063e0,"nixl_xfer_handle(0x5af9a3e180a0, released=False)",decode,0,0,452715,32,d61968e8-e4aa-43a2-8ca8-85b623ffd1e5_dp1,0,nixl_start_time
1780280962.0568316,1780280962.0691707,12.338999999999999,1780280962.0691917,0.0209808349609375,137332018498,137332.018498,1780280962.0568316,12.360095977783203,0.0057220458984375,3.1707286834716797,3.15,22020096,1.7845932409433505,1344,chatcmpl-7da3ff6b-b936-41ab-bd7e-3693742248e2-87f38627,"nixl_xfer_handle(0x5af9a41b1100, released=False)",decode,0,0,452715,14,d61968e8-e4aa-43a2-8ca8-85b623ffd1e5_dp0,0,nixl_start_time
1780280962.0690467,1780280962.0815346,12.488000000000001,1780280962.0815544,0.019788742065429688,137332030713,137332.030713,1780280962.0690467,12.50767707824707,0.006198883056640625,5.554437637329102,5.532,34603008,2.7709007046764893,2112,chatcmpl-7da0def8-3402-4226-9ab2-6142526f2bce-9e8ded26,"nixl_xfer_handle(0x556359b363a0, released=False)",decode,1,0,452712,22,d61968e8-e4aa-43a2-8ca8-85b623ffd1e5_dp1,0,nixl_start_time
1780280962.1175838,1780280962.1230538,5.47,1780280962.1233187,0.26488304138183594,137332079250,137332.07925,1780280962.1175838,5.734920501708984,0.0057220458984375,5.491495132446289,5.47,12582912,2.3003495429616088,768,chatcmpl-be8e281c-7597-4444-aea3-04649ddee6fa-b5e4dc26,"nixl_xfer_handle(0x55635626ee40, released=False)",decode,1,0,452712,8,d61968e8-e4aa-43a2-8ca8-85b623ffd1e5_dp0,0,nixl_start_time
1780280962.2518218,1780280962.2541049,2.283,1780280962.254458,0.35309791564941406,137332213488,137332.213488,1780280962.2518218,2.6361942291259766,0.0045299530029296875,2.3016929626464844,2.283,3145728,1.377892247043364,192,chatcmpl-0bd5285b-f2f2-4717-8176-bd5c2ef3cfaf-93e096d4,"nixl_xfer_handle(0x5af9a3e180a0, released=False)",decode,0,0,452715,2,d61968e8-e4aa-43a2-8ca8-85b623ffd1e5_dp1,0,nixl_start_time
1780280962.3736467,1780280962.3808427,7.196,1780280962.381188,0.3452301025390625,137332335313,137332.335313,1780280962.3736467,7.541179656982422,0.00476837158203125,7.216930389404297,7.196,11010048,1.5300233463035018,672,chatcmpl-df7503de-8cc3-4f78-af2a-01e51b2dd7f3-b378ad1d,"nixl_xfer_handle(0x5af9a3e180a0, released=False)",decode,0,0,452715,7,d61968e8-e4aa-43a2-8ca8-85b623ffd1e5_dp0,0,nixl_start_time
1780280962.4842517,1780280962.5120907,27.839,1780280962.5121076,0.016927719116210938,137332445918,137332.445918,1780280962.4842517,27.855873107910156,0.010728836059570312,12.17031478881836,12.136,80216064,2.881427637486979,4896,chatcmpl-6170698e-25a1-4bb5-b660-2e898022b903-87bac211,"nixl_xfer_handle(0x55635626ee40, released=False)",decode,1,0,452712,51,d61968e8-e4aa-43a2-8ca8-85b623ffd1e5_dp1,0,nixl_start_time
1780280962.5114076,1780280962.5118415,0.434,1780280962.5121262,0.2846717834472656,137332473074,137332.473074,1780280962.5114076,0.7185935974121094,0.0035762786865234375,0.4527568817138672,0.434,1572864,3.624110599078341,48,chatcmpl-4c46ece9-241c-4be1-a735-c22f88649a19-8479eb1f,"nixl_xfer_handle(0x556359990930, released=False)",decode,1,0,452712,1,d61968e8-e4aa-43a2-8ca8-85b623ffd1e5_dp1,0,nixl_start_time
1780280962.5114956,1780280962.5237436,12.248,1780280962.5237644,0.020742416381835938,137332473162,137332.473162,1780280962.5114956,12.268781661987305,0.003337860107421875,3.519296646118164,3.502,18874368,1.5410163291966035,1152,chatcmpl-05e761cc-f921-499d-95df-6b5c72920fb8-85e30661,"nixl_xfer_handle(0x5af9a3e180a0, released=False)",decode,0,0,452715,12,d61968e8-e4aa-43a2-8ca8-85b623ffd1e5_dp0,0,nixl_start_time
1780280962.5360157,1780280962.5487738,12.758000000000001,1780280962.548795,0.021219253540039062,137332497682,137332.497682,1780280962.5360157,12.77923583984375,0.004291534423828125,3.9734840393066406,3.955,31457280,2.465690547107697,1920,chatcmpl-14aa7a30-1720-4ef4-bbc1-c595c1376582-9502be7c,"nixl_xfer_handle(0x5af9a3db4920, released=False)",decode,0,0,452715,20,d61968e8-e4aa-43a2-8ca8-85b623ffd1e5_dp0,0,nixl_start_time
1780280962.5982926,1780280962.6216745,23.382,1780280962.6217258,0.05125999450683594,137332559959,137332.559959,1780280962.5982926,23.433208465576172,0.004291534423828125,8.372068405151367,8.35,39321600,1.6817038747754685,2400,chatcmpl-9d096729-3566-4c86-b644-53687c4b9e5a-9fd8893d,"nixl_xfer_handle(0x55635626ee40, released=False)",decode,1,0,452712,25,d61968e8-e4aa-43a2-8ca8-85b623ffd1e5_dp1,0,nixl_start_time
1780280962.6582026,1780280962.6704707,12.267999999999999,1780280962.6704898,0.019073486328125,137332619869,137332.619869,1780280962.6582026,12.287139892578125,0.0054836273193359375,3.3059120178222656,3.286,22020096,1.7949214215846105,1344,chatcmpl-01e88136-ea3d-4d46-a52a-477adf9e2e54-9205b83c,"nixl_xfer_handle(0x5af9a41c14e0, released=False)",decode,0,0,452715,14,d61968e8-e4aa-43a2-8ca8-85b623ffd1e5_dp0,0,nixl_start_time
1780280962.6829166,1780280962.6951396,12.222999999999999,1780280962.6951575,0.017881393432617188,137332644583,137332.644583,1780280962.6829166,12.240886688232422,0.0050067901611328125,3.9825439453125,3.963,36175872,2.9596557309989366,2208,chatcmpl-5aa41051-98a7-4005-95a8-572a9c3eba74-b0970f1e,"nixl_xfer_handle(0x5af9a3d75f20, released=False)",decode,0,0,452715,23,d61968e8-e4aa-43a2-8ca8-85b623ffd1e5_dp0,0,nixl_start_time
1780280962.7192547,1780280962.7212946,2.04,1780280962.7216485,0.35381317138671875,137332680921,137332.680921,1780280962.7192547,2.3937225341796875,0.00286102294921875,2.057313919067383,2.04,3145728,1.5420235294117646,192,chatcmpl-3a86cfbf-8508-437d-aa9a-1f0586d904ee-a5726a55,"nixl_xfer_handle(0x5af9a3e243a0, released=False)",decode,0,0,452715,2,d61968e8-e4aa-43a2-8ca8-85b623ffd1e5_dp1,0,nixl_start_time
1780280962.7443337,1780280962.7560778,11.744,1780280962.756124,0.046253204345703125,137332706000,137332.706,1780280962.7443337,11.790275573730469,0.0050067901611328125,6.437540054321289,6.417,26738688,2.276795640326976,1632,chatcmpl-f50f04dd-8462-4c3b-8337-31bdbbf33797-9dbfd9a3,"nixl_xfer_handle(0x556359abd360, released=False)",decode,1,0,452712,17,d61968e8-e4aa-43a2-8ca8-85b623ffd1e5_dp0,0,nixl_start_time
1780280962.8540986,1780280962.8814185,27.32,1780280962.8814404,0.02193450927734375,137332815765,137332.815765,1780280962.8540986,27.341842651367188,0.0064373016357421875,12.416839599609375,12.393,77070336,2.8210225475841875,4704,chatcmpl-ad30aff1-4e7b-4c5a-8b71-7304c67a243f-82b03c38,"nixl_xfer_handle(0x556359abd360, released=False)",decode,1,0,452712,49,d61968e8-e4aa-43a2-8ca8-85b623ffd1e5_dp1,0,nixl_start_time
1780280962.9057946,1780280962.9072516,1.4569999999999999,1780280962.9075308,0.2791881561279297,137332867461,137332.867461,1780280962.9057946,1.7361640930175781,0.0040531158447265625,1.4781951904296875,1.457,3145728,2.159044612216884,192,chatcmpl-3d738037-deb1-4d6e-b9f2-a1607bccc02d-9c5749cb,"nixl_xfer_handle(0x556359cd9720, released=False)",decode,1,0,452712,2,d61968e8-e4aa-43a2-8ca8-85b623ffd1e5_dp0,0,nixl_start_time
1780280962.9180696,1780280962.9302325,12.163,1780280962.930252,0.019550323486328125,137332879736,137332.879736,1780280962.9180696,12.182474136352539,0.005245208740234375,3.183126449584961,3.163,18874368,1.5517855792156539,1152,chatcmpl-e52293b4-91ad-48cf-a686-686b9d83109c-9d9329b6,"nixl_xfer_handle(0x5af9a3e243a0, released=False)",decode,0,0,452715,12,d61968e8-e4aa-43a2-8ca8-85b623ffd1e5_dp1,0,nixl_start_time
1780280963.0034847,1780280963.0049188,1.434,1780280963.0051813,0.2624988555908203,137332965151,137332.965151,1780280963.0034847,1.6965866088867188,0.005245208740234375,1.4543533325195312,1.434,3145728,2.193673640167364,192,chatcmpl-edf36bf5-09fe-4812-b577-e5b018b4784d-a3d471f6,"nixl_xfer_handle(0x556359cd9720, released=False)",decode,1,0,452712,2,d61968e8-e4aa-43a2-8ca8-85b623ffd1e5_dp0,0,nixl_start_time
1780280963.0407317,1780280963.0651276,24.396,1780280963.06516,0.0324249267578125,137333002398,137333.002398,1780280963.0407317,24.428367614746094,0.0050067901611328125,9.446859359741211,9.425,39321600,1.6118052139695032,2400,chatcmpl-76068cdc-af17-4dc2-8301-1b353522d9fb-bdb882b8,"nixl_xfer_handle(0x556359cd9720, released=False)",decode,1,0,452712,25,d61968e8-e4aa-43a2-8ca8-85b623ffd1e5_dp1,0,nixl_start_time
1780280963.0773206,1780280963.0894115,12.091,1780280963.0894306,0.019073486328125,137333038987,137333.038987,1780280963.0773206,12.109994888305664,0.00476837158203125,3.4346580505371094,3.415,23592960,1.9512827723099828,1440,chatcmpl-870f44ab-7e76-451b-9f55-6f43603137f1-84ffe25f,"nixl_xfer_handle(0x5af9a3e243a0, released=False)",decode,0,0,452715,15,d61968e8-e4aa-43a2-8ca8-85b623ffd1e5_dp0,0,nixl_start_time
1780280963.1259217,1780280963.1302288,4.307,1780280963.1305854,0.3566741943359375,137333087588,137333.087588,1780280963.1259217,4.663705825805664,0.005245208740234375,4.327297210693359,4.307,6291456,1.4607513350359878,384,chatcmpl-efb99735-370b-47d9-9dd4-1a717bd0eb0d-a0854b30,"nixl_xfer_handle(0x5af9a3e243a0, released=False)",decode,0,0,452715,4,d61968e8-e4aa-43a2-8ca8-85b623ffd1e5_dp1,0,nixl_start_time
1780280963.2610598,1780280963.2931647,32.105000000000004,1780280963.2931952,0.030517578125,137333222726,137333.222726,1780280963.2610598,32.1354866027832,0.00667572021484375,17.574071884155273,17.547,88080384,2.743509858277527,5376,chatcmpl-c3dfd4b8-ef62-4909-9f89-b5d70d13d946-867cbe6a,"nixl_xfer_handle(0x556359a5ff20, released=False)",decode,1,0,452712,56,d61968e8-e4aa-43a2-8ca8-85b623ffd1e5_dp0,0,nixl_start_time
1780280963.3427567,1780280963.3817418,38.985,1780280963.3817596,0.017881393432617188,137333304423,137333.304423,1780280963.3427567,39.00289535522461,0.0057220458984375,11.928319931030273,11.906,75497472,1.9365774528664872,4608,chatcmpl-93b8f750-56dc-4d7a-9fce-ecd3f782326b-9b6ef309,"nixl_xfer_handle(0x55635997bbe0, released=False)",decode,1,0,452712,48,d61968e8-e4aa-43a2-8ca8-85b623ffd1e5_dp1,0,nixl_start_time
1780280963.3548257,1780280963.3817978,26.971999999999998,1780280963.3818176,0.019788742065429688,137333316492,137333.316492,1780280963.3548257,26.991844177246094,0.0021457672119140625,18.416404724121094,18.386,36175872,1.3412380246181226,2208,chatcmpl-29cc0c1e-7b65-4e82-bc4e-b7f28ff32a8c-85d14664,"nixl_xfer_handle(0x556359958c20, released=False)",decode,1,0,452712,23,d61968e8-e4aa-43a2-8ca8-85b623ffd1e5_dp1,0,nixl_start_time
1780280963.3766117,1780280963.3878808,11.269,1780280963.3879282,0.04744529724121094,137333338278,137333.338278,1780280963.3766117,11.316537857055664,0.0040531158447265625,4.769563674926758,4.743,12582912,1.1165952613364096,768,chatcmpl-faa54fa5-fb5d-4805-83bf-9107c96cc75e-86e39f13,"nixl_xfer_handle(0x5563599aa860, released=False)",decode,1,0,452712,8,d61968e8-e4aa-43a2-8ca8-85b623ffd1e5_dp0,0,nixl_start_time
1780280963.3770547,1780280963.3879976,10.943,1780280963.3880167,0.019073486328125,137333338721,137333.338721,1780280963.3770547,10.96200942993164,0.0057220458984375,3.4165382385253906,3.397,26738688,2.4434513387553687,1632,chatcmpl-978e0df7-206d-45c9-b458-3422bd91db03-91cc5983,"nixl_xfer_handle(0x5af9a3e243a0, released=False)",decode,0,0,452715,17,d61968e8-e4aa-43a2-8ca8-85b623ffd1e5_dp0,0,nixl_start_time
1780280963.4251497,1780280963.4530656,27.916,1780280963.4530857,0.02002716064453125,137333386816,137333.386816,1780280963.4251497,27.93598175048828,0.0050067901611328125,13.046026229858398,13.023,77070336,2.7607943831494484,4704,chatcmpl-4577adea-122c-4161-accb-9cb1b01f7834-a979354c,"nixl_xfer_handle(0x5563599aa860, released=False)",decode,1,0,452712,49,d61968e8-e4aa-43a2-8ca8-85b623ffd1e5_dp1,0,nixl_start_time
1780280963.4531097,1780280963.4775908,24.480999999999998,1780280963.4776096,0.018835067749023438,137333414776,137333.414776,1780280963.4531097,24.499893188476562,0.00476837158203125,4.475831985473633,4.457,50331648,2.0559473877701073,3072,chatcmpl-b94befc2-5c25-476b-811a-960efa6e123d-a25c6234,"nixl_xfer_handle(0x5af9a41b1b20, released=False)",decode,0,0,452715,32,d61968e8-e4aa-43a2-8ca8-85b623ffd1e5_dp0,0,nixl_start_time
1780280963.5261686,1780280963.5550785,28.91,1780280963.555095,0.016450881958007812,137333487835,137333.487835,1780280963.5261686,28.926372528076172,0.00476837158203125,13.955831527709961,13.92,78643200,2.7202767208578345,4800,chatcmpl-965af1c0-2fa3-4e90-8d5d-ffe2f2233a16-81ecb5f4,"nixl_xfer_handle(0x5af9a3e243a0, released=False)",decode,0,0,452715,50,d61968e8-e4aa-43a2-8ca8-85b623ffd1e5_dp1,0,nixl_start_time
1780280963.6770246,1780280963.6774676,0.443,1780280963.6777246,0.2570152282714844,137333638691,137333.638691,1780280963.6770246,0.6999969482421875,0.002384185791015625,0.461578369140625,0.443,1572864,3.550483069977427,48,chatcmpl-3323faee-597d-4099-b836-ee1b09581a47-bae0039b,"nixl_xfer_handle(0x5563599aa860, released=False)",decode,1,0,452712,1,d61968e8-e4aa-43a2-8ca8-85b623ffd1e5_dp0,0,nixl_start_time
1780280963.7140207,1780280963.7155516,1.531,1780280963.7158127,0.26106834411621094,137333675687,137333.675687,1780280963.7140207,1.7919540405273438,0.0035762786865234375,1.5490055084228516,1.531,3145728,2.0546884389288045,192,chatcmpl-9ab2be65-1a83-45d3-9a1c-937a64a03568-95a38285,"nixl_xfer_handle(0x5563599aa860, released=False)",decode,1,0,452712,2,d61968e8-e4aa-43a2-8ca8-85b623ffd1e5_dp1,0,nixl_start_time
1780280963.8002236,1780280963.8346746,34.451,1780280963.8346877,0.013113021850585938,137333761890,137333.76189,1780280963.8002236,34.464120864868164,0.007152557373046875,15.098333358764648,15.055,78643200,2.2827552175553683,4800,chatcmpl-9a0bb465-dd4c-4f71-a533-103d45a541ca-a0b1a5df,"nixl_xfer_handle(0x5af9a41b1b20, released=False)",decode,0,0,452715,50,d61968e8-e4aa-43a2-8ca8-85b623ffd1e5_dp0,0,nixl_start_time
1780280963.8304048,1780280963.8427677,12.363000000000001,1780280963.8427892,0.021457672119140625,137333792071,137333.792071,1780280963.8304048,12.384414672851562,0.0050067901611328125,3.864288330078125,3.846,28311552,2.2900228099975735,1728,chatcmpl-12ce347c-928e-41ee-985f-1d70868d14a7-bbaf34c8,"nixl_xfer_handle(0x5af9a3ec58a0, released=False)",decode,0,0,452715,18,d61968e8-e4aa-43a2-8ca8-85b623ffd1e5_dp0,0,nixl_start_time
1780280963.9166377,1780280963.9442227,27.584999999999997,1780280963.9442465,0.02384185791015625,137333878304,137333.878304,1780280963.9166377,27.608871459960938,0.0064373016357421875,12.553691864013672,12.53,70778880,2.565846655791191,4320,chatcmpl-c756e911-4957-432d-b280-9e211255ce2f-8fd76d69,"nixl_xfer_handle(0x5563599aa860, released=False)",decode,1,0,452712,45,d61968e8-e4aa-43a2-8ca8-85b623ffd1e5_dp1,0,nixl_start_time
1780280963.9325416,1780280963.9442725,11.731,1780280963.9442823,0.009775161743164062,137333894208,137333.894208,1780280963.9325416,11.740684509277344,0.00476837158203125,1.9595623016357422,1.936,4718592,0.4022327167334413,288,chatcmpl-efd6b6a7-f29d-45d7-9ce8-06d034e5f3fe-828cbf69,"nixl_xfer_handle(0x556359958c20, released=False)",decode,1,0,452712,3,d61968e8-e4aa-43a2-8ca8-85b623ffd1e5_dp0,0,nixl_start_time
1780280963.9441056,1780280963.9565885,12.482999999999999,1780280963.9566083,0.019788742065429688,137333905772,137333.905772,1780280963.9441056,12.502670288085938,0.0050067901611328125,3.2520294189453125,3.225,20447232,1.6380062484979572,1248,chatcmpl-be6d6076-dc8c-465f-8919-2e07e957abe7-94e2a0a5,"nixl_xfer_handle(0x5af9a3e180a0, released=False)",decode,0,0,452715,13,d61968e8-e4aa-43a2-8ca8-85b623ffd1e5_dp1,0,nixl_start_time
1780280964.0058756,1780280964.0082755,2.4,1780280964.0086327,0.3571510314941406,137333967542,137333.967542,1780280964.0058756,2.7570724487304688,0.00476837158203125,2.420663833618164,2.4,3145728,1.31072,192,chatcmpl-44ada022-f8c0-492b-96c5-87c20a565eb2-b2e31aa0,"nixl_xfer_handle(0x5af9a3da85a0, released=False)",decode,0,0,452715,2,d61968e8-e4aa-43a2-8ca8-85b623ffd1e5_dp1,0,nixl_start_time
1780280964.0179996,1780280964.0209606,2.9610000000000003,1780280964.020973,0.01239776611328125,137333979666,137333.979666,1780280964.0179996,2.973318099975586,0.0040531158447265625,2.463102340698242,2.443,3145728,1.062387031408308,192,chatcmpl-d3b25ad8-6344-4652-aca5-e3bc9fa0ed9c-91f645a9,"nixl_xfer_handle(0x5af9a3da85a0, released=False)",decode,0,0,452715,2,d61968e8-e4aa-43a2-8ca8-85b623ffd1e5_dp0,0,nixl_start_time
1780280964.1045766,1780280964.1067307,2.154,1780280964.1069942,0.26345252990722656,137334066243,137334.066243,1780280964.1045766,2.4175643920898438,0.004291534423828125,2.17437744140625,2.154,4718592,2.190618384401114,288,chatcmpl-b23f729d-8d3e-4897-8be7-f0d6f73e2d5f-87b37a95,"nixl_xfer_handle(0x556359958c20, released=False)",decode,1,0,452712,3,d61968e8-e4aa-43a2-8ca8-85b623ffd1e5_dp1,0,nixl_start_time
