start,end,duration_ms,poll_ts,poll_slack_ms,start_time_us,start_time_raw_s,start_time_s,start_time_to_poll_ms,post_begin_to_start_time_ms,post_cpu_ms,post_duration_ms,bytes_transferred,throughput_gbps,desc_count,req,handle,role,dp,tp,pid,n_blocks,remote_engine,remote_rank,interval_source
1780281084.1299176,1780281084.1421337,12.216,1780281084.1421816,0.04792213439941406,137454091584,137454.091584,1780281084.1299176,12.264013290405273,0.0030994415283203125,2.759218215942383,2.738,4718592,0.3862632612966601,288,chatcmpl-99337ff0-588f-4dbe-835c-91bc829c01a7-ba91497e,"nixl_xfer_handle(0x5af9a386ec30, released=False)",decode,0,0,452715,3,d61968e8-e4aa-43a2-8ca8-85b623ffd1e5_dp0,0,nixl_start_time
1780281084.2890587,1780281084.3166656,27.607,1780281084.3167198,0.05412101745605469,137454250725,137454.250725,1780281084.2890587,27.66108512878418,0.008821487426757812,13.231039047241211,13.195,77070336,2.79169543956243,4704,chatcmpl-ad2dfc71-6ea4-4f93-b913-07a7f6af7928-acff3ac2,"nixl_xfer_handle(0x5af9a386ec30, released=False)",decode,0,0,452715,49,d61968e8-e4aa-43a2-8ca8-85b623ffd1e5_dp1,0,nixl_start_time
1780281084.3665216,1780281084.3913846,24.863,1780281084.391402,0.017404556274414062,137454328188,137454.328188,1780281084.3665216,24.880409240722656,0.008821487426757812,10.350704193115234,10.323,70778880,2.846755419699956,4320,chatcmpl-ee58779b-538b-43bb-a004-5cc51ffe4021-bb631bf1,"nixl_xfer_handle(0x5af9a386ec30, released=False)",decode,0,0,452715,45,d61968e8-e4aa-43a2-8ca8-85b623ffd1e5_dp0,0,nixl_start_time
1780281084.4408677,1780281084.4701686,29.301000000000002,1780281084.4701982,0.02956390380859375,137454402534,137454.402534,1780281084.4408677,29.33049201965332,0.008106231689453125,9.958028793334961,9.906,58195968,1.9861427255042488,3552,chatcmpl-11522057-1d1b-4732-9f59-feee82953a4b-91206a04,"nixl_xfer_handle(0x5af9a386ec30, released=False)",decode,0,0,452715,37,d61968e8-e4aa-43a2-8ca8-85b623ffd1e5_dp1,0,nixl_start_time
1780281084.4541287,1780281084.4658687,11.74,1780281084.4658906,0.02193450927734375,137454415795,137454.415795,1780281084.4541287,11.761903762817383,0.0045299530029296875,2.355813980102539,2.327,4718592,0.4019243611584327,288,chatcmpl-125693f5-bea8-46ba-9174-af2ec462e098-b6503fd8,"nixl_xfer_handle(0x55635994e650, released=False)",decode,1,0,452712,3,d61968e8-e4aa-43a2-8ca8-85b623ffd1e5_dp0,0,nixl_start_time
1780281084.4657116,1780281084.4783826,12.671,1780281084.4784381,0.05555152893066406,137454427378,137454.427378,1780281084.4657116,12.726545333862305,0.0054836273193359375,4.181146621704102,4.156,9437184,0.7447860468786994,576,chatcmpl-7eb5c362-12ac-4ceb-8f0a-7f92fd8ed899-a841add6,"nixl_xfer_handle(0x5af9a3e950a0, released=False)",decode,0,0,452715,6,d61968e8-e4aa-43a2-8ca8-85b623ffd1e5_dp0,0,nixl_start_time
1780281084.5269136,1780281084.5510216,24.108,1780281084.5510583,0.036716461181640625,137454488580,137454.48858,1780281084.5269136,24.144649505615234,0.0057220458984375,5.468845367431641,5.447,66060288,2.7401811846689896,4032,chatcmpl-3cebdba8-33e3-49e1-b4c4-90b80dd8d63d-bf5824c4,"nixl_xfer_handle(0x55635994e650, released=False)",decode,1,0,452712,42,d61968e8-e4aa-43a2-8ca8-85b623ffd1e5_dp1,0,nixl_start_time
1780281084.5515528,1780281084.5754278,23.875,1780281084.5754983,0.0705718994140625,137454513219,137454.513219,1780281084.5515528,23.94556999206543,0.0095367431640625,8.805990219116211,8.77,40894464,1.7128571308900524,2496,chatcmpl-9026e795-5a61-42f1-b9d9-53b83fc0abf4-bf96dfaf,"nixl_xfer_handle(0x5af9a3e950a0, released=False)",decode,0,0,452715,26,d61968e8-e4aa-43a2-8ca8-85b623ffd1e5_dp0,0,nixl_start_time
1780281084.5873826,1780281084.6000376,12.655,1780281084.6000996,0.06198883056640625,137454549049,137454.549049,1780281084.5873826,12.717008590698242,0.004291534423828125,0.5824565887451172,0.561,1572864,0.12428794942710392,48,chatcmpl-b2e82408-c1e5-418f-977f-39c929951743-816a22fb,"nixl_xfer_handle(0x5af9a3e950a0, released=False)",decode,0,0,452715,1,d61968e8-e4aa-43a2-8ca8-85b623ffd1e5_dp1,0,nixl_start_time
1780281084.6366677,1780281084.6611207,24.453,1780281084.661141,0.020265579223632812,137454598334,137454.598334,1780281084.6366677,24.473190307617188,0.0069141387939453125,9.200572967529297,9.176,45613056,1.8653357870199976,2784,chatcmpl-70676b91-453d-4d4c-8801-a1d0c255123f-9e30a5bd,"nixl_xfer_handle(0x5af9a3e950a0, released=False)",decode,0,0,452715,29,d61968e8-e4aa-43a2-8ca8-85b623ffd1e5_dp0,0,nixl_start_time
1780281084.6980076,1780281084.7295086,31.501,1780281084.729558,0.04935264587402344,137454659674,137454.659674,1780281084.6980076,31.55040740966797,0.0064373016357421875,16.575098037719727,16.546,15728640,0.49930605377607057,960,chatcmpl-198df1bc-d788-4d9a-bae5-086bec0205f0-aebb42be,"nixl_xfer_handle(0x5af9a3e950a0, released=False)",decode,0,0,452715,10,d61968e8-e4aa-43a2-8ca8-85b623ffd1e5_dp1,0,nixl_start_time
1780281084.7417777,1780281084.7542508,12.472999999999999,1780281084.7543216,0.07081031799316406,137454703444,137454.703444,1780281084.7417777,12.543916702270508,0.0045299530029296875,0.45680999755859375,0.432,1572864,0.12610149923835484,48,chatcmpl-0068a79a-0a99-4909-a08e-1df3239d46c0-bcaca319,"nixl_xfer_handle(0x55635994e650, released=False)",decode,1,0,452712,1,d61968e8-e4aa-43a2-8ca8-85b623ffd1e5_dp0,0,nixl_start_time
1780281084.7540677,1780281084.7665086,12.441,1780281084.7665672,0.058650970458984375,137454715734,137454.715734,1780281084.7540677,12.499570846557617,0.006198883056640625,1.8410682678222656,1.815,3145728,0.2528517000241138,192,chatcmpl-3a1d2936-67b1-4baf-bad7-9d04926e781c-b403ef6d,"nixl_xfer_handle(0x5af9a3e950a0, released=False)",decode,0,0,452715,2,d61968e8-e4aa-43a2-8ca8-85b623ffd1e5_dp1,0,nixl_start_time
1780281084.8158185,1780281084.8283226,12.504,1780281084.8283734,0.05078315734863281,137454777485,137454.777485,1780281084.8158185,12.55488395690918,0.0057220458984375,5.724668502807617,5.694,9437184,0.7547332053742802,576,chatcmpl-9186e4b3-3f51-46fd-a9e2-592d7f4e5c14-81c90da4,"nixl_xfer_handle(0x5af99a327180, released=False)",decode,0,0,452715,6,d61968e8-e4aa-43a2-8ca8-85b623ffd1e5_dp0,0,nixl_start_time
1780281084.8281066,1780281084.8404307,12.324,1780281084.8404865,0.055789947509765625,137454789773,137454.789773,1780281084.8281066,12.379884719848633,0.00476837158203125,0.48065185546875,0.454,1572864,0.1276260954235638,48,chatcmpl-c44f2f49-f67c-4129-bda0-8edf353e4da3-adb368ef,"nixl_xfer_handle(0x55635994e650, released=False)",decode,1,0,452712,1,d61968e8-e4aa-43a2-8ca8-85b623ffd1e5_dp1,0,nixl_start_time
1780281084.9147186,1780281084.9276836,12.965000000000002,1780281084.9277067,0.023126602172851562,137454876385,137454.876385,1780281084.9147186,12.988090515136719,0.0045299530029296875,1.64794921875,1.609,3145728,0.24263231777863475,192,chatcmpl-23a40bd8-045e-4133-8abf-bc59ae1349ec-b9abd02e,"nixl_xfer_handle(0x55635994e650, released=False)",decode,1,0,452712,2,d61968e8-e4aa-43a2-8ca8-85b623ffd1e5_dp1,0,nixl_start_time
1780281084.9148917,1780281084.9277098,12.818,1780281084.92773,0.020265579223632812,137454876558,137454.876558,1780281084.9148917,12.838363647460938,0.0064373016357421875,9.373188018798828,9.348,37748736,2.944978623810267,2304,chatcmpl-1a103e3f-ddd1-4615-b3e1-296fc9482667-a55bd1ba,"nixl_xfer_handle(0x5af99a327180, released=False)",decode,0,0,452715,24,d61968e8-e4aa-43a2-8ca8-85b623ffd1e5_dp0,0,nixl_start_time
1780281085.1001186,1780281085.1142187,14.1,1780281085.1142752,0.05650520324707031,137455061785,137455.061785,1780281085.1001186,14.156579971313477,0.005245208740234375,4.9190521240234375,4.882,40894464,2.900316595744681,2496,chatcmpl-b3c79f9d-8c50-4729-9dd8-f725d9adf41f-bfb9263f,"nixl_xfer_handle(0x55635994e650, released=False)",decode,1,0,452712,26,d61968e8-e4aa-43a2-8ca8-85b623ffd1e5_dp1,0,nixl_start_time
1780281085.1002467,1780281085.1256797,25.433,1780281085.1257508,0.07104873657226562,137455061913,137455.061913,1780281085.1002467,25.504112243652344,0.0069141387939453125,10.436296463012695,10.414,61341696,2.4118938387134823,3744,chatcmpl-705b0dc6-d443-4438-a70b-c7324f35fc42-86e4586b,"nixl_xfer_handle(0x5af97ff0f580, released=False)",decode,0,0,452715,39,d61968e8-e4aa-43a2-8ca8-85b623ffd1e5_dp0,0,nixl_start_time
1780281085.1143186,1780281085.1382196,23.901,1780281085.13829,0.07033348083496094,137455075985,137455.075985,1780281085.1143186,23.9713191986084,0.0064373016357421875,6.148338317871094,6.123,18874368,0.789689469059872,1152,chatcmpl-755c34f3-7da7-4236-8d58-ea1844a90cfe-a7acfdbe,"nixl_xfer_handle(0x5af99a327180, released=False)",decode,0,0,452715,12,d61968e8-e4aa-43a2-8ca8-85b623ffd1e5_dp0,0,nixl_start_time
1780281085.1256356,1780281085.1382406,12.605,1780281085.1382613,0.020742416381835938,137455087302,137455.087302,1780281085.1256356,12.625694274902344,0.0040531158447265625,2.361297607421875,2.332,4718592,0.37434287980959935,288,chatcmpl-e24f9e09-2029-40c6-9db2-55d404b62ecd-8b7a4a57,"nixl_xfer_handle(0x55635994e650, released=False)",decode,1,0,452712,3,d61968e8-e4aa-43a2-8ca8-85b623ffd1e5_dp0,0,nixl_start_time
1780281085.2116916,1780281085.2239177,12.226,1780281085.2239792,0.061511993408203125,137455173358,137455.173358,1780281085.2116916,12.287616729736328,0.005245208740234375,1.703023910522461,1.679,3145728,0.2572982169147718,192,chatcmpl-ebfa8218-e104-4bd0-a662-d29df860c667-b5c227d8,"nixl_xfer_handle(0x5af9a3dc98a0, released=False)",decode,0,0,452715,2,d61968e8-e4aa-43a2-8ca8-85b623ffd1e5_dp1,0,nixl_start_time
1780281085.2360897,1780281085.2485547,12.465,1780281085.2486002,0.04553794860839844,137455197756,137455.197756,1780281085.2360897,12.510538101196289,0.0050067901611328125,1.6629695892333984,1.636,3145728,0.25236486161251503,192,chatcmpl-71a7a74b-4cb3-44cd-8c4e-0a20f99b8ee9-ae945e86,"nixl_xfer_handle(0x55635994e650, released=False)",decode,1,0,452712,2,d61968e8-e4aa-43a2-8ca8-85b623ffd1e5_dp0,0,nixl_start_time
1780281085.3467557,1780281085.3590677,12.312,1780281085.3591163,0.04863739013671875,137455308422,137455.308422,1780281085.3467557,12.360572814941406,0.0059604644775390625,1.8596649169921875,1.828,3145728,0.2555009746588694,192,chatcmpl-d737250d-e4de-4b63-a47d-e128f461ad6e-9a096096,"nixl_xfer_handle(0x5af9a3dc98a0, released=False)",decode,0,0,452715,2,d61968e8-e4aa-43a2-8ca8-85b623ffd1e5_dp1,0,nixl_start_time
1780281085.3837626,1780281085.3958907,12.128,1780281085.3959475,0.056743621826171875,137455345429,137455.345429,1780281085.3837626,12.184858322143555,0.006198883056640625,3.706693649291992,3.683,26738688,2.2047071240105542,1632,chatcmpl-c9e86360-e995-4004-b5aa-971a11287398-aaef64ad,"nixl_xfer_handle(0x5af9a3dc98a0, released=False)",decode,0,0,452715,17,d61968e8-e4aa-43a2-8ca8-85b623ffd1e5_dp0,0,nixl_start_time
1780281085.3957956,1780281085.4083605,12.565,1780281085.4084108,0.05030632019042969,137455357462,137455.357462,1780281085.3957956,12.615203857421875,0.0045299530029296875,4.537105560302734,4.505,9437184,0.7510691603660963,576,chatcmpl-adcf4eb1-9981-4e5b-9eba-a127dd0dfd04-855c3570,"nixl_xfer_handle(0x55635994e650, released=False)",decode,1,0,452712,6,d61968e8-e4aa-43a2-8ca8-85b623ffd1e5_dp1,0,nixl_start_time
1780281085.4081917,1780281085.4210656,12.874,1780281085.4210868,0.021219253540039062,137455369858,137455.369858,1780281085.4081917,12.89510726928711,0.012636184692382812,1.7464160919189453,1.713,3145728,0.24434736678576977,192,chatcmpl-af6318e3-fb12-4956-8157-40b8b34f8e12-83ca1872,"nixl_xfer_handle(0x5af9a3dc98a0, released=False)",decode,0,0,452715,2,d61968e8-e4aa-43a2-8ca8-85b623ffd1e5_dp0,0,nixl_start_time
1780281085.5318036,1780281085.5441246,12.321,1780281085.5441592,0.03457069396972656,137455493470,137455.49347,1780281085.5318036,12.355566024780273,0.004291534423828125,1.4009475708007812,1.373,3145728,0.2553143413683954,192,chatcmpl-c4b01d5f-50be-4f7c-bc65-775f3f69dff1-983697bc,"nixl_xfer_handle(0x55635994e650, released=False)",decode,1,0,452712,2,d61968e8-e4aa-43a2-8ca8-85b623ffd1e5_dp1,0,nixl_start_time
1780281085.6301267,1780281085.6422956,12.168999999999999,1780281085.6423686,0.07295608520507812,137455591793,137455.591793,1780281085.6301267,12.241840362548828,0.0040531158447265625,4.760503768920898,4.735,7864320,0.6462585257621826,480,chatcmpl-6b9c90ac-a3a1-47b8-a7d7-7cb82d400f10-bf5ebdd9,"nixl_xfer_handle(0x5af9a3dc98a0, released=False)",decode,0,0,452715,5,d61968e8-e4aa-43a2-8ca8-85b623ffd1e5_dp0,0,nixl_start_time
1780281085.6922135,1780281085.7162776,24.064,1780281085.716366,0.08845329284667969,137455653880,137455.65388,1780281085.6922135,24.152517318725586,0.0073909759521484375,4.950046539306641,4.922,50331648,2.0915744680851067,3072,chatcmpl-5354df04-7d6b-424c-95d9-45d2e9c5713a-8ac3ee45,"nixl_xfer_handle(0x5af9a3dc98a0, released=False)",decode,0,0,452715,32,d61968e8-e4aa-43a2-8ca8-85b623ffd1e5_dp1,0,nixl_start_time
1780281085.7285275,1780281085.7409794,12.452,1780281085.7410016,0.022172927856445312,137455690194,137455.690194,1780281085.7285275,12.47406005859375,0.004291534423828125,1.5549659729003906,1.529,3145728,0.2526283327979441,192,chatcmpl-9c5b60dd-7a9e-4304-8129-6119b33f0ff5-885c1d63,"nixl_xfer_handle(0x55635994e650, released=False)",decode,1,0,452712,2,d61968e8-e4aa-43a2-8ca8-85b623ffd1e5_dp0,0,nixl_start_time
1780281085.8762126,1780281085.9007635,24.551,1780281085.9007833,0.019788742065429688,137455837879,137455.837879,1780281085.8762126,24.570703506469727,0.0059604644775390625,4.963159561157227,4.941,55050240,2.2422809661520917,3360,chatcmpl-0e38acc7-d05c-4cc7-b14a-a9517513a457-bbac424b,"nixl_xfer_handle(0x55635994e650, released=False)",decode,1,0,452712,35,d61968e8-e4aa-43a2-8ca8-85b623ffd1e5_dp1,0,nixl_start_time
1780281085.9619627,1780281085.9759276,13.965,1780281085.9759479,0.020265579223632812,137455923629,137455.923629,1780281085.9619627,13.985157012939453,0.003814697265625,3.5996437072753906,3.581,25165824,1.8020640171858218,1536,chatcmpl-c1d1f1d4-a244-45eb-ac11-f959f2579526-b007bd18,"nixl_xfer_handle(0x55635994e650, released=False)",decode,1,0,452712,16,d61968e8-e4aa-43a2-8ca8-85b623ffd1e5_dp0,0,nixl_start_time
1780281085.9626906,1780281085.9873867,24.695999999999998,1780281085.9874732,0.08654594421386719,137455924357,137455.924357,1780281085.9626906,24.782657623291016,0.009298324584960938,9.764432907104492,9.725,61341696,2.483871720116618,3744,chatcmpl-98447c3b-f582-49b1-8285-1e4213a87fd3-81e4033b,"nixl_xfer_handle(0x5af9a3dc98a0, released=False)",decode,0,0,452715,39,d61968e8-e4aa-43a2-8ca8-85b623ffd1e5_dp0,0,nixl_start_time
1780281086.0242987,1780281086.0488667,24.567999999999998,1780281086.0489283,0.061511993408203125,137455985965,137455.985965,1780281086.0242987,24.629592895507812,0.00286102294921875,1.9240379333496094,1.898,3145728,0.1280416802344513,192,chatcmpl-5d3d2e2b-fc08-4973-850f-34d2450e3f29-8d0060ed,"nixl_xfer_handle(0x5af9a3dc98a0, released=False)",decode,0,0,452715,2,d61968e8-e4aa-43a2-8ca8-85b623ffd1e5_dp0,0,nixl_start_time
1780281086.0365357,1780281086.0489538,12.418000000000001,1780281086.0490031,0.04935264587402344,137455998202,137455.998202,1780281086.0365357,12.467384338378906,0.007152557373046875,2.050161361694336,2.025,3145728,0.25332001932678366,192,chatcmpl-90eccc32-3342-4f1e-bd2a-c67a15135a1f-89b4c5c1,"nixl_xfer_handle(0x5af9a386ec30, released=False)",decode,0,0,452715,2,d61968e8-e4aa-43a2-8ca8-85b623ffd1e5_dp1,0,nixl_start_time
1780281086.0366886,1780281086.0639536,27.265,1780281086.0640187,0.06508827209472656,137455998355,137455.998355,1780281086.0366886,27.33016014099121,0.0073909759521484375,5.117654800415039,5.095,64487424,2.3652090225563907,3936,chatcmpl-dca850f7-8653-4730-b01c-25f604d0b814-ad79f4a6,"nixl_xfer_handle(0x55635994e650, released=False)",decode,1,0,452712,41,d61968e8-e4aa-43a2-8ca8-85b623ffd1e5_dp1,0,nixl_start_time
1780281086.0388556,1780281086.0639696,25.114,1780281086.064035,0.06532669067382812,137456000522,137456.000522,1780281086.0388556,25.179386138916016,0.005245208740234375,9.658336639404297,9.639,47185920,1.8788691566456954,2880,chatcmpl-5e1f91f9-a835-42bd-9cec-301e2da19daa-be9eb83d,"nixl_xfer_handle(0x5af9a379d9b0, released=False)",decode,0,0,452715,30,d61968e8-e4aa-43a2-8ca8-85b623ffd1e5_dp1,0,nixl_start_time
1780281086.1376376,1780281086.1620286,24.391,1780281086.1620708,0.04220008850097656,137456099304,137456.099304,1780281086.1376376,24.433135986328125,0.007152557373046875,5.051136016845703,5.028,62914560,2.5794169980730595,3840,chatcmpl-c5889601-2cd3-4352-924f-f600d6b5eeb9-bb0fac49,"nixl_xfer_handle(0x55635994e650, released=False)",decode,1,0,452712,40,d61968e8-e4aa-43a2-8ca8-85b623ffd1e5_dp1,0,nixl_start_time
1780281086.1867867,1780281086.2109017,24.115000000000002,1780281086.2109425,0.04076957702636719,137456148453,137456.148453,1780281086.1867867,24.155855178833008,0.00667572021484375,9.411096572875977,9.34,50331648,2.0871510678001246,3072,chatcmpl-9b6cbdd2-48eb-4ecb-b968-57fce29de9b6-b51c3383,"nixl_xfer_handle(0x5af9a379d9b0, released=False)",decode,0,0,452715,32,d61968e8-e4aa-43a2-8ca8-85b623ffd1e5_dp0,0,nixl_start_time
1780281086.2107627,1780281086.2112918,0.5289999999999999,1780281086.2115614,0.2696514129638672,137456172429,137456.172429,1780281086.2107627,0.7987022399902344,0.0050067901611328125,0.5517005920410156,0.529,1572864,2.9732778827977318,48,chatcmpl-1b694c63-608c-49a4-8b5b-437d11bcb1ec-8674ec6e,"nixl_xfer_handle(0x55635994e650, released=False)",decode,1,0,452712,1,d61968e8-e4aa-43a2-8ca8-85b623ffd1e5_dp1,0,nixl_start_time
1780281086.2233126,1780281086.2476516,24.339,1780281086.2476761,0.024557113647460938,137456184979,137456.184979,1780281086.2233126,24.36351776123047,0.0059604644775390625,9.171247482299805,9.145,47185920,1.9386959201281893,2880,chatcmpl-b57da8ef-ab7e-4036-98ec-117f6867233d-b2eceff7,"nixl_xfer_handle(0x5af9a379d9b0, released=False)",decode,0,0,452715,30,d61968e8-e4aa-43a2-8ca8-85b623ffd1e5_dp0,0,nixl_start_time
1780281086.2476478,1780281086.2599347,12.286999999999999,1780281086.259955,0.020265579223632812,137456209314,137456.209314,1780281086.2476478,12.307167053222656,0.0057220458984375,3.0133724212646484,2.984,6291456,0.5120416700577847,384,chatcmpl-3c35e2ad-8f86-4665-8693-a6bcfdff095e-8734f2dd,"nixl_xfer_handle(0x55635994e650, released=False)",decode,1,0,452712,4,d61968e8-e4aa-43a2-8ca8-85b623ffd1e5_dp0,0,nixl_start_time
1780281086.2966607,1780281086.3086426,11.982,1780281086.3086634,0.020742416381835938,137456258327,137456.258327,1780281086.2966607,12.002706527709961,0.0026226043701171875,1.5594959259033203,1.533,3145728,0.2625378067100651,192,chatcmpl-6b392c7d-5fe4-407f-8a19-e1f0b98a5e75-b9a50d33,"nixl_xfer_handle(0x55635994e650, released=False)",decode,1,0,452712,2,d61968e8-e4aa-43a2-8ca8-85b623ffd1e5_dp1,0,nixl_start_time
1780281086.3941495,1780281086.4065516,12.402,1780281086.4065711,0.019550323486328125,137456355816,137456.355816,1780281086.3941495,12.421607971191406,0.0057220458984375,4.731416702270508,4.704,7864320,0.6341170778906627,480,chatcmpl-0037fe74-bdd8-4574-afed-0403e04824de-946076eb,"nixl_xfer_handle(0x5af9a379d9b0, released=False)",decode,0,0,452715,5,d61968e8-e4aa-43a2-8ca8-85b623ffd1e5_dp0,0,nixl_start_time
1780281086.5784216,1780281086.6083157,29.894000000000002,1780281086.608356,0.04029273986816406,137456540088,137456.540088,1780281086.5784216,29.934406280517578,0.0064373016357421875,4.970550537109375,4.949,61341696,2.051973506389242,3744,chatcmpl-e9bb5317-0c83-4e97-bc8f-7df3a2f4dcb7-bf70f5fe,"nixl_xfer_handle(0x55635994e650, released=False)",decode,1,0,452712,39,d61968e8-e4aa-43a2-8ca8-85b623ffd1e5_dp0,0,nixl_start_time
1780281086.5906177,1780281086.6199737,29.356,1780281086.6200092,0.03552436828613281,137456552284,137456.552284,1780281086.5906177,29.39152717590332,0.006198883056640625,14.602184295654297,14.577,33030144,1.1251581959395014,2016,chatcmpl-c635a5cf-ef0b-479b-929b-9567e030a250-9f7023f9,"nixl_xfer_handle(0x5563599829c0, released=False)",decode,1,0,452712,21,d61968e8-e4aa-43a2-8ca8-85b623ffd1e5_dp0,0,nixl_start_time
1780281086.7916527,1780281086.8040078,12.355,1780281086.8040495,0.04172325134277344,137456753319,137456.753319,1780281086.7916527,12.396812438964844,0.004291534423828125,1.8472671508789062,1.821,3145728,0.2546117361392149,192,chatcmpl-1fa427f4-fada-448b-83dc-3b33c836d414-9af4ecb6,"nixl_xfer_handle(0x5af9a379d9b0, released=False)",decode,0,0,452715,2,d61968e8-e4aa-43a2-8ca8-85b623ffd1e5_dp1,0,nixl_start_time
1780281086.8039436,1780281086.8168166,12.873000000000001,1780281086.8168728,0.05626678466796875,137456765610,137456.76561,1780281086.8039436,12.929201126098633,0.0054836273193359375,6.439447402954102,6.406,12582912,0.9774653926823584,768,chatcmpl-219ca336-4f73-4d9b-8997-a4e1d72b7dbc-9064c67c,"nixl_xfer_handle(0x5563599829c0, released=False)",decode,1,0,452712,8,d61968e8-e4aa-43a2-8ca8-85b623ffd1e5_dp0,0,nixl_start_time
1780281086.9522767,1780281086.9647188,12.442,1780281086.9647653,0.04649162292480469,137456913943,137456.913943,1780281086.9522767,12.488603591918945,0.0059604644775390625,6.046295166015625,6.01,22020096,1.769819643144189,1344,chatcmpl-f564b849-fde2-4f18-ba88-751e0deb6356-aa1c59b7,"nixl_xfer_handle(0x5af9a379d9b0, released=False)",decode,0,0,452715,14,d61968e8-e4aa-43a2-8ca8-85b623ffd1e5_dp1,0,nixl_start_time
1780281087.0278897,1780281087.0661237,38.233999999999995,1780281087.0661387,0.015020370483398438,137456989556,137456.989556,1780281087.0278897,38.24901580810547,0.009775161743164062,11.491060256958008,11.462,77070336,2.0157539362870747,4704,chatcmpl-0adcf685-9393-498b-9688-5f8093f10c38-8087a736,"nixl_xfer_handle(0x5af9a379d9b0, released=False)",decode,0,0,452715,49,d61968e8-e4aa-43a2-8ca8-85b623ffd1e5_dp0,0,nixl_start_time
1780281087.0428717,1780281087.0795066,36.635,1780281087.0795612,0.05459785461425781,137457004538,137457.004538,1780281087.0428717,36.68951988220215,0.0030994415283203125,1.5938282012939453,1.566,3145728,0.0858667394568036,192,chatcmpl-e28d6ad2-d497-4396-8788-f3d5c36fa214-81bf08e3,"nixl_xfer_handle(0x5563599829c0, released=False)",decode,1,0,452712,2,d61968e8-e4aa-43a2-8ca8-85b623ffd1e5_dp1,0,nixl_start_time
1780281087.0430007,1780281087.0926156,49.615,1780281087.0926328,0.0171661376953125,137457004667,137457.004667,1780281087.0430007,49.63207244873047,0.0059604644775390625,22.867918014526367,22.838,14155776,0.2853124256777185,864,chatcmpl-ed5a5e57-02a6-48f9-bdf0-7fa73ad0a962-b1e10fcd,"nixl_xfer_handle(0x5af9a386ec30, released=False)",decode,0,0,452715,9,d61968e8-e4aa-43a2-8ca8-85b623ffd1e5_dp1,0,nixl_start_time
1780281087.0695326,1780281087.0981266,28.594,1780281087.098175,0.04839897155761719,137457031199,137457.031199,1780281087.0695326,28.64241600036621,0.0030994415283203125,9.679079055786133,9.651,12582912,0.4400542771210743,768,chatcmpl-c64f9df0-115d-48ac-8f71-ba7a7ee9d1fe-a7ba32b9,"nixl_xfer_handle(0x55635994e650, released=False)",decode,1,0,452712,8,d61968e8-e4aa-43a2-8ca8-85b623ffd1e5_dp0,0,nixl_start_time
1780281087.0834806,1780281087.1072776,23.796999999999997,1780281087.1073158,0.03814697265625,137457045147,137457.045147,1780281087.0834806,23.835182189941406,0.0064373016357421875,8.744001388549805,8.721,44040192,1.8506615119552887,2688,chatcmpl-5e056662-9f2d-4eb0-ba70-5e5848f4fb86-9570f5bf,"nixl_xfer_handle(0x5af9a379d9b0, released=False)",decode,0,0,452715,28,d61968e8-e4aa-43a2-8ca8-85b623ffd1e5_dp0,0,nixl_start_time
1780281087.0955207,1780281087.1073008,11.780000000000001,1780281087.1073215,0.020742416381835938,137457057187,137457.057187,1780281087.0955207,11.800765991210938,0.0030994415283203125,2.2928714752197266,2.265,4718592,0.40055959252971135,288,chatcmpl-a49769dd-9352-4b1b-986c-b1c6b8c709d0-9e8111de,"nixl_xfer_handle(0x5563599829c0, released=False)",decode,1,0,452712,3,d61968e8-e4aa-43a2-8ca8-85b623ffd1e5_dp1,0,nixl_start_time
1780281087.1689196,1780281087.1698165,0.897,1780281087.1698787,0.06222724914550781,137457130586,137457.130586,1780281087.1689196,0.9591579437255859,0.005245208740234375,0.6189346313476562,0.578,1572864,1.7534715719063545,48,chatcmpl-96acce6a-5197-444e-94ec-d2b11b2ca705-a66e31a8,"nixl_xfer_handle(0x5af9a379d9b0, released=False)",decode,0,0,452715,1,d61968e8-e4aa-43a2-8ca8-85b623ffd1e5_dp0,0,nixl_start_time
1780281087.2554007,1780281087.2830606,27.66,1780281087.2831347,0.07414817810058594,137457217067,137457.217067,1780281087.2554007,27.734041213989258,0.008344650268554688,12.625932693481445,12.601,78643200,2.8432104121475055,4800,chatcmpl-23a0e8c6-b58a-4649-9ccb-4cafd5a227e6-b384009d,"nixl_xfer_handle(0x5af9a379d9b0, released=False)",decode,0,0,452715,50,d61968e8-e4aa-43a2-8ca8-85b623ffd1e5_dp1,0,nixl_start_time
1780281087.2829616,1780281087.3008995,17.938,1780281087.3009224,0.02288818359375,137457244628,137457.244628,1780281087.2829616,17.960786819458008,0.003337860107421875,1.5399456024169922,1.516,3145728,0.17536670754822165,192,chatcmpl-51a272f5-96ad-4a40-82fa-58f7da354604-9cf8c39e,"nixl_xfer_handle(0x5563599829c0, released=False)",decode,1,0,452712,2,d61968e8-e4aa-43a2-8ca8-85b623ffd1e5_dp0,0,nixl_start_time
1780281087.2952557,1780281087.3081477,12.892000000000001,1780281087.308168,0.020265579223632812,137457256922,137457.256922,1780281087.2952557,12.912273406982422,0.0050067901611328125,5.332469940185547,5.3,11010048,0.854021718895439,672,chatcmpl-019d219d-7f2f-48e9-b6ac-5c0cdb0f7a8a-94aa89a4,"nixl_xfer_handle(0x55635994e650, released=False)",decode,1,0,452712,7,d61968e8-e4aa-43a2-8ca8-85b623ffd1e5_dp1,0,nixl_start_time
1780281087.4678597,1780281087.4924088,24.549000000000003,1780281087.4924853,0.07653236389160156,137457429526,137457.429526,1780281087.4678597,24.625539779663086,0.0059604644775390625,4.752159118652344,4.729,39321600,1.6017597458144934,2400,chatcmpl-a2a2c363-c73f-4c1e-a372-dab507fdab78-bcb53ed5,"nixl_xfer_handle(0x5af9a379d9b0, released=False)",decode,0,0,452715,25,d61968e8-e4aa-43a2-8ca8-85b623ffd1e5_dp0,0,nixl_start_time
1780281087.5291536,1780281087.5415556,12.402,1780281087.5415752,0.019550323486328125,137457490820,137457.49082,1780281087.5291536,12.421607971191406,0.0057220458984375,7.026910781860352,7.004,26738688,2.1559980648282537,1632,chatcmpl-3fe7efd6-7083-4fec-8abd-d19c1f0cf144-84e058f3,"nixl_xfer_handle(0x5af9a379d9b0, released=False)",decode,0,0,452715,17,d61968e8-e4aa-43a2-8ca8-85b623ffd1e5_dp1,0,nixl_start_time
1780281087.6027677,1780281087.6164677,13.700000000000001,1780281087.6164932,0.025510787963867188,137457564434,137457.564434,1780281087.6027677,13.725519180297852,0.0050067901611328125,3.4105777740478516,3.385,6291456,0.45923036496350367,384,chatcmpl-c8388efe-55ac-4573-ad83-9661c78a4cca-ad847e14,"nixl_xfer_handle(0x5af9a379d9b0, released=False)",decode,0,0,452715,4,d61968e8-e4aa-43a2-8ca8-85b623ffd1e5_dp0,0,nixl_start_time
1780281087.6063848,1780281087.6165197,10.135,1780281087.6166062,0.08654594421386719,137457568051,137457.568051,1780281087.6063848,10.221481323242188,0.0059604644775390625,6.510257720947266,6.494,18874368,1.8622958066107547,1152,chatcmpl-47501f71-a82b-4f38-84dd-49cd4d9633a9-9fb65b97,"nixl_xfer_handle(0x5af9a386ec30, released=False)",decode,0,0,452715,12,d61968e8-e4aa-43a2-8ca8-85b623ffd1e5_dp1,0,nixl_start_time
1780281087.6163487,1780281087.6279168,11.568,1780281087.6279364,0.019550323486328125,137457578015,137457.578015,1780281087.6163487,11.58761978149414,0.01811981201171875,5.13148307800293,5.085,11010048,0.9517676348547718,672,chatcmpl-366e5bfd-cf70-482f-aa2f-c31793c6d43b-81273692,"nixl_xfer_handle(0x55635994e650, released=False)",decode,1,0,452712,7,d61968e8-e4aa-43a2-8ca8-85b623ffd1e5_dp0,0,nixl_start_time
1780281087.6278317,1780281087.6402688,12.437,1780281087.6402872,0.018358230590820312,137457589498,137457.589498,1780281087.6278317,12.455463409423828,0.004291534423828125,4.868745803833008,4.848,36175872,2.9087297579802205,2208,chatcmpl-acb94107-1583-44ad-94e5-698e8a0dfa03-beb77d6c,"nixl_xfer_handle(0x5af9a386ec30, released=False)",decode,0,0,452715,23,d61968e8-e4aa-43a2-8ca8-85b623ffd1e5_dp1,0,nixl_start_time
1780281087.6525397,1780281087.6654258,12.886,1780281087.6654453,0.019550323486328125,137457614206,137457.614206,1780281087.6525397,12.905597686767578,0.00476837158203125,4.402875900268555,4.368,33030144,2.5632581095762843,2016,chatcmpl-8de09969-d421-4785-88b3-49763d3a933c-ae05ba3a,"nixl_xfer_handle(0x55635994e650, released=False)",decode,1,0,452712,21,d61968e8-e4aa-43a2-8ca8-85b623ffd1e5_dp0,0,nixl_start_time
1780281087.7762747,1780281087.7999067,23.632,1780281087.7999823,0.07557868957519531,137457737941,137457.737941,1780281087.7762747,23.70762825012207,0.010251998901367188,8.93092155456543,8.904,61341696,2.5957048070413,3744,chatcmpl-e65d25c7-2940-42e3-a04a-4601b93dca43-82793360,"nixl_xfer_handle(0x5af9a386ec30, released=False)",decode,0,0,452715,39,d61968e8-e4aa-43a2-8ca8-85b623ffd1e5_dp0,0,nixl_start_time
1780281087.7883925,1780281087.7998924,11.5,1780281087.7999156,0.023126602172851562,137457750059,137457.750059,1780281087.7883925,11.523008346557617,0.0045299530029296875,0.4677772521972656,0.443,1572864,0.13677078260869566,48,chatcmpl-5aaa17fe-62ef-4572-a09d-808788f14b9b-86b512fa,"nixl_xfer_handle(0x55635994e650, released=False)",decode,1,0,452712,1,d61968e8-e4aa-43a2-8ca8-85b623ffd1e5_dp0,0,nixl_start_time
1780281087.8247178,1780281087.8491428,24.424999999999997,1780281087.849166,0.023126602172851562,137457786384,137457.786384,1780281087.8247178,24.448156356811523,0.006198883056640625,6.345987319946289,6.321,39321600,1.6098915046059366,2400,chatcmpl-f58c4938-1ae2-46b7-9e78-f734021e8a1c-990d285f,"nixl_xfer_handle(0x5af9a386ec30, released=False)",decode,0,0,452715,25,d61968e8-e4aa-43a2-8ca8-85b623ffd1e5_dp1,0,nixl_start_time
1780281087.9348845,1780281087.9691575,34.272999999999996,1780281087.9691768,0.019311904907226562,137457896551,137457.896551,1780281087.9348845,34.29222106933594,0.00762939453125,17.986536026000977,17.961,70778880,2.0651498263939545,4320,chatcmpl-9a153a86-fc4f-4fb4-a0b0-9799334410f7-9bf1fe1d,"nixl_xfer_handle(0x55635994e650, released=False)",decode,1,0,452712,45,d61968e8-e4aa-43a2-8ca8-85b623ffd1e5_dp0,0,nixl_start_time
1780281087.9561217,1780281087.9698887,13.767,1780281087.969934,0.045299530029296875,137457917788,137457.917788,1780281087.9561217,13.81230354309082,0.0059604644775390625,2.4576187133789062,2.432,4718592,0.34274656787971236,288,chatcmpl-96f4d037-b900-4905-a172-051bbf6bbd19-81feb12b,"nixl_xfer_handle(0x5af9a386ec30, released=False)",decode,0,0,452715,3,d61968e8-e4aa-43a2-8ca8-85b623ffd1e5_dp1,0,nixl_start_time
1780281087.9562488,1780281087.9692047,12.956000000000001,1780281087.9692166,0.011920928955078125,137457917915,137457.917915,1780281087.9562488,12.967824935913086,0.0054836273193359375,3.060579299926758,3.04,17301504,1.3354047545538745,1056,chatcmpl-d7ba2ff3-e989-46c5-bcd3-d5737869f336-93f5c890,"nixl_xfer_handle(0x5563599829c0, released=False)",decode,1,0,452712,11,d61968e8-e4aa-43a2-8ca8-85b623ffd1e5_dp1,0,nixl_start_time
1780281087.9675286,1780281087.9801226,12.594,1780281087.9801638,0.04124641418457031,137457929195,137457.929195,1780281087.9675286,12.635231018066406,0.00476837158203125,1.3315677642822266,1.306,3145728,0.24977989518818486,192,chatcmpl-11f29dd3-bcb3-4981-891f-c65f7015114a-844187cd,"nixl_xfer_handle(0x5563599981b0, released=False)",decode,1,0,452712,2,d61968e8-e4aa-43a2-8ca8-85b623ffd1e5_dp0,0,nixl_start_time
1780281087.9675486,1780281087.9699616,2.4130000000000003,1780281087.970002,0.04029273986816406,137457929215,137457.929215,1780281087.9675486,2.453327178955078,0.0059604644775390625,2.0503997802734375,2.023,3145728,1.3036585163696641,192,chatcmpl-fd599bc6-9235-4448-a3f1-89b0d3c7d7aa-89df7a78,"nixl_xfer_handle(0x5af9a379d9b0, released=False)",decode,0,0,452715,2,d61968e8-e4aa-43a2-8ca8-85b623ffd1e5_dp0,0,nixl_start_time
1780281088.1148846,1780281088.1405687,25.683999999999997,1780281088.1405876,0.018835067749023438,137458076551,137458.076551,1780281088.1148846,25.702953338623047,0.008344650268554688,10.89620590209961,10.858,75497472,2.9394748481544934,4608,chatcmpl-1ff26853-f2f9-4e88-ac12-d4194e7ddd28-803f2b29,"nixl_xfer_handle(0x5af9a379d9b0, released=False)",decode,0,0,452715,48,d61968e8-e4aa-43a2-8ca8-85b623ffd1e5_dp1,0,nixl_start_time
1780281088.1900377,1780281088.2057807,15.743,1780281088.2058244,0.04363059997558594,137458151704,137458.151704,1780281088.1900377,15.78664779663086,0.0054836273193359375,8.839130401611328,8.801,15728640,0.9990878485676173,960,chatcmpl-a80734f3-415b-457b-b00e-f859688a4c02-92649a33,"nixl_xfer_handle(0x5563599981b0, released=False)",decode,1,0,452712,10,d61968e8-e4aa-43a2-8ca8-85b623ffd1e5_dp0,0,nixl_start_time
1780281088.1904006,1780281088.2171535,26.753,1780281088.217205,0.0514984130859375,137458152067,137458.152067,1780281088.1904006,26.804447174072266,0.010013580322265625,11.749267578125,11.723,73924608,2.763226853063208,4512,chatcmpl-eb968c08-373e-4635-9fba-0f915ae51b16-89d75026,"nixl_xfer_handle(0x5af9a379d9b0, released=False)",decode,0,0,452715,47,d61968e8-e4aa-43a2-8ca8-85b623ffd1e5_dp0,0,nixl_start_time
1780281088.2664247,1780281088.2925997,26.175,1780281088.2926474,0.0476837158203125,137458228091,137458.228091,1780281088.2664247,26.222705841064453,0.0073909759521484375,20.104169845581055,20.066,78643200,3.0045157593123206,4800,chatcmpl-13ff4b47-620d-4688-ba07-cb0b2cb7089e-8c27b0f4,"nixl_xfer_handle(0x5563599981b0, released=False)",decode,1,0,452712,50,d61968e8-e4aa-43a2-8ca8-85b623ffd1e5_dp1,0,nixl_start_time
1780281088.2900267,1780281088.3047826,14.756,1780281088.3048048,0.022172927856445312,137458251693,137458.251693,1780281088.2900267,14.77813720703125,0.00476837158203125,2.253293991088867,2.225,3145728,0.21318297641637302,192,chatcmpl-f70b31f7-1ce1-4133-9697-07a0ad3e37e8-9c4b1cd6,"nixl_xfer_handle(0x5563599829c0, released=False)",decode,1,0,452712,2,d61968e8-e4aa-43a2-8ca8-85b623ffd1e5_dp0,0,nixl_start_time
1780281088.2900417,1780281088.3012238,11.181999999999999,1780281088.301264,0.04029273986816406,137458251708,137458.251708,1780281088.2900417,11.222362518310547,0.005245208740234375,1.8362998962402344,1.812,3145728,0.28132069397245574,192,chatcmpl-13745b85-8f0a-4087-a39e-f5ab11817b17-805c8bfb,"nixl_xfer_handle(0x5af9a379d9b0, released=False)",decode,0,0,452715,2,d61968e8-e4aa-43a2-8ca8-85b623ffd1e5_dp0,0,nixl_start_time
1780281088.3011906,1780281088.3139806,12.79,1780281088.314004,0.023365020751953125,137458262857,137458.262857,1780281088.3011906,12.813329696655273,0.0054836273193359375,3.342151641845703,3.321,28311552,2.2135693510555123,1728,chatcmpl-ef5f7adb-1dec-437d-9a4f-ac741851f6fd-96eece03,"nixl_xfer_handle(0x5563599981b0, released=False)",decode,1,0,452712,18,d61968e8-e4aa-43a2-8ca8-85b623ffd1e5_dp1,0,nixl_start_time
1780281088.3882296,1780281088.4004545,12.225,1780281088.4004772,0.022649765014648438,137458349896,137458.349896,1780281088.3882296,12.247562408447266,0.0059604644775390625,7.447242736816406,7.423,33030144,2.7018522699386502,2016,chatcmpl-df13c2ad-42d5-49e4-abba-dd7411b3ac17-a086b004,"nixl_xfer_handle(0x5af9a379d9b0, released=False)",decode,0,0,452715,21,d61968e8-e4aa-43a2-8ca8-85b623ffd1e5_dp1,0,nixl_start_time
1780281088.5745018,1780281088.6014297,26.928,1780281088.6014507,0.0209808349609375,137458536168,137458.536168,1780281088.5745018,26.948928833007812,0.0064373016357421875,12.128353118896484,12.104,69206016,2.5700392156862746,4224,chatcmpl-949a8419-54de-4d7d-aca3-8c97568c0306-9f173b40,"nixl_xfer_handle(0x5563599981b0, released=False)",decode,1,0,452712,44,d61968e8-e4aa-43a2-8ca8-85b623ffd1e5_dp0,0,nixl_start_time
1780281088.6512976,1780281088.6843696,33.071999999999996,1780281088.684394,0.024318695068359375,137458612964,137458.612964,1780281088.6512976,33.0963134765625,0.0064373016357421875,13.806581497192383,13.779,70778880,2.140145137880987,4320,chatcmpl-6e7577f1-73cf-42d3-a7c0-4c4394c52c86-98277401,"nixl_xfer_handle(0x55634b67d8a0, released=False)",decode,1,0,452712,45,d61968e8-e4aa-43a2-8ca8-85b623ffd1e5_dp1,0,nixl_start_time
1780281088.6684706,1780281088.6805775,12.107,1780281088.6806,0.022411346435546875,137458630137,137458.630137,1780281088.6684706,12.12930679321289,0.0050067901611328125,2.504587173461914,2.479,4718592,0.38974081110101594,288,chatcmpl-84da0e47-281c-4968-8569-1ee7cdf5ad09-ac6b82b7,"nixl_xfer_handle(0x5af9a379d9b0, released=False)",decode,0,0,452715,3,d61968e8-e4aa-43a2-8ca8-85b623ffd1e5_dp0,0,nixl_start_time
1780281088.6802027,1780281088.6924777,12.274999999999999,1780281088.6924982,0.020503997802734375,137458641869,137458.641869,1780281088.6802027,12.29548454284668,0.00476837158203125,3.893136978149414,3.872,29884416,2.4345756415478617,1824,chatcmpl-d1558561-761a-4c52-85d6-f87f285c7664-839c35cf,"nixl_xfer_handle(0x5563599829c0, released=False)",decode,1,0,452712,19,d61968e8-e4aa-43a2-8ca8-85b623ffd1e5_dp1,0,nixl_start_time
1780281088.6924386,1780281088.6946297,2.191,1780281088.6949794,0.3497600555419922,137458654105,137458.654105,1780281088.6924386,2.5408267974853516,0.0069141387939453125,2.215862274169922,2.191,3145728,1.435749885896851,192,chatcmpl-615871f6-10be-4907-abce-78020bcf1eec-89a50f2a,"nixl_xfer_handle(0x5af9a379d9b0, released=False)",decode,0,0,452715,2,d61968e8-e4aa-43a2-8ca8-85b623ffd1e5_dp0,0,nixl_start_time
1780281088.7172058,1780281088.7294998,12.293999999999999,1780281088.7295218,0.02193450927734375,137458678872,137458.678872,1780281088.7172058,12.315988540649414,0.0045299530029296875,1.6622543334960938,1.635,3145728,0.2558750610053685,192,chatcmpl-e31620e9-fcb6-4275-8bf0-b2381d54c6a4-a8f28069,"nixl_xfer_handle(0x5563599829c0, released=False)",decode,1,0,452712,2,d61968e8-e4aa-43a2-8ca8-85b623ffd1e5_dp1,0,nixl_start_time
1780281088.7915475,1780281088.8218296,30.282,1780281088.8218641,0.03457069396972656,137458753214,137458.753214,1780281088.7915475,30.316591262817383,0.008821487426757812,15.3656005859375,15.329,77070336,2.5450873786407766,4704,chatcmpl-7a07519a-e0f8-4d7a-af4f-d568769775d4-9203b0f6,"nixl_xfer_handle(0x5af9a379d9b0, released=False)",decode,0,0,452715,49,d61968e8-e4aa-43a2-8ca8-85b623ffd1e5_dp0,0,nixl_start_time
1780281088.8714166,1780281088.8848126,13.396,1780281088.8848937,0.08106231689453125,137458833083,137458.833083,1780281088.8714166,13.477087020874023,0.007867813110351562,7.483720779418945,7.458,40894464,3.0527369363989254,2496,chatcmpl-871f5734-84a4-4460-975b-14e266aaaee4-970113e2,"nixl_xfer_handle(0x5af9a379d9b0, released=False)",decode,0,0,452715,26,d61968e8-e4aa-43a2-8ca8-85b623ffd1e5_dp1,0,nixl_start_time
1780281088.8714507,1780281088.8988028,27.352,1780281088.898819,0.01621246337890625,137458833117,137458.833117,1780281088.8714507,27.36830711364746,0.00762939453125,5.391597747802734,5.368,66060288,2.4151904065516234,4032,chatcmpl-a86cca2b-7e17-4dce-ae8f-32075d83c989-9645c6b9,"nixl_xfer_handle(0x5563599829c0, released=False)",decode,1,0,452712,42,d61968e8-e4aa-43a2-8ca8-85b623ffd1e5_dp1,0,nixl_start_time
1780281088.8846376,1780281088.8988445,14.206999999999999,1780281088.8988519,0.0073909759521484375,137458846304,137458.846304,1780281088.8846376,14.214277267456055,0.005245208740234375,1.1899471282958984,1.169,3145728,0.22142098965298798,192,chatcmpl-0f23b8af-879c-426e-9a33-f5fdc32ae152-93cf1f1a,"nixl_xfer_handle(0x55634b67d8a0, released=False)",decode,1,0,452712,2,d61968e8-e4aa-43a2-8ca8-85b623ffd1e5_dp1,0,nixl_start_time
1780281088.8964217,1780281088.8985248,2.1029999999999998,1780281088.8988645,0.33974647521972656,137458858088,137458.858088,1780281088.8964217,2.4428367614746094,0.006198883056640625,2.1257400512695312,2.103,3145728,1.4958288159771755,192,chatcmpl-835066af-10da-44f1-a1a7-4f1311f8693c-87c1a5af,"nixl_xfer_handle(0x55635994e650, released=False)",decode,1,0,452712,2,d61968e8-e4aa-43a2-8ca8-85b623ffd1e5_dp0,0,nixl_start_time
1780281088.9456587,1780281088.9577568,12.097999999999999,1780281088.9577777,0.0209808349609375,137458907325,137458.907325,1780281088.9456587,12.119054794311523,0.008106231689453125,4.135608673095703,4.108,33030144,2.730215242188792,2016,chatcmpl-3ff64a2a-2ba7-40bc-a29e-001f4913002c-99e2ce9d,"nixl_xfer_handle(0x5af9a379d9b0, released=False)",decode,0,0,452715,21,d61968e8-e4aa-43a2-8ca8-85b623ffd1e5_dp0,0,nixl_start_time
1780281089.0199316,1780281089.0319045,11.972999999999999,1780281089.0319552,0.05078315734863281,137458981598,137458.981598,1780281089.0199316,12.023687362670898,0.006198883056640625,7.978200912475586,7.953,31457280,2.6273515409671764,1920,chatcmpl-c69bc1e7-8f69-4cd5-ae58-f5c4ab90fbac-b5d52dee,"nixl_xfer_handle(0x5af9a379d9b0, released=False)",decode,0,0,452715,20,d61968e8-e4aa-43a2-8ca8-85b623ffd1e5_dp1,0,nixl_start_time
1780281089.0443826,1780281089.0463896,2.007,1780281089.0464084,0.018835067749023438,137459006049,137459.006049,1780281089.0443826,2.0258426666259766,0.004291534423828125,1.7316341400146484,1.705,3145728,1.5673781763826606,192,chatcmpl-c187d051-27c6-4319-b764-2be4f6dd0749-b0b08b5f,"nixl_xfer_handle(0x55635994e650, released=False)",decode,1,0,452712,2,d61968e8-e4aa-43a2-8ca8-85b623ffd1e5_dp0,0,nixl_start_time
1780281089.3782566,1780281089.3809855,2.729,1780281089.3812575,0.2720355987548828,137459339923,137459.339923,1780281089.3782566,3.000974655151367,0.0054836273193359375,2.7523040771484375,2.729,4718592,1.729055331623305,288,chatcmpl-b03cc801-f4e1-433e-a62f-30e29d805127-82a2e75d,"nixl_xfer_handle(0x55635994e650, released=False)",decode,1,0,452712,3,d61968e8-e4aa-43a2-8ca8-85b623ffd1e5_dp0,0,nixl_start_time
1780281089.4156406,1780281089.4184155,2.775,1780281089.418699,0.2834796905517578,137459377307,137459.377307,1780281089.4156406,3.0584335327148438,0.0045299530029296875,2.7990341186523438,2.775,4718592,1.7003935135135133,288,chatcmpl-101fd57a-7be5-4bb7-9e97-5cfbbac791f3-8ba4f91b,"nixl_xfer_handle(0x55635994e650, released=False)",decode,1,0,452712,3,d61968e8-e4aa-43a2-8ca8-85b623ffd1e5_dp0,0,nixl_start_time
1780281089.4157627,1780281089.4280796,12.317,1780281089.4280987,0.019073486328125,137459377429,137459.377429,1780281089.4157627,12.336015701293945,0.0064373016357421875,3.8251876831054688,3.788,22020096,1.787780790776975,1344,chatcmpl-dc56ee13-c8f9-41f6-9d64-98d1f24d6914-9eed0bb5,"nixl_xfer_handle(0x5af9a3dd0dc0, released=False)",decode,0,0,452715,14,d61968e8-e4aa-43a2-8ca8-85b623ffd1e5_dp1,0,nixl_start_time
1780281089.5520446,1780281089.5537837,1.739,1780281089.5540497,0.26607513427734375,137459513711,137459.513711,1780281089.5520446,2.0051002502441406,0.0040531158447265625,1.7604827880859375,1.739,3145728,1.808929269695227,192,chatcmpl-4fec76f8-c528-4520-9b71-c4bfcfb65021-94acfe78,"nixl_xfer_handle(0x55635994e650, released=False)",decode,1,0,452712,2,d61968e8-e4aa-43a2-8ca8-85b623ffd1e5_dp0,0,nixl_start_time
1780281089.5894055,1780281089.5899165,0.5109999999999999,1780281089.590188,0.2715587615966797,137459551072,137459.551072,1780281089.5894055,0.7824897766113281,0.005245208740234375,0.5335807800292969,0.511,1572864,3.0780117416829746,48,chatcmpl-328056b1-9d4e-45ad-89f9-f6a593fd6fa1-ab140ba9,"nixl_xfer_handle(0x55635994e650, released=False)",decode,1,0,452712,1,d61968e8-e4aa-43a2-8ca8-85b623ffd1e5_dp1,0,nixl_start_time
1780281089.6019986,1780281089.6142366,12.238000000000001,1780281089.614302,0.06532669067382812,137459563665,137459.563665,1780281089.6019986,12.303352355957031,0.0057220458984375,0.5218982696533203,0.498,1572864,0.12852296126818108,48,chatcmpl-9a663fb4-4b25-421b-8579-72a7720a38b5-99129a0a,"nixl_xfer_handle(0x5af9a3dd0dc0, released=False)",decode,0,0,452715,1,d61968e8-e4aa-43a2-8ca8-85b623ffd1e5_dp0,0,nixl_start_time
1780281089.7014096,1780281089.7260156,24.605999999999998,1780281089.726035,0.019550323486328125,137459663076,137459.663076,1780281089.7014096,24.625539779663086,0.011205673217773438,4.862308502197266,4.835,55050240,2.2372689587905388,3360,chatcmpl-a43cd6f0-11ff-4b6e-b5ef-2e9455398cc6-ac69bbe0,"nixl_xfer_handle(0x55635994e650, released=False)",decode,1,0,452712,35,d61968e8-e4aa-43a2-8ca8-85b623ffd1e5_dp0,0,nixl_start_time
1780281089.8003786,1780281089.8125947,12.216,1780281089.812615,0.020265579223632812,137459762045,137459.762045,1780281089.8003786,12.236356735229492,0.00667572021484375,0.5185604095458984,0.494,1572864,0.12875442043222005,48,chatcmpl-99e4323a-37da-4d84-9e5f-63f877f993f9-950a0f4e,"nixl_xfer_handle(0x5af9a3dd0dc0, released=False)",decode,0,0,452715,1,d61968e8-e4aa-43a2-8ca8-85b623ffd1e5_dp0,0,nixl_start_time
1780281089.8619497,1780281089.8743207,12.371,1780281089.8743548,0.03409385681152344,137459823616,137459.823616,1780281089.8619497,12.405157089233398,0.0057220458984375,1.6603469848632812,1.632,3145728,0.2542824347263762,192,chatcmpl-c10be012-1190-4e61-b20e-bd877a2fa2ac-b0fb56bc,"nixl_xfer_handle(0x55635994e650, released=False)",decode,1,0,452712,2,d61968e8-e4aa-43a2-8ca8-85b623ffd1e5_dp0,0,nixl_start_time
1780281089.8866327,1780281089.8991318,12.499,1780281089.8991897,0.05793571472167969,137459848299,137459.848299,1780281089.8866327,12.557029724121094,0.00476837158203125,1.4066696166992188,1.381,3145728,0.2516783742699416,192,chatcmpl-d9830ee0-4d4c-4b7a-9d62-6f2f3bf4688c-87c190e6,"nixl_xfer_handle(0x55635994e650, released=False)",decode,1,0,452712,2,d61968e8-e4aa-43a2-8ca8-85b623ffd1e5_dp1,0,nixl_start_time
1780281090.1100476,1780281090.1342425,24.195,1780281090.1343164,0.07390975952148438,137460071714,137460.071714,1780281090.1100476,24.26886558532715,0.0095367431640625,9.34743881225586,9.307,55050240,2.2752734035957842,3360,chatcmpl-f443f57a-04c5-4fe3-a115-5ed52fddf692-afeac07d,"nixl_xfer_handle(0x5af9a3dd0dc0, released=False)",decode,0,0,452715,35,d61968e8-e4aa-43a2-8ca8-85b623ffd1e5_dp0,0,nixl_start_time
1780281090.2217917,1780281090.2503197,28.528000000000002,1780281090.2503586,0.03886222839355469,137460183458,137460.183458,1780281090.2217917,28.566837310791016,0.0073909759521484375,22.127389907836914,22.09,83361792,2.9221043185642177,5088,chatcmpl-173d5b48-9f7a-42e9-87a8-67336efa528c-a29c3808,"nixl_xfer_handle(0x55635994e650, released=False)",decode,1,0,452712,53,d61968e8-e4aa-43a2-8ca8-85b623ffd1e5_dp1,0,nixl_start_time
1780281090.2473266,1780281090.2625005,15.174,1780281090.2625246,0.024080276489257812,137460208993,137460.208993,1780281090.2473266,15.197992324829102,0.0045299530029296875,2.689838409423828,2.667,3145728,0.20731039936733886,192,chatcmpl-46c308d0-92ff-45f8-973a-689c1d0b981e-bffdfd98,"nixl_xfer_handle(0x55634b67d8a0, released=False)",decode,1,0,452712,2,d61968e8-e4aa-43a2-8ca8-85b623ffd1e5_dp0,0,nixl_start_time
1780281090.2473276,1780281090.2588975,11.57,1780281090.258918,0.020503997802734375,137460208994,137460.208994,1780281090.2473276,11.59048080444336,0.0054836273193359375,2.8145313262939453,2.791,6291456,0.5437732065687121,384,chatcmpl-fcaec097-d2f6-4a26-a22b-6e6f54ed2406-a1996c71,"nixl_xfer_handle(0x5af9a3dd0dc0, released=False)",decode,0,0,452715,4,d61968e8-e4aa-43a2-8ca8-85b623ffd1e5_dp0,0,nixl_start_time
1780281090.2588217,1780281090.2717547,12.933,1780281090.27178,0.025272369384765625,137460220488,137460.220488,1780281090.2588217,12.958288192749023,0.0050067901611328125,3.409862518310547,3.39,23592960,1.8242449547668755,1440,chatcmpl-96f10c38-275a-4aed-b7e4-18cde512e773-ae650fa9,"nixl_xfer_handle(0x55635994e650, released=False)",decode,1,0,452712,15,d61968e8-e4aa-43a2-8ca8-85b623ffd1e5_dp1,0,nixl_start_time
1780281090.2716217,1780281090.2844248,12.803,1780281090.2844489,0.024080276489257812,137460233288,137460.233288,1780281090.2716217,12.827157974243164,0.0050067901611328125,3.9589405059814453,3.934,6291456,0.4914048269936733,384,chatcmpl-19f837d0-8bed-43c2-a73f-c00ea1dd5a75-856872fa,"nixl_xfer_handle(0x5af9a3dd0dc0, released=False)",decode,0,0,452715,4,d61968e8-e4aa-43a2-8ca8-85b623ffd1e5_dp0,0,nixl_start_time
1780281090.3090668,1780281090.3211417,12.075000000000001,1780281090.321201,0.05936622619628906,137460270733,137460.270733,1780281090.3090668,12.134313583374023,0.0059604644775390625,0.5941390991210938,0.569,1572864,0.13025788819875775,48,chatcmpl-c172f862-9d23-4dad-9676-adc80fe838b0-a2371c75,"nixl_xfer_handle(0x5af9a3dd0dc0, released=False)",decode,0,0,452715,1,d61968e8-e4aa-43a2-8ca8-85b623ffd1e5_dp1,0,nixl_start_time
1780281090.3582697,1780281090.3587937,0.524,1780281090.359054,0.26035308837890625,137460319936,137460.319936,1780281090.3582697,0.7843971252441406,0.0054836273193359375,0.5450248718261719,0.524,1572864,3.0016488549618314,48,chatcmpl-27f764fd-63cc-4c5a-bf3e-70eb4afefa69-bf93b313,"nixl_xfer_handle(0x55635994e650, released=False)",decode,1,0,452712,1,d61968e8-e4aa-43a2-8ca8-85b623ffd1e5_dp0,0,nixl_start_time
1780281090.3705688,1780281090.3831077,12.539,1780281090.3831813,0.07367134094238281,137460332235,137460.332235,1780281090.3705688,12.612581253051758,0.0057220458984375,1.9207000732421875,1.895,3145728,0.2508755084137491,192,chatcmpl-f472f8ed-9de9-4059-a581-35103bc72227-891051aa,"nixl_xfer_handle(0x5af9a3dd0dc0, released=False)",decode,0,0,452715,2,d61968e8-e4aa-43a2-8ca8-85b623ffd1e5_dp1,0,nixl_start_time
1780281090.3830037,1780281090.3847008,1.6969999999999998,1780281090.3849673,0.2665519714355469,137460344670,137460.34467,1780281090.3830037,1.9636154174804688,0.003814697265625,1.718282699584961,1.697,3145728,1.8536994696523277,192,chatcmpl-0c1138d1-3799-4763-ba01-627784c01e3c-801e4bc1,"nixl_xfer_handle(0x55635994e650, released=False)",decode,1,0,452712,2,d61968e8-e4aa-43a2-8ca8-85b623ffd1e5_dp0,0,nixl_start_time
1780281090.4078116,1780281090.4202197,12.408000000000001,1780281090.4202392,0.019550323486328125,137460369478,137460.369478,1780281090.4078116,12.427568435668945,0.0054836273193359375,1.814126968383789,1.791,3145728,0.2535241779497099,192,chatcmpl-a2755d5b-ea54-462c-89c7-d64008c54fdf-bbf62358,"nixl_xfer_handle(0x5af9a3dd0dc0, released=False)",decode,0,0,452715,2,d61968e8-e4aa-43a2-8ca8-85b623ffd1e5_dp1,0,nixl_start_time
1780281090.4202077,1780281090.4324918,12.283999999999999,1780281090.432519,0.027179718017578125,137460381874,137460.381874,1780281090.4202077,12.311220169067383,0.005245208740234375,3.4923553466796875,3.472,22020096,1.7925835232823186,1344,chatcmpl-f58ead94-a2bc-408b-8528-5f5d840b23b6-afefd710,"nixl_xfer_handle(0x55635994e650, released=False)",decode,1,0,452712,14,d61968e8-e4aa-43a2-8ca8-85b623ffd1e5_dp1,0,nixl_start_time
1780281090.4942286,1780281090.5061505,11.922,1780281090.5062175,0.06699562072753906,137460455895,137460.455895,1780281090.4942286,11.98887825012207,0.006198883056640625,4.089593887329102,4.065,31457280,2.638590840463009,1920,chatcmpl-e1e8ebea-d68c-43ed-960b-2315191df3b8-8f85335e,"nixl_xfer_handle(0x5af9a3dd0dc0, released=False)",decode,0,0,452715,20,d61968e8-e4aa-43a2-8ca8-85b623ffd1e5_dp0,0,nixl_start_time
1780281090.5061347,1780281090.5308557,24.721,1780281090.530877,0.021457672119140625,137460467801,137460.467801,1780281090.5061347,24.74236488342285,0.005245208740234375,4.2266845703125,4.197,37748736,1.5269906557178108,2304,chatcmpl-070932cc-2d1c-4006-8cdb-3aee17683d97-80280551,"nixl_xfer_handle(0x55635994e650, released=False)",decode,1,0,452712,24,d61968e8-e4aa-43a2-8ca8-85b623ffd1e5_dp1,0,nixl_start_time
1780281090.5552976,1780281090.5677185,12.421,1780281090.567784,0.06556510925292969,137460516964,137460.516964,1780281090.5552976,12.486457824707031,0.0057220458984375,5.614995956420898,5.587,7864320,0.6331470896063119,480,chatcmpl-5ddffe0e-a8b1-461c-8b0b-72734689c677-aff31e56,"nixl_xfer_handle(0x5af9a3835380, released=False)",decode,0,0,452715,5,d61968e8-e4aa-43a2-8ca8-85b623ffd1e5_dp1,0,nixl_start_time
1780281090.5798917,1780281090.5930076,13.116,1780281090.593029,0.021457672119140625,137460541558,137460.541558,1780281090.5798917,13.137340545654297,0.004291534423828125,2.435922622680664,2.402,4718592,0.35975846294602015,288,chatcmpl-c47f8028-6def-4e35-979d-b01694cd050b-b5366f68,"nixl_xfer_handle(0x55635994e650, released=False)",decode,1,0,452712,3,d61968e8-e4aa-43a2-8ca8-85b623ffd1e5_dp0,0,nixl_start_time
1780281090.5928476,1780281090.6048775,12.030000000000001,1780281090.60495,0.072479248046875,137460554514,137460.554514,1780281090.5928476,12.102365493774414,0.0059604644775390625,1.7681121826171875,1.744,3145728,0.26149027431421445,192,chatcmpl-73c9fa4a-6c62-4c49-99ac-437c8313fdda-9cffe1f5,"nixl_xfer_handle(0x5af9a3835380, released=False)",decode,0,0,452715,2,d61968e8-e4aa-43a2-8ca8-85b623ffd1e5_dp1,0,nixl_start_time
1780281090.6047487,1780281090.6064348,1.686,1780281090.6067152,0.2803802490234375,137460566415,137460.566415,1780281090.6047487,1.9664764404296875,0.0035762786865234375,1.707315444946289,1.686,3145728,1.8657935943060497,192,chatcmpl-2d2528c4-595b-4ed2-97f8-bb4a6d8a5733-aaa22a2b,"nixl_xfer_handle(0x55635994e650, released=False)",decode,1,0,452712,2,d61968e8-e4aa-43a2-8ca8-85b623ffd1e5_dp0,0,nixl_start_time
1780281090.6665337,1780281090.6792736,12.74,1780281090.6793337,0.06008148193359375,137460628200,137460.6282,1780281090.6665337,12.799978256225586,0.0059604644775390625,6.005764007568359,5.97,22020096,1.728421978021978,1344,chatcmpl-e7793477-acac-410d-8b0e-ad1350612b58-8c36488b,"nixl_xfer_handle(0x5af9a3835380, released=False)",decode,0,0,452715,14,d61968e8-e4aa-43a2-8ca8-85b623ffd1e5_dp0,0,nixl_start_time
1780281090.9129126,1780281090.9249077,11.995000000000001,1780281090.924942,0.034332275390625,137460874579,137460.874579,1780281090.9129126,12.029409408569336,0.00476837158203125,4.004240036010742,3.982,31457280,2.6225327219674863,1920,chatcmpl-68737c4b-ec8f-444d-ac52-aa3cbf69aee5-8b0c907a,"nixl_xfer_handle(0x55635994e650, released=False)",decode,1,0,452712,20,d61968e8-e4aa-43a2-8ca8-85b623ffd1e5_dp0,0,nixl_start_time
1780281090.9990396,1780281091.0113788,12.338999999999999,1780281091.0114222,0.043392181396484375,137460960706,137460.960706,1780281090.9990396,12.38250732421875,0.0057220458984375,1.8153190612792969,1.791,3145728,0.2549418915633358,192,chatcmpl-d23ff169-4240-45d1-a97b-a09ce647a2e0-9bbbcc91,"nixl_xfer_handle(0x5af9a3d791b0, released=False)",decode,0,0,452715,2,d61968e8-e4aa-43a2-8ca8-85b623ffd1e5_dp1,0,nixl_start_time
1780281091.0361326,1780281091.0379245,1.792,1780281091.038195,0.2703666687011719,137460997799,137460.997799,1780281091.0361326,2.0623207092285156,0.005245208740234375,1.814126968383789,1.792,3145728,1.7554285714285716,192,chatcmpl-1dc2b95b-5cf0-444b-aa1d-69a3ff9afc3e-bf81b46c,"nixl_xfer_handle(0x55635994e650, released=False)",decode,1,0,452712,2,d61968e8-e4aa-43a2-8ca8-85b623ffd1e5_dp0,0,nixl_start_time
1780281091.1224167,1780281091.1345057,12.089,1780281091.1345637,0.05793571472167969,137461084083,137461.084083,1780281091.1224167,12.146949768066406,0.00858306884765625,5.430936813354492,5.393,36175872,2.9924619075192322,2208,chatcmpl-e6c15acb-934d-44ec-84d4-7bbd16c24e9b-9e151f5a,"nixl_xfer_handle(0x5af9a3d791b0, released=False)",decode,0,0,452715,23,d61968e8-e4aa-43a2-8ca8-85b623ffd1e5_dp1,0,nixl_start_time
1780281091.1465027,1780281091.1589956,12.493,1780281091.159014,0.018358230590820312,137461108169,137461.108169,1780281091.1465027,12.511253356933594,0.0057220458984375,1.7271041870117188,1.704,3145728,0.251799247578644,192,chatcmpl-a06e3b92-18f4-4f1a-a8db-5c235daea773-9999fac4,"nixl_xfer_handle(0x5af9a3d791b0, released=False)",decode,0,0,452715,2,d61968e8-e4aa-43a2-8ca8-85b623ffd1e5_dp0,0,nixl_start_time
1780281091.2328677,1780281091.2579718,25.104000000000003,1780281091.2579906,0.018835067749023438,137461194534,137461.194534,1780281091.2328677,25.122880935668945,0.00667572021484375,4.925251007080078,4.903,58195968,2.3181950286806883,3552,chatcmpl-7910cb6a-3a51-4d68-93ea-25d55bade935-af334a5b,"nixl_xfer_handle(0x55635994e650, released=False)",decode,1,0,452712,37,d61968e8-e4aa-43a2-8ca8-85b623ffd1e5_dp1,0,nixl_start_time
1780281091.2447445,1780281091.2580166,13.272,1780281091.2580252,0.00858306884765625,137461206411,137461.206411,1780281091.2447445,13.280630111694336,0.005245208740234375,1.201629638671875,1.179,3145728,0.23701989150090413,192,chatcmpl-e2ad1521-9801-4a32-870b-3f546051c98d-b198caac,"nixl_xfer_handle(0x55634b67d8a0, released=False)",decode,1,0,452712,2,d61968e8-e4aa-43a2-8ca8-85b623ffd1e5_dp0,0,nixl_start_time
1780281091.2940047,1780281091.3061717,12.167000000000002,1780281091.3061914,0.019788742065429688,137461255671,137461.255671,1780281091.2940047,12.186765670776367,0.0054836273193359375,1.6782283782958984,1.652,3145728,0.25854590285197665,192,chatcmpl-45eedd08-d5cd-491e-bafb-6367e8759dbc-87ac4072,"nixl_xfer_handle(0x5af9a3d791b0, released=False)",decode,0,0,452715,2,d61968e8-e4aa-43a2-8ca8-85b623ffd1e5_dp0,0,nixl_start_time
1780281091.3187177,1780281091.3312168,12.499,1780281091.3312745,0.057697296142578125,137461280384,137461.280384,1780281091.3187177,12.556791305541992,0.0050067901611328125,0.49948692321777344,0.478,1572864,0.1258391871349708,48,chatcmpl-8729a2ad-639d-4e39-bde6-90a17246253a-87f6f1fd,"nixl_xfer_handle(0x5af9a3d791b0, released=False)",decode,0,0,452715,1,d61968e8-e4aa-43a2-8ca8-85b623ffd1e5_dp1,0,nixl_start_time
1780281091.3803146,1780281091.4077246,27.41,1780281091.4077396,0.015020370483398438,137461341981,137461.341981,1780281091.3803146,27.425050735473633,0.0057220458984375,4.833221435546875,4.809,47185920,1.7214855892010215,2880,chatcmpl-096e3f98-d86e-43a7-b87b-eddf72f71d4f-83db4cdc,"nixl_xfer_handle(0x55634b67d8a0, released=False)",decode,1,0,452712,30,d61968e8-e4aa-43a2-8ca8-85b623ffd1e5_dp0,0,nixl_start_time
1780281091.4047737,1780281091.4077578,2.984,1780281091.407812,0.05435943603515625,137461366440,137461.36644,1780281091.4047737,3.0384063720703125,0.004291534423828125,2.694845199584961,2.67,4718592,1.5812975871313673,288,chatcmpl-8b2ba031-0964-4cff-9d33-4504b2d8baac-b746a207,"nixl_xfer_handle(0x55635994e650, released=False)",decode,1,0,452712,3,d61968e8-e4aa-43a2-8ca8-85b623ffd1e5_dp1,0,nixl_start_time
1780281091.4411907,1780281091.4536178,12.427000000000001,1780281091.453638,0.020265579223632812,137461402857,137461.402857,1780281091.4411907,12.447357177734375,0.0064373016357421875,4.810810089111328,4.773,6291456,0.5062731149915506,384,chatcmpl-588085fa-642f-41c2-8c4f-c072734d7392-95807965,"nixl_xfer_handle(0x5af9a3d791b0, released=False)",decode,0,0,452715,4,d61968e8-e4aa-43a2-8ca8-85b623ffd1e5_dp0,0,nixl_start_time
1780281091.4534516,1780281091.4540007,0.549,1780281091.454261,0.26035308837890625,137461415118,137461.415118,1780281091.4534516,0.8094310760498047,0.0040531158447265625,0.5686283111572266,0.549,1572864,2.86496174863388,48,chatcmpl-e326bc65-88ae-4f38-a71a-f5c911bad70e-9f89a467,"nixl_xfer_handle(0x55635994e650, released=False)",decode,1,0,452712,1,d61968e8-e4aa-43a2-8ca8-85b623ffd1e5_dp1,0,nixl_start_time
1780281091.5631657,1780281091.5755427,12.377,1780281091.5755613,0.018596649169921875,137461524832,137461.524832,1780281091.5631657,12.395620346069336,0.0045299530029296875,4.767656326293945,4.739,9437184,0.762477498586087,576,chatcmpl-7472e952-420b-4dfc-8041-a591da2f53a0-b7d119c6,"nixl_xfer_handle(0x55635994e650, released=False)",decode,1,0,452712,6,d61968e8-e4aa-43a2-8ca8-85b623ffd1e5_dp0,0,nixl_start_time
1780281091.6739266,1780281091.7054076,31.481,1780281091.7054796,0.07200241088867188,137461635593,137461.635593,1780281091.6739266,31.553030014038086,0.0095367431640625,16.893386840820312,16.865,100663296,3.1975888948889803,6144,chatcmpl-e35ee477-00a7-4c7f-b12c-df1a9ff968ca-a9fc12a0,"nixl_xfer_handle(0x5af9a3d791b0, released=False)",decode,0,0,452715,64,d61968e8-e4aa-43a2-8ca8-85b623ffd1e5_dp1,0,nixl_start_time
1780281091.8041456,1780281091.8281875,24.042,1780281091.828252,0.06461143493652344,137461765812,137461.765812,1780281091.8041456,24.106502532958984,0.008106231689453125,5.487203598022461,5.462,64487424,2.6822820064886446,3936,chatcmpl-8177761a-17a7-414a-b2dc-09764cc6edd9-82b24c34,"nixl_xfer_handle(0x5af9a3d791b0, released=False)",decode,0,0,452715,41,d61968e8-e4aa-43a2-8ca8-85b623ffd1e5_dp0,0,nixl_start_time
1780281091.9637697,1780281091.9764388,12.669,1780281091.9764998,0.06103515625,137461925436,137461.925436,1780281091.9637697,12.730121612548828,0.0050067901611328125,2.449512481689453,2.424,4718592,0.37245181150840634,288,chatcmpl-2e5ef7ef-fa46-4d2c-83b5-47b70ab81cd2-9bb32d83,"nixl_xfer_handle(0x5af9a3d791b0, released=False)",decode,0,0,452715,3,d61968e8-e4aa-43a2-8ca8-85b623ffd1e5_dp0,0,nixl_start_time
1780281091.9642456,1780281091.9936435,29.398,1780281091.9936602,0.016689300537109375,137461925912,137461.925912,1780281091.9642456,29.414653778076172,0.006198883056640625,5.609750747680664,5.586,66060288,2.2471014354718006,4032,chatcmpl-5e3520e4-1c5d-4515-baff-7af3cbb9af7c-938bd61c,"nixl_xfer_handle(0x55635994e650, released=False)",decode,1,0,452712,42,d61968e8-e4aa-43a2-8ca8-85b623ffd1e5_dp1,0,nixl_start_time
1780281091.9889607,1780281092.0009308,11.969999999999999,1780281092.0009513,0.020503997802734375,137461950627,137461.950627,1780281091.9889607,11.990547180175781,0.0054836273193359375,3.2122135162353516,3.187,20447232,1.708206516290727,1248,chatcmpl-2eb08425-3be9-44b6-8674-92e79da88cca-ade360c0,"nixl_xfer_handle(0x5af9a3d791b0, released=False)",decode,0,0,452715,13,d61968e8-e4aa-43a2-8ca8-85b623ffd1e5_dp1,0,nixl_start_time
1780281091.9890428,1780281092.0133986,24.355999999999998,1780281092.0134585,0.05984306335449219,137461950709,137461.950709,1780281091.9890428,24.41573143005371,0.0057220458984375,4.342317581176758,4.322,44040192,1.8081865659385778,2688,chatcmpl-258340f2-06ec-4fa3-90a9-e681c00edb1a-9752ebb1,"nixl_xfer_handle(0x55634b67d8a0, released=False)",decode,1,0,452712,28,d61968e8-e4aa-43a2-8ca8-85b623ffd1e5_dp0,0,nixl_start_time
1780281092.0256567,1780281092.0377686,12.112,1780281092.037822,0.05340576171875,137461987323,137461.987323,1780281092.0256567,12.165307998657227,0.0050067901611328125,1.750946044921875,1.726,3145728,0.2597199471598415,192,chatcmpl-95d212a6-fc1a-4fd8-b521-34b549453021-a586e348,"nixl_xfer_handle(0x5af9a3d791b0, released=False)",decode,0,0,452715,2,d61968e8-e4aa-43a2-8ca8-85b623ffd1e5_dp0,0,nixl_start_time
1780281092.0501738,1780281092.0749028,24.729,1780281092.074923,0.020265579223632812,137462011840,137462.01184,1780281092.0501738,24.749279022216797,0.00476837158203125,4.299163818359375,4.279,40894464,1.653704719155647,2496,chatcmpl-6c539930-5bdd-42e8-83cf-6a1996414f18-bd9a7130,"nixl_xfer_handle(0x55634b67d8a0, released=False)",decode,1,0,452712,26,d61968e8-e4aa-43a2-8ca8-85b623ffd1e5_dp1,0,nixl_start_time
1780281092.0638068,1780281092.0749567,11.15,1780281092.0749893,0.03266334533691406,137462025473,137462.025473,1780281092.0638068,11.182546615600586,0.0057220458984375,3.7033557891845703,3.667,23592960,2.115960538116592,1440,chatcmpl-359633f7-2756-494a-9901-4c420a7808a3-a2af755a,"nixl_xfer_handle(0x5af9a3d791b0, released=False)",decode,0,0,452715,15,d61968e8-e4aa-43a2-8ca8-85b623ffd1e5_dp0,0,nixl_start_time
1780281092.1364417,1780281092.1604497,24.008000000000003,1780281092.160532,0.08225440979003906,137462098108,137462.098108,1780281092.1364417,24.090290069580078,0.0095367431640625,5.384683609008789,5.348,55050240,2.2929956681106294,3360,chatcmpl-91f24b5b-e69a-4114-a2e7-fe51fd0b007d-bd0c195d,"nixl_xfer_handle(0x5af9a3d791b0, released=False)",decode,0,0,452715,35,d61968e8-e4aa-43a2-8ca8-85b623ffd1e5_dp1,0,nixl_start_time
1780281092.1603107,1780281092.1623278,2.0170000000000003,1780281092.1623552,0.027418136596679688,137462121977,137462.121977,1780281092.1603107,2.0444393157958984,0.0040531158447265625,1.7199516296386719,1.697,3145728,1.5596073376301436,192,chatcmpl-9aec1bd8-7cb1-4504-8742-6313c2954f53-936c7ee6,"nixl_xfer_handle(0x55634b67d8a0, released=False)",decode,1,0,452712,2,d61968e8-e4aa-43a2-8ca8-85b623ffd1e5_dp0,0,nixl_start_time
1780281092.1728256,1780281092.1851726,12.347,1780281092.18524,0.06747245788574219,137462134492,137462.134492,1780281092.1728256,12.41445541381836,0.0064373016357421875,4.274845123291016,4.251,36175872,2.929932129262169,2208,chatcmpl-796a5934-290a-4342-8c2d-50c959767585-88a93072,"nixl_xfer_handle(0x5af9a3d791b0, released=False)",decode,0,0,452715,23,d61968e8-e4aa-43a2-8ca8-85b623ffd1e5_dp1,0,nixl_start_time
1780281092.1849926,1780281092.1854546,0.462,1780281092.1857157,0.26106834411621094,137462146659,137462.146659,1780281092.1849926,0.7231235504150391,0.0045299530029296875,0.484466552734375,0.462,1572864,3.4044675324675326,48,chatcmpl-9817b8c4-8567-42e5-bc2e-176906b5ab8d-a673c3c4,"nixl_xfer_handle(0x55634b67d8a0, released=False)",decode,1,0,452712,1,d61968e8-e4aa-43a2-8ca8-85b623ffd1e5_dp0,0,nixl_start_time
1780281092.2339876,1780281092.2466466,12.659,1780281092.2466671,0.020503997802734375,137462195654,137462.195654,1780281092.2339876,12.679576873779297,0.0059604644775390625,2.749919891357422,2.714,4718592,0.37274603049214,288,chatcmpl-61096bc7-f9cc-4450-b19e-6a15616c7de9-968fb179,"nixl_xfer_handle(0x5af9a3d791b0, released=False)",decode,0,0,452715,3,d61968e8-e4aa-43a2-8ca8-85b623ffd1e5_dp1,0,nixl_start_time
1780281092.3442686,1780281092.3562136,11.945,1780281092.3562593,0.0457763671875,137462305935,137462.305935,1780281092.3442686,11.990785598754883,0.0050067901611328125,5.5637359619140625,5.536,11010048,0.9217285893679363,672,chatcmpl-aec92785-208d-4ca7-b521-139b90b55842-bce1a1ed,"nixl_xfer_handle(0x55634b67d8a0, released=False)",decode,1,0,452712,7,d61968e8-e4aa-43a2-8ca8-85b623ffd1e5_dp0,0,nixl_start_time
1780281092.3808296,1780281092.4089077,28.078,1780281092.4089272,0.019550323486328125,137462342496,137462.342496,1780281092.3808296,28.09762954711914,0.0035762786865234375,13.44609260559082,13.415,12582912,0.44814132060688083,768,chatcmpl-b2b0cd06-a242-4725-85c1-e5c98cee025c-8cd3d724,"nixl_xfer_handle(0x5af9a3d791b0, released=False)",decode,0,0,452715,8,d61968e8-e4aa-43a2-8ca8-85b623ffd1e5_dp1,0,nixl_start_time
1780281092.3976038,1780281092.4089499,11.346,1780281092.4089575,0.00762939453125,137462359270,137462.35927,1780281092.3976038,11.353731155395508,0.0045299530029296875,6.3533782958984375,6.334,20447232,1.802153358011634,1248,chatcmpl-0538e7d1-52fc-41d1-b0e0-bf8f352a89cc-a51b62f3,"nixl_xfer_handle(0x5af9a386ec30, released=False)",decode,0,0,452715,13,d61968e8-e4aa-43a2-8ca8-85b623ffd1e5_dp0,0,nixl_start_time
1780281092.4459176,1780281092.4475787,1.661,1780281092.4478462,0.2675056457519531,137462407584,137462.407584,1780281092.4459176,1.928567886352539,0.0040531158447265625,1.6841888427734375,1.661,3145728,1.8938759783263095,192,chatcmpl-dad57926-05f7-42f3-8a49-237eeefce080-bcaf0248,"nixl_xfer_handle(0x55634b67d8a0, released=False)",decode,1,0,452712,2,d61968e8-e4aa-43a2-8ca8-85b623ffd1e5_dp1,0,nixl_start_time
1780281092.5556397,1780281092.5680017,12.362,1780281092.568037,0.03528594970703125,137462517306,137462.517306,1780281092.5556397,12.397289276123047,0.00476837158203125,1.5807151794433594,1.553,3145728,0.2544675618831904,192,chatcmpl-fabeccef-838e-4769-86db-4172427bd31e-8dd7c90b,"nixl_xfer_handle(0x55634b67d8a0, released=False)",decode,1,0,452712,2,d61968e8-e4aa-43a2-8ca8-85b623ffd1e5_dp0,0,nixl_start_time
1780281092.7399337,1780281092.7660787,26.145000000000003,1780281092.7660964,0.017642974853515625,137462701600,137462.7016,1780281092.7399337,26.16262435913086,0.005245208740234375,11.14201545715332,11.109,11010048,0.421114859437751,672,chatcmpl-cce26da9-02ba-4fc5-b020-9e1dcd2b7e50-aa1e511c,"nixl_xfer_handle(0x5af9a386ec30, released=False)",decode,0,0,452715,7,d61968e8-e4aa-43a2-8ca8-85b623ffd1e5_dp1,0,nixl_start_time
1780281092.8152106,1780281092.8450637,29.853,1780281092.8451092,0.04553794860839844,137462776877,137462.776877,1780281092.8152106,29.898643493652344,0.0069141387939453125,4.560232162475586,4.538,40894464,1.3698611194854788,2496,chatcmpl-aa10865d-da86-4b70-a1a0-151ac31e5858-ba46ff2c,"nixl_xfer_handle(0x5af9a41a3fa0, released=False)",decode,0,0,452715,26,d61968e8-e4aa-43a2-8ca8-85b623ffd1e5_dp1,0,nixl_start_time
1780281092.8155978,1780281092.8432527,27.654999999999998,1780281092.8432894,0.036716461181640625,137462777264,137462.777264,1780281092.8155978,27.69160270690918,0.00667572021484375,6.558656692504883,6.535,69206016,2.502477526667872,4224,chatcmpl-5b383c1c-c1eb-423d-95cd-fa809e39b740-95a9c783,"nixl_xfer_handle(0x55634b67d8a0, released=False)",decode,1,0,452712,44,d61968e8-e4aa-43a2-8ca8-85b623ffd1e5_dp0,0,nixl_start_time
1780281092.8397527,1780281092.8561857,16.433,1780281092.8562012,0.015497207641601562,137462801419,137462.801419,1780281092.8397527,16.448497772216797,0.0050067901611328125,3.247499465942383,3.227,20447232,1.2442787074788535,1248,chatcmpl-21008115-3426-4552-93c5-d1242d66deca-9df000c0,"nixl_xfer_handle(0x55635994e650, released=False)",decode,1,0,452712,13,d61968e8-e4aa-43a2-8ca8-85b623ffd1e5_dp1,0,nixl_start_time
1780281092.8401847,1780281092.8647277,24.543,1780281092.864748,0.020265579223632812,137462801851,137462.801851,1780281092.8401847,24.563312530517578,0.0050067901611328125,4.576206207275391,4.539,40894464,1.666237379293485,2496,chatcmpl-7f72036c-4226-4cb8-a1cf-99ab935744de-936e55ac,"nixl_xfer_handle(0x5af9a3d791b0, released=False)",decode,0,0,452715,26,d61968e8-e4aa-43a2-8ca8-85b623ffd1e5_dp0,0,nixl_start_time
1780281092.8525867,1780281092.8647027,12.116,1780281092.8647225,0.019788742065429688,137462814253,137462.814253,1780281092.8525867,12.135744094848633,0.0057220458984375,3.343820571899414,3.323,20447232,1.6876223175965663,1248,chatcmpl-50e228dd-f2d9-4f60-9057-9240597fd3cc-a39981cd,"nixl_xfer_handle(0x55634b67d8a0, released=False)",decode,1,0,452712,13,d61968e8-e4aa-43a2-8ca8-85b623ffd1e5_dp0,0,nixl_start_time
1780281092.8766956,1780281092.8894777,12.782,1780281092.889521,0.04315376281738281,137462838362,137462.838362,1780281092.8766956,12.825250625610352,0.003337860107421875,4.199504852294922,4.177,6291456,0.49221217336879985,384,chatcmpl-50d392ac-5d59-4eb6-bb59-44461247651f-9c4a2e6e,"nixl_xfer_handle(0x5af9a3d791b0, released=False)",decode,0,0,452715,4,d61968e8-e4aa-43a2-8ca8-85b623ffd1e5_dp1,0,nixl_start_time
1780281092.9016116,1780281092.9140725,12.461,1780281092.9140928,0.020265579223632812,137462863278,137462.863278,1780281092.9016116,12.481212615966797,0.0045299530029296875,4.458904266357422,4.438,36175872,2.90312751785571,2208,chatcmpl-6e33a3df-8f33-4179-acbd-35c311af9bd9-a28e2358,"nixl_xfer_handle(0x5af9a3d791b0, released=False)",decode,0,0,452715,23,d61968e8-e4aa-43a2-8ca8-85b623ffd1e5_dp0,0,nixl_start_time
1780281092.9507267,1780281092.9627578,12.031,1780281092.9627783,0.020503997802734375,137462912393,137462.912393,1780281092.9507267,12.051582336425781,0.00476837158203125,3.0002593994140625,2.981,17301504,1.438076967833098,1056,chatcmpl-953d10a9-d8e9-4b25-a0de-7c11cf6910d4-b96d3f2a,"nixl_xfer_handle(0x55634b67d8a0, released=False)",decode,1,0,452712,11,d61968e8-e4aa-43a2-8ca8-85b623ffd1e5_dp1,0,nixl_start_time
1780281093.0244057,1780281093.0486548,24.249,1780281093.0486722,0.017404556274414062,137462986072,137462.986072,1780281093.0244057,24.266481399536133,0.0073909759521484375,5.120277404785156,5.085,59768832,2.464795744154398,3648,chatcmpl-0530f42f-467c-4f4b-a3d2-09642e3b3f16-8e099d5e,"nixl_xfer_handle(0x5af9a3d791b0, released=False)",decode,0,0,452715,38,d61968e8-e4aa-43a2-8ca8-85b623ffd1e5_dp0,0,nixl_start_time
1780281093.0487447,1780281093.0732558,24.511000000000003,1780281093.0732756,0.019788742065429688,137463010411,137463.010411,1780281093.0487447,24.530887603759766,0.0059604644775390625,4.65083122253418,4.63,44040192,1.7967521520949776,2688,chatcmpl-55278cfd-7c81-4076-b31e-7b1b65a9985e-8d4fa610,"nixl_xfer_handle(0x55634b67d8a0, released=False)",decode,1,0,452712,28,d61968e8-e4aa-43a2-8ca8-85b623ffd1e5_dp1,0,nixl_start_time
1780281093.0608587,1780281093.0732198,12.361,1780281093.0732367,0.016927719116210938,137463022525,137463.022525,1780281093.0608587,12.37797737121582,0.0064373016357421875,3.8025379180908203,3.782,25165824,2.03590518566459,1536,chatcmpl-cb90c33d-5691-49ba-9502-4d677938ccc6-952eb155,"nixl_xfer_handle(0x5af9a386ec30, released=False)",decode,0,0,452715,16,d61968e8-e4aa-43a2-8ca8-85b623ffd1e5_dp0,0,nixl_start_time
1780281093.0853167,1780281093.1100206,24.704,1780281093.110041,0.020265579223632812,137463046983,137463.046983,1780281093.0853167,24.724245071411133,0.0054836273193359375,4.525423049926758,4.504,42467328,1.7190466321243523,2592,chatcmpl-fea65812-dbcf-4893-be83-868e341d6d16-9f4ef250,"nixl_xfer_handle(0x55634b67d8a0, released=False)",decode,1,0,452712,27,d61968e8-e4aa-43a2-8ca8-85b623ffd1e5_dp1,0,nixl_start_time
1780281093.1350727,1780281093.1368628,1.79,1780281093.1371264,0.2636909484863281,137463096739,137463.096739,1780281093.1350727,2.0537376403808594,0.0045299530029296875,1.8112659454345703,1.79,3145728,1.7573899441340783,192,chatcmpl-4461d589-97cc-46ce-a800-cb146050f24e-841dc9fa,"nixl_xfer_handle(0x55635998f480, released=False)",decode,1,0,452712,2,d61968e8-e4aa-43a2-8ca8-85b623ffd1e5_dp0,0,nixl_start_time
1780281093.1848676,1780281093.1976066,12.739,1780281093.1976407,0.03409385681152344,137463146534,137463.146534,1780281093.1848676,12.77303695678711,0.0050067901611328125,2.466440200805664,2.437,4718592,0.3704052123400581,288,chatcmpl-194d2708-b891-414f-b63a-1f8e0f760059-992a7616,"nixl_xfer_handle(0x55635998f480, released=False)",decode,1,0,452712,3,d61968e8-e4aa-43a2-8ca8-85b623ffd1e5_dp0,0,nixl_start_time
1780281093.2717347,1780281093.3041768,32.442,1780281093.3041947,0.017881393432617188,137463233401,137463.233401,1780281093.2717347,32.45997428894043,0.006198883056640625,17.664670944213867,17.628,77070336,2.3756345478083967,4704,chatcmpl-bfb36108-cffb-4a46-be88-8217950cea90-af75e1b6,"nixl_xfer_handle(0x5af9a386ec30, released=False)",decode,0,0,452715,49,d61968e8-e4aa-43a2-8ca8-85b623ffd1e5_dp1,0,nixl_start_time
1780281093.3537636,1780281093.3954985,41.735,1780281093.3955188,0.020265579223632812,137463315430,137463.31543,1780281093.3537636,41.75519943237305,0.011205673217773438,20.04718780517578,20.018,78643200,1.8843464717862703,4800,chatcmpl-c5206b25-9ce7-4faf-a92a-e4460cce8544-b252c96b,"nixl_xfer_handle(0x55635998f480, released=False)",decode,1,0,452712,50,d61968e8-e4aa-43a2-8ca8-85b623ffd1e5_dp0,0,nixl_start_time
1780281093.3776886,1780281093.3925366,14.848,1780281093.392549,0.01239776611328125,137463339355,137463.339355,1780281093.3776886,14.860391616821289,0.002384185791015625,6.61158561706543,6.589,7864320,0.5296551724137931,480,chatcmpl-6fdda949-942a-47fa-a29d-b7c34ae00a96-b92b0ba7,"nixl_xfer_handle(0x5af9a386ec30, released=False)",decode,0,0,452715,5,d61968e8-e4aa-43a2-8ca8-85b623ffd1e5_dp1,0,nixl_start_time
1780281093.3777087,1780281093.3955376,17.829,1780281093.3955908,0.05316734313964844,137463339375,137463.339375,1780281093.3777087,17.882108688354492,0.0045299530029296875,1.1234283447265625,1.101,3145728,0.17643883560491333,192,chatcmpl-142154b8-a6a7-4756-8b9f-fed9f314b405-ac518523,"nixl_xfer_handle(0x55635994e650, released=False)",decode,1,0,452712,2,d61968e8-e4aa-43a2-8ca8-85b623ffd1e5_dp1,0,nixl_start_time
1780281093.3844366,1780281093.4073226,22.886,1780281093.4073727,0.050067901611328125,137463346103,137463.346103,1780281093.3844366,22.936105728149414,0.0030994415283203125,7.809877395629883,7.78,7864320,0.3436301669142708,480,chatcmpl-c45359aa-a9b3-4451-a76e-85492b240749-83ad5387,"nixl_xfer_handle(0x5af9a41a3fa0, released=False)",decode,0,0,452715,5,d61968e8-e4aa-43a2-8ca8-85b623ffd1e5_dp1,0,nixl_start_time
1780281093.4438467,1780281093.4741397,30.293,1780281093.4741817,0.041961669921875,137463405513,137463.405513,1780281093.4438467,30.334949493408203,0.004291534423828125,11.748075485229492,11.723,11010048,0.36345188657445615,672,chatcmpl-0ebe0e17-05ce-4827-aabe-5e2f7d3bcc9c-b8a517e3,"nixl_xfer_handle(0x5af9a41a3fa0, released=False)",decode,0,0,452715,7,d61968e8-e4aa-43a2-8ca8-85b623ffd1e5_dp0,0,nixl_start_time
1780281093.4440556,1780281093.4708016,26.746,1780281093.470828,0.026464462280273438,137463405722,137463.405722,1780281093.4440556,26.772499084472656,0.0057220458984375,5.355596542358398,5.334,67633152,2.5287202572347267,4128,chatcmpl-3177c313-70c5-4686-8ea3-e217c12a32f0-bcd88f36,"nixl_xfer_handle(0x55635994e650, released=False)",decode,1,0,452712,43,d61968e8-e4aa-43a2-8ca8-85b623ffd1e5_dp0,0,nixl_start_time
1780281093.4587007,1780281093.4826636,23.963,1780281093.4826844,0.020742416381835938,137463420367,137463.420367,1780281093.4587007,23.98371696472168,0.004291534423828125,1.1620521545410156,1.14,3145728,0.1312743813378959,192,chatcmpl-40231fba-8e88-4617-8fb8-2c6104d578dc-b81fc94f,"nixl_xfer_handle(0x55635998f480, released=False)",decode,1,0,452712,2,d61968e8-e4aa-43a2-8ca8-85b623ffd1e5_dp1,0,nixl_start_time
1780281093.4706566,1780281093.4826097,11.953,1780281093.4826276,0.017881393432617188,137463432323,137463.432323,1780281093.4706566,11.970996856689453,0.007152557373046875,3.2126903533935547,3.19,18874368,1.5790486070442566,1152,chatcmpl-c7d6630c-eba5-4c79-becf-5c1cca842a7f-ac9d55cb,"nixl_xfer_handle(0x5af9a386ec30, released=False)",decode,0,0,452715,12,d61968e8-e4aa-43a2-8ca8-85b623ffd1e5_dp0,0,nixl_start_time
1780281093.6322677,1780281093.6658127,33.545,1780281093.6658638,0.051021575927734375,137463593934,137463.593934,1780281093.6322677,33.596038818359375,0.005245208740234375,18.64480972290039,18.622,73924608,2.203744462662096,4512,chatcmpl-4a4b6ce8-dab5-44a2-9efa-f9a005e16f23-bcec57ce,"nixl_xfer_handle(0x55635998f480, released=False)",decode,1,0,452712,47,d61968e8-e4aa-43a2-8ca8-85b623ffd1e5_dp1,0,nixl_start_time
1780281093.6540368,1780281093.6678667,13.83,1780281093.667882,0.0152587890625,137463615703,137463.615703,1780281093.6540368,13.845205307006836,0.003337860107421875,1.7557144165039062,1.735,3145728,0.22745683297180042,192,chatcmpl-72497ae4-1f47-4bb4-a91a-69fb4b6e1b0f-a35ee272,"nixl_xfer_handle(0x5af9a386ec30, released=False)",decode,0,0,452715,2,d61968e8-e4aa-43a2-8ca8-85b623ffd1e5_dp0,0,nixl_start_time
1780281093.6540537,1780281093.6658847,11.831,1780281093.6659024,0.017642974853515625,137463615720,137463.61572,1780281093.6540537,11.848688125610352,0.003814697265625,1.1441707611083984,1.123,3145728,0.26588859775166934,192,chatcmpl-7f591f5a-b012-4bc2-a485-fe8cb92c6105-9861be3e,"nixl_xfer_handle(0x556359982e80, released=False)",decode,1,0,452712,2,d61968e8-e4aa-43a2-8ca8-85b623ffd1e5_dp0,0,nixl_start_time
1780281093.6657577,1780281093.6794357,13.677999999999999,1780281093.6794693,0.03361701965332031,137463627424,137463.627424,1780281093.6657577,13.711690902709961,0.00476837158203125,1.8362998962402344,1.814,3145728,0.22998450065799098,192,chatcmpl-6c38faaf-b7eb-4e0f-a8dd-275414ed05d9-92590e83,"nixl_xfer_handle(0x5af9a41a3fa0, released=False)",decode,0,0,452715,2,d61968e8-e4aa-43a2-8ca8-85b623ffd1e5_dp1,0,nixl_start_time
1780281093.6911986,1780281093.7160785,24.88,1780281093.716116,0.03743171691894531,137463652865,137463.652865,1780281093.6911986,24.9173641204834,0.006198883056640625,4.67228889465332,4.651,45613056,1.8333221864951768,2784,chatcmpl-7aaff4ce-b468-42a5-9508-c73f48f667dc-8435627c,"nixl_xfer_handle(0x5af9a41a3fa0, released=False)",decode,0,0,452715,29,d61968e8-e4aa-43a2-8ca8-85b623ffd1e5_dp0,0,nixl_start_time
1780281093.8907006,1780281093.8931186,2.418,1780281093.8934014,0.2827644348144531,137463852367,137463.852367,1780281093.8907006,2.7008056640625,0.0040531158447265625,2.447366714477539,2.418,4718592,1.9514441687344914,288,chatcmpl-26d59717-7763-4ca3-ae90-ce3323ccc6ef-9f453aa8,"nixl_xfer_handle(0x55635998f480, released=False)",decode,1,0,452712,3,d61968e8-e4aa-43a2-8ca8-85b623ffd1e5_dp0,0,nixl_start_time
1780281093.9153976,1780281093.9278767,12.479000000000001,1780281093.9279063,0.02956390380859375,137463877064,137463.877064,1780281093.9153976,12.508630752563477,0.004291534423828125,2.75421142578125,2.733,4718592,0.3781226059780431,288,chatcmpl-d7b8f071-7fe5-4e39-8954-738832fb577d-8fd35cbe,"nixl_xfer_handle(0x5af9a41a3fa0, released=False)",decode,0,0,452715,3,d61968e8-e4aa-43a2-8ca8-85b623ffd1e5_dp1,0,nixl_start_time
1780281093.9886637,1780281094.0007536,12.09,1780281094.0007741,0.020503997802734375,137463950330,137463.95033,1780281093.9886637,12.110471725463867,0.0054836273193359375,3.778219223022461,3.756,28311552,2.3417330024813894,1728,chatcmpl-153ec0fe-fcd3-4f00-9cb7-d463e99f0b53-a22a6b9e,"nixl_xfer_handle(0x55635998f480, released=False)",decode,1,0,452712,18,d61968e8-e4aa-43a2-8ca8-85b623ffd1e5_dp0,0,nixl_start_time
1780281094.0006096,1780281094.0131056,12.496,1780281094.0131693,0.06365776062011719,137463962276,137463.962276,1780281094.0006096,12.559652328491211,0.002384185791015625,2.025127410888672,2.005,3145728,0.25173879641485275,192,chatcmpl-4d3d9dbf-0a5d-4b87-b8a1-3213e55820e6-b3d0a3b0,"nixl_xfer_handle(0x5af9a41a3fa0, released=False)",decode,0,0,452715,2,d61968e8-e4aa-43a2-8ca8-85b623ffd1e5_dp1,0,nixl_start_time
1780281094.0492017,1780281094.0747948,25.593,1780281094.0748274,0.03266334533691406,137464010868,137464.010868,1780281094.0492017,25.62570571899414,0.006198883056640625,4.626750946044922,4.605,45613056,1.7822473332551867,2784,chatcmpl-3e5b8a87-5ad5-4672-be79-ab852482c6fd-aba7fb91,"nixl_xfer_handle(0x556359982e80, released=False)",decode,1,0,452712,29,d61968e8-e4aa-43a2-8ca8-85b623ffd1e5_dp0,0,nixl_start_time
1780281094.1969416,1780281094.2348225,37.881,1780281094.2348714,0.04887580871582031,137464158608,137464.158608,1780281094.1969416,37.92977333068848,0.00667572021484375,20.624876022338867,20.6,80216064,2.117580422903303,4896,chatcmpl-c0bf265e-d738-4cca-9db9-29b826675005-90700650,"nixl_xfer_handle(0x556359982e80, released=False)",decode,1,0,452712,51,d61968e8-e4aa-43a2-8ca8-85b623ffd1e5_dp0,0,nixl_start_time
1780281094.2211006,1780281094.2322476,11.147,1780281094.2322974,0.04982948303222656,137464182767,137464.182767,1780281094.2211006,11.19685173034668,0.002384185791015625,1.695871353149414,1.677,3145728,0.2822040010765228,192,chatcmpl-d5fbde24-71af-4c2b-bb0c-03d005332fc0-920636de,"nixl_xfer_handle(0x5af9a41a3fa0, released=False)",decode,0,0,452715,2,d61968e8-e4aa-43a2-8ca8-85b623ffd1e5_dp1,0,nixl_start_time
1780281094.2321076,1780281094.2345636,2.456,1780281094.2348921,0.3285408020019531,137464193774,137464.193774,1780281094.2321076,2.7844905853271484,0.004291534423828125,2.4805068969726562,2.456,4718592,1.9212508143322478,288,chatcmpl-e4f4ac22-eb9e-4802-89f4-3cd06e9efd61-ab6c5e7c,"nixl_xfer_handle(0x556359cf8210, released=False)",decode,1,0,452712,3,d61968e8-e4aa-43a2-8ca8-85b623ffd1e5_dp0,0,nixl_start_time
1780281094.2445247,1780281094.2572858,12.761,1780281094.2573032,0.017404556274414062,137464206191,137464.206191,1780281094.2445247,12.778520584106445,0.002384185791015625,0.4718303680419922,0.453,1572864,0.12325554423634512,48,chatcmpl-fada7a94-39b5-40ca-9821-69bd29b656f8-a21fc79e,"nixl_xfer_handle(0x5af9a3dc5ec0, released=False)",decode,0,0,452715,1,d61968e8-e4aa-43a2-8ca8-85b623ffd1e5_dp1,0,nixl_start_time
1780281094.3302457,1780281094.3428407,12.595,1780281094.3428597,0.019073486328125,137464291912,137464.291912,1780281094.3302457,12.614011764526367,0.0050067901611328125,2.5262832641601562,2.498,4718592,0.3746400952759031,288,chatcmpl-28ccd180-0786-44e1-947e-aaeaaf13be30-b284ad4f,"nixl_xfer_handle(0x556359982e80, released=False)",decode,1,0,452712,3,d61968e8-e4aa-43a2-8ca8-85b623ffd1e5_dp0,0,nixl_start_time
1780281094.3672276,1780281094.3795805,12.353,1780281094.3796275,0.04696846008300781,137464328894,137464.328894,1780281094.3672276,12.399911880493164,0.005245208740234375,3.8237571716308594,3.803,31457280,2.5465295879543435,1920,chatcmpl-1da97f17-b1e5-46bb-9dcc-a82f86820e6d-a442ec90,"nixl_xfer_handle(0x5af9a3dc5ec0, released=False)",decode,0,0,452715,20,d61968e8-e4aa-43a2-8ca8-85b623ffd1e5_dp0,0,nixl_start_time
1780281094.4528697,1780281094.4550116,2.142,1780281094.455027,0.015497207641601562,137464414536,137464.414536,1780281094.4528697,2.157449722290039,0.005245208740234375,1.856088638305664,1.827,3145728,1.468593837535014,192,chatcmpl-90517d45-8413-4a1a-b706-67f80ef7fe33-93b036ee,"nixl_xfer_handle(0x556359982e80, released=False)",decode,1,0,452712,2,d61968e8-e4aa-43a2-8ca8-85b623ffd1e5_dp1,0,nixl_start_time
1780281094.4653027,1780281094.4784727,13.17,1780281094.4784985,0.02574920654296875,137464426969,137464.426969,1780281094.4653027,13.19575309753418,0.00667572021484375,4.3888092041015625,4.367,34603008,2.62741138952164,2112,chatcmpl-0f761dee-1d1f-472c-8564-6b5634077cae-bbf52f5c,"nixl_xfer_handle(0x5af9a3dc5ec0, released=False)",decode,0,0,452715,22,d61968e8-e4aa-43a2-8ca8-85b623ffd1e5_dp0,0,nixl_start_time
1780281094.5024567,1780281094.5142426,11.786,1780281094.5142758,0.03314018249511719,137464464123,137464.464123,1780281094.5024567,11.819124221801758,0.00286102294921875,1.7881393432617188,1.768,3145728,0.2669037841506873,192,chatcmpl-9dc8a361-710a-46fd-b65b-a5a41929810e-af79154e,"nixl_xfer_handle(0x5af9a3dc5ec0, released=False)",decode,0,0,452715,2,d61968e8-e4aa-43a2-8ca8-85b623ffd1e5_dp1,0,nixl_start_time
1780281094.5141926,1780281094.5263855,12.193000000000001,1780281094.5264063,0.020742416381835938,137464475859,137464.475859,1780281094.5141926,12.213706970214844,0.0045299530029296875,3.724813461303711,3.694,7864320,0.6449864676453703,480,chatcmpl-687f7b7c-e226-4e37-9231-b5ceda0c3b17-ad4ae7e4,"nixl_xfer_handle(0x556359982e80, released=False)",decode,1,0,452712,5,d61968e8-e4aa-43a2-8ca8-85b623ffd1e5_dp0,0,nixl_start_time
1780281094.5755057,1780281094.5874047,11.899,1780281094.5874405,0.035762786865234375,137464537172,137464.537172,1780281094.5755057,11.934757232666016,0.0026226043701171875,1.7018318176269531,1.683,3145728,0.2643691066476175,192,chatcmpl-8d3fc997-c53b-47e5-ace7-811552f95249-884645da,"nixl_xfer_handle(0x5af9a3dc5ec0, released=False)",decode,0,0,452715,2,d61968e8-e4aa-43a2-8ca8-85b623ffd1e5_dp1,0,nixl_start_time
1780281094.6610427,1780281094.6831746,22.131999999999998,1780281094.6832511,0.07653236389160156,137464622709,137464.622709,1780281094.6610427,22.208452224731445,0.006198883056640625,3.750324249267578,3.729,25165824,1.1370786191939273,1536,chatcmpl-89d069fc-8780-44cf-8841-9db762d964c6-b39c4723,"nixl_xfer_handle(0x556359982e80, released=False)",decode,1,0,452712,16,d61968e8-e4aa-43a2-8ca8-85b623ffd1e5_dp1,0,nixl_start_time
1780281094.6622577,1780281094.6968477,34.59,1780281094.6968608,0.013113021850585938,137464623924,137464.623924,1780281094.6622577,34.603118896484375,0.015020370483398438,17.59958267211914,17.557,78643200,2.273581960104076,4800,chatcmpl-25fb6fae-a3d9-4a06-a878-47d90c199f34-ab7db95a,"nixl_xfer_handle(0x5af9a3dc5ec0, released=False)",decode,0,0,452715,50,d61968e8-e4aa-43a2-8ca8-85b623ffd1e5_dp0,0,nixl_start_time
1780281094.6945226,1780281094.7070606,12.538,1780281094.7070792,0.018596649169921875,137464656189,137464.656189,1780281094.6945226,12.55655288696289,0.003814697265625,1.520395278930664,1.497,3145728,0.2508955176264157,192,chatcmpl-3e986879-a4f1-4395-9592-cd3fdbdb6bfb-8f1a559a,"nixl_xfer_handle(0x556359982e80, released=False)",decode,1,0,452712,2,d61968e8-e4aa-43a2-8ca8-85b623ffd1e5_dp0,0,nixl_start_time
1780281094.6945307,1780281094.7070696,12.539,1780281094.7070916,0.02193450927734375,137464656197,137464.656197,1780281094.6945307,12.560844421386719,0.002384185791015625,1.7404556274414062,1.722,3145728,0.2508755084137491,192,chatcmpl-37dccd0f-9291-4521-a7a1-41fada16719a-b303f53c,"nixl_xfer_handle(0x5af9a386ec30, released=False)",decode,0,0,452715,2,d61968e8-e4aa-43a2-8ca8-85b623ffd1e5_dp0,0,nixl_start_time
1780281094.8303525,1780281094.8429215,12.569,1780281094.8429422,0.020742416381835938,137464792019,137464.792019,1780281094.8303525,12.589693069458008,0.0209808349609375,0.4820823669433594,0.434,1572864,0.125138356273371,48,chatcmpl-3ce3d6db-3b90-4a2f-a963-4e34d35bc48e-a4983759,"nixl_xfer_handle(0x556359982e80, released=False)",decode,1,0,452712,1,d61968e8-e4aa-43a2-8ca8-85b623ffd1e5_dp1,0,nixl_start_time
1780281094.9427187,1780281094.9807708,38.052,1780281094.9807932,0.022411346435546875,137464904385,137464.904385,1780281094.9427187,38.074493408203125,0.0059604644775390625,22.669553756713867,22.633,86507520,2.2734027120782083,5280,chatcmpl-dd47084c-5aa2-47d4-a200-0111a11e2b6e-82c921b7,"nixl_xfer_handle(0x556359982e80, released=False)",decode,1,0,452712,55,d61968e8-e4aa-43a2-8ca8-85b623ffd1e5_dp0,0,nixl_start_time
1780281094.9808097,1780281094.9930627,12.253,1780281094.9931111,0.04839897155761719,137464942476,137464.942476,1780281094.9808097,12.301445007324219,0.0059604644775390625,4.75311279296875,4.732,36175872,2.9524093691340894,2208,chatcmpl-eb81816d-df3d-4d13-8226-caa9eeed8f2f-baccf4de,"nixl_xfer_handle(0x5af9a386ec30, released=False)",decode,0,0,452715,23,d61968e8-e4aa-43a2-8ca8-85b623ffd1e5_dp1,0,nixl_start_time
1780281095.0421157,1780281095.0667257,24.61,1780281095.0667896,0.06389617919921875,137465003782,137465.003782,1780281095.0421157,24.673938751220703,0.0057220458984375,5.045890808105469,5.025,64487424,2.620374806989029,3936,chatcmpl-4d211b20-fcb2-428d-979d-03e326f286d3-baa3830f,"nixl_xfer_handle(0x556359ce1bb0, released=False)",decode,1,0,452712,41,d61968e8-e4aa-43a2-8ca8-85b623ffd1e5_dp0,0,nixl_start_time
1780281095.1158226,1780281095.1652606,49.438,1780281095.1653066,0.04601478576660156,137465077489,137465.077489,1780281095.1158226,49.4840145111084,0.0073909759521484375,24.239301681518555,24.203,91226112,1.8452629960758928,5568,chatcmpl-28857e21-208a-416f-a088-6b584c9c92bd-9f30305b,"nixl_xfer_handle(0x556359ce1bb0, released=False)",decode,1,0,452712,58,d61968e8-e4aa-43a2-8ca8-85b623ffd1e5_dp1,0,nixl_start_time
1780281095.1547487,1780281095.1803617,25.613,1780281095.1804066,0.04482269287109375,137465116415,137465.116415,1780281095.1547487,25.65789222717285,0.003814697265625,2.343893051147461,2.315,4718592,0.1842264475071253,288,chatcmpl-81b5f2a8-f469-4a3b-9173-dd167e53ce71-9657e9f3,"nixl_xfer_handle(0x55635994e650, released=False)",decode,1,0,452712,3,d61968e8-e4aa-43a2-8ca8-85b623ffd1e5_dp0,0,nixl_start_time
1780281095.1554797,1780281095.1687427,13.263,1780281095.1687608,0.01811981201171875,137465117146,137465.117146,1780281095.1554797,13.281106948852539,0.0095367431640625,3.3397674560546875,3.311,6291456,0.47436145668400814,384,chatcmpl-c91e9950-d0f0-4027-bfd1-ee6a7e82a176-8ac2923c,"nixl_xfer_handle(0x5af9a386ec30, released=False)",decode,0,0,452715,4,d61968e8-e4aa-43a2-8ca8-85b623ffd1e5_dp0,0,nixl_start_time
1780281095.1574316,1780281095.1804285,22.997,1780281095.1804602,0.03170967102050781,137465119098,137465.119098,1780281095.1574316,23.02861213684082,0.006198883056640625,7.554531097412109,7.535,45613056,1.9834350567465322,2784,chatcmpl-5598a7b8-ecc0-456f-af3b-d71b985446a0-928efdeb,"nixl_xfer_handle(0x5563599829c0, released=False)",decode,1,0,452712,29,d61968e8-e4aa-43a2-8ca8-85b623ffd1e5_dp1,0,nixl_start_time
1780281095.1589706,1780281095.1687787,9.808000000000002,1780281095.1687996,0.0209808349609375,137465120637,137465.120637,1780281095.1589706,9.829044342041016,0.0030994415283203125,2.349853515625,2.334,3145728,0.32073083197389884,192,chatcmpl-29da2ed3-bf5e-4efe-9d1e-ed8db6290906-b20ed339,"nixl_xfer_handle(0x5af9a3dc5ec0, released=False)",decode,0,0,452715,2,d61968e8-e4aa-43a2-8ca8-85b623ffd1e5_dp1,0,nixl_start_time
1780281095.2167866,1780281095.2290006,12.213999999999999,1780281095.2290301,0.02956390380859375,137465178453,137465.178453,1780281095.2167866,12.243509292602539,0.00286102294921875,2.8574466705322266,2.836,4718592,0.38632651056165057,288,chatcmpl-7e35911d-6b15-4dbf-b125-8394f16bef9d-85d34689,"nixl_xfer_handle(0x5af9a3dc5ec0, released=False)",decode,0,0,452715,3,d61968e8-e4aa-43a2-8ca8-85b623ffd1e5_dp0,0,nixl_start_time
1780281095.3507388,1780281095.3989787,48.239999999999995,1780281095.3990107,0.031948089599609375,137465312405,137465.312405,1780281095.3507388,48.271894454956055,0.008106231689453125,20.29728889465332,20.259,78643200,1.6302487562189054,4800,chatcmpl-d662430f-257b-4a9c-ac39-64705dd9e2bb-8a08aad7,"nixl_xfer_handle(0x55635994e650, released=False)",decode,1,0,452712,50,d61968e8-e4aa-43a2-8ca8-85b623ffd1e5_dp1,0,nixl_start_time
1780281095.3743837,1780281095.3990607,24.677,1780281095.3990743,0.013589859008789062,137465336050,137465.33605,1780281095.3743837,24.690628051757812,0.004291534423828125,0.3573894500732422,0.336,1572864,0.06373805567937756,48,chatcmpl-e4d09a56-0d19-4c1b-a5c0-6e3152713b22-952c2b92,"nixl_xfer_handle(0x556359d02260, released=False)",decode,1,0,452712,1,d61968e8-e4aa-43a2-8ca8-85b623ffd1e5_dp0,0,nixl_start_time
1780281095.3744175,1780281095.4061356,31.718000000000004,1780281095.406167,0.03147125244140625,137465336084,137465.336084,1780281095.3744175,31.749486923217773,0.0069141387939453125,16.829252243041992,16.801,15728640,0.49589003089728223,960,chatcmpl-d552a8aa-5c20-418e-a42b-62e8353d20c0-80504f77,"nixl_xfer_handle(0x5af9a3dc5ec0, released=False)",decode,0,0,452715,10,d61968e8-e4aa-43a2-8ca8-85b623ffd1e5_dp0,0,nixl_start_time
1780281095.3948896,1780281095.4067645,11.875,1780281095.4067984,0.033855438232421875,137465356556,137465.356556,1780281095.3948896,11.908769607543945,0.003814697265625,3.773927688598633,3.743,7864320,0.6622585263157894,480,chatcmpl-1f93ee11-a425-4f3a-b1ae-ae26a9115ce8-b3a25d93,"nixl_xfer_handle(0x556359ce1bb0, released=False)",decode,1,0,452712,5,d61968e8-e4aa-43a2-8ca8-85b623ffd1e5_dp1,0,nixl_start_time
1780281095.4059756,1780281095.4183986,12.423,1780281095.4184585,0.05984306335449219,137465367642,137465.367642,1780281095.4059756,12.482881546020508,0.004291534423828125,0.4935264587402344,0.469,1572864,0.1266090316348708,48,chatcmpl-2fba5c59-3ebf-4c3e-92ba-535d24726c3d-afe92e7e,"nixl_xfer_handle(0x556359d02260, released=False)",decode,1,0,452712,1,d61968e8-e4aa-43a2-8ca8-85b623ffd1e5_dp0,0,nixl_start_time
1780281095.4667056,1780281095.4789925,12.286999999999999,1780281095.4790342,0.04172325134277344,137465428372,137465.428372,1780281095.4667056,12.328624725341797,0.0073909759521484375,3.993988037109375,3.973,29884416,2.432197932774477,1824,chatcmpl-aad84a4b-1485-46b8-a966-ef3fcf989069-8b8dc855,"nixl_xfer_handle(0x5af9a3d80b40, released=False)",decode,0,0,452715,19,d61968e8-e4aa-43a2-8ca8-85b623ffd1e5_dp1,0,nixl_start_time
1780281095.5401115,1780281095.5775945,37.483000000000004,1780281095.5776107,0.01621246337890625,137465501778,137465.501778,1780281095.5401115,37.499189376831055,0.007867813110351562,18.33033561706543,18.305,80216064,2.1400652028919778,4896,chatcmpl-90326846-0024-4c65-91b6-dd87b28173a3-b82b880d,"nixl_xfer_handle(0x5af9a3dc5ec0, released=False)",decode,0,0,452715,51,d61968e8-e4aa-43a2-8ca8-85b623ffd1e5_dp0,0,nixl_start_time
1780281095.5618877,1780281095.5731707,11.283,1780281095.57319,0.019311904907226562,137465523554,137465.523554,1780281095.5618877,11.30223274230957,0.005245208740234375,1.5015602111816406,1.472,3145728,0.27880244615793676,192,chatcmpl-a655cd44-68bb-46f1-975a-90e89cc9c96f-bbd8c202,"nixl_xfer_handle(0x556359d02260, released=False)",decode,1,0,452712,2,d61968e8-e4aa-43a2-8ca8-85b623ffd1e5_dp1,0,nixl_start_time
1780281095.5732577,1780281095.5855467,12.289,1780281095.5855682,0.021457672119140625,137465534924,137465.534924,1780281095.5732577,12.310504913330078,0.0059604644775390625,4.038810729980469,4.017,36175872,2.943760436162422,2208,chatcmpl-be860c15-385a-4d5e-8a11-e668d73afcde-b7226c1c,"nixl_xfer_handle(0x5af9a386ec30, released=False)",decode,0,0,452715,23,d61968e8-e4aa-43a2-8ca8-85b623ffd1e5_dp0,0,nixl_start_time
1780281095.6846037,1780281095.7094817,24.878,1780281095.709501,0.019311904907226562,137465646270,137465.64627,1780281095.6846037,24.897336959838867,0.00667572021484375,4.356622695922852,4.335,39321600,1.580577216818072,2400,chatcmpl-3fa42755-1e36-4f23-b9e0-70722dc058cd-a1a8fcf2,"nixl_xfer_handle(0x556359d02260, released=False)",decode,1,0,452712,25,d61968e8-e4aa-43a2-8ca8-85b623ffd1e5_dp1,0,nixl_start_time
1780281095.7344396,1780281095.7469196,12.48,1780281095.7469397,0.02002716064453125,137465696106,137465.696106,1780281095.7344396,12.50004768371582,0.00762939453125,3.087282180786133,3.052,17301504,1.3863384615384615,1056,chatcmpl-b1efdf8a-f3b9-4c46-ac14-6a0376bf4d3f-bcce0e87,"nixl_xfer_handle(0x5af9a386ec30, released=False)",decode,0,0,452715,11,d61968e8-e4aa-43a2-8ca8-85b623ffd1e5_dp0,0,nixl_start_time
1780281095.8091936,1780281095.8373587,28.165,1780281095.8374062,0.04744529724121094,137465770860,137465.77086,1780281095.8091936,28.212547302246094,0.007867813110351562,12.637853622436523,12.6,70778880,2.5130083436889756,4320,chatcmpl-5d37c79d-f9f3-40f5-8600-548c7bdeac5f-93e02f7e,"nixl_xfer_handle(0x556359d02260, released=False)",decode,1,0,452712,45,d61968e8-e4aa-43a2-8ca8-85b623ffd1e5_dp1,0,nixl_start_time
1780281095.8494756,1780281095.8621917,12.716,1780281095.862214,0.022411346435546875,137465811142,137465.811142,1780281095.8494756,12.738466262817383,0.004291534423828125,1.6036033630371094,1.577,3145728,0.2473834539163259,192,chatcmpl-ce92e440-d037-418f-a06d-89a9fc280c7f-a9a4aa2d,"nixl_xfer_handle(0x556359d02260, released=False)",decode,1,0,452712,2,d61968e8-e4aa-43a2-8ca8-85b623ffd1e5_dp0,0,nixl_start_time
1780281095.8746946,1780281095.8872526,12.558,1780281095.8873026,0.050067901611328125,137465836361,137465.836361,1780281095.8746946,12.608051300048828,0.00286102294921875,2.9306411743164062,2.908,4718592,0.3757439082656474,288,chatcmpl-1abf49c7-7560-464c-b4e7-8b75a870736c-af43f7c1,"nixl_xfer_handle(0x5af9a386ec30, released=False)",decode,0,0,452715,3,d61968e8-e4aa-43a2-8ca8-85b623ffd1e5_dp1,0,nixl_start_time
1780281095.9856408,1780281096.0115879,25.947000000000003,1780281096.0116036,0.015735626220703125,137465947307,137465.947307,1780281095.9856408,25.96282958984375,0.0057220458984375,5.071163177490234,5.038,66060288,2.5459701699618456,4032,chatcmpl-6c09401b-cba8-46cc-a9fc-60f7468c626c-b7510656,"nixl_xfer_handle(0x5af9a386ec30, released=False)",decode,0,0,452715,42,d61968e8-e4aa-43a2-8ca8-85b623ffd1e5_dp0,0,nixl_start_time
1780281095.9975057,1780281096.0266097,29.104000000000003,1780281096.026672,0.06222724914550781,137465959172,137465.959172,1780281095.9975057,29.166221618652344,0.0050067901611328125,13.76199722290039,13.736,6291456,0.21617152281473337,384,chatcmpl-4d02413d-9d60-4ffc-8336-25b79dd763fe-b7294823,"nixl_xfer_handle(0x5af9a3e68130, released=False)",decode,0,0,452715,4,d61968e8-e4aa-43a2-8ca8-85b623ffd1e5_dp1,0,nixl_start_time
1780281095.9975407,1780281096.0157368,18.196,1780281096.0157542,0.017404556274414062,137465959207,137465.959207,1780281095.9975407,18.213510513305664,0.004291534423828125,1.5993118286132812,1.572,3145728,0.1728801934491097,192,chatcmpl-effd1948-6af8-487a-b64c-b603ff398efe-bbe35b0a,"nixl_xfer_handle(0x556359d02260, released=False)",decode,1,0,452712,2,d61968e8-e4aa-43a2-8ca8-85b623ffd1e5_dp1,0,nixl_start_time
1780281096.0147686,1780281096.0157726,1.004,1780281096.0158093,0.036716461181640625,137465976435,137465.976435,1780281096.0147686,1.0406970977783203,0.0040531158447265625,0.4398822784423828,0.414,1572864,1.566597609561753,48,chatcmpl-497b7259-d79e-4a8d-a2df-bef259999f6e-a3e9bc56,"nixl_xfer_handle(0x556359ce1bb0, released=False)",decode,1,0,452712,1,d61968e8-e4aa-43a2-8ca8-85b623ffd1e5_dp0,0,nixl_start_time
1780281096.0383246,1780281096.0507886,12.463999999999999,1780281096.0508103,0.021696090698242188,137465999991,137465.999991,1780281096.0383246,12.485742568969727,0.0045299530029296875,1.810312271118164,1.787,3145728,0.25238510911424905,192,chatcmpl-ab297bc1-a69f-4072-a2da-3a340307c73b-a58126a8,"nixl_xfer_handle(0x5af9a386ec30, released=False)",decode,0,0,452715,2,d61968e8-e4aa-43a2-8ca8-85b623ffd1e5_dp1,0,nixl_start_time
1780281096.1877327,1780281096.2000988,12.366,1780281096.2001164,0.017642974853515625,137466149399,137466.149399,1780281096.1877327,12.383699417114258,0.0057220458984375,3.5474300384521484,3.526,25165824,2.035081999029597,1536,chatcmpl-e164f87e-30d1-454e-afcc-34aa809c88f6-acf3123d,"nixl_xfer_handle(0x556359ce1bb0, released=False)",decode,1,0,452712,16,d61968e8-e4aa-43a2-8ca8-85b623ffd1e5_dp0,0,nixl_start_time
1780281096.2373276,1780281096.2639747,26.647000000000002,1780281096.2639923,0.017642974853515625,137466198994,137466.198994,1780281096.2373276,26.66473388671875,0.002384185791015625,2.2804737091064453,2.257,3145728,0.11805186324914624,192,chatcmpl-be5b2397-9208-490c-84cf-1e01398fb7d9-a616184c,"nixl_xfer_handle(0x5af9a3e66170, released=False)",decode,0,0,452715,2,d61968e8-e4aa-43a2-8ca8-85b623ffd1e5_dp1,0,nixl_start_time
1780281096.2374465,1780281096.2500865,12.64,1780281096.250142,0.05555152893066406,137466199113,137466.199113,1780281096.2374465,12.695550918579102,0.00476837158203125,5.145549774169922,5.114,11010048,0.8710481012658228,672,chatcmpl-a43a882b-90e9-485c-b98f-88a09885aad8-8baf4eb4,"nixl_xfer_handle(0x556359ce1bb0, released=False)",decode,1,0,452712,7,d61968e8-e4aa-43a2-8ca8-85b623ffd1e5_dp1,0,nixl_start_time
1780281096.2427187,1780281096.2501647,7.446000000000001,1780281096.2501976,0.032901763916015625,137466204385,137466.204385,1780281096.2427187,7.478952407836914,0.0045299530029296875,2.210378646850586,2.191,3145728,0.42247219983883966,192,chatcmpl-671f4d73-77e3-4de9-a45a-c1628272d62c-97a20937,"nixl_xfer_handle(0x556359d02260, released=False)",decode,1,0,452712,2,d61968e8-e4aa-43a2-8ca8-85b623ffd1e5_dp0,0,nixl_start_time
1780281096.2499735,1780281096.2790825,29.108999999999998,1780281096.2791438,0.06127357482910156,137466211640,137466.21164,1780281096.2499735,29.17027473449707,0.0040531158447265625,13.715267181396484,13.682,12582912,0.4322687828506647,768,chatcmpl-f6820b55-b438-4190-9db9-471bcc452d87-91c89f14,"nixl_xfer_handle(0x5af9a3dc5ec0, released=False)",decode,0,0,452715,8,d61968e8-e4aa-43a2-8ca8-85b623ffd1e5_dp0,0,nixl_start_time
1780281096.2789216,1780281096.2912586,12.337000000000002,1780281096.2913096,0.051021575927734375,137466240588,137466.240588,1780281096.2789216,12.387990951538086,0.004291534423828125,2.2885799407958984,2.261,4718592,0.3824748318067601,288,chatcmpl-a3a337f7-6c16-42ca-bf8b-a7b500977af0-8c3ef5bb,"nixl_xfer_handle(0x556359d02260, released=False)",decode,1,0,452712,3,d61968e8-e4aa-43a2-8ca8-85b623ffd1e5_dp0,0,nixl_start_time
1780281096.3169606,1780281096.3414767,24.516,1780281096.341497,0.020265579223632812,137466278627,137466.278627,1780281096.3169606,24.5363712310791,0.00858306884765625,4.484891891479492,4.46,42467328,1.7322290748898679,2592,chatcmpl-fe5b5b21-aa3c-4b89-ae69-c26bc9135bb2-badeb0ff,"nixl_xfer_handle(0x5af9a3d93100, released=False)",decode,0,0,452715,27,d61968e8-e4aa-43a2-8ca8-85b623ffd1e5_dp1,0,nixl_start_time
1780281096.3913987,1780281096.4201767,28.778000000000002,1780281096.4202054,0.0286102294921875,137466353065,137466.353065,1780281096.3913987,28.806686401367188,0.0073909759521484375,5.156755447387695,5.134,66060288,2.2955135172701366,4032,chatcmpl-e6eebd2c-5b95-4f91-a890-a97b2964cece-937f4ef8,"nixl_xfer_handle(0x556359d02260, released=False)",decode,1,0,452712,42,d61968e8-e4aa-43a2-8ca8-85b623ffd1e5_dp0,0,nixl_start_time
1780281096.4162288,1780281096.4283957,12.167000000000002,1780281096.4284186,0.02288818359375,137466377895,137466.377895,1780281096.4162288,12.189865112304688,0.005245208740234375,3.6957263946533203,3.676,28311552,2.3269131256677897,1728,chatcmpl-19266930-3ead-451a-bbaf-a3d701ef4626-96ab215b,"nixl_xfer_handle(0x556359ce1bb0, released=False)",decode,1,0,452712,18,d61968e8-e4aa-43a2-8ca8-85b623ffd1e5_dp0,0,nixl_start_time
1780281096.4537387,1780281096.4662466,12.508000000000001,1780281096.4663076,0.06103515625,137466415405,137466.415405,1780281096.4537387,12.568950653076172,0.004291534423828125,3.9129257202148438,3.881,7864320,0.6287432043492165,480,chatcmpl-3187f307-3e63-4784-9930-9aef04748d95-80ec1fd6,"nixl_xfer_handle(0x556359d02260, released=False)",decode,1,0,452712,5,d61968e8-e4aa-43a2-8ca8-85b623ffd1e5_dp1,0,nixl_start_time
1780281096.5533535,1780281096.5660446,12.690999999999999,1780281096.5660617,0.0171661376953125,137466515020,137466.51502,1780281096.5533535,12.708187103271484,0.021219253540039062,1.8181800842285156,1.779,3145728,0.24787077456465215,192,chatcmpl-414937cc-b393-427a-9777-d433252c5fed-bd95e6fe,"nixl_xfer_handle(0x5af9a3e68130, released=False)",decode,0,0,452715,2,d61968e8-e4aa-43a2-8ca8-85b623ffd1e5_dp0,0,nixl_start_time
1780281096.6159976,1780281096.6405265,24.529,1780281096.640587,0.060558319091796875,137466577664,137466.577664,1780281096.6159976,24.58953857421875,0.0054836273193359375,4.496574401855469,4.476,37748736,1.538943128541726,2304,chatcmpl-b89aa20b-4f0e-43e2-ad20-9e5c3fa36e2a-b1678848,"nixl_xfer_handle(0x556359d02260, released=False)",decode,1,0,452712,24,d61968e8-e4aa-43a2-8ca8-85b623ffd1e5_dp1,0,nixl_start_time
1780281096.6904736,1780281096.7267375,36.263999999999996,1780281096.7267668,0.029325485229492188,137466652140,137466.65214,1780281096.6904736,36.29326820373535,0.009059906005859375,5.812406539916992,5.786,67633152,1.8650218398411649,4128,chatcmpl-0307e191-1077-4f99-a5c0-2c4c503ca2e4-af9ac7d7,"nixl_xfer_handle(0x5af9a3e66a20, released=False)",decode,0,0,452715,43,d61968e8-e4aa-43a2-8ca8-85b623ffd1e5_dp0,0,nixl_start_time
1780281096.7022147,1780281096.7434707,41.256,1780281096.743484,0.0133514404296875,137466663881,137466.663881,1780281096.7022147,41.26930236816406,0.005245208740234375,24.271249771118164,24.244,14155776,0.3431204188481675,864,chatcmpl-cf6d9c78-18c2-44c1-8f3b-f03f256ebad7-a90d1e2e,"nixl_xfer_handle(0x5af9a3674c60, released=False)",decode,0,0,452715,9,d61968e8-e4aa-43a2-8ca8-85b623ffd1e5_dp1,0,nixl_start_time
1780281096.7413926,1780281096.7539227,12.53,1780281096.7539406,0.017881393432617188,137466703059,137466.703059,1780281096.7413926,12.547969818115234,0.0040531158447265625,1.7657279968261719,1.746,3145728,0.25105570630486834,192,chatcmpl-35333569-5172-4556-a3a6-fd4e720c87bc-ad3f44be,"nixl_xfer_handle(0x5af9a3e66a20, released=False)",decode,0,0,452715,2,d61968e8-e4aa-43a2-8ca8-85b623ffd1e5_dp1,0,nixl_start_time
1780281096.7414346,1780281096.7539246,12.49,1780281096.7539532,0.0286102294921875,137466703101,137466.703101,1780281096.7414346,12.518644332885742,0.004291534423828125,1.5349388122558594,1.509,3145728,0.25185972778222576,192,chatcmpl-3f11b245-5799-4537-b08c-069aa75a593a-a7815556,"nixl_xfer_handle(0x556359d02260, released=False)",decode,1,0,452712,2,d61968e8-e4aa-43a2-8ca8-85b623ffd1e5_dp0,0,nixl_start_time
1780281096.7661397,1780281096.7906268,24.487,1780281096.7906468,0.02002716064453125,137466727806,137466.727806,1780281096.7661397,24.50704574584961,0.0054836273193359375,4.390239715576172,4.369,45613056,1.862745783476947,2784,chatcmpl-bbf856b7-a622-4563-9b4e-f62906c00794-b6355d6c,"nixl_xfer_handle(0x5af9a3674c60, released=False)",decode,0,0,452715,29,d61968e8-e4aa-43a2-8ca8-85b623ffd1e5_dp0,0,nixl_start_time
1780281096.7662776,1780281096.7906945,24.417,1780281096.7907166,0.022172927856445312,137466727944,137466.727944,1780281096.7662776,24.439096450805664,0.0050067901611328125,4.385471343994141,4.365,42467328,1.7392524880206413,2592,chatcmpl-a2ab7c53-7e07-45a4-9e0f-199d4f53a9b3-bac20833,"nixl_xfer_handle(0x556359d02260, released=False)",decode,1,0,452712,27,d61968e8-e4aa-43a2-8ca8-85b623ffd1e5_dp1,0,nixl_start_time
1780281096.7785516,1780281096.7907367,12.185,1780281096.7907817,0.04506111145019531,137466740218,137466.740218,1780281096.7785516,12.230157852172852,0.004291534423828125,0.39505958557128906,0.374,1572864,0.1290819860484202,48,chatcmpl-3000935d-ff0c-4f36-bd5e-feb544c06a9d-a2c26854,"nixl_xfer_handle(0x556351b90030, released=False)",decode,1,0,452712,1,d61968e8-e4aa-43a2-8ca8-85b623ffd1e5_dp1,0,nixl_start_time
1780281096.9901028,1780281097.02853,38.427,1780281097.0285811,0.05125999450683594,137466951769,137466.951769,1780281096.9901028,38.47837448120117,0.00858306884765625,23.298263549804688,23.26,100663296,2.6195980950893905,6144,chatcmpl-9974adef-4c9f-4440-8897-681fceb5f4ea-8cf94bdc,"nixl_xfer_handle(0x5af9a41cf400, released=False)",decode,0,0,452715,64,d61968e8-e4aa-43a2-8ca8-85b623ffd1e5_dp0,0,nixl_start_time
1780281097.0655627,1780281097.0897837,24.221,1780281097.089803,0.019311904907226562,137467027229,137467.027229,1780281097.0655627,24.24025535583496,0.006198883056640625,6.326913833618164,6.303,56623104,2.337769043392098,3456,chatcmpl-0c0af67c-fd45-47b1-8f44-3735bd8f1a40-91355ad7,"nixl_xfer_handle(0x556351b90030, released=False)",decode,1,0,452712,36,d61968e8-e4aa-43a2-8ca8-85b623ffd1e5_dp0,0,nixl_start_time
1780281097.1391716,1780281097.1638536,24.682,1780281097.1638713,0.017642974853515625,137467100838,137467.100838,1780281097.1391716,24.699687957763672,0.007152557373046875,4.728078842163086,4.705,55050240,2.2303800340328985,3360,chatcmpl-6d1230f7-6d8e-4698-a86d-a6e28bdf32b7-9fb70bc6,"nixl_xfer_handle(0x5af99a325960, released=False)",decode,0,0,452715,35,d61968e8-e4aa-43a2-8ca8-85b623ffd1e5_dp1,0,nixl_start_time
1780281097.1514626,1780281097.1638765,12.414,1780281097.1639302,0.05364418029785156,137467113129,137467.113129,1780281097.1514626,12.467622756958008,0.0059604644775390625,3.808736801147461,3.787,31457280,2.534016433059449,1920,chatcmpl-7d4ecb89-c85b-4723-88a8-f0e769776c63-9fa0ac32,"nixl_xfer_handle(0x556351b90030, released=False)",decode,1,0,452712,20,d61968e8-e4aa-43a2-8ca8-85b623ffd1e5_dp0,0,nixl_start_time
1780281097.1766696,1780281097.1891747,12.505,1780281097.189193,0.018358230590820312,137467138336,137467.138336,1780281097.1766696,12.523412704467773,0.0069141387939453125,3.4699440002441406,3.447,22020096,1.760903318672531,1344,chatcmpl-83bb88f5-b2d2-4603-90a9-826f3caf7186-8a6b81d6,"nixl_xfer_handle(0x5af9a3d791b0, released=False)",decode,0,0,452715,14,d61968e8-e4aa-43a2-8ca8-85b623ffd1e5_dp1,0,nixl_start_time
1780281097.2516236,1780281097.2906137,38.989999999999995,1780281097.2906272,0.013589859008789062,137467213290,137467.21329,1780281097.2516236,39.003610610961914,0.008106231689453125,19.633054733276367,19.604,77070336,1.976669299820467,4704,chatcmpl-dc268585-b8d2-48bd-8888-0eebae2ae398-ac7eab9d,"nixl_xfer_handle(0x556351b90030, released=False)",decode,1,0,452712,49,d61968e8-e4aa-43a2-8ca8-85b623ffd1e5_dp0,0,nixl_start_time
1780281097.2745097,1780281097.2932737,18.764,1780281097.2933145,0.04076957702636719,137467236176,137467.236176,1780281097.2745097,18.80478858947754,0.00286102294921875,2.085447311401367,2.056,4718592,0.25147047537838413,288,chatcmpl-d7fc0652-96eb-4775-bfda-a2484cb93702-97effc67,"nixl_xfer_handle(0x5af9a3d77f00, released=False)",decode,0,0,452715,3,d61968e8-e4aa-43a2-8ca8-85b623ffd1e5_dp1,0,nixl_start_time
1780281097.2864625,1780281097.2990816,12.619,1780281097.2990987,0.0171661376953125,137467248129,137467.248129,1780281097.2864625,12.636184692382812,0.004291534423828125,6.529569625854492,6.505,7864320,0.6232126158966638,480,chatcmpl-2a71e0c5-87cf-4d3a-b71c-9db9bd7c1f54-ab03c5e2,"nixl_xfer_handle(0x5af9a3e66170, released=False)",decode,0,0,452715,5,d61968e8-e4aa-43a2-8ca8-85b623ffd1e5_dp1,0,nixl_start_time
1780281097.2865746,1780281097.2990506,12.475999999999999,1780281097.2990704,0.019788742065429688,137467248241,137467.248241,1780281097.2865746,12.495756149291992,0.00476837158203125,3.7813186645507812,3.751,29884416,2.395352356524527,1824,chatcmpl-b34bc8ca-cf22-42e7-b216-b22189cb90a4-b9900937,"nixl_xfer_handle(0x556359980860, released=False)",decode,1,0,452712,19,d61968e8-e4aa-43a2-8ca8-85b623ffd1e5_dp1,0,nixl_start_time
1780281097.3623726,1780281097.4032845,40.912,1780281097.4033258,0.04124641418457031,137467324039,137467.324039,1780281097.3623726,40.95315933227539,0.0059604644775390625,4.394054412841797,4.372,39321600,0.9611263199061401,2400,chatcmpl-7f679043-fa66-440e-871a-055683d320d8-af0c4862,"nixl_xfer_handle(0x556359957320, released=False)",decode,1,0,452712,25,d61968e8-e4aa-43a2-8ca8-85b623ffd1e5_dp0,0,nixl_start_time
1780281097.3628287,1780281097.4146106,51.782000000000004,1780281097.414654,0.043392181396484375,137467324495,137467.324495,1780281097.3628287,51.82528495788574,0.008344650268554688,5.707740783691406,5.683,61341696,1.1846142675060833,3744,chatcmpl-24184699-e1ef-4686-a397-52957216df1f-85157fce,"nixl_xfer_handle(0x5af9a3e66170, released=False)",decode,0,0,452715,39,d61968e8-e4aa-43a2-8ca8-85b623ffd1e5_dp0,0,nixl_start_time
1780281097.3688786,1780281097.4146807,45.802,1780281097.4147007,0.02002716064453125,137467330545,137467.330545,1780281097.3688786,45.8221435546875,0.0054836273193359375,30.629396438598633,30.612,78643200,1.7170254574036066,4800,chatcmpl-6389e02d-8bb8-489f-8546-d17eb2315917-86b4e15b,"nixl_xfer_handle(0x5af9a3d77f00, released=False)",decode,0,0,452715,50,d61968e8-e4aa-43a2-8ca8-85b623ffd1e5_dp0,0,nixl_start_time
1780281097.4275906,1780281097.4625096,34.919,1780281097.4625292,0.019550323486328125,137467389257,137467.389257,1780281097.4275906,34.93857383728027,0.0069141387939453125,19.60158348083496,19.575,77070336,2.2071175005011603,4704,chatcmpl-e24836e6-4e66-4fca-8a5c-3b0eeb942bad-9777a059,"nixl_xfer_handle(0x556359957320, released=False)",decode,1,0,452712,49,d61968e8-e4aa-43a2-8ca8-85b623ffd1e5_dp1,0,nixl_start_time
1780281097.4504507,1780281097.4625247,12.074,1780281097.4625635,0.03886222839355469,137467412117,137467.412117,1780281097.4504507,12.112855911254883,0.0026226043701171875,1.68609619140625,1.666,3145728,0.26053735298989567,192,chatcmpl-91590392-9e5b-4b8b-b2d0-24144292c405-8603215b,"nixl_xfer_handle(0x5af9a4199d00, released=False)",decode,0,0,452715,2,d61968e8-e4aa-43a2-8ca8-85b623ffd1e5_dp0,0,nixl_start_time
1780281097.4876196,1780281097.4998395,12.22,1780281097.4998605,0.0209808349609375,137467449286,137467.449286,1780281097.4876196,12.240886688232422,0.00476837158203125,1.5904903411865234,1.563,3145728,0.25742454991816693,192,chatcmpl-ebb4f6e5-5030-4103-8914-21c59a9051a6-867a77bd,"nixl_xfer_handle(0x55634b683b60, released=False)",decode,1,0,452712,2,d61968e8-e4aa-43a2-8ca8-85b623ffd1e5_dp0,0,nixl_start_time
1780281097.5995977,1780281097.6123037,12.706,1780281097.6123588,0.05507469177246094,137467561264,137467.561264,1780281097.5995977,12.761116027832031,0.0030994415283203125,1.5430450439453125,1.516,3145728,0.24757815205414763,192,chatcmpl-fb690869-f281-4aa3-97fb-3645f604a3bf-a34a9bf8,"nixl_xfer_handle(0x55634b683b60, released=False)",decode,1,0,452712,2,d61968e8-e4aa-43a2-8ca8-85b623ffd1e5_dp0,0,nixl_start_time
1780281097.5998166,1780281097.6122785,12.462000000000002,1780281097.612309,0.030517578125,137467561483,137467.561483,1780281097.5998166,12.49241828918457,0.0064373016357421875,7.395267486572266,7.361,29884416,2.398043331728454,1824,chatcmpl-458c40b6-9847-422a-a952-24a527dbe122-90c07eaf,"nixl_xfer_handle(0x5af9a4199d00, released=False)",decode,0,0,452715,19,d61968e8-e4aa-43a2-8ca8-85b623ffd1e5_dp1,0,nixl_start_time
1780281097.6621797,1780281097.6747086,12.529,1780281097.6747673,0.058650970458984375,137467623846,137467.623846,1780281097.6621797,12.587547302246094,0.0064373016357421875,6.400108337402344,6.376,25165824,2.008605954186288,1536,chatcmpl-4ecc00ee-a1cb-4432-944d-8d09f4e8b2ac-8ad02e1d,"nixl_xfer_handle(0x5af9a4199d00, released=False)",decode,0,0,452715,16,d61968e8-e4aa-43a2-8ca8-85b623ffd1e5_dp0,0,nixl_start_time
1780281097.6745496,1780281097.6873736,12.824,1780281097.6873937,0.02002716064453125,137467636216,137467.636216,1780281097.6745496,12.844085693359375,0.003814697265625,0.46133995056152344,0.438,1572864,0.1226500311915159,48,chatcmpl-11160503-b661-417e-8a37-f5c7561705dd-a749159c,"nixl_xfer_handle(0x55635995d860, released=False)",decode,1,0,452712,1,d61968e8-e4aa-43a2-8ca8-85b623ffd1e5_dp1,0,nixl_start_time
1780281097.7000117,1780281097.7122438,12.232,1780281097.712294,0.05030632019042969,137467661678,137467.661678,1780281097.7000117,12.282371520996094,0.0069141387939453125,7.820367813110352,7.796,31457280,2.5717200784826684,1920,chatcmpl-dc6d1132-df37-4df9-81ff-2203ecd262b0-80804f65,"nixl_xfer_handle(0x5af9a4199d00, released=False)",decode,0,0,452715,20,d61968e8-e4aa-43a2-8ca8-85b623ffd1e5_dp0,0,nixl_start_time
1780281097.7246487,1780281097.7376707,13.022,1780281097.737691,0.020265579223632812,137467686315,137467.686315,1780281097.7246487,13.042211532592773,0.0035762786865234375,2.287626266479492,2.262,4718592,0.3623553985562893,288,chatcmpl-567975dd-42e9-4e0d-a49e-95423a04c17b-99244adb,"nixl_xfer_handle(0x556358a777e0, released=False)",decode,1,0,452712,3,d61968e8-e4aa-43a2-8ca8-85b623ffd1e5_dp1,0,nixl_start_time
1780281097.7246737,1780281097.7376118,12.938,1780281097.7376564,0.04458427429199219,137467686340,137467.68634,1780281097.7246737,12.982606887817383,0.00476837158203125,2.7213096618652344,2.695,4718592,0.3647079919616633,288,chatcmpl-0d83f87b-6bd9-4090-b111-e8db0ea4b2d9-b7743d5a,"nixl_xfer_handle(0x5af9a4199d00, released=False)",decode,0,0,452715,3,d61968e8-e4aa-43a2-8ca8-85b623ffd1e5_dp1,0,nixl_start_time
1780281097.7270646,1780281097.7377136,10.649000000000001,1780281097.737724,0.01049041748046875,137467688731,137467.688731,1780281097.7270646,10.659456253051758,0.003814697265625,0.5970001220703125,0.578,1572864,0.14770062916705792,48,chatcmpl-1919b845-6644-4327-86c8-7edd0cf262f7-afc037fb,"nixl_xfer_handle(0x556359d02260, released=False)",decode,1,0,452712,1,d61968e8-e4aa-43a2-8ca8-85b623ffd1e5_dp0,0,nixl_start_time
1780281097.7494237,1780281097.7624938,13.07,1780281097.7625124,0.018596649169921875,137467711090,137467.71109,1780281097.7494237,13.088703155517578,0.004291534423828125,0.518798828125,0.499,1572864,0.12034154552410099,48,chatcmpl-09fbe01e-54b4-4088-a23a-45d4eb417bbf-b3cd61b4,"nixl_xfer_handle(0x5af9a4199d00, released=False)",decode,0,0,452715,1,d61968e8-e4aa-43a2-8ca8-85b623ffd1e5_dp0,0,nixl_start_time
1780281097.8240867,1780281097.8369637,12.876999999999999,1780281097.8370197,0.05602836608886719,137467785753,137467.785753,1780281097.8240867,12.933015823364258,0.00476837158203125,1.920461654663086,1.896,3145728,0.2442904403199503,192,chatcmpl-0e85f6de-ceaa-4d7d-958d-b580f32e6cf6-bbae4c9f,"nixl_xfer_handle(0x5af9a4199d00, released=False)",decode,0,0,452715,2,d61968e8-e4aa-43a2-8ca8-85b623ffd1e5_dp1,0,nixl_start_time
1780281097.8739517,1780281097.8988588,24.907,1780281097.8988864,0.02765655517578125,137467835618,137467.835618,1780281097.8739517,24.934768676757812,0.0045299530029296875,4.706382751464844,4.687,48758784,1.957633757578191,2976,chatcmpl-1389fc9e-9760-4fda-9fd9-f8c9369478a4-a78ee170,"nixl_xfer_handle(0x556358a777e0, released=False)",decode,1,0,452712,31,d61968e8-e4aa-43a2-8ca8-85b623ffd1e5_dp0,0,nixl_start_time
1780281098.0118697,1780281098.0398216,27.952,1780281098.0398932,0.07152557373046875,137467973536,137467.973536,1780281098.0118697,28.023481369018555,0.008821487426757812,9.371042251586914,9.334,56623104,2.025726388093875,3456,chatcmpl-a47c28b1-18bd-4f37-ae0d-fead08b24e4f-a65eec13,"nixl_xfer_handle(0x5af9a4199d00, released=False)",decode,0,0,452715,36,d61968e8-e4aa-43a2-8ca8-85b623ffd1e5_dp1,0,nixl_start_time
1780281098.0245047,1780281098.0548267,30.322000000000003,1780281098.0548458,0.019073486328125,137467986171,137467.986171,1780281098.0245047,30.341148376464844,0.0054836273193359375,15.068769454956055,15.042,9437184,0.31123224061737353,576,chatcmpl-0b63255e-74d2-402a-a303-3c387e8e3728-b6812418,"nixl_xfer_handle(0x5af9a3e74770, released=False)",decode,0,0,452715,6,d61968e8-e4aa-43a2-8ca8-85b623ffd1e5_dp0,0,nixl_start_time
1780281098.0546145,1780281098.0673954,12.781,1780281098.0674138,0.018358230590820312,137468016281,137468.016281,1780281098.0546145,12.799263000488281,0.0040531158447265625,2.218484878540039,2.192,4718592,0.3691880134574759,288,chatcmpl-231ce1ae-8414-40ef-b3c8-d623716607fe-904d037e,"nixl_xfer_handle(0x556359d02260, released=False)",decode,1,0,452712,3,d61968e8-e4aa-43a2-8ca8-85b623ffd1e5_dp0,0,nixl_start_time
1780281098.1420085,1780281098.1544526,12.444,1780281098.154473,0.020503997802734375,137468103675,137468.103675,1780281098.1420085,12.464523315429688,0.0045299530029296875,1.5881061553955078,1.558,3145728,0.2527907425265188,192,chatcmpl-9de4f6de-1bc3-44ea-8384-51a7d5fb6851-bb79b630,"nixl_xfer_handle(0x556359d02260, released=False)",decode,1,0,452712,2,d61968e8-e4aa-43a2-8ca8-85b623ffd1e5_dp1,0,nixl_start_time
1780281098.2539716,1780281098.2788837,24.912,1780281098.2789314,0.0476837158203125,137468215638,137468.215638,1780281098.2539716,24.959802627563477,0.002384185791015625,7.479667663574219,7.447,7864320,0.3156840077071291,480,chatcmpl-9a0f8351-c3b5-42b2-a6d0-e1cc85430f7b-bcdbdf8b,"nixl_xfer_handle(0x5af9a3d791b0, released=False)",decode,0,0,452715,5,d61968e8-e4aa-43a2-8ca8-85b623ffd1e5_dp0,0,nixl_start_time
1780281098.2665987,1780281098.2788906,12.292000000000002,1780281098.2789211,0.030517578125,137468228265,137468.228265,1780281098.2665987,12.322425842285156,0.006198883056640625,1.5442371368408203,1.51,3145728,0.2559166937845753,192,chatcmpl-e3e849ae-f820-48ed-bb04-5d249f930062-bf5c36ec,"nixl_xfer_handle(0x556359b35d20, released=False)",decode,1,0,452712,2,d61968e8-e4aa-43a2-8ca8-85b623ffd1e5_dp0,0,nixl_start_time
1780281098.2916067,1780281098.3039618,12.355,1780281098.3039813,0.019550323486328125,137468253273,137468.253273,1780281098.2916067,12.374639511108398,0.0057220458984375,2.9456615447998047,2.918,6291456,0.5092234722784298,384,chatcmpl-bb8567d0-aa02-4a06-bf2c-bcaf87f8d458-861aea96,"nixl_xfer_handle(0x556359b35d20, released=False)",decode,1,0,452712,4,d61968e8-e4aa-43a2-8ca8-85b623ffd1e5_dp1,0,nixl_start_time
1780281098.3160536,1780281098.3287807,12.727,1780281098.3287995,0.018835067749023438,137468277720,137468.27772,1780281098.3160536,12.745857238769531,0.003337860107421875,3.7081241607666016,3.685,6291456,0.4943392786988292,384,chatcmpl-2ad416a2-657f-43f3-84ae-555788adbb0c-ab2bf1dd,"nixl_xfer_handle(0x5af9a3d791b0, released=False)",decode,0,0,452715,4,d61968e8-e4aa-43a2-8ca8-85b623ffd1e5_dp0,0,nixl_start_time
1780281098.4797506,1780281098.4927995,13.049,1780281098.4928422,0.04267692565917969,137468441417,137468.441417,1780281098.4797506,13.091564178466797,0.0057220458984375,1.5187263488769531,1.491,3145728,0.2410704268526324,192,chatcmpl-7e00785c-a8f5-4771-9b4f-43a5687909a9-955ff70c,"nixl_xfer_handle(0x556359b35d20, released=False)",decode,1,0,452712,2,d61968e8-e4aa-43a2-8ca8-85b623ffd1e5_dp0,0,nixl_start_time
1780281098.5421386,1780281098.5698586,27.720000000000002,1780281098.5698802,0.021696090698242188,137468503805,137468.503805,1780281098.5421386,27.741670608520508,0.002384185791015625,12.258768081665039,12.225,14155776,0.5106701298701298,864,chatcmpl-4b856188-d59e-4ae2-b54a-cb5ee25e09cc-85628806,"nixl_xfer_handle(0x5af9a3d791b0, released=False)",decode,0,0,452715,9,d61968e8-e4aa-43a2-8ca8-85b623ffd1e5_dp1,0,nixl_start_time
1780281098.7454326,1780281098.7577527,12.319999999999999,1780281098.7577744,0.021696090698242188,137468707099,137468.707099,1780281098.7454326,12.341737747192383,0.009775161743164062,9.025812149047852,8.988,34603008,2.8086857142857147,2112,chatcmpl-1410a618-3006-4bf8-8535-58848729028d-ab92a367,"nixl_xfer_handle(0x5af9a3d791b0, released=False)",decode,0,0,452715,22,d61968e8-e4aa-43a2-8ca8-85b623ffd1e5_dp0,0,nixl_start_time
1780281098.7697155,1780281098.7824976,12.782,1780281098.7825174,0.019788742065429688,137468731382,137468.731382,1780281098.7697155,12.801885604858398,0.004291534423828125,3.8874149322509766,3.862,6291456,0.49221217336879985,384,chatcmpl-4f9b48bb-2657-4f9b-bba7-9df4e2bc5f2a-b90ad891,"nixl_xfer_handle(0x5af9a3d791b0, released=False)",decode,0,0,452715,4,d61968e8-e4aa-43a2-8ca8-85b623ffd1e5_dp1,0,nixl_start_time
1780281098.7943087,1780281098.8075697,13.261000000000001,1780281098.807591,0.021219253540039062,137468755975,137468.755975,1780281098.7943087,13.282299041748047,0.0054836273193359375,1.9378662109375,1.914,3145728,0.2372164995098409,192,chatcmpl-467396f5-64d5-41e5-aefb-e4428055737a-988e2e1c,"nixl_xfer_handle(0x5af9a3d791b0, released=False)",decode,0,0,452715,2,d61968e8-e4aa-43a2-8ca8-85b623ffd1e5_dp0,0,nixl_start_time
1780281098.8194597,1780281098.8320928,12.633000000000001,1780281098.8321147,0.02193450927734375,137468781126,137468.781126,1780281098.8194597,12.655019760131836,0.00476837158203125,0.4603862762451172,0.436,1572864,0.12450439325575874,48,chatcmpl-4d024951-6c53-44b9-ace9-b3bac24e51e9-b8e90b15,"nixl_xfer_handle(0x5563599d3800, released=False)",decode,1,0,452712,1,d61968e8-e4aa-43a2-8ca8-85b623ffd1e5_dp1,0,nixl_start_time
1780281098.8320446,1780281098.8445516,12.507000000000001,1780281098.8445702,0.018596649169921875,137468793711,137468.793711,1780281098.8320446,12.525558471679688,0.0057220458984375,3.739595413208008,3.717,26738688,2.1378978172223553,1632,chatcmpl-284340e9-08b6-419e-961e-02627754a86d-8f8dd1e0,"nixl_xfer_handle(0x5af9a3d791b0, released=False)",decode,0,0,452715,17,d61968e8-e4aa-43a2-8ca8-85b623ffd1e5_dp0,0,nixl_start_time
1780281098.8570065,1780281098.8695395,12.533000000000001,1780281098.8696003,0.06079673767089844,137468818673,137468.818673,1780281098.8570065,12.593746185302734,0.0059604644775390625,3.9513111114501953,3.93,33030144,2.635453921646852,2016,chatcmpl-f52fabdc-09f9-46a9-820d-dfefc03685c6-bfbacfa3,"nixl_xfer_handle(0x5563599d3800, released=False)",decode,1,0,452712,21,d61968e8-e4aa-43a2-8ca8-85b623ffd1e5_dp1,0,nixl_start_time
1780281098.8693287,1780281098.8817897,12.461,1780281098.8818092,0.019550323486328125,137468830995,137468.830995,1780281098.8693287,12.480497360229492,0.00286102294921875,2.138376235961914,2.12,3145728,0.2524458711178878,192,chatcmpl-510df07e-4f01-4d69-8cbc-5b6ed6eed180-a6a950b7,"nixl_xfer_handle(0x5af9a3d791b0, released=False)",decode,0,0,452715,2,d61968e8-e4aa-43a2-8ca8-85b623ffd1e5_dp0,0,nixl_start_time
1780281098.9447477,1780281098.9790306,34.283,1780281098.9790814,0.05078315734863281,137468906414,137468.906414,1780281098.9447477,34.33370590209961,0.00858306884765625,13.212919235229492,13.188,81788928,2.3856992678587057,4992,chatcmpl-e2253258-bd70-48e3-be6d-fc25c7c27fbb-88291f35,"nixl_xfer_handle(0x5af9a3d791b0, released=False)",decode,0,0,452715,52,d61968e8-e4aa-43a2-8ca8-85b623ffd1e5_dp1,0,nixl_start_time
1780281098.9581857,1780281098.9962556,38.07,1780281098.9962678,0.012159347534179688,137468919852,137468.919852,1780281098.9581857,38.082122802734375,0.0040531158447265625,20.59173583984375,20.577,58195968,1.5286568951930655,3552,chatcmpl-f97b0f74-49de-4ead-acda-bad6a034a24e-a2aacd08,"nixl_xfer_handle(0x5af9a4199d00, released=False)",decode,0,0,452715,37,d61968e8-e4aa-43a2-8ca8-85b623ffd1e5_dp1,0,nixl_start_time
1780281098.9821377,1780281098.9940867,11.949,1780281098.9941437,0.05698204040527344,137468943804,137468.943804,1780281098.9821377,12.006044387817383,0.0045299530029296875,1.4493465423583984,1.423,3145728,0.26326286718553854,192,chatcmpl-43078223-4b91-4a05-a096-ad677bf3fe7d-ae76c13b,"nixl_xfer_handle(0x5563599d3800, released=False)",decode,1,0,452712,2,d61968e8-e4aa-43a2-8ca8-85b623ffd1e5_dp0,0,nixl_start_time
1780281098.9939547,1780281099.0064857,12.531,1780281099.0065172,0.03147125244140625,137468955621,137468.955621,1780281098.9939547,12.56251335144043,0.0040531158447265625,2.0132064819335938,1.992,3145728,0.2510356715345942,192,chatcmpl-ebbe38bb-a62c-41f9-9d52-30235b4787c1-96711a27,"nixl_xfer_handle(0x5af9a3d791b0, released=False)",decode,0,0,452715,2,d61968e8-e4aa-43a2-8ca8-85b623ffd1e5_dp1,0,nixl_start_time
1780281099.0322866,1780281099.0449617,12.675,1780281099.0449767,0.015020370483398438,137468993953,137468.993953,1780281099.0322866,12.690067291259766,0.006198883056640625,7.812261581420898,7.79,36175872,2.8541121893491126,2208,chatcmpl-b52d9196-4238-4371-9a4e-6578c9c0b3b2-90f424c3,"nixl_xfer_handle(0x5af9a3d791b0, released=False)",decode,0,0,452715,23,d61968e8-e4aa-43a2-8ca8-85b623ffd1e5_dp0,0,nixl_start_time
1780281099.0442336,1780281099.0568817,12.648,1780281099.0569506,0.06890296936035156,137469005900,137469.0059,1780281099.0442336,12.717008590698242,0.003814697265625,0.45680999755859375,0.438,1572864,0.12435673624288425,48,chatcmpl-3f589ad9-368d-41be-875f-78c2bcf620e5-b5388230,"nixl_xfer_handle(0x5af9a4199d00, released=False)",decode,0,0,452715,1,d61968e8-e4aa-43a2-8ca8-85b623ffd1e5_dp1,0,nixl_start_time
1780281099.0570567,1780281099.0819156,24.858999999999998,1780281099.0819635,0.04792213439941406,137469018723,137469.018723,1780281099.0570567,24.90687370300293,0.0057220458984375,4.430294036865234,4.41,39321600,1.58178526891669,2400,chatcmpl-02e64988-e225-42c9-b8f3-217701347f7d-ab7189b4,"nixl_xfer_handle(0x5563599d3800, released=False)",decode,1,0,452712,25,d61968e8-e4aa-43a2-8ca8-85b623ffd1e5_dp0,0,nixl_start_time
1780281099.0696037,1780281099.0818846,12.281,1780281099.0819046,0.02002716064453125,137469031270,137469.03127,1780281099.0696037,12.300968170166016,0.0021457672119140625,0.46515464782714844,0.445,1572864,0.1280729582281573,48,chatcmpl-d6963cab-e5b6-43e1-af1c-4496511b8aaa-89905d12,"nixl_xfer_handle(0x5af9a4199d00, released=False)",decode,0,0,452715,1,d61968e8-e4aa-43a2-8ca8-85b623ffd1e5_dp1,0,nixl_start_time
1780281099.2567737,1780281099.2815728,24.799000000000003,1780281099.2816029,0.030040740966796875,137469218440,137469.21844,1780281099.2567737,24.82914924621582,0.0057220458984375,4.786252975463867,4.766,44040192,1.7758858018468484,2688,chatcmpl-e4ba579a-b98e-45fd-b33e-28450e596b28-a4deb8f9,"nixl_xfer_handle(0x556359a5aae0, released=False)",decode,1,0,452712,28,d61968e8-e4aa-43a2-8ca8-85b623ffd1e5_dp0,0,nixl_start_time
1780281099.2814417,1780281099.2942958,12.854000000000001,1780281099.2943497,0.053882598876953125,137469243108,137469.243108,1780281099.2814417,12.907981872558594,0.0064373016357421875,3.8743019104003906,3.839,18874368,1.4683653337482496,1152,chatcmpl-d5d39569-b526-4489-b66e-7ba7c86fdf18-8ed2f955,"nixl_xfer_handle(0x5af9a4199d00, released=False)",decode,0,0,452715,12,d61968e8-e4aa-43a2-8ca8-85b623ffd1e5_dp1,0,nixl_start_time
1780281099.2942057,1780281099.3069746,12.769,1780281099.307014,0.03933906555175781,137469255872,137469.255872,1780281099.2942057,12.80832290649414,0.0050067901611328125,1.505136489868164,1.473,3145728,0.2463566449996084,192,chatcmpl-2ba7d0c5-ee75-40c5-9abe-27270de5c440-99dfc887,"nixl_xfer_handle(0x55635998d380, released=False)",decode,1,0,452712,2,d61968e8-e4aa-43a2-8ca8-85b623ffd1e5_dp0,0,nixl_start_time
1780281099.3067687,1780281099.3193235,12.555,1780281099.3193717,0.048160552978515625,137469268435,137469.268435,1780281099.3067687,12.603044509887695,0.0030994415283203125,1.8787384033203125,1.859,3145728,0.2505557945041816,192,chatcmpl-cd82da82-c95d-4694-a5e0-64db7da9c6ae-9517daf6,"nixl_xfer_handle(0x5af9a3d3bdb0, released=False)",decode,0,0,452715,2,d61968e8-e4aa-43a2-8ca8-85b623ffd1e5_dp1,0,nixl_start_time
1780281099.3813076,1780281099.3958976,14.59,1780281099.395949,0.05125999450683594,137469342974,137469.342974,1780281099.3813076,14.641284942626953,0.004291534423828125,1.5480518341064453,1.518,3145728,0.21560849897189854,192,chatcmpl-cd4358a1-55ff-4164-bc9c-8814fe738b72-988cede9,"nixl_xfer_handle(0x55635998d380, released=False)",decode,1,0,452712,2,d61968e8-e4aa-43a2-8ca8-85b623ffd1e5_dp0,0,nixl_start_time
1780281099.3940368,1780281099.4062917,12.255,1780281099.4063098,0.01811981201171875,137469355703,137469.355703,1780281099.3940368,12.273073196411133,0.0057220458984375,1.5659332275390625,1.536,3145728,0.2566893512851897,192,chatcmpl-95e9484c-0855-4350-baba-10114fc3c04b-b649c198,"nixl_xfer_handle(0x55634b683b60, released=False)",decode,1,0,452712,2,d61968e8-e4aa-43a2-8ca8-85b623ffd1e5_dp1,0,nixl_start_time
1780281099.4939415,1780281099.5204115,26.47,1780281099.5204356,0.024080276489257812,137469455608,137469.455608,1780281099.4939415,26.49402618408203,0.00858306884765625,11.149406433105469,11.123,72351744,2.733348847752172,4416,chatcmpl-c1a67950-648c-4dfc-b7d7-0dac9dac21f5-906511a7,"nixl_xfer_handle(0x5af9a3d3bdb0, released=False)",decode,0,0,452715,46,d61968e8-e4aa-43a2-8ca8-85b623ffd1e5_dp0,0,nixl_start_time
1780281099.6570027,1780281099.6828258,25.823,1780281099.6829019,0.07605552673339844,137469618669,137469.618669,1780281099.6570027,25.899171829223633,0.0069141387939453125,10.780096054077148,10.756,58195968,2.253648607830229,3552,chatcmpl-4fdbc30c-2847-427d-9dbe-0d3a511d4345-852ff706,"nixl_xfer_handle(0x5af9a3e66170, released=False)",decode,0,0,452715,37,d61968e8-e4aa-43a2-8ca8-85b623ffd1e5_dp1,0,nixl_start_time
1780281099.8821187,1780281099.9072378,25.119,1780281099.9072628,0.025033950805664062,137469843785,137469.843785,1780281099.8821187,25.144100189208984,0.006198883056640625,7.193088531494141,7.169,64487424,2.5672767227994746,3936,chatcmpl-a5d98fcd-c58f-437e-8a29-fe6f36531f79-a965beb2,"nixl_xfer_handle(0x55633e60b600, released=False)",decode,1,0,452712,41,d61968e8-e4aa-43a2-8ca8-85b623ffd1e5_dp0,0,nixl_start_time
1780281099.8942716,1780281099.9070096,12.738,1780281099.9070241,0.014543533325195312,137469855938,137469.855938,1780281099.8942716,12.752532958984375,0.00286102294921875,1.8150806427001953,1.796,3145728,0.24695619406500238,192,chatcmpl-f8b66828-4faa-42d9-8b6b-a2ab1ae8a850-ae0f41ce,"nixl_xfer_handle(0x5af9a4199d00, released=False)",decode,0,0,452715,2,d61968e8-e4aa-43a2-8ca8-85b623ffd1e5_dp1,0,nixl_start_time
1780281099.9691677,1780281099.9701538,0.9859999999999999,1780281099.9701917,0.03790855407714844,137469930834,137469.930834,1780281099.9691677,1.024007797241211,0.005245208740234375,0.5538463592529297,0.527,1572864,1.5951967545638948,48,chatcmpl-b4ef869c-0b77-4a04-9fda-bcc009e5e0e4-8f0b54ef,"nixl_xfer_handle(0x5563599548e0, released=False)",decode,1,0,452712,1,d61968e8-e4aa-43a2-8ca8-85b623ffd1e5_dp0,0,nixl_start_time
1780281099.9700036,1780281099.9975936,27.59,1780281099.9976122,0.018596649169921875,137469931670,137469.93167,1780281099.9700036,27.608633041381836,0.00762939453125,12.221813201904297,12.186,78643200,2.85042406669083,4800,chatcmpl-04a89b53-da47-4d14-a61f-47a2c4eb73ab-9536f6f7,"nixl_xfer_handle(0x5af9a4199d00, released=False)",decode,0,0,452715,50,d61968e8-e4aa-43a2-8ca8-85b623ffd1e5_dp0,0,nixl_start_time
1780281100.0471117,1780281100.0891008,41.989,1780281100.0891185,0.017642974853515625,137470008778,137470.008778,1780281100.0471117,42.006731033325195,0.0050067901611328125,3.89862060546875,3.879,31457280,0.7491790707089953,1920,chatcmpl-81551bd4-98db-4dff-8d00-b61b991a1b1f-bd84a7a0,"nixl_xfer_handle(0x5af9a4199d00, released=False)",decode,0,0,452715,20,d61968e8-e4aa-43a2-8ca8-85b623ffd1e5_dp0,0,nixl_start_time
1780281100.0475936,1780281100.0891545,41.561,1780281100.089185,0.030517578125,137470009260,137470.00926,1780281100.0475936,41.59140586853027,0.0073909759521484375,12.909173965454102,12.881,70778880,1.7030119583263155,4320,chatcmpl-4406fc64-8b58-47fa-9906-2c34b5e63e82-b8c8f5da,"nixl_xfer_handle(0x5563599548e0, released=False)",decode,1,0,452712,45,d61968e8-e4aa-43a2-8ca8-85b623ffd1e5_dp1,0,nixl_start_time
1780281100.0608516,1780281100.1009977,40.146,1780281100.101016,0.018358230590820312,137470022518,137470.022518,1780281100.0608516,40.16447067260742,0.004291534423828125,24.932146072387695,24.899,66060288,1.6455011209086834,4032,chatcmpl-ad77b204-b03a-42b8-9984-b8781b94b2d9-96e7a8ca,"nixl_xfer_handle(0x55635998d380, released=False)",decode,1,0,452712,42,d61968e8-e4aa-43a2-8ca8-85b623ffd1e5_dp0,0,nixl_start_time
1780281100.1009176,1780281100.1135657,12.648,1780281100.1135855,0.019788742065429688,137470062584,137470.062584,1780281100.1009176,12.66789436340332,0.0054836273193359375,8.023262023925781,8.002,36175872,2.860204933586338,2208,chatcmpl-97b1902f-d391-4ac8-8e09-437c59d1c3a3-a0c63316,"nixl_xfer_handle(0x5af9a4199d00, released=False)",decode,0,0,452715,23,d61968e8-e4aa-43a2-8ca8-85b623ffd1e5_dp1,0,nixl_start_time
1780281100.2004967,1780281100.2256796,25.183,1780281100.225718,0.03838539123535156,137470162163,137470.162163,1780281100.2004967,25.22134780883789,0.0069141387939453125,5.902528762817383,5.881,39321600,1.5614343009172855,2400,chatcmpl-efb2a080-cb32-46a5-a0d4-eca4bb020a4a-9eba29f4,"nixl_xfer_handle(0x55635998d380, released=False)",decode,1,0,452712,25,d61968e8-e4aa-43a2-8ca8-85b623ffd1e5_dp0,0,nixl_start_time
1780281100.2754207,1780281100.3100166,34.596000000000004,1780281100.3100421,0.025510787963867188,137470237087,137470.237087,1780281100.2754207,34.621477127075195,0.0069141387939453125,17.34137535095215,17.303,78643200,2.2731876517516474,4800,chatcmpl-8ace5170-62a7-4f88-9872-8e2b27d0dcad-b958ae11,"nixl_xfer_handle(0x55635998d380, released=False)",decode,1,0,452712,50,d61968e8-e4aa-43a2-8ca8-85b623ffd1e5_dp1,0,nixl_start_time
1780281100.3078277,1780281100.3206828,12.855,1780281100.3207014,0.018596649169921875,137470269494,137470.269494,1780281100.3078277,12.873649597167969,0.0040531158447265625,1.7709732055664062,1.745,3145728,0.24470851808634772,192,chatcmpl-5ec640d6-dc0a-4b1e-bcbf-78957190f80f-8473225f,"nixl_xfer_handle(0x5563599548e0, released=False)",decode,1,0,452712,2,d61968e8-e4aa-43a2-8ca8-85b623ffd1e5_dp0,0,nixl_start_time
1780281100.3082736,1780281100.3204525,12.179,1780281100.3204954,0.04291534423828125,137470269940,137470.26994,1780281100.3082736,12.221813201904297,0.007152557373046875,9.032249450683594,9.01,37748736,3.0994938829132113,2304,chatcmpl-a332cf6e-f3b4-4607-b0f6-e9d3ddfb5872-8ec91ca4,"nixl_xfer_handle(0x5af9a3e74770, released=False)",decode,0,0,452715,24,d61968e8-e4aa-43a2-8ca8-85b623ffd1e5_dp0,0,nixl_start_time
1780281100.3824916,1780281100.3950765,12.585,1780281100.3950958,0.019311904907226562,137470344158,137470.344158,1780281100.3824916,12.604236602783203,0.0050067901611328125,2.9735565185546875,2.931,4718592,0.3749377830750894,288,chatcmpl-feae9a92-ac93-4421-bd41-6f181d715c3e-926ded22,"nixl_xfer_handle(0x5af9a3d90740, released=False)",decode,0,0,452715,3,d61968e8-e4aa-43a2-8ca8-85b623ffd1e5_dp1,0,nixl_start_time
1780281100.5321877,1780281100.5450168,12.829,1780281100.5450358,0.019073486328125,137470493854,137470.493854,1780281100.5321877,12.848138809204102,0.003814697265625,2.668142318725586,2.639,4718592,0.3678066879725621,288,chatcmpl-c3270632-a48a-48fe-bbc4-ddee0c077a88-bc9396b8,"nixl_xfer_handle(0x5563599548e0, released=False)",decode,1,0,452712,3,d61968e8-e4aa-43a2-8ca8-85b623ffd1e5_dp0,0,nixl_start_time
1780281100.6317537,1780281100.6440158,12.262,1780281100.6440332,0.017404556274414062,137470593420,137470.59342,1780281100.6317537,12.279510498046875,0.003337860107421875,5.802631378173828,5.778,11010048,0.8978998532050236,672,chatcmpl-3e5d891d-8dea-421a-bc5f-a5ad7dc28e96-87f50ab3,"nixl_xfer_handle(0x5af9a419d320, released=False)",decode,0,0,452715,7,d61968e8-e4aa-43a2-8ca8-85b623ffd1e5_dp0,0,nixl_start_time
1780281100.7187026,1780281100.7434235,24.721,1780281100.7434428,0.019311904907226562,137470680369,137470.680369,1780281100.7187026,24.740219116210938,0.0059604644775390625,7.146596908569336,7.125,62914560,2.544984426196351,3840,chatcmpl-714c207a-cb55-440e-b90f-9e1e0a6db096-b2ac95a2,"nixl_xfer_handle(0x5563599548e0, released=False)",decode,1,0,452712,40,d61968e8-e4aa-43a2-8ca8-85b623ffd1e5_dp0,0,nixl_start_time
1780281100.8923776,1780281100.9050927,12.715,1780281100.9051495,0.056743621826171875,137470854044,137470.854044,1780281100.8923776,12.771844863891602,0.0054836273193359375,2.622842788696289,2.589,4718592,0.37110436492331894,288,chatcmpl-0f0cb1ae-627f-45f4-9eaa-1476b1d87f71-be8969ba,"nixl_xfer_handle(0x55635993cfa0, released=False)",decode,1,0,452712,3,d61968e8-e4aa-43a2-8ca8-85b623ffd1e5_dp0,0,nixl_start_time
1780281100.8929367,1780281100.9175017,24.565,1780281100.9175584,0.056743621826171875,137470854603,137470.854603,1780281100.8929367,24.62172508239746,0.008106231689453125,7.339239120483398,7.3,51904512,2.1129457358029717,3168,chatcmpl-2b4af5ba-9200-41c9-b609-4a6b1059f67b-b2c9592a,"nixl_xfer_handle(0x5af9a419d320, released=False)",decode,0,0,452715,33,d61968e8-e4aa-43a2-8ca8-85b623ffd1e5_dp1,0,nixl_start_time
1780281100.9172816,1780281100.9182537,0.972,1780281100.9183054,0.05173683166503906,137470878948,137470.878948,1780281100.9172816,1.0237693786621094,0.0045299530029296875,0.5452632904052734,0.52,1572864,1.618172839506173,48,chatcmpl-f2150685-1f5e-4c10-b6d7-d54718119185-bacd2cad,"nixl_xfer_handle(0x55635993cfa0, released=False)",decode,1,0,452712,1,d61968e8-e4aa-43a2-8ca8-85b623ffd1e5_dp0,0,nixl_start_time
1780281101.0671697,1780281101.0794666,12.297,1780281101.0794847,0.01811981201171875,137471028836,137471.028836,1780281101.0671697,12.315034866333008,0.0050067901611328125,6.100654602050781,6.072,11010048,0.8953442303000732,672,chatcmpl-6f278fea-7547-4cb0-9264-d533636db2b8-8977f56b,"nixl_xfer_handle(0x55635993cfa0, released=False)",decode,1,0,452712,7,d61968e8-e4aa-43a2-8ca8-85b623ffd1e5_dp0,0,nixl_start_time
1780281101.0792615,1780281101.0917385,12.477,1780281101.091759,0.020503997802734375,137471040928,137471.040928,1780281101.0792615,12.497425079345703,0.005245208740234375,8.251667022705078,8.215,33030144,2.6472825198364993,2016,chatcmpl-00e6c15b-a077-4eb2-acf8-01e9ea4b530a-a4264ce0,"nixl_xfer_handle(0x5af9a419d320, released=False)",decode,0,0,452715,21,d61968e8-e4aa-43a2-8ca8-85b623ffd1e5_dp1,0,nixl_start_time
1780281101.2789876,1780281101.3044407,25.453,1780281101.304458,0.0171661376953125,137471240654,137471.240654,1780281101.2789876,25.470256805419922,0.00667572021484375,7.544040679931641,7.521,55050240,2.1628193140297802,3360,chatcmpl-30b7e374-49b4-4a16-ada5-a8e3130a79c8-ae04b567,"nixl_xfer_handle(0x5af9a419d320, released=False)",decode,0,0,452715,35,d61968e8-e4aa-43a2-8ca8-85b623ffd1e5_dp0,0,nixl_start_time
1780281101.2913725,1780281101.2923596,0.987,1780281101.2923775,0.017881393432617188,137471253039,137471.253039,1780281101.2913725,1.004934310913086,0.0045299530029296875,0.5459785461425781,0.521,1572864,1.593580547112462,48,chatcmpl-576a2568-d1ba-4ab4-9ed1-3c7058799f3d-b4f3395f,"nixl_xfer_handle(0x55635993cfa0, released=False)",decode,1,0,452712,1,d61968e8-e4aa-43a2-8ca8-85b623ffd1e5_dp0,0,nixl_start_time
1780281101.3788266,1780281101.3912857,12.459,1780281101.3913054,0.019788742065429688,137471340493,137471.340493,1780281101.3788266,12.478828430175781,0.004291534423828125,4.703044891357422,4.679,7864320,0.63121598844209,480,chatcmpl-56ad3964-64dd-4ea9-9b7e-78cde36089d0-9185d75f,"nixl_xfer_handle(0x5af9a41f1e00, released=False)",decode,0,0,452715,5,d61968e8-e4aa-43a2-8ca8-85b623ffd1e5_dp1,0,nixl_start_time
1780281101.3788917,1780281101.3914537,12.562,1780281101.3914728,0.019073486328125,137471340558,137471.340558,1780281101.3788917,12.581110000610352,0.0054836273193359375,5.154132843017578,5.133,22020096,1.7529132303773285,1344,chatcmpl-b3986e64-afdf-4190-af24-d63b2b148407-966f4491,"nixl_xfer_handle(0x55635993cfa0, released=False)",decode,1,0,452712,14,d61968e8-e4aa-43a2-8ca8-85b623ffd1e5_dp0,0,nixl_start_time
1780281101.4162896,1780281101.4289687,12.678999999999998,1780281101.42903,0.06127357482910156,137471377956,137471.377956,1780281101.4162896,12.740373611450195,0.0054836273193359375,4.954814910888672,4.935,22020096,1.7367375976023347,1344,chatcmpl-b517e012-d1dd-46fa-8582-776bbe4e7e68-a3eac5fc,"nixl_xfer_handle(0x5563539290f0, released=False)",decode,1,0,452712,14,d61968e8-e4aa-43a2-8ca8-85b623ffd1e5_dp1,0,nixl_start_time
1780281101.4782755,1780281101.5032954,25.02,1780281101.503314,0.018596649169921875,137471439942,137471.439942,1780281101.4782755,25.038480758666992,0.006198883056640625,4.452943801879883,4.429,44040192,1.7601995203836929,2688,chatcmpl-f7d6aefc-0738-41d9-abbb-c8c5e4d26792-90a00faa,"nixl_xfer_handle(0x5af9a3d3bdb0, released=False)",decode,0,0,452715,28,d61968e8-e4aa-43a2-8ca8-85b623ffd1e5_dp0,0,nixl_start_time
1780281101.4907196,1780281101.5035136,12.794,1780281101.5035346,0.0209808349609375,137471452386,137471.452386,1780281101.4907196,12.814998626708984,0.00476837158203125,3.5164356231689453,3.485,6291456,0.49175050805064874,384,chatcmpl-fa324211-7c7c-4fe1-9ca7-75dcba598237-87f0ecb6,"nixl_xfer_handle(0x556349860e60, released=False)",decode,1,0,452712,4,d61968e8-e4aa-43a2-8ca8-85b623ffd1e5_dp1,0,nixl_start_time
1780281101.5159996,1780281101.5287325,12.732999999999999,1780281101.5287757,0.04315376281738281,137471477666,137471.477666,1780281101.5159996,12.77613639831543,0.0059604644775390625,6.542682647705078,6.521,26738688,2.099951935914553,1632,chatcmpl-cdd88ffd-5b4b-4323-8393-ddee29d20108-901cf1c2,"nixl_xfer_handle(0x5af9a3dd2640, released=False)",decode,0,0,452715,17,d61968e8-e4aa-43a2-8ca8-85b623ffd1e5_dp0,0,nixl_start_time
1780281101.6540866,1780281101.6850317,30.945,1780281101.6850514,0.019788742065429688,137471615753,137471.615753,1780281101.6540866,30.96485137939453,0.0064373016357421875,7.013797760009766,6.989,59768832,1.9314536112457585,3648,chatcmpl-5d24f293-7088-4431-a3d0-4fd045b9e770-92b2fab6,"nixl_xfer_handle(0x556349860e60, released=False)",decode,1,0,452712,38,d61968e8-e4aa-43a2-8ca8-85b623ffd1e5_dp0,0,nixl_start_time
1780281101.6541858,1780281101.6798487,25.662999999999997,1780281101.6798668,0.01811981201171875,137471615852,137471.615852,1780281101.6541858,25.681018829345703,0.007152557373046875,10.170936584472656,10.127,66060288,2.5741451895725365,4032,chatcmpl-631c63ff-ba8a-4b03-ae31-cc91575315c5-95016eb8,"nixl_xfer_handle(0x5af9a3d3bdb0, released=False)",decode,0,0,452715,42,d61968e8-e4aa-43a2-8ca8-85b623ffd1e5_dp1,0,nixl_start_time
1780281101.6798167,1780281101.6923246,12.508000000000001,1780281101.6923628,0.03814697265625,137471641483,137471.641483,1780281101.6798167,12.546062469482422,0.005245208740234375,4.827022552490234,4.807,22020096,1.760480972177806,1344,chatcmpl-4e0c3240-8d38-4966-a6ea-0830a3e091df-bc592037,"nixl_xfer_handle(0x55635998d380, released=False)",decode,1,0,452712,14,d61968e8-e4aa-43a2-8ca8-85b623ffd1e5_dp0,0,nixl_start_time
1780281101.7300797,1780281101.7553866,25.307,1780281101.7554066,0.02002716064453125,137471691746,137471.691746,1780281101.7300797,25.326967239379883,0.006198883056640625,6.222248077392578,6.201,42467328,1.6780862212036194,2592,chatcmpl-0cff5a39-5a15-4145-9644-876d3d8535bd-9950a2ff,"nixl_xfer_handle(0x556349860e60, released=False)",decode,1,0,452712,27,d61968e8-e4aa-43a2-8ca8-85b623ffd1e5_dp1,0,nixl_start_time
1780281101.8179777,1780281101.8427036,24.726000000000003,1780281101.8427246,0.0209808349609375,137471779644,137471.779644,1780281101.8179777,24.74689483642578,0.00762939453125,7.270336151123047,7.248,64487424,2.6080815336083476,3936,chatcmpl-69509abf-9c46-46b9-9285-ecfbf3176082-aebff2fe,"nixl_xfer_handle(0x5563599d8560, released=False)",decode,1,0,452712,41,d61968e8-e4aa-43a2-8ca8-85b623ffd1e5_dp1,0,nixl_start_time
1780281101.8928998,1780281101.9169028,24.003,1780281101.916934,0.031232833862304688,137471854566,137471.854566,1780281101.8928998,24.03426170349121,0.006198883056640625,3.863811492919922,3.839,6291456,0.2621112360954881,384,chatcmpl-5e6ff966-d829-46cb-8679-2d19f17aa20c-9de4ddae,"nixl_xfer_handle(0x5af9a3d88b00, released=False)",decode,0,0,452715,4,d61968e8-e4aa-43a2-8ca8-85b623ffd1e5_dp0,0,nixl_start_time
1780281101.8970156,1780281101.9169567,19.941,1780281101.9169626,0.0059604644775390625,137471858682,137471.858682,1780281101.8970156,19.947052001953125,0.0040531158447265625,9.784936904907227,9.77,40894464,2.050772980291861,2496,chatcmpl-b67c367e-f3df-42ed-bfc9-023cdb2d3c76-9308d288,"nixl_xfer_handle(0x5af9a3d791b0, released=False)",decode,0,0,452715,26,d61968e8-e4aa-43a2-8ca8-85b623ffd1e5_dp0,0,nixl_start_time
1780281101.9070606,1780281101.9341257,27.064999999999998,1780281101.9341378,0.012159347534179688,137471868727,137471.868727,1780281101.9070606,27.077198028564453,0.00286102294921875,9.528636932373047,9.516,48758784,1.8015438389063367,2976,chatcmpl-d2da170a-9c55-439d-8216-b545a3425c82-9e527cf5,"nixl_xfer_handle(0x5af9a3dc98a0, released=False)",decode,0,0,452715,31,d61968e8-e4aa-43a2-8ca8-85b623ffd1e5_dp0,0,nixl_start_time
1780281101.9206417,1780281101.9320877,11.446,1780281101.9321067,0.019073486328125,137471882308,137471.882308,1780281101.9206417,11.465072631835938,0.00476837158203125,5.005836486816406,4.986,26738688,2.3360726891490478,1632,chatcmpl-453abd12-295e-4d92-8422-c610471fe377-91e34264,"nixl_xfer_handle(0x5563599d8560, released=False)",decode,1,0,452712,17,d61968e8-e4aa-43a2-8ca8-85b623ffd1e5_dp1,0,nixl_start_time
1780281101.9318087,1780281101.9442627,12.454,1780281101.9442797,0.016927719116210938,137471893475,137471.893475,1780281101.9318087,12.47096061706543,0.004291534423828125,1.9767284393310547,1.954,3145728,0.25258776296772123,192,chatcmpl-5c8aab81-7ab0-4264-8917-7518e673339a-a193d20a,"nixl_xfer_handle(0x5af9a3d791b0, released=False)",decode,0,0,452715,2,d61968e8-e4aa-43a2-8ca8-85b623ffd1e5_dp0,0,nixl_start_time
1780281101.9815226,1780281101.9943106,12.788,1780281101.9943688,0.05817413330078125,137471943189,137471.943189,1780281101.9815226,12.846231460571289,0.003814697265625,1.8587112426757812,1.831,3145728,0.24599061620269,192,chatcmpl-57e6f3ee-57a3-40bc-8149-c72cc617a646-8edd181f,"nixl_xfer_handle(0x5563599d8560, released=False)",decode,1,0,452712,2,d61968e8-e4aa-43a2-8ca8-85b623ffd1e5_dp1,0,nixl_start_time
1780281102.0069296,1780281102.0269005,19.971,1780281102.0269156,0.015020370483398438,137471968596,137471.968596,1780281102.0069296,19.98591423034668,0.0050067901611328125,1.9612312316894531,1.933,3145728,0.15751479645485955,192,chatcmpl-307d657a-dd5a-4edf-b558-9e2b3a5d9834-90ee0fc3,"nixl_xfer_handle(0x5563599d8560, released=False)",decode,1,0,452712,2,d61968e8-e4aa-43a2-8ca8-85b623ffd1e5_dp0,0,nixl_start_time
1780281102.0196946,1780281102.0447395,25.045,1780281102.0448036,0.06413459777832031,137471981361,137471.981361,1780281102.0196946,25.109052658081055,0.005245208740234375,6.833791732788086,6.812,50331648,2.0096485526053103,3072,chatcmpl-7f830feb-155f-4e96-8063-9116df23db3d-a583a388,"nixl_xfer_handle(0x55634b683b60, released=False)",decode,1,0,452712,32,d61968e8-e4aa-43a2-8ca8-85b623ffd1e5_dp1,0,nixl_start_time
1780281102.0946147,1780281102.1217237,27.109,1780281102.121743,0.019311904907226562,137472056281,137472.056281,1780281102.0946147,27.128219604492188,0.008106231689453125,9.857654571533203,9.833,66060288,2.4368397211258253,4032,chatcmpl-c04c61bf-32f6-471f-9a98-93298a05c901-b487e53a,"nixl_xfer_handle(0x5af9a3d791b0, released=False)",decode,0,0,452715,42,d61968e8-e4aa-43a2-8ca8-85b623ffd1e5_dp0,0,nixl_start_time
1780281102.1194267,1780281102.1323078,12.881,1780281102.1323576,0.04982948303222656,137472081093,137472.081093,1780281102.1194267,12.930870056152344,0.0050067901611328125,1.9931793212890625,1.969,3145728,0.24421457961338403,192,chatcmpl-6c38976d-e0fd-42e2-8e16-5aa5281a21cd-a6685f9a,"nixl_xfer_handle(0x5af9a419d320, released=False)",decode,0,0,452715,2,d61968e8-e4aa-43a2-8ca8-85b623ffd1e5_dp0,0,nixl_start_time
1780281102.1321967,1780281102.1331716,0.975,1780281102.13319,0.018358230590820312,137472093863,137472.093863,1780281102.1321967,0.9932518005371094,0.003337860107421875,0.5686283111572266,0.543,1572864,1.6131938461538462,48,chatcmpl-6963a991-59ee-4492-933a-9457c65dd298-9acb803d,"nixl_xfer_handle(0x556359ced760, released=False)",decode,1,0,452712,1,d61968e8-e4aa-43a2-8ca8-85b623ffd1e5_dp1,0,nixl_start_time
1780281102.2197738,1780281102.2207859,1.012,1780281102.2208154,0.02956390380859375,137472181440,137472.18144,1780281102.2197738,1.0416507720947266,0.0035762786865234375,0.5581378936767578,0.532,1572864,1.5542134387351778,48,chatcmpl-328314f7-9a5a-4711-a203-b475e5c72526-ad2f926b,"nixl_xfer_handle(0x556359ced760, released=False)",decode,1,0,452712,1,d61968e8-e4aa-43a2-8ca8-85b623ffd1e5_dp1,0,nixl_start_time
1780281102.2199636,1780281102.2488027,28.839,1780281102.2488146,0.011920928955078125,137472181630,137472.18163,1780281102.2199636,28.851032257080078,0.007152557373046875,9.673357009887695,9.649,66060288,2.290658067200666,4032,chatcmpl-0528699b-3c3c-4c7b-8e9a-ecd8a8cf1850-a5124029,"nixl_xfer_handle(0x5af9a3d3bdb0, released=False)",decode,0,0,452715,42,d61968e8-e4aa-43a2-8ca8-85b623ffd1e5_dp0,0,nixl_start_time
1780281102.2327707,1780281102.2519777,19.206999999999997,1780281102.252004,0.026226043701171875,137472194437,137472.194437,1780281102.2327707,19.233226776123047,0.0045299530029296875,8.898019790649414,8.873,3145728,0.16378028843650752,192,chatcmpl-974738e5-5551-42ca-9046-77ef044cc48e-aeaafbfe,"nixl_xfer_handle(0x5af9a3dc98a0, released=False)",decode,0,0,452715,2,d61968e8-e4aa-43a2-8ca8-85b623ffd1e5_dp1,0,nixl_start_time
1780281102.2328267,1780281102.2552147,22.388,1780281102.2552295,0.014781951904296875,137472194493,137472.194493,1780281102.2328267,22.40276336669922,0.0057220458984375,1.80816650390625,1.78,3145728,0.1405095586921565,192,chatcmpl-9b2c9168-bb74-4f08-bb7b-e2c9375da397-a78d5ba8,"nixl_xfer_handle(0x556359ced760, released=False)",decode,1,0,452712,2,d61968e8-e4aa-43a2-8ca8-85b623ffd1e5_dp0,0,nixl_start_time
1780281102.2423058,1780281102.2520227,9.717,1780281102.2520692,0.04649162292480469,137472203972,137472.203972,1780281102.2423058,9.763479232788086,0.0069141387939453125,6.224155426025391,6.204,20447232,2.104274158690954,1248,chatcmpl-7a938fe5-198b-4cb4-9123-bc05bc491a6d-a9e8a18e,"nixl_xfer_handle(0x5af9a3d88b00, released=False)",decode,0,0,452715,13,d61968e8-e4aa-43a2-8ca8-85b623ffd1e5_dp0,0,nixl_start_time
1780281102.2519126,1780281102.2641087,12.196,1780281102.2641292,0.020503997802734375,137472213579,137472.213579,1780281102.2519126,12.216567993164062,0.003814697265625,2.8378963470458984,2.809,4718592,0.3868966874385044,288,chatcmpl-089a3a4f-243b-4c66-9958-2baf55be1c90-b0641428,"nixl_xfer_handle(0x5563599d8560, released=False)",decode,1,0,452712,3,d61968e8-e4aa-43a2-8ca8-85b623ffd1e5_dp1,0,nixl_start_time
1780281102.2637978,1780281102.2765877,12.79,1780281102.2766035,0.015735626220703125,137472225464,137472.225464,1780281102.2637978,12.805700302124023,0.0030994415283203125,0.5235671997070312,0.506,1572864,0.12297607505863957,48,chatcmpl-51b4df5a-7ee1-4290-9971-53c26652df2e-b9a25735,"nixl_xfer_handle(0x5af9a3d88b00, released=False)",decode,0,0,452715,1,d61968e8-e4aa-43a2-8ca8-85b623ffd1e5_dp0,0,nixl_start_time
1780281102.4514647,1780281102.4852517,33.787,1780281102.4852717,0.02002716064453125,137472413131,137472.413131,1780281102.4514647,33.80703926086426,0.009775161743164062,14.407873153686523,14.375,75497472,2.2345124456151777,4608,chatcmpl-d26d0e64-d330-427e-85f7-b27300742925-83e4a05c,"nixl_xfer_handle(0x55633f0ed760, released=False)",decode,1,0,452712,48,d61968e8-e4aa-43a2-8ca8-85b623ffd1e5_dp1,0,nixl_start_time
1780281102.4694808,1780281102.4814239,11.943,1780281102.4815,0.07605552673339844,137472431147,137472.431147,1780281102.4694808,12.019157409667969,0.0054836273193359375,7.248163223266602,7.212,28311552,2.3705561416729464,1728,chatcmpl-683bc7c7-3e86-4809-855b-f9547760109f-9ba70ecd,"nixl_xfer_handle(0x5af9a3d88b00, released=False)",decode,0,0,452715,18,d61968e8-e4aa-43a2-8ca8-85b623ffd1e5_dp0,0,nixl_start_time
1780281102.4812627,1780281102.4938488,12.586,1780281102.4938834,0.03457069396972656,137472442929,137472.442929,1780281102.4812627,12.620687484741211,0.005245208740234375,3.5386085510253906,3.509,6291456,0.49987732401080565,384,chatcmpl-d311817b-cc81-45cc-b015-9bdc003fff5c-87551e76,"nixl_xfer_handle(0x556359ced760, released=False)",decode,1,0,452712,4,d61968e8-e4aa-43a2-8ca8-85b623ffd1e5_dp1,0,nixl_start_time
1780281102.5061557,1780281102.5067747,0.619,1780281102.507042,0.26726722717285156,137472467822,137472.467822,1780281102.5061557,0.8862018585205078,0.002384185791015625,0.6353855133056641,0.619,1572864,2.540975767366721,48,chatcmpl-076f5120-c91e-4e30-97d6-4faa8740d08f-a50b189e,"nixl_xfer_handle(0x5af9a3d88b00, released=False)",decode,0,0,452715,1,d61968e8-e4aa-43a2-8ca8-85b623ffd1e5_dp0,0,nixl_start_time
1780281102.6948516,1780281102.7066967,11.844999999999999,1780281102.7067604,0.06365776062011719,137472656518,137472.656518,1780281102.6948516,11.908769607543945,0.0059604644775390625,5.314826965332031,5.291,31457280,2.6557433516251585,1920,chatcmpl-7543c25a-6ca4-4659-bdb9-91581f653c13-ae0451e7,"nixl_xfer_handle(0x55633f0ed760, released=False)",decode,1,0,452712,20,d61968e8-e4aa-43a2-8ca8-85b623ffd1e5_dp0,0,nixl_start_time
1780281102.8189425,1780281102.8438025,24.86,1780281102.8438563,0.053882598876953125,137472780609,137472.780609,1780281102.8189425,24.913787841796875,0.006198883056640625,6.333589553833008,6.308,48758784,1.961334835076428,2976,chatcmpl-eabd35d2-354c-466c-8a3a-92efe8af9e06-96c21b26,"nixl_xfer_handle(0x556359cd39e0, released=False)",decode,1,0,452712,31,d61968e8-e4aa-43a2-8ca8-85b623ffd1e5_dp1,0,nixl_start_time
1780281102.8817255,1780281102.8937285,12.003,1780281102.8937485,0.02002716064453125,137472843392,137472.843392,1780281102.8817255,12.022972106933594,0.0073909759521484375,3.5190582275390625,3.484,26738688,2.2276670832291927,1632,chatcmpl-25234ba1-6335-4b69-bb16-ef3613c5f245-8cba0316,"nixl_xfer_handle(0x5af9a3d88b00, released=False)",decode,0,0,452715,17,d61968e8-e4aa-43a2-8ca8-85b623ffd1e5_dp0,0,nixl_start_time
1780281102.9809976,1780281102.9933555,12.357999999999999,1780281102.993385,0.02956390380859375,137472942664,137472.942664,1780281102.9809976,12.387514114379883,0.0050067901611328125,2.8409957885742188,2.819,4718592,0.38182489075902254,288,chatcmpl-966e2789-e19c-4fa1-a49c-19cc58aec0bb-a064ebd9,"nixl_xfer_handle(0x5af9a3d30d40, released=False)",decode,0,0,452715,3,d61968e8-e4aa-43a2-8ca8-85b623ffd1e5_dp1,0,nixl_start_time
1780281103.0185487,1780281103.0369747,18.426000000000002,1780281103.037002,0.027418136596679688,137472980215,137472.980215,1780281103.0185487,18.453359603881836,0.0050067901611328125,4.608154296875,4.585,22020096,1.1950556821882121,1344,chatcmpl-0d348895-5b60-4e6d-8e06-1cd42f316671-88347e12,"nixl_xfer_handle(0x556359a06000, released=False)",decode,1,0,452712,14,d61968e8-e4aa-43a2-8ca8-85b623ffd1e5_dp1,0,nixl_start_time
1780281103.0234656,1780281103.0519745,28.509,1780281103.051992,0.017404556274414062,137472985132,137472.985132,1780281103.0234656,28.52630615234375,0.004291534423828125,13.263225555419922,13.245,50331648,1.7654652215089972,3072,chatcmpl-19f17dbd-afb1-43d4-a166-8fa9804ddbb5-8ed37c8e,"nixl_xfer_handle(0x556359d0f690, released=False)",decode,1,0,452712,32,d61968e8-e4aa-43a2-8ca8-85b623ffd1e5_dp0,0,nixl_start_time
1780281103.1271126,1780281103.1589067,31.794000000000004,1780281103.1589267,0.02002716064453125,137473088779,137473.088779,1780281103.1271126,31.814098358154297,0.0059604644775390625,16.558170318603516,16.532,88080384,2.770346103038309,5376,chatcmpl-f1b23087-23c9-4133-9521-cf1598d5190d-be381e0e,"nixl_xfer_handle(0x5af9a3d30d40, released=False)",decode,0,0,452715,56,d61968e8-e4aa-43a2-8ca8-85b623ffd1e5_dp0,0,nixl_start_time
1780281103.1470578,1780281103.1589608,11.903,1780281103.1589797,0.018835067749023438,137473108724,137473.108724,1780281103.1470578,11.921882629394531,0.0045299530029296875,2.646923065185547,2.616,4718592,0.3964203982189364,288,chatcmpl-34ac3923-74b0-4ecc-a68c-5a7b95b1b3c3-ac997acc,"nixl_xfer_handle(0x5563539290f0, released=False)",decode,1,0,452712,3,d61968e8-e4aa-43a2-8ca8-85b623ffd1e5_dp1,0,nixl_start_time
1780281103.2211356,1780281103.2599225,38.787,1780281103.2599428,0.020265579223632812,137473182802,137473.182802,1780281103.2211356,38.80715370178223,0.007152557373046875,15.703201293945312,15.674,78643200,2.027565937040761,4800,chatcmpl-f101e854-c242-4ecd-9342-4cf5e72d1db1-8f03ba5e,"nixl_xfer_handle(0x5563539290f0, released=False)",decode,1,0,452712,50,d61968e8-e4aa-43a2-8ca8-85b623ffd1e5_dp0,0,nixl_start_time
1780281103.2402766,1780281103.2709036,30.627000000000002,1780281103.2709205,0.016927719116210938,137473201943,137473.201943,1780281103.2402766,30.643939971923828,0.00476837158203125,15.540361404418945,15.517,44040192,1.4379531785679303,2688,chatcmpl-d909989e-ed46-4553-a9a3-dc8b294c304a-8700a182,"nixl_xfer_handle(0x556359a06000, released=False)",decode,1,0,452712,28,d61968e8-e4aa-43a2-8ca8-85b623ffd1e5_dp1,0,nixl_start_time
1780281103.3956127,1780281103.4085326,12.92,1780281103.4085512,0.018596649169921875,137473357279,137473.357279,1780281103.3956127,12.938499450683594,0.0054836273193359375,4.999637603759766,4.978,23592960,1.8260804953560374,1440,chatcmpl-375e37b1-7d9f-434c-b8d5-e92a21ec323f-8e7747b0,"nixl_xfer_handle(0x556359a06000, released=False)",decode,1,0,452712,15,d61968e8-e4aa-43a2-8ca8-85b623ffd1e5_dp0,0,nixl_start_time
1780281103.5078957,1780281103.5207808,12.885,1780281103.5208066,0.02574920654296875,137473469562,137473.469562,1780281103.5078957,12.910842895507812,0.0045299530029296875,1.9671916961669922,1.938,3145728,0.24413876600698486,192,chatcmpl-a33d1489-d9d7-480e-8946-620db7d218dd-bd4f6422,"nixl_xfer_handle(0x556359a06000, released=False)",decode,1,0,452712,2,d61968e8-e4aa-43a2-8ca8-85b623ffd1e5_dp1,0,nixl_start_time
1780281103.6570787,1780281103.6693687,12.290000000000001,1780281103.6693892,0.020503997802734375,137473618745,137473.618745,1780281103.6570787,12.310504913330078,0.0057220458984375,2.706289291381836,2.675,4718592,0.3839375101708706,288,chatcmpl-2477bd65-5922-4891-a856-235e78187f9c-9e9bfdb5,"nixl_xfer_handle(0x556359a06000, released=False)",decode,1,0,452712,3,d61968e8-e4aa-43a2-8ca8-85b623ffd1e5_dp0,0,nixl_start_time
1780281103.7311966,1780281103.7712955,40.099000000000004,1780281103.771316,0.020503997802734375,137473692863,137473.692863,1780281103.7311966,40.11940956115723,0.007152557373046875,22.570371627807617,22.531,97517568,2.4319201975111597,5952,chatcmpl-44f5a732-420e-405b-8cfb-98445cd85e0b-b3047253,"nixl_xfer_handle(0x556359a06000, released=False)",decode,1,0,452712,62,d61968e8-e4aa-43a2-8ca8-85b623ffd1e5_dp1,0,nixl_start_time
1780281103.7576516,1780281103.7689846,11.333,1780281103.7690291,0.04458427429199219,137473719318,137473.719318,1780281103.7576516,11.377573013305664,0.00667572021484375,3.1633377075195312,3.141,18874368,1.6654343951292687,1152,chatcmpl-19ba3c90-c8a1-46b4-8fa4-d6fd3c6c9570-88d62463,"nixl_xfer_handle(0x5af9a3d30d40, released=False)",decode,0,0,452715,12,d61968e8-e4aa-43a2-8ca8-85b623ffd1e5_dp0,0,nixl_start_time
1780281103.7687497,1780281103.7812197,12.47,1780281103.7812805,0.06079673767089844,137473730416,137473.730416,1780281103.7687497,12.530803680419922,0.003814697265625,1.9619464874267578,1.938,3145728,0.2522636728147554,192,chatcmpl-f4608ccc-7262-45f4-a6c8-308877db3a90-84d4ce16,"nixl_xfer_handle(0x556356e1e550, released=False)",decode,1,0,452712,2,d61968e8-e4aa-43a2-8ca8-85b623ffd1e5_dp1,0,nixl_start_time
1780281103.7810447,1780281103.7939687,12.924,1780281103.793987,0.018358230590820312,137473742711,137473.742711,1780281103.7810447,12.942314147949219,0.0035762786865234375,4.088878631591797,4.069,31457280,2.434020427112349,1920,chatcmpl-c4a0bec9-cf87-4040-a07c-447488ef8ebc-b2a38761,"nixl_xfer_handle(0x5af9a3deba80, released=False)",decode,0,0,452715,20,d61968e8-e4aa-43a2-8ca8-85b623ffd1e5_dp0,0,nixl_start_time
1780281103.8429196,1780281103.8550255,12.106,1780281103.855045,0.019550323486328125,137473804586,137473.804586,1780281103.8429196,12.125492095947266,0.0050067901611328125,4.960060119628906,4.94,22020096,1.8189406905666612,1344,chatcmpl-d45ea52a-9ed6-4f42-875b-f705fb7cd380-88675726,"nixl_xfer_handle(0x556359a4afa0, released=False)",decode,1,0,452712,14,d61968e8-e4aa-43a2-8ca8-85b623ffd1e5_dp0,0,nixl_start_time
1780281103.9290996,1780281103.9409707,11.871,1780281103.9410021,0.03147125244140625,137473890766,137473.890766,1780281103.9290996,11.902570724487305,0.00476837158203125,3.7763118743896484,3.752,6291456,0.5299853424311347,384,chatcmpl-261b5420-7235-43dd-afb9-3b91a26403c0-92d190d2,"nixl_xfer_handle(0x5af9a37a7260, released=False)",decode,0,0,452715,4,d61968e8-e4aa-43a2-8ca8-85b623ffd1e5_dp0,0,nixl_start_time
1780281104.0511107,1780281104.0637836,12.673,1780281104.063803,0.019311904907226562,137474012777,137474.012777,1780281104.0511107,12.69221305847168,0.0057220458984375,7.002353668212891,6.969,12582912,0.9928913438017833,768,chatcmpl-d739607a-b644-4dd4-a011-172d67d511ae-a543d6bc,"nixl_xfer_handle(0x556359a4afa0, released=False)",decode,1,0,452712,8,d61968e8-e4aa-43a2-8ca8-85b623ffd1e5_dp0,0,nixl_start_time
1780281104.0634496,1780281104.0755577,12.108,1780281104.07559,0.03218650817871094,137474025116,137474.025116,1780281104.0634496,12.140274047851562,0.0095367431640625,2.876758575439453,2.851,4718592,0.38970862239841425,288,chatcmpl-14e62b44-4f33-4ebc-b0e2-aeee723d51c4-9addaebe,"nixl_xfer_handle(0x5af9a37a7260, released=False)",decode,0,0,452715,3,d61968e8-e4aa-43a2-8ca8-85b623ffd1e5_dp0,0,nixl_start_time
1780281104.0999765,1780281104.1122935,12.317,1780281104.112324,0.030517578125,137474061643,137474.061643,1780281104.0999765,12.34745979309082,0.005245208740234375,6.58869743347168,6.563,9437184,0.7661917674758464,576,chatcmpl-09d360f1-9e80-4382-8339-c35f3a893dd6-b76d1441,"nixl_xfer_handle(0x5af9a3d8d200, released=False)",decode,0,0,452715,6,d61968e8-e4aa-43a2-8ca8-85b623ffd1e5_dp1,0,nixl_start_time
1780281104.1367536,1780281104.1490345,12.281,1780281104.1490777,0.04315376281738281,137474098420,137474.09842,1780281104.1367536,12.324094772338867,0.005245208740234375,3.553152084350586,3.523,6291456,0.5122918329126293,384,chatcmpl-6997eae8-1f0a-465e-875b-fb7aa10d1f08-9fd46977,"nixl_xfer_handle(0x556359a4afa0, released=False)",decode,1,0,452712,4,d61968e8-e4aa-43a2-8ca8-85b623ffd1e5_dp0,0,nixl_start_time
1780281104.1487126,1780281104.1493657,0.653,1780281104.1496332,0.2675056457519531,137474110379,137474.110379,1780281104.1487126,0.9205341339111328,0.002384185791015625,0.6704330444335938,0.653,1572864,2.4086738131699845,48,chatcmpl-9af95a2e-dc2c-4fdb-b967-4afdb03b4017-92194d17,"nixl_xfer_handle(0x5af99a33d340, released=False)",decode,0,0,452715,1,d61968e8-e4aa-43a2-8ca8-85b623ffd1e5_dp1,0,nixl_start_time
1780281104.1731527,1780281104.1853848,12.232,1780281104.185405,0.020265579223632812,137474134819,137474.134819,1780281104.1731527,12.252330780029297,0.0045299530029296875,1.8010139465332031,1.774,3145728,0.2571720078482668,192,chatcmpl-85737775-53f9-46ed-9483-df877d1bfe87-a14eba8e,"nixl_xfer_handle(0x556359a4afa0, released=False)",decode,1,0,452712,2,d61968e8-e4aa-43a2-8ca8-85b623ffd1e5_dp0,0,nixl_start_time
1780281104.2459536,1780281104.2737405,27.787,1780281104.273758,0.017404556274414062,137474207620,137474.20762,1780281104.2459536,27.80437469482422,0.0064373016357421875,13.14854621887207,13.126,77070336,2.7736112570626554,4704,chatcmpl-4fa623dd-ca10-4d2d-a946-34b0040170f4-9fe59db4,"nixl_xfer_handle(0x5af99a33d340, released=False)",decode,0,0,452715,49,d61968e8-e4aa-43a2-8ca8-85b623ffd1e5_dp1,0,nixl_start_time
1780281104.3231127,1780281104.3467097,23.597,1780281104.3467302,0.020503997802734375,137474284779,137474.284779,1780281104.3231127,23.61750602722168,0.008106231689453125,8.681297302246094,8.655,61341696,2.5995548586684745,3744,chatcmpl-14d6ef06-11fd-4701-a0cd-b902f3c76f02-841fc093,"nixl_xfer_handle(0x5af99a33d340, released=False)",decode,0,0,452715,39,d61968e8-e4aa-43a2-8ca8-85b623ffd1e5_dp0,0,nixl_start_time
1780281104.4444017,1780281104.4761128,31.711000000000002,1780281104.4761329,0.02002716064453125,137474406068,137474.406068,1780281104.4444017,31.731128692626953,0.011920928955078125,17.045021057128906,17.014,80216064,2.52959742676043,4896,chatcmpl-4a6a97c4-acfb-45f1-9042-0d0a08ba3525-aec33309,"nixl_xfer_handle(0x556359a4afa0, released=False)",decode,1,0,452712,51,d61968e8-e4aa-43a2-8ca8-85b623ffd1e5_dp1,0,nixl_start_time
1780281104.5736456,1780281104.5746045,0.959,1780281104.5746176,0.013113021850585938,137474535312,137474.535312,1780281104.5736456,0.9720325469970703,0.003337860107421875,0.6062984466552734,0.589,1572864,1.6401084462982274,48,chatcmpl-ac3eacc7-5eaf-46a9-9960-5b793ebb194b-b5ef7746,"nixl_xfer_handle(0x5af99a33d340, released=False)",decode,0,0,452715,1,d61968e8-e4aa-43a2-8ca8-85b623ffd1e5_dp0,0,nixl_start_time
1780281104.6474497,1780281104.6716506,24.201,1780281104.671669,0.018358230590820312,137474609116,137474.609116,1780281104.6474497,24.219274520874023,0.0073909759521484375,9.083032608032227,9.048,40894464,1.689784058509979,2496,chatcmpl-9891e01a-40e5-492e-9437-9888d4d74ff7-a7a8bff5,"nixl_xfer_handle(0x5af99a33d340, released=False)",decode,0,0,452715,26,d61968e8-e4aa-43a2-8ca8-85b623ffd1e5_dp1,0,nixl_start_time
1780281104.6717796,1780281104.6960816,24.302,1780281104.696105,0.023365020751953125,137474633446,137474.633446,1780281104.6717796,24.32537078857422,0.0045299530029296875,6.252050399780273,6.231,42467328,1.7474828409184429,2592,chatcmpl-3409da09-9fc8-49be-a689-140063fa74c0-9cbba434,"nixl_xfer_handle(0x556359a4afa0, released=False)",decode,1,0,452712,27,d61968e8-e4aa-43a2-8ca8-85b623ffd1e5_dp0,0,nixl_start_time
1780281104.7568207,1780281104.7813816,24.561,1780281104.7814243,0.04267692565917969,137474718487,137474.718487,1780281104.7568207,24.603605270385742,0.0050067901611328125,5.792140960693359,5.772,39321600,1.6009771589104678,2400,chatcmpl-e13824bf-e8fe-4f12-9a82-0cc879d5a923-81582b4d,"nixl_xfer_handle(0x556359a06000, released=False)",decode,1,0,452712,25,d61968e8-e4aa-43a2-8ca8-85b623ffd1e5_dp1,0,nixl_start_time
1780281104.8668656,1780281104.8789606,12.095,1780281104.878997,0.03647804260253906,137474828532,137474.828532,1780281104.8668656,12.131452560424805,0.0133514404296875,7.239341735839844,7.204,28311552,2.340764944191815,1728,chatcmpl-1b2fb5a3-8ca1-4026-be27-f33d7fe725e9-a6ddf9b0,"nixl_xfer_handle(0x5af99a33d340, released=False)",decode,0,0,452715,18,d61968e8-e4aa-43a2-8ca8-85b623ffd1e5_dp0,0,nixl_start_time
1780281104.8907316,1780281104.8917296,0.998,1780281104.8917494,0.019788742065429688,137474852398,137474.852398,1780281104.8907316,1.0178089141845703,0.00667572021484375,0.5612373352050781,0.534,1572864,1.5760160320641283,48,chatcmpl-bb50f135-ff02-4ab9-98d5-218f36d7729a-b9861f53,"nixl_xfer_handle(0x556352598500, released=False)",decode,1,0,452712,1,d61968e8-e4aa-43a2-8ca8-85b623ffd1e5_dp1,0,nixl_start_time
1780281104.9390197,1780281104.9515717,12.552000000000001,1780281104.9515913,0.019550323486328125,137474900686,137474.900686,1780281104.9390197,12.571573257446289,0.0026226043701171875,2.506732940673828,2.488,4718592,0.3759235181644359,288,chatcmpl-5cbdcd27-86c2-4b57-b687-ec7396a1ce1b-a5a65d1e,"nixl_xfer_handle(0x5af99a33d340, released=False)",decode,0,0,452715,3,d61968e8-e4aa-43a2-8ca8-85b623ffd1e5_dp0,0,nixl_start_time
1780281105.0738356,1780281105.0860887,12.253,1780281105.086111,0.022411346435546875,137475035502,137475.035502,1780281105.0738356,12.275457382202148,0.011205673217773438,5.611419677734375,5.574,9437184,0.7701937484697625,576,chatcmpl-96f767b0-a22a-403e-9475-fcb02fe70689-9c686452,"nixl_xfer_handle(0x556352598500, released=False)",decode,1,0,452712,6,d61968e8-e4aa-43a2-8ca8-85b623ffd1e5_dp1,0,nixl_start_time
1780281105.1712766,1780281105.1973135,26.037000000000003,1780281105.197375,0.061511993408203125,137475132943,137475.132943,1780281105.1712766,26.09848976135254,0.00858306884765625,11.125564575195312,11.101,80216064,3.080848945731075,4896,chatcmpl-2b71df7b-96bc-44f2-8403-421efa099dd7-84844503,"nixl_xfer_handle(0x5af99a33d340, released=False)",decode,0,0,452715,51,d61968e8-e4aa-43a2-8ca8-85b623ffd1e5_dp0,0,nixl_start_time
1780281105.2463655,1780281105.2728586,26.493,1780281105.272894,0.03528594970703125,137475208032,137475.208032,1780281105.2463655,26.528358459472656,0.0073909759521484375,11.386871337890625,11.364,77070336,2.9090830030574115,4704,chatcmpl-26702a37-8650-4905-9b9c-77c06960475b-9b5dc006,"nixl_xfer_handle(0x5af9a3832fe0, released=False)",decode,0,0,452715,49,d61968e8-e4aa-43a2-8ca8-85b623ffd1e5_dp0,0,nixl_start_time
1780281105.3218937,1780281105.3510926,29.198999999999998,1780281105.3511124,0.019788742065429688,137475283560,137475.28356,1780281105.3218937,29.218673706054688,0.007867813110351562,11.919975280761719,11.892,78643200,2.6933525120723316,4800,chatcmpl-8aaf13b0-d962-4d86-b30d-5c8bf9855c60-b2087223,"nixl_xfer_handle(0x556352598500, released=False)",decode,1,0,452712,50,d61968e8-e4aa-43a2-8ca8-85b623ffd1e5_dp1,0,nixl_start_time
1780281105.3371236,1780281105.3489006,11.777,1780281105.3489306,0.030040740966796875,137475298790,137475.29879,1780281105.3371236,11.806964874267578,0.00286102294921875,2.718210220336914,2.7,4718592,0.400661628598115,288,chatcmpl-af76818b-784c-438b-ad11-1de8d95fd2da-89edb5bd,"nixl_xfer_handle(0x5af9a3ebe0a0, released=False)",decode,0,0,452715,3,d61968e8-e4aa-43a2-8ca8-85b623ffd1e5_dp0,0,nixl_start_time
1780281105.3488026,1780281105.3612795,12.477,1780281105.3613024,0.02288818359375,137475310469,137475.310469,1780281105.3488026,12.499809265136719,0.005245208740234375,1.819610595703125,1.791,3145728,0.25212214474633327,192,chatcmpl-4d3abec3-1020-463d-a840-7b1b150e604f-b4eca216,"nixl_xfer_handle(0x5563539290f0, released=False)",decode,1,0,452712,2,d61968e8-e4aa-43a2-8ca8-85b623ffd1e5_dp1,0,nixl_start_time
1780281105.4342897,1780281105.4664457,32.156,1780281105.4664829,0.03719329833984375,137475395956,137475.395956,1780281105.4342897,32.19318389892578,0.00667572021484375,7.158517837524414,7.136,53477376,1.663060579674089,3264,chatcmpl-4902ad85-51b0-4775-a0f6-8a5f07ab28dc-93d641b6,"nixl_xfer_handle(0x5af9a3ebe0a0, released=False)",decode,0,0,452715,34,d61968e8-e4aa-43a2-8ca8-85b623ffd1e5_dp1,0,nixl_start_time
1780281105.4461157,1780281105.4813287,35.213,1780281105.4813683,0.039577484130859375,137475407782,137475.407782,1780281105.4461157,35.25257110595703,0.0045299530029296875,20.04075050354004,20.012,14155776,0.4020042597904183,864,chatcmpl-b358ac2a-34b4-4a74-818a-ad83fffb2d02-bb940ceb,"nixl_xfer_handle(0x5af9a3dc98a0, released=False)",decode,0,0,452715,9,d61968e8-e4aa-43a2-8ca8-85b623ffd1e5_dp0,0,nixl_start_time
1780281105.4812245,1780281105.4936876,12.463000000000001,1780281105.4937148,0.027179718017578125,137475442891,137475.442891,1780281105.4812245,12.490272521972656,0.0045299530029296875,1.8458366394042969,1.821,3145728,0.252405359865201,192,chatcmpl-1091ef87-9beb-4452-aa3d-30710926b8cb-801a94ac,"nixl_xfer_handle(0x5563539290f0, released=False)",decode,1,0,452712,2,d61968e8-e4aa-43a2-8ca8-85b623ffd1e5_dp1,0,nixl_start_time
1780281105.5184016,1780281105.5299976,11.596,1780281105.5300434,0.0457763671875,137475480068,137475.480068,1780281105.5184016,11.641740798950195,0.006198883056640625,3.387928009033203,3.366,20447232,1.763300448430493,1248,chatcmpl-12710942-729f-487e-9bb1-00450d20136f-b30e69df,"nixl_xfer_handle(0x5af9a3db6540, released=False)",decode,0,0,452715,13,d61968e8-e4aa-43a2-8ca8-85b623ffd1e5_dp0,0,nixl_start_time
1780281105.5792096,1780281105.5915906,12.381,1780281105.5916102,0.019550323486328125,137475540876,137475.540876,1780281105.5792096,12.400627136230469,0.00476837158203125,3.5479068756103516,3.517,6291456,0.5081541070995881,384,chatcmpl-3d017784-de2c-4524-9302-313319361c03-99387ba0,"nixl_xfer_handle(0x5563539290f0, released=False)",decode,1,0,452712,4,d61968e8-e4aa-43a2-8ca8-85b623ffd1e5_dp1,0,nixl_start_time
1780281105.6651936,1780281105.6976097,32.416,1780281105.6976311,0.021457672119140625,137475626860,137475.62686,1780281105.6651936,32.43756294250488,0.0057220458984375,17.114639282226562,17.085,77070336,2.3775399802566635,4704,chatcmpl-751b6f71-793e-4ed2-9133-c51482639e56-83d6fffd,"nixl_xfer_handle(0x5563539290f0, released=False)",decode,1,0,452712,49,d61968e8-e4aa-43a2-8ca8-85b623ffd1e5_dp0,0,nixl_start_time
1780281105.7467136,1780281105.7590477,12.334,1780281105.7590637,0.015974044799804688,137475708380,137475.70838,1780281105.7467136,12.350082397460938,0.0045299530029296875,1.8527507781982422,1.83,3145728,0.2550452407977947,192,chatcmpl-c1abd2e7-23f4-4690-8322-267970f183ab-88c25ac2,"nixl_xfer_handle(0x5af9a3db6540, released=False)",decode,0,0,452715,2,d61968e8-e4aa-43a2-8ca8-85b623ffd1e5_dp1,0,nixl_start_time
1780281105.7469068,1780281105.7716258,24.719,1780281105.7716517,0.025987625122070312,137475708573,137475.708573,1780281105.7469068,24.74498748779297,0.0152587890625,6.784677505493164,6.751,50331648,2.03615227153202,3072,chatcmpl-8db9e399-4c2e-40a0-9e7b-0a390b8d3f9c-ae756edb,"nixl_xfer_handle(0x5563539290f0, released=False)",decode,1,0,452712,32,d61968e8-e4aa-43a2-8ca8-85b623ffd1e5_dp1,0,nixl_start_time
1780281105.8206296,1780281105.8339386,13.309,1780281105.8339996,0.06103515625,137475782296,137475.782296,1780281105.8206296,13.370037078857422,0.0045299530029296875,2.681732177734375,2.655,4718592,0.35454143812457733,288,chatcmpl-3d00c6db-dedc-4f7b-8f46-f528822754da-9c29f6b1,"nixl_xfer_handle(0x5563539290f0, released=False)",decode,1,0,452712,3,d61968e8-e4aa-43a2-8ca8-85b623ffd1e5_dp0,0,nixl_start_time
1780281105.8214617,1780281105.8451586,23.697,1780281105.8451912,0.03266334533691406,137475783128,137475.783128,1780281105.8214617,23.729562759399414,0.010967254638671875,8.854866027832031,8.825,61341696,2.5885848841625525,3744,chatcmpl-45a04e6e-b9df-4df6-a713-eb2bbdf84de5-9b3a6e7a,"nixl_xfer_handle(0x5af9a3db6540, released=False)",decode,0,0,452715,39,d61968e8-e4aa-43a2-8ca8-85b623ffd1e5_dp0,0,nixl_start_time
1780281105.8948298,1780281105.9249818,30.152,1780281105.9249983,0.016450881958007812,137475856496,137475.856496,1780281105.8948298,30.168533325195312,0.008344650268554688,9.121417999267578,9.095,67633152,2.243073494295569,4128,chatcmpl-a0c4821f-09f5-4403-b901-d826a1b0c520-9d11ccc9,"nixl_xfer_handle(0x5af9a3db6540, released=False)",decode,0,0,452715,43,d61968e8-e4aa-43a2-8ca8-85b623ffd1e5_dp0,0,nixl_start_time
1780281105.9075007,1780281105.9204898,12.989,1780281105.9205103,0.020503997802734375,137475869167,137475.869167,1780281105.9075007,13.00954818725586,0.0054836273193359375,7.13801383972168,7.106,12582912,0.9687360073908692,768,chatcmpl-ff3dda26-6b56-4a68-8add-7fb3f6bb1031-a2b97d1d,"nixl_xfer_handle(0x5563539290f0, released=False)",decode,1,0,452712,8,d61968e8-e4aa-43a2-8ca8-85b623ffd1e5_dp1,0,nixl_start_time
1780281105.9204087,1780281105.9435537,23.145,1780281105.943573,0.019311904907226562,137475882075,137475.882075,1780281105.9204087,23.16427230834961,0.008344650268554688,4.272937774658203,4.248,37748736,1.6309672067401169,2304,chatcmpl-5c351ee5-fb43-4d2c-80b2-2ee2aed195fe-9a09d978,"nixl_xfer_handle(0x5af9a3ebe0a0, released=False)",decode,0,0,452715,24,d61968e8-e4aa-43a2-8ca8-85b623ffd1e5_dp0,0,nixl_start_time
1780281106.0052516,1780281106.0293117,24.060000000000002,1780281106.0293336,0.02193450927734375,137475966918,137475.966918,1780281106.0052516,24.081945419311523,0.00667572021484375,6.838798522949219,6.817,58195968,2.4187850374064834,3552,chatcmpl-65701b70-8c37-4556-9a52-4aa4042a50ee-aa837d1f,"nixl_xfer_handle(0x5563539290f0, released=False)",decode,1,0,452712,37,d61968e8-e4aa-43a2-8ca8-85b623ffd1e5_dp1,0,nixl_start_time
1780281106.0911636,1780281106.1335356,42.372,1780281106.1335502,0.014543533325195312,137476052830,137476.05283,1780281106.0911636,42.386531829833984,0.00667572021484375,15.08474349975586,15.051,88080384,2.0787403001982443,5376,chatcmpl-4a78a14d-b4b6-4507-8d30-4b90a78a774f-a8e32fe5,"nixl_xfer_handle(0x5af9a3ebe0a0, released=False)",decode,0,0,452715,56,d61968e8-e4aa-43a2-8ca8-85b623ffd1e5_dp0,0,nixl_start_time
1780281106.0912466,1780281106.1435456,52.299,1780281106.1435657,0.02002716064453125,137476052913,137476.052913,1780281106.0912466,52.31904983520508,0.0064373016357421875,12.510538101196289,12.484,70778880,1.3533505420753744,4320,chatcmpl-692d4adb-73c2-416e-8147-96bd0e15059b-b0118333,"nixl_xfer_handle(0x5563539290f0, released=False)",decode,1,0,452712,45,d61968e8-e4aa-43a2-8ca8-85b623ffd1e5_dp0,0,nixl_start_time
1780281106.1097836,1780281106.1523476,42.564,1780281106.1523879,0.04029273986816406,137476071450,137476.07145,1780281106.1097836,42.60420799255371,0.007152557373046875,23.4377384185791,23.409,15728640,0.36952917958838455,960,chatcmpl-b817dac4-4cd1-45a3-a6b9-b97af8da5b8f-a79e0d0c,"nixl_xfer_handle(0x5af9a3db6540, released=False)",decode,0,0,452715,10,d61968e8-e4aa-43a2-8ca8-85b623ffd1e5_dp1,0,nixl_start_time
1780281106.1364977,1780281106.1524098,15.911999999999999,1780281106.1524339,0.024080276489257812,137476098164,137476.098164,1780281106.1364977,15.936136245727539,0.0059604644775390625,6.120920181274414,6.101,20447232,1.2850196078431373,1248,chatcmpl-8f9ce15e-eb73-4cea-b6be-7a0d86e45e3f-bf3d5276,"nixl_xfer_handle(0x5af9a3ebe0a0, released=False)",decode,0,0,452715,13,d61968e8-e4aa-43a2-8ca8-85b623ffd1e5_dp1,0,nixl_start_time
1780281106.1369076,1780281106.1608095,23.902,1780281106.1608324,0.02288818359375,137476098574,137476.098574,1780281106.1369076,23.924827575683594,0.00476837158203125,6.177186965942383,6.147,11010048,0.46063291774746884,672,chatcmpl-d91953d8-519a-4565-aa70-77cc41e0fb83-b1c0d907,"nixl_xfer_handle(0x556352598500, released=False)",decode,1,0,452712,7,d61968e8-e4aa-43a2-8ca8-85b623ffd1e5_dp0,0,nixl_start_time
1780281106.1485097,1780281106.1606567,12.147,1780281106.1606908,0.03409385681152344,137476110176,137476.110176,1780281106.1485097,12.18104362487793,0.007867813110351562,3.5521984100341797,3.53,23592960,1.9422869844406025,1440,chatcmpl-5dff094c-688b-406c-b4a8-abde440649b1-944d0e57,"nixl_xfer_handle(0x5af9a3d3bdb0, released=False)",decode,0,0,452715,15,d61968e8-e4aa-43a2-8ca8-85b623ffd1e5_dp1,0,nixl_start_time
1780281106.2096376,1780281106.2223577,12.72,1780281106.22241,0.05221366882324219,137476171304,137476.171304,1780281106.2096376,12.772321701049805,0.004291534423828125,1.795053482055664,1.767,3145728,0.2473056603773585,192,chatcmpl-83de0638-ea9c-40fd-8622-34f77239e7ed-bbe8d04f,"nixl_xfer_handle(0x556352598500, released=False)",decode,1,0,452712,2,d61968e8-e4aa-43a2-8ca8-85b623ffd1e5_dp1,0,nixl_start_time
1780281106.3093166,1780281106.3357167,26.4,1780281106.3357565,0.03981590270996094,137476270983,137476.270983,1780281106.3093166,26.439905166625977,0.00762939453125,7.3223114013671875,7.297,55050240,2.0852363636363638,3360,chatcmpl-e01e0900-4007-43fc-beb9-5e36c18b487f-93957d33,"nixl_xfer_handle(0x5af9a3dc31e0, released=False)",decode,0,0,452715,35,d61968e8-e4aa-43a2-8ca8-85b623ffd1e5_dp0,0,nixl_start_time
1780281106.3212006,1780281106.3478956,26.695,1780281106.3479152,0.019550323486328125,137476282867,137476.282867,1780281106.3212006,26.714563369750977,0.0059604644775390625,11.172056198120117,11.149,34603008,1.2962355497284135,2112,chatcmpl-89c31072-9138-42ef-882b-a5fd96c3acd2-9e6befc0,"nixl_xfer_handle(0x5af9a3ebe0a0, released=False)",decode,0,0,452715,22,d61968e8-e4aa-43a2-8ca8-85b623ffd1e5_dp1,0,nixl_start_time
1780281106.3478856,1780281106.3599706,12.085,1780281106.3600276,0.05698204040527344,137476309552,137476.309552,1780281106.3478856,12.141942977905273,0.0057220458984375,5.348682403564453,5.328,25165824,2.0824016549441455,1536,chatcmpl-205395c8-f139-4559-836f-43fee995addd-a6a4cea2,"nixl_xfer_handle(0x556352598500, released=False)",decode,1,0,452712,16,d61968e8-e4aa-43a2-8ca8-85b623ffd1e5_dp0,0,nixl_start_time
1780281106.3722258,1780281106.3845377,12.312,1780281106.3845687,0.030994415283203125,137476333892,137476.333892,1780281106.3722258,12.34292984008789,0.0040531158447265625,2.0627975463867188,2.042,3145728,0.2555009746588694,192,chatcmpl-82bb156e-13eb-4d63-9921-1656e832084e-8af496a3,"nixl_xfer_handle(0x5af9a3ebe0a0, released=False)",decode,0,0,452715,2,d61968e8-e4aa-43a2-8ca8-85b623ffd1e5_dp0,0,nixl_start_time
1780281106.4094868,1780281106.4219768,12.49,1780281106.421996,0.019311904907226562,137476371153,137476.371153,1780281106.4094868,12.509346008300781,0.0045299530029296875,1.8801689147949219,1.845,3145728,0.25185972778222576,192,chatcmpl-1aeadcb2-aecc-4e47-9ff7-75775c8b4d5c-8715aaf1,"nixl_xfer_handle(0x556352598500, released=False)",decode,1,0,452712,2,d61968e8-e4aa-43a2-8ca8-85b623ffd1e5_dp1,0,nixl_start_time
1780281106.6324027,1780281106.6615956,29.193,1780281106.6616156,0.02002716064453125,137476594069,137476.594069,1780281106.6324027,29.21295166015625,0.00762939453125,13.72671127319336,13.684,77070336,2.640027951906279,4704,chatcmpl-6581c602-50df-4a82-8b81-fdfdaff2699b-a350cbec,"nixl_xfer_handle(0x556352598500, released=False)",decode,1,0,452712,49,d61968e8-e4aa-43a2-8ca8-85b623ffd1e5_dp0,0,nixl_start_time
1780281106.6985936,1780281106.7174296,18.836,1780281106.7174485,0.018835067749023438,137476660260,137476.66026,1780281106.6985936,18.854856491088867,0.0059604644775390625,5.342721939086914,5.308,9437184,0.5010184752601402,576,chatcmpl-23edaf31-d934-4ce2-8d39-2115c57fabd7-91c9454f,"nixl_xfer_handle(0x556352598500, released=False)",decode,1,0,452712,6,d61968e8-e4aa-43a2-8ca8-85b623ffd1e5_dp1,0,nixl_start_time
1780281106.6991158,1780281106.7289739,29.858,1780281106.7289937,0.019788742065429688,137476660782,137476.660782,1780281106.6991158,29.877901077270508,0.00667572021484375,14.921426773071289,14.887,15728640,0.5267814321119968,960,chatcmpl-a94ecf20-8f6e-40d6-a8f1-11fb94a87447-8eb978d5,"nixl_xfer_handle(0x5af9a3ebe0a0, released=False)",decode,0,0,452715,10,d61968e8-e4aa-43a2-8ca8-85b623ffd1e5_dp0,0,nixl_start_time
1780281106.8156106,1780281106.8405237,24.913,1780281106.8405635,0.03981590270996094,137476777277,137476.777277,1780281106.8156106,24.95288848876953,0.0064373016357421875,6.838798522949219,6.816,56623104,2.2728336210010838,3456,chatcmpl-6731bbab-0d1c-488d-bf37-7c5b09c6e8df-9bc15bbd,"nixl_xfer_handle(0x556352598500, released=False)",decode,1,0,452712,36,d61968e8-e4aa-43a2-8ca8-85b623ffd1e5_dp1,0,nixl_start_time
1780281106.8898377,1780281106.9022157,12.378,1780281106.9022477,0.031948089599609375,137476851504,137476.851504,1780281106.8898377,12.40992546081543,0.00286102294921875,5.832910537719727,5.81,9437184,0.7624158991759573,576,chatcmpl-39da8228-9743-4651-8480-7f4ac47b5073-b0fdacf5,"nixl_xfer_handle(0x5af9a3ebe0a0, released=False)",decode,0,0,452715,6,d61968e8-e4aa-43a2-8ca8-85b623ffd1e5_dp0,0,nixl_start_time
1780281106.8900316,1780281106.9144595,24.427999999999997,1780281106.9144804,0.0209808349609375,137476851698,137476.851698,1780281106.8900316,24.448871612548828,0.005245208740234375,7.470846176147461,7.451,64487424,2.639897822171279,3936,chatcmpl-1fd03638-f0d2-452f-a7fd-aad325a6ea28-8ae2c634,"nixl_xfer_handle(0x556352598500, released=False)",decode,1,0,452712,41,d61968e8-e4aa-43a2-8ca8-85b623ffd1e5_dp0,0,nixl_start_time
1780281106.9638226,1780281106.9818676,18.044999999999998,1780281106.9818897,0.022172927856445312,137476925489,137476.925489,1780281106.9638226,18.067121505737305,0.00476837158203125,1.840829849243164,1.814,3145728,0.17432684954280966,192,chatcmpl-f06b57d2-a061-4b33-b374-eac590d4ff0a-84325b17,"nixl_xfer_handle(0x556352598500, released=False)",decode,1,0,452712,2,d61968e8-e4aa-43a2-8ca8-85b623ffd1e5_dp1,0,nixl_start_time
1780281106.9645057,1780281106.9831676,18.662000000000003,1780281106.9832015,0.033855438232421875,137476926172,137476.926172,1780281106.9645057,18.695831298828125,0.007867813110351562,11.319637298583984,11.281,58195968,3.1184207480441537,3552,chatcmpl-5c24ae97-f246-446e-8ee9-c1264defa1e1-83c6a245,"nixl_xfer_handle(0x5af9a3ebe0a0, released=False)",decode,0,0,452715,37,d61968e8-e4aa-43a2-8ca8-85b623ffd1e5_dp1,0,nixl_start_time
1780281106.9792488,1780281106.9908607,11.612,1780281106.9908795,0.018835067749023438,137476940915,137476.940915,1780281106.9792488,11.630773544311523,0.004291534423828125,3.6292076110839844,3.605,3145728,0.2709032035825008,192,chatcmpl-5940fa63-c260-403a-a966-da6ec1cf9136-9c12d2bf,"nixl_xfer_handle(0x5af9a3dc31e0, released=False)",decode,0,0,452715,2,d61968e8-e4aa-43a2-8ca8-85b623ffd1e5_dp0,0,nixl_start_time
1780281106.9796007,1780281106.9910107,11.41,1780281106.9910634,0.05269050598144531,137476941267,137476.941267,1780281106.9796007,11.462688446044922,0.004291534423828125,1.8198490142822266,1.792,3145728,0.27569921121822966,192,chatcmpl-aab6c4fc-cf59-4cff-b6c5-7e19bc0018be-bc9ab08b,"nixl_xfer_handle(0x5563539290f0, released=False)",decode,1,0,452712,2,d61968e8-e4aa-43a2-8ca8-85b623ffd1e5_dp0,0,nixl_start_time
1780281107.0776668,1780281107.0900779,12.411,1780281107.0901103,0.0324249267578125,137477039333,137477.039333,1780281107.0776668,12.44354248046875,0.0050067901611328125,1.8889904022216797,1.86,3145728,0.2534628958182258,192,chatcmpl-936633fb-d53d-4cc8-b6e8-d36bb02d8145-a7d88d5e,"nixl_xfer_handle(0x5563539290f0, released=False)",decode,1,0,452712,2,d61968e8-e4aa-43a2-8ca8-85b623ffd1e5_dp0,0,nixl_start_time
1780281107.1523306,1780281107.1845627,32.232,1780281107.184591,0.028371810913085938,137477113997,137477.113997,1780281107.1523306,32.26041793823242,0.0057220458984375,17.06385612487793,17.037,83361792,2.5863052866716307,5088,chatcmpl-1b54d52c-0888-486e-8205-77ee49cc0d3f-9689b8c2,"nixl_xfer_handle(0x5563539290f0, released=False)",decode,1,0,452712,53,d61968e8-e4aa-43a2-8ca8-85b623ffd1e5_dp0,0,nixl_start_time
1780281107.2341866,1780281107.2553036,21.117,1780281107.255329,0.025272369384765625,137477195853,137477.195853,1780281107.2341866,21.142244338989258,0.0054836273193359375,4.722356796264648,4.693,7864320,0.3724165364398352,480,chatcmpl-a7d28fec-47dc-4456-8ae8-ba11d13144a0-ba578f1d,"nixl_xfer_handle(0x5563539290f0, released=False)",decode,1,0,452712,5,d61968e8-e4aa-43a2-8ca8-85b623ffd1e5_dp1,0,nixl_start_time
1780281107.2348497,1780281107.2607157,25.866,1780281107.260731,0.0152587890625,137477196516,137477.196516,1780281107.2348497,25.881290435791016,0.007152557373046875,12.311458587646484,12.287,77070336,2.9796000927858963,4704,chatcmpl-1de34dbd-1223-49d4-b307-e7880d193960-8efe2729,"nixl_xfer_handle(0x5af9a3dc31e0, released=False)",decode,0,0,452715,49,d61968e8-e4aa-43a2-8ca8-85b623ffd1e5_dp1,0,nixl_start_time
1780281107.2509208,1780281107.2757459,24.825,1780281107.2757776,0.03170967102050781,137477212587,137477.212587,1780281107.2509208,24.8568058013916,0.005245208740234375,9.551286697387695,9.526,4718592,0.1900741993957704,288,chatcmpl-2eb6b072-2f1d-4e9b-a7aa-ba3cf9c9f5e9-96e45cef,"nixl_xfer_handle(0x5af9a3ebe0a0, released=False)",decode,0,0,452715,3,d61968e8-e4aa-43a2-8ca8-85b623ffd1e5_dp0,0,nixl_start_time
1780281107.2511866,1780281107.2639127,12.725999999999999,1780281107.263931,0.018358230590820312,137477212853,137477.212853,1780281107.2511866,12.744426727294922,0.004291534423828125,3.6525726318359375,3.616,6291456,0.4943781235266384,384,chatcmpl-474ca7ea-ea8f-46f8-a073-8219db4028cd-929578d1,"nixl_xfer_handle(0x556352598500, released=False)",decode,1,0,452712,4,d61968e8-e4aa-43a2-8ca8-85b623ffd1e5_dp0,0,nixl_start_time
1780281107.3250747,1780281107.3482087,23.133999999999997,1780281107.348223,0.01430511474609375,137477286741,137477.286741,1780281107.3250747,23.148298263549805,0.0057220458984375,9.595870971679688,9.567,36175872,1.5637534365003891,2208,chatcmpl-2548d70e-bf96-4b73-84f9-8a2fa090978c-b69ed6dd,"nixl_xfer_handle(0x5af9a3ebe0a0, released=False)",decode,0,0,452715,23,d61968e8-e4aa-43a2-8ca8-85b623ffd1e5_dp1,0,nixl_start_time
1780281107.3380637,1780281107.3482687,10.205,1780281107.3482952,0.026464462280273438,137477299730,137477.29973,1780281107.3380637,10.231494903564453,0.00476837158203125,4.001855850219727,3.982,26738688,2.6201556099951007,1632,chatcmpl-b5de20d8-bc1d-4f8a-9216-02f6f46c104a-985628bf,"nixl_xfer_handle(0x5af9a3dc31e0, released=False)",decode,0,0,452715,17,d61968e8-e4aa-43a2-8ca8-85b623ffd1e5_dp1,0,nixl_start_time
1780281107.3382215,1780281107.3597596,21.538,1780281107.3597991,0.039577484130859375,137477299888,137477.299888,1780281107.3382215,21.57759666442871,0.005245208740234375,7.151365280151367,7.13,59768832,2.7750409508775187,3648,chatcmpl-acafeb85-f07a-4ec5-a094-f3fd0af1799f-9f489336,"nixl_xfer_handle(0x556352598500, released=False)",decode,1,0,452712,38,d61968e8-e4aa-43a2-8ca8-85b623ffd1e5_dp1,0,nixl_start_time
1780281107.3421397,1780281107.3636098,21.47,1780281107.3636289,0.019073486328125,137477303806,137477.303806,1780281107.3421397,21.48914337158203,0.00286102294921875,5.814313888549805,5.798,4718592,0.21977605961807173,288,chatcmpl-506682c0-3f40-4b8c-9b85-f7a60ef10881-a8429760,"nixl_xfer_handle(0x5af9a3db6540, released=False)",decode,0,0,452715,3,d61968e8-e4aa-43a2-8ca8-85b623ffd1e5_dp0,0,nixl_start_time
1780281107.3454566,1780281107.3746507,29.194000000000003,1780281107.374685,0.034332275390625,137477307123,137477.307123,1780281107.3454566,29.22844886779785,0.0030994415283203125,14.019012451171875,13.993,6291456,0.21550510378844967,384,chatcmpl-42bb398b-a777-4ed2-82fb-a17ace16002e-a36490e3,"nixl_xfer_handle(0x5563539290f0, released=False)",decode,1,0,452712,4,d61968e8-e4aa-43a2-8ca8-85b623ffd1e5_dp0,0,nixl_start_time
1780281107.4116015,1780281107.4479434,36.342,1780281107.447965,0.021457672119140625,137477373268,137477.373268,1780281107.4116015,36.36336326599121,0.00762939453125,15.135765075683594,15.108,77070336,2.1206960541522206,4704,chatcmpl-676d38e8-ff78-40e3-a43c-964c81298779-a428d02b,"nixl_xfer_handle(0x5563539290f0, released=False)",decode,1,0,452712,49,d61968e8-e4aa-43a2-8ca8-85b623ffd1e5_dp1,0,nixl_start_time
1780281107.4301476,1780281107.4437566,13.609,1780281107.4437706,0.014066696166992188,137477391814,137477.391814,1780281107.4301476,13.62299919128418,0.00286102294921875,1.9080638885498047,1.889,3145728,0.23115056212800353,192,chatcmpl-d185cd2e-78e4-4022-892e-84d0c245e78d-a62f1dc7,"nixl_xfer_handle(0x5af9a3db6540, released=False)",decode,0,0,452715,2,d61968e8-e4aa-43a2-8ca8-85b623ffd1e5_dp1,0,nixl_start_time
1780281107.4414246,1780281107.4545856,13.161000000000001,1780281107.4546049,0.019311904907226562,137477403091,137477.403091,1780281107.4414246,13.180255889892578,0.004291534423828125,6.043672561645508,6.01,11010048,0.836566218372464,672,chatcmpl-715603e4-c435-4e8b-ade1-d10ee7bdc3bf-bd541370,"nixl_xfer_handle(0x556352598500, released=False)",decode,1,0,452712,7,d61968e8-e4aa-43a2-8ca8-85b623ffd1e5_dp0,0,nixl_start_time
1780281107.4414427,1780281107.4544346,12.992,1780281107.4544547,0.02002716064453125,137477403109,137477.403109,1780281107.4414427,13.011932373046875,0.0054836273193359375,2.0134449005126953,1.991,3145728,0.24212807881773402,192,chatcmpl-aaf65d8b-23f1-4cdd-8498-8f8609212826-950e36ed,"nixl_xfer_handle(0x5af9a3dc31e0, released=False)",decode,0,0,452715,2,d61968e8-e4aa-43a2-8ca8-85b623ffd1e5_dp1,0,nixl_start_time
1780281107.5920627,1780281107.6232247,31.162,1780281107.6232607,0.03600120544433594,137477553729,137477.553729,1780281107.5920627,31.19802474975586,0.009298324584960938,10.554313659667969,10.528,75497472,2.4227415441884346,4608,chatcmpl-0724c28c-eda8-41b6-b434-5a57e7248db0-92c57517,"nixl_xfer_handle(0x5af9a3dc31e0, released=False)",decode,0,0,452715,48,d61968e8-e4aa-43a2-8ca8-85b623ffd1e5_dp0,0,nixl_start_time
1780281107.6059077,1780281107.6386397,32.732,1780281107.6386564,0.016689300537109375,137477567574,137477.567574,1780281107.6059077,32.74869918823242,0.0057220458984375,13.940811157226562,13.919,31457280,0.9610558474886962,1920,chatcmpl-119e2376-5b6a-4d3f-badc-6574686f8a37-a669eb4c,"nixl_xfer_handle(0x5af9a3db6540, released=False)",decode,0,0,452715,20,d61968e8-e4aa-43a2-8ca8-85b623ffd1e5_dp1,0,nixl_start_time
1780281107.6350586,1780281107.6478467,12.788,1780281107.64789,0.043392181396484375,137477596725,137477.596725,1780281107.6350586,12.831449508666992,0.00286102294921875,3.287076950073242,3.257,6291456,0.49198123240538,384,chatcmpl-cda27e31-36a5-47ed-a1d7-58e7695e2c73-b6e9ba4a,"nixl_xfer_handle(0x5af9a3dc31e0, released=False)",decode,0,0,452715,4,d61968e8-e4aa-43a2-8ca8-85b623ffd1e5_dp0,0,nixl_start_time
1780281107.6351917,1780281107.6480496,12.857999999999999,1780281107.648105,0.0553131103515625,137477596858,137477.596858,1780281107.6351917,12.913227081298828,0.0054836273193359375,4.326581954956055,4.306,20447232,1.59023425104993,1248,chatcmpl-d641af5f-be47-4c0f-94c9-90db5cb5d162-b7121573,"nixl_xfer_handle(0x556352598500, released=False)",decode,1,0,452712,13,d61968e8-e4aa-43a2-8ca8-85b623ffd1e5_dp0,0,nixl_start_time
1780281107.7354457,1780281107.7479408,12.495,1780281107.7479694,0.0286102294921875,137477697112,137477.697112,1780281107.7354457,12.523651123046875,0.0050067901611328125,5.5389404296875,5.515,9437184,0.755276830732293,576,chatcmpl-12062a49-3eaa-4e33-9d98-ff4defb90eb8-80c8fa4a,"nixl_xfer_handle(0x5af9a3dc31e0, released=False)",decode,0,0,452715,6,d61968e8-e4aa-43a2-8ca8-85b623ffd1e5_dp1,0,nixl_start_time
1780281107.7605386,1780281107.7734625,12.924,1780281107.7735207,0.05817413330078125,137477722205,137477.722205,1780281107.7605386,12.98213005065918,0.0035762786865234375,1.8413066864013672,1.814,3145728,0.24340204271123492,192,chatcmpl-7692443e-5aec-4ada-b12f-42527ac54c97-85f93ab1,"nixl_xfer_handle(0x556352598500, released=False)",decode,1,0,452712,2,d61968e8-e4aa-43a2-8ca8-85b623ffd1e5_dp0,0,nixl_start_time
1780281107.7855237,1780281107.7984426,12.919,1780281107.7985008,0.05817413330078125,137477747190,137477.74719,1780281107.7855237,12.977123260498047,0.002384185791015625,1.9528865814208984,1.933,3145728,0.24349624583946128,192,chatcmpl-eb11a34f-6fee-4532-81d4-cf79ff2da1f5-a535b3b5,"nixl_xfer_handle(0x5af9a3dc31e0, released=False)",decode,0,0,452715,2,d61968e8-e4aa-43a2-8ca8-85b623ffd1e5_dp1,0,nixl_start_time
1780281107.8230786,1780281107.8357477,12.669,1780281107.8357925,0.04482269287109375,137477784745,137477.784745,1780281107.8230786,12.713909149169922,0.00286102294921875,0.5507469177246094,0.532,1572864,0.12415060383613545,48,chatcmpl-6d6719b0-03a7-468b-967d-0172fb16cf19-9b7462d4,"nixl_xfer_handle(0x5af9a3dc31e0, released=False)",decode,0,0,452715,1,d61968e8-e4aa-43a2-8ca8-85b623ffd1e5_dp1,0,nixl_start_time
1780281107.8356237,1780281107.8484256,12.802,1780281107.8484776,0.051975250244140625,137477797290,137477.79729,1780281107.8356237,12.853860855102539,0.0040531158447265625,1.8067359924316406,1.78,3145728,0.24572160599906265,192,chatcmpl-d2c194f6-170f-4e0c-b275-f7536417be22-932b5711,"nixl_xfer_handle(0x556352598500, released=False)",decode,1,0,452712,2,d61968e8-e4aa-43a2-8ca8-85b623ffd1e5_dp0,0,nixl_start_time
1780281107.8733137,1780281107.8843946,11.081000000000001,1780281107.8844101,0.015497207641601562,137477834980,137477.83498,1780281107.8733137,11.096477508544922,0.0059604644775390625,3.8194656372070312,3.787,18874368,1.7033090876274704,1152,chatcmpl-e4cdcb13-d318-4238-8ebb-cca54c9d7fd3-b2ee3f37,"nixl_xfer_handle(0x5af9a3dc31e0, released=False)",decode,0,0,452715,12,d61968e8-e4aa-43a2-8ca8-85b623ffd1e5_dp0,0,nixl_start_time
1780281107.8733327,1780281107.8881698,14.837,1780281107.8881917,0.02193450927734375,137477834999,137477.834999,1780281107.8733327,14.85896110534668,0.0050067901611328125,5.446434020996094,5.409,9437184,0.6360574240075487,576,chatcmpl-e37c0f5f-1784-4f27-9d0d-d4d5122116e6-b6d05552,"nixl_xfer_handle(0x556352598500, released=False)",decode,1,0,452712,6,d61968e8-e4aa-43a2-8ca8-85b623ffd1e5_dp1,0,nixl_start_time
1780281107.8776445,1780281107.8877056,10.061,1780281107.887726,0.020503997802734375,137477839311,137477.839311,1780281107.8776445,10.08152961730957,0.005245208740234375,6.365299224853516,6.349,22020096,2.188658781433257,1344,chatcmpl-22811060-e430-4dc7-a220-2b2b74dd4260-82601ded,"nixl_xfer_handle(0x5af9a3db6540, released=False)",decode,0,0,452715,14,d61968e8-e4aa-43a2-8ca8-85b623ffd1e5_dp1,0,nixl_start_time
1780281107.9622946,1780281107.9966927,34.397999999999996,1780281107.9967394,0.04673004150390625,137477923961,137477.923961,1780281107.9622946,34.44480895996094,0.00858306884765625,15.592336654663086,15.557,78643200,2.2862724577010294,4800,chatcmpl-73e92863-e37c-4f23-bc84-e828598c7000-a9821f1f,"nixl_xfer_handle(0x5af9a3db6540, released=False)",decode,0,0,452715,50,d61968e8-e4aa-43a2-8ca8-85b623ffd1e5_dp0,0,nixl_start_time
1780281107.9810977,1780281107.9933548,12.257,1780281107.993383,0.028133392333984375,137477942764,137477.942764,1780281107.9810977,12.285232543945312,0.004291534423828125,1.9845962524414062,1.955,3145728,0.25664746675369177,192,chatcmpl-b8345f5c-3ef5-4dde-806d-be0d0e09687c-9a184e30,"nixl_xfer_handle(0x556352598500, released=False)",decode,1,0,452712,2,d61968e8-e4aa-43a2-8ca8-85b623ffd1e5_dp1,0,nixl_start_time
1780281107.9931097,1780281107.9964018,3.292,1780281107.9967575,0.35572052001953125,137477954776,137477.954776,1780281107.9931097,3.6478042602539062,0.0026226043701171875,3.3109188079833984,3.292,4718592,1.4333511543134874,288,chatcmpl-fc192cd6-05c5-4f62-ac0b-8cc5783dabe1-9ece1ae0,"nixl_xfer_handle(0x5af9a3dc31e0, released=False)",decode,0,0,452715,3,d61968e8-e4aa-43a2-8ca8-85b623ffd1e5_dp0,0,nixl_start_time
1780281108.1066616,1780281108.1389325,32.271,1780281108.1389604,0.027894973754882812,137478068328,137478.068328,1780281108.1066616,32.29880332946777,0.0064373016357421875,16.44587516784668,16.42,77070336,2.3882227386817885,4704,chatcmpl-ae0cc8a0-d5f0-4430-bc7f-6452e06c8bf1-814d149c,"nixl_xfer_handle(0x556352598500, released=False)",decode,1,0,452712,49,d61968e8-e4aa-43a2-8ca8-85b623ffd1e5_dp0,0,nixl_start_time
1780281108.1265457,1780281108.1389816,12.436,1780281108.1390388,0.057220458984375,137478088212,137478.088212,1780281108.1265457,12.493133544921875,0.004291534423828125,1.3203620910644531,1.299,3145728,0.2529533612093921,192,chatcmpl-58aecd35-19f5-4cfc-a1bc-2542c36394cd-bb5cbe90,"nixl_xfer_handle(0x5563539290f0, released=False)",decode,1,0,452712,2,d61968e8-e4aa-43a2-8ca8-85b623ffd1e5_dp1,0,nixl_start_time
1780281108.1267207,1780281108.1510487,24.328,1780281108.1510952,0.04649162292480469,137478088387,137478.088387,1780281108.1267207,24.37448501586914,0.006198883056640625,7.690906524658203,7.667,56623104,2.327487010851694,3456,chatcmpl-ba14c179-6298-478b-b5fd-0579c1c4ab0a-9ed1ab62,"nixl_xfer_handle(0x5af9a3dc31e0, released=False)",decode,0,0,452715,36,d61968e8-e4aa-43a2-8ca8-85b623ffd1e5_dp1,0,nixl_start_time
1780281108.1637576,1780281108.1762846,12.527,1780281108.1763277,0.04315376281738281,137478125424,137478.125424,1780281108.1637576,12.57014274597168,0.0040531158447265625,2.9077529907226562,2.886,4718592,0.37667374471142334,288,chatcmpl-f305f759-2564-43bf-a0c1-b0239e3b4914-a6b07e20,"nixl_xfer_handle(0x5af9a3dc31e0, released=False)",decode,0,0,452715,3,d61968e8-e4aa-43a2-8ca8-85b623ffd1e5_dp0,0,nixl_start_time
1780281108.1889646,1780281108.2084706,19.506,1780281108.2084975,0.026941299438476562,137478150631,137478.150631,1780281108.1889646,19.53291893005371,0.0057220458984375,4.160881042480469,4.139,17301504,0.8869836973239004,1056,chatcmpl-e560953f-f4db-4999-808f-ee9a57755b5d-935228c3,"nixl_xfer_handle(0x5563539290f0, released=False)",decode,1,0,452712,11,d61968e8-e4aa-43a2-8ca8-85b623ffd1e5_dp1,0,nixl_start_time
1780281108.2015896,1780281108.2194216,17.832,1780281108.2194357,0.014066696166992188,137478163256,137478.163256,1780281108.2015896,17.846107482910156,0.005245208740234375,6.410837173461914,6.374,11010048,0.6174320323014804,672,chatcmpl-b389fd18-5186-4f83-b791-06f70948ac8e-99e7056b,"nixl_xfer_handle(0x556352598500, released=False)",decode,1,0,452712,7,d61968e8-e4aa-43a2-8ca8-85b623ffd1e5_dp0,0,nixl_start_time
1780281108.2138226,1780281108.2267725,12.95,1780281108.2267904,0.017881393432617188,137478175489,137478.175489,1780281108.2138226,12.967824935913086,0.005245208740234375,5.216360092163086,5.196,31457280,2.4291335907335907,1920,chatcmpl-b56be834-d3a8-4a11-a34e-f9e6413dcce8-9892bef7,"nixl_xfer_handle(0x5563539290f0, released=False)",decode,1,0,452712,20,d61968e8-e4aa-43a2-8ca8-85b623ffd1e5_dp1,0,nixl_start_time
1780281108.2518606,1780281108.2646365,12.776,1780281108.2646928,0.05626678466796875,137478213527,137478.213527,1780281108.2518606,12.832164764404297,0.0045299530029296875,1.8701553344726562,1.838,3145728,0.2462216656230432,192,chatcmpl-dc6334b3-76fe-4ccd-b8c9-ecb7fe5c7c7a-b4b650ab,"nixl_xfer_handle(0x5563539290f0, released=False)",decode,1,0,452712,2,d61968e8-e4aa-43a2-8ca8-85b623ffd1e5_dp0,0,nixl_start_time
1780281108.3277206,1780281108.3636928,35.971999999999994,1780281108.3637228,0.030040740966796875,137478289387,137478.289387,1780281108.3277206,36.002159118652344,0.008344650268554688,20.450353622436523,20.424,100663296,2.79837918380963,6144,chatcmpl-fa244002-dc32-45ba-9269-f248689818c3-953873c8,"nixl_xfer_handle(0x5af9a3dc31e0, released=False)",decode,0,0,452715,64,d61968e8-e4aa-43a2-8ca8-85b623ffd1e5_dp1,0,nixl_start_time
1780281108.3635948,1780281108.3762257,12.631,1780281108.3762467,0.0209808349609375,137478325261,137478.325261,1780281108.3635948,12.651920318603516,0.004291534423828125,5.593299865722656,5.575,34603008,2.7395303618082494,2112,chatcmpl-7ae8ab43-fceb-467c-baa9-0199d6db2a42-a57aba0b,"nixl_xfer_handle(0x5563539290f0, released=False)",decode,1,0,452712,22,d61968e8-e4aa-43a2-8ca8-85b623ffd1e5_dp0,0,nixl_start_time
1780281108.4266868,1780281108.4392698,12.583,1780281108.4392886,0.018835067749023438,137478388353,137478.388353,1780281108.4266868,12.601852416992188,0.00667572021484375,5.2032470703125,5.181,29884416,2.3749833902884845,1824,chatcmpl-982603e9-dcf4-4335-85e4-7a894047c529-9c48d47e,"nixl_xfer_handle(0x556359cc40c0, released=False)",decode,1,0,452712,19,d61968e8-e4aa-43a2-8ca8-85b623ffd1e5_dp1,0,nixl_start_time
1780281108.4271877,1780281108.4518926,24.705000000000002,1780281108.4519107,0.01811981201171875,137478388854,137478.388854,1780281108.4271877,24.723052978515625,0.00667572021484375,4.517078399658203,4.492,40894464,1.6553112325440194,2496,chatcmpl-17a3138e-238a-42f3-97f9-dbb6a0b77f7a-8e5bb786,"nixl_xfer_handle(0x5af9a3dc31e0, released=False)",decode,0,0,452715,26,d61968e8-e4aa-43a2-8ca8-85b623ffd1e5_dp1,0,nixl_start_time
1780281108.4518647,1780281108.4646707,12.806,1780281108.464705,0.034332275390625,137478413531,137478.413531,1780281108.4518647,12.84027099609375,0.0045299530029296875,5.358457565307617,5.326,9437184,0.7369345619240981,576,chatcmpl-77f8a92f-7d03-4083-b4a4-69bb702123d1-bc58c250,"nixl_xfer_handle(0x556359cc40c0, released=False)",decode,1,0,452712,6,d61968e8-e4aa-43a2-8ca8-85b623ffd1e5_dp1,0,nixl_start_time
1780281108.6910627,1780281108.7044787,13.416,1780281108.7045083,0.02956390380859375,137478652729,137478.652729,1780281108.6910627,13.445615768432617,0.0035762786865234375,1.9462108612060547,1.927,3145728,0.23447584973166366,192,chatcmpl-2e6f5205-2906-45c5-9e54-edae62bb9dc0-ae0c2fca,"nixl_xfer_handle(0x5af9a3dc31e0, released=False)",decode,0,0,452715,2,d61968e8-e4aa-43a2-8ca8-85b623ffd1e5_dp0,0,nixl_start_time
1780281108.7035537,1780281108.7041717,0.618,1780281108.7045276,0.3559589385986328,137478665220,137478.66522,1780281108.7035537,0.9739398956298828,0.0045299530029296875,0.6341934204101562,0.618,1572864,2.545087378640777,48,chatcmpl-b49f9454-b26c-4659-91be-c0e9cc8621ac-89ee0a38,"nixl_xfer_handle(0x5af9a3db6540, released=False)",decode,0,0,452715,1,d61968e8-e4aa-43a2-8ca8-85b623ffd1e5_dp1,0,nixl_start_time
1780281108.7923756,1780281108.8188317,26.456,1780281108.818884,0.05221366882324219,137478754042,137478.754042,1780281108.7923756,26.508331298828125,0.009298324584960938,10.884523391723633,10.858,55050240,2.0808224977320835,3360,chatcmpl-45ce2fd0-b07e-4baf-9f37-8d1c74e3473d-9777c795,"nixl_xfer_handle(0x5af9a3db6540, released=False)",decode,0,0,452715,35,d61968e8-e4aa-43a2-8ca8-85b623ffd1e5_dp1,0,nixl_start_time
1780281108.8067486,1780281108.8189867,12.238000000000001,1780281108.8190372,0.05054473876953125,137478768415,137478.768415,1780281108.8067486,12.288570404052734,0.0059604644775390625,4.8580169677734375,4.836,22020096,1.799321457754535,1344,chatcmpl-28e54986-0951-4245-bb56-7b8ece4c3d48-87302ce5,"nixl_xfer_handle(0x556359cc40c0, released=False)",decode,1,0,452712,14,d61968e8-e4aa-43a2-8ca8-85b623ffd1e5_dp0,0,nixl_start_time
1780281108.8563597,1780281108.8692737,12.914,1780281108.8692973,0.023603439331054688,137478818026,137478.818026,1780281108.8563597,12.937545776367188,0.025510787963867188,7.896900177001953,7.855,36175872,2.801291002013319,2208,chatcmpl-a5fff570-1a04-4c3b-9eb2-cd312482ecdb-b0c4d55a,"nixl_xfer_handle(0x5af993160fa0, released=False)",decode,0,0,452715,23,d61968e8-e4aa-43a2-8ca8-85b623ffd1e5_dp0,0,nixl_start_time
1780281108.9191697,1780281108.9258587,6.689,1780281108.9262848,0.4260540008544922,137478880836,137478.880836,1780281108.9191697,7.11512565612793,0.00476837158203125,6.716012954711914,6.689,11010048,1.6459931230378235,672,chatcmpl-35ad00a5-5c68-42ac-bc5a-816bda9fbb9b-a1749afd,"nixl_xfer_handle(0x556359cc40c0, released=False)",decode,1,0,452712,7,d61968e8-e4aa-43a2-8ca8-85b623ffd1e5_dp1,0,nixl_start_time
1780281108.9444625,1780281108.9568114,12.349,1780281108.9568572,0.0457763671875,137478906129,137478.906129,1780281108.9444625,12.39466667175293,0.0057220458984375,5.604743957519531,5.583,37748736,3.056825329986234,2304,chatcmpl-c1696727-5651-48f9-94d5-45b3c051ff07-ac0e9573,"nixl_xfer_handle(0x5af9a3e6ae60, released=False)",decode,0,0,452715,24,d61968e8-e4aa-43a2-8ca8-85b623ffd1e5_dp0,0,nixl_start_time
1780281108.9820576,1780281108.9947107,12.652999999999999,1780281108.9947507,0.0400543212890625,137478943724,137478.943724,1780281108.9820576,12.693166732788086,0.0045299530029296875,2.8531551361083984,2.829,4718592,0.3729227851102505,288,chatcmpl-2b9d9182-9a07-44bb-859c-a14422cc16d2-8d42394d,"nixl_xfer_handle(0x556359cc40c0, released=False)",decode,1,0,452712,3,d61968e8-e4aa-43a2-8ca8-85b623ffd1e5_dp1,0,nixl_start_time
1780281109.0701807,1780281109.0951207,24.94,1780281109.0951605,0.03981590270996094,137479031847,137479.031847,1780281109.0701807,24.979829788208008,0.0057220458984375,6.965875625610352,6.943,58195968,2.3334389735364875,3552,chatcmpl-093ba0ad-cd97-4b45-b4c0-94f13b300bc3-ab0fd62b,"nixl_xfer_handle(0x556359cc40c0, released=False)",decode,1,0,452712,37,d61968e8-e4aa-43a2-8ca8-85b623ffd1e5_dp0,0,nixl_start_time
1780281109.1073937,1780281109.1227648,15.370999999999999,1780281109.1227775,0.012636184692382812,137479069060,137479.06906,1780281109.1073937,15.383720397949219,0.008106231689453125,3.930807113647461,3.905,6291456,0.4093068765857784,384,chatcmpl-86638a94-47b2-4a4c-9e9f-e3985e41d51a-9546ccba,"nixl_xfer_handle(0x5af9a3db6540, released=False)",decode,0,0,452715,4,d61968e8-e4aa-43a2-8ca8-85b623ffd1e5_dp1,0,nixl_start_time
1780281109.1202247,1780281109.1326227,12.398,1780281109.132669,0.046253204345703125,137479081891,137479.081891,1780281109.1202247,12.444257736206055,0.00476837158203125,2.2313594818115234,2.208,3145728,0.2537286659138571,192,chatcmpl-a4ddf5e0-30be-4ca5-a114-c2a835eed33d-9f008c76,"nixl_xfer_handle(0x5af9a3dc31e0, released=False)",decode,0,0,452715,2,d61968e8-e4aa-43a2-8ca8-85b623ffd1e5_dp0,0,nixl_start_time
1780281109.2333868,1780281109.2459817,12.595,1780281109.2460053,0.023603439331054688,137479195053,137479.195053,1780281109.2333868,12.618541717529297,0.0057220458984375,3.906726837158203,3.881,6291456,0.4995201270345375,384,chatcmpl-0b7357ad-5121-4d47-b4ad-68a647b7b938-bdd2f6a5,"nixl_xfer_handle(0x556358a77d40, released=False)",decode,1,0,452712,4,d61968e8-e4aa-43a2-8ca8-85b623ffd1e5_dp1,0,nixl_start_time
1780281109.2587416,1780281109.2712677,12.526,1780281109.271301,0.03337860107421875,137479220408,137479.220408,1780281109.2587416,12.55941390991211,0.008344650268554688,7.432699203491211,7.408,28311552,2.260222896375539,1728,chatcmpl-d44b9824-a36d-405e-b760-0b511aa07cbe-90b412cc,"nixl_xfer_handle(0x5af9a3dc31e0, released=False)",decode,0,0,452715,18,d61968e8-e4aa-43a2-8ca8-85b623ffd1e5_dp0,0,nixl_start_time
1780281109.2711806,1780281109.2807767,9.596,1780281109.281028,0.2512931823730469,137479232847,137479.232847,1780281109.2711806,9.847402572631836,0.0050067901611328125,9.62376594543457,9.596,15728640,1.639082951229679,960,chatcmpl-6d0dba7b-e949-4fe1-912d-57761b267858-ad29d863,"nixl_xfer_handle(0x556358a77d40, released=False)",decode,1,0,452712,10,d61968e8-e4aa-43a2-8ca8-85b623ffd1e5_dp1,0,nixl_start_time
1780281109.2969677,1780281109.3099568,12.989,1780281109.3099866,0.029802322387695312,137479258634,137479.258634,1780281109.2969677,13.01884651184082,0.007152557373046875,9.648561477661133,9.624,33030144,2.5429320194010314,2016,chatcmpl-6d558f52-d497-4e3b-80f2-bb4c7106e45e-8c746308,"nixl_xfer_handle(0x5af9a3dc31e0, released=False)",decode,0,0,452715,21,d61968e8-e4aa-43a2-8ca8-85b623ffd1e5_dp0,0,nixl_start_time
1780281109.3098896,1780281109.3178256,7.936,1780281109.3182523,0.4267692565917969,137479271556,137479.271556,1780281109.3098896,8.362770080566406,0.0054836273193359375,7.968425750732422,7.936,12582912,1.5855483870967741,768,chatcmpl-d3b50f79-e80e-4b92-ad6e-9d3f50da10cb-80cf2ac4,"nixl_xfer_handle(0x556358a77d40, released=False)",decode,1,0,452712,8,d61968e8-e4aa-43a2-8ca8-85b623ffd1e5_dp1,0,nixl_start_time
1780281109.3595667,1780281109.3722086,12.642000000000001,1780281109.3722281,0.019550323486328125,137479321233,137479.321233,1780281109.3595667,12.661457061767578,0.0030994415283203125,4.787206649780273,4.755,7864320,0.622078785002373,480,chatcmpl-4f805bbd-337a-4780-84b2-d4f643ff4e7d-8db9ec64,"nixl_xfer_handle(0x5af9a3dc31e0, released=False)",decode,0,0,452715,5,d61968e8-e4aa-43a2-8ca8-85b623ffd1e5_dp0,0,nixl_start_time
1780281109.3847566,1780281109.3873885,2.6319999999999997,1780281109.3874052,0.016689300537109375,137479346423,137479.346423,1780281109.3847566,2.648591995239258,0.00476837158203125,2.0160675048828125,1.989,3145728,1.1951854103343464,192,chatcmpl-c4a600e9-b1e5-4935-b852-86895c3b1208-9c8ef41d,"nixl_xfer_handle(0x556358a77d40, released=False)",decode,1,0,452712,2,d61968e8-e4aa-43a2-8ca8-85b623ffd1e5_dp1,0,nixl_start_time
1780281109.4477828,1780281109.4606907,12.908,1780281109.460725,0.034332275390625,137479409449,137479.409449,1780281109.4477828,12.942314147949219,0.0030994415283203125,3.7598609924316406,3.739,6291456,0.48740749922528664,384,chatcmpl-6128b0a5-524c-4e97-bd0e-f3bf4a2cea24-a3742363,"nixl_xfer_handle(0x5af9a3dc31e0, released=False)",decode,0,0,452715,4,d61968e8-e4aa-43a2-8ca8-85b623ffd1e5_dp0,0,nixl_start_time
1780281109.4863167,1780281109.5156686,29.352,1780281109.515719,0.05030632019042969,137479447983,137479.447983,1780281109.4863167,29.40225601196289,0.005245208740234375,6.7195892333984375,6.698,50331648,1.7147604251839739,3072,chatcmpl-1d113e06-a691-4f34-ab4b-d454447fa550-842e7f21,"nixl_xfer_handle(0x556358a77d40, released=False)",decode,1,0,452712,32,d61968e8-e4aa-43a2-8ca8-85b623ffd1e5_dp1,0,nixl_start_time
1780281109.5112696,1780281109.5152535,3.9839999999999995,1780281109.5157397,0.48613548278808594,137479472936,137479.472936,1780281109.5112696,4.470109939575195,0.00476837158203125,4.0111541748046875,3.984,6291456,1.5791807228915662,384,chatcmpl-77789aca-5418-4609-9182-db354b50496c-9a972dae,"nixl_xfer_handle(0x556352598500, released=False)",decode,1,0,452712,4,d61968e8-e4aa-43a2-8ca8-85b623ffd1e5_dp0,0,nixl_start_time
1780281109.5998898,1780281109.6249928,25.103,1780281109.6250124,0.019550323486328125,137479561556,137479.561556,1780281109.5998898,25.122642517089844,0.00667572021484375,9.376049041748047,9.348,12582912,0.5012513245428833,768,chatcmpl-e32d2e32-bc61-4881-bbf6-3fb44a276447-b4568b4f,"nixl_xfer_handle(0x5af9a3db6f80, released=False)",decode,0,0,452715,8,d61968e8-e4aa-43a2-8ca8-85b623ffd1e5_dp1,0,nixl_start_time
1780281109.6373997,1780281109.6502876,12.888,1780281109.650304,0.016450881958007812,137479599066,137479.599066,1780281109.6373997,12.90440559387207,0.00476837158203125,5.859136581420898,5.835,9437184,0.7322458100558659,576,chatcmpl-28ff44cd-4b3b-4fa7-9aba-aebbdd30584c-b1964e48,"nixl_xfer_handle(0x5af9a3db6f80, released=False)",decode,0,0,452715,6,d61968e8-e4aa-43a2-8ca8-85b623ffd1e5_dp0,0,nixl_start_time
1780281109.8776746,1780281109.9044385,26.764,1780281109.9044948,0.05626678466796875,137479839341,137479.839341,1780281109.8776746,26.82018280029297,0.00858306884765625,11.204719543457031,11.176,73924608,2.7620911672395754,4512,chatcmpl-490aa18a-1c86-4628-8982-212db87f80d1-b29f95eb,"nixl_xfer_handle(0x556352598500, released=False)",decode,1,0,452712,47,d61968e8-e4aa-43a2-8ca8-85b623ffd1e5_dp0,0,nixl_start_time
1780281109.9167447,1780281109.9299488,13.204,1780281109.9299693,0.020503997802734375,137479878411,137479.878411,1780281109.9167447,13.224601745605469,0.003337860107421875,1.7981529235839844,1.772,3145728,0.23824053317176613,192,chatcmpl-b125da9e-7028-477f-bea9-3eb58ede0c8a-a34289b9,"nixl_xfer_handle(0x556352598500, released=False)",decode,1,0,452712,2,d61968e8-e4aa-43a2-8ca8-85b623ffd1e5_dp1,0,nixl_start_time
1780281109.9804738,1780281109.9964588,15.985,1780281109.9964736,0.014781951904296875,137479942140,137479.94214,1780281109.9804738,15.999794006347656,0.01049041748046875,2.7303695678710938,2.7,4718592,0.29518873944322804,288,chatcmpl-0f20c286-f7b1-4300-b9e3-b5119451c6f3-8db41e26,"nixl_xfer_handle(0x5af9a3db6f80, released=False)",decode,0,0,452715,3,d61968e8-e4aa-43a2-8ca8-85b623ffd1e5_dp0,0,nixl_start_time
1780281109.9804935,1780281109.9932125,12.719,1780281109.993234,0.021457672119140625,137479942160,137479.94216,1780281109.9804935,12.740373611450195,0.0059604644775390625,5.737543106079102,5.716,34603008,2.7205761459234217,2112,chatcmpl-9d38eefc-9f20-4b17-9676-e82ae4fae939-b058511b,"nixl_xfer_handle(0x556352598500, released=False)",decode,1,0,452712,22,d61968e8-e4aa-43a2-8ca8-85b623ffd1e5_dp1,0,nixl_start_time
1780281109.9930556,1780281110.0055907,12.535,1780281110.0056083,0.017642974853515625,137479954722,137479.954722,1780281109.9930556,12.552738189697266,0.0045299530029296875,3.008127212524414,2.989,4718592,0.3764333466294376,288,chatcmpl-fd95fd86-5a64-41fd-bbf2-ce06560d278a-a9b61307,"nixl_xfer_handle(0x5af9a3db6540, released=False)",decode,0,0,452715,3,d61968e8-e4aa-43a2-8ca8-85b623ffd1e5_dp0,0,nixl_start_time
1780281110.0307996,1780281110.0437107,12.911000000000001,1780281110.043758,0.047206878662109375,137479992466,137479.992466,1780281110.0307996,12.958288192749023,0.0030994415283203125,2.6412010192871094,2.613,4718592,0.3654706839129424,288,chatcmpl-b336f872-d380-4a02-b6f5-534006c57b0f-b6d88209,"nixl_xfer_handle(0x556352598500, released=False)",decode,1,0,452712,3,d61968e8-e4aa-43a2-8ca8-85b623ffd1e5_dp0,0,nixl_start_time
1780281110.0560617,1780281110.0686638,12.602,1780281110.06868,0.01621246337890625,137480017728,137480.017728,1780281110.0560617,12.618303298950195,0.00667572021484375,3.9060115814208984,3.884,25165824,1.996970639581019,1536,chatcmpl-1c5a8a31-a932-421c-bfe0-808f464acc67-a3036d63,"nixl_xfer_handle(0x5af9a3db6540, released=False)",decode,0,0,452715,16,d61968e8-e4aa-43a2-8ca8-85b623ffd1e5_dp1,0,nixl_start_time
1780281110.0686247,1780281110.0814998,12.875,1780281110.0815203,0.020503997802734375,137480030291,137480.030291,1780281110.0686247,12.895584106445312,0.00286102294921875,1.867532730102539,1.844,3145728,0.24432838834951456,192,chatcmpl-860c569e-c89c-47f0-939f-74b82656ad6b-859f0edb,"nixl_xfer_handle(0x556352598500, released=False)",decode,1,0,452712,2,d61968e8-e4aa-43a2-8ca8-85b623ffd1e5_dp0,0,nixl_start_time
1780281110.0824916,1780281110.0941157,11.624,1780281110.094132,0.01621246337890625,137480044158,137480.044158,1780281110.0824916,11.640310287475586,0.009059906005859375,5.324363708496094,5.284,17301504,1.488429456297316,1056,chatcmpl-8198ae90-9cd3-4390-8b9f-0f5e4664e5c8-b23dcb5d,"nixl_xfer_handle(0x5af9a41dcbe0, released=False)",decode,0,0,452715,11,d61968e8-e4aa-43a2-8ca8-85b623ffd1e5_dp1,0,nixl_start_time
1780281110.0940716,1780281110.1067157,12.644,1780281110.1067376,0.02193450927734375,137480055738,137480.055738,1780281110.0940716,12.665987014770508,0.00476837158203125,1.8193721771240234,1.79,3145728,0.24879215438152483,192,chatcmpl-2f287bdc-a2a9-45f5-9358-f6a47c534976-94ac2825,"nixl_xfer_handle(0x556352598500, released=False)",decode,1,0,452712,2,d61968e8-e4aa-43a2-8ca8-85b623ffd1e5_dp0,0,nixl_start_time
1780281110.1444967,1780281110.1574106,12.914,1780281110.1574333,0.022649765014648438,137480106163,137480.106163,1780281110.1444967,12.936592102050781,0.00286102294921875,1.8298625946044922,1.804,3145728,0.24359052191420164,192,chatcmpl-8987625a-a65e-4093-aa73-93c63677b1fa-bf6f5c9f,"nixl_xfer_handle(0x556352598500, released=False)",decode,1,0,452712,2,d61968e8-e4aa-43a2-8ca8-85b623ffd1e5_dp0,0,nixl_start_time
1780281110.1824257,1780281110.1948748,12.449,1780281110.1949098,0.03504753112792969,137480144092,137480.144092,1780281110.1824257,12.484073638916016,0.00667572021484375,3.545999526977539,3.515,6291456,0.5053784239697968,384,chatcmpl-061cf9ae-d461-4008-af51-f5e40cedcead-906d5450,"nixl_xfer_handle(0x556352598500, released=False)",decode,1,0,452712,4,d61968e8-e4aa-43a2-8ca8-85b623ffd1e5_dp1,0,nixl_start_time
1780281110.2709267,1780281110.2962947,25.368000000000002,1780281110.2963552,0.060558319091796875,137480232593,137480.232593,1780281110.2709267,25.42853355407715,0.0095367431640625,10.118484497070312,10.089,66060288,2.604079470198675,4032,chatcmpl-0031005c-f220-4194-a039-e16ab695aa73-b60a100f,"nixl_xfer_handle(0x5af9a3eaa260, released=False)",decode,0,0,452715,42,d61968e8-e4aa-43a2-8ca8-85b623ffd1e5_dp0,0,nixl_start_time
1780281110.2842627,1780281110.2852347,0.972,1780281110.2852535,0.018835067749023438,137480245929,137480.245929,1780281110.2842627,0.9908676147460938,0.0050067901611328125,0.5309581756591797,0.505,1572864,1.618172839506173,48,chatcmpl-1056545a-fe25-4d29-a75e-6b91869bdab9-9088f71d,"nixl_xfer_handle(0x556352598500, released=False)",decode,1,0,452712,1,d61968e8-e4aa-43a2-8ca8-85b623ffd1e5_dp1,0,nixl_start_time
1780281110.3595858,1780281110.3680336,8.448,1780281110.3680472,0.013589859008789062,137480321252,137480.321252,1780281110.3595858,8.461475372314453,0.0050067901611328125,0.5350112915039062,0.51,1572864,0.18618181818181817,48,chatcmpl-6a722ee5-0d94-4e19-a3c1-eec3050db5ae-9b01021e,"nixl_xfer_handle(0x556352598500, released=False)",decode,1,0,452712,1,d61968e8-e4aa-43a2-8ca8-85b623ffd1e5_dp0,0,nixl_start_time
1780281110.3604167,1780281110.3868678,26.451,1780281110.386889,0.021219253540039062,137480322083,137480.322083,1780281110.3604167,26.47233009338379,0.0069141387939453125,7.24339485168457,7.225,64487424,2.43799569014404,3936,chatcmpl-1a18a276-0cc3-4717-8abb-e05d8f01ae2a-8e83ea20,"nixl_xfer_handle(0x556358a77d40, released=False)",decode,1,0,452712,41,d61968e8-e4aa-43a2-8ca8-85b623ffd1e5_dp0,0,nixl_start_time
1780281110.3845255,1780281110.3972235,12.697999999999999,1780281110.397279,0.05555152893066406,137480346192,137480.346192,1780281110.3845255,12.753486633300781,0.0045299530029296875,1.8842220306396484,1.857,3145728,0.2477341313592692,192,chatcmpl-49800b81-5ad3-4e3f-84b3-047c1bd92873-a79f4b99,"nixl_xfer_handle(0x556352598500, released=False)",decode,1,0,452712,2,d61968e8-e4aa-43a2-8ca8-85b623ffd1e5_dp1,0,nixl_start_time
1780281110.3846598,1780281110.4100869,25.427000000000003,1780281110.4101028,0.015974044799804688,137480346326,137480.346326,1780281110.3846598,25.443077087402344,0.0069141387939453125,6.708383560180664,6.686,40894464,1.6083086482872537,2496,chatcmpl-9b54605c-0605-4ca4-84b3-fc1fbb9fd434-8e168508,"nixl_xfer_handle(0x5af9a3eaa260, released=False)",decode,0,0,452715,26,d61968e8-e4aa-43a2-8ca8-85b623ffd1e5_dp1,0,nixl_start_time
1780281110.4610887,1780281110.4928946,31.806,1780281110.492914,0.019311904907226562,137480422755,137480.422755,1780281110.4610887,31.82530403137207,0.0057220458984375,15.925884246826172,15.901,73924608,2.3242346727032634,4512,chatcmpl-63f9670f-3eed-4f1a-bd5c-4c6e31b4636c-8fd1c4e6,"nixl_xfer_handle(0x556352598500, released=False)",decode,1,0,452712,47,d61968e8-e4aa-43a2-8ca8-85b623ffd1e5_dp0,0,nixl_start_time
1780281110.4805086,1780281110.4927895,12.281,1780281110.4928093,0.019788742065429688,137480442175,137480.442175,1780281110.4805086,12.300729751586914,0.0050067901611328125,1.6803741455078125,1.66,3145728,0.2561459164563146,192,chatcmpl-3ec4b04d-e76f-4ed8-8fc4-a9d4e63aaace-923f3caf,"nixl_xfer_handle(0x5af9a3eaa260, released=False)",decode,0,0,452715,2,d61968e8-e4aa-43a2-8ca8-85b623ffd1e5_dp0,0,nixl_start_time
1780281110.5575807,1780281110.5854046,27.824,1780281110.5854404,0.035762786865234375,137480519247,137480.519247,1780281110.5575807,27.85968780517578,0.0073909759521484375,11.213302612304688,11.178,70778880,2.543806785508913,4320,chatcmpl-72e83ca8-5dbb-4158-97f6-c19711bd269d-a99fb59a,"nixl_xfer_handle(0x5af9a3eaa260, released=False)",decode,0,0,452715,45,d61968e8-e4aa-43a2-8ca8-85b623ffd1e5_dp1,0,nixl_start_time
1780281110.5725477,1780281110.5979106,25.363,1780281110.5979824,0.07176399230957031,137480534214,137480.534214,1780281110.5725477,25.43473243713379,0.0054836273193359375,9.631156921386719,9.61,23592960,0.9302117257422229,1440,chatcmpl-6277e30b-7f01-4319-9ecd-672cc0ecc621-96c6be6e,"nixl_xfer_handle(0x5af9a3db6f80, released=False)",decode,0,0,452715,15,d61968e8-e4aa-43a2-8ca8-85b623ffd1e5_dp0,0,nixl_start_time
1780281110.5853286,1780281110.5980816,12.753,1780281110.5981412,0.059604644775390625,137480546995,137480.546995,1780281110.5853286,12.812614440917969,0.00476837158203125,1.7986297607421875,1.773,3145728,0.24666572571159726,192,chatcmpl-6afa6bf3-db49-489d-81d6-77be7d0388c0-9370b57f,"nixl_xfer_handle(0x556352598500, released=False)",decode,1,0,452712,2,d61968e8-e4aa-43a2-8ca8-85b623ffd1e5_dp1,0,nixl_start_time
1780281110.6110516,1780281110.6240485,12.997,1780281110.6240692,0.020742416381835938,137480572718,137480.572718,1780281110.6110516,13.017654418945312,0.0045299530029296875,4.865884780883789,4.846,22020096,1.6942445179656844,1344,chatcmpl-f2b3b666-fdcf-4260-b0ae-e938738aa250-81a5b0e2,"nixl_xfer_handle(0x556352598500, released=False)",decode,1,0,452712,14,d61968e8-e4aa-43a2-8ca8-85b623ffd1e5_dp0,0,nixl_start_time
1780281110.6237967,1780281110.6365876,12.791,1780281110.636606,0.018358230590820312,137480585463,137480.585463,1780281110.6237967,12.809276580810547,0.0054836273193359375,2.6865005493164062,2.665,4718592,0.36889938237823466,288,chatcmpl-a323395b-b26c-44d1-abb7-efc19bab22e8-bb7e2039,"nixl_xfer_handle(0x5af9a3db6f80, released=False)",decode,0,0,452715,3,d61968e8-e4aa-43a2-8ca8-85b623ffd1e5_dp0,0,nixl_start_time
1780281110.6365206,1780281110.6500516,13.530999999999999,1780281110.6500719,0.020265579223632812,137480598187,137480.598187,1780281110.6365206,13.55123519897461,0.003814697265625,1.8010139465332031,1.773,3145728,0.2324830389476018,192,chatcmpl-f02959cc-a98d-4abe-8940-645a0ea87996-bf263a36,"nixl_xfer_handle(0x556352598500, released=False)",decode,1,0,452712,2,d61968e8-e4aa-43a2-8ca8-85b623ffd1e5_dp1,0,nixl_start_time
1780281110.6626086,1780281110.6757066,13.098,1780281110.6757476,0.04100799560546875,137480624275,137480.624275,1780281110.6626086,13.139009475708008,0.002384185791015625,0.5652904510498047,0.549,1572864,0.120084287677508,48,chatcmpl-9a0f8651-ff72-4775-be19-818b7762c394-a7209b55,"nixl_xfer_handle(0x5af9a3db6f80, released=False)",decode,0,0,452715,1,d61968e8-e4aa-43a2-8ca8-85b623ffd1e5_dp0,0,nixl_start_time
1780281110.7665596,1780281110.7796996,13.14,1780281110.7797465,0.04696846008300781,137480728226,137480.728226,1780281110.7665596,13.186931610107422,0.00286102294921875,3.1096935272216797,3.092,4718592,0.35910136986301366,288,chatcmpl-e16819a6-557f-4fce-87ee-fa810af1173b-b1aac454,"nixl_xfer_handle(0x5af9a3db6f80, released=False)",decode,0,0,452715,3,d61968e8-e4aa-43a2-8ca8-85b623ffd1e5_dp1,0,nixl_start_time
1780281110.9600947,1780281110.9732506,13.155999999999999,1780281110.9732985,0.04792213439941406,137480921761,137480.921761,1780281110.9600947,13.203859329223633,0.003814697265625,0.5772113800048828,0.557,1572864,0.119554879902706,48,chatcmpl-0091984b-1611-4419-918d-d99b1fbc3130-bef25dd4,"nixl_xfer_handle(0x5af9a3db6f80, released=False)",decode,0,0,452715,1,d61968e8-e4aa-43a2-8ca8-85b623ffd1e5_dp0,0,nixl_start_time
1780281111.0382676,1780281111.0690007,30.733,1780281111.0690458,0.04506111145019531,137480999934,137480.999934,1780281111.0382676,30.778169631958008,0.007152557373046875,11.00921630859375,10.975,69206016,2.2518470699248367,4224,chatcmpl-0c197f3f-e7a2-4c26-babb-8d900859f8d0-8a7eebfa,"nixl_xfer_handle(0x5af986a597d0, released=False)",decode,0,0,452715,44,d61968e8-e4aa-43a2-8ca8-85b623ffd1e5_dp1,0,nixl_start_time
1780281111.0529675,1780281111.0786366,25.669,1780281111.0786557,0.019073486328125,137481014634,137481.014634,1780281111.0529675,25.68817138671875,0.005245208740234375,8.710861206054688,8.683,15728640,0.6127484514394794,960,chatcmpl-5f361409-1d96-4b92-a64f-64f73d2664a6-91fd3922,"nixl_xfer_handle(0x556352598500, released=False)",decode,1,0,452712,10,d61968e8-e4aa-43a2-8ca8-85b623ffd1e5_dp0,0,nixl_start_time
1780281111.0652957,1780281111.0687296,3.434,1780281111.0690668,0.3371238708496094,137481026962,137481.026962,1780281111.0652957,3.771066665649414,0.004291534423828125,3.454923629760742,3.434,4718592,1.3740803727431568,288,chatcmpl-868d8744-4b18-4fdf-9c91-9a5de441529c-9089ed4f,"nixl_xfer_handle(0x5af9a3813bc0, released=False)",decode,0,0,452715,3,d61968e8-e4aa-43a2-8ca8-85b623ffd1e5_dp1,0,nixl_start_time
1780281111.2723227,1780281111.2851007,12.777999999999999,1780281111.285153,0.05221366882324219,137481233989,137481.233989,1780281111.2723227,12.830257415771484,0.005245208740234375,3.1518936157226562,3.129,6291456,0.4923662544999217,384,chatcmpl-c2dcfb4a-65c5-4acf-90e7-ad4636705723-88c407af,"nixl_xfer_handle(0x556352598500, released=False)",decode,1,0,452712,4,d61968e8-e4aa-43a2-8ca8-85b623ffd1e5_dp0,0,nixl_start_time
1780281111.3756437,1780281111.3885276,12.884,1780281111.3885458,0.01811981201171875,137481337310,137481.33731,1780281111.3756437,12.902021408081055,0.0057220458984375,2.3751258850097656,2.354,4718592,0.36623657249301456,288,chatcmpl-18b3f2b7-522e-45ff-8b91-450e99000b83-b460efe3,"nixl_xfer_handle(0x556352598500, released=False)",decode,1,0,452712,3,d61968e8-e4aa-43a2-8ca8-85b623ffd1e5_dp1,0,nixl_start_time
1780281111.4529226,1780281111.4659836,13.061,1780281111.4660068,0.023126602172851562,137481414589,137481.414589,1780281111.4529226,13.084173202514648,0.00476837158203125,1.562356948852539,1.54,3145728,0.24084893959114925,192,chatcmpl-0754d8df-75af-48c6-ba16-725446e6c099-99f1a0f3,"nixl_xfer_handle(0x556352598500, released=False)",decode,1,0,452712,2,d61968e8-e4aa-43a2-8ca8-85b623ffd1e5_dp0,0,nixl_start_time
1780281111.4657056,1780281111.4793797,13.674000000000001,1780281111.4794257,0.04601478576660156,137481427372,137481.427372,1780281111.4657056,13.720035552978516,0.0040531158447265625,8.898735046386719,8.861,11010048,0.8051812198332602,672,chatcmpl-98cbd5fe-7c0a-41b7-991b-7e0c0cee768e-929d841b,"nixl_xfer_handle(0x5af986a597d0, released=False)",decode,0,0,452715,7,d61968e8-e4aa-43a2-8ca8-85b623ffd1e5_dp1,0,nixl_start_time
1780281111.6213307,1780281111.6468337,25.503,1780281111.6468816,0.04792213439941406,137481582997,137481.582997,1780281111.6213307,25.55084228515625,0.007867813110351562,9.251117706298828,9.214,61341696,2.4052737325020583,3744,chatcmpl-6405aca4-ab59-4ec1-aecb-fc0bd0b243d5-965f773c,"nixl_xfer_handle(0x5af9a41c5420, released=False)",decode,0,0,452715,39,d61968e8-e4aa-43a2-8ca8-85b623ffd1e5_dp0,0,nixl_start_time
1780281111.6342127,1780281111.6469898,12.777000000000001,1780281111.6470084,0.018596649169921875,137481595879,137481.595879,1780281111.6342127,12.795686721801758,0.0050067901611328125,2.3610591888427734,2.338,4718592,0.36930359239258037,288,chatcmpl-55c965be-7807-44c1-bc64-34ce60c78eda-b657dd1a,"nixl_xfer_handle(0x556352598500, released=False)",decode,1,0,452712,3,d61968e8-e4aa-43a2-8ca8-85b623ffd1e5_dp1,0,nixl_start_time
1780281111.6740487,1780281111.6856527,11.604,1780281111.6856735,0.020742416381835938,137481635715,137481.635715,1780281111.6740487,11.624813079833984,0.002384185791015625,1.9652843475341797,1.946,3145728,0.2710899689762151,192,chatcmpl-19295cbc-b0b3-475e-91f4-c4d473aed028-a0185734,"nixl_xfer_handle(0x5af9a41810c0, released=False)",decode,0,0,452715,2,d61968e8-e4aa-43a2-8ca8-85b623ffd1e5_dp0,0,nixl_start_time
1780281111.7116766,1780281111.7245145,12.838000000000001,1780281111.7245345,0.02002716064453125,137481673343,137481.673343,1780281111.7116766,12.857913970947266,0.005245208740234375,4.703044891357422,4.68,9437184,0.7350976787661628,576,chatcmpl-6bb83f03-43f4-41fd-9270-e34aa0eedcf0-841fa12d,"nixl_xfer_handle(0x556352598500, released=False)",decode,1,0,452712,6,d61968e8-e4aa-43a2-8ca8-85b623ffd1e5_dp1,0,nixl_start_time
1780281111.8399746,1780281111.8528066,12.831999999999999,1780281111.8528242,0.017642974853515625,137481801641,137481.801641,1780281111.8399746,12.849569320678711,0.0030994415283203125,0.5712509155273438,0.551,1572864,0.12257356608478803,48,chatcmpl-0fe53532-8986-42f9-a77a-ebd4a4639dc4-892bca59,"nixl_xfer_handle(0x5af9a41810c0, released=False)",decode,0,0,452715,1,d61968e8-e4aa-43a2-8ca8-85b623ffd1e5_dp0,0,nixl_start_time
1780281111.9544647,1780281111.9674907,13.026,1780281111.9675136,0.02288818359375,137481916131,137481.916131,1780281111.9544647,13.048887252807617,0.0069141387939453125,6.794214248657227,6.766,12582912,0.9659843390142792,768,chatcmpl-e5ddb04e-997f-4b75-a8e8-13ca89e690fa-824db482,"nixl_xfer_handle(0x556352598500, released=False)",decode,1,0,452712,8,d61968e8-e4aa-43a2-8ca8-85b623ffd1e5_dp1,0,nixl_start_time
1780281111.9670167,1780281111.9793627,12.346,1780281111.9793868,0.024080276489257812,137481928683,137481.928683,1780281111.9670167,12.370109558105469,0.00286102294921875,1.8987655639648438,1.879,3145728,0.254797343269075,192,chatcmpl-1e89377c-a78c-4635-ae5e-f48125fc73dc-9e1f5694,"nixl_xfer_handle(0x5af9a41810c0, released=False)",decode,0,0,452715,2,d61968e8-e4aa-43a2-8ca8-85b623ffd1e5_dp0,0,nixl_start_time
1780281111.9792306,1780281111.9922647,13.034,1780281111.9922984,0.03361701965332031,137481940897,137481.940897,1780281111.9792306,13.06772232055664,0.00476837158203125,2.5284290313720703,2.505,6291456,0.4826957188890594,384,chatcmpl-f93fd5f2-faf9-4a48-8326-426581cc8385-adcf17dd,"nixl_xfer_handle(0x556352598500, released=False)",decode,1,0,452712,4,d61968e8-e4aa-43a2-8ca8-85b623ffd1e5_dp1,0,nixl_start_time
1780281112.0047157,1780281112.0177977,13.082,1780281112.0178177,0.02002716064453125,137481966382,137481.966382,1780281112.0047157,13.102054595947266,0.0073909759521484375,4.378318786621094,4.355,34603008,2.6450854609386947,2112,chatcmpl-e06df2c3-a97b-4e54-a9e0-56eac66faf8b-aa1a6633,"nixl_xfer_handle(0x5af9a41810c0, released=False)",decode,0,0,452715,22,d61968e8-e4aa-43a2-8ca8-85b623ffd1e5_dp0,0,nixl_start_time
1780281112.0951548,1780281112.1081147,12.959999999999999,1780281112.1081424,0.02765655517578125,137482056821,137482.056821,1780281112.0951548,12.987613677978516,0.0021457672119140625,4.4040679931640625,4.384,9437184,0.7281777777777778,576,chatcmpl-ad1a7d7f-7058-4b74-8ece-e8afab5362ed-ade8677c,"nixl_xfer_handle(0x5af9a3d77720, released=False)",decode,0,0,452715,6,d61968e8-e4aa-43a2-8ca8-85b623ffd1e5_dp0,0,nixl_start_time
1780281112.1602976,1780281112.1851985,24.901,1780281112.185225,0.026464462280273438,137482121964,137482.121964,1780281112.1602976,24.927377700805664,0.00667572021484375,5.417108535766602,5.393,56623104,2.2739289185173286,3456,chatcmpl-18175831-c7b8-4221-82aa-7c8641428e73-87e97a4a,"nixl_xfer_handle(0x556352598500, released=False)",decode,1,0,452712,36,d61968e8-e4aa-43a2-8ca8-85b623ffd1e5_dp1,0,nixl_start_time
1780281112.1851327,1780281112.1979167,12.784,1780281112.1979337,0.016927719116210938,137482146799,137482.146799,1780281112.1851327,12.800931930541992,0.004291534423828125,6.228923797607422,6.208,25165824,1.9685406758448059,1536,chatcmpl-1dfcbc13-80c5-47eb-a3f1-992119147a52-a62fba09,"nixl_xfer_handle(0x5af9a3d77720, released=False)",decode,0,0,452715,16,d61968e8-e4aa-43a2-8ca8-85b623ffd1e5_dp1,0,nixl_start_time
1780281112.3115206,1780281112.3370636,25.543,1780281112.3370788,0.0152587890625,137482273187,137482.273187,1780281112.3115206,25.5582332611084,0.010251998901367188,10.353803634643555,10.327,70778880,2.77096973730572,4320,chatcmpl-55dd35be-5ad7-492b-9bf6-b4096ff71863-a75624b6,"nixl_xfer_handle(0x5af9a41d2fd0, released=False)",decode,0,0,452715,45,d61968e8-e4aa-43a2-8ca8-85b623ffd1e5_dp0,0,nixl_start_time
1780281112.3369656,1780281112.3493094,12.344000000000001,1780281112.3493302,0.020742416381835938,137482298632,137482.298632,1780281112.3369656,12.364625930786133,0.0045299530029296875,2.4428367614746094,2.42,6291456,0.5096772521062864,384,chatcmpl-ac0f9492-ff04-4cb8-8cf3-8f11ce177ee4-abc2bdf5,"nixl_xfer_handle(0x556359cc69e0, released=False)",decode,1,0,452712,4,d61968e8-e4aa-43a2-8ca8-85b623ffd1e5_dp1,0,nixl_start_time
1780281112.3995976,1780281112.4241607,24.563000000000002,1780281112.4241834,0.022649765014648438,137482361264,137482.361264,1780281112.3995976,24.585723876953125,0.0069141387939453125,9.263992309570312,9.241,59768832,2.4332871391930952,3648,chatcmpl-91f74cac-cb0f-4132-aa73-34c6797e2b55-b15abab5,"nixl_xfer_handle(0x5af9a41d2fd0, released=False)",decode,0,0,452715,38,d61968e8-e4aa-43a2-8ca8-85b623ffd1e5_dp0,0,nixl_start_time
1780281112.4872305,1780281112.5146096,27.379,1780281112.5146408,0.031232833862304688,137482448897,137482.448897,1780281112.4872305,27.410268783569336,0.0054836273193359375,9.69386100769043,9.672,61341696,2.2404651740384964,3744,chatcmpl-94cff287-29cb-40d0-8651-9fa3ab46fd86-a047c11b,"nixl_xfer_handle(0x5af9a41d2fd0, released=False)",decode,0,0,452715,39,d61968e8-e4aa-43a2-8ca8-85b623ffd1e5_dp1,0,nixl_start_time
1780281112.5006287,1780281112.5328157,32.187,1780281112.532833,0.017404556274414062,137482462295,137482.462295,1780281112.5006287,32.204389572143555,0.007152557373046875,10.293006896972656,10.266,45613056,1.417126666045298,2784,chatcmpl-99ceb6f7-9941-4795-9e62-013cc069a05e-8e6d2465,"nixl_xfer_handle(0x5af9a3eaa260, released=False)",decode,0,0,452715,29,d61968e8-e4aa-43a2-8ca8-85b623ffd1e5_dp0,0,nixl_start_time
1780281112.5262377,1780281112.5389848,12.747,1780281112.5390131,0.028371810913085938,137482487904,137482.487904,1780281112.5262377,12.775421142578125,0.0059604644775390625,6.262302398681641,6.235,9437184,0.74034549305719,576,chatcmpl-48dbaef7-ddea-4e50-86ae-5f298f12b9e7-afd7a71f,"nixl_xfer_handle(0x5af9a41d2fd0, released=False)",decode,0,0,452715,6,d61968e8-e4aa-43a2-8ca8-85b623ffd1e5_dp0,0,nixl_start_time
1780281112.5389116,1780281112.5515256,12.614,1780281112.5515456,0.02002716064453125,137482500578,137482.500578,1780281112.5389116,12.634038925170898,0.005245208740234375,1.3556480407714844,1.333,3145728,0.24938385920405898,192,chatcmpl-b5b45107-74d3-4f38-b099-4bd8af5ad61e-b0d56c06,"nixl_xfer_handle(0x556359cc69e0, released=False)",decode,1,0,452712,2,d61968e8-e4aa-43a2-8ca8-85b623ffd1e5_dp0,0,nixl_start_time
1780281112.5639818,1780281112.5885959,24.614,1780281112.5886157,0.019788742065429688,137482525648,137482.525648,1780281112.5639818,24.63388442993164,0.0057220458984375,8.754491806030273,8.72,47185920,1.9170358332656212,2880,chatcmpl-84112054-3270-4d9b-a23f-8fa6d066b45b-a372bc00,"nixl_xfer_handle(0x5af9a3eaa260, released=False)",decode,0,0,452715,30,d61968e8-e4aa-43a2-8ca8-85b623ffd1e5_dp1,0,nixl_start_time
1780281112.5765285,1780281112.6011875,24.659,1780281112.6012409,0.05340576171875,137482538195,137482.538195,1780281112.5765285,24.712324142456055,0.0045299530029296875,6.606101989746094,6.581,12582912,0.5102766535544832,768,chatcmpl-d66a9882-c545-49a3-988a-0c4b9f841708-b68008ac,"nixl_xfer_handle(0x556359cc69e0, released=False)",decode,1,0,452712,8,d61968e8-e4aa-43a2-8ca8-85b623ffd1e5_dp0,0,nixl_start_time
1780281112.6882467,1780281112.7130318,24.785,1780281112.7130954,0.06365776062011719,137482649913,137482.649913,1780281112.6882467,24.84869956970215,0.006198883056640625,4.5413970947265625,4.519,42467328,1.7134286060117006,2592,chatcmpl-ad3b3f60-b32d-43b2-8e14-5c06fc556962-b2a421c7,"nixl_xfer_handle(0x556359cc69e0, released=False)",decode,1,0,452712,27,d61968e8-e4aa-43a2-8ca8-85b623ffd1e5_dp1,0,nixl_start_time
1780281112.7506616,1780281112.7633736,12.712,1780281112.7634094,0.035762786865234375,137482712328,137482.712328,1780281112.7506616,12.747764587402344,0.0035762786865234375,2.0606517791748047,2.041,3145728,0.2474612964128383,192,chatcmpl-f0055cae-0915-44cf-9f30-30efd9a08044-9b9a710b,"nixl_xfer_handle(0x5af9a3e63ca0, released=False)",decode,0,0,452715,2,d61968e8-e4aa-43a2-8ca8-85b623ffd1e5_dp0,0,nixl_start_time
1780281112.7633147,1780281112.7758238,12.508999999999999,1780281112.7758617,0.03790855407714844,137482724981,137482.724981,1780281112.7633147,12.547016143798828,0.005245208740234375,5.145549774169922,5.12,11010048,0.880170117515389,672,chatcmpl-6c5b0319-e38b-4704-a832-32ca9d09d4f2-9d380cc3,"nixl_xfer_handle(0x5563539290f0, released=False)",decode,1,0,452712,7,d61968e8-e4aa-43a2-8ca8-85b623ffd1e5_dp1,0,nixl_start_time
1780281112.7758076,1780281112.7879376,12.13,1780281112.7880003,0.06270408630371094,137482737474,137482.737474,1780281112.7758076,12.192726135253906,0.00286102294921875,3.8361549377441406,3.815,6291456,0.5186690849134378,384,chatcmpl-ae51177e-a56a-421c-818e-8bb95366a7aa-8215731d,"nixl_xfer_handle(0x5af9a3e63ca0, released=False)",decode,0,0,452715,4,d61968e8-e4aa-43a2-8ca8-85b623ffd1e5_dp0,0,nixl_start_time
1780281112.8003817,1780281112.8130708,12.689,1780281112.8131266,0.055789947509765625,137482762048,137482.762048,1780281112.8003817,12.744903564453125,0.0057220458984375,2.895832061767578,2.873,17301504,1.3635041374418788,1056,chatcmpl-8fc98443-4c87-42ef-9d73-0fcf40212470-8af6f6d3,"nixl_xfer_handle(0x5563539290f0, released=False)",decode,1,0,452712,11,d61968e8-e4aa-43a2-8ca8-85b623ffd1e5_dp1,0,nixl_start_time
1780281112.8131676,1780281112.8252606,12.093,1780281112.8253088,0.048160552978515625,137482774834,137482.774834,1780281112.8131676,12.141227722167969,0.0064373016357421875,5.307197570800781,5.282,23592960,1.950960059538576,1440,chatcmpl-c5bfca56-a1cc-43e6-a649-cb1dbe12aa7f-857ba4ac,"nixl_xfer_handle(0x5af9a3e63ca0, released=False)",decode,0,0,452715,15,d61968e8-e4aa-43a2-8ca8-85b623ffd1e5_dp0,0,nixl_start_time
1780281112.9239616,1780281112.9363756,12.414,1780281112.9364254,0.04982948303222656,137482885628,137482.885628,1780281112.9239616,12.463808059692383,0.0054836273193359375,2.5510787963867188,2.528,6291456,0.5068032866118899,384,chatcmpl-74344d13-0d97-44ae-84fc-621fe3c0fb55-9f2f36d6,"nixl_xfer_handle(0x556336fa85e0, released=False)",decode,1,0,452712,4,d61968e8-e4aa-43a2-8ca8-85b623ffd1e5_dp1,0,nixl_start_time
1780281113.0104825,1780281113.0230875,12.605,1780281113.0231206,0.03314018249511719,137482972149,137482.972149,1780281113.0104825,12.638092041015625,0.003337860107421875,1.964569091796875,1.943,3145728,0.24956191987306625,192,chatcmpl-f2ae622b-1009-4052-8a85-cf0e0979dd08-a1dd2814,"nixl_xfer_handle(0x5af9a3e63ca0, released=False)",decode,0,0,452715,2,d61968e8-e4aa-43a2-8ca8-85b623ffd1e5_dp0,0,nixl_start_time
1780281113.0228846,1780281113.0351436,12.259,1780281113.0351632,0.019550323486328125,137482984551,137482.984551,1780281113.0228846,12.278556823730469,0.004291534423828125,2.084493637084961,2.063,4718592,0.38490839383310216,288,chatcmpl-cfa2c0a0-43c9-4726-99c3-a49330ed2b1e-b2949ff6,"nixl_xfer_handle(0x556336fa85e0, released=False)",decode,1,0,452712,3,d61968e8-e4aa-43a2-8ca8-85b623ffd1e5_dp1,0,nixl_start_time
1780281113.0479016,1780281113.0603006,12.399000000000001,1780281113.060319,0.018358230590820312,137483009568,137483.009568,1780281113.0479016,12.417316436767578,0.00286102294921875,7.360696792602539,7.338,9437184,0.7611246068231309,576,chatcmpl-eaaeac6e-9273-420b-a406-285537027659-b65b3c81,"nixl_xfer_handle(0x5af9a3e63ca0, released=False)",decode,0,0,452715,6,d61968e8-e4aa-43a2-8ca8-85b623ffd1e5_dp0,0,nixl_start_time
1780281113.0992727,1780281113.1115367,12.264000000000001,1780281113.1115584,0.021696090698242188,137483060939,137483.060939,1780281113.0992727,12.285709381103516,0.0054836273193359375,4.0950775146484375,4.073,33030144,2.693260273972603,2016,chatcmpl-331ebe66-bd10-4e42-a4ca-4688808ce7c0-b4be4192,"nixl_xfer_handle(0x556336fa85e0, released=False)",decode,1,0,452712,21,d61968e8-e4aa-43a2-8ca8-85b623ffd1e5_dp1,0,nixl_start_time
1780281113.2020485,1780281113.2274115,25.363,1780281113.2274659,0.05435943603515625,137483163715,137483.163715,1780281113.2020485,25.417327880859375,0.0050067901611328125,4.843473434448242,4.809,56623104,2.232508141781335,3456,chatcmpl-4e5a0e24-f7b1-480d-ad31-958bf4da0652-8e013faf,"nixl_xfer_handle(0x556336fa85e0, released=False)",decode,1,0,452712,36,d61968e8-e4aa-43a2-8ca8-85b623ffd1e5_dp0,0,nixl_start_time
1780281113.2145257,1780281113.2274966,12.971,1780281113.2275052,0.00858306884765625,137483176192,137483.176192,1780281113.2145257,12.979507446289062,0.005245208740234375,1.1470317840576172,1.126,3145728,0.24252008326266286,192,chatcmpl-c3850a2a-4e72-46c6-a0e5-8082b45e1215-a3a025ab,"nixl_xfer_handle(0x556358a77d40, released=False)",decode,1,0,452712,2,d61968e8-e4aa-43a2-8ca8-85b623ffd1e5_dp1,0,nixl_start_time
1780281113.2539318,1780281113.2660458,12.113999999999999,1780281113.2660627,0.016927719116210938,137483215598,137483.215598,1780281113.2539318,12.130975723266602,0.008344650268554688,6.299018859863281,6.262,20447232,1.6879009410599308,1248,chatcmpl-c385bee0-e7a8-462f-b243-241f11a89ad2-94de04fa,"nixl_xfer_handle(0x5af9a3e63ca0, released=False)",decode,0,0,452715,13,d61968e8-e4aa-43a2-8ca8-85b623ffd1e5_dp0,0,nixl_start_time
1780281113.3931127,1780281113.4182208,25.107999999999997,1780281113.4182625,0.04172325134277344,137483354779,137483.354779,1780281113.3931127,25.149822235107422,0.0057220458984375,9.772062301635742,9.75,61341696,2.4431135892942493,3744,chatcmpl-fd46d663-63e0-4adc-b128-325cfdc2ec79-9008c2a9,"nixl_xfer_handle(0x556336fa85e0, released=False)",decode,1,0,452712,39,d61968e8-e4aa-43a2-8ca8-85b623ffd1e5_dp1,0,nixl_start_time
1780281113.4801648,1780281113.4955757,15.411,1780281113.4956026,0.026941299438476562,137483441831,137483.441831,1780281113.4801648,15.437841415405273,0.0059604644775390625,4.5871734619140625,4.562,40894464,2.6535892544286552,2496,chatcmpl-4d2ef9e3-3cc9-4f06-ab63-393ed2a6df60-82396133,"nixl_xfer_handle(0x556336fa85e0, released=False)",decode,1,0,452712,26,d61968e8-e4aa-43a2-8ca8-85b623ffd1e5_dp0,0,nixl_start_time
1780281113.4802206,1780281113.4973567,17.136,1780281113.497387,0.030279159545898438,137483441887,137483.441887,1780281113.4802206,17.1663761138916,0.0054836273193359375,8.937358856201172,8.902,36175872,2.111103641456583,2208,chatcmpl-5c911f38-db78-4ab7-8be4-5cebd3a44d2c-8a2221f9,"nixl_xfer_handle(0x5af9a3dddd00, released=False)",decode,0,0,452715,23,d61968e8-e4aa-43a2-8ca8-85b623ffd1e5_dp0,0,nixl_start_time
1780281113.4929087,1780281113.5049598,12.050999999999998,1780281113.5049782,0.018358230590820312,137483454575,137483.454575,1780281113.4929087,12.069463729858398,0.0057220458984375,2.3696422576904297,2.344,4718592,0.39155190440627335,288,chatcmpl-2de70b40-9d97-440a-ad77-2bf167cea334-b6119e37,"nixl_xfer_handle(0x556359aba420, released=False)",decode,1,0,452712,3,d61968e8-e4aa-43a2-8ca8-85b623ffd1e5_dp1,0,nixl_start_time
1780281113.4930677,1780281113.5049536,11.886000000000001,1780281113.5049715,0.017881393432617188,137483454734,137483.454734,1780281113.4930677,11.903762817382812,0.00476837158203125,3.9916038513183594,3.968,6291456,0.52931650681474,384,chatcmpl-cbd21a18-b0aa-4ca5-bd13-df7d1349e7e9-9f6fb4c4,"nixl_xfer_handle(0x5af9a3db94a0, released=False)",decode,0,0,452715,4,d61968e8-e4aa-43a2-8ca8-85b623ffd1e5_dp1,0,nixl_start_time
1780281113.5171437,1780281113.5302577,13.114,1780281113.5302722,0.014543533325195312,137483478810,137483.47881,1780281113.5171437,13.128519058227539,0.005245208740234375,0.41866302490234375,0.397,1572864,0.11993777642214426,48,chatcmpl-ec015c54-f95b-4e46-a1cc-7b7cc0d7d7e0-8ac18f89,"nixl_xfer_handle(0x556359aba420, released=False)",decode,1,0,452712,1,d61968e8-e4aa-43a2-8ca8-85b623ffd1e5_dp0,0,nixl_start_time
1780281113.5172617,1780281113.5416937,24.432,1780281113.541772,0.0782012939453125,137483478928,137483.478928,1780281113.5172617,24.51014518737793,0.0054836273193359375,4.589557647705078,4.568,42467328,1.7381846758349706,2592,chatcmpl-b7874c3b-e1c9-4179-aace-11fbe435717b-a8028bc8,"nixl_xfer_handle(0x5af9a3db94a0, released=False)",decode,0,0,452715,27,d61968e8-e4aa-43a2-8ca8-85b623ffd1e5_dp0,0,nixl_start_time
1780281113.5219166,1780281113.5417967,19.88,1780281113.5418115,0.014781951904296875,137483483583,137483.483583,1780281113.5219166,19.894838333129883,0.0030994415283203125,0.4153251647949219,0.402,1572864,0.07911790744466801,48,chatcmpl-d0f0647c-3b30-4827-95ac-99040bcf4922-ac5187cd,"nixl_xfer_handle(0x5af9a3dddd00, released=False)",decode,0,0,452715,1,d61968e8-e4aa-43a2-8ca8-85b623ffd1e5_dp0,0,nixl_start_time
1780281113.5295765,1780281113.5417306,12.154,1780281113.5417786,0.04792213439941406,137483491243,137483.491243,1780281113.5295765,12.202024459838867,0.00476837158203125,0.4134178161621094,0.393,1572864,0.12941122264275137,48,chatcmpl-fd4cb8ec-97c8-4cac-95ca-2af6a3eec06b-b8df95a2,"nixl_xfer_handle(0x556336fa85e0, released=False)",decode,1,0,452712,1,d61968e8-e4aa-43a2-8ca8-85b623ffd1e5_dp1,0,nixl_start_time
1780281113.6431828,1780281113.6825178,39.335,1780281113.682589,0.07128715515136719,137483604849,137483.604849,1780281113.6431828,39.40629959106445,0.0064373016357421875,23.705244064331055,23.669,89653248,2.2792232871488496,5472,chatcmpl-3afa2bbc-b6f7-4325-ac79-b038bab3c2b9-89cfc18b,"nixl_xfer_handle(0x556336fa85e0, released=False)",decode,1,0,452712,57,d61968e8-e4aa-43a2-8ca8-85b623ffd1e5_dp0,0,nixl_start_time
1780281113.6824327,1780281113.6956506,13.218,1780281113.6956823,0.03170967102050781,137483644099,137483.644099,1780281113.6824327,13.249635696411133,0.0069141387939453125,5.436897277832031,5.414,17301504,1.3089350885156605,1056,chatcmpl-b27ce420-bf53-4c8b-b6ad-a6059ed5b826-9d564c95,"nixl_xfer_handle(0x5af9a3db94a0, released=False)",decode,0,0,452715,11,d61968e8-e4aa-43a2-8ca8-85b623ffd1e5_dp0,0,nixl_start_time
1780281113.6955907,1780281113.7087626,13.171999999999999,1780281113.7088082,0.04553794860839844,137483657257,137483.657257,1780281113.6955907,13.217449188232422,0.005245208740234375,0.400543212890625,0.375,1572864,0.1194096568478591,48,chatcmpl-aeb4e599-5ec0-4042-b7ef-908483ee8449-b30eb60e,"nixl_xfer_handle(0x556359902340, released=False)",decode,1,0,452712,1,d61968e8-e4aa-43a2-8ca8-85b623ffd1e5_dp1,0,nixl_start_time
1780281113.7213767,1780281113.7332346,11.858,1780281113.7332728,0.03814697265625,137483683043,137483.683043,1780281113.7213767,11.896133422851562,0.00762939453125,6.681919097900391,6.653,11010048,0.9284911452184179,672,chatcmpl-da803826-a1e7-4ade-9e14-d9369298f7d6-a26f10ce,"nixl_xfer_handle(0x5af9a3db94a0, released=False)",decode,0,0,452715,7,d61968e8-e4aa-43a2-8ca8-85b623ffd1e5_dp0,0,nixl_start_time
1780281113.9085736,1780281113.9211206,12.547,1780281113.9211416,0.0209808349609375,137483870240,137483.87024,1780281113.9085736,12.567996978759766,0.0050067901611328125,1.3976097106933594,1.375,3145728,0.2507155495337531,192,chatcmpl-534a39bb-6e1b-4e8e-8430-1e91a972e572-aa1b002f,"nixl_xfer_handle(0x5563506a57a0, released=False)",decode,1,0,452712,2,d61968e8-e4aa-43a2-8ca8-85b623ffd1e5_dp1,0,nixl_start_time
1780281113.9711018,1780281113.9831707,12.068999999999999,1780281113.9831913,0.020503997802734375,137483932768,137483.932768,1780281113.9711018,12.08949089050293,0.0045299530029296875,1.4219284057617188,1.401,3145728,0.2606452895848869,192,chatcmpl-772a026c-da4f-47bf-9b84-1406151814d2-a7e4a3ee,"nixl_xfer_handle(0x5563506a57a0, released=False)",decode,1,0,452712,2,d61968e8-e4aa-43a2-8ca8-85b623ffd1e5_dp0,0,nixl_start_time
1780281114.1320345,1780281114.1452296,13.195,1780281114.14525,0.020503997802734375,137484093701,137484.093701,1780281114.1320345,13.21554183959961,0.0021457672119140625,3.765106201171875,3.744,6291456,0.47680606290261457,384,chatcmpl-b1bc9188-c2fa-4ece-9eb8-b075b078c02e-97534b9f,"nixl_xfer_handle(0x5af9a3db94a0, released=False)",decode,0,0,452715,4,d61968e8-e4aa-43a2-8ca8-85b623ffd1e5_dp1,0,nixl_start_time
1780281114.1820607,1780281114.2050228,22.962,1780281114.2050629,0.0400543212890625,137484143727,137484.143727,1780281114.1820607,23.002147674560547,0.0045299530029296875,2.6335716247558594,2.611,6291456,0.2739942513718317,384,chatcmpl-888a22fe-78af-44b1-aa3d-d6478934fe5f-ac957245,"nixl_xfer_handle(0x556352598500, released=False)",decode,1,0,452712,4,d61968e8-e4aa-43a2-8ca8-85b623ffd1e5_dp1,0,nixl_start_time
1780281114.1829298,1780281114.2013958,18.466,1780281114.2014105,0.014781951904296875,137484144596,137484.144596,1780281114.1829298,18.480777740478516,0.009298324584960938,10.333061218261719,10.296,50331648,2.72563890393155,3072,chatcmpl-9d65615b-5829-4ff2-b935-fece71aabb2d-a4b5bae8,"nixl_xfer_handle(0x5af9a3db94a0, released=False)",decode,0,0,452715,32,d61968e8-e4aa-43a2-8ca8-85b623ffd1e5_dp0,0,nixl_start_time
1780281114.1933928,1780281114.2162328,22.84,1780281114.2162685,0.035762786865234375,137484155059,137484.155059,1780281114.1933928,22.87578582763672,0.0045299530029296875,7.724285125732422,7.705,6291456,0.2754577933450088,384,chatcmpl-3bb9d56b-ade4-46b8-a070-c16981f26fe8-a7252294,"nixl_xfer_handle(0x5af9a3dd35a0, released=False)",decode,0,0,452715,4,d61968e8-e4aa-43a2-8ca8-85b623ffd1e5_dp0,0,nixl_start_time
1780281114.2908697,1780281114.3057656,14.895999999999999,1780281114.3057795,0.013828277587890625,137484252536,137484.252536,1780281114.2908697,14.909744262695312,0.0026226043701171875,7.298946380615234,7.276,11010048,0.7391278195488722,672,chatcmpl-f06d1a2d-6b97-4123-be37-0e7ceeb5dac4-9ebafbd3,"nixl_xfer_handle(0x5af9a3dd35a0, released=False)",decode,0,0,452715,7,d61968e8-e4aa-43a2-8ca8-85b623ffd1e5_dp1,0,nixl_start_time
1780281114.3034036,1780281114.3179796,14.576,1780281114.3179924,0.012874603271484375,137484265070,137484.26507,1780281114.3034036,14.58883285522461,0.0050067901611328125,2.0911693572998047,2.069,3145728,0.21581558726673986,192,chatcmpl-cd1b80c4-0cd0-4bb9-b7c4-c009f641024b-8f9b2f53,"nixl_xfer_handle(0x5af9a3db94a0, released=False)",decode,0,0,452715,2,d61968e8-e4aa-43a2-8ca8-85b623ffd1e5_dp0,0,nixl_start_time
1780281114.3157496,1780281114.3285596,12.81,1780281114.3285804,0.020742416381835938,137484277416,137484.277416,1780281114.3157496,12.830734252929688,0.0050067901611328125,1.9426345825195312,1.921,3145728,0.24556814988290396,192,chatcmpl-099784af-4f46-4f23-8a44-d3ac8b82b9a6-ab84a278,"nixl_xfer_handle(0x5af9a3dd35a0, released=False)",decode,0,0,452715,2,d61968e8-e4aa-43a2-8ca8-85b623ffd1e5_dp1,0,nixl_start_time
1780281114.3907957,1780281114.4275386,36.742999999999995,1780281114.4275534,0.014781951904296875,137484352462,137484.352462,1780281114.3907957,36.757707595825195,0.0073909759521484375,21.314382553100586,21.278,81788928,2.225973056092317,4992,chatcmpl-407ba783-f5fc-4bba-995c-934ad565ab45-b7e06479,"nixl_xfer_handle(0x556352598500, released=False)",decode,1,0,452712,52,d61968e8-e4aa-43a2-8ca8-85b623ffd1e5_dp0,0,nixl_start_time
1780281114.4158897,1780281114.4271808,11.291,1780281114.4272313,0.05054473876953125,137484377556,137484.377556,1780281114.4158897,11.341571807861328,0.002384185791015625,1.9447803497314453,1.925,3145728,0.2786049065627491,192,chatcmpl-20d3f949-9e1d-4b69-8a69-2dbaf50ee096-9dadc559,"nixl_xfer_handle(0x5af9a3dd35a0, released=False)",decode,0,0,452715,2,d61968e8-e4aa-43a2-8ca8-85b623ffd1e5_dp1,0,nixl_start_time
1780281114.4269266,1780281114.4396355,12.709,1780281114.4396544,0.018835067749023438,137484388593,137484.388593,1780281114.4269266,12.727737426757812,0.0035762786865234375,0.35452842712402344,0.335,1572864,0.12375985522070974,48,chatcmpl-19bc28f6-46c6-4954-a918-1f70eae7cf2e-9670550c,"nixl_xfer_handle(0x556359ad7040, released=False)",decode,1,0,452712,1,d61968e8-e4aa-43a2-8ca8-85b623ffd1e5_dp0,0,nixl_start_time
1780281114.4395816,1780281114.4522557,12.674,1780281114.452309,0.05316734313964844,137484401248,137484.401248,1780281114.4395816,12.72726058959961,0.004291534423828125,3.8950443267822266,3.87,6291456,0.4964065014991321,384,chatcmpl-46cbc5fa-7300-4f2a-9f7a-450ade1da466-a1296faf,"nixl_xfer_handle(0x5af9a3dd35a0, released=False)",decode,0,0,452715,4,d61968e8-e4aa-43a2-8ca8-85b623ffd1e5_dp0,0,nixl_start_time
1780281114.5141337,1780281114.5266838,12.55,1780281114.526703,0.019073486328125,137484475800,137484.4758,1780281114.5141337,12.569189071655273,0.0054836273193359375,4.587411880493164,4.564,9437184,0.7519668525896415,576,chatcmpl-be53997b-b15c-4127-a204-4c89722d4873-9523ac95,"nixl_xfer_handle(0x556359907ea0, released=False)",decode,1,0,452712,6,d61968e8-e4aa-43a2-8ca8-85b623ffd1e5_dp0,0,nixl_start_time
1780281114.5886357,1780281114.6012506,12.615,1780281114.6013012,0.05054473876953125,137484550302,137484.550302,1780281114.5886357,12.665510177612305,0.009059906005859375,9.375333786010742,9.349,36175872,2.8676870392390015,2208,chatcmpl-367fac47-889d-46c9-88c9-e60d8254bd65-8fa622c5,"nixl_xfer_handle(0x5af9a3dd35a0, released=False)",decode,0,0,452715,23,d61968e8-e4aa-43a2-8ca8-85b623ffd1e5_dp0,0,nixl_start_time
1780281114.6011126,1780281114.6133895,12.277,1780281114.6134448,0.0553131103515625,137484562779,137484.562779,1780281114.6011126,12.33220100402832,0.0026226043701171875,0.39124488830566406,0.372,1572864,0.12811468599820802,48,chatcmpl-393292e1-7a00-4ba5-8ae2-b292cce487bd-bfb20a75,"nixl_xfer_handle(0x556359907ea0, released=False)",decode,1,0,452712,1,d61968e8-e4aa-43a2-8ca8-85b623ffd1e5_dp1,0,nixl_start_time
1780281114.6880217,1780281114.7128787,24.857,1780281114.7128906,0.011920928955078125,137484649688,137484.649688,1780281114.6880217,24.86896514892578,0.009298324584960938,12.235879898071289,12.208,77070336,3.1005485778653896,4704,chatcmpl-bd66990b-9c5f-4f7e-889d-acc38b2cbc62-a7fb215b,"nixl_xfer_handle(0x5af9a3dd35a0, released=False)",decode,0,0,452715,49,d61968e8-e4aa-43a2-8ca8-85b623ffd1e5_dp0,0,nixl_start_time
1780281114.7034457,1780281114.7276106,24.165,1780281114.7276256,0.015020370483398438,137484665112,137484.665112,1780281114.7034457,24.179935455322266,0.0045299530029296875,9.178400039672852,9.157,3145728,0.1301770328988206,192,chatcmpl-9e9d50d7-9afd-4c02-bbb8-8f152190d12a-919e68fa,"nixl_xfer_handle(0x5af9a3db94a0, released=False)",decode,0,0,452715,2,d61968e8-e4aa-43a2-8ca8-85b623ffd1e5_dp1,0,nixl_start_time
1780281114.7034976,1780281114.7163258,12.828000000000001,1780281114.7163756,0.04982948303222656,137484665164,137484.665164,1780281114.7034976,12.877941131591797,0.005245208740234375,1.5397071838378906,1.517,3145728,0.24522357343311504,192,chatcmpl-1f8bf2f4-b1d6-42d5-8bfb-b23932bd1080-bf60cfca,"nixl_xfer_handle(0x556359907ea0, released=False)",decode,1,0,452712,2,d61968e8-e4aa-43a2-8ca8-85b623ffd1e5_dp1,0,nixl_start_time
1780281114.7776327,1780281114.7933638,15.730999999999998,1780281114.7933834,0.019550323486328125,137484739299,137484.739299,1780281114.7776327,15.750646591186523,0.0045299530029296875,1.3880729675292969,1.367,3145728,0.19996999555018755,192,chatcmpl-41e61ab2-ba44-4faf-8c1c-f3180cd287db-94c8c272,"nixl_xfer_handle(0x556359907ea0, released=False)",decode,1,0,452712,2,d61968e8-e4aa-43a2-8ca8-85b623ffd1e5_dp0,0,nixl_start_time
1780281114.7778926,1780281114.8049586,27.066,1780281114.8049984,0.03981590270996094,137484739559,137484.739559,1780281114.7778926,27.10580825805664,0.00762939453125,11.846065521240234,11.82,77070336,2.8474963422744404,4704,chatcmpl-523ea264-118f-4ab3-8e90-2078a35bcc97-a515f7d0,"nixl_xfer_handle(0x5af9a3db94a0, released=False)",decode,0,0,452715,49,d61968e8-e4aa-43a2-8ca8-85b623ffd1e5_dp0,0,nixl_start_time
1780281114.8047597,1780281114.8056617,0.902,1780281114.805677,0.0152587890625,137484766426,137484.766426,1780281114.8047597,0.9171962738037109,0.005245208740234375,0.4191398620605469,0.399,1572864,1.7437516629711751,48,chatcmpl-23f2c7f3-4abf-48fe-8b33-3cb244f6ce39-b0956c7f,"nixl_xfer_handle(0x556359907ea0, released=False)",decode,1,0,452712,1,d61968e8-e4aa-43a2-8ca8-85b623ffd1e5_dp0,0,nixl_start_time
1780281114.8174107,1780281114.8297737,12.363000000000001,1780281114.8297944,0.020742416381835938,137484779077,137484.779077,1780281114.8174107,12.383699417114258,0.006198883056640625,3.643512725830078,3.623,28311552,2.2900228099975735,1728,chatcmpl-cf5ce05e-f259-4aa7-a3e0-9b30fc6493df-b525d57a,"nixl_xfer_handle(0x556359907ea0, released=False)",decode,1,0,452712,18,d61968e8-e4aa-43a2-8ca8-85b623ffd1e5_dp1,0,nixl_start_time
1780281115.0020037,1780281115.0145497,12.546,1780281115.0145676,0.017881393432617188,137484963670,137484.96367,1780281115.0020037,12.563943862915039,0.0030994415283203125,1.3470649719238281,1.315,3145728,0.2507355332376853,192,chatcmpl-d0fac271-4f41-44d5-b074-9125f7e45e04-aea83c8b,"nixl_xfer_handle(0x556359907ea0, released=False)",decode,1,0,452712,2,d61968e8-e4aa-43a2-8ca8-85b623ffd1e5_dp0,0,nixl_start_time
1780281115.0766377,1780281115.1013117,24.674000000000003,1780281115.1013782,0.06651878356933594,137485038304,137485.038304,1780281115.0766377,24.74045753479004,0.0059604644775390625,4.769802093505859,4.749,51904512,2.103611574937181,3168,chatcmpl-3cea3e59-a6d6-4b59-8ee1-8b6d2f9dc091-b84ada67,"nixl_xfer_handle(0x556359907ea0, released=False)",decode,1,0,452712,33,d61968e8-e4aa-43a2-8ca8-85b623ffd1e5_dp1,0,nixl_start_time
1780281115.0890517,1780281115.1012838,12.232,1780281115.101321,0.03719329833984375,137485050718,137485.050718,1780281115.0890517,12.269258499145508,0.004291534423828125,2.2084712982177734,2.183,3145728,0.2571720078482668,192,chatcmpl-bef7e004-1013-4c58-be8f-adcc24eaa376-84da2d31,"nixl_xfer_handle(0x5af9a3ddeca0, released=False)",decode,0,0,452715,2,d61968e8-e4aa-43a2-8ca8-85b623ffd1e5_dp0,0,nixl_start_time
1780281115.1637087,1780281115.1902187,26.509999999999998,1780281115.1902666,0.04792213439941406,137485125375,137485.125375,1780281115.1637087,26.55792236328125,0.007152557373046875,11.31129264831543,11.271,66060288,2.491900716710675,4032,chatcmpl-3e2c662d-a7c8-4485-9ff8-cb6e27b2e10b-9a48c1ec,"nixl_xfer_handle(0x5af9a3ddeca0, released=False)",decode,0,0,452715,42,d61968e8-e4aa-43a2-8ca8-85b623ffd1e5_dp1,0,nixl_start_time
1780281115.1902068,1780281115.2022038,11.997,1780281115.2022376,0.033855438232421875,137485151873,137485.151873,1780281115.1902068,12.030839920043945,0.0050067901611328125,3.067493438720703,3.048,17301504,1.4421525381345337,1056,chatcmpl-21fdff3e-3491-429a-ac30-7edad9be5b50-8c385e57,"nixl_xfer_handle(0x556359958460, released=False)",decode,1,0,452712,11,d61968e8-e4aa-43a2-8ca8-85b623ffd1e5_dp0,0,nixl_start_time
1780281115.2395256,1780281115.2641857,24.66,1780281115.2642198,0.03409385681152344,137485201192,137485.201192,1780281115.2395256,24.694204330444336,0.0045299530029296875,7.628440856933594,7.604,12582912,0.5102559610705596,768,chatcmpl-68061422-4eda-44c9-bddd-bf031c715e14-bff5170a,"nixl_xfer_handle(0x556359958460, released=False)",decode,1,0,452712,8,d61968e8-e4aa-43a2-8ca8-85b623ffd1e5_dp1,0,nixl_start_time
1780281115.4487007,1780281115.4611127,12.411999999999999,1780281115.4611573,0.04458427429199219,137485410367,137485.410367,1780281115.4487007,12.456655502319336,0.002384185791015625,4.83393669128418,4.813,9437184,0.7603274250725105,576,chatcmpl-949d2f47-8282-4baf-a288-c62a4a5bef68-b4fd9840,"nixl_xfer_handle(0x5af9a3ddeca0, released=False)",decode,0,0,452715,6,d61968e8-e4aa-43a2-8ca8-85b623ffd1e5_dp0,0,nixl_start_time
1780281115.5232136,1780281115.5508506,27.636999999999997,1780281115.550896,0.045299530029296875,137485484880,137485.48488,1780281115.5232136,27.68230438232422,0.0057220458984375,5.23829460144043,5.217,51904512,1.8780805441979957,3168,chatcmpl-43c4f924-7cc8-4ba4-a96a-f4d6bfd9e6a2-bdd55260,"nixl_xfer_handle(0x5563510a1a40, released=False)",decode,1,0,452712,33,d61968e8-e4aa-43a2-8ca8-85b623ffd1e5_dp0,0,nixl_start_time
1780281115.5238225,1780281115.5488625,25.04,1780281115.54888,0.017642974853515625,137485485489,137485.485489,1780281115.5238225,25.057554244995117,0.0095367431640625,9.988069534301758,9.958,48758784,1.947235782747604,2976,chatcmpl-0bf3c9ad-ed17-456c-937f-60143c82083c-82b46aa2,"nixl_xfer_handle(0x5af9a3d96ca0, released=False)",decode,0,0,452715,31,d61968e8-e4aa-43a2-8ca8-85b623ffd1e5_dp1,0,nixl_start_time
1780281115.5487537,1780281115.5611687,12.415000000000001,1780281115.5612023,0.03361701965332031,137485510420,137485.51042,1780281115.5487537,12.448549270629883,0.00476837158203125,1.856088638305664,1.834,4718592,0.38007184857027787,288,chatcmpl-84ba7e65-8b18-4ce6-b612-e487f84b89dd-bbb3baed,"nixl_xfer_handle(0x556359aba420, released=False)",decode,1,0,452712,3,d61968e8-e4aa-43a2-8ca8-85b623ffd1e5_dp1,0,nixl_start_time
1780281115.5856516,1780281115.5977685,12.116999999999999,1780281115.59781,0.041484832763671875,137485547318,137485.547318,1780281115.5856516,12.158393859863281,0.005245208740234375,2.011537551879883,1.988,3145728,0.2596127754394652,192,chatcmpl-065f02be-8a53-4e0d-832b-5b3b358a3551-9075ad09,"nixl_xfer_handle(0x5af9a3ddeca0, released=False)",decode,0,0,452715,2,d61968e8-e4aa-43a2-8ca8-85b623ffd1e5_dp0,0,nixl_start_time
1780281115.6718576,1780281115.6988325,26.974999999999998,1780281115.6988478,0.0152587890625,137485633524,137485.633524,1780281115.6718576,26.990175247192383,0.0064373016357421875,10.283470153808594,10.249,70778880,2.623869508804449,4320,chatcmpl-cef0100a-bfa3-4907-96d5-6f6b4d6417da-ba83d5d7,"nixl_xfer_handle(0x5af9a3ddeca0, released=False)",decode,0,0,452715,45,d61968e8-e4aa-43a2-8ca8-85b623ffd1e5_dp1,0,nixl_start_time
1780281115.6856747,1780281115.7139776,28.302999999999997,1780281115.7140093,0.03170967102050781,137485647341,137485.647341,1780281115.6856747,28.334617614746094,0.0045299530029296875,12.891292572021484,12.866,7864320,0.2778617107727096,480,chatcmpl-3154df1f-8e7a-454d-9db1-f08ef41e5caf-87edc42b,"nixl_xfer_handle(0x5af9a3dd35a0, released=False)",decode,0,0,452715,5,d61968e8-e4aa-43a2-8ca8-85b623ffd1e5_dp0,0,nixl_start_time
1780281115.7627206,1780281115.7749677,12.247,1780281115.7750049,0.03719329833984375,137485724387,137485.724387,1780281115.7627206,12.284278869628906,0.003337860107421875,2.002716064453125,1.984,4718592,0.3852855393157508,288,chatcmpl-7f47b2e9-6f0a-4e94-b9ea-718a1ca463f1-85c32fdb,"nixl_xfer_handle(0x556359aba420, released=False)",decode,1,0,452712,3,d61968e8-e4aa-43a2-8ca8-85b623ffd1e5_dp1,0,nixl_start_time
1780281115.8482356,1780281115.8488517,0.616,1780281115.8491354,0.2837181091308594,137485809902,137485.809902,1780281115.8482356,0.8997917175292969,0.0059604644775390625,0.6392002105712891,0.616,1572864,2.5533506493506493,48,chatcmpl-9864c723-1f76-4771-bcef-cf7676c6e52d-9d3e7f0e,"nixl_xfer_handle(0x5af9a3ddeca0, released=False)",decode,0,0,452715,1,d61968e8-e4aa-43a2-8ca8-85b623ffd1e5_dp0,0,nixl_start_time
1780281115.9336886,1780281115.9575286,23.84,1780281115.9575908,0.06222724914550781,137485895355,137485.895355,1780281115.9336886,23.902177810668945,0.011682510375976562,4.78053092956543,4.753,53477376,2.243178523489933,3264,chatcmpl-7de40383-94fc-4e8b-8b36-923e3ea86ed7-abdf926a,"nixl_xfer_handle(0x556359aba420, released=False)",decode,1,0,452712,34,d61968e8-e4aa-43a2-8ca8-85b623ffd1e5_dp1,0,nixl_start_time
1780281115.9937067,1780281116.0059178,12.211,1780281116.0059397,0.02193450927734375,137485955373,137485.955373,1780281115.9937067,12.23301887512207,0.002384185791015625,4.568576812744141,4.547,7864320,0.6440357055114242,480,chatcmpl-99139fbf-3e7d-4ffb-89d3-4196c0fd3f9b-9b90f04f,"nixl_xfer_handle(0x5af9a3ddeca0, released=False)",decode,0,0,452715,5,d61968e8-e4aa-43a2-8ca8-85b623ffd1e5_dp0,0,nixl_start_time
1780281116.0417776,1780281116.0541565,12.379,1780281116.0541766,0.02002716064453125,137486003444,137486.003444,1780281116.0417776,12.398958206176758,0.0030994415283203125,2.0170211791992188,1.996,3145728,0.254118103239357,192,chatcmpl-3711747e-387c-40b3-8f1f-88fbe6c37516-a3edadee,"nixl_xfer_handle(0x5af9a3ddeca0, released=False)",decode,0,0,452715,2,d61968e8-e4aa-43a2-8ca8-85b623ffd1e5_dp1,0,nixl_start_time
1780281116.1148176,1780281116.1264255,11.608,1780281116.126473,0.04744529724121094,137486076484,137486.076484,1780281116.1148176,11.655330657958984,0.0059604644775390625,3.1659603118896484,3.144,20447232,1.7614776016540317,1248,chatcmpl-4807288a-f7a5-4707-8281-52b87ce9dc5f-9a8d5d19,"nixl_xfer_handle(0x556359aba420, released=False)",decode,1,0,452712,13,d61968e8-e4aa-43a2-8ca8-85b623ffd1e5_dp0,0,nixl_start_time
1780281116.1631916,1780281116.1866076,23.416,1780281116.1866248,0.0171661376953125,137486124858,137486.124858,1780281116.1631916,23.433208465576172,0.00762939453125,8.308649063110352,8.273,39321600,1.679262043047489,2400,chatcmpl-bc30493f-64d9-44b1-b42b-74b3d41483c6-a2e6e44e,"nixl_xfer_handle(0x5af9a3ddeca0, released=False)",decode,0,0,452715,25,d61968e8-e4aa-43a2-8ca8-85b623ffd1e5_dp1,0,nixl_start_time
1780281116.3092058,1780281116.3357017,26.496,1780281116.33572,0.018358230590820312,137486270872,137486.270872,1780281116.3092058,26.514291763305664,0.008344650268554688,11.415481567382812,11.379,70778880,2.671304347826087,4320,chatcmpl-d4e1362a-6314-4b95-9cbb-f5aa1598a4c5-b8b1d3c3,"nixl_xfer_handle(0x5af9a3ddeca0, released=False)",decode,0,0,452715,45,d61968e8-e4aa-43a2-8ca8-85b623ffd1e5_dp0,0,nixl_start_time
1780281116.3357418,1780281116.3480308,12.289,1780281116.3480606,0.029802322387695312,137486297408,137486.297408,1780281116.3357418,12.318849563598633,0.0045299530029296875,1.4486312866210938,1.428,3145728,0.2559791683619497,192,chatcmpl-f909d17f-6549-49e8-af4c-6b17b4aa9bcb-bff9a0ee,"nixl_xfer_handle(0x556359aba420, released=False)",decode,1,0,452712,2,d61968e8-e4aa-43a2-8ca8-85b623ffd1e5_dp1,0,nixl_start_time
1780281116.3479376,1780281116.3735485,25.610999999999997,1780281116.3735774,0.028848648071289062,137486309604,137486.309604,1780281116.3479376,25.639772415161133,0.00286102294921875,10.266304016113281,10.242,14155776,0.5527225020499004,864,chatcmpl-9f811b88-e72a-4560-96ae-4eefe7ef8e9c-995d2b6c,"nixl_xfer_handle(0x5af9a3ddeca0, released=False)",decode,0,0,452715,9,d61968e8-e4aa-43a2-8ca8-85b623ffd1e5_dp1,0,nixl_start_time
1780281116.4101136,1780281116.4244006,14.286999999999999,1780281116.424416,0.015497207641601562,137486371780,137486.37178,1780281116.4101136,14.302492141723633,0.0045299530029296875,1.421213150024414,1.399,3145728,0.22018114369706726,192,chatcmpl-28558546-295b-403f-8c49-2f776ba483f1-91ead6dc,"nixl_xfer_handle(0x556359aba420, released=False)",decode,1,0,452712,2,d61968e8-e4aa-43a2-8ca8-85b623ffd1e5_dp0,0,nixl_start_time
1780281116.4225016,1780281116.4349446,12.443,1780281116.4349644,0.019788742065429688,137486384168,137486.384168,1780281116.4225016,12.462854385375977,0.0054836273193359375,1.3871192932128906,1.364,3145728,0.2528110584264245,192,chatcmpl-49323e98-5998-4fb4-b4cd-2dc34abfb08f-b2a58564,"nixl_xfer_handle(0x5563510a1a40, released=False)",decode,1,0,452712,2,d61968e8-e4aa-43a2-8ca8-85b623ffd1e5_dp1,0,nixl_start_time
1780281116.4594247,1780281116.4717567,12.331999999999999,1780281116.4718065,0.04982948303222656,137486421091,137486.421091,1780281116.4594247,12.381792068481445,0.0057220458984375,1.3439655303955078,1.322,3145728,0.2550866039571846,192,chatcmpl-edbf5128-e80c-4ca1-a417-ce14510aaf82-96d0b9f9,"nixl_xfer_handle(0x5563510a1a40, released=False)",decode,1,0,452712,2,d61968e8-e4aa-43a2-8ca8-85b623ffd1e5_dp0,0,nixl_start_time
1780281116.4836247,1780281116.4845726,0.948,1780281116.4845872,0.014543533325195312,137486445291,137486.445291,1780281116.4836247,0.9624958038330078,0.0050067901611328125,0.6000995635986328,0.579,1572864,1.6591392405063292,48,chatcmpl-a0717ba3-9fbc-40ad-af44-29f60d817c42-9205b0f5,"nixl_xfer_handle(0x5af9a3ddeca0, released=False)",decode,0,0,452715,1,d61968e8-e4aa-43a2-8ca8-85b623ffd1e5_dp1,0,nixl_start_time
1780281116.8024228,1780281116.8150787,12.656,1780281116.815134,0.0553131103515625,137486764089,137486.764089,1780281116.8024228,12.711286544799805,0.0045299530029296875,0.46181678771972656,0.441,1572864,0.12427812895069532,48,chatcmpl-56461fc2-7719-421c-9bcd-4bb17a7ae865-b14ca78d,"nixl_xfer_handle(0x556352598500, released=False)",decode,1,0,452712,1,d61968e8-e4aa-43a2-8ca8-85b623ffd1e5_dp0,0,nixl_start_time
1780281116.8396807,1780281116.8516486,11.968,1780281116.8516688,0.020265579223632812,137486801347,137486.801347,1780281116.8396807,11.988162994384766,0.0054836273193359375,4.769802093505859,4.743,11010048,0.9199572192513369,672,chatcmpl-770a3f66-5f25-4732-8fea-e3706ad4135e-8cf3f60a,"nixl_xfer_handle(0x556352598500, released=False)",decode,1,0,452712,7,d61968e8-e4aa-43a2-8ca8-85b623ffd1e5_dp1,0,nixl_start_time
1780281116.8763785,1780281116.8883026,11.924000000000001,1780281116.888325,0.022411346435546875,137486838045,137486.838045,1780281116.8763785,11.946439743041992,0.005245208740234375,4.598855972290039,4.576,11010048,0.9233518953371352,672,chatcmpl-83360fe5-2466-4006-a772-49466e95ef9c-8e3d42e4,"nixl_xfer_handle(0x556352598500, released=False)",decode,1,0,452712,7,d61968e8-e4aa-43a2-8ca8-85b623ffd1e5_dp0,0,nixl_start_time
1780281116.9127436,1780281116.9143565,1.613,1780281116.9146216,0.2651214599609375,137486874410,137486.87441,1780281116.9127436,1.8780231475830078,0.005245208740234375,1.6341209411621094,1.613,3145728,1.9502343459392435,192,chatcmpl-4ad0f85f-3f92-4434-b1d8-fc7a2b9c29cf-9a2a1cce,"nixl_xfer_handle(0x5563599a18d0, released=False)",decode,1,0,452712,2,d61968e8-e4aa-43a2-8ca8-85b623ffd1e5_dp1,0,nixl_start_time
1780281116.9373767,1780281116.9494467,12.07,1780281116.9495115,0.064849853515625,137486899043,137486.899043,1780281116.9373767,12.134790420532227,0.0054836273193359375,3.946542739868164,3.924,7864320,0.6515592377796189,480,chatcmpl-187e0e16-6109-40b9-9610-104c30af0ed7-836b1be4,"nixl_xfer_handle(0x556359aba420, released=False)",decode,1,0,452712,5,d61968e8-e4aa-43a2-8ca8-85b623ffd1e5_dp0,0,nixl_start_time
1780281117.0111077,1780281117.0368657,25.758,1780281117.0368793,0.013589859008789062,137486972774,137486.972774,1780281117.0111077,25.771617889404297,0.0069141387939453125,5.138397216796875,5.115,62914560,2.442525040764034,3840,chatcmpl-ae3d990d-ad66-4141-bc84-d66a692e3085-ba5af3e5,"nixl_xfer_handle(0x556359a235a0, released=False)",decode,1,0,452712,40,d61968e8-e4aa-43a2-8ca8-85b623ffd1e5_dp1,0,nixl_start_time
1780281117.0349407,1780281117.0366077,1.667,1780281117.0368986,0.29087066650390625,137486996607,137486.996607,1780281117.0349407,1.9578933715820312,0.0050067901611328125,1.687765121459961,1.667,3145728,1.8870593881223754,192,chatcmpl-6f974223-f75a-4882-b9e8-33281fda0bff-933c51e5,"nixl_xfer_handle(0x5563510a1a40, released=False)",decode,1,0,452712,2,d61968e8-e4aa-43a2-8ca8-85b623ffd1e5_dp0,0,nixl_start_time
1780281117.2178698,1780281117.2304947,12.625,1780281117.230512,0.0171661376953125,137487179536,137487.179536,1780281117.2178698,12.642145156860352,0.00476837158203125,5.80596923828125,5.774,23592960,1.8687493069306929,1440,chatcmpl-0dc9291b-2f3f-446d-a142-c3e6f038b9a5-8b2a8497,"nixl_xfer_handle(0x5af9a3ddeca0, released=False)",decode,0,0,452715,15,d61968e8-e4aa-43a2-8ca8-85b623ffd1e5_dp1,0,nixl_start_time
1780281117.2670827,1780281117.2791896,12.107,1780281117.2792246,0.03504753112792969,137487228749,137487.228749,1780281117.2670827,12.141942977905273,0.0059604644775390625,3.7627220153808594,3.741,31457280,2.598272074006773,1920,chatcmpl-98e425df-d34a-4f30-91df-ec1dc954f705-a17f5030,"nixl_xfer_handle(0x556359a235a0, released=False)",decode,1,0,452712,20,d61968e8-e4aa-43a2-8ca8-85b623ffd1e5_dp0,0,nixl_start_time
1780281117.2929187,1780281117.3038757,10.956999999999999,1780281117.3039064,0.030755996704101562,137487254585,137487.254585,1780281117.2929187,10.98775863647461,0.00858306884765625,4.802703857421875,4.773,7864320,0.7177439080040157,480,chatcmpl-95ee7493-3989-45dc-9547-88de95d58632-ba9ca606,"nixl_xfer_handle(0x5af9a3ddeca0, released=False)",decode,0,0,452715,5,d61968e8-e4aa-43a2-8ca8-85b623ffd1e5_dp1,0,nixl_start_time
1780281117.3037436,1780281117.3041897,0.446,1780281117.304469,0.27942657470703125,137487265410,137487.26541,1780281117.3037436,0.7255077362060547,0.0045299530029296875,0.46443939208984375,0.446,1572864,3.5266008968609865,48,chatcmpl-1d549ed3-2c26-43e0-bfb6-88373804f74d-a8a0b9fb,"nixl_xfer_handle(0x556359a235a0, released=False)",decode,1,0,452712,1,d61968e8-e4aa-43a2-8ca8-85b623ffd1e5_dp0,0,nixl_start_time
1780281117.3888316,1780281117.4011157,12.283999999999999,1780281117.4011364,0.020742416381835938,137487350498,137487.350498,1780281117.3888316,12.30478286743164,0.003337860107421875,1.987457275390625,1.968,3145728,0.2560833604689026,192,chatcmpl-191b7d06-22a4-46e6-b9fc-cbe94f5d8f0e-afc201d9,"nixl_xfer_handle(0x5af9a3ddeca0, released=False)",decode,0,0,452715,2,d61968e8-e4aa-43a2-8ca8-85b623ffd1e5_dp0,0,nixl_start_time
1780281117.4497216,1780281117.4617765,12.055,1780281117.461831,0.05459785461425781,137487411388,137487.411388,1780281117.4497216,12.109518051147461,0.004291534423828125,1.9893646240234375,1.965,3145728,0.2609479883865616,192,chatcmpl-42e4fdd6-696e-4338-b3ee-56e7dd711edc-acb943f1,"nixl_xfer_handle(0x5af9a3ddeca0, released=False)",decode,0,0,452715,2,d61968e8-e4aa-43a2-8ca8-85b623ffd1e5_dp1,0,nixl_start_time
1780281117.5111368,1780281117.5352569,24.119999999999997,1780281117.535293,0.0362396240234375,137487472803,137487.472803,1780281117.5111368,24.15633201599121,0.0054836273193359375,4.834413528442383,4.813,39321600,1.6302487562189054,2400,chatcmpl-8d4c39f1-f971-4de0-b244-9f90f6b3919c-a5bc5912,"nixl_xfer_handle(0x556359a235a0, released=False)",decode,1,0,452712,25,d61968e8-e4aa-43a2-8ca8-85b623ffd1e5_dp0,0,nixl_start_time
1780281117.5846307,1780281117.6148508,30.22,1780281117.6148703,0.019550323486328125,137487546297,137487.546297,1780281117.5846307,30.239582061767578,0.0073909759521484375,11.322975158691406,11.297,66060288,2.185979086697551,4032,chatcmpl-e83aca1f-c450-4774-beb6-606afe2d7e35-a065f0bb,"nixl_xfer_handle(0x556352598500, released=False)",decode,1,0,452712,42,d61968e8-e4aa-43a2-8ca8-85b623ffd1e5_dp0,0,nixl_start_time
1780281117.6109025,1780281117.6278915,16.989,1780281117.6279137,0.022172927856445312,137487572569,137487.572569,1780281117.6109025,17.011165618896484,0.00476837158203125,3.6919116973876953,3.671,26738688,1.5738823944905527,1632,chatcmpl-24b37809-a7e2-4e48-8762-cd2a276b70f0-a6f51fd4,"nixl_xfer_handle(0x556359aba420, released=False)",decode,1,0,452712,17,d61968e8-e4aa-43a2-8ca8-85b623ffd1e5_dp1,0,nixl_start_time
1780281117.6231925,1780281117.6484385,25.246000000000002,1780281117.6484551,0.016689300537109375,137487584859,137487.584859,1780281117.6231925,25.26259422302246,0.00667572021484375,4.435062408447266,4.414,40894464,1.6198393408856848,2496,chatcmpl-ea6829ea-bc96-467f-b1be-9431619f72bb-bb3fba6d,"nixl_xfer_handle(0x556352598500, released=False)",decode,1,0,452712,26,d61968e8-e4aa-43a2-8ca8-85b623ffd1e5_dp0,0,nixl_start_time
1780281117.6475887,1780281117.6481237,0.535,1780281117.648476,0.3521442413330078,137487609255,137487.609255,1780281117.6475887,0.8871555328369141,0.0050067901611328125,0.55694580078125,0.535,1572864,2.939932710280374,48,chatcmpl-685cde3a-6efa-4a61-96fb-2cc753d4cd70-9a38f858,"nixl_xfer_handle(0x556359aba420, released=False)",decode,1,0,452712,1,d61968e8-e4aa-43a2-8ca8-85b623ffd1e5_dp1,0,nixl_start_time
1780281117.6476636,1780281117.6646175,16.954,1780281117.6646605,0.04291534423828125,137487609330,137487.60933,1780281117.6476636,16.99686050415039,0.00476837158203125,2.9115676879882812,2.888,4718592,0.2783173292438363,288,chatcmpl-0d2c9aef-259e-4884-ba2f-c3ffbd6aedc7-b1ae91d0,"nixl_xfer_handle(0x5af9a3ddeca0, released=False)",decode,0,0,452715,3,d61968e8-e4aa-43a2-8ca8-85b623ffd1e5_dp1,0,nixl_start_time
1780281117.6602416,1780281117.6719885,11.747,1780281117.6720052,0.016689300537109375,137487621908,137487.621908,1780281117.6602416,11.763572692871094,0.007152557373046875,4.038333892822266,4.001,26738688,2.276214182344428,1632,chatcmpl-e609ab5f-0e5b-4c34-ab1d-3dfe1cbc10c1-a2d23666,"nixl_xfer_handle(0x5af9a3d620e0, released=False)",decode,0,0,452715,17,d61968e8-e4aa-43a2-8ca8-85b623ffd1e5_dp0,0,nixl_start_time
1780281117.6719117,1780281117.6846697,12.758000000000001,1780281117.684708,0.03838539123535156,137487633578,137487.633578,1780281117.6719117,12.796401977539062,0.0057220458984375,3.720998764038086,3.697,26738688,2.0958369650415425,1632,chatcmpl-4c9235ea-800b-43be-9514-7ca0243f0cfd-8649f912,"nixl_xfer_handle(0x556352598500, released=False)",decode,1,0,452712,17,d61968e8-e4aa-43a2-8ca8-85b623ffd1e5_dp1,0,nixl_start_time
1780281117.6968307,1780281117.6997848,2.954,1780281117.6997998,0.015020370483398438,137487658497,137487.658497,1780281117.6968307,2.969026565551758,0.0050067901611328125,2.534627914428711,2.5,4718592,1.5973568043331077,288,chatcmpl-62e8a21d-52ed-48de-ba0e-156b78950b8b-9fea5e01,"nixl_xfer_handle(0x556352598500, released=False)",decode,1,0,452712,3,d61968e8-e4aa-43a2-8ca8-85b623ffd1e5_dp0,0,nixl_start_time
1780281117.6968627,1780281117.7113087,14.446,1780281117.711322,0.0133514404296875,137487658529,137487.658529,1780281117.6968627,14.459371566772461,0.003814697265625,4.710197448730469,4.688,7864320,0.5443942959988924,480,chatcmpl-55ab8e0c-c5ea-49cc-8101-2ab0cb4c5b5f-b1651f27,"nixl_xfer_handle(0x5af9a3d620e0, released=False)",decode,0,0,452715,5,d61968e8-e4aa-43a2-8ca8-85b623ffd1e5_dp0,0,nixl_start_time
1780281117.7089076,1780281117.7213886,12.481000000000002,1780281117.7214348,0.046253204345703125,137487670574,137487.670574,1780281117.7089076,12.527227401733398,0.0050067901611328125,2.0873546600341797,2.063,3145728,0.2520413428411185,192,chatcmpl-2f48b027-8350-4570-87f1-546fe2bb13bc-b9d83c81,"nixl_xfer_handle(0x5af9a3ddeca0, released=False)",decode,0,0,452715,2,d61968e8-e4aa-43a2-8ca8-85b623ffd1e5_dp1,0,nixl_start_time
1780281117.7205517,1780281117.7214527,0.901,1780281117.7214725,0.019788742065429688,137487682218,137487.682218,1780281117.7205517,0.9207725524902344,0.0045299530029296875,0.5459785461425781,0.526,1572864,1.745687014428413,48,chatcmpl-67c521e5-3d96-48e1-be7c-7d689a19f66e-af90df94,"nixl_xfer_handle(0x5af9a3d620e0, released=False)",decode,0,0,452715,1,d61968e8-e4aa-43a2-8ca8-85b623ffd1e5_dp0,0,nixl_start_time
1780281117.7817535,1780281117.7936106,11.857,1780281117.7936313,0.020742416381835938,137487743420,137487.74342,1780281117.7817535,11.877775192260742,0.005245208740234375,3.1270980834960938,3.106,17301504,1.4591805684405836,1056,chatcmpl-bf073dd3-7564-489f-9e6e-8a70665aeea9-94da9f12,"nixl_xfer_handle(0x556352598500, released=False)",decode,1,0,452712,11,d61968e8-e4aa-43a2-8ca8-85b623ffd1e5_dp1,0,nixl_start_time
1780281117.8178596,1780281117.8299246,12.065,1780281117.829977,0.05245208740234375,137487779526,137487.779526,1780281117.8178596,12.117385864257812,0.0054836273193359375,3.218412399291992,3.199,20447232,1.6947560712805636,1248,chatcmpl-fb62e75a-de27-45d6-9453-f4e01b19d1e2-b0491c12,"nixl_xfer_handle(0x55635994af00, released=False)",decode,1,0,452712,13,d61968e8-e4aa-43a2-8ca8-85b623ffd1e5_dp0,0,nixl_start_time
1780281117.8417876,1780281117.8541036,12.316,1780281117.8541234,0.019788742065429688,137487803454,137487.803454,1780281117.8417876,12.335777282714844,0.002384185791015625,2.775430679321289,2.755,4718592,0.3831269892822345,288,chatcmpl-622fbb31-5279-492b-b326-3154719fe966-b9694ebb,"nixl_xfer_handle(0x5af9a3d620e0, released=False)",decode,0,0,452715,3,d61968e8-e4aa-43a2-8ca8-85b623ffd1e5_dp0,0,nixl_start_time
1780281117.9157956,1780281117.9404845,24.689,1780281117.9405434,0.05888938903808594,137487877462,137487.877462,1780281117.9157956,24.747848510742188,0.0064373016357421875,5.0182342529296875,4.996,59768832,2.4208688889788976,3648,chatcmpl-c269df8b-6c5f-4d2e-8eb5-8b21a53e0a85-8dc22116,"nixl_xfer_handle(0x55635994af00, released=False)",decode,1,0,452712,38,d61968e8-e4aa-43a2-8ca8-85b623ffd1e5_dp1,0,nixl_start_time
1780281117.9403236,1780281117.9411757,0.852,1780281117.9411886,0.012874603271484375,137487901990,137487.90199,1780281117.9403236,0.8649826049804688,0.0030994415283203125,0.5860328674316406,0.567,1572864,1.8460845070422536,48,chatcmpl-bba41901-0a5c-4a88-a910-94d890108193-8a034675,"nixl_xfer_handle(0x5af9a3d620e0, released=False)",decode,0,0,452715,1,d61968e8-e4aa-43a2-8ca8-85b623ffd1e5_dp1,0,nixl_start_time
1780281118.2745447,1780281118.2984698,23.924999999999997,1780281118.2985182,0.04839897155761719,137488236211,137488.236211,1780281118.2745447,23.973464965820312,0.009059906005859375,8.671998977661133,8.6,61341696,2.5639162382445146,3744,chatcmpl-b6d0308e-29ef-4395-93bd-d3f11f3cb469-8cb8ae65,"nixl_xfer_handle(0x5af9a3d620e0, released=False)",decode,0,0,452715,39,d61968e8-e4aa-43a2-8ca8-85b623ffd1e5_dp0,0,nixl_start_time
1780281118.2983656,1780281118.3105676,12.202,1780281118.3105989,0.031232833862304688,137488260032,137488.260032,1780281118.2983656,12.233257293701172,0.0059604644775390625,3.5834312438964844,3.559,7864320,0.6445107359449271,480,chatcmpl-d99c2263-0d40-4dc9-85c0-21b7f4574dfd-83db3a54,"nixl_xfer_handle(0x55635994af00, released=False)",decode,1,0,452712,5,d61968e8-e4aa-43a2-8ca8-85b623ffd1e5_dp1,0,nixl_start_time
1780281118.4208395,1780281118.4446785,23.839,1780281118.4446952,0.016689300537109375,137488382506,137488.382506,1780281118.4208395,23.85568618774414,0.008821487426757812,8.06117057800293,8.036,61341696,2.573165652921683,3744,chatcmpl-aa4107f1-921b-478c-a464-79eaef017327-96ad6c94,"nixl_xfer_handle(0x5af9a3d620e0, released=False)",decode,0,0,452715,39,d61968e8-e4aa-43a2-8ca8-85b623ffd1e5_dp0,0,nixl_start_time
1780281118.4325657,1780281118.4332266,0.661,1780281118.4332423,0.015735626220703125,137488394232,137488.394232,1780281118.4325657,0.6766319274902344,0.0050067901611328125,0.4127025604248047,0.391,1572864,2.379521936459909,48,chatcmpl-09018098-1df0-477c-a5ea-5f987099a204-aecef965,"nixl_xfer_handle(0x55635994af00, released=False)",decode,1,0,452712,1,d61968e8-e4aa-43a2-8ca8-85b623ffd1e5_dp0,0,nixl_start_time
1780281118.4574797,1780281118.4699538,12.474,1780281118.4699986,0.04482269287109375,137488419146,137488.419146,1780281118.4574797,12.518882751464844,0.0069141387939453125,3.910541534423828,3.885,28311552,2.2696450216450215,1728,chatcmpl-36bdaf4c-ec30-49fb-94c4-72430e81f791-a4f8d138,"nixl_xfer_handle(0x5af9a3d620e0, released=False)",decode,0,0,452715,18,d61968e8-e4aa-43a2-8ca8-85b623ffd1e5_dp1,0,nixl_start_time
1780281118.4697866,1780281118.4819446,12.158000000000001,1780281118.4819796,0.03504753112792969,137488431453,137488.431453,1780281118.4697866,12.192964553833008,0.005245208740234375,1.9686222076416016,1.947,4718592,0.38810593847672314,288,chatcmpl-8a46a8d3-1876-494f-b7cc-5838d893139c-b6c99bd0,"nixl_xfer_handle(0x55635994af00, released=False)",decode,1,0,452712,3,d61968e8-e4aa-43a2-8ca8-85b623ffd1e5_dp0,0,nixl_start_time
1780281118.5429566,1780281118.5557826,12.826,1780281118.5558007,0.01811981201171875,137488504623,137488.504623,1780281118.5429566,12.844085693359375,0.004291534423828125,0.5967617034912109,0.577,1572864,0.12263090597224388,48,chatcmpl-a8c48eba-be3f-484f-9577-2f0c5d18fac6-a5607497,"nixl_xfer_handle(0x5af9a3d620e0, released=False)",decode,0,0,452715,1,d61968e8-e4aa-43a2-8ca8-85b623ffd1e5_dp0,0,nixl_start_time
1780281118.5680106,1780281118.5806136,12.603,1780281118.5806584,0.04482269287109375,137488529677,137488.529677,1780281118.5680106,12.647867202758789,0.0064373016357421875,7.924556732177734,7.902,34603008,2.745616757914782,2112,chatcmpl-1501063c-4b8b-4a4d-84d6-9800a869b6d1-a09ac808,"nixl_xfer_handle(0x5af9a3d620e0, released=False)",decode,0,0,452715,22,d61968e8-e4aa-43a2-8ca8-85b623ffd1e5_dp1,0,nixl_start_time
1780281118.6428277,1780281118.6552427,12.415000000000001,1780281118.655277,0.034332275390625,137488604494,137488.604494,1780281118.6428277,12.449264526367188,0.0064373016357421875,3.6783218383789062,3.657,26738688,2.1537404752315745,1632,chatcmpl-dd4719e9-7dc1-4806-a3b0-6a205f8f3fbe-ac007ce0,"nixl_xfer_handle(0x55635994af00, released=False)",decode,1,0,452712,17,d61968e8-e4aa-43a2-8ca8-85b623ffd1e5_dp1,0,nixl_start_time
1780281118.7546167,1780281118.7670147,12.398,1780281118.7670314,0.016689300537109375,137488716283,137488.716283,1780281118.7546167,12.414693832397461,0.00286102294921875,1.9099712371826172,1.89,3145728,0.2537286659138571,192,chatcmpl-1e6a8b6e-b6f2-40a0-98f2-7b91a67cbd16-a089b647,"nixl_xfer_handle(0x5af9a3e6a8c0, released=False)",decode,0,0,452715,2,d61968e8-e4aa-43a2-8ca8-85b623ffd1e5_dp0,0,nixl_start_time
1780281118.8042767,1780281118.8165207,12.244,1780281118.8165426,0.02193450927734375,137488765943,137488.765943,1780281118.8042767,12.265920639038086,0.0026226043701171875,0.6194114685058594,0.599,1572864,0.12845998039856257,48,chatcmpl-f5c70be2-0399-4b6e-974b-cac3eb1f3256-9ae6d0c8,"nixl_xfer_handle(0x5af9a3e6a8c0, released=False)",decode,0,0,452715,1,d61968e8-e4aa-43a2-8ca8-85b623ffd1e5_dp0,0,nixl_start_time
1780281118.8416398,1780281118.8540657,12.426,1780281118.8540902,0.024557113647460938,137488803306,137488.803306,1780281118.8416398,12.450456619262695,0.0057220458984375,3.9467811584472656,3.922,29884416,2.4049908256880737,1824,chatcmpl-d8dfccdb-f31d-4931-95ee-dd38a86b994b-9c855770,"nixl_xfer_handle(0x55635994af00, released=False)",decode,1,0,452712,19,d61968e8-e4aa-43a2-8ca8-85b623ffd1e5_dp0,0,nixl_start_time
1780281118.8416407,1780281118.8561196,14.479000000000001,1780281118.8561337,0.014066696166992188,137488803307,137488.803307,1780281118.8416407,14.492988586425781,0.004291534423828125,3.1342506408691406,3.112,4718592,0.3258921196215208,288,chatcmpl-d6ebf0bb-95fa-4f7d-bde7-8094ff152543-a3bb5efa,"nixl_xfer_handle(0x5af9a3e6a8c0, released=False)",decode,0,0,452715,3,d61968e8-e4aa-43a2-8ca8-85b623ffd1e5_dp1,0,nixl_start_time
1780281118.8538997,1780281118.8665397,12.64,1780281118.8665607,0.0209808349609375,137488815566,137488.815566,1780281118.8538997,12.660980224609375,0.004291534423828125,1.9402503967285156,1.919,3145728,0.24887088607594937,192,chatcmpl-9e89977b-49a6-4406-a1f3-0ae3141a1146-b2a650c6,"nixl_xfer_handle(0x5af9a3ddeca0, released=False)",decode,0,0,452715,2,d61968e8-e4aa-43a2-8ca8-85b623ffd1e5_dp1,0,nixl_start_time
1780281118.9400187,1780281118.9525425,12.524000000000001,1780281118.9525745,0.031948089599609375,137488901685,137488.901685,1780281118.9400187,12.555837631225586,0.0021457672119140625,0.4742145538330078,0.457,1572864,0.12558799105717022,48,chatcmpl-e8cfa555-23d0-4a77-a64c-c2196cead740-9e3736c0,"nixl_xfer_handle(0x5af9a3e82f00, released=False)",decode,0,0,452715,1,d61968e8-e4aa-43a2-8ca8-85b623ffd1e5_dp0,0,nixl_start_time
1780281119.0389347,1780281119.0511377,12.203000000000001,1780281119.0511925,0.054836273193359375,137489000601,137489.000601,1780281119.0389347,12.257814407348633,0.003337860107421875,3.073453903198242,3.032,4718592,0.38667475211013685,288,chatcmpl-a62e1a63-15c0-4348-bd1d-8e6545053215-8fe25102,"nixl_xfer_handle(0x5af9a3e82f00, released=False)",decode,0,0,452715,3,d61968e8-e4aa-43a2-8ca8-85b623ffd1e5_dp1,0,nixl_start_time
1780281119.0509236,1780281119.0631466,12.222999999999999,1780281119.0632017,0.05507469177246094,137489012590,137489.01259,1780281119.0509236,12.278079986572266,0.005245208740234375,1.425027847290039,1.396,3145728,0.257361367912951,192,chatcmpl-3d60cbcb-2a9d-44e1-a8c7-e1890eee07ff-9618092d,"nixl_xfer_handle(0x55635994af00, released=False)",decode,1,0,452712,2,d61968e8-e4aa-43a2-8ca8-85b623ffd1e5_dp0,0,nixl_start_time
1780281119.0630457,1780281119.0755117,12.466,1780281119.0755339,0.022172927856445312,137489024712,137489.024712,1780281119.0630457,12.488126754760742,0.0030994415283203125,4.110097885131836,4.087,6291456,0.5046892347184342,384,chatcmpl-891dfc85-3caa-4830-9532-c4ab364e5d9d-9c1d9e03,"nixl_xfer_handle(0x5af9a3e82f00, released=False)",decode,0,0,452715,4,d61968e8-e4aa-43a2-8ca8-85b623ffd1e5_dp1,0,nixl_start_time
1780281119.1116986,1780281119.1241815,12.482999999999999,1780281119.1242027,0.021219253540039062,137489073365,137489.073365,1780281119.1116986,12.504100799560547,0.004291534423828125,2.014636993408203,1.992,4718592,0.37800144196106705,288,chatcmpl-34c5a551-8ffe-4963-bb82-dc68346d9b3a-b03b6008,"nixl_xfer_handle(0x55635994af00, released=False)",decode,1,0,452712,3,d61968e8-e4aa-43a2-8ca8-85b623ffd1e5_dp0,0,nixl_start_time
1780281119.1730647,1780281119.1849687,11.904,1780281119.1849875,0.018835067749023438,137489134731,137489.134731,1780281119.1730647,11.922836303710938,0.011444091796875,3.2486915588378906,3.209,17301504,1.4534193548387098,1056,chatcmpl-8f863bd2-0a9f-411b-9439-62b72d73e7d0-8837f4f9,"nixl_xfer_handle(0x5af9a3e82f00, released=False)",decode,0,0,452715,11,d61968e8-e4aa-43a2-8ca8-85b623ffd1e5_dp1,0,nixl_start_time
1780281119.2095265,1780281119.2216256,12.099,1780281119.221646,0.020503997802734375,137489171193,137489.171193,1780281119.2095265,12.119531631469727,0.00476837158203125,4.347562789916992,4.325,11010048,0.9099965286387304,672,chatcmpl-bc1a5571-6233-4083-b723-183901eadd7a-8f0f7ed5,"nixl_xfer_handle(0x55635994af00, released=False)",decode,1,0,452712,7,d61968e8-e4aa-43a2-8ca8-85b623ffd1e5_dp1,0,nixl_start_time
1780281119.2339277,1780281119.2462656,12.338,1780281119.2462828,0.0171661376953125,137489195594,137489.195594,1780281119.2339277,12.35508918762207,0.00286102294921875,2.8946399688720703,2.851,4718592,0.3824438320635435,288,chatcmpl-60dc79c2-843b-47fa-bfed-c2645f621bf7-8473abf7,"nixl_xfer_handle(0x5af9a3ddfa60, released=False)",decode,0,0,452715,3,d61968e8-e4aa-43a2-8ca8-85b623ffd1e5_dp0,0,nixl_start_time
1780281119.3075106,1780281119.3311176,23.607,1780281119.331136,0.018358230590820312,137489269177,137489.269177,1780281119.3075106,23.62537384033203,0.00762939453125,5.203962326049805,5.181,67633152,2.86496174863388,4128,chatcmpl-692551fe-ae15-4c3a-b6f7-29417e7e2c4e-b7c387fd,"nixl_xfer_handle(0x55635994af00, released=False)",decode,1,0,452712,43,d61968e8-e4aa-43a2-8ca8-85b623ffd1e5_dp1,0,nixl_start_time
1780281119.3190866,1780281119.3434455,24.358999999999998,1780281119.3435035,0.05793571472167969,137489280753,137489.280753,1780281119.3190866,24.41692352294922,0.00476837158203125,1.1420249938964844,1.121,3145728,0.12914027669444558,192,chatcmpl-d2305715-4a40-4957-9697-3a0720e91fba-a28c0288,"nixl_xfer_handle(0x556359a235a0, released=False)",decode,1,0,452712,2,d61968e8-e4aa-43a2-8ca8-85b623ffd1e5_dp1,0,nixl_start_time
