start,end,duration_ms,req,role,dp,tp,pid,n_blocks,remote_engine,remote_rank
1780280964.265668,1780280964.2660558,0.3879070281982422,chatcmpl-6a82de0d-2f62-4a9a-b606-3606bd30f174-a89e33d4,decode,0,0,452715,2,d61968e8-e4aa-43a2-8ca8-85b623ffd1e5_dp0,0
1780280964.3008876,1780280964.3012295,0.3418922424316406,chatcmpl-23e26d02-f6b1-416f-9035-5d11585fb8b1-8349479d,decode,0,0,452715,1,d61968e8-e4aa-43a2-8ca8-85b623ffd1e5_dp1,0
1780280964.5716083,1780280964.5718668,0.25844573974609375,chatcmpl-efc3ae3d-f393-4209-a45d-7b836a405f27-80225dff,decode,0,0,452715,2,d61968e8-e4aa-43a2-8ca8-85b623ffd1e5_dp1,0
1780280964.760198,1780280964.7748566,14.658451080322266,chatcmpl-e58583d9-ae0d-4f95-8c5d-cae21cae8515-814b18e0,decode,0,0,452715,35,d61968e8-e4aa-43a2-8ca8-85b623ffd1e5_dp0,0
1780280964.7743242,1780280964.7895303,15.206098556518555,chatcmpl-1468c29f-c934-4044-9cf2-504daab506f9-917f45e5,decode,0,0,452715,10,d61968e8-e4aa-43a2-8ca8-85b623ffd1e5_dp1,0
1780280964.8030908,1780280964.8033762,0.2853870391845703,chatcmpl-0d3bcb46-18a0-481c-9702-31c34e905606-9b93d7c5,decode,0,0,452715,2,d61968e8-e4aa-43a2-8ca8-85b623ffd1e5_dp0,0
1780280964.996396,1780280965.011828,15.431880950927734,chatcmpl-4fd3a3f0-afa9-4099-b0b0-e79a73536ad9-a5a4a7d0,decode,0,0,452715,49,d61968e8-e4aa-43a2-8ca8-85b623ffd1e5_dp0,0
1780280965.062422,1780280965.0626845,0.2624988555908203,chatcmpl-6ef3bae0-108e-454c-a9a0-12819aee1a83-bda85bb7,decode,0,0,452715,2,d61968e8-e4aa-43a2-8ca8-85b623ffd1e5_dp1,0
1780280965.2146418,1780280965.220726,6.084203720092773,chatcmpl-3adb597f-b160-4f15-b175-9fc89295e44a-b5494d7c,decode,0,0,452715,17,d61968e8-e4aa-43a2-8ca8-85b623ffd1e5_dp0,0
1780280965.3704574,1780280965.37075,0.2925395965576172,chatcmpl-c7825594-efc3-48fc-9f55-409c30f69961-a747cf6d,decode,0,0,452715,2,d61968e8-e4aa-43a2-8ca8-85b623ffd1e5_dp0,0
1780280965.473852,1780280965.491714,17.86208152770996,chatcmpl-73b28112-db11-4edd-aaaf-5454ff5c858c-81c9f672,decode,0,0,452715,25,d61968e8-e4aa-43a2-8ca8-85b623ffd1e5_dp1,0
1780280965.5907261,1780280965.612095,21.368980407714844,chatcmpl-2a7bead4-c802-49ce-bceb-34615af806f3-9a0750dc,decode,0,0,452715,31,d61968e8-e4aa-43a2-8ca8-85b623ffd1e5_dp1,0
1780280965.6006644,1780280965.6200752,19.41084861755371,chatcmpl-37ab1b8f-05ed-48f9-b2b8-8245ca27919b-858640a2,decode,0,0,452715,19,d61968e8-e4aa-43a2-8ca8-85b623ffd1e5_dp0,0
1780280965.611646,1780280965.6201282,8.482217788696289,chatcmpl-0481e5a1-0d6f-4241-b2dd-c9ce8d755c0f-95203836,decode,0,0,452715,20,d61968e8-e4aa-43a2-8ca8-85b623ffd1e5_dp1,0
1780280965.8098593,1780280965.8305519,20.69258689880371,chatcmpl-1aed21fc-727a-4c3a-aacd-e8013f58aea8-b31815fe,decode,0,0,452715,35,d61968e8-e4aa-43a2-8ca8-85b623ffd1e5_dp1,0
1780280965.9945157,1780280966.010159,15.64335823059082,chatcmpl-d26b2a1d-0f82-415a-8a1b-93306961c11b-8e833fa1,decode,0,0,452715,37,d61968e8-e4aa-43a2-8ca8-85b623ffd1e5_dp0,0
1780280966.0095425,1780280966.0287464,19.203901290893555,chatcmpl-ba52e5cf-d284-48c7-9e1e-e00c6aa96633-93fa0270,decode,0,0,452715,7,d61968e8-e4aa-43a2-8ca8-85b623ffd1e5_dp1,0
1780280966.028334,1780280966.028763,0.4291534423828125,chatcmpl-cc1468ec-a582-4be9-b485-c8abd83f748e-9e5ada67,decode,0,0,452715,2,d61968e8-e4aa-43a2-8ca8-85b623ffd1e5_dp0,0
1780280966.35658,1780280966.3570082,0.42819976806640625,chatcmpl-93f53e72-f74e-446c-9ae3-e4f2b7348c93-8f63284d,decode,0,0,452715,1,d61968e8-e4aa-43a2-8ca8-85b623ffd1e5_dp0,0
1780280966.6401353,1780280966.6405327,0.3974437713623047,chatcmpl-baec1e9f-0502-4e90-8915-0a54202433f6-931c865b,decode,0,0,452715,1,d61968e8-e4aa-43a2-8ca8-85b623ffd1e5_dp0,0
1780280966.8846738,1780280966.8850815,0.4076957702636719,chatcmpl-5314d278-5874-4920-b07a-453a4e6dd503-959080ff,decode,0,0,452715,1,d61968e8-e4aa-43a2-8ca8-85b623ffd1e5_dp1,0
1780280966.9413164,1780280966.9416888,0.3724098205566406,chatcmpl-2ebbb306-6633-402a-b69a-76822e9689b8-a3f5a7a3,decode,0,0,452715,8,d61968e8-e4aa-43a2-8ca8-85b623ffd1e5_dp0,0
1780280967.0599997,1780280967.0798354,19.835710525512695,chatcmpl-61655594-c896-45ce-a5cd-594d1928c9cc-966abf85,decode,0,0,452715,27,d61968e8-e4aa-43a2-8ca8-85b623ffd1e5_dp0,0
1780280967.108469,1780280967.1159818,7.512807846069336,chatcmpl-3b27b960-c3cb-4c97-936d-1726d387b1d9-81629b40,decode,0,0,452715,20,d61968e8-e4aa-43a2-8ca8-85b623ffd1e5_dp1,0
1780280967.2789996,1780280967.288973,9.973526000976562,chatcmpl-da53ae09-f537-49e1-af0c-e3b1e6b81668-8ae3d753,decode,0,0,452715,17,d61968e8-e4aa-43a2-8ca8-85b623ffd1e5_dp1,0
1780280967.3290749,1780280967.3367698,7.69495964050293,chatcmpl-8109c188-49db-4c8a-9d46-aacb4e361c0c-87d5a9fe,decode,0,0,452715,20,d61968e8-e4aa-43a2-8ca8-85b623ffd1e5_dp1,0
1780280967.6582613,1780280967.6586637,0.4024505615234375,chatcmpl-4e705330-6bef-43b5-a078-f42aa4d71bf9-ae69d2b6,decode,0,0,452715,5,d61968e8-e4aa-43a2-8ca8-85b623ffd1e5_dp0,0
1780280967.743547,1780280967.7518508,8.30388069152832,chatcmpl-d7739b89-4590-44b5-96d5-74985b1292b7-8c05e233,decode,0,0,452715,16,d61968e8-e4aa-43a2-8ca8-85b623ffd1e5_dp1,0
1780280967.7673814,1780280967.776128,8.746623992919922,chatcmpl-a3c43a26-6a19-4a6a-8b42-00d3a37c63de-952efc2d,decode,0,0,452715,13,d61968e8-e4aa-43a2-8ca8-85b623ffd1e5_dp1,0
1780280967.8558567,1780280967.8750162,19.159555435180664,chatcmpl-d88d6e2d-8cf9-4f2e-ba19-13277ee5a064-bf9ec1f9,decode,0,0,452715,52,d61968e8-e4aa-43a2-8ca8-85b623ffd1e5_dp0,0
1780280967.8745716,1780280967.8832347,8.663177490234375,chatcmpl-86a401b3-51ef-4e86-b11a-b9ae154eaf12-8cf13107,decode,0,0,452715,17,d61968e8-e4aa-43a2-8ca8-85b623ffd1e5_dp1,0
1780280967.93224,1780280967.9326541,0.41413307189941406,chatcmpl-a62e8aee-9cae-42fa-9d44-3fae5055e4d8-a0f3e33f,decode,0,0,452715,1,d61968e8-e4aa-43a2-8ca8-85b623ffd1e5_dp0,0
1780280967.9840999,1780280967.9930604,8.960485458374023,chatcmpl-be819431-30a5-4ca4-945b-abd8e7e0064a-938ffeef,decode,0,0,452715,12,d61968e8-e4aa-43a2-8ca8-85b623ffd1e5_dp0,0
1780280968.0223691,1780280968.0419502,19.581079483032227,chatcmpl-d9551328-b6ce-4f70-9b36-07f5e85f7269-a745fc78,decode,0,0,452715,26,d61968e8-e4aa-43a2-8ca8-85b623ffd1e5_dp1,0
1780280968.2487905,1780280968.2491543,0.3638267517089844,chatcmpl-1b0cf003-5218-4355-9b26-aa0bae0258fe-978d064b,decode,0,0,452715,1,d61968e8-e4aa-43a2-8ca8-85b623ffd1e5_dp0,0
1780280968.313266,1780280968.3209264,7.660388946533203,chatcmpl-0ebca902-9aa3-46e2-9f9d-77e9a19fe9cc-8ed3bfe1,decode,0,0,452715,18,d61968e8-e4aa-43a2-8ca8-85b623ffd1e5_dp1,0
1780280968.4613287,1780280968.4702191,8.890390396118164,chatcmpl-3380e12a-2817-4210-ade1-33813230d690-b861324d,decode,0,0,452715,12,d61968e8-e4aa-43a2-8ca8-85b623ffd1e5_dp0,0
1780280968.5118098,1780280968.5311165,19.306659698486328,chatcmpl-adaa6feb-67f1-490b-ba01-c1fb55736492-90bafaa4,decode,0,0,452715,26,d61968e8-e4aa-43a2-8ca8-85b623ffd1e5_dp1,0
1780280968.6058347,1780280968.6062014,0.3666877746582031,chatcmpl-6afca7b0-675e-49ed-885a-a2672f8a4939-b675b3b0,decode,0,0,452715,2,d61968e8-e4aa-43a2-8ca8-85b623ffd1e5_dp1,0
1780280968.6319504,1780280968.6323032,0.3528594970703125,chatcmpl-5b6f8319-32d5-453d-8018-a392756e4f76-b9953650,decode,0,0,452715,4,d61968e8-e4aa-43a2-8ca8-85b623ffd1e5_dp0,0
1780280968.7797933,1780280968.800014,20.22075653076172,chatcmpl-d99bc060-f2ab-40a2-819d-80990ab95060-8acb6f9a,decode,0,0,452715,50,d61968e8-e4aa-43a2-8ca8-85b623ffd1e5_dp1,0
1780280968.797778,1780280968.8069086,9.130716323852539,chatcmpl-a27b2c41-e285-4dec-ac88-9f3e1d3a0037-a66e13a8,decode,0,0,452715,11,d61968e8-e4aa-43a2-8ca8-85b623ffd1e5_dp0,0
1780280968.799562,1780280968.8069463,7.384300231933594,chatcmpl-d1fe81ba-df1b-444b-a99d-44be5852ca98-9162d7e1,decode,0,0,452715,2,d61968e8-e4aa-43a2-8ca8-85b623ffd1e5_dp1,0
1780280968.946731,1780280968.9647048,17.973661422729492,chatcmpl-3aefbdc7-40c5-4093-8764-5b8ba3d4b81e-8bef48b0,decode,0,0,452715,40,d61968e8-e4aa-43a2-8ca8-85b623ffd1e5_dp1,0
1780280969.0532527,1780280969.0535784,0.3256797790527344,chatcmpl-2ceffb33-6ba0-4ad8-83ea-93dfb53559b9-90ff2d1f,decode,0,0,452715,2,d61968e8-e4aa-43a2-8ca8-85b623ffd1e5_dp0,0
1780280969.0999362,1780280969.1106563,10.720014572143555,chatcmpl-61c7cef3-1a4e-47fc-98cc-7253adecce3c-9fea4ebf,decode,0,0,452715,1,d61968e8-e4aa-43a2-8ca8-85b623ffd1e5_dp1,0
1780280969.2366686,1780280969.2561245,19.455909729003906,chatcmpl-7c6d09ca-8c39-449b-94df-ead347c0ae13-a50c276a,decode,0,0,452715,26,d61968e8-e4aa-43a2-8ca8-85b623ffd1e5_dp1,0
1780280969.4305532,1780280969.4562771,25.723934173583984,chatcmpl-db5ed54d-12c4-42af-b231-55f89da9054b-abcc6ba6,decode,0,0,452715,34,d61968e8-e4aa-43a2-8ca8-85b623ffd1e5_dp0,0
1780280969.4558778,1780280969.456292,0.41413307189941406,chatcmpl-4d877db0-5c81-4f0b-9977-85972ef08983-aab51229,decode,0,0,452715,6,d61968e8-e4aa-43a2-8ca8-85b623ffd1e5_dp0,0
1780280969.491112,1780280969.5106177,19.505739212036133,chatcmpl-be06f578-b996-4035-ac0d-f195aa7afc0d-ada8b574,decode,0,0,452715,30,d61968e8-e4aa-43a2-8ca8-85b623ffd1e5_dp0,0
1780280969.4997554,1780280969.5106487,10.89334487915039,chatcmpl-ffe299fb-cdb2-4788-bbb5-d848cd593c64-8add88a2,decode,0,0,452715,2,d61968e8-e4aa-43a2-8ca8-85b623ffd1e5_dp1,0
1780280969.538072,1780280969.5384932,0.4210472106933594,chatcmpl-334807e7-f2a2-4af1-a1be-c2f5fd2d2bee-a1ee4d66,decode,0,0,452715,3,d61968e8-e4aa-43a2-8ca8-85b623ffd1e5_dp1,0
1780280969.6209743,1780280969.6213713,0.39696693420410156,chatcmpl-6d555d2c-2393-4c46-9ba9-3fdfd081e96c-9aaba9f5,decode,0,0,452715,2,d61968e8-e4aa-43a2-8ca8-85b623ffd1e5_dp1,0
1780280969.8035254,1780280969.8107727,7.247209548950195,chatcmpl-c65a9486-4526-42dd-81d0-8ddeadc1030a-83a9b731,decode,0,0,452715,23,d61968e8-e4aa-43a2-8ca8-85b623ffd1e5_dp0,0
1780280969.9468226,1780280969.9552348,8.41212272644043,chatcmpl-3f176e04-8186-417e-86c8-0cc874871eac-9772a5c0,decode,0,0,452715,11,d61968e8-e4aa-43a2-8ca8-85b623ffd1e5_dp1,0
1780280970.0782125,1780280970.078598,0.38552284240722656,chatcmpl-27989f90-4730-4437-8812-07920a30e9c4-a2253932,decode,0,0,452715,2,d61968e8-e4aa-43a2-8ca8-85b623ffd1e5_dp0,0
1780280970.1130772,1780280970.1134868,0.4096031188964844,chatcmpl-e7790a6d-d450-4520-8b10-9280a2e688a7-8ee88e32,decode,0,0,452715,1,d61968e8-e4aa-43a2-8ca8-85b623ffd1e5_dp0,0
1780280970.3940723,1780280970.4126384,18.566131591796875,chatcmpl-0420158e-e9ad-44d3-8a03-0ac7f615e782-a2029f1d,decode,0,0,452715,34,d61968e8-e4aa-43a2-8ca8-85b623ffd1e5_dp1,0
1780280970.597967,1780280970.616972,19.00506019592285,chatcmpl-fb730c24-2761-4f4a-b3ff-db8df04f8fc2-9286b7d4,decode,0,0,452715,30,d61968e8-e4aa-43a2-8ca8-85b623ffd1e5_dp1,0
1780280970.6065109,1780280970.6170266,10.515689849853516,chatcmpl-50f743f8-224e-4f7a-929d-bf0febc7f673-87258558,decode,0,0,452715,2,d61968e8-e4aa-43a2-8ca8-85b623ffd1e5_dp0,0
1780280970.7667356,1780280970.7854927,18.757104873657227,chatcmpl-7c09da55-b76d-4cd1-a239-36e9d67884d8-a95219f5,decode,0,0,452715,33,d61968e8-e4aa-43a2-8ca8-85b623ffd1e5_dp1,0
1780280970.87247,1780280970.8911412,18.671274185180664,chatcmpl-03d122cf-71a2-41d3-a073-aa18ba6671db-bfd95a4b,decode,0,0,452715,49,d61968e8-e4aa-43a2-8ca8-85b623ffd1e5_dp0,0
1780280970.890741,1780280970.8911595,0.4184246063232422,chatcmpl-c8d16a01-94fe-4278-97b9-bf944b306380-baf9c2d7,decode,0,0,452715,4,d61968e8-e4aa-43a2-8ca8-85b623ffd1e5_dp1,0
1780280970.916308,1780280970.9239428,7.634878158569336,chatcmpl-d19cfc43-e4b6-48f2-9531-d36b0b47337f-ba2ab0fa,decode,0,0,452715,19,d61968e8-e4aa-43a2-8ca8-85b623ffd1e5_dp0,0
1780280971.0490456,1780280971.0676079,18.56231689453125,chatcmpl-f2902ca0-9b73-445d-bf00-678872825ef6-a17e895a,decode,0,0,452715,45,d61968e8-e4aa-43a2-8ca8-85b623ffd1e5_dp0,0
1780280971.0671673,1780280971.076071,8.903741836547852,chatcmpl-830d63e4-648e-4684-b7ae-bcf500ecda32-97cb68fa,decode,0,0,452715,14,d61968e8-e4aa-43a2-8ca8-85b623ffd1e5_dp0,0
1780280971.5337188,1780280971.5556104,21.89159393310547,chatcmpl-6a54f910-171d-4d5e-8e5f-713d6afbe4c6-aa2498d1,decode,0,0,452715,59,d61968e8-e4aa-43a2-8ca8-85b623ffd1e5_dp0,0
1780280971.5551374,1780280971.5556269,0.4894733428955078,chatcmpl-c3762b19-5309-448f-b0c6-8b3189f15d09-b5c3e327,decode,0,0,452715,9,d61968e8-e4aa-43a2-8ca8-85b623ffd1e5_dp0,0
1780280971.6576834,1780280971.6580198,0.3364086151123047,chatcmpl-6b6c68bc-5b63-4cbb-b000-3fd16c63697d-b7225220,decode,0,0,452715,1,d61968e8-e4aa-43a2-8ca8-85b623ffd1e5_dp0,0
1780280971.7470498,1780280971.7521365,5.086660385131836,chatcmpl-1bf7c1ee-1b1c-4564-935e-0c4fe47c78c2-a97d4182,decode,0,0,452715,5,d61968e8-e4aa-43a2-8ca8-85b623ffd1e5_dp1,0
1780280971.7517228,1780280971.7672908,15.568017959594727,chatcmpl-0bda4166-8525-4b5c-8845-886b91b61f96-bca44ea3,decode,0,0,452715,29,d61968e8-e4aa-43a2-8ca8-85b623ffd1e5_dp0,0
1780280971.8294783,1780280971.8299181,0.4398822784423828,chatcmpl-0defa277-7734-4206-88c1-84067b66e669-921c83e7,decode,0,0,452715,2,d61968e8-e4aa-43a2-8ca8-85b623ffd1e5_dp0,0
1780280971.8692958,1780280971.8759718,6.675958633422852,chatcmpl-9b8ce220-3974-43ea-9948-35acfc3a597b-a314a4f5,decode,0,0,452715,5,d61968e8-e4aa-43a2-8ca8-85b623ffd1e5_dp0,0
1780280972.0952218,1780280972.0957685,0.5466938018798828,chatcmpl-12dc0825-f5bc-47c5-85f0-8182fc9630c4-b00d8b65,decode,0,0,452715,2,d61968e8-e4aa-43a2-8ca8-85b623ffd1e5_dp0,0
1780280972.3035593,1780280972.3225067,18.947362899780273,chatcmpl-9358d313-ca59-4438-bf74-4b1659fb05d3-80a219ac,decode,0,0,452715,36,d61968e8-e4aa-43a2-8ca8-85b623ffd1e5_dp0,0
1780280972.3732295,1780280972.3738017,0.57220458984375,chatcmpl-f62b6923-d884-4c1e-8565-f9370feb2525-83354930,decode,0,0,452715,2,d61968e8-e4aa-43a2-8ca8-85b623ffd1e5_dp1,0
1780280972.4691343,1780280972.469477,0.3426074981689453,chatcmpl-f370b486-1a01-46b4-ae81-3e95471e20c6-a8b29cdc,decode,0,0,452715,2,d61968e8-e4aa-43a2-8ca8-85b623ffd1e5_dp1,0
1780280972.5799637,1780280972.5803046,0.3409385681152344,chatcmpl-16153569-3d0d-4cab-8cea-53044a41b365-a2c67223,decode,0,0,452715,1,d61968e8-e4aa-43a2-8ca8-85b623ffd1e5_dp0,0
1780280972.6183615,1780280972.6268997,8.538246154785156,chatcmpl-3fc14526-0061-407f-944e-7089ec8c82f8-8699e3fb,decode,0,0,452715,15,d61968e8-e4aa-43a2-8ca8-85b623ffd1e5_dp1,0
1780280972.8722289,1780280972.8727646,0.5357265472412109,chatcmpl-4ec65a6d-0740-4ed9-864a-a4c7adcefe5f-9136f31f,decode,0,0,452715,2,d61968e8-e4aa-43a2-8ca8-85b623ffd1e5_dp0,0
1780280972.9109771,1780280972.9186413,7.664203643798828,chatcmpl-2bba5bb6-4fea-4aae-bb06-86aee1afbaeb-9789235f,decode,0,0,452715,24,d61968e8-e4aa-43a2-8ca8-85b623ffd1e5_dp0,0
1780280973.1847725,1780280973.1993728,14.600276947021484,chatcmpl-05936076-7c65-4676-a577-d9bea0431513-98479cab,decode,0,0,452715,56,d61968e8-e4aa-43a2-8ca8-85b623ffd1e5_dp1,0
1780280973.4469974,1780280973.4473717,0.3743171691894531,chatcmpl-ca331cee-c7f9-46fc-b648-9e88aadb6868-989babc7,decode,0,0,452715,5,d61968e8-e4aa-43a2-8ca8-85b623ffd1e5_dp1,0
1780280973.5299544,1780280973.5386329,8.678436279296875,chatcmpl-e94584da-4175-4f80-aa91-e0334fe57e7c-b86af0ac,decode,0,0,452715,16,d61968e8-e4aa-43a2-8ca8-85b623ffd1e5_dp0,0
1780280973.7167566,1780280973.717147,0.3905296325683594,chatcmpl-fceee7fa-e890-48ef-b7e9-685d1fc2c0e4-a34910f2,decode,0,0,452715,7,d61968e8-e4aa-43a2-8ca8-85b623ffd1e5_dp1,0
1780280973.7471952,1780280973.747562,0.3666877746582031,chatcmpl-eb421faf-3fa1-40f2-9a5f-30e87c8e5ad1-a392ce24,decode,0,0,452715,2,d61968e8-e4aa-43a2-8ca8-85b623ffd1e5_dp1,0
1780280973.7719173,1780280973.7723067,0.38933753967285156,chatcmpl-ccefb51a-8f78-4baa-920b-e2ad50c00bad-82303b2d,decode,0,0,452715,2,d61968e8-e4aa-43a2-8ca8-85b623ffd1e5_dp1,0
1780280973.947757,1780280973.9675543,19.797325134277344,chatcmpl-ab58ee0c-9134-45cc-bf56-e53a9970128c-8e9c2a36,decode,0,0,452715,27,d61968e8-e4aa-43a2-8ca8-85b623ffd1e5_dp1,0
1780280973.9995165,1780280973.999851,0.3345012664794922,chatcmpl-8b8e58a1-01fc-4fa7-957e-ca9cc3070e83-a24d2b62,decode,0,0,452715,6,d61968e8-e4aa-43a2-8ca8-85b623ffd1e5_dp1,0
1780280974.1715147,1780280974.1718595,0.3447532653808594,chatcmpl-af076c28-7953-4e94-a9fb-f0e961059418-977ac516,decode,0,0,452715,5,d61968e8-e4aa-43a2-8ca8-85b623ffd1e5_dp1,0
1780280974.2056072,1780280974.2155905,9.983301162719727,chatcmpl-2bb86a70-3555-4fc3-ad1b-ad52c11ca9ff-bf1f1540,decode,0,0,452715,2,d61968e8-e4aa-43a2-8ca8-85b623ffd1e5_dp0,0
1780280974.231221,1780280974.2408628,9.641885757446289,chatcmpl-184ba257-1963-4006-a276-eab6ad3cd9f3-8c632432,decode,0,0,452715,11,d61968e8-e4aa-43a2-8ca8-85b623ffd1e5_dp1,0
1780280974.4187346,1780280974.4278305,9.095907211303711,chatcmpl-e59779e3-e0bd-48f2-9173-0f6971773212-a7129e22,decode,0,0,452715,3,d61968e8-e4aa-43a2-8ca8-85b623ffd1e5_dp0,0
1780280974.4913552,1780280974.4917712,0.41604042053222656,chatcmpl-e00b1649-7f5a-4288-9c88-be39e8d06fd2-89bed739,decode,0,0,452715,2,d61968e8-e4aa-43a2-8ca8-85b623ffd1e5_dp0,0
1780280974.5077987,1780280974.5081668,0.3681182861328125,chatcmpl-4f95c200-f479-4760-bab2-33311b6234d8-b713d411,decode,0,0,452715,6,d61968e8-e4aa-43a2-8ca8-85b623ffd1e5_dp0,0
1780280974.5655408,1780280974.5659041,0.36334991455078125,chatcmpl-db43a760-5a51-4aec-bf29-241b7b223a9f-a721dc84,decode,0,0,452715,3,d61968e8-e4aa-43a2-8ca8-85b623ffd1e5_dp0,0
1780280974.6669066,1780280974.6862054,19.298791885375977,chatcmpl-b5f52ce7-4e04-46da-8fd5-3955c071b5e7-b2e9a261,decode,0,0,452715,35,d61968e8-e4aa-43a2-8ca8-85b623ffd1e5_dp0,0
1780280974.6819737,1780280974.6970859,15.112161636352539,chatcmpl-9dd51180-2511-4ec2-87da-8da7acda4202-bb792431,decode,0,0,452715,20,d61968e8-e4aa-43a2-8ca8-85b623ffd1e5_dp1,0
1780280974.7390673,1780280974.746488,7.420778274536133,chatcmpl-d00042fd-12da-4c4a-8d9a-bae32fccef58-b8e43be7,decode,0,0,452715,21,d61968e8-e4aa-43a2-8ca8-85b623ffd1e5_dp0,0
1780280974.7640686,1780280974.7842495,20.180940628051758,chatcmpl-fde0d716-19df-4055-8dd4-12d72a2c2636-9f4d0a74,decode,0,0,452715,32,d61968e8-e4aa-43a2-8ca8-85b623ffd1e5_dp1,0
1780280974.8534563,1780280974.8726456,19.18935775756836,chatcmpl-adf088b8-8bf4-4a03-a1ff-488e02892888-9e2cd1be,decode,0,0,452715,27,d61968e8-e4aa-43a2-8ca8-85b623ffd1e5_dp1,0
1780280974.9390957,1780280974.947376,8.280277252197266,chatcmpl-d7e5456e-aca6-4675-a490-02ae4a986eff-b828bab5,decode,0,0,452715,23,d61968e8-e4aa-43a2-8ca8-85b623ffd1e5_dp1,0
1780280974.9408636,1780280974.9597187,18.85509490966797,chatcmpl-70183e89-fb13-4b70-b027-000f66c42818-8b89248b,decode,0,0,452715,2,d61968e8-e4aa-43a2-8ca8-85b623ffd1e5_dp0,0
1780280975.0475583,1780280975.047919,0.36072731018066406,chatcmpl-935af08e-7e92-4da0-a610-f840c338154b-b5689fea,decode,0,0,452715,1,d61968e8-e4aa-43a2-8ca8-85b623ffd1e5_dp0,0
1780280975.111266,1780280975.111649,0.38313865661621094,chatcmpl-9eb1a5be-698e-493d-9759-77dc32488485-8b3f761b,decode,0,0,452715,2,d61968e8-e4aa-43a2-8ca8-85b623ffd1e5_dp1,0
1780280975.150403,1780280975.1592584,8.855342864990234,chatcmpl-4a410fdf-4754-4ed6-b393-f687ffc8c842-8d7e43b9,decode,0,0,452715,18,d61968e8-e4aa-43a2-8ca8-85b623ffd1e5_dp0,0
1780280975.236037,1780280975.236413,0.37598609924316406,chatcmpl-45b0df15-6dca-454c-89fe-e8b3b174f444-91378973,decode,0,0,452715,2,d61968e8-e4aa-43a2-8ca8-85b623ffd1e5_dp1,0
1780280975.2757564,1780280975.2843618,8.605480194091797,chatcmpl-250fa5a5-cc77-4db9-bea9-9293953d291c-bca19436,decode,0,0,452715,25,d61968e8-e4aa-43a2-8ca8-85b623ffd1e5_dp1,0
1780280975.4102557,1780280975.4107115,0.4558563232421875,chatcmpl-c32db54e-f33b-4fa9-87ae-9bac7d69f24a-bdd1c9c8,decode,0,0,452715,1,d61968e8-e4aa-43a2-8ca8-85b623ffd1e5_dp0,0
1780280975.5572145,1780280975.5724452,15.230655670166016,chatcmpl-2572dd21-115d-462a-85a4-ab1266a89b4e-9a19731b,decode,0,0,452715,51,d61968e8-e4aa-43a2-8ca8-85b623ffd1e5_dp0,0
1780280975.589118,1780280975.5894873,0.3693103790283203,chatcmpl-b8a9f34d-3fff-40a1-a42a-b0d169f854e6-a85e378f,decode,0,0,452715,4,d61968e8-e4aa-43a2-8ca8-85b623ffd1e5_dp1,0
1780280975.725543,1780280975.7259064,0.36334991455078125,chatcmpl-8e7378e4-3250-49e4-b72d-50de46b4b9b0-834cca83,decode,0,0,452715,4,d61968e8-e4aa-43a2-8ca8-85b623ffd1e5_dp0,0
1780280975.811904,1780280975.8122833,0.37932395935058594,chatcmpl-c351f3f2-ca84-4307-b048-95763170f72b-bf4926c8,decode,0,0,452715,5,d61968e8-e4aa-43a2-8ca8-85b623ffd1e5_dp1,0
1780280975.9180136,1780280975.9183939,0.3802776336669922,chatcmpl-6dd7c239-ab3f-4971-b9cc-09d2bc839b0d-adce2046,decode,0,0,452715,2,d61968e8-e4aa-43a2-8ca8-85b623ffd1e5_dp0,0
1780280975.9860544,1780280975.9864304,0.37598609924316406,chatcmpl-83a7b049-18cd-4d80-9124-7ff03f9c9f6b-b1e842bf,decode,0,0,452715,8,d61968e8-e4aa-43a2-8ca8-85b623ffd1e5_dp0,0
1780280976.0096185,1780280976.0154254,5.806922912597656,chatcmpl-b4207b22-9fd4-411e-94e6-c5d8db977150-991b98f4,decode,0,0,452715,18,d61968e8-e4aa-43a2-8ca8-85b623ffd1e5_dp0,0
1780280976.2056866,1780280976.2060523,0.3657341003417969,chatcmpl-c86c7a4a-ff03-4e0f-960a-bf3df1610ea9-9684faec,decode,0,0,452715,5,d61968e8-e4aa-43a2-8ca8-85b623ffd1e5_dp1,0
1780280976.335203,1780280976.35078,15.577077865600586,chatcmpl-da364187-e284-4b8a-a33b-19e9dabe4724-88583136,decode,0,0,452715,43,d61968e8-e4aa-43a2-8ca8-85b623ffd1e5_dp0,0
1780280976.6128757,1780280976.613233,0.3573894500732422,chatcmpl-c6c15dca-7f43-43b8-9871-fcfb5abdb62e-984d46d4,decode,0,0,452715,2,d61968e8-e4aa-43a2-8ca8-85b623ffd1e5_dp1,0
1780280976.8572588,1780280976.8576617,0.4029273986816406,chatcmpl-727007c4-3ab6-437e-9380-a044ae0a95a1-b4df96da,decode,0,0,452715,1,d61968e8-e4aa-43a2-8ca8-85b623ffd1e5_dp1,0
1780280977.0127866,1780280977.0131629,0.3762245178222656,chatcmpl-6cc7ad65-6ee1-4818-9039-92705ac0dffb-8930ca47,decode,0,0,452715,9,d61968e8-e4aa-43a2-8ca8-85b623ffd1e5_dp1,0
1780280977.1130974,1780280977.12192,8.82267951965332,chatcmpl-98d57460-62c7-4af4-80c6-0c7b569970f9-b3e3b054,decode,0,0,452715,14,d61968e8-e4aa-43a2-8ca8-85b623ffd1e5_dp1,0
1780280977.2801094,1780280977.287133,7.02357292175293,chatcmpl-7ec5c9c4-f906-40ec-bd60-8fd7d3204f59-800ac66d,decode,0,0,452715,23,d61968e8-e4aa-43a2-8ca8-85b623ffd1e5_dp1,0
1780280977.2867365,1780280977.2871478,0.4112720489501953,chatcmpl-e32ed948-bfc8-4c9e-a476-c3e42996a6df-8a792f33,decode,0,0,452715,3,d61968e8-e4aa-43a2-8ca8-85b623ffd1e5_dp1,0
1780280977.64418,1780280977.6445394,0.3592967987060547,chatcmpl-6acba41c-37bd-4471-a48f-e16414c231ef-8b12535e,decode,0,0,452715,2,d61968e8-e4aa-43a2-8ca8-85b623ffd1e5_dp0,0
1780280977.7640712,1780280977.7813122,17.24100112915039,chatcmpl-a7cbcb5e-f7b8-41e6-b18a-aa82a07e50b3-95aaed19,decode,0,0,452715,48,d61968e8-e4aa-43a2-8ca8-85b623ffd1e5_dp1,0
1780280977.7809405,1780280977.781326,0.38552284240722656,chatcmpl-08ba5918-6416-45e4-982b-8e50f09ab484-a527bbad,decode,0,0,452715,2,d61968e8-e4aa-43a2-8ca8-85b623ffd1e5_dp0,0
1780280977.804518,1780280977.804869,0.3509521484375,chatcmpl-237b8396-f347-402a-baa9-bf761e49f9b8-a0d837fa,decode,0,0,452715,1,d61968e8-e4aa-43a2-8ca8-85b623ffd1e5_dp1,0
1780280977.9124384,1780280977.912654,0.2155303955078125,chatcmpl-c98c06c5-9888-4ea8-8648-ea033a5f740e-b451b362,decode,0,0,452715,10,d61968e8-e4aa-43a2-8ca8-85b623ffd1e5_dp0,0
1780280978.2038257,1780280978.2187982,14.972448348999023,chatcmpl-9e1b475e-f3ea-4e21-9f91-53edab292868-957a56ce,decode,0,0,452715,57,d61968e8-e4aa-43a2-8ca8-85b623ffd1e5_dp0,0
1780280978.2078068,1780280978.2188416,11.034727096557617,chatcmpl-b73d80a6-239c-4372-87e4-0ec48323f183-b695df6e,decode,0,0,452715,1,d61968e8-e4aa-43a2-8ca8-85b623ffd1e5_dp1,0
1780280978.2602386,1780280978.2605965,0.3578662872314453,chatcmpl-b88611b8-cb1f-4c77-865f-242b14e3d014-805d646f,decode,0,0,452715,5,d61968e8-e4aa-43a2-8ca8-85b623ffd1e5_dp1,0
1780280978.331667,1780280978.3320055,0.33855438232421875,chatcmpl-c193ef1d-2085-4a2c-b30c-e213e681dada-ac1022ee,decode,0,0,452715,2,d61968e8-e4aa-43a2-8ca8-85b623ffd1e5_dp1,0
1780280978.5497656,1780280978.5653028,15.537261962890625,chatcmpl-00924455-e132-4868-910d-e5840f9d44da-94c0eef1,decode,0,0,452715,36,d61968e8-e4aa-43a2-8ca8-85b623ffd1e5_dp1,0
1780280978.7247045,1780280978.7400336,15.329122543334961,chatcmpl-0a4afc9f-4ef7-48be-9063-44e4c054069f-aa0bf85d,decode,0,0,452715,50,d61968e8-e4aa-43a2-8ca8-85b623ffd1e5_dp0,0
1780280978.988781,1780280978.989116,0.3349781036376953,chatcmpl-f5e6f478-6069-4656-93e8-26635767dfb6-8a811827,decode,0,0,452715,2,d61968e8-e4aa-43a2-8ca8-85b623ffd1e5_dp1,0
1780280979.070058,1780280979.0954537,25.395631790161133,chatcmpl-008d2ba2-8249-42c4-a45e-6e39a7708672-a9b9599f,decode,0,0,452715,36,d61968e8-e4aa-43a2-8ca8-85b623ffd1e5_dp0,0
1780280979.0950644,1780280979.0987701,3.705739974975586,chatcmpl-409a3c0b-5d42-4e6e-b954-d29e64802afe-8c08069e,decode,0,0,452715,26,d61968e8-e4aa-43a2-8ca8-85b623ffd1e5_dp1,0
1780280979.1302016,1780280979.1350608,4.859209060668945,chatcmpl-ca3ead2b-c1b1-42bd-9ad6-ffe42c254ce6-b38df1bd,decode,0,0,452715,20,d61968e8-e4aa-43a2-8ca8-85b623ffd1e5_dp0,0
1780280979.2727802,1780280979.2731357,0.3554821014404297,chatcmpl-07234fe6-d8ff-4be9-9c6a-e1115da8b481-982200bc,decode,0,0,452715,2,d61968e8-e4aa-43a2-8ca8-85b623ffd1e5_dp1,0
1780280979.5019088,1780280979.5022433,0.3345012664794922,chatcmpl-64484882-787d-46d1-91dc-c983b967d010-ac00c95a,decode,0,0,452715,2,d61968e8-e4aa-43a2-8ca8-85b623ffd1e5_dp1,0
1780280979.6498926,1780280979.6583078,8.41522216796875,chatcmpl-69a23e14-0948-4483-8c32-cb3267cc7bff-832118a8,decode,0,0,452715,14,d61968e8-e4aa-43a2-8ca8-85b623ffd1e5_dp1,0
1780280979.829329,1780280979.844689,15.359878540039062,chatcmpl-58c6f257-34c6-4e5c-86f6-2e821e47a1df-833fca08,decode,0,0,452715,36,d61968e8-e4aa-43a2-8ca8-85b623ffd1e5_dp0,0
1780280979.8984122,1780280979.9063613,7.949113845825195,chatcmpl-171dc95b-c714-4d79-84db-515789164351-ba01bb38,decode,0,0,452715,21,d61968e8-e4aa-43a2-8ca8-85b623ffd1e5_dp1,0
1780280979.9369378,1780280979.9372814,0.34356117248535156,chatcmpl-37595b75-3a1a-4328-9fee-544364b86019-a671e985,decode,0,0,452715,3,d61968e8-e4aa-43a2-8ca8-85b623ffd1e5_dp1,0
1780280979.959663,1780280979.9600174,0.35452842712402344,chatcmpl-4c1ba8e7-b013-4780-ba63-5bd16c5feac0-9cf2d881,decode,0,0,452715,2,d61968e8-e4aa-43a2-8ca8-85b623ffd1e5_dp1,0
1780280980.103881,1780280980.1191406,15.259742736816406,chatcmpl-43b89292-26fb-4b7d-a58d-e534550c2f75-bcc122bd,decode,0,0,452715,40,d61968e8-e4aa-43a2-8ca8-85b623ffd1e5_dp0,0
1780280980.2005544,1780280980.2054737,4.919290542602539,chatcmpl-cfcde660-4162-4a9c-8afa-52f5a238a3fb-84e3cb2c,decode,0,0,452715,19,d61968e8-e4aa-43a2-8ca8-85b623ffd1e5_dp1,0
1780280980.3684647,1780280980.3688176,0.3528594970703125,chatcmpl-949b3cc9-64ca-4ab1-ba52-9d34e1c4d653-88ebadad,decode,0,0,452715,2,d61968e8-e4aa-43a2-8ca8-85b623ffd1e5_dp0,0
1780280980.4070303,1780280980.4073894,0.3590583801269531,chatcmpl-ee36845c-ab78-428a-b182-7a768f4aa50e-89cbf21f,decode,0,0,452715,3,d61968e8-e4aa-43a2-8ca8-85b623ffd1e5_dp1,0
1780280980.461102,1780280980.4651794,4.077434539794922,chatcmpl-b079517c-95dc-41cf-9024-34d4c0bdeb28-b85babe0,decode,0,0,452715,21,d61968e8-e4aa-43a2-8ca8-85b623ffd1e5_dp0,0
1780280980.5931327,1780280980.593478,0.3452301025390625,chatcmpl-fb58c171-bc64-41ca-9b2c-3a73c8c81249-af1ffd8f,decode,0,0,452715,4,d61968e8-e4aa-43a2-8ca8-85b623ffd1e5_dp0,0
1780280980.965802,1780280980.9661505,0.3485679626464844,chatcmpl-aa313cd5-c750-4250-92a2-2ba5716755d3-9e9abe1d,decode,0,0,452715,5,d61968e8-e4aa-43a2-8ca8-85b623ffd1e5_dp1,0
1780280981.046968,1780280981.0620859,15.117883682250977,chatcmpl-68dd6d3c-70d6-4f8e-a659-b08b7878882d-a17384c5,decode,0,0,452715,49,d61968e8-e4aa-43a2-8ca8-85b623ffd1e5_dp0,0
1780280981.1875496,1780280981.187882,0.3323554992675781,chatcmpl-aa4b991b-253a-4067-ae68-73eb81095238-876d8836,decode,0,0,452715,2,d61968e8-e4aa-43a2-8ca8-85b623ffd1e5_dp0,0
1780280981.2029421,1780280981.2032945,0.3523826599121094,chatcmpl-9ff58653-9190-4b2a-837c-ffbc2c7d74f6-a1888189,decode,0,0,452715,1,d61968e8-e4aa-43a2-8ca8-85b623ffd1e5_dp1,0
1780280981.2208307,1780280981.2211752,0.3445148468017578,chatcmpl-0ae3367c-9b5d-493a-b0ba-5b253073c73c-be87bc03,decode,0,0,452715,5,d61968e8-e4aa-43a2-8ca8-85b623ffd1e5_dp0,0
1780280981.3724673,1780280981.3726904,0.2231597900390625,chatcmpl-3e922e8f-d522-4e47-96f1-dcb575b5a50a-afd76f6f,decode,0,0,452715,9,d61968e8-e4aa-43a2-8ca8-85b623ffd1e5_dp0,0
1780280981.4031193,1780280981.4034748,0.3554821014404297,chatcmpl-2f39ae6e-0314-4675-9f5a-650434d6575c-89dd5394,decode,0,0,452715,3,d61968e8-e4aa-43a2-8ca8-85b623ffd1e5_dp0,0
1780280981.522743,1780280981.5436661,20.923137664794922,chatcmpl-aee4d868-f76f-4dcd-af0f-97eac8f02264-bfd54958,decode,0,0,452715,49,d61968e8-e4aa-43a2-8ca8-85b623ffd1e5_dp1,0
1780280981.5432549,1780280981.5436778,0.4229545593261719,chatcmpl-f7fdcb64-1fcd-4d86-9ff4-7ccc7e36950f-9f64ce0a,decode,0,0,452715,6,d61968e8-e4aa-43a2-8ca8-85b623ffd1e5_dp0,0
1780280981.6124558,1780280981.612806,0.3502368927001953,chatcmpl-b2808d9a-d06a-4820-8137-168ec137ca56-963b4107,decode,0,0,452715,1,d61968e8-e4aa-43a2-8ca8-85b623ffd1e5_dp1,0
1780280981.6566873,1780280981.6570415,0.3542900085449219,chatcmpl-4a209883-da0e-44c0-84e4-3e2f647d2cbc-9847ff0c,decode,0,0,452715,8,d61968e8-e4aa-43a2-8ca8-85b623ffd1e5_dp1,0
1780280981.6690674,1780280981.6741555,5.088090896606445,chatcmpl-30ba9d5f-0ee9-4e6d-bb80-42e013cd120d-a089557f,decode,0,0,452715,22,d61968e8-e4aa-43a2-8ca8-85b623ffd1e5_dp0,0
1780280981.799408,1780280981.7997606,0.35262107849121094,chatcmpl-d9956ad5-9276-4d22-8ec3-364675bd8223-93c655c9,decode,0,0,452715,2,d61968e8-e4aa-43a2-8ca8-85b623ffd1e5_dp1,0
1780280981.9214745,1780280981.9218118,0.33736228942871094,chatcmpl-78e9b319-ac45-425f-8aa2-dbd39328dc6d-b147b501,decode,0,0,452715,2,d61968e8-e4aa-43a2-8ca8-85b623ffd1e5_dp0,0
1780280981.9814184,1780280981.9817588,0.34046173095703125,chatcmpl-e792ce4f-fe2d-4ea0-b8bc-bc428e52c1dd-b7ec0908,decode,0,0,452715,1,d61968e8-e4aa-43a2-8ca8-85b623ffd1e5_dp0,0
1780280982.0568283,1780280982.0571673,0.3390312194824219,chatcmpl-0a470e5f-20cd-4589-a5cb-59aa38950eed-92a66770,decode,0,0,452715,2,d61968e8-e4aa-43a2-8ca8-85b623ffd1e5_dp0,0
1780280982.1668246,1780280982.1671631,0.33855438232421875,chatcmpl-2e313950-39aa-4029-8047-a2886698d436-8c4cd1af,decode,0,0,452715,2,d61968e8-e4aa-43a2-8ca8-85b623ffd1e5_dp1,0
1780280982.4029946,1780280982.411377,8.382320404052734,chatcmpl-1c91ef65-ee28-4660-9573-1790a06ff8fe-b589ade4,decode,0,0,452715,12,d61968e8-e4aa-43a2-8ca8-85b623ffd1e5_dp0,0
1780280982.5961337,1780280982.6113322,15.198469161987305,chatcmpl-918a34bb-5183-4d25-98ed-8a18a05811db-a41059f0,decode,0,0,452715,48,d61968e8-e4aa-43a2-8ca8-85b623ffd1e5_dp0,0
1780280982.6722114,1780280982.6874187,15.207290649414062,chatcmpl-46d00131-e48b-44d8-aff9-1df73f208eea-88022608,decode,0,0,452715,51,d61968e8-e4aa-43a2-8ca8-85b623ffd1e5_dp0,0
1780280982.7035031,1780280982.721768,18.2647705078125,chatcmpl-e1317616-17b4-43c1-895f-908f6694e98a-ae740608,decode,0,0,452715,21,d61968e8-e4aa-43a2-8ca8-85b623ffd1e5_dp1,0
1780280982.7214394,1780280982.7251523,3.712892532348633,chatcmpl-405dbb15-70e7-4e3f-93e8-b99785ffde24-8d828cd8,decode,0,0,452715,24,d61968e8-e4aa-43a2-8ca8-85b623ffd1e5_dp0,0
1780280982.8758395,1780280982.8838992,8.05974006652832,chatcmpl-5bb2a284-2c7a-4be9-bd99-c4a8c0ae550a-bff52c13,decode,0,0,452715,20,d61968e8-e4aa-43a2-8ca8-85b623ffd1e5_dp0,0
1780280982.9482985,1780280982.948653,0.35452842712402344,chatcmpl-7db0c1db-91d7-4ecf-9896-939cc86432c5-824cd69a,decode,0,0,452715,3,d61968e8-e4aa-43a2-8ca8-85b623ffd1e5_dp1,0
1780280983.0466876,1780280983.0470324,0.3447532653808594,chatcmpl-717a40a0-9be6-48bf-8f5f-1de048258073-aca20553,decode,0,0,452715,2,d61968e8-e4aa-43a2-8ca8-85b623ffd1e5_dp0,0
1780280983.0953205,1780280983.0956652,0.3447532653808594,chatcmpl-1747dd0b-736d-4e3f-be31-1450f4c9dfd6-a3ffc741,decode,0,0,452715,2,d61968e8-e4aa-43a2-8ca8-85b623ffd1e5_dp0,0
1780280983.138392,1780280983.1545215,16.129493713378906,chatcmpl-cfc4a0c1-b12f-428e-95f7-0c5eec23c41a-80fd4690,decode,0,0,452715,27,d61968e8-e4aa-43a2-8ca8-85b623ffd1e5_dp0,0
1780280983.325438,1780280983.340444,15.006065368652344,chatcmpl-fbd3f64a-eabf-4297-956d-2daa0839955a-95498219,decode,0,0,452715,41,d61968e8-e4aa-43a2-8ca8-85b623ffd1e5_dp1,0
1780280983.3982174,1780280983.4144237,16.20626449584961,chatcmpl-3a8afb4d-a7f3-4405-81ac-943d0c8a5751-85ac62cd,decode,0,0,452715,33,d61968e8-e4aa-43a2-8ca8-85b623ffd1e5_dp0,0
1780280983.5560927,1780280983.5564423,0.3495216369628906,chatcmpl-ca447307-85f9-40ce-82d9-a6aaed257f96-863ae41b,decode,0,0,452715,3,d61968e8-e4aa-43a2-8ca8-85b623ffd1e5_dp1,0
1780280983.5697396,1780280983.5700932,0.3535747528076172,chatcmpl-757bce10-8df6-4245-9852-0ba25100de35-a30e72d5,decode,0,0,452715,5,d61968e8-e4aa-43a2-8ca8-85b623ffd1e5_dp0,0
1780280983.6726959,1780280983.6879628,15.266895294189453,chatcmpl-a168d3b9-3cf4-470e-8fb4-1bd6d805b59c-b514d3ac,decode,0,0,452715,33,d61968e8-e4aa-43a2-8ca8-85b623ffd1e5_dp1,0
1780280983.8202224,1780280983.8366413,16.418933868408203,chatcmpl-20bb0fa9-b024-4c81-bedb-daae47a4b194-be4d7538,decode,0,0,452715,31,d61968e8-e4aa-43a2-8ca8-85b623ffd1e5_dp0,0
1780280983.8576713,1780280983.8580785,0.40721893310546875,chatcmpl-510dba61-48e6-42b1-9afc-d7f94790410d-88196201,decode,0,0,452715,8,d61968e8-e4aa-43a2-8ca8-85b623ffd1e5_dp1,0
1780280984.1194727,1780280984.1230001,3.527402877807617,chatcmpl-d9fed8ab-59e8-4c3f-b475-5db28eaec530-978b313e,decode,0,0,452715,22,d61968e8-e4aa-43a2-8ca8-85b623ffd1e5_dp1,0
1780280984.2120404,1780280984.2122762,0.2357959747314453,chatcmpl-ff61de9c-b67f-4a09-8335-3a19f8a31e68-8597e950,decode,0,0,452715,3,d61968e8-e4aa-43a2-8ca8-85b623ffd1e5_dp1,0
1780280984.408907,1780280984.4091513,0.24437904357910156,chatcmpl-3f524ba6-04c5-4306-ba34-1364eecb94a1-978aedfa,decode,0,0,452715,1,d61968e8-e4aa-43a2-8ca8-85b623ffd1e5_dp0,0
1780280984.4615064,1780280984.4618487,0.34236907958984375,chatcmpl-dd24136a-a3e5-4cd6-8380-7686e92d7f33-8afeb2be,decode,0,0,452715,3,d61968e8-e4aa-43a2-8ca8-85b623ffd1e5_dp1,0
1780280984.5834377,1780280984.5837772,0.339508056640625,chatcmpl-ac426649-2309-49c9-98e6-74bcb9c3316f-86c07b0a,decode,0,0,452715,2,d61968e8-e4aa-43a2-8ca8-85b623ffd1e5_dp0,0
1780280984.6203706,1780280984.6207125,0.3418922424316406,chatcmpl-2eb19646-f570-4b34-ac26-dce3ee3006f6-95c0a5f7,decode,0,0,452715,2,d61968e8-e4aa-43a2-8ca8-85b623ffd1e5_dp1,0
1780280984.6375663,1780280984.6379128,0.3464221954345703,chatcmpl-dfb0603a-06d5-4347-9656-d5401132b875-ab06ee46,decode,0,0,452715,6,d61968e8-e4aa-43a2-8ca8-85b623ffd1e5_dp0,0
1780280984.7560623,1780280984.7564142,0.35190582275390625,chatcmpl-e1285f13-bb0a-4567-9dbf-713579e50bf8-80ff6770,decode,0,0,452715,2,d61968e8-e4aa-43a2-8ca8-85b623ffd1e5_dp1,0
1780280984.897691,1780280984.9022267,4.535675048828125,chatcmpl-4a68e8a2-7ec3-4555-837b-84a4f50d71db-908fb5f9,decode,0,0,452715,20,d61968e8-e4aa-43a2-8ca8-85b623ffd1e5_dp0,0
1780280984.978453,1780280984.9787815,0.3285408020019531,chatcmpl-c05ee32a-83f8-4b8a-9561-6fcf09d62a84-83eb5921,decode,0,0,452715,2,d61968e8-e4aa-43a2-8ca8-85b623ffd1e5_dp0,0
1780280985.1576166,1780280985.1733816,15.764951705932617,chatcmpl-64cb6423-c76b-4fb1-80d4-f1c9d8788fc2-9dce1157,decode,0,0,452715,33,d61968e8-e4aa-43a2-8ca8-85b623ffd1e5_dp0,0
1780280985.1626465,1780280985.1734483,10.80179214477539,chatcmpl-d2172ae6-714e-41ad-aa38-1a65903ab385-9429c40f,decode,0,0,452715,1,d61968e8-e4aa-43a2-8ca8-85b623ffd1e5_dp1,0
1780280985.3870332,1780280985.388031,0.9977817535400391,chatcmpl-d5d8fde8-58f5-42db-a9de-dcc139370bfc-b6a1973c,decode,0,0,452715,1,d61968e8-e4aa-43a2-8ca8-85b623ffd1e5_dp0,0
1780280985.3876777,1780280985.3880422,0.36454200744628906,chatcmpl-788046dc-ff14-4cd3-966e-9beb0b4ce8b8-955fad89,decode,0,0,452715,1,d61968e8-e4aa-43a2-8ca8-85b623ffd1e5_dp1,0
1780280985.420929,1780280985.4247003,3.7713050842285156,chatcmpl-079e7e2f-92c8-4551-aa81-92ca70207b67-9fb94673,decode,0,0,452715,22,d61968e8-e4aa-43a2-8ca8-85b623ffd1e5_dp1,0
1780280985.4430485,1780280985.4434142,0.3657341003417969,chatcmpl-b201a481-8e77-41ef-a60e-383e67820337-9f9ac5e3,decode,0,0,452715,6,d61968e8-e4aa-43a2-8ca8-85b623ffd1e5_dp0,0
1780280985.569838,1780280985.5741222,4.284143447875977,chatcmpl-e3c29aa8-dc7f-4b0c-b262-23e804e63e97-817cce46,decode,0,0,452715,17,d61968e8-e4aa-43a2-8ca8-85b623ffd1e5_dp0,0
1780280985.626183,1780280985.6265376,0.35452842712402344,chatcmpl-e6d7e267-908c-4e44-8462-461fe9c20bc6-a16a9372,decode,0,0,452715,2,d61968e8-e4aa-43a2-8ca8-85b623ffd1e5_dp1,0
1780280985.6668718,1780280985.674014,7.142305374145508,chatcmpl-eb62156e-c1a8-49a4-badc-7fd446fc8f4b-b48f9401,decode,0,0,452715,14,d61968e8-e4aa-43a2-8ca8-85b623ffd1e5_dp0,0
1780280985.7398217,1780280985.7401528,0.3311634063720703,chatcmpl-1940a917-034a-496b-b91c-06d3fc76a3bf-81c55d49,decode,0,0,452715,3,d61968e8-e4aa-43a2-8ca8-85b623ffd1e5_dp1,0
1780280985.8013787,1780280985.8017328,0.3540515899658203,chatcmpl-b39136f0-34ee-4c27-bbb4-a410801d1e84-9bd902f8,decode,0,0,452715,2,d61968e8-e4aa-43a2-8ca8-85b623ffd1e5_dp0,0
1780280985.876639,1780280985.8770022,0.36334991455078125,chatcmpl-a575c82d-e491-414b-8cd1-f9d490516ee2-afbf3fc7,decode,0,0,452715,2,d61968e8-e4aa-43a2-8ca8-85b623ffd1e5_dp1,0
1780280985.9205236,1780280985.9240913,3.5676956176757812,chatcmpl-748c300b-16ea-47ce-a7ea-ff06ceabeb48-b61f32f8,decode,0,0,452715,22,d61968e8-e4aa-43a2-8ca8-85b623ffd1e5_dp0,0
1780280986.2312992,1780280986.2382667,6.9675445556640625,chatcmpl-194950e5-d0ca-4207-b905-436338ee0b0e-97b1e4ec,decode,0,0,452715,14,d61968e8-e4aa-43a2-8ca8-85b623ffd1e5_dp0,0
1780280986.300445,1780280986.3158755,15.430450439453125,chatcmpl-1aa742ca-411e-4f7b-a342-90e2aa9ac277-91091feb,decode,0,0,452715,50,d61968e8-e4aa-43a2-8ca8-85b623ffd1e5_dp1,0
1780280986.4889188,1780280986.5045626,15.643835067749023,chatcmpl-24797d2d-74fe-4648-ac64-a8e2169e84cd-9b52ca79,decode,0,0,452715,46,d61968e8-e4aa-43a2-8ca8-85b623ffd1e5_dp0,0
1780280986.4950163,1780280986.5168982,21.881818771362305,chatcmpl-06ff7e78-144b-4cf0-81de-a70586b8a987-9ce6ee72,decode,0,0,452715,3,d61968e8-e4aa-43a2-8ca8-85b623ffd1e5_dp1,0
1780280986.5321515,1780280986.5325148,0.36334991455078125,chatcmpl-2187c5ff-9a5b-48c5-9c40-a06bb58292dc-be6adab4,decode,0,0,452715,2,d61968e8-e4aa-43a2-8ca8-85b623ffd1e5_dp0,0
1780280986.695888,1780280986.7049112,9.023189544677734,chatcmpl-20d73d37-b669-489e-b70f-5d0b64f93a2b-961eafd6,decode,0,0,452715,19,d61968e8-e4aa-43a2-8ca8-85b623ffd1e5_dp0,0
1780280986.7864344,1780280986.7948072,8.372783660888672,chatcmpl-87f6b7bb-2094-4d0d-a9ef-927181dd3ea9-877b210a,decode,0,0,452715,17,d61968e8-e4aa-43a2-8ca8-85b623ffd1e5_dp0,0
1780280986.8112812,1780280986.8190122,7.730960845947266,chatcmpl-0b610b2c-79db-4942-b006-9508e3e0ff31-bf79c729,decode,0,0,452715,12,d61968e8-e4aa-43a2-8ca8-85b623ffd1e5_dp0,0
1780280986.980154,1780280986.9957054,15.551328659057617,chatcmpl-ef5fd0cb-6fa2-4bab-9aed-d8f3b56263f4-a31fce13,decode,0,0,452715,47,d61968e8-e4aa-43a2-8ca8-85b623ffd1e5_dp0,0
1780280987.0104136,1780280987.0107517,0.3380775451660156,chatcmpl-c69d5c94-414d-4d63-a54f-bebfd5f0c430-9c5fabc9,decode,0,0,452715,2,d61968e8-e4aa-43a2-8ca8-85b623ffd1e5_dp1,0
1780280987.1107025,1780280987.121366,10.663509368896484,chatcmpl-4947343d-214f-4e31-92e2-38146fbbf9b4-998e459c,decode,0,0,452715,2,d61968e8-e4aa-43a2-8ca8-85b623ffd1e5_dp0,0
1780280987.2303503,1780280987.2465274,16.17717742919922,chatcmpl-ef583e58-f0de-4c84-a382-beea13ee4b45-a50e2b7c,decode,0,0,452715,10,d61968e8-e4aa-43a2-8ca8-85b623ffd1e5_dp0,0
1780280987.3610318,1780280987.361366,0.3342628479003906,chatcmpl-7d1985b6-f693-4413-aa91-863c3f722f8f-b03ebbe7,decode,0,0,452715,1,d61968e8-e4aa-43a2-8ca8-85b623ffd1e5_dp0,0
1780280987.4377208,1780280987.447635,9.914159774780273,chatcmpl-90a4f757-f005-4c75-b540-b01a1ee713a5-adedd45b,decode,0,0,452715,2,d61968e8-e4aa-43a2-8ca8-85b623ffd1e5_dp1,0
1780280987.4472716,1780280987.462894,15.622377395629883,chatcmpl-0edef300-ce06-40d5-ba96-66c5c89b5f4c-9be4f548,decode,0,0,452715,34,d61968e8-e4aa-43a2-8ca8-85b623ffd1e5_dp1,0
1780280987.5276065,1780280987.5379767,10.370254516601562,chatcmpl-691a6026-3a59-462d-b89e-a46c5b5ad7d1-86319591,decode,0,0,452715,2,d61968e8-e4aa-43a2-8ca8-85b623ffd1e5_dp0,0
1780280987.6365392,1780280987.651974,15.434741973876953,chatcmpl-afa54341-a322-425f-9d2c-d94f9facf857-86001101,decode,0,0,452715,40,d61968e8-e4aa-43a2-8ca8-85b623ffd1e5_dp1,0
1780280987.7097766,1780280987.715636,5.859375,chatcmpl-f059044b-2573-4ff8-9921-56499d4a84ac-99438bce,decode,0,0,452715,24,d61968e8-e4aa-43a2-8ca8-85b623ffd1e5_dp0,0
1780280987.8020525,1780280987.8094103,7.35783576965332,chatcmpl-036534d7-5c76-4226-948d-d121da8d2c4d-823fa89a,decode,0,0,452715,8,d61968e8-e4aa-43a2-8ca8-85b623ffd1e5_dp1,0
1780280987.809061,1780280987.8198407,10.779619216918945,chatcmpl-83fc01cc-5f49-45f9-8740-c903fb963d8d-b5944b2a,decode,0,0,452715,3,d61968e8-e4aa-43a2-8ca8-85b623ffd1e5_dp0,0
1780280987.819495,1780280987.8300729,10.577917098999023,chatcmpl-82e350ff-34a0-47fc-ad35-6b573522187e-a2b203e9,decode,0,0,452715,2,d61968e8-e4aa-43a2-8ca8-85b623ffd1e5_dp1,0
1780280988.0713966,1780280988.0795376,8.141040802001953,chatcmpl-07b38236-60f8-4b0d-81a4-52cce60a87e0-93a6883e,decode,0,0,452715,4,d61968e8-e4aa-43a2-8ca8-85b623ffd1e5_dp0,0
1780280988.174429,1780280988.1803565,5.927562713623047,chatcmpl-dab21514-885f-43fc-aedf-89be40968db0-b448a828,decode,0,0,452715,16,d61968e8-e4aa-43a2-8ca8-85b623ffd1e5_dp1,0
1780280988.3132434,1780280988.3295176,16.274213790893555,chatcmpl-b242a1ba-5372-4a39-afcc-f2e400a5d08d-b1973c51,decode,0,0,452715,28,d61968e8-e4aa-43a2-8ca8-85b623ffd1e5_dp1,0
1780280988.3559196,1780280988.366151,10.231494903564453,chatcmpl-96da4869-1c45-4c24-b5d1-ad20857ba5aa-bef5e269,decode,0,0,452715,2,d61968e8-e4aa-43a2-8ca8-85b623ffd1e5_dp0,0
1780280988.3812644,1780280988.3907747,9.510278701782227,chatcmpl-14a95106-390c-47ba-8875-2f0983e9fd57-b4da7be9,decode,0,0,452715,2,d61968e8-e4aa-43a2-8ca8-85b623ffd1e5_dp1,0
1780280988.499452,1780280988.5127542,13.302087783813477,chatcmpl-fb0d1e3e-f76a-415b-b80d-8691aecbefea-b957df87,decode,0,0,452715,6,d61968e8-e4aa-43a2-8ca8-85b623ffd1e5_dp0,0
1780280988.5124333,1780280988.5287619,16.32857322692871,chatcmpl-4bb48a0b-597c-4a6e-92c6-7bfdeb404d80-be64c122,decode,0,0,452715,7,d61968e8-e4aa-43a2-8ca8-85b623ffd1e5_dp1,0
1780280988.7543342,1780280988.7696238,15.289545059204102,chatcmpl-6dd10531-652d-455e-ae02-6f2d582ad442-992cf8fe,decode,0,0,452715,49,d61968e8-e4aa-43a2-8ca8-85b623ffd1e5_dp0,0
1780280988.8319688,1780280988.847466,15.497207641601562,chatcmpl-f7a173dc-0a2e-458e-8004-d8f249a375e3-8e5b8668,decode,0,0,452715,49,d61968e8-e4aa-43a2-8ca8-85b623ffd1e5_dp1,0
1780280988.867098,1780280988.8884227,21.324634552001953,chatcmpl-3b66dcb9-8d97-4500-adff-db541add64fe-b96c2292,decode,0,0,452715,26,d61968e8-e4aa-43a2-8ca8-85b623ffd1e5_dp0,0
1780280988.8880363,1780280988.8974738,9.43756103515625,chatcmpl-69324127-bb80-4126-81ab-09a18a7a3f2f-8c5c4902,decode,0,0,452715,3,d61968e8-e4aa-43a2-8ca8-85b623ffd1e5_dp0,0
1780280988.9707475,1780280988.987103,16.355514526367188,chatcmpl-d34c97af-3ce6-4eb0-b822-0f6f263b55f8-90174f0b,decode,0,0,452715,39,d61968e8-e4aa-43a2-8ca8-85b623ffd1e5_dp1,0
1780280988.9833705,1780280988.9988086,15.438079833984375,chatcmpl-96aa5b4c-0542-4921-ab26-4b0267454f7a-a2305db3,decode,0,0,452715,27,d61968e8-e4aa-43a2-8ca8-85b623ffd1e5_dp0,0
1780280989.0553718,1780280989.0621064,6.734609603881836,chatcmpl-ab3cc657-c588-453b-9cf8-abccb3a7fd00-9e33d09e,decode,0,0,452715,5,d61968e8-e4aa-43a2-8ca8-85b623ffd1e5_dp1,0
1780280989.0767999,1780280989.086748,9.948015213012695,chatcmpl-da8ac525-028c-4925-8307-a514aea6902d-bf39a8b1,decode,0,0,452715,3,d61968e8-e4aa-43a2-8ca8-85b623ffd1e5_dp1,0
1780280989.248642,1780280989.2628765,14.234542846679688,chatcmpl-8ba0fa46-dad1-4c81-bc0b-30b3991a0d07-a6675729,decode,0,0,452715,48,d61968e8-e4aa-43a2-8ca8-85b623ffd1e5_dp0,0
1780280989.2625828,1780280989.2779253,15.342473983764648,chatcmpl-6f6ab73c-b9a0-4ea4-9555-43e31e55364b-9d51cdad,decode,0,0,452715,3,d61968e8-e4aa-43a2-8ca8-85b623ffd1e5_dp1,0
1780280989.3392563,1780280989.3547366,15.480279922485352,chatcmpl-e9bf68b0-1135-45fd-97c8-7c4be7f18004-8991191e,decode,0,0,452715,47,d61968e8-e4aa-43a2-8ca8-85b623ffd1e5_dp0,0
1780280989.3433285,1780280989.3547757,11.44719123840332,chatcmpl-b8ac5dff-7ad6-43a8-85c4-2dc8a7a76ba2-9963cb10,decode,0,0,452715,1,d61968e8-e4aa-43a2-8ca8-85b623ffd1e5_dp1,0
1780280989.4584117,1780280989.473867,15.455245971679688,chatcmpl-55bda76c-660a-4f13-833b-0837d0d59802-bc9c2634,decode,0,0,452715,10,d61968e8-e4aa-43a2-8ca8-85b623ffd1e5_dp0,0
1780280989.5578032,1780280989.5792089,21.405696868896484,chatcmpl-dda20ae9-34ed-4d87-bc75-42b4d9d36488-b8f25afa,decode,0,0,452715,33,d61968e8-e4aa-43a2-8ca8-85b623ffd1e5_dp0,0
1780280989.5788724,1780280989.5942874,15.414953231811523,chatcmpl-03046062-740f-42f2-b489-f2ce615793b6-9f46bb9f,decode,0,0,452715,8,d61968e8-e4aa-43a2-8ca8-85b623ffd1e5_dp1,0
1780280989.790799,1780280989.8075113,16.712427139282227,chatcmpl-1c8fe0e8-e905-4dfe-a4c3-00677cc59d7b-b48e0786,decode,0,0,452715,7,d61968e8-e4aa-43a2-8ca8-85b623ffd1e5_dp0,0
1780280989.862101,1780280989.8708985,8.797407150268555,chatcmpl-539a1807-1f62-4665-b5f3-e1e6f9d1aaf6-911b25cf,decode,0,0,452715,12,d61968e8-e4aa-43a2-8ca8-85b623ffd1e5_dp0,0
1780280989.9474907,1780280989.9579175,10.426759719848633,chatcmpl-bdf868d6-964c-4fd6-8f08-f9077c62ee8b-b76805ae,decode,0,0,452715,2,d61968e8-e4aa-43a2-8ca8-85b623ffd1e5_dp0,0
1780280990.0666473,1780280990.0835752,16.92795753479004,chatcmpl-8921e9e3-7545-4cb1-badd-2904f81e01f9-87ec0119,decode,0,0,452715,26,d61968e8-e4aa-43a2-8ca8-85b623ffd1e5_dp0,0
1780280990.2447512,1780280990.2598112,15.059947967529297,chatcmpl-c8abdbac-a4e5-44da-a9fb-fdeb4d55c8cd-9bb14a9e,decode,0,0,452715,37,d61968e8-e4aa-43a2-8ca8-85b623ffd1e5_dp1,0
1780280990.4273016,1780280990.4333775,6.075859069824219,chatcmpl-00eb825d-4497-4044-aa80-5909fcbdef26-b7cbd7f9,decode,0,0,452715,19,d61968e8-e4aa-43a2-8ca8-85b623ffd1e5_dp0,0
1780280990.5311675,1780280990.5473802,16.21270179748535,chatcmpl-79f3d399-a529-4089-bbec-b49ec9470783-9d1e1be0,decode,0,0,452715,35,d61968e8-e4aa-43a2-8ca8-85b623ffd1e5_dp0,0
1780280990.547076,1780280990.54745,0.37407875061035156,chatcmpl-2c75fa25-6963-422c-936e-5e225ecf5146-b4eaa33d,decode,0,0,452715,1,d61968e8-e4aa-43a2-8ca8-85b623ffd1e5_dp0,0
1780280990.6368275,1780280990.6588984,22.070884704589844,chatcmpl-80250959-fa10-48c6-8acc-6cd6327d0d33-9d6edb92,decode,0,0,452715,55,d61968e8-e4aa-43a2-8ca8-85b623ffd1e5_dp1,0
1780280990.6585033,1780280990.6643677,5.864381790161133,chatcmpl-e815d13f-8cf8-4456-a612-03cec6124dd4-9cec75e1,decode,0,0,452715,17,d61968e8-e4aa-43a2-8ca8-85b623ffd1e5_dp1,0
1780280990.8445137,1780280990.853893,9.379386901855469,chatcmpl-d8e51f11-cf63-4a1a-8494-94a91672dbee-af2aca0b,decode,0,0,452715,3,d61968e8-e4aa-43a2-8ca8-85b623ffd1e5_dp0,0
1780280991.0010226,1780280991.006422,5.399465560913086,chatcmpl-aa82e7bc-bee8-4875-967f-fccb3c8ca0f8-8e39e210,decode,0,0,452715,6,d61968e8-e4aa-43a2-8ca8-85b623ffd1e5_dp0,0
1780280991.0813324,1780280991.0966556,15.323162078857422,chatcmpl-5b622b14-fef0-4564-a4d0-a78a75ccdd5b-8486fffb,decode,0,0,452715,49,d61968e8-e4aa-43a2-8ca8-85b623ffd1e5_dp1,0
1780280991.2250383,1780280991.2351034,10.065078735351562,chatcmpl-2e3ae7ea-88b8-484f-8e65-2324d2fa9596-a34c0a8b,decode,0,0,452715,3,d61968e8-e4aa-43a2-8ca8-85b623ffd1e5_dp1,0
1780280991.35054,1780280991.358975,8.43501091003418,chatcmpl-25c2384c-11a3-40a2-959c-70efe6ece2c3-81c4fb0e,decode,0,0,452715,4,d61968e8-e4aa-43a2-8ca8-85b623ffd1e5_dp0,0
1780280991.3895416,1780280991.3963299,6.7882537841796875,chatcmpl-02f178bd-562f-4cf9-8c41-267aeafe2dde-8a46507b,decode,0,0,452715,15,d61968e8-e4aa-43a2-8ca8-85b623ffd1e5_dp0,0
1780280991.469026,1780280991.474365,5.338907241821289,chatcmpl-eadb7f23-91bd-41e1-86c8-23c106466be0-8644a35d,decode,0,0,452715,22,d61968e8-e4aa-43a2-8ca8-85b623ffd1e5_dp0,0
1780280991.623636,1780280991.6296215,5.985498428344727,chatcmpl-58a482da-aa79-4875-a136-8eff74279c5e-abdf262d,decode,0,0,452715,22,d61968e8-e4aa-43a2-8ca8-85b623ffd1e5_dp0,0
1780280991.6434832,1780280991.6546175,11.13438606262207,chatcmpl-9095ab03-5b69-4d63-b044-00b62a0e5f1e-b19aea26,decode,0,0,452715,2,d61968e8-e4aa-43a2-8ca8-85b623ffd1e5_dp1,0
1780280991.7273688,1780280991.7389529,11.584043502807617,chatcmpl-de7b40db-0f94-4cdd-9976-ddae64af6393-b69e4542,decode,0,0,452715,34,d61968e8-e4aa-43a2-8ca8-85b623ffd1e5_dp0,0
1780280991.8047407,1780280991.818293,13.552427291870117,chatcmpl-86191bec-a8f1-499e-816a-46bd6c5eb6b4-b13211f3,decode,0,0,452715,56,d61968e8-e4aa-43a2-8ca8-85b623ffd1e5_dp0,0
1780280991.8179817,1780280991.8340569,16.07513427734375,chatcmpl-b103522f-2ac8-4597-a2ef-c22bb58731d4-b93a6543,decode,0,0,452715,2,d61968e8-e4aa-43a2-8ca8-85b623ffd1e5_dp0,0
1780280991.9511163,1780280991.9619145,10.798215866088867,chatcmpl-43c134f8-8375-4342-92df-55e476dcf337-8fb2347f,decode,0,0,452715,2,d61968e8-e4aa-43a2-8ca8-85b623ffd1e5_dp1,0
1780280992.0161529,1780280992.0255108,9.357929229736328,chatcmpl-b5ccd0b8-fbfe-4237-abd2-e42c499a7f5c-8097424f,decode,0,0,452715,3,d61968e8-e4aa-43a2-8ca8-85b623ffd1e5_dp1,0
1780280992.1681302,1780280992.179091,10.960817337036133,chatcmpl-57df3ba5-a802-4f49-835d-9dc8098cb79b-8b6668ee,decode,0,0,452715,2,d61968e8-e4aa-43a2-8ca8-85b623ffd1e5_dp1,0
1780280992.338045,1780280992.346414,8.369207382202148,chatcmpl-6c831d15-8d4a-402d-ac73-e6a22246a5de-a2dd4633,decode,0,0,452715,4,d61968e8-e4aa-43a2-8ca8-85b623ffd1e5_dp1,0
1780280992.451919,1780280992.462729,10.809898376464844,chatcmpl-bf7df953-f008-45a7-be4c-07e0035d693b-87485e55,decode,0,0,452715,2,d61968e8-e4aa-43a2-8ca8-85b623ffd1e5_dp1,0
1780280992.5093234,1780280992.5260768,16.753435134887695,chatcmpl-42c52e07-1a72-42a8-baaa-5da9bb8133cd-be3267aa,decode,0,0,452715,30,d61968e8-e4aa-43a2-8ca8-85b623ffd1e5_dp0,0
1780280992.6189005,1780280992.6288364,9.935855865478516,chatcmpl-3fa52870-99bc-4d70-bf9e-dcdbb3a9c352-952da50a,decode,0,0,452715,11,d61968e8-e4aa-43a2-8ca8-85b623ffd1e5_dp1,0
1780280992.8235466,1780280992.833647,10.100364685058594,chatcmpl-1a983a87-bd66-4ffb-b7cb-167fe59348e4-a06d1d22,decode,0,0,452715,2,d61968e8-e4aa-43a2-8ca8-85b623ffd1e5_dp0,0
1780280992.8332622,1780280992.8369398,3.6776065826416016,chatcmpl-e3e8e5e7-a4aa-4b49-8662-2a33d7e8dbf9-a8d2797c,decode,0,0,452715,21,d61968e8-e4aa-43a2-8ca8-85b623ffd1e5_dp1,0
1780280992.8560069,1780280992.8621633,6.156444549560547,chatcmpl-ce5ced70-ccf8-4563-858e-127b914f78de-8202d607,decode,0,0,452715,16,d61968e8-e4aa-43a2-8ca8-85b623ffd1e5_dp0,0
1780280993.2955353,1780280993.3108466,15.311241149902344,chatcmpl-dc0a6c03-fa9f-4da8-91ae-4c8978c0557b-99efcd18,decode,0,0,452715,31,d61968e8-e4aa-43a2-8ca8-85b623ffd1e5_dp1,0
1780280993.4302044,1780280993.435525,5.320549011230469,chatcmpl-ffa96348-0ee1-4658-82db-e7283f872b67-bd1dc242,decode,0,0,452715,18,d61968e8-e4aa-43a2-8ca8-85b623ffd1e5_dp0,0
1780280993.5683944,1780280993.5850785,16.68405532836914,chatcmpl-f7333e38-f300-42e6-a62c-4a8c87b38691-bbb45a49,decode,0,0,452715,26,d61968e8-e4aa-43a2-8ca8-85b623ffd1e5_dp0,0
1780280993.687009,1780280993.6973257,10.316610336303711,chatcmpl-4978b20d-094e-40dc-a93d-7c74409fc7da-af76b229,decode,0,0,452715,2,d61968e8-e4aa-43a2-8ca8-85b623ffd1e5_dp1,0
1780280993.7724273,1780280993.7727692,0.3418922424316406,chatcmpl-5056d235-8e33-4328-9e9c-b548c0f75c24-9422f274,decode,0,0,452715,1,d61968e8-e4aa-43a2-8ca8-85b623ffd1e5_dp0,0
1780280993.8987963,1780280993.913064,14.267683029174805,chatcmpl-7a0ca46d-9dd7-43b3-a1d6-0dda37a2dbba-811ff0b6,decode,0,0,452715,2,d61968e8-e4aa-43a2-8ca8-85b623ffd1e5_dp0,0
1780280993.9127514,1780280993.913091,0.339508056640625,chatcmpl-7bb0b435-bc86-4b9c-a18f-2524e1a37fe7-9ce2300e,decode,0,0,452715,1,d61968e8-e4aa-43a2-8ca8-85b623ffd1e5_dp1,0
1780280994.0076938,1780280994.0331557,25.461912155151367,chatcmpl-e4adcb6d-2a18-40c3-b158-021259072a9f-b572617e,decode,0,0,452715,41,d61968e8-e4aa-43a2-8ca8-85b623ffd1e5_dp1,0
1780280994.0328045,1780280994.0523348,19.530296325683594,chatcmpl-0e131fb6-746e-4773-b9f8-53618553bd91-a07600e9,decode,0,0,452715,7,d61968e8-e4aa-43a2-8ca8-85b623ffd1e5_dp0,0
1780280994.0520163,1780280994.0602179,8.20159912109375,chatcmpl-ef975a6d-76d6-48a6-b119-5ea8edb3c802-9b396993,decode,0,0,452715,12,d61968e8-e4aa-43a2-8ca8-85b623ffd1e5_dp1,0
1780280994.5342739,1780280994.5461555,11.881589889526367,chatcmpl-46a09326-2a6b-4181-861e-6b2e26796ecc-85638bae,decode,0,0,452715,1,d61968e8-e4aa-43a2-8ca8-85b623ffd1e5_dp0,0
1780280994.7082632,1780280994.722202,13.93890380859375,chatcmpl-2020b76a-4f88-433f-906f-2a924ebc61c2-8c72f248,decode,0,0,452715,47,d61968e8-e4aa-43a2-8ca8-85b623ffd1e5_dp0,0
1780280994.721885,1780280994.7285087,6.623744964599609,chatcmpl-c8bb571d-d0a1-49c3-9138-9c9a5e04adcd-a4426637,decode,0,0,452715,2,d61968e8-e4aa-43a2-8ca8-85b623ffd1e5_dp1,0
1780280994.7281828,1780280994.739932,11.749267578125,chatcmpl-ffe001a9-19c7-4b6d-867a-36087fa6dce9-b0f07599,decode,0,0,452715,2,d61968e8-e4aa-43a2-8ca8-85b623ffd1e5_dp0,0
1780280994.739421,1780280994.749911,10.490179061889648,chatcmpl-d06750e4-c36e-4341-adc7-52f57b48c486-b1dd3b3c,decode,0,0,452715,2,d61968e8-e4aa-43a2-8ca8-85b623ffd1e5_dp1,0
1780280994.8637652,1780280994.8740163,10.251045227050781,chatcmpl-6f77f218-9734-490a-a63f-5e7f9ff85282-b6af0279,decode,0,0,452715,2,d61968e8-e4aa-43a2-8ca8-85b623ffd1e5_dp1,0
1780280995.000429,1780280995.0215244,21.09551429748535,chatcmpl-e79bbcb5-a96d-4fba-a250-f125daeea00a-abaaa4bc,decode,0,0,452715,1,d61968e8-e4aa-43a2-8ca8-85b623ffd1e5_dp1,0
1780280995.0211072,1780280995.0374181,16.310930252075195,chatcmpl-d2f887da-fdfc-4fe5-a5b1-a4cc6ee1518e-b403df43,decode,0,0,452715,29,d61968e8-e4aa-43a2-8ca8-85b623ffd1e5_dp0,0
1780280995.0693467,1780280995.075098,5.751371383666992,chatcmpl-f624c733-3aa8-4519-ac3c-a3cd6b3a662a-bc51153a,decode,0,0,452715,17,d61968e8-e4aa-43a2-8ca8-85b623ffd1e5_dp1,0
1780280995.106487,1780280995.1126072,6.120204925537109,chatcmpl-dce271f8-9e45-4cc2-8e30-d1a5431de78f-afc92717,decode,0,0,452715,5,d61968e8-e4aa-43a2-8ca8-85b623ffd1e5_dp0,0
1780280995.1719158,1780280995.175839,3.923177719116211,chatcmpl-2a86082a-9f7d-42f9-a713-bbb53205331c-8726ce21,decode,0,0,452715,25,d61968e8-e4aa-43a2-8ca8-85b623ffd1e5_dp0,0
1780280995.3006856,1780280995.3157036,15.017986297607422,chatcmpl-3c4398df-489d-43d5-b6a6-dafda4b4dd9c-866416e0,decode,0,0,452715,50,d61968e8-e4aa-43a2-8ca8-85b623ffd1e5_dp0,0
1780280995.365407,1780280995.3893247,23.917675018310547,chatcmpl-01f035ca-479c-46e2-8f00-b9c008bf4d26-a227ddca,decode,0,0,452715,49,d61968e8-e4aa-43a2-8ca8-85b623ffd1e5_dp1,0
1780280995.3889544,1780280995.405918,16.963481903076172,chatcmpl-04229a3b-14b6-4318-ae0b-dd53d8824e22-949f8838,decode,0,0,452715,6,d61968e8-e4aa-43a2-8ca8-85b623ffd1e5_dp0,0
1780280995.5756733,1780280995.5919695,16.2961483001709,chatcmpl-1fa2e6b2-3fbf-4bc5-a5a3-627c25dd21d9-95a6da7d,decode,0,0,452715,25,d61968e8-e4aa-43a2-8ca8-85b623ffd1e5_dp0,0
1780280995.6573982,1780280995.6668572,9.45901870727539,chatcmpl-6636e7d1-30f2-4caf-9e2a-63c31fc20e9b-98324399,decode,0,0,452715,3,d61968e8-e4aa-43a2-8ca8-85b623ffd1e5_dp0,0
1780280995.8405063,1780280995.8483608,7.854461669921875,chatcmpl-5b5e9262-8e88-4513-8544-be31eade5b60-b8eac0b6,decode,0,0,452715,8,d61968e8-e4aa-43a2-8ca8-85b623ffd1e5_dp0,0
1780280995.8480432,1780280995.8516314,3.5881996154785156,chatcmpl-7579812a-d4be-4e52-a95e-8a7f650c27ce-9a39de46,decode,0,0,452715,15,d61968e8-e4aa-43a2-8ca8-85b623ffd1e5_dp1,0
1780280995.8731592,1780280995.888311,15.151739120483398,chatcmpl-061599b9-85bf-4c19-8687-dbc0c249d6ea-bb766256,decode,0,0,452715,9,d61968e8-e4aa-43a2-8ca8-85b623ffd1e5_dp0,0
1780280996.013421,1780280996.0299768,16.5557861328125,chatcmpl-cdcf19b7-45b7-4893-b3e2-b2117acbed8d-b8b440e8,decode,0,0,452715,30,d61968e8-e4aa-43a2-8ca8-85b623ffd1e5_dp1,0
1780280996.0296466,1780280996.0300524,0.4057884216308594,chatcmpl-fdbb9255-e3a8-4a7c-80d4-0f9bb53e7353-ae53d34f,decode,0,0,452715,1,d61968e8-e4aa-43a2-8ca8-85b623ffd1e5_dp1,0
1780280996.123758,1780280996.1404014,16.643285751342773,chatcmpl-92aff127-27e6-4c4d-bc08-02fd19878ed0-bc0b2bab,decode,0,0,452715,27,d61968e8-e4aa-43a2-8ca8-85b623ffd1e5_dp0,0
1780280996.2246053,1780280996.2430305,18.42522621154785,chatcmpl-9a944ced-1d20-4140-ab1b-b72929992973-b24686e9,decode,0,0,452715,35,d61968e8-e4aa-43a2-8ca8-85b623ffd1e5_dp1,0
1780280996.2426834,1780280996.2552128,12.529373168945312,chatcmpl-2002e921-9b1d-4633-9e66-353b2af2ed72-ae896824,decode,0,0,452715,3,d61968e8-e4aa-43a2-8ca8-85b623ffd1e5_dp0,0
1780280996.2548532,1780280996.2652283,10.375022888183594,chatcmpl-871e85b6-793a-406e-8909-4c176a240000-93d69fc1,decode,0,0,452715,3,d61968e8-e4aa-43a2-8ca8-85b623ffd1e5_dp1,0
1780280996.604032,1780280996.6091938,5.161762237548828,chatcmpl-9adf2f02-b54a-42a4-b2d1-bbdf06895a61-a2dd9312,decode,0,0,452715,13,d61968e8-e4aa-43a2-8ca8-85b623ffd1e5_dp1,0
1780280996.8102741,1780280996.8210444,10.770320892333984,chatcmpl-c43d968e-cfd8-45a3-a13e-231cb67b5863-b51e9df2,decode,0,0,452715,2,d61968e8-e4aa-43a2-8ca8-85b623ffd1e5_dp1,0
1780280997.0446603,1780280997.0598881,15.227794647216797,chatcmpl-0bfededa-04f1-439b-b113-c61c49201b51-96d6bfb7,decode,0,0,452715,55,d61968e8-e4aa-43a2-8ca8-85b623ffd1e5_dp1,0
1780280997.3677197,1780280997.3867755,19.055843353271484,chatcmpl-98c2065e-85f2-415a-a626-0cc803a1ce2c-a2c7e1fb,decode,0,0,452715,52,d61968e8-e4aa-43a2-8ca8-85b623ffd1e5_dp0,0
1780280997.3864694,1780280997.4027007,16.231298446655273,chatcmpl-015e7591-219b-45af-9905-4915620d56bc-bfdc72ba,decode,0,0,452715,4,d61968e8-e4aa-43a2-8ca8-85b623ffd1e5_dp1,0
1780280997.4023938,1780280997.4136279,11.234045028686523,chatcmpl-b98127b6-a5a6-42e5-beb7-e260423a7aba-9c16e827,decode,0,0,452715,1,d61968e8-e4aa-43a2-8ca8-85b623ffd1e5_dp1,0
1780280997.4401443,1780280997.450441,10.29658317565918,chatcmpl-f1bad799-92c9-4e9b-a796-f8e94d7d2b74-a084a01d,decode,0,0,452715,2,d61968e8-e4aa-43a2-8ca8-85b623ffd1e5_dp0,0
1780280997.5358808,1780280997.5530605,17.17972755432129,chatcmpl-777c9dfa-d124-4c6a-9b99-e1baff8ea7fe-bec56161,decode,0,0,452715,48,d61968e8-e4aa-43a2-8ca8-85b623ffd1e5_dp1,0
1780280997.552712,1780280997.5627592,10.047197341918945,chatcmpl-08314048-3c3d-4756-b417-9ca1b3ed6d79-9b0d45bc,decode,0,0,452715,2,d61968e8-e4aa-43a2-8ca8-85b623ffd1e5_dp0,0
1780280997.6753979,1780280997.684903,9.505033493041992,chatcmpl-f8f45327-5cf3-44ca-8e2b-830b8b14e241-8b40e5e3,decode,0,0,452715,2,d61968e8-e4aa-43a2-8ca8-85b623ffd1e5_dp0,0
1780280997.8510215,1780280997.8676333,16.611814498901367,chatcmpl-2ed00b5e-6f5c-4809-8a02-68232ef15b4e-a9cecb65,decode,0,0,452715,28,d61968e8-e4aa-43a2-8ca8-85b623ffd1e5_dp0,0
1780280997.9175014,1780280997.927731,10.22958755493164,chatcmpl-8053f284-a759-43aa-92aa-0fd8e5e21db2-acdd5ffb,decode,0,0,452715,2,d61968e8-e4aa-43a2-8ca8-85b623ffd1e5_dp1,0
1780280997.9806623,1780280997.9956067,14.944314956665039,chatcmpl-119e5e33-89aa-44a2-92d5-79c4253ac00d-b0b1710d,decode,0,0,452715,10,d61968e8-e4aa-43a2-8ca8-85b623ffd1e5_dp0,0
1780280998.1711588,1780280998.1802676,9.108781814575195,chatcmpl-d313b888-1ff9-4ae3-a22a-855264f745df-ad7d021d,decode,0,0,452715,2,d61968e8-e4aa-43a2-8ca8-85b623ffd1e5_dp1,0
1780280998.3891745,1780280998.407675,18.500566482543945,chatcmpl-61f9bc17-e9f4-457a-92fe-777f2102ae82-958eb4c1,decode,0,0,452715,2,d61968e8-e4aa-43a2-8ca8-85b623ffd1e5_dp1,0
1780280998.4612143,1780280998.4671295,5.915164947509766,chatcmpl-fa9d247e-cd3a-4e74-800c-b43886d12061-be395b21,decode,0,0,452715,17,d61968e8-e4aa-43a2-8ca8-85b623ffd1e5_dp0,0
1780280998.556833,1780280998.5791893,22.356271743774414,chatcmpl-978c6563-6bf2-4c07-8fea-12673d9ab5b2-842988da,decode,0,0,452715,57,d61968e8-e4aa-43a2-8ca8-85b623ffd1e5_dp0,0
1780280998.5752428,1780280998.593188,17.945289611816406,chatcmpl-5d448eb6-9f27-4c4c-9d9b-8fa9ee8d9d22-9eb12558,decode,0,0,452715,42,d61968e8-e4aa-43a2-8ca8-85b623ffd1e5_dp1,0
1780280998.5928423,1780280998.602412,9.569644927978516,chatcmpl-068990f8-4c2e-4930-a4c1-9495452ecf2c-9115433f,decode,0,0,452715,3,d61968e8-e4aa-43a2-8ca8-85b623ffd1e5_dp0,0
1780280998.7194254,1780280998.7235594,4.133939743041992,chatcmpl-0f186fbf-fced-411a-95ea-eb2621a626fd-941f4b6a,decode,0,0,452715,18,d61968e8-e4aa-43a2-8ca8-85b623ffd1e5_dp0,0
1780280998.8367822,1780280998.8417835,5.001306533813477,chatcmpl-3ee20d43-59ab-47e8-87ee-8261845f08d0-a93d339e,decode,0,0,452715,17,d61968e8-e4aa-43a2-8ca8-85b623ffd1e5_dp0,0
1780280999.0011604,1780280999.0160704,14.909982681274414,chatcmpl-6a8c20ba-311f-4ac0-bbd4-74aefa7d4ca9-83aaf5c3,decode,0,0,452715,51,d61968e8-e4aa-43a2-8ca8-85b623ffd1e5_dp1,0
1780280999.0607872,1780280999.0765576,15.770435333251953,chatcmpl-38475935-c2eb-4108-a268-ebb30e80efe5-8bab75ff,decode,0,0,452715,32,d61968e8-e4aa-43a2-8ca8-85b623ffd1e5_dp0,0
1780280999.32909,1780280999.3340592,4.969120025634766,chatcmpl-07906eda-2953-464b-a39a-5a89c7d93bfa-a137cbd8,decode,0,0,452715,5,d61968e8-e4aa-43a2-8ca8-85b623ffd1e5_dp1,0
1780280999.4028125,1780280999.4074538,4.641294479370117,chatcmpl-9e06c1c8-5129-43c2-b1c7-b0a13bdbc6ed-a46a9f2c,decode,0,0,452715,20,d61968e8-e4aa-43a2-8ca8-85b623ffd1e5_dp1,0
1780280999.4494476,1780280999.4605246,11.076927185058594,chatcmpl-78b67dc0-9364-4d8f-8cb8-6f48727e2316-881b7ff8,decode,0,0,452715,11,d61968e8-e4aa-43a2-8ca8-85b623ffd1e5_dp0,0
1780280999.460197,1780280999.468498,8.301019668579102,chatcmpl-562d20b8-95a0-4998-a139-4b5fbf6a1b00-9e1dd2a0,decode,0,0,452715,4,d61968e8-e4aa-43a2-8ca8-85b623ffd1e5_dp0,0
1780280999.6377926,1780280999.6600451,22.252559661865234,chatcmpl-ce631ac1-920f-4038-a95b-058ba91328a1-8957ca68,decode,0,0,452715,35,d61968e8-e4aa-43a2-8ca8-85b623ffd1e5_dp0,0
1780280999.6596656,1780280999.6649172,5.251646041870117,chatcmpl-539dca01-b8a5-42fd-ae9c-1aeb98bb3747-8e970c4c,decode,0,0,452715,18,d61968e8-e4aa-43a2-8ca8-85b623ffd1e5_dp0,0
1780280999.942567,1780280999.962601,20.033836364746094,chatcmpl-db0d7396-4aeb-44bb-b78c-cea0b1ac77a9-8d3bbc19,decode,0,0,452715,42,d61968e8-e4aa-43a2-8ca8-85b623ffd1e5_dp0,0
1780280999.9622147,1780280999.969652,7.437229156494141,chatcmpl-aabd85ea-c49a-4a44-9639-cd7377bfa16b-9e1250e3,decode,0,0,452715,13,d61968e8-e4aa-43a2-8ca8-85b623ffd1e5_dp1,0
1780281000.0547128,1780281000.0695932,14.88041877746582,chatcmpl-05b33867-fae9-4cf6-87e0-9615d514292f-a147ca2d,decode,0,0,452715,52,d61968e8-e4aa-43a2-8ca8-85b623ffd1e5_dp1,0
1780281000.1342518,1780281000.144183,9.931087493896484,chatcmpl-d9e4abe2-9aef-48ca-a5e3-84ba1a53ec9e-bfb1fa1f,decode,0,0,452715,2,d61968e8-e4aa-43a2-8ca8-85b623ffd1e5_dp0,0
1780281000.2780144,1780281000.29615,18.135547637939453,chatcmpl-e72567a6-8bba-4b90-9503-c310bdbc5275-a867a3c2,decode,0,0,452715,44,d61968e8-e4aa-43a2-8ca8-85b623ffd1e5_dp0,0
1780281000.295842,1780281000.3052669,9.424924850463867,chatcmpl-65e605b7-a380-43d9-be4a-a28d314c1fdb-84ec2900,decode,0,0,452715,3,d61968e8-e4aa-43a2-8ca8-85b623ffd1e5_dp1,0
1780281000.4648669,1780281000.480833,15.966176986694336,chatcmpl-f02a0a14-aa30-40bc-8202-f6a55922797e-bd5cd859,decode,0,0,452715,31,d61968e8-e4aa-43a2-8ca8-85b623ffd1e5_dp1,0
1780281000.772642,1780281000.7884123,15.770435333251953,chatcmpl-d017b37d-a737-47dc-a1be-82b49ae6d196-80143fc4,decode,0,0,452715,35,d61968e8-e4aa-43a2-8ca8-85b623ffd1e5_dp0,0
1780281000.8059418,1780281000.8131948,7.252931594848633,chatcmpl-08f5326d-ebc0-4058-9ae4-fc8a7aa01e6c-821a7cf9,decode,0,0,452715,6,d61968e8-e4aa-43a2-8ca8-85b623ffd1e5_dp0,0
1780281001.3217936,1780281001.339031,17.237424850463867,chatcmpl-45198486-67cc-4d1a-8c75-b17a6c976dc6-88cef2b2,decode,0,0,452715,38,d61968e8-e4aa-43a2-8ca8-85b623ffd1e5_dp0,0
1780281001.3386853,1780281001.3524091,13.72385025024414,chatcmpl-f633453b-050a-4615-9c28-4d8ce06e862e-b2107f73,decode,0,0,452715,2,d61968e8-e4aa-43a2-8ca8-85b623ffd1e5_dp1,0
1780281001.3520808,1780281001.3616393,9.558439254760742,chatcmpl-17b47178-fd46-4295-a98c-c10fe5dfd07a-b36868ad,decode,0,0,452715,3,d61968e8-e4aa-43a2-8ca8-85b623ffd1e5_dp0,0
1780281001.4294455,1780281001.4368675,7.421970367431641,chatcmpl-7397da0c-c430-4adc-a24c-d7739e34aa76-95ba5e56,decode,0,0,452715,14,d61968e8-e4aa-43a2-8ca8-85b623ffd1e5_dp1,0
1780281001.452098,1780281001.4605408,8.442878723144531,chatcmpl-1a78e8e1-75f8-42f2-89c9-203e11482e9f-92c875aa,decode,0,0,452715,18,d61968e8-e4aa-43a2-8ca8-85b623ffd1e5_dp1,0
1780281001.4908469,1780281001.4977598,6.912946701049805,chatcmpl-827c0ba8-a959-4443-9f63-fb26ebd18315-906a9665,decode,0,0,452715,16,d61968e8-e4aa-43a2-8ca8-85b623ffd1e5_dp0,0
1780281001.5702991,1780281001.5852137,14.914512634277344,chatcmpl-66dbe14f-3e15-4d3d-bce7-e1c91695c9e2-88e00a86,decode,0,0,452715,43,d61968e8-e4aa-43a2-8ca8-85b623ffd1e5_dp1,0
1780281001.6367161,1780281001.6474125,10.6964111328125,chatcmpl-4be9f690-6557-40de-914d-fda2a90ec35e-99d0affc,decode,0,0,452715,2,d61968e8-e4aa-43a2-8ca8-85b623ffd1e5_dp0,0
1780281001.7569516,1780281001.771814,14.862537384033203,chatcmpl-8cc8bb07-a7eb-4392-b895-58e6203e5a38-adb5a05d,decode,0,0,452715,50,d61968e8-e4aa-43a2-8ca8-85b623ffd1e5_dp0,0
1780281002.0255654,1780281002.0313323,5.766868591308594,chatcmpl-27992e51-8bf5-4dc8-a011-5709ee3b41b9-8830afed,decode,0,0,452715,4,d61968e8-e4aa-43a2-8ca8-85b623ffd1e5_dp1,0
1780281002.0615509,1780281002.068416,6.865262985229492,chatcmpl-92000674-f882-439e-b07c-226fb0ab9040-80371423,decode,0,0,452715,12,d61968e8-e4aa-43a2-8ca8-85b623ffd1e5_dp0,0
1780281002.0885727,1780281002.09687,8.297204971313477,chatcmpl-d40e4b3b-943b-484d-bfac-0460b4ebaeba-8b572bf9,decode,0,0,452715,6,d61968e8-e4aa-43a2-8ca8-85b623ffd1e5_dp1,0
1780281002.1407192,1780281002.157953,17.233848571777344,chatcmpl-0ff60b9e-e8ab-43f9-b102-c9a0fd690356-a7b0d87b,decode,0,0,452715,26,d61968e8-e4aa-43a2-8ca8-85b623ffd1e5_dp0,0
1780281002.1755452,1780281002.182592,7.046699523925781,chatcmpl-d854ba91-f7ba-45ae-ae03-53d8f4cdb9ed-a56dce69,decode,0,0,452715,14,d61968e8-e4aa-43a2-8ca8-85b623ffd1e5_dp1,0
1780281002.3758204,1780281002.3928154,16.994953155517578,chatcmpl-86fa3b5e-078f-4628-9776-6e12591b76d1-942e06c5,decode,0,0,452715,26,d61968e8-e4aa-43a2-8ca8-85b623ffd1e5_dp1,0
1780281002.5676866,1780281002.577625,9.938478469848633,chatcmpl-9859e25c-f5ba-45f3-94f5-2d1ffa31707b-a5d426b3,decode,0,0,452715,2,d61968e8-e4aa-43a2-8ca8-85b623ffd1e5_dp1,0
1780281002.6414573,1780281002.6521995,10.7421875,chatcmpl-2f92390e-6249-419a-9311-66b1e293a277-a811ff47,decode,0,0,452715,2,d61968e8-e4aa-43a2-8ca8-85b623ffd1e5_dp0,0
1780281002.6820638,1780281002.689271,7.207155227661133,chatcmpl-ac3d70c3-1f5e-437a-8f78-9ea59b688bed-80ed9a60,decode,0,0,452715,13,d61968e8-e4aa-43a2-8ca8-85b623ffd1e5_dp1,0
1780281002.8643703,1780281002.8748195,10.44917106628418,chatcmpl-791c83a3-4a23-43c8-9acc-92220e577cb3-a7748fa2,decode,0,0,452715,2,d61968e8-e4aa-43a2-8ca8-85b623ffd1e5_dp1,0
1780281002.950694,1780281002.9612052,10.511159896850586,chatcmpl-4a3b4d0d-e428-433f-b820-b28765874e5a-b30667df,decode,0,0,452715,2,d61968e8-e4aa-43a2-8ca8-85b623ffd1e5_dp1,0
1780281003.0245533,1780281003.035157,10.603666305541992,chatcmpl-09312ffc-6a2b-4804-b07b-bfe80b775832-b795f9c1,decode,0,0,452715,2,d61968e8-e4aa-43a2-8ca8-85b623ffd1e5_dp1,0
1780281003.1205633,1780281003.1446712,24.107933044433594,chatcmpl-6fd38eff-0484-4444-a2c4-c37654b66244-881b7b9c,decode,0,0,452715,46,d61968e8-e4aa-43a2-8ca8-85b623ffd1e5_dp1,0
1780281003.14426,1780281003.1478245,3.564596176147461,chatcmpl-e36d8ec8-e40d-42e0-a511-47e784ac7dfb-9bfe33e4,decode,0,0,452715,21,d61968e8-e4aa-43a2-8ca8-85b623ffd1e5_dp1,0
1780281003.174978,1780281003.1844895,9.511470794677734,chatcmpl-80f1a889-7c64-489c-aae9-8504f8af288e-974198f5,decode,0,0,452715,3,d61968e8-e4aa-43a2-8ca8-85b623ffd1e5_dp1,0
1780281003.3225603,1780281003.3327775,10.21718978881836,chatcmpl-86eb5566-5c27-4145-828b-b4aa9f2b0882-b31e74d0,decode,0,0,452715,3,d61968e8-e4aa-43a2-8ca8-85b623ffd1e5_dp1,0
1780281003.3527305,1780281003.3597221,6.99162483215332,chatcmpl-07b64bf0-c4b1-434b-b4ab-43a1c13bdb82-8b9bd00a,decode,0,0,452715,25,d61968e8-e4aa-43a2-8ca8-85b623ffd1e5_dp0,0
1780281003.3593976,1780281003.3697894,10.391712188720703,chatcmpl-d49047d4-b3c0-41b6-8989-a6eb287feb69-ab07b99b,decode,0,0,452715,2,d61968e8-e4aa-43a2-8ca8-85b623ffd1e5_dp1,0
1780281003.394708,1780281003.3949828,0.27489662170410156,chatcmpl-f8219659-de84-443c-9a29-0187e6e51744-ba85a3b9,decode,0,0,452715,1,d61968e8-e4aa-43a2-8ca8-85b623ffd1e5_dp1,0
1780281003.5667105,1780281003.5670233,0.31280517578125,chatcmpl-c5b9750d-f5d2-4d7e-92df-2cfc94add138-8c7882de,decode,0,0,452715,1,d61968e8-e4aa-43a2-8ca8-85b623ffd1e5_dp1,0
1780281003.7038677,1780281003.7304485,26.580810546875,chatcmpl-49fcf65b-06d4-4b5c-b47a-1f382f340500-96a6e8cf,decode,0,0,452715,2,d61968e8-e4aa-43a2-8ca8-85b623ffd1e5_dp1,0
1780281003.8599691,1780281003.8643644,4.395246505737305,chatcmpl-c0cca1d5-62d2-4b7b-a2b3-2567372b41f9-a70b3141,decode,0,0,452715,23,d61968e8-e4aa-43a2-8ca8-85b623ffd1e5_dp0,0
1780281004.0541046,1780281004.0610359,6.931304931640625,chatcmpl-9e13566d-d787-49db-8660-0f720d156f3b-a920886a,decode,0,0,452715,15,d61968e8-e4aa-43a2-8ca8-85b623ffd1e5_dp0,0
1780281004.2917473,1780281004.306401,14.653682708740234,chatcmpl-3da9a056-04c4-410f-934c-a2dec76b9850-b4e35d26,decode,0,0,452715,64,d61968e8-e4aa-43a2-8ca8-85b623ffd1e5_dp0,0
1780281004.3627005,1780281004.3687913,6.090879440307617,chatcmpl-498c0815-780c-4a58-a10f-29f1c0c0c4d0-8ed945e3,decode,0,0,452715,24,d61968e8-e4aa-43a2-8ca8-85b623ffd1e5_dp0,0
1780281004.4460018,1780281004.4607174,14.71567153930664,chatcmpl-473dfb5a-a5c0-4eba-962f-c64aaa871d77-9d49891d,decode,0,0,452715,55,d61968e8-e4aa-43a2-8ca8-85b623ffd1e5_dp1,0
1780281004.521098,1780281004.5321012,11.003255844116211,chatcmpl-730fe7f3-9cdd-4113-9699-6adf145eff0e-828655ba,decode,0,0,452715,44,d61968e8-e4aa-43a2-8ca8-85b623ffd1e5_dp0,0
1780281004.5318499,1780281004.5472243,15.374422073364258,chatcmpl-b33f3302-5605-46d2-9651-c8ee7121f0bc-8c6fe94b,decode,0,0,452715,4,d61968e8-e4aa-43a2-8ca8-85b623ffd1e5_dp0,0
1780281004.5963874,1780281004.596657,0.2696514129638672,chatcmpl-8c094e6e-c392-454a-8da5-cc569dc6d3cd-8c89e1ed,decode,0,0,452715,1,d61968e8-e4aa-43a2-8ca8-85b623ffd1e5_dp1,0
1780281004.6104634,1780281004.6317222,21.258831024169922,chatcmpl-51fc168f-b087-4f10-b522-25e73cb316dc-b938fd22,decode,0,0,452715,2,d61968e8-e4aa-43a2-8ca8-85b623ffd1e5_dp1,0
1780281004.6221337,1780281004.6465485,24.414777755737305,chatcmpl-8768fe20-5f7c-4f2a-a0c7-6f00012ec4be-ad5eba8d,decode,0,0,452715,35,d61968e8-e4aa-43a2-8ca8-85b623ffd1e5_dp1,0
1780281004.6313565,1780281004.6466277,15.271186828613281,chatcmpl-763c1558-d4bd-4d79-819d-e4d486488190-bc24eea7,decode,0,0,452715,27,d61968e8-e4aa-43a2-8ca8-85b623ffd1e5_dp1,0
1780281004.6721003,1780281004.6778574,5.75709342956543,chatcmpl-c09ed603-145e-4f4e-8cf7-e197c0137eb8-bf3a9dd4,decode,0,0,452715,1,d61968e8-e4aa-43a2-8ca8-85b623ffd1e5_dp0,0
1780281004.677379,1780281004.6995149,22.13597297668457,chatcmpl-09011ad3-f9e6-44e0-bd91-8864937d8b7a-91c50d16,decode,0,0,452715,11,d61968e8-e4aa-43a2-8ca8-85b623ffd1e5_dp1,0
1780281004.7121449,1780281004.7145452,2.4003982543945312,chatcmpl-c5184f10-3eed-4d6b-bb79-8f07d7176450-a81038c8,decode,0,0,452715,1,d61968e8-e4aa-43a2-8ca8-85b623ffd1e5_dp0,0
1780281004.714207,1780281004.7245414,10.334491729736328,chatcmpl-0b85bded-c5a7-442a-bdd6-58056572988b-a2a35ecf,decode,0,0,452715,2,d61968e8-e4aa-43a2-8ca8-85b623ffd1e5_dp0,0
1780281004.7521768,1780281004.7617629,9.586095809936523,chatcmpl-f30d299a-ae13-4a2a-b826-14d761e2795e-8bd136bd,decode,0,0,452715,3,d61968e8-e4aa-43a2-8ca8-85b623ffd1e5_dp1,0
1780281004.8929765,1780281004.8999012,6.924629211425781,chatcmpl-4625c714-951d-4698-aaf6-f6567cf9c399-9e93f388,decode,0,0,452715,16,d61968e8-e4aa-43a2-8ca8-85b623ffd1e5_dp0,0
1780281005.077875,1780281005.0991528,21.277904510498047,chatcmpl-ae664ae5-44cd-4773-8629-16f6ff984eb0-a9b4812a,decode,0,0,452715,2,d61968e8-e4aa-43a2-8ca8-85b623ffd1e5_dp1,0
1780281005.0987687,1780281005.102843,4.074335098266602,chatcmpl-c3469331-c189-4a1c-abba-26d0c9e4872a-95f8ac6f,decode,0,0,452715,19,d61968e8-e4aa-43a2-8ca8-85b623ffd1e5_dp0,0
1780281005.3078856,1780281005.31631,8.42428207397461,chatcmpl-65fa8114-febb-4b12-8f04-a19292802a7e-b08ed38e,decode,0,0,452715,4,d61968e8-e4aa-43a2-8ca8-85b623ffd1e5_dp0,0
1780281005.3308883,1780281005.341774,10.88571548461914,chatcmpl-94b49550-80e1-4d43-8d12-b5731283ac41-8d7d4584,decode,0,0,452715,2,d61968e8-e4aa-43a2-8ca8-85b623ffd1e5_dp0,0
1780281005.381127,1780281005.3917646,10.637521743774414,chatcmpl-5f5b01ee-d87a-4285-a9d7-206a14615de0-b7d7bd18,decode,0,0,452715,2,d61968e8-e4aa-43a2-8ca8-85b623ffd1e5_dp0,0
1780281005.5372798,1780281005.5446904,7.410526275634766,chatcmpl-ef91cf1e-8ca6-4d66-a6c8-e6efa97a9c9c-9dbead5e,decode,0,0,452715,18,d61968e8-e4aa-43a2-8ca8-85b623ffd1e5_dp0,0
1780281005.5442348,1780281005.554706,10.471343994140625,chatcmpl-c84c4df3-ad27-4190-908b-74dd9c7fa0ff-b12d9c78,decode,0,0,452715,2,d61968e8-e4aa-43a2-8ca8-85b623ffd1e5_dp0,0
1780281005.5942502,1780281005.6047857,10.535478591918945,chatcmpl-3f91e847-b5fd-4522-8d79-5d24bbe5edd6-b60cef44,decode,0,0,452715,2,d61968e8-e4aa-43a2-8ca8-85b623ffd1e5_dp0,0
1780281005.705983,1780281005.7218783,15.895366668701172,chatcmpl-d558077f-e527-4892-9df8-83bfc47202d1-b26d0a77,decode,0,0,452715,54,d61968e8-e4aa-43a2-8ca8-85b623ffd1e5_dp0,0
1780281005.9293706,1780281005.9423907,13.020038604736328,chatcmpl-d7b5514a-da8c-4851-a247-3571b9f379b3-a5c36760,decode,0,0,452715,47,d61968e8-e4aa-43a2-8ca8-85b623ffd1e5_dp1,0
1780281005.9420724,1780281005.948183,6.110668182373047,chatcmpl-73c954a3-7a41-4397-8917-13f41e970817-916aec32,decode,0,0,452715,2,d61968e8-e4aa-43a2-8ca8-85b623ffd1e5_dp0,0
1780281005.947909,1780281005.9481988,0.28967857360839844,chatcmpl-8b54d7dc-088d-4897-a7a1-e7a246472160-a69c6a39,decode,0,0,452715,2,d61968e8-e4aa-43a2-8ca8-85b623ffd1e5_dp1,0
1780281006.027765,1780281006.036252,8.48698616027832,chatcmpl-67485a77-40d2-4577-a86b-b0ec6335526e-879fbd4a,decode,0,0,452715,19,d61968e8-e4aa-43a2-8ca8-85b623ffd1e5_dp0,0
1780281006.0358777,1780281006.051367,15.489339828491211,chatcmpl-8f4016e4-3c73-4a8b-9601-101660aa7695-bf6dbdcf,decode,0,0,452715,22,d61968e8-e4aa-43a2-8ca8-85b623ffd1e5_dp0,0
1780281006.1226196,1780281006.1390283,16.408681869506836,chatcmpl-ebc044ab-dc2b-4297-a358-10340e2d9e89-b8bfafad,decode,0,0,452715,31,d61968e8-e4aa-43a2-8ca8-85b623ffd1e5_dp0,0
1780281006.2372139,1780281006.2547803,17.566442489624023,chatcmpl-a8bcec6b-16f0-4b27-ae3e-e5bee03bb4eb-a8e0dd63,decode,0,0,452715,9,d61968e8-e4aa-43a2-8ca8-85b623ffd1e5_dp0,0
1780281006.254475,1780281006.254801,0.32591819763183594,chatcmpl-28035215-e2ec-4539-ad33-b93cf0135a6a-8225bf54,decode,0,0,452715,2,d61968e8-e4aa-43a2-8ca8-85b623ffd1e5_dp0,0
1780281006.6928992,1780281006.7046523,11.753082275390625,chatcmpl-ce36db3d-b490-468e-818d-9ae2139ca4ef-a7598049,decode,0,0,452715,1,d61968e8-e4aa-43a2-8ca8-85b623ffd1e5_dp1,0
1780281006.7176702,1780281006.717987,0.31685829162597656,chatcmpl-2d3e1f32-3a32-4c3d-b286-2464290f3418-83c4f335,decode,0,0,452715,1,d61968e8-e4aa-43a2-8ca8-85b623ffd1e5_dp1,0
1780281006.8311398,1780281006.8418767,10.736942291259766,chatcmpl-d37314e5-7428-46f6-a94a-23c4ffa27e74-9eb51386,decode,0,0,452715,2,d61968e8-e4aa-43a2-8ca8-85b623ffd1e5_dp0,0
1780281006.8700166,1780281006.8790853,9.068727493286133,chatcmpl-83320613-726e-4727-adb0-3012c913d85d-9c26d164,decode,0,0,452715,3,d61968e8-e4aa-43a2-8ca8-85b623ffd1e5_dp0,0
1780281007.2606592,1780281007.260979,0.3197193145751953,chatcmpl-ca91178b-76df-474c-897b-9561b88c7839-a0dc7bcf,decode,0,0,452715,2,d61968e8-e4aa-43a2-8ca8-85b623ffd1e5_dp1,0
1780281007.4279873,1780281007.4336193,5.631923675537109,chatcmpl-bd5808c2-e9fb-4ba0-ac99-bb536913d750-b1cb22e8,decode,0,0,452715,7,d61968e8-e4aa-43a2-8ca8-85b623ffd1e5_dp0,0
1780281007.5580592,1780281007.5732732,15.213966369628906,chatcmpl-8a6138b4-1739-4d6d-a892-51d2ef19b141-8670ee6f,decode,0,0,452715,8,d61968e8-e4aa-43a2-8ca8-85b623ffd1e5_dp0,0
1780281007.7593513,1780281007.77802,18.668651580810547,chatcmpl-5794ae95-622b-4ce2-a672-df2e0cae334c-8ed12a79,decode,0,0,452715,36,d61968e8-e4aa-43a2-8ca8-85b623ffd1e5_dp1,0
1780281007.7776496,1780281007.788037,10.387420654296875,chatcmpl-920b00e1-160a-4527-8508-5eb0c67fe13f-a4076085,decode,0,0,452715,3,d61968e8-e4aa-43a2-8ca8-85b623ffd1e5_dp0,0
1780281007.8582418,1780281007.8751674,16.925573348999023,chatcmpl-1426faf7-61b4-46cb-a7d1-19011e3c6d59-8941eb5b,decode,0,0,452715,26,d61968e8-e4aa-43a2-8ca8-85b623ffd1e5_dp1,0
1780281008.028429,1780281008.0369108,8.481740951538086,chatcmpl-c887bcd1-0fc6-431a-9423-3caf5ce08e7f-bdbf460c,decode,0,0,452715,4,d61968e8-e4aa-43a2-8ca8-85b623ffd1e5_dp1,0
1780281008.0513582,1780281008.0738392,22.48096466064453,chatcmpl-88afa788-a053-4615-9a31-10665bf3ada1-990629c7,decode,0,0,452715,2,d61968e8-e4aa-43a2-8ca8-85b623ffd1e5_dp0,0
1780281008.07351,1780281008.0886974,15.187501907348633,chatcmpl-b08136d8-9829-42c7-bac5-730a67a8e745-b183d315,decode,0,0,452715,8,d61968e8-e4aa-43a2-8ca8-85b623ffd1e5_dp0,0
1780281008.126634,1780281008.126946,0.3120899200439453,chatcmpl-3be41dc9-6b79-46a4-b3fc-138ce8829258-9863f23c,decode,0,0,452715,1,d61968e8-e4aa-43a2-8ca8-85b623ffd1e5_dp0,0
1780281008.2027185,1780281008.2132401,10.521650314331055,chatcmpl-4f2c09e2-55c0-4589-9d76-31d22504a465-b481d47a,decode,0,0,452715,2,d61968e8-e4aa-43a2-8ca8-85b623ffd1e5_dp0,0
1780281008.2839537,1780281008.3003209,16.367197036743164,chatcmpl-7e484165-65aa-4674-996e-2091cbbfe7ca-add6157e,decode,0,0,452715,7,d61968e8-e4aa-43a2-8ca8-85b623ffd1e5_dp0,0
1780281008.4088702,1780281008.4245815,15.711307525634766,chatcmpl-5f6c3518-70c8-4413-9969-a133c223c302-85beecea,decode,0,0,452715,25,d61968e8-e4aa-43a2-8ca8-85b623ffd1e5_dp0,0
1780281008.5513265,1780281008.561723,10.396480560302734,chatcmpl-fb3e0dad-65e9-40a2-aad3-9cf8ff3ffca9-847e1e82,decode,0,0,452715,2,d61968e8-e4aa-43a2-8ca8-85b623ffd1e5_dp1,0
1780281008.5903952,1780281008.5988834,8.488178253173828,chatcmpl-03d3dcc4-0296-48bf-8907-d54c82ffc419-97266fa9,decode,0,0,452715,11,d61968e8-e4aa-43a2-8ca8-85b623ffd1e5_dp1,0
1780281008.7752147,1780281008.7951677,19.953012466430664,chatcmpl-aef2b8cd-1ebe-4771-98b1-44b3c2420acb-9ffd7274,decode,0,0,452715,2,d61968e8-e4aa-43a2-8ca8-85b623ffd1e5_dp1,0
1780281008.7948897,1780281008.8105137,15.624046325683594,chatcmpl-7f7c39af-7000-453b-8e1d-ef56fcd7df31-9bcd2f33,decode,0,0,452715,8,d61968e8-e4aa-43a2-8ca8-85b623ffd1e5_dp0,0
1780281008.9824443,1780281008.9904232,7.978916168212891,chatcmpl-5e7b61fe-46ac-4661-ac71-e521e082453b-81394c9b,decode,0,0,452715,11,d61968e8-e4aa-43a2-8ca8-85b623ffd1e5_dp0,0
1780281009.0323927,1780281009.040737,8.344173431396484,chatcmpl-7bd23f08-4e02-49ad-ab4b-d90b4f406fea-9cac8862,decode,0,0,452715,5,d61968e8-e4aa-43a2-8ca8-85b623ffd1e5_dp1,0
1780281009.1042368,1780281009.119074,14.837265014648438,chatcmpl-84caf3c3-21fe-446d-aa60-6570bd754704-abdc4647,decode,0,0,452715,2,d61968e8-e4aa-43a2-8ca8-85b623ffd1e5_dp0,0
1780281009.1187594,1780281009.1269603,8.200883865356445,chatcmpl-8c2b9c61-d96e-49c2-9f1a-c6fded954836-adb6a82f,decode,0,0,452715,4,d61968e8-e4aa-43a2-8ca8-85b623ffd1e5_dp0,0
1780281009.203657,1780281009.2140014,10.344505310058594,chatcmpl-7e395da4-d649-4aaf-8401-609b8c778868-9bdf3338,decode,0,0,452715,2,d61968e8-e4aa-43a2-8ca8-85b623ffd1e5_dp1,0
1780281009.3008213,1780281009.3161263,15.305042266845703,chatcmpl-34386407-71e8-461b-9619-03c49decb5a9-84418623,decode,0,0,452715,48,d61968e8-e4aa-43a2-8ca8-85b623ffd1e5_dp0,0
1780281009.682451,1780281009.6925519,10.100841522216797,chatcmpl-9bd405a7-5da3-4669-8485-335440abb4c1-b79dbae5,decode,0,0,452715,2,d61968e8-e4aa-43a2-8ca8-85b623ffd1e5_dp0,0
1780281009.7344732,1780281009.7499323,15.459060668945312,chatcmpl-3a18602b-8763-4fb9-a320-8c71e23d21ce-8a855b78,decode,0,0,452715,10,d61968e8-e4aa-43a2-8ca8-85b623ffd1e5_dp1,0
1780281009.786189,1780281009.7914603,5.271196365356445,chatcmpl-163bbc52-f3d4-435c-a71e-76103e2b557e-904d15e6,decode,0,0,452715,23,d61968e8-e4aa-43a2-8ca8-85b623ffd1e5_dp0,0
1780281009.954482,1780281009.964849,10.36691665649414,chatcmpl-3811e436-c31b-4af5-9407-7500bf46cce6-906a4daa,decode,0,0,452715,2,d61968e8-e4aa-43a2-8ca8-85b623ffd1e5_dp1,0
1780281010.049805,1780281010.067096,17.29106903076172,chatcmpl-12078915-f573-4263-a610-646fba9b9776-be3438d0,decode,0,0,452715,40,d61968e8-e4aa-43a2-8ca8-85b623ffd1e5_dp1,0
1780281010.0666127,1780281010.0771291,10.51640510559082,chatcmpl-94a82173-76f8-4e33-8b3b-1b7021a51274-8e21d31d,decode,0,0,452715,2,d61968e8-e4aa-43a2-8ca8-85b623ffd1e5_dp1,0
1780281010.1838653,1780281010.188666,4.8007965087890625,chatcmpl-d4ef3667-defe-441c-8590-b98bce1b306d-8b99a029,decode,0,0,452715,6,d61968e8-e4aa-43a2-8ca8-85b623ffd1e5_dp0,0
1780281010.2402785,1780281010.2405903,0.31185150146484375,chatcmpl-829f47a1-352d-4fd9-a1f7-357e7781c676-aa1fc0df,decode,0,0,452715,3,d61968e8-e4aa-43a2-8ca8-85b623ffd1e5_dp0,0
1780281010.3542762,1780281010.3592963,5.0201416015625,chatcmpl-22b6e5df-631b-4017-963e-452b06258e14-a3a68d30,decode,0,0,452715,3,d61968e8-e4aa-43a2-8ca8-85b623ffd1e5_dp0,0
1780281010.3589442,1780281010.364274,5.32984733581543,chatcmpl-ac260ffd-f10c-4c55-b66f-69a9dcf64436-88ce2ef8,decode,0,0,452715,4,d61968e8-e4aa-43a2-8ca8-85b623ffd1e5_dp1,0
1780281010.5442193,1780281010.5540392,9.819984436035156,chatcmpl-69ac1f87-7f27-4dfd-8982-ecd2cb8a4b51-a1dae25f,decode,0,0,452715,3,d61968e8-e4aa-43a2-8ca8-85b623ffd1e5_dp0,0
1780281010.606669,1780281010.616477,9.808063507080078,chatcmpl-546a6ee3-553d-4069-b2d8-d5cffc98f8ba-bbd0aafd,decode,0,0,452715,3,d61968e8-e4aa-43a2-8ca8-85b623ffd1e5_dp1,0
1780281010.7106798,1780281010.7283173,17.63749122619629,chatcmpl-9d1bdc39-d25c-47a2-b48d-8aec8e5d25e0-9be55505,decode,0,0,452715,27,d61968e8-e4aa-43a2-8ca8-85b623ffd1e5_dp1,0
1780281010.9573367,1780281010.972613,15.276432037353516,chatcmpl-6f4c7a3d-9a76-4ef3-878c-c5280c8b1e16-a337dc9c,decode,0,0,452715,57,d61968e8-e4aa-43a2-8ca8-85b623ffd1e5_dp0,0
1780281011.0590487,1780281011.0750537,16.00503921508789,chatcmpl-e28ecec1-3611-4fce-8a5a-d73a5729eb49-82ca1687,decode,0,0,452715,48,d61968e8-e4aa-43a2-8ca8-85b623ffd1e5_dp0,0
1780281011.0883703,1780281011.0990446,10.674238204956055,chatcmpl-bcc576d0-366e-43f6-9f8b-2ea7568951b7-90dc987c,decode,0,0,452715,2,d61968e8-e4aa-43a2-8ca8-85b623ffd1e5_dp0,0
1780281011.3633387,1780281011.3695378,6.199121475219727,chatcmpl-b5b73f28-f823-4e2d-aea0-bfcbb05cdd30-b9c19665,decode,0,0,452715,20,d61968e8-e4aa-43a2-8ca8-85b623ffd1e5_dp0,0
1780281011.4087045,1780281011.4193933,10.68878173828125,chatcmpl-0eef0a32-3a4c-40fb-8bcf-068fa760d882-86b88246,decode,0,0,452715,3,d61968e8-e4aa-43a2-8ca8-85b623ffd1e5_dp0,0
1780281011.5213168,1780281011.530121,8.8043212890625,chatcmpl-3cc952a7-4192-4326-910e-ebeaac498485-94222c22,decode,0,0,452715,3,d61968e8-e4aa-43a2-8ca8-85b623ffd1e5_dp0,0
1780281011.5479577,1780281011.5548108,6.8531036376953125,chatcmpl-c50b1064-c49c-490d-9235-008b49da4779-9106efb0,decode,0,0,452715,16,d61968e8-e4aa-43a2-8ca8-85b623ffd1e5_dp0,0
1780281011.581295,1780281011.5916896,10.394573211669922,chatcmpl-a9148f68-f5c6-4897-8d31-af2c089831b2-9e676380,decode,0,0,452715,2,d61968e8-e4aa-43a2-8ca8-85b623ffd1e5_dp0,0
1780281011.6931565,1780281011.7042606,11.104106903076172,chatcmpl-4cd6552a-34ef-41cd-ae50-b4faef1f4a95-b936295f,decode,0,0,452715,2,d61968e8-e4aa-43a2-8ca8-85b623ffd1e5_dp0,0
1780281011.797664,1780281011.812847,15.182971954345703,chatcmpl-a18d8397-2514-49db-8563-c5079720bd93-872dbffe,decode,0,0,452715,12,d61968e8-e4aa-43a2-8ca8-85b623ffd1e5_dp0,0
1780281011.8123121,1780281011.8216438,9.331703186035156,chatcmpl-d055afce-57e7-40da-9b5a-a131913283da-8b4b8c9b,decode,0,0,452715,20,d61968e8-e4aa-43a2-8ca8-85b623ffd1e5_dp1,0
1780281011.8212929,1780281011.8293953,8.1024169921875,chatcmpl-156e27a6-c53a-45a6-a9ee-0c8c6d0b6a0c-b8fee0f5,decode,0,0,452715,4,d61968e8-e4aa-43a2-8ca8-85b623ffd1e5_dp0,0
1780281012.0728033,1780281012.0779333,5.13005256652832,chatcmpl-4ebddaf0-c312-4ab1-a24f-176f32bb99b2-a3451bad,decode,0,0,452715,16,d61968e8-e4aa-43a2-8ca8-85b623ffd1e5_dp0,0
1780281012.1226938,1780281012.1276848,4.991054534912109,chatcmpl-17b8bdf3-4c95-46b3-b069-2370f101037e-8142a612,decode,0,0,452715,22,d61968e8-e4aa-43a2-8ca8-85b623ffd1e5_dp1,0
1780281012.2867253,1780281012.3050296,18.30434799194336,chatcmpl-754b3c71-f057-4ce7-82e1-dfc7af83625b-ae9517f0,decode,0,0,452715,62,d61968e8-e4aa-43a2-8ca8-85b623ffd1e5_dp0,0
1780281012.3046489,1780281012.314048,9.399175643920898,chatcmpl-bb67113c-de29-4ffc-829f-4d98cb14022f-bbb08628,decode,0,0,452715,3,d61968e8-e4aa-43a2-8ca8-85b623ffd1e5_dp0,0
1780281012.3319194,1780281012.3412278,9.308338165283203,chatcmpl-14bce219-49eb-438c-ad2d-60bb2938f072-8efd4d88,decode,0,0,452715,5,d61968e8-e4aa-43a2-8ca8-85b623ffd1e5_dp1,0
1780281012.340888,1780281012.3412502,0.36215782165527344,chatcmpl-3c26a779-260d-400d-8681-75cb2c77320c-b3621cbe,decode,0,0,452715,2,d61968e8-e4aa-43a2-8ca8-85b623ffd1e5_dp1,0
1780281012.377444,1780281012.3880932,10.64920425415039,chatcmpl-d532a9c1-6bf4-4254-8ea8-94074398099f-b98b666c,decode,0,0,452715,2,d61968e8-e4aa-43a2-8ca8-85b623ffd1e5_dp0,0
1780281012.414704,1780281012.425394,10.689973831176758,chatcmpl-54d455b1-749d-420c-afd8-e6466ede717b-ac23218e,decode,0,0,452715,2,d61968e8-e4aa-43a2-8ca8-85b623ffd1e5_dp0,0
1780281012.4582644,1780281012.4693244,11.059999465942383,chatcmpl-cbc9ea3f-21a5-43c3-a15d-dfcb327dd9c7-832a00fe,decode,0,0,452715,7,d61968e8-e4aa-43a2-8ca8-85b623ffd1e5_dp0,0
1780281012.468953,1780281012.4744914,5.538463592529297,chatcmpl-c52d3514-6a22-4fb4-adc6-3239a4714318-9e74bc60,decode,0,0,452715,13,d61968e8-e4aa-43a2-8ca8-85b623ffd1e5_dp1,0
1780281012.613263,1780281012.613624,0.3612041473388672,chatcmpl-63d57b94-a586-4f41-ace8-a19ec40f0259-a6d922b9,decode,0,0,452715,1,d61968e8-e4aa-43a2-8ca8-85b623ffd1e5_dp1,0
1780281012.6509306,1780281012.6612854,10.354757308959961,chatcmpl-074bebd5-a8f7-4905-9346-89f328e73fca-9cc3a7de,decode,0,0,452715,2,d61968e8-e4aa-43a2-8ca8-85b623ffd1e5_dp1,0
1780281012.7948782,1780281012.798466,3.5877227783203125,chatcmpl-37dc47ea-7d52-40d2-9f4c-17674c89f989-be9c1718,decode,0,0,452715,21,d61968e8-e4aa-43a2-8ca8-85b623ffd1e5_dp1,0
1780281012.8757238,1780281012.8862975,10.573625564575195,chatcmpl-798d45b4-10b0-48e1-8ee5-b6c11b825a65-9c6e41e7,decode,0,0,452715,3,d61968e8-e4aa-43a2-8ca8-85b623ffd1e5_dp0,0
1780281012.9696429,1780281012.9771986,7.555723190307617,chatcmpl-9b003ee8-19ea-4076-86d2-d02e5d49412d-b4e2b308,decode,0,0,452715,18,d61968e8-e4aa-43a2-8ca8-85b623ffd1e5_dp0,0
1780281012.976865,1780281012.98752,10.654926300048828,chatcmpl-381692eb-0967-44cd-b50b-a4f2d10692a2-bc6c9307,decode,0,0,452715,2,d61968e8-e4aa-43a2-8ca8-85b623ffd1e5_dp1,0
1780281013.2376635,1780281013.252782,15.118598937988281,chatcmpl-d158720a-20de-4e12-a48b-041db139f89b-b35aac80,decode,0,0,452715,54,d61968e8-e4aa-43a2-8ca8-85b623ffd1e5_dp0,0
1780281013.2932737,1780281013.303332,10.058403015136719,chatcmpl-0aac8e46-f0ad-49bb-98ff-7821dbe713db-a59ce999,decode,0,0,452715,3,d61968e8-e4aa-43a2-8ca8-85b623ffd1e5_dp0,0
1780281013.2960722,1780281013.303423,7.350683212280273,chatcmpl-4fd21fa0-cf27-4e1a-be95-66f8bd3603c8-be573bab,decode,0,0,452715,2,d61968e8-e4aa-43a2-8ca8-85b623ffd1e5_dp1,0
1780281013.4433439,1780281013.4491074,5.763530731201172,chatcmpl-df475abc-18a3-4dd2-8dd6-64d9f05d8837-ab994dfe,decode,0,0,452715,5,d61968e8-e4aa-43a2-8ca8-85b623ffd1e5_dp1,0
1780281013.5564213,1780281013.5735016,17.080307006835938,chatcmpl-b16108b1-80b3-427a-909c-1e0978979468-92bfb588,decode,0,0,452715,25,d61968e8-e4aa-43a2-8ca8-85b623ffd1e5_dp1,0
1780281013.6221805,1780281013.637552,15.371561050415039,chatcmpl-41dd6ec5-2c2d-4bb7-9126-de1b9871e2ae-bf607b5c,decode,0,0,452715,50,d61968e8-e4aa-43a2-8ca8-85b623ffd1e5_dp0,0
1780281013.6878428,1780281013.6944788,6.635904312133789,chatcmpl-89a0a54e-c7a8-4269-8dc5-9e83aa5f8e8d-bd5da722,decode,0,0,452715,1,d61968e8-e4aa-43a2-8ca8-85b623ffd1e5_dp1,0
1780281013.694005,1780281013.705548,11.543035507202148,chatcmpl-2a78fb28-f25d-4dd5-a1a9-f5c823bd8aa2-8b4c7d78,decode,0,0,452715,21,d61968e8-e4aa-43a2-8ca8-85b623ffd1e5_dp1,0
1780281013.7709732,1780281013.7881365,17.16327667236328,chatcmpl-9c07bb07-bd8d-4e43-bf1a-8f5b40e2ef5b-97d77352,decode,0,0,452715,21,d61968e8-e4aa-43a2-8ca8-85b623ffd1e5_dp0,0
1780281013.7877357,1780281013.7969482,9.212493896484375,chatcmpl-7a37fcad-e71d-4f36-ab44-8b907c0f15c6-9f09cf5b,decode,0,0,452715,31,d61968e8-e4aa-43a2-8ca8-85b623ffd1e5_dp0,0
1780281013.7966144,1780281013.804942,8.327484130859375,chatcmpl-7d198ba0-4e6c-42c2-8ef6-563c46c138eb-8eb6d273,decode,0,0,452715,2,d61968e8-e4aa-43a2-8ca8-85b623ffd1e5_dp0,0
1780281014.0228922,1780281014.031429,8.536815643310547,chatcmpl-f8d2c76a-dedf-4894-91f7-f5a11daffabf-aa65b79b,decode,0,0,452715,16,d61968e8-e4aa-43a2-8ca8-85b623ffd1e5_dp0,0
1780281014.0310705,1780281014.0414343,10.36381721496582,chatcmpl-cfceb132-7469-4b03-b0b7-557aa76d9445-bc509348,decode,0,0,452715,2,d61968e8-e4aa-43a2-8ca8-85b623ffd1e5_dp0,0
1780281014.1488402,1780281014.1535313,4.691123962402344,chatcmpl-b7b48aa0-595a-457a-90ce-26e136a905d3-965d40af,decode,0,0,452715,17,d61968e8-e4aa-43a2-8ca8-85b623ffd1e5_dp1,0
1780281014.2430713,1780281014.2536604,10.589122772216797,chatcmpl-cc4f2a8f-d472-4192-9237-aaa68bad9b01-9f773320,decode,0,0,452715,2,d61968e8-e4aa-43a2-8ca8-85b623ffd1e5_dp0,0
1780281014.3908417,1780281014.3912113,0.3695487976074219,chatcmpl-cec019f1-16e5-47f6-b779-5f5f37364c1b-99fa82ee,decode,0,0,452715,1,d61968e8-e4aa-43a2-8ca8-85b623ffd1e5_dp1,0
1780281014.5289683,1780281014.5396106,10.642290115356445,chatcmpl-2bc26328-d6da-45df-bd70-05e716f5ef2f-9f057f94,decode,0,0,452715,2,d61968e8-e4aa-43a2-8ca8-85b623ffd1e5_dp0,0
1780281014.5680046,1780281014.577255,9.250402450561523,chatcmpl-872aa39f-d0e6-473a-bd39-6b691a705e2d-a750718e,decode,0,0,452715,3,d61968e8-e4aa-43a2-8ca8-85b623ffd1e5_dp1,0
1780281014.604145,1780281014.6147406,10.595560073852539,chatcmpl-6d44f0b6-5651-4c4e-871c-fe60b31e5650-922d315f,decode,0,0,452715,2,d61968e8-e4aa-43a2-8ca8-85b623ffd1e5_dp0,0
1780281014.6521707,1780281014.6675143,15.343666076660156,chatcmpl-6f12130a-bbbf-4f93-9455-8ed06a6c29f0-80d0785e,decode,0,0,452715,8,d61968e8-e4aa-43a2-8ca8-85b623ffd1e5_dp0,0
1780281014.7693563,1780281014.7801914,10.83517074584961,chatcmpl-83f748f6-621b-4e5e-80fc-c83733106ce0-a8a16ed3,decode,0,0,452715,2,d61968e8-e4aa-43a2-8ca8-85b623ffd1e5_dp1,0
1780281014.9427137,1780281014.9430325,0.31876564025878906,chatcmpl-bc4cdea4-9de5-4e4c-a018-3afeef980d9a-88a2722c,decode,0,0,452715,1,d61968e8-e4aa-43a2-8ca8-85b623ffd1e5_dp0,0
1780281014.969174,1780281014.9892929,20.11895179748535,chatcmpl-1392275b-1d52-4238-a082-08ba628446a3-a6245fc5,decode,0,0,452715,2,d61968e8-e4aa-43a2-8ca8-85b623ffd1e5_dp0,0
1780281014.9889076,1780281014.9938045,4.896879196166992,chatcmpl-f652294e-6d4f-4722-b5db-36ab9a8e756b-9829676e,decode,0,0,452715,13,d61968e8-e4aa-43a2-8ca8-85b623ffd1e5_dp1,0
1780281015.0792065,1780281015.0996244,20.41792869567871,chatcmpl-b1fbb406-3a27-4c15-a3fc-1de9bd204110-868b55f6,decode,0,0,452715,48,d61968e8-e4aa-43a2-8ca8-85b623ffd1e5_dp0,0
1780281015.0991032,1780281015.1069198,7.816553115844727,chatcmpl-69d0078d-4cec-42ad-a9af-4bb7252dba54-bf2d7623,decode,0,0,452715,12,d61968e8-e4aa-43a2-8ca8-85b623ffd1e5_dp0,0
1780281015.1353252,1780281015.144011,8.685827255249023,chatcmpl-d3b3d1eb-c372-4b0f-9649-e8499112e6da-97e8bf05,decode,0,0,452715,17,d61968e8-e4aa-43a2-8ca8-85b623ffd1e5_dp1,0
1780281015.1584492,1780281015.1687436,10.294437408447266,chatcmpl-74fcce90-edc3-4627-bd57-59402d596fa5-bcf8eee9,decode,0,0,452715,2,d61968e8-e4aa-43a2-8ca8-85b623ffd1e5_dp0,0
1780281015.196438,1780281015.206265,9.826898574829102,chatcmpl-c48aff8d-2792-4b22-8984-56fcfe8cd28e-8416bdc8,decode,0,0,452715,3,d61968e8-e4aa-43a2-8ca8-85b623ffd1e5_dp0,0
1780281015.54777,1780281015.5633125,15.54250717163086,chatcmpl-e6c70665-a2e6-413c-8792-ebbae0df23db-9ba20b88,decode,0,0,452715,9,d61968e8-e4aa-43a2-8ca8-85b623ffd1e5_dp0,0
1780281015.602927,1780281015.613092,10.164976119995117,chatcmpl-11e18c5a-ea42-4829-bbfc-0cc501863113-8fcc5183,decode,0,0,452715,3,d61968e8-e4aa-43a2-8ca8-85b623ffd1e5_dp1,0
1780281015.7178686,1780281015.7244554,6.586790084838867,chatcmpl-04248376-60b4-425e-9381-4fb5f8258562-8a2d885f,decode,0,0,452715,15,d61968e8-e4aa-43a2-8ca8-85b623ffd1e5_dp1,0
1780281015.8648393,1780281015.8740458,9.206533432006836,chatcmpl-62eb303c-ed69-4b9e-b2ea-7222a1faf6a2-b41e8c9f,decode,0,0,452715,12,d61968e8-e4aa-43a2-8ca8-85b623ffd1e5_dp0,0
1780281015.9136047,1780281015.92473,11.125326156616211,chatcmpl-dc5b853b-cc1d-4564-8ec2-4cb521f58235-98ac44fa,decode,0,0,452715,2,d61968e8-e4aa-43a2-8ca8-85b623ffd1e5_dp0,0
1780281016.1879933,1780281016.1985989,10.605573654174805,chatcmpl-d68ae0d6-2364-4d94-bc1b-b7f09cd8f03c-ac4f75a1,decode,0,0,452715,2,d61968e8-e4aa-43a2-8ca8-85b623ffd1e5_dp1,0
1780281016.278524,1780281016.2859435,7.419586181640625,chatcmpl-7f67ca52-fdcd-47e5-bf28-e8be1eca099a-b7fe2a1d,decode,0,0,452715,14,d61968e8-e4aa-43a2-8ca8-85b623ffd1e5_dp1,0
1780281016.4313579,1780281016.4395819,8.224010467529297,chatcmpl-940485cc-a6d8-45ee-a28b-2792fced4d95-90542f92,decode,0,0,452715,22,d61968e8-e4aa-43a2-8ca8-85b623ffd1e5_dp1,0
1780281016.4392247,1780281016.447823,8.59832763671875,chatcmpl-36203ddb-67fc-479d-86f4-4a3b41a8838b-bd192a29,decode,0,0,452715,3,d61968e8-e4aa-43a2-8ca8-85b623ffd1e5_dp0,0
1780281016.532746,1780281016.5478177,15.071630477905273,chatcmpl-5acee845-c78f-45cd-b08d-98f2e16fd33e-a6213f79,decode,0,0,452715,39,d61968e8-e4aa-43a2-8ca8-85b623ffd1e5_dp1,0
1780281016.5676496,1780281016.5732467,5.597114562988281,chatcmpl-5eaa4cd1-8671-4a31-9b66-37da08c20c5a-a5131d3f,decode,0,0,452715,25,d61968e8-e4aa-43a2-8ca8-85b623ffd1e5_dp1,0
1780281016.5892594,1780281016.5983086,9.049177169799805,chatcmpl-bd71122d-6c1e-4156-b72b-ef5f10220aec-87126d96,decode,0,0,452715,4,d61968e8-e4aa-43a2-8ca8-85b623ffd1e5_dp1,0
1780281016.752704,1780281016.760166,7.462024688720703,chatcmpl-a9946132-ceb2-47c9-b208-7cc3198fd191-85546498,decode,0,0,452715,12,d61968e8-e4aa-43a2-8ca8-85b623ffd1e5_dp0,0
1780281016.7779324,1780281016.785002,7.069587707519531,chatcmpl-4c538282-7fec-4f04-bebf-14a759830a8f-974aa5e1,decode,0,0,452715,5,d61968e8-e4aa-43a2-8ca8-85b623ffd1e5_dp1,0
1780281017.019778,1780281017.031307,11.528968811035156,chatcmpl-2541c07e-57a1-4452-b242-077f2094cd38-82e3287e,decode,0,0,452715,4,d61968e8-e4aa-43a2-8ca8-85b623ffd1e5_dp0,0
1780281017.0309913,1780281017.040392,9.400606155395508,chatcmpl-83b220cb-2309-4103-b838-ba1f86d7deec-a4c2f46f,decode,0,0,452715,2,d61968e8-e4aa-43a2-8ca8-85b623ffd1e5_dp1,0
1780281017.055508,1780281017.0654073,9.899377822875977,chatcmpl-0384e5fb-57e2-42cc-8f83-a63eb40c6da0-b0e22b9b,decode,0,0,452715,2,d61968e8-e4aa-43a2-8ca8-85b623ffd1e5_dp1,0
1780281017.1195657,1780281017.1319282,12.362480163574219,chatcmpl-e04816ef-85b1-4fbe-a78d-2882f9954562-94b5b51b,decode,0,0,452715,4,d61968e8-e4aa-43a2-8ca8-85b623ffd1e5_dp0,0
1780281017.1316001,1780281017.140192,8.591890335083008,chatcmpl-21786d43-8921-4503-b611-66e9cd2760c8-bfc9f2e9,decode,0,0,452715,4,d61968e8-e4aa-43a2-8ca8-85b623ffd1e5_dp1,0
1780281017.1946313,1780281017.2033873,8.755922317504883,chatcmpl-0e06c5fb-b5f6-4338-8db0-9059f93d50b8-ae60cd5f,decode,0,0,452715,4,d61968e8-e4aa-43a2-8ca8-85b623ffd1e5_dp0,0
1780281017.4558635,1780281017.4712489,15.38538932800293,chatcmpl-3ed4626b-492e-4f53-8a17-a76cb6b2a351-ab182aeb,decode,0,0,452715,43,d61968e8-e4aa-43a2-8ca8-85b623ffd1e5_dp0,0
1780281017.5527465,1780281017.5580983,5.351781845092773,chatcmpl-b21dc86e-9fe1-4685-81a8-18014a844e9e-a50fb134,decode,0,0,452715,18,d61968e8-e4aa-43a2-8ca8-85b623ffd1e5_dp0,0
1780281017.5995355,1780281017.6084547,8.919239044189453,chatcmpl-aa788717-5eb9-46f3-9ca2-628cfede2c51-a3cba92c,decode,0,0,452715,4,d61968e8-e4aa-43a2-8ca8-85b623ffd1e5_dp0,0
1780281017.8104968,1780281017.8259277,15.430927276611328,chatcmpl-19ac0de4-de13-42f6-97c3-a50665773946-b0f37356,decode,0,0,452715,49,d61968e8-e4aa-43a2-8ca8-85b623ffd1e5_dp1,0
1780281018.1307185,1780281018.1461158,15.397310256958008,chatcmpl-9bea5679-a608-47be-a7e1-cd688795811e-9ad83041,decode,0,0,452715,10,d61968e8-e4aa-43a2-8ca8-85b623ffd1e5_dp1,0
1780281018.454429,1780281018.461449,7.019996643066406,chatcmpl-3c4637c5-ab8a-4ef7-a5bb-07b4f5081034-a88d90ef,decode,0,0,452715,26,d61968e8-e4aa-43a2-8ca8-85b623ffd1e5_dp1,0
1780281018.5618496,1780281018.5621507,0.30112266540527344,chatcmpl-8692d10f-99b3-4bb6-8009-db7baf23faa6-9ca3ef65,decode,0,0,452715,1,d61968e8-e4aa-43a2-8ca8-85b623ffd1e5_dp1,0
1780281018.6130605,1780281018.6237094,10.648965835571289,chatcmpl-a082e8d0-b58d-40d2-8ba5-478d9ab0d5bb-933a1730,decode,0,0,452715,2,d61968e8-e4aa-43a2-8ca8-85b623ffd1e5_dp1,0
1780281018.9418712,1780281018.957382,15.510797500610352,chatcmpl-0e4c60fa-ae4b-4e21-bfaf-a164a57915c0-8517733e,decode,0,0,452715,40,d61968e8-e4aa-43a2-8ca8-85b623ffd1e5_dp1,0
1780281019.0168068,1780281019.0332336,16.426801681518555,chatcmpl-2ce4ee88-44d4-4937-b3c2-e1388373a823-a1a90975,decode,0,0,452715,45,d61968e8-e4aa-43a2-8ca8-85b623ffd1e5_dp0,0
1780281019.0182009,1780281019.0332878,15.086889266967773,chatcmpl-12d14cfe-a965-4162-ba0a-821e98e0f671-a5391e16,decode,0,0,452715,2,d61968e8-e4aa-43a2-8ca8-85b623ffd1e5_dp0,0
1780281019.0784695,1780281019.0987341,20.264625549316406,chatcmpl-01012aab-adf4-4105-a34a-ca3da4627f12-b22dd14d,decode,0,0,452715,27,d61968e8-e4aa-43a2-8ca8-85b623ffd1e5_dp1,0
1780281019.0983906,1780281019.1126928,14.302253723144531,chatcmpl-c8a9232d-c446-43a9-b81a-09cddf59e135-ad87c486,decode,0,0,452715,3,d61968e8-e4aa-43a2-8ca8-85b623ffd1e5_dp0,0
1780281019.1123729,1780281019.1223304,9.957551956176758,chatcmpl-7aaa00db-6edd-4086-858c-b89aac6faa28-92e2cba7,decode,0,0,452715,3,d61968e8-e4aa-43a2-8ca8-85b623ffd1e5_dp1,0
1780281019.121984,1780281019.1322744,10.290384292602539,chatcmpl-946e44a3-5fae-4414-96f3-5415175c7ec5-bd1a3079,decode,0,0,452715,2,d61968e8-e4aa-43a2-8ca8-85b623ffd1e5_dp0,0
1780281019.2641742,1780281019.2688015,4.627227783203125,chatcmpl-8b113957-1c86-46de-8cae-6e1ae3fa955d-9f3b7a69,decode,0,0,452715,20,d61968e8-e4aa-43a2-8ca8-85b623ffd1e5_dp0,0
1780281019.3466687,1780281019.3556397,8.970975875854492,chatcmpl-967ce6e1-f241-4a81-8c39-285db6984fcf-adfee02f,decode,0,0,452715,4,d61968e8-e4aa-43a2-8ca8-85b623ffd1e5_dp0,0
1780281019.5619888,1780281019.5678103,5.821466445922852,chatcmpl-6b396ed5-4e20-4a24-b733-899389974022-ad35c3a4,decode,0,0,452715,20,d61968e8-e4aa-43a2-8ca8-85b623ffd1e5_dp1,0
1780281019.6114488,1780281019.6174903,6.041526794433594,chatcmpl-7e78fa8e-6d0e-4569-99a7-6608cd7a62f6-814c7593,decode,0,0,452715,17,d61968e8-e4aa-43a2-8ca8-85b623ffd1e5_dp0,0
1780281019.6336725,1780281019.6426067,8.934259414672852,chatcmpl-1e5bb6c2-8db2-4f5a-a286-1ad27da5b16c-9efedd20,decode,0,0,452715,4,d61968e8-e4aa-43a2-8ca8-85b623ffd1e5_dp0,0
1780281019.70686,1780281019.71739,10.52999496459961,chatcmpl-2d4617d9-fa1a-4ae7-a6de-b158174f996d-be64505c,decode,0,0,452715,2,d61968e8-e4aa-43a2-8ca8-85b623ffd1e5_dp0,0
1780281020.0466862,1780281020.052863,6.17671012878418,chatcmpl-731fc895-85d3-442c-9aba-070287106152-9de09eab,decode,0,0,452715,15,d61968e8-e4aa-43a2-8ca8-85b623ffd1e5_dp0,0
1780281020.0924892,1780281020.1019056,9.416341781616211,chatcmpl-be4a6777-20f0-4f75-9885-f824d8116fd8-98df36fd,decode,0,0,452715,3,d61968e8-e4aa-43a2-8ca8-85b623ffd1e5_dp1,0
1780281020.2380276,1780281020.2488797,10.85209846496582,chatcmpl-b64bd534-e241-4d33-a3c8-b758b10df86a-a7655aaf,decode,0,0,452715,2,d61968e8-e4aa-43a2-8ca8-85b623ffd1e5_dp0,0
1780281020.3362687,1780281020.3471873,10.918617248535156,chatcmpl-fa568cb8-36a3-43dd-bbb4-be43e358c76f-a7fea4a4,decode,0,0,452715,2,d61968e8-e4aa-43a2-8ca8-85b623ffd1e5_dp1,0
1780281020.379935,1780281020.3834622,3.5271644592285156,chatcmpl-6f45a991-d834-4516-afe0-5d11e3845fbc-96f1690b,decode,0,0,452715,20,d61968e8-e4aa-43a2-8ca8-85b623ffd1e5_dp1,0
1780281020.5039647,1780281020.5191147,15.150070190429688,chatcmpl-12d4ff20-5cdb-4106-adde-22257c856bcd-b1274585,decode,0,0,452715,43,d61968e8-e4aa-43a2-8ca8-85b623ffd1e5_dp0,0
1780281020.8761601,1780281020.8865151,10.354995727539062,chatcmpl-5ba082ec-aa3a-4f12-95f9-875bea16e03b-a2d17032,decode,0,0,452715,2,d61968e8-e4aa-43a2-8ca8-85b623ffd1e5_dp0,0
1780281020.9252703,1780281020.9255733,0.30303001403808594,chatcmpl-8d7a2dfd-c70b-4c29-86b1-22fe7a10d970-803d0036,decode,0,0,452715,2,d61968e8-e4aa-43a2-8ca8-85b623ffd1e5_dp1,0
1780281021.010257,1780281021.0206313,10.374307632446289,chatcmpl-054d03f2-ecb4-4cb2-a015-70db634c848e-854d397b,decode,0,0,452715,2,d61968e8-e4aa-43a2-8ca8-85b623ffd1e5_dp0,0
1780281021.0788257,1780281021.0937874,14.961719512939453,chatcmpl-ce3bf5b4-cec0-437d-bed2-9ff3f2eb99f5-8ceefec1,decode,0,0,452715,25,d61968e8-e4aa-43a2-8ca8-85b623ffd1e5_dp1,0
1780281021.161036,1780281021.1670623,6.026268005371094,chatcmpl-d03612c4-e561-4b97-9c61-c178a1efb799-a9b6c51e,decode,0,0,452715,6,d61968e8-e4aa-43a2-8ca8-85b623ffd1e5_dp1,0
1780281021.2690222,1780281021.2793615,10.33926010131836,chatcmpl-ac169f29-6d2e-4862-b32a-30c072b07d46-9987f29a,decode,0,0,452715,2,d61968e8-e4aa-43a2-8ca8-85b623ffd1e5_dp0,0
1780281021.5082982,1780281021.524291,15.992879867553711,chatcmpl-dcfe679b-6524-43e4-ae66-ab3df8cf4eb0-9232b080,decode,0,0,452715,6,d61968e8-e4aa-43a2-8ca8-85b623ffd1e5_dp1,0
1780281021.6994383,1780281021.7095096,10.071277618408203,chatcmpl-6c66ecd5-8909-439e-92e0-869ca47a62dd-b6aeba30,decode,0,0,452715,3,d61968e8-e4aa-43a2-8ca8-85b623ffd1e5_dp0,0
1780281021.7091906,1780281021.7209306,11.739969253540039,chatcmpl-f695ef96-b824-4e79-88d1-0c84b31530b1-a9a53431,decode,0,0,452715,1,d61968e8-e4aa-43a2-8ca8-85b623ffd1e5_dp1,0
1780281021.7655802,1780281021.7699285,4.348278045654297,chatcmpl-27a24492-cd9d-498a-b3ad-b252af66de61-86dca581,decode,0,0,452715,21,d61968e8-e4aa-43a2-8ca8-85b623ffd1e5_dp1,0
1780281021.7840989,1780281021.7948608,10.76197624206543,chatcmpl-da1d4747-b177-47d0-b9b0-cae0fe8ed882-832cd659,decode,0,0,452715,2,d61968e8-e4aa-43a2-8ca8-85b623ffd1e5_dp1,0
1780281021.831378,1780281021.8471653,15.787363052368164,chatcmpl-3fde5ce6-6ea9-4cc0-9c85-ed4314f232f7-a2717b10,decode,0,0,452715,9,d61968e8-e4aa-43a2-8ca8-85b623ffd1e5_dp1,0
1780281022.1310718,1780281022.1503894,19.317626953125,chatcmpl-058a84c9-a7d2-4444-9c2d-e581677e53a6-b4a67523,decode,0,0,452715,31,d61968e8-e4aa-43a2-8ca8-85b623ffd1e5_dp1,0
1780281022.2367072,1780281022.2489803,12.273073196411133,chatcmpl-775fd6bb-86b4-437b-8678-010666dbb559-a878b015,decode,0,0,452715,3,d61968e8-e4aa-43a2-8ca8-85b623ffd1e5_dp0,0
1780281022.248636,1780281022.2585218,9.885787963867188,chatcmpl-dc88e343-f558-4aa0-8b9a-627b1abfc212-b52e49d1,decode,0,0,452715,3,d61968e8-e4aa-43a2-8ca8-85b623ffd1e5_dp1,0
1780281022.2897038,1780281022.2950044,5.3005218505859375,chatcmpl-11ff25ec-7641-470e-ac4e-9ac9e8b12fdc-83147baa,decode,0,0,452715,6,d61968e8-e4aa-43a2-8ca8-85b623ffd1e5_dp0,0
1780281022.3771584,1780281022.3923097,15.151262283325195,chatcmpl-898efaa5-800d-4be4-8506-f1edf4e32a9f-9d5f50c5,decode,0,0,452715,29,d61968e8-e4aa-43a2-8ca8-85b623ffd1e5_dp1,0
1780281022.8460746,1780281022.8563976,10.323047637939453,chatcmpl-409c51c9-b91e-4b88-af9f-ed57dc4f4d80-a7553061,decode,0,0,452715,2,d61968e8-e4aa-43a2-8ca8-85b623ffd1e5_dp1,0
1780281022.990027,1780281023.005029,15.002012252807617,chatcmpl-939ad026-747c-4e51-b280-58e517278e16-bd8c8935,decode,0,0,452715,8,d61968e8-e4aa-43a2-8ca8-85b623ffd1e5_dp0,0
1780281023.1898103,1780281023.1958473,6.036996841430664,chatcmpl-bbca599a-60dc-4fe1-9a87-7f977e7d320b-a6ce063e,decode,0,0,452715,3,d61968e8-e4aa-43a2-8ca8-85b623ffd1e5_dp1,0
1780281023.195511,1780281023.1991074,3.5963058471679688,chatcmpl-6fba1790-7e2c-4359-978f-fd02699fd7c3-87169271,decode,0,0,452715,5,d61968e8-e4aa-43a2-8ca8-85b623ffd1e5_dp0,0
1780281023.2201269,1780281023.2354116,15.28477668762207,chatcmpl-c6b0b82f-d40b-402d-a91f-df43c1cd980f-9fadc3e4,decode,0,0,452715,29,d61968e8-e4aa-43a2-8ca8-85b623ffd1e5_dp1,0
1780281023.3273168,1780281023.3373215,10.004758834838867,chatcmpl-6fb2126c-475d-4974-b5cd-0737c705c5fc-b981ba91,decode,0,0,452715,33,d61968e8-e4aa-43a2-8ca8-85b623ffd1e5_dp1,0
1780281023.3369846,1780281023.342029,5.044460296630859,chatcmpl-ecfbc946-eeae-4c7c-ab5e-e31f657a035a-966ba2f3,decode,0,0,452715,2,d61968e8-e4aa-43a2-8ca8-85b623ffd1e5_dp1,0
1780281023.4511414,1780281023.4627638,11.622428894042969,chatcmpl-15225ab0-895d-41ea-8d68-0ddd0e7c6bc1-b98ff79c,decode,0,0,452715,1,d61968e8-e4aa-43a2-8ca8-85b623ffd1e5_dp1,0
1780281023.5496569,1780281023.5598323,10.175466537475586,chatcmpl-7547c75b-39c3-42e6-82a4-0ed2f2ff7555-a20aba8f,decode,0,0,452715,2,d61968e8-e4aa-43a2-8ca8-85b623ffd1e5_dp0,0
1780281023.7080643,1780281023.7178607,9.796380996704102,chatcmpl-4c689589-5a38-4ebf-a350-978a971ca063-8e862882,decode,0,0,452715,3,d61968e8-e4aa-43a2-8ca8-85b623ffd1e5_dp0,0
1780281023.8360577,1780281023.8431659,7.108211517333984,chatcmpl-47e61e43-c62b-4e4b-a833-603b197201c2-b09bf768,decode,0,0,452715,5,d61968e8-e4aa-43a2-8ca8-85b623ffd1e5_dp1,0
1780281023.9301844,1780281023.9407485,10.564088821411133,chatcmpl-634e4c4d-b3c2-468a-bf8c-d8e890fdd3f0-84708edc,decode,0,0,452715,2,d61968e8-e4aa-43a2-8ca8-85b623ffd1e5_dp0,0
1780280964.2895865,1780280964.2898364,0.2498626708984375,chatcmpl-21b057d9-8646-42cb-9dac-bbd98f9ac436-b86a11c7,decode,1,0,452712,2,d61968e8-e4aa-43a2-8ca8-85b623ffd1e5_dp0,0
1780280964.3573496,1780280964.3734818,16.132116317749023,chatcmpl-d36dd96f-4e43-4b8c-9d41-6a57fc65010d-ae23be8b,decode,1,0,452712,29,d61968e8-e4aa-43a2-8ca8-85b623ffd1e5_dp0,0
1780280964.460378,1780280964.460626,0.247955322265625,chatcmpl-a976c9bb-2d96-4164-9c2a-9d0d2e190b35-bd865120,decode,1,0,452712,2,d61968e8-e4aa-43a2-8ca8-85b623ffd1e5_dp0,0
1780280964.575166,1780280964.581768,6.602048873901367,chatcmpl-c3a8dd76-b6f2-43be-bed2-5461f39709ff-a85083e1,decode,1,0,452712,15,d61968e8-e4aa-43a2-8ca8-85b623ffd1e5_dp0,0
1780280964.756318,1780280964.7565768,0.2586841583251953,chatcmpl-4c118f4a-8b61-4036-b817-2086cdbbf064-bf87da70,decode,1,0,452712,5,d61968e8-e4aa-43a2-8ca8-85b623ffd1e5_dp1,0
1780280964.7654366,1780280964.765687,0.2503395080566406,chatcmpl-b1827a2c-8b8f-47f5-a9bd-a5da4979818e-99a30b22,decode,1,0,452712,1,d61968e8-e4aa-43a2-8ca8-85b623ffd1e5_dp0,0
1780280964.8815224,1780280964.886901,5.378484725952148,chatcmpl-5ab4b4ad-04d7-458d-b189-f92e7b310a90-b2f612ca,decode,1,0,452712,18,d61968e8-e4aa-43a2-8ca8-85b623ffd1e5_dp1,0
1780280965.049517,1780280965.0497642,0.2472400665283203,chatcmpl-35bb4b19-23da-45d0-9fbc-c8356fbf5728-80b743a2,decode,1,0,452712,2,d61968e8-e4aa-43a2-8ca8-85b623ffd1e5_dp0,0
1780280965.1936538,1780280965.2086096,14.955759048461914,chatcmpl-e0bc4fd4-0bdc-4b92-9e6e-7245d95a3dd4-b41ba86c,decode,1,0,452712,36,d61968e8-e4aa-43a2-8ca8-85b623ffd1e5_dp0,0
1780280965.296272,1780280965.2965302,0.2582073211669922,chatcmpl-3d09b7b9-2f40-4a3e-8644-85a28f405eda-96dc2822,decode,1,0,452712,2,d61968e8-e4aa-43a2-8ca8-85b623ffd1e5_dp1,0
1780280965.5679557,1780280965.58317,15.214204788208008,chatcmpl-f43a33cc-c393-4a80-8063-0541dc9480fa-8d264b42,decode,1,0,452712,54,d61968e8-e4aa-43a2-8ca8-85b623ffd1e5_dp0,0
1780280965.5979574,1780280965.5982087,0.2512931823730469,chatcmpl-e75bf2dd-db95-4523-9c1c-0165d92f6d7f-85a8b4ea,decode,1,0,452712,4,d61968e8-e4aa-43a2-8ca8-85b623ffd1e5_dp0,0
1780280965.6110559,1780280965.611309,0.2532005310058594,chatcmpl-146a193e-6352-4fb0-9845-c10e4c52ba9d-8b604dc9,decode,1,0,452712,5,d61968e8-e4aa-43a2-8ca8-85b623ffd1e5_dp1,0
1780280965.7024019,1780280965.718169,15.767097473144531,chatcmpl-7228d033-5e46-49fa-a6a8-5ebaffbf1dd3-892522cf,decode,1,0,452712,33,d61968e8-e4aa-43a2-8ca8-85b623ffd1e5_dp0,0
1780280965.8152232,1780280965.8304238,15.200614929199219,chatcmpl-095f3158-53e9-4223-ad6f-c909029ff5d5-aaaf8cd5,decode,1,0,452712,45,d61968e8-e4aa-43a2-8ca8-85b623ffd1e5_dp0,0
1780280965.8444045,1780280965.8446534,0.24890899658203125,chatcmpl-346972cf-d0d4-4d8b-9a83-145d893681de-ad397f01,decode,1,0,452712,3,d61968e8-e4aa-43a2-8ca8-85b623ffd1e5_dp0,0
1780280965.9066691,1780280965.915607,8.937835693359375,chatcmpl-01732eb5-9120-4703-8d21-7e63f9c7ef25-98f510ae,decode,1,0,452712,11,d61968e8-e4aa-43a2-8ca8-85b623ffd1e5_dp1,0
1780280966.0056236,1780280966.0058503,0.22673606872558594,chatcmpl-4159a4a4-1887-4f64-af14-5a01fe607663-96c9cc2a,decode,1,0,452712,6,d61968e8-e4aa-43a2-8ca8-85b623ffd1e5_dp1,0
1780280966.0199804,1780280966.0202355,0.2551078796386719,chatcmpl-6b70fee9-001d-4dc0-8884-f9e8d89d939d-81472b48,decode,1,0,452712,9,d61968e8-e4aa-43a2-8ca8-85b623ffd1e5_dp0,0
1780280966.0669253,1780280966.074889,7.963657379150391,chatcmpl-0565be60-572e-4087-b817-56d5a8ac8d67-9e706dd6,decode,1,0,452712,13,d61968e8-e4aa-43a2-8ca8-85b623ffd1e5_dp1,0
1780280966.161358,1780280966.161609,0.25081634521484375,chatcmpl-3d9849fa-5244-4454-a631-d8d84479b10c-940378a8,decode,1,0,452712,2,d61968e8-e4aa-43a2-8ca8-85b623ffd1e5_dp0,0
1780280966.3692791,1780280966.3841772,14.898061752319336,chatcmpl-b52872f4-877f-4cee-a968-b58ba1579393-8d6b0bb2,decode,1,0,452712,51,d61968e8-e4aa-43a2-8ca8-85b623ffd1e5_dp1,0
1780280966.4501941,1780280966.4504657,0.2715587615966797,chatcmpl-2ace9b0f-8eee-4d32-813b-7b3ca4b12fe4-b5878027,decode,1,0,452712,7,d61968e8-e4aa-43a2-8ca8-85b623ffd1e5_dp0,0
1780280966.5461063,1780280966.5463762,0.26988983154296875,chatcmpl-5dda9474-0f7c-4dea-b052-a966130e34e3-be564ab9,decode,1,0,452712,6,d61968e8-e4aa-43a2-8ca8-85b623ffd1e5_dp1,0
1780280966.8263488,1780280966.835119,8.770227432250977,chatcmpl-023522b4-5693-499c-9f33-ece2531944b2-8e8b6efd,decode,1,0,452712,18,d61968e8-e4aa-43a2-8ca8-85b623ffd1e5_dp0,0
1780280966.9650066,1780280966.9699814,4.974842071533203,chatcmpl-da521fce-8282-4944-bd72-0e04173bc553-8d24db97,decode,1,0,452712,19,d61968e8-e4aa-43a2-8ca8-85b623ffd1e5_dp1,0
1780280966.997536,1780280966.9977808,0.2448558807373047,chatcmpl-09537bf5-9cdd-46c2-9768-f0e4c9faa1da-82923d9d,decode,1,0,452712,5,d61968e8-e4aa-43a2-8ca8-85b623ffd1e5_dp1,0
1780280967.0817354,1780280967.0819829,0.24747848510742188,chatcmpl-6e75c084-8eaa-4dfe-a660-b25eba8c59a6-9090a244,decode,1,0,452712,3,d61968e8-e4aa-43a2-8ca8-85b623ffd1e5_dp0,0
1780280967.2849646,1780280967.3000703,15.105724334716797,chatcmpl-8f4d1de1-2bfa-440c-a33f-0938091c8b8d-a1bcc6ad,decode,1,0,452712,37,d61968e8-e4aa-43a2-8ca8-85b623ffd1e5_dp0,0
1780280967.3250985,1780280967.3268344,1.7359256744384766,chatcmpl-f37f07b3-4250-470b-bca4-d72db175b36b-807d8048,decode,1,0,452712,1,d61968e8-e4aa-43a2-8ca8-85b623ffd1e5_dp0,0
1780280967.3265836,1780280967.3268461,0.2624988555908203,chatcmpl-9078b953-3b10-48bc-87dc-1c9c4a5eafd5-becabaa4,decode,1,0,452712,2,d61968e8-e4aa-43a2-8ca8-85b623ffd1e5_dp1,0
1780280967.9405873,1780280967.9562602,15.672922134399414,chatcmpl-be08fe81-4edb-4798-af3b-4073005a3a77-aa6e573c,decode,1,0,452712,32,d61968e8-e4aa-43a2-8ca8-85b623ffd1e5_dp0,0
1780280968.4188333,1780280968.43378,14.946699142456055,chatcmpl-a863d1cb-7827-47e9-ae81-6734f41a79d2-995afc49,decode,1,0,452712,49,d61968e8-e4aa-43a2-8ca8-85b623ffd1e5_dp0,0
1780280968.471417,1780280968.471666,0.2491474151611328,chatcmpl-b3aabdb4-5267-4944-8588-7ba5bba7a1d2-80e0772a,decode,1,0,452712,2,d61968e8-e4aa-43a2-8ca8-85b623ffd1e5_dp0,0
1780280968.6001263,1780280968.615313,15.186786651611328,chatcmpl-db9a01f3-204b-46bf-b10b-4697e460a4d5-8c5787d3,decode,1,0,452712,36,d61968e8-e4aa-43a2-8ca8-85b623ffd1e5_dp0,0
1780280968.627993,1780280968.6282442,0.2510547637939453,chatcmpl-733724fd-3006-4068-bdca-b4c4c7757491-862cd03c,decode,1,0,452712,1,d61968e8-e4aa-43a2-8ca8-85b623ffd1e5_dp0,0
1780280968.799704,1780280968.8067605,7.056474685668945,chatcmpl-e00267a3-da4d-440b-85ae-818c08e3ac01-88e50543,decode,1,0,452712,12,d61968e8-e4aa-43a2-8ca8-85b623ffd1e5_dp0,0
1780280968.8267112,1780280968.8312402,4.528999328613281,chatcmpl-47d8fa7d-db6a-4df8-b2f8-0d5b78bcd48c-ba3334a8,decode,1,0,452712,20,d61968e8-e4aa-43a2-8ca8-85b623ffd1e5_dp0,0
1780280968.9526334,1780280968.952886,0.25272369384765625,chatcmpl-babad501-a043-42c3-9475-e9f9b396390a-aee588d3,decode,1,0,452712,1,d61968e8-e4aa-43a2-8ca8-85b623ffd1e5_dp0,0
1780280969.0471826,1780280969.063739,16.556501388549805,chatcmpl-5f0ae872-e447-4f4b-8ee0-17abbded9c99-814ff453,decode,1,0,452712,39,d61968e8-e4aa-43a2-8ca8-85b623ffd1e5_dp1,0
1780280969.0634706,1780280969.063752,0.28133392333984375,chatcmpl-3e008e5b-b821-455a-90eb-5d18ce0ec3ab-b92173a9,decode,1,0,452712,2,d61968e8-e4aa-43a2-8ca8-85b623ffd1e5_dp1,0
1780280969.136108,1780280969.1363657,0.25773048400878906,chatcmpl-a4b2d9a6-5d2a-4664-9edd-d15b43ab4508-836a4e86,decode,1,0,452712,2,d61968e8-e4aa-43a2-8ca8-85b623ffd1e5_dp0,0
1780280969.2696047,1780280969.2698553,0.2505779266357422,chatcmpl-e46a4d0f-699b-41a6-9382-79946db5c8f7-8bc90287,decode,1,0,452712,2,d61968e8-e4aa-43a2-8ca8-85b623ffd1e5_dp0,0
1780280969.3622644,1780280969.3771725,14.908075332641602,chatcmpl-653f2e06-2a49-413e-800a-6ab7cb9bb428-bb49b0ad,decode,1,0,452712,36,d61968e8-e4aa-43a2-8ca8-85b623ffd1e5_dp1,0
1780280969.4313307,1780280969.4315922,0.26154518127441406,chatcmpl-d78654c6-21c3-4309-8ce2-b81e1d5b867b-afcfaa42,decode,1,0,452712,9,d61968e8-e4aa-43a2-8ca8-85b623ffd1e5_dp1,0
1780280969.4542928,1780280969.4618661,7.573366165161133,chatcmpl-db20de82-ac72-4001-83bf-dd4bdd4036cb-9fc0328a,decode,1,0,452712,11,d61968e8-e4aa-43a2-8ca8-85b623ffd1e5_dp0,0
1780280969.5157094,1780280969.5221198,6.410360336303711,chatcmpl-6bad5f98-daed-4fc3-9917-d7b7c096f940-aff9d115,decode,1,0,452712,12,d61968e8-e4aa-43a2-8ca8-85b623ffd1e5_dp0,0
1780280969.577687,1780280969.5779564,0.2694129943847656,chatcmpl-27997201-bcfb-4fd2-95ec-2c070b1347ca-8f2e5bd6,decode,1,0,452712,10,d61968e8-e4aa-43a2-8ca8-85b623ffd1e5_dp0,0
1780280969.6100967,1780280969.6103616,0.26488304138183594,chatcmpl-06814fd2-43a2-4b1b-a798-b8a6f11bf30d-a287933f,decode,1,0,452712,5,d61968e8-e4aa-43a2-8ca8-85b623ffd1e5_dp0,0
1780280969.68167,1780280969.6819086,0.23865699768066406,chatcmpl-a15e112c-ac60-44fe-be6d-8f6b5d22be53-b63641c2,decode,1,0,452712,4,d61968e8-e4aa-43a2-8ca8-85b623ffd1e5_dp0,0
1780280969.7337563,1780280969.7386405,4.884243011474609,chatcmpl-7f924a64-d28a-4b24-a2e9-d731944cc459-aa935ca4,decode,1,0,452712,16,d61968e8-e4aa-43a2-8ca8-85b623ffd1e5_dp1,0
1780280970.0945718,1780280970.100895,6.323099136352539,chatcmpl-7b9db078-0e07-4b85-913c-e90cf74c61ed-bbf132d5,decode,1,0,452712,13,d61968e8-e4aa-43a2-8ca8-85b623ffd1e5_dp1,0
1780280970.1822467,1780280970.1968858,14.639139175415039,chatcmpl-b4839d5e-2c7a-498f-81d2-1bf7d90545ae-8e8fe93f,decode,1,0,452712,32,d61968e8-e4aa-43a2-8ca8-85b623ffd1e5_dp1,0
1780280970.2241192,1780280970.2327418,8.62264633178711,chatcmpl-c705233a-365f-4bdd-bb5e-eaf6c200a53c-bc81c9a8,decode,1,0,452712,12,d61968e8-e4aa-43a2-8ca8-85b623ffd1e5_dp0,0
1780280970.5581775,1780280970.5584424,0.26488304138183594,chatcmpl-4971e03a-af09-473d-9ca0-8369ada5be96-ac72d04c,decode,1,0,452712,3,d61968e8-e4aa-43a2-8ca8-85b623ffd1e5_dp0,0
1780280970.6081042,1780280970.6168344,8.730173110961914,chatcmpl-33ba292b-0e75-41e3-a016-a69bfd7833c5-84485db0,decode,1,0,452712,11,d61968e8-e4aa-43a2-8ca8-85b623ffd1e5_dp0,0
1780280970.6987078,1780280970.713252,14.544248580932617,chatcmpl-9e486e2b-cd43-4542-95ff-57a2c7ad3aeb-99548525,decode,1,0,452712,41,d61968e8-e4aa-43a2-8ca8-85b623ffd1e5_dp1,0
1780280970.789362,1780280970.797322,7.960081100463867,chatcmpl-3cf3dcbb-a612-4bc7-8c87-5b1225d777cf-bdd4cd51,decode,1,0,452712,13,d61968e8-e4aa-43a2-8ca8-85b623ffd1e5_dp1,0
1780280970.8888497,1780280970.8906167,1.7669200897216797,chatcmpl-420354f5-3e9b-4563-b5cf-d551aa09e479-becbe297,decode,1,0,452712,2,d61968e8-e4aa-43a2-8ca8-85b623ffd1e5_dp1,0
1780280970.8903697,1780280970.8906286,0.2589225769042969,chatcmpl-ec7f2a16-9504-4101-aa2b-03c26e39eade-b7dbdf2d,decode,1,0,452712,2,d61968e8-e4aa-43a2-8ca8-85b623ffd1e5_dp0,0
1780280970.937317,1780280970.9375727,0.25582313537597656,chatcmpl-1735c647-9f77-4c0f-a384-a49dfc9f15e6-a6007899,decode,1,0,452712,2,d61968e8-e4aa-43a2-8ca8-85b623ffd1e5_dp1,0
1780280971.0540102,1780280971.054263,0.2529621124267578,chatcmpl-97c61bc9-be3e-4c9d-acb4-2b763064dc3a-8001a8e3,decode,1,0,452712,2,d61968e8-e4aa-43a2-8ca8-85b623ffd1e5_dp1,0
1780280971.0649288,1780280971.0651734,0.24461746215820312,chatcmpl-3d0c78e9-74fd-463b-a55a-7eb5d1d47ff1-999e1ae0,decode,1,0,452712,2,d61968e8-e4aa-43a2-8ca8-85b623ffd1e5_dp0,0
1780280971.2710748,1780280971.271323,0.24819374084472656,chatcmpl-12f524e1-561d-4ba8-ab2e-3266bd9e1223-ad57110e,decode,1,0,452712,2,d61968e8-e4aa-43a2-8ca8-85b623ffd1e5_dp0,0
1780280971.2955873,1780280971.295846,0.2586841583251953,chatcmpl-f5659b94-177a-4106-8072-5e0585756068-ae6577bb,decode,1,0,452712,3,d61968e8-e4aa-43a2-8ca8-85b623ffd1e5_dp1,0
1780280971.5388005,1780280971.5390387,0.23818016052246094,chatcmpl-a7e364dc-9caf-4b48-8b9a-5ced9a2b313e-8a4d45ef,decode,1,0,452712,2,d61968e8-e4aa-43a2-8ca8-85b623ffd1e5_dp1,0
1780280971.6297264,1780280971.6332545,3.528118133544922,chatcmpl-7611d797-3547-433e-9f4e-16a38c7a6e65-b83dbd3b,decode,1,0,452712,21,d61968e8-e4aa-43a2-8ca8-85b623ffd1e5_dp1,0
1780280971.7824495,1780280971.7827048,0.25534629821777344,chatcmpl-ce9d2287-5f9b-4856-a123-1fbdbd8ef8f9-ad07e4db,decode,1,0,452712,5,d61968e8-e4aa-43a2-8ca8-85b623ffd1e5_dp0,0
1780280971.7923167,1780280971.7925706,0.25391578674316406,chatcmpl-fab575cd-80e4-4c88-aee7-dc7a263e35f0-9f868ff0,decode,1,0,452712,2,d61968e8-e4aa-43a2-8ca8-85b623ffd1e5_dp0,0
1780280971.8217602,1780280971.839408,17.647743225097656,chatcmpl-1650fdcf-2615-43c2-9c3d-f343318f7bc6-99424860,decode,1,0,452712,24,d61968e8-e4aa-43a2-8ca8-85b623ffd1e5_dp1,0
1780280971.8530974,1780280971.8533518,0.2543926239013672,chatcmpl-3a2e0755-008c-42a0-a62d-e3fc15e754f2-97d6f5c9,decode,1,0,452712,2,d61968e8-e4aa-43a2-8ca8-85b623ffd1e5_dp1,0
1780280971.8760803,1780280971.8763325,0.2522468566894531,chatcmpl-2e087d90-b6ce-4d2c-867b-07ee93365631-acc0af40,decode,1,0,452712,1,d61968e8-e4aa-43a2-8ca8-85b623ffd1e5_dp1,0
1780280972.19105,1780280972.1912982,0.24819374084472656,chatcmpl-292f974b-5c59-421c-912d-81fbb8c90f63-985e4f5a,decode,1,0,452712,2,d61968e8-e4aa-43a2-8ca8-85b623ffd1e5_dp1,0
1780280972.326455,1780280972.3267148,0.25963783264160156,chatcmpl-403f5e67-a538-472e-8f97-ee8ae41b70c3-8278accd,decode,1,0,452712,6,d61968e8-e4aa-43a2-8ca8-85b623ffd1e5_dp0,0
1780280972.447853,1780280972.4555416,7.6885223388671875,chatcmpl-44e7d961-36c9-468d-b247-2c6431e48400-82d792ad,decode,1,0,452712,15,d61968e8-e4aa-43a2-8ca8-85b623ffd1e5_dp0,0
1780280972.5757084,1780280972.5922487,16.5402889251709,chatcmpl-c9e9fed6-82fc-472d-a7e5-3069b0199a0b-ad3049ca,decode,1,0,452712,42,d61968e8-e4aa-43a2-8ca8-85b623ffd1e5_dp1,0
1780280972.5919814,1780280972.592261,0.2796649932861328,chatcmpl-c128481e-6163-4f6e-91ff-b2c14f895c78-b20d018f,decode,1,0,452712,2,d61968e8-e4aa-43a2-8ca8-85b623ffd1e5_dp0,0
1780280972.640075,1780280972.640323,0.247955322265625,chatcmpl-d396a176-0ff2-41bf-9d0d-f3d756884096-83cf738d,decode,1,0,452712,2,d61968e8-e4aa-43a2-8ca8-85b623ffd1e5_dp0,0
1780280972.7496057,1780280972.7498512,0.24557113647460938,chatcmpl-35e6edee-c9f0-4e15-9358-4bef2b823655-ac79f927,decode,1,0,452712,2,d61968e8-e4aa-43a2-8ca8-85b623ffd1e5_dp1,0
1780280972.822418,1780280972.8226686,0.2505779266357422,chatcmpl-16eed8e5-a79b-4611-8ee2-2b31dbf5722d-bd23b474,decode,1,0,452712,2,d61968e8-e4aa-43a2-8ca8-85b623ffd1e5_dp0,0
1780280972.872608,1780280972.8728561,0.24819374084472656,chatcmpl-1c9862cd-a436-404e-a435-e5c8c87d7a36-8e62a7be,decode,1,0,452712,4,d61968e8-e4aa-43a2-8ca8-85b623ffd1e5_dp1,0
1780280972.9456732,1780280972.9459217,0.24843215942382812,chatcmpl-2f16ca4d-eff9-4ec7-9226-a03e5f0a45c7-be2cb818,decode,1,0,452712,4,d61968e8-e4aa-43a2-8ca8-85b623ffd1e5_dp1,0
1780280973.04018,1780280973.0554626,15.282630920410156,chatcmpl-ebcface1-42b5-43e3-813c-05b5b262206a-bce09798,decode,1,0,452712,50,d61968e8-e4aa-43a2-8ca8-85b623ffd1e5_dp0,0
1780280973.0551727,1780280973.055474,0.301361083984375,chatcmpl-f7d9844e-63e1-4d0c-82c0-051c75e22732-beac50ee,decode,1,0,452712,1,d61968e8-e4aa-43a2-8ca8-85b623ffd1e5_dp0,0
1780280973.201816,1780280973.2020607,0.24461746215820312,chatcmpl-9ec7b4c4-7820-4c42-9a36-b3bec02acb2a-b197a047,decode,1,0,452712,4,d61968e8-e4aa-43a2-8ca8-85b623ffd1e5_dp0,0
1780280973.4060519,1780280973.4062989,0.24700164794921875,chatcmpl-5bda67ff-6a96-45ae-8eff-db2be6ff33b0-b6e0c050,decode,1,0,452712,2,d61968e8-e4aa-43a2-8ca8-85b623ffd1e5_dp0,0
1780280973.492801,1780280973.4930494,0.24843215942382812,chatcmpl-ea9feb94-fbc7-47d8-b0e6-ac44434a6cd3-b7d317a9,decode,1,0,452712,5,d61968e8-e4aa-43a2-8ca8-85b623ffd1e5_dp0,0
1780280973.519601,1780280973.5198803,0.2791881561279297,chatcmpl-b175515a-50eb-4c8c-8aaf-ee8e49da5967-96339e14,decode,1,0,452712,8,d61968e8-e4aa-43a2-8ca8-85b623ffd1e5_dp1,0
1780280973.5398407,1780280973.5400872,0.24652481079101562,chatcmpl-d2875f38-aee1-4eab-88aa-69ae4a6f4992-bedd0297,decode,1,0,452712,2,d61968e8-e4aa-43a2-8ca8-85b623ffd1e5_dp1,0
1780280973.7029946,1780280973.7089787,5.984067916870117,chatcmpl-3600ba8f-c36f-4eb5-a63a-a36c10a12d8c-a978c597,decode,1,0,452712,15,d61968e8-e4aa-43a2-8ca8-85b623ffd1e5_dp0,0
1780280973.7349277,1780280973.735174,0.24628639221191406,chatcmpl-f10489f9-6659-4580-bf80-7f853db19f79-a79c3ab2,decode,1,0,452712,2,d61968e8-e4aa-43a2-8ca8-85b623ffd1e5_dp0,0
1780280973.7591512,1780280973.7594063,0.2551078796386719,chatcmpl-16793e52-5993-457d-a6e7-19a2f64a9d4f-bbe783ba,decode,1,0,452712,2,d61968e8-e4aa-43a2-8ca8-85b623ffd1e5_dp0,0
1780280973.7996843,1780280973.8191886,19.504308700561523,chatcmpl-530576a8-71f2-4c9d-851b-327f135e29a9-9508cff2,decode,1,0,452712,23,d61968e8-e4aa-43a2-8ca8-85b623ffd1e5_dp0,0
1780280973.969447,1780280973.969691,0.244140625,chatcmpl-0b4b64b5-b6de-4ee0-b73a-64e5d4de1cfe-a2927746,decode,1,0,452712,3,d61968e8-e4aa-43a2-8ca8-85b623ffd1e5_dp0,0
1780280974.068654,1780280974.0689,0.2460479736328125,chatcmpl-347e2d30-2ac9-41e0-9104-146e5b8c22d6-8b3a5dff,decode,1,0,452712,3,d61968e8-e4aa-43a2-8ca8-85b623ffd1e5_dp1,0
1780280974.1351013,1780280974.1409378,5.83648681640625,chatcmpl-c2d04575-977d-4f26-b11f-fb91849e1d07-a2d9df77,decode,1,0,452712,16,d61968e8-e4aa-43a2-8ca8-85b623ffd1e5_dp0,0
1780280974.3875716,1780280974.4028084,15.236854553222656,chatcmpl-152251fd-50b6-4d30-9a20-2aa7da39e4ed-a0458b73,decode,1,0,452712,32,d61968e8-e4aa-43a2-8ca8-85b623ffd1e5_dp0,0
1780280974.466559,1780280974.4668112,0.2522468566894531,chatcmpl-64b737fd-12c3-490b-be26-d68022041938-a42b0320,decode,1,0,452712,3,d61968e8-e4aa-43a2-8ca8-85b623ffd1e5_dp1,0
1780280974.5529912,1780280974.5532389,0.24771690368652344,chatcmpl-4fd6ff17-6182-42df-9f22-3b7e5b29e25e-9bb89bd3,decode,1,0,452712,4,d61968e8-e4aa-43a2-8ca8-85b623ffd1e5_dp1,0
1780280974.8447328,1780280974.860063,15.330314636230469,chatcmpl-2882dec3-1691-49ce-832c-265901802d05-bd79a15e,decode,1,0,452712,40,d61968e8-e4aa-43a2-8ca8-85b623ffd1e5_dp0,0
1780280974.8735173,1780280974.8737705,0.2532005310058594,chatcmpl-b1a70132-b29c-4704-967b-16077ebef7d3-9aa68d04,decode,1,0,452712,2,d61968e8-e4aa-43a2-8ca8-85b623ffd1e5_dp0,0
1780280974.949162,1780280974.949422,0.2598762512207031,chatcmpl-f7697dd0-9521-4336-9d13-edf1f251259e-883b46eb,decode,1,0,452712,3,d61968e8-e4aa-43a2-8ca8-85b623ffd1e5_dp1,0
1780280975.03197,1780280975.0469735,15.003442764282227,chatcmpl-515d90f8-43c3-4b68-b018-8c605d74ea69-93a70dff,decode,1,0,452712,44,d61968e8-e4aa-43a2-8ca8-85b623ffd1e5_dp0,0
1780280975.159397,1780280975.1596415,0.24461746215820312,chatcmpl-e9bbe3c0-51b2-4629-b5ba-f91562b1ee95-894b09fa,decode,1,0,452712,1,d61968e8-e4aa-43a2-8ca8-85b623ffd1e5_dp1,0
1780280975.2105613,1780280975.2108102,0.24890899658203125,chatcmpl-96350019-8977-495a-a6c7-b87bfe90cdea-8042ab8d,decode,1,0,452712,2,d61968e8-e4aa-43a2-8ca8-85b623ffd1e5_dp0,0
1780280975.2645915,1780280975.2713149,6.7234039306640625,chatcmpl-f6d58f89-195f-4bce-9136-474d12af8dfd-b5565555,decode,1,0,452712,19,d61968e8-e4aa-43a2-8ca8-85b623ffd1e5_dp0,0
1780280975.4058464,1780280975.421192,15.345573425292969,chatcmpl-e03483f3-8702-4698-8797-35239101f451-9fa48658,decode,1,0,452712,41,d61968e8-e4aa-43a2-8ca8-85b623ffd1e5_dp1,0
1780280975.5628345,1780280975.5630884,0.25391578674316406,chatcmpl-f56ac5f7-5ea0-4884-973c-40a97ac2fd7d-bb79706c,decode,1,0,452712,2,d61968e8-e4aa-43a2-8ca8-85b623ffd1e5_dp0,0
1780280975.718136,1780280975.732967,14.830827713012695,chatcmpl-8b66f1ea-ba49-4740-a010-68391701d564-ba180066,decode,1,0,452712,34,d61968e8-e4aa-43a2-8ca8-85b623ffd1e5_dp0,0
1780280975.9606338,1780280975.9646842,4.050493240356445,chatcmpl-97f0294a-6fda-46b6-80a8-2e5039bd5afb-99b32ee6,decode,1,0,452712,21,d61968e8-e4aa-43a2-8ca8-85b623ffd1e5_dp1,0
1780280975.9912605,1780280975.9915233,0.2627372741699219,chatcmpl-5ca28b7a-eb17-47d7-806c-b83ae17ca4f2-a6909279,decode,1,0,452712,2,d61968e8-e4aa-43a2-8ca8-85b623ffd1e5_dp1,0
1780280976.0725007,1780280976.0886388,16.138076782226562,chatcmpl-2641b3d0-5fa8-4a23-936b-6b6b04c56537-8c8fa26b,decode,1,0,452712,25,d61968e8-e4aa-43a2-8ca8-85b623ffd1e5_dp1,0
1780280976.1025734,1780280976.1028235,0.25010108947753906,chatcmpl-8daf7f4f-1559-45fe-a391-fc9b0e90d860-822a05b5,decode,1,0,452712,2,d61968e8-e4aa-43a2-8ca8-85b623ffd1e5_dp0,0
1780280976.23217,1780280976.232443,0.27298927307128906,chatcmpl-a9bf82ef-bd01-42b5-af39-c9eb85711c19-9a998cff,decode,1,0,452712,10,d61968e8-e4aa-43a2-8ca8-85b623ffd1e5_dp1,0
1780280976.5044785,1780280976.5115669,7.088422775268555,chatcmpl-31745472-30ee-45c9-9903-0fde229b0bd4-969b9d48,decode,1,0,452712,13,d61968e8-e4aa-43a2-8ca8-85b623ffd1e5_dp0,0
1780280976.8171983,1780280976.8322208,15.022516250610352,chatcmpl-db885b40-6fc3-4275-a195-7f66b173359d-aa1f228a,decode,1,0,452712,30,d61968e8-e4aa-43a2-8ca8-85b623ffd1e5_dp0,0
1780280977.020529,1780280977.035831,15.301942825317383,chatcmpl-489b3ff1-9538-44b0-94a2-9dbaaf7b8f30-9b9cae83,decode,1,0,452712,56,d61968e8-e4aa-43a2-8ca8-85b623ffd1e5_dp0,0
1780280977.0250242,1780280977.0358756,10.851383209228516,chatcmpl-d56f1dec-6144-4ca2-baee-5dc5c478fd23-8c0f1541,decode,1,0,452712,2,d61968e8-e4aa-43a2-8ca8-85b623ffd1e5_dp0,0
1780280977.1971438,1780280977.1974072,0.26345252990722656,chatcmpl-31681cce-00da-4c37-9528-4cdd0cd6f4bd-97b232b6,decode,1,0,452712,2,d61968e8-e4aa-43a2-8ca8-85b623ffd1e5_dp0,0
1780280977.2748716,1780280977.283819,8.947372436523438,chatcmpl-49d78a8d-870f-4611-974a-962ad70b65a4-b5d87595,decode,1,0,452712,12,d61968e8-e4aa-43a2-8ca8-85b623ffd1e5_dp0,0
1780280977.4906256,1780280977.5055816,14.955997467041016,chatcmpl-701b740c-80e9-44d2-89ad-6e74b8c95f6d-b05c73c3,decode,1,0,452712,44,d61968e8-e4aa-43a2-8ca8-85b623ffd1e5_dp0,0
1780280977.5319254,1780280977.5321684,0.2429485321044922,chatcmpl-09198a75-7c2d-461e-b9d1-4dd8e70433d7-b85ad153,decode,1,0,452712,2,d61968e8-e4aa-43a2-8ca8-85b623ffd1e5_dp0,0
1780280977.6310658,1780280977.6313148,0.24890899658203125,chatcmpl-096acd4b-fb6a-4c8f-9a21-4977b25006db-8d9c208c,decode,1,0,452712,3,d61968e8-e4aa-43a2-8ca8-85b623ffd1e5_dp1,0
1780280977.753547,1780280977.7538004,0.25343894958496094,chatcmpl-56a8fd45-a646-4e2f-bb69-db4d59ebb8ab-8f6d2f67,decode,1,0,452712,2,d61968e8-e4aa-43a2-8ca8-85b623ffd1e5_dp0,0
1780280977.784671,1780280977.813102,28.430938720703125,chatcmpl-e37f88fc-da8f-47d0-ab04-3eb3ee38af36-a0f997d6,decode,1,0,452712,24,d61968e8-e4aa-43a2-8ca8-85b623ffd1e5_dp1,0
1780280977.8126726,1780280977.8285487,15.876054763793945,chatcmpl-6c629843-f6ca-4650-8a8e-9e81f859de6e-a8797473,decode,1,0,452712,31,d61968e8-e4aa-43a2-8ca8-85b623ffd1e5_dp0,0
1780280977.9187121,1780280977.9276307,8.918523788452148,chatcmpl-56a628aa-15d5-478b-a386-8379df300482-814dce04,decode,1,0,452712,11,d61968e8-e4aa-43a2-8ca8-85b623ffd1e5_dp0,0
1780280978.2200892,1780280978.2203326,0.2434253692626953,chatcmpl-e2f9852b-923f-4eca-bc95-f752351eb64f-ae9d2537,decode,1,0,452712,2,d61968e8-e4aa-43a2-8ca8-85b623ffd1e5_dp0,0
1780280978.3112857,1780280978.311553,0.26726722717285156,chatcmpl-b5e2ad01-d2a0-452e-91c9-69a97137d6bb-b373694c,decode,1,0,452712,9,d61968e8-e4aa-43a2-8ca8-85b623ffd1e5_dp0,0
1780280978.3931234,1780280978.3933883,0.26488304138183594,chatcmpl-ec12c547-ce25-49ac-842d-6668351adc8e-b7d27fb3,decode,1,0,452712,2,d61968e8-e4aa-43a2-8ca8-85b623ffd1e5_dp0,0
1780280978.5957062,1780280978.6020017,6.295442581176758,chatcmpl-6cd1f5a8-1b5d-409d-bfeb-0b6304094d32-87e4a151,decode,1,0,452712,16,d61968e8-e4aa-43a2-8ca8-85b623ffd1e5_dp0,0
1780280978.8522892,1780280978.8525498,0.2605915069580078,chatcmpl-9d4dd872-264a-4ddd-876b-d0f7db38f01f-983ff1d1,decode,1,0,452712,2,d61968e8-e4aa-43a2-8ca8-85b623ffd1e5_dp1,0
1780280978.8668914,1780280978.8757339,8.84246826171875,chatcmpl-df6bc0a0-20f9-49dd-a242-323a00fe554c-85b79d8d,decode,1,0,452712,18,d61968e8-e4aa-43a2-8ca8-85b623ffd1e5_dp0,0
1780280979.0867255,1780280979.0869722,0.2467632293701172,chatcmpl-8680e0c1-fee2-4283-ac6a-08883f79368d-a7341bc1,decode,1,0,452712,2,d61968e8-e4aa-43a2-8ca8-85b623ffd1e5_dp1,0
1780280979.101995,1780280979.1022909,0.29587745666503906,chatcmpl-936a7ba5-a1fb-4307-9ff4-c911638bbfb0-b40a0ed3,decode,1,0,452712,5,d61968e8-e4aa-43a2-8ca8-85b623ffd1e5_dp0,0
1780280979.141631,1780280979.1418853,0.2543926239013672,chatcmpl-f7fa38c5-8e98-4d58-93b0-9c539e754524-90ce8ebb,decode,1,0,452712,10,d61968e8-e4aa-43a2-8ca8-85b623ffd1e5_dp1,0
1780280979.2020555,1780280979.2093635,7.308006286621094,chatcmpl-c7b37924-0bee-4744-a287-2f705059229b-acead4e6,decode,1,0,452712,11,d61968e8-e4aa-43a2-8ca8-85b623ffd1e5_dp0,0
1780280979.3587842,1780280979.373619,14.834880828857422,chatcmpl-660a9757-c605-4307-9814-5b65ff5b5bfb-aaa50120,decode,1,0,452712,51,d61968e8-e4aa-43a2-8ca8-85b623ffd1e5_dp0,0
1780280979.435395,1780280979.4502425,14.847517013549805,chatcmpl-2d3cc6b2-f9b6-413e-9f34-0a1168856710-a90271a8,decode,1,0,452712,49,d61968e8-e4aa-43a2-8ca8-85b623ffd1e5_dp1,0
1780280979.5075877,1780280979.5197756,12.187957763671875,chatcmpl-0a9c7beb-a179-44f6-9c49-b4ea2544d27c-a1b24485,decode,1,0,452712,25,d61968e8-e4aa-43a2-8ca8-85b623ffd1e5_dp0,0
1780280979.5194623,1780280979.5344868,15.024423599243164,chatcmpl-74ee59f9-d132-4d30-92de-c58f59ede3f0-9317706d,decode,1,0,452712,24,d61968e8-e4aa-43a2-8ca8-85b623ffd1e5_dp0,0
1780280979.6594799,1780280979.6597285,0.2486705780029297,chatcmpl-d665326e-8e5d-45ed-a3aa-742a3d7288af-b55dedd8,decode,1,0,452712,2,d61968e8-e4aa-43a2-8ca8-85b623ffd1e5_dp0,0
1780280979.7543075,1780280979.7699618,15.654325485229492,chatcmpl-75d05069-db63-4353-bab0-1bcaf796a75d-94fafab5,decode,1,0,452712,34,d61968e8-e4aa-43a2-8ca8-85b623ffd1e5_dp1,0
1780280979.8991933,1780280979.9061801,6.986856460571289,chatcmpl-d7588fb9-0f5a-493a-b04d-9debbb2800f3-b69388da,decode,1,0,452712,12,d61968e8-e4aa-43a2-8ca8-85b623ffd1e5_dp1,0
1780280979.9300866,1780280979.9339654,3.8788318634033203,chatcmpl-c327baee-2ba0-4c56-801c-731db540f6c1-99422891,decode,1,0,452712,16,d61968e8-e4aa-43a2-8ca8-85b623ffd1e5_dp0,0
1780280979.9241033,1780280979.9521077,28.00440788269043,chatcmpl-9a539208-a18a-4761-8a64-b055d05e36d0-aaf519ef,decode,1,0,452712,17,d61968e8-e4aa-43a2-8ca8-85b623ffd1e5_dp0,0
1780280979.951836,1780280979.9521196,0.2834796905517578,chatcmpl-f438ceae-b74b-429f-8f41-2a2dfe25b50c-aadee177,decode,1,0,452712,10,d61968e8-e4aa-43a2-8ca8-85b623ffd1e5_dp0,0
1780280980.1247182,1780280980.1378422,13.12398910522461,chatcmpl-f6a51941-5e38-445f-8c8a-2b485a6edff0-b9c7a559,decode,1,0,452712,22,d61968e8-e4aa-43a2-8ca8-85b623ffd1e5_dp1,0
1780280980.1374776,1780280980.155958,18.480300903320312,chatcmpl-c9423295-5d7b-4394-aabd-6c67db846060-bdcc919b,decode,1,0,452712,24,d61968e8-e4aa-43a2-8ca8-85b623ffd1e5_dp0,0
1780280980.3262248,1780280980.3414958,15.27094841003418,chatcmpl-2f0c0856-b254-4ac5-90be-ae2c07618984-9c25f382,decode,1,0,452712,34,d61968e8-e4aa-43a2-8ca8-85b623ffd1e5_dp0,0
1780280980.331081,1780280980.3415523,10.471343994140625,chatcmpl-8e1dfa52-d8bb-464b-a298-4e6a8953fa94-9b50b793,decode,1,0,452712,2,d61968e8-e4aa-43a2-8ca8-85b623ffd1e5_dp1,0
1780280980.4458954,1780280980.4525948,6.699323654174805,chatcmpl-9c07c0fd-6492-4f80-bdd4-25136dfa21c2-aaa5eca0,decode,1,0,452712,14,d61968e8-e4aa-43a2-8ca8-85b623ffd1e5_dp1,0
1780280980.5444112,1780280980.5517573,7.346153259277344,chatcmpl-05e91ca0-3385-44f1-8878-bff88216f6a3-bac26024,decode,1,0,452712,23,d61968e8-e4aa-43a2-8ca8-85b623ffd1e5_dp1,0
1780280980.800668,1780280980.8009174,0.24938583374023438,chatcmpl-5509d3a3-491a-48f6-839d-e581e375c56d-bda6d19b,decode,1,0,452712,2,d61968e8-e4aa-43a2-8ca8-85b623ffd1e5_dp1,0
1780280980.8874147,1780280980.889795,2.38037109375,chatcmpl-07f0d1ff-7c9b-4f33-a239-09d687ff4f4c-a49b2d26,decode,1,0,452712,3,d61968e8-e4aa-43a2-8ca8-85b623ffd1e5_dp0,0
1780280980.8895442,1780280980.8898065,0.26226043701171875,chatcmpl-bbdd4997-b0a1-4104-b9f9-0863a7d4af5c-a3c5aefd,decode,1,0,452712,3,d61968e8-e4aa-43a2-8ca8-85b623ffd1e5_dp1,0
1780280980.9564633,1780280980.971987,15.523672103881836,chatcmpl-1c8a4b24-f425-4f1c-b722-9e690ab1f92d-b333e0c4,decode,1,0,452712,30,d61968e8-e4aa-43a2-8ca8-85b623ffd1e5_dp0,0
1780280981.1210217,1780280981.136228,15.206336975097656,chatcmpl-6c3d378d-37ab-4300-ae66-410327451b05-bd13858e,decode,1,0,452712,36,d61968e8-e4aa-43a2-8ca8-85b623ffd1e5_dp1,0
1780280981.1985738,1780280981.2156994,17.125606536865234,chatcmpl-1711a8e8-8829-4b21-bcb1-7b42334aae41-b514bc2f,decode,1,0,452712,49,d61968e8-e4aa-43a2-8ca8-85b623ffd1e5_dp0,0
1780280981.212165,1780280981.2273622,15.197038650512695,chatcmpl-8d5e9b78-9dca-4e6c-a48b-d9dcab0009f6-b50f6d90,decode,1,0,452712,15,d61968e8-e4aa-43a2-8ca8-85b623ffd1e5_dp1,0
1780280981.2409353,1780280981.241186,0.2505779266357422,chatcmpl-6c756126-2bd5-48a3-92f6-6d4691a40af6-b8cf246c,decode,1,0,452712,2,d61968e8-e4aa-43a2-8ca8-85b623ffd1e5_dp1,0
1780280981.389404,1780280981.389657,0.2529621124267578,chatcmpl-1f88445c-b472-45fa-a13b-2b3f84643ad1-a8a188a0,decode,1,0,452712,2,d61968e8-e4aa-43a2-8ca8-85b623ffd1e5_dp1,0
1780280981.5453331,1780280981.5502174,4.884243011474609,chatcmpl-6c156d40-969e-4681-aa88-4053458a38e6-b3a8a01a,decode,1,0,452712,19,d61968e8-e4aa-43a2-8ca8-85b623ffd1e5_dp0,0
1780280981.6219733,1780280981.6372817,15.308380126953125,chatcmpl-06573f8d-a2d6-4533-99a8-d27a4408af56-b351f689,decode,1,0,452712,39,d61968e8-e4aa-43a2-8ca8-85b623ffd1e5_dp1,0
1780280981.6266584,1780280981.6373074,10.648965835571289,chatcmpl-c40d8cb4-1d25-4c16-8512-48533c1633eb-b4221d62,decode,1,0,452712,2,d61968e8-e4aa-43a2-8ca8-85b623ffd1e5_dp0,0
1780280981.6537066,1780280981.6617322,8.025646209716797,chatcmpl-efb06a80-085f-4100-8af7-d72cb5201d40-a6ef8ac7,decode,1,0,452712,14,d61968e8-e4aa-43a2-8ca8-85b623ffd1e5_dp1,0
1780280981.688914,1780280981.6891665,0.2524852752685547,chatcmpl-ee882f68-2f5a-4e5e-9ce2-25fff1d2dc38-96029be2,decode,1,0,452712,4,d61968e8-e4aa-43a2-8ca8-85b623ffd1e5_dp1,0
1780280981.7866113,1780280981.786848,0.23674964904785156,chatcmpl-d136f21c-8256-4b5e-a061-0dadc812ba4a-9fdf6366,decode,1,0,452712,3,d61968e8-e4aa-43a2-8ca8-85b623ffd1e5_dp0,0
1780280981.8750787,1780280981.8753166,0.23794174194335938,chatcmpl-a55edba2-7488-424a-b109-8cad7d34b7d1-aa590408,decode,1,0,452712,7,d61968e8-e4aa-43a2-8ca8-85b623ffd1e5_dp1,0
1780280981.913767,1780280981.9195547,5.78761100769043,chatcmpl-fde6355c-4d1a-4589-af6c-632d58370051-867b406f,decode,1,0,452712,17,d61968e8-e4aa-43a2-8ca8-85b623ffd1e5_dp0,0
1780280981.9491532,1780280981.9561129,6.959676742553711,chatcmpl-9d38b3f6-1c52-4cd0-a2a2-862436b9ea03-99298253,decode,1,0,452712,14,d61968e8-e4aa-43a2-8ca8-85b623ffd1e5_dp1,0
1780280982.3595953,1780280982.3746428,15.047550201416016,chatcmpl-a44405e5-6dfa-4104-a80c-a03ee3625f1b-a3baaa49,decode,1,0,452712,40,d61968e8-e4aa-43a2-8ca8-85b623ffd1e5_dp0,0
1780280982.5199704,1780280982.5350404,15.069961547851562,chatcmpl-f09c692d-d4de-4284-8b21-c3b5a212b995-aad954c3,decode,1,0,452712,43,d61968e8-e4aa-43a2-8ca8-85b623ffd1e5_dp1,0
1780280982.6886158,1780280982.6888568,0.2410411834716797,chatcmpl-562065cb-7d7e-41be-bd40-9a3e921b30f6-bf308810,decode,1,0,452712,2,d61968e8-e4aa-43a2-8ca8-85b623ffd1e5_dp0,0
1780280982.8565757,1780280982.8717585,15.182733535766602,chatcmpl-3ffd0219-9783-43a3-8d55-bc4c9b982eca-ae1db4eb,decode,1,0,452712,36,d61968e8-e4aa-43a2-8ca8-85b623ffd1e5_dp1,0
1780280983.040967,1780280983.0558903,14.923334121704102,chatcmpl-b854a528-7c25-43c5-a63d-0199805615ec-982e0ad6,decode,1,0,452712,38,d61968e8-e4aa-43a2-8ca8-85b623ffd1e5_dp0,0
1780280983.0458262,1780280983.0559437,10.117530822753906,chatcmpl-b2a649fe-fef0-4013-8324-ef6f5dd9a881-869ed360,decode,1,0,452712,2,d61968e8-e4aa-43a2-8ca8-85b623ffd1e5_dp0,0
1780280983.0471416,1780280983.0559855,8.84389877319336,chatcmpl-4194282e-dfc6-494b-ba9a-6aea7534fd92-b5aecb02,decode,1,0,452712,2,d61968e8-e4aa-43a2-8ca8-85b623ffd1e5_dp1,0
1780280983.0957124,1780280983.0959582,0.24580955505371094,chatcmpl-3ad45f08-d349-4d5e-9ce9-8c756d1b4b84-941356dc,decode,1,0,452712,4,d61968e8-e4aa-43a2-8ca8-85b623ffd1e5_dp1,0
1780280983.2049532,1780280983.2052016,0.24843215942382812,chatcmpl-f2292a02-5d5f-457f-83d4-46c149eefdfc-99f38cf7,decode,1,0,452712,2,d61968e8-e4aa-43a2-8ca8-85b623ffd1e5_dp1,0
1780280983.22098,1780280983.2282088,7.228851318359375,chatcmpl-b4b1d561-b57b-4953-b022-17df352b1fce-91265a14,decode,1,0,452712,12,d61968e8-e4aa-43a2-8ca8-85b623ffd1e5_dp0,0
1780280983.3910043,1780280983.391252,0.24771690368652344,chatcmpl-1d30e675-872a-4f48-b0b3-c2f21c7580ab-8fcea66c,decode,1,0,452712,2,d61968e8-e4aa-43a2-8ca8-85b623ffd1e5_dp0,0
1780280983.4736955,1780280983.488841,15.145540237426758,chatcmpl-82008522-9ea7-43d8-9959-63b123f1f6bd-afbad50a,decode,1,0,452712,40,d61968e8-e4aa-43a2-8ca8-85b623ffd1e5_dp1,0
1780280983.5492127,1780280983.571354,22.141218185424805,chatcmpl-41ad0f31-e954-4588-bdfe-765a5aa864f5-b8ac8960,decode,1,0,452712,46,d61968e8-e4aa-43a2-8ca8-85b623ffd1e5_dp0,0
1780280983.5710409,1780280983.5713685,0.3275871276855469,chatcmpl-fc01e2ec-27c3-4278-b7f0-88752c5f84b8-b9cab37f,decode,1,0,452712,10,d61968e8-e4aa-43a2-8ca8-85b623ffd1e5_dp0,0
1780280983.8378668,1780280983.8381174,0.2505779266357422,chatcmpl-8f45f20f-40bb-4a6a-8847-30e1e1fbdfcc-9ff213f1,decode,1,0,452712,2,d61968e8-e4aa-43a2-8ca8-85b623ffd1e5_dp0,0
1780280983.9709451,1780280983.9859388,14.993667602539062,chatcmpl-f9949fca-092d-498a-8689-40f393e9b5d4-b6fe642b,decode,1,0,452712,36,d61968e8-e4aa-43a2-8ca8-85b623ffd1e5_dp1,0
1780280983.9755332,1780280983.9859867,10.453462600708008,chatcmpl-d0a3f6aa-879c-498b-b1c6-81b97e27ab08-85914ac7,decode,1,0,452712,2,d61968e8-e4aa-43a2-8ca8-85b623ffd1e5_dp0,0
1780280984.219566,1780280984.234919,15.352964401245117,chatcmpl-a7f22a7b-ee5d-4c8f-8ce1-b00cc14b6255-898a3c66,decode,1,0,452712,42,d61968e8-e4aa-43a2-8ca8-85b623ffd1e5_dp0,0
1780280984.2735755,1780280984.27381,0.23436546325683594,chatcmpl-d68134bc-3201-4a6f-8b76-d3b3feb4914a-be8d3448,decode,1,0,452712,3,d61968e8-e4aa-43a2-8ca8-85b623ffd1e5_dp0,0
1780280984.3612845,1780280984.3615541,0.2696514129638672,chatcmpl-b1d5cbad-f84e-483f-aa0c-796f1ceae837-910c26da,decode,1,0,452712,4,d61968e8-e4aa-43a2-8ca8-85b623ffd1e5_dp1,0
1780280984.4454272,1780280984.4456701,0.2429485321044922,chatcmpl-74789811-8331-42e8-8586-b479369600e7-834d5cba,decode,1,0,452712,1,d61968e8-e4aa-43a2-8ca8-85b623ffd1e5_dp0,0
1780280984.5271878,1780280984.531884,4.696130752563477,chatcmpl-e4ab15f8-a642-4b7d-b07f-53bd8bfcd08f-987a3f30,decode,1,0,452712,20,d61968e8-e4aa-43a2-8ca8-85b623ffd1e5_dp0,0
1780280984.6813428,1780280984.681592,0.2491474151611328,chatcmpl-a2239395-6361-4afa-80fc-7b28eb805e2e-8be68e90,decode,1,0,452712,2,d61968e8-e4aa-43a2-8ca8-85b623ffd1e5_dp1,0
1780280984.7366788,1780280984.7539487,17.26984977722168,chatcmpl-f2fc98de-9c7f-4ab8-a2e6-b088f5ebbb0e-bfeeeabd,decode,1,0,452712,27,d61968e8-e4aa-43a2-8ca8-85b623ffd1e5_dp0,0
1780280984.8087745,1780280984.815685,6.910562515258789,chatcmpl-9596497e-e1fa-4b9c-bb19-bcb7cccc820e-982e1cf8,decode,1,0,452712,15,d61968e8-e4aa-43a2-8ca8-85b623ffd1e5_dp0,0
1780280985.052271,1780280985.0525165,0.24557113647460938,chatcmpl-b71430a4-0fe3-4d8a-b569-29a798dd0858-87458c5e,decode,1,0,452712,3,d61968e8-e4aa-43a2-8ca8-85b623ffd1e5_dp1,0
1780280985.166292,1780280985.175,8.708000183105469,chatcmpl-ab4cda63-da5f-432c-aaae-470008a334b2-b39abd32,decode,1,0,452712,21,d61968e8-e4aa-43a2-8ca8-85b623ffd1e5_dp1,0
1780280985.174703,1780280985.175014,0.31113624572753906,chatcmpl-a2c86a21-a0c3-4688-b3cb-79f46b8f2365-a6ee5b43,decode,1,0,452712,2,d61968e8-e4aa-43a2-8ca8-85b623ffd1e5_dp0,0
1780280985.259378,1780280985.2799768,20.598888397216797,chatcmpl-6071a287-fd7a-403a-9637-1a40c225088c-acee844e,decode,1,0,452712,48,d61968e8-e4aa-43a2-8ca8-85b623ffd1e5_dp0,0
1780280985.2797084,1780280985.2799883,0.2799034118652344,chatcmpl-9f59982f-64be-4d9d-9679-d4307f205ea1-92b1eb3f,decode,1,0,452712,8,d61968e8-e4aa-43a2-8ca8-85b623ffd1e5_dp0,0
1780280985.43833,1780280985.4385915,0.26154518127441406,chatcmpl-f010c27d-13d6-4ffa-ac5c-c1c2742bd500-92f671f9,decode,1,0,452712,3,d61968e8-e4aa-43a2-8ca8-85b623ffd1e5_dp0,0
1780280985.4759731,1780280985.4762254,0.2522468566894531,chatcmpl-e0963bb9-59f9-4a75-aa0d-eac87591c12d-965ff942,decode,1,0,452712,3,d61968e8-e4aa-43a2-8ca8-85b623ffd1e5_dp1,0
1780280985.5662465,1780280985.5665045,0.2579689025878906,chatcmpl-93020c97-6d33-44c9-a216-725688507927-be61bbfb,decode,1,0,452712,6,d61968e8-e4aa-43a2-8ca8-85b623ffd1e5_dp1,0
1780280985.627818,1780280985.636322,8.503913879394531,chatcmpl-d4d10fea-de5a-4bf2-be42-6aadecde0128-8eecd065,decode,1,0,452712,18,d61968e8-e4aa-43a2-8ca8-85b623ffd1e5_dp0,0
1780280985.813474,1780280985.8137374,0.26345252990722656,chatcmpl-e3271cac-9541-4291-920b-53822274a920-b5f8c3d4,decode,1,0,452712,3,d61968e8-e4aa-43a2-8ca8-85b623ffd1e5_dp1,0
1780280985.851696,1780280985.851948,0.25200843811035156,chatcmpl-601f4a92-a916-4b29-b959-eed9f0c2e9df-9f0c883d,decode,1,0,452712,4,d61968e8-e4aa-43a2-8ca8-85b623ffd1e5_dp0,0
1780280985.9376013,1780280985.9378476,0.24628639221191406,chatcmpl-ef2816e5-0c94-4a0c-8fbf-9aa45bf6747c-be653b1c,decode,1,0,452712,2,d61968e8-e4aa-43a2-8ca8-85b623ffd1e5_dp0,0
1780280986.132901,1780280986.1365905,3.6895275115966797,chatcmpl-5ebdc9b7-87a0-4e94-9c28-b034936c8ef4-b875a7af,decode,1,0,452712,23,d61968e8-e4aa-43a2-8ca8-85b623ffd1e5_dp0,0
1780280986.2104988,1780280986.2300901,19.591331481933594,chatcmpl-40bdcef1-5454-4093-9adf-9d9bfd5192d2-b99f8554,decode,1,0,452712,46,d61968e8-e4aa-43a2-8ca8-85b623ffd1e5_dp1,0
1780280986.22983,1780280986.230101,0.27108192443847656,chatcmpl-81b6e56d-8679-4664-925c-b3717f121bb0-a7e27d0d,decode,1,0,452712,6,d61968e8-e4aa-43a2-8ca8-85b623ffd1e5_dp0,0
1780280986.2896318,1780280986.2898767,0.2448558807373047,chatcmpl-e51a9abf-eebd-49b5-adbe-f067f9d7063a-a7ea2212,decode,1,0,452712,2,d61968e8-e4aa-43a2-8ca8-85b623ffd1e5_dp1,0
1780280986.3212564,1780280986.3282993,7.042884826660156,chatcmpl-694d2e39-cb12-4658-b268-12476ce7c871-866b0fd0,decode,1,0,452712,15,d61968e8-e4aa-43a2-8ca8-85b623ffd1e5_dp0,0
1780280986.3224647,1780280986.3283274,5.862712860107422,chatcmpl-e8cd75a7-525e-47ed-bdc7-8b8082acf8b6-aa86b490,decode,1,0,452712,2,d61968e8-e4aa-43a2-8ca8-85b623ffd1e5_dp0,0
1780280986.4832997,1780280986.4928524,9.552717208862305,chatcmpl-2734936e-8741-4e11-9148-646ce441b2bd-b3faf643,decode,1,0,452712,12,d61968e8-e4aa-43a2-8ca8-85b623ffd1e5_dp1,0
1780280986.568153,1780280986.5684142,0.2613067626953125,chatcmpl-359afc86-4249-4f25-80ec-c219db4150b3-b43d51b7,decode,1,0,452712,2,d61968e8-e4aa-43a2-8ca8-85b623ffd1e5_dp1,0
1780280986.706086,1780280986.706334,0.24819374084472656,chatcmpl-3aed5ea7-1fcd-4169-ad3c-7bd95dcf7a84-94d47785,decode,1,0,452712,2,d61968e8-e4aa-43a2-8ca8-85b623ffd1e5_dp1,0
1780280986.7908647,1780280986.8065903,15.72561264038086,chatcmpl-d64ae554-f3b1-4a44-a0da-d6a325121a7d-8788a98d,decode,1,0,452712,42,d61968e8-e4aa-43a2-8ca8-85b623ffd1e5_dp0,0
1780280986.7986612,1780280986.8188832,20.221948623657227,chatcmpl-6a12e016-b7e9-4070-95f5-7fe710e2d892-942370a3,decode,1,0,452712,8,d61968e8-e4aa-43a2-8ca8-85b623ffd1e5_dp1,0
1780280986.988641,1780280986.9955947,6.953716278076172,chatcmpl-40b7a28e-5f94-4a1e-8d24-3aa04a1cc7d1-90054fc1,decode,1,0,452712,11,d61968e8-e4aa-43a2-8ca8-85b623ffd1e5_dp0,0
1780280987.1627722,1780280987.171884,9.111881256103516,chatcmpl-c1d28ece-aab2-46a7-b80e-55baa5df80f0-819645d6,decode,1,0,452712,19,d61968e8-e4aa-43a2-8ca8-85b623ffd1e5_dp0,0
1780280987.2126434,1780280987.2214065,8.76307487487793,chatcmpl-b5531e7e-c42d-4e4a-af07-5562f8888bb1-8b2c7895,decode,1,0,452712,5,d61968e8-e4aa-43a2-8ca8-85b623ffd1e5_dp1,0
1780280987.306792,1780280987.3248932,18.101215362548828,chatcmpl-424ec4b6-66bc-4326-9971-fd786d93dca3-b3249ea6,decode,1,0,452712,42,d61968e8-e4aa-43a2-8ca8-85b623ffd1e5_dp1,0
1780280987.3240676,1780280987.334665,10.597467422485352,chatcmpl-76dce14e-1317-4c7e-95c1-b2228d05857b-9813cb68,decode,1,0,452712,3,d61968e8-e4aa-43a2-8ca8-85b623ffd1e5_dp0,0
1780280987.3540945,1780280987.3703582,16.263723373413086,chatcmpl-106e960e-fa99-45a3-80fa-d9c867d7835a-904840f3,decode,1,0,452712,9,d61968e8-e4aa-43a2-8ca8-85b623ffd1e5_dp1,0
1780280987.3699415,1780280987.3854961,15.554666519165039,chatcmpl-03893da0-072d-474a-af10-f3372bc53067-88272dab,decode,1,0,452712,24,d61968e8-e4aa-43a2-8ca8-85b623ffd1e5_dp0,0
1780280987.52223,1780280987.5380402,15.810251235961914,chatcmpl-b9785aab-5cc7-4b25-8a3b-89ccccdde7b8-bd4dd53b,decode,1,0,452712,35,d61968e8-e4aa-43a2-8ca8-85b623ffd1e5_dp0,0
1780280987.7121975,1780280987.7274077,15.210151672363281,chatcmpl-dbcfaef5-37a8-448b-8f4f-095755665bbc-8ef05526,decode,1,0,452712,35,d61968e8-e4aa-43a2-8ca8-85b623ffd1e5_dp0,0
1780280987.797321,1780280987.8128192,15.498161315917969,chatcmpl-21d61bd2-0d0d-487d-a68c-03ae4219b1cb-851a6fc4,decode,1,0,452712,27,d61968e8-e4aa-43a2-8ca8-85b623ffd1e5_dp1,0
1780280987.8125236,1780280987.8178582,5.334615707397461,chatcmpl-0b04aa8e-4438-4c8f-8911-f83a288e9c9f-944bb91c,decode,1,0,452712,19,d61968e8-e4aa-43a2-8ca8-85b623ffd1e5_dp0,0
1780280987.7989252,1780280987.8338614,34.93618965148926,chatcmpl-4a534435-2e84-4683-b17e-16617b8efa8f-81563bb8,decode,1,0,452712,2,d61968e8-e4aa-43a2-8ca8-85b623ffd1e5_dp1,0
1780280987.8335593,1780280987.8426096,9.050369262695312,chatcmpl-e01c403e-f924-40ac-933d-815106ea2ece-8f5b50fb,decode,1,0,452712,15,d61968e8-e4aa-43a2-8ca8-85b623ffd1e5_dp0,0
1780280988.2895103,1780280988.3044362,14.925956726074219,chatcmpl-6fb0c9c9-c057-4bbc-ac94-36fa19dc23ab-9990b31e,decode,1,0,452712,34,d61968e8-e4aa-43a2-8ca8-85b623ffd1e5_dp0,0
1780280988.3244362,1780280988.3414903,17.054080963134766,chatcmpl-352cc34d-6570-48ac-865f-3a583df90919-8a2d3560,decode,1,0,452712,28,d61968e8-e4aa-43a2-8ca8-85b623ffd1e5_dp0,0
1780280988.359478,1780280988.3661346,6.656646728515625,chatcmpl-7fce960c-26f3-45e6-97b8-75c4094e487d-bfc0b895,decode,1,0,452712,15,d61968e8-e4aa-43a2-8ca8-85b623ffd1e5_dp1,0
1780280988.3798308,1780280988.3801727,0.3418922424316406,chatcmpl-c943090d-63af-49ae-95aa-b449ac998905-83d8d06e,decode,1,0,452712,1,d61968e8-e4aa-43a2-8ca8-85b623ffd1e5_dp0,0
1780280988.6252584,1780280988.6298203,4.561901092529297,chatcmpl-84ddb8f4-7b0f-497a-bc54-aa8c0f5e4221-8d38cbad,decode,1,0,452712,21,d61968e8-e4aa-43a2-8ca8-85b623ffd1e5_dp1,0
1780280988.8370473,1780280988.8473914,10.34402847290039,chatcmpl-ad7d22d2-4460-4780-9b85-2d7a00645467-940d6850,decode,1,0,452712,2,d61968e8-e4aa-43a2-8ca8-85b623ffd1e5_dp0,0
1780280988.8628082,1780280988.8728452,10.036945343017578,chatcmpl-065faae5-0e3e-4897-8af4-74d0eb8f690b-8451e6b4,decode,1,0,452712,4,d61968e8-e4aa-43a2-8ca8-85b623ffd1e5_dp1,0
1780280988.975828,1780280988.9870303,11.202335357666016,chatcmpl-ab0918e7-1614-41d5-9615-7308e956c8cc-b1f8d033,decode,1,0,452712,2,d61968e8-e4aa-43a2-8ca8-85b623ffd1e5_dp0,0
1780280989.0587165,1780280989.076141,17.424583435058594,chatcmpl-986dc5a9-0c29-4d09-a210-3801218fecf0-9269c14e,decode,1,0,452712,39,d61968e8-e4aa-43a2-8ca8-85b623ffd1e5_dp1,0
1780280989.0755804,1780280989.0868258,11.245489120483398,chatcmpl-220cdc9e-b545-4ba5-aebe-cf5d4fd92aab-8e2e3125,decode,1,0,452712,2,d61968e8-e4aa-43a2-8ca8-85b623ffd1e5_dp1,0
1780280989.2527497,1780280989.2660444,13.294696807861328,chatcmpl-6da52fd1-95c0-4b6f-bf4b-872294bb7b63-83be5623,decode,1,0,452712,1,d61968e8-e4aa-43a2-8ca8-85b623ffd1e5_dp1,0
1780280989.3301249,1780280989.3429637,12.83884048461914,chatcmpl-8e1086ab-3fa7-4a0b-8658-2321f149c8a4-99f5fe0d,decode,1,0,452712,3,d61968e8-e4aa-43a2-8ca8-85b623ffd1e5_dp0,0
1780280989.3306398,1780280989.3430126,12.372732162475586,chatcmpl-7cdd2bd9-12ef-4888-a2b6-e5e21022ffb7-bb7b4f81,decode,1,0,452712,1,d61968e8-e4aa-43a2-8ca8-85b623ffd1e5_dp0,0
1780280989.4175823,1780280989.4281046,10.52236557006836,chatcmpl-d334ed18-39f0-431e-bd3d-b0f551f99ec9-97c4a169,decode,1,0,452712,1,d61968e8-e4aa-43a2-8ca8-85b623ffd1e5_dp0,0
1780280989.427768,1780280989.443985,16.21699333190918,chatcmpl-f534f50a-e02f-4902-ada1-773f43b12733-8c4b4c80,decode,1,0,452712,40,d61968e8-e4aa-43a2-8ca8-85b623ffd1e5_dp0,0
1780280989.4325979,1780280989.4622877,29.689788818359375,chatcmpl-e1a8d7a1-6c5e-4279-a388-7e7e6765f81a-addcf518,decode,1,0,452712,2,d61968e8-e4aa-43a2-8ca8-85b623ffd1e5_dp1,0
1780280989.47519,1780280989.4861543,10.964393615722656,chatcmpl-2e8375c5-f634-454c-bb26-b8e9460460fe-8a4afea8,decode,1,0,452712,2,d61968e8-e4aa-43a2-8ca8-85b623ffd1e5_dp1,0
1780280989.5838542,1780280989.594365,10.510683059692383,chatcmpl-2cee1551-d0f3-443a-baa4-2399c63d63f6-b86a25b4,decode,1,0,452712,2,d61968e8-e4aa-43a2-8ca8-85b623ffd1e5_dp0,0
1780280989.7795177,1780280989.79602,16.50238037109375,chatcmpl-31c211af-b3eb-46b9-9b65-dbce424474d6-94dbcc8f,decode,1,0,452712,41,d61968e8-e4aa-43a2-8ca8-85b623ffd1e5_dp1,0
1780280989.7954416,1780280989.7960637,0.6220340728759766,chatcmpl-07897691-5b14-44d8-acfb-f79e07563748-a49ed809,decode,1,0,452712,1,d61968e8-e4aa-43a2-8ca8-85b623ffd1e5_dp1,0
1780280989.941446,1780280989.9579391,16.49308204650879,chatcmpl-b3a48906-027f-4138-8c40-96d20578ac78-9408920b,decode,1,0,452712,26,d61968e8-e4aa-43a2-8ca8-85b623ffd1e5_dp1,0
1780280989.9886713,1780280989.996068,7.396697998046875,chatcmpl-517b807a-d9bd-4b25-b616-407f7e636997-8e8b162b,decode,1,0,452712,7,d61968e8-e4aa-43a2-8ca8-85b623ffd1e5_dp1,0
1780280990.0376778,1780280990.0458484,8.170604705810547,chatcmpl-f395bab0-5101-4b1d-a6b0-45ac37103a2f-94ab3c68,decode,1,0,452712,20,d61968e8-e4aa-43a2-8ca8-85b623ffd1e5_dp0,0
1780280990.2987976,1780280990.3097904,10.992765426635742,chatcmpl-4797a33b-ec89-44bb-845f-36247d288529-a115a92f,decode,1,0,452712,2,d61968e8-e4aa-43a2-8ca8-85b623ffd1e5_dp0,0
1780280990.3733227,1780280990.3840928,10.770082473754883,chatcmpl-45ae4123-f142-4f62-8810-e70d1bc41260-a7e2fd6b,decode,1,0,452712,2,d61968e8-e4aa-43a2-8ca8-85b623ffd1e5_dp1,0
1780280990.4434104,1780280990.4586904,15.280008316040039,chatcmpl-35a4f80e-0aaf-4a3d-b400-831584784265-bf84fa1b,decode,1,0,452712,10,d61968e8-e4aa-43a2-8ca8-85b623ffd1e5_dp1,0
1780280990.6437557,1780280990.6519907,8.234977722167969,chatcmpl-5a8e1c44-3410-4cbd-ba3c-70aa8ff7e909-b6168179,decode,1,0,452712,5,d61968e8-e4aa-43a2-8ca8-85b623ffd1e5_dp0,0
1780280990.7358482,1780280990.7405624,4.714250564575195,chatcmpl-58ae0fdc-b09b-4102-9356-ec1b13f01ffd-93143486,decode,1,0,452712,22,d61968e8-e4aa-43a2-8ca8-85b623ffd1e5_dp0,0
1780280990.8242555,1780280990.8414495,17.194032669067383,chatcmpl-8313e1ed-c521-484d-a986-cf0d97caaf89-8d3c6955,decode,1,0,452712,9,d61968e8-e4aa-43a2-8ca8-85b623ffd1e5_dp0,0
1780280990.9906948,1780280991.00007,9.375333786010742,chatcmpl-ddebeafc-b0c1-40bb-b81c-5bad9474d6eb-afb3e72a,decode,1,0,452712,34,d61968e8-e4aa-43a2-8ca8-85b623ffd1e5_dp1,0
1780280990.9996772,1780280991.0065997,6.922483444213867,chatcmpl-bbc291c2-8ad0-452c-831d-903e30a249cc-9be13b39,decode,1,0,452712,3,d61968e8-e4aa-43a2-8ca8-85b623ffd1e5_dp0,0
1780280991.1564124,1780280991.1715865,15.174150466918945,chatcmpl-a96dadea-6407-484a-9e09-08f960b1e1f6-832a0690,decode,1,0,452712,43,d61968e8-e4aa-43a2-8ca8-85b623ffd1e5_dp0,0
1780280991.2316163,1780280991.2469778,15.361547470092773,chatcmpl-ce945c7d-4394-4427-be00-beaac5570dfb-800a7a12,decode,1,0,452712,37,d61968e8-e4aa-43a2-8ca8-85b623ffd1e5_dp1,0
1780280991.3759942,1780280991.39645,20.45583724975586,chatcmpl-407a136b-a4f2-4adc-b8f7-a3dd3072a621-b0084e2e,decode,1,0,452712,29,d61968e8-e4aa-43a2-8ca8-85b623ffd1e5_dp1,0
1780280991.4329088,1780280991.4485574,15.648603439331055,chatcmpl-390ff800-ac9e-41e9-8f88-ba6826098b64-99d9e705,decode,1,0,452712,10,d61968e8-e4aa-43a2-8ca8-85b623ffd1e5_dp1,0
1780280991.5333457,1780280991.5516582,18.312454223632812,chatcmpl-3cf26d44-2f9e-4ca0-bfc7-523bf49ea8c4-95a1064f,decode,1,0,452712,10,d61968e8-e4aa-43a2-8ca8-85b623ffd1e5_dp1,0
1780280991.6188793,1780280991.629662,10.782718658447266,chatcmpl-54452164-89ab-4722-aa1d-2722010a2ca9-a37986db,decode,1,0,452712,4,d61968e8-e4aa-43a2-8ca8-85b623ffd1e5_dp1,0
1780280991.6506176,1780280991.6546052,3.987550735473633,chatcmpl-be668e7d-3bf9-46f1-92b0-d298485775c5-9fc4fecc,decode,1,0,452712,23,d61968e8-e4aa-43a2-8ca8-85b623ffd1e5_dp0,0
1780280991.722673,1780280991.739238,16.56508445739746,chatcmpl-cf285e69-1722-4a64-b763-c9936c609b45-8b36261b,decode,1,0,452712,20,d61968e8-e4aa-43a2-8ca8-85b623ffd1e5_dp0,0
1780280991.7354858,1780280991.7510083,15.522480010986328,chatcmpl-16a66f52-3903-401b-ae77-335c05447bab-82687c0f,decode,1,0,452712,33,d61968e8-e4aa-43a2-8ca8-85b623ffd1e5_dp1,0
1780280991.792188,1780280991.810215,18.027067184448242,chatcmpl-91f99092-7ae8-4d8c-b309-085eae61d754-979578eb,decode,1,0,452712,3,d61968e8-e4aa-43a2-8ca8-85b623ffd1e5_dp1,0
1780280991.8098752,1780280991.821598,11.722803115844727,chatcmpl-65250801-b660-47d6-82a6-7d9cfb7441b0-a4e217fb,decode,1,0,452712,2,d61968e8-e4aa-43a2-8ca8-85b623ffd1e5_dp1,0
1780280991.848637,1780280991.8595304,10.89334487915039,chatcmpl-4865438d-3d79-49c9-bb8e-81ba4924662c-aafb00ba,decode,1,0,452712,3,d61968e8-e4aa-43a2-8ca8-85b623ffd1e5_dp0,0
1780280991.9759247,1780280991.9877222,11.797428131103516,chatcmpl-cb4d7d61-1d3f-4ac9-bcfa-9a7a57bdf035-a2efcc91,decode,1,0,452712,2,d61968e8-e4aa-43a2-8ca8-85b623ffd1e5_dp0,0
1780280992.0408137,1780280992.0524018,11.588096618652344,chatcmpl-fe1e22d2-537a-4663-bf28-b99d9926ec46-b15f294c,decode,1,0,452712,3,d61968e8-e4aa-43a2-8ca8-85b623ffd1e5_dp0,0
1780280992.2900798,1780280992.2949736,4.893779754638672,chatcmpl-92f25cd5-4534-4988-bbf2-0a7737e0b63e-be18ea5d,decode,1,0,452712,24,d61968e8-e4aa-43a2-8ca8-85b623ffd1e5_dp0,0
1780280992.348014,1780280992.3590715,11.057376861572266,chatcmpl-43074c21-49be-4b64-87df-79e9d450510a-a1caad44,decode,1,0,452712,2,d61968e8-e4aa-43a2-8ca8-85b623ffd1e5_dp0,0
1780280992.5149941,1780280992.5261338,11.139631271362305,chatcmpl-8cfc49be-c37d-4e6b-9a22-a8ffea380017-8f68c316,decode,1,0,452712,2,d61968e8-e4aa-43a2-8ca8-85b623ffd1e5_dp1,0
1780280992.68446,1780280992.693144,8.684158325195312,chatcmpl-8cc64187-746a-4ec4-95d2-115d94b030b6-9347dfa5,decode,1,0,452712,19,d61968e8-e4aa-43a2-8ca8-85b623ffd1e5_dp0,0
1780280992.7514856,1780280992.7575037,6.018161773681641,chatcmpl-86d595f7-634d-44c3-8559-896d5150c66d-bf252717,decode,1,0,452712,15,d61968e8-e4aa-43a2-8ca8-85b623ffd1e5_dp1,0
1780280992.8254123,1780280992.8369625,11.550188064575195,chatcmpl-85a07e28-8114-4ccc-ba40-25981cc153b9-aa059564,decode,1,0,452712,17,d61968e8-e4aa-43a2-8ca8-85b623ffd1e5_dp1,0
1780280992.8577936,1780280992.875314,17.520427703857422,chatcmpl-3383fa08-813f-44ee-98ce-2ed259f8d63c-81e21704,decode,1,0,452712,26,d61968e8-e4aa-43a2-8ca8-85b623ffd1e5_dp1,0
1780280993.0934303,1780280993.109311,15.880823135375977,chatcmpl-5259d57d-9265-4a83-aa49-8d0e00be2322-90832597,decode,1,0,452712,50,d61968e8-e4aa-43a2-8ca8-85b623ffd1e5_dp0,0
1780280993.19926,1780280993.2108357,11.575698852539062,chatcmpl-e3055a36-2695-4a90-9e7b-5a2d03591189-aec00b70,decode,1,0,452712,1,d61968e8-e4aa-43a2-8ca8-85b623ffd1e5_dp1,0
1780280993.237151,1780280993.2480726,10.921716690063477,chatcmpl-b0d98f76-1850-4ca1-82ff-008c7e6c7897-942ac00d,decode,1,0,452712,2,d61968e8-e4aa-43a2-8ca8-85b623ffd1e5_dp0,0
1780280993.5017455,1780280993.5150464,13.300895690917969,chatcmpl-467821f5-1cb1-440d-989c-4e40b09ff71f-b4286b2a,decode,1,0,452712,5,d61968e8-e4aa-43a2-8ca8-85b623ffd1e5_dp0,0
1780280993.5147178,1780280993.52293,8.212089538574219,chatcmpl-67995b1c-0ce0-4ed3-a5d1-8c6b00a5c335-b6cda1fe,decode,1,0,452712,14,d61968e8-e4aa-43a2-8ca8-85b623ffd1e5_dp1,0
1780280993.8932276,1780280993.9085877,15.360116958618164,chatcmpl-7f83a96e-1044-4001-8660-e06e13e84ca8-9102e9fe,decode,1,0,452712,34,d61968e8-e4aa-43a2-8ca8-85b623ffd1e5_dp1,0
1780280993.90825,1780280993.928657,20.40696144104004,chatcmpl-4acb7907-adfb-4624-a201-631100b084bf-8ade2ff5,decode,1,0,452712,6,d61968e8-e4aa-43a2-8ca8-85b623ffd1e5_dp0,0
1780280993.9283032,1780280993.9361348,7.831573486328125,chatcmpl-9dd4ef3e-0d36-4ab7-be5e-e7aeb856d151-a813896c,decode,1,0,452712,6,d61968e8-e4aa-43a2-8ca8-85b623ffd1e5_dp0,0
1780280994.037962,1780280994.0484066,10.44464111328125,chatcmpl-7addd88e-6e1e-4df5-8f0e-029835206150-81a78bc4,decode,1,0,452712,2,d61968e8-e4aa-43a2-8ca8-85b623ffd1e5_dp0,0
1780280994.1169615,1780280994.1366906,19.729137420654297,chatcmpl-fbeb71a1-506c-4836-beba-44da942943ab-a39d8bbc,decode,1,0,452712,27,d61968e8-e4aa-43a2-8ca8-85b623ffd1e5_dp0,0
1780280994.1362958,1780280994.1472082,10.912418365478516,chatcmpl-d0b3f8a2-f592-4d48-988c-37607a71bbe9-843f1a11,decode,1,0,452712,2,d61968e8-e4aa-43a2-8ca8-85b623ffd1e5_dp1,0
1780280994.1643705,1780280994.1842499,19.87934112548828,chatcmpl-a1f26373-c1ec-4ba9-aaa7-e335e00469c3-94cd91f8,decode,1,0,452712,29,d61968e8-e4aa-43a2-8ca8-85b623ffd1e5_dp1,0
1780280994.591489,1780280994.609259,17.769813537597656,chatcmpl-de56fb00-9d21-4bf5-b9a2-53f26e058bc9-b370acf0,decode,1,0,452712,29,d61968e8-e4aa-43a2-8ca8-85b623ffd1e5_dp1,0
1780280994.7124486,1780280994.7128105,0.3619194030761719,chatcmpl-4949b6d4-a641-49b5-b2f2-86d9ce796ece-a923b8a3,decode,1,0,452712,1,d61968e8-e4aa-43a2-8ca8-85b623ffd1e5_dp1,0
1780280994.7259805,1780280994.737481,11.50059700012207,chatcmpl-5421373d-c714-4c56-a0e3-7bda8996cd53-9d610385,decode,1,0,452712,1,d61968e8-e4aa-43a2-8ca8-85b623ffd1e5_dp0,0
1780280994.7635105,1780280994.7745454,11.034965515136719,chatcmpl-9ade39bd-2639-4b86-82dd-9f17874f26f0-90a6ea1a,decode,1,0,452712,2,d61968e8-e4aa-43a2-8ca8-85b623ffd1e5_dp0,0
1780280994.9845657,1780280995.003927,19.361257553100586,chatcmpl-c2799b71-95bd-48d1-a9b2-d5a77929b3e2-a949e3f4,decode,1,0,452712,42,d61968e8-e4aa-43a2-8ca8-85b623ffd1e5_dp0,0
1780280995.003625,1780280995.012229,8.604049682617188,chatcmpl-ca1d6b77-8cc5-437f-bfe6-1953b3aca166-ad72d256,decode,1,0,452712,20,d61968e8-e4aa-43a2-8ca8-85b623ffd1e5_dp1,0
1780280995.1291263,1780280995.1407938,11.667490005493164,chatcmpl-d5634f97-3e5d-41f5-9801-ee112da6d16f-aff6ebf0,decode,1,0,452712,5,d61968e8-e4aa-43a2-8ca8-85b623ffd1e5_dp1,0
1780280995.1401935,1780280995.1504524,10.258913040161133,chatcmpl-a00fe714-a1d3-45bb-9fab-b95aa195f6a7-8592b3ee,decode,1,0,452712,3,d61968e8-e4aa-43a2-8ca8-85b623ffd1e5_dp0,0
1780280995.1770582,1780280995.1878095,10.75124740600586,chatcmpl-aa11026a-2579-48f3-aeba-0a1436f0af3f-b9044819,decode,1,0,452712,2,d61968e8-e4aa-43a2-8ca8-85b623ffd1e5_dp1,0
1780280995.3881168,1780280995.393405,5.288124084472656,chatcmpl-04738f85-d17e-478f-99f0-d3b185ec04dc-b2d78208,decode,1,0,452712,19,d61968e8-e4aa-43a2-8ca8-85b623ffd1e5_dp0,0
1780280995.5821195,1780280995.592029,9.909629821777344,chatcmpl-f832c803-d9d7-411d-8de9-3c603072f641-828c3db4,decode,1,0,452712,3,d61968e8-e4aa-43a2-8ca8-85b623ffd1e5_dp1,0
1780280995.7182515,1780280995.7290568,10.805368423461914,chatcmpl-30050201-b1a2-437e-9d6e-b5cbce3e3396-83f9d6d0,decode,1,0,452712,2,d61968e8-e4aa-43a2-8ca8-85b623ffd1e5_dp0,0
1780280995.8310385,1780280995.8516297,20.591259002685547,chatcmpl-291b83b7-7d37-494b-8b9f-861e1b5ba6bd-baa0cad8,decode,1,0,452712,4,d61968e8-e4aa-43a2-8ca8-85b623ffd1e5_dp1,0
1780280995.9772305,1780280995.9941373,16.90673828125,chatcmpl-d6153933-4c51-4257-9342-799fcbc3ec60-929912f8,decode,1,0,452712,49,d61968e8-e4aa-43a2-8ca8-85b623ffd1e5_dp1,0
1780280995.9937315,1780280996.004878,11.14654541015625,chatcmpl-5d59d91f-5b3e-48b1-8afe-6bfa263c25a7-93b2334d,decode,1,0,452712,2,d61968e8-e4aa-43a2-8ca8-85b623ffd1e5_dp0,0
1780280996.0305107,1780280996.0415506,11.039972305297852,chatcmpl-4b8e86bf-49cf-4297-8b20-dc09dd46b52f-8daafa81,decode,1,0,452712,2,d61968e8-e4aa-43a2-8ca8-85b623ffd1e5_dp0,0
1780280996.2403893,1780280996.2570035,16.614198684692383,chatcmpl-9f507bac-0902-47ad-9278-248a0999593f-a95245eb,decode,1,0,452712,1,d61968e8-e4aa-43a2-8ca8-85b623ffd1e5_dp0,0
1780280996.2566266,1780280996.2652106,8.584022521972656,chatcmpl-2afb372f-a8b9-4f3a-a468-b07aa1d11d21-b8d55d97,decode,1,0,452712,24,d61968e8-e4aa-43a2-8ca8-85b623ffd1e5_dp1,0
1780280996.4928892,1780280996.5090485,16.1592960357666,chatcmpl-1a38fa5a-98d2-44a5-97d9-4b4288758e61-b1090710,decode,1,0,452712,49,d61968e8-e4aa-43a2-8ca8-85b623ffd1e5_dp0,0
1780280996.5939379,1780280996.610931,16.993045806884766,chatcmpl-652e8cc0-f7d4-4fec-b8f2-3af1749383d0-8d3d057c,decode,1,0,452712,44,d61968e8-e4aa-43a2-8ca8-85b623ffd1e5_dp0,0
1780280996.6105733,1780280996.622009,11.435747146606445,chatcmpl-6654f57f-84fc-44de-9710-851ef7ed5cd9-9468a2a7,decode,1,0,452712,2,d61968e8-e4aa-43a2-8ca8-85b623ffd1e5_dp0,0
1780280996.8024085,1780280996.808427,6.018638610839844,chatcmpl-d322f9ed-e437-45a7-8418-46ad492edd9f-be06297d,decode,1,0,452712,13,d61968e8-e4aa-43a2-8ca8-85b623ffd1e5_dp0,0
1780280996.9615583,1780280996.9694517,7.89332389831543,chatcmpl-f23151ad-ed1b-430d-bb14-cf2556ff40ee-8a5c508a,decode,1,0,452712,7,d61968e8-e4aa-43a2-8ca8-85b623ffd1e5_dp0,0
1780280997.3733678,1780280997.3737314,0.3635883331298828,chatcmpl-7dab7df5-eab1-4304-8c4c-4e02d2444f88-b39d162d,decode,1,0,452712,2,d61968e8-e4aa-43a2-8ca8-85b623ffd1e5_dp1,0
1780280997.3938706,1780280997.4020321,8.161544799804688,chatcmpl-50660662-a2f3-40ac-b361-746b68e79751-85174f66,decode,1,0,452712,19,d61968e8-e4aa-43a2-8ca8-85b623ffd1e5_dp0,0
1780280997.4516516,1780280997.462921,11.269330978393555,chatcmpl-bf73665f-67dc-4f6a-84d7-f010ac07d4cc-a5aeb36b,decode,1,0,452712,2,d61968e8-e4aa-43a2-8ca8-85b623ffd1e5_dp0,0
1780280997.670002,1780280997.673511,3.509044647216797,chatcmpl-1ebb4c86-ea0b-4f7b-b48c-492ca2e0f4bd-b0b12e2c,decode,1,0,452712,19,d61968e8-e4aa-43a2-8ca8-85b623ffd1e5_dp1,0
1780280997.7869568,1780280997.794569,7.6122283935546875,chatcmpl-ed7006cd-9544-4778-b3fd-0f6e7f2cf63c-b785c309,decode,1,0,452712,6,d61968e8-e4aa-43a2-8ca8-85b623ffd1e5_dp1,0
1780280997.871821,1780280997.879553,7.732152938842773,chatcmpl-7c14a48e-a0ac-4ee4-8fa5-6d55475f325d-bd07d642,decode,1,0,452712,21,d61968e8-e4aa-43a2-8ca8-85b623ffd1e5_dp0,0
1780280998.0217443,1780280998.0322695,10.525226593017578,chatcmpl-86b7b5f1-54f1-4232-871e-e10a49e49d80-9a3623af,decode,1,0,452712,2,d61968e8-e4aa-43a2-8ca8-85b623ffd1e5_dp1,0
1780280998.1655858,1780280998.1928577,27.27198600769043,chatcmpl-c30718f9-8817-400c-90e4-823f8e7af738-8e6c2698,decode,1,0,452712,49,d61968e8-e4aa-43a2-8ca8-85b623ffd1e5_dp0,0
1780280998.372052,1780280998.4038825,31.830549240112305,chatcmpl-5f0617c3-40cb-4085-9fcd-be532d35fb1b-b4ef43c9,decode,1,0,452712,34,d61968e8-e4aa-43a2-8ca8-85b623ffd1e5_dp0,0
1780280998.3946006,1780280998.403951,9.350299835205078,chatcmpl-62757d0b-6e6b-4d38-8729-645283da1732-a312ca35,decode,1,0,452712,19,d61968e8-e4aa-43a2-8ca8-85b623ffd1e5_dp1,0
1780280998.4035523,1780280998.4183333,14.780998229980469,chatcmpl-a0fb358d-e9c6-4573-90a1-09040586f893-a535dace,decode,1,0,452712,6,d61968e8-e4aa-43a2-8ca8-85b623ffd1e5_dp1,0
1780280998.4761944,1780280998.4912403,15.045881271362305,chatcmpl-c1cfb662-b08b-4650-8dfb-2c6b2273f5b2-92cb9a20,decode,1,0,452712,33,d61968e8-e4aa-43a2-8ca8-85b623ffd1e5_dp0,0
1780280998.5401022,1780280998.5788753,38.7730598449707,chatcmpl-1e015229-c253-44bc-b0bc-5eb2b3718861-ada6fc59,decode,1,0,452712,1,d61968e8-e4aa-43a2-8ca8-85b623ffd1e5_dp0,0
1780280998.590155,1780280998.6025085,12.353658676147461,chatcmpl-f34e447c-3872-44ce-bf7a-0f5420ec2130-8dd9e939,decode,1,0,452712,1,d61968e8-e4aa-43a2-8ca8-85b623ffd1e5_dp1,0
1780280998.6523902,1780280998.6633258,10.935544967651367,chatcmpl-c2db6a57-551e-43fc-9d1f-e3ce90a01ae9-b1483e9a,decode,1,0,452712,2,d61968e8-e4aa-43a2-8ca8-85b623ffd1e5_dp0,0
1780280998.725163,1780280998.7358203,10.657310485839844,chatcmpl-bbe9e9e2-cddb-45a0-8a4c-2b25a71b1fcc-9066fc41,decode,1,0,452712,2,d61968e8-e4aa-43a2-8ca8-85b623ffd1e5_dp1,0
1780280998.8265936,1780280998.8417447,15.151023864746094,chatcmpl-62d01b07-ee3b-4a6b-82b9-818301615ae0-96eab505,decode,1,0,452712,51,d61968e8-e4aa-43a2-8ca8-85b623ffd1e5_dp0,0
1780280998.9131255,1780280998.9288173,15.691757202148438,chatcmpl-758af2a1-bdcc-4618-9510-ae5fe56ef21a-9ee097f1,decode,1,0,452712,39,d61968e8-e4aa-43a2-8ca8-85b623ffd1e5_dp1,0
1780280999.138201,1780280999.149912,11.71112060546875,chatcmpl-ca1590f6-abd1-45b7-96ed-67431a27105d-8411c0da,decode,1,0,452712,1,d61968e8-e4aa-43a2-8ca8-85b623ffd1e5_dp0,0
1780280999.2265615,1780280999.2359328,9.371280670166016,chatcmpl-4a3a6044-8151-4d53-a070-34ac99c29c04-b44c2bd6,decode,1,0,452712,13,d61968e8-e4aa-43a2-8ca8-85b623ffd1e5_dp0,0
1780280999.3006327,1780280999.3091092,8.476495742797852,chatcmpl-c2c4730a-337e-400a-b8c3-3b4ef6009eab-a1010240,decode,1,0,452712,15,d61968e8-e4aa-43a2-8ca8-85b623ffd1e5_dp1,0
1780280999.3223283,1780280999.3339424,11.614084243774414,chatcmpl-a60e68b0-d980-4d88-9369-24ffa60c1e50-8ee264a7,decode,1,0,452712,1,d61968e8-e4aa-43a2-8ca8-85b623ffd1e5_dp0,0
1780280999.3902826,1780280999.4074674,17.184734344482422,chatcmpl-fa79aa7e-18e7-4f64-bcea-28bc812c4510-85303eea,decode,1,0,452712,28,d61968e8-e4aa-43a2-8ca8-85b623ffd1e5_dp0,0
1780280999.533445,1780280999.547206,13.761043548583984,chatcmpl-7c48d60b-be4e-42db-b5bb-6be032f70ce4-a4010843,decode,1,0,452712,14,d61968e8-e4aa-43a2-8ca8-85b623ffd1e5_dp1,0
1780280999.5465655,1780280999.5574932,10.927677154541016,chatcmpl-283de23b-ed4b-4966-994f-636bd9289fa8-b3fc11fe,decode,1,0,452712,6,d61968e8-e4aa-43a2-8ca8-85b623ffd1e5_dp0,0
1780280999.5571303,1780280999.5668893,9.758949279785156,chatcmpl-dcf56278-ebd7-4240-a1e0-e123a9c38b15-8c62f7b0,decode,1,0,452712,3,d61968e8-e4aa-43a2-8ca8-85b623ffd1e5_dp1,0
1780280999.7749078,1780280999.7865958,11.687994003295898,chatcmpl-9b1250e0-5ca2-4f75-8e71-51e881d93ede-8a867fc7,decode,1,0,452712,1,d61968e8-e4aa-43a2-8ca8-85b623ffd1e5_dp1,0
1780280999.959694,1780280999.9714751,11.78121566772461,chatcmpl-706e1ce8-dc8b-450e-bf9f-a568b279ce35-a2df074e,decode,1,0,452712,3,d61968e8-e4aa-43a2-8ca8-85b623ffd1e5_dp1,0
1780280999.9711037,1780280999.981648,10.544300079345703,chatcmpl-b258c8f2-52e2-459c-b5f7-24b758ee119a-a7e40d00,decode,1,0,452712,2,d61968e8-e4aa-43a2-8ca8-85b623ffd1e5_dp0,0
1780281000.128991,1780281000.1485953,19.60444450378418,chatcmpl-53bf4dd2-0792-425b-ade5-dc77a07910da-bc4ccd23,decode,1,0,452712,34,d61968e8-e4aa-43a2-8ca8-85b623ffd1e5_dp1,0
1780281000.1482453,1780281000.1561344,7.889032363891602,chatcmpl-6d06883e-f828-4bcd-9d9c-39eb862faa8d-800c67d5,decode,1,0,452712,21,d61968e8-e4aa-43a2-8ca8-85b623ffd1e5_dp1,0
1780281000.194003,1780281000.2058783,11.875152587890625,chatcmpl-e53d284e-a688-4316-85e4-e3ad4c098450-9429a443,decode,1,0,452712,1,d61968e8-e4aa-43a2-8ca8-85b623ffd1e5_dp1,0
1780281000.293384,1780281000.3078477,14.463663101196289,chatcmpl-7f857117-a43e-46ce-b56d-ce4d6804fde4-a091a264,decode,1,0,452712,1,d61968e8-e4aa-43a2-8ca8-85b623ffd1e5_dp1,0
1780281000.307476,1780281000.318266,10.789871215820312,chatcmpl-7ef99fde-99e7-4e13-a71b-15c656819ec7-b354ef8d,decode,1,0,452712,3,d61968e8-e4aa-43a2-8ca8-85b623ffd1e5_dp0,0
1780281000.4407547,1780281000.456808,16.053438186645508,chatcmpl-4c3e304c-7357-47ca-89c6-3b3fc8d58ccc-843659be,decode,1,0,452712,57,d61968e8-e4aa-43a2-8ca8-85b623ffd1e5_dp1,0
1780281000.456476,1780281000.4685342,12.058258056640625,chatcmpl-3c02e2f8-de14-49be-94fd-6147db5c097e-97f368d3,decode,1,0,452712,1,d61968e8-e4aa-43a2-8ca8-85b623ffd1e5_dp0,0
1780281000.6180909,1780281000.628415,10.324239730834961,chatcmpl-8a9204b2-8802-431e-9bd9-c966759f7d61-81dd913d,decode,1,0,452712,3,d61968e8-e4aa-43a2-8ca8-85b623ffd1e5_dp0,0
1780281000.6435213,1780281000.6530108,9.48953628540039,chatcmpl-1521892f-8dba-444e-a36a-48ffc5378e64-a6059819,decode,1,0,452712,13,d61968e8-e4aa-43a2-8ca8-85b623ffd1e5_dp1,0
1780281000.7777915,1780281000.788375,10.58340072631836,chatcmpl-e952b045-a89a-4646-9236-a3d152e004a6-bdc1c600,decode,1,0,452712,2,d61968e8-e4aa-43a2-8ca8-85b623ffd1e5_dp1,0
1780281000.8168805,1780281000.8253703,8.489847183227539,chatcmpl-7edddd22-478b-4327-a6f8-66e4470d5c3a-b4f45860,decode,1,0,452712,5,d61968e8-e4aa-43a2-8ca8-85b623ffd1e5_dp1,0
1780281000.9134998,1780281000.9286268,15.126943588256836,chatcmpl-f18e8423-a878-4eeb-a8d9-13c903211580-9c74e0b8,decode,1,0,452712,48,d61968e8-e4aa-43a2-8ca8-85b623ffd1e5_dp0,0
1780281001.341502,1780281001.3495882,8.086204528808594,chatcmpl-35095eca-35eb-433d-8713-3349c4fa4c58-a16b03c9,decode,1,0,452712,6,d61968e8-e4aa-43a2-8ca8-85b623ffd1e5_dp1,0
1780281001.4331071,1780281001.452269,19.16193962097168,chatcmpl-8e94d444-8405-415e-9eff-a72e8348cde2-8550a3cb,decode,1,0,452712,38,d61968e8-e4aa-43a2-8ca8-85b623ffd1e5_dp0,0
1780281001.4519055,1780281001.4606285,8.723020553588867,chatcmpl-04d6367c-c17e-4223-ad2b-1ef75f0c83f7-8fa99e16,decode,1,0,452712,5,d61968e8-e4aa-43a2-8ca8-85b623ffd1e5_dp0,0
1780281001.6292238,1780281001.6474233,18.199443817138672,chatcmpl-992cdbc0-610b-4dcd-a31e-fd105e1c4044-aad84e14,decode,1,0,452712,24,d61968e8-e4aa-43a2-8ca8-85b623ffd1e5_dp0,0
1780281001.6625316,1780281001.6722493,9.717702865600586,chatcmpl-cbbb8937-2fcc-4237-9230-b572e87aff30-81cfbf04,decode,1,0,452712,4,d61968e8-e4aa-43a2-8ca8-85b623ffd1e5_dp1,0
1780281001.8416026,1780281001.858129,16.526460647583008,chatcmpl-d9a35ac8-e69c-4686-bc37-65787cb27522-a0076701,decode,1,0,452712,10,d61968e8-e4aa-43a2-8ca8-85b623ffd1e5_dp1,0
1780281001.8723533,1780281001.8831306,10.77723503112793,chatcmpl-c6b50379-531a-4f6b-841f-d2ecabb23167-9d9650a9,decode,1,0,452712,2,d61968e8-e4aa-43a2-8ca8-85b623ffd1e5_dp0,0
1780281002.0886066,1780281002.1089916,20.385026931762695,chatcmpl-f278a06a-5e51-44e0-8101-b089e193b1c1-8d6ef274,decode,1,0,452712,29,d61968e8-e4aa-43a2-8ca8-85b623ffd1e5_dp0,0
1780281002.0933607,1780281002.1090229,15.662193298339844,chatcmpl-100ea088-84a2-4820-a2d1-006e57c7ea80-acd6766b,decode,1,0,452712,17,d61968e8-e4aa-43a2-8ca8-85b623ffd1e5_dp1,0
1780281002.2472496,1780281002.2565205,9.270906448364258,chatcmpl-d6cb8332-a635-4eaf-880f-0a2774fcd1f1-b0ace6ee,decode,1,0,452712,4,d61968e8-e4aa-43a2-8ca8-85b623ffd1e5_dp0,0
1780281002.4192863,1780281002.4297407,10.454416275024414,chatcmpl-82324844-72b6-4346-8a73-dc7b39433990-bac939ec,decode,1,0,452712,2,d61968e8-e4aa-43a2-8ca8-85b623ffd1e5_dp0,0
1780281002.4804645,1780281002.4915962,11.131763458251953,chatcmpl-97a50b7d-ba61-4d06-8a8e-add35e0405b1-a1bedcef,decode,1,0,452712,2,d61968e8-e4aa-43a2-8ca8-85b623ffd1e5_dp0,0
1780281002.6166766,1780281002.6272798,10.603189468383789,chatcmpl-493393a7-2695-417d-a651-24266be31b7a-9ea95488,decode,1,0,452712,2,d61968e8-e4aa-43a2-8ca8-85b623ffd1e5_dp0,0
1780281002.732262,1780281002.7389488,6.686925888061523,chatcmpl-9f434fdb-bcf0-4ccc-a351-fef978d4b600-bfc5c6d6,decode,1,0,452712,17,d61968e8-e4aa-43a2-8ca8-85b623ffd1e5_dp0,0
1780281002.8824248,1780281002.900105,17.68016815185547,chatcmpl-e4a709c3-5d94-4939-90b7-8034f75742b2-86c5e29d,decode,1,0,452712,10,d61968e8-e4aa-43a2-8ca8-85b623ffd1e5_dp0,0
1780281003.010923,1780281003.022813,11.890172958374023,chatcmpl-2840c8bf-ba7b-4151-8dd2-a4aac335a9f2-aa55a675,decode,1,0,452712,1,d61968e8-e4aa-43a2-8ca8-85b623ffd1e5_dp0,0
1780281003.0366762,1780281003.047397,10.72072982788086,chatcmpl-0f88ed4c-7274-468f-8c70-40e9a7b37e3e-bd3e1688,decode,1,0,452712,2,d61968e8-e4aa-43a2-8ca8-85b623ffd1e5_dp0,0
1780281003.1272812,1780281003.1356127,8.331537246704102,chatcmpl-2b162acd-c0b3-4c23-b7de-6f229d38560e-9beb5282,decode,1,0,452712,11,d61968e8-e4aa-43a2-8ca8-85b623ffd1e5_dp0,0
1780281003.1616824,1780281003.1723878,10.70547103881836,chatcmpl-0c607de9-f38f-4493-9fdb-4fc4eb64862b-80349317,decode,1,0,452712,2,d61968e8-e4aa-43a2-8ca8-85b623ffd1e5_dp0,0
1780281003.2424095,1780281003.2633085,20.899057388305664,chatcmpl-0fee2eda-fdff-475a-bc13-4b4db5afbcbe-9e97e816,decode,1,0,452712,26,d61968e8-e4aa-43a2-8ca8-85b623ffd1e5_dp0,0
1780281003.2630174,1780281003.2832658,20.2484130859375,chatcmpl-ecdbf48c-8980-47af-839e-823d461e0e57-852a547b,decode,1,0,452712,29,d61968e8-e4aa-43a2-8ca8-85b623ffd1e5_dp0,0
1780281003.3843718,1780281003.3942583,9.886503219604492,chatcmpl-cc24443e-db70-483a-9ff3-1b362b98ecf4-8d655e0d,decode,1,0,452712,3,d61968e8-e4aa-43a2-8ca8-85b623ffd1e5_dp0,0
1780281003.5438168,1780281003.5541487,10.331869125366211,chatcmpl-929678ff-db1c-4fd2-98a8-3ab56d4030d0-9333fe76,decode,1,0,452712,3,d61968e8-e4aa-43a2-8ca8-85b623ffd1e5_dp0,0
1780281003.713316,1780281003.7262783,12.96234130859375,chatcmpl-9550cf6b-0973-4567-a9c9-b34702be34d9-b5ed3833,decode,1,0,452712,44,d61968e8-e4aa-43a2-8ca8-85b623ffd1e5_dp0,0
1780281003.7259252,1780281003.733738,7.812738418579102,chatcmpl-ffb908c6-bd76-47cb-9cc7-7e5536f733b8-94a05644,decode,1,0,452712,3,d61968e8-e4aa-43a2-8ca8-85b623ffd1e5_dp0,0
1780281003.7334218,1780281003.7411256,7.7037811279296875,chatcmpl-8beb0192-7a26-4002-9086-938a7f6c58f1-a5cc1651,decode,1,0,452712,3,d61968e8-e4aa-43a2-8ca8-85b623ffd1e5_dp1,0
1780281004.144263,1780281004.1594605,15.197515487670898,chatcmpl-9348e10b-04d4-4ff9-add8-36ab9a486f79-8cbf5177,decode,1,0,452712,25,d61968e8-e4aa-43a2-8ca8-85b623ffd1e5_dp1,0
1780281004.2021153,1780281004.2086034,6.48808479309082,chatcmpl-de5c3493-aff2-4d24-a30f-453e49f6376c-bd24370d,decode,1,0,452712,22,d61968e8-e4aa-43a2-8ca8-85b623ffd1e5_dp1,0
1780281004.297006,1780281004.3062806,9.274721145629883,chatcmpl-042d4ba2-f7d9-49bd-8314-422cd717d88c-bbc98d19,decode,1,0,452712,2,d61968e8-e4aa-43a2-8ca8-85b623ffd1e5_dp1,0
1780281004.3636923,1780281004.3688316,5.139350891113281,chatcmpl-a181caca-b1aa-4b0d-a3b9-3289d4fff9f5-acb109aa,decode,1,0,452712,18,d61968e8-e4aa-43a2-8ca8-85b623ffd1e5_dp0,0
1780281004.518078,1780281004.5354044,17.32635498046875,chatcmpl-cc5481de-a815-4ce3-8990-151fb9a89fe6-950d6926,decode,1,0,452712,25,d61968e8-e4aa-43a2-8ca8-85b623ffd1e5_dp0,0
1780281004.6126716,1780281004.6235013,10.829687118530273,chatcmpl-819c9043-41eb-4909-8041-3d6ba7454938-a092c95a,decode,1,0,452712,20,d61968e8-e4aa-43a2-8ca8-85b623ffd1e5_dp1,0
1780281004.6140256,1780281004.6347113,20.685672760009766,chatcmpl-621a1495-a612-4ae0-8d12-6af7bc51da8b-95558356,decode,1,0,452712,2,d61968e8-e4aa-43a2-8ca8-85b623ffd1e5_dp1,0
1780281004.6231394,1780281004.6347654,11.626005172729492,chatcmpl-17ecb997-38bb-4725-9037-921951caf90a-ac079b67,decode,1,0,452712,2,d61968e8-e4aa-43a2-8ca8-85b623ffd1e5_dp1,0
1780281004.6731555,1780281004.6963017,23.14615249633789,chatcmpl-a770b367-547d-4e35-b2d1-3cf5546076f6-847cb777,decode,1,0,452712,2,d61968e8-e4aa-43a2-8ca8-85b623ffd1e5_dp0,0
1780281004.6855235,1780281004.6996174,14.093875885009766,chatcmpl-89fa4a60-10c9-4a4c-80e6-5abba9755e72-b351a0b6,decode,1,0,452712,40,d61968e8-e4aa-43a2-8ca8-85b623ffd1e5_dp0,0
1780281004.6958785,1780281004.7166615,20.782947540283203,chatcmpl-a6d615c4-1479-4098-896c-5a5af0833a1f-8b2c874f,decode,1,0,452712,14,d61968e8-e4aa-43a2-8ca8-85b623ffd1e5_dp1,0
1780281004.715074,1780281004.7249215,9.847402572631836,chatcmpl-08101a1b-a2c0-45ba-9d86-d66e985c6ed4-a915247c,decode,1,0,452712,18,d61968e8-e4aa-43a2-8ca8-85b623ffd1e5_dp0,0
1780281004.7163618,1780281004.7364655,20.10369300842285,chatcmpl-862c668b-7f28-4535-84a0-c4de6db48b3c-8d99031d,decode,1,0,452712,2,d61968e8-e4aa-43a2-8ca8-85b623ffd1e5_dp1,0
1780281004.89611,1780281004.912162,16.0520076751709,chatcmpl-5f013604-5e17-4424-95e8-292b19cbbe49-91843919,decode,1,0,452712,27,d61968e8-e4aa-43a2-8ca8-85b623ffd1e5_dp1,0
1780281005.0724225,1780281005.0878053,15.382766723632812,chatcmpl-3b08d203-d33a-4c35-bb5a-9dd7d038a19c-941ca460,decode,1,0,452712,41,d61968e8-e4aa-43a2-8ca8-85b623ffd1e5_dp0,0
1780281005.0874853,1780281005.1035163,16.03102684020996,chatcmpl-842e1d5f-5e68-4677-b066-519ceea5ef80-9ec44515,decode,1,0,452712,4,d61968e8-e4aa-43a2-8ca8-85b623ffd1e5_dp1,0
1780281005.103198,1780281005.1035876,0.3895759582519531,chatcmpl-d3ae7b40-e50d-4208-8b27-d16d204f8c0c-9211d410,decode,1,0,452712,1,d61968e8-e4aa-43a2-8ca8-85b623ffd1e5_dp0,0
1780281005.3003657,1780281005.3245535,24.187803268432617,chatcmpl-e2ade97f-843d-48da-8570-e7cf7d6ad639-90931ed7,decode,1,0,452712,40,d61968e8-e4aa-43a2-8ca8-85b623ffd1e5_dp1,0
1780281005.3240147,1780281005.3418698,17.855167388916016,chatcmpl-6e5809b3-eeec-4d20-b0f7-80515cf1382b-9faf2815,decode,1,0,452712,9,d61968e8-e4aa-43a2-8ca8-85b623ffd1e5_dp1,0
1780281005.3548496,1780281005.366741,11.891365051269531,chatcmpl-1156b2c1-6126-4e47-af0c-d320c6e96b61-b1414884,decode,1,0,452712,1,d61968e8-e4aa-43a2-8ca8-85b623ffd1e5_dp1,0
1780281005.4556732,1780281005.4668798,11.206626892089844,chatcmpl-bc551616-2bb7-4b4d-a3c4-58c11ef23d3c-ac0b8b20,decode,1,0,452712,2,d61968e8-e4aa-43a2-8ca8-85b623ffd1e5_dp1,0
1780281005.5834465,1780281005.5923886,8.942127227783203,chatcmpl-79a1ebc4-a6e8-4cc0-9448-24dcbeac6579-8847cddc,decode,1,0,452712,5,d61968e8-e4aa-43a2-8ca8-85b623ffd1e5_dp1,0
1780281005.6225836,1780281005.642698,20.114421844482422,chatcmpl-c912c774-c1bb-4f76-ad4e-7315891b4f1a-929b00ca,decode,1,0,452712,27,d61968e8-e4aa-43a2-8ca8-85b623ffd1e5_dp1,0
1780281005.7304351,1780281005.7464032,15.968084335327148,chatcmpl-2ba511fb-ede0-469d-b497-535094bed010-933c6a35,decode,1,0,452712,29,d61968e8-e4aa-43a2-8ca8-85b623ffd1e5_dp1,0
1780281005.8396811,1780281005.855059,15.37775993347168,chatcmpl-7b51e92f-cfe7-4e1c-bc53-011909d2dd22-88215c8e,decode,1,0,452712,52,d61968e8-e4aa-43a2-8ca8-85b623ffd1e5_dp0,0
1780281005.9346452,1780281005.948133,13.487815856933594,chatcmpl-0fd4f8a8-8ca3-443c-8cb7-57704170d7b7-b75d5fd7,decode,1,0,452712,2,d61968e8-e4aa-43a2-8ca8-85b623ffd1e5_dp0,0
1780281005.9477718,1780281005.957629,9.857177734375,chatcmpl-466bcde6-cd13-414f-abad-de7162aba14f-805f7b8f,decode,1,0,452712,3,d61968e8-e4aa-43a2-8ca8-85b623ffd1e5_dp1,0
1780281006.0268264,1780281006.0411668,14.340400695800781,chatcmpl-ba081938-4eb4-4094-b2df-0aaf7dc5e5fa-96e5145e,decode,1,0,452712,12,d61968e8-e4aa-43a2-8ca8-85b623ffd1e5_dp0,0
1780281006.0408237,1780281006.0513651,10.541439056396484,chatcmpl-fc76d703-525a-4013-8963-b1e1f4ba2955-b228a80f,decode,1,0,452712,2,d61968e8-e4aa-43a2-8ca8-85b623ffd1e5_dp1,0
1780281006.1268952,1780281006.1390886,12.193441390991211,chatcmpl-5dc4b296-907e-4b68-9f44-fa8b12b9ce39-8e8b9eca,decode,1,0,452712,1,d61968e8-e4aa-43a2-8ca8-85b623ffd1e5_dp1,0
1780281006.5091915,1780281006.5168226,7.631063461303711,chatcmpl-d7861bf2-2247-4c5b-abfa-d13508ea7ab8-b1533771,decode,1,0,452712,6,d61968e8-e4aa-43a2-8ca8-85b623ffd1e5_dp0,0
1780281006.6088912,1780281006.6171222,8.230924606323242,chatcmpl-07b7d959-3e4e-4f59-8fd3-31185b6a06df-97a95222,decode,1,0,452712,21,d61968e8-e4aa-43a2-8ca8-85b623ffd1e5_dp1,0
1780281006.685509,1780281006.6922143,6.705284118652344,chatcmpl-2d542ba7-06c4-4ec7-af8c-5ab7c24c74c9-b2f7ad9b,decode,1,0,452712,13,d61968e8-e4aa-43a2-8ca8-85b623ffd1e5_dp0,0
1780281006.7076545,1780281006.717312,9.657621383666992,chatcmpl-35cc2c1a-7885-48cf-8c99-6be705334ba5-a7557d3e,decode,1,0,452712,4,d61968e8-e4aa-43a2-8ca8-85b623ffd1e5_dp0,0
1780281006.7437286,1780281006.7545135,10.78486442565918,chatcmpl-62ea2dfe-172c-482a-96e8-95902e059f2d-9b6d7913,decode,1,0,452712,2,d61968e8-e4aa-43a2-8ca8-85b623ffd1e5_dp1,0
1780281006.856425,1780281006.86705,10.624885559082031,chatcmpl-14637451-6674-4d28-9e18-42a1c1c48ab8-998a81d8,decode,1,0,452712,3,d61968e8-e4aa-43a2-8ca8-85b623ffd1e5_dp1,0
1780281006.9333827,1780281006.9419646,8.581876754760742,chatcmpl-08ded3ca-9063-4ace-a771-3ec4519acacc-bd6df0ea,decode,1,0,452712,21,d61968e8-e4aa-43a2-8ca8-85b623ffd1e5_dp1,0
1780281007.0125122,1780281007.0193853,6.873130798339844,chatcmpl-9e604d6c-7775-4cd5-b773-a71e8f203d6e-9c8daf37,decode,1,0,452712,20,d61968e8-e4aa-43a2-8ca8-85b623ffd1e5_dp0,0
1780281007.0189838,1780281007.0342834,15.299558639526367,chatcmpl-7beb9904-7d65-49f8-afc7-d1042763a591-a75adf4b,decode,1,0,452712,5,d61968e8-e4aa-43a2-8ca8-85b623ffd1e5_dp1,0
1780281007.1509333,1780281007.1590347,8.101463317871094,chatcmpl-9151b690-e38d-424c-a2c5-1574789209c6-bc9f12b0,decode,1,0,452712,6,d61968e8-e4aa-43a2-8ca8-85b623ffd1e5_dp0,0
1780281007.342357,1780281007.3586776,16.32070541381836,chatcmpl-9412a55a-e2b8-4a95-a7e0-a330809865f4-a077a8ff,decode,1,0,452712,40,d61968e8-e4aa-43a2-8ca8-85b623ffd1e5_dp0,0
1780281007.3728402,1780281007.3842227,11.382579803466797,chatcmpl-43c6db13-d37d-4877-9fc8-3444da8b0322-b0eba415,decode,1,0,452712,2,d61968e8-e4aa-43a2-8ca8-85b623ffd1e5_dp0,0
1780281007.4059284,1780281007.4212885,15.360116958618164,chatcmpl-57372cca-375b-498b-8c7e-72cadd9259fc-a2c4d3f2,decode,1,0,452712,32,d61968e8-e4aa-43a2-8ca8-85b623ffd1e5_dp1,0
1780281007.4538198,1780281007.4712117,17.39192008972168,chatcmpl-2cc5a25b-4af7-48fd-ab45-85bdfc310158-ac8911c0,decode,1,0,452712,26,d61968e8-e4aa-43a2-8ca8-85b623ffd1e5_dp1,0
1780281007.684268,1780281007.6999106,15.642642974853516,chatcmpl-4653a0ca-df40-478d-89a8-926a169f5954-944a30ff,decode,1,0,452712,45,d61968e8-e4aa-43a2-8ca8-85b623ffd1e5_dp0,0
1780281007.7762122,1780281007.7880359,11.823654174804688,chatcmpl-fc43061c-2fad-460c-89de-821080071c92-b3b27437,decode,1,0,452712,2,d61968e8-e4aa-43a2-8ca8-85b623ffd1e5_dp0,0
1780281007.858473,1780281007.8624704,3.997325897216797,chatcmpl-34dd1039-8084-476b-aae4-411ceb9c9d6f-84da2ee0,decode,1,0,452712,21,d61968e8-e4aa-43a2-8ca8-85b623ffd1e5_dp1,0
1780281007.943266,1780281007.9498415,6.575584411621094,chatcmpl-6f143fca-86e8-49b6-a2b0-f172bd8c732e-b2962c12,decode,1,0,452712,23,d61968e8-e4aa-43a2-8ca8-85b623ffd1e5_dp1,0
1780281008.0135202,1780281008.0245564,11.036157608032227,chatcmpl-d962e570-7d32-4386-abd3-d8f4ec4b0c99-befc4db5,decode,1,0,452712,2,d61968e8-e4aa-43a2-8ca8-85b623ffd1e5_dp0,0
1780281008.0782995,1780281008.0887346,10.435104370117188,chatcmpl-7c7d6320-b81c-4416-aa84-f30f3d04b465-87152ea9,decode,1,0,452712,2,d61968e8-e4aa-43a2-8ca8-85b623ffd1e5_dp1,0
1780281008.1802318,1780281008.1886644,8.432626724243164,chatcmpl-ebee64b0-5eab-487f-97b5-a3c5959ec95c-bfc73ef5,decode,1,0,452712,6,d61968e8-e4aa-43a2-8ca8-85b623ffd1e5_dp1,0
1780281008.2135918,1780281008.2258167,12.224912643432617,chatcmpl-0b0bd768-a1a7-47ff-a58f-4cc0bdc1258f-9911080e,decode,1,0,452712,1,d61968e8-e4aa-43a2-8ca8-85b623ffd1e5_dp1,0
1780281008.258747,1780281008.2629771,4.230022430419922,chatcmpl-30ed1e9d-3d87-4dec-8999-a7033a4e9b9a-8a1d71ee,decode,1,0,452712,22,d61968e8-e4aa-43a2-8ca8-85b623ffd1e5_dp0,0
1780281008.3155227,1780281008.325199,9.676218032836914,chatcmpl-7a1ba2c3-c60d-4d6b-987b-1b81636f45d6-9ef8ad3a,decode,1,0,452712,4,d61968e8-e4aa-43a2-8ca8-85b623ffd1e5_dp1,0
1780281008.3549685,1780281008.3747034,19.734859466552734,chatcmpl-9c902f1e-6fa8-4098-8787-8f54649c6489-bf66543f,decode,1,0,452712,29,d61968e8-e4aa-43a2-8ca8-85b623ffd1e5_dp0,0
1780281008.5088189,1780281008.5188782,10.059356689453125,chatcmpl-8a38f06f-9a69-43e5-bc67-7b747d303b64-9a1e2097,decode,1,0,452712,35,d61968e8-e4aa-43a2-8ca8-85b623ffd1e5_dp1,0
1780281008.5183854,1780281008.5249462,6.560802459716797,chatcmpl-f8e8100a-19c6-46d1-9163-5c43d16c0470-9b251fee,decode,1,0,452712,2,d61968e8-e4aa-43a2-8ca8-85b623ffd1e5_dp0,0
1780281008.5755665,1780281008.587384,11.817455291748047,chatcmpl-864fc7ba-7602-4c80-9e72-b9788b5c3a6a-b21ccaa2,decode,1,0,452712,2,d61968e8-e4aa-43a2-8ca8-85b623ffd1e5_dp0,0
1780281008.6880155,1780281008.6981683,10.152816772460938,chatcmpl-2ba0592f-40b1-4e7e-8161-523116b7d865-895dde44,decode,1,0,452712,3,d61968e8-e4aa-43a2-8ca8-85b623ffd1e5_dp0,0
1780281008.9627576,1780281008.9818058,19.048213958740234,chatcmpl-e31b2dfa-1a2a-48d4-bfc3-9378b6c999dc-b821cf06,decode,1,0,452712,65,d61968e8-e4aa-43a2-8ca8-85b623ffd1e5_dp1,0
1780281008.9814658,1780281008.9905586,9.09280776977539,chatcmpl-8fe4cdaf-37e7-44b7-9c20-c5c08c36c28c-8fc1d86d,decode,1,0,452712,5,d61968e8-e4aa-43a2-8ca8-85b623ffd1e5_dp0,0
1780281009.0374296,1780281009.052684,15.254497528076172,chatcmpl-78faba7a-fc54-4ea0-a6c1-ec683b830297-b5ff1b23,decode,1,0,452712,40,d61968e8-e4aa-43a2-8ca8-85b623ffd1e5_dp1,0
1780281009.1113005,1780281009.1271777,15.877246856689453,chatcmpl-8242e260-289b-4e89-91cc-786c5b55bea5-9092fe27,decode,1,0,452712,32,d61968e8-e4aa-43a2-8ca8-85b623ffd1e5_dp0,0
1780281009.3304768,1780281009.3417325,11.255741119384766,chatcmpl-0da448df-1829-4d21-bf03-0c78ce82ae5d-92ba875e,decode,1,0,452712,2,d61968e8-e4aa-43a2-8ca8-85b623ffd1e5_dp0,0
1780281009.3555126,1780281009.3664253,10.912656784057617,chatcmpl-007e5e60-a37c-438f-824c-85c627e465d9-8f83f454,decode,1,0,452712,2,d61968e8-e4aa-43a2-8ca8-85b623ffd1e5_dp0,0
1780281009.3872309,1780281009.4045548,17.323970794677734,chatcmpl-f0dacc1f-9de5-4f0e-a164-44c591edf2fb-9f91cc24,decode,1,0,452712,10,d61968e8-e4aa-43a2-8ca8-85b623ffd1e5_dp1,0
1780281009.7004912,1780281009.7052617,4.770517349243164,chatcmpl-290346e3-9273-490e-82fd-0e032d4b8f45-91f638ae,decode,1,0,452712,18,d61968e8-e4aa-43a2-8ca8-85b623ffd1e5_dp1,0
1780281009.7543788,1780281009.7794545,25.075674057006836,chatcmpl-10203836-39bb-401c-a10f-3e08e7af568f-ac72a08a,decode,1,0,452712,21,d61968e8-e4aa-43a2-8ca8-85b623ffd1e5_dp0,0
1780281009.7638261,1780281009.7795,15.67387580871582,chatcmpl-41fbf392-81ac-45c9-adb4-d51424c75f41-8734fb71,decode,1,0,452712,20,d61968e8-e4aa-43a2-8ca8-85b623ffd1e5_dp1,0
1780281009.8078735,1780281009.8174098,9.536266326904297,chatcmpl-296db254-a996-4245-b9cd-20c239a8ee64-b4e039ec,decode,1,0,452712,17,d61968e8-e4aa-43a2-8ca8-85b623ffd1e5_dp0,0
1780281009.9693713,1780281009.9774618,8.090496063232422,chatcmpl-6d4a4826-ae6d-4b29-bed0-2207ab8f4b6c-a252dfe3,decode,1,0,452712,23,d61968e8-e4aa-43a2-8ca8-85b623ffd1e5_dp0,0
1780281010.0786667,1780281010.0898268,11.160135269165039,chatcmpl-a33ab867-a773-4cb0-9fe8-84e08aa74d2e-95261cdb,decode,1,0,452712,2,d61968e8-e4aa-43a2-8ca8-85b623ffd1e5_dp0,0
1780281010.2155561,1780281010.2260127,10.456562042236328,chatcmpl-955fbbb7-7b68-40b2-a6af-13f25fdfc974-a9dc28ed,decode,1,0,452712,2,d61968e8-e4aa-43a2-8ca8-85b623ffd1e5_dp1,0
1780281010.3237796,1780281010.339078,15.29836654663086,chatcmpl-9f3907f3-1e18-4d08-a7e5-7e07725a7fd1-952c0f30,decode,1,0,452712,43,d61968e8-e4aa-43a2-8ca8-85b623ffd1e5_dp1,0
1780281010.357579,1780281010.364982,7.402896881103516,chatcmpl-0bc2bfa5-4d96-4f4b-b68f-96ffd5d4ce25-ac8cd835,decode,1,0,452712,23,d61968e8-e4aa-43a2-8ca8-85b623ffd1e5_dp1,0
1780281010.364606,1780281010.3767953,12.189388275146484,chatcmpl-1a12c429-792e-43cf-91bd-fa457e368e59-a37a61ff,decode,1,0,452712,1,d61968e8-e4aa-43a2-8ca8-85b623ffd1e5_dp0,0
1780281010.8311977,1780281010.8404174,9.219646453857422,chatcmpl-b4859e49-7327-464a-b044-c45dadd935d7-a430e0fb,decode,1,0,452712,12,d61968e8-e4aa-43a2-8ca8-85b623ffd1e5_dp0,0
1780281010.8545246,1780281010.865387,10.862350463867188,chatcmpl-75161cf4-2f66-445a-b9a7-5ae258745a4d-9343737c,decode,1,0,452712,2,d61968e8-e4aa-43a2-8ca8-85b623ffd1e5_dp1,0
1780281011.0767896,1780281011.086551,9.761333465576172,chatcmpl-f4017ed7-6185-48bf-94d9-95a9a1a324cc-8c2a008b,decode,1,0,452712,3,d61968e8-e4aa-43a2-8ca8-85b623ffd1e5_dp1,0
1780281011.1371863,1780281011.1476302,10.443925857543945,chatcmpl-f79e4a7f-f8dd-47e4-a27a-7e43399e990f-bb877468,decode,1,0,452712,2,d61968e8-e4aa-43a2-8ca8-85b623ffd1e5_dp0,0
1780281011.174498,1780281011.1846547,10.156631469726562,chatcmpl-28a603c6-7eb6-45a6-b0d9-b27a87da1b2d-89b4dc03,decode,1,0,452712,3,d61968e8-e4aa-43a2-8ca8-85b623ffd1e5_dp1,0
1780281011.3987336,1780281011.4193788,20.6451416015625,chatcmpl-5a5c70a2-cdb1-44da-a069-34537f938f70-993ecaed,decode,1,0,452712,31,d61968e8-e4aa-43a2-8ca8-85b623ffd1e5_dp1,0
1780281011.515275,1780281011.5301256,14.850616455078125,chatcmpl-017efe89-2169-4984-8b05-09cf181d5bd5-a62f2434,decode,1,0,452712,44,d61968e8-e4aa-43a2-8ca8-85b623ffd1e5_dp1,0
1780281011.546549,1780281011.566583,20.033836364746094,chatcmpl-281ec43a-0585-4e28-8aaf-e758e604afa8-8df150f2,decode,1,0,452712,24,d61968e8-e4aa-43a2-8ca8-85b623ffd1e5_dp1,0
1780281011.6568484,1780281011.6664739,9.625434875488281,chatcmpl-50cb4a33-4db4-4197-aa80-2b168a167de8-b70e0008,decode,1,0,452712,11,d61968e8-e4aa-43a2-8ca8-85b623ffd1e5_dp1,0
1780281011.7770271,1780281011.7962449,19.217729568481445,chatcmpl-630d916a-5eed-46f7-a48d-371204bf3562-bedce0b6,decode,1,0,452712,42,d61968e8-e4aa-43a2-8ca8-85b623ffd1e5_dp1,0
1780281011.7958617,1780281011.805236,9.374380111694336,chatcmpl-54aee795-b11e-472f-be85-3fa911afae8f-809237da,decode,1,0,452712,5,d61968e8-e4aa-43a2-8ca8-85b623ffd1e5_dp0,0
1780281011.8048842,1780281011.8052835,0.3993511199951172,chatcmpl-19f44d22-0326-4bd9-b748-7b70a4792238-916a4513,decode,1,0,452712,1,d61968e8-e4aa-43a2-8ca8-85b623ffd1e5_dp1,0
1780281011.8554022,1780281011.8704152,15.012979507446289,chatcmpl-2d69e780-15dc-4282-89a0-07446f5d57fb-b63f5409,decode,1,0,452712,2,d61968e8-e4aa-43a2-8ca8-85b623ffd1e5_dp1,0
1780281011.870113,1780281011.8790607,8.94784927368164,chatcmpl-90ac828b-82ad-4636-809e-90dd9f653090-8233a062,decode,1,0,452712,20,d61968e8-e4aa-43a2-8ca8-85b623ffd1e5_dp0,0
1780281012.1292417,1780281012.1400633,10.82158088684082,chatcmpl-39d3caa2-9a6f-4c68-ad54-28a4f5d390b9-b5c7351b,decode,1,0,452712,2,d61968e8-e4aa-43a2-8ca8-85b623ffd1e5_dp0,0
1780281012.2945645,1780281012.305867,11.302471160888672,chatcmpl-75718179-5c17-4a05-b1b1-f72f78c69501-a37c5964,decode,1,0,452712,15,d61968e8-e4aa-43a2-8ca8-85b623ffd1e5_dp1,0
1780281012.3055756,1780281012.3140268,8.451223373413086,chatcmpl-e99292ea-a714-4e9c-9273-07ef7e787904-bca893d7,decode,1,0,452712,20,d61968e8-e4aa-43a2-8ca8-85b623ffd1e5_dp0,0
1780281012.3294985,1780281012.338684,9.185552597045898,chatcmpl-5b927385-61b0-4fbd-a118-7544458c9f24-8aa9dc78,decode,1,0,452712,13,d61968e8-e4aa-43a2-8ca8-85b623ffd1e5_dp0,0
1780281012.391646,1780281012.4004612,8.815288543701172,chatcmpl-deb020ca-b1ee-46f5-a628-2723acc8392f-b63122a2,decode,1,0,452712,20,d61968e8-e4aa-43a2-8ca8-85b623ffd1e5_dp1,0
1780281012.4256115,1780281012.4258547,0.24318695068359375,chatcmpl-789c446b-5b50-46bb-9182-2430f1d65546-a57e58f8,decode,1,0,452712,1,d61968e8-e4aa-43a2-8ca8-85b623ffd1e5_dp1,0
1780281012.6089563,1780281012.6287546,19.79827880859375,chatcmpl-12ee2877-f812-4f6d-b450-7c6f5c6bac77-a3addf7b,decode,1,0,452712,41,d61968e8-e4aa-43a2-8ca8-85b623ffd1e5_dp0,0
1780281012.628438,1780281012.6366777,8.23974609375,chatcmpl-6a491a26-fc70-4017-842a-7fb8fbdb290d-a9569d25,decode,1,0,452712,16,d61968e8-e4aa-43a2-8ca8-85b623ffd1e5_dp0,0
1780281012.7809234,1780281012.785656,4.732608795166016,chatcmpl-961237c5-7232-4840-8739-b39a984371bc-bfba1678,decode,1,0,452712,20,d61968e8-e4aa-43a2-8ca8-85b623ffd1e5_dp0,0
1780281012.8828013,1780281012.8977568,14.955520629882812,chatcmpl-37b18eab-64aa-4805-9682-5f93bfeb931b-870c7e43,decode,1,0,452712,41,d61968e8-e4aa-43a2-8ca8-85b623ffd1e5_dp0,0
1780281012.9471054,1780281012.9622362,15.130758285522461,chatcmpl-c4866c74-a335-4b4f-b5e1-46992be8c2cc-a6ee4886,decode,1,0,452712,49,d61968e8-e4aa-43a2-8ca8-85b623ffd1e5_dp1,0
1780281013.0185978,1780281013.037263,18.665075302124023,chatcmpl-91f223ce-3625-44e5-a595-fa105a7775c9-8e4b2683,decode,1,0,452712,25,d61968e8-e4aa-43a2-8ca8-85b623ffd1e5_dp0,0
1780281013.2373095,1780281013.2528718,15.562295913696289,chatcmpl-d52605fc-8142-42db-99b7-6a0a8bd1636a-a6c329d3,decode,1,0,452712,51,d61968e8-e4aa-43a2-8ca8-85b623ffd1e5_dp1,0
1780281013.2997026,1780281013.3156383,15.935659408569336,chatcmpl-1867f9ad-0c56-445b-b3ca-8cce122e35df-82a41bbe,decode,1,0,452712,40,d61968e8-e4aa-43a2-8ca8-85b623ffd1e5_dp1,0
1780281013.4338229,1780281013.4511611,17.338275909423828,chatcmpl-0fbbb1d5-efb1-4df6-929e-ab66698db578-9229f40a,decode,1,0,452712,59,d61968e8-e4aa-43a2-8ca8-85b623ffd1e5_dp0,0
1780281013.450558,1780281013.4617715,11.213541030883789,chatcmpl-7cbb2d8f-0979-4cca-b389-4ae58a9ec490-8bd505c0,decode,1,0,452712,2,d61968e8-e4aa-43a2-8ca8-85b623ffd1e5_dp0,0
1780281013.7017817,1780281013.7174728,15.691041946411133,chatcmpl-cae41159-14fb-45b3-84a7-902aa206c037-83b0b21e,decode,1,0,452712,51,d61968e8-e4aa-43a2-8ca8-85b623ffd1e5_dp1,0
1780281013.772501,1780281013.780541,8.03995132446289,chatcmpl-01b295a7-d3ac-4c65-8214-56ca14c9ea7c-882020f2,decode,1,0,452712,6,d61968e8-e4aa-43a2-8ca8-85b623ffd1e5_dp0,0
1780281013.773139,1780281013.7805817,7.442712783813477,chatcmpl-ffd4273b-3b6e-4dea-bb33-b8a42673d70d-ae749241,decode,1,0,452712,1,d61968e8-e4aa-43a2-8ca8-85b623ffd1e5_dp0,0
1780281013.7800608,1780281013.780629,0.5681514739990234,chatcmpl-1289e609-8a29-498a-9da4-b50c19c1f697-952ad46a,decode,1,0,452712,1,d61968e8-e4aa-43a2-8ca8-85b623ffd1e5_dp1,0
1780281013.951715,1780281013.974735,23.020029067993164,chatcmpl-8c75ea64-19f5-4b76-ae13-787a813056f8-8c9ff688,decode,1,0,452712,45,d61968e8-e4aa-43a2-8ca8-85b623ffd1e5_dp1,0
1780281013.959691,1780281013.974793,15.101909637451172,chatcmpl-855ad89f-3cf7-4ed1-b259-5617355711e2-844aabe3,decode,1,0,452712,12,d61968e8-e4aa-43a2-8ca8-85b623ffd1e5_dp0,0
1780281013.9740155,1780281013.9803212,6.305694580078125,chatcmpl-751db292-3e54-40ea-92cc-f96a01309804-baf98f83,decode,1,0,452712,3,d61968e8-e4aa-43a2-8ca8-85b623ffd1e5_dp1,0
1780281014.0319066,1780281014.0416832,9.776592254638672,chatcmpl-4ebf1427-2d65-40a3-b890-c676ab8acf17-953f21bf,decode,1,0,452712,3,d61968e8-e4aa-43a2-8ca8-85b623ffd1e5_dp1,0
1780281014.1470275,1780281014.1537821,6.754636764526367,chatcmpl-1dcc5dc2-d430-48d6-b2f2-1f091d585860-a7a1f207,decode,1,0,452712,21,d61968e8-e4aa-43a2-8ca8-85b623ffd1e5_dp0,0
1780281014.250223,1780281014.265722,15.499114990234375,chatcmpl-aebc9fd4-2f01-40a6-82a6-ea7abaaecf7e-b7679e26,decode,1,0,452712,35,d61968e8-e4aa-43a2-8ca8-85b623ffd1e5_dp1,0
1780281014.2852085,1780281014.3031707,17.962217330932617,chatcmpl-34db3d03-5b4b-4910-8592-a1234342a857-848df9fc,decode,1,0,452712,25,d61968e8-e4aa-43a2-8ca8-85b623ffd1e5_dp0,0
1780281014.4215627,1780281014.4275038,5.941152572631836,chatcmpl-0319331f-bf9f-44d8-b5c8-c3305a24b8c1-9fc763f1,decode,1,0,452712,7,d61968e8-e4aa-43a2-8ca8-85b623ffd1e5_dp0,0
1780281014.5228367,1780281014.5398633,17.026662826538086,chatcmpl-28b181ae-075b-454f-a3e1-03b5c3557069-b534b875,decode,1,0,452712,30,d61968e8-e4aa-43a2-8ca8-85b623ffd1e5_dp0,0
1780281014.6335564,1780281014.6558626,22.306203842163086,chatcmpl-fb2109e8-aee0-46dd-a280-934900b7ca7a-a8b66bc8,decode,1,0,452712,26,d61968e8-e4aa-43a2-8ca8-85b623ffd1e5_dp1,0
1780281014.6739357,1780281014.680486,6.550312042236328,chatcmpl-03f74c61-cc4f-4665-b6bb-e7d5ba5626e3-82a82191,decode,1,0,452712,24,d61968e8-e4aa-43a2-8ca8-85b623ffd1e5_dp0,0
1780281014.7233188,1780281014.7300742,6.755352020263672,chatcmpl-7c1c6039-3940-4d4e-8b9f-7c736e56e83c-815a05e6,decode,1,0,452712,20,d61968e8-e4aa-43a2-8ca8-85b623ffd1e5_dp1,0
1780281014.763587,1780281014.7803292,16.742229461669922,chatcmpl-1c4fc785-5725-45e0-b1bb-a56a9bed2b0d-ad648ee8,decode,1,0,452712,25,d61968e8-e4aa-43a2-8ca8-85b623ffd1e5_dp0,0
1780281014.9517708,1780281014.9789484,27.17757225036621,chatcmpl-97c2a557-683f-4351-99cc-ec9b87c94774-8eecc6b4,decode,1,0,452712,39,d61968e8-e4aa-43a2-8ca8-85b623ffd1e5_dp1,0
1780281014.971853,1780281014.9789948,7.141828536987305,chatcmpl-bb4b0c5c-642d-43a4-a606-4b92a2cd4ebc-928779e9,decode,1,0,452712,13,d61968e8-e4aa-43a2-8ca8-85b623ffd1e5_dp1,0
1780281014.978532,1780281014.9940746,15.54250717163086,chatcmpl-7b75a6e9-40c7-4670-8509-e0c6a73385b5-b6347d78,decode,1,0,452712,17,d61968e8-e4aa-43a2-8ca8-85b623ffd1e5_dp0,0
1780281015.0831137,1780281015.083599,0.48542022705078125,chatcmpl-e1d954ec-2161-447a-bce8-5485d3983a95-a96198f6,decode,1,0,452712,1,d61968e8-e4aa-43a2-8ca8-85b623ffd1e5_dp1,0
1780281015.1249106,1780281015.131832,6.921291351318359,chatcmpl-317e65d7-a202-4e01-b124-c19cb8d32e77-9ba0a19f,decode,1,0,452712,18,d61968e8-e4aa-43a2-8ca8-85b623ffd1e5_dp1,0
1780281015.1830883,1780281015.1939108,10.822534561157227,chatcmpl-8881a467-7607-46b0-94ed-5e3c25ecc934-8e23bf33,decode,1,0,452712,2,d61968e8-e4aa-43a2-8ca8-85b623ffd1e5_dp1,0
1780281015.2146215,1780281015.2313924,16.77083969116211,chatcmpl-f2f726ae-c2c2-4457-9cf8-f95b50969eb8-931c7b42,decode,1,0,452712,28,d61968e8-e4aa-43a2-8ca8-85b623ffd1e5_dp1,0
1780281015.4348142,1780281015.4461691,11.354923248291016,chatcmpl-c2c4bc1d-4f21-4624-87f2-fdbff827037b-8edbfeaa,decode,1,0,452712,2,d61968e8-e4aa-43a2-8ca8-85b623ffd1e5_dp0,0
1780281015.5387795,1780281015.5556214,16.841888427734375,chatcmpl-2a774456-4d1f-44c9-89a9-50f8ba6f3a3d-9719d63c,decode,1,0,452712,24,d61968e8-e4aa-43a2-8ca8-85b623ffd1e5_dp1,0
1780281015.554807,1780281015.5635033,8.696317672729492,chatcmpl-6136ada1-e3f3-48e8-adc1-342a1e9dc199-8d3947a6,decode,1,0,452712,4,d61968e8-e4aa-43a2-8ca8-85b623ffd1e5_dp1,0
1780281015.5896196,1780281015.600249,10.629415512084961,chatcmpl-42a4ab84-a552-49a1-9e9e-017eeee6ef1d-9f10fc98,decode,1,0,452712,2,d61968e8-e4aa-43a2-8ca8-85b623ffd1e5_dp0,0
1780281015.6764698,1780281015.6875854,11.115550994873047,chatcmpl-0541a098-2afb-491b-9fce-c5d775db4e22-a0b41eb8,decode,1,0,452712,2,d61968e8-e4aa-43a2-8ca8-85b623ffd1e5_dp0,0
1780281015.7390463,1780281015.7496018,10.555505752563477,chatcmpl-dd91a3ab-c103-4701-b528-b2781134e989-a684cad7,decode,1,0,452712,2,d61968e8-e4aa-43a2-8ca8-85b623ffd1e5_dp0,0
1780281015.7767465,1780281015.7872663,10.519742965698242,chatcmpl-0e68b842-4ad6-4f58-af6c-3ae654e1234a-8d6e4ec1,decode,1,0,452712,2,d61968e8-e4aa-43a2-8ca8-85b623ffd1e5_dp1,0
1780281015.8138592,1780281015.8243916,10.532379150390625,chatcmpl-b763777b-945a-4b22-803f-3224456c16bf-b44a5fce,decode,1,0,452712,2,d61968e8-e4aa-43a2-8ca8-85b623ffd1e5_dp0,0
1780281015.90273,1780281015.9118555,9.125471115112305,chatcmpl-de0a56be-8b4f-4618-98a9-71be3d8e301d-b322d75b,decode,1,0,452712,4,d61968e8-e4aa-43a2-8ca8-85b623ffd1e5_dp1,0
1780281016.155809,1780281016.1799524,24.143457412719727,chatcmpl-b37f6b10-aa75-4e6c-ba6c-b6fb4316be43-973aaf36,decode,1,0,452712,34,d61968e8-e4aa-43a2-8ca8-85b623ffd1e5_dp1,0
1780281016.179507,1780281016.2008739,21.36683464050293,chatcmpl-a3e4da09-d92b-4349-86fa-a5d4ff79210a-9575463d,decode,1,0,452712,26,d61968e8-e4aa-43a2-8ca8-85b623ffd1e5_dp0,0
1780281016.2003784,1780281016.2108936,10.515213012695312,chatcmpl-410e4f30-7154-4b6d-bfcc-d44d2a088a4d-ab5fae80,decode,1,0,452712,2,d61968e8-e4aa-43a2-8ca8-85b623ffd1e5_dp0,0
1780281016.2877066,1780281016.2981591,10.452508926391602,chatcmpl-b0b26501-474b-47ca-a414-5d5f8849c249-a03f0a39,decode,1,0,452712,2,d61968e8-e4aa-43a2-8ca8-85b623ffd1e5_dp0,0
1780281016.4325755,1780281016.436838,4.262447357177734,chatcmpl-f24ead03-d75a-412a-bcf7-8987c360d1e9-a62f8b55,decode,1,0,452712,10,d61968e8-e4aa-43a2-8ca8-85b623ffd1e5_dp0,0
1780281016.5381184,1780281016.54811,9.991645812988281,chatcmpl-f822c3d6-19cc-4104-9815-8f8c38cebe62-977ad593,decode,1,0,452712,2,d61968e8-e4aa-43a2-8ca8-85b623ffd1e5_dp0,0
1780281016.5776417,1780281016.5856085,7.966756820678711,chatcmpl-bc5db227-7125-4d19-9c64-ae567b2328af-ab640aff,decode,1,0,452712,5,d61968e8-e4aa-43a2-8ca8-85b623ffd1e5_dp0,0
1780281016.7137966,1780281016.722826,9.029388427734375,chatcmpl-b7b27e0f-5c2d-423f-b9ef-39ae33b48677-83815be4,decode,1,0,452712,4,d61968e8-e4aa-43a2-8ca8-85b623ffd1e5_dp0,0
1780281016.7868693,1780281016.7971501,10.280847549438477,chatcmpl-0d902ae3-7b17-4fc3-aa62-2ffe8d614f8c-b6c64b12,decode,1,0,452712,2,d61968e8-e4aa-43a2-8ca8-85b623ffd1e5_dp0,0
1780281017.0113873,1780281017.0250592,13.671875,chatcmpl-0a1f698a-8e25-4bb2-b24a-07216c75fa90-8600385b,decode,1,0,452712,50,d61968e8-e4aa-43a2-8ca8-85b623ffd1e5_dp1,0
1780281017.024726,1780281017.0406096,15.883684158325195,chatcmpl-1c0fed09-e643-4f4f-8651-8dc6fd7c6695-aadfb486,decode,1,0,452712,3,d61968e8-e4aa-43a2-8ca8-85b623ffd1e5_dp0,0
1780281017.0597515,1780281017.0778666,18.11504364013672,chatcmpl-9a2a7abd-b0e4-4702-a74b-5d2a14be77e6-8aa399ff,decode,1,0,452712,30,d61968e8-e4aa-43a2-8ca8-85b623ffd1e5_dp1,0
1780281017.178073,1780281017.178646,0.5731582641601562,chatcmpl-c23459d1-b556-4c9c-8456-0fdc44ca1641-b907c89b,decode,1,0,452712,1,d61968e8-e4aa-43a2-8ca8-85b623ffd1e5_dp1,0
1780281017.2594686,1780281017.2680275,8.558988571166992,chatcmpl-5018f1c2-5e58-45a3-a4e4-8ef38e656b4d-895c9515,decode,1,0,452712,16,d61968e8-e4aa-43a2-8ca8-85b623ffd1e5_dp1,0
1780281017.5304132,1780281017.5462987,15.885591506958008,chatcmpl-e9422624-e5dd-4d50-b885-d3c5d77936cf-884e4a45,decode,1,0,452712,35,d61968e8-e4aa-43a2-8ca8-85b623ffd1e5_dp1,0
1780281017.6876523,1780281017.698731,11.078596115112305,chatcmpl-c544c023-34b2-4ccd-b12f-5617b4c4a746-b799f56b,decode,1,0,452712,2,d61968e8-e4aa-43a2-8ca8-85b623ffd1e5_dp1,0
1780281017.7145202,1780281017.7238922,9.37199592590332,chatcmpl-d7c02477-928d-4497-b78a-e4ead7a1c12a-addb1b4d,decode,1,0,452712,4,d61968e8-e4aa-43a2-8ca8-85b623ffd1e5_dp0,0
1780281017.8176486,1780281017.8261688,8.520126342773438,chatcmpl-d504f433-f6be-4250-a703-1cb9d0778b1f-b220972d,decode,1,0,452712,4,d61968e8-e4aa-43a2-8ca8-85b623ffd1e5_dp0,0
1780281018.069684,1780281018.0768123,7.128238677978516,chatcmpl-2afa38b5-b501-4d21-9019-82b63bfbe359-a4bc8e9e,decode,1,0,452712,21,d61968e8-e4aa-43a2-8ca8-85b623ffd1e5_dp0,0
1780281018.248773,1780281018.2591984,10.425329208374023,chatcmpl-a6e1459c-53e3-4a80-ad56-b853809fc619-9ed38a93,decode,1,0,452712,3,d61968e8-e4aa-43a2-8ca8-85b623ffd1e5_dp0,0
1780281018.4577997,1780281018.47341,15.610218048095703,chatcmpl-5744693b-95f8-4cd5-87e2-0f6debba5356-a884ad0c,decode,1,0,452712,49,d61968e8-e4aa-43a2-8ca8-85b623ffd1e5_dp0,0
1780281018.5563211,1780281018.5616462,5.325078964233398,chatcmpl-b1388f30-bec6-4b2f-a8bd-422d6276845f-b37fb7d0,decode,1,0,452712,24,d61968e8-e4aa-43a2-8ca8-85b623ffd1e5_dp0,0
1780281018.5891044,1780281018.598775,9.670495986938477,chatcmpl-c54dff4e-2c12-45de-8948-6c33c8aa48d7-84282d77,decode,1,0,452712,3,d61968e8-e4aa-43a2-8ca8-85b623ffd1e5_dp0,0
1780281018.7283673,1780281018.7467995,18.432140350341797,chatcmpl-5c92df9b-e433-4725-b201-66fd27100ce5-9dffdfa8,decode,1,0,452712,25,d61968e8-e4aa-43a2-8ca8-85b623ffd1e5_dp0,0
1780281019.0918334,1780281019.1047792,12.945890426635742,chatcmpl-b51ecbc5-ebaf-41df-8af5-140c56765812-a52e071e,decode,1,0,452712,39,d61968e8-e4aa-43a2-8ca8-85b623ffd1e5_dp1,0
1780281019.1044502,1780281019.1235383,19.088029861450195,chatcmpl-5bff924c-efb0-46bf-924a-0fe4329998f3-9b5a2a00,decode,1,0,452712,3,d61968e8-e4aa-43a2-8ca8-85b623ffd1e5_dp0,0
1780281019.1232004,1780281019.1323326,9.132146835327148,chatcmpl-dda6ceea-ccad-444e-8822-74439737ea2e-a630acde,decode,1,0,452712,14,d61968e8-e4aa-43a2-8ca8-85b623ffd1e5_dp0,0
1780281019.1734629,1780281019.181874,8.411169052124023,chatcmpl-a8fa72a6-cab7-47b8-a2fe-180c1e9a94b7-abed57e0,decode,1,0,452712,13,d61968e8-e4aa-43a2-8ca8-85b623ffd1e5_dp1,0
1780281019.295446,1780281019.3060524,10.606527328491211,chatcmpl-99578b60-0e7d-4490-8687-76590520c26b-b04b5d29,decode,1,0,452712,2,d61968e8-e4aa-43a2-8ca8-85b623ffd1e5_dp1,0
1780281019.49948,1780281019.5175633,18.08333396911621,chatcmpl-0de239c0-af0a-454b-8a3c-f6bfaf8aaa76-8191221b,decode,1,0,452712,34,d61968e8-e4aa-43a2-8ca8-85b623ffd1e5_dp1,0
1780281019.5325768,1780281019.5428655,10.288715362548828,chatcmpl-e5ec9f83-a4eb-48fc-bb7a-a3e091b8cd52-ad99ce73,decode,1,0,452712,3,d61968e8-e4aa-43a2-8ca8-85b623ffd1e5_dp0,0
1780281019.6188536,1780281019.6301057,11.252164840698242,chatcmpl-d29e3579-e145-4526-ae0b-729b80032c11-b6336da3,decode,1,0,452712,2,d61968e8-e4aa-43a2-8ca8-85b623ffd1e5_dp1,0
1780281019.7110887,1780281019.7174602,6.371498107910156,chatcmpl-fa64edbd-ad6e-47d5-97b7-dac8c9deda18-a7099db0,decode,1,0,452712,16,d61968e8-e4aa-43a2-8ca8-85b623ffd1e5_dp1,0
1780281019.7350597,1780281019.7554781,20.418405532836914,chatcmpl-2be639f1-715b-472a-9181-7e78acf37e09-8e099811,decode,1,0,452712,32,d61968e8-e4aa-43a2-8ca8-85b623ffd1e5_dp1,0
1780281019.8100383,1780281019.8304381,20.399808883666992,chatcmpl-23c7c797-3330-4069-ba8b-63420381207a-b7acf16a,decode,1,0,452712,32,d61968e8-e4aa-43a2-8ca8-85b623ffd1e5_dp0,0
1780281019.8815525,1780281019.8928702,11.317729949951172,chatcmpl-bc912e3a-c082-4dc3-907a-34b660db01a9-a9415dab,decode,1,0,452712,2,d61968e8-e4aa-43a2-8ca8-85b623ffd1e5_dp1,0
1780281020.131242,1780281020.1385593,7.317304611206055,chatcmpl-da94e681-b1ee-4445-8b36-1e3fd2cae304-a546d5d1,decode,1,0,452712,8,d61968e8-e4aa-43a2-8ca8-85b623ffd1e5_dp0,0
1780281020.1999917,1780281020.2002738,0.28204917907714844,chatcmpl-7634eb88-233a-4d29-86cc-62d09aa18159-bfc9b0cb,decode,1,0,452712,1,d61968e8-e4aa-43a2-8ca8-85b623ffd1e5_dp1,0
1780281020.3765497,1780281020.3959866,19.43683624267578,chatcmpl-833e58b8-1ef7-4093-990b-c97bf6c42997-a3b63e3a,decode,1,0,452712,32,d61968e8-e4aa-43a2-8ca8-85b623ffd1e5_dp0,0
1780281020.5233936,1780281020.53096,7.5664520263671875,chatcmpl-74956c56-4754-45b7-9abc-3d063b1fe855-908841de,decode,1,0,452712,21,d61968e8-e4aa-43a2-8ca8-85b623ffd1e5_dp1,0
1780281020.6314044,1780281020.6412036,9.79924201965332,chatcmpl-5ac030ec-f2c2-48d3-9054-353848496f7e-aef76c13,decode,1,0,452712,4,d61968e8-e4aa-43a2-8ca8-85b623ffd1e5_dp0,0
1780281020.8888128,1780281020.8984673,9.654521942138672,chatcmpl-c90ed8c9-280a-447f-bb73-1dce85fae06c-a4637242,decode,1,0,452712,4,d61968e8-e4aa-43a2-8ca8-85b623ffd1e5_dp1,0
1780281021.1502259,1780281021.1671782,16.9522762298584,chatcmpl-eabd9a21-d068-4e8a-9a90-130171b0a4e8-8533bbf5,decode,1,0,452712,37,d61968e8-e4aa-43a2-8ca8-85b623ffd1e5_dp0,0
1780281021.156017,1780281021.1672227,11.205673217773438,chatcmpl-017dfc02-6577-471b-8f5a-902fe109ac17-a5132238,decode,1,0,452712,2,d61968e8-e4aa-43a2-8ca8-85b623ffd1e5_dp1,0
1780281021.2522132,1780281021.2668083,14.59503173828125,chatcmpl-e833ec60-e4ef-4d81-b503-1a2d8fa75287-97306d10,decode,1,0,452712,61,d61968e8-e4aa-43a2-8ca8-85b623ffd1e5_dp0,0
1780281021.5016177,1780281021.512385,10.767221450805664,chatcmpl-b13db21b-9655-48bb-99ca-bb71cf70930c-80a84fda,decode,1,0,452712,3,d61968e8-e4aa-43a2-8ca8-85b623ffd1e5_dp0,0
1780281021.5414913,1780281021.5616083,20.11704444885254,chatcmpl-f9b4bf21-23e5-4e40-8b78-70ab92a3062e-bd994c1e,decode,1,0,452712,28,d61968e8-e4aa-43a2-8ca8-85b623ffd1e5_dp0,0
1780281021.5874395,1780281021.5982602,10.820627212524414,chatcmpl-89485f89-015f-41d9-adb0-3768e90a83e7-8a522496,decode,1,0,452712,2,d61968e8-e4aa-43a2-8ca8-85b623ffd1e5_dp1,0
1780281021.7220867,1780281021.733497,11.410236358642578,chatcmpl-e890687b-f6ff-457c-9aee-70b004375858-916d6a39,decode,1,0,452712,2,d61968e8-e4aa-43a2-8ca8-85b623ffd1e5_dp0,0
1780281021.7737427,1780281021.7825224,8.779764175415039,chatcmpl-68a1187a-f56b-4ed4-ad5d-3c3270e30ccf-b653ddfd,decode,1,0,452712,18,d61968e8-e4aa-43a2-8ca8-85b623ffd1e5_dp0,0
1780281021.8002367,1780281021.8070805,6.843805313110352,chatcmpl-9331483b-fbdb-4f85-8b8b-e7b9e4f601cc-8b6030b7,decode,1,0,452712,8,d61968e8-e4aa-43a2-8ca8-85b623ffd1e5_dp0,0
1780281021.9658735,1780281021.9809554,15.08188247680664,chatcmpl-fbf962b6-728a-405c-8b41-7579b05433b8-80bf595a,decode,1,0,452712,38,d61968e8-e4aa-43a2-8ca8-85b623ffd1e5_dp0,0
1780281022.0416207,1780281022.0591972,17.57645606994629,chatcmpl-7329f4f3-de23-44c0-8cd0-a80d3f2d8a31-9f2384df,decode,1,0,452712,49,d61968e8-e4aa-43a2-8ca8-85b623ffd1e5_dp1,0
1780281022.0589569,1780281022.0738225,14.865636825561523,chatcmpl-80bbe50e-ee54-4c8b-b720-1c842881bf2b-bab3b7ca,decode,1,0,452712,4,d61968e8-e4aa-43a2-8ca8-85b623ffd1e5_dp0,0
1780281022.1321952,1780281022.1473174,15.122175216674805,chatcmpl-4fe02513-b336-49d7-ae58-b81e7859904f-b262b4a9,decode,1,0,452712,41,d61968e8-e4aa-43a2-8ca8-85b623ffd1e5_dp1,0
1780281022.1470637,1780281022.1621528,15.089035034179688,chatcmpl-cbd7d549-7f87-41da-9894-a437b97e554b-b0192263,decode,1,0,452712,4,d61968e8-e4aa-43a2-8ca8-85b623ffd1e5_dp0,0
1780281022.2303813,1780281022.2554238,25.04253387451172,chatcmpl-f9369e2d-d568-4d86-8904-bb3dc157904a-aeaf4a86,decode,1,0,452712,55,d61968e8-e4aa-43a2-8ca8-85b623ffd1e5_dp1,0
1780281022.255152,1780281022.270524,15.372037887573242,chatcmpl-b05213f0-c7f8-4faf-8746-cb34b6e44a95-883ec5fc,decode,1,0,452712,9,d61968e8-e4aa-43a2-8ca8-85b623ffd1e5_dp1,0
1780281022.3108692,1780281022.319324,8.45479965209961,chatcmpl-f8ca8193-c3cf-40f6-aad0-c2c1b1a109a5-baf3813b,decode,1,0,452712,21,d61968e8-e4aa-43a2-8ca8-85b623ffd1e5_dp0,0
1780281022.4672,1780281022.4780898,10.889768600463867,chatcmpl-d24e79a3-861a-4861-a7ad-53c1e58da1dc-a5f87b58,decode,1,0,452712,2,d61968e8-e4aa-43a2-8ca8-85b623ffd1e5_dp0,0
1780281022.564619,1780281022.5754802,10.86115837097168,chatcmpl-3adbec15-2161-41ad-9f9a-ed4623607534-9cec2f59,decode,1,0,452712,2,d61968e8-e4aa-43a2-8ca8-85b623ffd1e5_dp1,0
1780281022.8247721,1780281022.8321707,7.3986053466796875,chatcmpl-a9ae588a-35b5-47de-bb5a-b554963ea880-9be4d836,decode,1,0,452712,7,d61968e8-e4aa-43a2-8ca8-85b623ffd1e5_dp0,0
1780281022.881865,1780281022.892418,10.55288314819336,chatcmpl-c3b76798-f4ca-4dd7-9862-2c456eefd68c-b56d66de,decode,1,0,452712,2,d61968e8-e4aa-43a2-8ca8-85b623ffd1e5_dp1,0
1780281023.0184805,1780281023.0292845,10.803937911987305,chatcmpl-7a7f541a-5c72-42ea-9ee4-2ef77da3875f-993bd656,decode,1,0,452712,2,d61968e8-e4aa-43a2-8ca8-85b623ffd1e5_dp1,0
1780281023.1058624,1780281023.1147084,8.846044540405273,chatcmpl-e70f49c9-9139-444a-a0a0-50ed6674324d-b8e465d9,decode,1,0,452712,5,d61968e8-e4aa-43a2-8ca8-85b623ffd1e5_dp0,0
1780281023.215668,1780281023.2294767,13.808727264404297,chatcmpl-38f9d708-76aa-4cc2-9002-0adf40be792c-8bab089b,decode,1,0,452712,30,d61968e8-e4aa-43a2-8ca8-85b623ffd1e5_dp0,0
1780281023.2290857,1780281023.2357516,6.665945053100586,chatcmpl-e4708e26-0e2d-4dfa-8760-941cf23c868c-92b08787,decode,1,0,452712,3,d61968e8-e4aa-43a2-8ca8-85b623ffd1e5_dp1,0
1780281023.3150146,1780281023.3369517,21.937131881713867,chatcmpl-6a4ccf36-20f7-4229-b6d0-fede6b1fbdad-a0ef0016,decode,1,0,452712,59,d61968e8-e4aa-43a2-8ca8-85b623ffd1e5_dp0,0
1780281023.3365903,1780281023.3545141,17.923831939697266,chatcmpl-c772777b-dbf8-4bef-8743-173439367d02-84fd4793,decode,1,0,452712,22,d61968e8-e4aa-43a2-8ca8-85b623ffd1e5_dp0,0
1780281023.4041805,1780281023.414594,10.413408279418945,chatcmpl-ab64d964-43ff-45fe-ad07-f8604e32f072-96922aaa,decode,1,0,452712,2,d61968e8-e4aa-43a2-8ca8-85b623ffd1e5_dp0,0
1780281023.6770017,1780281023.6932847,16.283035278320312,chatcmpl-d4fa3f5d-188e-4dce-8841-b084513162ae-809052a1,decode,1,0,452712,9,d61968e8-e4aa-43a2-8ca8-85b623ffd1e5_dp1,0
1780281023.8162704,1780281023.8316503,15.379905700683594,chatcmpl-bf7d70a8-7066-413a-84d5-1dc34f8c3560-a2c77c5a,decode,1,0,452712,49,d61968e8-e4aa-43a2-8ca8-85b623ffd1e5_dp1,0
1780281023.9542713,1780281023.9649718,10.700464248657227,chatcmpl-b8dfa3f3-4c99-4b15-b24d-e0aff70d9248-a1bbeccf,decode,1,0,452712,2,d61968e8-e4aa-43a2-8ca8-85b623ffd1e5_dp0,0
1780281024.052844,1780281024.0624926,9.648561477661133,chatcmpl-6a643688-bb57-468e-ae3f-da5743abfb23-bb368301,decode,1,0,452712,4,d61968e8-e4aa-43a2-8ca8-85b623ffd1e5_dp1,0
