start,end,duration_ms,poll_ts,poll_slack_ms,start_time_us,start_time_raw_s,start_time_s,start_time_to_poll_ms,post_begin_to_start_time_ms,post_cpu_ms,post_duration_ms,bytes_transferred,throughput_gbps,desc_count,req,handle,role,dp,tp,pid,n_blocks,remote_engine,remote_rank,interval_source
1780280866.6984637,1780280866.7007377,2.274,1780280866.700761,0.023365020751953125,137236660130,137236.66013,1780280866.6984637,2.2974014282226562,0.012159347534179688,2.213716506958008,2.174,3145728,1.3833456464379947,192,chatcmpl-a9e93396-9561-4ea6-8428-a54327d7f38b-9a8a07b5,"nixl_xfer_handle(0x5af9a2224100, released=False)",decode,0,0,452715,2,d61968e8-e4aa-43a2-8ca8-85b623ffd1e5_dp0,0,nixl_start_time
1780280866.9094458,1780280866.9540167,44.571,1780280866.9542258,0.2090930938720703,137236871112,137236.871112,1780280866.9094458,44.78001594543457,0.0064373016357421875,34.768104553222656,34.735,26738688,0.5999122299252877,1632,chatcmpl-d3f387a0-2e6f-4b9b-b7ae-691d9522d33e-a5d524a2,"nixl_xfer_handle(0x5af9a222ca60, released=False)",decode,0,0,452715,17,d61968e8-e4aa-43a2-8ca8-85b623ffd1e5_dp0,0,nixl_start_time
1780280866.9704676,1780280866.9822395,11.772,1780280866.9863791,4.13966178894043,137236932134,137236.932134,1780280866.9704676,15.911579132080078,0.00476837158203125,11.798620223999023,11.772,4718592,0.4008318042813456,288,chatcmpl-4dd7185b-a53b-4107-af3a-729cae3fb3bc-84bcea60,"nixl_xfer_handle(0x5af9a222ca60, released=False)",decode,0,0,452715,3,d61968e8-e4aa-43a2-8ca8-85b623ffd1e5_dp0,0,nixl_start_time
1780280867.9765368,1780280868.0688727,92.336,1780280868.0688963,0.023603439331054688,137237938203,137237.938203,1780280867.9765368,92.35954284667969,0.008106231689453125,41.01991653442383,35.869,66060288,0.7154337203257668,4032,chatcmpl-9d6bda04-f38f-43c3-826f-dbbd81f4ec92-aaab65db,"nixl_xfer_handle(0x5af9a22116a0, released=False)",decode,0,0,452715,42,d61968e8-e4aa-43a2-8ca8-85b623ffd1e5_dp0,0,nixl_start_time
1780280868.0383906,1780280868.0689297,30.539,1780280868.074048,5.118370056152344,137238000057,137238.000057,1780280868.0383906,35.657405853271484,0.00667572021484375,25.099515914916992,19.904,77070336,2.5236692753528276,4704,chatcmpl-cd61e3ce-9722-4dca-8335-6f6210692972-80de1dac,"nixl_xfer_handle(0x5af9a35c8cc0, released=False)",decode,0,0,452715,49,d61968e8-e4aa-43a2-8ca8-85b623ffd1e5_dp0,0,nixl_start_time
1780280868.7550447,1780280868.7760198,20.975,1780280868.7760344,0.014543533325195312,137238716711,137238.716711,1780280868.7550447,20.989656448364258,0.0035762786865234375,6.097555160522461,6.08,25165824,1.199800905840286,1536,chatcmpl-f4606827-31e0-450f-bde4-3909221c3428-b3bdd1af,"nixl_xfer_handle(0x5af9a22116a0, released=False)",decode,0,0,452715,16,d61968e8-e4aa-43a2-8ca8-85b623ffd1e5_dp0,0,nixl_start_time
1780280868.7612596,1780280868.7679515,6.692,1780280868.7760544,8.102893829345703,137238722926,137238.722926,1780280868.7612596,14.79482650756836,0.0021457672119140625,6.705045700073242,6.692,12582912,1.8802916915720262,768,chatcmpl-ecf0fab3-ae6f-4bc6-973f-2177be3b29b8-b008608b,"nixl_xfer_handle(0x5af9a35c5ca0, released=False)",decode,0,0,452715,8,d61968e8-e4aa-43a2-8ca8-85b623ffd1e5_dp0,0,nixl_start_time
1780280868.7681746,1780280868.8308637,62.68899999999999,1780280868.830882,0.018358230590820312,137238729841,137238.729841,1780280868.7681746,62.70742416381836,0.0021457672119140625,7.579803466796875,7.567,40894464,0.652338751615116,2496,chatcmpl-b14cd252-8b3c-4d04-b36b-9a7b728bf923-b96a6c8c,"nixl_xfer_handle(0x5af9a35c6d50, released=False)",decode,0,0,452715,26,d61968e8-e4aa-43a2-8ca8-85b623ffd1e5_dp0,0,nixl_start_time
1780280868.7907236,1780280868.8309367,40.213,1780280868.8309438,0.007152557373046875,137238752390,137238.75239,1780280868.7907236,40.22026062011719,0.0045299530029296875,6.4239501953125,6.407,42467328,1.056059682192326,2592,chatcmpl-bd6c4a48-fa96-4258-8f05-3fd51c07c1a1-a846696d,"nixl_xfer_handle(0x5af9a22116a0, released=False)",decode,0,0,452715,27,d61968e8-e4aa-43a2-8ca8-85b623ffd1e5_dp0,0,nixl_start_time
1780280868.7974536,1780280868.8310366,33.583,1780280868.831043,0.0064373016357421875,137238759120,137238.75912,1780280868.7974536,33.58936309814453,0.003337860107421875,15.795230865478516,15.763,64487424,1.9202401214900395,3936,chatcmpl-ae85ccc2-012f-4374-9df3-1725bddd4948-85c516f6,"nixl_xfer_handle(0x5af9a35cf320, released=False)",decode,0,0,452715,41,d61968e8-e4aa-43a2-8ca8-85b623ffd1e5_dp0,0,nixl_start_time
1780280868.8134277,1780280868.8708308,57.403000000000006,1780280868.8708436,0.012874603271484375,137238775094,137238.775094,1780280868.8134277,57.41596221923828,0.003337860107421875,2.0341873168945312,2.016,4718592,0.0822011393132763,288,chatcmpl-45b062be-8398-455d-9490-1a2b582b4f11-948f04a5,"nixl_xfer_handle(0x5af9a35ceae0, released=False)",decode,0,0,452715,3,d61968e8-e4aa-43a2-8ca8-85b623ffd1e5_dp0,0,nixl_start_time
1780280868.8157136,1780280868.8312566,15.543,1780280868.8312614,0.00476837158203125,137238777380,137238.77738,1780280868.8157136,15.547752380371094,0.00286102294921875,10.866641998291016,10.838,37748736,2.4286647365373484,2304,chatcmpl-191a1054-24d3-4e1c-be54-330163b01c3e-8c0d892e,"nixl_xfer_handle(0x5af9a35ca9a0, released=False)",decode,0,0,452715,24,d61968e8-e4aa-43a2-8ca8-85b623ffd1e5_dp0,0,nixl_start_time
1780280868.8348217,1780280868.8708727,36.051,1780280868.8708794,0.00667572021484375,137238796488,137238.796488,1780280868.8348217,36.05771064758301,0.0040531158447265625,7.441520690917969,7.423,50331648,1.3961234917200631,3072,chatcmpl-1df5e677-1355-4424-b9ef-2fd3e5aa267c-92a21260,"nixl_xfer_handle(0x5af9a35ca9a0, released=False)",decode,0,0,452715,32,d61968e8-e4aa-43a2-8ca8-85b623ffd1e5_dp0,0,nixl_start_time
1780280868.8425567,1780280868.8709028,28.346,1780280868.8709085,0.0057220458984375,137238804223,137238.804223,1780280868.8425567,28.351783752441406,0.0030994415283203125,16.922950744628906,16.893,61341696,2.164033584985536,3744,chatcmpl-ec93a7e2-2b1c-4578-ba1c-9850a1169825-91c9dc4d,"nixl_xfer_handle(0x5af9a35cf320, released=False)",decode,0,0,452715,39,d61968e8-e4aa-43a2-8ca8-85b623ffd1e5_dp0,0,nixl_start_time
1780280868.8597457,1780280868.8780696,18.324,1780280868.878089,0.019311904907226562,137238821412,137238.821412,1780280868.8597457,18.343210220336914,0.003814697265625,9.667396545410156,9.654,36175872,1.974234446627374,2208,chatcmpl-27bb427d-c963-4ee0-9832-fe37e1e69e8d-906490f2,"nixl_xfer_handle(0x5af9a22116a0, released=False)",decode,0,0,452715,23,d61968e8-e4aa-43a2-8ca8-85b623ffd1e5_dp0,0,nixl_start_time
1780280868.8694627,1780280868.8781097,8.647,1780280868.878162,0.05221366882324219,137238831129,137238.831129,1780280868.8694627,8.699178695678711,0.0021457672119140625,0.41961669921875,0.41,1572864,0.18189707412975598,48,chatcmpl-f368eba0-5a74-4ebc-a342-0bb24dfa9a66-88b77b53,"nixl_xfer_handle(0x5af9a35c6d50, released=False)",decode,0,0,452715,1,d61968e8-e4aa-43a2-8ca8-85b623ffd1e5_dp0,0,nixl_start_time
1780280868.8699167,1780280868.8781748,8.258,1780280868.8782504,0.07557868957519531,137238831583,137238.831583,1780280868.8699167,8.333683013916016,0.0016689300537109375,0.3502368927001953,0.339,1572864,0.1904654880116251,48,chatcmpl-5190641e-e3c8-4218-890f-fc1b4a02a65e-b5bb81b3,"nixl_xfer_handle(0x5af9a35c8000, released=False)",decode,0,0,452715,1,d61968e8-e4aa-43a2-8ca8-85b623ffd1e5_dp0,0,nixl_start_time
1780280869.1595337,1780280869.1601288,0.5950000000000001,1780280869.2142644,54.13556098937988,137239121200,137239.1212,1780280869.1595337,54.73065376281738,0.0035762786865234375,0.6117820739746094,0.595,1572864,2.643468907563025,48,chatcmpl-ef7b4a36-0f27-4459-a2b2-3129a3f80c78-b6521fba,"nixl_xfer_handle(0x5af9a376cbc0, released=False)",decode,0,0,452715,1,d61968e8-e4aa-43a2-8ca8-85b623ffd1e5_dp0,0,nixl_start_time
1780280869.1602106,1780280869.1725526,12.342,1780280869.2142813,41.72873497009277,137239121877,137239.121877,1780280869.1602106,54.07071113586426,0.002384185791015625,12.368440628051758,12.342,4718592,0.38231988332523087,288,chatcmpl-ac39b9f5-752c-4413-8614-0d48b4c9346f-8cac5adc,"nixl_xfer_handle(0x5af9a35e8f40, released=False)",decode,0,0,452715,3,d61968e8-e4aa-43a2-8ca8-85b623ffd1e5_dp1,0,nixl_start_time
1780280869.1727376,1780280869.1732926,0.555,1780280869.2142916,40.99893569946289,137239134404,137239.134404,1780280869.1727376,41.55397415161133,0.0040531158447265625,0.568389892578125,0.555,1572864,2.833989189189189,48,chatcmpl-953bc72c-7336-4465-b353-fd3437d808d3-acfc2295,"nixl_xfer_handle(0x5af9a35f8c00, released=False)",decode,0,0,452715,1,d61968e8-e4aa-43a2-8ca8-85b623ffd1e5_dp1,0,nixl_start_time
1780280869.1735156,1780280869.2143896,40.874,1780280869.2144008,0.011205673217773438,137239135182,137239.135182,1780280869.1735156,40.885210037231445,0.0030994415283203125,5.552768707275391,5.523,39321600,0.9620198659294417,2400,chatcmpl-a0ef5d4b-8a4a-4c3d-92f4-602fa8d01c4f-a8781114,"nixl_xfer_handle(0x5af9a35c6d50, released=False)",decode,0,0,452715,25,d61968e8-e4aa-43a2-8ca8-85b623ffd1e5_dp1,0,nixl_start_time
1780280869.1791856,1780280869.2144365,35.251,1780280869.2144835,0.04696846008300781,137239140852,137239.140852,1780280869.1791856,35.29787063598633,0.003337860107421875,1.720428466796875,1.704,3145728,0.08923797906442371,192,chatcmpl-866fc6c5-9f16-4836-8271-207e66c427e9-807e8b35,"nixl_xfer_handle(0x5af9a22116a0, released=False)",decode,0,0,452715,2,d61968e8-e4aa-43a2-8ca8-85b623ffd1e5_dp1,0,nixl_start_time
1780280869.1809726,1780280869.2145677,33.595,1780280869.2145734,0.0057220458984375,137239142639,137239.142639,1780280869.1809726,33.600807189941406,0.0021457672119140625,1.3968944549560547,1.386,3145728,0.09363679118916506,192,chatcmpl-9153932e-2128-427e-9824-f2996c775f41-9582d29d,"nixl_xfer_handle(0x5af9a35cf320, released=False)",decode,0,0,452715,2,d61968e8-e4aa-43a2-8ca8-85b623ffd1e5_dp1,0,nixl_start_time
1780280869.1825776,1780280869.2146556,32.078,1780280869.2146623,0.00667572021484375,137239144244,137239.144244,1780280869.1825776,32.08470344543457,0.0019073486328125,19.78445053100586,19.773,72351744,2.255494232807531,4416,chatcmpl-595565f4-4c36-4efe-958d-ab8fb79898b9-bae39abc,"nixl_xfer_handle(0x5af9a35ca9a0, released=False)",decode,0,0,452715,46,d61968e8-e4aa-43a2-8ca8-85b623ffd1e5_dp1,0,nixl_start_time
1780280869.1958897,1780280869.3342297,138.34,1780280869.3343174,0.087738037109375,137239157556,137239.157556,1780280869.1958897,138.427734375,0.016927719116210938,54.669857025146484,54.596,58195968,0.4206734711580165,3552,chatcmpl-3406912f-76b2-47fe-8bb6-aec86436dada-b0b655dd,"nixl_xfer_handle(0x556336e80200, released=False)",decode,1,0,452712,37,d61968e8-e4aa-43a2-8ca8-85b623ffd1e5_dp1,0,nixl_start_time
1780280869.2024207,1780280869.2146976,12.277,1780280869.2147026,0.0050067901611328125,137239164087,137239.164087,1780280869.2024207,12.28189468383789,0.0021457672119140625,3.020763397216797,3.008,6291456,0.5124587439928321,384,chatcmpl-a618f791-806a-4013-a502-f696e519f622-a37fc21d,"nixl_xfer_handle(0x5af9a35ceae0, released=False)",decode,0,0,452715,4,d61968e8-e4aa-43a2-8ca8-85b623ffd1e5_dp1,0,nixl_start_time
1780280869.2055027,1780280869.2147167,9.214,1780280869.2147336,0.016927719116210938,137239167169,137239.167169,1780280869.2055027,9.230852127075195,0.0026226043701171875,2.0143985748291016,2.002,3145728,0.34140742348599956,192,chatcmpl-059f37a5-342e-45d0-a116-91fa08f0d437-81ce4731,"nixl_xfer_handle(0x5af9a378bb10, released=False)",decode,0,0,452715,2,d61968e8-e4aa-43a2-8ca8-85b623ffd1e5_dp1,0,nixl_start_time
1780280869.2075686,1780280869.2148237,7.255,1780280869.2148294,0.0057220458984375,137239169235,137239.169235,1780280869.2075686,7.260799407958984,0.0021457672119140625,0.2276897430419922,0.219,1572864,0.2167972432804962,48,chatcmpl-7cc25318-6934-4a33-a274-a7c173ab0af8-98f26fd3,"nixl_xfer_handle(0x5af9a37a3c00, released=False)",decode,0,0,452715,1,d61968e8-e4aa-43a2-8ca8-85b623ffd1e5_dp1,0,nixl_start_time
1780280869.2078476,1780280869.2149026,7.055,1780280869.2149086,0.0059604644775390625,137239169514,137239.169514,1780280869.2078476,7.061004638671875,0.002384185791015625,1.2803077697753906,1.27,3145728,0.4458863217576187,192,chatcmpl-efde6dc4-c3b9-4d80-aec5-0fedac59d832-882975d4,"nixl_xfer_handle(0x5af9a37a3ea0, released=False)",decode,0,0,452715,2,d61968e8-e4aa-43a2-8ca8-85b623ffd1e5_dp1,0,nixl_start_time
1780280869.2091765,1780280869.3619936,152.817,1780280869.3620179,0.024318695068359375,137239170843,137239.170843,1780280869.2091765,152.84132957458496,0.0011920928955078125,1.3654232025146484,1.354,3145728,0.020584934922161797,192,chatcmpl-cdfb0e97-557e-41ba-b396-e545df4c320a-bbc8d754,"nixl_xfer_handle(0x5af9a385c390, released=False)",decode,0,0,452715,2,d61968e8-e4aa-43a2-8ca8-85b623ffd1e5_dp1,0,nixl_start_time
1780280869.2105997,1780280869.3620386,151.439,1780280869.3620567,0.01811981201171875,137239172266,137239.172266,1780280869.2105997,151.4570713043213,0.0019073486328125,3.4210681915283203,3.41,7864320,0.051930612325754924,480,chatcmpl-7efe3098-14de-4cc1-87fd-8f6b7d2bbf74-a8a6724f,"nixl_xfer_handle(0x5af9a385c520, released=False)",decode,0,0,452715,5,d61968e8-e4aa-43a2-8ca8-85b623ffd1e5_dp1,0,nixl_start_time
1780280869.2507477,1780280869.2593937,8.645999999999999,1780280869.334367,74.97334480285645,137239212414,137239.212414,1780280869.2507477,83.61935615539551,0.004291534423828125,8.69441032409668,8.646,4718592,0.5457543372657877,288,chatcmpl-b14c51a0-c255-45ef-a2f4-1d64fd63de2b-9ee6cc96,"nixl_xfer_handle(0x556336da6ac0, released=False)",decode,1,0,452712,3,d61968e8-e4aa-43a2-8ca8-85b623ffd1e5_dp1,0,nixl_start_time
1780280869.2597106,1780280869.3343856,74.67500000000001,1780280869.3344247,0.03910064697265625,137239221377,137239.221377,1780280869.2597106,74.71418380737305,0.003814697265625,4.6749114990234375,4.657,31457280,0.4212558419819216,1920,chatcmpl-4a7a1c91-2eb1-4b2b-a9c3-fe3db0006cdd-a9440ee0,"nixl_xfer_handle(0x5563525929d0, released=False)",decode,1,0,452712,20,d61968e8-e4aa-43a2-8ca8-85b623ffd1e5_dp1,0,nixl_start_time
1780280869.2645597,1780280869.3344378,69.878,1780280869.3395145,5.07664680480957,137239226226,137239.226226,1780280869.2645597,74.95474815368652,0.003337860107421875,5.021095275878906,4.999,22020096,0.3151220126506197,1344,chatcmpl-5eb5eab0-0d7f-4530-8ab2-38356f078ac0-9923cadb,"nixl_xfer_handle(0x5562eb38f0f0, released=False)",decode,1,0,452712,14,d61968e8-e4aa-43a2-8ca8-85b623ffd1e5_dp1,0,nixl_start_time
1780280869.2697058,1780280869.3395267,69.821,1780280869.3446724,5.145788192749023,137239231372,137239.231372,1780280869.2697058,74.9666690826416,0.0040531158447265625,10.925769805908203,10.845,6291456,0.0901083628134802,384,chatcmpl-d19c633f-10f4-4196-a76a-e5882e0dc49a-8c9c5f20,"nixl_xfer_handle(0x5562e9e217e0, released=False)",decode,1,0,452712,4,d61968e8-e4aa-43a2-8ca8-85b623ffd1e5_dp1,0,nixl_start_time
1780280869.2809887,1780280869.3446896,63.70099999999999,1780280869.344724,0.034332275390625,137239242655,137239.242655,1780280869.2809887,63.735246658325195,0.003337860107421875,4.328250885009766,4.306,3145728,0.049382709847569116,192,chatcmpl-05316d80-0e82-4548-a9a9-ff55f0aab34e-bc2a0bc7,"nixl_xfer_handle(0x5562e9f841b0, released=False)",decode,1,0,452712,2,d61968e8-e4aa-43a2-8ca8-85b623ffd1e5_dp1,0,nixl_start_time
1780280869.2855616,1780280869.3447366,59.175,1780280869.3498154,5.078792572021484,137239247228,137239.247228,1780280869.2855616,64.2538070678711,0.00286102294921875,3.9360523223876953,3.915,3145728,0.05315974651457542,192,chatcmpl-df4c2144-2f26-4f3f-888c-9a1b03cb61e4-bcfa9769,"nixl_xfer_handle(0x5562e9bf6ad0, released=False)",decode,1,0,452712,2,d61968e8-e4aa-43a2-8ca8-85b623ffd1e5_dp1,0,nixl_start_time
1780280869.2897737,1780280869.3238437,34.07,1780280869.3498247,25.98094940185547,137239251440,137239.25144,1780280869.2897737,60.05096435546875,0.0030994415283203125,34.1038703918457,34.07,18874368,0.5539879072497799,1152,chatcmpl-51651e4a-0bef-410d-8706-b15fbd6cc2b0-bd4d1e83,"nixl_xfer_handle(0x556356273690, released=False)",decode,1,0,452712,12,d61968e8-e4aa-43a2-8ca8-85b623ffd1e5_dp1,0,nixl_start_time
1780280869.3242407,1780280869.3498397,25.599,1780280869.354922,5.082368850708008,137239285907,137239.285907,1780280869.3242407,30.681371688842773,0.0057220458984375,9.939432144165039,4.834,42467328,1.658944802531349,2592,chatcmpl-22c5a224-23d1-4314-88c1-ab7a67cef295-b63b9be7,"nixl_xfer_handle(0x556356db8f10, released=False)",decode,1,0,452712,27,d61968e8-e4aa-43a2-8ca8-85b623ffd1e5_dp1,0,nixl_start_time
1780280870.5637546,1780280870.6473236,83.569,1780280870.6473465,0.02288818359375,137240525421,137240.525421,1780280870.5637546,83.59193801879883,0.005245208740234375,10.955333709716797,10.919,73924608,0.8845936651150547,4512,chatcmpl-5f7062ce-06e5-4fbc-a3ac-e3532b1ae799-b90bb400,"nixl_xfer_handle(0x5af9a3627da0, released=False)",decode,0,0,452715,47,d61968e8-e4aa-43a2-8ca8-85b623ffd1e5_dp0,0,nixl_start_time
1780280870.5749636,1780280870.6474357,72.472,1780280870.6474435,0.007867813110351562,137240536630,137240.53663,1780280870.5749636,72.4799633026123,0.0040531158447265625,8.493185043334961,8.479,28311552,0.39065503918754835,1728,chatcmpl-acd6b853-8e25-407c-b52b-1d2d2d19255a-a2600a83,"nixl_xfer_handle(0x5af9a379d9b0, released=False)",decode,0,0,452715,18,d61968e8-e4aa-43a2-8ca8-85b623ffd1e5_dp1,0,nixl_start_time
1780280870.5836825,1780280870.6474595,63.777,1780280870.6474962,0.036716461181640625,137240545349,137240.545349,1780280870.5836825,63.81368637084961,0.002384185791015625,20.02692222595215,20.0,66060288,1.0358011195258479,4032,chatcmpl-2e4d2fbc-6c29-43fa-8091-93040d1f4180-8062703e,"nixl_xfer_handle(0x5af9a22116a0, released=False)",decode,0,0,452715,42,d61968e8-e4aa-43a2-8ca8-85b623ffd1e5_dp0,0,nixl_start_time
1780280870.6040547,1780280870.6475477,43.492999999999995,1780280870.6475544,0.00667572021484375,137240565721,137240.565721,1780280870.6040547,43.49970817565918,0.0040531158447265625,23.298978805541992,23.258,91226112,2.09748952705033,5568,chatcmpl-9abd3231-cb3c-4e10-aead-d1029ad350e6-99ef899c,"nixl_xfer_handle(0x5af9a35c6d50, released=False)",decode,0,0,452715,58,d61968e8-e4aa-43a2-8ca8-85b623ffd1e5_dp1,0,nixl_start_time
1780280870.6276186,1780280870.6475775,19.959,1780280870.6475992,0.021696090698242188,137240589285,137240.589285,1780280870.6276186,19.980669021606445,0.004291534423828125,10.785579681396484,10.746,42467328,2.1277282428979407,2592,chatcmpl-d312823b-0580-41df-8f7b-a2a0f67f1271-8d2dccf4,"nixl_xfer_handle(0x5af9a35f8c00, released=False)",decode,0,0,452715,27,d61968e8-e4aa-43a2-8ca8-85b623ffd1e5_dp0,0,nixl_start_time
1780280870.6385496,1780280870.6476436,9.094,1780280870.64765,0.0064373016357421875,137240600216,137240.600216,1780280870.6385496,9.10043716430664,0.0045299530029296875,2.1469593048095703,2.13,4718592,0.5188687046404222,288,chatcmpl-55e2d1d4-5c2b-4a05-96ee-c76b19c8f89b-a30507ff,"nixl_xfer_handle(0x5af9a35e8f40, released=False)",decode,0,0,452715,3,d61968e8-e4aa-43a2-8ca8-85b623ffd1e5_dp1,0,nixl_start_time
1780280870.6407835,1780280871.1850636,544.28,1780280871.185081,0.017404556274414062,137240602450,137240.60245,1780280870.6407835,544.297456741333,0.002384185791015625,6.081819534301758,6.065,12582912,0.02311845373704711,768,chatcmpl-262c2eed-22b6-4210-a302-d6555c0099b6-b1a99a14,"nixl_xfer_handle(0x5af9a376cbc0, released=False)",decode,0,0,452715,8,d61968e8-e4aa-43a2-8ca8-85b623ffd1e5_dp1,0,nixl_start_time
1780280871.1344836,1780280871.1381276,3.644,1780280871.1499095,11.781930923461914,137241096150,137241.09615,1780280871.1344836,15.425920486450195,0.0040531158447265625,3.6711692810058594,3.644,3145728,0.8632623490669594,192,chatcmpl-83d72d17-045c-41f6-b309-be000d2b4520-b1dc26c5,"nixl_xfer_handle(0x55634f1cc4d0, released=False)",decode,1,0,452712,2,d61968e8-e4aa-43a2-8ca8-85b623ffd1e5_dp1,0,nixl_start_time
1780280871.1348617,1780280871.1365256,1.664,1780280871.1851025,48.57683181762695,137241096528,137241.096528,1780280871.1348617,50.24075508117676,0.004291534423828125,1.6825199127197266,1.664,3145728,1.8904615384615386,192,chatcmpl-fee8dd57-127e-4484-8b77-3fb9cecba599-8a2b871e,"nixl_xfer_handle(0x5af9a35e8f40, released=False)",decode,0,0,452715,2,d61968e8-e4aa-43a2-8ca8-85b623ffd1e5_dp0,0,nixl_start_time
1780280871.1366107,1780280871.1851227,48.512,1780280871.1851785,0.055789947509765625,137241098277,137241.098277,1780280871.1366107,48.567771911621094,0.003337860107421875,3.3893585205078125,3.375,4718592,0.09726649076517149,288,chatcmpl-a262ed68-348b-4653-bc59-3f6bb411ee72-85b5ae93,"nixl_xfer_handle(0x5af9a35f8c00, released=False)",decode,0,0,452715,3,d61968e8-e4aa-43a2-8ca8-85b623ffd1e5_dp1,0,nixl_start_time
1780280871.1383836,1780280871.1502695,11.886000000000001,1780280871.1502812,0.011682510375976562,137241100050,137241.10005,1780280871.1383836,11.897563934326172,0.004291534423828125,3.521442413330078,3.491,31457280,2.6465825340737,1920,chatcmpl-6f69359f-5b42-4d14-8949-34f08de9198a-95c7a670,"nixl_xfer_handle(0x556342270770, released=False)",decode,1,0,452712,20,d61968e8-e4aa-43a2-8ca8-85b623ffd1e5_dp1,0,nixl_start_time
1780280871.1400676,1780280871.1436906,3.6229999999999998,1780280871.1851914,41.50080680847168,137241101734,137241.101734,1780280871.1400676,45.12381553649902,0.00286102294921875,3.6361217498779297,3.623,4718592,1.3023991167540712,288,chatcmpl-ecfaa62e-3a7d-4e78-a5bd-8e8e2b547b79-9576f41d,"nixl_xfer_handle(0x5af9a35c6d50, released=False)",decode,0,0,452715,3,d61968e8-e4aa-43a2-8ca8-85b623ffd1e5_dp0,0,nixl_start_time
1780280871.1420367,1780280871.2300978,88.061,1780280871.2301285,0.030755996704101562,137241103703,137241.103703,1780280871.1420367,88.09185028076172,0.00476837158203125,7.058858871459961,6.986,4718592,0.053583220721999524,288,chatcmpl-12c6100a-b17f-4ccf-b9f4-ee947cad7ccb-bb8e80d0,"nixl_xfer_handle(0x55635391d840, released=False)",decode,1,0,452712,3,d61968e8-e4aa-43a2-8ca8-85b623ffd1e5_dp1,0,nixl_start_time
1780280871.1438897,1780280871.1852107,41.321,1780280871.1852608,0.050067901611328125,137241105556,137241.105556,1780280871.1438897,41.37110710144043,0.0040531158447265625,4.6710968017578125,4.638,31457280,0.7612903850342442,1920,chatcmpl-33253add-cca4-4eae-8134-9aeec09ef06c-8446d39e,"nixl_xfer_handle(0x5af9a22116a0, released=False)",decode,0,0,452715,20,d61968e8-e4aa-43a2-8ca8-85b623ffd1e5_dp1,0,nixl_start_time
1780280871.1488657,1780280871.1852927,36.427,1780280871.1853008,0.008106231689453125,137241110532,137241.110532,1780280871.1488657,36.43512725830078,0.0057220458984375,13.139963150024414,13.125,53477376,1.468069728498092,3264,chatcmpl-6be489ee-4e47-484a-9f14-71e3d0ea8b2b-8f7f87d4,"nixl_xfer_handle(0x5af9a379d9b0, released=False)",decode,0,0,452715,34,d61968e8-e4aa-43a2-8ca8-85b623ffd1e5_dp0,0,nixl_start_time
1780280871.1621046,1780280871.1853266,23.222,1780280871.1853523,0.02574920654296875,137241123771,137241.123771,1780280871.1621046,23.247718811035156,0.0030994415283203125,8.27646255493164,8.253,14155776,0.6095847041598484,864,chatcmpl-168640c2-354d-461c-b081-d18a336ccf7b-8c1f963d,"nixl_xfer_handle(0x5af9a3627da0, released=False)",decode,0,0,452715,9,d61968e8-e4aa-43a2-8ca8-85b623ffd1e5_dp0,0,nixl_start_time
1780280871.1706326,1780280871.2938046,123.172,1780280871.2938426,0.03790855407714844,137241132299,137241.132299,1780280871.1706326,123.20995330810547,0.0040531158447265625,14.002799987792969,13.984,55050240,0.44693794044100926,3360,chatcmpl-c6c17411-d0ad-4fb5-8518-3621d9ac8780-b646134f,"nixl_xfer_handle(0x5af9a35f1b40, released=False)",decode,0,0,452715,35,d61968e8-e4aa-43a2-8ca8-85b623ffd1e5_dp1,0,nixl_start_time
1780280871.1893976,1780280871.1899726,0.575,1780280871.2301557,40.183067321777344,137241151064,137241.151064,1780280871.1893976,40.75813293457031,0.007867813110351562,0.6041526794433594,0.575,1572864,2.735415652173913,48,chatcmpl-1a21c041-6489-4cc6-a6f8-81df9d7000a6-b7a12618,"nixl_xfer_handle(0x556342270770, released=False)",decode,1,0,452712,1,d61968e8-e4aa-43a2-8ca8-85b623ffd1e5_dp1,0,nixl_start_time
1780280871.1894436,1780280871.2938766,104.43299999999999,1780280871.293896,0.019311904907226562,137241151110,137241.15111,1780280871.1894436,104.45237159729004,0.0054836273193359375,5.61833381652832,5.595,36175872,0.3464026888052627,2208,chatcmpl-e7282bfa-68af-4d22-a16a-a82667140ba6-97d6af9a,"nixl_xfer_handle(0x5af9a3627da0, released=False)",decode,0,0,452715,23,d61968e8-e4aa-43a2-8ca8-85b623ffd1e5_dp0,0,nixl_start_time
1780280871.1900876,1780280871.1920536,1.966,1780280871.2301736,38.12003135681152,137241151754,137241.151754,1780280871.1900876,40.08603096008301,0.00286102294921875,1.9826889038085938,1.966,3145728,1.6000651068158698,192,chatcmpl-694c2a53-eb07-4edc-ba8a-74be529a1599-a35a7e4d,"nixl_xfer_handle(0x55634f1cc4d0, released=False)",decode,1,0,452712,2,d61968e8-e4aa-43a2-8ca8-85b623ffd1e5_dp1,0,nixl_start_time
1780280871.1922426,1780280871.2301905,37.948,1780280871.230245,0.05459785461425781,137241153909,137241.153909,1780280871.1922426,38.00249099731445,0.0026226043701171875,3.6063194274902344,3.594,26738688,0.7046138926952672,1632,chatcmpl-19d43873-63f6-442d-93ed-2ad1c99521bc-bf2295e9,"nixl_xfer_handle(0x55633a33b710, released=False)",decode,1,0,452712,17,d61968e8-e4aa-43a2-8ca8-85b623ffd1e5_dp1,0,nixl_start_time
1780280871.1951377,1780280871.2939148,98.777,1780280871.293946,0.031232833862304688,137241156804,137241.156804,1780280871.1951377,98.80828857421875,0.00286102294921875,2.3355484008789062,2.321,4718592,0.04777014892130759,288,chatcmpl-149b132b-b493-4b4f-a29b-f3e0f5be92ed-aa2215b1,"nixl_xfer_handle(0x5af9a379d9b0, released=False)",decode,0,0,452715,3,d61968e8-e4aa-43a2-8ca8-85b623ffd1e5_dp1,0,nixl_start_time
1780280871.1960177,1780280871.2302737,34.256,1780280871.2303252,0.0514984130859375,137241157684,137241.157684,1780280871.1960177,34.30747985839844,0.00286102294921875,10.104179382324219,10.081,37748736,1.1019598318542736,2304,chatcmpl-d5c169b8-27f7-40e5-bb34-893cf1887297-8f402c46,"nixl_xfer_handle(0x55633a33c410, released=False)",decode,1,0,452712,24,d61968e8-e4aa-43a2-8ca8-85b623ffd1e5_dp1,0,nixl_start_time
1780280871.1975317,1780280871.2939668,96.435,1780280871.293978,0.011205673217773438,137241159198,137241.159198,1780280871.1975317,96.44627571105957,0.0026226043701171875,1.3003349304199219,1.287,3145728,0.03262018976512677,192,chatcmpl-a69cd77f-4db7-4ea8-9664-8dd34bb46998-9fdfef64,"nixl_xfer_handle(0x5af9a22116a0, released=False)",decode,0,0,452715,2,d61968e8-e4aa-43a2-8ca8-85b623ffd1e5_dp1,0,nixl_start_time
1780280871.1988916,1780280871.2939937,95.102,1780280871.294015,0.021219253540039062,137241160558,137241.160558,1780280871.1988916,95.123291015625,0.00286102294921875,3.099203109741211,3.086,4718592,0.049616117431810054,288,chatcmpl-df5e05b7-85bc-4bc9-9db4-9b2603508725-bed38085,"nixl_xfer_handle(0x5af9a35c6d50, released=False)",decode,0,0,452715,3,d61968e8-e4aa-43a2-8ca8-85b623ffd1e5_dp0,0,nixl_start_time
1780280871.2022686,1780280871.2940326,91.764,1780280871.294041,0.008344650268554688,137241163935,137241.163935,1780280871.2022686,91.77231788635254,0.003337860107421875,19.76776123046875,19.745,77070336,0.8398755067346672,4704,chatcmpl-7e666cfa-c809-4683-a408-6464128b6fb0-a35de66e,"nixl_xfer_handle(0x5af9a35f8c00, released=False)",decode,0,0,452715,49,d61968e8-e4aa-43a2-8ca8-85b623ffd1e5_dp0,0,nixl_start_time
1780280871.2064056,1780280871.3127277,106.322,1780280871.3127544,0.026702880859375,137241168072,137241.168072,1780280871.2064056,106.34875297546387,0.0040531158447265625,19.451379776000977,19.424,59768832,0.562149244747089,3648,chatcmpl-04426316-423e-4c98-9854-cfdbcf142221-8ed87f8b,"nixl_xfer_handle(0x5563370ef150, released=False)",decode,1,0,452712,38,d61968e8-e4aa-43a2-8ca8-85b623ffd1e5_dp1,0,nixl_start_time
1780280871.2223477,1780280871.2940557,71.708,1780280871.2940745,0.018835067749023438,137241184014,137241.184014,1780280871.2223477,71.72679901123047,0.013589859008789062,20.485877990722656,20.461,77070336,1.074780163998438,4704,chatcmpl-e5666d53-4108-4764-9578-d96e3c49f2a8-a1bd1832,"nixl_xfer_handle(0x5af9a35e8f40, released=False)",decode,0,0,452715,49,d61968e8-e4aa-43a2-8ca8-85b623ffd1e5_dp0,0,nixl_start_time
1780280871.2428937,1780280871.2940917,51.198,1780280871.2941024,0.010728836059570312,137241204560,137241.20456,1780280871.2428937,51.2087345123291,0.0021457672119140625,3.99017333984375,3.974,7864320,0.15360600023438414,480,chatcmpl-7fde893c-0237-4ad8-9d08-25b5f4cbb999-88167a92,"nixl_xfer_handle(0x5af9a376cbc0, released=False)",decode,0,0,452715,5,d61968e8-e4aa-43a2-8ca8-85b623ffd1e5_dp0,0,nixl_start_time
1780280871.2470877,1780280871.2941186,47.031000000000006,1780280871.2941287,0.010013580322265625,137241208754,137241.208754,1780280871.2470877,47.04093933105469,0.003337860107421875,9.032964706420898,9.02,40894464,0.8695214645659245,2496,chatcmpl-783a1256-7bcf-407b-b0f8-f225d7007202-a677c236,"nixl_xfer_handle(0x5af9a35f72c0, released=False)",decode,0,0,452715,26,d61968e8-e4aa-43a2-8ca8-85b623ffd1e5_dp0,0,nixl_start_time
1780280871.2561717,1780280871.2941458,37.974000000000004,1780280871.2941568,0.010967254638671875,137241217838,137241.217838,1780280871.2561717,37.98508644104004,0.0016689300537109375,3.4475326538085938,3.436,3145728,0.08283899510191182,192,chatcmpl-8e86036f-ffb2-4cf5-bbf0-a270befbc1d7-9e2880b4,"nixl_xfer_handle(0x5af9a37724a0, released=False)",decode,0,0,452715,2,d61968e8-e4aa-43a2-8ca8-85b623ffd1e5_dp0,0,nixl_start_time
1780280871.2597377,1780280871.2941747,34.437000000000005,1780280871.2941866,0.011920928955078125,137241221404,137241.221404,1780280871.2597377,34.448862075805664,0.002384185791015625,5.086421966552734,5.076,17301504,0.5024103144873246,1056,chatcmpl-12bf2efd-32e7-4cf3-9779-669c1d8ea3a2-b349a308,"nixl_xfer_handle(0x5af9a37a4700, released=False)",decode,0,0,452715,11,d61968e8-e4aa-43a2-8ca8-85b623ffd1e5_dp1,0,nixl_start_time
1780280871.2650166,1780280871.2942066,29.19,1780280871.2942147,0.008106231689453125,137241226683,137241.226683,1780280871.2650166,29.198169708251953,0.0035762786865234375,9.04989242553711,9.038,40894464,1.4009751284686536,2496,chatcmpl-0b4b5752-0158-4685-8b27-a8f73b37db4b-89467e1a,"nixl_xfer_handle(0x5af9a37a3f40, released=False)",decode,0,0,452715,26,d61968e8-e4aa-43a2-8ca8-85b623ffd1e5_dp0,0,nixl_start_time
1780280871.2742877,1780280871.3114908,37.203,1780280871.3115098,0.019073486328125,137241235954,137241.235954,1780280871.2742877,37.22214698791504,0.0019073486328125,16.250133514404297,16.239,59768832,1.6065594710104025,3648,chatcmpl-2b0a9b59-80a6-4e43-8477-413e52290b29-bafc8bb9,"nixl_xfer_handle(0x5af9a378a460, released=False)",decode,0,0,452715,38,d61968e8-e4aa-43a2-8ca8-85b623ffd1e5_dp1,0,nixl_start_time
1780280871.3035586,1780280871.3316405,28.082,1780280871.331679,0.038623809814453125,137241265225,137241.265225,1780280871.3035586,28.12051773071289,0.004291534423828125,4.594564437866211,4.576,34603008,1.2322130902357382,2112,chatcmpl-aa085d30-ce9a-4d41-bd48-d2cbfc55fb1f-a28283c5,"nixl_xfer_handle(0x5af9a37a8780, released=False)",decode,0,0,452715,22,d61968e8-e4aa-43a2-8ca8-85b623ffd1e5_dp0,0,nixl_start_time
1780280871.3038406,1780280871.3324356,28.595,1780280871.3325055,0.06985664367675781,137241265507,137241.265507,1780280871.3038406,28.664827346801758,0.005245208740234375,4.591941833496094,4.557,59768832,2.0901847176079738,3648,chatcmpl-a6ee37d5-c579-4a71-be4d-82b910b7262e-a9f7403f,"nixl_xfer_handle(0x55633a33b710, released=False)",decode,1,0,452712,38,d61968e8-e4aa-43a2-8ca8-85b623ffd1e5_dp1,0,nixl_start_time
1780280871.3249435,1780280871.3419766,17.033,1780280871.3420231,0.04649162292480469,137241286610,137241.28661,1780280871.3249435,17.079591751098633,0.0040531158447265625,3.0584335327148438,3.02,23592960,1.385132390066342,1440,chatcmpl-a0fb8d8e-b378-4e2f-b74c-cce0f919b980-955e139b,"nixl_xfer_handle(0x5563370ef150, released=False)",decode,1,0,452712,15,d61968e8-e4aa-43a2-8ca8-85b623ffd1e5_dp1,0,nixl_start_time
1780280871.3249526,1780280871.3416617,16.709000000000003,1780280871.3416817,0.02002716064453125,137241286619,137241.286619,1780280871.3249526,16.729116439819336,0.003814697265625,3.145456314086914,3.127,31457280,1.882654856664073,1920,chatcmpl-8bd666b3-bbc1-4e2d-a37b-40382c37e548-91915a99,"nixl_xfer_handle(0x5af9a378a460, released=False)",decode,0,0,452715,20,d61968e8-e4aa-43a2-8ca8-85b623ffd1e5_dp1,0,nixl_start_time
1780280871.5307777,1780280871.5446877,13.91,1780280871.7012136,156.5258502960205,137241492444,137241.492444,1780280871.5307777,170.43590545654297,0.00286102294921875,13.938665390014648,13.91,4718592,0.3392230050323508,288,chatcmpl-acf50674-dbf1-4a4f-a9aa-4bcb44a17687-99d35c51,"nixl_xfer_handle(0x5563370ef150, released=False)",decode,1,0,452712,3,d61968e8-e4aa-43a2-8ca8-85b623ffd1e5_dp0,0,nixl_start_time
1780280871.5449038,1780280871.7014017,156.498,1780280871.7014096,0.007867813110351562,137241506570,137241.50657,1780280871.5449038,156.50582313537598,0.003814697265625,3.2715797424316406,3.24,18874368,0.12060453168730591,1152,chatcmpl-dc1dbb7a-b7d3-40df-aa07-5ee1febfe3fc-80a32d06,"nixl_xfer_handle(0x5563498584a0, released=False)",decode,1,0,452712,12,d61968e8-e4aa-43a2-8ca8-85b623ffd1e5_dp0,0,nixl_start_time
1780280871.5482976,1780280871.7014916,153.194,1780280871.701501,0.009298324584960938,137241509964,137241.509964,1780280871.5482976,153.20324897766113,0.003814697265625,5.210161209106445,5.138,3145728,0.020534276799352456,192,chatcmpl-0927c343-eb90-4443-98e1-6f442340aa8d-87e67043,"nixl_xfer_handle(0x55633a33b710, released=False)",decode,1,0,452712,2,d61968e8-e4aa-43a2-8ca8-85b623ffd1e5_dp0,0,nixl_start_time
1780280871.5538886,1780280871.7015226,147.634,1780280871.7015355,0.012874603271484375,137241515555,137241.515555,1780280871.5538886,147.64690399169922,0.0026226043701171875,10.088682174682617,10.075,7864320,0.053269030169202224,480,chatcmpl-41dc38a3-9b66-4378-9798-e6562928b0ec-ae6c71bc,"nixl_xfer_handle(0x55634f1cc4d0, released=False)",decode,1,0,452712,5,d61968e8-e4aa-43a2-8ca8-85b623ffd1e5_dp0,0,nixl_start_time
1780280871.5642447,1780280871.7015936,137.349,1780280871.7016695,0.07581710815429688,137241525911,137241.525911,1780280871.5642447,137.42470741271973,0.0035762786865234375,2.3806095123291016,2.349,17301504,0.12596745516894917,1056,chatcmpl-269663bc-75e2-4db6-811a-1b23f6ef0111-b06852ea,"nixl_xfer_handle(0x556342270770, released=False)",decode,1,0,452712,11,d61968e8-e4aa-43a2-8ca8-85b623ffd1e5_dp0,0,nixl_start_time
1780280871.5668907,1780280871.7017117,134.821,1780280871.7017236,0.011920928955078125,137241528557,137241.528557,1780280871.5668907,134.83285903930664,0.005245208740234375,8.186817169189453,8.155,48758784,0.3616557064552258,2976,chatcmpl-caf2d13f-4875-46ef-9f2e-2da258701047-b500434a,"nixl_xfer_handle(0x55635391d840, released=False)",decode,1,0,452712,31,d61968e8-e4aa-43a2-8ca8-85b623ffd1e5_dp0,0,nixl_start_time
1780280871.5751987,1780280871.7017956,126.597,1780280871.7018077,0.012159347534179688,137241536865,137241.536865,1780280871.5751987,126.60908699035645,0.0035762786865234375,14.18924331665039,14.156,4718592,0.03727254200336501,288,chatcmpl-2e98484a-ecb5-4247-a04c-3fb6a68a8219-9960ed4b,"nixl_xfer_handle(0x55633fb3f940, released=False)",decode,1,0,452712,3,d61968e8-e4aa-43a2-8ca8-85b623ffd1e5_dp0,0,nixl_start_time
1780280871.5898457,1780280871.7018785,112.03299999999999,1780280871.7018907,0.012159347534179688,137241551512,137241.551512,1780280871.5898457,112.0450496673584,0.004291534423828125,6.463050842285156,6.436,42467328,0.37906088384672376,2592,chatcmpl-eb7d14e9-e504-46dc-be83-06642b92687a-8a582ac7,"nixl_xfer_handle(0x556336fac970, released=False)",decode,1,0,452712,27,d61968e8-e4aa-43a2-8ca8-85b623ffd1e5_dp0,0,nixl_start_time
1780280871.5965436,1780280871.7019665,105.423,1780280871.701975,0.00858306884765625,137241558210,137241.55821,1780280871.5965436,105.43155670166016,0.005245208740234375,14.073848724365234,14.042,36175872,0.34314971116359805,2208,chatcmpl-21b8e465-bb68-4701-8610-ef7550ef1e26-bf3a6dd4,"nixl_xfer_handle(0x556336facb20, released=False)",decode,1,0,452712,23,d61968e8-e4aa-43a2-8ca8-85b623ffd1e5_dp0,0,nixl_start_time
1780280871.6107337,1780280871.7020397,91.306,1780280871.7020926,0.052928924560546875,137241572400,137241.5724,1780280871.6107337,91.35890007019043,0.004291534423828125,1.424551010131836,1.398,3145728,0.034452588000788556,192,chatcmpl-63c19351-cc50-4eba-8392-56a40810df61-aa8411e9,"nixl_xfer_handle(0x556336fac730, released=False)",decode,1,0,452712,2,d61968e8-e4aa-43a2-8ca8-85b623ffd1e5_dp0,0,nixl_start_time
1780280871.6122577,1780280871.7021158,89.85799999999999,1780280871.7021275,0.011682510375976562,137241573924,137241.573924,1780280871.6122577,89.86973762512207,0.004291534423828125,12.080669403076172,12.013,6291456,0.07001553562287165,384,chatcmpl-ca2fe020-329d-4c49-b628-c27052387d67-9f678425,"nixl_xfer_handle(0x556336ec8f00, released=False)",decode,1,0,452712,4,d61968e8-e4aa-43a2-8ca8-85b623ffd1e5_dp0,0,nixl_start_time
1780280871.6251507,1780280871.7021978,77.04700000000001,1780280871.7022188,0.0209808349609375,137241586817,137241.586817,1780280871.6251507,77.06809043884277,0.05555152893066406,6.21342658996582,6.136,28311552,0.36745820083844927,1728,chatcmpl-39782b6a-ed0f-429f-909b-c33c4cd15804-b8fa5353,"nixl_xfer_handle(0x55633fb3ff30, released=False)",decode,1,0,452712,18,d61968e8-e4aa-43a2-8ca8-85b623ffd1e5_dp0,0,nixl_start_time
1780280871.6314607,1780280871.7022858,70.825,1780280871.7022948,0.009059906005859375,137241593127,137241.593127,1780280871.6314607,70.83415985107422,0.0035762786865234375,8.00466537475586,7.98,6291456,0.08883100600070597,384,chatcmpl-8594ab74-07c1-4368-af08-f19a576339ef-b85c6080,"nixl_xfer_handle(0x556358a7c560, released=False)",decode,1,0,452712,4,d61968e8-e4aa-43a2-8ca8-85b623ffd1e5_dp0,0,nixl_start_time
1780280871.6396537,1780280871.7023797,62.726000000000006,1780280871.7023885,0.008821487426757812,137241601320,137241.60132,1780280871.6396537,62.73484230041504,0.0030994415283203125,7.243871688842773,7.218,48758784,0.7773297197334439,2976,chatcmpl-7da4de92-ec5f-4db4-8d62-e6608d9e8d88-90a4d36c,"nixl_xfer_handle(0x556356268f40, released=False)",decode,1,0,452712,31,d61968e8-e4aa-43a2-8ca8-85b623ffd1e5_dp0,0,nixl_start_time
1780280871.6472447,1780280871.7024486,55.204,1780280871.7024574,0.008821487426757812,137241608911,137241.608911,1780280871.6472447,55.21273612976074,0.0064373016357421875,36.45825386047363,36.411,99090432,1.7949864502572277,6048,chatcmpl-c5d1d84d-e309-46ae-918a-5627f2d7751c-9330de67,"nixl_xfer_handle(0x556358a7bf50, released=False)",decode,1,0,452712,63,d61968e8-e4aa-43a2-8ca8-85b623ffd1e5_dp0,0,nixl_start_time
1780280871.6840067,1780280871.7024736,18.467000000000002,1780280871.7024827,0.009059906005859375,137241645673,137241.645673,1780280871.6840067,18.476009368896484,0.011444091796875,4.745244979858398,4.647,3145728,0.17034320680132126,192,chatcmpl-4cd78fee-ad71-4171-98ab-e48cbd6af5bb-8e461e1a,"nixl_xfer_handle(0x55633fb45b50, released=False)",decode,1,0,452712,2,d61968e8-e4aa-43a2-8ca8-85b623ffd1e5_dp0,0,nixl_start_time
1780280871.6892238,1780280871.7024949,13.270999999999999,1780280871.7025263,0.03147125244140625,137241650890,137241.65089,1780280871.6892238,13.30256462097168,0.0050067901611328125,6.932735443115234,6.91,4718592,0.3555566272323111,288,chatcmpl-ecc03ed6-a7a0-4cc1-8473-e90d134989da-a920f8e5,"nixl_xfer_handle(0x55633fb45c30, released=False)",decode,1,0,452712,3,d61968e8-e4aa-43a2-8ca8-85b623ffd1e5_dp0,0,nixl_start_time
1780280871.6963217,1780280871.7025468,6.225,1780280871.702565,0.01811981201171875,137241657988,137241.657988,1780280871.6963217,6.243228912353516,0.0026226043701171875,4.372596740722656,4.359,3145728,0.5053378313253012,192,chatcmpl-aae15d8a-c89b-46ac-b66d-b7a9ff31c78f-86762936,"nixl_xfer_handle(0x556342bbe560, released=False)",decode,1,0,452712,2,d61968e8-e4aa-43a2-8ca8-85b623ffd1e5_dp0,0,nixl_start_time
1780280871.7153597,1780280871.8047187,89.359,1780280871.8047323,0.013589859008789062,137241677026,137241.677026,1780280871.7153597,89.37263488769531,0.0064373016357421875,6.461620330810547,6.439,69206016,0.7744716928345216,4224,chatcmpl-174365f7-cfb1-4902-bba5-3afc20614a4d-9df20849,"nixl_xfer_handle(0x5af9a37a8780, released=False)",decode,0,0,452715,44,d61968e8-e4aa-43a2-8ca8-85b623ffd1e5_dp0,0,nixl_start_time
1780280871.7220488,1780280871.8047976,82.74900000000001,1780280871.8048058,0.008106231689453125,137241683715,137241.683715,1780280871.7220488,82.75699615478516,0.003337860107421875,21.714448928833008,21.701,50331648,0.608244788456658,3072,chatcmpl-c3c27e52-d9fd-45ec-9f69-386947a866bb-835d7c42,"nixl_xfer_handle(0x5af9a35f8c00, released=False)",decode,0,0,452715,32,d61968e8-e4aa-43a2-8ca8-85b623ffd1e5_dp1,0,nixl_start_time
1780280871.7439876,1780280871.8048215,60.833999999999996,1780280871.8048337,0.012159347534179688,137241705654,137241.705654,1780280871.7439876,60.84609031677246,0.003337860107421875,16.316890716552734,16.306,62914560,1.0342006115001479,3840,chatcmpl-c57bd60c-04fb-4cf8-ae4c-bbedb0779a84-9ac083bf,"nixl_xfer_handle(0x5af9a35c6d50, released=False)",decode,0,0,452715,40,d61968e8-e4aa-43a2-8ca8-85b623ffd1e5_dp0,0,nixl_start_time
1780280871.7605386,1780280871.8048835,44.345000000000006,1780280871.8048918,0.008344650268554688,137241722205,137241.722205,1780280871.7605386,44.35324668884277,0.00286102294921875,21.392345428466797,21.381,81788928,1.8443776750479195,4992,chatcmpl-baa0b8b7-e468-4ced-a5b2-f9ed04649b53-abdbfe64,"nixl_xfer_handle(0x5af9a22116a0, released=False)",decode,0,0,452715,52,d61968e8-e4aa-43a2-8ca8-85b623ffd1e5_dp1,0,nixl_start_time
1780280871.7820296,1780280871.8049097,22.880000000000003,1780280871.804916,0.006198883056640625,137241743696,137241.743696,1780280871.7820296,22.886276245117188,0.00095367431640625,7.660150527954102,7.652,29884416,1.306137062937063,1824,chatcmpl-302dd2ce-6094-4706-b247-4e5969be489b-8a595dd5,"nixl_xfer_handle(0x5af9a379d9b0, released=False)",decode,0,0,452715,19,d61968e8-e4aa-43a2-8ca8-85b623ffd1e5_dp1,0,nixl_start_time
1780280871.7898598,1780280871.8049667,15.107000000000001,1780280871.8049738,0.007152557373046875,137241751526,137241.751526,1780280871.7898598,15.114068984985352,0.002384185791015625,8.72492790222168,8.709,36175872,2.3946430131727015,2208,chatcmpl-d6574870-484f-41e7-a39b-a72b2fa5f526-a5b059a7,"nixl_xfer_handle(0x5af9a3627da0, released=False)",decode,0,0,452715,23,d61968e8-e4aa-43a2-8ca8-85b623ffd1e5_dp0,0,nixl_start_time
1780280871.7986517,1780280871.8050356,6.384,1780280871.8050435,0.007867813110351562,137241760318,137241.760318,1780280871.7986517,6.391763687133789,0.00286102294921875,0.5877017974853516,0.575,1572864,0.24637593984962405,48,chatcmpl-e0ab9b99-17bf-4536-a7b1-84738f953783-ab4e1e69,"nixl_xfer_handle(0x5af9a35f1b40, released=False)",decode,0,0,452715,1,d61968e8-e4aa-43a2-8ca8-85b623ffd1e5_dp0,0,nixl_start_time
1780280871.7992997,1780280871.8181608,18.861,1780280871.8182123,0.0514984130859375,137241760966,137241.760966,1780280871.7992997,18.912553787231445,0.0026226043701171875,5.119085311889648,5.104,7864320,0.41696198504851284,480,chatcmpl-b89d8912-1b95-4755-8ced-3c628b01181f-930517d2,"nixl_xfer_handle(0x5af9a386ec30, released=False)",decode,0,0,452715,5,d61968e8-e4aa-43a2-8ca8-85b623ffd1e5_dp0,0,nixl_start_time
1780280871.8217206,1780280871.8255765,3.856,1780280871.8358433,10.266780853271484,137241783387,137241.783387,1780280871.8217206,14.122724533081055,0.0045299530029296875,3.882884979248047,3.856,3145728,0.8158008298755187,192,chatcmpl-ac86e122-2d71-42b8-8998-312226123fd3-a0be87fb,"nixl_xfer_handle(0x556353920db0, released=False)",decode,1,0,452712,2,d61968e8-e4aa-43a2-8ca8-85b623ffd1e5_dp0,0,nixl_start_time
1780280871.8217797,1780280871.8236847,1.905,1780280871.8472707,23.586034774780273,137241783446,137241.783446,1780280871.8217797,25.490999221801758,0.0045299530029296875,1.9283294677734375,1.905,3145728,1.6513007874015748,192,chatcmpl-8d42fdcf-e45f-433d-8114-e3b10c41d99b-a03a69db,"nixl_xfer_handle(0x5af9a37724a0, released=False)",decode,0,0,452715,2,d61968e8-e4aa-43a2-8ca8-85b623ffd1e5_dp1,0,nixl_start_time
1780280871.8239977,1780280871.8472958,23.298,1780280871.8473244,0.0286102294921875,137241785664,137241.785664,1780280871.8239977,23.326635360717773,0.004291534423828125,14.360189437866211,14.325,83361792,3.578066443471543,5088,chatcmpl-a1985cf6-48e4-44ed-b21d-f78673857c4b-9fc58c74,"nixl_xfer_handle(0x5af9a379d9b0, released=False)",decode,0,0,452715,53,d61968e8-e4aa-43a2-8ca8-85b623ffd1e5_dp1,0,nixl_start_time
1780280871.8256977,1780280871.8356106,9.913,1780280871.8358603,0.24962425231933594,137241787364,137241.787364,1780280871.8256977,10.162591934204102,0.0026226043701171875,9.930849075317383,9.913,9437184,0.9520008070210835,576,chatcmpl-5977d90c-081f-447a-a58d-c05447dc57e7-a51fd54d,"nixl_xfer_handle(0x55635391d840, released=False)",decode,1,0,452712,6,d61968e8-e4aa-43a2-8ca8-85b623ffd1e5_dp1,0,nixl_start_time
1780280871.8385537,1780280871.8730476,34.494,1780280871.8731027,0.05507469177246094,137241800220,137241.80022,1780280871.8385537,34.54899787902832,0.003337860107421875,8.360862731933594,8.347,33030144,0.9575620107844844,2016,chatcmpl-cb53aa38-80a8-45ec-99e9-d2a52421c502-96517ee5,"nixl_xfer_handle(0x5af9a38ab860, released=False)",decode,0,0,452715,21,d61968e8-e4aa-43a2-8ca8-85b623ffd1e5_dp0,0,nixl_start_time
1780280871.8729327,1780280871.8898997,16.967,1780280871.890247,0.34737586975097656,137241834599,137241.834599,1780280871.8729327,17.314434051513672,0.0054836273193359375,16.98923110961914,16.967,15728640,0.9270136146637591,960,chatcmpl-09ea11b6-a560-4742-9048-236995f0d07b-8edc7921,"nixl_xfer_handle(0x55635391d840, released=False)",decode,1,0,452712,10,d61968e8-e4aa-43a2-8ca8-85b623ffd1e5_dp0,0,nixl_start_time
1780280871.9632587,1780280872.0022428,38.983999999999995,1780280872.0022573,0.014543533325195312,137241924925,137241.924925,1780280871.9632587,38.99860382080078,0.0050067901611328125,5.018711090087891,4.993,51904512,1.3314311512415349,3168,chatcmpl-a33a5811-7d4e-4ba9-9a98-74540aa766b7-b9450b4b,"nixl_xfer_handle(0x55635391d840, released=False)",decode,1,0,452712,33,d61968e8-e4aa-43a2-8ca8-85b623ffd1e5_dp1,0,nixl_start_time
1780280871.9871898,1780280872.0023487,15.159,1780280872.0023663,0.017642974853515625,137241948856,137241.948856,1780280871.9871898,15.176534652709961,0.005245208740234375,3.7467479705810547,3.704,28311552,1.8676398179299427,1728,chatcmpl-8e00101d-e77a-4509-b591-a81abe1d45fa-b15f973b,"nixl_xfer_handle(0x556358a7c1e0, released=False)",decode,1,0,452712,18,d61968e8-e4aa-43a2-8ca8-85b623ffd1e5_dp0,0,nixl_start_time
1780280871.9910607,1780280872.0099008,18.84,1780280872.0099573,0.05650520324707031,137241952727,137241.952727,1780280871.9910607,18.89657974243164,0.0045299530029296875,10.340213775634766,10.264,4718592,0.250456050955414,288,chatcmpl-bd7dd038-3702-48bc-8cc9-80edc4155b34-9ccf2d1d,"nixl_xfer_handle(0x556353920db0, released=False)",decode,1,0,452712,3,d61968e8-e4aa-43a2-8ca8-85b623ffd1e5_dp0,0,nixl_start_time
1780280872.0064766,1780280872.0203476,13.871,1780280872.0203707,0.023126602172851562,137241968143,137241.968143,1780280872.0064766,13.894081115722656,0.0054836273193359375,3.173828125,3.15,22020096,1.587491601182323,1344,chatcmpl-23be68af-0040-4063-a707-0ecdbfae383e-9ab0384d,"nixl_xfer_handle(0x55635391d840, released=False)",decode,1,0,452712,14,d61968e8-e4aa-43a2-8ca8-85b623ffd1e5_dp1,0,nixl_start_time
1780280872.0167196,1780280872.0200796,3.3600000000000003,1780280872.0203962,0.316619873046875,137241978386,137241.978386,1780280872.0167196,3.6766529083251953,0.00476837158203125,3.381490707397461,3.36,3145728,0.9362285714285713,192,chatcmpl-2ca58914-68c0-481e-9b63-f0785a459d68-82c9a6f4,"nixl_xfer_handle(0x556353920db0, released=False)",decode,1,0,452712,2,d61968e8-e4aa-43a2-8ca8-85b623ffd1e5_dp0,0,nixl_start_time
1780280872.1250927,1780280872.1284018,3.3089999999999997,1780280872.1286635,0.2617835998535156,137242086759,137242.086759,1780280872.1250927,3.5707950592041016,0.0054836273193359375,3.331422805786133,3.309,3145728,0.9506582048957389,192,chatcmpl-90561541-ae94-42ec-9bbd-0e12166d68c9-a6ad9f7b,"nixl_xfer_handle(0x556336e746e0, released=False)",decode,1,0,452712,2,d61968e8-e4aa-43a2-8ca8-85b623ffd1e5_dp1,0,nixl_start_time
1780280872.1729336,1780280872.1739895,1.056,1780280872.1742532,0.2636909484863281,137242134600,137242.1346,1780280872.1729336,1.3196468353271484,0.0030994415283203125,1.0797977447509766,1.056,1572864,1.4894545454545454,48,chatcmpl-18b4bcaf-789d-4a54-bc7b-3398403cd234-b0e1387f,"nixl_xfer_handle(0x556336e746e0, released=False)",decode,1,0,452712,1,d61968e8-e4aa-43a2-8ca8-85b623ffd1e5_dp0,0,nixl_start_time
1780280872.2213266,1780280872.2345705,13.244,1780280872.2348082,0.2377033233642578,137242182993,137242.182993,1780280872.2213266,13.481616973876953,0.0054836273193359375,13.268709182739258,13.244,12582912,0.9500839625490788,768,chatcmpl-11ad1b69-427b-4634-8590-5f0ff8ec0f1a-83ac10b2,"nixl_xfer_handle(0x556336e746e0, released=False)",decode,1,0,452712,8,d61968e8-e4aa-43a2-8ca8-85b623ffd1e5_dp0,0,nixl_start_time
1780280872.3931856,1780280872.4172785,24.093,1780280872.4173055,0.026941299438476562,137242354852,137242.354852,1780280872.3931856,24.119853973388672,0.0057220458984375,5.120992660522461,5.079,66060288,2.7418871871497945,4032,chatcmpl-a0f9bd4d-6717-4359-b9d7-486e283871e8-acc487e4,"nixl_xfer_handle(0x556336e746e0, released=False)",decode,1,0,452712,42,d61968e8-e4aa-43a2-8ca8-85b623ffd1e5_dp1,0,nixl_start_time
1780280872.4055247,1780280872.4290397,23.515,1780280872.4291031,0.06341934204101562,137242367191,137242.367191,1780280872.4055247,23.578405380249023,0.004291534423828125,1.1258125305175781,1.105,3145728,0.13377537741866893,192,chatcmpl-7d2b92d6-e92c-49a2-b5cc-b5aa246166bc-a2384cb8,"nixl_xfer_handle(0x55633fb3f6d0, released=False)",decode,1,0,452712,2,d61968e8-e4aa-43a2-8ca8-85b623ffd1e5_dp0,0,nixl_start_time
1780280872.5755246,1780280872.5907755,15.251000000000001,1780280872.59101,0.2346038818359375,137242537191,137242.537191,1780280872.5755246,15.485525131225586,0.0050067901611328125,15.279293060302734,15.251,14155776,0.9281867418529932,864,chatcmpl-e0b70027-27de-42bc-be6f-f246bf77d99b-a4d5c80c,"nixl_xfer_handle(0x5563598e88f0, released=False)",decode,1,0,452712,9,d61968e8-e4aa-43a2-8ca8-85b623ffd1e5_dp1,0,nixl_start_time
1780280872.7161217,1780280872.7217896,5.668,1780280872.7220614,0.27179718017578125,137242677788,137242.677788,1780280872.7161217,5.939722061157227,0.0030994415283203125,5.689859390258789,5.668,4718592,0.8324968242766407,288,chatcmpl-30284c93-edbc-45cd-8811-2ad06d7b799d-b7a7b18e,"nixl_xfer_handle(0x5563598e88f0, released=False)",decode,1,0,452712,3,d61968e8-e4aa-43a2-8ca8-85b623ffd1e5_dp0,0,nixl_start_time
1780280872.7531116,1780280872.7686145,15.503,1780280872.7688484,0.2338886260986328,137242714778,137242.714778,1780280872.7531116,15.736818313598633,0.0054836273193359375,15.533208847045898,15.503,14155776,0.9130991421015288,864,chatcmpl-bbd51aa8-4ea3-49e1-8f0f-0ede2f409d44-a8cf0656,"nixl_xfer_handle(0x5563598e72d0, released=False)",decode,1,0,452712,9,d61968e8-e4aa-43a2-8ca8-85b623ffd1e5_dp1,0,nixl_start_time
1780280872.7835348,1780280872.7875698,4.035,1780280872.7878416,0.27179718017578125,137242745201,137242.745201,1780280872.7835348,4.306793212890625,0.004291534423828125,4.0607452392578125,4.035,3145728,0.779610408921933,192,chatcmpl-64dc75aa-b190-4b29-8a91-9ce94ac377fb-865c4dc0,"nixl_xfer_handle(0x5563598e72d0, released=False)",decode,1,0,452712,2,d61968e8-e4aa-43a2-8ca8-85b623ffd1e5_dp0,0,nixl_start_time
1780280872.8209527,1780280872.8449798,24.027,1780280872.8450341,0.05435943603515625,137242782619,137242.782619,1780280872.8209527,24.08146858215332,0.00476837158203125,4.376411437988281,4.344,39321600,1.6365588712698214,2400,chatcmpl-bb4c3fc9-bc91-421e-88d1-37c88c953646-b3aa77b0,"nixl_xfer_handle(0x556359950640, released=False)",decode,1,0,452712,25,d61968e8-e4aa-43a2-8ca8-85b623ffd1e5_dp0,0,nixl_start_time
1780280872.8327765,1780280872.8450615,12.285,1780280872.845099,0.03743171691894531,137242794443,137242.794443,1780280872.8327765,12.322425842285156,0.0050067901611328125,5.464792251586914,5.446,28311552,2.304562637362637,1728,chatcmpl-99c8abe4-0ff6-45d7-bc07-b9139982d8d1-8b761226,"nixl_xfer_handle(0x55633702f790, released=False)",decode,1,0,452712,18,d61968e8-e4aa-43a2-8ca8-85b623ffd1e5_dp1,0,nixl_start_time
1780280872.9561467,1780280872.9703217,14.175,1780280872.9705791,0.2574920654296875,137242917813,137242.917813,1780280872.9561467,14.432430267333984,0.0045299530029296875,14.215230941772461,14.175,15728640,1.1096042328042328,960,chatcmpl-dac8616b-68f4-425a-958b-05a719e3e703-a262f5cc,"nixl_xfer_handle(0x55633702f790, released=False)",decode,1,0,452712,10,d61968e8-e4aa-43a2-8ca8-85b623ffd1e5_dp0,0,nixl_start_time
1780280872.9735916,1780280872.9828966,9.305000000000001,1780280872.9829519,0.0553131103515625,137242935258,137242.935258,1780280872.9735916,9.360313415527344,0.00476837158203125,9.049654006958008,9.023,7864320,0.8451714132186996,480,chatcmpl-3b46ebb9-4307-4008-b270-986a52bf7549-81984d7a,"nixl_xfer_handle(0x55633702f790, released=False)",decode,1,0,452712,5,d61968e8-e4aa-43a2-8ca8-85b623ffd1e5_dp1,0,nixl_start_time
1780280873.0225856,1780280873.0416245,19.039,1780280873.041683,0.05841255187988281,137242984252,137242.984252,1780280873.0225856,19.097328186035156,0.0057220458984375,3.979921340942383,3.936,39321600,2.065318556646883,2400,chatcmpl-dfdb3d81-13ed-4a11-8e2f-2dd290dcb5a2-9d979c7e,"nixl_xfer_handle(0x55633702f790, released=False)",decode,1,0,452712,25,d61968e8-e4aa-43a2-8ca8-85b623ffd1e5_dp0,0,nixl_start_time
1780280873.0670056,1780280873.0950627,28.057,1780280873.0951176,0.054836273193359375,137243028672,137243.028672,1780280873.0670056,28.111934661865234,0.0054836273193359375,4.210948944091797,4.186,37748736,1.3454302313148234,2304,chatcmpl-9d534929-57fa-40cd-9565-239e522a3529-874e6f73,"nixl_xfer_handle(0x55633702f790, released=False)",decode,1,0,452712,24,d61968e8-e4aa-43a2-8ca8-85b623ffd1e5_dp1,0,nixl_start_time
1780280873.0917675,1780280873.0947785,3.0109999999999997,1780280873.095142,0.36334991455078125,137243053434,137243.053434,1780280873.0917675,3.374338150024414,0.003337860107421875,3.030538558959961,3.011,3145728,1.0447452673530389,192,chatcmpl-1ff18ff2-1943-4f72-806d-5fe7fed5ce35-9241bdeb,"nixl_xfer_handle(0x5563599010e0, released=False)",decode,1,0,452712,2,d61968e8-e4aa-43a2-8ca8-85b623ffd1e5_dp0,0,nixl_start_time
1780280873.1545718,1780280873.1671999,12.628,1780280873.1672442,0.044345855712890625,137243116238,137243.116238,1780280873.1545718,12.67242431640625,0.004291534423828125,3.5066604614257812,3.475,23592960,1.8683053531834017,1440,chatcmpl-05b6c554-c43c-45b1-a844-db4547de6a45-9d9c6911,"nixl_xfer_handle(0x5563599010e0, released=False)",decode,1,0,452712,15,d61968e8-e4aa-43a2-8ca8-85b623ffd1e5_dp1,0,nixl_start_time
1780280873.2049067,1780280873.2175937,12.687000000000001,1780280873.2176409,0.047206878662109375,137243166573,137243.166573,1780280873.2049067,12.734174728393555,0.0045299530029296875,3.522634506225586,3.504,28311552,2.2315403168597774,1728,chatcmpl-e569aa8b-0edb-4581-9577-f66630419fb9-b126f712,"nixl_xfer_handle(0x5563599010e0, released=False)",decode,1,0,452712,18,d61968e8-e4aa-43a2-8ca8-85b623ffd1e5_dp0,0,nixl_start_time
1780280873.3183618,1780280873.3514788,33.117,1780280873.3515286,0.04982948303222656,137243280028,137243.280028,1780280873.3183618,33.16688537597656,0.0069141387939453125,18.157958984375,18.122,72351744,2.1847312256544975,4416,chatcmpl-f8994452-ac9c-442c-ad34-d5fd2ede790c-985885c3,"nixl_xfer_handle(0x5563599010e0, released=False)",decode,1,0,452712,46,d61968e8-e4aa-43a2-8ca8-85b623ffd1e5_dp1,0,nixl_start_time
1780280873.4651206,1780280873.4963036,31.183,1780280873.4963183,0.014781951904296875,137243426787,137243.426787,1780280873.4651206,31.197786331176758,0.0050067901611328125,5.578279495239258,5.536,53477376,1.7149528909983003,3264,chatcmpl-96c9379e-5540-4941-a85c-c38876df1b00-9020fc12,"nixl_xfer_handle(0x5563599010e0, released=False)",decode,1,0,452712,34,d61968e8-e4aa-43a2-8ca8-85b623ffd1e5_dp0,0,nixl_start_time
1780280873.4779255,1780280873.4791327,1.2069999999999999,1780280873.4792025,0.06985664367675781,137243439592,137243.439592,1780280873.4779255,1.2769699096679688,0.0050067901611328125,0.8718967437744141,0.847,1572864,1.3031184755592378,48,chatcmpl-e0c94395-1cf1-4f60-ae23-e9762277ad36-a60adc42,"nixl_xfer_handle(0x5af9a38ab860, released=False)",decode,0,0,452715,1,d61968e8-e4aa-43a2-8ca8-85b623ffd1e5_dp1,0,nixl_start_time
1780280873.4780526,1780280873.4963496,18.297,1780280873.4964137,0.06413459777832031,137243439719,137243.439719,1780280873.4780526,18.36109161376953,0.0059604644775390625,0.43654441833496094,0.409,1572864,0.08596294474504017,48,chatcmpl-1a386479-12c3-4a9d-9d84-25bbaa3ff0a3-971c0c74,"nixl_xfer_handle(0x55633702f790, released=False)",decode,1,0,452712,1,d61968e8-e4aa-43a2-8ca8-85b623ffd1e5_dp1,0,nixl_start_time
1780280873.4904797,1780280873.4912498,0.7699999999999999,1780280873.4916534,0.4036426544189453,137243452146,137243.452146,1780280873.4904797,1.1737346649169922,0.00476837158203125,0.7889270782470703,0.77,1572864,2.0426805194805193,48,chatcmpl-6dd52a6a-1150-4402-aa32-f31f20891cf8-967e9a31,"nixl_xfer_handle(0x5af9a38ab860, released=False)",decode,0,0,452715,1,d61968e8-e4aa-43a2-8ca8-85b623ffd1e5_dp0,0,nixl_start_time
1780280873.4907906,1780280873.4960365,5.2459999999999996,1780280873.4964342,0.39768218994140625,137243452457,137243.452457,1780280873.4907906,5.643606185913086,0.004291534423828125,5.267858505249023,5.246,6291456,1.1992863133816243,384,chatcmpl-aa89e0bb-6b37-4802-a0dc-c145de397f43-84a715c7,"nixl_xfer_handle(0x5563598e97e0, released=False)",decode,1,0,452712,4,d61968e8-e4aa-43a2-8ca8-85b623ffd1e5_dp0,0,nixl_start_time
1780280873.5031207,1780280873.5100245,6.904000000000001,1780280873.5103092,0.2846717834472656,137243464787,137243.464787,1780280873.5031207,7.188558578491211,0.00476837158203125,6.929159164428711,6.904,7864320,1.1390961761297798,480,chatcmpl-aaa3983e-45e2-4e2e-be72-eab76148d5ec-bc1265f1,"nixl_xfer_handle(0x5563598e97e0, released=False)",decode,1,0,452712,5,d61968e8-e4aa-43a2-8ca8-85b623ffd1e5_dp0,0,nixl_start_time
1780280873.5936577,1780280873.6060507,12.392999999999999,1780280873.6060696,0.018835067749023438,137243555324,137243.555324,1780280873.5936577,12.411832809448242,0.005245208740234375,3.0989646911621094,3.08,18874368,1.5229862018881628,1152,chatcmpl-7ac388c1-74a2-4208-988e-5a73447e90c9-89df6a77,"nixl_xfer_handle(0x5af9a38ab860, released=False)",decode,0,0,452715,12,d61968e8-e4aa-43a2-8ca8-85b623ffd1e5_dp1,0,nixl_start_time
1780280873.7321136,1780280873.7477636,15.65,1780280873.747795,0.03147125244140625,137243693780,137243.69378,1780280873.7321136,15.68150520324707,0.0045299530029296875,5.307912826538086,5.274,34603008,2.21105482428115,2112,chatcmpl-40837d18-373d-4a56-be09-f5a3665bdc84-9837d630,"nixl_xfer_handle(0x5563599359e0, released=False)",decode,1,0,452712,22,d61968e8-e4aa-43a2-8ca8-85b623ffd1e5_dp0,0,nixl_start_time
1780280873.7439356,1780280873.7474885,3.5530000000000004,1780280873.7478137,0.32520294189453125,137243705602,137243.705602,1780280873.7439356,3.8781166076660156,0.0040531158447265625,3.578662872314453,3.553,3145728,0.8853723613847453,192,chatcmpl-f57c4c1a-42e7-4c23-a36e-7757715ec9ca-82c55dd7,"nixl_xfer_handle(0x5563598e97e0, released=False)",decode,1,0,452712,2,d61968e8-e4aa-43a2-8ca8-85b623ffd1e5_dp1,0,nixl_start_time
1780280873.7820837,1780280873.7957468,13.663,1780280873.7959843,0.23746490478515625,137243743750,137243.74375,1780280873.7820837,13.900518417358398,0.0045299530029296875,13.684511184692383,13.663,12582912,0.9209479616482471,768,chatcmpl-11147ead-fb6b-4f70-bb02-54ad4f8bba00-90c9c4c5,"nixl_xfer_handle(0x5563598e97e0, released=False)",decode,1,0,452712,8,d61968e8-e4aa-43a2-8ca8-85b623ffd1e5_dp1,0,nixl_start_time
1780280873.7821436,1780280873.7915497,9.405999999999999,1780280873.7919424,0.39267539978027344,137243743810,137243.74381,1780280873.7821436,9.798765182495117,0.005245208740234375,9.42683219909668,9.406,14155776,1.5049729959600255,864,chatcmpl-74f7086e-7536-42d6-a5c1-eaeeb48f469c-9b9c84ba,"nixl_xfer_handle(0x5af9a3d2c180, released=False)",decode,0,0,452715,9,d61968e8-e4aa-43a2-8ca8-85b623ffd1e5_dp0,0,nixl_start_time
1780280873.7989337,1780280873.8008707,1.9369999999999998,1780280873.8012743,0.4036426544189453,137243760600,137243.7606,1780280873.7989337,2.340555191040039,0.0045299530029296875,1.9562244415283203,1.937,3145728,1.624020650490449,192,chatcmpl-595337f7-7294-4f58-b5e3-c1b560b5cd38-9c89f81f,"nixl_xfer_handle(0x5af9a3d2c180, released=False)",decode,0,0,452715,2,d61968e8-e4aa-43a2-8ca8-85b623ffd1e5_dp0,0,nixl_start_time
1780280873.8243957,1780280873.8282998,3.904,1780280873.8285642,0.2644062042236328,137243786062,137243.786062,1780280873.8243957,4.168510437011719,0.0050067901611328125,3.930330276489258,3.904,3145728,0.8057704918032786,192,chatcmpl-e38df324-a3b5-45d1-b531-abe396f13293-af589558,"nixl_xfer_handle(0x5563598e97e0, released=False)",decode,1,0,452712,2,d61968e8-e4aa-43a2-8ca8-85b623ffd1e5_dp1,0,nixl_start_time
1780280873.9890456,1780280874.0199237,30.878,1780280874.0199842,0.060558319091796875,137243950712,137243.950712,1780280873.9890456,30.93862533569336,0.00476837158203125,15.240907669067383,15.201,83361792,2.6997147483645314,5088,chatcmpl-22ea830a-e95b-4dff-bddb-38b9c873ba15-be012dae,"nixl_xfer_handle(0x5af9a3d2c180, released=False)",decode,0,0,452715,53,d61968e8-e4aa-43a2-8ca8-85b623ffd1e5_dp0,0,nixl_start_time
1780280874.0083756,1780280874.0325766,24.201,1780280874.0326307,0.05412101745605469,137243970042,137243.970042,1780280874.0083756,24.255037307739258,0.005245208740234375,4.026174545288086,4.006,34603008,1.4298172802776745,2112,chatcmpl-e18b79cc-24fe-4932-a918-52765bec0d36-b7b72c61,"nixl_xfer_handle(0x5563598e97e0, released=False)",decode,1,0,452712,22,d61968e8-e4aa-43a2-8ca8-85b623ffd1e5_dp1,0,nixl_start_time
1780280874.0831106,1780280874.0964897,13.379,1780280874.0965486,0.05888938903808594,137244044777,137244.044777,1780280874.0831106,13.437986373901367,0.0045299530029296875,7.947444915771484,7.919,14155776,1.0580593467374242,864,chatcmpl-4da177ec-b219-4212-93d3-16f4965572e2-9a84c3ba,"nixl_xfer_handle(0x5563598e97e0, released=False)",decode,1,0,452712,9,d61968e8-e4aa-43a2-8ca8-85b623ffd1e5_dp0,0,nixl_start_time
1780280874.0831647,1780280874.0965178,13.353,1780280874.0965433,0.025510787963867188,137244044831,137244.044831,1780280874.0831647,13.378620147705078,0.004291534423828125,3.7899017333984375,3.77,33030144,2.4736122219725902,2016,chatcmpl-a9945374-b943-43d7-8639-324ff9b014d2-af2923ac,"nixl_xfer_handle(0x5af9a3d3dd30, released=False)",decode,0,0,452715,21,d61968e8-e4aa-43a2-8ca8-85b623ffd1e5_dp0,0,nixl_start_time
1780280874.0870187,1780280874.0965767,9.558,1780280874.0965948,0.01811981201171875,137244048685,137244.048685,1780280874.0870187,9.576082229614258,0.002384185791015625,2.331256866455078,2.31,4718592,0.4936798493408663,288,chatcmpl-35bf1c63-746e-4946-987b-a35e4b1be70a-b8e58da5,"nixl_xfer_handle(0x5af9a379d9b0, released=False)",decode,0,0,452715,3,d61968e8-e4aa-43a2-8ca8-85b623ffd1e5_dp0,0,nixl_start_time
1780280874.1597466,1780280874.1721888,12.442,1780280874.1722088,0.02002716064453125,137244121413,137244.121413,1780280874.1597466,12.462139129638672,0.00476837158203125,3.983020782470703,3.963,31457280,2.52831377592027,1920,chatcmpl-8e1f0315-c3ba-4ee1-bb7b-916316204b66-9d60a891,"nixl_xfer_handle(0x5563598e97e0, released=False)",decode,1,0,452712,20,d61968e8-e4aa-43a2-8ca8-85b623ffd1e5_dp1,0,nixl_start_time
1780280874.1598477,1780280874.1784158,18.568,1780280874.1784296,0.013828277587890625,137244121514,137244.121514,1780280874.1598477,18.581867218017578,0.00476837158203125,6.576061248779297,6.557,55050240,2.9647910383455405,3360,chatcmpl-cbc13b88-834a-411b-8823-cd133ec26fd4-9a388f8d,"nixl_xfer_handle(0x5af9a3d3dd30, released=False)",decode,0,0,452715,35,d61968e8-e4aa-43a2-8ca8-85b623ffd1e5_dp1,0,nixl_start_time
1780280874.1721356,1780280874.1975965,25.461000000000002,1780280874.1976168,0.020265579223632812,137244133802,137244.133802,1780280874.1721356,25.481224060058594,0.005245208740234375,5.859375,5.837,12582912,0.4942033698597856,768,chatcmpl-8c536b23-bc73-4ada-9086-3b08246a29d4-8f89fa33,"nixl_xfer_handle(0x5af9a3d48ac0, released=False)",decode,0,0,452715,8,d61968e8-e4aa-43a2-8ca8-85b623ffd1e5_dp1,0,nixl_start_time
1780280874.3520195,1780280874.3644826,12.463000000000001,1780280874.3645089,0.026226043701171875,137244313686,137244.313686,1780280874.3520195,12.48931884765625,0.004291534423828125,1.7886161804199219,1.76,3145728,0.252405359865201,192,chatcmpl-2c21feb1-06f2-4a36-8eff-faa92a298012-95efee1d,"nixl_xfer_handle(0x556356deb070, released=False)",decode,1,0,452712,2,d61968e8-e4aa-43a2-8ca8-85b623ffd1e5_dp0,0,nixl_start_time
1780280874.4534225,1780280874.4931304,39.708,1780280874.4931514,0.0209808349609375,137244415089,137244.415089,1780280874.4534225,39.72887992858887,0.0069141387939453125,19.997596740722656,19.955,77070336,1.9409271683288003,4704,chatcmpl-ac781578-9285-47ee-a26d-8b467a7307f1-81b37645,"nixl_xfer_handle(0x556356deb070, released=False)",decode,1,0,452712,49,d61968e8-e4aa-43a2-8ca8-85b623ffd1e5_dp1,0,nixl_start_time
1780280874.4768217,1780280874.4792376,2.4160000000000004,1780280874.4796176,0.3800392150878906,137244438488,137244.438488,1780280874.4768217,2.7959346771240234,0.004291534423828125,2.4328231811523438,2.416,4718592,1.9530596026490064,288,chatcmpl-d7929d12-4050-4c73-8c72-0a50b8e8bccd-918eda11,"nixl_xfer_handle(0x5af9a3d48ac0, released=False)",decode,0,0,452715,3,d61968e8-e4aa-43a2-8ca8-85b623ffd1e5_dp0,0,nixl_start_time
1780280874.4890406,1780280874.4920435,3.003,1780280874.4923978,0.3542900085449219,137244450707,137244.450707,1780280874.4890406,3.3571720123291016,0.0040531158447265625,3.026247024536133,3.003,4718592,1.5712927072927072,288,chatcmpl-c1d9f903-eb51-4f32-951c-ac504844e218-97748fc5,"nixl_xfer_handle(0x5af9a3d48ac0, released=False)",decode,0,0,452715,3,d61968e8-e4aa-43a2-8ca8-85b623ffd1e5_dp0,0,nixl_start_time
1780280874.4890997,1780280874.5016787,12.579,1780280874.5016975,0.018835067749023438,137244450766,137244.450766,1780280874.4890997,12.597799301147461,0.00476837158203125,3.777027130126953,3.759,29884416,2.3757386119723347,1824,chatcmpl-7737f9d9-8027-4702-8028-97ca54e81f83-9ff73825,"nixl_xfer_handle(0x5563598e97e0, released=False)",decode,1,0,452712,19,d61968e8-e4aa-43a2-8ca8-85b623ffd1e5_dp1,0,nixl_start_time
1780280874.5141237,1780280874.5269916,12.867999999999999,1780280874.5270574,0.06580352783203125,137244475790,137244.47579,1780280874.5141237,12.933731079101562,0.0050067901611328125,1.5025138854980469,1.472,3145728,0.24446129934721791,192,chatcmpl-167e6ba3-86eb-4d15-a9b1-30d5f91bf1e8-b30a2554,"nixl_xfer_handle(0x5563598e97e0, released=False)",decode,1,0,452712,2,d61968e8-e4aa-43a2-8ca8-85b623ffd1e5_dp1,0,nixl_start_time
1780280874.5268326,1780280874.5300367,3.2039999999999997,1780280874.5303907,0.3540515899658203,137244488499,137244.488499,1780280874.5268326,3.5581588745117188,0.004291534423828125,3.222942352294922,3.204,4718592,1.4727191011235954,288,chatcmpl-15a6604a-0afe-414d-9448-ef714037880f-b4b4c1bb,"nixl_xfer_handle(0x5af9a3d48ac0, released=False)",decode,0,0,452715,3,d61968e8-e4aa-43a2-8ca8-85b623ffd1e5_dp0,0,nixl_start_time
1780280874.6972876,1780280874.7103786,13.091000000000001,1780280874.7104013,0.022649765014648438,137244658954,137244.658954,1780280874.6972876,13.113737106323242,0.004291534423828125,3.9854049682617188,3.968,37748736,2.883563975250172,2304,chatcmpl-6f4b2963-12f2-4ecf-a2a7-ff3ed24f12eb-afd30620,"nixl_xfer_handle(0x5563598e97e0, released=False)",decode,1,0,452712,24,d61968e8-e4aa-43a2-8ca8-85b623ffd1e5_dp0,0,nixl_start_time
1780280874.9412706,1780280874.9767246,35.454,1780280874.9767683,0.04363059997558594,137244902937,137244.902937,1780280874.9412706,35.49766540527344,0.005245208740234375,19.861698150634766,19.82,77070336,2.1738121509561688,4704,chatcmpl-35e755fa-0cc5-45c6-bb63-9e48f3e4600e-8e7aaf99,"nixl_xfer_handle(0x5563598e97e0, released=False)",decode,1,0,452712,49,d61968e8-e4aa-43a2-8ca8-85b623ffd1e5_dp1,0,nixl_start_time
1780280875.0535347,1780280875.0661938,12.659,1780280875.0662124,0.018596649169921875,137245015201,137245.015201,1780280875.0535347,12.677669525146484,0.0054836273193359375,3.6313533782958984,3.611,26738688,2.1122275061221267,1632,chatcmpl-04cbdb21-063e-4b18-a0f6-014ed8ddc3e5-8fe8b722,"nixl_xfer_handle(0x5af9a3d48ac0, released=False)",decode,0,0,452715,17,d61968e8-e4aa-43a2-8ca8-85b623ffd1e5_dp0,0,nixl_start_time
1780280875.1559408,1780280875.1903148,34.374,1780280875.190359,0.044345855712890625,137245117607,137245.117607,1780280875.1559408,34.418344497680664,0.0054836273193359375,18.558025360107422,18.533,80216064,2.333626112759644,4896,chatcmpl-3b9c2681-42a0-4268-98b4-410be77edd85-9f6b41b1,"nixl_xfer_handle(0x5af9a3d5bb90, released=False)",decode,0,0,452715,51,d61968e8-e4aa-43a2-8ca8-85b623ffd1e5_dp1,0,nixl_start_time
1780280875.1901805,1780280875.2026145,12.434000000000001,1780280875.2026472,0.03266334533691406,137245151847,137245.151847,1780280875.1901805,12.466669082641602,0.00476837158203125,3.1130313873291016,3.093,20447232,1.644461315747145,1248,chatcmpl-8157fc98-1631-4d0f-bc7e-ce0797352c24-90ef2206,"nixl_xfer_handle(0x5563598e97e0, released=False)",decode,1,0,452712,13,d61968e8-e4aa-43a2-8ca8-85b623ffd1e5_dp0,0,nixl_start_time
1780280875.3586407,1780280875.3927057,34.065,1780280875.3927188,0.013113021850585938,137245320307,137245.320307,1780280875.3586407,34.078121185302734,0.00667572021484375,17.63606071472168,17.612,77070336,2.262449317481286,4704,chatcmpl-19684e0a-dd2b-4679-8bda-fe0c6a9ed614-866c1ffd,"nixl_xfer_handle(0x5af9a3d5bb90, released=False)",decode,0,0,452715,49,d61968e8-e4aa-43a2-8ca8-85b623ffd1e5_dp1,0,nixl_start_time
1780280875.3916776,1780280875.3927426,1.065,1780280875.3927612,0.018596649169921875,137245353344,137245.353344,1780280875.3916776,1.0836124420166016,0.003814697265625,0.6425380706787109,0.626,1572864,1.4768676056338028,48,chatcmpl-8e565374-82bf-4aac-bcf8-8bce09a3b5bf-b880d31a,"nixl_xfer_handle(0x5af9a35fb8a0, released=False)",decode,0,0,452715,1,d61968e8-e4aa-43a2-8ca8-85b623ffd1e5_dp0,0,nixl_start_time
1780280875.4558337,1780280875.4572937,1.46,1780280875.457609,0.3151893615722656,137245417500,137245.4175,1780280875.4558337,1.7752647399902344,0.004291534423828125,1.4863014221191406,1.46,3145728,2.1546082191780824,192,chatcmpl-8d29ec85-08c9-43a3-a470-7c9eb76ea22a-999983f7,"nixl_xfer_handle(0x5563598e97e0, released=False)",decode,1,0,452712,2,d61968e8-e4aa-43a2-8ca8-85b623ffd1e5_dp0,0,nixl_start_time
1780280875.5592465,1780280875.5722086,12.962,1780280875.572242,0.03337860107421875,137245520913,137245.520913,1780280875.5592465,12.995481491088867,0.0040531158447265625,4.041194915771484,4.006,22020096,1.6988193180064806,1344,chatcmpl-c8dbf63b-d442-4289-b7c0-afc8c18a0e0b-949049cd,"nixl_xfer_handle(0x5af9a3d5bb90, released=False)",decode,0,0,452715,14,d61968e8-e4aa-43a2-8ca8-85b623ffd1e5_dp1,0,nixl_start_time
1780280875.6105576,1780280875.6234815,12.924,1780280875.6235006,0.019073486328125,137245572224,137245.572224,1780280875.6105576,12.943029403686523,0.003814697265625,2.9473304748535156,2.93,17301504,1.338711234911792,1056,chatcmpl-1383b050-08ad-436b-ba3d-15d646275402-afc3245f,"nixl_xfer_handle(0x5af9a3d5bb90, released=False)",decode,0,0,452715,11,d61968e8-e4aa-43a2-8ca8-85b623ffd1e5_dp0,0,nixl_start_time
1780280875.7394066,1780280875.7512426,11.835999999999999,1780280875.7512965,0.053882598876953125,137245701073,137245.701073,1780280875.7394066,11.889934539794922,0.0064373016357421875,3.679037094116211,3.637,23592960,1.9933220682663064,1440,chatcmpl-5018a0b7-7496-4ce8-9bd2-326c85da5d89-83ac4112,"nixl_xfer_handle(0x5563598e97e0, released=False)",decode,1,0,452712,15,d61968e8-e4aa-43a2-8ca8-85b623ffd1e5_dp1,0,nixl_start_time
1780280875.7511976,1780280875.7649465,13.749,1780280875.7650073,0.06079673767089844,137245712864,137245.712864,1780280875.7511976,13.809680938720703,0.0040531158447265625,10.367393493652344,10.344,14155776,1.0295858607898756,864,chatcmpl-9fdcca6d-8db1-4629-a3ac-0933412dd916-b53ce390,"nixl_xfer_handle(0x5af9a367b690, released=False)",decode,0,0,452715,9,d61968e8-e4aa-43a2-8ca8-85b623ffd1e5_dp0,0,nixl_start_time
1780280875.7774746,1780280875.8029666,25.492,1780280875.803024,0.05745887756347656,137245739141,137245.739141,1780280875.7774746,25.54941177368164,0.005245208740234375,4.973173141479492,4.951,37748736,1.4808071551859407,2304,chatcmpl-654ce9ba-1a5e-4507-bf5d-9363cdb27e9a-b3df4517,"nixl_xfer_handle(0x5563598e97e0, released=False)",decode,1,0,452712,24,d61968e8-e4aa-43a2-8ca8-85b623ffd1e5_dp1,0,nixl_start_time
1780280875.8029346,1780280875.8160126,13.078,1780280875.8160694,0.056743621826171875,137245764601,137245.764601,1780280875.8029346,13.13471794128418,0.0045299530029296875,4.812717437744141,4.778,26738688,2.0445548248967733,1632,chatcmpl-789ffd60-0909-44af-9dff-4e68895d62d8-b7eaf0e8,"nixl_xfer_handle(0x5af9a367b690, released=False)",decode,0,0,452715,17,d61968e8-e4aa-43a2-8ca8-85b623ffd1e5_dp0,0,nixl_start_time
1780280875.8812516,1780280875.9074566,26.205,1780280875.9074745,0.017881393432617188,137245842918,137245.842918,1780280875.8812516,26.222944259643555,0.004291534423828125,6.2046051025390625,6.174,55050240,2.1007532913566114,3360,chatcmpl-597d5b94-82e6-4331-b1f6-82c1eb6db308-a8ab5bae,"nixl_xfer_handle(0x5af9a367b690, released=False)",decode,0,0,452715,35,d61968e8-e4aa-43a2-8ca8-85b623ffd1e5_dp1,0,nixl_start_time
1780280875.9597816,1780280875.9935727,33.791000000000004,1780280875.9936101,0.03743171691894531,137245921448,137245.921448,1780280875.9597816,33.8284969329834,0.005245208740234375,18.213510513305664,18.186,72351744,2.141154271847533,4416,chatcmpl-af300d07-ff56-4f12-9a88-920cb2225618-9edc430c,"nixl_xfer_handle(0x5563598e97e0, released=False)",decode,1,0,452712,46,d61968e8-e4aa-43a2-8ca8-85b623ffd1e5_dp0,0,nixl_start_time
1780280876.0598397,1780280876.0619748,2.1350000000000002,1780280876.0836895,21.71468734741211,137246021506,137246.021506,1780280876.0598397,23.8497257232666,0.005245208740234375,2.158641815185547,2.135,4718592,2.2101133489461353,288,chatcmpl-3177e7c0-186c-4e1e-8901-24bbb00f748f-b6555b6e,"nixl_xfer_handle(0x5563598e97e0, released=False)",decode,1,0,452712,3,d61968e8-e4aa-43a2-8ca8-85b623ffd1e5_dp1,0,nixl_start_time
1780280876.0600047,1780280876.0715008,11.495999999999999,1780280876.0715277,0.026941299438476562,137246021671,137246.021671,1780280876.0600047,11.523008346557617,0.00476837158203125,5.224466323852539,5.191,33030144,2.873185803757829,2016,chatcmpl-93d9ed6e-ee3e-447a-9ce9-4babf238d46f-aeb2d6ef,"nixl_xfer_handle(0x5af99a3333c0, released=False)",decode,0,0,452715,21,d61968e8-e4aa-43a2-8ca8-85b623ffd1e5_dp1,0,nixl_start_time
1780280876.0622547,1780280876.0993886,37.134,1780280876.0994248,0.0362396240234375,137246023921,137246.023921,1780280876.0622547,37.1701717376709,0.004291534423828125,19.510984420776367,19.478,77070336,2.075465503312328,4704,chatcmpl-82666e58-90cb-4af3-b2d3-6f5b159d7b80-99705677,"nixl_xfer_handle(0x556356deb070, released=False)",decode,1,0,452712,49,d61968e8-e4aa-43a2-8ca8-85b623ffd1e5_dp1,0,nixl_start_time
1780280876.0653915,1780280876.0871425,21.751,1780280876.087204,0.061511993408203125,137246027058,137246.027058,1780280876.0653915,21.81243896484375,0.004291534423828125,5.81669807434082,5.793,9437184,0.4338735690313089,576,chatcmpl-54cee020-6d79-41a0-a405-2415176331d9-9ac4f8ac,"nixl_xfer_handle(0x5af9a3d3dd30, released=False)",decode,0,0,452715,6,d61968e8-e4aa-43a2-8ca8-85b623ffd1e5_dp0,0,nixl_start_time
1780280876.0818856,1780280876.0994537,17.568,1780280876.09947,0.01621246337890625,137246043552,137246.043552,1780280876.0818856,17.58432388305664,0.00286102294921875,1.5568733215332031,1.539,4718592,0.26859016393442625,288,chatcmpl-d582152f-48a5-43e7-a5bb-a4382406308a-b342ced8,"nixl_xfer_handle(0x5563599359e0, released=False)",decode,1,0,452712,3,d61968e8-e4aa-43a2-8ca8-85b623ffd1e5_dp0,0,nixl_start_time
1780280876.1255007,1780280876.1269126,1.4120000000000001,1780280876.1271806,0.26798248291015625,137246087167,137246.087167,1780280876.1255007,1.6798973083496094,0.004291534423828125,1.436471939086914,1.412,3145728,2.2278526912181302,192,chatcmpl-57ab660a-ce9e-4858-b560-67059b4a49a6-8a571383,"nixl_xfer_handle(0x5563599359e0, released=False)",decode,1,0,452712,2,d61968e8-e4aa-43a2-8ca8-85b623ffd1e5_dp1,0,nixl_start_time
1780280876.1911786,1780280876.2082796,17.101000000000003,1780280876.2082932,0.013589859008789062,137246152845,137246.152845,1780280876.1911786,17.114639282226562,0.00476837158203125,3.7069320678710938,3.687,20447232,1.195674638910005,1248,chatcmpl-e1647f90-7555-4ca2-b1af-b94413faafcf-8f7357c1,"nixl_xfer_handle(0x5af9a3d3dd30, released=False)",decode,0,0,452715,13,d61968e8-e4aa-43a2-8ca8-85b623ffd1e5_dp0,0,nixl_start_time
1780280876.2040427,1780280876.2173288,13.286,1780280876.2174103,0.08153915405273438,137246165709,137246.165709,1780280876.2040427,13.367652893066406,0.005245208740234375,3.854036331176758,3.834,28311552,2.130931205780521,1728,chatcmpl-34d78388-363a-4e3d-b5d0-9daf034fd311-96ef8801,"nixl_xfer_handle(0x5af99a3333c0, released=False)",decode,0,0,452715,18,d61968e8-e4aa-43a2-8ca8-85b623ffd1e5_dp1,0,nixl_start_time
1780280876.2305477,1780280876.2436497,13.102,1780280876.2436965,0.04673004150390625,137246192214,137246.192214,1780280876.2305477,13.148784637451172,0.0045299530029296875,4.035711288452148,4.014,28311552,2.1608572736986718,1728,chatcmpl-c6ee99e8-aa07-479c-b50a-c637f0045a12-9adb3169,"nixl_xfer_handle(0x5563599359e0, released=False)",decode,1,0,452712,18,d61968e8-e4aa-43a2-8ca8-85b623ffd1e5_dp0,0,nixl_start_time
1780280876.2306128,1780280876.2566268,26.014,1780280876.2566452,0.018358230590820312,137246192279,137246.192279,1780280876.2306128,26.032447814941406,0.0045299530029296875,4.787206649780273,4.766,44040192,1.6929419543322828,2688,chatcmpl-d712b15d-e038-45c3-af43-d036e9823e24-a9873b93,"nixl_xfer_handle(0x5af9a3d3dd30, released=False)",decode,0,0,452715,28,d61968e8-e4aa-43a2-8ca8-85b623ffd1e5_dp1,0,nixl_start_time
1780280876.3221986,1780280876.3579357,35.736999999999995,1780280876.357959,0.023365020751953125,137246283865,137246.283865,1780280876.3221986,35.76040267944336,0.0050067901611328125,19.93274688720703,19.898,77070336,2.1565978117917006,4704,chatcmpl-d469eb1a-f5e4-4625-983b-67e494c65b11-8b30a3bf,"nixl_xfer_handle(0x5563599359e0, released=False)",decode,1,0,452712,49,d61968e8-e4aa-43a2-8ca8-85b623ffd1e5_dp0,0,nixl_start_time
1780280876.6228316,1780280876.6510096,28.178,1780280876.6510255,0.015974044799804688,137246584498,137246.584498,1780280876.6228316,28.193950653076172,0.0054836273193359375,6.365776062011719,6.331,66060288,2.3443923628362553,4032,chatcmpl-5dc1ca8a-0c5e-4d10-973d-ed9149a00881-a5abff26,"nixl_xfer_handle(0x5563599359e0, released=False)",decode,1,0,452712,42,d61968e8-e4aa-43a2-8ca8-85b623ffd1e5_dp0,0,nixl_start_time
1780280876.6358597,1780280876.6379738,2.114,1780280876.6383588,0.38504600524902344,137246597526,137246.597526,1780280876.6358597,2.499103546142578,0.0050067901611328125,2.132415771484375,2.114,3145728,1.4880454115421002,192,chatcmpl-c780ab68-82f7-425a-934d-68241e44d79e-a1812dcc,"nixl_xfer_handle(0x5af9a3d3dd30, released=False)",decode,0,0,452715,2,d61968e8-e4aa-43a2-8ca8-85b623ffd1e5_dp1,0,nixl_start_time
1780280876.6491687,1780280876.6510518,1.883,1780280876.6510818,0.030040740966796875,137246610835,137246.610835,1780280876.6491687,1.9130706787109375,0.005245208740234375,1.5075206756591797,1.483,3145728,1.6705937334041423,192,chatcmpl-16919c3c-7de8-459a-bf3a-60c1b1646599-bd88f9f9,"nixl_xfer_handle(0x556356deb070, released=False)",decode,1,0,452712,2,d61968e8-e4aa-43a2-8ca8-85b623ffd1e5_dp1,0,nixl_start_time
1780280876.6627576,1780280876.6759086,13.151,1780280876.6759727,0.06413459777832031,137246624424,137246.624424,1780280876.6627576,13.215065002441406,0.004291534423828125,3.846883773803711,3.828,33030144,2.5116070260816667,2016,chatcmpl-0e4b5d39-561f-46fe-8e96-52bab79a76ba-96681743,"nixl_xfer_handle(0x5af9a3d3dd30, released=False)",decode,0,0,452715,21,d61968e8-e4aa-43a2-8ca8-85b623ffd1e5_dp0,0,nixl_start_time
1780280876.7022986,1780280876.7064657,4.167,1780280876.706831,0.36525726318359375,137246663965,137246.663965,1780280876.7022986,4.532337188720703,0.0040531158447265625,4.1866302490234375,4.167,7864320,1.8872858171346292,480,chatcmpl-1b596b29-e21d-4f89-b19e-f025479d932f-a50aff08,"nixl_xfer_handle(0x5af9a3d3dd30, released=False)",decode,0,0,452715,5,d61968e8-e4aa-43a2-8ca8-85b623ffd1e5_dp1,0,nixl_start_time
1780280876.7966447,1780280876.8097777,13.133000000000001,1780280876.809799,0.021219253540039062,137246758311,137246.758311,1780280876.7966447,13.154268264770508,0.00476837158203125,3.9277076721191406,3.894,29884416,2.2755209015457245,1824,chatcmpl-85786f67-753e-49bd-9309-b95adb1cb7d9-a2d0b82d,"nixl_xfer_handle(0x556356deb070, released=False)",decode,1,0,452712,19,d61968e8-e4aa-43a2-8ca8-85b623ffd1e5_dp0,0,nixl_start_time
1780280876.8757656,1780280876.8890686,13.303,1780280876.8890855,0.016927719116210938,137246837432,137246.837432,1780280876.8757656,13.319969177246094,0.003814697265625,4.645347595214844,4.625,6291456,0.4729351274148688,384,chatcmpl-cd4c03c0-e062-40cb-a890-1a229424bda8-aee8dfeb,"nixl_xfer_handle(0x5af9a3d3dd30, released=False)",decode,0,0,452715,4,d61968e8-e4aa-43a2-8ca8-85b623ffd1e5_dp1,0,nixl_start_time
1780280876.9552197,1780280876.9815528,26.333,1780280876.981575,0.022172927856445312,137246916886,137246.916886,1780280876.9552197,26.355266571044922,0.006198883056640625,4.315614700317383,4.293,40894464,1.552973987012494,2496,chatcmpl-75f93543-d1a6-4b0d-8a10-87b13f951af2-93253064,"nixl_xfer_handle(0x556359a31340, released=False)",decode,1,0,452712,26,d61968e8-e4aa-43a2-8ca8-85b623ffd1e5_dp0,0,nixl_start_time
1780280876.9552517,1780280876.9684746,13.223,1780280876.9684932,0.018596649169921875,137246916918,137246.916918,1780280876.9552517,13.24152946472168,0.0045299530029296875,4.450321197509766,4.415,36175872,2.7358293881872493,2208,chatcmpl-b7c35480-4df5-478b-8b0f-dd5e2ffcae94-a7aec7a2,"nixl_xfer_handle(0x5af9a3d3dd30, released=False)",decode,0,0,452715,23,d61968e8-e4aa-43a2-8ca8-85b623ffd1e5_dp1,0,nixl_start_time
1780280877.0078797,1780280877.0093637,1.484,1780280877.0096228,0.25916099548339844,137246969546,137246.969546,1780280877.0078797,1.7430782318115234,0.0054836273193359375,1.504659652709961,1.484,3145728,2.1197628032345013,192,chatcmpl-e5964350-e164-4097-8abc-7edcdf88376f-96ae95fc,"nixl_xfer_handle(0x556359a31340, released=False)",decode,1,0,452712,2,d61968e8-e4aa-43a2-8ca8-85b623ffd1e5_dp0,0,nixl_start_time
1780280877.0476797,1780280877.0483928,0.713,1780280877.048724,0.3311634063720703,137247009346,137247.009346,1780280877.0476797,1.0442733764648438,0.00476837158203125,0.7319450378417969,0.713,1572864,2.205980364656382,48,chatcmpl-5f60202f-d7ec-45cc-b36f-a44189329559-89a82fcc,"nixl_xfer_handle(0x5af99a331870, released=False)",decode,0,0,452715,1,d61968e8-e4aa-43a2-8ca8-85b623ffd1e5_dp1,0,nixl_start_time
1780280877.0875936,1780280877.1007485,13.155,1780280877.1007705,0.02193450927734375,137247049260,137247.04926,1780280877.0875936,13.176918029785156,0.0050067901611328125,3.080129623413086,3.046,18874368,1.4347676168757126,1152,chatcmpl-0e4ca892-c863-474a-a873-5404c520ca9e-bcad3d1f,"nixl_xfer_handle(0x556359a31340, released=False)",decode,1,0,452712,12,d61968e8-e4aa-43a2-8ca8-85b623ffd1e5_dp1,0,nixl_start_time
1780280877.0876656,1780280877.1008735,13.207999999999998,1780280877.1009057,0.03218650817871094,137247049332,137247.049332,1780280877.0876656,13.24009895324707,0.0045299530029296875,3.9315223693847656,3.914,33030144,2.5007680193821926,2016,chatcmpl-6dc6aadd-be4c-449b-b516-40e71cd0a5a7-8b6f5b1b,"nixl_xfer_handle(0x5af99a331870, released=False)",decode,0,0,452715,21,d61968e8-e4aa-43a2-8ca8-85b623ffd1e5_dp0,0,nixl_start_time
1780280877.2625806,1780280877.2640977,1.517,1780280877.264364,0.2663135528564453,137247224247,137247.224247,1780280877.2625806,1.7833709716796875,0.004291534423828125,1.5358924865722656,1.517,3145728,2.073650626235992,192,chatcmpl-6e248451-768b-4f8e-b956-ccd0c8deeae2-be71dd03,"nixl_xfer_handle(0x556359a31340, released=False)",decode,1,0,452712,2,d61968e8-e4aa-43a2-8ca8-85b623ffd1e5_dp0,0,nixl_start_time
1780280877.2757666,1780280877.2761917,0.425,1780280877.276459,0.26726722717285156,137247237433,137247.237433,1780280877.2757666,0.6923675537109375,0.0054836273193359375,0.4444122314453125,0.425,1572864,3.7008564705882354,48,chatcmpl-cd66f5c9-ef5b-419d-9dc8-2f023bcdd483-874828aa,"nixl_xfer_handle(0x556359a31340, released=False)",decode,1,0,452712,1,d61968e8-e4aa-43a2-8ca8-85b623ffd1e5_dp1,0,nixl_start_time
1780280877.2759457,1780280877.3025336,26.588,1780280877.3025517,0.01811981201171875,137247237612,137247.237612,1780280877.2759457,26.606082916259766,0.005245208740234375,5.799055099487305,5.765,61341696,2.3071196028283434,3744,chatcmpl-54b6e9e8-1a32-49a6-95b7-b59e5d813155-bcb04594,"nixl_xfer_handle(0x5af9a3e1daf0, released=False)",decode,0,0,452715,39,d61968e8-e4aa-43a2-8ca8-85b623ffd1e5_dp0,0,nixl_start_time
1780280877.2818937,1780280877.3025746,20.681,1780280877.3026145,0.03981590270996094,137247243560,137247.24356,1780280877.2818937,20.720720291137695,0.004291534423828125,1.5041828155517578,1.487,3145728,0.15210715149170737,192,chatcmpl-41256862-5532-4a46-a233-ca1b862a9063-87ceaed1,"nixl_xfer_handle(0x5af99a326070, released=False)",decode,0,0,452715,2,d61968e8-e4aa-43a2-8ca8-85b623ffd1e5_dp0,0,nixl_start_time
1780280877.3689597,1780280877.3710427,2.083,1780280877.3713603,0.31757354736328125,137247330626,137247.330626,1780280877.3689597,2.400636672973633,0.0059604644775390625,2.1064281463623047,2.083,4718592,2.2652866058569368,288,chatcmpl-4d3805eb-a71e-4a4f-aa65-a682adaf6f55-9cacff44,"nixl_xfer_handle(0x556359a31340, released=False)",decode,1,0,452712,3,d61968e8-e4aa-43a2-8ca8-85b623ffd1e5_dp1,0,nixl_start_time
1780280877.3952336,1780280877.4069107,11.677,1780280877.4069262,0.015497207641601562,137247356900,137247.3569,1780280877.3952336,11.692523956298828,0.0054836273193359375,3.0832290649414062,3.048,18874368,1.6163713282521195,1152,chatcmpl-9d7b59d8-282e-43db-8f80-fcb502187af1-9235d6b4,"nixl_xfer_handle(0x556359a31340, released=False)",decode,1,0,452712,12,d61968e8-e4aa-43a2-8ca8-85b623ffd1e5_dp1,0,nixl_start_time
1780280877.3985586,1780280877.4227977,24.239,1780280877.4228408,0.04315376281738281,137247360225,137247.360225,1780280877.3985586,24.282217025756836,0.0045299530029296875,8.097410202026367,8.079,31457280,1.2977961137010603,1920,chatcmpl-520ef84b-29f1-4c91-9b65-e01dc7fdc91e-b2cff76d,"nixl_xfer_handle(0x5563599359e0, released=False)",decode,1,0,452712,20,d61968e8-e4aa-43a2-8ca8-85b623ffd1e5_dp0,0,nixl_start_time
1780280877.4636686,1780280877.4899735,26.305,1780280877.4899898,0.01621246337890625,137247425335,137247.425335,1780280877.4636686,26.3211727142334,0.0045299530029296875,4.374504089355469,4.334,37748736,1.4350403345371603,2304,chatcmpl-904ca46a-9163-439d-91c2-a23b7790054f-bea57489,"nixl_xfer_handle(0x5563599359e0, released=False)",decode,1,0,452712,24,d61968e8-e4aa-43a2-8ca8-85b623ffd1e5_dp0,0,nixl_start_time
1780280877.4637628,1780280877.4901779,26.415000000000003,1780280877.4901907,0.012874603271484375,137247425429,137247.425429,1780280877.4637628,26.4279842376709,0.005245208740234375,6.203651428222656,6.169,61341696,2.322229642248722,3744,chatcmpl-33d79ab5-d8ac-4bd8-8f86-30327ebfec0c-87e930d5,"nixl_xfer_handle(0x5af99a326070, released=False)",decode,0,0,452715,39,d61968e8-e4aa-43a2-8ca8-85b623ffd1e5_dp1,0,nixl_start_time
1780280877.4892735,1780280877.4897206,0.447,1780280877.4900136,0.2930164337158203,137247450940,137247.45094,1780280877.4892735,0.74005126953125,0.005245208740234375,0.4658699035644531,0.447,1572864,3.5187114093959733,48,chatcmpl-be92ffcc-b7df-42cd-9756-967373da02ee-a7496cf0,"nixl_xfer_handle(0x556359a31340, released=False)",decode,1,0,452712,1,d61968e8-e4aa-43a2-8ca8-85b623ffd1e5_dp0,0,nixl_start_time
1780280877.4892826,1780280877.4898267,0.544,1780280877.4902093,0.3826618194580078,137247450949,137247.450949,1780280877.4892826,0.9267330169677734,0.003814697265625,0.5624294281005859,0.544,1572864,2.891294117647059,48,chatcmpl-c4d3e7b9-6f9c-4939-9a85-d452280251f8-91593277,"nixl_xfer_handle(0x5af9a3e1daf0, released=False)",decode,0,0,452715,1,d61968e8-e4aa-43a2-8ca8-85b623ffd1e5_dp0,0,nixl_start_time
1780280877.5985816,1780280877.6046176,6.036,1780280877.6049733,0.35572052001953125,137247560248,137247.560248,1780280877.5985816,6.391763687133789,0.0040531158447265625,6.0596466064453125,6.036,11010048,1.8240636182902585,672,chatcmpl-d502a71a-f96d-4b1f-9b74-809a33ba9399-b191c3ec,"nixl_xfer_handle(0x5af9a3e1daf0, released=False)",decode,0,0,452715,7,d61968e8-e4aa-43a2-8ca8-85b623ffd1e5_dp1,0,nixl_start_time
1780280877.6518266,1780280877.6533055,1.479,1780280877.653539,0.2334117889404297,137247613493,137247.613493,1780280877.6518266,1.7123222351074219,0.005245208740234375,1.5003681182861328,1.479,3145728,2.126929006085193,192,chatcmpl-8bc7fc4e-8bc8-4107-b9ab-233de8888c4d-ba2f9eda,"nixl_xfer_handle(0x556359a31340, released=False)",decode,1,0,452712,2,d61968e8-e4aa-43a2-8ca8-85b623ffd1e5_dp0,0,nixl_start_time
1780280877.6828825,1780280877.6848035,1.921,1780280877.6851861,0.3826618194580078,137247644549,137247.644549,1780280877.6828825,2.303600311279297,0.0040531158447265625,1.9392967224121094,1.921,3145728,1.6375471108797504,192,chatcmpl-c99b51d9-cbd3-42d7-8e7a-b87a92181744-8f36612f,"nixl_xfer_handle(0x5af9a3e40070, released=False)",decode,0,0,452715,2,d61968e8-e4aa-43a2-8ca8-85b623ffd1e5_dp1,0,nixl_start_time
1780280877.7503846,1780280877.7641075,13.723,1780280877.7641532,0.0457763671875,137247712051,137247.712051,1780280877.7503846,13.768672943115234,0.0054836273193359375,3.5479068756103516,3.513,25165824,1.8338427457553013,1536,chatcmpl-2e85ec51-12aa-4638-89ac-0a9452235fdd-93eb220a,"nixl_xfer_handle(0x556359a31340, released=False)",decode,1,0,452712,16,d61968e8-e4aa-43a2-8ca8-85b623ffd1e5_dp0,0,nixl_start_time
1780280877.7640207,1780280877.7677038,3.6830000000000003,1780280877.768062,0.35834312438964844,137247725687,137247.725687,1780280877.7640207,4.041433334350586,0.0045299530029296875,3.701925277709961,3.683,6291456,1.708242193863698,384,chatcmpl-8fc39bd6-497a-462f-869c-96e112675cd7-a5f9b629,"nixl_xfer_handle(0x5af9a3e40070, released=False)",decode,0,0,452715,4,d61968e8-e4aa-43a2-8ca8-85b623ffd1e5_dp1,0,nixl_start_time
1780280877.8454697,1780280877.8720207,26.551000000000002,1780280877.8720365,0.015735626220703125,137247807136,137247.807136,1780280877.8454697,26.566743850708008,0.0057220458984375,5.697011947631836,5.661,59768832,2.2510953259764226,3648,chatcmpl-a9c46f44-e593-4895-86e0-4c7eb62b8e40-97244b30,"nixl_xfer_handle(0x5af9a3e40070, released=False)",decode,0,0,452715,38,d61968e8-e4aa-43a2-8ca8-85b623ffd1e5_dp0,0,nixl_start_time
1780280877.8587875,1780280877.8602304,1.443,1780280877.8605018,0.2713203430175781,137247820454,137247.820454,1780280877.8587875,1.7142295837402344,0.0045299530029296875,1.4624595642089844,1.443,3145728,2.179991683991684,192,chatcmpl-f5edde87-dde4-46d3-af4b-a914054192ec-ade7ad8b,"nixl_xfer_handle(0x556359a31340, released=False)",decode,1,0,452712,2,d61968e8-e4aa-43a2-8ca8-85b623ffd1e5_dp1,0,nixl_start_time
1780280877.8587966,1780280877.8720577,13.261000000000001,1780280877.8720798,0.022172927856445312,137247820463,137247.820463,1780280877.8587966,13.283252716064453,0.003814697265625,1.6224384307861328,1.604,3145728,0.2372164995098409,192,chatcmpl-4f12d201-5c44-4fd6-a9c5-c1f9a51a5f6e-b6887e2e,"nixl_xfer_handle(0x5af9a3e37b10, released=False)",decode,0,0,452715,2,d61968e8-e4aa-43a2-8ca8-85b623ffd1e5_dp1,0,nixl_start_time
1780280877.9418726,1780280877.9691436,27.271,1780280877.9691715,0.027894973754882812,137247903539,137247.903539,1780280877.9418726,27.298927307128906,0.005245208740234375,6.006956100463867,5.973,55050240,2.0186366469876424,3360,chatcmpl-3ccc1389-f4da-4b71-8f81-d3f4adf8bdd8-8b542b08,"nixl_xfer_handle(0x556359a31340, released=False)",decode,1,0,452712,35,d61968e8-e4aa-43a2-8ca8-85b623ffd1e5_dp0,0,nixl_start_time
1780280877.9554226,1780280877.9691937,13.771,1780280877.969263,0.06937980651855469,137247917089,137247.917089,1780280877.9554226,13.840436935424805,0.00476837158203125,4.795312881469727,4.767,15728640,1.1421567061215598,960,chatcmpl-164ff71a-dcba-4acf-94e6-31920d9f8a4f-93d4deee,"nixl_xfer_handle(0x556359a1a030, released=False)",decode,1,0,452712,10,d61968e8-e4aa-43a2-8ca8-85b623ffd1e5_dp0,0,nixl_start_time
1780280877.9690356,1780280877.9724777,3.442,1780280877.9728253,0.3476142883300781,137247930702,137247.930702,1780280877.9690356,3.789663314819336,0.0035762786865234375,3.4651756286621094,3.442,4718592,1.3708866937826842,288,chatcmpl-3282c43a-d5a1-45d5-b35c-eab5ec817be6-a9895b6b,"nixl_xfer_handle(0x5af9a3e40070, released=False)",decode,0,0,452715,3,d61968e8-e4aa-43a2-8ca8-85b623ffd1e5_dp0,0,nixl_start_time
1780280878.0366106,1780280878.0497656,13.155,1780280878.0497944,0.028848648071289062,137247998277,137247.998277,1780280878.0366106,13.183832168579102,0.004291534423828125,3.618955612182617,3.6,26738688,2.032587457240593,1632,chatcmpl-ee13b825-a977-4e70-a789-83cf25e03f6b-87788be3,"nixl_xfer_handle(0x5af9a3e40070, released=False)",decode,0,0,452715,17,d61968e8-e4aa-43a2-8ca8-85b623ffd1e5_dp1,0,nixl_start_time
1780280878.0628448,1780280878.0641558,1.3110000000000002,1780280878.0644286,0.2727508544921875,137248024511,137248.024511,1780280878.0628448,1.5838146209716797,0.005245208740234375,1.331329345703125,1.311,3145728,2.399487414187643,192,chatcmpl-231ee69c-a71d-4c62-9cba-11398f22615c-807c42c1,"nixl_xfer_handle(0x556359a31340, released=False)",decode,1,0,452712,2,d61968e8-e4aa-43a2-8ca8-85b623ffd1e5_dp0,0,nixl_start_time
1780280878.1426327,1780280878.1464527,3.82,1780280878.1468024,0.3497600555419922,137248104299,137248.104299,1780280878.1426327,4.169702529907227,0.0040531158447265625,3.8385391235351562,3.82,4718592,1.2352335078534031,288,chatcmpl-bb6cf768-5e23-4f55-bda7-aa8c5e3a6d06-a136435d,"nixl_xfer_handle(0x5af9a3d3a030, released=False)",decode,0,0,452715,3,d61968e8-e4aa-43a2-8ca8-85b623ffd1e5_dp1,0,nixl_start_time
1780280878.1558847,1780280878.1607409,4.856,1780280878.1610131,0.2722740173339844,137248117551,137248.117551,1780280878.1558847,5.128383636474609,0.00476837158203125,4.880189895629883,4.856,12582912,2.591209225700165,768,chatcmpl-fad47771-aa3a-49c7-a8ab-8617b5d63aa8-bed44a41,"nixl_xfer_handle(0x556359a31340, released=False)",decode,1,0,452712,8,d61968e8-e4aa-43a2-8ca8-85b623ffd1e5_dp0,0,nixl_start_time
1780280878.1825676,1780280878.2054396,22.872,1780280878.2054682,0.0286102294921875,137248144234,137248.144234,1780280878.1825676,22.90058135986328,0.004291534423828125,4.123449325561523,4.089,31457280,1.375362014690451,1920,chatcmpl-be1f1fe2-5bdd-4a20-b87e-737bcc1aa692-b9c016f2,"nixl_xfer_handle(0x5af9a3d3a030, released=False)",decode,0,0,452715,20,d61968e8-e4aa-43a2-8ca8-85b623ffd1e5_dp1,0,nixl_start_time
1780280878.1957247,1780280878.2050817,9.357000000000001,1780280878.2054858,0.40411949157714844,137248157391,137248.157391,1780280878.1957247,9.76109504699707,0.004291534423828125,9.377479553222656,9.357,12582912,1.34475921769798,768,chatcmpl-a2c776c8-4ffa-4944-9360-b798c70a182d-b2b1dd95,"nixl_xfer_handle(0x5af9a381a680, released=False)",decode,0,0,452715,8,d61968e8-e4aa-43a2-8ca8-85b623ffd1e5_dp0,0,nixl_start_time
1780280878.2356336,1780280878.2370245,1.391,1780280878.2372782,0.2536773681640625,137248197300,137248.1973,1780280878.2356336,1.6446113586425781,0.0045299530029296875,1.4107227325439453,1.391,3145728,2.261486700215672,192,chatcmpl-08b5e349-b896-4651-83de-43f02c66510d-99c5f4c8,"nixl_xfer_handle(0x556359a31340, released=False)",decode,1,0,452712,2,d61968e8-e4aa-43a2-8ca8-85b623ffd1e5_dp1,0,nixl_start_time
1780280878.2620296,1780280878.2758236,13.794,1780280878.2758417,0.01811981201171875,137248223696,137248.223696,1780280878.2620296,13.812065124511719,0.00476837158203125,8.168935775756836,8.145,11010048,0.7981765985210961,672,chatcmpl-f0a9070c-37ab-4542-ac70-e70c281ffbc4-bbef09ec,"nixl_xfer_handle(0x5af9a3d3a030, released=False)",decode,0,0,452715,7,d61968e8-e4aa-43a2-8ca8-85b623ffd1e5_dp0,0,nixl_start_time
1780280878.3021047,1780280878.3183568,16.252,1780280878.31837,0.0133514404296875,137248263771,137248.263771,1780280878.3021047,16.265392303466797,0.005245208740234375,3.713369369506836,3.694,26738688,1.645255230125523,1632,chatcmpl-6389660e-943a-44b9-8f1e-82798280c80e-942186d0,"nixl_xfer_handle(0x5af9a3d3a030, released=False)",decode,0,0,452715,17,d61968e8-e4aa-43a2-8ca8-85b623ffd1e5_dp0,0,nixl_start_time
1780280878.3150957,1780280878.3184066,3.311,1780280878.3184154,0.008821487426757812,137248276762,137248.276762,1780280878.3150957,3.3197402954101562,0.004291534423828125,2.6111602783203125,2.59,3145728,0.9500839625490788,192,chatcmpl-d6d88c21-bbbd-45ec-8e08-23b0df6a2df6-98ffbc87,"nixl_xfer_handle(0x5af99a326070, released=False)",decode,0,0,452715,2,d61968e8-e4aa-43a2-8ca8-85b623ffd1e5_dp1,0,nixl_start_time
1780280878.3807967,1780280878.3856018,4.805000000000001,1780280878.3859825,0.3807544708251953,137248342463,137248.342463,1780280878.3807967,5.185842514038086,0.0040531158447265625,4.824638366699219,4.805,7864320,1.636695109261186,480,chatcmpl-2ff4786d-a13a-4314-b04e-b6ad59fe015e-ad1e1df3,"nixl_xfer_handle(0x5af99a326070, released=False)",decode,0,0,452715,5,d61968e8-e4aa-43a2-8ca8-85b623ffd1e5_dp1,0,nixl_start_time
1780280878.5321147,1780280878.5340617,1.9469999999999998,1780280878.5402408,6.179094314575195,137248493781,137248.493781,1780280878.5321147,8.126020431518555,0.003814697265625,1.9664764404296875,1.947,3145728,1.6156795069337442,192,chatcmpl-2da7569a-7028-40d4-b01f-673985a71a5b-a415f416,"nixl_xfer_handle(0x5af99a321280, released=False)",decode,0,0,452715,2,d61968e8-e4aa-43a2-8ca8-85b623ffd1e5_dp0,0,nixl_start_time
1780280878.5343297,1780280878.5569546,22.625,1780280878.5569725,0.017881393432617188,137248495996,137248.495996,1780280878.5343297,22.642850875854492,0.00286102294921875,5.468845367431641,5.456,47185920,2.0855655248618787,2880,chatcmpl-000e2f7b-fad8-4e27-888e-0223822f5ca5-8ec42735,"nixl_xfer_handle(0x5af9a3e1bb40, released=False)",decode,0,0,452715,30,d61968e8-e4aa-43a2-8ca8-85b623ffd1e5_dp1,0,nixl_start_time
1780280878.5692728,1780280878.5944288,25.156000000000002,1780280878.594447,0.01811981201171875,137248530939,137248.530939,1780280878.5692728,25.17414093017578,0.005245208740234375,4.600763320922852,4.58,50331648,2.000781046271267,3072,chatcmpl-22df4ba6-678c-46e3-91d3-e17406976373-9cc54e9e,"nixl_xfer_handle(0x5af9a3e25620, released=False)",decode,0,0,452715,32,d61968e8-e4aa-43a2-8ca8-85b623ffd1e5_dp0,0,nixl_start_time
1780280878.6559618,1780280878.6685207,12.559000000000001,1780280878.6685379,0.0171661376953125,137248617628,137248.617628,1780280878.6559618,12.576103210449219,0.0050067901611328125,4.038333892822266,4.017,25165824,2.003807946492555,1536,chatcmpl-d21cae4c-af77-450c-b706-9ce5b544ea78-8258b163,"nixl_xfer_handle(0x5af9a35e5ec0, released=False)",decode,0,0,452715,16,d61968e8-e4aa-43a2-8ca8-85b623ffd1e5_dp1,0,nixl_start_time
1780280878.8799496,1780280878.9181557,38.205999999999996,1780280878.9181678,0.012159347534179688,137248841616,137248.841616,1780280878.8799496,38.21825981140137,0.005245208740234375,19.214153289794922,19.179,83361792,2.181903156572266,5088,chatcmpl-b9de7654-026f-403a-9540-c278ecb10d41-b8f7e8c7,"nixl_xfer_handle(0x5af9a3deb6c0, released=False)",decode,0,0,452715,53,d61968e8-e4aa-43a2-8ca8-85b623ffd1e5_dp0,0,nixl_start_time
1780280878.9138777,1780280878.9181867,4.309,1780280878.9182355,0.04887580871582031,137248875544,137248.875544,1780280878.9138777,4.357814788818359,0.003337860107421875,3.793001174926758,3.776,4718592,1.095055001160362,288,chatcmpl-0d2971f3-e517-44fb-88ad-70989c1c8b26-8328305e,"nixl_xfer_handle(0x5af9a3e6d0a0, released=False)",decode,0,0,452715,3,d61968e8-e4aa-43a2-8ca8-85b623ffd1e5_dp0,0,nixl_start_time
1780280878.9889398,1780280879.0211499,32.21,1780280879.021189,0.03910064697265625,137248950606,137248.950606,1780280878.9889398,32.24921226501465,0.0050067901611328125,17.31586456298828,17.28,75497472,2.3439140639552933,4608,chatcmpl-384eccfa-ed29-4958-8fea-e446f9a77609-9968c57d,"nixl_xfer_handle(0x5af9a3d4cd20, released=False)",decode,0,0,452715,48,d61968e8-e4aa-43a2-8ca8-85b623ffd1e5_dp1,0,nixl_start_time
1780280879.0832098,1780280879.1076028,24.393,1780280879.1076462,0.043392181396484375,137249044876,137249.044876,1780280879.0832098,24.436473846435547,0.0059604644775390625,4.642248153686523,4.604,37748736,1.547523305866437,2304,chatcmpl-8f9f279a-f337-499d-be62-4f502d8cab60-8ae7bb59,"nixl_xfer_handle(0x556359a31340, released=False)",decode,1,0,452712,24,d61968e8-e4aa-43a2-8ca8-85b623ffd1e5_dp0,0,nixl_start_time
1780280879.1448016,1780280879.1568267,12.024999999999999,1780280879.1568687,0.041961669921875,137249106468,137249.106468,1780280879.1448016,12.067079544067383,0.0040531158447265625,0.5583763122558594,0.522,1572864,0.13079950103950105,48,chatcmpl-49d96c85-939d-42f3-862c-a4b3d96f8922-bd554782,"nixl_xfer_handle(0x5af9a3627080, released=False)",decode,0,0,452715,1,d61968e8-e4aa-43a2-8ca8-85b623ffd1e5_dp1,0,nixl_start_time
1780280879.3166866,1780280879.3547826,38.096,1780280879.3548505,0.06794929504394531,137249278353,137249.278353,1780280879.3166866,38.16390037536621,0.0059604644775390625,23.38385581970215,23.357,100663296,2.642358672826544,6144,chatcmpl-bf8edb8f-c9a5-474f-8faa-aaaf4533960e-a316ea66,"nixl_xfer_handle(0x5af9a3627080, released=False)",decode,0,0,452715,64,d61968e8-e4aa-43a2-8ca8-85b623ffd1e5_dp0,0,nixl_start_time
1780280879.3438687,1780280879.3472097,3.3409999999999997,1780280879.3475018,0.29206275939941406,137249305535,137249.305535,1780280879.3438687,3.6330223083496094,0.0045299530029296875,3.362417221069336,3.341,7864320,2.353882071236157,480,chatcmpl-2a08f9c9-6ac4-4c0a-ad2c-1bba04d41d33-809e8443,"nixl_xfer_handle(0x5563599da9e0, released=False)",decode,1,0,452712,5,d61968e8-e4aa-43a2-8ca8-85b623ffd1e5_dp1,0,nixl_start_time
1780280879.3915017,1780280879.4039807,12.479000000000001,1780280879.4039993,0.018596649169921875,137249353168,137249.353168,1780280879.3915017,12.497663497924805,0.0045299530029296875,3.493785858154297,3.472,4718592,0.3781226059780431,288,chatcmpl-c32df0fe-7833-4d7a-89d5-70cdd4ed6bb4-bf75b1e1,"nixl_xfer_handle(0x5af9a3e1bb40, released=False)",decode,0,0,452715,3,d61968e8-e4aa-43a2-8ca8-85b623ffd1e5_dp0,0,nixl_start_time
1780280879.7598717,1780280879.7840366,24.165,1780280879.7840667,0.030040740966796875,137249721538,137249.721538,1780280879.7598717,24.194955825805664,0.014066696166992188,4.965782165527344,4.935,56623104,2.343186592178771,3456,chatcmpl-4049636a-b1a4-4106-b4ac-e5ed5cd9d558-a2128f62,"nixl_xfer_handle(0x5563599da9e0, released=False)",decode,1,0,452712,36,d61968e8-e4aa-43a2-8ca8-85b623ffd1e5_dp0,0,nixl_start_time
1780280879.8454328,1780280879.8503559,4.923,1780280879.850629,0.2732276916503906,137249807099,137249.807099,1780280879.8454328,5.196332931518555,0.0050067901611328125,4.943609237670898,4.923,12582912,2.5559439366240095,768,chatcmpl-9d81da62-644d-4f6b-a248-990a8d23d5c0-a9c7c737,"nixl_xfer_handle(0x5563599da9e0, released=False)",decode,1,0,452712,8,d61968e8-e4aa-43a2-8ca8-85b623ffd1e5_dp1,0,nixl_start_time
1780280879.9442596,1780280879.9783547,34.095,1780280879.9783726,0.017881393432617188,137249905926,137249.905926,1780280879.9442596,34.11293029785156,0.005245208740234375,19.55127716064453,19.517,77070336,2.260458600967884,4704,chatcmpl-faf30de9-fb66-493a-9ae4-15ee9decf43c-94d90cde,"nixl_xfer_handle(0x5563599da9e0, released=False)",decode,1,0,452712,49,d61968e8-e4aa-43a2-8ca8-85b623ffd1e5_dp0,0,nixl_start_time
1780280880.0031836,1780280880.0155406,12.357,1780280880.0155935,0.052928924560546875,137249964850,137249.96485,1780280880.0031836,12.40992546081543,0.00476837158203125,3.368854522705078,3.347,23592960,1.9092789512017478,1440,chatcmpl-ecf47dda-c76a-496d-82fe-62e4bed1b1d2-a0a02df6,"nixl_xfer_handle(0x5563599da9e0, released=False)",decode,1,0,452712,15,d61968e8-e4aa-43a2-8ca8-85b623ffd1e5_dp0,0,nixl_start_time
1780280880.0278747,1780280880.0292027,1.328,1780280880.0294669,0.26416778564453125,137249989541,137249.989541,1780280880.0278747,1.5921592712402344,0.005245208740234375,1.348257064819336,1.328,3145728,2.3687710843373493,192,chatcmpl-d289cc42-8631-434f-a889-6315343e9db4-ac1ee359,"nixl_xfer_handle(0x5563599da9e0, released=False)",decode,1,0,452712,2,d61968e8-e4aa-43a2-8ca8-85b623ffd1e5_dp1,0,nixl_start_time
1780280880.1386425,1780280880.1721075,33.465,1780280880.1721284,0.0209808349609375,137250100309,137250.100309,1780280880.1386425,33.48588943481445,0.0069141387939453125,18.777847290039062,18.741,73924608,2.209012640071717,4512,chatcmpl-6de1ff96-7cc1-4717-b019-bb78cc5546fa-a7fffe2e,"nixl_xfer_handle(0x5563599da9e0, released=False)",decode,1,0,452712,47,d61968e8-e4aa-43a2-8ca8-85b623ffd1e5_dp0,0,nixl_start_time
1780280880.2214096,1780280880.2559745,34.565,1780280880.2559986,0.024080276489257812,137250183076,137250.183076,1780280880.2214096,34.58905220031738,0.0059604644775390625,19.776105880737305,19.736,77070336,2.229721857370172,4704,chatcmpl-636a3d96-b26e-4354-8c6c-7a4481e8e3b4-b96ef233,"nixl_xfer_handle(0x5563599da9e0, released=False)",decode,1,0,452712,49,d61968e8-e4aa-43a2-8ca8-85b623ffd1e5_dp1,0,nixl_start_time
1780280880.2444057,1780280880.2560177,11.612,1780280880.2560422,0.024557113647460938,137250206072,137250.206072,1780280880.2444057,11.636495590209961,0.0040531158447265625,1.4786720275878906,1.459,4718592,0.4063548053737513,288,chatcmpl-1f65bb0e-189b-4ac3-95cc-486a422bf15d-8c326c0e,"nixl_xfer_handle(0x5563599359e0, released=False)",decode,1,0,452712,3,d61968e8-e4aa-43a2-8ca8-85b623ffd1e5_dp0,0,nixl_start_time
1780280880.2444837,1780280880.2457876,1.304,1780280880.2458107,0.023126602172851562,137250206150,137250.20615,1780280880.2444837,1.3270378112792969,0.0040531158447265625,0.7474422454833984,0.726,1572864,1.2061840490797546,48,chatcmpl-0a7a8adc-7c29-432d-b46b-264c02576589-8309a48c,"nixl_xfer_handle(0x5af9a386dba0, released=False)",decode,0,0,452715,1,d61968e8-e4aa-43a2-8ca8-85b623ffd1e5_dp0,0,nixl_start_time
1780280880.3177137,1780280880.3417246,24.011000000000003,1780280880.341743,0.018358230590820312,137250279380,137250.27938,1780280880.3177137,24.029254913330078,0.0054836273193359375,3.6344528198242188,3.607,28311552,1.1791075756944733,1728,chatcmpl-7497f751-6984-4647-9d3a-5ab1c20187fb-bae42c79,"nixl_xfer_handle(0x5af9a386dba0, released=False)",decode,0,0,452715,18,d61968e8-e4aa-43a2-8ca8-85b623ffd1e5_dp1,0,nixl_start_time
1780280880.3177698,1780280880.3521707,34.401,1780280880.352195,0.024318695068359375,137250279436,137250.279436,1780280880.3177698,34.42525863647461,0.006198883056640625,19.600391387939453,19.558,77070336,2.240351617685532,4704,chatcmpl-ee6edbad-b9ad-4cad-9706-e70f32a38e38-b2714adc,"nixl_xfer_handle(0x5563599359e0, released=False)",decode,1,0,452712,49,d61968e8-e4aa-43a2-8ca8-85b623ffd1e5_dp1,0,nixl_start_time
1780280880.4020336,1780280880.4041495,2.1159999999999997,1780280880.4045758,0.42629241943359375,137250363700,137250.3637,1780280880.4020336,2.542257308959961,0.004291534423828125,2.1355152130126953,2.116,3145728,1.4866389413988659,192,chatcmpl-d1ca0146-a069-4986-bd9b-b01f33c51650-9e50f55e,"nixl_xfer_handle(0x5af9a386dba0, released=False)",decode,0,0,452715,2,d61968e8-e4aa-43a2-8ca8-85b623ffd1e5_dp1,0,nixl_start_time
1780280880.4021416,1780280880.4267156,24.573999999999998,1780280880.4267533,0.037670135498046875,137250363808,137250.363808,1780280880.4021416,24.611711502075195,0.0059604644775390625,6.0577392578125,6.021,64487424,2.6242135590461464,3936,chatcmpl-b79cceb8-7747-4ab5-b338-c7ae08a848d7-8993a164,"nixl_xfer_handle(0x5563599359e0, released=False)",decode,1,0,452712,41,d61968e8-e4aa-43a2-8ca8-85b623ffd1e5_dp0,0,nixl_start_time
1780280880.4881186,1780280880.4901617,2.043,1780280880.4905267,0.3650188446044922,137250449785,137250.449785,1780280880.4881186,2.4080276489257812,0.003814697265625,2.0635128021240234,2.043,3145728,1.5397591776798825,192,chatcmpl-4db757bb-a84b-4d47-8ec4-fcb2f2fb35a5-9690b7b8,"nixl_xfer_handle(0x5af9a386dba0, released=False)",decode,0,0,452715,2,d61968e8-e4aa-43a2-8ca8-85b623ffd1e5_dp1,0,nixl_start_time
1780280880.4881787,1780280880.5081387,19.959999999999997,1780280880.5081704,0.03170967102050781,137250449845,137250.449845,1780280880.4881787,19.991636276245117,0.005245208740234375,4.35328483581543,4.32,36175872,1.8124184368737475,2208,chatcmpl-ff49a9e2-2c62-4691-bb17-2f637c1e11ba-93de1f36,"nixl_xfer_handle(0x5563599359e0, released=False)",decode,1,0,452712,23,d61968e8-e4aa-43a2-8ca8-85b623ffd1e5_dp0,0,nixl_start_time
1780280880.4926786,1780280880.5159376,23.258999999999997,1780280880.515957,0.019550323486328125,137250454345,137250.454345,1780280880.4926786,23.278474807739258,0.004291534423828125,7.973432540893555,7.939,17301504,0.7438627628014962,1056,chatcmpl-4ad266f2-1bbe-4dda-8e0b-8515bfc49a48-847e94ae,"nixl_xfer_handle(0x5563599da9e0, released=False)",decode,1,0,452712,11,d61968e8-e4aa-43a2-8ca8-85b623ffd1e5_dp0,0,nixl_start_time
1780280880.5043957,1780280880.5159857,11.59,1780280880.5160134,0.02765655517578125,137250466062,137250.466062,1780280880.5043957,11.617660522460938,0.005245208740234375,3.480672836303711,3.457,25165824,2.171339430543572,1536,chatcmpl-ea24b810-144a-43b6-bca2-a85266798892-8f6c5ab2,"nixl_xfer_handle(0x5563598e97e0, released=False)",decode,1,0,452712,16,d61968e8-e4aa-43a2-8ca8-85b623ffd1e5_dp0,0,nixl_start_time
1780280880.5158467,1780280880.5182266,2.3800000000000003,1780280880.5182629,0.0362396240234375,137250477513,137250.477513,1780280880.5158467,2.4161338806152344,0.004291534423828125,2.0253658294677734,2.005,3145728,1.3217344537815126,192,chatcmpl-dd863085-6cfe-48d8-917f-e2f1106a7d70-92390546,"nixl_xfer_handle(0x5af9a386dba0, released=False)",decode,0,0,452715,2,d61968e8-e4aa-43a2-8ca8-85b623ffd1e5_dp1,0,nixl_start_time
1780280880.5402195,1780280880.5454485,5.229,1780280880.5457175,0.2689361572265625,137250501886,137250.501886,1780280880.5402195,5.497932434082031,0.0040531158447265625,5.250453948974609,5.229,12582912,2.4063706253585773,768,chatcmpl-75b42784-cf24-4e48-83fc-728bc96e47af-a647bea0,"nixl_xfer_handle(0x5563598e97e0, released=False)",decode,1,0,452712,8,d61968e8-e4aa-43a2-8ca8-85b623ffd1e5_dp0,0,nixl_start_time
1780280880.6263986,1780280880.6633296,36.931,1780280880.6633706,0.04100799560546875,137250588065,137250.588065,1780280880.6263986,36.9720458984375,0.0059604644775390625,22.26734161376953,22.232,84934656,2.2998200969375326,5184,chatcmpl-80429334-83ce-485e-b2e6-743d79243635-b9d48095,"nixl_xfer_handle(0x5563598e97e0, released=False)",decode,1,0,452712,54,d61968e8-e4aa-43a2-8ca8-85b623ffd1e5_dp0,0,nixl_start_time
1780280880.6519637,1780280880.6633978,11.434,1780280880.6634233,0.025510787963867188,137250613630,137250.61363,1780280880.6519637,11.459589004516602,0.00476837158203125,1.0974407196044922,1.076,3145728,0.2751205177540668,192,chatcmpl-07d016eb-f964-4d05-9fdb-a50ece2ce9dd-a20614ee,"nixl_xfer_handle(0x5563599da9e0, released=False)",decode,1,0,452712,2,d61968e8-e4aa-43a2-8ca8-85b623ffd1e5_dp1,0,nixl_start_time
1780280880.6520576,1780280880.6540966,2.039,1780280880.654465,0.36835670471191406,137250613724,137250.613724,1780280880.6520576,2.4073123931884766,0.00476837158203125,2.0596981048583984,2.039,3145728,1.5427797940166748,192,chatcmpl-f6382430-7d4c-4afb-981a-c7cb1dd84b11-b85b274c,"nixl_xfer_handle(0x5af9a386dba0, released=False)",decode,0,0,452715,2,d61968e8-e4aa-43a2-8ca8-85b623ffd1e5_dp1,0,nixl_start_time
1780280880.6633527,1780280880.6761827,12.83,1780280880.6762085,0.02574920654296875,137250625019,137250.625019,1780280880.6633527,12.855768203735352,0.021219253540039062,4.182577133178711,4.145,34603008,2.697038815276695,2112,chatcmpl-aac98368-298d-4fee-b9f1-19fa42e5e8d2-9f9fe8b3,"nixl_xfer_handle(0x5af9a386dba0, released=False)",decode,0,0,452715,22,d61968e8-e4aa-43a2-8ca8-85b623ffd1e5_dp0,0,nixl_start_time
1780280880.6882017,1780280880.6886387,0.437,1780280880.6889,0.2613067626953125,137250649868,137250.649868,1780280880.6882017,0.6983280181884766,0.005245208740234375,0.45561790466308594,0.437,1572864,3.5992311212814645,48,chatcmpl-a87de42b-5314-4893-be4b-50e7a7442f88-b2a214bd,"nixl_xfer_handle(0x5563599da9e0, released=False)",decode,1,0,452712,1,d61968e8-e4aa-43a2-8ca8-85b623ffd1e5_dp0,0,nixl_start_time
1780280880.7250926,1780280880.7374117,12.319,1780280880.7374296,0.017881393432617188,137250686759,137250.686759,1780280880.7250926,12.336969375610352,0.0045299530029296875,3.7069320678710938,3.688,25165824,2.0428463349297834,1536,chatcmpl-dfc04eba-a390-4b33-b324-ed2e986eec94-961401b6,"nixl_xfer_handle(0x5af9a386dba0, released=False)",decode,0,0,452715,16,d61968e8-e4aa-43a2-8ca8-85b623ffd1e5_dp1,0,nixl_start_time
1780280880.8354826,1780280880.8600557,24.573,1780280880.8600786,0.02288818359375,137250797149,137250.797149,1780280880.8354826,24.595975875854492,0.0057220458984375,7.018327713012695,6.983,67633152,2.7523359785130017,4128,chatcmpl-aa7d72ae-0342-4ed8-9b0e-8818f86e82ef-8d64e7a7,"nixl_xfer_handle(0x5563599da9e0, released=False)",decode,1,0,452712,43,d61968e8-e4aa-43a2-8ca8-85b623ffd1e5_dp0,0,nixl_start_time
1780280880.8476336,1780280880.8601046,12.471,1780280880.8601134,0.008821487426757812,137250809300,137250.8093,1780280880.8476336,12.479782104492188,0.0050067901611328125,0.9996891021728516,0.979,3145728,0.25224344479191724,192,chatcmpl-62749543-0f3f-486e-b7e7-36b039b440e8-861f3d3e,"nixl_xfer_handle(0x5563598e97e0, released=False)",decode,1,0,452712,2,d61968e8-e4aa-43a2-8ca8-85b623ffd1e5_dp1,0,nixl_start_time
1780280880.8600266,1780280880.8722847,12.258,1780280880.8723617,0.07700920104980469,137250821693,137250.821693,1780280880.8600266,12.335062026977539,0.0040531158447265625,3.8635730743408203,3.844,26738688,2.1813255017131667,1632,chatcmpl-ef45c840-a447-4b17-a3e6-b491a9174658-8cfbdad7,"nixl_xfer_handle(0x5af9a386dba0, released=False)",decode,0,0,452715,17,d61968e8-e4aa-43a2-8ca8-85b623ffd1e5_dp0,0,nixl_start_time
1780280880.9336047,1780280880.9458337,12.229000000000001,1780280880.9458866,0.052928924560546875,137250895271,137250.895271,1780280880.9336047,12.28189468383789,0.00476837158203125,4.488468170166016,4.468,37748736,3.086821162809714,2304,chatcmpl-4f449545-19ea-409c-816f-16454a58d358-89e6f41e,"nixl_xfer_handle(0x5af9a3e6d1e0, released=False)",decode,0,0,452715,24,d61968e8-e4aa-43a2-8ca8-85b623ffd1e5_dp1,0,nixl_start_time
1780280880.9580116,1780280880.9616926,3.6809999999999996,1780280880.9619539,0.2613067626953125,137250919678,137250.919678,1780280880.9580116,3.942251205444336,0.00476837158203125,3.701448440551758,3.681,9437184,2.563755501222494,576,chatcmpl-aef1d239-aa4d-4527-a50c-264561c2c3c8-8fc269cc,"nixl_xfer_handle(0x5563598e97e0, released=False)",decode,1,0,452712,6,d61968e8-e4aa-43a2-8ca8-85b623ffd1e5_dp0,0,nixl_start_time
1780280881.1429245,1780280881.1584795,15.555,1780280881.1584957,0.01621246337890625,137251104591,137251.104591,1780280881.1429245,15.571117401123047,0.00476837158203125,3.5431385040283203,3.524,23592960,1.516744455159113,1440,chatcmpl-93a971f6-614f-44d3-a85b-2dec43ec3f08-b859572d,"nixl_xfer_handle(0x5563598e97e0, released=False)",decode,1,0,452712,15,d61968e8-e4aa-43a2-8ca8-85b623ffd1e5_dp1,0,nixl_start_time
1780280881.1550786,1780280881.1582026,3.124,1780280881.1585152,0.31256675720214844,137251116745,137251.116745,1780280881.1550786,3.436565399169922,0.0045299530029296875,3.147602081298828,3.124,7864320,2.5173879641485275,480,chatcmpl-18c0ce58-01a9-45c8-8898-41bfa993d4c3-90149239,"nixl_xfer_handle(0x5563599da9e0, released=False)",decode,1,0,452712,5,d61968e8-e4aa-43a2-8ca8-85b623ffd1e5_dp0,0,nixl_start_time
1780280881.1920187,1780280881.1933227,1.304,1780280881.1933455,0.02288818359375,137251153685,137251.153685,1780280881.1920187,1.3267993927001953,0.004291534423828125,0.8213520050048828,0.801,1572864,1.2061840490797546,48,chatcmpl-6aee5b43-660e-4560-bf2c-1b531d703aaf-8666b549,"nixl_xfer_handle(0x5af9a3e20890, released=False)",decode,0,0,452715,1,d61968e8-e4aa-43a2-8ca8-85b623ffd1e5_dp0,0,nixl_start_time
1780280881.1920376,1780280881.1965315,4.494,1780280881.1968398,0.3082752227783203,137251153704,137251.153704,1780280881.1920376,4.802227020263672,0.0045299530029296875,4.515409469604492,4.494,11010048,2.449943925233645,672,chatcmpl-544df2b9-d58d-4a46-a4e0-e436c074ec6d-a07d96fe,"nixl_xfer_handle(0x5563599da9e0, released=False)",decode,1,0,452712,7,d61968e8-e4aa-43a2-8ca8-85b623ffd1e5_dp1,0,nixl_start_time
1780280881.4126666,1780280881.4248376,12.171,1780280881.4248788,0.04124641418457031,137251374333,137251.374333,1780280881.4126666,12.212276458740234,0.00476837158203125,3.4317970275878906,3.412,23592960,1.93845698792211,1440,chatcmpl-cbfd7b64-feb0-4085-afe2-b5225271633a-9646964e,"nixl_xfer_handle(0x5563599da9e0, released=False)",decode,1,0,452712,15,d61968e8-e4aa-43a2-8ca8-85b623ffd1e5_dp0,0,nixl_start_time
1780280881.4742606,1780280881.4747136,0.453,1780280881.4749718,0.2582073211669922,137251435927,137251.435927,1780280881.4742606,0.7112026214599609,0.005245208740234375,0.4730224609375,0.453,1572864,3.4721059602649005,48,chatcmpl-9b216b19-0cc8-4c13-859b-bbd2c31cd6af-8da9911c,"nixl_xfer_handle(0x5563599da9e0, released=False)",decode,1,0,452712,1,d61968e8-e4aa-43a2-8ca8-85b623ffd1e5_dp0,0,nixl_start_time
1780280881.4743187,1780280881.4784427,4.124,1780280881.4784577,0.015020370483398438,137251435985,137251.435985,1780280881.4743187,4.138946533203125,0.00476837158203125,3.5490989685058594,3.526,4718592,1.1441784675072744,288,chatcmpl-9c39efb8-0a7b-4cef-9f88-42f6edbf4ecc-a37926b3,"nixl_xfer_handle(0x5af9a3e20890, released=False)",decode,0,0,452715,3,d61968e8-e4aa-43a2-8ca8-85b623ffd1e5_dp1,0,nixl_start_time
1780280881.5358016,1780280881.5481865,12.385,1780280881.5482314,0.04482269287109375,137251497468,137251.497468,1780280881.5358016,12.42971420288086,0.004291534423828125,3.307342529296875,3.286,22020096,1.777964957610012,1344,chatcmpl-f7c68913-f5eb-4eda-9041-a56f99cfca0b-a6fb5e14,"nixl_xfer_handle(0x5563599da9e0, released=False)",decode,1,0,452712,14,d61968e8-e4aa-43a2-8ca8-85b623ffd1e5_dp0,0,nixl_start_time
1780280881.6585476,1780280881.6909637,32.416,1780280881.6910043,0.040531158447265625,137251620214,137251.620214,1780280881.6585476,32.45663642883301,0.0059604644775390625,17.787456512451172,17.76,77070336,2.3775399802566635,4704,chatcmpl-894a7365-3825-42ea-addc-5bb598f13d1e-84152db0,"nixl_xfer_handle(0x5af9a3e20890, released=False)",decode,0,0,452715,49,d61968e8-e4aa-43a2-8ca8-85b623ffd1e5_dp1,0,nixl_start_time
1780280881.7399616,1780280881.7440407,4.079,1780280881.7440538,0.013113021850585938,137251701628,137251.701628,1780280881.7399616,4.092216491699219,0.00476837158203125,3.5676956176757812,3.547,4718592,1.1568011767590096,288,chatcmpl-0feb95eb-d309-4f97-bf51-7ea0a8de40f8-b6d1a06f,"nixl_xfer_handle(0x5af9a35fccc0, released=False)",decode,0,0,452715,3,d61968e8-e4aa-43a2-8ca8-85b623ffd1e5_dp1,0,nixl_start_time
1780280881.7401166,1780280881.7799315,39.815000000000005,1780280881.779976,0.044345855712890625,137251701783,137251.701783,1780280881.7401166,39.85929489135742,0.0064373016357421875,19.95539665222168,19.922,77070336,1.9357110636694712,4704,chatcmpl-00eb9300-51ad-42e3-a5ec-71f09bb880e4-a5a6c0c2,"nixl_xfer_handle(0x5563599da9e0, released=False)",decode,1,0,452712,49,d61968e8-e4aa-43a2-8ca8-85b623ffd1e5_dp0,0,nixl_start_time
1780280881.7748346,1780280881.7800107,5.176,1780280881.7800176,0.0069141387939453125,137251736501,137251.736501,1780280881.7748346,5.182981491088867,0.0040531158447265625,4.841089248657227,4.815,12582912,2.4310108191653788,768,chatcmpl-9e4c4351-6f2d-40d6-9393-028fbd55e61b-af91fe7b,"nixl_xfer_handle(0x5563598e97e0, released=False)",decode,1,0,452712,8,d61968e8-e4aa-43a2-8ca8-85b623ffd1e5_dp0,0,nixl_start_time
1780280881.9459558,1780280881.9706078,24.652,1780280881.9706323,0.024557113647460938,137251907622,137251.907622,1780280881.9459558,24.67656135559082,0.0057220458984375,5.808591842651367,5.787,55050240,2.2330942722699985,3360,chatcmpl-c2173255-319a-4265-9f5d-d5b474b457b2-91dde24f,"nixl_xfer_handle(0x5af9a35fccc0, released=False)",decode,0,0,452715,35,d61968e8-e4aa-43a2-8ca8-85b623ffd1e5_dp0,0,nixl_start_time
1780280882.0931566,1780280882.0961356,2.979,1780280882.0961552,0.019550323486328125,137252054823,137252.054823,1780280882.0931566,2.9985904693603516,0.0045299530029296875,2.4476051330566406,2.428,3145728,1.0559677744209468,192,chatcmpl-957a687f-bb68-42c5-90a1-b878b34f52dd-a8d14544,"nixl_xfer_handle(0x5af9a35fccc0, released=False)",decode,0,0,452715,2,d61968e8-e4aa-43a2-8ca8-85b623ffd1e5_dp0,0,nixl_start_time
1780280882.1052287,1780280882.1090517,3.823,1780280882.1093183,0.2665519714355469,137252066895,137252.066895,1780280882.1052287,4.089593887329102,0.0054836273193359375,3.8454532623291016,3.823,9437184,2.4685283808527334,576,chatcmpl-7e240c64-e48f-4b8f-a60d-7c30fd064665-b9aa3b1f,"nixl_xfer_handle(0x5563598e97e0, released=False)",decode,1,0,452712,6,d61968e8-e4aa-43a2-8ca8-85b623ffd1e5_dp1,0,nixl_start_time
1780280882.2037117,1780280882.2089238,5.212,1780280882.2089367,0.012874603271484375,137252165378,137252.165378,1780280882.2037117,5.224943161010742,0.003814697265625,4.703998565673828,4.684,6291456,1.2071097467382963,384,chatcmpl-1e81f53d-ac74-4ec8-91de-8f191787038e-9c4dd437,"nixl_xfer_handle(0x5af9a35fccc0, released=False)",decode,0,0,452715,4,d61968e8-e4aa-43a2-8ca8-85b623ffd1e5_dp0,0,nixl_start_time
1780280882.2282507,1780280882.2404718,12.221,1780280882.2405221,0.05030632019042969,137252189917,137252.189917,1780280882.2282507,12.271404266357422,0.0050067901611328125,3.0317306518554688,3.005,18874368,1.5444209148187547,1152,chatcmpl-f5bd54b9-0273-42f8-8e69-ba5b3e3d7065-932ca565,"nixl_xfer_handle(0x5563598e97e0, released=False)",decode,1,0,452712,12,d61968e8-e4aa-43a2-8ca8-85b623ffd1e5_dp1,0,nixl_start_time
1780280882.2530715,1780280882.2806015,27.529999999999998,1780280882.2806158,0.01430511474609375,137252214738,137252.214738,1780280882.2530715,27.544260025024414,0.00476837158203125,5.296230316162109,5.276,50331648,1.8282472938612422,3072,chatcmpl-1ffcec48-23e7-4d6f-85e8-7e1c21f08f7e-93f6a4d7,"nixl_xfer_handle(0x5af9a35fccc0, released=False)",decode,0,0,452715,32,d61968e8-e4aa-43a2-8ca8-85b623ffd1e5_dp0,0,nixl_start_time
1780280882.2653687,1780280882.2667058,1.3370000000000002,1780280882.2669685,0.2627372741699219,137252227035,137252.227035,1780280882.2653687,1.5997886657714844,0.005245208740234375,1.3587474822998047,1.337,3145728,2.3528257292445773,192,chatcmpl-b3717913-002c-4f64-8aba-4bac7d8af804-8867d730,"nixl_xfer_handle(0x5563598e97e0, released=False)",decode,1,0,452712,2,d61968e8-e4aa-43a2-8ca8-85b623ffd1e5_dp1,0,nixl_start_time
1780280882.2776327,1780280882.2902157,12.583,1780280882.2902718,0.05602836608886719,137252239299,137252.239299,1780280882.2776327,12.639045715332031,0.0050067901611328125,2.386808395385742,2.365,3145728,0.24999825160931413,192,chatcmpl-1b762005-0770-4037-9bca-d79a9eb3d479-9e00a2a4,"nixl_xfer_handle(0x5af9a3df1f20, released=False)",decode,0,0,452715,2,d61968e8-e4aa-43a2-8ca8-85b623ffd1e5_dp0,0,nixl_start_time
1780280882.3267376,1780280882.3305175,3.78,1780280882.3308122,0.29468536376953125,137252288404,137252.288404,1780280882.3267376,4.074573516845703,0.0050067901611328125,3.805398941040039,3.78,9437184,2.496609523809524,576,chatcmpl-a6f6d149-7acc-42e5-adba-13aa2dac2cce-95466b53,"nixl_xfer_handle(0x5563598e97e0, released=False)",decode,1,0,452712,6,d61968e8-e4aa-43a2-8ca8-85b623ffd1e5_dp0,0,nixl_start_time
1780280882.3638728,1780280882.3767927,12.92,1780280882.376813,0.020265579223632812,137252325539,137252.325539,1780280882.3638728,12.940168380737305,0.0054836273193359375,3.8869380950927734,3.859,28311552,2.1912965944272447,1728,chatcmpl-f695aca1-9c7c-4fc2-9884-e52226dde747-89906bbe,"nixl_xfer_handle(0x5af9a35fccc0, released=False)",decode,0,0,452715,18,d61968e8-e4aa-43a2-8ca8-85b623ffd1e5_dp1,0,nixl_start_time
1780280882.3765557,1780280882.3778396,1.284,1780280882.3781054,0.2658367156982422,137252338222,137252.338222,1780280882.3765557,1.5497207641601562,0.005245208740234375,1.30462646484375,1.284,3145728,2.449943925233645,192,chatcmpl-c9285b02-881f-4d2f-9607-1c7f1151b15b-bab9aaa3,"nixl_xfer_handle(0x5563598e97e0, released=False)",decode,1,0,452712,2,d61968e8-e4aa-43a2-8ca8-85b623ffd1e5_dp0,0,nixl_start_time
1780280882.4253848,1780280882.4279706,2.5860000000000003,1780280882.4282405,0.26988983154296875,137252387051,137252.387051,1780280882.4253848,2.8557777404785156,0.0057220458984375,2.6068687438964844,2.586,6291456,2.432890951276102,384,chatcmpl-f95e093f-b5b8-44fa-8189-b083da020eb8-b4eb3626,"nixl_xfer_handle(0x5563598e97e0, released=False)",decode,1,0,452712,4,d61968e8-e4aa-43a2-8ca8-85b623ffd1e5_dp0,0,nixl_start_time
1780280882.6347027,1780280882.6376066,2.904,1780280882.637621,0.01430511474609375,137252596369,137252.596369,1780280882.6347027,2.918243408203125,0.0045299530029296875,2.393484115600586,2.372,3145728,1.0832396694214876,192,chatcmpl-7a7bd5da-0649-45f0-8227-8b81ca84ce4f-ab3c1edc,"nixl_xfer_handle(0x5af9a35fccc0, released=False)",decode,0,0,452715,2,d61968e8-e4aa-43a2-8ca8-85b623ffd1e5_dp0,0,nixl_start_time
1780280882.6960957,1780280882.6980846,1.9889999999999999,1780280882.6983457,0.26106834411621094,137252657762,137252.657762,1780280882.6960957,2.2499561309814453,0.0050067901611328125,2.009868621826172,1.989,4718592,2.372343891402715,288,chatcmpl-a6152822-0f2b-4645-9a9b-925257a52b16-90b1cb6c,"nixl_xfer_handle(0x5563598e97e0, released=False)",decode,1,0,452712,3,d61968e8-e4aa-43a2-8ca8-85b623ffd1e5_dp1,0,nixl_start_time
1780280882.9408257,1780280882.9464576,5.632,1780280882.9467385,0.2808570861816406,137252902492,137252.902492,1780280882.9408257,5.91278076171875,0.004291534423828125,5.654096603393555,5.632,14155776,2.5134545454545454,864,chatcmpl-c0cbe9d2-fecc-4058-9077-2f4285c37d25-8b1f3ae7,"nixl_xfer_handle(0x5563598e97e0, released=False)",decode,1,0,452712,9,d61968e8-e4aa-43a2-8ca8-85b623ffd1e5_dp0,0,nixl_start_time
1780280882.9901047,1780280882.9964046,6.3,1780280882.9964185,0.013828277587890625,137252951771,137252.951771,1780280882.9901047,6.313800811767578,0.00476837158203125,5.875587463378906,5.854,7864320,1.2483047619047618,480,chatcmpl-23e1d9d7-d486-4f2a-9b40-4192a9d57d25-b7e2ca02,"nixl_xfer_handle(0x5af9a35fccc0, released=False)",decode,0,0,452715,5,d61968e8-e4aa-43a2-8ca8-85b623ffd1e5_dp1,0,nixl_start_time
1780280883.1493976,1780280883.1525357,3.1380000000000003,1780280883.1527998,0.26416778564453125,137253111064,137253.111064,1780280883.1493976,3.402233123779297,0.0054836273193359375,3.1588077545166016,3.138,7864320,2.5061567877629063,480,chatcmpl-d71a0877-4e11-4b1e-bfed-716bf6a56b43-a68857b1,"nixl_xfer_handle(0x5563598e97e0, released=False)",decode,1,0,452712,5,d61968e8-e4aa-43a2-8ca8-85b623ffd1e5_dp0,0,nixl_start_time
1780280883.1739447,1780280883.1862316,12.286999999999999,1780280883.1862998,0.06818771362304688,137253135611,137253.135611,1780280883.1739447,12.35508918762207,0.00476837158203125,3.4050941467285156,3.376,4718592,0.38403125254333853,288,chatcmpl-387420a7-42f6-47d4-b70b-403d54f38595-a6893c6b,"nixl_xfer_handle(0x5af9a35fccc0, released=False)",decode,0,0,452715,3,d61968e8-e4aa-43a2-8ca8-85b623ffd1e5_dp1,0,nixl_start_time
1780280883.1989827,1780280883.2277107,28.728,1780280883.2277246,0.013828277587890625,137253160649,137253.160649,1780280883.1989827,28.741836547851562,0.00476837158203125,4.485607147216797,4.465,36175872,1.2592548036758564,2208,chatcmpl-01823bb9-d5d4-4e2a-a3be-4c0579a61aff-abc6dca0,"nixl_xfer_handle(0x5af9a35fccc0, released=False)",decode,0,0,452715,23,d61968e8-e4aa-43a2-8ca8-85b623ffd1e5_dp0,0,nixl_start_time
1780280883.2230666,1780280883.2353706,12.304,1780280883.2353992,0.0286102294921875,137253184733,137253.184733,1780280883.2230666,12.332677841186523,0.003814697265625,4.215002059936523,4.195,36175872,2.9401716514954486,2208,chatcmpl-60d94b4b-cfe4-47b7-8542-cc344f9286cc-99983d15,"nixl_xfer_handle(0x5af9a35fd260, released=False)",decode,0,0,452715,23,d61968e8-e4aa-43a2-8ca8-85b623ffd1e5_dp1,0,nixl_start_time
1780280883.2476497,1780280883.2532446,5.595,1780280883.253522,0.2772808074951172,137253209316,137253.209316,1780280883.2476497,5.872249603271484,0.0045299530029296875,5.615711212158203,5.595,14155776,2.5300761394101876,864,chatcmpl-6bddca03-2749-45a0-9bb5-41b9547dfb46-b5ec8e78,"nixl_xfer_handle(0x5563598e97e0, released=False)",decode,1,0,452712,9,d61968e8-e4aa-43a2-8ca8-85b623ffd1e5_dp0,0,nixl_start_time
1780280883.2598717,1780280883.2671468,7.275,1780280883.267533,0.38623809814453125,137253221538,137253.221538,1780280883.2598717,7.661342620849609,0.00476837158203125,7.29680061340332,7.275,9437184,1.2972074226804122,576,chatcmpl-fcf41817-7e4d-4f87-bf7b-fac8c25c7526-acf9de36,"nixl_xfer_handle(0x5af9a35fd260, released=False)",decode,0,0,452715,6,d61968e8-e4aa-43a2-8ca8-85b623ffd1e5_dp1,0,nixl_start_time
1780280883.3455865,1780280883.3775716,31.985,1780280883.3776174,0.0457763671875,137253307253,137253.307253,1780280883.3455865,32.03082084655762,0.0054836273193359375,17.169713973999023,17.138,69206016,2.1637022354228543,4224,chatcmpl-fe5770c9-0653-4c13-92e3-cdba1fa37104-baa12788,"nixl_xfer_handle(0x5563598e97e0, released=False)",decode,1,0,452712,44,d61968e8-e4aa-43a2-8ca8-85b623ffd1e5_dp0,0,nixl_start_time
1780280883.4265666,1780280883.4269855,0.419,1780280883.4272401,0.25463104248046875,137253388233,137253.388233,1780280883.4265666,0.6735324859619141,0.0045299530029296875,0.43702125549316406,0.419,1572864,3.7538520286396184,48,chatcmpl-c601f11e-029a-4a3b-bfff-f0ebe0b1fd23-8e50dfd1,"nixl_xfer_handle(0x5563598e97e0, released=False)",decode,1,0,452712,1,d61968e8-e4aa-43a2-8ca8-85b623ffd1e5_dp1,0,nixl_start_time
1780280883.4388466,1780280883.4419465,3.1,1780280883.4419613,0.014781951904296875,137253400513,137253.400513,1780280883.4388466,3.1147003173828125,0.0040531158447265625,2.5975704193115234,2.577,3145728,1.0147509677419355,192,chatcmpl-e77b99fd-c2d0-49f5-8f45-9ab01c7adba9-9051a2a7,"nixl_xfer_handle(0x5af9a35fd260, released=False)",decode,0,0,452715,2,d61968e8-e4aa-43a2-8ca8-85b623ffd1e5_dp0,0,nixl_start_time
1780280883.4388967,1780280883.4513116,12.415000000000001,1780280883.4513707,0.0591278076171875,137253400563,137253.400563,1780280883.4388967,12.47406005859375,0.005245208740234375,4.834175109863281,4.814,33030144,2.6605029399919453,2016,chatcmpl-38973685-a29b-4305-96be-6a6a0916ff51-bc257955,"nixl_xfer_handle(0x5563598e97e0, released=False)",decode,1,0,452712,21,d61968e8-e4aa-43a2-8ca8-85b623ffd1e5_dp0,0,nixl_start_time
1780280883.4511797,1780280883.4531157,1.936,1780280883.4534805,0.3647804260253906,137253412846,137253.412846,1780280883.4511797,2.300739288330078,0.0040531158447265625,1.9559860229492188,1.936,3145728,1.6248595041322316,192,chatcmpl-cb0dcade-0d26-4490-9cf0-31ba1e0a6a2e-a2ace698,"nixl_xfer_handle(0x5af9a35fd260, released=False)",decode,0,0,452715,2,d61968e8-e4aa-43a2-8ca8-85b623ffd1e5_dp1,0,nixl_start_time
1780280883.4758897,1780280883.4797378,3.848,1780280883.4800003,0.2624988555908203,137253437556,137253.437556,1780280883.4758897,4.110574722290039,0.003814697265625,3.86810302734375,3.848,9437184,2.4524906444906445,576,chatcmpl-bb8857eb-3edc-4bfb-a282-83fc4e01c2df-a66b492e,"nixl_xfer_handle(0x556359a5e290, released=False)",decode,1,0,452712,6,d61968e8-e4aa-43a2-8ca8-85b623ffd1e5_dp1,0,nixl_start_time
1780280883.5862017,1780280883.6107376,24.535999999999998,1780280883.6107635,0.025987625122070312,137253547868,137253.547868,1780280883.5862017,24.56188201904297,0.0059604644775390625,4.158735275268555,4.13,39321600,1.6026084121291166,2400,chatcmpl-76c859d5-7ab6-4d63-a6a3-6520426d7442-8712e270,"nixl_xfer_handle(0x556359a5e290, released=False)",decode,1,0,452712,25,d61968e8-e4aa-43a2-8ca8-85b623ffd1e5_dp0,0,nixl_start_time
1780280883.7457886,1780280883.7582655,12.477,1780280883.7582834,0.017881393432617188,137253707455,137253.707455,1780280883.7457886,12.494802474975586,0.0059604644775390625,3.0803680419921875,3.06,18874368,1.5127328684779995,1152,chatcmpl-1d18c091-8d6c-4447-b23c-53622a287d7f-9b977536,"nixl_xfer_handle(0x5af9a35fd260, released=False)",decode,0,0,452715,12,d61968e8-e4aa-43a2-8ca8-85b623ffd1e5_dp1,0,nixl_start_time
1780280883.8073788,1780280883.8318608,24.482,1780280883.8319206,0.05984306335449219,137253769045,137253.769045,1780280883.8073788,24.541854858398438,0.006198883056640625,4.86302375793457,4.842,48758784,1.991617678294257,2976,chatcmpl-f7495bfa-4147-40dc-9383-ebab6dc0a757-a6df5bf0,"nixl_xfer_handle(0x556359a5e290, released=False)",decode,1,0,452712,31,d61968e8-e4aa-43a2-8ca8-85b623ffd1e5_dp0,0,nixl_start_time
1780280883.8319306,1780280883.8566937,24.763,1780280883.8567128,0.019073486328125,137253793597,137253.793597,1780280883.8319306,24.782180786132812,0.005245208740234375,4.934072494506836,4.914,48758784,1.9690176472963696,2976,chatcmpl-c6a38c10-5461-48a0-bf0c-a4d8dbb82d80-9a9763b6,"nixl_xfer_handle(0x5af9a35fd260, released=False)",decode,0,0,452715,31,d61968e8-e4aa-43a2-8ca8-85b623ffd1e5_dp1,0,nixl_start_time
1780280883.9297636,1780280883.9550366,25.273,1780280883.955068,0.03147125244140625,137253891430,137253.89143,1780280883.9297636,25.304555892944336,0.0045299530029296875,4.508018493652344,4.488,42467328,1.6803437660744667,2592,chatcmpl-86cadc3b-0245-423d-a5e3-70b3e9564a97-aaa6301a,"nixl_xfer_handle(0x5af9a3e6ab90, released=False)",decode,0,0,452715,27,d61968e8-e4aa-43a2-8ca8-85b623ffd1e5_dp0,0,nixl_start_time
1780280884.0155857,1780280884.0281246,12.539,1780280884.0281448,0.020265579223632812,137253977252,137253.977252,1780280884.0155857,12.559175491333008,0.0050067901611328125,3.2117366790771484,3.192,20447232,1.6306908046893691,1248,chatcmpl-92bdb7b4-953c-4214-9d99-df10616cdc75-a78f4484,"nixl_xfer_handle(0x556359a5e290, released=False)",decode,1,0,452712,13,d61968e8-e4aa-43a2-8ca8-85b623ffd1e5_dp1,0,nixl_start_time
1780280884.0280087,1780280884.0290296,1.021,1780280884.0290651,0.03552436828613281,137253989675,137253.989675,1780280884.0280087,1.0564327239990234,0.003814697265625,0.6673336029052734,0.643,1572864,1.540513222331048,48,chatcmpl-356f50fb-977f-493c-8380-185033c4e07c-95ea6cc2,"nixl_xfer_handle(0x5af9a3e6ab90, released=False)",decode,0,0,452715,1,d61968e8-e4aa-43a2-8ca8-85b623ffd1e5_dp0,0,nixl_start_time
1780280884.0649297,1780280884.0773537,12.424,1780280884.0773754,0.021696090698242188,137254026596,137254.026596,1780280884.0649297,12.445688247680664,0.0057220458984375,3.240823745727539,3.22,20447232,1.6457849323889249,1248,chatcmpl-dbdf7848-7a7d-40c0-93a1-26590b79dc39-9f77d7c2,"nixl_xfer_handle(0x556359a5e290, released=False)",decode,1,0,452712,13,d61968e8-e4aa-43a2-8ca8-85b623ffd1e5_dp1,0,nixl_start_time
1780280884.2001946,1780280884.2127736,12.579,1780280884.2127926,0.019073486328125,137254161861,137254.161861,1780280884.2001946,12.598037719726562,0.00476837158203125,2.3779869079589844,2.357,3145728,0.25007774862866683,192,chatcmpl-f125b7e3-72ad-422c-849b-c3cdc570fe06-8041bc6e,"nixl_xfer_handle(0x5af9a3e6ab90, released=False)",decode,0,0,452715,2,d61968e8-e4aa-43a2-8ca8-85b623ffd1e5_dp0,0,nixl_start_time
1780280884.4953775,1780280884.5197945,24.417,1780280884.5198128,0.018358230590820312,137254457044,137254.457044,1780280884.4953775,24.43528175354004,0.0057220458984375,4.173755645751953,4.154,39321600,1.6104189703894827,2400,chatcmpl-da442947-38d1-4be1-adee-ba2f2ebc4c99-91e4e68e,"nixl_xfer_handle(0x5af9a3e6ab90, released=False)",decode,0,0,452715,25,d61968e8-e4aa-43a2-8ca8-85b623ffd1e5_dp0,0,nixl_start_time
1780280884.6183717,1780280884.6252997,6.928,1780280884.6253264,0.026702880859375,137254580038,137254.580038,1780280884.6183717,6.954669952392578,0.0054836273193359375,6.548881530761719,6.526,7864320,1.1351501154734411,480,chatcmpl-c48aab5a-e1d5-44d0-88c3-c959edde097d-b0ed2a6a,"nixl_xfer_handle(0x5af9a3e6ab90, released=False)",decode,0,0,452715,5,d61968e8-e4aa-43a2-8ca8-85b623ffd1e5_dp1,0,nixl_start_time
1780280884.6426556,1780280884.6440637,1.408,1780280884.644329,0.26535987854003906,137254604322,137254.604322,1780280884.6426556,1.6734600067138672,0.005245208740234375,1.4348030090332031,1.408,3145728,2.234181818181818,192,chatcmpl-d2966322-7db7-47bc-9b2a-b331eba369a2-8c7dcf03,"nixl_xfer_handle(0x556359a5e290, released=False)",decode,1,0,452712,2,d61968e8-e4aa-43a2-8ca8-85b623ffd1e5_dp0,0,nixl_start_time
1780280884.6795466,1780280884.6917655,12.219000000000001,1780280884.6917827,0.0171661376953125,137254641213,137254.641213,1780280884.6795466,12.23611831665039,0.004291534423828125,2.0470619201660156,2.024,3145728,0.2574456174809722,192,chatcmpl-b03002b6-d959-4972-bd1e-2ad24d763a64-85bd6441,"nixl_xfer_handle(0x5af9a3e6ab90, released=False)",decode,0,0,452715,2,d61968e8-e4aa-43a2-8ca8-85b623ffd1e5_dp1,0,nixl_start_time
1780280884.7165077,1780280884.7287796,12.272,1780280884.7287984,0.018835067749023438,137254678174,137254.678174,1780280884.7165077,12.290716171264648,0.0045299530029296875,3.885984420776367,3.866,33030144,2.691504563233377,2016,chatcmpl-5d8797cd-aaaa-4bfb-a3e2-24d5fa96650c-b5df48b7,"nixl_xfer_handle(0x5af9a3e6ab90, released=False)",decode,0,0,452715,21,d61968e8-e4aa-43a2-8ca8-85b623ffd1e5_dp0,0,nixl_start_time
1780280884.7656567,1780280884.7737927,8.136,1780280884.7741578,0.3650188446044922,137254727323,137254.727323,1780280884.7656567,8.501052856445312,0.0045299530029296875,8.16035270690918,8.136,12582912,1.5465722713864307,768,chatcmpl-cb858822-1bd5-410f-88e9-671ef85a5dbd-a0392097,"nixl_xfer_handle(0x5af9a3e6ab90, released=False)",decode,0,0,452715,8,d61968e8-e4aa-43a2-8ca8-85b623ffd1e5_dp0,0,nixl_start_time
1780280884.7905357,1780280884.7918978,1.3619999999999999,1780280884.7921665,0.26869773864746094,137254752202,137254.752202,1780280884.7905357,1.6307830810546875,0.00476837158203125,1.3835430145263672,1.362,3145728,2.309638766519824,192,chatcmpl-614d2dfe-74b3-4266-a45e-9d53aba078b2-af647f26,"nixl_xfer_handle(0x556359a5e290, released=False)",decode,1,0,452712,2,d61968e8-e4aa-43a2-8ca8-85b623ffd1e5_dp1,0,nixl_start_time
1780280884.8271515,1780280884.8396215,12.47,1780280884.8396394,0.017881393432617188,137254788818,137254.788818,1780280884.8271515,12.48788833618164,0.004291534423828125,3.9725303649902344,3.953,28311552,2.2703730553327985,1728,chatcmpl-7c17d6cc-8c7a-4d4d-b8b4-ba5f45cf89d6-acde925b,"nixl_xfer_handle(0x5af9a3e6ab90, released=False)",decode,0,0,452715,18,d61968e8-e4aa-43a2-8ca8-85b623ffd1e5_dp0,0,nixl_start_time
1780280884.8640296,1780280884.8654256,1.3960000000000001,1780280884.8656847,0.25916099548339844,137254825696,137254.825696,1780280884.8640296,1.6551017761230469,0.0040531158447265625,1.4162063598632812,1.396,3145728,2.2533868194842404,192,chatcmpl-92db9afd-dcda-4815-950d-89e74fe03704-8ccc7988,"nixl_xfer_handle(0x556359a5e290, released=False)",decode,1,0,452712,2,d61968e8-e4aa-43a2-8ca8-85b623ffd1e5_dp0,0,nixl_start_time
1780280884.9991755,1780280885.0021327,2.957,1780280885.0021465,0.013828277587890625,137254960842,137254.960842,1780280884.9991755,2.9709339141845703,0.00476837158203125,2.4542808532714844,2.434,3145728,1.063824146094014,192,chatcmpl-a57d25d6-2dfa-48f3-a0ee-bcfeb5d993bf-abc55a7f,"nixl_xfer_handle(0x5af9a3e6ab90, released=False)",decode,0,0,452715,2,d61968e8-e4aa-43a2-8ca8-85b623ffd1e5_dp1,0,nixl_start_time
1780280885.0855627,1780280885.0967238,11.161000000000001,1780280885.096739,0.0152587890625,137255047229,137255.047229,1780280885.0855627,11.176347732543945,0.003814697265625,10.790109634399414,10.759,14155776,1.2683250604784517,864,chatcmpl-7f3e2202-5db1-4d8b-be6b-d567ef83c3b3-9486b28a,"nixl_xfer_handle(0x5af9a3e6ab90, released=False)",decode,0,0,452715,9,d61968e8-e4aa-43a2-8ca8-85b623ffd1e5_dp0,0,nixl_start_time
1780280885.0997167,1780280885.1113667,11.65,1780280885.111406,0.03933906555175781,137255061383,137255.061383,1780280885.0997167,11.689424514770508,0.0040531158447265625,4.022121429443359,3.983,29884416,2.565185922746781,1824,chatcmpl-04721096-c913-492f-914f-b5fb6a2b4a91-91404652,"nixl_xfer_handle(0x5af9a3e6ab90, released=False)",decode,0,0,452715,19,d61968e8-e4aa-43a2-8ca8-85b623ffd1e5_dp1,0,nixl_start_time
1780280885.1362946,1780280885.1599545,23.66,1780280885.1599903,0.035762786865234375,137255097961,137255.097961,1780280885.1362946,23.695707321166992,0.0057220458984375,4.187345504760742,4.167,37748736,1.5954664412510566,2304,chatcmpl-9b2b647d-25c2-4735-9ea8-91520a7bd0c5-87d5a740,"nixl_xfer_handle(0x556359a5e290, released=False)",decode,1,0,452712,24,d61968e8-e4aa-43a2-8ca8-85b623ffd1e5_dp0,0,nixl_start_time
1780280885.1847286,1780280885.1968687,12.14,1780280885.1968863,0.017642974853515625,137255146395,137255.146395,1780280885.1847286,12.157678604125977,0.004291534423828125,3.3943653106689453,3.374,23592960,1.9434069192751235,1440,chatcmpl-10930187-d664-43f9-8912-b08c8915a6f0-bf8ae485,"nixl_xfer_handle(0x5af9a3e6ab90, released=False)",decode,0,0,452715,15,d61968e8-e4aa-43a2-8ca8-85b623ffd1e5_dp0,0,nixl_start_time
1780280885.1967096,1780280885.2007766,4.067,1780280885.2010636,0.28705596923828125,137255158376,137255.158376,1780280885.1967096,4.354000091552734,0.0050067901611328125,4.097938537597656,4.067,9437184,2.3204288173100562,576,chatcmpl-91ca538a-7620-4949-8d4a-782bc0ce9a21-959b065e,"nixl_xfer_handle(0x556359a5e290, released=False)",decode,1,0,452712,6,d61968e8-e4aa-43a2-8ca8-85b623ffd1e5_dp1,0,nixl_start_time
1780280885.2579596,1780280885.2825017,24.542,1780280885.2825236,0.02193450927734375,137255219626,137255.219626,1780280885.2579596,24.564027786254883,0.0054836273193359375,4.280805587768555,4.261,37748736,1.5381279439328497,2304,chatcmpl-f4f5ebf9-6ba2-4b83-9854-9e1df199c74a-bb86e0fd,"nixl_xfer_handle(0x556359a5e290, released=False)",decode,1,0,452712,24,d61968e8-e4aa-43a2-8ca8-85b623ffd1e5_dp1,0,nixl_start_time
1780280885.2580307,1780280885.2826207,24.59,1780280885.2826498,0.029087066650390625,137255219697,137255.219697,1780280885.2580307,24.619102478027344,0.00476837158203125,4.641294479370117,4.622,48758784,1.9828704351362343,2976,chatcmpl-5604815b-0710-418d-9902-2886bddb2680-ac848579,"nixl_xfer_handle(0x5af9a3e6ab90, released=False)",decode,0,0,452715,31,d61968e8-e4aa-43a2-8ca8-85b623ffd1e5_dp0,0,nixl_start_time
1780280885.3318686,1780280885.3561397,24.271,1780280885.3561609,0.021219253540039062,137255293535,137255.293535,1780280885.3318686,24.2922306060791,0.0054836273193359375,4.932880401611328,4.914,55050240,2.2681488195789212,3360,chatcmpl-7a86ced4-5137-47d2-a27a-b1bd531a6d18-9482ffe6,"nixl_xfer_handle(0x5af9a3e6ab90, released=False)",decode,0,0,452715,35,d61968e8-e4aa-43a2-8ca8-85b623ffd1e5_dp0,0,nixl_start_time
1780280885.4054956,1780280885.4299326,24.437,1780280885.4299502,0.017642974853515625,137255367162,137255.367162,1780280885.4054956,24.454593658447266,0.0057220458984375,4.835844039916992,4.813,55050240,2.252741334861071,3360,chatcmpl-836baac3-6360-4cdb-9d3e-32ab57850281-ae9217a1,"nixl_xfer_handle(0x5af9a3e6ab90, released=False)",decode,0,0,452715,35,d61968e8-e4aa-43a2-8ca8-85b623ffd1e5_dp1,0,nixl_start_time
1780280885.4298067,1780280885.4545116,24.705000000000002,1780280885.4545383,0.026702880859375,137255391473,137255.391473,1780280885.4298067,24.73163604736328,0.0045299530029296875,3.9396286010742188,3.92,34603008,1.4006479659987856,2112,chatcmpl-134208c8-b187-45fb-8246-c5b2bb2d1020-81e23b58,"nixl_xfer_handle(0x556359a5e290, released=False)",decode,1,0,452712,22,d61968e8-e4aa-43a2-8ca8-85b623ffd1e5_dp0,0,nixl_start_time
1780280885.5037916,1780280885.5311465,27.355,1780280885.5311599,0.0133514404296875,137255465458,137255.465458,1780280885.5037916,27.36830711364746,0.0050067901611328125,4.765987396240234,4.747,51904512,1.8974414915006397,3168,chatcmpl-6a72eafe-bec2-49c4-b60c-17419dc8d236-a793d361,"nixl_xfer_handle(0x5af9a3e6ab90, released=False)",decode,0,0,452715,33,d61968e8-e4aa-43a2-8ca8-85b623ffd1e5_dp1,0,nixl_start_time
1780280885.5282137,1780280885.5403566,12.142999999999999,1780280885.5403852,0.0286102294921875,137255489880,137255.48988,1780280885.5282137,12.171506881713867,0.0045299530029296875,2.3801326751708984,2.361,3145728,0.2590569052128799,192,chatcmpl-f7e14c86-7e09-4270-90c9-bf7b871c6fbc-ad7116cc,"nixl_xfer_handle(0x5af9a3d77f00, released=False)",decode,0,0,452715,2,d61968e8-e4aa-43a2-8ca8-85b623ffd1e5_dp0,0,nixl_start_time
1780280885.5771627,1780280885.6018639,24.701,1780280885.6019135,0.049591064453125,137255538829,137255.538829,1780280885.5771627,24.750709533691406,0.0057220458984375,5.647182464599609,5.626,36175872,1.464550908870086,2208,chatcmpl-63bd31df-0bcf-4ef8-9257-fb1512b7e6a0-998f9a82,"nixl_xfer_handle(0x556359a5e290, released=False)",decode,1,0,452712,23,d61968e8-e4aa-43a2-8ca8-85b623ffd1e5_dp0,0,nixl_start_time
1780280885.6017687,1780280885.6045127,2.7439999999999998,1780280885.60454,0.027418136596679688,137255563435,137255.563435,1780280885.6017687,2.7713775634765625,0.0050067901611328125,2.399921417236328,2.379,3145728,1.146402332361516,192,chatcmpl-505b30fd-8b8c-47ac-8ef4-db06ec210a89-857da2cf,"nixl_xfer_handle(0x5af9a3e6ab90, released=False)",decode,0,0,452715,2,d61968e8-e4aa-43a2-8ca8-85b623ffd1e5_dp1,0,nixl_start_time
1780280885.6384356,1780280885.6447465,6.311,1780280885.645027,0.2803802490234375,137255600102,137255.600102,1780280885.6384356,6.591320037841797,0.005245208740234375,6.333589553833008,6.311,15728640,2.4922579622880687,960,chatcmpl-493dabc8-1066-4f37-9f1c-9ef6830b5c13-8b88e5ce,"nixl_xfer_handle(0x556359a5e290, released=False)",decode,1,0,452712,10,d61968e8-e4aa-43a2-8ca8-85b623ffd1e5_dp0,0,nixl_start_time
1780280885.6632247,1780280885.6755266,12.302,1780280885.67555,0.023365020751953125,137255624891,137255.624891,1780280885.6632247,12.325286865234375,0.004291534423828125,3.772258758544922,3.753,26738688,2.1735236546902943,1632,chatcmpl-2ef342a5-aed7-42db-bbd2-db056c685ae7-8ade33fb,"nixl_xfer_handle(0x5af9a3e6ab90, released=False)",decode,0,0,452715,17,d61968e8-e4aa-43a2-8ca8-85b623ffd1e5_dp1,0,nixl_start_time
1780280885.7122056,1780280885.7397525,27.546999999999997,1780280885.7397666,0.014066696166992188,137255673872,137255.673872,1780280885.7122056,27.560949325561523,0.0040531158447265625,4.508495330810547,4.49,40894464,1.4845342142520057,2496,chatcmpl-096126fe-2dd0-4932-9df3-a5513bc146ad-b0171961,"nixl_xfer_handle(0x5af9a3e6ab90, released=False)",decode,0,0,452715,26,d61968e8-e4aa-43a2-8ca8-85b623ffd1e5_dp0,0,nixl_start_time
1780280885.7367146,1780280885.7397945,3.0799999999999996,1780280885.7398186,0.024080276489257812,137255698381,137255.698381,1780280885.7367146,3.103971481323242,0.0040531158447265625,2.471923828125,2.451,3145728,1.0213402597402597,192,chatcmpl-0200d56f-cbbe-421e-9820-4a5e0e073a29-8825fe31,"nixl_xfer_handle(0x5af9a35fccc0, released=False)",decode,0,0,452715,2,d61968e8-e4aa-43a2-8ca8-85b623ffd1e5_dp1,0,nixl_start_time
1780280885.7733226,1780280885.7975135,24.191,1780280885.7975583,0.04482269287109375,137255734989,137255.734989,1780280885.7733226,24.23572540283203,0.00476837158203125,5.541801452636719,5.521,40894464,1.6904825761646893,2496,chatcmpl-7e778063-15ea-4b5d-824e-42bd2816c53b-a91f9ddf,"nixl_xfer_handle(0x556359a5e290, released=False)",decode,1,0,452712,26,d61968e8-e4aa-43a2-8ca8-85b623ffd1e5_dp0,0,nixl_start_time
1780280885.7974317,1780280885.7993827,1.951,1780280885.7997274,0.3447532653808594,137255759098,137255.759098,1780280885.7974317,2.2957324981689453,0.0040531158447265625,1.970529556274414,1.951,3145728,1.6123669912865197,192,chatcmpl-944c8a43-8db6-417e-9263-cb1593998eec-a81a35da,"nixl_xfer_handle(0x5af9a35fccc0, released=False)",decode,0,0,452715,2,d61968e8-e4aa-43a2-8ca8-85b623ffd1e5_dp1,0,nixl_start_time
1780280885.9200675,1780280885.9507565,30.689,1780280885.9507856,0.029087066650390625,137255881734,137255.881734,1780280885.9200675,30.718088150024414,0.0059604644775390625,15.790224075317383,15.764,70778880,2.3063273485613736,4320,chatcmpl-0073503f-f549-4a70-8793-33eedb8825eb-a4943eaa,"nixl_xfer_handle(0x5af9a35fccc0, released=False)",decode,0,0,452715,45,d61968e8-e4aa-43a2-8ca8-85b623ffd1e5_dp0,0,nixl_start_time
1780280885.9505606,1780280885.9537396,3.179,1780280885.9540224,0.2827644348144531,137255912227,137255.912227,1780280885.9505606,3.4618377685546875,0.002384185791015625,3.2052993774414062,3.179,7864320,2.473834539163259,480,chatcmpl-23b7c5fa-ad7a-4d2f-83f6-bd41c20b6a4c-9a3e5aeb,"nixl_xfer_handle(0x556359a5e290, released=False)",decode,1,0,452712,5,d61968e8-e4aa-43a2-8ca8-85b623ffd1e5_dp1,0,nixl_start_time
1780280885.9629176,1780280885.9771605,14.243,1780280885.977179,0.018596649169921875,137255924584,137255.924584,1780280885.9629176,14.261484146118164,0.0040531158447265625,10.389328002929688,10.365,14155776,0.9938760092677105,864,chatcmpl-f6c6a57b-f5df-4e61-bb6c-477071c58c0f-8e10c27d,"nixl_xfer_handle(0x5af9a38093a0, released=False)",decode,0,0,452715,9,d61968e8-e4aa-43a2-8ca8-85b623ffd1e5_dp0,0,nixl_start_time
1780280885.9629567,1780280885.9770806,14.123999999999999,1780280885.9771,0.019311904907226562,137255924623,137255.924623,1780280885.9629567,14.143228530883789,0.0054836273193359375,3.8738250732421875,3.852,29884416,2.115860662701784,1824,chatcmpl-9e3ba243-3e29-460e-bf6c-8be71512c866-99a6cbf1,"nixl_xfer_handle(0x556359a5e290, released=False)",decode,1,0,452712,19,d61968e8-e4aa-43a2-8ca8-85b623ffd1e5_dp0,0,nixl_start_time
1780280886.0369966,1780280886.0613086,24.312,1780280886.0613275,0.018835067749023438,137255998663,137255.998663,1780280886.0369966,24.330854415893555,0.0045299530029296875,5.031824111938477,4.996,59768832,2.4584086870681143,3648,chatcmpl-70229f98-fe39-46b0-a2c5-60a5e0981e7d-bce52b7a,"nixl_xfer_handle(0x5af9a38093a0, released=False)",decode,0,0,452715,38,d61968e8-e4aa-43a2-8ca8-85b623ffd1e5_dp1,0,nixl_start_time
1780280886.1228898,1780280886.1476688,24.779,1780280886.1476948,0.025987625122070312,137256084556,137256.084556,1780280886.1228898,24.805068969726562,0.0057220458984375,18.785715103149414,18.738,81788928,3.3007356229064935,4992,chatcmpl-037d85c8-b1ff-467c-8491-c356d7e339af-b0937bb0,"nixl_xfer_handle(0x5af9a3e6a720, released=False)",decode,0,0,452715,52,d61968e8-e4aa-43a2-8ca8-85b623ffd1e5_dp1,0,nixl_start_time
1780280886.1228967,1780280886.1592677,36.371,1780280886.1592808,0.013113021850585938,137256084563,137256.084563,1780280886.1228967,36.38410568237305,0.0054836273193359375,21.246910095214844,21.205,81788928,2.248740150119601,4992,chatcmpl-1149aca1-53c0-477c-9b00-a9122c1e0ce0-bde99bf2,"nixl_xfer_handle(0x556359a5e290, released=False)",decode,1,0,452712,52,d61968e8-e4aa-43a2-8ca8-85b623ffd1e5_dp0,0,nixl_start_time
1780280886.1586466,1780280886.1590266,0.38,1780280886.1592987,0.2720355987548828,137256120313,137256.120313,1780280886.1586466,0.6520748138427734,0.0026226043701171875,0.3948211669921875,0.38,1572864,4.139115789473684,48,chatcmpl-314790c7-c902-4a26-bf6f-829e7d32fa00-83de14fa,"nixl_xfer_handle(0x5563599da9e0, released=False)",decode,1,0,452712,1,d61968e8-e4aa-43a2-8ca8-85b623ffd1e5_dp0,0,nixl_start_time
1780280886.1587846,1780280886.1716506,12.866000000000001,1780280886.1716945,0.0438690185546875,137256120451,137256.120451,1780280886.1587846,12.909889221191406,0.0040531158447265625,4.504203796386719,4.486,39321600,3.056241256023628,2400,chatcmpl-19cdd8d2-864b-4cca-8762-fb25d3001906-8a16f1b9,"nixl_xfer_handle(0x5af9a3e6a720, released=False)",decode,0,0,452715,25,d61968e8-e4aa-43a2-8ca8-85b623ffd1e5_dp1,0,nixl_start_time
1780280886.1958046,1780280886.2078416,12.037,1780280886.207866,0.024318695068359375,137256157471,137256.157471,1780280886.1958046,12.061357498168945,0.0057220458984375,3.6652088165283203,3.645,26738688,2.221374761153111,1632,chatcmpl-685706ca-6b80-4c75-8421-25d4fdc47aed-956d40c6,"nixl_xfer_handle(0x5563599da9e0, released=False)",decode,1,0,452712,17,d61968e8-e4aa-43a2-8ca8-85b623ffd1e5_dp0,0,nixl_start_time
1780280886.2816095,1780280886.2884007,6.791,1780280886.2888205,0.41985511779785156,137256243276,137256.243276,1780280886.2816095,7.210969924926758,0.00476837158203125,6.8111419677734375,6.791,11010048,1.6212705050802532,672,chatcmpl-a72103db-57be-4460-b6c5-674a69604bff-ab085c0a,"nixl_xfer_handle(0x5af9a3e6a720, released=False)",decode,0,0,452715,7,d61968e8-e4aa-43a2-8ca8-85b623ffd1e5_dp0,0,nixl_start_time
1780280886.2817028,1780280886.3061318,24.429,1780280886.3061848,0.052928924560546875,137256243369,137256.243369,1780280886.2817028,24.482011795043945,0.005245208740234375,4.535198211669922,4.516,50331648,2.0603237136190593,3072,chatcmpl-e9a21ff3-8794-4709-a071-35b89eb90f81-abb9c62a,"nixl_xfer_handle(0x5563599da9e0, released=False)",decode,1,0,452712,32,d61968e8-e4aa-43a2-8ca8-85b623ffd1e5_dp1,0,nixl_start_time
1780280886.4408646,1780280886.4531636,12.299,1780280886.4531882,0.024557113647460938,137256402531,137256.402531,1780280886.4408646,12.323617935180664,0.0054836273193359375,3.6194324493408203,3.595,26738688,2.1740538255142696,1632,chatcmpl-435cca20-d6e5-4cff-a01c-d23d424d3283-8090db0d,"nixl_xfer_handle(0x5563599da9e0, released=False)",decode,1,0,452712,17,d61968e8-e4aa-43a2-8ca8-85b623ffd1e5_dp0,0,nixl_start_time
1780280886.5638537,1780280886.5882118,24.358,1780280886.5882394,0.02765655517578125,137256525520,137256.52552,1780280886.5638537,24.385690689086914,0.0050067901611328125,5.026340484619141,5.006,59768832,2.4537659906396256,3648,chatcmpl-f1cc9c1a-1cab-48b1-8ac3-b1b9c92f9bea-a8ea9db9,"nixl_xfer_handle(0x5563599da9e0, released=False)",decode,1,0,452712,38,d61968e8-e4aa-43a2-8ca8-85b623ffd1e5_dp1,0,nixl_start_time
1780280886.5760326,1780280886.5822697,6.237,1780280886.5826848,0.4150867462158203,137256537699,137256.537699,1780280886.5760326,6.652116775512695,0.003814697265625,6.256818771362305,6.237,7864320,1.2609139009139008,480,chatcmpl-4936f3e4-0612-4f7c-9cb7-2bb8ebfd504d-a5c2970a,"nixl_xfer_handle(0x5af9a3e6a720, released=False)",decode,0,0,452715,5,d61968e8-e4aa-43a2-8ca8-85b623ffd1e5_dp0,0,nixl_start_time
1780280886.6495807,1780280886.6840608,34.48,1780280886.6841195,0.058650970458984375,137256611247,137256.611247,1780280886.6495807,34.53874588012695,0.0050067901611328125,19.789934158325195,19.741,77070336,2.235218561484919,4704,chatcmpl-f4146df3-6e59-41a6-a645-8ff441d41ffc-b89cd821,"nixl_xfer_handle(0x5563599da9e0, released=False)",decode,1,0,452712,49,d61968e8-e4aa-43a2-8ca8-85b623ffd1e5_dp0,0,nixl_start_time
1780280886.7337437,1780280886.7616997,27.956000000000003,1780280886.7617173,0.017642974853515625,137256695410,137256.69541,1780280886.7337437,27.973651885986328,0.005245208740234375,19.657611846923828,19.618,77070336,2.75684418371727,4704,chatcmpl-21657fd3-6b02-461c-9ec0-6cb6cf24e972-96cf4652,"nixl_xfer_handle(0x5563599da9e0, released=False)",decode,1,0,452712,49,d61968e8-e4aa-43a2-8ca8-85b623ffd1e5_dp1,0,nixl_start_time
1780280886.7536266,1780280886.7729955,19.369,1780280886.7730155,0.02002716064453125,137256715293,137256.715293,1780280886.7536266,19.388914108276367,0.004291534423828125,4.769325256347656,4.756,22020096,1.1368731478135163,1344,chatcmpl-eb425b1a-263d-409f-aa40-09619a79ddb6-af612904,"nixl_xfer_handle(0x556359a5e290, released=False)",decode,1,0,452712,14,d61968e8-e4aa-43a2-8ca8-85b623ffd1e5_dp1,0,nixl_start_time
1780280886.8224676,1780280886.8532965,30.828999999999997,1780280886.8533103,0.013828277587890625,137256784134,137256.784134,1780280886.8224676,30.84278106689453,0.0069141387939453125,21.338224411010742,21.313,91226112,2.95910058710954,5568,chatcmpl-52fade09-826e-4dc7-8131-a6ab60fa16c1-86e85627,"nixl_xfer_handle(0x5af9a3e6a720, released=False)",decode,0,0,452715,58,d61968e8-e4aa-43a2-8ca8-85b623ffd1e5_dp0,0,nixl_start_time
1780280886.8472397,1780280886.8608677,13.628,1780280886.860923,0.0553131103515625,137256808906,137256.808906,1780280886.8472397,13.683319091796875,0.004291534423828125,5.439519882202148,5.418,9437184,0.6924848840622249,576,chatcmpl-8a24a2ba-c762-4b40-94cf-97091affc258-92f93152,"nixl_xfer_handle(0x5af9a3ec56c0, released=False)",decode,0,0,452715,6,d61968e8-e4aa-43a2-8ca8-85b623ffd1e5_dp0,0,nixl_start_time
1780280886.8472726,1780280886.8600347,12.762,1780280886.860047,0.01239776611328125,137256808939,137256.808939,1780280886.8472726,12.774467468261719,0.005245208740234375,4.310846328735352,4.291,34603008,2.7114094969440528,2112,chatcmpl-3e48fa41-4469-4bfe-884f-875e12d415c2-90eb26f9,"nixl_xfer_handle(0x556359a5e290, released=False)",decode,1,0,452712,22,d61968e8-e4aa-43a2-8ca8-85b623ffd1e5_dp0,0,nixl_start_time
1780280886.8517087,1780280886.8710566,19.348,1780280886.871075,0.018358230590820312,137256813375,137256.813375,1780280886.8517087,19.36626434326172,0.00286102294921875,3.011465072631836,2.985,9437184,0.4877601819309489,576,chatcmpl-8b45d29c-6517-4605-a8ce-658a54c316f3-8158f318,"nixl_xfer_handle(0x5563599da9e0, released=False)",decode,1,0,452712,6,d61968e8-e4aa-43a2-8ca8-85b623ffd1e5_dp1,0,nixl_start_time
1780280886.8585217,1780280886.8710978,12.576,1780280886.8711052,0.0073909759521484375,137256820188,137256.820188,1780280886.8585217,12.583494186401367,0.003814697265625,1.130819320678711,1.112,3145728,0.25013740458015266,192,chatcmpl-b32aa0da-0d82-4a5c-8835-192ad402e8ec-a1d70ae2,"nixl_xfer_handle(0x5563599359e0, released=False)",decode,1,0,452712,2,d61968e8-e4aa-43a2-8ca8-85b623ffd1e5_dp1,0,nixl_start_time
1780280886.8587437,1780280886.8605196,1.776,1780280886.8609486,0.42891502380371094,137256820410,137256.82041,1780280886.8587437,2.20489501953125,0.003337860107421875,1.7943382263183594,1.776,3145728,1.7712432432432432,192,chatcmpl-40bf3ace-76c8-459f-9f5a-d942e8d65556-be90ead5,"nixl_xfer_handle(0x5af9a3d81d20, released=False)",decode,0,0,452715,2,d61968e8-e4aa-43a2-8ca8-85b623ffd1e5_dp0,0,nixl_start_time
1780280886.8833187,1780280886.8897858,6.467,1780280886.890156,0.37026405334472656,137256844985,137256.844985,1780280886.8833187,6.837368011474609,0.0045299530029296875,6.48808479309082,6.467,9437184,1.4592831297355806,576,chatcmpl-35181470-33eb-40d7-9be5-059801a7e3d7-b7a44f75,"nixl_xfer_handle(0x5af9a3ec56c0, released=False)",decode,0,0,452715,6,d61968e8-e4aa-43a2-8ca8-85b623ffd1e5_dp1,0,nixl_start_time
1780280886.8955626,1780280886.8976257,2.063,1780280886.8978918,0.26607513427734375,137256857229,137256.857229,1780280886.8955626,2.329111099243164,0.0045299530029296875,2.086162567138672,2.063,4718592,2.287247697527872,288,chatcmpl-f34d180c-4788-4c84-be97-15f3b3edf7fe-99c868d2,"nixl_xfer_handle(0x5563599359e0, released=False)",decode,1,0,452712,3,d61968e8-e4aa-43a2-8ca8-85b623ffd1e5_dp0,0,nixl_start_time
1780280886.9200556,1780280886.9224637,2.408,1780280886.9224875,0.02384185791015625,137256881722,137256.881722,1780280886.9200556,2.4318695068359375,0.004291534423828125,2.0172595977783203,1.994,3145728,1.3063654485049834,192,chatcmpl-644b0f2d-4771-4f11-9883-35e1bb06237c-a3673aec,"nixl_xfer_handle(0x5af9a3ec56c0, released=False)",decode,0,0,452715,2,d61968e8-e4aa-43a2-8ca8-85b623ffd1e5_dp1,0,nixl_start_time
1780280887.0179946,1780280887.0472586,29.264,1780280887.0472755,0.016927719116210938,137256979661,137256.979661,1780280887.0179946,29.280900955200195,0.00667572021484375,6.689786911010742,6.663,69206016,2.364885729907053,4224,chatcmpl-8e135cb3-0303-4555-92d4-1a7f4f7fe53f-b818b169,"nixl_xfer_handle(0x5563599359e0, released=False)",decode,1,0,452712,44,d61968e8-e4aa-43a2-8ca8-85b623ffd1e5_dp1,0,nixl_start_time
1780280887.0299876,1780280887.0473075,17.32,1780280887.047324,0.016450881958007812,137256991654,137256.991654,1780280887.0299876,17.336368560791016,0.0045299530029296875,1.580953598022461,1.557,4718592,0.2724360277136259,288,chatcmpl-a0f3c6e3-88e5-41cb-93ea-44df72c62486-b10a65ba,"nixl_xfer_handle(0x5563599da9e0, released=False)",decode,1,0,452712,3,d61968e8-e4aa-43a2-8ca8-85b623ffd1e5_dp0,0,nixl_start_time
1780280887.0300307,1780280887.0341437,4.113,1780280887.0345058,0.36215782165527344,137256991697,137256.991697,1780280887.0300307,4.475116729736328,0.00476837158203125,4.1332244873046875,4.113,6291456,1.5296513493800143,384,chatcmpl-39d0e350-7eb9-4fda-a2de-ecd02a99d059-a532a695,"nixl_xfer_handle(0x5af9a3ec56c0, released=False)",decode,0,0,452715,4,d61968e8-e4aa-43a2-8ca8-85b623ffd1e5_dp0,0,nixl_start_time
1780280887.0424156,1780280887.0548327,12.417,1780280887.0548897,0.05698204040527344,137257004082,137257.004082,1780280887.0424156,12.47406005859375,0.0050067901611328125,4.514217376708984,4.489,18874368,1.5200425223483935,1152,chatcmpl-a6925b09-995e-4b86-af6a-5e67d0f79afd-942ffcda,"nixl_xfer_handle(0x556359a5e290, released=False)",decode,1,0,452712,12,d61968e8-e4aa-43a2-8ca8-85b623ffd1e5_dp1,0,nixl_start_time
1780280887.0667627,1780280887.0689967,2.234,1780280887.069358,0.36144256591796875,137257028429,137257.028429,1780280887.0667627,2.5954246520996094,0.0045299530029296875,2.254962921142578,2.234,3145728,1.4081145926589078,192,chatcmpl-5a9e2f0e-4454-4844-858b-59f3ab02209f-99a1eba3,"nixl_xfer_handle(0x5af9a3ec56c0, released=False)",decode,0,0,452715,2,d61968e8-e4aa-43a2-8ca8-85b623ffd1e5_dp0,0,nixl_start_time
1780280887.0790737,1780280887.0804486,1.375,1780280887.0807104,0.2617835998535156,137257040740,137257.04074,1780280887.0790737,1.6367435455322266,0.003337860107421875,1.3973712921142578,1.375,3145728,2.287802181818182,192,chatcmpl-e7719221-5556-4ee6-a99b-26f4ef56a2a2-8111ee26,"nixl_xfer_handle(0x556359a5e290, released=False)",decode,1,0,452712,2,d61968e8-e4aa-43a2-8ca8-85b623ffd1e5_dp1,0,nixl_start_time
1780280887.1160097,1780280887.1442688,28.259,1780280887.144281,0.012159347534179688,137257077676,137257.077676,1780280887.1160097,28.271198272705078,0.0050067901611328125,4.297733306884766,4.278,40894464,1.4471306132559538,2496,chatcmpl-6e60bfd8-4c3a-4641-abf3-42b2562b9b8f-8e6442b4,"nixl_xfer_handle(0x5af9a3ec56c0, released=False)",decode,0,0,452715,26,d61968e8-e4aa-43a2-8ca8-85b623ffd1e5_dp0,0,nixl_start_time
1780280887.1203825,1780280887.1443017,23.919,1780280887.1443205,0.018835067749023438,137257082049,137257.082049,1780280887.1203825,23.93794059753418,0.0030994415283203125,1.646280288696289,1.632,3145728,0.1315158660479117,192,chatcmpl-6ca0e83c-02c9-43e4-b690-fbd0e67a1565-b3f5ed93,"nixl_xfer_handle(0x5af9a3e6ab90, released=False)",decode,0,0,452715,2,d61968e8-e4aa-43a2-8ca8-85b623ffd1e5_dp1,0,nixl_start_time
1780280887.1400876,1780280887.1526856,12.597999999999999,1780280887.1527474,0.06175041198730469,137257101754,137257.101754,1780280887.1400876,12.659788131713867,0.003814697265625,3.7908554077148438,3.772,26738688,2.122454992856009,1632,chatcmpl-669a1a70-fab8-4cb1-b94b-8a0d9b2cf5f7-84e00bc3,"nixl_xfer_handle(0x5af9a3e21410, released=False)",decode,0,0,452715,17,d61968e8-e4aa-43a2-8ca8-85b623ffd1e5_dp1,0,nixl_start_time
1780280887.1403878,1780280887.1645439,24.156,1780280887.1645927,0.04887580871582031,137257102054,137257.102054,1780280887.1403878,24.20496940612793,0.00667572021484375,4.622220993041992,4.601,50331648,2.0836085444610037,3072,chatcmpl-0c888148-73b1-441f-891d-1df36b3443d1-b3de7939,"nixl_xfer_handle(0x556359a5e290, released=False)",decode,1,0,452712,32,d61968e8-e4aa-43a2-8ca8-85b623ffd1e5_dp0,0,nixl_start_time
1780280887.2130256,1780280887.2150226,1.997,1780280887.216722,1.6994476318359375,137257174692,137257.174692,1780280887.2130256,3.696441650390625,0.0026226043701171875,2.0198822021484375,1.997,4718592,2.362840260390586,288,chatcmpl-e2d79691-f8a3-4688-ba87-009e75888466-b6b34525,"nixl_xfer_handle(0x556359a5e290, released=False)",decode,1,0,452712,3,d61968e8-e4aa-43a2-8ca8-85b623ffd1e5_dp1,0,nixl_start_time
1780280887.2151186,1780280887.2164216,1.303,1780280887.2167416,0.3199577331542969,137257176785,137257.176785,1780280887.2151186,1.622915267944336,0.0035762786865234375,1.3203620910644531,1.303,3145728,2.4142194934765926,192,chatcmpl-98204467-b397-4108-a567-f04270f75f51-8d4f1ee3,"nixl_xfer_handle(0x5563599da9e0, released=False)",decode,1,0,452712,2,d61968e8-e4aa-43a2-8ca8-85b623ffd1e5_dp0,0,nixl_start_time
1780280887.2612047,1780280887.2855427,24.337999999999997,1780280887.285584,0.04124641418457031,137257222871,137257.222871,1780280887.2612047,24.379253387451172,0.0050067901611328125,4.189968109130859,4.171,36175872,1.48639460925302,2208,chatcmpl-ca771b0b-823b-4aa3-b842-2d19a28b056b-aeb6cc2c,"nixl_xfer_handle(0x5563599da9e0, released=False)",decode,1,0,452712,23,d61968e8-e4aa-43a2-8ca8-85b623ffd1e5_dp0,0,nixl_start_time
1780280887.3823266,1780280887.4070365,24.71,1780280887.4070637,0.027179718017578125,137257343993,137257.343993,1780280887.3823266,24.737119674682617,0.006198883056640625,5.098104476928711,5.077,61341696,2.4824644273573453,3744,chatcmpl-27a3e4fe-e09a-4be7-98ab-dc5fdabff7c7-95cd8519,"nixl_xfer_handle(0x556359b46760, released=False)",decode,1,0,452712,39,d61968e8-e4aa-43a2-8ca8-85b623ffd1e5_dp0,0,nixl_start_time
1780280887.3824046,1780280887.4069855,24.581,1780280887.407004,0.018596649169921875,137257344071,137257.344071,1780280887.3824046,24.599552154541016,0.0054836273193359375,4.702091217041016,4.68,45613056,1.8556224726414712,2784,chatcmpl-75205dba-3f1e-4941-bff2-3a241e166988-b2cd688b,"nixl_xfer_handle(0x5af9a3e6ab90, released=False)",decode,0,0,452715,29,d61968e8-e4aa-43a2-8ca8-85b623ffd1e5_dp1,0,nixl_start_time
1780280887.3943276,1780280887.4070888,12.761,1780280887.407127,0.03814697265625,137257355994,137257.355994,1780280887.3943276,12.799263000488281,0.00476837158203125,1.6186237335205078,1.593,4718592,0.3697666327090353,288,chatcmpl-8ea7d6ef-f239-428e-95ea-5460613f0815-b935b683,"nixl_xfer_handle(0x556359a5e290, released=False)",decode,1,0,452712,3,d61968e8-e4aa-43a2-8ca8-85b623ffd1e5_dp1,0,nixl_start_time
1780280887.4311848,1780280887.4326358,1.451,1780280887.4329002,0.2644062042236328,137257392851,137257.392851,1780280887.4311848,1.7154216766357422,0.0045299530029296875,1.4760494232177734,1.451,3145728,2.1679724328049623,192,chatcmpl-9865b6aa-0854-4606-9c8c-981a44721c43-bd2df65d,"nixl_xfer_handle(0x556359a5e290, released=False)",decode,1,0,452712,2,d61968e8-e4aa-43a2-8ca8-85b623ffd1e5_dp0,0,nixl_start_time
1780280887.5158217,1780280887.5425136,26.692,1780280887.5425289,0.0152587890625,137257477488,137257.477488,1780280887.5158217,26.707172393798828,0.0054836273193359375,11.590003967285156,11.567,70778880,2.651688895549228,4320,chatcmpl-355a0ce6-26aa-4001-be27-773474923f1d-886a018d,"nixl_xfer_handle(0x5af9a3e6ab90, released=False)",decode,0,0,452715,45,d61968e8-e4aa-43a2-8ca8-85b623ffd1e5_dp0,0,nixl_start_time
1780280887.5309627,1780280887.5572767,26.314,1780280887.5573137,0.03695487976074219,137257492629,137257.492629,1780280887.5309627,26.350975036621094,0.00476837158203125,11.268377304077148,11.24,14155776,0.5379560690126928,864,chatcmpl-2359c54b-f0bd-422b-8aeb-a72bcb7ac796-a0f05374,"nixl_xfer_handle(0x5af9a3ec56c0, released=False)",decode,0,0,452715,9,d61968e8-e4aa-43a2-8ca8-85b623ffd1e5_dp1,0,nixl_start_time
1780280887.5571406,1780280887.5813665,24.226000000000003,1780280887.581399,0.0324249267578125,137257518807,137257.518807,1780280887.5571406,24.25837516784668,0.0054836273193359375,4.447698593139648,4.423,40894464,1.688040287294642,2496,chatcmpl-282f654f-9766-4c59-9814-d5855aff3ab2-a3607ca1,"nixl_xfer_handle(0x556359a5e290, released=False)",decode,1,0,452712,26,d61968e8-e4aa-43a2-8ca8-85b623ffd1e5_dp1,0,nixl_start_time
1780280887.6412506,1780280887.6426826,1.432,1780280887.6456482,2.965688705444336,137257602917,137257.602917,1780280887.6412506,4.39763069152832,0.0035762786865234375,1.4507770538330078,1.432,3145728,2.1967374301675977,192,chatcmpl-b68dd12c-93ef-4872-994f-99adef22a990-bd28cf87,"nixl_xfer_handle(0x556359a5e290, released=False)",decode,1,0,452712,2,d61968e8-e4aa-43a2-8ca8-85b623ffd1e5_dp0,0,nixl_start_time
1780280887.6427767,1780280887.6454017,2.625,1780280887.6456652,0.26345252990722656,137257604443,137257.604443,1780280887.6427767,2.8884410858154297,0.0026226043701171875,2.6373863220214844,2.625,6291456,2.396745142857143,384,chatcmpl-c7ec4e97-bd9e-4191-9955-185d81afb5a0-a5f915cc,"nixl_xfer_handle(0x556359b46760, released=False)",decode,1,0,452712,4,d61968e8-e4aa-43a2-8ca8-85b623ffd1e5_dp1,0,nixl_start_time
1780280887.6531355,1780280887.6544936,1.358,1780280887.6547484,0.2548694610595703,137257614802,137257.614802,1780280887.6531355,1.6129016876220703,0.0040531158447265625,1.3782978057861328,1.358,3145728,2.316441826215022,192,chatcmpl-96d42e62-5da0-4592-acea-ebfb3c91ae3c-8d371f08,"nixl_xfer_handle(0x556359b46760, released=False)",decode,1,0,452712,2,d61968e8-e4aa-43a2-8ca8-85b623ffd1e5_dp0,0,nixl_start_time
1780280887.7140117,1780280887.7146428,0.631,1780280887.715055,0.41222572326660156,137257675678,137257.675678,1780280887.7140117,1.0433197021484375,0.0040531158447265625,0.6499290466308594,0.631,1572864,2.4926529318541992,48,chatcmpl-17364265-6aec-4dc9-8258-6391cf1dbe27-95cba265,"nixl_xfer_handle(0x5af9a3ec56c0, released=False)",decode,0,0,452715,1,d61968e8-e4aa-43a2-8ca8-85b623ffd1e5_dp1,0,nixl_start_time
1780280887.8960056,1780280887.9306297,34.624,1780280887.9306579,0.028133392333984375,137257857672,137257.857672,1780280887.8960056,34.6522331237793,0.0054836273193359375,19.792556762695312,19.748,77070336,2.225922365988909,4704,chatcmpl-afe36ba1-f067-48d1-ac70-6a6b02a2f577-9762544a,"nixl_xfer_handle(0x556359b46760, released=False)",decode,1,0,452712,49,d61968e8-e4aa-43a2-8ca8-85b623ffd1e5_dp0,0,nixl_start_time
1780280888.0034246,1780280888.0277658,24.341,1780280888.0278258,0.06008148193359375,137257965091,137257.965091,1780280888.0034246,24.401187896728516,0.009298324584960938,4.836082458496094,4.812,44040192,1.8093008504169916,2688,chatcmpl-01ab6340-c403-4304-ab14-3bd7fd573a5d-888cc38f,"nixl_xfer_handle(0x5af9a3ec56c0, released=False)",decode,0,0,452715,28,d61968e8-e4aa-43a2-8ca8-85b623ffd1e5_dp1,0,nixl_start_time
1780280888.0764267,1780280888.1055079,29.081,1780280888.105521,0.013113021850585938,137258038093,137258.038093,1780280888.0764267,29.094219207763672,0.0073909759521484375,10.986089706420898,10.949,72351744,2.4879386541040542,4416,chatcmpl-5bd27d14-bf1e-4e2e-9e73-eaca2172a6c0-89fe714a,"nixl_xfer_handle(0x556359b46760, released=False)",decode,1,0,452712,46,d61968e8-e4aa-43a2-8ca8-85b623ffd1e5_dp0,0,nixl_start_time
1780280888.0907466,1780280888.1022487,11.502,1780280888.102302,0.05340576171875,137258052413,137258.052413,1780280888.0907466,11.55543327331543,0.0040531158447265625,2.4538040161132812,2.434,3145728,0.2734940010432968,192,chatcmpl-f2ce902d-86d7-40f7-9dcc-77e02e5bfea4-8f14c111,"nixl_xfer_handle(0x5af9a3ddeff0, released=False)",decode,0,0,452715,2,d61968e8-e4aa-43a2-8ca8-85b623ffd1e5_dp1,0,nixl_start_time
1780280888.1020277,1780280888.1052527,3.225,1780280888.1055386,0.28586387634277344,137258063694,137258.063694,1780280888.1020277,3.5109519958496094,0.0050067901611328125,3.2448768615722656,3.225,7864320,2.4385488372093023,480,chatcmpl-cc5ce5fe-229f-4709-8dca-990f1220389c-95931e59,"nixl_xfer_handle(0x556359a5e290, released=False)",decode,1,0,452712,5,d61968e8-e4aa-43a2-8ca8-85b623ffd1e5_dp0,0,nixl_start_time
1780280888.2120786,1780280888.2242095,12.131,1780280888.2242675,0.05793571472167969,137258173745,137258.173745,1780280888.2120786,12.188911437988281,0.0050067901611328125,4.555225372314453,4.534,36175872,2.9821013931250513,2208,chatcmpl-eeb1c3df-9966-45f6-88df-25cfd05bfb5d-b54429ef,"nixl_xfer_handle(0x5af9a38b9520, released=False)",decode,0,0,452715,23,d61968e8-e4aa-43a2-8ca8-85b623ffd1e5_dp1,0,nixl_start_time
1780280888.2601748,1780280888.2621667,1.9919999999999998,1780280888.2624452,0.278472900390625,137258221841,137258.221841,1780280888.2601748,2.2704601287841797,0.00286102294921875,2.010822296142578,1.992,4718592,2.3687710843373493,288,chatcmpl-3be911db-40c8-4e82-adb4-7be5ba41ee46-9717a476,"nixl_xfer_handle(0x556359a5e290, released=False)",decode,1,0,452712,3,d61968e8-e4aa-43a2-8ca8-85b623ffd1e5_dp0,0,nixl_start_time
1780280888.2726316,1780280888.2851086,12.477,1780280888.2851279,0.019311904907226562,137258234298,137258.234298,1780280888.2726316,12.496232986450195,0.0035762786865234375,3.821134567260742,3.799,26738688,2.1430382303438327,1632,chatcmpl-cb1736dd-417b-4ce1-99af-93dae57ad570-bda29c87,"nixl_xfer_handle(0x5af9a3dacf80, released=False)",decode,0,0,452715,17,d61968e8-e4aa-43a2-8ca8-85b623ffd1e5_dp1,0,nixl_start_time
1780280888.2849088,1780280888.2899778,5.069,1780280888.2902496,0.27179718017578125,137258246575,137258.246575,1780280888.2849088,5.340814590454102,0.003337860107421875,5.092382431030273,5.069,12582912,2.4823262971000197,768,chatcmpl-a93823f7-cd67-4f4b-acec-15b0ca307c7f-a8d26f7f,"nixl_xfer_handle(0x556359a5e290, released=False)",decode,1,0,452712,8,d61968e8-e4aa-43a2-8ca8-85b623ffd1e5_dp0,0,nixl_start_time
1780280888.3208807,1780280888.3345377,13.657,1780280888.334555,0.0171661376953125,137258282547,137258.282547,1780280888.3208807,13.674259185791016,0.004291534423828125,10.242462158203125,10.217,14155776,1.0365216372556199,864,chatcmpl-c13360d4-b4d8-4140-894a-0558ed8784aa-be515ac7,"nixl_xfer_handle(0x5af9a3dacf80, released=False)",decode,0,0,452715,9,d61968e8-e4aa-43a2-8ca8-85b623ffd1e5_dp1,0,nixl_start_time
1780280888.3343287,1780280888.3363576,2.029,1780280888.3366177,0.2601146697998047,137258295995,137258.295995,1780280888.3343287,2.2890567779541016,0.00286102294921875,2.0470619201660156,2.029,4718592,2.3255751601774275,288,chatcmpl-040a3d30-c761-41fa-876b-609004add3af-a7472e0f,"nixl_xfer_handle(0x556359a5e290, released=False)",decode,1,0,452712,3,d61968e8-e4aa-43a2-8ca8-85b623ffd1e5_dp0,0,nixl_start_time
1780280888.3944666,1780280888.3972816,2.815,1780280888.3972952,0.013589859008789062,137258356133,137258.356133,1780280888.3944666,2.8285980224609375,0.0035762786865234375,2.4018287658691406,2.381,3145728,1.1174877442273536,192,chatcmpl-9641b8ff-b396-4374-9346-ed84d9086bba-8f498fb1,"nixl_xfer_handle(0x5af9a3dacf80, released=False)",decode,0,0,452715,2,d61968e8-e4aa-43a2-8ca8-85b623ffd1e5_dp0,0,nixl_start_time
1780280888.5771997,1780280888.6124346,35.235,1780280888.6124911,0.05650520324707031,137258538866,137258.538866,1780280888.5771997,35.291433334350586,0.0057220458984375,20.290613174438477,20.255,78643200,2.2319625372498932,4800,chatcmpl-4ba86720-deb1-4bff-a3ce-52b3962a708b-b15b3915,"nixl_xfer_handle(0x556359a5e290, released=False)",decode,1,0,452712,50,d61968e8-e4aa-43a2-8ca8-85b623ffd1e5_dp1,0,nixl_start_time
1780280888.6011856,1780280888.6022127,1.027,1780280888.602224,0.011444091796875,137258562852,137258.562852,1780280888.6011856,1.0385513305664062,0.00476837158203125,0.6499290466308594,0.629,1572864,1.5315131450827653,48,chatcmpl-ebbcc083-e73e-4da0-922f-8530c8ea916a-87a5de16,"nixl_xfer_handle(0x5af9a3dacf80, released=False)",decode,0,0,452715,1,d61968e8-e4aa-43a2-8ca8-85b623ffd1e5_dp0,0,nixl_start_time
1780280888.6247628,1780280888.6280048,3.242,1780280888.6282632,0.25844573974609375,137258586429,137258.586429,1780280888.6247628,3.5004615783691406,0.00476837158203125,3.2634735107421875,3.242,7864320,2.4257618753855645,480,chatcmpl-6728b63d-3aa4-472f-91f4-00c5bccea91a-b0c8943c,"nixl_xfer_handle(0x556359a5e290, released=False)",decode,1,0,452712,5,d61968e8-e4aa-43a2-8ca8-85b623ffd1e5_dp1,0,nixl_start_time
1780280888.7100155,1780280888.7387195,28.704,1780280888.7387602,0.04076957702636719,137258671682,137258.671682,1780280888.7100155,28.74469757080078,0.0045299530029296875,5.610227584838867,5.586,58195968,2.0274515050167223,3552,chatcmpl-8e409761-03fa-4196-9ade-965272887644-97b13161,"nixl_xfer_handle(0x556359a5e290, released=False)",decode,1,0,452712,37,d61968e8-e4aa-43a2-8ca8-85b623ffd1e5_dp0,0,nixl_start_time
1780280888.7220526,1780280888.7245965,2.544,1780280888.7250087,0.41222572326660156,137258683719,137258.683719,1780280888.7220526,2.9561519622802734,0.0045299530029296875,2.562999725341797,2.544,3145728,1.2365283018867925,192,chatcmpl-a8cdfd80-d78b-4b20-9afa-c5c275a9f341-b6517e0c,"nixl_xfer_handle(0x5af9a3dacf80, released=False)",decode,0,0,452715,2,d61968e8-e4aa-43a2-8ca8-85b623ffd1e5_dp0,0,nixl_start_time
1780280888.7351396,1780280888.7467966,11.657,1780280888.7468443,0.0476837158203125,137258696806,137258.696806,1780280888.7351396,11.704683303833008,0.0050067901611328125,3.316164016723633,3.293,22020096,1.8890019730633953,1344,chatcmpl-ac1a17b0-90b4-4e5c-bad1-ddf5b78ea406-bf8d2031,"nixl_xfer_handle(0x556359b46760, released=False)",decode,1,0,452712,14,d61968e8-e4aa-43a2-8ca8-85b623ffd1e5_dp1,0,nixl_start_time
1780280888.8684716,1780280888.8929327,24.461,1780280888.8929517,0.019073486328125,137258830138,137258.830138,1780280888.8684716,24.480104446411133,0.0057220458984375,5.182504653930664,5.162,62914560,2.572035485057847,3840,chatcmpl-a93d3174-f70c-4abc-b9f7-c3dbe1ec3554-97222224,"nixl_xfer_handle(0x556359b46760, released=False)",decode,1,0,452712,40,d61968e8-e4aa-43a2-8ca8-85b623ffd1e5_dp1,0,nixl_start_time
1780280888.9170988,1780280888.9184468,1.348,1780280888.9187002,0.25343894958496094,137258878765,137258.878765,1780280888.9170988,1.6014575958251953,0.0045299530029296875,1.3675689697265625,1.348,3145728,2.333626112759644,192,chatcmpl-ef8aa36f-0e0b-4ab3-a2fa-cf59f3c2a4c5-af693579,"nixl_xfer_handle(0x556359b46760, released=False)",decode,1,0,452712,2,d61968e8-e4aa-43a2-8ca8-85b623ffd1e5_dp0,0,nixl_start_time
1780280889.0143616,1780280889.0182135,3.852,1780280889.0182266,0.013113021850585938,137258976028,137258.976028,1780280889.0143616,3.8650035858154297,0.00476837158203125,3.4415721893310547,3.419,4718592,1.2249719626168225,288,chatcmpl-062d10cd-11f6-44c9-babe-f3551b3d8646-84477ac6,"nixl_xfer_handle(0x5af9a3dacf80, released=False)",decode,0,0,452715,3,d61968e8-e4aa-43a2-8ca8-85b623ffd1e5_dp1,0,nixl_start_time
1780280889.1598678,1780280889.1626048,2.7369999999999997,1780280889.1628752,0.2703666687011719,137259121534,137259.121534,1780280889.1598678,3.0074119567871094,0.0054836273193359375,2.760171890258789,2.737,6291456,2.298668615272196,384,chatcmpl-0b43eef5-8962-4ef8-b17c-8ed53de1da6c-85db0de0,"nixl_xfer_handle(0x556359b46760, released=False)",decode,1,0,452712,4,d61968e8-e4aa-43a2-8ca8-85b623ffd1e5_dp0,0,nixl_start_time
1780280889.2329535,1780280889.2371964,4.243,1780280889.2375534,0.35691261291503906,137259194620,137259.19462,1780280889.2329535,4.599809646606445,0.0040531158447265625,4.263401031494141,4.243,6291456,1.4827848220598634,384,chatcmpl-6be38a19-98a0-45c8-a020-8ea65eedfd96-ade6403d,"nixl_xfer_handle(0x5af9a3dacf80, released=False)",decode,0,0,452715,4,d61968e8-e4aa-43a2-8ca8-85b623ffd1e5_dp1,0,nixl_start_time
1780280889.3675086,1780280889.3695977,2.089,1780280889.3699844,0.3867149353027344,137259329175,137259.329175,1780280889.3675086,2.475738525390625,0.0045299530029296875,2.108335494995117,2.089,3145728,1.5058535184298707,192,chatcmpl-7bfdd73c-937d-4f18-b7fa-5590e1f32c61-88f7a044,"nixl_xfer_handle(0x5af9a3dacf80, released=False)",decode,0,0,452715,2,d61968e8-e4aa-43a2-8ca8-85b623ffd1e5_dp1,0,nixl_start_time
1780280889.3675616,1780280889.3797066,12.145,1780280889.3797498,0.04315376281738281,137259329228,137259.329228,1780280889.3675616,12.188196182250977,0.0045299530029296875,3.4186840057373047,3.399,22020096,1.813099711815562,1344,chatcmpl-0de9a60a-6ae3-41c9-bc48-6850d4d29219-bea6f898,"nixl_xfer_handle(0x556359b46760, released=False)",decode,1,0,452712,14,d61968e8-e4aa-43a2-8ca8-85b623ffd1e5_dp0,0,nixl_start_time
1780280889.4043877,1780280889.4057398,1.3519999999999999,1780280889.405993,0.2532005310058594,137259366054,137259.366054,1780280889.4043877,1.6052722930908203,0.0045299530029296875,1.3725757598876953,1.352,3145728,2.3267218934911247,192,chatcmpl-dc0cc468-fd40-425f-9d08-37b2aae5b9f1-91674032,"nixl_xfer_handle(0x556359b46760, released=False)",decode,1,0,452712,2,d61968e8-e4aa-43a2-8ca8-85b623ffd1e5_dp0,0,nixl_start_time
1780280889.4163616,1780280889.4182975,1.936,1780280889.4186604,0.3628730773925781,137259378028,137259.378028,1780280889.4163616,2.2988319396972656,0.003337860107421875,1.955270767211914,1.936,3145728,1.6248595041322316,192,chatcmpl-1b008403-0869-4dfe-accd-5c6e56bc2da6-9b08b454,"nixl_xfer_handle(0x5af9a3dacf80, released=False)",decode,0,0,452715,2,d61968e8-e4aa-43a2-8ca8-85b623ffd1e5_dp1,0,nixl_start_time
1780280889.5013816,1780280889.5144007,13.019,1780280889.5144198,0.019073486328125,137259463048,137259.463048,1780280889.5013816,13.038158416748047,0.0050067901611328125,5.65028190612793,5.629,7864320,0.6040648283278286,480,chatcmpl-2e3ce364-3772-4467-a65f-b97dba26177b-aa003501,"nixl_xfer_handle(0x5af9a3dacf80, released=False)",decode,0,0,452715,5,d61968e8-e4aa-43a2-8ca8-85b623ffd1e5_dp1,0,nixl_start_time
1780280889.5499487,1780280889.5525057,2.557,1780280889.5527716,0.2658367156982422,137259511615,137259.511615,1780280889.5499487,2.8228759765625,0.0050067901611328125,2.5794506072998047,2.557,6291456,2.4604833789597187,384,chatcmpl-84ce21da-166a-47b1-8245-88872b40a46b-8884f267,"nixl_xfer_handle(0x556359b46760, released=False)",decode,1,0,452712,4,d61968e8-e4aa-43a2-8ca8-85b623ffd1e5_dp0,0,nixl_start_time
1780280889.5623646,1780280889.5654566,3.092,1780280889.565861,0.40435791015625,137259524031,137259.524031,1780280889.5623646,3.496408462524414,0.005245208740234375,3.112316131591797,3.092,4718592,1.52606468305304,288,chatcmpl-3698a68f-d3f7-449e-a735-ad433c4d1e22-8e678e73,"nixl_xfer_handle(0x5af9a3dacf80, released=False)",decode,0,0,452715,3,d61968e8-e4aa-43a2-8ca8-85b623ffd1e5_dp1,0,nixl_start_time
1780280889.6723986,1780280889.6963995,24.001,1780280889.6964166,0.0171661376953125,137259634065,137259.634065,1780280889.6723986,24.018049240112305,0.0059604644775390625,5.129575729370117,5.107,61341696,2.555797508437148,3744,chatcmpl-3235e793-bc3b-487f-a80c-b6979a54663b-989aca7e,"nixl_xfer_handle(0x5af9a3dacf80, released=False)",decode,0,0,452715,39,d61968e8-e4aa-43a2-8ca8-85b623ffd1e5_dp0,0,nixl_start_time
1780280889.6841607,1780280889.6861317,1.971,1780280889.686408,0.27632713317871094,137259645827,137259.645827,1780280889.6841607,2.247333526611328,0.00476837158203125,1.9927024841308594,1.971,4718592,2.394009132420091,288,chatcmpl-92a271e2-0005-457d-978e-31b904d41729-a9fd5a4c,"nixl_xfer_handle(0x556359b46760, released=False)",decode,1,0,452712,3,d61968e8-e4aa-43a2-8ca8-85b623ffd1e5_dp1,0,nixl_start_time
1780280889.7085037,1780280889.7130947,4.590999999999999,1780280889.7134929,0.3981590270996094,137259670170,137259.67017,1780280889.7085037,4.989147186279297,0.0035762786865234375,4.610776901245117,4.591,7864320,1.7129862774994558,480,chatcmpl-cd687bae-de7b-4487-992d-7bfe70ff39cb-af4f783a,"nixl_xfer_handle(0x5af9a3d6cf20, released=False)",decode,0,0,452715,5,d61968e8-e4aa-43a2-8ca8-85b623ffd1e5_dp0,0,nixl_start_time
1780280889.8308017,1780280889.8572626,26.461,1780280889.8572767,0.014066696166992188,137259792468,137259.792468,1780280889.8308017,26.474952697753906,0.0054836273193359375,4.713535308837891,4.693,51904512,1.9615476361437587,3168,chatcmpl-12588815-0f1d-4681-88bd-3743dbc4cd86-8d07e1a6,"nixl_xfer_handle(0x556359b46760, released=False)",decode,1,0,452712,33,d61968e8-e4aa-43a2-8ca8-85b623ffd1e5_dp1,0,nixl_start_time
1780280889.8549347,1780280889.8569977,2.063,1780280889.8572958,0.2980232238769531,137259816601,137259.816601,1780280889.8549347,2.3610591888427734,0.0045299530029296875,2.0875930786132812,2.063,4718592,2.287247697527872,288,chatcmpl-e15a808f-28d7-45d7-9f14-5f3b545f47fc-8521f6c6,"nixl_xfer_handle(0x556359a5e290, released=False)",decode,1,0,452712,3,d61968e8-e4aa-43a2-8ca8-85b623ffd1e5_dp0,0,nixl_start_time
1780280889.8549936,1780280889.8594227,4.428999999999999,1780280889.859772,0.34928321838378906,137259816660,137259.81666,1780280889.8549936,4.778385162353516,0.003814697265625,4.449129104614258,4.429,6291456,1.4205138857529918,384,chatcmpl-a2202b7f-da8f-42d8-8461-dd5573789b7c-87aa88ca,"nixl_xfer_handle(0x5af9a3d6cf20, released=False)",decode,0,0,452715,4,d61968e8-e4aa-43a2-8ca8-85b623ffd1e5_dp1,0,nixl_start_time
1780280889.8672497,1780280889.8686378,1.388,1780280889.8688986,0.2608299255371094,137259828916,137259.828916,1780280889.8672497,1.6489028930664062,0.0054836273193359375,1.4121532440185547,1.388,3145728,2.2663746397694524,192,chatcmpl-e415bcc6-63e8-4d0e-adb7-ada8b2195780-81db7c11,"nixl_xfer_handle(0x556359a5e290, released=False)",decode,1,0,452712,2,d61968e8-e4aa-43a2-8ca8-85b623ffd1e5_dp0,0,nixl_start_time
1780280889.9528327,1780280889.9809778,28.145,1780280889.9810016,0.02384185791015625,137259914499,137259.914499,1780280889.9528327,28.168916702270508,0.0054836273193359375,5.778789520263672,5.757,67633152,2.4030254752176234,4128,chatcmpl-ab8d269d-a049-4195-ad63-6931a3bd51bd-b1684ce9,"nixl_xfer_handle(0x5af9a3d6cf20, released=False)",decode,0,0,452715,43,d61968e8-e4aa-43a2-8ca8-85b623ffd1e5_dp1,0,nixl_start_time
1780280889.9769957,1780280889.9784448,1.449,1780280889.9787023,0.2574920654296875,137259938662,137259.938662,1780280889.9769957,1.7066001892089844,0.005245208740234375,1.4693737030029297,1.449,3145728,2.1709648033126294,192,chatcmpl-1621609e-6f65-4f7e-945c-107e360f5623-844ad877,"nixl_xfer_handle(0x556359a5e290, released=False)",decode,1,0,452712,2,d61968e8-e4aa-43a2-8ca8-85b623ffd1e5_dp0,0,nixl_start_time
1780280889.9771388,1780280889.9890988,11.96,1780280889.9891224,0.023603439331054688,137259938805,137259.938805,1780280889.9771388,11.983633041381836,0.005245208740234375,3.4058094024658203,3.387,23592960,1.9726555183946488,1440,chatcmpl-bcd60cc1-71a8-4824-9fab-17cd93860fb3-a5d8f863,"nixl_xfer_handle(0x5af9a3e6ab90, released=False)",decode,0,0,452715,15,d61968e8-e4aa-43a2-8ca8-85b623ffd1e5_dp0,0,nixl_start_time
1780280890.0254877,1780280890.0268598,1.3719999999999999,1780280890.0271873,0.3275871276855469,137259987154,137259.987154,1780280890.0254877,1.699686050415039,0.004291534423828125,1.3957023620605469,1.372,3145728,2.292804664723032,192,chatcmpl-bbbcb8bd-39b9-49c8-99cd-90d9bf7b9fc7-844123ed,"nixl_xfer_handle(0x556359a5e290, released=False)",decode,1,0,452712,2,d61968e8-e4aa-43a2-8ca8-85b623ffd1e5_dp1,0,nixl_start_time
1780280890.1740427,1780280890.2079058,33.863,1780280890.207924,0.01811981201171875,137260135709,137260.135709,1780280890.1740427,33.881187438964844,0.005245208740234375,19.257307052612305,19.222,75497472,2.229497445589582,4608,chatcmpl-b8d13474-6c48-47c2-b311-7e6039694e85-adb98791,"nixl_xfer_handle(0x556359a5e290, released=False)",decode,1,0,452712,48,d61968e8-e4aa-43a2-8ca8-85b623ffd1e5_dp0,0,nixl_start_time
1780280890.2079437,1780280890.2200778,12.134,1780280890.2200956,0.017881393432617188,137260169610,137260.16961,1780280890.2079437,12.151956558227539,0.003814697265625,3.7550926208496094,3.737,28311552,2.333241470248887,1728,chatcmpl-dbb56b23-70ab-4eaa-9be4-cda3b3f3d20b-8c9afef7,"nixl_xfer_handle(0x5af9a3e6ab90, released=False)",decode,0,0,452715,18,d61968e8-e4aa-43a2-8ca8-85b623ffd1e5_dp0,0,nixl_start_time
1780280890.3061376,1780280890.3083026,2.165,1780280890.3087223,0.41961669921875,137260267804,137260.267804,1780280890.3061376,2.584695816040039,0.003814697265625,2.184629440307617,2.165,3145728,1.4529921478060048,192,chatcmpl-5d16b16b-1802-4004-932c-5ed2af7d0691-85973198,"nixl_xfer_handle(0x5af9a3e6ab90, released=False)",decode,0,0,452715,2,d61968e8-e4aa-43a2-8ca8-85b623ffd1e5_dp1,0,nixl_start_time
1780280890.3179348,1780280890.3193457,1.411,1780280890.3196082,0.2624988555908203,137260279601,137260.279601,1780280890.3179348,1.6734600067138672,0.0050067901611328125,1.4324188232421875,1.411,3145728,2.2294316087880937,192,chatcmpl-82be8a23-75f9-44ed-8812-3d1a8da91f1a-9480af89,"nixl_xfer_handle(0x556359a5e290, released=False)",decode,1,0,452712,2,d61968e8-e4aa-43a2-8ca8-85b623ffd1e5_dp0,0,nixl_start_time
1780280890.4281576,1780280890.4404826,12.325,1780280890.4405007,0.01811981201171875,137260389824,137260.389824,1780280890.4281576,12.343168258666992,0.004291534423828125,3.370523452758789,3.351,22020096,1.786620365111562,1344,chatcmpl-1a8b7fc2-3798-432d-8075-eef65a61af26-85041987,"nixl_xfer_handle(0x5af9a3e6ab90, released=False)",decode,0,0,452715,14,d61968e8-e4aa-43a2-8ca8-85b623ffd1e5_dp0,0,nixl_start_time
1780280890.4402456,1780280890.4416425,1.397,1780280890.4419093,0.26679039001464844,137260401912,137260.401912,1780280890.4402456,1.6636848449707031,0.0045299530029296875,1.4178752899169922,1.397,3145728,2.2517738010021473,192,chatcmpl-2516e22a-6671-4777-9d8a-9a1c3512df2a-86283a44,"nixl_xfer_handle(0x556359a5e290, released=False)",decode,1,0,452712,2,d61968e8-e4aa-43a2-8ca8-85b623ffd1e5_dp1,0,nixl_start_time
1780280890.4526386,1780280890.4547887,2.15,1780280890.4551864,0.39768218994140625,137260414305,137260.414305,1780280890.4526386,2.547740936279297,0.004291534423828125,2.1712779998779297,2.15,3145728,1.4631293023255814,192,chatcmpl-bd38feb6-ce6d-448f-8d44-b72a03b08da5-bc23d211,"nixl_xfer_handle(0x5af9a3d7d5a0, released=False)",decode,0,0,452715,2,d61968e8-e4aa-43a2-8ca8-85b623ffd1e5_dp0,0,nixl_start_time
1780280890.5390546,1780280890.5738366,34.782000000000004,1780280890.5738883,0.05173683166503906,137260500721,137260.500721,1780280890.5390546,34.833669662475586,0.006198883056640625,19.260168075561523,19.224,75497472,2.170590305330343,4608,chatcmpl-b5bdfbce-8251-4500-8593-8eb0785de283-9c6601cc,"nixl_xfer_handle(0x556359a5e290, released=False)",decode,1,0,452712,48,d61968e8-e4aa-43a2-8ca8-85b623ffd1e5_dp1,0,nixl_start_time
1780280890.5615487,1780280890.5641577,2.609,1780280890.5641704,0.012636184692382812,137260523215,137260.523215,1780280890.5615487,2.6216506958007812,0.0040531158447265625,2.1278858184814453,2.108,3145728,1.2057217324645457,192,chatcmpl-f9d5144c-6473-47a0-8417-91e00a895a44-99ab74a2,"nixl_xfer_handle(0x5af9a3d7d5a0, released=False)",decode,0,0,452715,2,d61968e8-e4aa-43a2-8ca8-85b623ffd1e5_dp0,0,nixl_start_time
1780280890.5731688,1780280890.5735877,0.419,1780280890.573907,0.3192424774169922,137260534835,137260.534835,1780280890.5731688,0.7381439208984375,0.0026226043701171875,0.43582916259765625,0.419,1572864,3.7538520286396184,48,chatcmpl-fb440619-8707-4998-b77d-c8881965c9d4-bbbaf9a5,"nixl_xfer_handle(0x556359b46760, released=False)",decode,1,0,452712,1,d61968e8-e4aa-43a2-8ca8-85b623ffd1e5_dp1,0,nixl_start_time
1780280890.5733306,1780280890.5984507,25.12,1780280890.5984683,0.017642974853515625,137260534997,137260.534997,1780280890.5733306,25.137662887573242,0.00476837158203125,4.370689392089844,4.353,44040192,1.7531923566878982,2688,chatcmpl-3903ceb2-fa97-441b-bbe1-dd60258f32ad-baaf3fe4,"nixl_xfer_handle(0x5af9a3d7d5a0, released=False)",decode,0,0,452715,28,d61968e8-e4aa-43a2-8ca8-85b623ffd1e5_dp1,0,nixl_start_time
1780280890.5856757,1780280890.5870566,1.381,1780280890.5873177,0.26106834411621094,137260547342,137260.547342,1780280890.5856757,1.641988754272461,0.00286102294921875,1.399993896484375,1.381,3145728,2.2778624185372913,192,chatcmpl-29c332c0-baf3-477c-8ec5-110a5ef4e880-8661b2cb,"nixl_xfer_handle(0x556359b46760, released=False)",decode,1,0,452712,2,d61968e8-e4aa-43a2-8ca8-85b623ffd1e5_dp0,0,nixl_start_time
1780280890.6606557,1780280890.6965077,35.852000000000004,1780280890.6965191,0.011444091796875,137260622322,137260.622322,1780280890.6606557,35.863399505615234,0.0064373016357421875,18.66912841796875,18.633,80216064,2.2374222916434228,4896,chatcmpl-5ad16ebd-190d-43fa-ab5c-5ad21d776e6b-b247000d,"nixl_xfer_handle(0x5af9a3d7d5a0, released=False)",decode,0,0,452715,51,d61968e8-e4aa-43a2-8ca8-85b623ffd1e5_dp1,0,nixl_start_time
1780280890.6941586,1780280890.6965415,2.383,1780280890.6965482,0.00667572021484375,137260655825,137260.655825,1780280890.6941586,2.389669418334961,0.003337860107421875,2.0165443420410156,1.998,3145728,1.3200704993705414,192,chatcmpl-eae30107-c6a5-45b1-9d87-e43d6e0ade9d-a9eec591,"nixl_xfer_handle(0x5af9a3d6cf20, released=False)",decode,0,0,452715,2,d61968e8-e4aa-43a2-8ca8-85b623ffd1e5_dp1,0,nixl_start_time
1780280890.6942246,1780280890.7071795,12.955,1780280890.7071993,0.019788742065429688,137260655891,137260.655891,1780280890.6942246,12.974739074707031,0.00476837158203125,2.6702880859375,2.653,17301504,1.3355078348128135,1056,chatcmpl-1d58fdeb-5605-487c-8401-6b66395a2f40-a29e9020,"nixl_xfer_handle(0x556359b46760, released=False)",decode,1,0,452712,11,d61968e8-e4aa-43a2-8ca8-85b623ffd1e5_dp0,0,nixl_start_time
1780280890.7205937,1780280890.7320776,11.484,1780280890.7320957,0.01811981201171875,137260682260,137260.68226,1780280890.7205937,11.50202751159668,0.0040531158447265625,3.602743148803711,3.584,26738688,2.3283427377220485,1632,chatcmpl-42b8d9ce-136e-4122-b480-523a710ae1c7-a5c166be,"nixl_xfer_handle(0x5af9a3d6cf20, released=False)",decode,0,0,452715,17,d61968e8-e4aa-43a2-8ca8-85b623ffd1e5_dp0,0,nixl_start_time
1780280890.8070977,1780280890.8319538,24.855999999999998,1780280890.8319905,0.036716461181640625,137260768764,137260.768764,1780280890.8070977,24.892807006835938,0.005245208740234375,4.561662673950195,4.542,47185920,1.8983714193756034,2880,chatcmpl-1f13218d-0cc8-43e4-a2e8-56cf61fa7ed3-99d54521,"nixl_xfer_handle(0x556359b46760, released=False)",decode,1,0,452712,30,d61968e8-e4aa-43a2-8ca8-85b623ffd1e5_dp1,0,nixl_start_time
1780280890.9818287,1780280890.9981687,16.34,1780280890.9982052,0.03647804260253906,137260943495,137260.943495,1780280890.9818287,16.376495361328125,0.005245208740234375,3.900289535522461,3.881,29884416,1.8289116279069766,1824,chatcmpl-50f40219-90f2-48e9-934d-5cbd6fb2c938-a605be6b,"nixl_xfer_handle(0x5af9a3d6cf20, released=False)",decode,0,0,452715,19,d61968e8-e4aa-43a2-8ca8-85b623ffd1e5_dp0,0,nixl_start_time
1780280890.9941428,1780280891.0065398,12.397,1780280891.0065582,0.018358230590820312,137260955809,137260.955809,1780280890.9941428,12.415409088134766,0.004291534423828125,3.626108169555664,3.608,25165824,2.029993062837783,1536,chatcmpl-275d4917-7270-4f58-8cb9-8ec076b60fb5-80e8ad71,"nixl_xfer_handle(0x5af9a3d7d5a0, released=False)",decode,0,0,452715,16,d61968e8-e4aa-43a2-8ca8-85b623ffd1e5_dp1,0,nixl_start_time
1780280891.0190217,1780280891.0233676,4.346,1780280891.023757,0.38933753967285156,137260980688,137260.980688,1780280891.0190217,4.735231399536133,0.00476837158203125,4.365444183349609,4.346,6291456,1.4476428900138059,384,chatcmpl-0fc7e6ec-66ef-4d8c-a573-5490672ef036-abf102fa,"nixl_xfer_handle(0x5af9a3d7d5a0, released=False)",decode,0,0,452715,4,d61968e8-e4aa-43a2-8ca8-85b623ffd1e5_dp0,0,nixl_start_time
1780280891.0316427,1780280891.0330327,1.39,1780280891.0332954,0.2627372741699219,137260993309,137260.993309,1780280891.0316427,1.6527175903320312,0.00476837158203125,1.4095306396484375,1.39,3145728,2.263113669064748,192,chatcmpl-36751577-2af1-4c3b-a6b9-81249dc9e201-ab42f525,"nixl_xfer_handle(0x556359b46760, released=False)",decode,1,0,452712,2,d61968e8-e4aa-43a2-8ca8-85b623ffd1e5_dp1,0,nixl_start_time
1780280891.0316446,1780280891.0339546,2.31,1780280891.0343058,0.35119056701660156,137260993311,137260.993311,1780280891.0316446,2.6612281799316406,0.005245208740234375,2.3300647735595703,2.31,3145728,1.361787012987013,192,chatcmpl-41c0c00e-9043-49e1-836e-674c7ebeb160-bb815158,"nixl_xfer_handle(0x5af9a3d7d5a0, released=False)",decode,0,0,452715,2,d61968e8-e4aa-43a2-8ca8-85b623ffd1e5_dp1,0,nixl_start_time
1780280891.0438187,1780280891.0462558,2.437,1780280891.0462961,0.04029273986816406,137261005485,137261.005485,1780280891.0438187,2.477407455444336,0.0040531158447265625,2.1924972534179688,2.167,4718592,1.9362297907263029,288,chatcmpl-a57efaef-270a-4385-acc6-a9ad4a319b21-be39a527,"nixl_xfer_handle(0x556359b46760, released=False)",decode,1,0,452712,3,d61968e8-e4aa-43a2-8ca8-85b623ffd1e5_dp0,0,nixl_start_time
1780280891.2683167,1780280891.2824337,14.116999999999999,1780280891.282454,0.020265579223632812,137261229983,137261.229983,1780280891.2683167,14.13726806640625,0.0045299530029296875,10.31804084777832,10.292,14155776,1.0027467592264647,864,chatcmpl-ebaa2eaf-3495-4f8a-9740-1fddb4a4650c-8609fb18,"nixl_xfer_handle(0x5af9a3d7d5a0, released=False)",decode,0,0,452715,9,d61968e8-e4aa-43a2-8ca8-85b623ffd1e5_dp0,0,nixl_start_time
1780280891.2939796,1780280891.3193347,25.355,1780280891.3194017,0.06699562072753906,137261255646,137261.255646,1780280891.2939796,25.422096252441406,0.005245208740234375,4.734992980957031,4.712,50331648,1.985077815026622,3072,chatcmpl-8c87f702-4fe7-4073-9c12-1e6c4fe39283-906b21d9,"nixl_xfer_handle(0x556359b46760, released=False)",decode,1,0,452712,32,d61968e8-e4aa-43a2-8ca8-85b623ffd1e5_dp1,0,nixl_start_time
1780280891.3186867,1780280891.3190887,0.402,1780280891.31942,0.3314018249511719,137261280353,137261.280353,1780280891.3186867,0.7333755493164062,0.0030994415283203125,0.4184246063232422,0.402,1572864,3.9125970149253733,48,chatcmpl-05016c2d-a87e-48d8-aaf4-788de3eb797d-8b5aa626,"nixl_xfer_handle(0x556359a5e290, released=False)",decode,1,0,452712,1,d61968e8-e4aa-43a2-8ca8-85b623ffd1e5_dp0,0,nixl_start_time
1780280891.3815596,1780280891.3942087,12.649000000000001,1780280891.3942285,0.019788742065429688,137261343226,137261.343226,1780280891.3815596,12.668848037719727,0.0040531158447265625,3.5097599029541016,3.476,20447232,1.6165097636176773,1248,chatcmpl-d7bc0b60-db49-4830-841b-0429bd0b0b56-aa1874dd,"nixl_xfer_handle(0x5af9a3db84e0, released=False)",decode,0,0,452715,13,d61968e8-e4aa-43a2-8ca8-85b623ffd1e5_dp1,0,nixl_start_time
1780280891.5191088,1780280891.5213578,2.249,1780280891.521741,0.38313865661621094,137261480775,137261.480775,1780280891.5191088,2.63214111328125,0.0045299530029296875,2.267122268676758,2.249,3145728,1.398722987994664,192,chatcmpl-d0fe3003-5b63-4fab-bf34-32eed2cf7b26-87336690,"nixl_xfer_handle(0x5af9a3db84e0, released=False)",decode,0,0,452715,2,d61968e8-e4aa-43a2-8ca8-85b623ffd1e5_dp0,0,nixl_start_time
1780280891.5310028,1780280891.5314279,0.425,1780280891.531687,0.25916099548339844,137261492669,137261.492669,1780280891.5310028,0.6842613220214844,0.00476837158203125,0.446319580078125,0.425,1572864,3.7008564705882354,48,chatcmpl-a23b6c89-8b7a-42f3-845c-70fdb1492433-a6bd75ea,"nixl_xfer_handle(0x556359a5e290, released=False)",decode,1,0,452712,1,d61968e8-e4aa-43a2-8ca8-85b623ffd1e5_dp1,0,nixl_start_time
1780280891.6180437,1780280891.6306036,12.56,1780280891.630625,0.021457672119140625,137261579710,137261.57971,1780280891.6180437,12.581348419189453,0.004291534423828125,3.5152435302734375,3.497,23592960,1.8784203821656051,1440,chatcmpl-af91cc0a-db59-4301-a873-8e86cbc9658a-8523ccc5,"nixl_xfer_handle(0x5af9a3db84e0, released=False)",decode,0,0,452715,15,d61968e8-e4aa-43a2-8ca8-85b623ffd1e5_dp0,0,nixl_start_time
1780280891.6556346,1780280891.6679986,12.364,1780280891.6680179,0.019311904907226562,137261617301,137261.617301,1780280891.6556346,12.383222579956055,0.004291534423828125,4.037618637084961,4.018,33030144,2.671477191847299,2016,chatcmpl-57cc31b7-123b-4d52-9ee6-fda8c71ce127-99379b0a,"nixl_xfer_handle(0x5af9a418f430, released=False)",decode,0,0,452715,21,d61968e8-e4aa-43a2-8ca8-85b623ffd1e5_dp1,0,nixl_start_time
1780280891.7555666,1780280891.7679367,12.370000000000001,1780280891.7679563,0.019550323486328125,137261717233,137261.717233,1780280891.7555666,12.389659881591797,0.00476837158203125,3.0100345611572266,2.991,18874368,1.525817946645109,1152,chatcmpl-b47af739-cf4c-4ed4-b03b-56c1ee960fa2-8ac807fd,"nixl_xfer_handle(0x556359a5e290, released=False)",decode,1,0,452712,12,d61968e8-e4aa-43a2-8ca8-85b623ffd1e5_dp0,0,nixl_start_time
1780280891.7930198,1780280891.7990527,6.033,1780280891.7990656,0.012874603271484375,137261754686,137261.754686,1780280891.7930198,6.045818328857422,0.003814697265625,5.690813064575195,5.666,7864320,1.3035504724017901,480,chatcmpl-1bc9f00f-b6a6-475b-b3d7-adc90f382c65-977a6a8d,"nixl_xfer_handle(0x5af9a3d8eb10, released=False)",decode,0,0,452715,5,d61968e8-e4aa-43a2-8ca8-85b623ffd1e5_dp1,0,nixl_start_time
1780280891.8181436,1780280891.8195815,1.438,1780280891.8198738,0.2923011779785156,137261779810,137261.77981,1780280891.8181436,1.730203628540039,0.0045299530029296875,1.4576911926269531,1.438,3145728,2.187571627260083,192,chatcmpl-bc6e3c76-9092-4058-8f26-1e63e0617fbc-9583f4db,"nixl_xfer_handle(0x556359a5e290, released=False)",decode,1,0,452712,2,d61968e8-e4aa-43a2-8ca8-85b623ffd1e5_dp0,0,nixl_start_time
1780280891.8432407,1780280891.8489258,5.685,1780280891.8493602,0.4343986511230469,137261804907,137261.804907,1780280891.8432407,6.119489669799805,0.00476837158203125,5.706310272216797,5.685,7864320,1.3833456464379947,480,chatcmpl-34d56d83-3c44-4d6a-8100-efd2cd8eaedc-9295fdf8,"nixl_xfer_handle(0x5af9a3d8eb10, released=False)",decode,0,0,452715,5,d61968e8-e4aa-43a2-8ca8-85b623ffd1e5_dp1,0,nixl_start_time
1780280891.8554077,1780280891.8568046,1.397,1780280891.8570685,0.2639293670654297,137261817074,137261.817074,1780280891.8554077,1.6608238220214844,0.004291534423828125,1.4159679412841797,1.397,3145728,2.2517738010021473,192,chatcmpl-d4380068-4a17-4bea-abae-74a46cf3cca6-8a1c9439,"nixl_xfer_handle(0x556359a5e290, released=False)",decode,1,0,452712,2,d61968e8-e4aa-43a2-8ca8-85b623ffd1e5_dp0,0,nixl_start_time
1780280891.9055347,1780280891.9184887,12.954,1780280891.918508,0.019311904907226562,137261867201,137261.867201,1780280891.9055347,12.973308563232422,0.0054836273193359375,4.422664642333984,4.402,37748736,2.9140602130616027,2304,chatcmpl-a7b375b8-ac9a-4844-837c-934df7bc4b2d-a71cc17e,"nixl_xfer_handle(0x5af9a3d8eb10, released=False)",decode,0,0,452715,24,d61968e8-e4aa-43a2-8ca8-85b623ffd1e5_dp1,0,nixl_start_time
1780280891.9555898,1780280891.9680197,12.43,1780280891.968038,0.018358230590820312,137261917256,137261.917256,1780280891.9555898,12.448310852050781,0.005245208740234375,3.3490657806396484,3.328,23592960,1.8980659694288013,1440,chatcmpl-73e7718e-9934-4498-8b8c-951b68cf3106-8e0ed747,"nixl_xfer_handle(0x5af9a4184a90, released=False)",decode,0,0,452715,15,d61968e8-e4aa-43a2-8ca8-85b623ffd1e5_dp0,0,nixl_start_time
1780280892.0058427,1780280892.0091598,3.317,1780280892.0094326,0.2727508544921875,137261967509,137261.967509,1780280892.0058427,3.5898685455322266,0.0045299530029296875,3.340005874633789,3.317,7864320,2.3709134760325594,480,chatcmpl-c1d55f6a-37cf-4681-bdd8-a6127bfba159-855b9586,"nixl_xfer_handle(0x556359a5e290, released=False)",decode,1,0,452712,5,d61968e8-e4aa-43a2-8ca8-85b623ffd1e5_dp1,0,nixl_start_time
1780280892.0184298,1780280892.0206177,2.1879999999999997,1780280892.0209613,0.34356117248535156,137261980096,137261.980096,1780280892.0184298,2.5315284729003906,0.0045299530029296875,2.2058486938476562,2.188,3145728,1.4377184643510055,192,chatcmpl-7c6c036c-6d0d-417f-9391-a810da7ff9ec-a06f3801,"nixl_xfer_handle(0x5af9a4184a90, released=False)",decode,0,0,452715,2,d61968e8-e4aa-43a2-8ca8-85b623ffd1e5_dp0,0,nixl_start_time
1780280892.0560596,1780280892.0808907,24.831,1780280892.0809145,0.02384185791015625,137262017726,137262.017726,1780280892.0560596,24.85489845275879,0.00476837158203125,5.073070526123047,5.05,50331648,2.026968225202368,3072,chatcmpl-07b9f65e-972f-47f4-b73a-0c271ef9d4aa-8c4b8701,"nixl_xfer_handle(0x556359a5e290, released=False)",decode,1,0,452712,32,d61968e8-e4aa-43a2-8ca8-85b623ffd1e5_dp1,0,nixl_start_time
1780280892.1059756,1780280892.1082377,2.262,1780280892.1086109,0.3731250762939453,137262067642,137262.067642,1780280892.1059756,2.6352405548095703,0.0050067901611328125,2.2859573364257812,2.262,3145728,1.3906843501326258,192,chatcmpl-b2b54798-ac7f-4af2-9a86-0f45650aaa51-97687534,"nixl_xfer_handle(0x5af9a4184a90, released=False)",decode,0,0,452715,2,d61968e8-e4aa-43a2-8ca8-85b623ffd1e5_dp1,0,nixl_start_time
1780280892.1684105,1780280892.1810505,12.64,1780280892.181094,0.043392181396484375,137262130077,137262.130077,1780280892.1684105,12.683391571044922,0.0057220458984375,4.064798355102539,4.046,34603008,2.737579746835443,2112,chatcmpl-19ba9eea-2807-40c2-847a-a300b0563da2-afda43e6,"nixl_xfer_handle(0x5af9a4184a90, released=False)",decode,0,0,452715,22,d61968e8-e4aa-43a2-8ca8-85b623ffd1e5_dp0,0,nixl_start_time
1780280892.1808937,1780280892.1936026,12.709,1780280892.1936207,0.01811981201171875,137262142560,137262.14256,1780280892.1808937,12.727022171020508,0.004291534423828125,3.0808448791503906,3.059,18874368,1.4851182626485169,1152,chatcmpl-73e05f58-742e-41c7-974a-32b764bc6f6b-b74588fb,"nixl_xfer_handle(0x556359b3e9b0, released=False)",decode,1,0,452712,12,d61968e8-e4aa-43a2-8ca8-85b623ffd1e5_dp1,0,nixl_start_time
1780280892.1938307,1780280892.1960557,2.225,1780280892.1964128,0.3571510314941406,137262155497,137262.155497,1780280892.1938307,2.582073211669922,0.003814697265625,2.2430419921875,2.225,3145728,1.4138103370786517,192,chatcmpl-44af6fcc-82ea-404d-88e7-a9db1c468374-9cbdeae5,"nixl_xfer_handle(0x5af9a4184a90, released=False)",decode,0,0,452715,2,d61968e8-e4aa-43a2-8ca8-85b623ffd1e5_dp0,0,nixl_start_time
1780280892.2061777,1780280892.2093706,3.193,1780280892.2096286,0.2579689025878906,137262167844,137262.167844,1780280892.2061777,3.4508705139160156,0.0045299530029296875,3.216981887817383,3.193,7864320,2.462987785781397,480,chatcmpl-90784338-f0b8-41b2-97d7-0d07a3211bea-b795ed59,"nixl_xfer_handle(0x556359b3e9b0, released=False)",decode,1,0,452712,5,d61968e8-e4aa-43a2-8ca8-85b623ffd1e5_dp1,0,nixl_start_time
1780280892.2815096,1780280892.3264477,44.937999999999995,1780280892.3264744,0.026702880859375,137262243176,137262.243176,1780280892.2815096,44.96479034423828,0.0054836273193359375,15.842199325561523,15.811,70778880,1.575034046909075,4320,chatcmpl-90a9eea4-6375-4f58-b959-1e5e1ed9bd2d-9e73fb84,"nixl_xfer_handle(0x5af9a4184a90, released=False)",decode,0,0,452715,45,d61968e8-e4aa-43a2-8ca8-85b623ffd1e5_dp0,0,nixl_start_time
1780280892.3125036,1780280892.3138595,1.356,1780280892.3141146,0.2551078796386719,137262274170,137262.27417,1780280892.3125036,1.6109943389892578,0.004291534423828125,1.3751983642578125,1.356,3145728,2.319858407079646,192,chatcmpl-3da71e14-8a5b-4e3c-9813-5cbfc96dae45-aaf9d8bb,"nixl_xfer_handle(0x556359b3e9b0, released=False)",decode,1,0,452712,2,d61968e8-e4aa-43a2-8ca8-85b623ffd1e5_dp1,0,nixl_start_time
1780280892.3125308,1780280892.3265007,13.97,1780280892.3265078,0.007152557373046875,137262274197,137262.274197,1780280892.3125308,13.97705078125,0.004291534423828125,7.702827453613281,7.678,11010048,0.7881208303507516,672,chatcmpl-d0ed7cd4-32d8-471b-ae48-9e34a4431d10-87de9d4d,"nixl_xfer_handle(0x5af9a4195fe0, released=False)",decode,0,0,452715,7,d61968e8-e4aa-43a2-8ca8-85b623ffd1e5_dp1,0,nixl_start_time
1780280892.3205106,1780280892.3300495,9.539000000000001,1780280892.330068,0.018596649169921875,137262282177,137262.282177,1780280892.3205106,9.557485580444336,0.003337860107421875,5.61833381652832,5.602,26738688,2.803091309361568,1632,chatcmpl-b04274b8-5595-49a2-800f-a1a5650830a0-b174d32f,"nixl_xfer_handle(0x5af9a3d6cf20, released=False)",decode,0,0,452715,17,d61968e8-e4aa-43a2-8ca8-85b623ffd1e5_dp0,0,nixl_start_time
1780280892.3417666,1780280892.3468106,5.044,1780280892.3470676,0.2570152282714844,137262303433,137262.303433,1780280892.3417666,5.300998687744141,0.003814697265625,5.068063735961914,5.044,12582912,2.494629659000793,768,chatcmpl-8063966b-69bf-42c3-816f-b7c80370066c-bdbc3dea,"nixl_xfer_handle(0x556359b3e9b0, released=False)",decode,1,0,452712,8,d61968e8-e4aa-43a2-8ca8-85b623ffd1e5_dp0,0,nixl_start_time
1780280892.3667285,1780280892.3795805,12.852,1780280892.3795984,0.017881393432617188,137262328395,137262.328395,1780280892.3667285,12.869834899902344,0.0045299530029296875,3.008604049682617,2.991,17301504,1.3462110177404294,1056,chatcmpl-8d8a216d-59d1-4021-8e68-efd4208bcf1e-9696dce6,"nixl_xfer_handle(0x5af9a4195fe0, released=False)",decode,0,0,452715,11,d61968e8-e4aa-43a2-8ca8-85b623ffd1e5_dp0,0,nixl_start_time
1780280892.4797986,1780280892.5073056,27.507,1780280892.507324,0.018358230590820312,137262441465,137262.441465,1780280892.4797986,27.52542495727539,0.0064373016357421875,6.023168563842773,6.001,64487424,2.3444004798778493,3936,chatcmpl-5c3c84ab-fdca-4d72-b91b-512f32c42cbf-a52380e2,"nixl_xfer_handle(0x5af9a3d6cf20, released=False)",decode,0,0,452715,41,d61968e8-e4aa-43a2-8ca8-85b623ffd1e5_dp0,0,nixl_start_time
1780280892.4921277,1780280892.5170646,24.937,1780280892.5170932,0.0286102294921875,137262453794,137262.453794,1780280892.4921277,24.965524673461914,0.0057220458984375,4.547595977783203,4.528,44040192,1.7660581465292537,2688,chatcmpl-4d2d24fe-51b0-40c8-83e5-8dca75aa52fb-9a25a526,"nixl_xfer_handle(0x556359b3e9b0, released=False)",decode,1,0,452712,28,d61968e8-e4aa-43a2-8ca8-85b623ffd1e5_dp1,0,nixl_start_time
1780280892.5044916,1780280892.5171497,12.658000000000001,1780280892.5172076,0.05793571472167969,137262466158,137262.466158,1780280892.5044916,12.716054916381836,0.0045299530029296875,2.4368762969970703,2.416,3145728,0.2485169853057355,192,chatcmpl-c2556d40-c29f-4f6f-9265-e396ea1db70a-85b29e75,"nixl_xfer_handle(0x5af9a4184a90, released=False)",decode,0,0,452715,2,d61968e8-e4aa-43a2-8ca8-85b623ffd1e5_dp0,0,nixl_start_time
1780280892.6170037,1780280892.6381197,21.116,1780280892.6381383,0.018596649169921875,137262578670,137262.57867,1780280892.6170037,21.134614944458008,0.00476837158203125,5.9051513671875,5.883,7864320,0.3724341731388521,480,chatcmpl-e647ee7d-2287-4215-b88a-a633ec834de4-912a5ae6,"nixl_xfer_handle(0x5af9a4184a90, released=False)",decode,0,0,452715,5,d61968e8-e4aa-43a2-8ca8-85b623ffd1e5_dp1,0,nixl_start_time
1780280892.6172087,1780280892.6500566,32.848,1780280892.6500926,0.03600120544433594,137262578875,137262.578875,1780280892.6172087,32.88388252258301,0.0057220458984375,17.642498016357422,17.62,70778880,2.1547394057476863,4320,chatcmpl-7a807f00-f62b-4e72-b520-103f6ac3d5f0-9566fc29,"nixl_xfer_handle(0x556359b3e9b0, released=False)",decode,1,0,452712,45,d61968e8-e4aa-43a2-8ca8-85b623ffd1e5_dp0,0,nixl_start_time
1780280892.6750376,1780280892.6764066,1.369,1780280892.6766665,0.2598762512207031,137262636704,137262.636704,1780280892.6750376,1.628875732421875,0.00476837158203125,1.390218734741211,1.369,3145728,2.297829072315559,192,chatcmpl-a61260d4-a986-44b3-8aec-64aac6cb8819-a93eb97a,"nixl_xfer_handle(0x556359b3e9b0, released=False)",decode,1,0,452712,2,d61968e8-e4aa-43a2-8ca8-85b623ffd1e5_dp0,0,nixl_start_time
1780280892.6878016,1780280892.6918817,4.08,1780280892.691895,0.0133514404296875,137262649468,137262.649468,1780280892.6878016,4.093408584594727,0.0045299530029296875,3.681659698486328,3.661,4718592,1.1565176470588234,288,chatcmpl-39479a0e-07eb-4a19-bb10-ef63e227bf55-beee76ba,"nixl_xfer_handle(0x5af9a4184a90, released=False)",decode,0,0,452715,3,d61968e8-e4aa-43a2-8ca8-85b623ffd1e5_dp1,0,nixl_start_time
1780280892.7626495,1780280892.7973905,34.741,1780280892.7974124,0.02193450927734375,137262724316,137262.724316,1780280892.7626495,34.76285934448242,0.00667572021484375,19.601821899414062,19.577,77070336,2.218425952045134,4704,chatcmpl-8ae07ad7-a481-4f52-8f13-774e5057530e-a1f055d4,"nixl_xfer_handle(0x556359b3e9b0, released=False)",decode,1,0,452712,49,d61968e8-e4aa-43a2-8ca8-85b623ffd1e5_dp0,0,nixl_start_time
1780280892.8222678,1780280892.8242378,1.97,1780280892.824507,0.26917457580566406,137262783934,137262.783934,1780280892.8222678,2.239227294921875,0.005245208740234375,1.9953250885009766,1.97,4718592,2.3952243654822336,288,chatcmpl-cae027e1-7c22-41bc-87fc-312934de0752-a86ee110,"nixl_xfer_handle(0x556359b3e9b0, released=False)",decode,1,0,452712,3,d61968e8-e4aa-43a2-8ca8-85b623ffd1e5_dp0,0,nixl_start_time
1780280892.9348125,1780280892.9388297,4.0169999999999995,1780280892.938877,0.04744529724121094,137262896479,137262.896479,1780280892.9348125,4.0645599365234375,0.0035762786865234375,3.6394596099853516,3.619,4718592,1.17465571321882,288,chatcmpl-fa9ba93b-11da-4b75-9310-5c354400d886-9e9f6443,"nixl_xfer_handle(0x5af9a4184a90, released=False)",decode,0,0,452715,3,d61968e8-e4aa-43a2-8ca8-85b623ffd1e5_dp1,0,nixl_start_time
1780280893.0098708,1780280893.0372727,27.402,1780280893.037315,0.04220008850097656,137262971537,137262.971537,1780280893.0098708,27.444124221801758,0.0050067901611328125,5.358457565307617,5.338,64487424,2.353383840595577,3936,chatcmpl-46ce6564-27eb-4ad0-a74e-609e28778b61-9259bdc6,"nixl_xfer_handle(0x5af9a4184a90, released=False)",decode,0,0,452715,41,d61968e8-e4aa-43a2-8ca8-85b623ffd1e5_dp0,0,nixl_start_time
1780280893.0220625,1780280893.0225275,0.465,1780280893.022787,0.25963783264160156,137262983729,137262.983729,1780280893.0220625,0.7245540618896484,0.004291534423828125,0.48613548278808594,0.465,1572864,3.382503225806451,48,chatcmpl-f35c4419-7e53-427f-a0a8-2f3ee0bf1ab3-9807b0c7,"nixl_xfer_handle(0x556359b3e9b0, released=False)",decode,1,0,452712,1,d61968e8-e4aa-43a2-8ca8-85b623ffd1e5_dp1,0,nixl_start_time
1780280893.0345206,1780280893.0369246,2.404,1780280893.0373445,0.41985511779785156,137262996187,137262.996187,1780280893.0345206,2.8238296508789062,0.0040531158447265625,2.4232864379882812,2.404,3145728,1.3085391014975043,192,chatcmpl-4a576512-8833-467d-9b3b-a23603b5e227-856ecaa1,"nixl_xfer_handle(0x5af9a3dbfbf0, released=False)",decode,0,0,452715,2,d61968e8-e4aa-43a2-8ca8-85b623ffd1e5_dp0,0,nixl_start_time
1780280893.0842257,1780280893.0862396,2.0140000000000002,1780280893.0865188,0.2791881561279297,137263045892,137263.045892,1780280893.0842257,2.293109893798828,0.00476837158203125,2.0356178283691406,2.014,4718592,2.3428957298907642,288,chatcmpl-59a276b2-d669-439b-86af-ea64b0c4d98f-900a5885,"nixl_xfer_handle(0x556359b3e9b0, released=False)",decode,1,0,452712,3,d61968e8-e4aa-43a2-8ca8-85b623ffd1e5_dp0,0,nixl_start_time
1780280893.1594346,1780280893.1940725,34.638000000000005,1780280893.1940923,0.019788742065429688,137263121101,137263.121101,1780280893.1594346,34.65771675109863,0.0057220458984375,19.702911376953125,19.666,77070336,2.22502269184133,4704,chatcmpl-634ab65e-96b7-40f9-9ec9-ae5fe9fbc8aa-93be930a,"nixl_xfer_handle(0x556359b3e9b0, released=False)",decode,1,0,452712,49,d61968e8-e4aa-43a2-8ca8-85b623ffd1e5_dp1,0,nixl_start_time
1780280893.1829507,1780280893.1866117,3.661,1780280893.1869867,0.3750324249267578,137263144617,137263.144617,1780280893.1829507,4.03594970703125,0.004291534423828125,3.6840438842773438,3.661,4718592,1.2888806337066374,288,chatcmpl-dbeda7e4-4ecd-4539-a088-aeaaef6fa0d8-81285156,"nixl_xfer_handle(0x5af9a4184a90, released=False)",decode,0,0,452715,3,d61968e8-e4aa-43a2-8ca8-85b623ffd1e5_dp0,0,nixl_start_time
1780280893.2569616,1780280893.2819357,24.974,1780280893.2819545,0.018835067749023438,137263218628,137263.218628,1780280893.2569616,24.992942810058594,0.00476837158203125,5.370616912841797,5.351,67633152,2.7081425482501804,4128,chatcmpl-0f478a47-cdd5-4dcc-abdc-46c75db9e634-8bc47de2,"nixl_xfer_handle(0x5af9a4184a90, released=False)",decode,0,0,452715,43,d61968e8-e4aa-43a2-8ca8-85b623ffd1e5_dp1,0,nixl_start_time
1780280893.2692156,1780280893.2696416,0.426,1780280893.269901,0.2593994140625,137263230882,137263.230882,1780280893.2692156,0.6854534149169922,0.004291534423828125,0.4475116729736328,0.426,1572864,3.692169014084507,48,chatcmpl-28216d7f-e855-406e-83b7-4d4f3bf60ea4-ad2696f0,"nixl_xfer_handle(0x556359b3e9b0, released=False)",decode,1,0,452712,1,d61968e8-e4aa-43a2-8ca8-85b623ffd1e5_dp1,0,nixl_start_time
1780280893.3317566,1780280893.3337336,1.977,1780280893.3339994,0.2658367156982422,137263293423,137263.293423,1780280893.3317566,2.2428035736083984,0.0035762786865234375,1.9965171813964844,1.977,4718592,2.386743550834598,288,chatcmpl-c4cd1106-17d6-4993-94d8-5e65203498a9-843205b7,"nixl_xfer_handle(0x556359b3e9b0, released=False)",decode,1,0,452712,3,d61968e8-e4aa-43a2-8ca8-85b623ffd1e5_dp1,0,nixl_start_time
1780280893.3443756,1780280893.3464515,2.076,1780280893.3467097,0.2582073211669922,137263306042,137263.306042,1780280893.3443756,2.334117889404297,0.00476837158203125,2.0956993103027344,2.076,4718592,2.272924855491329,288,chatcmpl-19789662-6825-4a3e-ade6-23d34915ca5c-8e805638,"nixl_xfer_handle(0x556359b3e9b0, released=False)",decode,1,0,452712,3,d61968e8-e4aa-43a2-8ca8-85b623ffd1e5_dp0,0,nixl_start_time
1780280893.3693547,1780280893.3819368,12.581999999999999,1780280893.3819554,0.018596649169921875,137263331021,137263.331021,1780280893.3693547,12.60066032409668,0.022411346435546875,3.3071041107177734,3.271,22020096,1.7501268478779208,1344,chatcmpl-eb8cec7c-fab0-4762-8be3-bdb8452c4830-946b4a07,"nixl_xfer_handle(0x5af9a4184a90, released=False)",decode,0,0,452715,14,d61968e8-e4aa-43a2-8ca8-85b623ffd1e5_dp0,0,nixl_start_time
1780280893.4818666,1780280893.4832506,1.3840000000000001,1780280893.4835305,0.2799034118652344,137263443533,137263.443533,1780280893.4818666,1.6639232635498047,0.0040531158447265625,1.4050006866455078,1.384,3145728,2.272924855491329,192,chatcmpl-3740359b-a61c-4e6f-b398-54f6bfb939d5-80ba9777,"nixl_xfer_handle(0x556359b3e9b0, released=False)",decode,1,0,452712,2,d61968e8-e4aa-43a2-8ca8-85b623ffd1e5_dp1,0,nixl_start_time
1780280893.5320497,1780280893.5460606,14.011,1780280893.5460753,0.014781951904296875,137263493716,137263.493716,1780280893.5320497,14.025688171386719,0.0040531158447265625,4.270076751708984,4.252,34603008,2.4697029476839627,2112,chatcmpl-4826ace1-7c7f-4c3c-933b-ff094142429a-835af959,"nixl_xfer_handle(0x556359b3e9b0, released=False)",decode,1,0,452712,22,d61968e8-e4aa-43a2-8ca8-85b623ffd1e5_dp0,0,nixl_start_time
1780280893.5444517,1780280893.5457966,1.345,1780280893.546094,0.29730796813964844,137263506118,137263.506118,1780280893.5444517,1.6422271728515625,0.00476837158203125,1.3644695281982422,1.345,3145728,2.338831226765799,192,chatcmpl-eb734c24-eb8d-405d-a7b7-94a2ce5e2bfc-94d175c5,"nixl_xfer_handle(0x556359b46760, released=False)",decode,1,0,452712,2,d61968e8-e4aa-43a2-8ca8-85b623ffd1e5_dp1,0,nixl_start_time
1780280893.5576646,1780280893.5606887,3.024,1780280893.5607026,0.013828277587890625,137263519331,137263.519331,1780280893.5576646,3.0379295349121094,0.00476837158203125,2.5069713592529297,2.485,3145728,1.0402539682539682,192,chatcmpl-b46b3a92-5e1c-448b-a0ed-42a5e2a2a935-89fec889,"nixl_xfer_handle(0x5af9a419c240, released=False)",decode,0,0,452715,2,d61968e8-e4aa-43a2-8ca8-85b623ffd1e5_dp1,0,nixl_start_time
1780280893.5819147,1780280893.5833466,1.432,1780280893.5836084,0.2617835998535156,137263543581,137263.543581,1780280893.5819147,1.6937255859375,0.004291534423828125,1.4514923095703125,1.432,3145728,2.1967374301675977,192,chatcmpl-5e4e0baf-ec81-4c22-810f-648b21da56f9-91e357ac,"nixl_xfer_handle(0x556359b46760, released=False)",decode,1,0,452712,2,d61968e8-e4aa-43a2-8ca8-85b623ffd1e5_dp0,0,nixl_start_time
1780280893.8063116,1780280893.8396506,33.339,1780280893.8396883,0.037670135498046875,137263767978,137263.767978,1780280893.8063116,33.37669372558594,0.00476837158203125,18.157243728637695,18.117,72351744,2.1701833888239,4416,chatcmpl-9201acef-e24e-4299-8806-c1ef5c2b8521-83a286c7,"nixl_xfer_handle(0x556359b46760, released=False)",decode,1,0,452712,46,d61968e8-e4aa-43a2-8ca8-85b623ffd1e5_dp1,0,nixl_start_time
1780280893.8394566,1780280893.8401165,0.66,1780280893.8405666,0.45013427734375,137263801123,137263.801123,1780280893.8394566,1.110076904296875,0.00476837158203125,0.6823539733886719,0.66,1572864,2.3831272727272723,48,chatcmpl-a178e928-49c5-4035-be2c-e7ccdfd4fae9-86ec5ddd,"nixl_xfer_handle(0x5af9a419c240, released=False)",decode,0,0,452715,1,d61968e8-e4aa-43a2-8ca8-85b623ffd1e5_dp0,0,nixl_start_time
1780280893.9129367,1780280893.9253738,12.437,1780280893.925395,0.021219253540039062,137263874603,137263.874603,1780280893.9129367,12.458324432373047,0.004291534423828125,3.942251205444336,3.923,31457280,2.5293302243306264,1920,chatcmpl-759496df-7a44-4db5-b5ba-f1c1320cae5c-9f2fcb94,"nixl_xfer_handle(0x556359b46760, released=False)",decode,1,0,452712,20,d61968e8-e4aa-43a2-8ca8-85b623ffd1e5_dp1,0,nixl_start_time
1780280894.0118146,1780280894.0504656,38.650999999999996,1780280894.0505097,0.04410743713378906,137263973481,137263.973481,1780280894.0118146,38.69509696960449,0.0050067901611328125,17.874956130981445,17.852,78643200,2.0347002664872837,4800,chatcmpl-d8fa5b80-e16a-4b62-87b1-f5c678d79c4e-bd7d75fe,"nixl_xfer_handle(0x5af9a419c240, released=False)",decode,0,0,452715,50,d61968e8-e4aa-43a2-8ca8-85b623ffd1e5_dp0,0,nixl_start_time
1780280894.0444057,1780280894.0501087,5.702999999999999,1780280894.0505285,0.41985511779785156,137264006072,137264.006072,1780280894.0444057,6.122827529907227,0.0045299530029296875,5.723237991333008,5.703,7864320,1.378979484481852,480,chatcmpl-2d669db0-f1ce-4133-8f95-d2b9dd94753b-b6eb1a6d,"nixl_xfer_handle(0x5af9a4198ca0, released=False)",decode,0,0,452715,5,d61968e8-e4aa-43a2-8ca8-85b623ffd1e5_dp0,0,nixl_start_time
1780280894.0445607,1780280894.0694506,24.89,1780280894.0694757,0.025033950805664062,137264006227,137264.006227,1780280894.0445607,24.914979934692383,0.0045299530029296875,4.39763069152832,4.378,39321600,1.579815186822017,2400,chatcmpl-2f5eda3a-4c48-407b-a8b9-07aefe93c218-b0db8c48,"nixl_xfer_handle(0x556359b46760, released=False)",decode,1,0,452712,25,d61968e8-e4aa-43a2-8ca8-85b623ffd1e5_dp1,0,nixl_start_time
1780280894.0937686,1780280894.0964277,2.659,1780280894.0966856,0.2579689025878906,137264055435,137264.055435,1780280894.0937686,2.917051315307617,0.0035762786865234375,2.6810169219970703,2.659,6291456,2.366098533283189,384,chatcmpl-462089bb-0273-4d5e-9c3e-85e3c17a865a-a3af67c5,"nixl_xfer_handle(0x556359b46760, released=False)",decode,1,0,452712,4,d61968e8-e4aa-43a2-8ca8-85b623ffd1e5_dp0,0,nixl_start_time
1780280894.0938725,1780280894.1061926,12.319999999999999,1780280894.1062129,0.020265579223632812,137264055539,137264.055539,1780280894.0938725,12.340307235717773,0.003814697265625,3.1244754791259766,3.107,18874368,1.5320103896103896,1152,chatcmpl-fde85f53-fa0d-4f6a-ad44-d611425c705b-860dd00b,"nixl_xfer_handle(0x5af9a419c240, released=False)",decode,0,0,452715,12,d61968e8-e4aa-43a2-8ca8-85b623ffd1e5_dp1,0,nixl_start_time
1780280894.1184516,1780280894.1223516,3.9,1780280894.1226091,0.2574920654296875,137264080118,137264.080118,1780280894.1184516,4.157543182373047,0.0045299530029296875,3.9222240447998047,3.9,9437184,2.419790769230769,576,chatcmpl-0304c38c-4ba4-4ad8-8e3d-f3c7721fc861-8f80f5e5,"nixl_xfer_handle(0x556359b46760, released=False)",decode,1,0,452712,6,d61968e8-e4aa-43a2-8ca8-85b623ffd1e5_dp0,0,nixl_start_time
1780280894.2177136,1780280894.2528887,35.175,1780280894.252909,0.020265579223632812,137264179380,137264.17938,1780280894.2177136,35.195350646972656,0.007152557373046875,20.323991775512695,20.282,78643200,2.235769722814499,4800,chatcmpl-56dab04b-db47-4b0b-9443-2f994911997e-808e544d,"nixl_xfer_handle(0x556359b46760, released=False)",decode,1,0,452712,50,d61968e8-e4aa-43a2-8ca8-85b623ffd1e5_dp1,0,nixl_start_time
1780280894.2413847,1780280894.2529378,11.553,1780280894.2529454,0.00762939453125,137264203051,137264.203051,1780280894.2413847,11.560678482055664,0.005245208740234375,3.120899200439453,3.102,18874368,1.6337200727083874,1152,chatcmpl-6a2487be-f612-437c-a71b-cf98d24afc67-83910a8f,"nixl_xfer_handle(0x556359b3e9b0, released=False)",decode,1,0,452712,12,d61968e8-e4aa-43a2-8ca8-85b623ffd1e5_dp0,0,nixl_start_time
1780280894.2528846,1780280894.2657995,12.915,1780280894.2658198,0.020265579223632812,137264214551,137264.214551,1780280894.2528846,12.935161590576172,0.0045299530029296875,3.931283950805664,3.912,31457280,2.4357166085946576,1920,chatcmpl-fc098d65-8920-45b2-9188-9cdfdedd552f-bf99f910,"nixl_xfer_handle(0x5af9a419c240, released=False)",decode,0,0,452715,20,d61968e8-e4aa-43a2-8ca8-85b623ffd1e5_dp0,0,nixl_start_time
1780280894.2903757,1780280894.2918496,1.474,1780280894.2921207,0.27108192443847656,137264252042,137264.252042,1780280894.2903757,1.744985580444336,0.0054836273193359375,1.4994144439697266,1.474,3145728,2.134143826322931,192,chatcmpl-d58a2e13-f142-4a21-929d-d3fcf5625ea3-937d62e3,"nixl_xfer_handle(0x556359b3e9b0, released=False)",decode,1,0,452712,2,d61968e8-e4aa-43a2-8ca8-85b623ffd1e5_dp1,0,nixl_start_time
1780280894.4027796,1780280894.4278955,25.116,1780280894.4279158,0.020265579223632812,137264364446,137264.364446,1780280894.4027796,25.136232376098633,0.005245208740234375,5.864858627319336,5.842,64487424,2.5675833731485906,3936,chatcmpl-91a6a779-a42d-48d6-9af4-cb3dfbd687a5-b8255530,"nixl_xfer_handle(0x556359b3e9b0, released=False)",decode,1,0,452712,41,d61968e8-e4aa-43a2-8ca8-85b623ffd1e5_dp0,0,nixl_start_time
1780280894.4152167,1780280894.4279406,12.723999999999998,1780280894.4279504,0.009775161743164062,137264376883,137264.376883,1780280894.4152167,12.733697891235352,0.005245208740234375,1.1227130889892578,1.092,3145728,0.24722791574976424,192,chatcmpl-ccb17346-bd01-442c-bcbb-d0b780312868-a1430d47,"nixl_xfer_handle(0x556359b46760, released=False)",decode,1,0,452712,2,d61968e8-e4aa-43a2-8ca8-85b623ffd1e5_dp1,0,nixl_start_time
1780280894.4277167,1780280894.4401507,12.434000000000001,1780280894.4401948,0.04410743713378906,137264389383,137264.389383,1780280894.4277167,12.478113174438477,0.0040531158447265625,5.554914474487305,5.532,7864320,0.6324851214412096,480,chatcmpl-7acf688f-561b-4dc0-b45d-73740eb4eabd-b6aead71,"nixl_xfer_handle(0x5af9a419c240, released=False)",decode,0,0,452715,5,d61968e8-e4aa-43a2-8ca8-85b623ffd1e5_dp0,0,nixl_start_time
1780280894.4525077,1780280894.4538908,1.383,1780280894.4541426,0.25177001953125,137264414174,137264.414174,1780280894.4525077,1.634836196899414,0.004291534423828125,1.4023780822753906,1.383,3145728,2.274568329718005,192,chatcmpl-f3ca2904-bf3b-40b3-a205-fa1b0ae3d468-8081928a,"nixl_xfer_handle(0x556359b46760, released=False)",decode,1,0,452712,2,d61968e8-e4aa-43a2-8ca8-85b623ffd1e5_dp0,0,nixl_start_time
1780280894.5897996,1780280894.5922596,2.46,1780280894.5926378,0.3781318664550781,137264551466,137264.551466,1780280894.5897996,2.838134765625,0.004291534423828125,2.4797916412353516,2.46,3145728,1.278751219512195,192,chatcmpl-41d9e84f-7f0d-4c56-afb3-a268703bc929-b6a419c4,"nixl_xfer_handle(0x5af9a419c240, released=False)",decode,0,0,452715,2,d61968e8-e4aa-43a2-8ca8-85b623ffd1e5_dp1,0,nixl_start_time
1780280894.7016356,1780280894.7135847,11.949,1780280894.7136064,0.021696090698242188,137264663302,137264.663302,1780280894.7016356,11.970758438110352,0.0054836273193359375,3.9119720458984375,3.89,29884416,2.500997238262616,1824,chatcmpl-8c6f77b8-3cee-4601-85be-4a86978a5191-8749b5a0,"nixl_xfer_handle(0x556359b46760, released=False)",decode,1,0,452712,19,d61968e8-e4aa-43a2-8ca8-85b623ffd1e5_dp0,0,nixl_start_time
1780280894.7381577,1780280894.7402368,2.079,1780280894.7405136,0.27680397033691406,137264699824,137264.699824,1780280894.7381577,2.355813980102539,0.0050067901611328125,2.103090286254883,2.079,4718592,2.2696450216450215,288,chatcmpl-6c803b3c-2283-4c59-9387-67e21c161edb-81b6fa7a,"nixl_xfer_handle(0x556359b46760, released=False)",decode,1,0,452712,3,d61968e8-e4aa-43a2-8ca8-85b623ffd1e5_dp1,0,nixl_start_time
1780280894.7629128,1780280894.7756836,12.770999999999999,1780280894.7757347,0.051021575927734375,137264724579,137264.724579,1780280894.7629128,12.82191276550293,0.005245208740234375,4.854917526245117,4.833,34603008,2.709498708010336,2112,chatcmpl-d7f88b75-d264-467e-bc05-4d4dfc4e0a85-a2294ca5,"nixl_xfer_handle(0x5af9a419c240, released=False)",decode,0,0,452715,22,d61968e8-e4aa-43a2-8ca8-85b623ffd1e5_dp0,0,nixl_start_time
1780280894.8858736,1780280894.8947845,8.911000000000001,1780280894.8951552,0.3707408905029297,137264847540,137264.84754,1780280894.8858736,9.281635284423828,0.0040531158447265625,8.936643600463867,8.911,11010048,1.2355569520816967,672,chatcmpl-4a81b248-faa1-4239-9288-9f86271832c4-b4f61595,"nixl_xfer_handle(0x5af9a419c240, released=False)",decode,0,0,452715,7,d61968e8-e4aa-43a2-8ca8-85b623ffd1e5_dp1,0,nixl_start_time
1780280894.9471188,1780280894.9475477,0.429,1780280894.9478054,0.25773048400878906,137264908785,137264.908785,1780280894.9471188,0.6866455078125,0.0050067901611328125,0.4496574401855469,0.429,1572864,3.6663496503496504,48,chatcmpl-025f21ff-510a-4b84-895c-bd9e9f474dcb-afd013a2,"nixl_xfer_handle(0x556359b46760, released=False)",decode,1,0,452712,1,d61968e8-e4aa-43a2-8ca8-85b623ffd1e5_dp0,0,nixl_start_time
1780280895.0713706,1780280895.0863917,15.020999999999999,1780280895.0864098,0.01811981201171875,137265033037,137265.033037,1780280895.0713706,15.039205551147461,0.005245208740234375,11.549949645996094,11.523,15728640,1.0471100459356901,960,chatcmpl-967437c2-d782-48e9-ba1d-9392192ac0f8-b8735ff8,"nixl_xfer_handle(0x5af9a419c240, released=False)",decode,0,0,452715,10,d61968e8-e4aa-43a2-8ca8-85b623ffd1e5_dp1,0,nixl_start_time
1780280895.0977986,1780280895.1012566,3.458,1780280895.1015723,0.31566619873046875,137265059465,137265.059465,1780280895.0977986,3.7736892700195312,0.0040531158447265625,3.482818603515625,3.458,7864320,2.2742394447657603,480,chatcmpl-515e09a4-7c43-437f-b35a-3176d4c1a871-b8c6439e,"nixl_xfer_handle(0x556359b46760, released=False)",decode,1,0,452712,5,d61968e8-e4aa-43a2-8ca8-85b623ffd1e5_dp0,0,nixl_start_time
1780280895.1101816,1780280895.1116195,1.438,1780280895.1118891,0.2696514129638672,137265071848,137265.071848,1780280895.1101816,1.7075538635253906,0.005245208740234375,1.4605522155761719,1.438,3145728,2.187571627260083,192,chatcmpl-45b8faac-4886-4370-90de-0bc5af921977-982c9828,"nixl_xfer_handle(0x556359b46760, released=False)",decode,1,0,452712,2,d61968e8-e4aa-43a2-8ca8-85b623ffd1e5_dp1,0,nixl_start_time
1780280895.1224046,1780280895.1262555,3.851,1780280895.1262684,0.012874603271484375,137265084071,137265.084071,1780280895.1224046,3.863811492919922,0.005245208740234375,3.433704376220703,3.413,4718592,1.2252900545312906,288,chatcmpl-094b7ffc-3bd4-4987-bf26-d16ae384875c-bae947d5,"nixl_xfer_handle(0x5af9a419c240, released=False)",decode,0,0,452715,3,d61968e8-e4aa-43a2-8ca8-85b623ffd1e5_dp0,0,nixl_start_time
1780280895.1592956,1780280895.1619675,2.6719999999999997,1780280895.162238,0.2703666687011719,137265120962,137265.120962,1780280895.1592956,2.942323684692383,0.0045299530029296875,2.692699432373047,2.672,6291456,2.354586826347305,384,chatcmpl-2fc21c43-5e53-4e69-a84e-bad1d3558681-9d22e767,"nixl_xfer_handle(0x556359b46760, released=False)",decode,1,0,452712,4,d61968e8-e4aa-43a2-8ca8-85b623ffd1e5_dp1,0,nixl_start_time
1780280895.2591867,1780280895.2598808,0.694,1780280895.2602496,0.3688335418701172,137265220853,137265.220853,1780280895.2591867,1.0628700256347656,0.0030994415283203125,0.7135868072509766,0.694,1572864,2.2663746397694524,48,chatcmpl-bd6190be-c6fe-4068-b3d8-ada5e65e0220-878a0d12,"nixl_xfer_handle(0x5af9a419c240, released=False)",decode,0,0,452715,1,d61968e8-e4aa-43a2-8ca8-85b623ffd1e5_dp1,0,nixl_start_time
1780280895.2716887,1780280895.2730708,1.382,1780280895.2733333,0.2624988555908203,137265233355,137265.233355,1780280895.2716887,1.6446113586425781,0.0045299530029296875,1.4035701751708984,1.382,3145728,2.2762141823444284,192,chatcmpl-2d80ed42-53d8-45bf-a208-5b8302175dbc-b24d600b,"nixl_xfer_handle(0x556359b46760, released=False)",decode,1,0,452712,2,d61968e8-e4aa-43a2-8ca8-85b623ffd1e5_dp0,0,nixl_start_time
1780280895.3463867,1780280895.3496938,3.307,1780280895.3499656,0.27179718017578125,137265308053,137265.308053,1780280895.3463867,3.5789012908935547,0.0054836273193359375,3.3288002014160156,3.307,7864320,2.3780828545509523,480,chatcmpl-b700e60a-50cb-4225-a37c-2a12d4bf368c-936de8ab,"nixl_xfer_handle(0x556359b46760, released=False)",decode,1,0,452712,5,d61968e8-e4aa-43a2-8ca8-85b623ffd1e5_dp0,0,nixl_start_time
1780280895.3711996,1780280895.3785477,7.348000000000001,1780280895.378562,0.01430511474609375,137265332866,137265.332866,1780280895.3711996,7.36236572265625,0.0057220458984375,6.757497787475586,6.734,9437184,1.28432008709853,576,chatcmpl-08004fd4-b9fa-4a4b-a6c4-ca7389203cdd-9ab52ffe,"nixl_xfer_handle(0x5af9a419c240, released=False)",decode,0,0,452715,6,d61968e8-e4aa-43a2-8ca8-85b623ffd1e5_dp0,0,nixl_start_time
1780280895.4087157,1780280895.4138777,5.162,1780280895.4190097,5.131959915161133,137265370382,137265.370382,1780280895.4087157,10.293960571289062,0.0040531158447265625,5.184173583984375,5.162,12582912,2.437604029445951,768,chatcmpl-7037279b-3c48-453f-8b2f-be0e8c586d8a-97c5ac70,"nixl_xfer_handle(0x556359b46760, released=False)",decode,1,0,452712,8,d61968e8-e4aa-43a2-8ca8-85b623ffd1e5_dp0,0,nixl_start_time
1780280895.4141207,1780280895.4337537,19.633000000000003,1780280895.4337797,0.025987625122070312,137265375787,137265.375787,1780280895.4141207,19.659042358398438,0.0026226043701171875,4.619359970092773,4.603,48758784,2.4835116385677174,2976,chatcmpl-3bc797dd-82f9-4f80-9c8d-40f8fe0f1625-be29760e,"nixl_xfer_handle(0x556359b3e9b0, released=False)",decode,1,0,452712,31,d61968e8-e4aa-43a2-8ca8-85b623ffd1e5_dp1,0,nixl_start_time
1780280895.4836707,1780280895.4882417,4.571000000000001,1780280895.488525,0.28324127197265625,137265445337,137265.445337,1780280895.4836707,4.8542022705078125,0.00476837158203125,4.595279693603516,4.571,11010048,2.4086738131699845,672,chatcmpl-25824893-6968-4e5d-aa2b-178c5c29145f-b2f0cc09,"nixl_xfer_handle(0x556359b3e9b0, released=False)",decode,1,0,452712,7,d61968e8-e4aa-43a2-8ca8-85b623ffd1e5_dp1,0,nixl_start_time
1780280895.4838476,1780280895.5087955,24.948,1780280895.5088482,0.05269050598144531,137265445514,137265.445514,1780280895.4838476,25.000572204589844,0.0069141387939453125,6.252288818359375,6.23,69206016,2.774010582010582,4224,chatcmpl-2ed865bc-681d-4fc8-862c-cde59226811a-8a736216,"nixl_xfer_handle(0x5af9a419c240, released=False)",decode,0,0,452715,44,d61968e8-e4aa-43a2-8ca8-85b623ffd1e5_dp0,0,nixl_start_time
1780280895.6087127,1780280895.6388397,30.127000000000002,1780280895.6388576,0.017881393432617188,137265570379,137265.570379,1780280895.6087127,30.144929885864258,0.005245208740234375,3.783702850341797,3.76,25165824,0.8353245925581705,1536,chatcmpl-d5b169a6-575f-4430-80c5-28544a73bd78-90c47057,"nixl_xfer_handle(0x5af9a419c240, released=False)",decode,0,0,452715,16,d61968e8-e4aa-43a2-8ca8-85b623ffd1e5_dp1,0,nixl_start_time
1780280895.6088858,1780280895.6550028,46.117,1780280895.6550474,0.04458427429199219,137265570552,137265.570552,1780280895.6088858,46.161651611328125,0.0054836273193359375,26.500463485717773,26.447,99090432,2.148674718650389,6048,chatcmpl-25783322-1019-46d4-bb12-1687834b33dd-91122aa2,"nixl_xfer_handle(0x556359b3e9b0, released=False)",decode,1,0,452712,63,d61968e8-e4aa-43a2-8ca8-85b623ffd1e5_dp0,0,nixl_start_time
1780280895.6505017,1780280895.6634858,12.984,1780280895.6635041,0.018358230590820312,137265612168,137265.612168,1780280895.6505017,13.002395629882812,0.004291534423828125,4.0874481201171875,4.069,33030144,2.5439112754158963,2016,chatcmpl-539a9d8d-8637-44f0-b29d-7b42be89cee0-a6a3b8f7,"nixl_xfer_handle(0x5af9a3e60780, released=False)",decode,0,0,452715,21,d61968e8-e4aa-43a2-8ca8-85b623ffd1e5_dp0,0,nixl_start_time
1780280895.6505306,1780280895.6756225,25.092,1780280895.6756465,0.024080276489257812,137265612197,137265.612197,1780280895.6505306,25.115966796875,0.0045299530029296875,4.203081130981445,4.181,42467328,1.692464849354376,2592,chatcmpl-a5c28b39-67d7-4cdd-8378-06271bb0a97e-9c4ef3c9,"nixl_xfer_handle(0x556359b46760, released=False)",decode,1,0,452712,27,d61968e8-e4aa-43a2-8ca8-85b623ffd1e5_dp1,0,nixl_start_time
1780280895.7135727,1780280895.7383308,24.758,1780280895.7384007,0.06985664367675781,137265675239,137265.675239,1780280895.7135727,24.827957153320312,0.0057220458984375,5.593299865722656,5.572,53477376,2.1600038775345345,3264,chatcmpl-4d34f960-10a9-4e59-ae8f-f3db08e7911c-ba35835d,"nixl_xfer_handle(0x5af9979cc480, released=False)",decode,0,0,452715,34,d61968e8-e4aa-43a2-8ca8-85b623ffd1e5_dp0,0,nixl_start_time
1780280895.7257967,1780280895.7272496,1.453,1780280895.7275207,0.27108192443847656,137265687463,137265.687463,1780280895.7257967,1.7240047454833984,0.00476837158203125,1.4722347259521484,1.453,3145728,2.164988300068823,192,chatcmpl-6d27def3-eadb-4732-9b7f-00388163529f-886401bb,"nixl_xfer_handle(0x556359b46760, released=False)",decode,1,0,452712,2,d61968e8-e4aa-43a2-8ca8-85b623ffd1e5_dp1,0,nixl_start_time
1780280895.7882237,1780280895.8008978,12.674,1780280895.8009157,0.017881393432617188,137265749890,137265.74989,1780280895.7882237,12.691974639892578,0.004291534423828125,3.782510757446289,3.764,28311552,2.2338292567460942,1728,chatcmpl-87a6aa6e-ea0d-4250-9d05-718fcd9fc95f-8ff5f156,"nixl_xfer_handle(0x5af97a612370, released=False)",decode,0,0,452715,18,d61968e8-e4aa-43a2-8ca8-85b623ffd1e5_dp0,0,nixl_start_time
1780280895.8884256,1780280895.9277406,39.315000000000005,1780280895.927754,0.0133514404296875,137265850092,137265.850092,1780280895.8884256,39.32833671569824,0.0064373016357421875,19.76156234741211,19.72,77070336,1.9603290347195725,4704,chatcmpl-250061db-f454-49f8-9a83-4ded7686d57b-b8280ce4,"nixl_xfer_handle(0x556359b46760, released=False)",decode,1,0,452712,49,d61968e8-e4aa-43a2-8ca8-85b623ffd1e5_dp1,0,nixl_start_time
1780280895.9232907,1780280895.9482477,24.957,1780280895.9482937,0.04601478576660156,137265884957,137265.884957,1780280895.9232907,25.00295639038086,0.0050067901611328125,4.189252853393555,4.166,37748736,1.5125510277677605,2304,chatcmpl-19af53fe-eda8-49c4-a7af-df5ce8c32108-86c5c0a3,"nixl_xfer_handle(0x556359b3e9b0, released=False)",decode,1,0,452712,24,d61968e8-e4aa-43a2-8ca8-85b623ffd1e5_dp0,0,nixl_start_time
1780280895.9861708,1780280896.0109987,24.828,1780280896.0110161,0.017404556274414062,137265947837,137265.947837,1780280895.9861708,24.845361709594727,0.00476837158203125,4.961729049682617,4.941,51904512,2.0905635572740455,3168,chatcmpl-6d7eed45-3524-4b3f-a395-257a6baec8b3-a387b08e,"nixl_xfer_handle(0x5af991314c40, released=False)",decode,0,0,452715,33,d61968e8-e4aa-43a2-8ca8-85b623ffd1e5_dp1,0,nixl_start_time
1780280896.0107706,1780280896.0142636,3.493,1780280896.0145452,0.2815723419189453,137265972437,137265.972437,1780280896.0107706,3.7746429443359375,0.0050067901611328125,3.520488739013672,3.493,7864320,2.251451474377326,480,chatcmpl-8ed45a95-f619-4779-bb53-8838ad60b861-af8e07de,"nixl_xfer_handle(0x556359b3e9b0, released=False)",decode,1,0,452712,5,d61968e8-e4aa-43a2-8ca8-85b623ffd1e5_dp0,0,nixl_start_time
1780280896.0231526,1780280896.0266175,3.4650000000000003,1780280896.027018,0.400543212890625,137265984819,137265.984819,1780280896.0231526,3.865480422973633,0.0040531158447265625,3.4856796264648438,3.465,4718592,1.3617870129870129,288,chatcmpl-c2f29fc8-b73d-4a13-81b0-843fe8365205-a9184d01,"nixl_xfer_handle(0x5af9a3dc6980, released=False)",decode,0,0,452715,3,d61968e8-e4aa-43a2-8ca8-85b623ffd1e5_dp1,0,nixl_start_time
1780280896.0358176,1780280896.0379367,2.1189999999999998,1780280896.0382078,0.27108192443847656,137265997484,137265.997484,1780280896.0358176,2.390146255493164,0.0054836273193359375,2.1436214447021484,2.119,4718592,2.2268013213780087,288,chatcmpl-3ba93bc7-ecd3-4127-a02d-7584333c0705-b9a16801,"nixl_xfer_handle(0x556359b3e9b0, released=False)",decode,1,0,452712,3,d61968e8-e4aa-43a2-8ca8-85b623ffd1e5_dp0,0,nixl_start_time
1780280896.1356137,1780280896.1479976,12.383999999999999,1780280896.1480222,0.024557113647460938,137266097280,137266.09728,1780280896.1356137,12.40849494934082,0.0050067901611328125,3.582477569580078,3.563,25165824,2.032124031007752,1536,chatcmpl-006f222a-c86c-4ed8-b63f-1508890ca568-80f34481,"nixl_xfer_handle(0x5af9a3dc6980, released=False)",decode,0,0,452715,16,d61968e8-e4aa-43a2-8ca8-85b623ffd1e5_dp0,0,nixl_start_time
1780280896.1604276,1780280896.1730146,12.587,1780280896.1730757,0.06103515625,137266122094,137266.122094,1780280896.1604276,12.64810562133789,0.0057220458984375,3.664255142211914,3.644,26738688,2.1243098434893146,1632,chatcmpl-85e1ee68-7246-4f9c-96c5-c4ec2489df05-b77f246b,"nixl_xfer_handle(0x556359b3e9b0, released=False)",decode,1,0,452712,17,d61968e8-e4aa-43a2-8ca8-85b623ffd1e5_dp0,0,nixl_start_time
1780280896.2350667,1780280896.2383525,3.286,1780280896.2387805,0.4279613494873047,137266196733,137266.196733,1780280896.2350667,3.713846206665039,0.0040531158447265625,3.306865692138672,3.286,4718592,1.4359683505782106,288,chatcmpl-df991ceb-9467-45a5-9277-51fe4709da76-9cdc633b,"nixl_xfer_handle(0x5af9a3dc6980, released=False)",decode,0,0,452715,3,d61968e8-e4aa-43a2-8ca8-85b623ffd1e5_dp1,0,nixl_start_time
1780280896.2594848,1780280896.2715847,12.1,1780280896.2716045,0.019788742065429688,137266221151,137266.221151,1780280896.2594848,12.119770050048828,0.0054836273193359375,3.8335323333740234,3.813,31457280,2.5997752066115702,1920,chatcmpl-92069584-8883-422a-b9d4-ed4594a75698-976f9523,"nixl_xfer_handle(0x556359b3e9b0, released=False)",decode,1,0,452712,20,d61968e8-e4aa-43a2-8ca8-85b623ffd1e5_dp0,0,nixl_start_time
1780280896.3077047,1780280896.3216298,13.925,1780280896.3216472,0.017404556274414062,137266269371,137266.269371,1780280896.3077047,13.942480087280273,0.0050067901611328125,10.330438613891602,10.306,14155776,1.0165727827648114,864,chatcmpl-9d7fa8ab-093c-409f-931a-baeb909f1b91-bf6e0471,"nixl_xfer_handle(0x5af9a3dc6980, released=False)",decode,0,0,452715,9,d61968e8-e4aa-43a2-8ca8-85b623ffd1e5_dp1,0,nixl_start_time
1780280896.3453608,1780280896.3500566,4.696,1780280896.350322,0.26535987854003906,137266307027,137266.307027,1780280896.3453608,4.961252212524414,0.0064373016357421875,4.717826843261719,4.696,11010048,2.344558773424191,672,chatcmpl-02cc58c9-c476-440d-85f4-e08829f9ca7e-81bede1d,"nixl_xfer_handle(0x556359b3e9b0, released=False)",decode,1,0,452712,7,d61968e8-e4aa-43a2-8ca8-85b623ffd1e5_dp0,0,nixl_start_time
1780280896.3575528,1780280896.3595717,2.019,1780280896.3600018,0.43010711669921875,137266319219,137266.319219,1780280896.3575528,2.44903564453125,0.00476837158203125,2.0394325256347656,2.019,3145728,1.5580624071322435,192,chatcmpl-aedaf2d4-3b65-4eb3-8327-28d810fc3a07-9e803c5e,"nixl_xfer_handle(0x5af9a3dc6980, released=False)",decode,0,0,452715,2,d61968e8-e4aa-43a2-8ca8-85b623ffd1e5_dp0,0,nixl_start_time
1780280896.3817866,1780280896.3870766,5.29,1780280896.38738,0.3032684326171875,137266343453,137266.343453,1780280896.3817866,5.593299865722656,0.0040531158447265625,5.314826965332031,5.29,12582912,2.378622306238185,768,chatcmpl-fea6d9bf-8fc0-4369-a4ac-721c3f63fa84-a3e2d15f,"nixl_xfer_handle(0x556359b3e9b0, released=False)",decode,1,0,452712,8,d61968e8-e4aa-43a2-8ca8-85b623ffd1e5_dp1,0,nixl_start_time
1780280896.4060197,1780280896.4186466,12.626999999999999,1780280896.4186656,0.019073486328125,137266367686,137266.367686,1780280896.4060197,12.645959854125977,0.0045299530029296875,4.260540008544922,4.227,39321600,3.114088857210739,2400,chatcmpl-e5709ce8-40a0-4f28-8c7e-4002e91375bb-99a3ccca,"nixl_xfer_handle(0x5af9a3dc6980, released=False)",decode,0,0,452715,25,d61968e8-e4aa-43a2-8ca8-85b623ffd1e5_dp0,0,nixl_start_time
1780280896.4680285,1780280896.4951415,27.113000000000003,1780280896.4951892,0.0476837158203125,137266429695,137266.429695,1780280896.4680285,27.16064453125,0.0050067901611328125,5.843400955200195,5.824,42467328,1.5663087079998523,2592,chatcmpl-0f687c10-120c-4647-a503-ecd9ea5ea7ab-8ea0485a,"nixl_xfer_handle(0x556359b3e9b0, released=False)",decode,1,0,452712,27,d61968e8-e4aa-43a2-8ca8-85b623ffd1e5_dp1,0,nixl_start_time
1780280896.4806857,1780280896.5053637,24.677999999999997,1780280896.5053823,0.018596649169921875,137266442352,137266.442352,1780280896.4806857,24.69658851623535,0.0057220458984375,4.581689834594727,4.559,40894464,1.6571222951616826,2496,chatcmpl-ffe558c8-dede-4bd3-90b7-5fb58f60ce07-871375a2,"nixl_xfer_handle(0x5af99838e800, released=False)",decode,0,0,452715,26,d61968e8-e4aa-43a2-8ca8-85b623ffd1e5_dp0,0,nixl_start_time
1780280896.4927797,1780280896.4948766,2.097,1780280896.4952114,0.33473968505859375,137266454446,137266.454446,1780280896.4927797,2.431631088256836,0.005245208740234375,2.1178722381591797,2.097,4718592,2.2501630901287557,288,chatcmpl-2820d60d-9541-4ec1-a46f-c726c5f0c400-b0d62ff9,"nixl_xfer_handle(0x556359b46760, released=False)",decode,1,0,452712,3,d61968e8-e4aa-43a2-8ca8-85b623ffd1e5_dp1,0,nixl_start_time
1780280896.5178638,1780280896.5274618,9.598,1780280896.52748,0.01811981201171875,137266479530,137266.47953,1780280896.5178638,9.61613655090332,0.0040531158447265625,9.076356887817383,9.049,12582912,1.3109931235674097,768,chatcmpl-636551d8-061d-4e5f-abc8-3b93fd7c3365-b8dd3ac9,"nixl_xfer_handle(0x5af99838e800, released=False)",decode,0,0,452715,8,d61968e8-e4aa-43a2-8ca8-85b623ffd1e5_dp0,0,nixl_start_time
1780280896.5306187,1780280896.5320506,1.432,1780280896.5323052,0.25463104248046875,137266492285,137266.492285,1780280896.5306187,1.6865730285644531,0.004291534423828125,1.4526844024658203,1.432,3145728,2.1967374301675977,192,chatcmpl-0ce89fc4-68f8-4700-bcdd-efaa61a6001e-a10a0dc3,"nixl_xfer_handle(0x556359b46760, released=False)",decode,1,0,452712,2,d61968e8-e4aa-43a2-8ca8-85b623ffd1e5_dp1,0,nixl_start_time
1780280896.6174226,1780280896.6473687,29.946,1780280896.6473866,0.017881393432617188,137266579089,137266.579089,1780280896.6174226,29.963970184326172,0.0057220458984375,5.747556686401367,5.711,61341696,2.048410338609497,3744,chatcmpl-3adc4cac-40ef-4451-8e0c-fce3dbf603d4-a653b9a8,"nixl_xfer_handle(0x5af99838e800, released=False)",decode,0,0,452715,39,d61968e8-e4aa-43a2-8ca8-85b623ffd1e5_dp0,0,nixl_start_time
1780280896.6420956,1780280896.6474276,5.332,1780280896.6476858,0.2582073211669922,137266603762,137266.603762,1780280896.6420956,5.590200424194336,0.004291534423828125,5.353450775146484,5.332,12582912,2.359885971492873,768,chatcmpl-4a6cc680-c182-46a2-ae55-4be1d7763eae-ac73358f,"nixl_xfer_handle(0x556359b46760, released=False)",decode,1,0,452712,8,d61968e8-e4aa-43a2-8ca8-85b623ffd1e5_dp1,0,nixl_start_time
1780280896.6420968,1780280896.6469579,4.861,1780280896.647406,0.4482269287109375,137266603763,137266.603763,1780280896.6420968,5.309343338012695,0.0040531158447265625,4.882097244262695,4.861,7864320,1.617839950627443,480,chatcmpl-c5138da2-d209-47a2-b9fe-d044dafa2d35-9aafe892,"nixl_xfer_handle(0x5af9a3d6cf20, released=False)",decode,0,0,452715,5,d61968e8-e4aa-43a2-8ca8-85b623ffd1e5_dp1,0,nixl_start_time
1780280896.6545765,1780280896.6674535,12.876999999999999,1780280896.6674728,0.019311904907226562,137266616243,137266.616243,1780280896.6545765,12.896299362182617,0.0035762786865234375,4.005193710327148,3.987,29884416,2.3207591830395278,1824,chatcmpl-e5636412-0bae-4f2d-aa09-e8fb296f4309-888bc2e9,"nixl_xfer_handle(0x556359b46760, released=False)",decode,1,0,452712,19,d61968e8-e4aa-43a2-8ca8-85b623ffd1e5_dp0,0,nixl_start_time
1780280896.7168777,1780280896.7197647,2.887,1780280896.7201703,0.4055500030517578,137266678544,137266.678544,1780280896.7168777,3.292560577392578,0.004291534423828125,2.9070377349853516,2.887,4718592,1.6344274333217874,288,chatcmpl-fa3195e2-8948-4a62-aa58-c075057d8a79-8d51fac2,"nixl_xfer_handle(0x5af9a3d6cf20, released=False)",decode,0,0,452715,3,d61968e8-e4aa-43a2-8ca8-85b623ffd1e5_dp0,0,nixl_start_time
1780280896.8915136,1780280896.8919127,0.399,1780280896.8921947,0.28204917907714844,137266853180,137266.85318,1780280896.8915136,0.6811618804931641,0.005245208740234375,0.41985511779785156,0.399,1572864,3.942015037593985,48,chatcmpl-2e57ade4-a8eb-488d-8bf1-28baa59310c4-91ae087a,"nixl_xfer_handle(0x556359b46760, released=False)",decode,1,0,452712,1,d61968e8-e4aa-43a2-8ca8-85b623ffd1e5_dp0,0,nixl_start_time
1780280897.0411327,1780280897.0656466,24.514,1780280897.0656662,0.019550323486328125,137267002799,137267.002799,1780280897.0411327,24.533510208129883,0.00476837158203125,6.308794021606445,6.287,55050240,2.2456653340948027,3360,chatcmpl-8828adf8-2e5e-470a-aafd-e3b46da5b6f5-84a69e39,"nixl_xfer_handle(0x5af9a3d6cf20, released=False)",decode,0,0,452715,35,d61968e8-e4aa-43a2-8ca8-85b623ffd1e5_dp1,0,nixl_start_time
1780280897.1144147,1780280897.1387427,24.328,1780280897.1387746,0.031948089599609375,137267076081,137267.076081,1780280897.1144147,24.359941482543945,0.0059604644775390625,5.411624908447266,5.371,62914560,2.586096678724104,3840,chatcmpl-6cc5d077-11b6-43e5-8af9-4c7fce899e84-aa1c8aa0,"nixl_xfer_handle(0x556359b46760, released=False)",decode,1,0,452712,40,d61968e8-e4aa-43a2-8ca8-85b623ffd1e5_dp0,0,nixl_start_time
1780280897.1263857,1780280897.1270046,0.619,1780280897.1273754,0.3707408905029297,137267088052,137267.088052,1780280897.1263857,0.9896755218505859,0.0050067901611328125,0.6384849548339844,0.619,1572864,2.540975767366721,48,chatcmpl-8e6c4629-a2c3-42bc-a2bf-d3800dda1f25-85747725,"nixl_xfer_handle(0x5af9a3d6cf20, released=False)",decode,0,0,452715,1,d61968e8-e4aa-43a2-8ca8-85b623ffd1e5_dp1,0,nixl_start_time
1780280897.2001166,1780280897.2246265,24.51,1780280897.2246597,0.03314018249511719,137267161783,137267.161783,1780280897.2001166,24.543046951293945,0.0059604644775390625,6.499052047729492,6.477,51904512,2.117687148102815,3168,chatcmpl-0901dc4f-53ca-4d3d-8f7d-503f9eab8105-b4acab17,"nixl_xfer_handle(0x556359b46760, released=False)",decode,1,0,452712,33,d61968e8-e4aa-43a2-8ca8-85b623ffd1e5_dp0,0,nixl_start_time
1780280897.2125077,1780280897.2164907,3.9830000000000005,1780280897.2165058,0.015020370483398438,137267174174,137267.174174,1780280897.2125077,3.9980411529541016,0.003814697265625,3.5114288330078125,3.491,4718592,1.1846829023349232,288,chatcmpl-358a0627-7475-4b8a-aec0-62e0916bb6e9-992f0736,"nixl_xfer_handle(0x5af9a3d6cf20, released=False)",decode,0,0,452715,3,d61968e8-e4aa-43a2-8ca8-85b623ffd1e5_dp1,0,nixl_start_time
1780280897.2369456,1780280897.2435737,6.628,1780280897.2438629,0.2892017364501953,137267198612,137267.198612,1780280897.2369456,6.917238235473633,0.004291534423828125,6.656885147094727,6.628,15728640,2.3730597465298735,960,chatcmpl-9c7fdb93-9a9e-48d4-bab4-906610b577af-8a402e84,"nixl_xfer_handle(0x556359b46760, released=False)",decode,1,0,452712,10,d61968e8-e4aa-43a2-8ca8-85b623ffd1e5_dp0,0,nixl_start_time
1780280897.2490146,1780280897.2504046,1.39,1780280897.250664,0.2593994140625,137267210681,137267.210681,1780280897.2490146,1.6493797302246094,0.0050067901611328125,1.409769058227539,1.39,3145728,2.263113669064748,192,chatcmpl-3eec13ed-05fd-4540-a1c6-ec04fa8fc2c0-873561ca,"nixl_xfer_handle(0x556359b46760, released=False)",decode,1,0,452712,2,d61968e8-e4aa-43a2-8ca8-85b623ffd1e5_dp1,0,nixl_start_time
1780280897.2490547,1780280897.2542987,5.244000000000001,1780280897.25431,0.011205673217773438,137267210721,137267.210721,1780280897.2490547,5.255222320556641,0.0040531158447265625,2.196073532104492,2.177,3145728,0.5998718535469107,192,chatcmpl-53ecc598-e539-403a-8a32-37912fa828f5-a2222056,"nixl_xfer_handle(0x5af9a3d6cf20, released=False)",decode,0,0,452715,2,d61968e8-e4aa-43a2-8ca8-85b623ffd1e5_dp0,0,nixl_start_time
1780280897.2513227,1780280897.2539036,2.581,1780280897.2543268,0.42319297790527344,137267212989,137267.212989,1780280897.2513227,3.0040740966796875,0.0026226043701171875,2.592802047729492,2.581,3145728,1.2188020147229754,192,chatcmpl-651e2173-221e-472b-98b0-31f130bda78b-8a624dde,"nixl_xfer_handle(0x5af99838e800, released=False)",decode,0,0,452715,2,d61968e8-e4aa-43a2-8ca8-85b623ffd1e5_dp1,0,nixl_start_time
1780280897.3107626,1780280897.3121266,1.3639999999999999,1780280897.3123956,0.2689361572265625,137267272429,137267.272429,1780280897.3107626,1.6329288482666016,0.0050067901611328125,1.384735107421875,1.364,3145728,2.30625219941349,192,chatcmpl-e136feea-382a-4c6f-877a-901ee1367f92-b57278d4,"nixl_xfer_handle(0x556359b46760, released=False)",decode,1,0,452712,2,d61968e8-e4aa-43a2-8ca8-85b623ffd1e5_dp0,0,nixl_start_time
1780280897.3108046,1780280897.3134925,2.6879999999999997,1780280897.3135068,0.01430511474609375,137267272471,137267.272471,1780280897.3108046,2.7022361755371094,0.0035762786865234375,2.3453235626220703,2.326,3145728,1.1702857142857144,192,chatcmpl-e9eb3050-82b1-40d8-9c2a-f6798d2a2cb6-ba2ed32d,"nixl_xfer_handle(0x5af99838e800, released=False)",decode,0,0,452715,2,d61968e8-e4aa-43a2-8ca8-85b623ffd1e5_dp1,0,nixl_start_time
1780280897.3851197,1780280897.3864877,1.368,1780280897.3867464,0.2586841583251953,137267346786,137267.346786,1780280897.3851197,1.626729965209961,0.0045299530029296875,1.3878345489501953,1.368,3145728,2.2995087719298244,192,chatcmpl-51390698-dbac-44e0-b3bf-71234d04e5cf-be1d91c8,"nixl_xfer_handle(0x556359b46760, released=False)",decode,1,0,452712,2,d61968e8-e4aa-43a2-8ca8-85b623ffd1e5_dp0,0,nixl_start_time
1780280897.4597898,1780280897.4638207,4.031,1780280897.464177,0.3561973571777344,137267421456,137267.421456,1780280897.4597898,4.387140274047852,0.004291534423828125,4.051923751831055,4.031,6291456,1.5607680476308607,384,chatcmpl-da5c0ec3-d1d0-4bde-9354-5e02244af5f1-8b1d6828,"nixl_xfer_handle(0x5af99838e800, released=False)",decode,0,0,452715,4,d61968e8-e4aa-43a2-8ca8-85b623ffd1e5_dp1,0,nixl_start_time
1780280897.6093707,1780280897.6219237,12.552999999999999,1780280897.6219559,0.03218650817871094,137267571037,137267.571037,1780280897.6093707,12.585163116455078,0.0057220458984375,2.252340316772461,2.232,3145728,0.25059571417191107,192,chatcmpl-1549ef2e-c595-4614-a690-e5afa560e93c-a62686b2,"nixl_xfer_handle(0x5af99838e800, released=False)",decode,0,0,452715,2,d61968e8-e4aa-43a2-8ca8-85b623ffd1e5_dp0,0,nixl_start_time
1780280897.6095138,1780280897.6340249,24.511000000000003,1780280897.6340458,0.0209808349609375,137267571180,137267.57118,1780280897.6095138,24.532079696655273,0.006198883056640625,5.365848541259766,5.345,61341696,2.5026190689894334,3744,chatcmpl-5b84b92b-7f91-47a8-939c-e02b697c937a-baf09b61,"nixl_xfer_handle(0x556359b46760, released=False)",decode,1,0,452712,39,d61968e8-e4aa-43a2-8ca8-85b623ffd1e5_dp1,0,nixl_start_time
1780280897.6339796,1780280897.6410635,7.084,1780280897.6414924,0.42891502380371094,137267595646,137267.595646,1780280897.6339796,7.512807846069336,0.0045299530029296875,7.106781005859375,7.084,12582912,1.7762439299830604,768,chatcmpl-3708e21f-7d21-4ecc-8209-0758032e74cb-b6ab4490,"nixl_xfer_handle(0x5af99838e800, released=False)",decode,0,0,452715,8,d61968e8-e4aa-43a2-8ca8-85b623ffd1e5_dp0,0,nixl_start_time
1780280897.7086058,1780280897.7342377,25.631999999999998,1780280897.7342684,0.030755996704101562,137267670272,137267.670272,1780280897.7086058,25.662660598754883,0.0059604644775390625,10.233879089355469,10.211,70778880,2.761348314606742,4320,chatcmpl-5a57ae94-b55d-4218-a283-532f5fbce398-89f80d9f,"nixl_xfer_handle(0x5af99838e800, released=False)",decode,0,0,452715,45,d61968e8-e4aa-43a2-8ca8-85b623ffd1e5_dp1,0,nixl_start_time
1780280898.0190136,1780280898.0297287,10.715,1780280898.0299628,0.23412704467773438,137267980680,137267.98068,1780280898.0190136,10.949134826660156,0.004291534423828125,10.73765754699707,10.715,15728640,1.4679085394307045,960,chatcmpl-532e023f-a073-4650-b98f-865838112441-bf770e6b,"nixl_xfer_handle(0x5af99838e800, released=False)",decode,0,0,452715,10,d61968e8-e4aa-43a2-8ca8-85b623ffd1e5_dp0,0,nixl_start_time
1780280898.0331516,1780280898.0345466,1.395,1780280898.0347998,0.2532005310058594,137267994818,137267.994818,1780280898.0331516,1.6481876373291016,0.0050067901611328125,1.4157295227050781,1.395,3145728,2.2550021505376345,192,chatcmpl-eedda204-1508-4962-a9f3-eafb5b018900-a3ff3a06,"nixl_xfer_handle(0x556359b46760, released=False)",decode,1,0,452712,2,d61968e8-e4aa-43a2-8ca8-85b623ffd1e5_dp1,0,nixl_start_time
1780280898.1566217,1780280898.1586666,2.045,1780280898.15903,0.36334991455078125,137268118288,137268.118288,1780280898.1566217,2.408266067504883,0.004291534423828125,2.0630359649658203,2.045,3145728,1.5382533007334964,192,chatcmpl-3d26164a-acf8-43ea-b86d-143ce3a75d5b-9e228dcc,"nixl_xfer_handle(0x5af99838e800, released=False)",decode,0,0,452715,2,d61968e8-e4aa-43a2-8ca8-85b623ffd1e5_dp0,0,nixl_start_time
1780280898.2662857,1780280898.2683017,2.016,1780280898.268568,0.2663135528564453,137268227952,137268.227952,1780280898.2662857,2.282381057739258,0.00476837158203125,2.0411014556884766,2.016,4718592,2.3405714285714287,288,chatcmpl-a26b79f6-203b-43e6-b50c-54cb0eac921a-be71a32c,"nixl_xfer_handle(0x556359b46760, released=False)",decode,1,0,452712,3,d61968e8-e4aa-43a2-8ca8-85b623ffd1e5_dp1,0,nixl_start_time
1780280898.3398948,1780280898.3412848,1.39,1780280898.3415623,0.27751922607421875,137268301561,137268.301561,1780280898.3398948,1.6674995422363281,0.00476837158203125,1.4119148254394531,1.39,3145728,2.263113669064748,192,chatcmpl-7f0779b1-28fa-4efa-a474-c8344d2bbe03-8f326421,"nixl_xfer_handle(0x556359b46760, released=False)",decode,1,0,452712,2,d61968e8-e4aa-43a2-8ca8-85b623ffd1e5_dp1,0,nixl_start_time
1780280898.3401186,1780280898.3696706,29.552,1780280898.3696976,0.026941299438476562,137268301785,137268.301785,1780280898.3401186,29.57892417907715,0.0040531158447265625,5.737781524658203,5.704,50331648,1.7031553871142395,3072,chatcmpl-fd62b97c-8515-4ce6-8d08-dcf3e5ee979b-977bb6e8,"nixl_xfer_handle(0x5af99838e800, released=False)",decode,0,0,452715,32,d61968e8-e4aa-43a2-8ca8-85b623ffd1e5_dp0,0,nixl_start_time
1780280898.3645227,1780280898.3692696,4.747000000000001,1780280898.3697183,0.4487037658691406,137268326189,137268.326189,1780280898.3645227,5.19561767578125,0.004291534423828125,4.765748977661133,4.747,6291456,1.3253541183905624,384,chatcmpl-fafb7714-1362-46a8-9b17-e45afada3e70-b79e0999,"nixl_xfer_handle(0x5af9a3d6cf20, released=False)",decode,0,0,452715,4,d61968e8-e4aa-43a2-8ca8-85b623ffd1e5_dp0,0,nixl_start_time
1780280898.3771667,1780280898.3895009,12.334,1780280898.3895197,0.018835067749023438,137268338833,137268.338833,1780280898.3771667,12.352943420410156,0.0050067901611328125,4.448890686035156,4.427,36175872,2.9330202691746394,2208,chatcmpl-e3a0367a-01c2-4275-8751-bbf39c8f98f0-a2bf1335,"nixl_xfer_handle(0x556359b46760, released=False)",decode,1,0,452712,23,d61968e8-e4aa-43a2-8ca8-85b623ffd1e5_dp1,0,nixl_start_time
1780280898.5004346,1780280898.5018196,1.385,1780280898.5020816,0.2620220184326172,137268462101,137268.462101,1780280898.5004346,1.6469955444335938,0.003814697265625,1.4033317565917969,1.385,3145728,2.2712837545126354,192,chatcmpl-adc9010b-7fb3-4513-8439-a8b84f8092e9-a4f601d2,"nixl_xfer_handle(0x556359b46760, released=False)",decode,1,0,452712,2,d61968e8-e4aa-43a2-8ca8-85b623ffd1e5_dp0,0,nixl_start_time
1780280898.6112247,1780280898.6165447,5.32,1780280898.6165588,0.014066696166992188,137268572891,137268.572891,1780280898.6112247,5.334138870239258,0.004291534423828125,4.759073257446289,4.732,6291456,1.1826045112781953,384,chatcmpl-4ad2d093-6758-4441-a63c-638fbbecee11-8403974b,"nixl_xfer_handle(0x5af9a3d6cf20, released=False)",decode,0,0,452715,4,d61968e8-e4aa-43a2-8ca8-85b623ffd1e5_dp1,0,nixl_start_time
1780280898.6727996,1780280898.6756635,2.864,1780280898.675676,0.012636184692382812,137268634466,137268.634466,1780280898.6727996,2.8765201568603516,0.004291534423828125,2.3717880249023438,2.352,3145728,1.0983687150837989,192,chatcmpl-b77999d4-6119-485a-b919-eeef96ebd147-a0761d1e,"nixl_xfer_handle(0x5af9a3d6cf20, released=False)",decode,0,0,452715,2,d61968e8-e4aa-43a2-8ca8-85b623ffd1e5_dp0,0,nixl_start_time
1780280898.6849847,1780280898.6868198,1.835,1780280898.687241,0.42128562927246094,137268646651,137268.646651,1780280898.6849847,2.2563934326171875,0.0035762786865234375,1.8527507781982422,1.835,3145728,1.7142931880108991,192,chatcmpl-f47aca07-b998-42e5-8dfc-0ccf7f3d8d37-86ad57c6,"nixl_xfer_handle(0x5af9a3d6cf20, released=False)",decode,0,0,452715,2,d61968e8-e4aa-43a2-8ca8-85b623ffd1e5_dp1,0,nixl_start_time
1780280898.7590497,1780280898.7722487,13.199,1780280898.7722666,0.017881393432617188,137268720716,137268.720716,1780280898.7590497,13.216972351074219,0.0040531158447265625,4.060029983520508,4.042,33030144,2.502473217668005,2016,chatcmpl-e133750f-1c71-49ec-be21-22eaf33ffdcb-9b3b3866,"nixl_xfer_handle(0x5af9a3d6cf20, released=False)",decode,0,0,452715,21,d61968e8-e4aa-43a2-8ca8-85b623ffd1e5_dp0,0,nixl_start_time
1780280898.7720916,1780280898.7741466,2.055,1780280898.7744246,0.2779960632324219,137268733758,137268.733758,1780280898.7720916,2.332925796508789,0.0045299530029296875,2.0775794982910156,2.055,4718592,2.2961518248175183,288,chatcmpl-1cf32058-c311-44a0-bb54-c89fa029bc07-aa80a8e5,"nixl_xfer_handle(0x556359b46760, released=False)",decode,1,0,452712,3,d61968e8-e4aa-43a2-8ca8-85b623ffd1e5_dp1,0,nixl_start_time
1780280898.8573217,1780280898.8577268,0.40499999999999997,1780280898.8579829,0.2560615539550781,137268818988,137268.818988,1780280898.8573217,0.6611347198486328,0.005245208740234375,0.4305839538574219,0.405,1572864,3.883614814814815,48,chatcmpl-3a35eb58-2888-4808-9544-304e4e91e4e9-87a52c8f,"nixl_xfer_handle(0x556359b46760, released=False)",decode,1,0,452712,1,d61968e8-e4aa-43a2-8ca8-85b623ffd1e5_dp0,0,nixl_start_time
1780280898.8944848,1780280898.9066718,12.187,1780280898.9067383,0.06651878356933594,137268856151,137268.856151,1780280898.8944848,12.253522872924805,0.0054836273193359375,3.742218017578125,3.722,25165824,2.064972839911381,1536,chatcmpl-c88ce276-c8b0-4131-8933-cb38c5088f39-b01b1537,"nixl_xfer_handle(0x5af9a3d6cf20, released=False)",decode,0,0,452715,16,d61968e8-e4aa-43a2-8ca8-85b623ffd1e5_dp1,0,nixl_start_time
1780280898.9187558,1780280898.9434078,24.652,1780280898.9434357,0.027894973754882812,137268880422,137268.880422,1780280898.9187558,24.679899215698242,0.0045299530029296875,4.378080368041992,4.358,40894464,1.6588700308291415,2496,chatcmpl-944c56e5-f56e-401a-9de9-20b11eff16f6-9c56e228,"nixl_xfer_handle(0x5af9a3d2c280, released=False)",decode,0,0,452715,26,d61968e8-e4aa-43a2-8ca8-85b623ffd1e5_dp0,0,nixl_start_time
1780280898.9312878,1780280898.9434617,12.174000000000001,1780280898.943504,0.042438507080078125,137268892954,137268.892954,1780280898.9312878,12.216329574584961,0.0045299530029296875,3.481626510620117,3.46,23592960,1.937979300147856,1440,chatcmpl-e4ade56a-c960-4d74-a84d-90d1df3632fe-8b5023f0,"nixl_xfer_handle(0x5af9a3d30d40, released=False)",decode,0,0,452715,15,d61968e8-e4aa-43a2-8ca8-85b623ffd1e5_dp1,0,nixl_start_time
1780280898.9556615,1780280898.9679265,12.265,1780280898.967959,0.0324249267578125,137268917328,137268.917328,1780280898.9556615,12.297391891479492,0.0054836273193359375,4.003286361694336,3.985,31457280,2.5648006522625355,1920,chatcmpl-17c0cd3e-2375-4f63-8632-367bcee0dc80-a5c830c1,"nixl_xfer_handle(0x556359b46760, released=False)",decode,1,0,452712,20,d61968e8-e4aa-43a2-8ca8-85b623ffd1e5_dp1,0,nixl_start_time
1780280898.9678125,1780280898.9800906,12.278,1780280898.980158,0.06747245788574219,137268929479,137268.929479,1780280898.9678125,12.345552444458008,0.004291534423828125,5.7048797607421875,5.684,7864320,0.6405212575338003,480,chatcmpl-30d720fb-e9f1-4250-af1c-94cb19f44c20-8bc1b243,"nixl_xfer_handle(0x5af9a3d2c280, released=False)",decode,0,0,452715,5,d61968e8-e4aa-43a2-8ca8-85b623ffd1e5_dp0,0,nixl_start_time
1780280899.0416148,1780280899.0538867,12.272,1780280899.0539348,0.048160552978515625,137269003281,137269.003281,1780280899.0416148,12.32004165649414,0.004291534423828125,3.6041736602783203,3.586,25165824,2.050670143415906,1536,chatcmpl-89ae057e-2b85-4cdb-a673-ca7f6286ff52-b030a1ba,"nixl_xfer_handle(0x5af9a3d2c280, released=False)",decode,0,0,452715,16,d61968e8-e4aa-43a2-8ca8-85b623ffd1e5_dp1,0,nixl_start_time
1780280899.0910478,1780280899.0955749,4.527,1780280899.0958312,0.2562999725341797,137269052714,137269.052714,1780280899.0910478,4.783391952514648,0.0040531158447265625,4.547834396362305,4.527,11010048,2.4320848243870117,672,chatcmpl-49150064-30c6-463b-a13e-846398a2e636-b823d0a9,"nixl_xfer_handle(0x556359b46760, released=False)",decode,1,0,452712,7,d61968e8-e4aa-43a2-8ca8-85b623ffd1e5_dp1,0,nixl_start_time
1780280899.1031005,1780280899.1044874,1.387,1780280899.1047428,0.25534629821777344,137269064767,137269.064767,1780280899.1031005,1.6422271728515625,0.0050067901611328125,1.407623291015625,1.387,3145728,2.268008651766402,192,chatcmpl-b8ce9f81-b4c0-4e44-ba6f-4bda35243a17-853eec9d,"nixl_xfer_handle(0x556359b46760, released=False)",decode,1,0,452712,2,d61968e8-e4aa-43a2-8ca8-85b623ffd1e5_dp0,0,nixl_start_time
1780280899.1768656,1780280899.1774266,0.5609999999999999,1780280899.1778321,0.4055500030517578,137269138532,137269.138532,1780280899.1768656,0.9665489196777344,0.003814697265625,0.5824565887451172,0.561,1572864,2.803679144385027,48,chatcmpl-56110132-8621-47fb-b6be-677b4f566a3e-b530301b,"nixl_xfer_handle(0x5af9a3d2c280, released=False)",decode,0,0,452715,1,d61968e8-e4aa-43a2-8ca8-85b623ffd1e5_dp1,0,nixl_start_time
1780280899.2018037,1780280899.2055056,3.702,1780280899.2058866,0.3809928894042969,137269163470,137269.16347,1780280899.2018037,4.082918167114258,0.0054836273193359375,3.7240982055664062,3.702,6291456,1.699474878444084,384,chatcmpl-053edf76-c102-4d22-bbf0-f6009a40a161-afe19a28,"nixl_xfer_handle(0x5af9a3d2c280, released=False)",decode,0,0,452715,4,d61968e8-e4aa-43a2-8ca8-85b623ffd1e5_dp1,0,nixl_start_time
1780280899.2018547,1780280899.2139926,12.138,1780280899.2140346,0.041961669921875,137269163521,137269.163521,1780280899.2018547,12.179851531982422,0.0054836273193359375,4.157781600952148,4.138,29884416,2.462054374691053,1824,chatcmpl-eec852f2-ff80-412a-afdd-5df810a4bbca-810cb566,"nixl_xfer_handle(0x556359b46760, released=False)",decode,1,0,452712,19,d61968e8-e4aa-43a2-8ca8-85b623ffd1e5_dp0,0,nixl_start_time
1780280899.2261558,1780280899.2272067,1.0510000000000002,1780280899.2272208,0.014066696166992188,137269187822,137269.187822,1780280899.2261558,1.0650157928466797,0.004291534423828125,0.5400180816650391,0.521,1572864,1.4965404376784015,48,chatcmpl-d01e8242-1a2f-46c2-a9b9-91ebe101dafc-af1709e5,"nixl_xfer_handle(0x5af9a3d2c280, released=False)",decode,0,0,452715,1,d61968e8-e4aa-43a2-8ca8-85b623ffd1e5_dp0,0,nixl_start_time
1780280899.2386568,1780280899.2509458,12.289,1780280899.250992,0.046253204345703125,137269200323,137269.200323,1780280899.2386568,12.33530044555664,0.0045299530029296875,3.576040267944336,3.556,25165824,2.047833346895598,1536,chatcmpl-4446f8cf-04c9-4046-8a1e-53f2e146037e-b3b598cb,"nixl_xfer_handle(0x556359b46760, released=False)",decode,1,0,452712,16,d61968e8-e4aa-43a2-8ca8-85b623ffd1e5_dp1,0,nixl_start_time
1780280899.2874496,1780280899.2997117,12.262,1780280899.2997458,0.03409385681152344,137269249116,137269.249116,1780280899.2874496,12.296199798583984,0.00476837158203125,3.2303333282470703,3.213,18874368,1.539256891208612,1152,chatcmpl-5b6c9f0b-78e0-42f1-9628-fa4f8c10eaae-b4acd3a3,"nixl_xfer_handle(0x5af9a3d2c280, released=False)",decode,0,0,452715,12,d61968e8-e4aa-43a2-8ca8-85b623ffd1e5_dp0,0,nixl_start_time
1780280899.2995076,1780280899.2999246,0.417,1780280899.300174,0.24938583374023438,137269261174,137269.261174,1780280899.2995076,0.6663799285888672,0.0040531158447265625,0.4334449768066406,0.417,1572864,3.7718561151079135,48,chatcmpl-1c413774-cae8-4029-a763-d1f1be6c8bf6-aedc396c,"nixl_xfer_handle(0x556359b46760, released=False)",decode,1,0,452712,1,d61968e8-e4aa-43a2-8ca8-85b623ffd1e5_dp1,0,nixl_start_time
1780280899.3243887,1780280899.3485637,24.174999999999997,1780280899.3485997,0.03600120544433594,137269286055,137269.286055,1780280899.3243887,24.21092987060547,0.006198883056640625,5.288362503051758,5.269,36175872,1.4964166287487075,2208,chatcmpl-0330bd0d-5856-4357-b2a3-1e40ddf5d4fd-8b2e6f78,"nixl_xfer_handle(0x556359b46760, released=False)",decode,1,0,452712,23,d61968e8-e4aa-43a2-8ca8-85b623ffd1e5_dp0,0,nixl_start_time
1780280899.3484507,1780280899.3515728,3.1220000000000003,1780280899.3519254,0.35262107849121094,137269310117,137269.310117,1780280899.3484507,3.474712371826172,0.003814697265625,3.1397342681884766,3.122,4718592,1.5114003843689943,288,chatcmpl-ce2e3b51-fe0d-4979-84f3-8bd9e11b74fd-8706d2f8,"nixl_xfer_handle(0x5af9a3d2c280, released=False)",decode,0,0,452715,3,d61968e8-e4aa-43a2-8ca8-85b623ffd1e5_dp0,0,nixl_start_time
1780280899.3733726,1780280899.3852236,11.851,1780280899.3852472,0.023603439331054688,137269335039,137269.335039,1780280899.3733726,11.874675750732422,0.0040531158447265625,3.85284423828125,3.834,29884416,2.521678845667032,1824,chatcmpl-e68be519-97de-4aec-8056-c2177dfedeea-beb0c74a,"nixl_xfer_handle(0x5563599a59e0, released=False)",decode,1,0,452712,19,d61968e8-e4aa-43a2-8ca8-85b623ffd1e5_dp1,0,nixl_start_time
1780280899.4339216,1780280899.4667685,32.847,1780280899.4668121,0.04363059997558594,137269395588,137269.395588,1780280899.4339216,32.89055824279785,0.0050067901611328125,18.13030242919922,18.093,78643200,2.394227783359211,4800,chatcmpl-3f3676c1-2bc4-4c26-bbc2-78a9b6ae8b10-b5db5550,"nixl_xfer_handle(0x5af9a3d2c280, released=False)",decode,0,0,452715,50,d61968e8-e4aa-43a2-8ca8-85b623ffd1e5_dp0,0,nixl_start_time
1780280899.4665356,1780280899.4678695,1.3339999999999999,1780280899.4681153,0.24580955505371094,137269428202,137269.428202,1780280899.4665356,1.5797615051269531,0.00476837158203125,1.3530254364013672,1.334,3145728,2.3581169415292353,192,chatcmpl-c7051663-a7b3-46af-aa20-b5528f0dd49e-82d124fc,"nixl_xfer_handle(0x5563599a59e0, released=False)",decode,1,0,452712,2,d61968e8-e4aa-43a2-8ca8-85b623ffd1e5_dp1,0,nixl_start_time
1780280899.4788907,1780280899.4802377,1.3470000000000002,1780280899.4805067,0.2689361572265625,137269440557,137269.440557,1780280899.4788907,1.6160011291503906,0.0050067901611328125,1.3706684112548828,1.347,3145728,2.3353585746102445,192,chatcmpl-cd446103-2b0c-4f08-85e1-d010f306e330-be4ae62d,"nixl_xfer_handle(0x5563599a59e0, released=False)",decode,1,0,452712,2,d61968e8-e4aa-43a2-8ca8-85b623ffd1e5_dp0,0,nixl_start_time
1780280899.4789336,1780280899.4811385,2.205,1780280899.485711,4.572629928588867,137269440600,137269.4406,1780280899.4789336,6.777524948120117,0.003814697265625,2.2232532501220703,2.205,3145728,1.4266340136054423,192,chatcmpl-3928ea3e-c203-4ca3-b3e4-a847eb85e423-b900a990,"nixl_xfer_handle(0x5af9a3d2c280, released=False)",decode,0,0,452715,2,d61968e8-e4aa-43a2-8ca8-85b623ffd1e5_dp0,0,nixl_start_time
1780280899.4813626,1780280899.5036945,22.332,1780280899.503754,0.05936622619628906,137269443029,137269.443029,1780280899.4813626,22.391319274902344,0.0040531158447265625,3.9534568786621094,3.94,34603008,1.5494809242342824,2112,chatcmpl-b882fcc7-783a-44b8-851f-be8e16c254cd-a94e8bde,"nixl_xfer_handle(0x5af99838e800, released=False)",decode,0,0,452715,22,d61968e8-e4aa-43a2-8ca8-85b623ffd1e5_dp0,0,nixl_start_time
1780280899.5529857,1780280899.5789056,25.919999999999998,1780280899.5789185,0.012874603271484375,137269514652,137269.514652,1780280899.5529857,25.932788848876953,0.0045299530029296875,3.7970542907714844,3.778,26738688,1.0315851851851852,1632,chatcmpl-23fa79c0-c771-4d4a-ac4e-786274462386-aea2e6b8,"nixl_xfer_handle(0x5af99838e800, released=False)",decode,0,0,452715,17,d61968e8-e4aa-43a2-8ca8-85b623ffd1e5_dp1,0,nixl_start_time
1780280899.5530746,1780280899.5868616,33.787,1780280899.5868866,0.025033950805664062,137269514741,137269.514741,1780280899.5530746,33.81204605102539,0.005245208740234375,18.839597702026367,18.812,73924608,2.1879601029981948,4512,chatcmpl-131327bc-aa31-422f-8bc7-37f823a365c8-8feae362,"nixl_xfer_handle(0x5563599a59e0, released=False)",decode,1,0,452712,47,d61968e8-e4aa-43a2-8ca8-85b623ffd1e5_dp1,0,nixl_start_time
1780280899.5750825,1780280899.5785446,3.4619999999999997,1780280899.5789378,0.39315223693847656,137269536749,137269.536749,1780280899.5750825,3.8552284240722656,0.003337860107421875,3.479480743408203,3.462,4718592,1.3629670710571926,288,chatcmpl-9d94484b-0060-4c04-89d1-87aeea55fa0a-95a224bf,"nixl_xfer_handle(0x5af9a3d2c280, released=False)",decode,0,0,452715,3,d61968e8-e4aa-43a2-8ca8-85b623ffd1e5_dp1,0,nixl_start_time
1780280899.6737378,1780280899.6751199,1.382,1780280899.6753879,0.26798248291015625,137269635404,137269.635404,1780280899.6737378,1.650094985961914,0.00476837158203125,1.4030933380126953,1.382,3145728,2.2762141823444284,192,chatcmpl-8b9680a7-1795-40ba-9dc7-b552a0e39161-97445406,"nixl_xfer_handle(0x5563599a59e0, released=False)",decode,1,0,452712,2,d61968e8-e4aa-43a2-8ca8-85b623ffd1e5_dp0,0,nixl_start_time
1780280899.7486036,1780280899.7731445,24.541,1780280899.773183,0.038623809814453125,137269710270,137269.71027,1780280899.7486036,24.579524993896484,0.0059604644775390625,5.356788635253906,5.337,62914560,2.5636510329652418,3840,chatcmpl-cd3f96e9-93f2-4563-a30a-d6d6f8101e10-bf423a4c,"nixl_xfer_handle(0x5563599a59e0, released=False)",decode,1,0,452712,40,d61968e8-e4aa-43a2-8ca8-85b623ffd1e5_dp1,0,nixl_start_time
1780280899.7857516,1780280899.7880297,2.278,1780280899.7884264,0.396728515625,137269747418,137269.747418,1780280899.7857516,2.6748180389404297,0.0040531158447265625,2.2988319396972656,2.278,3145728,1.3809165935030727,192,chatcmpl-d89668e6-b07e-4159-8835-a49cacffb64f-9cba5605,"nixl_xfer_handle(0x5af9a3d2c280, released=False)",decode,0,0,452715,2,d61968e8-e4aa-43a2-8ca8-85b623ffd1e5_dp0,0,nixl_start_time
1780280899.9465365,1780280899.9469526,0.416,1780280899.9472017,0.2491474151611328,137269908203,137269.908203,1780280899.9465365,0.6651878356933594,0.004291534423828125,0.4341602325439453,0.416,1572864,3.7809230769230773,48,chatcmpl-1b917d3c-f204-44b0-8944-af43ecba8a79-9c8bbdde,"nixl_xfer_handle(0x55634353f480, released=False)",decode,1,0,452712,1,d61968e8-e4aa-43a2-8ca8-85b623ffd1e5_dp1,0,nixl_start_time
1780280900.0089307,1780280900.0122178,3.287,1780280900.0125718,0.3540515899658203,137269970597,137269.970597,1780280900.0089307,3.6411285400390625,0.0040531158447265625,3.3066272735595703,3.287,4718592,1.4355314876787344,288,chatcmpl-fc6ee3b0-99cd-4e9c-a155-4bac313facf2-92258f3f,"nixl_xfer_handle(0x5af9a3d2c280, released=False)",decode,0,0,452715,3,d61968e8-e4aa-43a2-8ca8-85b623ffd1e5_dp0,0,nixl_start_time
1780280900.1215377,1780280900.1538718,32.334,1780280900.1538918,0.02002716064453125,137270083204,137270.083204,1780280900.1215377,32.354116439819336,0.0054836273193359375,6.440639495849609,6.405,64487424,1.9944152904063832,3936,chatcmpl-ed9623ba-52b8-4fef-8fb4-bff519e2b0e9-a77509d5,"nixl_xfer_handle(0x55634353f480, released=False)",decode,1,0,452712,41,d61968e8-e4aa-43a2-8ca8-85b623ffd1e5_dp1,0,nixl_start_time
1780280900.1339357,1780280900.1655526,31.617,1780280900.1656153,0.06270408630371094,137270095602,137270.095602,1780280900.1339357,31.679630279541016,0.0054836273193359375,16.565561294555664,16.54,39321600,1.2436853591422337,2400,chatcmpl-b9f93539-b86d-4ad8-be7a-ef93166b26d4-833be998,"nixl_xfer_handle(0x556359b3e9b0, released=False)",decode,1,0,452712,25,d61968e8-e4aa-43a2-8ca8-85b623ffd1e5_dp0,0,nixl_start_time
1780280900.1538267,1780280900.1564226,2.5959999999999996,1780280900.1568196,0.39696693420410156,137270115493,137270.115493,1780280900.1538267,2.992868423461914,0.00476837158203125,2.614736557006836,2.596,3145728,1.2117596302003084,192,chatcmpl-4d80ec74-19f0-43a1-8db7-4391391e1af9-8754646c,"nixl_xfer_handle(0x5af9a3d2c280, released=False)",decode,0,0,452715,2,d61968e8-e4aa-43a2-8ca8-85b623ffd1e5_dp1,0,nixl_start_time
1780280900.2529507,1780280900.2865317,33.581,1780280900.2865453,0.013589859008789062,137270214617,137270.214617,1780280900.2529507,33.594608306884766,0.00476837158203125,17.537593841552734,17.514,77070336,2.295057800541973,4704,chatcmpl-1cca0084-83fa-4ff3-867f-cf70291797ee-a5619209,"nixl_xfer_handle(0x5af9a3d2c280, released=False)",decode,0,0,452715,49,d61968e8-e4aa-43a2-8ca8-85b623ffd1e5_dp0,0,nixl_start_time
1780280900.2738986,1780280900.2759776,2.079,1780280900.276237,0.2593994140625,137270235565,137270.235565,1780280900.2738986,2.338409423828125,0.0045299530029296875,2.1033287048339844,2.079,4718592,2.2696450216450215,288,chatcmpl-29766c0b-052e-4255-83e4-104b2ac390a9-ae3efbbc,"nixl_xfer_handle(0x556337b827f0, released=False)",decode,1,0,452712,3,d61968e8-e4aa-43a2-8ca8-85b623ffd1e5_dp1,0,nixl_start_time
1780280900.2854857,1780280900.2981777,12.692,1780280900.2982385,0.06079673767089844,137270247152,137270.247152,1780280900.2854857,12.752771377563477,0.0040531158447265625,0.5395412445068359,0.523,1572864,0.12392562243933186,48,chatcmpl-bd3a58b8-0cdb-4ec6-a9ef-314fefab4fa0-97beb948,"nixl_xfer_handle(0x5af9a418ece0, released=False)",decode,0,0,452715,1,d61968e8-e4aa-43a2-8ca8-85b623ffd1e5_dp0,0,nixl_start_time
1780280900.3603916,1780280900.3859406,25.549,1780280900.3859632,0.022649765014648438,137270322058,137270.322058,1780280900.3603916,25.571584701538086,0.0059604644775390625,6.815910339355469,6.796,55050240,2.154692551567576,3360,chatcmpl-e86f9508-5175-4ad8-9a07-24b941390dc8-83ae7f6a,"nixl_xfer_handle(0x556337b827f0, released=False)",decode,1,0,452712,35,d61968e8-e4aa-43a2-8ca8-85b623ffd1e5_dp1,0,nixl_start_time
1780280900.3730476,1780280900.3859856,12.938,1780280900.3860323,0.04673004150390625,137270334714,137270.334714,1780280900.3730476,12.984752655029297,0.0040531158447265625,1.0848045349121094,1.064,3145728,0.24313866130777556,192,chatcmpl-07e73a7c-b485-4714-9806-8701ac80d79e-84a37973,"nixl_xfer_handle(0x55634353f480, released=False)",decode,1,0,452712,2,d61968e8-e4aa-43a2-8ca8-85b623ffd1e5_dp0,0,nixl_start_time
1780280900.3732097,1780280900.3860488,12.839,1780280900.3860652,0.016450881958007812,137270334876,137270.334876,1780280900.3732097,12.85552978515625,0.005245208740234375,4.144906997680664,4.117,36175872,2.8176549575512113,2208,chatcmpl-14e22d4f-6057-4612-9be9-4b5b41222ed8-99296f27,"nixl_xfer_handle(0x5af9a3d2c280, released=False)",decode,0,0,452715,23,d61968e8-e4aa-43a2-8ca8-85b623ffd1e5_dp0,0,nixl_start_time
1780280900.3976536,1780280900.4053285,7.675000000000001,1780280900.4057088,0.3802776336669922,137270359320,137270.35932,1780280900.3976536,8.05521011352539,0.004291534423828125,7.703304290771484,7.675,12582912,1.6394673615635178,768,chatcmpl-12068b2a-770e-472a-8c12-266462696786-8b58488a,"nixl_xfer_handle(0x5af9a3d2c280, released=False)",decode,0,0,452715,8,d61968e8-e4aa-43a2-8ca8-85b623ffd1e5_dp1,0,nixl_start_time
1780280900.3976617,1780280900.4104457,12.784,1780280900.4105074,0.06175041198730469,137270359328,137270.359328,1780280900.3976617,12.845754623413086,0.0057220458984375,2.7616024017333984,2.742,17301504,1.3533717146433042,1056,chatcmpl-33646a22-ad2f-44ff-a326-9729f4441f5f-abce8e7a,"nixl_xfer_handle(0x55634353f480, released=False)",decode,1,0,452712,11,d61968e8-e4aa-43a2-8ca8-85b623ffd1e5_dp1,0,nixl_start_time
1780280900.4723597,1780280900.4971957,24.836000000000002,1780280900.4972649,0.06914138793945312,137270434026,137270.434026,1780280900.4723597,24.90520477294922,0.027418136596679688,5.288839340209961,5.246,64487424,2.5965301980995332,3936,chatcmpl-12dbd8fc-4e4c-4225-bd97-3332dd363973-815f98ee,"nixl_xfer_handle(0x5af9a3d2c280, released=False)",decode,0,0,452715,41,d61968e8-e4aa-43a2-8ca8-85b623ffd1e5_dp0,0,nixl_start_time
1780280900.4970937,1780280900.5220277,24.934,1780280900.522082,0.05435943603515625,137270458760,137270.45876,1780280900.4970937,24.988412857055664,0.0050067901611328125,4.482269287109375,4.463,37748736,1.5139462581214405,2304,chatcmpl-bf7a3aab-48a6-4434-9763-51c14e88f2b7-b4aa0e43,"nixl_xfer_handle(0x55634353f480, released=False)",decode,1,0,452712,24,d61968e8-e4aa-43a2-8ca8-85b623ffd1e5_dp1,0,nixl_start_time
1780280900.5594256,1780280900.5840645,24.639000000000003,1780280900.5840895,0.025033950805664062,137270521092,137270.521092,1780280900.5594256,24.663925170898438,0.0050067901611328125,5.748271942138672,5.727,53477376,2.170436137830269,3264,chatcmpl-adcc1d0b-a6ba-4f01-a247-33e2213d8687-b1055c01,"nixl_xfer_handle(0x5af9a3d2c280, released=False)",decode,0,0,452715,34,d61968e8-e4aa-43a2-8ca8-85b623ffd1e5_dp0,0,nixl_start_time
1780280900.5839477,1780280900.5962996,12.352,1780280900.59636,0.06031990051269531,137270545614,137270.545614,1780280900.5839477,12.412309646606445,0.00476837158203125,4.165410995483398,4.141,29884416,2.4193989637305697,1824,chatcmpl-05efb23f-973f-4cfb-80de-2131d1fd0663-b264abc8,"nixl_xfer_handle(0x55634353f480, released=False)",decode,1,0,452712,19,d61968e8-e4aa-43a2-8ca8-85b623ffd1e5_dp0,0,nixl_start_time
1780280900.6091638,1780280900.6136217,4.458,1780280900.6139693,0.3476142883300781,137270570830,137270.57083,1780280900.6091638,4.805564880371094,0.0045299530029296875,4.477262496948242,4.458,7864320,1.7640915208613728,480,chatcmpl-21c81e6e-9a9f-4979-8201-ccb70656dac5-b6705ed3,"nixl_xfer_handle(0x5af9a38093a0, released=False)",decode,0,0,452715,5,d61968e8-e4aa-43a2-8ca8-85b623ffd1e5_dp0,0,nixl_start_time
1780280900.7458057,1780280900.7584517,12.645999999999999,1780280900.7584994,0.0476837158203125,137270707472,137270.707472,1780280900.7458057,12.693643569946289,0.006198883056640625,4.551410675048828,4.518,22020096,1.7412696504823661,1344,chatcmpl-e8c3739a-ff62-4ed2-9f23-4e559e048501-a061eea8,"nixl_xfer_handle(0x556359935540, released=False)",decode,1,0,452712,14,d61968e8-e4aa-43a2-8ca8-85b623ffd1e5_dp1,0,nixl_start_time
1780280900.8080616,1780280900.8111796,3.1180000000000003,1780280900.8115337,0.3540515899658203,137270769728,137270.769728,1780280900.8080616,3.4720897674560547,0.0035762786865234375,3.1366348266601562,3.118,4718592,1.5133393200769722,288,chatcmpl-af199d68-7c29-4461-99ba-d3125dd51683-a89049c9,"nixl_xfer_handle(0x5af9a38093a0, released=False)",decode,0,0,452715,3,d61968e8-e4aa-43a2-8ca8-85b623ffd1e5_dp0,0,nixl_start_time
1780280900.8208187,1780280900.8335686,12.75,1780280900.8335948,0.026226043701171875,137270782485,137270.782485,1780280900.8208187,12.77613639831543,0.0040531158447265625,4.127740859985352,4.109,20447232,1.6037044705882353,1248,chatcmpl-edcc224b-13de-4f82-8386-3499012cf3b2-af7efb80,"nixl_xfer_handle(0x5af9a38093a0, released=False)",decode,0,0,452715,13,d61968e8-e4aa-43a2-8ca8-85b623ffd1e5_dp1,0,nixl_start_time
1780280900.9450316,1780280900.9575756,12.544,1780280900.9575937,0.01811981201171875,137270906698,137270.906698,1780280900.9450316,12.562036514282227,0.0050067901611328125,4.544734954833984,4.526,29884416,2.3823673469387754,1824,chatcmpl-b47c4bfa-4b67-4b49-999b-ab82800462b4-86821731,"nixl_xfer_handle(0x5af9a38093a0, released=False)",decode,0,0,452715,19,d61968e8-e4aa-43a2-8ca8-85b623ffd1e5_dp1,0,nixl_start_time
1780280900.9450707,1780280900.9698257,24.755,1780280900.969845,0.019311904907226562,137270906737,137270.906737,1780280900.9450707,24.77431297302246,0.0050067901611328125,6.799221038818359,6.779,55050240,2.2238028681074535,3360,chatcmpl-b7dcd3f9-6724-4431-82d9-443b00ef10e5-ab73b2c7,"nixl_xfer_handle(0x556359935540, released=False)",decode,1,0,452712,35,d61968e8-e4aa-43a2-8ca8-85b623ffd1e5_dp0,0,nixl_start_time
1780280900.9519296,1780280900.9698687,17.939,1780280900.9698782,0.0095367431640625,137270913596,137270.913596,1780280900.9519296,17.948627471923828,0.0021457672119140625,1.2390613555908203,1.22,3145728,0.17535693182451642,192,chatcmpl-85829a16-3b44-4f33-ae6d-a1f8343e549e-bcf2135b,"nixl_xfer_handle(0x556337b827f0, released=False)",decode,1,0,452712,2,d61968e8-e4aa-43a2-8ca8-85b623ffd1e5_dp0,0,nixl_start_time
1780280901.0566537,1780280901.0945017,37.848,1780280901.0945356,0.033855438232421875,137271018320,137271.01832,1780280901.0566537,37.88185119628906,0.0057220458984375,22.77660369873047,22.739,86507520,2.2856563094483193,5280,chatcmpl-f05cd981-3eb6-468e-9329-cc9e51a44a03-8dfe2ae0,"nixl_xfer_handle(0x556337b827f0, released=False)",decode,1,0,452712,55,d61968e8-e4aa-43a2-8ca8-85b623ffd1e5_dp0,0,nixl_start_time
1780280901.0828037,1780280901.0945578,11.754000000000001,1780280901.094587,0.029325485229492188,137271044470,137271.04447,1780280901.0828037,11.783361434936523,0.0050067901611328125,1.2884140014648438,1.265,3145728,0.26763042368555384,192,chatcmpl-aed42b98-67dd-4e5a-9b09-e54d9a2f85ca-af3effee,"nixl_xfer_handle(0x556359935540, released=False)",decode,1,0,452712,2,d61968e8-e4aa-43a2-8ca8-85b623ffd1e5_dp1,0,nixl_start_time
1780280901.0831516,1780280901.0849056,1.754,1780280901.0852716,0.36597251892089844,137271044818,137271.044818,1780280901.0831516,2.1200180053710938,0.0040531158447265625,1.7771720886230469,1.754,3145728,1.793459521094641,192,chatcmpl-11c9b1fd-b99a-4ef4-a251-a7ff6c24fa0e-8d16394b,"nixl_xfer_handle(0x5af993160f60, released=False)",decode,0,0,452715,2,d61968e8-e4aa-43a2-8ca8-85b623ffd1e5_dp0,0,nixl_start_time
1780280901.0942206,1780280901.1072795,13.059,1780280901.1073008,0.021219253540039062,137271055887,137271.055887,1780280901.0942206,13.080120086669922,0.003814697265625,2.115488052368164,2.096,3145728,0.24088582586721802,192,chatcmpl-839830b8-c4ae-4057-8bbf-d4268a423ffd-bd87391f,"nixl_xfer_handle(0x5af993160f60, released=False)",decode,0,0,452715,2,d61968e8-e4aa-43a2-8ca8-85b623ffd1e5_dp0,0,nixl_start_time
1780280901.1320477,1780280901.1365798,4.531999999999999,1780280901.1369946,0.41484832763671875,137271093714,137271.093714,1780280901.1320477,4.94694709777832,0.0050067901611328125,4.556179046630859,4.532,9437184,2.0823442188879087,576,chatcmpl-0400b5cc-96a6-4bda-8a6e-a07eb0901a50-a3caef55,"nixl_xfer_handle(0x556359935540, released=False)",decode,1,0,452712,6,d61968e8-e4aa-43a2-8ca8-85b623ffd1e5_dp1,0,nixl_start_time
1780280901.1439686,1780280901.1494176,5.449,1780280901.1497672,0.3495216369628906,137271105635,137271.105635,1780280901.1439686,5.798578262329102,0.0040531158447265625,5.468845367431641,5.449,7864320,1.4432593136355296,480,chatcmpl-f1fc35df-948f-4e58-8c2b-ad2c80888be1-93ab99c3,"nixl_xfer_handle(0x5af993160f60, released=False)",decode,0,0,452715,5,d61968e8-e4aa-43a2-8ca8-85b623ffd1e5_dp0,0,nixl_start_time
1780280901.1814806,1780280901.1825247,1.044,1780280901.182539,0.01430511474609375,137271143147,137271.143147,1780280901.1814806,1.058340072631836,0.003814697265625,0.5588531494140625,0.539,1572864,1.5065747126436781,48,chatcmpl-77a7467e-61e3-4085-afd8-9a2c1c026e48-b861d8f7,"nixl_xfer_handle(0x5af993160f60, released=False)",decode,0,0,452715,1,d61968e8-e4aa-43a2-8ca8-85b623ffd1e5_dp1,0,nixl_start_time
1780280901.1815608,1780280901.1949008,13.34,1780280901.1949344,0.03361701965332031,137271143227,137271.143227,1780280901.1815608,13.373613357543945,0.003814697265625,4.730463027954102,4.712,17301504,1.2969643178410795,1056,chatcmpl-d509ec6c-c42c-4e5d-832e-2a7397b5d486-a89bfa81,"nixl_xfer_handle(0x556359935540, released=False)",decode,1,0,452712,11,d61968e8-e4aa-43a2-8ca8-85b623ffd1e5_dp0,0,nixl_start_time
1780280901.2068677,1780280901.2084846,1.617,1780280901.2089312,0.44655799865722656,137271168534,137271.168534,1780280901.2068677,2.0635128021240234,0.0057220458984375,1.6405582427978516,1.617,3145728,1.9454100185528758,192,chatcmpl-b18dc351-a0ee-471e-a936-c10655d93e9e-88a310c4,"nixl_xfer_handle(0x556359935540, released=False)",decode,1,0,452712,2,d61968e8-e4aa-43a2-8ca8-85b623ffd1e5_dp0,0,nixl_start_time
1780280901.2317867,1780280901.2333908,1.6039999999999999,1780280901.2338014,0.4105567932128906,137271193453,137271.193453,1780280901.2317867,2.014636993408203,0.0050067901611328125,1.6243457794189453,1.604,3145728,1.9611770573566085,192,chatcmpl-e9b9614c-ddbe-4d07-b418-eb0d6a752a16-9d42e1b4,"nixl_xfer_handle(0x556359935540, released=False)",decode,1,0,452712,2,d61968e8-e4aa-43a2-8ca8-85b623ffd1e5_dp1,0,nixl_start_time
1780280901.3083916,1780280901.3341966,25.805000000000003,1780280901.3342311,0.03457069396972656,137271270058,137271.270058,1780280901.3083916,25.839567184448242,0.006198883056640625,9.839773178100586,9.817,72351744,2.8037877930633597,4416,chatcmpl-3a5c9472-8adb-43a4-b0aa-1e5e8e9986b5-a02df981,"nixl_xfer_handle(0x556359935540, released=False)",decode,1,0,452712,46,d61968e8-e4aa-43a2-8ca8-85b623ffd1e5_dp0,0,nixl_start_time
1780280901.3464327,1780280901.3509338,4.5009999999999994,1780280901.35138,0.446319580078125,137271308099,137271.308099,1780280901.3464327,4.947423934936523,0.0045299530029296875,4.528284072875977,4.501,9437184,2.096686069762275,576,chatcmpl-b71e3e9f-d411-46f3-8b04-8f8762c0ceb7-b177aae1,"nixl_xfer_handle(0x556359935540, released=False)",decode,1,0,452712,6,d61968e8-e4aa-43a2-8ca8-85b623ffd1e5_dp0,0,nixl_start_time
1780280901.4234617,1780280901.4485447,25.083000000000002,1780280901.448563,0.018358230590820312,137271385128,137271.385128,1780280901.4234617,25.101423263549805,0.0050067901611328125,5.846261978149414,5.826,53477376,2.1320167444085634,3264,chatcmpl-a5fc817f-e4f2-487f-921b-993f16a0cdc7-a2333dc6,"nixl_xfer_handle(0x5af993160f60, released=False)",decode,0,0,452715,34,d61968e8-e4aa-43a2-8ca8-85b623ffd1e5_dp1,0,nixl_start_time
1780280901.6009026,1780280901.6259685,25.066000000000003,1780280901.6259885,0.02002716064453125,137271562569,137271.562569,1780280901.6009026,25.085926055908203,0.00476837158203125,6.773233413696289,6.754,59768832,2.384458310061438,3648,chatcmpl-9ab89512-8f4c-4609-8db0-08a7799b2301-8b361cbc,"nixl_xfer_handle(0x556359935540, released=False)",decode,1,0,452712,38,d61968e8-e4aa-43a2-8ca8-85b623ffd1e5_dp0,0,nixl_start_time
1780280901.6770587,1780280901.7133658,36.307,1780280901.71339,0.024318695068359375,137271638725,137271.638725,1780280901.6770587,36.3314151763916,0.0050067901611328125,8.372306823730469,8.337,67633152,1.8628130112650454,4128,chatcmpl-068d5062-2a6e-48e8-a779-752276edafef-a6f1471e,"nixl_xfer_handle(0x556359935540, released=False)",decode,1,0,452712,43,d61968e8-e4aa-43a2-8ca8-85b623ffd1e5_dp0,0,nixl_start_time
1780280901.6896927,1780280901.7254877,35.795,1780280901.7255015,0.013828277587890625,137271651359,137271.651359,1780280901.6896927,35.80880165100098,0.00476837158203125,19.91891860961914,19.884,47185920,1.3182265679564185,2880,chatcmpl-c17731bc-2b97-4261-8718-030859468df2-83220efe,"nixl_xfer_handle(0x556359901f90, released=False)",decode,1,0,452712,30,d61968e8-e4aa-43a2-8ca8-85b623ffd1e5_dp1,0,nixl_start_time
1780280901.7130287,1780280901.7136416,0.6130000000000001,1780280901.7140424,0.40078163146972656,137271674695,137271.674695,1780280901.7130287,1.0137557983398438,0.0040531158447265625,0.63323974609375,0.613,1572864,2.5658466557911908,48,chatcmpl-4a6f46c4-ae31-4bf3-9eec-855cedd5e704-a76d5e89,"nixl_xfer_handle(0x5af9a3da7e20, released=False)",decode,0,0,452715,1,d61968e8-e4aa-43a2-8ca8-85b623ffd1e5_dp0,0,nixl_start_time
1780280901.7246017,1780280901.7250898,0.488,1780280901.7255201,0.4303455352783203,137271686268,137271.686268,1780280901.7246017,0.9183883666992188,0.0050067901611328125,0.5085468292236328,0.488,1572864,3.2230819672131146,48,chatcmpl-f19dc1fc-c536-45e1-b024-09c8b7b2b105-865983eb,"nixl_xfer_handle(0x556359935540, released=False)",decode,1,0,452712,1,d61968e8-e4aa-43a2-8ca8-85b623ffd1e5_dp0,0,nixl_start_time
1780280901.7625077,1780280901.7669137,4.406000000000001,1780280901.7673192,0.4055500030517578,137271724174,137271.724174,1780280901.7625077,4.811525344848633,0.0040531158447265625,4.4269561767578125,4.406,6291456,1.4279291874716296,384,chatcmpl-15c0b9a8-f928-4a51-b5e8-14395fe7fc41-a42f446e,"nixl_xfer_handle(0x5af9a3da7e20, released=False)",decode,0,0,452715,4,d61968e8-e4aa-43a2-8ca8-85b623ffd1e5_dp1,0,nixl_start_time
1780280901.8753026,1780280901.9057026,30.4,1780280901.905741,0.03838539123535156,137271836969,137271.836969,1780280901.8753026,30.43842315673828,0.0050067901611328125,14.969110488891602,14.944,77070336,2.5352084210526313,4704,chatcmpl-d2ccbc4c-39e8-4d37-81b6-2ded50e87f54-a33203f1,"nixl_xfer_handle(0x556359a3d0f0, released=False)",decode,1,0,452712,49,d61968e8-e4aa-43a2-8ca8-85b623ffd1e5_dp0,0,nixl_start_time
1780280901.8935266,1780280901.9057686,12.241999999999999,1780280901.905781,0.01239776611328125,137271855193,137271.855193,1780280901.8935266,12.254476547241211,0.003337860107421875,2.276182174682617,2.253,6291456,0.5139238686489136,384,chatcmpl-09762db5-aad2-4c7e-986e-1d4e3a77923d-8cee4bb0,"nixl_xfer_handle(0x556337b827f0, released=False)",decode,1,0,452712,4,d61968e8-e4aa-43a2-8ca8-85b623ffd1e5_dp1,0,nixl_start_time
1780280901.8935947,1780280901.9056177,12.023000000000001,1780280901.905636,0.018358230590820312,137271855261,137271.855261,1780280901.8935947,12.041330337524414,0.0040531158447265625,1.8095970153808594,1.79,3145728,0.26164251850619646,192,chatcmpl-add774ea-022a-4677-bd1f-fb8ad0658fab-ac8c67a0,"nixl_xfer_handle(0x5af9a3da7e20, released=False)",decode,0,0,452715,2,d61968e8-e4aa-43a2-8ca8-85b623ffd1e5_dp1,0,nixl_start_time
1780280901.9681966,1780280901.9687006,0.504,1780280901.9763503,7.649660110473633,137271929863,137271.929863,1780280901.9681966,8.153676986694336,0.00476837158203125,0.5240440368652344,0.504,1572864,3.120761904761905,48,chatcmpl-ccbbdeb4-a1d5-47af-ab5d-bd0ce29695b6-8819b12a,"nixl_xfer_handle(0x556337b827f0, released=False)",decode,1,0,452712,1,d61968e8-e4aa-43a2-8ca8-85b623ffd1e5_dp0,0,nixl_start_time
1780280901.9689627,1780280901.9932926,24.330000000000002,1780280901.993318,0.025510787963867188,137271930629,137271.930629,1780280901.9689627,24.355411529541016,0.003814697265625,7.014751434326172,7.002,62914560,2.585884093711467,3840,chatcmpl-26f4be40-5d8b-439d-a161-469a4ec77b68-bdf014eb,"nixl_xfer_handle(0x556359a3d0f0, released=False)",decode,1,0,452712,40,d61968e8-e4aa-43a2-8ca8-85b623ffd1e5_dp0,0,nixl_start_time
1780280901.9805818,1780280901.9933727,12.791,1780280901.9933825,0.009775161743164062,137271942248,137271.942248,1780280901.9805818,12.80069351196289,0.003814697265625,1.1773109436035156,1.154,3145728,0.24593292158548977,192,chatcmpl-6327f3fa-c46f-4534-9e06-388dd45298a5-a8a906f5,"nixl_xfer_handle(0x556337b827f0, released=False)",decode,1,0,452712,2,d61968e8-e4aa-43a2-8ca8-85b623ffd1e5_dp1,0,nixl_start_time
1780280901.9807057,1780280901.9932148,12.508999999999999,1780280901.993233,0.01811981201171875,137271942372,137271.942372,1780280901.9807057,12.527227401733398,0.004291534423828125,5.128383636474609,5.109,31457280,2.5147717643296827,1920,chatcmpl-59a569ee-88a1-4a29-8ea4-2c9ab83bdd94-80795344,"nixl_xfer_handle(0x5af9a3da7e20, released=False)",decode,0,0,452715,20,d61968e8-e4aa-43a2-8ca8-85b623ffd1e5_dp1,0,nixl_start_time
1780280902.0555606,1780280902.0571885,1.6280000000000001,1780280902.0576305,0.4420280456542969,137272017227,137272.017227,1780280902.0555606,2.0699501037597656,0.002384185791015625,1.6453266143798828,1.628,3145728,1.932265356265356,192,chatcmpl-68f3a604-d634-4848-80e7-a9e5dbc33dba-bd5ec4f5,"nixl_xfer_handle(0x556337b827f0, released=False)",decode,1,0,452712,2,d61968e8-e4aa-43a2-8ca8-85b623ffd1e5_dp0,0,nixl_start_time
1780280902.0558016,1780280902.0778956,22.093999999999998,1780280902.0779145,0.018835067749023438,137272017468,137272.017468,1780280902.0558016,22.11284637451172,0.00476837158203125,16.591787338256836,16.557,72351744,3.2747236353761204,4416,chatcmpl-59314bfa-953e-42cf-ac85-b87e71895173-97ecea33,"nixl_xfer_handle(0x5af9a3da7e20, released=False)",decode,0,0,452715,46,d61968e8-e4aa-43a2-8ca8-85b623ffd1e5_dp0,0,nixl_start_time
1780280902.0725126,1780280902.0890746,16.562,1780280902.089091,0.016450881958007812,137272034179,137272.034179,1780280902.0725126,16.57843589782715,0.003814697265625,1.2967586517333984,1.28,3145728,0.18993648110131628,192,chatcmpl-74a6ffe2-d87d-476b-81bb-5c5dbe9be379-9dcd241c,"nixl_xfer_handle(0x5af99838e800, released=False)",decode,0,0,452715,2,d61968e8-e4aa-43a2-8ca8-85b623ffd1e5_dp0,0,nixl_start_time
1780280902.1266737,1780280902.1753018,48.628,1780280902.1753142,0.01239776611328125,137272088340,137272.08834,1780280902.1266737,48.64048957824707,0.006198883056640625,27.618408203125,27.581,102236160,2.102413424364564,6240,chatcmpl-37dd723f-4a84-4fec-a431-a45aa95d0444-9a878af3,"nixl_xfer_handle(0x556337b827f0, released=False)",decode,1,0,452712,65,d61968e8-e4aa-43a2-8ca8-85b623ffd1e5_dp1,0,nixl_start_time
1780280902.1693337,1780280902.1711488,1.815,1780280902.171528,0.37932395935058594,137272131000,137272.131,1780280902.1693337,2.1944046020507812,0.003337860107421875,1.8317699432373047,1.815,3145728,1.73318347107438,192,chatcmpl-ac779579-f10c-44c6-be60-a5f7ed27ab6d-b3feb773,"nixl_xfer_handle(0x5af99838e800, released=False)",decode,0,0,452715,2,d61968e8-e4aa-43a2-8ca8-85b623ffd1e5_dp0,0,nixl_start_time
1780280902.1694677,1780280902.1847467,15.279,1780280902.1847625,0.015735626220703125,137272131134,137272.131134,1780280902.1694677,15.294790267944336,0.0050067901611328125,5.470752716064453,5.448,31457280,2.058857255055959,1920,chatcmpl-0f7b9d5c-bb44-4b92-85c1-26f082bbe29a-96862734,"nixl_xfer_handle(0x556359a297c0, released=False)",decode,1,0,452712,20,d61968e8-e4aa-43a2-8ca8-85b623ffd1e5_dp0,0,nixl_start_time
1780280902.1819146,1780280902.1843426,2.428,1780280902.1847806,0.4379749298095703,137272143581,137272.143581,1780280902.1819146,2.866029739379883,0.00476837158203125,2.451658248901367,2.428,4718592,1.9434069192751235,288,chatcmpl-6a694434-cb97-42ec-9ab1-d87f4210a428-b4f51fc7,"nixl_xfer_handle(0x55635995baa0, released=False)",decode,1,0,452712,3,d61968e8-e4aa-43a2-8ca8-85b623ffd1e5_dp0,0,nixl_start_time
1780280902.2837827,1780280902.3225718,38.788999999999994,1780280902.3226318,0.06008148193359375,137272245449,137272.245449,1780280902.2837827,38.8491153717041,0.0064373016357421875,23.028850555419922,22.992,97517568,2.5140521281806696,5952,chatcmpl-872e6443-443f-4510-81ea-ed7f3f9cdd4a-812e009d,"nixl_xfer_handle(0x5af99838e800, released=False)",decode,0,0,452715,62,d61968e8-e4aa-43a2-8ca8-85b623ffd1e5_dp1,0,nixl_start_time
1780280902.3104117,1780280902.3282137,17.802,1780280902.328248,0.034332275390625,137272272078,137272.272078,1780280902.3104117,17.836332321166992,0.0050067901611328125,5.4874420166015625,5.466,34603008,1.9437708122682846,2112,chatcmpl-09c8bfad-c82a-475c-814a-21cae60ae7e8-90186f02,"nixl_xfer_handle(0x556359a297c0, released=False)",decode,1,0,452712,22,d61968e8-e4aa-43a2-8ca8-85b623ffd1e5_dp0,0,nixl_start_time
1780280902.3224347,1780280902.3354616,13.027000000000001,1780280902.3355157,0.05412101745605469,137272284101,137272.284101,1780280902.3224347,13.081073760986328,0.0054836273193359375,5.38945198059082,5.37,29884416,2.2940366930221847,1824,chatcmpl-4015f07c-4953-40f8-a8b5-5f081a876768-9da462f9,"nixl_xfer_handle(0x556359a3d0f0, released=False)",decode,1,0,452712,19,d61968e8-e4aa-43a2-8ca8-85b623ffd1e5_dp0,0,nixl_start_time
1780280902.3983607,1780280902.4002306,1.8699999999999999,1780280902.4006405,0.40984153747558594,137272360027,137272.360027,1780280902.3983607,2.2797584533691406,0.004291534423828125,1.889944076538086,1.87,3145728,1.682207486631016,192,chatcmpl-bcd362a9-ca30-4c4f-82b2-abfe0b73fb12-86abe9e7,"nixl_xfer_handle(0x5af99a3333c0, released=False)",decode,0,0,452715,2,d61968e8-e4aa-43a2-8ca8-85b623ffd1e5_dp1,0,nixl_start_time
1780280902.4109566,1780280902.4201226,9.166,1780280902.4204535,0.33092498779296875,137272372623,137272.372623,1780280902.4109566,9.496927261352539,0.004291534423828125,9.187936782836914,9.166,15728640,1.7159764346497928,960,chatcmpl-56449e46-ae21-4ad5-bbdc-26c43e64ec3c-b76919d8,"nixl_xfer_handle(0x5af99a3333c0, released=False)",decode,0,0,452715,10,d61968e8-e4aa-43a2-8ca8-85b623ffd1e5_dp0,0,nixl_start_time
1780280902.5508337,1780280902.5545697,3.736,1780280902.5549693,0.39958953857421875,137272512500,137272.5125,1780280902.5508337,4.135608673095703,0.005245208740234375,3.757476806640625,3.736,7864320,2.1050107066381156,480,chatcmpl-01ceaf72-fbb6-4e5d-bf30-e1f0091ab970-a718da1c,"nixl_xfer_handle(0x556359a3d0f0, released=False)",decode,1,0,452712,5,d61968e8-e4aa-43a2-8ca8-85b623ffd1e5_dp1,0,nixl_start_time
1780280902.6392086,1780280902.6695917,30.383,1780280902.669605,0.0133514404296875,137272600875,137272.600875,1780280902.6392086,30.396461486816406,0.005245208740234375,5.952119827270508,5.917,59768832,1.967180067801073,3648,chatcmpl-05e19c9d-a441-4445-bb00-fd0f0864d436-ae78c5c4,"nixl_xfer_handle(0x5af99a3333c0, released=False)",decode,0,0,452715,38,d61968e8-e4aa-43a2-8ca8-85b623ffd1e5_dp0,0,nixl_start_time
1780280902.6511467,1780280902.6527176,1.571,1780280902.6530702,0.35262107849121094,137272612813,137272.612813,1780280902.6511467,1.9235610961914062,0.0045299530029296875,1.5940666198730469,1.571,3145728,2.0023730108211333,192,chatcmpl-b326589c-cecc-430e-9e1b-58b63e7756af-b565f6c4,"nixl_xfer_handle(0x556359a3d0f0, released=False)",decode,1,0,452712,2,d61968e8-e4aa-43a2-8ca8-85b623ffd1e5_dp1,0,nixl_start_time
1780280902.6641147,1780280902.6764817,12.366999999999999,1780280902.6765053,0.023603439331054688,137272625781,137272.625781,1780280902.6641147,12.390613555908203,0.003814697265625,5.05375862121582,5.033,37748736,3.0523761623675916,2304,chatcmpl-e579d47d-70e1-49ac-9ade-772626a351e9-b7097dfd,"nixl_xfer_handle(0x5af9a3dc9be0, released=False)",decode,0,0,452715,24,d61968e8-e4aa-43a2-8ca8-85b623ffd1e5_dp0,0,nixl_start_time
1780280902.6888256,1780280902.6933327,4.507,1780280902.6937442,0.4115104675292969,137272650492,137272.650492,1780280902.6888256,4.918575286865234,0.00476837158203125,4.535913467407227,4.507,9437184,2.0938948302640337,576,chatcmpl-b8dc82af-c098-46dd-942c-07b1c5cea562-8dd0b93b,"nixl_xfer_handle(0x556359a3d0f0, released=False)",decode,1,0,452712,6,d61968e8-e4aa-43a2-8ca8-85b623ffd1e5_dp1,0,nixl_start_time
1780280902.7013667,1780280902.7019587,0.592,1780280902.7023044,0.3457069396972656,137272663033,137272.663033,1780280902.7013667,0.9377002716064453,0.0050067901611328125,0.6098747253417969,0.592,1572864,2.6568648648648647,48,chatcmpl-e456ffb2-bcc7-43bd-9a73-647aaf4191a4-b0e35224,"nixl_xfer_handle(0x5af99a3333c0, released=False)",decode,0,0,452715,1,d61968e8-e4aa-43a2-8ca8-85b623ffd1e5_dp0,0,nixl_start_time
1780280902.7383537,1780280902.7539346,15.581,1780280902.7539854,0.05078315734863281,137272700020,137272.70002,1780280902.7383537,15.631675720214844,0.024080276489257812,6.018400192260742,5.973,39321600,2.5236891085296196,2400,chatcmpl-3468cb8c-fe9e-4438-a5f8-3a12a0a731d8-93ab5ec9,"nixl_xfer_handle(0x556359a3d0f0, released=False)",decode,1,0,452712,25,d61968e8-e4aa-43a2-8ca8-85b623ffd1e5_dp1,0,nixl_start_time
1780280902.7511377,1780280902.7535248,2.387,1780280902.7540073,0.4825592041015625,137272712804,137272.712804,1780280902.7511377,2.8696060180664062,0.0050067901611328125,2.416372299194336,2.387,4718592,1.976787599497277,288,chatcmpl-2782efd2-8ebb-4da9-97dd-1f158e674f05-b324a2ba,"nixl_xfer_handle(0x556359a297c0, released=False)",decode,1,0,452712,3,d61968e8-e4aa-43a2-8ca8-85b623ffd1e5_dp0,0,nixl_start_time
1780280902.7890587,1780280902.7900398,0.9810000000000001,1780280902.7900512,0.011444091796875,137272750725,137272.750725,1780280902.7890587,0.9925365447998047,0.0040531158447265625,0.6070137023925781,0.588,1572864,1.6033272171253823,48,chatcmpl-e30eb066-ec70-4717-9c56-7eb6702693ef-8417e7d4,"nixl_xfer_handle(0x5af99a3333c0, released=False)",decode,0,0,452715,1,d61968e8-e4aa-43a2-8ca8-85b623ffd1e5_dp0,0,nixl_start_time
1780280902.9029517,1780280902.9153798,12.427999999999999,1780280902.9154208,0.04100799560546875,137272864618,137272.864618,1780280902.9029517,12.469053268432617,0.003814697265625,0.4818439483642578,0.462,1572864,0.12655809462504022,48,chatcmpl-9d768b6f-ad80-46c3-936b-dba2f4b49c20-8946adb9,"nixl_xfer_handle(0x5af99a3333c0, released=False)",decode,0,0,452715,1,d61968e8-e4aa-43a2-8ca8-85b623ffd1e5_dp1,0,nixl_start_time
1780280903.0028827,1780280903.0307527,27.869999999999997,1780280903.03077,0.017404556274414062,137272964549,137272.964549,1780280903.0028827,27.887344360351562,0.005245208740234375,12.269735336303711,12.247,72351744,2.596043918191604,4416,chatcmpl-dfd1bdaf-0e8d-41b2-897c-a2a2f8242f0b-b8a60e77,"nixl_xfer_handle(0x5af9a41b0cf0, released=False)",decode,0,0,452715,46,d61968e8-e4aa-43a2-8ca8-85b623ffd1e5_dp0,0,nixl_start_time
1780280903.0305636,1780280903.0321527,1.589,1780280903.0325673,0.4146099090576172,137272992230,137272.99223,1780280903.0305636,2.0036697387695312,0.00476837158203125,1.6088485717773438,1.589,3145728,1.9796903713027063,192,chatcmpl-44a97eda-249a-4653-86ee-2b3ac64f02d4-97b47cf5,"nixl_xfer_handle(0x556359a297c0, released=False)",decode,1,0,452712,2,d61968e8-e4aa-43a2-8ca8-85b623ffd1e5_dp1,0,nixl_start_time
1780280903.0429626,1780280903.0513706,8.408000000000001,1780280903.0517824,0.41174888610839844,137273004629,137273.004629,1780280903.0429626,8.819818496704102,0.003814697265625,8.431673049926758,8.408,12582912,1.4965404376784015,768,chatcmpl-a19d827e-935d-4d0a-aa64-3696980ccbaa-84470d96,"nixl_xfer_handle(0x5af9a3e0ba00, released=False)",decode,0,0,452715,8,d61968e8-e4aa-43a2-8ca8-85b623ffd1e5_dp0,0,nixl_start_time
1780280903.0681667,1780280903.0697417,1.575,1780280903.070131,0.38933753967285156,137273029833,137273.029833,1780280903.0681667,1.9643306732177734,0.005245208740234375,1.5943050384521484,1.575,3145728,1.9972876190476192,192,chatcmpl-9d2b36dc-a7ed-49d4-9e2a-59d037ada6f7-9fdacd8c,"nixl_xfer_handle(0x556359a297c0, released=False)",decode,1,0,452712,2,d61968e8-e4aa-43a2-8ca8-85b623ffd1e5_dp0,0,nixl_start_time
1780280903.2804286,1780280903.3053696,24.941000000000003,1780280903.305436,0.06628036499023438,137273242095,137273.242095,1780280903.2804286,25.007247924804688,0.0057220458984375,4.622936248779297,4.601,44040192,1.7657749087847319,2688,chatcmpl-ab8ee3dd-ec53-4725-9dff-e8f4b680925c-87c31062,"nixl_xfer_handle(0x5af9a3e0ba00, released=False)",decode,0,0,452715,28,d61968e8-e4aa-43a2-8ca8-85b623ffd1e5_dp0,0,nixl_start_time
1780280903.4301867,1780280903.4362998,6.113,1780280903.436678,0.3781318664550781,137273391853,137273.391853,1780280903.4301867,6.491184234619141,0.0040531158447265625,6.135463714599609,6.113,9437184,1.5437893014886308,576,chatcmpl-746f8bba-0612-4bfb-adb0-2523fd8d9b44-826644f0,"nixl_xfer_handle(0x5af9a383eea0, released=False)",decode,0,0,452715,6,d61968e8-e4aa-43a2-8ca8-85b623ffd1e5_dp0,0,nixl_start_time
1780280903.4302366,1780280903.4334176,3.1809999999999996,1780280903.4338267,0.40912628173828125,137273391903,137273.391903,1780280903.4302366,3.590106964111328,0.0040531158447265625,3.200531005859375,3.181,6291456,1.977823325998114,384,chatcmpl-af9dea15-e7b6-491a-95a9-01df616567a5-89eac71c,"nixl_xfer_handle(0x556359a297c0, released=False)",decode,1,0,452712,4,d61968e8-e4aa-43a2-8ca8-85b623ffd1e5_dp1,0,nixl_start_time
1780280903.4549456,1780280903.4554327,0.48700000000000004,1780280903.4558256,0.392913818359375,137273416612,137273.416612,1780280903.4549456,0.8800029754638672,0.004291534423828125,0.507354736328125,0.487,1572864,3.229700205338809,48,chatcmpl-888787c2-4742-4a36-8d73-1193fd02b5f6-81a52047,"nixl_xfer_handle(0x556359a297c0, released=False)",decode,1,0,452712,1,d61968e8-e4aa-43a2-8ca8-85b623ffd1e5_dp0,0,nixl_start_time
1780280903.7155666,1780280903.7181597,2.593,1780280903.7181723,0.012636184692382812,137273677233,137273.677233,1780280903.7155666,2.6056766510009766,0.0050067901611328125,2.0880699157714844,2.067,3145728,1.213161588893174,192,chatcmpl-8b3f5e89-b8df-4c33-bcc6-3e70303fc578-a2b86f9f,"nixl_xfer_handle(0x5af9a383eea0, released=False)",decode,0,0,452715,2,d61968e8-e4aa-43a2-8ca8-85b623ffd1e5_dp0,0,nixl_start_time
1780280903.7527986,1780280903.7775965,24.798000000000002,1780280903.7776165,0.02002716064453125,137273714465,137273.714465,1780280903.7527986,24.817943572998047,0.0057220458984375,6.236791610717773,6.216,44040192,1.7759574159206388,2688,chatcmpl-a0bbb537-692b-4bb5-98d7-0e531d65fc16-a9f71505,"nixl_xfer_handle(0x556359a297c0, released=False)",decode,1,0,452712,28,d61968e8-e4aa-43a2-8ca8-85b623ffd1e5_dp1,0,nixl_start_time
1780280903.8026597,1780280903.8151267,12.467,1780280903.8151886,0.06198883056640625,137273764326,137273.764326,1780280903.8026597,12.52889633178711,0.0040531158447265625,3.9472579956054688,3.929,28311552,2.2709193871821607,1728,chatcmpl-b835681b-3bb7-40f3-ac2b-fd5f780c12cb-83b9f03f,"nixl_xfer_handle(0x5af9a383eea0, released=False)",decode,0,0,452715,18,d61968e8-e4aa-43a2-8ca8-85b623ffd1e5_dp0,0,nixl_start_time
1780280903.8644466,1780280903.8768556,12.409,1780280903.8768823,0.026702880859375,137273826113,137273.826113,1780280903.8644466,12.435674667358398,0.0054836273193359375,5.783557891845703,5.764,28311552,2.2815337255217987,1728,chatcmpl-e8debe06-ef20-47b0-bb67-1af3e5472e46-86b60524,"nixl_xfer_handle(0x556359a297c0, released=False)",decode,1,0,452712,18,d61968e8-e4aa-43a2-8ca8-85b623ffd1e5_dp1,0,nixl_start_time
1780280903.8895767,1780280903.9163086,26.732,1780280903.916324,0.0152587890625,137273851243,137273.851243,1780280903.8895767,26.74722671508789,0.0045299530029296875,5.303144454956055,5.284,42467328,1.5886326500074819,2592,chatcmpl-a47c177c-cc8d-453a-bde2-9339ef4b81c3-b974ef8d,"nixl_xfer_handle(0x5af9a3dce360, released=False)",decode,0,0,452715,27,d61968e8-e4aa-43a2-8ca8-85b623ffd1e5_dp0,0,nixl_start_time
1780280903.9140916,1780280903.9159555,1.8639999999999999,1780280903.916355,0.3993511199951172,137273875758,137273.875758,1780280903.9140916,2.263307571411133,0.003814697265625,1.8856525421142578,1.864,3145728,1.6876223175965663,192,chatcmpl-7975a6f7-2f10-4fe2-bded-7bce46bba465-99a60f4c,"nixl_xfer_handle(0x5af9a3da7e20, released=False)",decode,0,0,452715,2,d61968e8-e4aa-43a2-8ca8-85b623ffd1e5_dp0,0,nixl_start_time
1780280903.9516168,1780280903.9642448,12.628,1780280903.9642923,0.04744529724121094,137273913283,137273.913283,1780280903.9516168,12.67552375793457,0.0050067901611328125,5.5751800537109375,5.55,29884416,2.366520114032309,1824,chatcmpl-6aa59a94-734d-4ec3-911f-e79a7c762fb5-94746c77,"nixl_xfer_handle(0x556359a2c5e0, released=False)",decode,1,0,452712,19,d61968e8-e4aa-43a2-8ca8-85b623ffd1e5_dp1,0,nixl_start_time
1780280904.0261676,1780280904.0356567,9.488999999999999,1780280904.0359411,0.28443336486816406,137273987834,137273.987834,1780280904.0261676,9.773492813110352,0.0045299530029296875,9.513616561889648,9.489,14155776,1.4918090420486882,864,chatcmpl-6fbe97af-9288-44e1-96a1-152dc36769dd-84381b74,"nixl_xfer_handle(0x5af9a3dce360, released=False)",decode,0,0,452715,9,d61968e8-e4aa-43a2-8ca8-85b623ffd1e5_dp0,0,nixl_start_time
1780280904.0640087,1780280904.0760307,12.022,1780280904.0760584,0.02765655517578125,137274025675,137274.025675,1780280904.0640087,12.049674987792969,0.004291534423828125,4.3544769287109375,4.336,18874368,1.569985692896357,1152,chatcmpl-85889d8c-6b23-42b6-8b6d-11b5969f9bfa-ad4da2b2,"nixl_xfer_handle(0x556359a2c5e0, released=False)",decode,1,0,452712,12,d61968e8-e4aa-43a2-8ca8-85b623ffd1e5_dp1,0,nixl_start_time
1780280904.0885496,1780280904.1020186,13.469,1780280904.1020699,0.05125999450683594,137274050216,137274.050216,1780280904.0885496,13.520240783691406,0.0045299530029296875,9.800434112548828,9.77,14155776,1.0509893830276933,864,chatcmpl-79b8f12a-6d8b-43db-948a-9fbce4003124-979e62b2,"nixl_xfer_handle(0x5af9a3dce360, released=False)",decode,0,0,452715,9,d61968e8-e4aa-43a2-8ca8-85b623ffd1e5_dp0,0,nixl_start_time
