start,end,duration_ms,req,role,dp,tp,pid,n_blocks,remote_engine,remote_rank
1780281084.1326823,1780281084.142192,9.509563446044922,chatcmpl-99337ff0-588f-4dbe-835c-91bc829c01a7-ba91497e,decode,0,0,452715,3,d61968e8-e4aa-43a2-8ca8-85b623ffd1e5_dp0,0
1780281084.302288,1780281084.316733,14.444828033447266,chatcmpl-ad2dfc71-6ea4-4f93-b913-07a7f6af7928-acff3ac2,decode,0,0,452715,49,d61968e8-e4aa-43a2-8ca8-85b623ffd1e5_dp1,0
1780281084.3768697,1780281084.3914158,14.54615592956543,chatcmpl-ee58779b-538b-43bb-a004-5cc51ffe4021-bb631bf1,decode,0,0,452715,45,d61968e8-e4aa-43a2-8ca8-85b623ffd1e5_dp0,0
1780281084.4508288,1780281084.47021,19.381284713745117,chatcmpl-11522057-1d1b-4732-9f59-feee82953a4b-91206a04,decode,0,0,452715,37,d61968e8-e4aa-43a2-8ca8-85b623ffd1e5_dp1,0
1780281084.4698958,1780281084.4784489,8.553028106689453,chatcmpl-7eb5c362-12ac-4ceb-8f0a-7f92fd8ed899-a841add6,decode,0,0,452715,6,d61968e8-e4aa-43a2-8ca8-85b623ffd1e5_dp0,0
1780281084.5603573,1780281084.5755138,15.15650749206543,chatcmpl-9026e795-5a61-42f1-b9d9-53b83fc0abf4-bf96dfaf,decode,0,0,452715,26,d61968e8-e4aa-43a2-8ca8-85b623ffd1e5_dp0,0
1780281084.5879688,1780281084.6001146,12.145757675170898,chatcmpl-b2e82408-c1e5-418f-977f-39c929951743-816a22fb,decode,0,0,452715,1,d61968e8-e4aa-43a2-8ca8-85b623ffd1e5_dp1,0
1780281084.6458676,1780281084.6611547,15.287160873413086,chatcmpl-70676b91-453d-4d4c-8801-a1d0c255123f-9e30a5bd,decode,0,0,452715,29,d61968e8-e4aa-43a2-8ca8-85b623ffd1e5_dp0,0
1780281084.714584,1780281084.7295694,14.985322952270508,chatcmpl-198df1bc-d788-4d9a-bae5-086bec0205f0-aebb42be,decode,0,0,452715,10,d61968e8-e4aa-43a2-8ca8-85b623ffd1e5_dp1,0
1780281084.7559097,1780281084.7665782,10.668516159057617,chatcmpl-3a1d2936-67b1-4baf-bad7-9d04926e781c-b403ef6d,decode,0,0,452715,2,d61968e8-e4aa-43a2-8ca8-85b623ffd1e5_dp1,0
1780281084.8215466,1780281084.828388,6.841421127319336,chatcmpl-9186e4b3-3f51-46fd-a9e2-592d7f4e5c14-81c90da4,decode,0,0,452715,6,d61968e8-e4aa-43a2-8ca8-85b623ffd1e5_dp0,0
1780281084.9242644,1780281084.9277437,3.4792423248291016,chatcmpl-1a103e3f-ddd1-4615-b3e1-296fc9482667-a55bd1ba,decode,0,0,452715,24,d61968e8-e4aa-43a2-8ca8-85b623ffd1e5_dp0,0
1780281085.1106818,1780281085.1257656,15.083789825439453,chatcmpl-705b0dc6-d443-4438-a70b-c7324f35fc42-86e4586b,decode,0,0,452715,39,d61968e8-e4aa-43a2-8ca8-85b623ffd1e5_dp0,0
1780281085.1204672,1780281085.1383011,17.833948135375977,chatcmpl-755c34f3-7da7-4236-8d58-ea1844a90cfe-a7acfdbe,decode,0,0,452715,12,d61968e8-e4aa-43a2-8ca8-85b623ffd1e5_dp0,0
1780281085.2133965,1780281085.2239916,10.595083236694336,chatcmpl-ebfa8218-e104-4bd0-a662-d29df860c667-b5c227d8,decode,0,0,452715,2,d61968e8-e4aa-43a2-8ca8-85b623ffd1e5_dp1,0
1780281085.3486178,1780281085.3591256,10.507822036743164,chatcmpl-d737250d-e4de-4b63-a47d-e128f461ad6e-9a096096,decode,0,0,452715,2,d61968e8-e4aa-43a2-8ca8-85b623ffd1e5_dp1,0
1780281085.38747,1780281085.3959594,8.489370346069336,chatcmpl-c9e86360-e995-4004-b5aa-971a11287398-aaef64ad,decode,0,0,452715,17,d61968e8-e4aa-43a2-8ca8-85b623ffd1e5_dp0,0
1780281085.4099329,1780281085.421112,11.179208755493164,chatcmpl-af6318e3-fb12-4956-8157-40b8b34f8e12-83ca1872,decode,0,0,452715,2,d61968e8-e4aa-43a2-8ca8-85b623ffd1e5_dp0,0
1780281085.6348908,1780281085.642381,7.4901580810546875,chatcmpl-6b9c90ac-a3a1-47b8-a7d7-7cb82d400f10-bf5ebdd9,decode,0,0,452715,5,d61968e8-e4aa-43a2-8ca8-85b623ffd1e5_dp0,0
1780281085.6971638,1780281085.7163818,19.217967987060547,chatcmpl-5354df04-7d6b-424c-95d9-45d2e9c5713a-8ac3ee45,decode,0,0,452715,32,d61968e8-e4aa-43a2-8ca8-85b623ffd1e5_dp1,0
1780281085.9724565,1780281085.9874892,15.032768249511719,chatcmpl-98447c3b-f582-49b1-8285-1e4213a87fd3-81e4033b,decode,0,0,452715,39,d61968e8-e4aa-43a2-8ca8-85b623ffd1e5_dp0,0
1780281086.026228,1780281086.0489383,22.710323333740234,chatcmpl-5d3d2e2b-fc08-4973-850f-34d2450e3f29-8d0060ed,decode,0,0,452715,2,d61968e8-e4aa-43a2-8ca8-85b623ffd1e5_dp0,0
1780281086.0385857,1780281086.0490131,10.427474975585938,chatcmpl-90eccc32-3342-4f1e-bd2a-c67a15135a1f-89b4c5c1,decode,0,0,452715,2,d61968e8-e4aa-43a2-8ca8-85b623ffd1e5_dp1,0
1780281086.0485144,1780281086.0640497,15.535354614257812,chatcmpl-5e1f91f9-a835-42bd-9cec-301e2da19daa-be9eb83d,decode,0,0,452715,30,d61968e8-e4aa-43a2-8ca8-85b623ffd1e5_dp1,0
1780281086.1962004,1780281086.2109554,14.755010604858398,chatcmpl-9b6cbdd2-48eb-4ecb-b968-57fce29de9b6-b51c3383,decode,0,0,452715,32,d61968e8-e4aa-43a2-8ca8-85b623ffd1e5_dp0,0
1780281086.232489,1780281086.247688,15.198945999145508,chatcmpl-b57da8ef-ab7e-4036-98ec-117f6867233d-b2eceff7,decode,0,0,452715,30,d61968e8-e4aa-43a2-8ca8-85b623ffd1e5_dp0,0
1780281086.398883,1780281086.4065835,7.700443267822266,chatcmpl-0037fe74-bdd8-4574-afed-0403e04824de-946076eb,decode,0,0,452715,5,d61968e8-e4aa-43a2-8ca8-85b623ffd1e5_dp0,0
1780281086.7935035,1780281086.8040602,10.556697845458984,chatcmpl-1fa427f4-fada-448b-83dc-3b33c836d414-9af4ecb6,decode,0,0,452715,2,d61968e8-e4aa-43a2-8ca8-85b623ffd1e5_dp1,0
1780281086.9583273,1780281086.9647777,6.450414657592773,chatcmpl-f564b849-fde2-4f18-ba88-751e0deb6356-aa1c59b7,decode,0,0,452715,14,d61968e8-e4aa-43a2-8ca8-85b623ffd1e5_dp1,0
1780281087.0393786,1780281087.066149,26.770353317260742,chatcmpl-0adcf685-9393-498b-9688-5f8093f10c38-8087a736,decode,0,0,452715,49,d61968e8-e4aa-43a2-8ca8-85b623ffd1e5_dp0,0
1780281087.0658705,1780281087.0926437,26.77321434020996,chatcmpl-ed5a5e57-02a6-48f9-bdf0-7fa73ad0a962-b1e10fcd,decode,0,0,452715,9,d61968e8-e4aa-43a2-8ca8-85b623ffd1e5_dp1,0
1780281087.0922244,1780281087.107329,15.104532241821289,chatcmpl-5e056662-9f2d-4eb0-ba70-5e5848f4fb86-9570f5bf,decode,0,0,452715,28,d61968e8-e4aa-43a2-8ca8-85b623ffd1e5_dp0,0
1780281087.1695416,1780281087.1698906,0.3490447998046875,chatcmpl-96acce6a-5197-444e-94ec-d2b11b2ca705-a66e31a8,decode,0,0,452715,1,d61968e8-e4aa-43a2-8ca8-85b623ffd1e5_dp0,0
1780281087.268025,1780281087.283151,15.12598991394043,chatcmpl-23a0e8c6-b58a-4649-9ccb-4cafd5a227e6-b384009d,decode,0,0,452715,50,d61968e8-e4aa-43a2-8ca8-85b623ffd1e5_dp1,0
1780281087.4726121,1780281087.492498,19.885778427124023,chatcmpl-a2a2c363-c73f-4c1e-a372-dab507fdab78-bcb53ed5,decode,0,0,452715,25,d61968e8-e4aa-43a2-8ca8-85b623ffd1e5_dp0,0
1780281087.5361814,1780281087.541587,5.405664443969727,chatcmpl-3fe7efd6-7083-4fec-8abd-d19c1f0cf144-84e058f3,decode,0,0,452715,17,d61968e8-e4aa-43a2-8ca8-85b623ffd1e5_dp1,0
1780281087.6061807,1780281087.6165073,10.326623916625977,chatcmpl-c8388efe-55ac-4573-ad83-9661c78a4cca-ad847e14,decode,0,0,452715,4,d61968e8-e4aa-43a2-8ca8-85b623ffd1e5_dp0,0
1780281087.6128938,1780281087.6166208,3.726959228515625,chatcmpl-47501f71-a82b-4f38-84dd-49cd4d9633a9-9fb65b97,decode,0,0,452715,12,d61968e8-e4aa-43a2-8ca8-85b623ffd1e5_dp1,0
1780281087.6327024,1780281087.6402981,7.59577751159668,chatcmpl-acb94107-1583-44ad-94e5-698e8a0dfa03-beb77d6c,decode,0,0,452715,23,d61968e8-e4aa-43a2-8ca8-85b623ffd1e5_dp1,0
1780281087.7852013,1780281087.799996,14.794588088989258,chatcmpl-e65d25c7-2940-42e3-a04a-4601b93dca43-82793360,decode,0,0,452715,39,d61968e8-e4aa-43a2-8ca8-85b623ffd1e5_dp0,0
1780281087.831064,1780281087.849177,18.112897872924805,chatcmpl-f58c4938-1ae2-46b7-9e78-f734021e8a1c-990d285f,decode,0,0,452715,25,d61968e8-e4aa-43a2-8ca8-85b623ffd1e5_dp1,0
1780281087.9585822,1780281087.9699452,11.363029479980469,chatcmpl-96f4d037-b900-4905-a172-051bbf6bbd19-81feb12b,decode,0,0,452715,3,d61968e8-e4aa-43a2-8ca8-85b623ffd1e5_dp1,0
1780281087.9696,1780281087.9700098,0.40984153747558594,chatcmpl-fd599bc6-9235-4448-a3f1-89b0d3c7d7aa-89df7a78,decode,0,0,452715,2,d61968e8-e4aa-43a2-8ca8-85b623ffd1e5_dp0,0
1780281088.1257827,1780281088.1405993,14.816522598266602,chatcmpl-1ff26853-f2f9-4e88-ac12-d4194e7ddd28-803f2b29,decode,0,0,452715,48,d61968e8-e4aa-43a2-8ca8-85b623ffd1e5_dp1,0
1780281088.202146,1780281088.2172186,15.07258415222168,chatcmpl-eb968c08-373e-4635-9fba-0f915ae51b16-89d75026,decode,0,0,452715,47,d61968e8-e4aa-43a2-8ca8-85b623ffd1e5_dp0,0
1780281088.2918797,1780281088.301274,9.394407272338867,chatcmpl-13745b85-8f0a-4087-a39e-f5ab11817b17-805c8bfb,decode,0,0,452715,2,d61968e8-e4aa-43a2-8ca8-85b623ffd1e5_dp0,0
1780281088.3956776,1780281088.4004886,4.81104850769043,chatcmpl-df13c2ad-42d5-49e4-abba-dd7411b3ac17-a086b004,decode,0,0,452715,21,d61968e8-e4aa-43a2-8ca8-85b623ffd1e5_dp1,0
1780281088.6709776,1780281088.680609,9.63139533996582,chatcmpl-84da0e47-281c-4968-8569-1ee7cdf5ad09-ac6b82b7,decode,0,0,452715,3,d61968e8-e4aa-43a2-8ca8-85b623ffd1e5_dp0,0
1780281088.6946561,1780281088.6949894,0.3333091735839844,chatcmpl-615871f6-10be-4907-abce-78020bcf1eec-89a50f2a,decode,0,0,452715,2,d61968e8-e4aa-43a2-8ca8-85b623ffd1e5_dp0,0
1780281088.8069139,1780281088.8218787,14.964818954467773,chatcmpl-7a07519a-e0f8-4d7a-af4f-d568769775d4-9203b0f6,decode,0,0,452715,49,d61968e8-e4aa-43a2-8ca8-85b623ffd1e5_dp0,0
1780281088.878899,1780281088.8849087,6.009578704833984,chatcmpl-871f5734-84a4-4460-975b-14e266aaaee4-970113e2,decode,0,0,452715,26,d61968e8-e4aa-43a2-8ca8-85b623ffd1e5_dp1,0
1780281088.9497933,1780281088.9577894,7.996082305908203,chatcmpl-3ff64a2a-2ba7-40bc-a29e-001f4913002c-99e2ce9d,decode,0,0,452715,21,d61968e8-e4aa-43a2-8ca8-85b623ffd1e5_dp0,0
1780281089.02791,1780281089.0319674,4.057407379150391,chatcmpl-c69bc1e7-8f69-4cd5-ae58-f5c4ab90fbac-b5d52dee,decode,0,0,452715,20,d61968e8-e4aa-43a2-8ca8-85b623ffd1e5_dp1,0
1780281089.4195924,1780281089.4281106,8.518218994140625,chatcmpl-dc56ee13-c8f9-41f6-9d64-98d1f24d6914-9eed0bb5,decode,0,0,452715,14,d61968e8-e4aa-43a2-8ca8-85b623ffd1e5_dp1,0
1780281089.6025229,1780281089.6143143,11.791467666625977,chatcmpl-9a663fb4-4b25-421b-8579-72a7720a38b5-99129a0a,decode,0,0,452715,1,d61968e8-e4aa-43a2-8ca8-85b623ffd1e5_dp0,0
1780281089.800899,1780281089.8126256,11.726617813110352,chatcmpl-99e4323a-37da-4d84-9e5f-63f877f993f9-950a0f4e,decode,0,0,452715,1,d61968e8-e4aa-43a2-8ca8-85b623ffd1e5_dp0,0
1780281090.119396,1780281090.1343315,14.935493469238281,chatcmpl-f443f57a-04c5-4fe3-a115-5ed52fddf692-afeac07d,decode,0,0,452715,35,d61968e8-e4aa-43a2-8ca8-85b623ffd1e5_dp0,0
1780281090.2501438,1780281090.2589285,8.784770965576172,chatcmpl-fcaec097-d2f6-4a26-a22b-6e6f54ed2406-a1996c71,decode,0,0,452715,4,d61968e8-e4aa-43a2-8ca8-85b623ffd1e5_dp0,0
1780281090.2755823,1780281090.2844625,8.880138397216797,chatcmpl-19f837d0-8bed-43c2-a73f-c00ea1dd5a75-856872fa,decode,0,0,452715,4,d61968e8-e4aa-43a2-8ca8-85b623ffd1e5_dp0,0
1780281090.3096626,1780281090.3212113,11.548757553100586,chatcmpl-c172f862-9d23-4dad-9676-adc80fe838b0-a2371c75,decode,0,0,452715,1,d61968e8-e4aa-43a2-8ca8-85b623ffd1e5_dp1,0
1780281090.3724916,1780281090.3831923,10.700702667236328,chatcmpl-f472f8ed-9de9-4059-a581-35103bc72227-891051aa,decode,0,0,452715,2,d61968e8-e4aa-43a2-8ca8-85b623ffd1e5_dp1,0
1780281090.409628,1780281090.420249,10.621070861816406,chatcmpl-a2755d5b-ea54-462c-89c7-d64008c54fdf-bbf62358,decode,0,0,452715,2,d61968e8-e4aa-43a2-8ca8-85b623ffd1e5_dp1,0
1780281090.49832,1780281090.506231,7.910966873168945,chatcmpl-e1e8ebea-d68c-43ed-960b-2315191df3b8-8f85335e,decode,0,0,452715,20,d61968e8-e4aa-43a2-8ca8-85b623ffd1e5_dp0,0
1780281090.5609145,1780281090.5677967,6.882190704345703,chatcmpl-5ddffe0e-a8b1-461c-8b0b-72734689c677-aff31e56,decode,0,0,452715,5,d61968e8-e4aa-43a2-8ca8-85b623ffd1e5_dp1,0
1780281090.594617,1780281090.6049612,10.344266891479492,chatcmpl-73c9fa4a-6c62-4c49-99ac-437c8313fdda-9cffe1f5,decode,0,0,452715,2,d61968e8-e4aa-43a2-8ca8-85b623ffd1e5_dp1,0
1780281090.67254,1780281090.6793628,6.822824478149414,chatcmpl-e7793477-acac-410d-8b0e-ad1350612b58-8c36488b,decode,0,0,452715,14,d61968e8-e4aa-43a2-8ca8-85b623ffd1e5_dp0,0
1780281091.0008564,1780281091.011434,10.577678680419922,chatcmpl-d23ff169-4240-45d1-a97b-a09ce647a2e0-9bbbcc91,decode,0,0,452715,2,d61968e8-e4aa-43a2-8ca8-85b623ffd1e5_dp1,0
1780281091.1278496,1780281091.1345766,6.726980209350586,chatcmpl-e6c15acb-934d-44ec-84d4-7bbd16c24e9b-9e151f5a,decode,0,0,452715,23,d61968e8-e4aa-43a2-8ca8-85b623ffd1e5_dp1,0
1780281091.1482313,1780281091.159023,10.791778564453125,chatcmpl-a06e3b92-18f4-4f1a-a8db-5c235daea773-9999fac4,decode,0,0,452715,2,d61968e8-e4aa-43a2-8ca8-85b623ffd1e5_dp0,0
1780281091.295686,1780281091.3062015,10.515451431274414,chatcmpl-45eedd08-d5cd-491e-bafb-6367e8759dbc-87ac4072,decode,0,0,452715,2,d61968e8-e4aa-43a2-8ca8-85b623ffd1e5_dp0,0
1780281091.31922,1780281091.3312838,12.063741683959961,chatcmpl-8729a2ad-639d-4e39-bde6-90a17246253a-87f6f1fd,decode,0,0,452715,1,d61968e8-e4aa-43a2-8ca8-85b623ffd1e5_dp1,0
1780281091.446006,1780281091.4536493,7.643222808837891,chatcmpl-588085fa-642f-41c2-8c4f-c072734d7392-95807965,decode,0,0,452715,4,d61968e8-e4aa-43a2-8ca8-85b623ffd1e5_dp0,0
1780281091.6908162,1780281091.7054908,14.674663543701172,chatcmpl-e35ee477-00a7-4c7f-b12c-df1a9ff968ca-a9fc12a0,decode,0,0,452715,64,d61968e8-e4aa-43a2-8ca8-85b623ffd1e5_dp1,0
1780281091.8096316,1780281091.8282645,18.632888793945312,chatcmpl-8177761a-17a7-414a-b2dc-09764cc6edd9-82b24c34,decode,0,0,452715,41,d61968e8-e4aa-43a2-8ca8-85b623ffd1e5_dp0,0
1780281091.9662213,1780281091.97651,10.288715362548828,chatcmpl-2e5ef7ef-fa46-4d2c-83b5-47b70ab81cd2-9bb32d83,decode,0,0,452715,3,d61968e8-e4aa-43a2-8ca8-85b623ffd1e5_dp0,0
1780281091.9921741,1780281092.0009642,8.790016174316406,chatcmpl-2eb08425-3be9-44b6-8674-92e79da88cca-ade360c0,decode,0,0,452715,13,d61968e8-e4aa-43a2-8ca8-85b623ffd1e5_dp1,0
1780281092.0274103,1780281092.0378463,10.436058044433594,chatcmpl-95d212a6-fc1a-4fd8-b521-34b549453021-a586e348,decode,0,0,452715,2,d61968e8-e4aa-43a2-8ca8-85b623ffd1e5_dp0,0
1780281092.0675151,1780281092.0750005,7.485389709472656,chatcmpl-359633f7-2756-494a-9901-4c420a7808a3-a2af755a,decode,0,0,452715,15,d61968e8-e4aa-43a2-8ca8-85b623ffd1e5_dp0,0
1780281092.141824,1780281092.1605504,18.726348876953125,chatcmpl-91f24b5b-e69a-4114-a2e7-fe51fd0b007d-bd0c195d,decode,0,0,452715,35,d61968e8-e4aa-43a2-8ca8-85b623ffd1e5_dp1,0
1780281092.1771014,1780281092.1852553,8.153915405273438,chatcmpl-796a5934-290a-4342-8c2d-50c959767585-88a93072,decode,0,0,452715,23,d61968e8-e4aa-43a2-8ca8-85b623ffd1e5_dp1,0
1780281092.2367394,1780281092.246678,9.938716888427734,chatcmpl-61096bc7-f9cc-4450-b19e-6a15616c7de9-968fb179,decode,0,0,452715,3,d61968e8-e4aa-43a2-8ca8-85b623ffd1e5_dp1,0
1780281092.3942797,1780281092.408937,14.657258987426758,chatcmpl-b2b0cd06-a242-4725-85c1-e5c98cee025c-8cd3d724,decode,0,0,452715,8,d61968e8-e4aa-43a2-8ca8-85b623ffd1e5_dp1,0
1780281092.4039574,1780281092.408963,5.005598068237305,chatcmpl-0538e7d1-52fc-41d1-b0e0-bf8f352a89cc-a51b62f3,decode,0,0,452715,13,d61968e8-e4aa-43a2-8ca8-85b623ffd1e5_dp0,0
1780281092.7510784,1780281092.7661054,15.027046203613281,chatcmpl-cce26da9-02ba-4fc5-b020-9e1dcd2b7e50-aa1e511c,decode,0,0,452715,7,d61968e8-e4aa-43a2-8ca8-85b623ffd1e5_dp1,0
1780281092.819769,1780281092.8451192,25.350332260131836,chatcmpl-aa10865d-da86-4b70-a1a0-151ac31e5858-ba46ff2c,decode,0,0,452715,26,d61968e8-e4aa-43a2-8ca8-85b623ffd1e5_dp1,0
1780281092.8447654,1780281092.864758,19.992589950561523,chatcmpl-7f72036c-4226-4cb8-a1cf-99ab935744de-936e55ac,decode,0,0,452715,26,d61968e8-e4aa-43a2-8ca8-85b623ffd1e5_dp0,0
1780281092.8808982,1780281092.889532,8.633852005004883,chatcmpl-50d392ac-5d59-4eb6-bb59-44461247651f-9c4a2e6e,decode,0,0,452715,4,d61968e8-e4aa-43a2-8ca8-85b623ffd1e5_dp1,0
1780281092.9060707,1780281092.9141037,8.033037185668945,chatcmpl-6e33a3df-8f33-4179-acbd-35c311af9bd9-a28e2358,decode,0,0,452715,23,d61968e8-e4aa-43a2-8ca8-85b623ffd1e5_dp0,0
1780281093.0295277,1780281093.048684,19.156217575073242,chatcmpl-0530f42f-467c-4f4b-a3d2-09642e3b3f16-8e099d5e,decode,0,0,452715,38,d61968e8-e4aa-43a2-8ca8-85b623ffd1e5_dp0,0
1780281093.0646598,1780281093.0732472,8.587360382080078,chatcmpl-cb90c33d-5691-49ba-9502-4d677938ccc6-952eb155,decode,0,0,452715,16,d61968e8-e4aa-43a2-8ca8-85b623ffd1e5_dp0,0
1780281093.2894022,1780281093.3042057,14.803409576416016,chatcmpl-bfb36108-cffb-4a46-be88-8217950cea90-af75e1b6,decode,0,0,452715,49,d61968e8-e4aa-43a2-8ca8-85b623ffd1e5_dp1,0
1780281093.384305,1780281093.3925588,8.253812789916992,chatcmpl-6fdda949-942a-47fa-a29d-b7c34ae00a96-b92b0ba7,decode,0,0,452715,5,d61968e8-e4aa-43a2-8ca8-85b623ffd1e5_dp1,0
1780281093.3922489,1780281093.4073856,15.13671875,chatcmpl-c45359aa-a9b3-4451-a76e-85492b240749-83ad5387,decode,0,0,452715,5,d61968e8-e4aa-43a2-8ca8-85b623ffd1e5_dp1,0
1780281093.455597,1780281093.474191,18.594026565551758,chatcmpl-0ebe0e17-05ce-4827-aabe-5e2f7d3bcc9c-b8a517e3,decode,0,0,452715,7,d61968e8-e4aa-43a2-8ca8-85b623ffd1e5_dp0,0
1780281093.4738667,1780281093.4826384,8.771657943725586,chatcmpl-c7d6630c-eba5-4c79-becf-5c1cca842a7f-ac9d55cb,decode,0,0,452715,12,d61968e8-e4aa-43a2-8ca8-85b623ffd1e5_dp0,0
1780281093.6557953,1780281093.66789,12.094736099243164,chatcmpl-72497ae4-1f47-4bb4-a91a-69fb4b6e1b0f-a35ee272,decode,0,0,452715,2,d61968e8-e4aa-43a2-8ca8-85b623ffd1e5_dp0,0
1780281093.6675947,1780281093.6794794,11.884689331054688,chatcmpl-6c38faaf-b7eb-4e0f-a8dd-275414ed05d9-92590e83,decode,0,0,452715,2,d61968e8-e4aa-43a2-8ca8-85b623ffd1e5_dp1,0
1780281093.6958697,1780281093.7161264,20.256757736206055,chatcmpl-7aaff4ce-b468-42a5-9508-c73f48f667dc-8435627c,decode,0,0,452715,29,d61968e8-e4aa-43a2-8ca8-85b623ffd1e5_dp0,0
1780281093.918154,1780281093.9279146,9.760618209838867,chatcmpl-d7b8f071-7fe5-4e39-8954-738832fb577d-8fd35cbe,decode,0,0,452715,3,d61968e8-e4aa-43a2-8ca8-85b623ffd1e5_dp1,0
1780281094.0026386,1780281094.013178,10.539531707763672,chatcmpl-4d3d9dbf-0a5d-4b87-b8a1-3213e55820e6-b3d0a3b0,decode,0,0,452715,2,d61968e8-e4aa-43a2-8ca8-85b623ffd1e5_dp1,0
1780281094.2228,1780281094.232306,9.505987167358398,chatcmpl-d5fbde24-71af-4c2b-bb0c-03d005332fc0-920636de,decode,0,0,452715,2,d61968e8-e4aa-43a2-8ca8-85b623ffd1e5_dp1,0
1780281094.2450001,1780281094.2573113,12.311220169067383,chatcmpl-fada7a94-39b5-40ca-9821-69bd29b656f8-a21fc79e,decode,0,0,452715,1,d61968e8-e4aa-43a2-8ca8-85b623ffd1e5_dp1,0
1780281094.3710508,1780281094.379638,8.587121963500977,chatcmpl-1da97f17-b1e5-46bb-9dcc-a82f86820e6d-a442ec90,decode,0,0,452715,20,d61968e8-e4aa-43a2-8ca8-85b623ffd1e5_dp0,0
1780281094.46969,1780281094.47851,8.819818496704102,chatcmpl-0f761dee-1d1f-472c-8564-6b5634077cae-bbf52f5c,decode,0,0,452715,22,d61968e8-e4aa-43a2-8ca8-85b623ffd1e5_dp0,0
1780281094.5042484,1780281094.5142848,10.036468505859375,chatcmpl-9dc8a361-710a-46fd-b65b-a5a41929810e-af79154e,decode,0,0,452715,2,d61968e8-e4aa-43a2-8ca8-85b623ffd1e5_dp1,0
1780281094.5772111,1780281094.587454,10.242938995361328,chatcmpl-8d3fc997-c53b-47e5-ace7-811552f95249-884645da,decode,0,0,452715,2,d61968e8-e4aa-43a2-8ca8-85b623ffd1e5_dp1,0
1780281094.6798506,1780281094.696876,17.025470733642578,chatcmpl-25fb6fae-a3d9-4a06-a878-47d90c199f34-ab7db95a,decode,0,0,452715,50,d61968e8-e4aa-43a2-8ca8-85b623ffd1e5_dp0,0
1780281094.6962745,1780281094.7070997,10.825157165527344,chatcmpl-37dccd0f-9291-4521-a7a1-41fada16719a-b303f53c,decode,0,0,452715,2,d61968e8-e4aa-43a2-8ca8-85b623ffd1e5_dp0,0
1780281094.9855614,1780281094.993124,7.5626373291015625,chatcmpl-eb81816d-df3d-4d13-8226-caa9eeed8f2f-baccf4de,decode,0,0,452715,23,d61968e8-e4aa-43a2-8ca8-85b623ffd1e5_dp1,0
1780281095.1588163,1780281095.1687691,9.952783584594727,chatcmpl-c91e9950-d0f0-4027-bfd1-ee6a7e82a176-8ac2923c,decode,0,0,452715,4,d61968e8-e4aa-43a2-8ca8-85b623ffd1e5_dp0,0
1780281095.161322,1780281095.168804,7.481813430786133,chatcmpl-29da2ed3-bf5e-4efe-9d1e-ed8db6290906-b20ed339,decode,0,0,452715,2,d61968e8-e4aa-43a2-8ca8-85b623ffd1e5_dp1,0
1780281095.2196476,1780281095.2290435,9.395837783813477,chatcmpl-7e35911d-6b15-4dbf-b125-8394f16bef9d-85d34689,decode,0,0,452715,3,d61968e8-e4aa-43a2-8ca8-85b623ffd1e5_dp0,0
1780281095.3912463,1780281095.4061773,14.930963516235352,chatcmpl-d552a8aa-5c20-418e-a42b-62e8353d20c0-80504f77,decode,0,0,452715,10,d61968e8-e4aa-43a2-8ca8-85b623ffd1e5_dp0,0
1780281095.4706964,1780281095.4790456,8.349180221557617,chatcmpl-aad84a4b-1485-46b8-a966-ef3fcf989069-8b8dc855,decode,0,0,452715,19,d61968e8-e4aa-43a2-8ca8-85b623ffd1e5_dp1,0
1780281095.5584395,1780281095.5776205,19.181013107299805,chatcmpl-90326846-0024-4c65-91b6-dd87b28173a3-b82b880d,decode,0,0,452715,51,d61968e8-e4aa-43a2-8ca8-85b623ffd1e5_dp0,0
1780281095.5772953,1780281095.5855787,8.283376693725586,chatcmpl-be860c15-385a-4d5e-8a11-e668d73afcde-b7226c1c,decode,0,0,452715,23,d61968e8-e4aa-43a2-8ca8-85b623ffd1e5_dp0,0
1780281095.7375286,1780281095.7469497,9.421110153198242,chatcmpl-b1efdf8a-f3b9-4c46-ac14-6a0376bf4d3f-bcce0e87,decode,0,0,452715,11,d61968e8-e4aa-43a2-8ca8-85b623ffd1e5_dp0,0
1780281095.8776293,1780281095.8873143,9.685039520263672,chatcmpl-1abf49c7-7560-464c-b4e7-8b75a870736c-af43f7c1,decode,0,0,452715,3,d61968e8-e4aa-43a2-8ca8-85b623ffd1e5_dp1,0
1780281095.9907155,1780281096.0116138,20.89834213256836,chatcmpl-6c09401b-cba8-46cc-a9fc-60f7468c626c-b7510656,decode,0,0,452715,42,d61968e8-e4aa-43a2-8ca8-85b623ffd1e5_dp0,0
1780281096.0112689,1780281096.0266814,15.412569046020508,chatcmpl-4d02413d-9d60-4ffc-8336-25b79dd763fe-b7294823,decode,0,0,452715,4,d61968e8-e4aa-43a2-8ca8-85b623ffd1e5_dp1,0
1780281096.040136,1780281096.050819,10.682821273803711,chatcmpl-ab297bc1-a69f-4072-a2da-3a340307c73b-a58126a8,decode,0,0,452715,2,d61968e8-e4aa-43a2-8ca8-85b623ffd1e5_dp1,0
1780281096.239612,1780281096.2640016,24.38950538635254,chatcmpl-be5b2397-9208-490c-84cf-1e01398fb7d9-a616184c,decode,0,0,452715,2,d61968e8-e4aa-43a2-8ca8-85b623ffd1e5_dp1,0
1780281096.2636929,1780281096.2791545,15.46168327331543,chatcmpl-f6820b55-b438-4190-9db9-471bcc452d87-91c89f14,decode,0,0,452715,8,d61968e8-e4aa-43a2-8ca8-85b623ffd1e5_dp0,0
1780281096.3214424,1780281096.3415072,20.064830780029297,chatcmpl-fe5b5b21-aa3c-4b89-ae69-c26bc9135bb2-badeb0ff,decode,0,0,452715,27,d61968e8-e4aa-43a2-8ca8-85b623ffd1e5_dp1,0
1780281096.5551567,1780281096.5660746,10.917901992797852,chatcmpl-414937cc-b393-427a-9777-d433252c5fed-bd95e6fe,decode,0,0,452715,2,d61968e8-e4aa-43a2-8ca8-85b623ffd1e5_dp0,0
1780281096.6962821,1780281096.726777,30.49492835998535,chatcmpl-0307e191-1077-4f99-a5c0-2c4c503ca2e4-af9ac7d7,decode,0,0,452715,43,d61968e8-e4aa-43a2-8ca8-85b623ffd1e5_dp0,0
1780281096.7264867,1780281096.7434933,17.006635665893555,chatcmpl-cf6d9c78-18c2-44c1-8f3b-f03f256ebad7-a90d1e2e,decode,0,0,452715,9,d61968e8-e4aa-43a2-8ca8-85b623ffd1e5_dp1,0
1780281096.743159,1780281096.7539494,10.790348052978516,chatcmpl-35333569-5172-4556-a3a6-fd4e720c87bc-ad3f44be,decode,0,0,452715,2,d61968e8-e4aa-43a2-8ca8-85b623ffd1e5_dp1,0
1780281096.7705297,1780281096.7906582,20.128488540649414,chatcmpl-bbf856b7-a622-4563-9b4e-f62906c00794-b6355d6c,decode,0,0,452715,29,d61968e8-e4aa-43a2-8ca8-85b623ffd1e5_dp0,0
1780281097.0134032,1780281097.0285916,15.188455581665039,chatcmpl-9974adef-4c9f-4440-8897-681fceb5f4ea-8cf94bdc,decode,0,0,452715,64,d61968e8-e4aa-43a2-8ca8-85b623ffd1e5_dp0,0
1780281097.1438973,1780281097.1638823,19.984960556030273,chatcmpl-6d1230f7-6d8e-4698-a86d-a6e28bdf32b7-9fb70bc6,decode,0,0,452715,35,d61968e8-e4aa-43a2-8ca8-85b623ffd1e5_dp1,0
1780281097.1801379,1780281097.1892025,9.064674377441406,chatcmpl-83bb88f5-b2d2-4603-90a9-826f3caf7186-8a6b81d6,decode,0,0,452715,14,d61968e8-e4aa-43a2-8ca8-85b623ffd1e5_dp1,0
1780281097.2765975,1780281097.2933247,16.727209091186523,chatcmpl-d7fc0652-96eb-4775-bfda-a2484cb93702-97effc67,decode,0,0,452715,3,d61968e8-e4aa-43a2-8ca8-85b623ffd1e5_dp1,0
1780281097.2929943,1780281097.299107,6.112813949584961,chatcmpl-2a71e0c5-87cf-4d3a-b71c-9db9bd7c1f54-ab03c5e2,decode,0,0,452715,5,d61968e8-e4aa-43a2-8ca8-85b623ffd1e5_dp1,0
1780281097.3685336,1780281097.4146702,46.13661766052246,chatcmpl-24184699-e1ef-4686-a397-52957216df1f-85157fce,decode,0,0,452715,39,d61968e8-e4aa-43a2-8ca8-85b623ffd1e5_dp0,0
1780281097.3995063,1780281097.4147067,15.200376510620117,chatcmpl-6389e02d-8bb8-489f-8546-d17eb2315917-86b4e15b,decode,0,0,452715,50,d61968e8-e4aa-43a2-8ca8-85b623ffd1e5_dp0,0
1780281097.4521403,1780281097.462572,10.431766510009766,chatcmpl-91590392-9e5b-4b8b-b2d0-24144292c405-8603215b,decode,0,0,452715,2,d61968e8-e4aa-43a2-8ca8-85b623ffd1e5_dp0,0
1780281097.6072145,1780281097.6123214,5.106925964355469,chatcmpl-458c40b6-9847-422a-a952-24a527dbe122-90c07eaf,decode,0,0,452715,19,d61968e8-e4aa-43a2-8ca8-85b623ffd1e5_dp1,0
1780281097.6685786,1780281097.6747813,6.20269775390625,chatcmpl-4ecc00ee-a1cb-4432-944d-8d09f4e8b2ac-8ad02e1d,decode,0,0,452715,16,d61968e8-e4aa-43a2-8ca8-85b623ffd1e5_dp0,0
1780281097.7078304,1780281097.7123053,4.474878311157227,chatcmpl-dc6d1132-df37-4df9-81ff-2203ecd262b0-80804f65,decode,0,0,452715,20,d61968e8-e4aa-43a2-8ca8-85b623ffd1e5_dp0,0
1780281097.7273962,1780281097.7376683,10.272026062011719,chatcmpl-0d83f87b-6bd9-4090-b111-e8db0ea4b2d9-b7743d5a,decode,0,0,452715,3,d61968e8-e4aa-43a2-8ca8-85b623ffd1e5_dp1,0
1780281097.749943,1780281097.7625206,12.577533721923828,chatcmpl-09fbe01e-54b4-4088-a23a-45d4eb417bbf-b3cd61b4,decode,0,0,452715,1,d61968e8-e4aa-43a2-8ca8-85b623ffd1e5_dp0,0
1780281097.8260083,1780281097.8370297,11.02137565612793,chatcmpl-0e85f6de-ceaa-4d7d-958d-b580f32e6cf6-bbae4c9f,decode,0,0,452715,2,d61968e8-e4aa-43a2-8ca8-85b623ffd1e5_dp1,0
1780281098.0212407,1780281098.0399039,18.66316795349121,chatcmpl-a47c28b1-18bd-4f37-ae0d-fead08b24e4f-a65eec13,decode,0,0,452715,36,d61968e8-e4aa-43a2-8ca8-85b623ffd1e5_dp1,0
1780281098.039574,1780281098.0548599,15.285968780517578,chatcmpl-0b63255e-74d2-402a-a303-3c387e8e3728-b6812418,decode,0,0,452715,6,d61968e8-e4aa-43a2-8ca8-85b623ffd1e5_dp0,0
1780281098.2614574,1780281098.2789416,17.484188079833984,chatcmpl-9a0f8351-c3b5-42b2-a6d0-e1cc85430f7b-bcdbdf8b,decode,0,0,452715,5,d61968e8-e4aa-43a2-8ca8-85b623ffd1e5_dp0,0
1780281098.3197646,1780281098.3288088,9.044170379638672,chatcmpl-2ad416a2-657f-43f3-84ae-555788adbb0c-ab2bf1dd,decode,0,0,452715,4,d61968e8-e4aa-43a2-8ca8-85b623ffd1e5_dp0,0
1780281098.554404,1780281098.5698895,15.485525131225586,chatcmpl-4b856188-d59e-4ae2-b54a-cb5ee25e09cc-85628806,decode,0,0,452715,9,d61968e8-e4aa-43a2-8ca8-85b623ffd1e5_dp1,0
1780281098.7544577,1780281098.7577863,3.328561782836914,chatcmpl-1410a618-3006-4bf8-8535-58848729028d-ab92a367,decode,0,0,452715,22,d61968e8-e4aa-43a2-8ca8-85b623ffd1e5_dp0,0
1780281098.773605,1780281098.7825272,8.922100067138672,chatcmpl-4f9b48bb-2657-4f9b-bba7-9df4e2bc5f2a-b90ad891,decode,0,0,452715,4,d61968e8-e4aa-43a2-8ca8-85b623ffd1e5_dp1,0
1780281098.7962472,1780281098.8076003,11.353015899658203,chatcmpl-467396f5-64d5-41e5-aefb-e4428055737a-988e2e1c,decode,0,0,452715,2,d61968e8-e4aa-43a2-8ca8-85b623ffd1e5_dp0,0
1780281098.8357835,1780281098.8445816,8.79812240600586,chatcmpl-284340e9-08b6-419e-961e-02627754a86d-8f8dd1e0,decode,0,0,452715,17,d61968e8-e4aa-43a2-8ca8-85b623ffd1e5_dp0,0
1780281098.8714705,1780281098.881818,10.347604751586914,chatcmpl-510df07e-4f01-4d69-8cbc-5b6ed6eed180-a6a950b7,decode,0,0,452715,2,d61968e8-e4aa-43a2-8ca8-85b623ffd1e5_dp0,0
1780281098.957957,1780281098.9790921,21.13509178161621,chatcmpl-e2253258-bd70-48e3-be6d-fc25c7c27fbb-88291f35,decode,0,0,452715,52,d61968e8-e4aa-43a2-8ca8-85b623ffd1e5_dp1,0
1780281098.978777,1780281098.9962773,17.50040054321289,chatcmpl-f97b0f74-49de-4ead-acda-bad6a034a24e-a2aacd08,decode,0,0,452715,37,d61968e8-e4aa-43a2-8ca8-85b623ffd1e5_dp1,0
1780281098.995969,1780281099.0065403,10.57124137878418,chatcmpl-ebbe38bb-a62c-41f9-9d52-30235b4787c1-96711a27,decode,0,0,452715,2,d61968e8-e4aa-43a2-8ca8-85b623ffd1e5_dp1,0
1780281099.0400982,1780281099.0449862,4.888057708740234,chatcmpl-b52d9196-4238-4371-9a4e-6578c9c0b3b2-90f424c3,decode,0,0,452715,23,d61968e8-e4aa-43a2-8ca8-85b623ffd1e5_dp0,0
1780281099.0446918,1780281099.0569606,12.268781661987305,chatcmpl-3f589ad9-368d-41be-875f-78c2bcf620e5-b5388230,decode,0,0,452715,1,d61968e8-e4aa-43a2-8ca8-85b623ffd1e5_dp1,0
1780281099.0700722,1780281099.0819125,11.840343475341797,chatcmpl-d6963cab-e5b6-43e1-af1c-4496511b8aaa-89905d12,decode,0,0,452715,1,d61968e8-e4aa-43a2-8ca8-85b623ffd1e5_dp1,0
1780281099.2853189,1780281099.2943633,9.044408798217773,chatcmpl-d5d39569-b526-4489-b66e-7ba7c86fdf18-8ed2f955,decode,0,0,452715,12,d61968e8-e4aa-43a2-8ca8-85b623ffd1e5_dp1,0
1780281099.3086507,1780281099.3193834,10.732650756835938,chatcmpl-cd82da82-c95d-4694-a5e0-64db7da9c6ae-9517daf6,decode,0,0,452715,2,d61968e8-e4aa-43a2-8ca8-85b623ffd1e5_dp1,0
1780281099.5050888,1780281099.52045,15.361309051513672,chatcmpl-c1a67950-648c-4dfc-b7d7-0dac9dac21f5-906511a7,decode,0,0,452715,46,d61968e8-e4aa-43a2-8ca8-85b623ffd1e5_dp0,0
1780281099.6677809,1780281099.6829147,15.133857727050781,chatcmpl-4fdbc30c-2847-427d-9dbe-0d3a511d4345-852ff706,decode,0,0,452715,37,d61968e8-e4aa-43a2-8ca8-85b623ffd1e5_dp1,0
1780281099.8960898,1780281099.9070323,10.942459106445312,chatcmpl-f8b66828-4faa-42d9-8b6b-a2ab1ae8a850-ae0f41ce,decode,0,0,452715,2,d61968e8-e4aa-43a2-8ca8-85b623ffd1e5_dp1,0
1780281099.9822276,1780281099.997624,15.396356582641602,chatcmpl-04a89b53-da47-4d14-a61f-47a2c4eb73ab-9536f6f7,decode,0,0,452715,50,d61968e8-e4aa-43a2-8ca8-85b623ffd1e5_dp0,0
1780281100.0510104,1780281100.0891292,38.118839263916016,chatcmpl-81551bd4-98db-4dff-8d00-b61b991a1b1f-bd84a7a0,decode,0,0,452715,20,d61968e8-e4aa-43a2-8ca8-85b623ffd1e5_dp0,0
1780281100.1089401,1780281100.1135972,4.65703010559082,chatcmpl-97b1902f-d391-4ac8-8e09-437c59d1c3a3-a0c63316,decode,0,0,452715,23,d61968e8-e4aa-43a2-8ca8-85b623ffd1e5_dp1,0
1780281100.3173037,1780281100.3205092,3.205537796020508,chatcmpl-a332cf6e-f3b4-4607-b0f6-e9d3ddfb5872-8ec91ca4,decode,0,0,452715,24,d61968e8-e4aa-43a2-8ca8-85b623ffd1e5_dp0,0
1780281100.385466,1780281100.395105,9.638786315917969,chatcmpl-feae9a92-ac93-4421-bd41-6f181d715c3e-926ded22,decode,0,0,452715,3,d61968e8-e4aa-43a2-8ca8-85b623ffd1e5_dp1,0
1780281100.6375604,1780281100.6440413,6.480932235717773,chatcmpl-3e5d891d-8dea-421a-bc5f-a5ad7dc28e96-87f50ab3,decode,0,0,452715,7,d61968e8-e4aa-43a2-8ca8-85b623ffd1e5_dp0,0
1780281100.9002788,1780281100.9175718,17.29297637939453,chatcmpl-2b4af5ba-9200-41c9-b609-4a6b1059f67b-b2c9592a,decode,0,0,452715,33,d61968e8-e4aa-43a2-8ca8-85b623ffd1e5_dp1,0
1780281101.0875182,1780281101.0917704,4.252195358276367,chatcmpl-00e6c15b-a077-4eb2-acf8-01e9ea4b530a-a4264ce0,decode,0,0,452715,21,d61968e8-e4aa-43a2-8ca8-85b623ffd1e5_dp1,0
1780281101.2865357,1780281101.3044686,17.932891845703125,chatcmpl-30b7e374-49b4-4a16-ada5-a8e3130a79c8-ae04b567,decode,0,0,452715,35,d61968e8-e4aa-43a2-8ca8-85b623ffd1e5_dp0,0
1780281101.3835316,1780281101.391317,7.785320281982422,chatcmpl-56ad3964-64dd-4ea9-9b7e-78cde36089d0-9185d75f,decode,0,0,452715,5,d61968e8-e4aa-43a2-8ca8-85b623ffd1e5_dp1,0
1780281101.4827273,1780281101.5033245,20.597219467163086,chatcmpl-f7d6aefc-0738-41d9-abbb-c8c5e4d26792-90a00faa,decode,0,0,452715,28,d61968e8-e4aa-43a2-8ca8-85b623ffd1e5_dp0,0
1780281101.5225418,1780281101.528789,6.247282028198242,chatcmpl-cdd88ffd-5b4b-4323-8393-ddee29d20108-901cf1c2,decode,0,0,452715,17,d61968e8-e4aa-43a2-8ca8-85b623ffd1e5_dp0,0
1780281101.664359,1780281101.6798775,15.518426895141602,chatcmpl-631c63ff-ba8a-4b03-ae31-cc91575315c5-95016eb8,decode,0,0,452715,42,d61968e8-e4aa-43a2-8ca8-85b623ffd1e5_dp1,0
1780281101.8967633,1780281101.9169428,20.17951011657715,chatcmpl-5e6ff966-d829-46cb-8679-2d19f17aa20c-9de4ddae,decode,0,0,452715,4,d61968e8-e4aa-43a2-8ca8-85b623ffd1e5_dp0,0
1780281101.9068003,1780281101.9169698,10.169506072998047,chatcmpl-b67c367e-f3df-42ed-bfc9-023cdb2d3c76-9308d288,decode,0,0,452715,26,d61968e8-e4aa-43a2-8ca8-85b623ffd1e5_dp0,0
1780281101.9165897,1780281101.9341486,17.558813095092773,chatcmpl-d2da170a-9c55-439d-8216-b545a3425c82-9e527cf5,decode,0,0,452715,31,d61968e8-e4aa-43a2-8ca8-85b623ffd1e5_dp0,0
1780281101.9337869,1780281101.9442883,10.501384735107422,chatcmpl-5c8aab81-7ab0-4264-8917-7518e673339a-a193d20a,decode,0,0,452715,2,d61968e8-e4aa-43a2-8ca8-85b623ffd1e5_dp0,0
1780281102.1044703,1780281102.1217556,17.28534698486328,chatcmpl-c04c61bf-32f6-471f-9a98-93298a05c901-b487e53a,decode,0,0,452715,42,d61968e8-e4aa-43a2-8ca8-85b623ffd1e5_dp0,0
1780281102.1214206,1780281102.1323678,10.947227478027344,chatcmpl-6c38976d-e0fd-42e2-8e16-5aa5281a21cd-a6685f9a,decode,0,0,452715,2,d61968e8-e4aa-43a2-8ca8-85b623ffd1e5_dp0,0
1780281102.2296348,1780281102.2488265,19.191741943359375,chatcmpl-0528699b-3c3c-4c7b-8e9a-ecd8a8cf1850-a5124029,decode,0,0,452715,42,d61968e8-e4aa-43a2-8ca8-85b623ffd1e5_dp0,0
1780281102.2416706,1780281102.2520123,10.341644287109375,chatcmpl-974738e5-5551-42ca-9046-77ef044cc48e-aeaafbfe,decode,0,0,452715,2,d61968e8-e4aa-43a2-8ca8-85b623ffd1e5_dp1,0
1780281102.2485273,1780281102.2520773,3.5500526428222656,chatcmpl-7a938fe5-198b-4cb4-9123-bc05bc491a6d-a9e8a18e,decode,0,0,452715,13,d61968e8-e4aa-43a2-8ca8-85b623ffd1e5_dp0,0
1780281102.2643237,1780281102.2766116,12.28785514831543,chatcmpl-51b4df5a-7ee1-4290-9971-53c26652df2e-b9a25735,decode,0,0,452715,1,d61968e8-e4aa-43a2-8ca8-85b623ffd1e5_dp0,0
1780281102.4767334,1780281102.4815133,4.779815673828125,chatcmpl-683bc7c7-3e86-4809-855b-f9547760109f-9ba70ecd,decode,0,0,452715,18,d61968e8-e4aa-43a2-8ca8-85b623ffd1e5_dp0,0
1780281102.5067942,1780281102.5070496,0.25534629821777344,chatcmpl-076f5120-c91e-4e30-97d6-4faa8740d08f-a50b189e,decode,0,0,452715,1,d61968e8-e4aa-43a2-8ca8-85b623ffd1e5_dp0,0
1780281102.8852468,1780281102.8937583,8.511543273925781,chatcmpl-25234ba1-6335-4b69-bb16-ef3613c5f245-8cba0316,decode,0,0,452715,17,d61968e8-e4aa-43a2-8ca8-85b623ffd1e5_dp0,0
1780281102.9838386,1780281102.9933987,9.560108184814453,chatcmpl-966e2789-e19c-4fa1-a49c-19cc58aec0bb-a064ebd9,decode,0,0,452715,3,d61968e8-e4aa-43a2-8ca8-85b623ffd1e5_dp1,0
1780281103.1436698,1780281103.1589377,15.26784896850586,chatcmpl-f1b23087-23c9-4133-9521-cf1598d5190d-be381e0e,decode,0,0,452715,56,d61968e8-e4aa-43a2-8ca8-85b623ffd1e5_dp0,0
1780281103.7608144,1780281103.7690442,8.229732513427734,chatcmpl-19ba3c90-c8a1-46b4-8fa4-d6fd3c6c9570-88d62463,decode,0,0,452715,12,d61968e8-e4aa-43a2-8ca8-85b623ffd1e5_dp0,0
1780281103.7851355,1780281103.7939982,8.862733840942383,chatcmpl-c4a0bec9-cf87-4040-a07c-447488ef8ebc-b2a38761,decode,0,0,452715,20,d61968e8-e4aa-43a2-8ca8-85b623ffd1e5_dp0,0
1780281103.9328773,1780281103.9410124,8.135080337524414,chatcmpl-261b5420-7235-43dd-afb9-3b91a26403c0-92d190d2,decode,0,0,452715,4,d61968e8-e4aa-43a2-8ca8-85b623ffd1e5_dp0,0
1780281104.066322,1780281104.0755994,9.27734375,chatcmpl-14e62b44-4f33-4ebc-b0e2-aeee723d51c4-9addaebe,decode,0,0,452715,3,d61968e8-e4aa-43a2-8ca8-85b623ffd1e5_dp0,0
1780281104.1065667,1780281104.1123347,5.768060684204102,chatcmpl-09d360f1-9e80-4382-8339-c35f3a893dd6-b76d1441,decode,0,0,452715,6,d61968e8-e4aa-43a2-8ca8-85b623ffd1e5_dp1,0
1780281104.1493862,1780281104.1496425,0.2562999725341797,chatcmpl-9af95a2e-dc2c-4fdb-b967-4afdb03b4017-92194d17,decode,0,0,452715,1,d61968e8-e4aa-43a2-8ca8-85b623ffd1e5_dp1,0
1780281104.2591004,1780281104.2737687,14.66822624206543,chatcmpl-4fa623dd-ca10-4d2d-a946-34b0040170f4-9fe59db4,decode,0,0,452715,49,d61968e8-e4aa-43a2-8ca8-85b623ffd1e5_dp1,0
1780281104.3317912,1780281104.3467424,14.951229095458984,chatcmpl-14d6ef06-11fd-4701-a0cd-b902f3c76f02-841fc093,decode,0,0,452715,39,d61968e8-e4aa-43a2-8ca8-85b623ffd1e5_dp0,0
1780281104.5742557,1780281104.574627,0.3712177276611328,chatcmpl-ac3eacc7-5eaf-46a9-9960-5b793ebb194b-b5ef7746,decode,0,0,452715,1,d61968e8-e4aa-43a2-8ca8-85b623ffd1e5_dp0,0
1780281104.6565347,1780281104.6716795,15.144824981689453,chatcmpl-9891e01a-40e5-492e-9437-9888d4d74ff7-a7a8bff5,decode,0,0,452715,26,d61968e8-e4aa-43a2-8ca8-85b623ffd1e5_dp1,0
1780281104.8740973,1780281104.879011,4.913568496704102,chatcmpl-1b2fb5a3-8ca1-4026-be27-f33d7fe725e9-a6ddf9b0,decode,0,0,452715,18,d61968e8-e4aa-43a2-8ca8-85b623ffd1e5_dp0,0
1780281104.9415295,1780281104.9515991,10.069608688354492,chatcmpl-5cbdcd27-86c2-4b57-b687-ec7396a1ce1b-a5a65d1e,decode,0,0,452715,3,d61968e8-e4aa-43a2-8ca8-85b623ffd1e5_dp0,0
1780281105.1823983,1780281105.1973896,14.991283416748047,chatcmpl-2b71df7b-96bc-44f2-8403-421efa099dd7-84844503,decode,0,0,452715,51,d61968e8-e4aa-43a2-8ca8-85b623ffd1e5_dp0,0
1780281105.2577498,1780281105.2729049,15.15507698059082,chatcmpl-26702a37-8650-4905-9b9c-77c06960475b-9b5dc006,decode,0,0,452715,49,d61968e8-e4aa-43a2-8ca8-85b623ffd1e5_dp0,0
1780281105.339845,1780281105.3489559,9.11092758178711,chatcmpl-af76818b-784c-438b-ad11-1de8d95fd2da-89edb5bd,decode,0,0,452715,3,d61968e8-e4aa-43a2-8ca8-85b623ffd1e5_dp0,0
1780281105.4414463,1780281105.4664946,25.048255920410156,chatcmpl-4902ad85-51b0-4775-a0f6-8a5f07ab28dc-93d641b6,decode,0,0,452715,34,d61968e8-e4aa-43a2-8ca8-85b623ffd1e5_dp1,0
1780281105.4661589,1780281105.4813807,15.221834182739258,chatcmpl-b358ac2a-34b4-4a74-818a-ad83fffb2d02-bb940ceb,decode,0,0,452715,9,d61968e8-e4aa-43a2-8ca8-85b623ffd1e5_dp0,0
1780281105.5217881,1780281105.5300546,8.266448974609375,chatcmpl-12710942-729f-487e-9bb1-00450d20136f-b30e69df,decode,0,0,452715,13,d61968e8-e4aa-43a2-8ca8-85b623ffd1e5_dp0,0
1780281105.7485678,1780281105.7590728,10.504961013793945,chatcmpl-c1abd2e7-23f4-4690-8322-267970f183ab-88c25ac2,decode,0,0,452715,2,d61968e8-e4aa-43a2-8ca8-85b623ffd1e5_dp1,0
1780281105.8303118,1780281105.8452015,14.889717102050781,chatcmpl-45a04e6e-b9df-4df6-a713-eb2bbdf84de5-9b3a6e7a,decode,0,0,452715,39,d61968e8-e4aa-43a2-8ca8-85b623ffd1e5_dp0,0
1780281105.9039483,1780281105.9250104,21.062135696411133,chatcmpl-a0c4821f-09f5-4403-b901-d826a1b0c520-9d11ccc9,decode,0,0,452715,43,d61968e8-e4aa-43a2-8ca8-85b623ffd1e5_dp0,0
1780281105.9246798,1780281105.943582,18.902301788330078,chatcmpl-5c351ee5-fb43-4d2c-80b2-2ee2aed195fe-9a09d978,decode,0,0,452715,24,d61968e8-e4aa-43a2-8ca8-85b623ffd1e5_dp0,0
1780281106.10625,1780281106.1335614,27.311325073242188,chatcmpl-4a78a14d-b4b6-4507-8d30-4b90a78a774f-a8e32fe5,decode,0,0,452715,56,d61968e8-e4aa-43a2-8ca8-85b623ffd1e5_dp0,0
1780281106.1332202,1780281106.152399,19.17886734008789,chatcmpl-b817dac4-4cd1-45a3-a6b9-b97af8da5b8f-a79e0d0c,decode,0,0,452715,10,d61968e8-e4aa-43a2-8ca8-85b623ffd1e5_dp1,0
1780281106.1426177,1780281106.152441,9.823322296142578,chatcmpl-8f9ce15e-eb73-4cea-b6be-7a0d86e45e3f-bf3d5276,decode,0,0,452715,13,d61968e8-e4aa-43a2-8ca8-85b623ffd1e5_dp1,0
1780281106.152059,1780281106.1607013,8.642196655273438,chatcmpl-5dff094c-688b-406c-b4a8-abde440649b1-944d0e57,decode,0,0,452715,15,d61968e8-e4aa-43a2-8ca8-85b623ffd1e5_dp1,0
1780281106.3166366,1780281106.3357692,19.132614135742188,chatcmpl-e01e0900-4007-43fc-beb9-5e36c18b487f-93957d33,decode,0,0,452715,35,d61968e8-e4aa-43a2-8ca8-85b623ffd1e5_dp0,0
1780281106.3323722,1780281106.3479254,15.55323600769043,chatcmpl-89c31072-9138-42ef-882b-a5fd96c3acd2-9e6befc0,decode,0,0,452715,22,d61968e8-e4aa-43a2-8ca8-85b623ffd1e5_dp1,0
1780281106.3742905,1780281106.3845785,10.288000106811523,chatcmpl-82bb156e-13eb-4d63-9921-1656e832084e-8af496a3,decode,0,0,452715,2,d61968e8-e4aa-43a2-8ca8-85b623ffd1e5_dp0,0
1780281106.7140396,1780281106.7290025,14.962911605834961,chatcmpl-a94ecf20-8f6e-40d6-a8f1-11fb94a87447-8eb978d5,decode,0,0,452715,10,d61968e8-e4aa-43a2-8ca8-85b623ffd1e5_dp0,0
1780281106.895674,1780281106.9022572,6.583213806152344,chatcmpl-39da8228-9743-4651-8480-7f4ac47b5073-b0fdacf5,decode,0,0,452715,6,d61968e8-e4aa-43a2-8ca8-85b623ffd1e5_dp0,0
1780281106.9758272,1780281106.9832132,7.385969161987305,chatcmpl-5c24ae97-f246-446e-8ee9-c1264defa1e1-83c6a245,decode,0,0,452715,37,d61968e8-e4aa-43a2-8ca8-85b623ffd1e5_dp1,0
1780281106.9828799,1780281106.990888,8.008241653442383,chatcmpl-5940fa63-c260-403a-a966-da6ec1cf9136-9c12d2bf,decode,0,0,452715,2,d61968e8-e4aa-43a2-8ca8-85b623ffd1e5_dp0,0
1780281107.2471592,1780281107.2607415,13.582229614257812,chatcmpl-1de34dbd-1223-49d4-b307-e7880d193960-8efe2729,decode,0,0,452715,49,d61968e8-e4aa-43a2-8ca8-85b623ffd1e5_dp1,0
1780281107.2604733,1780281107.275786,15.312671661376953,chatcmpl-2eb6b072-2f1d-4e9b-a7aa-ba3cf9c9f5e9-96e45cef,decode,0,0,452715,3,d61968e8-e4aa-43a2-8ca8-85b623ffd1e5_dp0,0
1780281107.3346694,1780281107.3482332,13.563871383666992,chatcmpl-2548d70e-bf96-4b73-84f9-8a2fa090978c-b69ed6dd,decode,0,0,452715,23,d61968e8-e4aa-43a2-8ca8-85b623ffd1e5_dp1,0
1780281107.3420653,1780281107.3483002,6.234884262084961,chatcmpl-b5de20d8-bc1d-4f8a-9216-02f6f46c104a-985628bf,decode,0,0,452715,17,d61968e8-e4aa-43a2-8ca8-85b623ffd1e5_dp1,0
1780281107.3479562,1780281107.3636372,15.681028366088867,chatcmpl-506682c0-3f40-4b8c-9b85-f7a60ef10881-a8429760,decode,0,0,452715,3,d61968e8-e4aa-43a2-8ca8-85b623ffd1e5_dp0,0
1780281107.4320593,1780281107.4437785,11.719226837158203,chatcmpl-d185cd2e-78e4-4022-892e-84d0c245e78d-a62f1dc7,decode,0,0,452715,2,d61968e8-e4aa-43a2-8ca8-85b623ffd1e5_dp1,0
1780281107.443456,1780281107.4544637,11.00778579711914,chatcmpl-aaf65d8b-23f1-4cdd-8498-8f8609212826-950e36ed,decode,0,0,452715,2,d61968e8-e4aa-43a2-8ca8-85b623ffd1e5_dp1,0
1780281107.6026134,1780281107.6232738,20.660400390625,chatcmpl-0724c28c-eda8-41b6-b434-5a57e7248db0-92c57517,decode,0,0,452715,48,d61968e8-e4aa-43a2-8ca8-85b623ffd1e5_dp0,0
1780281107.619847,1780281107.638666,18.81885528564453,chatcmpl-119e2376-5b6a-4d3f-badc-6574686f8a37-a669eb4c,decode,0,0,452715,20,d61968e8-e4aa-43a2-8ca8-85b623ffd1e5_dp1,0
1780281107.638351,1780281107.6478999,9.54890251159668,chatcmpl-cda27e31-36a5-47ed-a1d7-58e7695e2c73-b6e9ba4a,decode,0,0,452715,4,d61968e8-e4aa-43a2-8ca8-85b623ffd1e5_dp0,0
1780281107.7409856,1780281107.7479796,6.994009017944336,chatcmpl-12062a49-3eaa-4e33-9d98-ff4defb90eb8-80c8fa4a,decode,0,0,452715,6,d61968e8-e4aa-43a2-8ca8-85b623ffd1e5_dp1,0
1780281107.7874808,1780281107.7985108,11.029958724975586,chatcmpl-eb11a34f-6fee-4532-81d4-cf79ff2da1f5-a535b3b5,decode,0,0,452715,2,d61968e8-e4aa-43a2-8ca8-85b623ffd1e5_dp1,0
1780281107.823633,1780281107.8358014,12.168407440185547,chatcmpl-6d6719b0-03a7-468b-967d-0172fb16cf19-9b7462d4,decode,0,0,452715,1,d61968e8-e4aa-43a2-8ca8-85b623ffd1e5_dp1,0
1780281107.8771362,1780281107.8844223,7.28607177734375,chatcmpl-e4cdcb13-d318-4238-8ebb-cca54c9d7fd3-b2ee3f37,decode,0,0,452715,12,d61968e8-e4aa-43a2-8ca8-85b623ffd1e5_dp0,0
1780281107.8840091,1780281107.8877375,3.7283897399902344,chatcmpl-22811060-e430-4dc7-a220-2b2b74dd4260-82601ded,decode,0,0,452715,14,d61968e8-e4aa-43a2-8ca8-85b623ffd1e5_dp1,0
1780281107.9778874,1780281107.99675,18.86272430419922,chatcmpl-73e92863-e37c-4f23-bc84-e828598c7000-a9821f1f,decode,0,0,452715,50,d61968e8-e4aa-43a2-8ca8-85b623ffd1e5_dp0,0
1780281107.9964247,1780281107.9967606,0.33593177795410156,chatcmpl-fc192cd6-05c5-4f62-ac0b-8cc5783dabe1-9ece1ae0,decode,0,0,452715,3,d61968e8-e4aa-43a2-8ca8-85b623ffd1e5_dp0,0
1780281108.134411,1780281108.1511066,16.695499420166016,chatcmpl-ba14c179-6298-478b-b5fd-0579c1c4ab0a-9ed1ab62,decode,0,0,452715,36,d61968e8-e4aa-43a2-8ca8-85b623ffd1e5_dp1,0
1780281108.1666675,1780281108.176355,9.687423706054688,chatcmpl-f305f759-2564-43bf-a0c1-b0239e3b4914-a6b07e20,decode,0,0,452715,3,d61968e8-e4aa-43a2-8ca8-85b623ffd1e5_dp0,0
1780281108.3481684,1780281108.3637357,15.567302703857422,chatcmpl-fa244002-dc32-45ba-9269-f248689818c3-953873c8,decode,0,0,452715,64,d61968e8-e4aa-43a2-8ca8-85b623ffd1e5_dp1,0
1780281108.4317033,1780281108.4519205,20.217180252075195,chatcmpl-17a3138e-238a-42f3-97f9-dbb6a0b77f7a-8e5bb786,decode,0,0,452715,26,d61968e8-e4aa-43a2-8ca8-85b623ffd1e5_dp1,0
1780281108.6930115,1780281108.7045195,11.507987976074219,chatcmpl-2e6f5205-2906-45c5-9e54-edae62bb9dc0-ae0c2fca,decode,0,0,452715,2,d61968e8-e4aa-43a2-8ca8-85b623ffd1e5_dp0,0
1780281108.7041879,1780281108.7045336,0.3457069396972656,chatcmpl-b49f9454-b26c-4659-91be-c0e9cc8621ac-89ee0a38,decode,0,0,452715,1,d61968e8-e4aa-43a2-8ca8-85b623ffd1e5_dp1,0
1780281108.803256,1780281108.818895,15.639066696166992,chatcmpl-45ce2fd0-b07e-4baf-9f37-8d1c74e3473d-9777c795,decode,0,0,452715,35,d61968e8-e4aa-43a2-8ca8-85b623ffd1e5_dp1,0
1780281108.8642364,1780281108.8693094,5.073070526123047,chatcmpl-a5fff570-1a04-4c3b-9eb2-cd312482ecdb-b0c4d55a,decode,0,0,452715,23,d61968e8-e4aa-43a2-8ca8-85b623ffd1e5_dp0,0
1780281108.950066,1780281108.9568713,6.805181503295898,chatcmpl-c1696727-5651-48f9-94d5-45b3c051ff07-ac0e9573,decode,0,0,452715,24,d61968e8-e4aa-43a2-8ca8-85b623ffd1e5_dp0,0
1780281109.1113226,1780281109.122788,11.465311050415039,chatcmpl-86638a94-47b2-4a4c-9e9f-e3985e41d51a-9546ccba,decode,0,0,452715,4,d61968e8-e4aa-43a2-8ca8-85b623ffd1e5_dp1,0
1780281109.1224575,1780281109.1326792,10.221719741821289,chatcmpl-a4ddf5e0-30be-4ca5-a114-c2a835eed33d-9f008c76,decode,0,0,452715,2,d61968e8-e4aa-43a2-8ca8-85b623ffd1e5_dp0,0
1780281109.2661715,1780281109.2713125,5.141019821166992,chatcmpl-d44b9824-a36d-405e-b760-0b511aa07cbe-90b412cc,decode,0,0,452715,18,d61968e8-e4aa-43a2-8ca8-85b623ffd1e5_dp0,0
1780281109.3066146,1780281109.3099978,3.383159637451172,chatcmpl-6d558f52-d497-4e3b-80f2-bb4c7106e45e-8c746308,decode,0,0,452715,21,d61968e8-e4aa-43a2-8ca8-85b623ffd1e5_dp0,0
1780281109.3643582,1780281109.3722377,7.879495620727539,chatcmpl-4f805bbd-337a-4780-84b2-d4f643ff4e7d-8db9ec64,decode,0,0,452715,5,d61968e8-e4aa-43a2-8ca8-85b623ffd1e5_dp0,0
1780281109.4515464,1780281109.4607356,9.189128875732422,chatcmpl-6128b0a5-524c-4e97-bd0e-f3bf4a2cea24-a3742363,decode,0,0,452715,4,d61968e8-e4aa-43a2-8ca8-85b623ffd1e5_dp0,0
1780281109.6092656,1780281109.6250217,15.75613021850586,chatcmpl-e32d2e32-bc61-4881-bbf6-3fb44a276447-b4568b4f,decode,0,0,452715,8,d61968e8-e4aa-43a2-8ca8-85b623ffd1e5_dp1,0
1780281109.6432593,1780281109.650313,7.053613662719727,chatcmpl-28ff44cd-4b3b-4fa7-9aba-aebbdd30584c-b1964e48,decode,0,0,452715,6,d61968e8-e4aa-43a2-8ca8-85b623ffd1e5_dp0,0
1780281109.9832013,1780281109.9964845,13.283252716064453,chatcmpl-0f20c286-f7b1-4300-b9e3-b5119451c6f3-8db41e26,decode,0,0,452715,3,d61968e8-e4aa-43a2-8ca8-85b623ffd1e5_dp0,0
1780281109.996065,1780281110.0056183,9.55343246459961,chatcmpl-fd95fd86-5a64-41fd-bbf2-ce06560d278a-a9b61307,decode,0,0,452715,3,d61968e8-e4aa-43a2-8ca8-85b623ffd1e5_dp0,0
1780281110.0599656,1780281110.0686905,8.72492790222168,chatcmpl-1c5a8a31-a932-421c-bfe0-808f464acc67-a3036d63,decode,0,0,452715,16,d61968e8-e4aa-43a2-8ca8-85b623ffd1e5_dp1,0
1780281110.0878124,1780281110.094142,6.329536437988281,chatcmpl-8198ae90-9cd3-4390-8b9f-0f5e4664e5c8-b23dcb5d,decode,0,0,452715,11,d61968e8-e4aa-43a2-8ca8-85b623ffd1e5_dp1,0
1780281110.2810416,1780281110.2963696,15.327930450439453,chatcmpl-0031005c-f220-4194-a039-e16ab695aa73-b60a100f,decode,0,0,452715,42,d61968e8-e4aa-43a2-8ca8-85b623ffd1e5_dp0,0
1780281110.3913662,1780281110.4101129,18.746614456176758,chatcmpl-9b54605c-0605-4ca4-84b3-fc1fbb9fd434-8e168508,decode,0,0,452715,26,d61968e8-e4aa-43a2-8ca8-85b623ffd1e5_dp1,0
1780281110.482189,1780281110.4928198,10.63084602355957,chatcmpl-3ec4b04d-e76f-4ed8-8fc4-a9d4e63aaace-923f3caf,decode,0,0,452715,2,d61968e8-e4aa-43a2-8ca8-85b623ffd1e5_dp0,0
1780281110.5687957,1780281110.585453,16.657352447509766,chatcmpl-72e83ca8-5dbb-4158-97f6-c19711bd269d-a99fb59a,decode,0,0,452715,45,d61968e8-e4aa-43a2-8ca8-85b623ffd1e5_dp1,0
1780281110.582178,1780281110.5979958,15.817642211914062,chatcmpl-6277e30b-7f01-4319-9ecd-672cc0ecc621-96c6be6e,decode,0,0,452715,15,d61968e8-e4aa-43a2-8ca8-85b623ffd1e5_dp0,0
1780281110.6264844,1780281110.6366158,10.131359100341797,chatcmpl-a323395b-b26c-44d1-abb7-efc19bab22e8-bb7e2039,decode,0,0,452715,3,d61968e8-e4aa-43a2-8ca8-85b623ffd1e5_dp0,0
1780281110.663177,1780281110.6757562,12.579202651977539,chatcmpl-9a0f8651-ff72-4775-be19-818b7762c394-a7209b55,decode,0,0,452715,1,d61968e8-e4aa-43a2-8ca8-85b623ffd1e5_dp0,0
1780281110.7696714,1780281110.7797594,10.087966918945312,chatcmpl-e16819a6-557f-4fce-87ee-fa810af1173b-b1aac454,decode,0,0,452715,3,d61968e8-e4aa-43a2-8ca8-85b623ffd1e5_dp1,0
1780281110.9606733,1780281110.973309,12.63570785522461,chatcmpl-0091984b-1611-4419-918d-d99b1fbc3130-bef25dd4,decode,0,0,452715,1,d61968e8-e4aa-43a2-8ca8-85b623ffd1e5_dp0,0
1780281111.049278,1780281111.0690591,19.781112670898438,chatcmpl-0c197f3f-e7a2-4c26-babb-8d900859f8d0-8a7eebfa,decode,0,0,452715,44,d61968e8-e4aa-43a2-8ca8-85b623ffd1e5_dp1,0
1780281111.0687525,1780281111.0690708,0.31828880310058594,chatcmpl-868d8744-4b18-4fdf-9c91-9a5de441529c-9089ed4f,decode,0,0,452715,3,d61968e8-e4aa-43a2-8ca8-85b623ffd1e5_dp1,0
1780281111.474609,1780281111.4794395,4.830598831176758,chatcmpl-98cbd5fe-7c0a-41b7-991b-7e0c0cee768e-929d841b,decode,0,0,452715,7,d61968e8-e4aa-43a2-8ca8-85b623ffd1e5_dp1,0
1780281111.6305835,1780281111.6468928,16.309261322021484,chatcmpl-6405aca4-ab59-4ec1-aecb-fc0bd0b243d5-965f773c,decode,0,0,452715,39,d61968e8-e4aa-43a2-8ca8-85b623ffd1e5_dp0,0
1780281111.6760178,1780281111.685683,9.665250778198242,chatcmpl-19295cbc-b0b3-475e-91f4-c4d473aed028-a0185734,decode,0,0,452715,2,d61968e8-e4aa-43a2-8ca8-85b623ffd1e5_dp0,0
1780281111.8405495,1780281111.8528337,12.284278869628906,chatcmpl-0fe53532-8986-42f9-a77a-ebd4a4639dc4-892bca59,decode,0,0,452715,1,d61968e8-e4aa-43a2-8ca8-85b623ffd1e5_dp0,0
1780281111.9689188,1780281111.9793983,10.479450225830078,chatcmpl-1e89377c-a78c-4635-ae5e-f48125fc73dc-9e1f5694,decode,0,0,452715,2,d61968e8-e4aa-43a2-8ca8-85b623ffd1e5_dp0,0
1780281112.0090919,1780281112.0178285,8.736610412597656,chatcmpl-e06df2c3-a97b-4e54-a9e0-56eac66faf8b-aa1a6633,decode,0,0,452715,22,d61968e8-e4aa-43a2-8ca8-85b623ffd1e5_dp0,0
1780281112.099563,1780281112.1081507,8.587837219238281,chatcmpl-ad1a7d7f-7058-4b74-8ece-e8afab5362ed-ade8677c,decode,0,0,452715,6,d61968e8-e4aa-43a2-8ca8-85b623ffd1e5_dp0,0
1780281112.1913633,1780281112.1979449,6.581544876098633,chatcmpl-1dfcbc13-80c5-47eb-a3f1-992119147a52-a62fba09,decode,0,0,452715,16,d61968e8-e4aa-43a2-8ca8-85b623ffd1e5_dp1,0
1780281112.3218699,1780281112.337089,15.21921157836914,chatcmpl-55dd35be-5ad7-492b-9bf6-b4096ff71863-a75624b6,decode,0,0,452715,45,d61968e8-e4aa-43a2-8ca8-85b623ffd1e5_dp0,0
1780281112.4088597,1780281112.424195,15.335321426391602,chatcmpl-91f74cac-cb0f-4132-aa73-34c6797e2b55-b15abab5,decode,0,0,452715,38,d61968e8-e4aa-43a2-8ca8-85b623ffd1e5_dp0,0
1780281112.4969242,1780281112.5146532,17.72904396057129,chatcmpl-94cff287-29cb-40d0-8651-9fa3ab46fd86-a047c11b,decode,0,0,452715,39,d61968e8-e4aa-43a2-8ca8-85b623ffd1e5_dp1,0
1780281112.5109203,1780281112.5328453,21.924972534179688,chatcmpl-99ceb6f7-9941-4795-9e62-013cc069a05e-8e6d2465,decode,0,0,452715,29,d61968e8-e4aa-43a2-8ca8-85b623ffd1e5_dp0,0
1780281112.5325,1780281112.5390227,6.522655487060547,chatcmpl-48dbaef7-ddea-4e50-86ae-5f298f12b9e7-afd7a71f,decode,0,0,452715,6,d61968e8-e4aa-43a2-8ca8-85b623ffd1e5_dp0,0
1780281112.57274,1780281112.5886276,15.88749885559082,chatcmpl-84112054-3270-4d9b-a23f-8fa6d066b45b-a372bc00,decode,0,0,452715,30,d61968e8-e4aa-43a2-8ca8-85b623ffd1e5_dp1,0
1780281112.7527254,1780281112.76342,10.694742202758789,chatcmpl-f0055cae-0915-44cf-9f30-30efd9a08044-9b9a710b,decode,0,0,452715,2,d61968e8-e4aa-43a2-8ca8-85b623ffd1e5_dp0,0
1780281112.7796478,1780281112.788011,8.36324691772461,chatcmpl-ae51177e-a56a-421c-818e-8bb95366a7aa-8215731d,decode,0,0,452715,4,d61968e8-e4aa-43a2-8ca8-85b623ffd1e5_dp0,0
1780281112.8184748,1780281112.82532,6.845235824584961,chatcmpl-c5bfca56-a1cc-43e6-a649-cb1dbe12aa7f-857ba4ac,decode,0,0,452715,15,d61968e8-e4aa-43a2-8ca8-85b623ffd1e5_dp0,0
1780281113.0124502,1780281113.0231314,10.68115234375,chatcmpl-f2ae622b-1009-4052-8a85-cf0e0979dd08-a1dd2814,decode,0,0,452715,2,d61968e8-e4aa-43a2-8ca8-85b623ffd1e5_dp0,0
1780281113.055267,1780281113.0603695,5.102396011352539,chatcmpl-eaaeac6e-9273-420b-a406-285537027659-b65b3c81,decode,0,0,452715,6,d61968e8-e4aa-43a2-8ca8-85b623ffd1e5_dp0,0
1780281113.2602315,1780281113.2660754,5.843877792358398,chatcmpl-c385bee0-e7a8-462f-b243-241f11a89ad2-94de04fa,decode,0,0,452715,13,d61968e8-e4aa-43a2-8ca8-85b623ffd1e5_dp0,0
1780281113.4891624,1780281113.4973993,8.236885070800781,chatcmpl-5c911f38-db78-4ab7-8be4-5cebd3a44d2c-8a2221f9,decode,0,0,452715,23,d61968e8-e4aa-43a2-8ca8-85b623ffd1e5_dp0,0
1780281113.4970608,1780281113.5049958,7.935047149658203,chatcmpl-cbd21a18-b0aa-4ca5-bd13-df7d1349e7e9-9f6fb4c4,decode,0,0,452715,4,d61968e8-e4aa-43a2-8ca8-85b623ffd1e5_dp1,0
1780281113.5218515,1780281113.5417857,19.93417739868164,chatcmpl-b7874c3b-e1c9-4179-aace-11fbe435717b-a8028bc8,decode,0,0,452715,27,d61968e8-e4aa-43a2-8ca8-85b623ffd1e5_dp0,0
1780281113.522333,1780281113.5418167,19.48380470275879,chatcmpl-d0f0647c-3b30-4827-95ac-99040bcf4922-ac5187cd,decode,0,0,452715,1,d61968e8-e4aa-43a2-8ca8-85b623ffd1e5_dp0,0
1780281113.687868,1780281113.6956933,7.825136184692383,chatcmpl-b27ce420-bf53-4c8b-b6ad-a6059ed5b826-9d564c95,decode,0,0,452715,11,d61968e8-e4aa-43a2-8ca8-85b623ffd1e5_dp0,0
1780281113.7280579,1780281113.7332852,5.227327346801758,chatcmpl-da803826-a1e7-4ade-9e14-d9369298f7d6-a26f10ce,decode,0,0,452715,7,d61968e8-e4aa-43a2-8ca8-85b623ffd1e5_dp0,0
1780281114.1358044,1780281114.1452584,9.454011917114258,chatcmpl-b1bc9188-c2fa-4ece-9eb8-b075b078c02e-97534b9f,decode,0,0,452715,4,d61968e8-e4aa-43a2-8ca8-85b623ffd1e5_dp1,0
1780281114.1932626,1780281114.2014236,8.161067962646484,chatcmpl-9d65615b-5829-4ff2-b935-fece71aabb2d-a4b5bae8,decode,0,0,452715,32,d61968e8-e4aa-43a2-8ca8-85b623ffd1e5_dp0,0
1780281114.201118,1780281114.2162774,15.159368515014648,chatcmpl-3bb9d56b-ade4-46b8-a070-c16981f26fe8-a7252294,decode,0,0,452715,4,d61968e8-e4aa-43a2-8ca8-85b623ffd1e5_dp0,0
1780281114.298173,1780281114.3057883,7.615327835083008,chatcmpl-f06d1a2d-6b97-4123-be37-0e7ceeb5dac4-9ebafbd3,decode,0,0,452715,7,d61968e8-e4aa-43a2-8ca8-85b623ffd1e5_dp1,0
1780281114.3054953,1780281114.3180015,12.506246566772461,chatcmpl-cd1b80c4-0cd0-4bb9-b7c4-c009f641024b-8f9b2f53,decode,0,0,452715,2,d61968e8-e4aa-43a2-8ca8-85b623ffd1e5_dp0,0
1780281114.3176928,1780281114.328589,10.89620590209961,chatcmpl-099784af-4f46-4f23-8a44-d3ac8b82b9a6-ab84a278,decode,0,0,452715,2,d61968e8-e4aa-43a2-8ca8-85b623ffd1e5_dp1,0
1780281114.4178388,1780281114.4272406,9.401798248291016,chatcmpl-20d3f949-9e1d-4b69-8a69-2dbaf50ee096-9dadc559,decode,0,0,452715,2,d61968e8-e4aa-43a2-8ca8-85b623ffd1e5_dp1,0
1780281114.443478,1780281114.4523199,8.841753005981445,chatcmpl-46cbc5fa-7300-4f2a-9f7a-450ade1da466-a1296faf,decode,0,0,452715,4,d61968e8-e4aa-43a2-8ca8-85b623ffd1e5_dp0,0
1780281114.5980074,1780281114.6013124,3.3049583435058594,chatcmpl-367fac47-889d-46c9-88c9-e60d8254bd65-8fa622c5,decode,0,0,452715,23,d61968e8-e4aa-43a2-8ca8-85b623ffd1e5_dp0,0
1780281114.7002537,1780281114.7129006,12.646913528442383,chatcmpl-bd66990b-9c5f-4f7e-889d-acc38b2cbc62-a7fb215b,decode,0,0,452715,49,d61968e8-e4aa-43a2-8ca8-85b623ffd1e5_dp0,0
1780281114.712625,1780281114.727634,15.008926391601562,chatcmpl-9e9d50d7-9afd-4c02-bbb8-8f152190d12a-919e68fa,decode,0,0,452715,2,d61968e8-e4aa-43a2-8ca8-85b623ffd1e5_dp1,0
1780281114.7897363,1780281114.8050127,15.276432037353516,chatcmpl-523ea264-118f-4ab3-8e90-2078a35bcc97-a515f7d0,decode,0,0,452715,49,d61968e8-e4aa-43a2-8ca8-85b623ffd1e5_dp0,0
1780281115.0912633,1780281115.1013725,10.109186172485352,chatcmpl-bef7e004-1013-4c58-be8f-adcc24eaa376-84da2d31,decode,0,0,452715,2,d61968e8-e4aa-43a2-8ca8-85b623ffd1e5_dp0,0
1780281115.175023,1780281115.1902792,15.256166458129883,chatcmpl-3e2c662d-a7c8-4485-9ff8-cb6e27b2e10b-9a48c1ec,decode,0,0,452715,42,d61968e8-e4aa-43a2-8ca8-85b623ffd1e5_dp1,0
1780281115.4535398,1780281115.461168,7.628202438354492,chatcmpl-949d2f47-8282-4baf-a288-c62a4a5bef68-b4fd9840,decode,0,0,452715,6,d61968e8-e4aa-43a2-8ca8-85b623ffd1e5_dp0,0
1780281115.5338068,1780281115.5488925,15.085697174072266,chatcmpl-0bf3c9ad-ed17-456c-937f-60143c82083c-82b46aa2,decode,0,0,452715,31,d61968e8-e4aa-43a2-8ca8-85b623ffd1e5_dp1,0
1780281115.5876637,1780281115.5978184,10.15472412109375,chatcmpl-065f02be-8a53-4e0d-832b-5b3b358a3551-9075ad09,decode,0,0,452715,2,d61968e8-e4aa-43a2-8ca8-85b623ffd1e5_dp0,0
1780281115.6821434,1780281115.6988592,16.71576499938965,chatcmpl-cef0100a-bfa3-4907-96d5-6f6b4d6417da-ba83d5d7,decode,0,0,452715,45,d61968e8-e4aa-43a2-8ca8-85b623ffd1e5_dp1,0
1780281115.6985676,1780281115.7140188,15.451192855834961,chatcmpl-3154df1f-8e7a-454d-9db1-f08ef41e5caf-87edc42b,decode,0,0,452715,5,d61968e8-e4aa-43a2-8ca8-85b623ffd1e5_dp0,0
1780281115.848875,1780281115.8491447,0.2696514129638672,chatcmpl-9864c723-1f76-4771-bcef-cf7676c6e52d-9d3e7f0e,decode,0,0,452715,1,d61968e8-e4aa-43a2-8ca8-85b623ffd1e5_dp0,0
1780281115.9982796,1780281116.0059483,7.668733596801758,chatcmpl-99139fbf-3e7d-4ffb-89d3-4196c0fd3f9b-9b90f04f,decode,0,0,452715,5,d61968e8-e4aa-43a2-8ca8-85b623ffd1e5_dp0,0
1780281116.043798,1780281116.054186,10.38813591003418,chatcmpl-3711747e-387c-40b3-8f1f-88fbe6c37516-a3edadee,decode,0,0,452715,2,d61968e8-e4aa-43a2-8ca8-85b623ffd1e5_dp1,0
1780281116.1715016,1780281116.186637,15.13528823852539,chatcmpl-bc30493f-64d9-44b1-b42b-74b3d41483c6-a2e6e44e,decode,0,0,452715,25,d61968e8-e4aa-43a2-8ca8-85b623ffd1e5_dp1,0
1780281116.320622,1780281116.3357313,15.10930061340332,chatcmpl-d4e1362a-6314-4b95-9cbb-f5aa1598a4c5-b8b1d3c3,decode,0,0,452715,45,d61968e8-e4aa-43a2-8ca8-85b623ffd1e5_dp0,0
1780281116.3582077,1780281116.3735867,15.378952026367188,chatcmpl-9f811b88-e72a-4560-96ae-4eefe7ef8e9c-995d2b6c,decode,0,0,452715,9,d61968e8-e4aa-43a2-8ca8-85b623ffd1e5_dp1,0
1780281116.4842243,1780281116.484597,0.3726482391357422,chatcmpl-a0717ba3-9fbc-40ad-af44-29f60d817c42-9205b0f5,decode,0,0,452715,1,d61968e8-e4aa-43a2-8ca8-85b623ffd1e5_dp1,0
1780281117.223681,1780281117.2305233,6.842374801635742,chatcmpl-0dc9291b-2f3f-446d-a142-c3e6f038b9a5-8b2a8497,decode,0,0,452715,15,d61968e8-e4aa-43a2-8ca8-85b623ffd1e5_dp1,0
1780281117.29772,1780281117.3039165,6.196498870849609,chatcmpl-95ee7493-3989-45dc-9547-88de95d58632-ba9ca606,decode,0,0,452715,5,d61968e8-e4aa-43a2-8ca8-85b623ffd1e5_dp1,0
1780281117.390822,1780281117.4011447,10.322809219360352,chatcmpl-191b7d06-22a4-46e6-b9fc-cbe94f5d8f0e-afc201d9,decode,0,0,452715,2,d61968e8-e4aa-43a2-8ca8-85b623ffd1e5_dp0,0
1780281117.4517126,1780281117.4618404,10.127782821655273,chatcmpl-42e4fdd6-696e-4338-b3ee-56e7dd711edc-acb943f1,decode,0,0,452715,2,d61968e8-e4aa-43a2-8ca8-85b623ffd1e5_dp1,0
1780281117.6505766,1780281117.6646712,14.09459114074707,chatcmpl-0d2c9aef-259e-4884-ba2f-c3ffbd6aedc7-b1ae91d0,decode,0,0,452715,3,d61968e8-e4aa-43a2-8ca8-85b623ffd1e5_dp1,0
1780281117.6642826,1780281117.6720173,7.734775543212891,chatcmpl-e609ab5f-0e5b-4c34-ab1d-3dfe1cbc10c1-a2d23666,decode,0,0,452715,17,d61968e8-e4aa-43a2-8ca8-85b623ffd1e5_dp0,0
1780281117.701576,1780281117.7113335,9.757518768310547,chatcmpl-55ab8e0c-c5ea-49cc-8101-2ab0cb4c5b5f-b1651f27,decode,0,0,452715,5,d61968e8-e4aa-43a2-8ca8-85b623ffd1e5_dp0,0
1780281117.710996,1780281117.721446,10.450124740600586,chatcmpl-2f48b027-8350-4570-87f1-546fe2bb13bc-b9d83c81,decode,0,0,452715,2,d61968e8-e4aa-43a2-8ca8-85b623ffd1e5_dp1,0
1780281117.7210991,1780281117.7214787,0.3795623779296875,chatcmpl-67c521e5-3d96-48e1-be7c-7d689a19f66e-af90df94,decode,0,0,452715,1,d61968e8-e4aa-43a2-8ca8-85b623ffd1e5_dp0,0
1780281117.8445675,1780281117.854132,9.564399719238281,chatcmpl-622fbb31-5279-492b-b326-3154719fe966-b9694ebb,decode,0,0,452715,3,d61968e8-e4aa-43a2-8ca8-85b623ffd1e5_dp0,0
1780281117.9409122,1780281117.941197,0.2846717834472656,chatcmpl-bba41901-0a5c-4a88-a910-94d890108193-8a034675,decode,0,0,452715,1,d61968e8-e4aa-43a2-8ca8-85b623ffd1e5_dp1,0
1780281118.2832158,1780281118.2985318,15.316009521484375,chatcmpl-b6d0308e-29ef-4395-93bd-d3f11f3cb469-8cb8ae65,decode,0,0,452715,39,d61968e8-e4aa-43a2-8ca8-85b623ffd1e5_dp0,0
1780281118.4288971,1780281118.4447074,15.810251235961914,chatcmpl-aa4107f1-921b-478c-a464-79eaef017327-96ad6c94,decode,0,0,452715,39,d61968e8-e4aa-43a2-8ca8-85b623ffd1e5_dp0,0
1780281118.4613893,1780281118.4700131,8.623838424682617,chatcmpl-36bdaf4c-ec30-49fb-94c4-72430e81f791-a4f8d138,decode,0,0,452715,18,d61968e8-e4aa-43a2-8ca8-85b623ffd1e5_dp1,0
1780281118.5435543,1780281118.555809,12.254714965820312,chatcmpl-a8c48eba-be3f-484f-9577-2f0c5d18fac6-a5607497,decode,0,0,452715,1,d61968e8-e4aa-43a2-8ca8-85b623ffd1e5_dp0,0
1780281118.575934,1780281118.5806706,4.736661911010742,chatcmpl-1501063c-4b8b-4a4d-84d6-9800a869b6d1-a09ac808,decode,0,0,452715,22,d61968e8-e4aa-43a2-8ca8-85b623ffd1e5_dp1,0
1780281118.7565305,1780281118.76704,10.509490966796875,chatcmpl-1e6a8b6e-b6f2-40a0-98f2-7b91a67cbd16-a089b647,decode,0,0,452715,2,d61968e8-e4aa-43a2-8ca8-85b623ffd1e5_dp0,0
1780281118.8049004,1780281118.816553,11.652708053588867,chatcmpl-f5c70be2-0399-4b6e-974b-cac3eb1f3256-9ae6d0c8,decode,0,0,452715,1,d61968e8-e4aa-43a2-8ca8-85b623ffd1e5_dp0,0
1780281118.8447766,1780281118.8561432,11.366605758666992,chatcmpl-d6ebf0bb-95fa-4f7d-bde7-8094ff152543-a3bb5efa,decode,0,0,452715,3,d61968e8-e4aa-43a2-8ca8-85b623ffd1e5_dp1,0
1780281118.8558412,1780281118.8665693,10.728120803833008,chatcmpl-9e89977b-49a6-4406-a1f3-0ae3141a1146-b2a650c6,decode,0,0,452715,2,d61968e8-e4aa-43a2-8ca8-85b623ffd1e5_dp1,0
1780281118.9404962,1780281118.9525826,12.08639144897461,chatcmpl-e8cfa555-23d0-4a77-a64c-c2196cead740-9e3736c0,decode,0,0,452715,1,d61968e8-e4aa-43a2-8ca8-85b623ffd1e5_dp0,0
1780281119.0420115,1780281119.0512018,9.19032096862793,chatcmpl-a62e1a63-15c0-4348-bd1d-8e6545053215-8fe25102,decode,0,0,452715,3,d61968e8-e4aa-43a2-8ca8-85b623ffd1e5_dp1,0
1780281119.06716,1780281119.0755436,8.383750915527344,chatcmpl-891dfc85-3caa-4830-9532-c4ab364e5d9d-9c1d9e03,decode,0,0,452715,4,d61968e8-e4aa-43a2-8ca8-85b623ffd1e5_dp1,0
1780281119.176311,1780281119.1849985,8.687496185302734,chatcmpl-8f863bd2-0a9f-411b-9439-62b72d73e7d0-8837f4f9,decode,0,0,452715,11,d61968e8-e4aa-43a2-8ca8-85b623ffd1e5_dp1,0
1780281119.236827,1780281119.2462912,9.464263916015625,chatcmpl-60dc79c2-843b-47fa-bfed-c2645f621bf7-8473abf7,decode,0,0,452715,3,d61968e8-e4aa-43a2-8ca8-85b623ffd1e5_dp0,0
1780281084.4564884,1780281084.4658997,9.411334991455078,chatcmpl-125693f5-bea8-46ba-9174-af2ec462e098-b6503fd8,decode,1,0,452712,3,d61968e8-e4aa-43a2-8ca8-85b623ffd1e5_dp0,0
1780281084.5323827,1780281084.551071,18.688201904296875,chatcmpl-3cebdba8-33e3-49e1-b4c4-90b80dd8d63d-bf5824c4,decode,1,0,452712,42,d61968e8-e4aa-43a2-8ca8-85b623ffd1e5_dp1,0
1780281084.7422361,1780281084.7543328,12.096643447875977,chatcmpl-0068a79a-0a99-4909-a08e-1df3239d46c0-bcaca319,decode,1,0,452712,1,d61968e8-e4aa-43a2-8ca8-85b623ffd1e5_dp0,0
1780281084.828591,1780281084.8404973,11.906147003173828,chatcmpl-c44f2f49-f67c-4129-bda0-8edf353e4da3-adb368ef,decode,1,0,452712,1,d61968e8-e4aa-43a2-8ca8-85b623ffd1e5_dp1,0
1780281084.91637,1780281084.9277172,11.347293853759766,chatcmpl-23a40bd8-045e-4133-8abf-bc59ae1349ec-b9abd02e,decode,1,0,452712,2,d61968e8-e4aa-43a2-8ca8-85b623ffd1e5_dp1,0
1780281085.1050434,1780281085.114289,9.245634078979492,chatcmpl-b3c79f9d-8c50-4729-9dd8-f725d9adf41f-bfb9263f,decode,1,0,452712,26,d61968e8-e4aa-43a2-8ca8-85b623ffd1e5_dp1,0
1780281085.128003,1780281085.1382716,10.268688201904297,chatcmpl-e24f9e09-2029-40c6-9db2-55d404b62ecd-8b7a4a57,decode,1,0,452712,3,d61968e8-e4aa-43a2-8ca8-85b623ffd1e5_dp0,0
1780281085.2377565,1780281085.2486095,10.853052139282227,chatcmpl-71a7a74b-4cb3-44cd-8c4e-0a20f99b8ee9-ae945e86,decode,1,0,452712,2,d61968e8-e4aa-43a2-8ca8-85b623ffd1e5_dp0,0
1780281085.4003434,1780281085.4084213,8.077859878540039,chatcmpl-adcf4eb1-9981-4e5b-9eba-a127dd0dfd04-855c3570,decode,1,0,452712,6,d61968e8-e4aa-43a2-8ca8-85b623ffd1e5_dp1,0
1780281085.5332081,1780281085.5441685,10.96034049987793,chatcmpl-c4b01d5f-50be-4f7c-bc65-775f3f69dff1-983697bc,decode,1,0,452712,2,d61968e8-e4aa-43a2-8ca8-85b623ffd1e5_dp1,0
1780281085.730085,1780281085.7410178,10.93292236328125,chatcmpl-9c5b60dd-7a9e-4304-8129-6119b33f0ff5-885c1d63,decode,1,0,452712,2,d61968e8-e4aa-43a2-8ca8-85b623ffd1e5_dp0,0
1780281085.8811755,1780281085.900796,19.620418548583984,chatcmpl-0e38acc7-d05c-4cc7-b14a-a9517513a457-bbac424b,decode,1,0,452712,35,d61968e8-e4aa-43a2-8ca8-85b623ffd1e5_dp1,0
1780281085.965564,1780281085.9759607,10.396718978881836,chatcmpl-c1d1f1d4-a244-45eb-ac11-f959f2579526-b007bd18,decode,1,0,452712,16,d61968e8-e4aa-43a2-8ca8-85b623ffd1e5_dp0,0
1780281086.0418046,1780281086.0640302,22.225618362426758,chatcmpl-dca850f7-8653-4730-b01c-25f604d0b814-ad79f4a6,decode,1,0,452712,41,d61968e8-e4aa-43a2-8ca8-85b623ffd1e5_dp1,0
1780281086.1426907,1780281086.1620831,19.39249038696289,chatcmpl-c5889601-2cd3-4352-924f-f600d6b5eeb9-bb0fac49,decode,1,0,452712,40,d61968e8-e4aa-43a2-8ca8-85b623ffd1e5_dp1,0
1780281086.211317,1780281086.2115705,0.25343894958496094,chatcmpl-1b694c63-608c-49a4-8b5b-437d11bcb1ec-8674ec6e,decode,1,0,452712,1,d61968e8-e4aa-43a2-8ca8-85b623ffd1e5_dp1,0
1780281086.2506628,1780281086.2599642,9.301424026489258,chatcmpl-3c35e2ad-8f86-4665-8693-a6bcfdff095e-8734f2dd,decode,1,0,452712,4,d61968e8-e4aa-43a2-8ca8-85b623ffd1e5_dp0,0
1780281086.2982252,1780281086.308673,10.44774055480957,chatcmpl-6b392c7d-5fe4-407f-8a19-e1f0b98a5e75-b9a50d33,decode,1,0,452712,2,d61968e8-e4aa-43a2-8ca8-85b623ffd1e5_dp1,0
1780281086.583391,1780281086.6083689,24.977922439575195,chatcmpl-e9bb5317-0c83-4e97-bc8f-7df3a2f4dcb7-bf70f5fe,decode,1,0,452712,39,d61968e8-e4aa-43a2-8ca8-85b623ffd1e5_dp0,0
1780281086.6052196,1780281086.6200218,14.802217483520508,chatcmpl-c635a5cf-ef0b-479b-929b-9567e030a250-9f7023f9,decode,1,0,452712,21,d61968e8-e4aa-43a2-8ca8-85b623ffd1e5_dp0,0
1780281086.8103871,1780281086.8168836,6.496429443359375,chatcmpl-219ca336-4f73-4d9b-8997-a4e1d72b7dbc-9064c67c,decode,1,0,452712,8,d61968e8-e4aa-43a2-8ca8-85b623ffd1e5_dp0,0
1780281087.0444713,1780281087.0795736,35.10236740112305,chatcmpl-e28d6ad2-d497-4396-8788-f3d5c36fa214-81bf08e3,decode,1,0,452712,2,d61968e8-e4aa-43a2-8ca8-85b623ffd1e5_dp1,0
1780281087.0792158,1780281087.0981882,18.972396850585938,chatcmpl-c64f9df0-115d-48ac-8f71-ba7a7ee9d1fe-a7ba32b9,decode,1,0,452712,8,d61968e8-e4aa-43a2-8ca8-85b623ffd1e5_dp0,0
1780281087.0978196,1780281087.107331,9.511470794677734,chatcmpl-a49769dd-9352-4b1b-986c-b1c6b8c709d0-9e8111de,decode,1,0,452712,3,d61968e8-e4aa-43a2-8ca8-85b623ffd1e5_dp1,0
1780281087.284506,1780281087.300941,16.434907913208008,chatcmpl-51a272f5-96ad-4a40-82fa-58f7da354604-9cf8c39e,decode,1,0,452712,2,d61968e8-e4aa-43a2-8ca8-85b623ffd1e5_dp0,0
1780281087.3005922,1780281087.3081787,7.586479187011719,chatcmpl-019d219d-7f2f-48e9-b6ac-5c0cdb0f7a8a-94aa89a4,decode,1,0,452712,7,d61968e8-e4aa-43a2-8ca8-85b623ffd1e5_dp1,0
1780281087.621472,1780281087.6279454,6.473541259765625,chatcmpl-366e5bfd-cf70-482f-aa2f-c31793c6d43b-81273692,decode,1,0,452712,7,d61968e8-e4aa-43a2-8ca8-85b623ffd1e5_dp0,0
1780281087.6569488,1780281087.6654565,8.507728576660156,chatcmpl-8de09969-d421-4785-88b3-49763d3a933c-ae05ba3a,decode,1,0,452712,21,d61968e8-e4aa-43a2-8ca8-85b623ffd1e5_dp0,0
1780281087.788864,1780281087.799925,11.06119155883789,chatcmpl-5aaa17fe-62ef-4572-a09d-808788f14b9b-86b512fa,decode,1,0,452712,1,d61968e8-e4aa-43a2-8ca8-85b623ffd1e5_dp0,0
1780281087.9528694,1780281087.9691896,16.320228576660156,chatcmpl-9a153a86-fc4f-4fb4-a0b0-9799334410f7-9bf1fe1d,decode,1,0,452712,45,d61968e8-e4aa-43a2-8ca8-85b623ffd1e5_dp0,0
1780281087.9593093,1780281087.969224,9.914636611938477,chatcmpl-d7ba2ff3-e989-46c5-bcd3-d5737869f336-93f5c890,decode,1,0,452712,11,d61968e8-e4aa-43a2-8ca8-85b623ffd1e5_dp1,0
1780281087.9688637,1780281087.9801736,11.30986213684082,chatcmpl-11f29dd3-bcb3-4981-891f-c65f7015114a-844187cd,decode,1,0,452712,2,d61968e8-e4aa-43a2-8ca8-85b623ffd1e5_dp0,0
1780281088.1988816,1780281088.2058377,6.9561004638671875,chatcmpl-a80734f3-415b-457b-b00e-f859688a4c02-92649a33,decode,1,0,452712,10,d61968e8-e4aa-43a2-8ca8-85b623ffd1e5_dp0,0
1780281088.2865322,1780281088.292661,6.128787994384766,chatcmpl-13ff4b47-620d-4688-ba07-cb0b2cb7089e-8c27b0f4,decode,1,0,452712,50,d61968e8-e4aa-43a2-8ca8-85b623ffd1e5_dp1,0
1780281088.2922828,1780281088.3048131,12.530326843261719,chatcmpl-f70b31f7-1ce1-4133-9697-07a0ad3e37e8-9c4b1cd6,decode,1,0,452712,2,d61968e8-e4aa-43a2-8ca8-85b623ffd1e5_dp0,0
1780281088.3045328,1780281088.3140163,9.483575820922852,chatcmpl-ef5f7adb-1dec-437d-9a4f-ac741851f6fd-96eece03,decode,1,0,452712,18,d61968e8-e4aa-43a2-8ca8-85b623ffd1e5_dp1,0
1780281088.5866296,1780281088.6014636,14.833927154541016,chatcmpl-949a8419-54de-4d7d-aca3-8c97568c0306-9f173b40,decode,1,0,452712,44,d61968e8-e4aa-43a2-8ca8-85b623ffd1e5_dp0,0
1780281088.6651037,1780281088.6844053,19.301652908325195,chatcmpl-6e7577f1-73cf-42d3-a7c0-4c4394c52c86-98277401,decode,1,0,452712,45,d61968e8-e4aa-43a2-8ca8-85b623ffd1e5_dp1,0
1780281088.6840973,1780281088.6925106,8.413314819335938,chatcmpl-d1558561-761a-4c52-85d6-f87f285c7664-839c35cf,decode,1,0,452712,19,d61968e8-e4aa-43a2-8ca8-85b623ffd1e5_dp1,0
1780281088.718873,1780281088.729531,10.658025741577148,chatcmpl-e31620e9-fcb6-4275-8bf0-b2381d54c6a4-a8f28069,decode,1,0,452712,2,d61968e8-e4aa-43a2-8ca8-85b623ffd1e5_dp1,0
1780281088.8768399,1780281088.8988302,21.990299224853516,chatcmpl-a86cca2b-7e17-4dce-ae8f-32075d83c989-9645c6b9,decode,1,0,452712,42,d61968e8-e4aa-43a2-8ca8-85b623ffd1e5_dp1,0
1780281088.885828,1780281088.8988569,13.028860092163086,chatcmpl-0f23b8af-879c-426e-9a33-f5fdc32ae152-93cf1f1a,decode,1,0,452712,2,d61968e8-e4aa-43a2-8ca8-85b623ffd1e5_dp1,0
1780281088.8985472,1780281088.8988674,0.32019615173339844,chatcmpl-835066af-10da-44f1-a1a7-4f1311f8693c-87c1a5af,decode,1,0,452712,2,d61968e8-e4aa-43a2-8ca8-85b623ffd1e5_dp0,0
1780281089.0461192,1780281089.0464215,0.30231475830078125,chatcmpl-c187d051-27c6-4319-b764-2be4f6dd0749-b0b08b5f,decode,1,0,452712,2,d61968e8-e4aa-43a2-8ca8-85b623ffd1e5_dp0,0
1780281089.3810098,1780281089.3812675,0.25773048400878906,chatcmpl-b03cc801-f4e1-433e-a62f-30e29d805127-82a2e75d,decode,1,0,452712,3,d61968e8-e4aa-43a2-8ca8-85b623ffd1e5_dp0,0
1780281089.418442,1780281089.4187088,0.26679039001464844,chatcmpl-101fd57a-7be5-4bb7-9e97-5cfbbac791f3-8ba4f91b,decode,1,0,452712,3,d61968e8-e4aa-43a2-8ca8-85b623ffd1e5_dp0,0
1780281089.5538075,1780281089.5540588,0.2512931823730469,chatcmpl-4fec76f8-c528-4520-9b71-c4bfcfb65021-94acfe78,decode,1,0,452712,2,d61968e8-e4aa-43a2-8ca8-85b623ffd1e5_dp0,0
1780281089.5899425,1780281089.5901976,0.2551078796386719,chatcmpl-328056b1-9d4e-45ad-89f9-f6a593fd6fa1-ab140ba9,decode,1,0,452712,1,d61968e8-e4aa-43a2-8ca8-85b623ffd1e5_dp1,0
1780281089.7062662,1780281089.726047,19.780874252319336,chatcmpl-a43cd6f0-11ff-4b6e-b5ef-2e9455398cc6-ac69bbe0,decode,1,0,452712,35,d61968e8-e4aa-43a2-8ca8-85b623ffd1e5_dp0,0
1780281089.863612,1780281089.8743656,10.753631591796875,chatcmpl-c10be012-1190-4e61-b20e-bd877a2fa2ac-b0fb56bc,decode,1,0,452712,2,d61968e8-e4aa-43a2-8ca8-85b623ffd1e5_dp0,0
1780281089.8880432,1780281089.8992012,11.157989501953125,chatcmpl-d9830ee0-4d4c-4b7a-9d62-6f2f3bf4688c-87c190e6,decode,1,0,452712,2,d61968e8-e4aa-43a2-8ca8-85b623ffd1e5_dp1,0
1780281090.2439227,1780281090.2503722,6.449460983276367,chatcmpl-173d5b48-9f7a-42e9-87a8-67336efa528c-a29c3808,decode,1,0,452712,53,d61968e8-e4aa-43a2-8ca8-85b623ffd1e5_dp1,0
1780281090.250018,1780281090.2625349,12.516975402832031,chatcmpl-46c308d0-92ff-45f8-973a-689c1d0b981e-bffdfd98,decode,1,0,452712,2,d61968e8-e4aa-43a2-8ca8-85b623ffd1e5_dp0,0
1780281090.262232,1780281090.2717917,9.55963134765625,chatcmpl-96f10c38-275a-4aed-b7e4-18cde512e773-ae650fa9,decode,1,0,452712,15,d61968e8-e4aa-43a2-8ca8-85b623ffd1e5_dp1,0
1780281090.3588152,1780281090.3590682,0.2529621124267578,chatcmpl-27f764fd-63cc-4c5a-bf3e-70eb4afefa69-bf93b313,decode,1,0,452712,1,d61968e8-e4aa-43a2-8ca8-85b623ffd1e5_dp0,0
1780281090.3847246,1780281090.3849764,0.25177001953125,chatcmpl-0c1138d1-3799-4763-ba01-627784c01e3c-801e4bc1,decode,1,0,452712,2,d61968e8-e4aa-43a2-8ca8-85b623ffd1e5_dp0,0
1780281090.4236996,1780281090.4325314,8.83173942565918,chatcmpl-f58ead94-a2bc-408b-8528-5f5d840b23b6-afefd710,decode,1,0,452712,14,d61968e8-e4aa-43a2-8ca8-85b623ffd1e5_dp1,0
1780281090.5103657,1780281090.5308893,20.523548126220703,chatcmpl-070932cc-2d1c-4006-8cdb-3aee17683d97-80280551,decode,1,0,452712,24,d61968e8-e4aa-43a2-8ca8-85b623ffd1e5_dp1,0
1780281090.5823305,1780281090.5930395,10.709047317504883,chatcmpl-c47f8028-6def-4e35-979d-b01694cd050b-b5366f68,decode,1,0,452712,3,d61968e8-e4aa-43a2-8ca8-85b623ffd1e5_dp0,0
1780281090.6064584,1780281090.6067245,0.26607513427734375,chatcmpl-2d2528c4-595b-4ed2-97f8-bb4a6d8a5733-aaa22a2b,decode,1,0,452712,2,d61968e8-e4aa-43a2-8ca8-85b623ffd1e5_dp0,0
1780281090.9169185,1780281090.9249542,8.035659790039062,chatcmpl-68737c4b-ec8f-444d-ac52-aa3cbf69aee5-8b0c907a,decode,1,0,452712,20,d61968e8-e4aa-43a2-8ca8-85b623ffd1e5_dp0,0
1780281091.0379477,1780281091.0382035,0.25582313537597656,chatcmpl-1dc2b95b-5cf0-444b-aa1d-69a3ff9afc3e-bf81b46c,decode,1,0,452712,2,d61968e8-e4aa-43a2-8ca8-85b623ffd1e5_dp0,0
1780281091.2377923,1780281091.258002,20.209789276123047,chatcmpl-7910cb6a-3a51-4d68-93ea-25d55bade935-af334a5b,decode,1,0,452712,37,d61968e8-e4aa-43a2-8ca8-85b623ffd1e5_dp1,0
1780281091.2459476,1780281091.25803,12.082338333129883,chatcmpl-e2ad1521-9801-4a32-870b-3f546051c98d-b198caac,decode,1,0,452712,2,d61968e8-e4aa-43a2-8ca8-85b623ffd1e5_dp0,0
1780281091.3851492,1780281091.4077501,22.600889205932617,chatcmpl-096e3f98-d86e-43a7-b87b-eddf72f71d4f-83db4cdc,decode,1,0,452712,30,d61968e8-e4aa-43a2-8ca8-85b623ffd1e5_dp0,0
1780281091.407471,1780281091.4078178,0.34689903259277344,chatcmpl-8b2ba031-0964-4cff-9d33-4504b2d8baac-b746a207,decode,1,0,452712,3,d61968e8-e4aa-43a2-8ca8-85b623ffd1e5_dp1,0
1780281091.4540222,1780281091.4542694,0.2472400665283203,chatcmpl-e326bc65-88ae-4f38-a71a-f5c911bad70e-9f89a467,decode,1,0,452712,1,d61968e8-e4aa-43a2-8ca8-85b623ffd1e5_dp1,0
1780281091.567937,1780281091.5755785,7.64155387878418,chatcmpl-7472e952-420b-4dfc-8041-a591da2f53a0-b7d119c6,decode,1,0,452712,6,d61968e8-e4aa-43a2-8ca8-85b623ffd1e5_dp0,0
1780281091.9698553,1780281091.9936702,23.814916610717773,chatcmpl-5e3520e4-1c5d-4515-baff-7af3cbb9af7c-938bd61c,decode,1,0,452712,42,d61968e8-e4aa-43a2-8ca8-85b623ffd1e5_dp1,0
1780281091.9933846,1780281092.0134723,20.087718963623047,chatcmpl-258340f2-06ec-4fa3-90a9-e681c00edb1a-9752ebb1,decode,1,0,452712,28,d61968e8-e4aa-43a2-8ca8-85b623ffd1e5_dp0,0
1780281092.0544744,1780281092.0749347,20.46036720275879,chatcmpl-6c539930-5bdd-42e8-83cf-6a1996414f18-bd9a7130,decode,1,0,452712,26,d61968e8-e4aa-43a2-8ca8-85b623ffd1e5_dp1,0
1780281092.1620333,1780281092.162366,0.3325939178466797,chatcmpl-9aec1bd8-7cb1-4504-8742-6313c2954f53-936c7ee6,decode,1,0,452712,2,d61968e8-e4aa-43a2-8ca8-85b623ffd1e5_dp0,0
1780281092.185479,1780281092.1857252,0.24628639221191406,chatcmpl-9817b8c4-8567-42e5-bc2e-176906b5ab8d-a673c3c4,decode,1,0,452712,1,d61968e8-e4aa-43a2-8ca8-85b623ffd1e5_dp0,0
1780281092.3498342,1780281092.3562696,6.435394287109375,chatcmpl-aec92785-208d-4ca7-b521-139b90b55842-bce1a1ed,decode,1,0,452712,7,d61968e8-e4aa-43a2-8ca8-85b623ffd1e5_dp0,0
1780281092.4476044,1780281092.447855,0.2505779266357422,chatcmpl-dad57926-05f7-42f3-8a49-237eeefce080-bcaf0248,decode,1,0,452712,2,d61968e8-e4aa-43a2-8ca8-85b623ffd1e5_dp1,0
1780281092.5572243,1780281092.5680532,10.828971862792969,chatcmpl-fabeccef-838e-4769-86db-4172427bd31e-8dd7c90b,decode,1,0,452712,2,d61968e8-e4aa-43a2-8ca8-85b623ffd1e5_dp0,0
1780281092.8221555,1780281092.8433006,21.145105361938477,chatcmpl-5b383c1c-c1eb-423d-95cd-fa809e39b740-95a9c783,decode,1,0,452712,44,d61968e8-e4aa-43a2-8ca8-85b623ffd1e5_dp0,0
1780281092.843,1780281092.8562121,13.212203979492188,chatcmpl-21008115-3426-4552-93c5-d1242d66deca-9df000c0,decode,1,0,452712,13,d61968e8-e4aa-43a2-8ca8-85b623ffd1e5_dp1,0
1780281092.8559308,1780281092.8647335,8.802652359008789,chatcmpl-50e228dd-f2d9-4f60-9057-9240597fd3cc-a39981cd,decode,1,0,452712,13,d61968e8-e4aa-43a2-8ca8-85b623ffd1e5_dp0,0
1780281092.9537275,1780281092.96279,9.062528610229492,chatcmpl-953d10a9-d8e9-4b25-a0de-7c11cf6910d4-b96d3f2a,decode,1,0,452712,11,d61968e8-e4aa-43a2-8ca8-85b623ffd1e5_dp1,0
1780281093.0533948,1780281093.0732872,19.892454147338867,chatcmpl-55278cfd-7c81-4076-b31e-7b1b65a9985e-8d4fa610,decode,1,0,452712,28,d61968e8-e4aa-43a2-8ca8-85b623ffd1e5_dp1,0
1780281093.0898426,1780281093.110053,20.21050453186035,chatcmpl-fea65812-dbcf-4893-be83-868e341d6d16-9f4ef250,decode,1,0,452712,27,d61968e8-e4aa-43a2-8ca8-85b623ffd1e5_dp1,0
1780281093.1368895,1780281093.1371348,0.2453327178955078,chatcmpl-4461d589-97cc-46ce-a800-cb146050f24e-841dc9fa,decode,1,0,452712,2,d61968e8-e4aa-43a2-8ca8-85b623ffd1e5_dp0,0
1780281093.1873438,1780281093.1976511,10.30731201171875,chatcmpl-194d2708-b891-414f-b63a-1f8e0f760059-992a7616,decode,1,0,452712,3,d61968e8-e4aa-43a2-8ca8-85b623ffd1e5_dp0,0
1780281093.3738053,1780281093.3955305,21.725177764892578,chatcmpl-c5206b25-9ce7-4faf-a92a-e4460cce8544-b252c96b,decode,1,0,452712,50,d61968e8-e4aa-43a2-8ca8-85b623ffd1e5_dp0,0
1780281093.3788338,1780281093.3955958,16.76201820373535,chatcmpl-142154b8-a6a7-4756-8b9f-fed9f314b405-ac518523,decode,1,0,452712,2,d61968e8-e4aa-43a2-8ca8-85b623ffd1e5_dp1,0
1780281093.449411,1780281093.4708426,21.431684494018555,chatcmpl-3177c313-70c5-4686-8ea3-e217c12a32f0-bcd88f36,decode,1,0,452712,43,d61968e8-e4aa-43a2-8ca8-85b623ffd1e5_dp0,0
1780281093.4598653,1780281093.4826932,22.827863693237305,chatcmpl-40231fba-8e88-4617-8fb8-2c6104d578dc-b81fc94f,decode,1,0,452712,2,d61968e8-e4aa-43a2-8ca8-85b623ffd1e5_dp1,0
1780281093.6509132,1780281093.6658764,14.963150024414062,chatcmpl-4a4b6ce8-dab5-44a2-9efa-f9a005e16f23-bcec57ce,decode,1,0,452712,47,d61968e8-e4aa-43a2-8ca8-85b623ffd1e5_dp1,0
1780281093.6552,1780281093.665907,10.706901550292969,chatcmpl-7f591f5a-b012-4bc2-a485-fe8cb92c6105-9861be3e,decode,1,0,452712,2,d61968e8-e4aa-43a2-8ca8-85b623ffd1e5_dp0,0
1780281093.8931527,1780281093.8934102,0.2574920654296875,chatcmpl-26d59717-7763-4ca3-ae90-ce3323ccc6ef-9f453aa8,decode,1,0,452712,3,d61968e8-e4aa-43a2-8ca8-85b623ffd1e5_dp0,0
1780281093.9924457,1780281094.0007858,8.340120315551758,chatcmpl-153ec0fe-fcd3-4f00-9cb7-d463e99f0b53-a22a6b9e,decode,1,0,452712,18,d61968e8-e4aa-43a2-8ca8-85b623ffd1e5_dp0,0
1780281094.053828,1780281094.07484,21.012067794799805,chatcmpl-3e5b8a87-5ad5-4672-be79-ab852482c6fd-aba7fb91,decode,1,0,452712,29,d61968e8-e4aa-43a2-8ca8-85b623ffd1e5_dp0,0
1780281094.2175658,1780281094.234884,17.318248748779297,chatcmpl-c0bf265e-d738-4cca-9db9-29b826675005-90700650,decode,1,0,452712,51,d61968e8-e4aa-43a2-8ca8-85b623ffd1e5_dp0,0
1780281094.23459,1780281094.2348962,0.30612945556640625,chatcmpl-e4f4ac22-eb9e-4802-89f4-3cd06e9efd61-ab6c5e7c,decode,1,0,452712,3,d61968e8-e4aa-43a2-8ca8-85b623ffd1e5_dp0,0
1780281094.3327746,1780281094.3428693,10.094642639160156,chatcmpl-28ccd180-0786-44e1-947e-aaeaaf13be30-b284ad4f,decode,1,0,452712,3,d61968e8-e4aa-43a2-8ca8-85b623ffd1e5_dp0,0
1780281094.4547286,1780281094.4550364,0.3077983856201172,chatcmpl-90517d45-8413-4a1a-b706-67f80ef7fe33-93b036ee,decode,1,0,452712,2,d61968e8-e4aa-43a2-8ca8-85b623ffd1e5_dp1,0
1780281094.517922,1780281094.5264158,8.493900299072266,chatcmpl-687f7b7c-e226-4e37-9231-b5ceda0c3b17-ad4ae7e4,decode,1,0,452712,5,d61968e8-e4aa-43a2-8ca8-85b623ffd1e5_dp0,0
1780281094.664792,1780281094.683264,18.471956253051758,chatcmpl-89d069fc-8780-44cf-8841-9db762d964c6-b39c4723,decode,1,0,452712,16,d61968e8-e4aa-43a2-8ca8-85b623ffd1e5_dp1,0
1780281094.6960464,1780281094.7070885,11.042118072509766,chatcmpl-3e986879-a4f1-4395-9592-cd3fdbdb6bfb-8f1a559a,decode,1,0,452712,2,d61968e8-e4aa-43a2-8ca8-85b623ffd1e5_dp0,0
1780281094.8308208,1780281094.8429525,12.131690979003906,chatcmpl-3ce3d6db-3b90-4a2f-a963-4e34d35bc48e-a4983759,decode,1,0,452712,1,d61968e8-e4aa-43a2-8ca8-85b623ffd1e5_dp1,0
1780281094.9653933,1780281094.980805,15.411615371704102,chatcmpl-dd47084c-5aa2-47d4-a200-0111a11e2b6e-82c921b7,decode,1,0,452712,55,d61968e8-e4aa-43a2-8ca8-85b623ffd1e5_dp0,0
1780281095.0471609,1780281095.0668018,19.64092254638672,chatcmpl-4d211b20-fcb2-428d-979d-03e326f286d3-baa3830f,decode,1,0,452712,41,d61968e8-e4aa-43a2-8ca8-85b623ffd1e5_dp0,0
1780281095.1400654,1780281095.1653168,25.251388549804688,chatcmpl-28857e21-208a-416f-a088-6b584c9c92bd-9f30305b,decode,1,0,452712,58,d61968e8-e4aa-43a2-8ca8-85b623ffd1e5_dp1,0
1780281095.1570973,1780281095.180417,23.319721221923828,chatcmpl-81b5f2a8-f469-4a3b-9173-dd167e53ce71-9657e9f3,decode,1,0,452712,3,d61968e8-e4aa-43a2-8ca8-85b623ffd1e5_dp0,0
1780281095.164985,1780281095.1804707,15.485763549804688,chatcmpl-5598a7b8-ecc0-456f-af3b-d71b985446a0-928efdeb,decode,1,0,452712,29,d61968e8-e4aa-43a2-8ca8-85b623ffd1e5_dp1,0
1780281095.3710387,1780281095.399024,27.985334396362305,chatcmpl-d662430f-257b-4a9c-ac39-64705dd9e2bb-8a08aad7,decode,1,0,452712,50,d61968e8-e4aa-43a2-8ca8-85b623ffd1e5_dp1,0
1780281095.3747435,1780281095.3990827,24.33919906616211,chatcmpl-e4d09a56-0d19-4c1b-a5c0-6e3152713b22-952c2b92,decode,1,0,452712,1,d61968e8-e4aa-43a2-8ca8-85b623ffd1e5_dp0,0
1780281095.3986678,1780281095.4068081,8.140325546264648,chatcmpl-1f93ee11-a425-4f3a-b1ae-ae26a9115ce8-b3a25d93,decode,1,0,452712,5,d61968e8-e4aa-43a2-8ca8-85b623ffd1e5_dp1,0
1780281095.406472,1780281095.41847,11.99793815612793,chatcmpl-2fba5c59-3ebf-4c3e-92ba-535d24726c3d-afe92e7e,decode,1,0,452712,1,d61968e8-e4aa-43a2-8ca8-85b623ffd1e5_dp0,0
1780281095.563392,1780281095.5731986,9.806632995605469,chatcmpl-a655cd44-68bb-46f1-975a-90e89cc9c96f-bbd8c202,decode,1,0,452712,2,d61968e8-e4aa-43a2-8ca8-85b623ffd1e5_dp1,0
1780281095.6889586,1780281095.7095125,20.5538272857666,chatcmpl-3fa42755-1e36-4f23-b9e0-70722dc058cd-a1a8fcf2,decode,1,0,452712,25,d61968e8-e4aa-43a2-8ca8-85b623ffd1e5_dp1,0
1780281095.8218346,1780281095.8374183,15.58375358581543,chatcmpl-5d37c79d-f9f3-40f5-8600-548c7bdeac5f-93e02f7e,decode,1,0,452712,45,d61968e8-e4aa-43a2-8ca8-85b623ffd1e5_dp1,0
1780281095.851083,1780281095.862224,11.141061782836914,chatcmpl-ce92e440-d037-418f-a06d-89a9fc280c7f-a9a4aa2d,decode,1,0,452712,2,d61968e8-e4aa-43a2-8ca8-85b623ffd1e5_dp0,0
1780281095.9991436,1780281096.0157657,16.622066497802734,chatcmpl-effd1948-6af8-487a-b64c-b603ff398efe-bbe35b0a,decode,1,0,452712,2,d61968e8-e4aa-43a2-8ca8-85b623ffd1e5_dp1,0
1780281096.015212,1780281096.0158172,0.6051063537597656,chatcmpl-497b7259-d79e-4a8d-a2df-bef259999f6e-a3e9bc56,decode,1,0,452712,1,d61968e8-e4aa-43a2-8ca8-85b623ffd1e5_dp0,0
1780281096.1912801,1780281096.2001276,8.847475051879883,chatcmpl-e164f87e-30d1-454e-afcc-34aa809c88f6-acf3123d,decode,1,0,452712,16,d61968e8-e4aa-43a2-8ca8-85b623ffd1e5_dp0,0
1780281096.2425952,1780281096.2501557,7.560491561889648,chatcmpl-a43a882b-90e9-485c-b98f-88a09885aad8-8baf4eb4,decode,1,0,452712,7,d61968e8-e4aa-43a2-8ca8-85b623ffd1e5_dp1,0
1780281096.2449307,1780281096.250205,5.274295806884766,chatcmpl-671f4d73-77e3-4de9-a45a-c1628272d62c-97a20937,decode,1,0,452712,2,d61968e8-e4aa-43a2-8ca8-85b623ffd1e5_dp0,0
1780281096.281213,1780281096.2913198,10.106801986694336,chatcmpl-a3a337f7-6c16-42ca-bf8b-a7b500977af0-8c3ef5bb,decode,1,0,452712,3,d61968e8-e4aa-43a2-8ca8-85b623ffd1e5_dp0,0
1780281096.3965538,1780281096.420216,23.662328720092773,chatcmpl-e6eebd2c-5b95-4f91-a890-a97b2964cece-937f4ef8,decode,1,0,452712,42,d61968e8-e4aa-43a2-8ca8-85b623ffd1e5_dp0,0
1780281096.4199247,1780281096.428431,8.506298065185547,chatcmpl-19266930-3ead-451a-bbaf-a3d701ef4626-96ab215b,decode,1,0,452712,18,d61968e8-e4aa-43a2-8ca8-85b623ffd1e5_dp0,0
1780281096.4576557,1780281096.466319,8.663415908813477,chatcmpl-3187f307-3e63-4784-9930-9aef04748d95-80ec1fd6,decode,1,0,452712,5,d61968e8-e4aa-43a2-8ca8-85b623ffd1e5_dp1,0
1780281096.6204944,1780281096.6406002,20.105838775634766,chatcmpl-b89aa20b-4f0e-43e2-ad20-9e5c3fa36e2a-b1678848,decode,1,0,452712,24,d61968e8-e4aa-43a2-8ca8-85b623ffd1e5_dp1,0
1780281096.742972,1780281096.753964,10.992050170898438,chatcmpl-3f11b245-5799-4537-b08c-069aa75a593a-a7815556,decode,1,0,452712,2,d61968e8-e4aa-43a2-8ca8-85b623ffd1e5_dp0,0
1780281096.7706635,1780281096.7907286,20.0650691986084,chatcmpl-a2ab7c53-7e07-45a4-9e0f-199d4f53a9b3-bac20833,decode,1,0,452712,27,d61968e8-e4aa-43a2-8ca8-85b623ffd1e5_dp1,0
1780281096.7789493,1780281096.790787,11.83772087097168,chatcmpl-3000935d-ff0c-4f36-bd5e-feb544c06a9d-a2c26854,decode,1,0,452712,1,d61968e8-e4aa-43a2-8ca8-85b623ffd1e5_dp1,0
1780281097.0718892,1780281097.0898154,17.92621612548828,chatcmpl-0c0af67c-fd45-47b1-8f44-3735bd8f1a40-91355ad7,decode,1,0,452712,36,d61968e8-e4aa-43a2-8ca8-85b623ffd1e5_dp0,0
1780281097.155271,1780281097.1639414,8.670330047607422,chatcmpl-7d4ecb89-c85b-4723-88a8-f0e769776c63-9fa0ac32,decode,1,0,452712,20,d61968e8-e4aa-43a2-8ca8-85b623ffd1e5_dp0,0
1780281097.2712543,1780281097.2906377,19.38343048095703,chatcmpl-dc268585-b8d2-48bd-8888-0eebae2ae398-ac7eab9d,decode,1,0,452712,49,d61968e8-e4aa-43a2-8ca8-85b623ffd1e5_dp0,0
1780281097.2903569,1780281097.2990808,8.723974227905273,chatcmpl-b34bc8ca-cf22-42e7-b216-b22189cb90a4-b9900937,decode,1,0,452712,19,d61968e8-e4aa-43a2-8ca8-85b623ffd1e5_dp1,0
1780281097.366766,1780281097.4033637,36.59772872924805,chatcmpl-7f679043-fa66-440e-871a-055683d320d8-af0c4862,decode,1,0,452712,25,d61968e8-e4aa-43a2-8ca8-85b623ffd1e5_dp0,0
1780281097.447191,1780281097.4625394,15.348434448242188,chatcmpl-e24836e6-4e66-4fca-8a5c-3b0eeb942bad-9777a059,decode,1,0,452712,49,d61968e8-e4aa-43a2-8ca8-85b623ffd1e5_dp1,0
1780281097.4892123,1780281097.4998698,10.657548904418945,chatcmpl-ebb4f6e5-5030-4103-8914-21c59a9051a6-867a77bd,decode,1,0,452712,2,d61968e8-e4aa-43a2-8ca8-85b623ffd1e5_dp0,0
1780281097.601145,1780281097.6123703,11.225223541259766,chatcmpl-fb690869-f281-4aa3-97fb-3645f604a3bf-a34a9bf8,decode,1,0,452712,2,d61968e8-e4aa-43a2-8ca8-85b623ffd1e5_dp0,0
1780281097.6750138,1780281097.6874034,12.389659881591797,chatcmpl-11160503-b661-417e-8a37-f5c7561705dd-a749159c,decode,1,0,452712,1,d61968e8-e4aa-43a2-8ca8-85b623ffd1e5_dp1,0
1780281097.7269413,1780281097.737701,10.759592056274414,chatcmpl-567975dd-42e9-4e0d-a49e-95423a04c17b-99244adb,decode,1,0,452712,3,d61968e8-e4aa-43a2-8ca8-85b623ffd1e5_dp1,0
1780281097.727664,1780281097.7377286,10.06460189819336,chatcmpl-1919b845-6644-4327-86c8-7edd0cf262f7-afc037fb,decode,1,0,452712,1,d61968e8-e4aa-43a2-8ca8-85b623ffd1e5_dp0,0
1780281097.8786588,1780281097.8988984,20.239591598510742,chatcmpl-1389fc9e-9760-4fda-9fd9-f8c9369478a4-a78ee170,decode,1,0,452712,31,d61968e8-e4aa-43a2-8ca8-85b623ffd1e5_dp0,0
1780281098.0568364,1780281098.0674238,10.587453842163086,chatcmpl-231ce1ae-8414-40ef-b3c8-d623716607fe-904d037e,decode,1,0,452712,3,d61968e8-e4aa-43a2-8ca8-85b623ffd1e5_dp0,0
1780281098.1435995,1780281098.154483,10.883569717407227,chatcmpl-9de4f6de-1bc3-44ea-8384-51a7d5fb6851-bb79b630,decode,1,0,452712,2,d61968e8-e4aa-43a2-8ca8-85b623ffd1e5_dp1,0
1780281098.2681441,1780281098.2789333,10.789155960083008,chatcmpl-e3e849ae-f820-48ed-bb04-5d249f930062-bf5c36ec,decode,1,0,452712,2,d61968e8-e4aa-43a2-8ca8-85b623ffd1e5_dp0,0
1780281098.2945535,1780281098.3039918,9.438276290893555,chatcmpl-bb8567d0-aa02-4a06-bf2c-bcaf87f8d458-861aea96,decode,1,0,452712,4,d61968e8-e4aa-43a2-8ca8-85b623ffd1e5_dp1,0
1780281098.4812708,1780281098.492853,11.582136154174805,chatcmpl-7e00785c-a8f5-4771-9b4f-43a5687909a9-955ff70c,decode,1,0,452712,2,d61968e8-e4aa-43a2-8ca8-85b623ffd1e5_dp0,0
1780281098.8199253,1780281098.8321314,12.206077575683594,chatcmpl-4d024951-6c53-44b9-ace9-b3bac24e51e9-b8e90b15,decode,1,0,452712,1,d61968e8-e4aa-43a2-8ca8-85b623ffd1e5_dp1,0
1780281098.860957,1780281098.8696122,8.655309677124023,chatcmpl-f52fabdc-09f9-46a9-820d-dfefc03685c6-bfbacfa3,decode,1,0,452712,21,d61968e8-e4aa-43a2-8ca8-85b623ffd1e5_dp1,0
1780281098.9835892,1780281098.994153,10.563850402832031,chatcmpl-43078223-4b91-4a05-a096-ad677bf3fe7d-ae76c13b,decode,1,0,452712,2,d61968e8-e4aa-43a2-8ca8-85b623ffd1e5_dp0,0
1780281099.061486,1780281099.0819767,20.490646362304688,chatcmpl-02e64988-e225-42c9-b8f3-217701347f7d-ab7189b4,decode,1,0,452712,25,d61968e8-e4aa-43a2-8ca8-85b623ffd1e5_dp0,0
1780281099.261559,1780281099.281615,20.05600929260254,chatcmpl-e4ba579a-b98e-45fd-b33e-28450e596b28-a4deb8f9,decode,1,0,452712,28,d61968e8-e4aa-43a2-8ca8-85b623ffd1e5_dp0,0
1780281099.295713,1780281099.3070242,11.31129264831543,chatcmpl-2ba7d0c5-ee75-40c5-9abe-27270de5c440-99dfc887,decode,1,0,452712,2,d61968e8-e4aa-43a2-8ca8-85b623ffd1e5_dp0,0
1780281099.38286,1780281099.3959618,13.101816177368164,chatcmpl-cd4358a1-55ff-4164-bc9c-8814fe738b72-988cede9,decode,1,0,452712,2,d61968e8-e4aa-43a2-8ca8-85b623ffd1e5_dp0,0
1780281099.395607,1780281099.4063253,10.718345642089844,chatcmpl-95e9484c-0855-4350-baba-10114fc3c04b-b649c198,decode,1,0,452712,2,d61968e8-e4aa-43a2-8ca8-85b623ffd1e5_dp1,0
1780281099.8893106,1780281099.907275,17.96436309814453,chatcmpl-a5d98fcd-c58f-437e-8a29-fe6f36531f79-a965beb2,decode,1,0,452712,41,d61968e8-e4aa-43a2-8ca8-85b623ffd1e5_dp0,0
1780281099.9697254,1780281099.9702027,0.4773139953613281,chatcmpl-b4ef869c-0b77-4a04-9fda-bcc009e5e0e4-8f0b54ef,decode,1,0,452712,1,d61968e8-e4aa-43a2-8ca8-85b623ffd1e5_dp0,0
1780281100.0605025,1780281100.0891964,28.69391441345215,chatcmpl-4406fc64-8b58-47fa-9906-2c34b5e63e82-b8c8f5da,decode,1,0,452712,45,d61968e8-e4aa-43a2-8ca8-85b623ffd1e5_dp1,0
1780281100.0857902,1780281100.1010268,15.236616134643555,chatcmpl-ad77b204-b03a-42b8-9984-b8781b94b2d9-96e7a8ca,decode,1,0,452712,42,d61968e8-e4aa-43a2-8ca8-85b623ffd1e5_dp0,0
1780281100.206397,1780281100.2257297,19.3326473236084,chatcmpl-efb2a080-cb32-46a5-a0d4-eca4bb020a4a-9eba29f4,decode,1,0,452712,25,d61968e8-e4aa-43a2-8ca8-85b623ffd1e5_dp0,0
1780281100.2927666,1780281100.310054,17.287492752075195,chatcmpl-8ace5170-62a7-4f88-9872-8e2b27d0dcad-b958ae11,decode,1,0,452712,50,d61968e8-e4aa-43a2-8ca8-85b623ffd1e5_dp1,0
1780281100.309601,1780281100.3207111,11.110067367553711,chatcmpl-5ec640d6-dc0a-4b1e-bcbf-78957190f80f-8473225f,decode,1,0,452712,2,d61968e8-e4aa-43a2-8ca8-85b623ffd1e5_dp0,0
1780281100.5348601,1780281100.5450463,10.186195373535156,chatcmpl-c3270632-a48a-48fe-bbc4-ddee0c077a88-bc9396b8,decode,1,0,452712,3,d61968e8-e4aa-43a2-8ca8-85b623ffd1e5_dp0,0
1780281100.7258492,1780281100.7434552,17.606019973754883,chatcmpl-714c207a-cb55-440e-b90f-9e1e0a6db096-b2ac95a2,decode,1,0,452712,40,d61968e8-e4aa-43a2-8ca8-85b623ffd1e5_dp0,0
1780281100.8950033,1780281100.9051607,10.157346725463867,chatcmpl-0f0cb1ae-627f-45f4-9eaa-1476b1d87f71-be8969ba,decode,1,0,452712,3,d61968e8-e4aa-43a2-8ca8-85b623ffd1e5_dp0,0
1780281100.9178298,1780281100.9183168,0.4870891571044922,chatcmpl-f2150685-1f5e-4c10-b6d7-d54718119185-bacd2cad,decode,1,0,452712,1,d61968e8-e4aa-43a2-8ca8-85b623ffd1e5_dp0,0
1780281101.0732787,1780281101.0794961,6.217479705810547,chatcmpl-6f278fea-7547-4cb0-9264-d533636db2b8-8977f56b,decode,1,0,452712,7,d61968e8-e4aa-43a2-8ca8-85b623ffd1e5_dp0,0
1780281101.2919226,1780281101.2923877,0.46515464782714844,chatcmpl-576a2568-d1ba-4ab4-9ed1-3c7058799f3d-b4f3395f,decode,1,0,452712,1,d61968e8-e4aa-43a2-8ca8-85b623ffd1e5_dp0,0
1780281101.384046,1780281101.3914852,7.439136505126953,chatcmpl-b3986e64-afdf-4190-af24-d63b2b148407-966f4491,decode,1,0,452712,14,d61968e8-e4aa-43a2-8ca8-85b623ffd1e5_dp0,0
1780281101.4212441,1780281101.429042,7.797956466674805,chatcmpl-b517e012-d1dd-46fa-8582-776bbe4e7e68-a3eac5fc,decode,1,0,452712,14,d61968e8-e4aa-43a2-8ca8-85b623ffd1e5_dp1,0
1780281101.4942417,1780281101.503546,9.304285049438477,chatcmpl-fa324211-7c7c-4fe1-9ca7-75dcba598237-87f0ecb6,decode,1,0,452712,4,d61968e8-e4aa-43a2-8ca8-85b623ffd1e5_dp1,0
1780281101.6611001,1780281101.6850624,23.96225929260254,chatcmpl-5d24f293-7088-4431-a3d0-4fd045b9e770-92b2fab6,decode,1,0,452712,38,d61968e8-e4aa-43a2-8ca8-85b623ffd1e5_dp0,0
1780281101.6846442,1780281101.692375,7.730722427368164,chatcmpl-4e0c3240-8d38-4966-a6ea-0830a3e091df-bc592037,decode,1,0,452712,14,d61968e8-e4aa-43a2-8ca8-85b623ffd1e5_dp0,0
1780281101.7363007,1780281101.7554185,19.11783218383789,chatcmpl-0cff5a39-5a15-4145-9644-876d3d8535bd-9950a2ff,decode,1,0,452712,27,d61968e8-e4aa-43a2-8ca8-85b623ffd1e5_dp1,0
1780281101.8252459,1780281101.8427365,17.490625381469727,chatcmpl-69509abf-9c46-46b9-9285-ecfbf3176082-aebff2fe,decode,1,0,452712,41,d61968e8-e4aa-43a2-8ca8-85b623ffd1e5_dp1,0
1780281101.9256513,1780281101.932118,6.46662712097168,chatcmpl-453abd12-295e-4d92-8422-c610471fe377-91e34264,decode,1,0,452712,17,d61968e8-e4aa-43a2-8ca8-85b623ffd1e5_dp1,0
1780281101.9833846,1780281101.9943786,10.99395751953125,chatcmpl-57e6f3ee-57a3-40bc-8149-c72cc617a646-8edd181f,decode,1,0,452712,2,d61968e8-e4aa-43a2-8ca8-85b623ffd1e5_dp1,0
1780281102.0088928,1780281102.0269253,18.032550811767578,chatcmpl-307d657a-dd5a-4edf-b558-9e2b3a5d9834-90ee0fc3,decode,1,0,452712,2,d61968e8-e4aa-43a2-8ca8-85b623ffd1e5_dp0,0
1780281102.0265288,1780281102.0448172,18.288373947143555,chatcmpl-7f830feb-155f-4e96-8063-9116df23db3d-a583a388,decode,1,0,452712,32,d61968e8-e4aa-43a2-8ca8-85b623ffd1e5_dp1,0
1780281102.1327713,1780281102.1332002,0.42891502380371094,chatcmpl-6963a991-59ee-4492-933a-9457c65dd298-9acb803d,decode,1,0,452712,1,d61968e8-e4aa-43a2-8ca8-85b623ffd1e5_dp1,0
1780281102.2203474,1780281102.2208273,0.4799365997314453,chatcmpl-328314f7-9a5a-4711-a203-b475e5c72526-ad2f926b,decode,1,0,452712,1,d61968e8-e4aa-43a2-8ca8-85b623ffd1e5_dp1,0
1780281102.2346373,1780281102.25524,20.602703094482422,chatcmpl-9b2c9168-bb74-4f08-bb7b-e2c9375da397-a78d5ba8,decode,1,0,452712,2,d61968e8-e4aa-43a2-8ca8-85b623ffd1e5_dp0,0
1780281102.2547557,1780281102.2641408,9.385108947753906,chatcmpl-089a3a4f-243b-4c66-9958-2baf55be1c90-b0641428,decode,1,0,452712,3,d61968e8-e4aa-43a2-8ca8-85b623ffd1e5_dp1,0
1780281102.4658701,1780281102.4852877,19.417524337768555,chatcmpl-d26d0e64-d330-427e-85f7-b27300742925-83e4a05c,decode,1,0,452712,48,d61968e8-e4aa-43a2-8ca8-85b623ffd1e5_dp1,0
1780281102.4848042,1780281102.4938934,9.089231491088867,chatcmpl-d311817b-cc81-45cc-b015-9bdc003fff5c-87551e76,decode,1,0,452712,4,d61968e8-e4aa-43a2-8ca8-85b623ffd1e5_dp1,0
1780281102.7001662,1780281102.7067723,6.606101989746094,chatcmpl-7543c25a-6ca4-4659-bdb9-91581f653c13-ae0451e7,decode,1,0,452712,20,d61968e8-e4aa-43a2-8ca8-85b623ffd1e5_dp0,0
1780281102.8252757,1780281102.8438714,18.59569549560547,chatcmpl-eabd35d2-354c-466c-8a3a-92efe8af9e06-96c21b26,decode,1,0,452712,31,d61968e8-e4aa-43a2-8ca8-85b623ffd1e5_dp1,0
1780281103.0231571,1780281103.0370126,13.855457305908203,chatcmpl-0d348895-5b60-4e6d-8e06-1cd42f316671-88347e12,decode,1,0,452712,14,d61968e8-e4aa-43a2-8ca8-85b623ffd1e5_dp1,0
1780281103.0367305,1780281103.0520031,15.27261734008789,chatcmpl-19f17dbd-afb1-43d4-a166-8fa9804ddbb5-8ed37c8e,decode,1,0,452712,32,d61968e8-e4aa-43a2-8ca8-85b623ffd1e5_dp0,0
1780281103.1497085,1780281103.1589894,9.280920028686523,chatcmpl-34ac3923-74b0-4ecc-a68c-5a7b95b1b3c3-ac997acc,decode,1,0,452712,3,d61968e8-e4aa-43a2-8ca8-85b623ffd1e5_dp1,0
1780281103.2368388,1780281103.2599552,23.116350173950195,chatcmpl-f101e854-c242-4ecd-9342-4cf5e72d1db1-8f03ba5e,decode,1,0,452712,50,d61968e8-e4aa-43a2-8ca8-85b623ffd1e5_dp0,0
1780281103.2558193,1780281103.2709305,15.111207962036133,chatcmpl-d909989e-ed46-4553-a9a3-dc8b294c304a-8700a182,decode,1,0,452712,28,d61968e8-e4aa-43a2-8ca8-85b623ffd1e5_dp1,0
1780281103.4006119,1780281103.4085624,7.950544357299805,chatcmpl-375e37b1-7d9f-434c-b8d5-e92a21ec323f-8e7747b0,decode,1,0,452712,15,d61968e8-e4aa-43a2-8ca8-85b623ffd1e5_dp0,0
1780281103.509867,1780281103.5208168,10.949850082397461,chatcmpl-a33d1489-d9d7-480e-8946-620db7d218dd-bd4f6422,decode,1,0,452712,2,d61968e8-e4aa-43a2-8ca8-85b623ffd1e5_dp1,0
1780281103.6597893,1780281103.6694014,9.612083435058594,chatcmpl-2477bd65-5922-4891-a856-235e78187f9c-9e9bfdb5,decode,1,0,452712,3,d61968e8-e4aa-43a2-8ca8-85b623ffd1e5_dp0,0
1780281103.7537713,1780281103.7713308,17.559528350830078,chatcmpl-44f5a732-420e-405b-8cfb-98445cd85e0b-b3047253,decode,1,0,452712,62,d61968e8-e4aa-43a2-8ca8-85b623ffd1e5_dp1,0
1780281103.7707148,1780281103.7812934,10.578632354736328,chatcmpl-f4608ccc-7262-45f4-a6c8-308877db3a90-84d4ce16,decode,1,0,452712,2,d61968e8-e4aa-43a2-8ca8-85b623ffd1e5_dp1,0
1780281103.8478801,1780281103.8550563,7.17616081237793,chatcmpl-d45ea52a-9ed6-4f42-875b-f705fb7cd380-88675726,decode,1,0,452712,14,d61968e8-e4aa-43a2-8ca8-85b623ffd1e5_dp0,0
1780281104.0581167,1780281104.0638146,5.697965621948242,chatcmpl-d739607a-b644-4dd4-a011-172d67d511ae-a543d6bc,decode,1,0,452712,8,d61968e8-e4aa-43a2-8ca8-85b623ffd1e5_dp0,0
1780281104.1403096,1780281104.149089,8.779525756835938,chatcmpl-6997eae8-1f0a-465e-875b-fb7aa10d1f08-9fd46977,decode,1,0,452712,4,d61968e8-e4aa-43a2-8ca8-85b623ffd1e5_dp0,0
1780281104.1749563,1780281104.1854148,10.45846939086914,chatcmpl-85737775-53f9-46ed-9483-df877d1bfe87-a14eba8e,decode,1,0,452712,2,d61968e8-e4aa-43a2-8ca8-85b623ffd1e5_dp0,0
1780281104.4614415,1780281104.4761453,14.703750610351562,chatcmpl-4a6a97c4-acfb-45f1-9042-0d0a08ba3525-aec33309,decode,1,0,452712,51,d61968e8-e4aa-43a2-8ca8-85b623ffd1e5_dp1,0
1780281104.6780329,1780281104.696118,18.085241317749023,chatcmpl-3409da09-9fc8-49be-a689-140063fa74c0-9cbba434,decode,1,0,452712,27,d61968e8-e4aa-43a2-8ca8-85b623ffd1e5_dp0,0
1780281104.7626135,1780281104.7814364,18.822908401489258,chatcmpl-e13824bf-e8fe-4f12-9a82-0cc879d5a923-81582b4d,decode,1,0,452712,25,d61968e8-e4aa-43a2-8ca8-85b623ffd1e5_dp1,0
1780281104.891294,1780281104.8917592,0.46515464782714844,chatcmpl-bb50f135-ff02-4ab9-98d5-218f36d7729a-b9861f53,decode,1,0,452712,1,d61968e8-e4aa-43a2-8ca8-85b623ffd1e5_dp1,0
1780281105.079444,1780281105.0861242,6.68025016784668,chatcmpl-96f767b0-a22a-403e-9475-fcb02fe70689-9c686452,decode,1,0,452712,6,d61968e8-e4aa-43a2-8ca8-85b623ffd1e5_dp1,0
1780281105.3338127,1780281105.3511286,17.31586456298828,chatcmpl-8aaf13b0-d962-4d86-b30d-5c8bf9855c60-b2087223,decode,1,0,452712,50,d61968e8-e4aa-43a2-8ca8-85b623ffd1e5_dp1,0
1780281105.350625,1780281105.3613124,10.68735122680664,chatcmpl-4d3abec3-1020-463d-a840-7b1b150e604f-b4eca216,decode,1,0,452712,2,d61968e8-e4aa-43a2-8ca8-85b623ffd1e5_dp1,0
1780281105.4830735,1780281105.4937236,10.650157928466797,chatcmpl-1091ef87-9beb-4452-aa3d-30710926b8cb-801a94ac,decode,1,0,452712,2,d61968e8-e4aa-43a2-8ca8-85b623ffd1e5_dp1,0
1780281105.5827608,1780281105.5916214,8.860588073730469,chatcmpl-3d017784-de2c-4524-9302-313319361c03-99387ba0,decode,1,0,452712,4,d61968e8-e4aa-43a2-8ca8-85b623ffd1e5_dp1,0
1780281105.682309,1780281105.697641,15.33198356628418,chatcmpl-751b6f71-793e-4ed2-9133-c51482639e56-83d6fffd,decode,1,0,452712,49,d61968e8-e4aa-43a2-8ca8-85b623ffd1e5_dp0,0
1780281105.753682,1780281105.7716637,17.981767654418945,chatcmpl-8db9e399-4c2e-40a0-9e7b-0a390b8d3f9c-ae756edb,decode,1,0,452712,32,d61968e8-e4aa-43a2-8ca8-85b623ffd1e5_dp1,0
1780281105.823315,1780281105.8340108,10.695934295654297,chatcmpl-3d00c6db-dedc-4f7b-8f46-f528822754da-9c29f6b1,decode,1,0,452712,3,d61968e8-e4aa-43a2-8ca8-85b623ffd1e5_dp0,0
1780281105.9146416,1780281105.9205222,5.880594253540039,chatcmpl-ff3dda26-6b56-4a68-8add-7fb3f6bb1031-a2b97d1d,decode,1,0,452712,8,d61968e8-e4aa-43a2-8ca8-85b623ffd1e5_dp1,0
1780281106.0120893,1780281106.0293663,17.277002334594727,chatcmpl-65701b70-8c37-4556-9a52-4aa4042a50ee-aa837d1f,decode,1,0,452712,37,d61968e8-e4aa-43a2-8ca8-85b623ffd1e5_dp1,0
1780281106.1037576,1780281106.1435802,39.82257843017578,chatcmpl-692d4adb-73c2-416e-8147-96bd0e15059b-b0118333,decode,1,0,452712,45,d61968e8-e4aa-43a2-8ca8-85b623ffd1e5_dp0,0
1780281106.1430874,1780281106.160843,17.755508422851562,chatcmpl-d91953d8-519a-4565-aa70-77cc41e0fb83-b1c0d907,decode,1,0,452712,7,d61968e8-e4aa-43a2-8ca8-85b623ffd1e5_dp0,0
1780281106.2114356,1780281106.2224216,10.986089706420898,chatcmpl-83de0638-ea9c-40fd-8622-34f77239e7ed-bbe8d04f,decode,1,0,452712,2,d61968e8-e4aa-43a2-8ca8-85b623ffd1e5_dp1,0
1780281106.353237,1780281106.360042,6.805181503295898,chatcmpl-205395c8-f139-4559-836f-43fee995addd-a6a4cea2,decode,1,0,452712,16,d61968e8-e4aa-43a2-8ca8-85b623ffd1e5_dp0,0
1780281106.4113693,1780281106.4220119,10.642528533935547,chatcmpl-1aeadcb2-aecc-4e47-9ff7-75775c8b4d5c-8715aaf1,decode,1,0,452712,2,d61968e8-e4aa-43a2-8ca8-85b623ffd1e5_dp1,0
1780281106.6461282,1780281106.6616268,15.498638153076172,chatcmpl-6581c602-50df-4a82-8b81-fdfdaff2699b-a350cbec,decode,1,0,452712,49,d61968e8-e4aa-43a2-8ca8-85b623ffd1e5_dp0,0
1780281106.7039382,1780281106.717459,13.52071762084961,chatcmpl-23edaf31-d934-4ce2-8d39-2115c57fabd7-91c9454f,decode,1,0,452712,6,d61968e8-e4aa-43a2-8ca8-85b623ffd1e5_dp1,0
1780281106.8224485,1780281106.8405762,18.1276798248291,chatcmpl-6731bbab-0d1c-488d-bf37-7c5b09c6e8df-9bc15bbd,decode,1,0,452712,36,d61968e8-e4aa-43a2-8ca8-85b623ffd1e5_dp1,0
1780281106.8975062,1780281106.9144921,16.98589324951172,chatcmpl-1fd03638-f0d2-452f-a7fd-aad325a6ea28-8ae2c634,decode,1,0,452712,41,d61968e8-e4aa-43a2-8ca8-85b623ffd1e5_dp0,0
1780281106.9656653,1780281106.9819055,16.24011993408203,chatcmpl-f06b57d2-a061-4b33-b374-eac590d4ff0a-84325b17,decode,1,0,452712,2,d61968e8-e4aa-43a2-8ca8-85b623ffd1e5_dp1,0
1780281106.9814248,1780281106.991073,9.64808464050293,chatcmpl-aab6c4fc-cf59-4cff-b6c5-7e19bc0018be-bc9ab08b,decode,1,0,452712,2,d61968e8-e4aa-43a2-8ca8-85b623ffd1e5_dp0,0
1780281107.079557,1780281107.09012,10.563135147094727,chatcmpl-936633fb-d53d-4cc8-b6e8-d36bb02d8145-a7d88d5e,decode,1,0,452712,2,d61968e8-e4aa-43a2-8ca8-85b623ffd1e5_dp0,0
1780281107.1693947,1780281107.1846015,15.20681381225586,chatcmpl-1b54d52c-0888-486e-8205-77ee49cc0d3f-9689b8c2,decode,1,0,452712,53,d61968e8-e4aa-43a2-8ca8-85b623ffd1e5_dp0,0
1780281107.2389107,1780281107.2553515,16.440868377685547,chatcmpl-a7d28fec-47dc-4456-8ae8-ba11d13144a0-ba578f1d,decode,1,0,452712,5,d61968e8-e4aa-43a2-8ca8-85b623ffd1e5_dp1,0
1780281107.2548432,1780281107.263942,9.09876823425293,chatcmpl-474ca7ea-ea8f-46f8-a073-8219db4028cd-929578d1,decode,1,0,452712,4,d61968e8-e4aa-43a2-8ca8-85b623ffd1e5_dp0,0
1780281107.345373,1780281107.3598144,14.441490173339844,chatcmpl-acafeb85-f07a-4ec5-a094-f3fd0af1799f-9f489336,decode,1,0,452712,38,d61968e8-e4aa-43a2-8ca8-85b623ffd1e5_dp1,0
1780281107.3594794,1780281107.3746967,15.217304229736328,chatcmpl-42bb398b-a777-4ed2-82fb-a17ace16002e-a36490e3,decode,1,0,452712,4,d61968e8-e4aa-43a2-8ca8-85b623ffd1e5_dp0,0
1780281107.426736,1780281107.4479814,21.245241165161133,chatcmpl-676d38e8-ff78-40e3-a43c-964c81298779-a428d02b,decode,1,0,452712,49,d61968e8-e4aa-43a2-8ca8-85b623ffd1e5_dp1,0
1780281107.4474752,1780281107.454617,7.141828536987305,chatcmpl-715603e4-c435-4e8b-ade1-d10ee7bdc3bf-bd541370,decode,1,0,452712,7,d61968e8-e4aa-43a2-8ca8-85b623ffd1e5_dp0,0
1780281107.6395178,1780281107.6481173,8.599519729614258,chatcmpl-d641af5f-be47-4c0f-94c9-90db5cb5d162-b7121573,decode,1,0,452712,13,d61968e8-e4aa-43a2-8ca8-85b623ffd1e5_dp0,0
1780281107.7623835,1780281107.7735307,11.147260665893555,chatcmpl-7692443e-5aec-4ada-b12f-42527ac54c97-85f93ab1,decode,1,0,452712,2,d61968e8-e4aa-43a2-8ca8-85b623ffd1e5_dp0,0
1780281107.8374338,1780281107.8484938,11.059999465942383,chatcmpl-d2c194f6-170f-4e0c-b275-f7536417be22-932b5711,decode,1,0,452712,2,d61968e8-e4aa-43a2-8ca8-85b623ffd1e5_dp0,0
1780281107.878783,1780281107.8882024,9.419441223144531,chatcmpl-e37c0f5f-1784-4f27-9d0d-d4d5122116e6-b6d05552,decode,1,0,452712,6,d61968e8-e4aa-43a2-8ca8-85b623ffd1e5_dp1,0
1780281107.9830883,1780281107.9933934,10.305166244506836,chatcmpl-b8345f5c-3ef5-4dde-806d-be0d0e09687c-9a184e30,decode,1,0,452712,2,d61968e8-e4aa-43a2-8ca8-85b623ffd1e5_dp1,0
1780281108.1231077,1780281108.1389728,15.865087509155273,chatcmpl-ae0cc8a0-d5f0-4430-bc7f-6452e06c8bf1-814d149c,decode,1,0,452712,49,d61968e8-e4aa-43a2-8ca8-85b623ffd1e5_dp0,0
1780281108.1278677,1780281108.1390443,11.176586151123047,chatcmpl-58aecd35-19f5-4cfc-a1bc-2542c36394cd-bb5cbe90,decode,1,0,452712,2,d61968e8-e4aa-43a2-8ca8-85b623ffd1e5_dp1,0
1780281108.193125,1780281108.2085087,15.383720397949219,chatcmpl-e560953f-f4db-4999-808f-ee9a57755b5d-935228c3,decode,1,0,452712,11,d61968e8-e4aa-43a2-8ca8-85b623ffd1e5_dp1,0
1780281108.2080038,1780281108.2194467,11.442899703979492,chatcmpl-b389fd18-5186-4f83-b791-06f70948ac8e-99e7056b,decode,1,0,452712,7,d61968e8-e4aa-43a2-8ca8-85b623ffd1e5_dp0,0
1780281108.219039,1780281108.226802,7.763147354125977,chatcmpl-b56be834-d3a8-4a11-a34e-f9e6413dcce8-9892bef7,decode,1,0,452712,20,d61968e8-e4aa-43a2-8ca8-85b623ffd1e5_dp1,0
1780281108.2537332,1780281108.264703,10.969877243041992,chatcmpl-dc6334b3-76fe-4ccd-b8c9-ecb7fe5c7c7a-b4b650ab,decode,1,0,452712,2,d61968e8-e4aa-43a2-8ca8-85b623ffd1e5_dp0,0
1780281108.369189,1780281108.3762593,7.070302963256836,chatcmpl-7ae8ab43-fceb-467c-baa9-0199d6db2a42-a57aba0b,decode,1,0,452712,22,d61968e8-e4aa-43a2-8ca8-85b623ffd1e5_dp0,0
1780281108.4318883,1780281108.4393003,7.411956787109375,chatcmpl-982603e9-dcf4-4335-85e4-7a894047c529-9c48d47e,decode,1,0,452712,19,d61968e8-e4aa-43a2-8ca8-85b623ffd1e5_dp1,0
1780281108.4572268,1780281108.464717,7.4901580810546875,chatcmpl-77f8a92f-7d03-4083-b4a4-69bb702123d1-bc58c250,decode,1,0,452712,6,d61968e8-e4aa-43a2-8ca8-85b623ffd1e5_dp1,0
1780281108.8116064,1780281108.8190494,7.442951202392578,chatcmpl-28e54986-0951-4245-bb56-7b8ece4c3d48-87302ce5,decode,1,0,452712,14,d61968e8-e4aa-43a2-8ca8-85b623ffd1e5_dp0,0
1780281108.9258897,1780281108.926295,0.40531158447265625,chatcmpl-35ad00a5-5c68-42ac-bc5a-816bda9fbb9b-a1749afd,decode,1,0,452712,7,d61968e8-e4aa-43a2-8ca8-85b623ffd1e5_dp1,0
1780281108.9849126,1780281108.9947624,9.849786758422852,chatcmpl-2b9d9182-9a07-44bb-859c-a14422cc16d2-8d42394d,decode,1,0,452712,3,d61968e8-e4aa-43a2-8ca8-85b623ffd1e5_dp1,0
1780281109.0771468,1780281109.0951736,18.02682876586914,chatcmpl-093ba0ad-cd97-4b45-b4c0-94f13b300bc3-ab0fd62b,decode,1,0,452712,37,d61968e8-e4aa-43a2-8ca8-85b623ffd1e5_dp0,0
1780281109.2372944,1780281109.246016,8.721590042114258,chatcmpl-0b7357ad-5121-4d47-b4ad-68a647b7b938-bdd2f6a5,decode,1,0,452712,4,d61968e8-e4aa-43a2-8ca8-85b623ffd1e5_dp1,0
1780281109.2808068,1780281109.2810385,0.23174285888671875,chatcmpl-6d0dba7b-e949-4fe1-912d-57761b267858-ad29d863,decode,1,0,452712,10,d61968e8-e4aa-43a2-8ca8-85b623ffd1e5_dp1,0
1780281109.3178613,1780281109.318262,0.40078163146972656,chatcmpl-d3b50f79-e80e-4b92-ad6e-9d3f50da10cb-80cf2ac4,decode,1,0,452712,8,d61968e8-e4aa-43a2-8ca8-85b623ffd1e5_dp1,0
1780281109.3867764,1780281109.3874161,0.6396770477294922,chatcmpl-c4a600e9-b1e5-4935-b852-86895c3b1208-9c8ef41d,decode,1,0,452712,2,d61968e8-e4aa-43a2-8ca8-85b623ffd1e5_dp1,0
1780281109.493038,1780281109.5157309,22.69291877746582,chatcmpl-1d113e06-a691-4f34-ab4b-d454447fa550-842e7f21,decode,1,0,452712,32,d61968e8-e4aa-43a2-8ca8-85b623ffd1e5_dp1,0
1780281109.5152836,1780281109.515744,0.4603862762451172,chatcmpl-77789aca-5418-4609-9182-db354b50496c-9a972dae,decode,1,0,452712,4,d61968e8-e4aa-43a2-8ca8-85b623ffd1e5_dp0,0
1780281109.8888774,1780281109.9045074,15.630006790161133,chatcmpl-490aa18a-1c86-4628-8982-212db87f80d1-b29f95eb,decode,1,0,452712,47,d61968e8-e4aa-43a2-8ca8-85b623ffd1e5_dp0,0
1780281109.9185483,1780281109.9299858,11.437416076660156,chatcmpl-b125da9e-7028-477f-bea9-3eb58ede0c8a-a34289b9,decode,1,0,452712,2,d61968e8-e4aa-43a2-8ca8-85b623ffd1e5_dp1,0
1780281109.9862313,1780281109.9932466,7.015228271484375,chatcmpl-9d38eefc-9f20-4b17-9676-e82ae4fae939-b058511b,decode,1,0,452712,22,d61968e8-e4aa-43a2-8ca8-85b623ffd1e5_dp1,0
1780281110.0334458,1780281110.0437694,10.323524475097656,chatcmpl-b336f872-d380-4a02-b6f5-534006c57b0f-b6d88209,decode,1,0,452712,3,d61968e8-e4aa-43a2-8ca8-85b623ffd1e5_dp0,0
1780281110.0704978,1780281110.0815306,11.032819747924805,chatcmpl-860c569e-c89c-47f0-939f-74b82656ad6b-859f0edb,decode,1,0,452712,2,d61968e8-e4aa-43a2-8ca8-85b623ffd1e5_dp0,0
1780281110.0958948,1780281110.1067483,10.85352897644043,chatcmpl-2f287bdc-a2a9-45f5-9358-f6a47c534976-94ac2825,decode,1,0,452712,2,d61968e8-e4aa-43a2-8ca8-85b623ffd1e5_dp0,0
1780281110.1463315,1780281110.157443,11.11149787902832,chatcmpl-8987625a-a65e-4093-aa73-93c63677b1fa-bf6f5c9f,decode,1,0,452712,2,d61968e8-e4aa-43a2-8ca8-85b623ffd1e5_dp0,0
1780281110.1859736,1780281110.1949208,8.947134017944336,chatcmpl-061cf9ae-d461-4008-af51-f5e40cedcead-906d5450,decode,1,0,452712,4,d61968e8-e4aa-43a2-8ca8-85b623ffd1e5_dp1,0
1780281110.2847965,1780281110.285271,0.4744529724121094,chatcmpl-1056545a-fe25-4d29-a75e-6b91869bdab9-9088f71d,decode,1,0,452712,1,d61968e8-e4aa-43a2-8ca8-85b623ffd1e5_dp1,0
1780281110.3601236,1780281110.3680568,7.933139801025391,chatcmpl-6a722ee5-0d94-4e19-a3c1-eec3050db5ae-9b01021e,decode,1,0,452712,1,d61968e8-e4aa-43a2-8ca8-85b623ffd1e5_dp0,0
1780281110.367658,1780281110.386905,19.247055053710938,chatcmpl-1a18a276-0cc3-4717-8abb-e05d8f01ae2a-8e83ea20,decode,1,0,452712,41,d61968e8-e4aa-43a2-8ca8-85b623ffd1e5_dp0,0
1780281110.3864176,1780281110.3972888,10.871171951293945,chatcmpl-49800b81-5ad3-4e3f-84b3-047c1bd92873-a79f4b99,decode,1,0,452712,2,d61968e8-e4aa-43a2-8ca8-85b623ffd1e5_dp1,0
1780281110.4770155,1780281110.4929252,15.909671783447266,chatcmpl-63f9670f-3eed-4f1a-bd5c-4c6e31b4636c-8fd1c4e6,decode,1,0,452712,47,d61968e8-e4aa-43a2-8ca8-85b623ffd1e5_dp0,0
1780281110.58713,1780281110.5981517,11.021614074707031,chatcmpl-6afa6bf3-db49-489d-81d6-77be7d0388c0-9370b57f,decode,1,0,452712,2,d61968e8-e4aa-43a2-8ca8-85b623ffd1e5_dp1,0
1780281110.6159186,1780281110.624081,8.162260055541992,chatcmpl-f2b3b666-fdcf-4260-b0ae-e938738aa250-81a5b0e2,decode,1,0,452712,14,d61968e8-e4aa-43a2-8ca8-85b623ffd1e5_dp0,0
1780281110.6383264,1780281110.6500814,11.754989624023438,chatcmpl-f02959cc-a98d-4abe-8940-645a0ea87996-bf263a36,decode,1,0,452712,2,d61968e8-e4aa-43a2-8ca8-85b623ffd1e5_dp1,0
1780281111.06168,1780281111.0786657,16.985654830932617,chatcmpl-5f361409-1d96-4b92-a64f-64f73d2664a6-91fd3922,decode,1,0,452712,10,d61968e8-e4aa-43a2-8ca8-85b623ffd1e5_dp0,0
1780281111.2754757,1780281111.285164,9.688377380371094,chatcmpl-c2dcfb4a-65c5-4acf-90e7-ad4636705723-88c407af,decode,1,0,452712,4,d61968e8-e4aa-43a2-8ca8-85b623ffd1e5_dp0,0
1780281111.3780189,1780281111.3885548,10.535955429077148,chatcmpl-18b3f2b7-522e-45ff-8b91-450e99000b83-b460efe3,decode,1,0,452712,3,d61968e8-e4aa-43a2-8ca8-85b623ffd1e5_dp1,0
1780281111.4544864,1780281111.466019,11.53254508972168,chatcmpl-0754d8df-75af-48c6-ba16-725446e6c099-99f1a0f3,decode,1,0,452712,2,d61968e8-e4aa-43a2-8ca8-85b623ffd1e5_dp0,0
1780281111.6365795,1780281111.647018,10.43844223022461,chatcmpl-55c965be-7807-44c1-bc64-34ce60c78eda-b657dd1a,decode,1,0,452712,3,d61968e8-e4aa-43a2-8ca8-85b623ffd1e5_dp1,0
1780281111.716381,1780281111.7245445,8.1634521484375,chatcmpl-6bb83f03-43f4-41fd-9270-e34aa0eedcf0-841fa12d,decode,1,0,452712,6,d61968e8-e4aa-43a2-8ca8-85b623ffd1e5_dp1,0
1780281111.9612586,1780281111.9675252,6.266593933105469,chatcmpl-e5ddb04e-997f-4b75-a8e8-13ca89e690fa-824db482,decode,1,0,452712,8,d61968e8-e4aa-43a2-8ca8-85b623ffd1e5_dp1,0
1780281111.9817607,1780281111.9923093,10.548591613769531,chatcmpl-f93fd5f2-faf9-4a48-8326-426581cc8385-adcf17dd,decode,1,0,452712,4,d61968e8-e4aa-43a2-8ca8-85b623ffd1e5_dp1,0
1780281112.1657147,1780281112.185237,19.52219009399414,chatcmpl-18175831-c7b8-4221-82aa-7c8641428e73-87e97a4a,decode,1,0,452712,36,d61968e8-e4aa-43a2-8ca8-85b623ffd1e5_dp1,0
1780281112.3394103,1780281112.349355,9.944677352905273,chatcmpl-ac0f9492-ff04-4cb8-8cf3-8f11ce177ee4-abc2bdf5,decode,1,0,452712,4,d61968e8-e4aa-43a2-8ca8-85b623ffd1e5_dp1,0
1780281112.5402687,1780281112.5515554,11.286735534667969,chatcmpl-b5b45107-74d3-4f38-b099-4bd8af5ad61e-b0d56c06,decode,1,0,452712,2,d61968e8-e4aa-43a2-8ca8-85b623ffd1e5_dp0,0
1780281112.5831378,1780281112.601252,18.114328384399414,chatcmpl-d66a9882-c545-49a3-988a-0c4b9f841708-b68008ac,decode,1,0,452712,8,d61968e8-e4aa-43a2-8ca8-85b623ffd1e5_dp0,0
1780281112.6927872,1780281112.7131093,20.322084426879883,chatcmpl-ad3b3f60-b32d-43b2-8e14-5c06fc556962-b2a421c7,decode,1,0,452712,27,d61968e8-e4aa-43a2-8ca8-85b623ffd1e5_dp1,0
1780281112.7684617,1780281112.7758734,7.411718368530273,chatcmpl-6c5b0319-e38b-4704-a832-32ca9d09d4f2-9d380cc3,decode,1,0,452712,7,d61968e8-e4aa-43a2-8ca8-85b623ffd1e5_dp1,0
1780281112.8032777,1780281112.8131394,9.86170768737793,chatcmpl-8fc98443-4c87-42ef-9d73-0fcf40212470-8af6f6d3,decode,1,0,452712,11,d61968e8-e4aa-43a2-8ca8-85b623ffd1e5_dp1,0
1780281112.926514,1780281112.9364364,9.922504425048828,chatcmpl-74344d13-0d97-44ae-84fc-621fe3c0fb55-9f2f36d6,decode,1,0,452712,4,d61968e8-e4aa-43a2-8ca8-85b623ffd1e5_dp1,0
1780281113.0249708,1780281113.035173,10.202169418334961,chatcmpl-cfa2c0a0-43c9-4726-99c3-a49330ed2b1e-b2949ff6,decode,1,0,452712,3,d61968e8-e4aa-43a2-8ca8-85b623ffd1e5_dp1,0
1780281113.103368,1780281113.11157,8.201837539672852,chatcmpl-331ebe66-bd10-4e42-a4ca-4688808ce7c0-b4be4192,decode,1,0,452712,21,d61968e8-e4aa-43a2-8ca8-85b623ffd1e5_dp1,0
1780281113.2068975,1780281113.227479,20.581483840942383,chatcmpl-4e5a0e24-f7b1-480d-ad31-958bf4da0652-8e013faf,decode,1,0,452712,36,d61968e8-e4aa-43a2-8ca8-85b623ffd1e5_dp0,0
1780281113.2156734,1780281113.2275105,11.837005615234375,chatcmpl-c3850a2a-4e72-46c6-a0e5-8082b45e1215-a3a025ab,decode,1,0,452712,2,d61968e8-e4aa-43a2-8ca8-85b623ffd1e5_dp1,0
1780281113.402888,1780281113.4182754,15.387296676635742,chatcmpl-fd46d663-63e0-4adc-b128-325cfdc2ec79-9008c2a9,decode,1,0,452712,39,d61968e8-e4aa-43a2-8ca8-85b623ffd1e5_dp1,0
1780281113.484753,1780281113.4956136,10.860681533813477,chatcmpl-4d2ef9e3-3cc9-4f06-ab63-393ed2a6df60-82396133,decode,1,0,452712,26,d61968e8-e4aa-43a2-8ca8-85b623ffd1e5_dp0,0
1780281113.4952796,1780281113.5049875,9.707927703857422,chatcmpl-2de70b40-9d97-440a-ad77-2bf167cea334-b6119e37,decode,1,0,452712,3,d61968e8-e4aa-43a2-8ca8-85b623ffd1e5_dp1,0
1780281113.517563,1780281113.5302832,12.720108032226562,chatcmpl-ec015c54-f95b-4e46-a1cc-7b7cc0d7d7e0-8ac18f89,decode,1,0,452712,1,d61968e8-e4aa-43a2-8ca8-85b623ffd1e5_dp0,0
1780281113.5299916,1780281113.5417888,11.797189712524414,chatcmpl-fd4cb8ec-97c8-4cac-95ca-2af6a3eec06b-b8df95a2,decode,1,0,452712,1,d61968e8-e4aa-43a2-8ca8-85b623ffd1e5_dp1,0
1780281113.666892,1780281113.682601,15.70892333984375,chatcmpl-3afa2bbc-b6f7-4325-ac79-b038bab3c2b9-89cfc18b,decode,1,0,452712,57,d61968e8-e4aa-43a2-8ca8-85b623ffd1e5_dp0,0
1780281113.6959915,1780281113.7088187,12.827157974243164,chatcmpl-aeb4e599-5ec0-4042-b7ef-908483ee8449-b30eb60e,decode,1,0,452712,1,d61968e8-e4aa-43a2-8ca8-85b623ffd1e5_dp1,0
1780281113.9099717,1780281113.9211516,11.179924011230469,chatcmpl-534a39bb-6e1b-4e8e-8430-1e91a972e572-aa1b002f,decode,1,0,452712,2,d61968e8-e4aa-43a2-8ca8-85b623ffd1e5_dp1,0
1780281113.9725258,1780281113.9832,10.674238204956055,chatcmpl-772a026c-da4f-47bf-9b84-1406151814d2-a7e4a3ee,decode,1,0,452712,2,d61968e8-e4aa-43a2-8ca8-85b623ffd1e5_dp0,0
1780281114.184696,1780281114.2050738,20.37787437438965,chatcmpl-888a22fe-78af-44b1-aa3d-d6478934fe5f-ac957245,decode,1,0,452712,4,d61968e8-e4aa-43a2-8ca8-85b623ffd1e5_dp1,0
1780281114.4121132,1780281114.4275644,15.451192855834961,chatcmpl-407ba783-f5fc-4bba-995c-934ad565ab45-b7e06479,decode,1,0,452712,52,d61968e8-e4aa-43a2-8ca8-85b623ffd1e5_dp0,0
1780281114.4272833,1780281114.4396636,12.380361557006836,chatcmpl-19bc28f6-46c6-4954-a918-1f70eae7cf2e-9670550c,decode,1,0,452712,1,d61968e8-e4aa-43a2-8ca8-85b623ffd1e5_dp0,0
1780281114.5187218,1780281114.5267193,7.9975128173828125,chatcmpl-be53997b-b15c-4127-a204-4c89722d4873-9523ac95,decode,1,0,452712,6,d61968e8-e4aa-43a2-8ca8-85b623ffd1e5_dp0,0
1780281114.6015081,1780281114.6134577,11.949539184570312,chatcmpl-393292e1-7a00-4ba5-8ae2-b292cce487bd-bfb20a75,decode,1,0,452712,1,d61968e8-e4aa-43a2-8ca8-85b623ffd1e5_dp1,0
1780281114.7050378,1780281114.7163875,11.349678039550781,chatcmpl-1f8bf2f4-b1d6-42d5-8bfb-b23932bd1080-bf60cfca,decode,1,0,452712,2,d61968e8-e4aa-43a2-8ca8-85b623ffd1e5_dp1,0
1780281114.7790225,1780281114.7933936,14.371156692504883,chatcmpl-41e61ab2-ba44-4faf-8c1c-f3180cd287db-94c8c272,decode,1,0,452712,2,d61968e8-e4aa-43a2-8ca8-85b623ffd1e5_dp0,0
1780281114.8051798,1780281114.8056874,0.5075931549072266,chatcmpl-23f2c7f3-4abf-48fe-8b33-3cb244f6ce39-b0956c7f,decode,1,0,452712,1,d61968e8-e4aa-43a2-8ca8-85b623ffd1e5_dp0,0
1780281114.8210533,1780281114.829806,8.752822875976562,chatcmpl-cf5ce05e-f259-4aa7-a3e0-9b30fc6493df-b525d57a,decode,1,0,452712,18,d61968e8-e4aa-43a2-8ca8-85b623ffd1e5_dp1,0
1780281115.0033553,1780281115.0145762,11.220932006835938,chatcmpl-d0fac271-4f41-44d5-b074-9125f7e45e04-aea83c8b,decode,1,0,452712,2,d61968e8-e4aa-43a2-8ca8-85b623ffd1e5_dp0,0
1780281115.081411,1780281115.1013904,19.979476928710938,chatcmpl-3cea3e59-a6d6-4b59-8ee1-8b6d2f9dc091-b84ada67,decode,1,0,452712,33,d61968e8-e4aa-43a2-8ca8-85b623ffd1e5_dp1,0
1780281115.1932788,1780281115.2022493,8.970499038696289,chatcmpl-21fdff3e-3491-429a-ac30-7edad9be5b50-8c385e57,decode,1,0,452712,11,d61968e8-e4aa-43a2-8ca8-85b623ffd1e5_dp0,0
1780281115.2471561,1780281115.2642317,17.075538635253906,chatcmpl-68061422-4eda-44c9-bddd-bf031c715e14-bff5170a,decode,1,0,452712,8,d61968e8-e4aa-43a2-8ca8-85b623ffd1e5_dp1,0
1780281115.5284526,1780281115.5509071,22.454500198364258,chatcmpl-43c4f924-7cc8-4ba4-a96a-f4d6bfd9e6a2-bdd55260,decode,1,0,452712,33,d61968e8-e4aa-43a2-8ca8-85b623ffd1e5_dp0,0
1780281115.5506113,1780281115.5612123,10.601043701171875,chatcmpl-84ba7e65-8b18-4ce6-b612-e487f84b89dd-bbb3baed,decode,1,0,452712,3,d61968e8-e4aa-43a2-8ca8-85b623ffd1e5_dp1,0
1780281115.764727,1780281115.7750154,10.288238525390625,chatcmpl-7f47b2e9-6f0a-4e94-b9ea-718a1ca463f1-85c32fdb,decode,1,0,452712,3,d61968e8-e4aa-43a2-8ca8-85b623ffd1e5_dp1,0
1780281115.938463,1780281115.9576042,19.141197204589844,chatcmpl-7de40383-94fc-4e8b-8b36-923e3ea86ed7-abdf926a,decode,1,0,452712,34,d61968e8-e4aa-43a2-8ca8-85b623ffd1e5_dp1,0
1780281116.1179824,1780281116.1264853,8.502960205078125,chatcmpl-4807288a-f7a5-4707-8281-52b87ce9dc5f-9a8d5d19,decode,1,0,452712,13,d61968e8-e4aa-43a2-8ca8-85b623ffd1e5_dp0,0
1780281116.3371916,1780281116.348073,10.881423950195312,chatcmpl-f909d17f-6549-49e8-af4c-6b17b4aa9bcb-bff9a0ee,decode,1,0,452712,2,d61968e8-e4aa-43a2-8ca8-85b623ffd1e5_dp1,0
1780281116.411536,1780281116.4244277,12.891769409179688,chatcmpl-28558546-295b-403f-8c49-2f776ba483f1-91ead6dc,decode,1,0,452712,2,d61968e8-e4aa-43a2-8ca8-85b623ffd1e5_dp0,0
1780281116.4238894,1780281116.4349744,11.085033416748047,chatcmpl-49323e98-5998-4fb4-b4cd-2dc34abfb08f-b2a58564,decode,1,0,452712,2,d61968e8-e4aa-43a2-8ca8-85b623ffd1e5_dp1,0
1780281116.4607692,1780281116.4718163,11.047124862670898,chatcmpl-edbf5128-e80c-4ca1-a417-ce14510aaf82-96d0b9f9,decode,1,0,452712,2,d61968e8-e4aa-43a2-8ca8-85b623ffd1e5_dp0,0
1780281116.8028858,1780281116.815145,12.259244918823242,chatcmpl-56461fc2-7719-421c-9bcd-4bb17a7ae865-b14ca78d,decode,1,0,452712,1,d61968e8-e4aa-43a2-8ca8-85b623ffd1e5_dp0,0
1780281116.844452,1780281116.8516793,7.227420806884766,chatcmpl-770a3f66-5f25-4732-8fea-e3706ad4135e-8cf3f60a,decode,1,0,452712,7,d61968e8-e4aa-43a2-8ca8-85b623ffd1e5_dp1,0
1780281116.8809783,1780281116.8883512,7.372856140136719,chatcmpl-83360fe5-2466-4006-a772-49466e95ef9c-8e3d42e4,decode,1,0,452712,7,d61968e8-e4aa-43a2-8ca8-85b623ffd1e5_dp0,0
1780281116.914379,1780281116.9146304,0.25153160095214844,chatcmpl-4ad0f85f-3f92-4434-b1d8-fc7a2b9c29cf-9a2a1cce,decode,1,0,452712,2,d61968e8-e4aa-43a2-8ca8-85b623ffd1e5_dp1,0
1780281116.941324,1780281116.9495242,8.20016860961914,chatcmpl-187e0e16-6109-40b9-9610-104c30af0ed7-836b1be4,decode,1,0,452712,5,d61968e8-e4aa-43a2-8ca8-85b623ffd1e5_dp0,0
1780281117.016245,1780281117.03689,20.6451416015625,chatcmpl-ae3d990d-ad66-4141-bc84-d66a692e3085-ba5af3e5,decode,1,0,452712,40,d61968e8-e4aa-43a2-8ca8-85b623ffd1e5_dp1,0
1780281117.0366306,1780281117.0369027,0.2720355987548828,chatcmpl-6f974223-f75a-4882-b9e8-33281fda0bff-933c51e5,decode,1,0,452712,2,d61968e8-e4aa-43a2-8ca8-85b623ffd1e5_dp0,0
1780281117.2708492,1780281117.2792373,8.388042449951172,chatcmpl-98e425df-d34a-4f30-91df-ec1dc954f705-a17f5030,decode,1,0,452712,20,d61968e8-e4aa-43a2-8ca8-85b623ffd1e5_dp0,0
1780281117.3042085,1780281117.3044786,0.2701282501220703,chatcmpl-1d549ed3-2c26-43e0-bfb6-88373804f74d-a8a0b9fb,decode,1,0,452712,1,d61968e8-e4aa-43a2-8ca8-85b623ffd1e5_dp0,0
1780281117.5159712,1780281117.535305,19.333839416503906,chatcmpl-8d4c39f1-f971-4de0-b244-9f90f6b3919c-a5bc5912,decode,1,0,452712,25,d61968e8-e4aa-43a2-8ca8-85b623ffd1e5_dp0,0
1780281117.5959523,1780281117.614881,18.92876625061035,chatcmpl-e83aca1f-c450-4774-beb6-606afe2d7e35-a065f0bb,decode,1,0,452712,42,d61968e8-e4aa-43a2-8ca8-85b623ffd1e5_dp0,0
1780281117.6145954,1780281117.627924,13.32855224609375,chatcmpl-24b37809-a7e2-4e48-8762-cd2a276b70f0-a6f51fd4,decode,1,0,452712,17,d61968e8-e4aa-43a2-8ca8-85b623ffd1e5_dp1,0
1780281117.627626,1780281117.6484666,20.84064483642578,chatcmpl-ea6829ea-bc96-467f-b1be-9431619f72bb-bb3fba6d,decode,1,0,452712,26,d61968e8-e4aa-43a2-8ca8-85b623ffd1e5_dp0,0
1780281117.6481476,1780281117.6484804,0.33283233642578125,chatcmpl-685cde3a-6efa-4a61-96fb-2cc753d4cd70-9a38f858,decode,1,0,452712,1,d61968e8-e4aa-43a2-8ca8-85b623ffd1e5_dp1,0
1780281117.6756322,1780281117.684721,9.088754653930664,chatcmpl-4c9235ea-800b-43be-9514-7ca0243f0cfd-8649f912,decode,1,0,452712,17,d61968e8-e4aa-43a2-8ca8-85b623ffd1e5_dp1,0
1780281117.699367,1780281117.6998105,0.44345855712890625,chatcmpl-62e8a21d-52ed-48de-ba0e-156b78950b8b-9fea5e01,decode,1,0,452712,3,d61968e8-e4aa-43a2-8ca8-85b623ffd1e5_dp0,0
1780281117.7848809,1780281117.7936428,8.761882781982422,chatcmpl-bf073dd3-7564-489f-9e6e-8a70665aeea9-94da9f12,decode,1,0,452712,11,d61968e8-e4aa-43a2-8ca8-85b623ffd1e5_dp1,0
1780281117.821081,1780281117.8299894,8.908510208129883,chatcmpl-fb62e75a-de27-45d6-9453-f4e01b19d1e2-b0491c12,decode,1,0,452712,13,d61968e8-e4aa-43a2-8ca8-85b623ffd1e5_dp0,0
1780281117.9208124,1780281117.9405596,19.747257232666016,chatcmpl-c269df8b-6c5f-4d2e-8eb5-8b21a53e0a85-8dc22116,decode,1,0,452712,38,d61968e8-e4aa-43a2-8ca8-85b623ffd1e5_dp1,0
1780281118.3019502,1780281118.3106093,8.659124374389648,chatcmpl-d99c2263-0d40-4dc9-85c0-21b7f4574dfd-83db3a54,decode,1,0,452712,5,d61968e8-e4aa-43a2-8ca8-85b623ffd1e5_dp1,0
1780281118.4329789,1780281118.433252,0.2732276916503906,chatcmpl-09018098-1df0-477c-a5ea-5f987099a204-aecef965,decode,1,0,452712,1,d61968e8-e4aa-43a2-8ca8-85b623ffd1e5_dp0,0
1780281118.4717557,1780281118.4819891,10.233402252197266,chatcmpl-8a46a8d3-1876-494f-b7cc-5838d893139c-b6c99bd0,decode,1,0,452712,3,d61968e8-e4aa-43a2-8ca8-85b623ffd1e5_dp0,0
1780281118.6465049,1780281118.6552887,8.783817291259766,chatcmpl-dd4719e9-7dc1-4806-a3b0-6a205f8f3fbe-ac007ce0,decode,1,0,452712,17,d61968e8-e4aa-43a2-8ca8-85b623ffd1e5_dp1,0
1780281118.8455892,1780281118.8541062,8.517026901245117,chatcmpl-d8dfccdb-f31d-4931-95ee-dd38a86b994b-9c855770,decode,1,0,452712,19,d61968e8-e4aa-43a2-8ca8-85b623ffd1e5_dp0,0
1780281119.05235,1780281119.063215,10.864973068237305,chatcmpl-3d60cbcb-2a9d-44e1-a8c7-e1890eee07ff-9618092d,decode,1,0,452712,2,d61968e8-e4aa-43a2-8ca8-85b623ffd1e5_dp0,0
1780281119.1137192,1780281119.1242127,10.49351692199707,chatcmpl-34c5a551-8ffe-4963-bb82-dc68346d9b3a-b03b6008,decode,1,0,452712,3,d61968e8-e4aa-43a2-8ca8-85b623ffd1e5_dp0,0
1780281119.2138755,1780281119.221658,7.782459259033203,chatcmpl-bc1a5571-6233-4083-b723-183901eadd7a-8f0f7ed5,decode,1,0,452712,7,d61968e8-e4aa-43a2-8ca8-85b623ffd1e5_dp1,0
1780281119.3127124,1780281119.3311472,18.434762954711914,chatcmpl-692551fe-ae15-4c3a-b6f7-29417e7e2c4e-b7c387fd,decode,1,0,452712,43,d61968e8-e4aa-43a2-8ca8-85b623ffd1e5_dp1,0
1780281119.32023,1780281119.3435159,23.285865783691406,chatcmpl-d2305715-4a40-4957-9697-3a0720e91fba-a28c0288,decode,1,0,452712,2,d61968e8-e4aa-43a2-8ca8-85b623ffd1e5_dp1,0
