start,end,duration_ms,poll_ts,poll_slack_ms,start_time_us,start_time_raw_s,start_time_s,start_time_to_poll_ms,post_begin_to_start_time_ms,post_cpu_ms,post_duration_ms,bytes_transferred,throughput_gbps,desc_count,req,handle,role,dp,tp,pid,n_blocks,remote_engine,remote_rank,interval_source
1780280964.2634666,1780280964.2659895,2.523,1780280964.2660465,0.05698204040527344,137334225133,137334.225133,1780280964.2634666,2.579927444458008,0.0054836273193359375,2.2013187408447266,2.18,3145728,1.2468204518430441,192,chatcmpl-6a82de0d-2f62-4a9a-b606-3606bd30f174-a89e33d4,"nixl_xfer_handle(0x5af9a3da85a0, released=False)",decode,0,0,452715,2,d61968e8-e4aa-43a2-8ca8-85b623ffd1e5_dp0,0,nixl_start_time
1780280964.2880397,1780280964.2895608,1.521,1780280964.2898273,0.2665519714355469,137334249706,137334.249706,1780280964.2880397,1.7876625061035156,0.005245208740234375,1.5456676483154297,1.521,3145728,2.0681972386587772,192,chatcmpl-21b057d9-8646-42cb-9dac-bbd98f9ac436-b86a11c7,"nixl_xfer_handle(0x556359958c20, released=False)",decode,1,0,452712,2,d61968e8-e4aa-43a2-8ca8-85b623ffd1e5_dp0,0,nixl_start_time
1780280964.3002076,1780280964.3008657,0.6579999999999999,1780280964.3012207,0.35500526428222656,137334261874,137334.261874,1780280964.3002076,1.013040542602539,0.002384185791015625,0.6759166717529297,0.658,1572864,2.390370820668693,48,chatcmpl-23e26d02-f6b1-416f-9035-5d11585fb8b1-8349479d,"nixl_xfer_handle(0x5af9a3da85a0, released=False)",decode,0,0,452715,1,d61968e8-e4aa-43a2-8ca8-85b623ffd1e5_dp1,0,nixl_start_time
1780280964.3491066,1780280964.3734095,24.303,1780280964.3734677,0.05817413330078125,137334310773,137334.310773,1780280964.3491066,24.361133575439453,0.0054836273193359375,8.243083953857422,8.215,45613056,1.8768487841007282,2784,chatcmpl-d36dd96f-4e43-4b8c-9d41-6a57fc65010d-ae23be8b,"nixl_xfer_handle(0x556359958c20, released=False)",decode,1,0,452712,29,d61968e8-e4aa-43a2-8ca8-85b623ffd1e5_dp0,0,nixl_start_time
1780280964.4588315,1780280964.4603536,1.522,1780280964.4606168,0.263214111328125,137334420498,137334.420498,1780280964.4588315,1.7852783203125,0.0050067901611328125,1.5447139739990234,1.522,3145728,2.066838370565046,192,chatcmpl-a976c9bb-2d96-4164-9c2a-9d0d2e190b35-bd865120,"nixl_xfer_handle(0x556359958c20, released=False)",decode,1,0,452712,2,d61968e8-e4aa-43a2-8ca8-85b623ffd1e5_dp0,0,nixl_start_time
1780280964.5695176,1780280964.5817206,12.203000000000001,1780280964.5817525,0.031948089599609375,137334531184,137334.531184,1780280964.5695176,12.234926223754883,0.0045299530029296875,5.6476593017578125,5.628,23592960,1.9333737605506842,1440,chatcmpl-c3a8dd76-b6f2-43be-bed2-5461f39709ff-a85083e1,"nixl_xfer_handle(0x556359958c20, released=False)",decode,1,0,452712,15,d61968e8-e4aa-43a2-8ca8-85b623ffd1e5_dp0,0,nixl_start_time
1780280964.5695276,1780280964.5715706,2.043,1780280964.5718534,0.2827644348144531,137334531194,137334.531194,1780280964.5695276,2.325773239135742,0.007867813110351562,2.0825862884521484,2.043,3145728,1.5397591776798825,192,chatcmpl-efc3ae3d-f393-4209-a45d-7b836a405f27-80225dff,"nixl_xfer_handle(0x5af9a3da85a0, released=False)",decode,0,0,452715,2,d61968e8-e4aa-43a2-8ca8-85b623ffd1e5_dp1,0,nixl_start_time
1780280964.7527657,1780280964.7562907,3.525,1780280964.756568,0.2772808074951172,137334714432,137334.714432,1780280964.7527657,3.8022994995117188,0.008106231689453125,3.5521984100341797,3.525,7864320,2.231012765957447,480,chatcmpl-4c118f4a-8b61-4036-b817-2086cdbbf064-bf87da70,"nixl_xfer_handle(0x556359958c20, released=False)",decode,1,0,452712,5,d61968e8-e4aa-43a2-8ca8-85b623ffd1e5_dp1,0,nixl_start_time
1780280964.7529676,1780280964.7748256,21.858,1780280964.7748432,0.017642974853515625,137334714634,137334.714634,1780280964.7529676,21.875619888305664,0.006198883056640625,7.225513458251953,7.181,55050240,2.518539665111172,3360,chatcmpl-e58583d9-ae0d-4f95-8c5d-cae21cae8515-814b18e0,"nixl_xfer_handle(0x5af9a3da85a0, released=False)",decode,0,0,452715,35,d61968e8-e4aa-43a2-8ca8-85b623ffd1e5_dp0,0,nixl_start_time
1780280964.7649887,1780280964.7654166,0.428,1780280964.7656775,0.2608299255371094,137334726655,137334.726655,1780280964.7649887,0.6887912750244141,0.0050067901611328125,0.4475116729736328,0.428,1572864,3.6749158878504673,48,chatcmpl-b1827a2c-8b8f-47f5-a9bd-a5da4979818e-99a30b22,"nixl_xfer_handle(0x556359958c20, released=False)",decode,1,0,452712,1,d61968e8-e4aa-43a2-8ca8-85b623ffd1e5_dp0,0,nixl_start_time
1780280964.7651277,1780280964.7894926,24.365000000000002,1780280964.7895203,0.02765655517578125,137334726794,137334.726794,1780280964.7651277,24.39260482788086,0.0040531158447265625,9.189367294311523,9.156,15728640,0.6455423763595322,960,chatcmpl-1468c29f-c934-4044-9cf2-504daab506f9-917f45e5,"nixl_xfer_handle(0x5af9a3eaa820, released=False)",decode,0,0,452715,10,d61968e8-e4aa-43a2-8ca8-85b623ffd1e5_dp1,0,nixl_start_time
1780280964.8014727,1780280964.8030658,1.593,1780280964.8033602,0.2944469451904297,137334763139,137334.763139,1780280964.8014727,1.8875598907470703,0.0035762786865234375,1.6160011291503906,1.593,3145728,1.9747193973634651,192,chatcmpl-0d3bcb46-18a0-481c-9702-31c34e905606-9b93d7c5,"nixl_xfer_handle(0x5af9a3da85a0, released=False)",decode,0,0,452715,2,d61968e8-e4aa-43a2-8ca8-85b623ffd1e5_dp0,0,nixl_start_time
1780280964.8746595,1780280964.8868616,12.202,1780280964.8868856,0.024080276489257812,137334836326,137334.836326,1780280964.8746595,12.226104736328125,0.0054836273193359375,6.863117218017578,6.843,28311552,2.3202386494017375,1728,chatcmpl-5ab4b4ad-04d7-458d-b189-f92e7b310a90-b2f612ca,"nixl_xfer_handle(0x556359958c20, released=False)",decode,1,0,452712,18,d61968e8-e4aa-43a2-8ca8-85b623ffd1e5_dp1,0,nixl_start_time
1780280964.9853866,1780280965.0117745,26.388,1780280965.0118122,0.037670135498046875,137334947053,137334.947053,1780280964.9853866,26.425600051879883,0.0059604644775390625,10.999441146850586,10.95,77070336,2.920658481127785,4704,chatcmpl-4fd3a3f0-afa9-4099-b0b0-e79a73536ad9-a5a4a7d0,"nixl_xfer_handle(0x5af9a3da85a0, released=False)",decode,0,0,452715,49,d61968e8-e4aa-43a2-8ca8-85b623ffd1e5_dp0,0,nixl_start_time
1780280965.0480115,1780280965.0494866,1.4749999999999999,1780280965.0497546,0.26798248291015625,137335009678,137335.009678,1780280965.0480115,1.7430782318115234,0.0040531158447265625,1.4998912811279297,1.475,3145728,2.1326969491525425,192,chatcmpl-35bb4b19-23da-45d0-9fbc-c8356fbf5728-80b743a2,"nixl_xfer_handle(0x556359988a20, released=False)",decode,1,0,452712,2,d61968e8-e4aa-43a2-8ca8-85b623ffd1e5_dp0,0,nixl_start_time
1780280965.0604787,1780280965.0624027,1.924,1780280965.0626762,0.2734661102294922,137335022145,137335.022145,1780280965.0604787,2.1975040435791016,0.0050067901611328125,1.9428730010986328,1.924,3145728,1.634993762993763,192,chatcmpl-6ef3bae0-108e-454c-a9a0-12819aee1a83-bda85bb7,"nixl_xfer_handle(0x5af9a3d77220, released=False)",decode,0,0,452715,2,d61968e8-e4aa-43a2-8ca8-85b623ffd1e5_dp1,0,nixl_start_time
1780280965.1832876,1780280965.2085607,25.273,1780280965.2085946,0.033855438232421875,137335144954,137335.144954,1780280965.1832876,25.30694007873535,0.0059604644775390625,10.365962982177734,10.342,56623104,2.240458354765956,3456,chatcmpl-e0bc4fd4-0bdc-4b92-9e6e-7245d95a3dd4-b41ba86c,"nixl_xfer_handle(0x556359988a20, released=False)",decode,1,0,452712,36,d61968e8-e4aa-43a2-8ca8-85b623ffd1e5_dp0,0,nixl_start_time
1780280965.2085447,1780280965.2206867,12.142,1780280965.2207143,0.02765655517578125,137335170211,137335.170211,1780280965.2085447,12.169599533081055,0.007152557373046875,6.093502044677734,6.057,26738688,2.2021650469444904,1632,chatcmpl-3adb597f-b160-4f15-b175-9fc89295e44a-b5494d7c,"nixl_xfer_handle(0x5af9a3d77220, released=False)",decode,0,0,452715,17,d61968e8-e4aa-43a2-8ca8-85b623ffd1e5_dp0,0,nixl_start_time
1780280965.2947917,1780280965.2962487,1.4569999999999999,1780280965.2965212,0.27251243591308594,137335256458,137335.256458,1780280965.2947917,1.7294883728027344,0.005245208740234375,1.4789104461669922,1.457,3145728,2.159044612216884,192,chatcmpl-3d09b7b9-2f40-4a3e-8644-85a28f405eda-96dc2822,"nixl_xfer_handle(0x556359988a20, released=False)",decode,1,0,452712,2,d61968e8-e4aa-43a2-8ca8-85b623ffd1e5_dp1,0,nixl_start_time
1780280965.3683627,1780280965.3707256,2.363,1780280965.370742,0.016450881958007812,137335330029,137335.330029,1780280965.3683627,2.3794174194335938,0.0050067901611328125,2.094745635986328,2.074,3145728,1.3312433347439694,192,chatcmpl-c7825594-efc3-48fc-9f55-409c30f69961-a747cf6d,"nixl_xfer_handle(0x5af9a38b5da0, released=False)",decode,0,0,452715,2,d61968e8-e4aa-43a2-8ca8-85b623ffd1e5_dp0,0,nixl_start_time
1780280965.4668877,1780280965.4916768,24.788999999999998,1780280965.4916954,0.018596649169921875,137335428554,137335.428554,1780280965.4668877,24.80769157409668,0.0050067901611328125,6.958961486816406,6.915,39321600,1.586251966598088,2400,chatcmpl-73b28112-db11-4edd-aaaf-5454ff5c858c-81c9f672,"nixl_xfer_handle(0x5af9a38b5da0, released=False)",decode,0,0,452715,25,d61968e8-e4aa-43a2-8ca8-85b623ffd1e5_dp1,0,nixl_start_time
1780280965.5534127,1780280965.5831416,29.729,1780280965.583158,0.016450881958007812,137335515079,137335.515079,1780280965.5534127,29.74534034729004,0.0073909759521484375,14.544010162353516,14.518,84934656,2.856963100003364,5184,chatcmpl-f43a33cc-c393-4a80-8063-0541dc9480fa-8d264b42,"nixl_xfer_handle(0x556359988a20, released=False)",decode,1,0,452712,54,d61968e8-e4aa-43a2-8ca8-85b623ffd1e5_dp0,0,nixl_start_time
1780280965.5830936,1780280965.6120527,28.959,1780280965.6120842,0.03147125244140625,137335544760,137335.54476,1780280965.5830936,28.990507125854492,0.004291534423828125,7.62629508972168,7.592,48758784,1.6837178079353567,2976,chatcmpl-2a7bead4-c802-49ce-bceb-34615af806f3-9a0750dc,"nixl_xfer_handle(0x5af9a38b5da0, released=False)",decode,0,0,452715,31,d61968e8-e4aa-43a2-8ca8-85b623ffd1e5_dp1,0,nixl_start_time
1780280965.5951207,1780280965.5979357,2.815,1780280965.5982,0.2644062042236328,137335556787,137335.556787,1780280965.5951207,3.0794143676757812,0.005245208740234375,2.8357505798339844,2.815,6291456,2.2349754884547073,384,chatcmpl-e75bf2dd-db95-4523-9c1c-0165d92f6d7f-85a8b4ea,"nixl_xfer_handle(0x556359988a20, released=False)",decode,1,0,452712,4,d61968e8-e4aa-43a2-8ca8-85b623ffd1e5_dp0,0,nixl_start_time
1780280965.5952597,1780280965.6200316,24.772,1780280965.620063,0.03147125244140625,137335556926,137335.556926,1780280965.5952597,24.80340003967285,0.00476837158203125,5.40471076965332,5.385,29884416,1.2063788147908932,1824,chatcmpl-37ab1b8f-05ed-48f9-b2b8-8245ca27919b-858640a2,"nixl_xfer_handle(0x5af9a3d7c6c0, released=False)",decode,0,0,452715,19,d61968e8-e4aa-43a2-8ca8-85b623ffd1e5_dp0,0,nixl_start_time
1780280965.6075387,1780280965.6110337,3.4949999999999997,1780280965.6112998,0.26607513427734375,137335569205,137335.569205,1780280965.6075387,3.7610530853271484,0.0045299530029296875,3.515958786010742,3.495,7864320,2.2501630901287557,480,chatcmpl-146a193e-6352-4fb0-9845-c10e4c52ba9d-8b604dc9,"nixl_xfer_handle(0x556359988a20, released=False)",decode,1,0,452712,5,d61968e8-e4aa-43a2-8ca8-85b623ffd1e5_dp1,0,nixl_start_time
1780280965.6076977,1780280965.6200926,12.395,1780280965.6201196,0.026941299438476562,137335569364,137335.569364,1780280965.6076977,12.421846389770508,0.0059604644775390625,3.948688507080078,3.929,31457280,2.5379007664380797,1920,chatcmpl-0481e5a1-0d6f-4241-b2dd-c9ce8d755c0f-95203836,"nixl_xfer_handle(0x5af9a41def20, released=False)",decode,0,0,452715,20,d61968e8-e4aa-43a2-8ca8-85b623ffd1e5_dp1,0,nixl_start_time
1780280965.6935418,1780280965.7181227,24.581,1780280965.7181551,0.0324249267578125,137335655208,137335.655208,1780280965.6935418,24.613380432128906,0.0095367431640625,8.864641189575195,8.84,51904512,2.1115703999023636,3168,chatcmpl-7228d033-5e46-49fa-a6a8-5ebaffbf1dd3-892522cf,"nixl_xfer_handle(0x556359988a20, released=False)",decode,1,0,452712,33,d61968e8-e4aa-43a2-8ca8-85b623ffd1e5_dp0,0,nixl_start_time
1780280965.8042736,1780280965.8303666,26.093,1780280965.8304102,0.04363059997558594,137335765940,137335.76594,1780280965.8042736,26.13663673400879,0.0054836273193359375,10.948896408081055,10.926,70778880,2.712561989805695,4320,chatcmpl-095f3158-53e9-4223-ad6f-c909029ff5d5-aaaf8cd5,"nixl_xfer_handle(0x556359988a20, released=False)",decode,1,0,452712,45,d61968e8-e4aa-43a2-8ca8-85b623ffd1e5_dp0,0,nixl_start_time
1780280965.8043177,1780280965.8305187,26.200999999999997,1780280965.830537,0.018358230590820312,137335765984,137335.765984,1780280965.8043177,26.21936798095703,0.005245208740234375,5.536317825317383,5.503,55050240,2.101074004808977,3360,chatcmpl-1aed21fc-727a-4c3a-aacd-e8013f58aea8-b31815fe,"nixl_xfer_handle(0x5af9a41afd20, released=False)",decode,0,0,452715,35,d61968e8-e4aa-43a2-8ca8-85b623ffd1e5_dp1,0,nixl_start_time
1780280965.8422716,1780280965.8443785,2.1069999999999998,1780280965.8446445,0.26607513427734375,137335803938,137335.803938,1780280965.8422716,2.3729801177978516,0.0045299530029296875,2.1317005157470703,2.107,4718592,2.239483626008543,288,chatcmpl-346972cf-d0d4-4d8b-9a83-145d893681de-ad397f01,"nixl_xfer_handle(0x55635997f210, released=False)",decode,1,0,452712,3,d61968e8-e4aa-43a2-8ca8-85b623ffd1e5_dp0,0,nixl_start_time
1780280965.9035997,1780280965.9155657,11.966,1780280965.9155946,0.028848648071289062,137335865266,137335.865266,1780280965.9035997,11.99483871459961,0.0050067901611328125,3.068685531616211,3.048,17301504,1.4458886846063848,1056,chatcmpl-01732eb5-9120-4703-8d21-7e63f9c7ef25-98f510ae,"nixl_xfer_handle(0x55635997f210, released=False)",decode,1,0,452712,11,d61968e8-e4aa-43a2-8ca8-85b623ffd1e5_dp1,0,nixl_start_time
1780280965.9891987,1780280966.0101287,20.93,1780280966.0101426,0.013828277587890625,137335950865,137335.950865,1780280965.9891987,20.943880081176758,0.0054836273193359375,5.311727523803711,5.272,58195968,2.7805049211657904,3552,chatcmpl-d26b2a1d-0f82-415a-8a1b-93306961c11b-8e833fa1,"nixl_xfer_handle(0x5af9a3e01ee0, released=False)",decode,0,0,452715,37,d61968e8-e4aa-43a2-8ca8-85b623ffd1e5_dp0,0,nixl_start_time
1780280966.0014136,1780280966.0055995,4.186,1780280966.0058422,0.24271011352539062,137335963080,137335.96308,1780280966.0014136,4.428625106811523,0.0045299530029296875,4.209041595458984,4.186,9437184,2.2544634495938847,576,chatcmpl-4159a4a4-1887-4f64-af14-5a01fe607663-96c9cc2a,"nixl_xfer_handle(0x556359986b80, released=False)",decode,1,0,452712,6,d61968e8-e4aa-43a2-8ca8-85b623ffd1e5_dp1,0,nixl_start_time
1780280966.0014787,1780280966.0286968,27.218,1780280966.0287364,0.039577484130859375,137335963145,137335.963145,1780280966.0014787,27.257680892944336,0.00476837158203125,8.06283950805664,8.034,11010048,0.4045134837240062,672,chatcmpl-ba52e5cf-d284-48c7-9e1e-e00c6aa96633-93fa0270,"nixl_xfer_handle(0x5af9a3d7c6c0, released=False)",decode,0,0,452715,7,d61968e8-e4aa-43a2-8ca8-85b623ffd1e5_dp1,0,nixl_start_time
1780280966.0136626,1780280966.0199497,6.287,1780280966.0202267,0.2770423889160156,137335975329,137335.975329,1780280966.0136626,6.564140319824219,0.0045299530029296875,6.313800811767578,6.287,14155776,2.251594719261969,864,chatcmpl-6b70fee9-001d-4dc0-8884-f9e8d89d939d-81472b48,"nixl_xfer_handle(0x556359986b80, released=False)",decode,1,0,452712,9,d61968e8-e4aa-43a2-8ca8-85b623ffd1e5_dp0,0,nixl_start_time
1780280966.0261457,1780280966.0283086,2.163,1780280966.0287561,0.4475116729736328,137335987812,137335.987812,1780280966.0261457,2.610445022583008,0.0040531158447265625,2.1865367889404297,2.163,3145728,1.4543356449375868,192,chatcmpl-cc1468ec-a582-4be9-b485-c8abd83f748e-9e5ada67,"nixl_xfer_handle(0x5af9a3e01ee0, released=False)",decode,0,0,452715,2,d61968e8-e4aa-43a2-8ca8-85b623ffd1e5_dp0,0,nixl_start_time
1780280966.0625887,1780280966.0748258,12.237,1780280966.0748749,0.049114227294921875,137336024255,137336.024255,1780280966.0625887,12.286186218261719,0.005245208740234375,4.337072372436523,4.318,20447232,1.670935033096347,1248,chatcmpl-0565be60-572e-4087-b817-56d5a8ac8d67-9e706dd6,"nixl_xfer_handle(0x556359986b80, released=False)",decode,1,0,452712,13,d61968e8-e4aa-43a2-8ca8-85b623ffd1e5_dp1,0,nixl_start_time
1780280966.1598656,1780280966.1613245,1.459,1780280966.1615965,0.2720355987548828,137336121532,137336.121532,1780280966.1598656,1.7309188842773438,0.00476837158203125,1.4917850494384766,1.459,3145728,2.1560849897189858,192,chatcmpl-3d9849fa-5244-4454-a631-d8d84479b10c-940378a8,"nixl_xfer_handle(0x556359986b80, released=False)",decode,1,0,452712,2,d61968e8-e4aa-43a2-8ca8-85b623ffd1e5_dp0,0,nixl_start_time
1780280966.3559077,1780280966.3569577,1.05,1780280966.3569913,0.03361701965332031,137336317574,137336.317574,1780280966.3559077,1.0836124420166016,0.0040531158447265625,0.6706714630126953,0.647,1572864,1.4979657142857143,48,chatcmpl-93f53e72-f74e-446c-9ae3-e4f2b7348c93-8f63284d,"nixl_xfer_handle(0x5af9a3e01ee0, released=False)",decode,0,0,452715,1,d61968e8-e4aa-43a2-8ca8-85b623ffd1e5_dp0,0,nixl_start_time
1780280966.3560476,1780280966.3841267,28.079,1780280966.3841646,0.03790855407714844,137336317714,137336.317714,1780280966.3560476,28.116941452026367,0.0059604644775390625,13.231515884399414,13.207,80216064,2.8567991737597493,4896,chatcmpl-b52872f4-877f-4cee-a968-b58ba1579393-8d6b0bb2,"nixl_xfer_handle(0x556359986b80, released=False)",decode,1,0,452712,51,d61968e8-e4aa-43a2-8ca8-85b623ffd1e5_dp1,0,nixl_start_time
1780280966.4451456,1780280966.4501667,5.021,1780280966.4504566,0.2899169921875,137336406812,137336.406812,1780280966.4451456,5.311012268066406,0.0045299530029296875,5.046367645263672,5.021,11010048,2.1927998406691893,672,chatcmpl-2ace9b0f-8eee-4d32-813b-7b3ca4b12fe4-b5878027,"nixl_xfer_handle(0x556359986b80, released=False)",decode,1,0,452712,7,d61968e8-e4aa-43a2-8ca8-85b623ffd1e5_dp0,0,nixl_start_time
1780280966.5419216,1780280966.5460796,4.158,1780280966.5463612,0.2815723419189453,137336503588,137336.503588,1780280966.5419216,4.439592361450195,0.0054836273193359375,4.180192947387695,4.158,9437184,2.2696450216450215,576,chatcmpl-5dda9474-0f7c-4dea-b052-a966130e34e3-be564ab9,"nixl_xfer_handle(0x556359986b80, released=False)",decode,1,0,452712,6,d61968e8-e4aa-43a2-8ca8-85b623ffd1e5_dp1,0,nixl_start_time
1780280966.6394446,1780280966.6401117,0.6669999999999999,1780280966.6405165,0.4048347473144531,137336601111,137336.601111,1780280966.6394446,1.071929931640625,0.0054836273193359375,0.6856918334960938,0.667,1572864,2.3581169415292353,48,chatcmpl-baec1e9f-0502-4e90-8915-0a54202433f6-931c865b,"nixl_xfer_handle(0x5af9a3e01ee0, released=False)",decode,0,0,452715,1,d61968e8-e4aa-43a2-8ca8-85b623ffd1e5_dp0,0,nixl_start_time
1780280966.8228137,1780280966.8350856,12.272,1780280966.8351066,0.0209808349609375,137336784480,137336.78448,1780280966.8228137,12.292861938476562,0.005245208740234375,3.534555435180664,3.508,28311552,2.3070039113428944,1728,chatcmpl-023522b4-5693-499c-9f33-ece2531944b2-8e8b6efd,"nixl_xfer_handle(0x556359986b80, released=False)",decode,1,0,452712,18,d61968e8-e4aa-43a2-8ca8-85b623ffd1e5_dp0,0,nixl_start_time
1780280966.8838856,1780280966.8850555,1.17,1780280966.8850696,0.014066696166992188,137336845552,137336.845552,1780280966.8838856,1.1839866638183594,0.0040531158447265625,0.7867813110351562,0.766,1572864,1.344328205128205,48,chatcmpl-5314d278-5874-4920-b07a-453a4e6dd503-959080ff,"nixl_xfer_handle(0x5af9a3e01ee0, released=False)",decode,0,0,452715,1,d61968e8-e4aa-43a2-8ca8-85b623ffd1e5_dp1,0,nixl_start_time
1780280966.9326777,1780280966.9412947,8.616999999999999,1780280966.9416802,0.38552284240722656,137336894344,137336.894344,1780280966.9326777,9.002447128295898,0.004291534423828125,8.636713027954102,8.617,12582912,1.4602427759080887,768,chatcmpl-2ebbb306-6633-402a-b69a-76822e9689b8-a3f5a7a3,"nixl_xfer_handle(0x5af9a3e01ee0, released=False)",decode,0,0,452715,8,d61968e8-e4aa-43a2-8ca8-85b623ffd1e5_dp0,0,nixl_start_time
1780280966.9571366,1780280966.9699457,12.809,1780280966.9699686,0.02288818359375,137336918803,137336.918803,1780280966.9571366,12.831926345825195,0.0040531158447265625,7.86900520324707,7.849,29884416,2.333079553438988,1824,chatcmpl-da521fce-8282-4944-bd72-0e04173bc553-8d24db97,"nixl_xfer_handle(0x55635995eee0, released=False)",decode,1,0,452712,19,d61968e8-e4aa-43a2-8ca8-85b623ffd1e5_dp1,0,nixl_start_time
1780280966.9940627,1780280966.9975097,3.447,1780280966.997771,0.2613067626953125,137336955729,137336.955729,1780280966.9940627,3.708362579345703,0.0030994415283203125,3.469705581665039,3.447,7864320,2.281496953872933,480,chatcmpl-09537bf5-9cdd-46c2-9768-f0e4c9faa1da-82923d9d,"nixl_xfer_handle(0x556359980ce0, released=False)",decode,1,0,452712,5,d61968e8-e4aa-43a2-8ca8-85b623ffd1e5_dp1,0,nixl_start_time
1780280967.0552127,1780280967.0797846,24.572,1780280967.07982,0.03528594970703125,137337016879,137337.016879,1780280967.0552127,24.607181549072266,0.005245208740234375,4.781007766723633,4.74,42467328,1.728281295783819,2592,chatcmpl-61655594-c896-45ce-a5cd-594d1928c9cc-966abf85,"nixl_xfer_handle(0x5af9a3e01ee0, released=False)",decode,0,0,452715,27,d61968e8-e4aa-43a2-8ca8-85b623ffd1e5_dp0,0,nixl_start_time
1780280967.0795066,1780280967.0817127,2.206,1780280967.0819743,0.26154518127441406,137337041173,137337.041173,1780280967.0795066,2.467632293701172,0.0030994415283203125,2.2253990173339844,2.206,4718592,2.1389809610154127,288,chatcmpl-6e75c084-8eaa-4dfe-a660-b25eba8c59a6-9090a244,"nixl_xfer_handle(0x556359980ce0, released=False)",decode,1,0,452712,3,d61968e8-e4aa-43a2-8ca8-85b623ffd1e5_dp0,0,nixl_start_time
1780280967.1039827,1780280967.1159308,11.948,1780280967.1159675,0.036716461181640625,137337065649,137337.065649,1780280967.1039827,11.984825134277344,0.0057220458984375,4.48155403137207,4.448,31457280,2.6328490123870103,1920,chatcmpl-3b27b960-c3cb-4c97-936d-1726d387b1d9-81629b40,"nixl_xfer_handle(0x5af9a3e01ee0, released=False)",decode,0,0,452715,20,d61968e8-e4aa-43a2-8ca8-85b623ffd1e5_dp1,0,nixl_start_time
1780280967.2748888,1780280967.2889218,14.033,1780280967.2889555,0.03361701965332031,137337236555,137337.236555,1780280967.2748888,14.066696166992188,0.0064373016357421875,4.1065216064453125,4.065,26738688,1.9054149504738829,1632,chatcmpl-da53ae09-f537-49e1-af0c-e3b1e6b81668-8ae3d753,"nixl_xfer_handle(0x5af9a3e01ee0, released=False)",decode,0,0,452715,17,d61968e8-e4aa-43a2-8ca8-85b623ffd1e5_dp1,0,nixl_start_time
1780280967.2749166,1780280967.3000236,25.107,1780280967.3000572,0.03361701965332031,137337236583,137337.236583,1780280967.2749166,25.14052391052246,0.006198883056640625,10.048151016235352,10.024,58195968,2.317918030828056,3552,chatcmpl-8f4d1de1-2bfa-440c-a33f-0938091c8b8d-a1bcc6ad,"nixl_xfer_handle(0x556359980ce0, released=False)",decode,1,0,452712,37,d61968e8-e4aa-43a2-8ca8-85b623ffd1e5_dp0,0,nixl_start_time
1780280967.3246396,1780280967.3250794,0.44,1780280967.3268259,1.7464160919189453,137337286306,137337.286306,1780280967.3246396,2.186298370361328,0.0040531158447265625,0.45800209045410156,0.44,1572864,3.574690909090909,48,chatcmpl-f37f07b3-4250-470b-bca4-d72db175b36b-807d8048,"nixl_xfer_handle(0x556359980ce0, released=False)",decode,1,0,452712,1,d61968e8-e4aa-43a2-8ca8-85b623ffd1e5_dp0,0,nixl_start_time
1780280967.3247857,1780280967.3367248,11.939,1780280967.3367553,0.030517578125,137337286452,137337.286452,1780280967.3247857,11.969566345214844,0.005245208740234375,4.283666610717773,4.245,31457280,2.634833738169026,1920,chatcmpl-8109c188-49db-4c8a-9d46-aacb4e361c0c-87d5a9fe,"nixl_xfer_handle(0x5af9a38b9640, released=False)",decode,0,0,452715,20,d61968e8-e4aa-43a2-8ca8-85b623ffd1e5_dp1,0,nixl_start_time
1780280967.3251636,1780280967.3265676,1.4040000000000001,1780280967.3268425,0.27489662170410156,137337286830,137337.28683,1780280967.3251636,1.6789436340332031,0.003337860107421875,1.4176368713378906,1.404,3145728,2.2405470085470087,192,chatcmpl-9078b953-3b10-48bc-87dc-1c9c4a5eafd5-becabaa4,"nixl_xfer_handle(0x5563599aa860, released=False)",decode,1,0,452712,2,d61968e8-e4aa-43a2-8ca8-85b623ffd1e5_dp1,0,nixl_start_time
1780280967.6532416,1780280967.6582227,4.981,1780280967.658649,0.42629241943359375,137337614908,137337.614908,1780280967.6532416,5.4073333740234375,0.0073909759521484375,5.021095275878906,4.981,7864320,1.5788636819915678,480,chatcmpl-4e705330-6bef-43b5-a078-f42aa4d71bf9-ae69d2b6,"nixl_xfer_handle(0x5af9a3db7fa0, released=False)",decode,0,0,452715,5,d61968e8-e4aa-43a2-8ca8-85b623ffd1e5_dp0,0,nixl_start_time
1780280967.7389956,1780280967.7518075,12.812000000000001,1780280967.7518356,0.028133392333984375,137337700662,137337.700662,1780280967.7389956,12.840032577514648,0.0054836273193359375,4.545688629150391,4.507,25165824,1.9642385263815172,1536,chatcmpl-d7739b89-4590-44b5-96d5-74985b1292b7-8c05e233,"nixl_xfer_handle(0x5af9a3db7fa0, released=False)",decode,0,0,452715,16,d61968e8-e4aa-43a2-8ca8-85b623ffd1e5_dp1,0,nixl_start_time
1780280967.7636325,1780280967.7760875,12.455,1780280967.776113,0.025510787963867188,137337725299,137337.725299,1780280967.7636325,12.480497360229492,0.00476837158203125,3.7429332733154297,3.697,20447232,1.6416886391007626,1248,chatcmpl-a3c43a26-6a19-4a6a-8b42-00d3a37c63de-952efc2d,"nixl_xfer_handle(0x5af9a3db7fa0, released=False)",decode,0,0,452715,13,d61968e8-e4aa-43a2-8ca8-85b623ffd1e5_dp1,0,nixl_start_time
1780280967.8370986,1780280967.8749745,37.876,1780280967.874999,0.024557113647460938,137337798765,137337.798765,1780280967.8370986,37.900447845458984,0.005245208740234375,18.7528133392334,18.717,81788928,2.1593866300559723,4992,chatcmpl-d88d6e2d-8cf9-4f2e-ba19-13277ee5a064-bf9ec1f9,"nixl_xfer_handle(0x5af9a3db7fa0, released=False)",decode,0,0,452715,52,d61968e8-e4aa-43a2-8ca8-85b623ffd1e5_dp0,0,nixl_start_time
1780280967.8707626,1780280967.8831906,12.427999999999999,1780280967.8832178,0.027179718017578125,137337832429,137337.832429,1780280967.8707626,12.455224990844727,0.004291534423828125,3.807544708251953,3.788,26738688,2.151487608625684,1632,chatcmpl-86a401b3-51ef-4e86-b11a-b9ae154eaf12-8cf13107,"nixl_xfer_handle(0x5af9a3d7c6c0, released=False)",decode,0,0,452715,17,d61968e8-e4aa-43a2-8ca8-85b623ffd1e5_dp1,0,nixl_start_time
1780280967.9316306,1780280967.9322217,0.5910000000000001,1780280967.9326453,0.42366981506347656,137337893297,137337.893297,1780280967.9316306,1.01470947265625,0.004291534423828125,0.6084442138671875,0.591,1572864,2.66136040609137,48,chatcmpl-a62e8aee-9cae-42fa-9d44-3fae5055e4d8-a0f3e33f,"nixl_xfer_handle(0x5af9a3db7fa0, released=False)",decode,0,0,452715,1,d61968e8-e4aa-43a2-8ca8-85b623ffd1e5_dp0,0,nixl_start_time
1780280967.9317877,1780280967.9562247,24.437,1780280967.9562473,0.022649765014648438,137337893454,137337.893454,1780280967.9317877,24.4596004486084,0.0045299530029296875,8.798837661743164,8.779,50331648,2.059649220444408,3072,chatcmpl-be08fe81-4edb-4798-af3b-4073005a3a77-aa6e573c,"nixl_xfer_handle(0x5563599aa860, released=False)",decode,1,0,452712,32,d61968e8-e4aa-43a2-8ca8-85b623ffd1e5_dp0,0,nixl_start_time
1780280967.9806187,1780280967.9930208,12.402,1780280967.9930453,0.024557113647460938,137337942285,137337.942285,1780280967.9806187,12.426614761352539,0.0054836273193359375,3.474712371826172,3.441,18874368,1.5218809869375909,1152,chatcmpl-be819431-30a5-4ca4-945b-abd8e7e0064a-938ffeef,"nixl_xfer_handle(0x5af9a3db7fa0, released=False)",decode,0,0,452715,12,d61968e8-e4aa-43a2-8ca8-85b623ffd1e5_dp0,0,nixl_start_time
1780280968.0177407,1780280968.0419087,24.168,1780280968.0419345,0.02574920654296875,137337979407,137337.979407,1780280968.0177407,24.193763732910156,0.005245208740234375,4.628419876098633,4.604,40894464,1.6920913604766634,2496,chatcmpl-d9551328-b6ce-4f70-9b36-07f5e85f7269-a745fc78,"nixl_xfer_handle(0x5af9a3db7fa0, released=False)",decode,0,0,452715,26,d61968e8-e4aa-43a2-8ca8-85b623ffd1e5_dp1,0,nixl_start_time
1780280968.2481666,1780280968.2487655,0.599,1780280968.2491453,0.37980079650878906,137338209833,137338.209833,1780280968.2481666,0.9787082672119141,0.0045299530029296875,0.6232261657714844,0.599,1572864,2.625816360601002,48,chatcmpl-1b0cf003-5218-4355-9b26-aa0bae0258fe-978d064b,"nixl_xfer_handle(0x5af9a3d88420, released=False)",decode,0,0,452715,1,d61968e8-e4aa-43a2-8ca8-85b623ffd1e5_dp0,0,nixl_start_time
1780280968.3088727,1780280968.3208797,12.007,1780280968.3209107,0.030994415283203125,137338270539,137338.270539,1780280968.3088727,12.037992477416992,0.0054836273193359375,4.388332366943359,4.346,28311552,2.3579205463479638,1728,chatcmpl-0ebca902-9aa3-46e2-9f9d-77e9a19fe9cc-8ed3bfe1,"nixl_xfer_handle(0x5af9a3d88420, released=False)",decode,0,0,452715,18,d61968e8-e4aa-43a2-8ca8-85b623ffd1e5_dp1,0,nixl_start_time
1780280968.4065657,1780280968.4337447,27.179,1780280968.433767,0.022411346435546875,137338368232,137338.368232,1780280968.4065657,27.201414108276367,0.0059604644775390625,12.267112731933594,12.243,77070336,2.835657529710438,4704,chatcmpl-a863d1cb-7827-47e9-ae81-6734f41a79d2-995afc49,"nixl_xfer_handle(0x5563599aa860, released=False)",decode,1,0,452712,49,d61968e8-e4aa-43a2-8ca8-85b623ffd1e5_dp0,0,nixl_start_time
1780280968.4579766,1780280968.4701726,12.196,1780280968.4702024,0.029802322387695312,137338419643,137338.419643,1780280968.4579766,12.225866317749023,0.004291534423828125,3.345489501953125,3.311,18874368,1.5475867497540177,1152,chatcmpl-3380e12a-2817-4210-ade1-33813230d690-b861324d,"nixl_xfer_handle(0x5af9a3d88420, released=False)",decode,0,0,452715,12,d61968e8-e4aa-43a2-8ca8-85b623ffd1e5_dp0,0,nixl_start_time
1780280968.4698877,1780280968.4713907,1.503,1780280968.4716566,0.2658367156982422,137338431554,137338.431554,1780280968.4698877,1.7688274383544922,0.005245208740234375,1.5285015106201172,1.503,3145728,2.092966067864271,192,chatcmpl-b3aabdb4-5267-4944-8588-7ba5bba7a1d2-80e0772a,"nixl_xfer_handle(0x5563599aa860, released=False)",decode,1,0,452712,2,d61968e8-e4aa-43a2-8ca8-85b623ffd1e5_dp0,0,nixl_start_time
1780280968.5066895,1780280968.5310576,24.368000000000002,1780280968.5311043,0.04673004150390625,137338468356,137338.468356,1780280968.5066895,24.414777755737305,0.0050067901611328125,5.11479377746582,5.08,40894464,1.678203545633618,2496,chatcmpl-adaa6feb-67f1-490b-ba01-c1fb55736492-90bafaa4,"nixl_xfer_handle(0x5af9a3d88420, released=False)",decode,0,0,452715,26,d61968e8-e4aa-43a2-8ca8-85b623ffd1e5_dp1,0,nixl_start_time
1780280968.5911596,1780280968.6152785,24.119,1780280968.6153011,0.022649765014648438,137338552826,137338.552826,1780280968.5911596,24.141550064086914,0.004291534423828125,8.964776992797852,8.943,56623104,2.3476555412745137,3456,chatcmpl-db9a01f3-204b-46bf-b10b-4697e460a4d5-8c5787d3,"nixl_xfer_handle(0x5563599aa860, released=False)",decode,1,0,452712,36,d61968e8-e4aa-43a2-8ca8-85b623ffd1e5_dp0,0,nixl_start_time
1780280968.6035857,1780280968.6058128,2.227,1780280968.6061893,0.3764629364013672,137338565252,137338.565252,1780280968.6035857,2.6035308837890625,0.0040531158447265625,2.2475719451904297,2.227,3145728,1.4125406376290974,192,chatcmpl-6afca7b0-675e-49ed-885a-a2672f8a4939-b675b3b0,"nixl_xfer_handle(0x5af9a3d88420, released=False)",decode,0,0,452715,2,d61968e8-e4aa-43a2-8ca8-85b623ffd1e5_dp1,0,nixl_start_time
1780280968.6275346,1780280968.6279707,0.43600000000000005,1780280968.6282349,0.26416778564453125,137338589201,137338.589201,1780280968.6275346,0.7002353668212891,0.0030994415283203125,0.45609474182128906,0.436,1572864,3.60748623853211,48,chatcmpl-733724fd-3006-4068-bdca-b4c4c7757491-862cd03c,"nixl_xfer_handle(0x5563599aa860, released=False)",decode,1,0,452712,1,d61968e8-e4aa-43a2-8ca8-85b623ffd1e5_dp0,0,nixl_start_time
1780280968.6276226,1780280968.6319296,4.307,1780280968.6322908,0.3612041473388672,137338589289,137338.589289,1780280968.6276226,4.668235778808594,0.0050067901611328125,4.327297210693359,4.307,6291456,1.4607513350359878,384,chatcmpl-5b6f8319-32d5-453d-8018-a392756e4f76-b9953650,"nixl_xfer_handle(0x5af9a3d88420, released=False)",decode,0,0,452715,4,d61968e8-e4aa-43a2-8ca8-85b623ffd1e5_dp0,0,nixl_start_time
1780280968.7614956,1780280968.7999525,38.457,1780280968.8000033,0.05078315734863281,137338723162,137338.723162,1780280968.7614956,38.507699966430664,0.0059604644775390625,18.29218864440918,18.255,78643200,2.0449645058116857,4800,chatcmpl-d99bc060-f2ab-40a2-819d-80990ab95060-8acb6f9a,"nixl_xfer_handle(0x5af9a3d88420, released=False)",decode,0,0,452715,50,d61968e8-e4aa-43a2-8ca8-85b623ffd1e5_dp1,0,nixl_start_time
1780280968.7944257,1780280968.8066976,12.272,1780280968.8067467,0.049114227294921875,137338756092,137338.756092,1780280968.7944257,12.320995330810547,0.0057220458984375,5.278825759887695,5.259,18874368,1.5380026075619297,1152,chatcmpl-e00267a3-da4d-440b-85ae-818c08e3ac01-88e50543,"nixl_xfer_handle(0x5563599aa860, released=False)",decode,1,0,452712,12,d61968e8-e4aa-43a2-8ca8-85b623ffd1e5_dp0,0,nixl_start_time
1780280968.7945387,1780280968.8068557,12.317,1780280968.8068924,0.036716461181640625,137338756205,137338.756205,1780280968.7945387,12.353658676147461,0.0057220458984375,3.2393932342529297,3.22,17301504,1.4046849070390517,1056,chatcmpl-a27b2c41-e285-4dec-ac88-9f3e1d3a0037-a66e13a8,"nixl_xfer_handle(0x5af9a3dc06e0, released=False)",decode,0,0,452715,11,d61968e8-e4aa-43a2-8ca8-85b623ffd1e5_dp0,0,nixl_start_time
1780280968.7978606,1780280968.8069267,9.065999999999999,1780280968.8069406,0.013828277587890625,137338759527,137338.759527,1780280968.7978606,9.079933166503906,0.0021457672119140625,1.6987323760986328,1.683,3145728,0.34698080741230974,192,chatcmpl-d1fe81ba-df1b-444b-a99d-44be5852ca98-9162d7e1,"nixl_xfer_handle(0x5af9a38b5da0, released=False)",decode,0,0,452715,2,d61968e8-e4aa-43a2-8ca8-85b623ffd1e5_dp1,0,nixl_start_time
1780280968.8189557,1780280968.8311667,12.211,1780280968.8312266,0.05984306335449219,137338780622,137338.780622,1780280968.8189557,12.270927429199219,0.0057220458984375,7.755756378173828,7.735,31457280,2.576142822045697,1920,chatcmpl-47d8fa7d-db6a-4df8-b2f8-0d5b78bcd48c-ba3334a8,"nixl_xfer_handle(0x5563599aa860, released=False)",decode,1,0,452712,20,d61968e8-e4aa-43a2-8ca8-85b623ffd1e5_dp0,0,nixl_start_time
1780280968.9407046,1780280968.9646485,23.944,1780280968.9646902,0.04172325134277344,137338902371,137338.902371,1780280968.9407046,23.985624313354492,0.0057220458984375,6.011724472045898,5.977,62914560,2.627570998997661,3840,chatcmpl-3aefbdc7-40c5-4093-8764-5b8ba3d4b81e-8bef48b0,"nixl_xfer_handle(0x5af9a38b5da0, released=False)",decode,0,0,452715,40,d61968e8-e4aa-43a2-8ca8-85b623ffd1e5_dp1,0,nixl_start_time
1780280968.9521637,1780280968.9526126,0.449,1780280968.9528763,0.2636909484863281,137338913830,137338.91383,1780280968.9521637,0.7126331329345703,0.0040531158447265625,0.4680156707763672,0.449,1572864,3.503037861915367,48,chatcmpl-babad501-a043-42c3-9475-e9f9b396390a-aee588d3,"nixl_xfer_handle(0x5563599aa860, released=False)",decode,1,0,452712,1,d61968e8-e4aa-43a2-8ca8-85b623ffd1e5_dp0,0,nixl_start_time
1780280969.0371218,1780280969.0637128,26.591,1780280969.063726,0.013113021850585938,137338998788,137338.998788,1780280969.0371218,26.604175567626953,0.0059604644775390625,10.060548782348633,10.037,61341696,2.306859313301493,3744,chatcmpl-5f0ae872-e447-4f4b-8ee0-17abbded9c99-814ff453,"nixl_xfer_handle(0x5563599aa860, released=False)",decode,1,0,452712,39,d61968e8-e4aa-43a2-8ca8-85b623ffd1e5_dp1,0,nixl_start_time
1780280969.0509558,1780280969.0535288,2.5730000000000004,1780280969.0535698,0.04100799560546875,137339012622,137339.012622,1780280969.0509558,2.6140213012695312,0.0040531158447265625,2.2954940795898438,2.269,3145728,1.2225915273999222,192,chatcmpl-2ceffb33-6ba0-4ad8-83ea-93dfb53559b9-90ff2d1f,"nixl_xfer_handle(0x5af9a38b5da0, released=False)",decode,0,0,452715,2,d61968e8-e4aa-43a2-8ca8-85b623ffd1e5_dp0,0,nixl_start_time
1780280969.0619535,1780280969.0634484,1.495,1780280969.0637476,0.29921531677246094,137339023620,137339.02362,1780280969.0619535,1.7940998077392578,0.0050067901611328125,1.5163421630859375,1.495,3145728,2.104165886287625,192,chatcmpl-3e008e5b-b821-455a-90eb-5d18ce0ec3ab-b92173a9,"nixl_xfer_handle(0x556359980ce0, released=False)",decode,1,0,452712,2,d61968e8-e4aa-43a2-8ca8-85b623ffd1e5_dp1,0,nixl_start_time
1780280969.0990627,1780280969.1105907,11.528,1780280969.1106396,0.04887580871582031,137339060729,137339.060729,1780280969.0990627,11.57689094543457,0.0040531158447265625,0.8707046508789062,0.851,1572864,0.1364385843164469,48,chatcmpl-61c7cef3-1a4e-47fc-98cc-7253adecce3c-9fea4ebf,"nixl_xfer_handle(0x5af9a38b5da0, released=False)",decode,0,0,452715,1,d61968e8-e4aa-43a2-8ca8-85b623ffd1e5_dp1,0,nixl_start_time
1780280969.1346498,1780280969.1360826,1.433,1780280969.1363568,0.2741813659667969,137339096316,137339.096316,1780280969.1346498,1.7070770263671875,0.00476837158203125,1.4529228210449219,1.433,3145728,2.1952044661549195,192,chatcmpl-a4b2d9a6-5d2a-4664-9edd-d15b43ab4508-836a4e86,"nixl_xfer_handle(0x556359980ce0, released=False)",decode,1,0,452712,2,d61968e8-e4aa-43a2-8ca8-85b623ffd1e5_dp0,0,nixl_start_time
1780280969.2318027,1780280969.2560856,24.282999999999998,1780280969.2561128,0.027179718017578125,137339193469,137339.193469,1780280969.2318027,24.31011199951172,0.0050067901611328125,4.85992431640625,4.826,40894464,1.6840779145904543,2496,chatcmpl-7c6d09ca-8c39-449b-94df-ead347c0ae13-a50c276a,"nixl_xfer_handle(0x5af9a38b5da0, released=False)",decode,0,0,452715,26,d61968e8-e4aa-43a2-8ca8-85b623ffd1e5_dp1,0,nixl_start_time
1780280969.2681336,1780280969.2695837,1.45,1780280969.2698464,0.2627372741699219,137339229800,137339.2298,1780280969.2681336,1.712799072265625,0.0040531158447265625,1.4691352844238281,1.45,3145728,2.169467586206897,192,chatcmpl-e46a4d0f-699b-41a6-9382-79946db5c8f7-8bc90287,"nixl_xfer_handle(0x556359980ce0, released=False)",decode,1,0,452712,2,d61968e8-e4aa-43a2-8ca8-85b623ffd1e5_dp0,0,nixl_start_time
1780280969.3528128,1780280969.3771048,24.292,1780280969.3771589,0.05412101745605469,137339314479,137339.314479,1780280969.3528128,24.346113204956055,0.0057220458984375,9.451627731323242,9.429,56623104,2.3309362753169767,3456,chatcmpl-653f2e06-2a49-413e-800a-6ab7cb9bb428-bb49b0ad,"nixl_xfer_handle(0x556359980ce0, released=False)",decode,1,0,452712,36,d61968e8-e4aa-43a2-8ca8-85b623ffd1e5_dp1,0,nixl_start_time
1780280969.4253237,1780280969.4313037,5.98,1780280969.4315827,0.2789497375488281,137339386990,137339.38699,1780280969.4253237,6.258964538574219,0.006198883056640625,6.006717681884766,5.98,14155776,2.367186622073578,864,chatcmpl-d78654c6-21c3-4309-8ce2-b81e1d5b867b-afcfaa42,"nixl_xfer_handle(0x556359980ce0, released=False)",decode,1,0,452712,9,d61968e8-e4aa-43a2-8ca8-85b623ffd1e5_dp1,0,nixl_start_time
1780280969.4255435,1780280969.4562316,30.688,1780280969.4562643,0.03266334533691406,137339387210,137339.38721,1780280969.4255435,30.72071075439453,0.0057220458984375,5.004644393920898,4.971,53477376,1.7426152241918667,3264,chatcmpl-db5ed54d-12c4-42af-b231-55f89da9054b-abcc6ba6,"nixl_xfer_handle(0x5af9a3d927e0, released=False)",decode,0,0,452715,34,d61968e8-e4aa-43a2-8ca8-85b623ffd1e5_dp0,0,nixl_start_time
1780280969.4496477,1780280969.4618046,12.157,1780280969.4618514,0.04673004150390625,137339411314,137339.411314,1780280969.4496477,12.203693389892578,0.004291534423828125,4.643440246582031,4.624,17301504,1.423172164185243,1056,chatcmpl-db20de82-ac72-4001-83bf-dd4bdd4036cb-9fc0328a,"nixl_xfer_handle(0x556359980ce0, released=False)",decode,1,0,452712,11,d61968e8-e4aa-43a2-8ca8-85b623ffd1e5_dp0,0,nixl_start_time
1780280969.4496837,1780280969.4558556,6.172000000000001,1780280969.456287,0.43129920959472656,137339411350,137339.41135,1780280969.4496837,6.603240966796875,0.0045299530029296875,6.192684173583984,6.172,9437184,1.5290317563188593,576,chatcmpl-4d877db0-5c81-4f0b-9977-85972ef08983-aab51229,"nixl_xfer_handle(0x5af9a3dc06e0, released=False)",decode,0,0,452715,6,d61968e8-e4aa-43a2-8ca8-85b623ffd1e5_dp0,0,nixl_start_time
1780280969.4862747,1780280969.5105708,24.296000000000003,1780280969.5106053,0.03457069396972656,137339447941,137339.447941,1780280969.4862747,24.330615997314453,0.005245208740234375,4.831790924072266,4.798,47185920,1.9421270991109645,2880,chatcmpl-be06f578-b996-4035-ac0d-f195aa7afc0d-ada8b574,"nixl_xfer_handle(0x5af9a3d927e0, released=False)",decode,0,0,452715,30,d61968e8-e4aa-43a2-8ca8-85b623ffd1e5_dp0,0,nixl_start_time
1780280969.4980786,1780280969.5106347,12.556,1780280969.5106435,0.008821487426757812,137339459745,137339.459745,1780280969.4980786,12.564897537231445,0.0040531158447265625,1.6751289367675781,1.648,3145728,0.2505358394393119,192,chatcmpl-ffe299fb-cdb2-4788-bbb5-d848cd593c64-8add88a2,"nixl_xfer_handle(0x5af9a3e01ee0, released=False)",decode,0,0,452715,2,d61968e8-e4aa-43a2-8ca8-85b623ffd1e5_dp1,0,nixl_start_time
1780280969.5103996,1780280969.5220857,11.686,1780280969.5221076,0.02193450927734375,137339472066,137339.472066,1780280969.5103996,11.70802116394043,0.005245208740234375,5.309343338012695,5.289,18874368,1.615126476125278,1152,chatcmpl-6bad5f98-daed-4fc3-9917-d7b7c096f940-aff9d115,"nixl_xfer_handle(0x556359980ce0, released=False)",decode,1,0,452712,12,d61968e8-e4aa-43a2-8ca8-85b623ffd1e5_dp0,0,nixl_start_time
1780280969.5345547,1780280969.5384398,3.885,1780280969.5384805,0.04076957702636719,137339496221,137339.496221,1780280969.5345547,3.925800323486328,0.004291534423828125,3.5161972045898438,3.496,4718592,1.2145667953667953,288,chatcmpl-334807e7-f2a2-4af1-a1be-c2f5fd2d2bee-a1ee4d66,"nixl_xfer_handle(0x5af97a2b7920, released=False)",decode,0,0,452715,3,d61968e8-e4aa-43a2-8ca8-85b623ffd1e5_dp1,0,nixl_start_time
1780280969.5706596,1780280969.5776536,6.994,1780280969.5779462,0.2925395965576172,137339532326,137339.532326,1780280969.5706596,7.286548614501953,0.0045299530029296875,7.022619247436523,6.994,15728640,2.248876179582499,960,chatcmpl-27997201-bcfb-4fd2-95ec-2c070b1347ca-8f2e5bd6,"nixl_xfer_handle(0x556359980ce0, released=False)",decode,1,0,452712,10,d61968e8-e4aa-43a2-8ca8-85b623ffd1e5_dp0,0,nixl_start_time
1780280969.6064837,1780280969.6100688,3.585,1780280969.6103523,0.2834796905517578,137339568150,137339.56815,1780280969.6064837,3.868579864501953,0.0050067901611328125,3.6079883575439453,3.585,7864320,2.193673640167364,480,chatcmpl-06814fd2-43a2-4b1b-a798-b8a6f11bf30d-a287933f,"nixl_xfer_handle(0x556359980ce0, released=False)",decode,1,0,452712,5,d61968e8-e4aa-43a2-8ca8-85b623ffd1e5_dp0,0,nixl_start_time
1780280969.6184785,1780280969.6213305,2.852,1780280969.621356,0.025510787963867188,137339580145,137339.580145,1780280969.6184785,2.877473831176758,0.003814697265625,2.494335174560547,2.476,3145728,1.102990182328191,192,chatcmpl-6d555d2c-2393-4c46-9ba9-3fdfd081e96c-9aaba9f5,"nixl_xfer_handle(0x5af97a2b7920, released=False)",decode,0,0,452715,2,d61968e8-e4aa-43a2-8ca8-85b623ffd1e5_dp1,0,nixl_start_time
1780280969.6787946,1780280969.6816487,2.854,1780280969.6819005,0.25177001953125,137339640461,137339.640461,1780280969.6787946,3.1058788299560547,0.003814697265625,2.872943878173828,2.854,6291456,2.204434477925718,384,chatcmpl-a15e112c-ac60-44fe-be6d-8f6b5d22be53-b63641c2,"nixl_xfer_handle(0x556359980ce0, released=False)",decode,1,0,452712,4,d61968e8-e4aa-43a2-8ca8-85b623ffd1e5_dp0,0,nixl_start_time
1780280969.7267437,1780280969.7385876,11.844000000000001,1780280969.738627,0.03933906555175781,137339688410,137339.68841,1780280969.7267437,11.883258819580078,0.0057220458984375,7.012844085693359,6.993,25165824,2.124774062816616,1536,chatcmpl-7f924a64-d28a-4b24-a2e9-d731944cc459-aa935ca4,"nixl_xfer_handle(0x556359980ce0, released=False)",decode,1,0,452712,16,d61968e8-e4aa-43a2-8ca8-85b623ffd1e5_dp1,0,nixl_start_time
1780280969.7989166,1780280969.8107386,11.822,1780280969.8107572,0.018596649169921875,137339760583,137339.760583,1780280969.7989166,11.840581893920898,0.0054836273193359375,4.60362434387207,4.569,36175872,3.060046692607004,2208,chatcmpl-c65a9486-4526-42dd-81d0-8ddeadc1030a-83a9b731,"nixl_xfer_handle(0x5af97a2b7920, released=False)",decode,0,0,452715,23,d61968e8-e4aa-43a2-8ca8-85b623ffd1e5_dp0,0,nixl_start_time
1780280969.9435287,1780280969.9551947,11.665999999999999,1780280969.9552224,0.02765655517578125,137339905195,137339.905195,1780280969.9435287,11.693716049194336,0.0050067901611328125,3.2880306243896484,3.253,17301504,1.4830708040459457,1056,chatcmpl-3f176e04-8186-417e-86c8-0cc874871eac-9772a5c0,"nixl_xfer_handle(0x5af9a38b9520, released=False)",decode,0,0,452715,11,d61968e8-e4aa-43a2-8ca8-85b623ffd1e5_dp1,0,nixl_start_time
1780280970.0759037,1780280970.0781918,2.2880000000000003,1780280970.0785897,0.3979206085205078,137340037570,137340.03757,1780280970.0759037,2.686023712158203,0.0040531158447265625,2.3076534271240234,2.288,3145728,1.3748811188811187,192,chatcmpl-27989f90-4730-4437-8812-07920a30e9c4-a2253932,"nixl_xfer_handle(0x5af9a38b9520, released=False)",decode,0,0,452715,2,d61968e8-e4aa-43a2-8ca8-85b623ffd1e5_dp0,0,nixl_start_time
1780280970.0883186,1780280970.1008306,12.512,1780280970.10088,0.04935264587402344,137340049985,137340.049985,1780280970.0883186,12.561321258544922,0.0050067901611328125,6.253242492675781,6.234,20447232,1.6342097186700766,1248,chatcmpl-7b9db078-0e07-4b85-913c-e90cf74c61ed-bbf132d5,"nixl_xfer_handle(0x556359980ce0, released=False)",decode,1,0,452712,13,d61968e8-e4aa-43a2-8ca8-85b623ffd1e5_dp1,0,nixl_start_time
1780280970.1124387,1780280970.1130567,0.618,1780280970.1134722,0.41556358337402344,137340074105,137340.074105,1780280970.1124387,1.0335445404052734,0.0035762786865234375,0.637054443359375,0.618,1572864,2.545087378640777,48,chatcmpl-e7790a6d-d450-4520-8b10-9280a2e688a7-8ee88e32,"nixl_xfer_handle(0x5af9a38b9520, released=False)",decode,0,0,452715,1,d61968e8-e4aa-43a2-8ca8-85b623ffd1e5_dp0,0,nixl_start_time
1780280970.1724567,1780280970.1968527,24.396,1780280970.1968732,0.020503997802734375,137340134123,137340.134123,1780280970.1724567,24.416446685791016,0.0057220458984375,9.789466857910156,9.767,50331648,2.063110673880964,3072,chatcmpl-b4839d5e-2c7a-498f-81d2-1bf7d90545ae-8e8fe93f,"nixl_xfer_handle(0x556359980ce0, released=False)",decode,1,0,452712,32,d61968e8-e4aa-43a2-8ca8-85b623ffd1e5_dp1,0,nixl_start_time
1780280970.2205837,1780280970.2327077,12.123999999999999,1780280970.2327302,0.022411346435546875,137340182250,137340.18225,1780280970.2205837,12.146472930908203,0.005245208740234375,3.5355091094970703,3.513,18874368,1.5567773012207193,1152,chatcmpl-c705233a-365f-4bdd-bb5e-eaf6c200a53c-bc81c9a8,"nixl_xfer_handle(0x556359980ce0, released=False)",decode,1,0,452712,12,d61968e8-e4aa-43a2-8ca8-85b623ffd1e5_dp0,0,nixl_start_time
1780280970.3886776,1780280970.4125926,23.915,1780280970.4126248,0.03218650817871094,137340350344,137340.350344,1780280970.3886776,23.94723892211914,0.00476837158203125,5.388736724853516,5.355,53477376,2.2361436755174577,3264,chatcmpl-0420158e-e9ad-44d3-8a03-0ac7f615e782-a2029f1d,"nixl_xfer_handle(0x5af9a38b9520, released=False)",decode,0,0,452715,34,d61968e8-e4aa-43a2-8ca8-85b623ffd1e5_dp1,0,nixl_start_time
1780280970.5560427,1780280970.5581546,2.112,1780280970.5584335,0.2789497375488281,137340517709,137340.517709,1780280970.5560427,2.3908615112304688,0.0050067901611328125,2.132892608642578,2.112,4718592,2.234181818181818,288,chatcmpl-4971e03a-af09-473d-9ca0-8369ada5be96-ac72d04c,"nixl_xfer_handle(0x556359980ce0, released=False)",decode,1,0,452712,3,d61968e8-e4aa-43a2-8ca8-85b623ffd1e5_dp0,0,nixl_start_time
1780280970.5930746,1780280970.6169186,23.844,1780280970.616959,0.040531158447265625,137340554741,137340.554741,1780280970.5930746,23.88453483581543,0.0059604644775390625,4.886627197265625,4.852,47185920,1.978943130347257,2880,chatcmpl-fb730c24-2761-4f4a-b3ff-db8df04f8fc2-9286b7d4,"nixl_xfer_handle(0x5af9a38b9520, released=False)",decode,0,0,452715,30,d61968e8-e4aa-43a2-8ca8-85b623ffd1e5_dp1,0,nixl_start_time
1780280970.6047637,1780280970.6169899,12.226,1780280970.6170218,0.031948089599609375,137340566430,137340.56643,1780280970.6047637,12.258052825927734,0.0040531158447265625,1.745462417602539,1.725,3145728,0.2572982169147718,192,chatcmpl-50f743f8-224e-4f7a-929d-bf0febc7f673-87258558,"nixl_xfer_handle(0x5af9a3dc06a0, released=False)",decode,0,0,452715,2,d61968e8-e4aa-43a2-8ca8-85b623ffd1e5_dp0,0,nixl_start_time
1780280970.6047637,1780280970.6168017,12.038,1780280970.6168218,0.02002716064453125,137340566430,137340.56643,1780280970.6047637,12.058019638061523,0.00476837158203125,3.3402442932128906,3.322,17301504,1.4372407376640637,1056,chatcmpl-33ba292b-0e75-41e3-a016-a69bfd7833c5-84485db0,"nixl_xfer_handle(0x556359980ce0, released=False)",decode,1,0,452712,11,d61968e8-e4aa-43a2-8ca8-85b623ffd1e5_dp0,0,nixl_start_time
1780280970.6888957,1780280970.7132058,24.31,1780280970.7132397,0.033855438232421875,137340650562,137340.650562,1780280970.6888957,24.34396743774414,0.0059604644775390625,9.812116622924805,9.789,64487424,2.652711805841218,3936,chatcmpl-9e486e2b-cd43-4542-95ff-57a2c7ad3aeb-99548525,"nixl_xfer_handle(0x556359980ce0, released=False)",decode,1,0,452712,41,d61968e8-e4aa-43a2-8ca8-85b623ffd1e5_dp1,0,nixl_start_time
1780280970.7615736,1780280970.7854536,23.88,1780280970.7854786,0.025033950805664062,137340723240,137340.72324,1780280970.7615736,23.905038833618164,0.0054836273193359375,5.153179168701172,5.119,51904512,2.1735557788944724,3168,chatcmpl-7c09da55-b76d-4cd1-a239-36e9d67884d8-a95219f5,"nixl_xfer_handle(0x5af9a3dc06a0, released=False)",decode,0,0,452715,33,d61968e8-e4aa-43a2-8ca8-85b623ffd1e5_dp1,0,nixl_start_time
1780280970.7852826,1780280970.7972915,12.009,1780280970.7973099,0.018358230590820312,137340746949,137340.746949,1780280970.7852826,12.027263641357422,0.005245208740234375,4.079580307006836,4.051,20447232,1.7026590057456905,1248,chatcmpl-3cf3dcbb-a612-4bc7-8c87-5b1225d777cf-bdd4cd51,"nixl_xfer_handle(0x556359980ce0, released=False)",decode,1,0,452712,13,d61968e8-e4aa-43a2-8ca8-85b623ffd1e5_dp1,0,nixl_start_time
1780280970.8584497,1780280970.8910747,32.625,1780280970.8911273,0.05269050598144531,137340820116,137340.820116,1780280970.8584497,32.677650451660156,0.006198883056640625,14.01519775390625,13.978,77070336,2.362309149425287,4704,chatcmpl-03d122cf-71a2-41d3-a073-aa18ba6671db-bfd95a4b,"nixl_xfer_handle(0x5af9a3dc06a0, released=False)",decode,0,0,452715,49,d61968e8-e4aa-43a2-8ca8-85b623ffd1e5_dp0,0,nixl_start_time
1780280970.8874037,1780280970.8888288,1.425,1780280970.8906085,1.779794692993164,137340849070,137340.84907,1780280970.8874037,3.204822540283203,0.00476837158203125,1.4452934265136719,1.425,3145728,2.2075284210526314,192,chatcmpl-420354f5-3e9b-4563-b5cf-d551aa09e479-becbe297,"nixl_xfer_handle(0x556359980ce0, released=False)",decode,1,0,452712,2,d61968e8-e4aa-43a2-8ca8-85b623ffd1e5_dp1,0,nixl_start_time
1780280970.8874187,1780280970.8907197,3.301,1780280970.891155,0.4353523254394531,137340849085,137340.849085,1780280970.8874187,3.736257553100586,0.004291534423828125,3.320455551147461,3.301,6291456,1.905924265374129,384,chatcmpl-c8d16a01-94fe-4278-97b9-bf944b306380-baf9c2d7,"nixl_xfer_handle(0x5af9a3d98ea0, released=False)",decode,0,0,452715,4,d61968e8-e4aa-43a2-8ca8-85b623ffd1e5_dp1,0,nixl_start_time
1780280970.8889117,1780280970.8903568,1.445,1780280970.8906243,0.2675056457519531,137340850578,137340.850578,1780280970.8889117,1.7125606536865234,0.00286102294921875,1.4562606811523438,1.445,3145728,2.176974394463668,192,chatcmpl-ec7f2a16-9504-4101-aa2b-03c26e39eade-b7dbdf2d,"nixl_xfer_handle(0x5563599aa860, released=False)",decode,1,0,452712,2,d61968e8-e4aa-43a2-8ca8-85b623ffd1e5_dp0,0,nixl_start_time
1780280970.9122705,1780280970.9238906,11.620000000000001,1780280970.9239287,0.03814697265625,137340873937,137340.873937,1780280970.9122705,11.658191680908203,0.005245208740234375,4.0378570556640625,4.015,29884416,2.571808605851979,1824,chatcmpl-d19cfc43-e4b6-48f2-9531-d36b0b47337f-ba2ab0fa,"nixl_xfer_handle(0x5af9a3dc06a0, released=False)",decode,0,0,452715,19,d61968e8-e4aa-43a2-8ca8-85b623ffd1e5_dp0,0,nixl_start_time
1780280970.9358397,1780280970.9372938,1.454,1780280970.9375641,0.2703666687011719,137340897506,137340.897506,1780280970.9358397,1.7244815826416016,0.0035762786865234375,1.4753341674804688,1.454,3145728,2.1634993122420907,192,chatcmpl-1735c647-9f77-4c0f-a384-a49dfc9f15e6-a6007899,"nixl_xfer_handle(0x5563599aa860, released=False)",decode,1,0,452712,2,d61968e8-e4aa-43a2-8ca8-85b623ffd1e5_dp1,0,nixl_start_time
1780280971.0331087,1780280971.0675776,34.469,1780280971.0675912,0.013589859008789062,137340994775,137340.994775,1780280971.0331087,34.482479095458984,0.0057220458984375,15.93160629272461,15.888,70778880,2.0534068293249006,4320,chatcmpl-f2902ca0-9b73-445d-bf00-678872825ef6-a17e895a,"nixl_xfer_handle(0x5af9a3dc06a0, released=False)",decode,0,0,452715,45,d61968e8-e4aa-43a2-8ca8-85b623ffd1e5_dp0,0,nixl_start_time
1780280971.0525777,1780280971.0539887,1.411,1780280971.0542498,0.26106834411621094,137341014244,137341.014244,1780280971.0525777,1.6720294952392578,0.004291534423828125,1.4312267303466797,1.411,3145728,2.2294316087880937,192,chatcmpl-97c61bc9-be3e-4c9d-acb4-2b763064dc3a-8001a8e3,"nixl_xfer_handle(0x5563599aa860, released=False)",decode,1,0,452712,2,d61968e8-e4aa-43a2-8ca8-85b623ffd1e5_dp1,0,nixl_start_time
1780280971.0635316,1780280971.0649037,1.3719999999999999,1780280971.0651608,0.2570152282714844,137341025198,137341.025198,1780280971.0635316,1.6291141510009766,0.0045299530029296875,1.3921260833740234,1.372,3145728,2.292804664723032,192,chatcmpl-3d0c78e9-74fd-463b-a55a-7eb5d1d47ff1-999e1ae0,"nixl_xfer_handle(0x5563599aa860, released=False)",decode,1,0,452712,2,d61968e8-e4aa-43a2-8ca8-85b623ffd1e5_dp0,0,nixl_start_time
1780280971.0636277,1780280971.0760107,12.383,1780280971.0760572,0.04649162292480469,137341025294,137341.025294,1780280971.0636277,12.429475784301758,0.0054836273193359375,3.539562225341797,3.52,22020096,1.7782521198417185,1344,chatcmpl-830d63e4-648e-4684-b7ae-bcf500ecda32-97cb68fa,"nixl_xfer_handle(0x5af9a3e67420, released=False)",decode,0,0,452715,14,d61968e8-e4aa-43a2-8ca8-85b623ffd1e5_dp0,0,nixl_start_time
1780280971.2696166,1780280971.2710526,1.436,1780280971.2713134,0.2608299255371094,137341231283,137341.231283,1780280971.2696166,1.6968250274658203,0.0045299530029296875,1.4569759368896484,1.436,3145728,2.190618384401114,192,chatcmpl-12f524e1-561d-4ba8-ab2e-3266bd9e1223-ad57110e,"nixl_xfer_handle(0x5563599aa860, released=False)",decode,1,0,452712,2,d61968e8-e4aa-43a2-8ca8-85b623ffd1e5_dp0,0,nixl_start_time
1780280971.2934105,1780280971.2955625,2.1519999999999997,1780280971.2958372,0.274658203125,137341255077,137341.255077,1780280971.2934105,2.426624298095703,0.0040531158447265625,2.174854278564453,2.152,4718592,2.192654275092937,288,chatcmpl-f5659b94-177a-4106-8072-5e0585756068-ae6577bb,"nixl_xfer_handle(0x5563599aa860, released=False)",decode,1,0,452712,3,d61968e8-e4aa-43a2-8ca8-85b623ffd1e5_dp1,0,nixl_start_time
1780280971.5120018,1780280971.5555458,43.544,1780280971.5555933,0.04744529724121094,137341473668,137341.473668,1780280971.5120018,43.59149932861328,0.0050067901611328125,21.710872650146484,21.675,92798976,2.131154142935881,5664,chatcmpl-6a54f910-171d-4d5e-8e5f-713d6afbe4c6-aa2498d1,"nixl_xfer_handle(0x5af9a3dc06a0, released=False)",decode,0,0,452715,59,d61968e8-e4aa-43a2-8ca8-85b623ffd1e5_dp0,0,nixl_start_time
1780280971.5373065,1780280971.5387754,1.469,1780280971.5390298,0.2543926239013672,137341498973,137341.498973,1780280971.5373065,1.7232894897460938,0.00476837158203125,1.4886856079101562,1.469,3145728,2.141407760381212,192,chatcmpl-a7e364dc-9caf-4b48-8b9a-5ced9a2b313e-8a4d45ef,"nixl_xfer_handle(0x5563599aa860, released=False)",decode,1,0,452712,2,d61968e8-e4aa-43a2-8ca8-85b623ffd1e5_dp1,0,nixl_start_time
1780280971.5480037,1780280971.5550807,7.077,1780280971.5556219,0.5412101745605469,137341509670,137341.50967,1780280971.5480037,7.618188858032227,0.004291534423828125,7.124900817871094,7.077,14155776,2.0002509537939805,864,chatcmpl-c3762b19-5309-448f-b0c6-8b3189f15d09-b5c3e327,"nixl_xfer_handle(0x5af9a38b9520, released=False)",decode,0,0,452715,9,d61968e8-e4aa-43a2-8ca8-85b623ffd1e5_dp0,0,nixl_start_time
1780280971.6206527,1780280971.6332057,12.552999999999999,1780280971.63324,0.034332275390625,137341582319,137341.582319,1780280971.6206527,12.587308883666992,0.0045299530029296875,9.072303771972656,9.05,33030144,2.6312549988050664,2016,chatcmpl-7611d797-3547-433e-9f4e-16a38c7a6e65-b83dbd3b,"nixl_xfer_handle(0x5563599aa860, released=False)",decode,1,0,452712,21,d61968e8-e4aa-43a2-8ca8-85b623ffd1e5_dp1,0,nixl_start_time
1780280971.6570427,1780280971.6576557,0.6130000000000001,1780280971.658011,0.3552436828613281,137341618709,137341.618709,1780280971.6570427,0.9682178497314453,0.005245208740234375,0.6363391876220703,0.613,1572864,2.5658466557911908,48,chatcmpl-6b6c68bc-5b63-4cbb-b000-3fd16c63697d-b7225220,"nixl_xfer_handle(0x5af9a38b9520, released=False)",decode,0,0,452715,1,d61968e8-e4aa-43a2-8ca8-85b623ffd1e5_dp0,0,nixl_start_time
1780280971.7412345,1780280971.7521055,10.871,1780280971.7521217,0.01621246337890625,137341702901,137341.702901,1780280971.7412345,10.88714599609375,0.003814697265625,5.8135986328125,5.789,7864320,0.723421948302824,480,chatcmpl-1bf7c1ee-1b1c-4564-935e-0c4fe47c78c2-a97d4182,"nixl_xfer_handle(0x5af9a38b9520, released=False)",decode,0,0,452715,5,d61968e8-e4aa-43a2-8ca8-85b623ffd1e5_dp1,0,nixl_start_time
1780280971.7472947,1780280971.7672386,19.944,1780280971.7672782,0.039577484130859375,137341708961,137341.708961,1780280971.7472947,19.983530044555664,0.0030994415283203125,4.426240921020508,4.41,45613056,2.2870565583634175,2784,chatcmpl-0bda4166-8525-4b5c-8845-886b91b61f96-bca44ea3,"nixl_xfer_handle(0x5af9a3dc06a0, released=False)",decode,0,0,452715,29,d61968e8-e4aa-43a2-8ca8-85b623ffd1e5_dp0,0,nixl_start_time
1780280971.7789516,1780280971.7824225,3.471,1780280971.7826958,0.2732276916503906,137341740618,137341.740618,1780280971.7789516,3.7441253662109375,0.00476837158203125,3.496408462524414,3.471,7864320,2.2657216940363005,480,chatcmpl-ce9d2287-5f9b-4856-a123-1fbdbd8ef8f9-ad07e4db,"nixl_xfer_handle(0x5563599aa860, released=False)",decode,1,0,452712,5,d61968e8-e4aa-43a2-8ca8-85b623ffd1e5_dp0,0,nixl_start_time
1780280971.7908328,1780280971.7922947,1.462,1780280971.7925618,0.26702880859375,137341752499,137341.752499,1780280971.7908328,1.7290115356445312,0.0054836273193359375,1.4832019805908203,1.462,3145728,2.1516607387140905,192,chatcmpl-fab575cd-80e4-4c88-aee7-dc7a263e35f0-9f868ff0,"nixl_xfer_handle(0x5563599aa860, released=False)",decode,1,0,452712,2,d61968e8-e4aa-43a2-8ca8-85b623ffd1e5_dp0,0,nixl_start_time
1780280971.8150988,1780280971.8393748,24.276,1780280971.8393955,0.020742416381835938,137341776765,137341.776765,1780280971.8150988,24.29676055908203,0.0057220458984375,6.662130355834961,6.642,37748736,1.5549817103311914,2304,chatcmpl-1650fdcf-2615-43c2-9c3d-f343318f7bc6-99424860,"nixl_xfer_handle(0x5563599aa860, released=False)",decode,1,0,452712,24,d61968e8-e4aa-43a2-8ca8-85b623ffd1e5_dp1,0,nixl_start_time
1780280971.8271687,1780280971.8298926,2.7239999999999998,1780280971.8299048,0.012159347534179688,137341788835,137341.788835,1780280971.8271687,2.7360916137695312,0.005245208740234375,2.3097991943359375,2.289,3145728,1.154819383259912,192,chatcmpl-0defa277-7734-4206-88c1-84067b66e669-921c83e7,"nixl_xfer_handle(0x5af97a2b4f60, released=False)",decode,0,0,452715,2,d61968e8-e4aa-43a2-8ca8-85b623ffd1e5_dp0,0,nixl_start_time
1780280971.8516066,1780280971.8530767,1.47,1780280971.8533313,0.25463104248046875,137341813273,137341.813273,1780280971.8516066,1.7247200012207031,0.004291534423828125,1.4891624450683594,1.47,3145728,2.139951020408163,192,chatcmpl-3a2e0755-008c-42a0-a62d-e3fc15e754f2-97d6f5c9,"nixl_xfer_handle(0x5563599aa860, released=False)",decode,1,0,452712,2,d61968e8-e4aa-43a2-8ca8-85b623ffd1e5_dp1,0,nixl_start_time
1780280971.8637977,1780280971.8759346,12.137,1780280971.87596,0.025510787963867188,137341825464,137341.825464,1780280971.8637977,12.162446975708008,0.0050067901611328125,5.497455596923828,5.473,7864320,0.6479624289363104,480,chatcmpl-9b8ce220-3974-43ea-9948-35acfc3a597b-a314a4f5,"nixl_xfer_handle(0x5af97a2b4f60, released=False)",decode,0,0,452715,5,d61968e8-e4aa-43a2-8ca8-85b623ffd1e5_dp0,0,nixl_start_time
1780280971.8756356,1780280971.8760567,0.421,1780280971.8763227,0.26607513427734375,137341837302,137341.837302,1780280971.8756356,0.6871223449707031,0.00476837158203125,0.4429817199707031,0.421,1572864,3.736019002375297,48,chatcmpl-2e087d90-b6ce-4d2c-867b-07ee93365631-acc0af40,"nixl_xfer_handle(0x5563599aa860, released=False)",decode,1,0,452712,1,d61968e8-e4aa-43a2-8ca8-85b623ffd1e5_dp1,0,nixl_start_time
1780280972.0928597,1780280972.0957437,2.884,1780280972.095759,0.0152587890625,137342054526,137342.054526,1780280972.0928597,2.899169921875,0.005245208740234375,2.3610591888427734,2.337,3145728,1.09075173370319,192,chatcmpl-12dc0825-f5bc-47c5-85f0-8182fc9630c4-b00d8b65,"nixl_xfer_handle(0x5af97a2b4f60, released=False)",decode,0,0,452715,2,d61968e8-e4aa-43a2-8ca8-85b623ffd1e5_dp0,0,nixl_start_time
1780280972.1895437,1780280972.1910298,1.486,1780280972.1912894,0.25963783264160156,137342151210,137342.15121,1780280972.1895437,1.7457008361816406,0.005245208740234375,1.5056133270263672,1.486,3145728,2.1169098250336473,192,chatcmpl-292f974b-5c59-421c-912d-81fbb8c90f63-985e4f5a,"nixl_xfer_handle(0x5563599aa860, released=False)",decode,1,0,452712,2,d61968e8-e4aa-43a2-8ca8-85b623ffd1e5_dp1,0,nixl_start_time
1780280972.2983227,1780280972.3224566,24.134,1780280972.3224936,0.03695487976074219,137342259989,137342.259989,1780280972.2983227,24.170875549316406,0.0045299530029296875,5.2280426025390625,5.208,56623104,2.3461964034142704,3456,chatcmpl-9358d313-ca59-4438-bf74-4b1659fb05d3-80a219ac,"nixl_xfer_handle(0x5af97a2b4f60, released=False)",decode,0,0,452715,36,d61968e8-e4aa-43a2-8ca8-85b623ffd1e5_dp0,0,nixl_start_time
1780280972.3222866,1780280972.3264296,4.143,1780280972.3267045,0.27489662170410156,137342283953,137342.283953,1780280972.3222866,4.417896270751953,0.00476837158203125,4.166364669799805,4.143,9437184,2.277862418537292,576,chatcmpl-403f5e67-a538-472e-8f97-ee8ae41b70c3-8278accd,"nixl_xfer_handle(0x5563599aa860, released=False)",decode,1,0,452712,6,d61968e8-e4aa-43a2-8ca8-85b623ffd1e5_dp0,0,nixl_start_time
1780280972.3707898,1780280972.3737738,2.984,1780280972.3737884,0.014543533325195312,137342332456,137342.332456,1780280972.3707898,2.9985904693603516,0.0040531158447265625,2.4368762969970703,2.413,3145728,1.0541983914209114,192,chatcmpl-f62b6923-d884-4c1e-8565-f9370feb2525-83354930,"nixl_xfer_handle(0x5af97a2b4f60, released=False)",decode,0,0,452715,2,d61968e8-e4aa-43a2-8ca8-85b623ffd1e5_dp1,0,nixl_start_time
1780280972.4441366,1780280972.4555116,11.375,1780280972.4555302,0.018596649169921875,137342405803,137342.405803,1780280972.4441366,11.393547058105469,0.004291534423828125,3.715038299560547,3.694,23592960,2.074106373626374,1440,chatcmpl-44e7d961-36c9-468d-b247-2c6431e48400-82d792ad,"nixl_xfer_handle(0x5563599aa860, released=False)",decode,1,0,452712,15,d61968e8-e4aa-43a2-8ca8-85b623ffd1e5_dp0,0,nixl_start_time
1780280972.4672477,1780280972.4691138,1.866,1780280972.4694686,0.354766845703125,137342428914,137342.428914,1780280972.4672477,2.2208690643310547,0.00476837158203125,1.8854141235351562,1.866,3145728,1.685813504823151,192,chatcmpl-f370b486-1a01-46b4-ae81-3e95471e20c6-a8b29cdc,"nixl_xfer_handle(0x5af97a2b4f60, released=False)",decode,0,0,452715,2,d61968e8-e4aa-43a2-8ca8-85b623ffd1e5_dp1,0,nixl_start_time
1780280972.5635676,1780280972.5922205,28.653000000000002,1780280972.5922368,0.01621246337890625,137342525234,137342.525234,1780280972.5635676,28.669118881225586,0.00667572021484375,12.141704559326172,12.119,66060288,2.3055277981363207,4032,chatcmpl-c9e9fed6-82fc-472d-a7e5-3069b0199a0b-ad3049ca,"nixl_xfer_handle(0x5563599aa860, released=False)",decode,1,0,452712,42,d61968e8-e4aa-43a2-8ca8-85b623ffd1e5_dp1,0,nixl_start_time
1780280972.5793025,1780280972.5799415,0.639,1780280972.5802956,0.3540515899658203,137342540969,137342.540969,1780280972.5793025,0.9930133819580078,0.0040531158447265625,0.6587505340576172,0.639,1572864,2.4614460093896713,48,chatcmpl-16153569-3d0d-4cab-8cea-53044a41b365-a2c67223,"nixl_xfer_handle(0x5af97a2b4f60, released=False)",decode,0,0,452715,1,d61968e8-e4aa-43a2-8ca8-85b623ffd1e5_dp0,0,nixl_start_time
1780280972.5904768,1780280972.5919588,1.482,1780280972.5922568,0.2980232238769531,137342552143,137342.552143,1780280972.5904768,1.7800331115722656,0.004291534423828125,1.50299072265625,1.482,3145728,2.1226234817813765,192,chatcmpl-c128481e-6163-4f6e-91ff-b2c14f895c78-b20d018f,"nixl_xfer_handle(0x556359980ce0, released=False)",decode,1,0,452712,2,d61968e8-e4aa-43a2-8ca8-85b623ffd1e5_dp0,0,nixl_start_time
1780280972.6146407,1780280972.6268587,12.218,1780280972.6268878,0.029087066650390625,137342576307,137342.576307,1780280972.6146407,12.247085571289062,0.0045299530029296875,3.720521926879883,3.687,23592960,1.9310001636929122,1440,chatcmpl-3fc14526-0061-407f-944e-7089ec8c82f8-8699e3fb,"nixl_xfer_handle(0x5af97a2b4f60, released=False)",decode,0,0,452715,15,d61968e8-e4aa-43a2-8ca8-85b623ffd1e5_dp1,0,nixl_start_time
1780280972.6386046,1780280972.6400537,1.449,1780280972.6403146,0.2608299255371094,137342600271,137342.600271,1780280972.6386046,1.7099380493164062,0.00476837158203125,1.4691352844238281,1.449,3145728,2.1709648033126294,192,chatcmpl-d396a176-0ff2-41bf-9d0d-f3d756884096-83cf738d,"nixl_xfer_handle(0x556359980ce0, released=False)",decode,1,0,452712,2,d61968e8-e4aa-43a2-8ca8-85b623ffd1e5_dp0,0,nixl_start_time
1780280972.7481017,1780280972.7495856,1.484,1780280972.7498426,0.2570152282714844,137342709768,137342.709768,1780280972.7481017,1.7409324645996094,0.005245208740234375,1.5039443969726562,1.484,3145728,2.1197628032345013,192,chatcmpl-35e6edee-c9f0-4e15-9358-4bef2b823655-ac79f927,"nixl_xfer_handle(0x556359980ce0, released=False)",decode,1,0,452712,2,d61968e8-e4aa-43a2-8ca8-85b623ffd1e5_dp1,0,nixl_start_time
1780280972.8209567,1780280972.8223977,1.441,1780280972.8226595,0.2617835998535156,137342782623,137342.782623,1780280972.8209567,1.7027854919433594,0.00476837158203125,1.4605522155761719,1.441,3145728,2.1830173490631504,192,chatcmpl-16eed8e5-a79b-4611-8ee2-2b31dbf5722d-bd23b474,"nixl_xfer_handle(0x556359980ce0, released=False)",decode,1,0,452712,2,d61968e8-e4aa-43a2-8ca8-85b623ffd1e5_dp0,0,nixl_start_time
1780280972.8697507,1780280972.8725848,2.834,1780280972.8728473,0.2624988555908203,137342831417,137342.831417,1780280972.8697507,3.0965805053710938,0.004291534423828125,2.8553009033203125,2.834,6291456,2.2199915314043754,384,chatcmpl-1c9862cd-a436-404e-a435-e5c8c87d7a36-8e62a7be,"nixl_xfer_handle(0x556359980ce0, released=False)",decode,1,0,452712,4,d61968e8-e4aa-43a2-8ca8-85b623ffd1e5_dp1,0,nixl_start_time
1780280972.8698246,1780280972.8727286,2.904,1780280972.8727498,0.021219253540039062,137342831491,137342.831491,1780280972.8698246,2.9251575469970703,0.003337860107421875,2.4023056030273438,2.379,3145728,1.0832396694214876,192,chatcmpl-4ec65a6d-0740-4ed9-864a-a4c7adcefe5f-9136f31f,"nixl_xfer_handle(0x5af9a4192120, released=False)",decode,0,0,452715,2,d61968e8-e4aa-43a2-8ca8-85b623ffd1e5_dp0,0,nixl_start_time
1780280972.9063256,1780280972.9186096,12.283999999999999,1780280972.9186282,0.018596649169921875,137342867992,137342.867992,1780280972.9063256,12.302637100219727,0.0054836273193359375,4.646539688110352,4.612,37748736,3.0730003256268317,2304,chatcmpl-2bba5bb6-4fea-4aae-bb06-86aee1afbaeb-9789235f,"nixl_xfer_handle(0x5af9a4192120, released=False)",decode,0,0,452715,24,d61968e8-e4aa-43a2-8ca8-85b623ffd1e5_dp0,0,nixl_start_time
1780280972.9427845,1780280972.9456515,2.867,1780280972.9459126,0.26106834411621094,137342904451,137342.904451,1780280972.9427845,3.1280517578125,0.00476837158203125,2.8879642486572266,2.867,6291456,2.1944387861876526,384,chatcmpl-2f16ca4d-eff9-4ec7-9226-a03e5f0a45c7-be2cb818,"nixl_xfer_handle(0x556359980ce0, released=False)",decode,1,0,452712,4,d61968e8-e4aa-43a2-8ca8-85b623ffd1e5_dp1,0,nixl_start_time
1780280973.0277157,1780280973.0554166,27.701,1780280973.0554507,0.03409385681152344,137342989382,137342.989382,1780280973.0277157,27.734994888305664,0.0054836273193359375,12.463569641113281,12.44,78643200,2.8390022020865673,4800,chatcmpl-ebcface1-42b5-43e3-813c-05b5b262206a-bce09798,"nixl_xfer_handle(0x556359980ce0, released=False)",decode,1,0,452712,50,d61968e8-e4aa-43a2-8ca8-85b623ffd1e5_dp0,0,nixl_start_time
1780280973.0547397,1780280973.0551558,0.416,1780280973.05547,0.3142356872558594,137343016406,137343.016406,1780280973.0547397,0.7302761077880859,0.005245208740234375,0.43320655822753906,0.416,1572864,3.7809230769230773,48,chatcmpl-f7d9844e-63e1-4d0c-82c0-051c75e22732-beac50ee,"nixl_xfer_handle(0x5563599aa860, released=False)",decode,1,0,452712,1,d61968e8-e4aa-43a2-8ca8-85b623ffd1e5_dp0,0,nixl_start_time
1780280973.1643877,1780280973.1993217,34.934,1780280973.199361,0.03933906555175781,137343126054,137343.126054,1780280973.1643877,34.9733829498291,0.00667572021484375,20.380258560180664,20.336,88080384,2.521336921051125,5376,chatcmpl-05936076-7c65-4676-a577-d9bea0431513-98479cab,"nixl_xfer_handle(0x5af9a4192120, released=False)",decode,0,0,452715,56,d61968e8-e4aa-43a2-8ca8-85b623ffd1e5_dp1,0,nixl_start_time
1780280973.1991076,1780280973.2017937,2.686,1780280973.202052,0.25844573974609375,137343160774,137343.160774,1780280973.1991076,2.944469451904297,0.0040531158447265625,2.7065277099609375,2.686,6291456,2.3423142218912885,384,chatcmpl-9ec7b4c4-7820-4c42-9a36-b3bec02acb2a-b197a047,"nixl_xfer_handle(0x5563599aa860, released=False)",decode,1,0,452712,4,d61968e8-e4aa-43a2-8ca8-85b623ffd1e5_dp0,0,nixl_start_time
1780280973.4045637,1780280973.4060316,1.468,1780280973.4062903,0.2586841583251953,137343366230,137343.36623,1780280973.4045637,1.7266273498535156,0.005245208740234375,1.4882087707519531,1.468,3145728,2.142866485013624,192,chatcmpl-5bda67ff-6a96-45ae-8eff-db2be6ff33b0-b6e0c050,"nixl_xfer_handle(0x5563599aa860, released=False)",decode,1,0,452712,2,d61968e8-e4aa-43a2-8ca8-85b623ffd1e5_dp0,0,nixl_start_time
1780280973.4411216,1780280973.4469755,5.854,1780280973.4473605,0.38504600524902344,137343402788,137343.402788,1780280973.4411216,6.2389373779296875,0.004291534423828125,5.874156951904297,5.854,7864320,1.343409634437991,480,chatcmpl-ca331cee-c7f9-46fc-b648-9e88aadb6868-989babc7,"nixl_xfer_handle(0x5af9a4192120, released=False)",decode,0,0,452715,5,d61968e8-e4aa-43a2-8ca8-85b623ffd1e5_dp1,0,nixl_start_time
1780280973.4892647,1780280973.4927788,3.5140000000000002,1780280973.493041,0.26226043701171875,137343450931,137343.450931,1780280973.4892647,3.7763118743896484,0.005245208740234375,3.5355091094970703,3.514,7864320,2.237996585088218,480,chatcmpl-ea9feb94-fbc7-47d8-b0e6-ac44434a6cd3-b7d317a9,"nixl_xfer_handle(0x5563599aa860, released=False)",decode,1,0,452712,5,d61968e8-e4aa-43a2-8ca8-85b623ffd1e5_dp0,0,nixl_start_time
1780280973.5139866,1780280973.5195765,5.590000000000001,1780280973.5198705,0.29397010803222656,137343475653,137343.475653,1780280973.5139866,5.883932113647461,0.0050067901611328125,5.612373352050781,5.59,12582912,2.250968157423971,768,chatcmpl-b175515a-50eb-4c8c-8aaf-ee8e49da5967-96339e14,"nixl_xfer_handle(0x5563599aa860, released=False)",decode,1,0,452712,8,d61968e8-e4aa-43a2-8ca8-85b623ffd1e5_dp1,0,nixl_start_time
1780280973.5261326,1780280973.5385935,12.461,1780280973.5386205,0.026941299438476562,137343487799,137343.487799,1780280973.5261326,12.48788833618164,0.0050067901611328125,3.815889358520508,3.781,25165824,2.0195669689431024,1536,chatcmpl-e94584da-4175-4f80-aa91-e0334fe57e7c-b86af0ac,"nixl_xfer_handle(0x5af9a4192120, released=False)",decode,0,0,452715,16,d61968e8-e4aa-43a2-8ca8-85b623ffd1e5_dp0,0,nixl_start_time
1780280973.5383177,1780280973.5398157,1.498,1780280973.5400782,0.2624988555908203,137343499984,137343.499984,1780280973.5383177,1.7604827880859375,0.00476837158203125,1.5208721160888672,1.498,3145728,2.099951935914553,192,chatcmpl-d2875f38-aee1-4eab-88aa-69ae4a6f4992-bedd0297,"nixl_xfer_handle(0x5563599aa860, released=False)",decode,1,0,452712,2,d61968e8-e4aa-43a2-8ca8-85b623ffd1e5_dp1,0,nixl_start_time
1780280973.6963975,1780280973.7089465,12.549,1780280973.7089663,0.019788742065429688,137343658064,137343.658064,1780280973.6963975,12.56871223449707,0.0059604644775390625,6.597757339477539,6.577,23592960,1.8800669376045902,1440,chatcmpl-3600ba8f-c36f-4eb5-a63a-a36c10a12d8c-a978c597,"nixl_xfer_handle(0x5563599aa860, released=False)",decode,1,0,452712,15,d61968e8-e4aa-43a2-8ca8-85b623ffd1e5_dp0,0,nixl_start_time
1780280973.7089067,1780280973.7171187,8.212,1780280973.717132,0.0133514404296875,137343670573,137343.670573,1780280973.7089067,8.225440979003906,0.0054836273193359375,7.849693298339844,7.828,11010048,1.3407267413541157,672,chatcmpl-fceee7fa-e890-48ef-b7e9-685d1fc2c0e4-a34910f2,"nixl_xfer_handle(0x5af9a38116c0, released=False)",decode,0,0,452715,7,d61968e8-e4aa-43a2-8ca8-85b623ffd1e5_dp1,0,nixl_start_time
1780280973.7334006,1780280973.7349045,1.504,1780280973.7351654,0.2608299255371094,137343695067,137343.695067,1780280973.7334006,1.7647743225097656,0.00476837158203125,1.5263557434082031,1.504,3145728,2.0915744680851067,192,chatcmpl-f10489f9-6659-4580-bf80-7f853db19f79-a79c3ab2,"nixl_xfer_handle(0x5563599aa860, released=False)",decode,1,0,452712,2,d61968e8-e4aa-43a2-8ca8-85b623ffd1e5_dp0,0,nixl_start_time
1780280973.7453206,1780280973.7471685,1.848,1780280973.7475524,0.3838539123535156,137343706987,137343.706987,1780280973.7453206,2.2318363189697266,0.0040531158447265625,1.8680095672607422,1.848,3145728,1.7022337662337663,192,chatcmpl-eb421faf-3fa1-40f2-9a5f-30e87c8e5ad1-a392ce24,"nixl_xfer_handle(0x5af9a38116c0, released=False)",decode,0,0,452715,2,d61968e8-e4aa-43a2-8ca8-85b623ffd1e5_dp1,0,nixl_start_time
1780280973.7577016,1780280973.7591295,1.428,1780280973.7593977,0.2682209014892578,137343719368,137343.719368,1780280973.7577016,1.6961097717285156,0.004291534423828125,1.447439193725586,1.428,3145728,2.2028907563025206,192,chatcmpl-16793e52-5993-457d-a6e7-19a2f64a9d4f-bbe783ba,"nixl_xfer_handle(0x5563599aa860, released=False)",decode,1,0,452712,2,d61968e8-e4aa-43a2-8ca8-85b623ffd1e5_dp0,0,nixl_start_time
1780280973.7700746,1780280973.7718966,1.822,1780280973.7722967,0.4000663757324219,137343731741,137343.731741,1780280973.7700746,2.2220611572265625,0.0050067901611328125,1.8420219421386719,1.822,3145728,1.7265246981339188,192,chatcmpl-ccefb51a-8f78-4baa-920b-e2ad50c00bad-82303b2d,"nixl_xfer_handle(0x5af9a38116c0, released=False)",decode,0,0,452715,2,d61968e8-e4aa-43a2-8ca8-85b623ffd1e5_dp1,0,nixl_start_time
1780280973.7945356,1780280973.8191407,24.604999999999997,1780280973.819176,0.03528594970703125,137343756202,137343.756202,1780280973.7945356,24.640321731567383,0.00476837158203125,5.148172378540039,5.128,36175872,1.4702650680755944,2208,chatcmpl-530576a8-71f2-4c9d-851b-327f135e29a9-9508cff2,"nixl_xfer_handle(0x5563599aa860, released=False)",decode,1,0,452712,23,d61968e8-e4aa-43a2-8ca8-85b623ffd1e5_dp0,0,nixl_start_time
1780280973.9429417,1780280973.9675148,24.573,1780280973.9675422,0.027418136596679688,137343904608,137343.904608,1780280973.9429417,24.600505828857422,0.00476837158203125,4.81104850769043,4.791,42467328,1.7282109632523501,2592,chatcmpl-ab58ee0c-9134-45cc-bf56-e53a9970128c-8e9c2a36,"nixl_xfer_handle(0x5af9a38116c0, released=False)",decode,0,0,452715,27,d61968e8-e4aa-43a2-8ca8-85b623ffd1e5_dp1,0,nixl_start_time
1780280973.9673066,1780280973.9694235,2.117,1780280973.969682,0.25844573974609375,137343928973,137343.928973,1780280973.9673066,2.375364303588867,0.0045299530029296875,2.1381378173828125,2.117,4718592,2.228905054322154,288,chatcmpl-0b4b64b5-b6de-4ee0-b73a-64e5d4de1cfe-a2927746,"nixl_xfer_handle(0x5563599aa860, released=False)",decode,1,0,452712,3,d61968e8-e4aa-43a2-8ca8-85b623ffd1e5_dp0,0,nixl_start_time
1780280973.9922607,1780280973.9994926,7.231999999999999,1780280973.9998424,0.3497600555419922,137343953927,137343.953927,1780280973.9922607,7.5817108154296875,0.0050067901611328125,7.254838943481445,7.232,9437184,1.304920353982301,576,chatcmpl-8b8e58a1-01fc-4fa7-957e-ca9cc3070e83-a24d2b62,"nixl_xfer_handle(0x5af9a38116c0, released=False)",decode,0,0,452715,6,d61968e8-e4aa-43a2-8ca8-85b623ffd1e5_dp1,0,nixl_start_time
1780280974.0665157,1780280974.0686326,2.117,1780280974.0688906,0.2579689025878906,137344028182,137344.028182,1780280974.0665157,2.374887466430664,0.0045299530029296875,2.1369457244873047,2.117,4718592,2.228905054322154,288,chatcmpl-347e2d30-2ac9-41e0-9104-146e5b8c22d6-8b3a5dff,"nixl_xfer_handle(0x5563599aa860, released=False)",decode,1,0,452712,3,d61968e8-e4aa-43a2-8ca8-85b623ffd1e5_dp1,0,nixl_start_time
1780280974.1287477,1780280974.1408956,12.148000000000001,1780280974.1409245,0.028848648071289062,137344090414,137344.090414,1780280974.1287477,12.176752090454102,0.0057220458984375,6.354331970214844,6.334,25165824,2.0716022390516957,1536,chatcmpl-c2d04575-977d-4f26-b11f-fb91849e1d07-a2d9df77,"nixl_xfer_handle(0x5563599aa860, released=False)",decode,1,0,452712,16,d61968e8-e4aa-43a2-8ca8-85b623ffd1e5_dp0,0,nixl_start_time
1780280974.1658206,1780280974.1714847,5.664,1780280974.1718507,0.36597251892089844,137344127487,137344.127487,1780280974.1658206,6.030082702636719,0.005245208740234375,5.692958831787109,5.664,7864320,1.3884745762711865,480,chatcmpl-af076c28-7953-4e94-a9fb-f0e961059418-977ac516,"nixl_xfer_handle(0x5af9a38116c0, released=False)",decode,0,0,452715,5,d61968e8-e4aa-43a2-8ca8-85b623ffd1e5_dp1,0,nixl_start_time
1780280974.2032115,1780280974.2154975,12.286,1780280974.2155805,0.08296966552734375,137344164878,137344.164878,1780280974.2032115,12.368917465209961,0.00476837158203125,2.3946762084960938,2.374,3145728,0.25604167344945467,192,chatcmpl-2bb86a70-3555-4fc3-ad1b-ad52c11ca9ff-bf1f1540,"nixl_xfer_handle(0x5af9a38116c0, released=False)",decode,0,0,452715,2,d61968e8-e4aa-43a2-8ca8-85b623ffd1e5_dp0,0,nixl_start_time
1780280974.2280326,1780280974.2408307,12.798,1780280974.2408504,0.019788742065429688,137344189699,137344.189699,1780280974.2280326,12.817859649658203,0.0054836273193359375,3.1850337982177734,3.166,17301504,1.351891233005157,1056,chatcmpl-184ba257-1963-4006-a276-eab6ad3cd9f3-8c632432,"nixl_xfer_handle(0x5af9a38116c0, released=False)",decode,0,0,452715,11,d61968e8-e4aa-43a2-8ca8-85b623ffd1e5_dp1,0,nixl_start_time
1780280974.3766418,1780280974.4027407,26.099,1780280974.4027932,0.05245208740234375,137344338308,137344.338308,1780280974.3766418,26.151418685913086,0.005245208740234375,10.929584503173828,10.907,50331648,1.92848952067129,3072,chatcmpl-152251fd-50b6-4d30-9a20-2aa7da39e4ed-a0458b73,"nixl_xfer_handle(0x5563599aa860, released=False)",decode,1,0,452712,32,d61968e8-e4aa-43a2-8ca8-85b623ffd1e5_dp0,0,nixl_start_time
1780280974.4154975,1780280974.4277794,12.282,1780280974.4278185,0.03910064697265625,137344377164,137344.377164,1780280974.4154975,12.320995330810547,0.00476837158203125,3.2358169555664062,3.214,4718592,0.38418759159745974,288,chatcmpl-e59779e3-e0bd-48f2-9173-0f6971773212-a7129e22,"nixl_xfer_handle(0x5af9a3d32ec0, released=False)",decode,0,0,452715,3,d61968e8-e4aa-43a2-8ca8-85b623ffd1e5_dp0,0,nixl_start_time
1780280974.4643908,1780280974.4665349,2.144,1780280974.4668016,0.26679039001464844,137344426057,137344.426057,1780280974.4643908,2.410888671875,0.005245208740234375,2.166271209716797,2.144,4718592,2.2008358208955223,288,chatcmpl-64b737fd-12c3-490b-be26-d68022041938-a42b0320,"nixl_xfer_handle(0x5563599aa860, released=False)",decode,1,0,452712,3,d61968e8-e4aa-43a2-8ca8-85b623ffd1e5_dp1,0,nixl_start_time
1780280974.4889956,1780280974.4917085,2.713,1780280974.49176,0.0514984130859375,137344450662,137344.450662,1780280974.4889956,2.764463424682617,0.0035762786865234375,2.3572444915771484,2.328,3145728,1.1595016586804276,192,chatcmpl-e00b1649-7f5a-4288-9c88-be39e8d06fd2-89bed739,"nixl_xfer_handle(0x5af9a38116c0, released=False)",decode,0,0,452715,2,d61968e8-e4aa-43a2-8ca8-85b623ffd1e5_dp0,0,nixl_start_time
1780280974.5014596,1780280974.5077777,6.318,1780280974.5081513,0.37360191345214844,137344463126,137344.463126,1780280974.5014596,6.691694259643555,0.004291534423828125,6.3381195068359375,6.318,9437184,1.4936980056980056,576,chatcmpl-4f95c200-f479-4760-bab2-33311b6234d8-b713d411,"nixl_xfer_handle(0x5af9a38116c0, released=False)",decode,0,0,452715,6,d61968e8-e4aa-43a2-8ca8-85b623ffd1e5_dp0,0,nixl_start_time
1780280974.5502067,1780280974.5529675,2.761,1780280974.55323,0.2624988555908203,137344511873,137344.511873,1780280974.5502067,3.023386001586914,0.00476837158203125,2.783536911010742,2.761,6291456,2.2786874320898223,384,chatcmpl-4fd6ff17-6182-42df-9f22-3b7e5b29e25e-9bb89bd3,"nixl_xfer_handle(0x5563599aa860, released=False)",decode,1,0,452712,4,d61968e8-e4aa-43a2-8ca8-85b623ffd1e5_dp1,0,nixl_start_time
1780280974.5625157,1780280974.5655198,3.004,1780280974.5658948,0.3750324249267578,137344524182,137344.524182,1780280974.5625157,3.3791065216064453,0.00476837158203125,3.0241012573242188,3.004,4718592,1.5707696404793607,288,chatcmpl-db43a760-5a51-4aec-bf29-241b7b223a9f-a721dc84,"nixl_xfer_handle(0x5af9a38116c0, released=False)",decode,0,0,452715,3,d61968e8-e4aa-43a2-8ca8-85b623ffd1e5_dp0,0,nixl_start_time
1780280974.6618125,1780280974.6861656,24.352999999999998,1780280974.6861906,0.025033950805664062,137344623479,137344.623479,1780280974.6618125,24.378061294555664,0.006198883056640625,5.089521408081055,5.048,55050240,2.2605116412762287,3360,chatcmpl-b5f52ce7-4e04-46da-8fd5-3955c071b5e7-b2e9a261,"nixl_xfer_handle(0x5af9a38116c0, released=False)",decode,0,0,452715,35,d61968e8-e4aa-43a2-8ca8-85b623ffd1e5_dp0,0,nixl_start_time
1780280974.6672156,1780280974.6970487,29.833,1780280974.6970742,0.025510787963867188,137344628882,137344.628882,1780280974.6672156,29.85858917236328,0.0045299530029296875,14.751911163330078,14.717,31457280,1.0544457479971845,1920,chatcmpl-9dd51180-2511-4ec2-87da-8da7acda4202-bb792431,"nixl_xfer_handle(0x5af9a38b9520, released=False)",decode,0,0,452715,20,d61968e8-e4aa-43a2-8ca8-85b623ffd1e5_dp1,0,nixl_start_time
1780280974.7346857,1780280974.7464397,11.754000000000001,1780280974.7464767,0.03695487976074219,137344696352,137344.696352,1780280974.7346857,11.790990829467773,0.005245208740234375,4.381895065307617,4.363,33030144,2.810119448698315,2016,chatcmpl-d00042fd-12da-4c4a-8d9a-bae32fccef58-b8e43be7,"nixl_xfer_handle(0x5af9a3d77160, released=False)",decode,0,0,452715,21,d61968e8-e4aa-43a2-8ca8-85b623ffd1e5_dp0,0,nixl_start_time
1780280974.7591608,1780280974.7841856,25.025,1780280974.7842364,0.05078315734863281,137344720827,137344.720827,1780280974.7591608,25.075674057006836,0.005245208740234375,4.90260124206543,4.868,50331648,2.0112546653346657,3072,chatcmpl-fde0d716-19df-4055-8dd4-12d72a2c2636-9f4d0a74,"nixl_xfer_handle(0x5af9a41dcb40, released=False)",decode,0,0,452715,32,d61968e8-e4aa-43a2-8ca8-85b623ffd1e5_dp1,0,nixl_start_time
1780280974.8335426,1780280974.8600256,26.483,1780280974.8600502,0.024557113647460938,137344795209,137344.795209,1780280974.8335426,26.50761604309082,0.006198883056640625,11.190414428710938,11.166,62914560,2.375658346864026,3840,chatcmpl-2882dec3-1691-49ce-832c-265901802d05-bd79a15e,"nixl_xfer_handle(0x5563599aa860, released=False)",decode,1,0,452712,40,d61968e8-e4aa-43a2-8ca8-85b623ffd1e5_dp0,0,nixl_start_time
1780280974.8484876,1780280974.8725846,24.097,1780280974.8726315,0.04696846008300781,137344810154,137344.810154,1780280974.8484876,24.14393424987793,0.0059604644775390625,4.969358444213867,4.945,42467328,1.7623491720961115,2592,chatcmpl-adf088b8-8bf4-4a03-a1ff-488e02892888-9e2cd1be,"nixl_xfer_handle(0x5af995067ac0, released=False)",decode,0,0,452715,27,d61968e8-e4aa-43a2-8ca8-85b623ffd1e5_dp1,0,nixl_start_time
1780280974.8720326,1780280974.8734927,1.46,1780280974.873761,0.2682209014892578,137344833699,137344.833699,1780280974.8720326,1.7282962799072266,0.0054836273193359375,1.483917236328125,1.46,3145728,2.1546082191780824,192,chatcmpl-b1a70132-b29c-4704-967b-16077ebef7d3-9aa68d04,"nixl_xfer_handle(0x5563599aa860, released=False)",decode,1,0,452712,2,d61968e8-e4aa-43a2-8ca8-85b623ffd1e5_dp0,0,nixl_start_time
1780280974.9347456,1780280974.9473126,12.567,1780280974.9473598,0.047206878662109375,137344896412,137344.896412,1780280974.9347456,12.614250183105469,0.004291534423828125,4.343986511230469,4.303,36175872,2.8786402482692766,2208,chatcmpl-d7e5456e-aca6-4675-a490-02ae4a986eff-b828bab5,"nixl_xfer_handle(0x5af99a32c940, released=False)",decode,0,0,452715,23,d61968e8-e4aa-43a2-8ca8-85b623ffd1e5_dp1,0,nixl_start_time
1780280974.9392645,1780280974.9596834,20.419,1780280974.9597087,0.025272369384765625,137344900931,137344.900931,1780280974.9392645,20.444154739379883,0.003814697265625,1.5974044799804688,1.578,3145728,0.15405886674176014,192,chatcmpl-70183e89-fb13-4b70-b027-000f66c42818-8b89248b,"nixl_xfer_handle(0x5af9a3813be0, released=False)",decode,0,0,452715,2,d61968e8-e4aa-43a2-8ca8-85b623ffd1e5_dp0,0,nixl_start_time
1780280974.9469836,1780280974.9491386,2.155,1780280974.9494128,0.2741813659667969,137344908650,137344.90865,1780280974.9469836,2.4292469024658203,0.0050067901611328125,2.177715301513672,2.155,4718592,2.189601856148492,288,chatcmpl-f7697dd0-9521-4336-9d13-edf1f251259e-883b46eb,"nixl_xfer_handle(0x5563599aa860, released=False)",decode,1,0,452712,3,d61968e8-e4aa-43a2-8ca8-85b623ffd1e5_dp1,0,nixl_start_time
1780280975.0214746,1780280975.0469067,25.432,1780280975.046959,0.05221366882324219,137344983141,137344.983141,1780280975.0214746,25.484323501586914,0.006198883056640625,10.496139526367188,10.473,69206016,2.7212179930795846,4224,chatcmpl-515d90f8-43c3-4b68-b018-8c605d74ea69-93a70dff,"nixl_xfer_handle(0x5563599aa860, released=False)",decode,1,0,452712,44,d61968e8-e4aa-43a2-8ca8-85b623ffd1e5_dp0,0,nixl_start_time
1780280975.0468457,1780280975.0475376,0.6920000000000001,1780280975.047903,0.3654956817626953,137345008512,137345.008512,1780280975.0468457,1.0573863983154297,0.005245208740234375,0.7121562957763672,0.692,1572864,2.272924855491329,48,chatcmpl-935af08e-7e92-4da0-a610-f840c338154b-b5689fea,"nixl_xfer_handle(0x5af9a41dcb40, released=False)",decode,0,0,452715,1,d61968e8-e4aa-43a2-8ca8-85b623ffd1e5_dp0,0,nixl_start_time
1780280975.1090357,1780280975.1112447,2.209,1780280975.1116378,0.39315223693847656,137345070702,137345.070702,1780280975.1090357,2.602100372314453,0.0035762786865234375,2.228260040283203,2.209,3145728,1.4240507016749662,192,chatcmpl-9eb1a5be-698e-493d-9759-77dc32488485-8b3f761b,"nixl_xfer_handle(0x5af9a41dcb40, released=False)",decode,0,0,452715,2,d61968e8-e4aa-43a2-8ca8-85b623ffd1e5_dp1,0,nixl_start_time
1780280975.1465356,1780280975.1591926,12.657,1780280975.1592443,0.05173683166503906,137345108202,137345.108202,1780280975.1465356,12.708663940429688,0.0059604644775390625,3.863096237182617,3.828,28311552,2.2368295804693057,1728,chatcmpl-4a410fdf-4754-4ed6-b393-f687ffc8c842-8d7e43b9,"nixl_xfer_handle(0x5af9a41dcb40, released=False)",decode,0,0,452715,18,d61968e8-e4aa-43a2-8ca8-85b623ffd1e5_dp0,0,nixl_start_time
1780280975.1589327,1780280975.1593726,0.44,1780280975.159633,0.26035308837890625,137345120599,137345.120599,1780280975.1589327,0.7002353668212891,0.00476837158203125,0.4620552062988281,0.44,1572864,3.574690909090909,48,chatcmpl-e9bbe3c0-51b2-4629-b5ba-f91562b1ee95-894b09fa,"nixl_xfer_handle(0x5563599aa860, released=False)",decode,1,0,452712,1,d61968e8-e4aa-43a2-8ca8-85b623ffd1e5_dp1,0,nixl_start_time
1780280975.2090178,1780280975.2105398,1.522,1780280975.2108016,0.2617835998535156,137345170684,137345.170684,1780280975.2090178,1.7838478088378906,0.004291534423828125,1.5420913696289062,1.522,3145728,2.066838370565046,192,chatcmpl-96350019-8977-495a-a6c7-b87bfe90cdea-8042ab8d,"nixl_xfer_handle(0x5563599aa860, released=False)",decode,1,0,452712,2,d61968e8-e4aa-43a2-8ca8-85b623ffd1e5_dp0,0,nixl_start_time
1780280975.2339387,1780280975.2360168,2.078,1780280975.2364037,0.38695335388183594,137345195605,137345.195605,1780280975.2339387,2.4650096893310547,0.0035762786865234375,2.0966529846191406,2.078,3145728,1.513824831568816,192,chatcmpl-45b0df15-6dca-454c-89fe-e8b3b174f444-91378973,"nixl_xfer_handle(0x5af97a2c1380, released=False)",decode,0,0,452715,2,d61968e8-e4aa-43a2-8ca8-85b623ffd1e5_dp1,0,nixl_start_time
1780280975.2590866,1780280975.2712617,12.175,1780280975.2713013,0.039577484130859375,137345220753,137345.220753,1780280975.2590866,12.21466064453125,0.0045299530029296875,5.504131317138672,5.484,29884416,2.4545721560574947,1824,chatcmpl-f6d58f89-195f-4bce-9136-474d12af8dfd-b5565555,"nixl_xfer_handle(0x5563599aa860, released=False)",decode,1,0,452712,19,d61968e8-e4aa-43a2-8ca8-85b623ffd1e5_dp0,0,nixl_start_time
1780280975.2713006,1780280975.2842956,12.995,1780280975.2843287,0.03314018249511719,137345232967,137345.232967,1780280975.2713006,13.028144836425781,0.00476837158203125,4.45556640625,4.436,39321600,3.0259022701038862,2400,chatcmpl-250fa5a5-cc77-4db9-bea9-9293953d291c-bca19436,"nixl_xfer_handle(0x5af97a2c1380, released=False)",decode,0,0,452715,25,d61968e8-e4aa-43a2-8ca8-85b623ffd1e5_dp1,0,nixl_start_time
1780280975.3955407,1780280975.4211488,25.608,1780280975.4211788,0.030040740966796875,137345357207,137345.357207,1780280975.3955407,25.638103485107422,0.0059604644775390625,10.305643081665039,10.282,64487424,2.518253045923149,3936,chatcmpl-e03483f3-8702-4698-8797-35239101f451-9fa48658,"nixl_xfer_handle(0x556356e1e4c0, released=False)",decode,1,0,452712,41,d61968e8-e4aa-43a2-8ca8-85b623ffd1e5_dp1,0,nixl_start_time
1780280975.4095676,1780280975.4106405,1.073,1780280975.4106934,0.052928924560546875,137345371234,137345.371234,1780280975.4095676,1.1258125305175781,0.00762939453125,0.690460205078125,0.652,1572864,1.4658564771668219,48,chatcmpl-c32db54e-f33b-4fa9-87ae-9bac7d69f24a-bdd1c9c8,"nixl_xfer_handle(0x5af9a379d9b0, released=False)",decode,0,0,452715,1,d61968e8-e4aa-43a2-8ca8-85b623ffd1e5_dp0,0,nixl_start_time
1780280975.5450087,1780280975.5723867,27.378,1780280975.5724323,0.04553794860839844,137345506675,137345.506675,1780280975.5450087,27.423620223999023,0.0059604644775390625,12.200593948364258,12.163,80216064,2.929946088099934,4896,chatcmpl-2572dd21-115d-462a-85a4-ab1266a89b4e-9a19731b,"nixl_xfer_handle(0x5af9a379d9b0, released=False)",decode,0,0,452715,51,d61968e8-e4aa-43a2-8ca8-85b623ffd1e5_dp0,0,nixl_start_time
1780280975.5612476,1780280975.5628097,1.562,1780280975.5630794,0.2696514129638672,137345522914,137345.522914,1780280975.5612476,1.8317699432373047,0.0050067901611328125,1.5850067138671875,1.562,3145728,2.013910371318822,192,chatcmpl-f56ac5f7-5ea0-4884-973c-40a97ac2fd7d-bb79706c,"nixl_xfer_handle(0x556356e1e4c0, released=False)",decode,1,0,452712,2,d61968e8-e4aa-43a2-8ca8-85b623ffd1e5_dp0,0,nixl_start_time
1780280975.5848866,1780280975.5890925,4.2059999999999995,1780280975.589473,0.38051605224609375,137345546553,137345.546553,1780280975.5848866,4.586458206176758,0.004291534423828125,4.230260848999023,4.206,6291456,1.4958288159771755,384,chatcmpl-b8a9f34d-3fff-40a1-a42a-b0d169f854e6-a85e378f,"nixl_xfer_handle(0x5af9a3deae60, released=False)",decode,0,0,452715,4,d61968e8-e4aa-43a2-8ca8-85b623ffd1e5_dp1,0,nixl_start_time
1780280975.7086747,1780280975.7329338,24.259,1780280975.7329543,0.020503997802734375,137345670341,137345.670341,1780280975.7086747,24.27959442138672,0.0054836273193359375,9.460687637329102,9.437,53477376,2.204434477925718,3264,chatcmpl-8b66f1ea-ba49-4740-a010-68391701d564-ba180066,"nixl_xfer_handle(0x556356e1e4c0, released=False)",decode,1,0,452712,34,d61968e8-e4aa-43a2-8ca8-85b623ffd1e5_dp0,0,nixl_start_time
1780280975.7216046,1780280975.7255197,3.915,1780280975.7258978,0.3781318664550781,137345683271,137345.683271,1780280975.7216046,4.293203353881836,0.004291534423828125,3.9370059967041016,3.915,6291456,1.6070130268199234,384,chatcmpl-8e7378e4-3250-49e4-b72d-50de46b4b9b0-834cca83,"nixl_xfer_handle(0x5af9a3deae60, released=False)",decode,0,0,452715,4,d61968e8-e4aa-43a2-8ca8-85b623ffd1e5_dp0,0,nixl_start_time
1780280975.8065357,1780280975.8118827,5.347,1780280975.812273,0.3902912139892578,137345768202,137345.768202,1780280975.8065357,5.7373046875,0.004291534423828125,5.36656379699707,5.347,7864320,1.470791097811857,480,chatcmpl-c351f3f2-ca84-4307-b048-95763170f72b-bf4926c8,"nixl_xfer_handle(0x5af9a3deae60, released=False)",decode,0,0,452715,5,d61968e8-e4aa-43a2-8ca8-85b623ffd1e5_dp1,0,nixl_start_time
1780280975.9154637,1780280975.9179926,2.529,1780280975.9183855,0.392913818359375,137345877130,137345.87713,1780280975.9154637,2.9218196868896484,0.003814697265625,2.5479793548583984,2.529,3145728,1.2438623962040332,192,chatcmpl-6dd7c239-ab3f-4971-b9cc-09d2bc839b0d-adce2046,"nixl_xfer_handle(0x5af9a3deae60, released=False)",decode,0,0,452715,2,d61968e8-e4aa-43a2-8ca8-85b623ffd1e5_dp0,0,nixl_start_time
1780280975.9523907,1780280975.9646287,12.238000000000001,1780280975.9646728,0.04410743713378906,137345914057,137345.914057,1780280975.9523907,12.282133102416992,0.0059604644775390625,8.243560791015625,8.223,33030144,2.6989821866318024,2016,chatcmpl-97f0294a-6fda-46b6-80a8-2e5039bd5afb-99b32ee6,"nixl_xfer_handle(0x556359a168b0, released=False)",decode,1,0,452712,21,d61968e8-e4aa-43a2-8ca8-85b623ffd1e5_dp1,0,nixl_start_time
1780280975.9776096,1780280975.9860277,8.418,1780280975.9864209,0.39315223693847656,137345939276,137345.939276,1780280975.9776096,8.811235427856445,0.00476837158203125,8.443832397460938,8.418,12582912,1.4947626514611547,768,chatcmpl-83a7b049-18cd-4d80-9124-7ff03f9c9f6b-b1e842bf,"nixl_xfer_handle(0x5af9a3deae60, released=False)",decode,0,0,452715,8,d61968e8-e4aa-43a2-8ca8-85b623ffd1e5_dp0,0,nixl_start_time
1780280975.9897976,1780280975.9912376,1.4400000000000002,1780280975.9915144,0.27680397033691406,137345951464,137345.951464,1780280975.9897976,1.7168521881103516,0.0045299530029296875,1.4615058898925781,1.44,3145728,2.184533333333333,192,chatcmpl-5ca28b7a-eb17-47d7-806c-b83ae17ca4f2-a6909279,"nixl_xfer_handle(0x556359a168b0, released=False)",decode,1,0,452712,2,d61968e8-e4aa-43a2-8ca8-85b623ffd1e5_dp1,0,nixl_start_time
1780280976.0024397,1780280976.0153708,12.931,1780280976.0154119,0.04100799560546875,137345964106,137345.964106,1780280976.0024397,12.972116470336914,0.005245208740234375,7.173061370849609,7.132,28311552,2.1894325264867374,1728,chatcmpl-b4207b22-9fd4-411e-94e6-c5d8db977150-991b98f4,"nixl_xfer_handle(0x5af9a3deae60, released=False)",decode,0,0,452715,18,d61968e8-e4aa-43a2-8ca8-85b623ffd1e5_dp0,0,nixl_start_time
1780280976.0637796,1780280976.0885775,24.798000000000002,1780280976.0886242,0.04673004150390625,137346025446,137346.025446,1780280976.0637796,24.844646453857422,0.0057220458984375,8.721590042114258,8.701,39321600,1.5856762642148559,2400,chatcmpl-2641b3d0-5fa8-4a23-936b-6b6b04c56537-8c8fa26b,"nixl_xfer_handle(0x556359a168b0, released=False)",decode,1,0,452712,25,d61968e8-e4aa-43a2-8ca8-85b623ffd1e5_dp1,0,nixl_start_time
1780280976.1010966,1780280976.1025517,1.4549999999999998,1780280976.1028147,0.26297569274902344,137346062763,137346.062763,1780280976.1010966,1.7180442810058594,0.00476837158203125,1.476287841796875,1.455,3145728,2.1620123711340207,192,chatcmpl-8daf7f4f-1559-45fe-a391-fc9b0e90d860-822a05b5,"nixl_xfer_handle(0x556359a168b0, released=False)",decode,1,0,452712,2,d61968e8-e4aa-43a2-8ca8-85b623ffd1e5_dp0,0,nixl_start_time
1780280976.2006247,1780280976.2056596,5.035,1780280976.206044,0.38433074951171875,137346162291,137346.162291,1780280976.2006247,5.419254302978516,0.003814697265625,5.0601959228515625,5.035,7864320,1.561930486593843,480,chatcmpl-c86c7a4a-ff03-4e0f-960a-bf3df1610ea9-9684faec,"nixl_xfer_handle(0x5af9a3deae60, released=False)",decode,0,0,452715,5,d61968e8-e4aa-43a2-8ca8-85b623ffd1e5_dp1,0,nixl_start_time
1780280976.2253697,1780280976.2321446,6.7749999999999995,1780280976.232433,0.2884864807128906,137346187036,137346.187036,1780280976.2253697,7.063388824462891,0.0059604644775390625,6.798982620239258,6.775,15728640,2.321570479704797,960,chatcmpl-a9bf82ef-bd01-42b5-af39-c9eb85711c19-9a998cff,"nixl_xfer_handle(0x556359a168b0, released=False)",decode,1,0,452712,10,d61968e8-e4aa-43a2-8ca8-85b623ffd1e5_dp1,0,nixl_start_time
1780280976.3243678,1780280976.3507307,26.363,1780280976.3507664,0.035762786865234375,137346286034,137346.286034,1780280976.3243678,26.398658752441406,0.0057220458984375,10.830879211425781,10.787,67633152,2.5654573455221334,4128,chatcmpl-da364187-e284-4b8a-a33b-19e9dabe4724-88583136,"nixl_xfer_handle(0x5af9a3deae60, released=False)",decode,0,0,452715,43,d61968e8-e4aa-43a2-8ca8-85b623ffd1e5_dp0,0,nixl_start_time
1780280976.4992776,1780280976.5115356,12.258,1780280976.5115557,0.02002716064453125,137346460944,137346.460944,1780280976.4992776,12.278079986572266,0.0054836273193359375,5.201101303100586,5.18,20447232,1.6680724424865394,1248,chatcmpl-31745472-30ee-45c9-9903-0fde229b0bd4-969b9d48,"nixl_xfer_handle(0x556359a168b0, released=False)",decode,1,0,452712,13,d61968e8-e4aa-43a2-8ca8-85b623ffd1e5_dp0,0,nixl_start_time
1780280976.6108327,1780280976.6128507,2.018,1780280976.6132247,0.37407875061035156,137346572499,137346.572499,1780280976.6108327,2.3920536041259766,0.004291534423828125,2.042531967163086,2.018,3145728,1.5588344895936572,192,chatcmpl-c6c15dca-7f43-43b8-9871-fcfb5abdb62e-984d46d4,"nixl_xfer_handle(0x5af9a379d9b0, released=False)",decode,0,0,452715,2,d61968e8-e4aa-43a2-8ca8-85b623ffd1e5_dp1,0,nixl_start_time
1780280976.8082726,1780280976.8321855,23.913,1780280976.8322072,0.021696090698242188,137346769939,137346.769939,1780280976.8082726,23.934602737426758,0.0045299530029296875,8.924484252929688,8.9,47185920,1.97323296951449,2880,chatcmpl-db885b40-6fc3-4275-a195-7f66b173359d-aa1f228a,"nixl_xfer_handle(0x556359a168b0, released=False)",decode,1,0,452712,30,d61968e8-e4aa-43a2-8ca8-85b623ffd1e5_dp0,0,nixl_start_time
1780280976.8566976,1780280976.8576345,0.937,1780280976.8576524,0.017881393432617188,137346818364,137346.818364,1780280976.8566976,0.9548664093017578,0.004291534423828125,0.5600452423095703,0.541,1572864,1.678616862326574,48,chatcmpl-727007c4-3ab6-437e-9380-a044ae0a95a1-b4df96da,"nixl_xfer_handle(0x5af9a379d9b0, released=False)",decode,0,0,452715,1,d61968e8-e4aa-43a2-8ca8-85b623ffd1e5_dp1,0,nixl_start_time
1780280977.0041876,1780280977.0127635,8.576,1780280977.0131478,0.38433074951171875,137346965854,137346.965854,1780280977.0041876,8.960247039794922,0.0045299530029296875,8.597612380981445,8.576,14155776,1.6506268656716419,864,chatcmpl-6cc7ad65-6ee1-4818-9039-92705ac0dffb-8930ca47,"nixl_xfer_handle(0x5af9a379d9b0, released=False)",decode,0,0,452715,9,d61968e8-e4aa-43a2-8ca8-85b623ffd1e5_dp1,0,nixl_start_time
1780280977.0043256,1780280977.0357947,31.468999999999998,1780280977.0358157,0.0209808349609375,137346965992,137346.965992,1780280977.0043256,31.490087509155273,0.00476837158203125,16.20173454284668,16.177,88080384,2.798957195970638,5376,chatcmpl-489b3ff1-9538-44b0-94a2-9dbaaf7b8f30-9b9cae83,"nixl_xfer_handle(0x556359b4e970, released=False)",decode,1,0,452712,56,d61968e8-e4aa-43a2-8ca8-85b623ffd1e5_dp0,0,nixl_start_time
1780280977.0237978,1780280977.0358577,12.059999999999999,1780280977.0358675,0.009775161743164062,137346985464,137346.985464,1780280977.0237978,12.0697021484375,0.0050067901611328125,1.2240409851074219,1.2,3145728,0.2608398009950249,192,chatcmpl-d56f1dec-6144-4ca2-baee-5dc5c478fd23-8c0f1541,"nixl_xfer_handle(0x556359980ce0, released=False)",decode,1,0,452712,2,d61968e8-e4aa-43a2-8ca8-85b623ffd1e5_dp0,0,nixl_start_time
1780280977.1094537,1780280977.1218767,12.423,1780280977.121905,0.028371810913085938,137347071120,137347.07112,1780280977.1094537,12.451410293579102,0.0057220458984375,3.6389827728271484,3.604,22020096,1.7725264428881913,1344,chatcmpl-98d57460-62c7-4af4-80c6-0c7b569970f9-b3e3b054,"nixl_xfer_handle(0x5af9a379d9b0, released=False)",decode,0,0,452715,14,d61968e8-e4aa-43a2-8ca8-85b623ffd1e5_dp1,0,nixl_start_time
1780280977.1956797,1780280977.1971216,1.442,1780280977.1973975,0.2758502960205078,137347157346,137347.157346,1780280977.1956797,1.7178058624267578,0.00476837158203125,1.4634132385253906,1.442,3145728,2.18150346740638,192,chatcmpl-31681cce-00da-4c37-9528-4cdd0cd6f4bd-97b232b6,"nixl_xfer_handle(0x556359b4e970, released=False)",decode,1,0,452712,2,d61968e8-e4aa-43a2-8ca8-85b623ffd1e5_dp0,0,nixl_start_time
1780280977.2699916,1780280977.2837846,13.793,1780280977.2838073,0.022649765014648438,137347231658,137347.231658,1780280977.2699916,13.815641403198242,0.00476837158203125,4.878997802734375,4.858,18874368,1.3684019430145726,1152,chatcmpl-49d78a8d-870f-4611-974a-962ad70b65a4-b5d87595,"nixl_xfer_handle(0x556359b4e970, released=False)",decode,1,0,452712,12,d61968e8-e4aa-43a2-8ca8-85b623ffd1e5_dp0,0,nixl_start_time
1780280977.2701337,1780280977.2870817,16.948,1780280977.2871222,0.040531158447265625,137347231800,137347.2318,1780280977.2701337,16.988515853881836,0.0050067901611328125,9.969234466552734,9.926,36175872,2.1345215954684917,2208,chatcmpl-7ec5c9c4-f906-40ec-bd60-8fd7d3204f59-800ac66d,"nixl_xfer_handle(0x5af9a379d9b0, released=False)",decode,0,0,452715,23,d61968e8-e4aa-43a2-8ca8-85b623ffd1e5_dp1,0,nixl_start_time
1780280977.2837327,1780280977.2867136,2.9810000000000003,1780280977.287143,0.42939186096191406,137347245399,137347.245399,1780280977.2837327,3.41033935546875,0.0035762786865234375,3.001689910888672,2.981,4718592,1.582888963435089,288,chatcmpl-e32ed948-bfc8-4c9e-a476-c3e42996a6df-8a792f33,"nixl_xfer_handle(0x5af9a3d54900, released=False)",decode,0,0,452715,3,d61968e8-e4aa-43a2-8ca8-85b623ffd1e5_dp1,0,nixl_start_time
1780280977.4801385,1780280977.5055494,25.410999999999998,1780280977.5055692,0.019788742065429688,137347441805,137347.441805,1780280977.4801385,25.430679321289062,0.0054836273193359375,10.486841201782227,10.461,69206016,2.7234668450670974,4224,chatcmpl-701b740c-80e9-44d2-89ad-6e74b8c95f6d-b05c73c3,"nixl_xfer_handle(0x556359b4e970, released=False)",decode,1,0,452712,44,d61968e8-e4aa-43a2-8ca8-85b623ffd1e5_dp0,0,nixl_start_time
1780280977.5304646,1780280977.5319016,1.4369999999999998,1780280977.5321598,0.2582073211669922,137347492131,137347.492131,1780280977.5304646,1.6951560974121094,0.0045299530029296875,1.4595985412597656,1.437,3145728,2.1890939457202507,192,chatcmpl-09198a75-7c2d-461e-b9d1-4dd8e70433d7-b85ad153,"nixl_xfer_handle(0x556359b4e970, released=False)",decode,1,0,452712,2,d61968e8-e4aa-43a2-8ca8-85b623ffd1e5_dp0,0,nixl_start_time
1780280977.6289177,1780280977.6310408,2.1229999999999998,1780280977.631306,0.2651214599609375,137347590584,137347.590584,1780280977.6289177,2.3882389068603516,0.004291534423828125,2.147197723388672,2.123,4718592,2.2226057465850215,288,chatcmpl-096acd4b-fb6a-4c8f-9a21-4977b25006db-8d9c208c,"nixl_xfer_handle(0x556359b4e970, released=False)",decode,1,0,452712,3,d61968e8-e4aa-43a2-8ca8-85b623ffd1e5_dp1,0,nixl_start_time
1780280977.6418376,1780280977.6441555,2.318,1780280977.6445312,0.3757476806640625,137347603504,137347.603504,1780280977.6418376,2.693653106689453,0.004291534423828125,2.3407936096191406,2.318,3145728,1.3570871440897323,192,chatcmpl-6acba41c-37bd-4471-a48f-e16414c231ef-8b12535e,"nixl_xfer_handle(0x5af9a379d9b0, released=False)",decode,0,0,452715,2,d61968e8-e4aa-43a2-8ca8-85b623ffd1e5_dp0,0,nixl_start_time
1780280977.7520337,1780280977.7535257,1.492,1780280977.7537913,0.2655982971191406,137347713700,137347.7137,1780280977.7520337,1.7576217651367188,0.0050067901611328125,1.5125274658203125,1.492,3145728,2.108396782841823,192,chatcmpl-56a8fd45-a646-4e2f-bb69-db4d59ebb8ab-8f6d2f67,"nixl_xfer_handle(0x556359b4e970, released=False)",decode,1,0,452712,2,d61968e8-e4aa-43a2-8ca8-85b623ffd1e5_dp0,0,nixl_start_time
1780280977.7523136,1780280977.7812867,28.973,1780280977.7813,0.0133514404296875,137347713980,137347.71398,1780280977.7523136,28.986454010009766,0.005245208740234375,11.751890182495117,11.714,75497472,2.6057871811686746,4608,chatcmpl-a7cbcb5e-f7b8-41e6-b18a-aa82a07e50b3-95aaed19,"nixl_xfer_handle(0x5af9a379d9b0, released=False)",decode,0,0,452715,48,d61968e8-e4aa-43a2-8ca8-85b623ffd1e5_dp1,0,nixl_start_time
1780280977.7790437,1780280977.7809167,1.873,1780280977.7813213,0.40459632873535156,137347740710,137347.74071,1780280977.7790437,2.2776126861572266,0.00476837158203125,1.8956661224365234,1.873,3145728,1.6795130806193272,192,chatcmpl-08ba5918-6416-45e4-982b-8e50f09ab484-a527bbad,"nixl_xfer_handle(0x5af9a3814600, released=False)",decode,0,0,452715,2,d61968e8-e4aa-43a2-8ca8-85b623ffd1e5_dp0,0,nixl_start_time
1780280977.7791126,1780280977.8130765,33.964,1780280977.8130906,0.014066696166992188,137347740779,137347.740779,1780280977.7791126,33.97798538208008,0.005245208740234375,5.558013916015625,5.538,37748736,1.111433753385938,2304,chatcmpl-e37f88fc-da8f-47d0-ab04-3eb3ee38af36-a0f997d6,"nixl_xfer_handle(0x556359b4e970, released=False)",decode,1,0,452712,24,d61968e8-e4aa-43a2-8ca8-85b623ffd1e5_dp1,0,nixl_start_time
1780280977.8039048,1780280977.8044968,0.592,1780280977.8048556,0.35881996154785156,137347765571,137347.765571,1780280977.8039048,0.9508132934570312,0.0040531158447265625,0.6117820739746094,0.592,1572864,2.6568648648648647,48,chatcmpl-237b8396-f347-402a-baa9-bf761e49f9b8-a0d837fa,"nixl_xfer_handle(0x5af9a3814600, released=False)",decode,0,0,452715,1,d61968e8-e4aa-43a2-8ca8-85b623ffd1e5_dp1,0,nixl_start_time
1780280977.8040276,1780280977.8284986,24.471,1780280977.8285346,0.03600120544433594,137347765694,137347.765694,1780280977.8040276,24.50704574584961,0.0050067901611328125,8.643627166748047,8.619,48758784,1.992512933676597,2976,chatcmpl-6c629843-f6ca-4650-8a8e-9e81f859de6e-a8797473,"nixl_xfer_handle(0x556359a210a0, released=False)",decode,1,0,452712,31,d61968e8-e4aa-43a2-8ca8-85b623ffd1e5_dp0,0,nixl_start_time
1780280977.9017467,1780280977.9124107,10.664,1780280977.9126394,0.22864341735839844,137347863413,137347.863413,1780280977.9017467,10.892629623413086,0.005245208740234375,10.689973831176758,10.664,15728640,1.4749287321830458,960,chatcmpl-c98c06c5-9888-4ea8-8648-ea033a5f740e-b451b362,"nixl_xfer_handle(0x5af9a3814600, released=False)",decode,0,0,452715,10,d61968e8-e4aa-43a2-8ca8-85b623ffd1e5_dp0,0,nixl_start_time
1780280977.9157987,1780280977.9275966,11.798,1780280977.9276183,0.021696090698242188,137347877465,137347.877465,1780280977.9157987,11.819601058959961,0.005245208740234375,2.9134750366210938,2.894,17301504,1.4664777080861162,1056,chatcmpl-56a628aa-15d5-478b-a386-8379df300482-814dce04,"nixl_xfer_handle(0x556356deb070, released=False)",decode,1,0,452712,11,d61968e8-e4aa-43a2-8ca8-85b623ffd1e5_dp0,0,nixl_start_time
1780280978.1858296,1780280978.2187316,32.902,1780280978.218783,0.05125999450683594,137348147496,137348.147496,1780280978.1858296,32.95326232910156,0.00667572021484375,17.99178123474121,17.948,89653248,2.724857090754361,5472,chatcmpl-9e1b475e-f3ea-4e21-9f91-53edab292868-957a56ce,"nixl_xfer_handle(0x5af9a3814600, released=False)",decode,0,0,452715,57,d61968e8-e4aa-43a2-8ca8-85b623ffd1e5_dp0,0,nixl_start_time
1780280978.2072887,1780280978.2188098,11.521,1780280978.2188342,0.024318695068359375,137348168955,137348.168955,1780280978.2072887,11.545419692993164,0.00476837158203125,0.5171298980712891,0.496,1572864,0.13652148251019877,48,chatcmpl-b73d80a6-239c-4372-87e4-0ec48323f183-b695df6e,"nixl_xfer_handle(0x5af9a379d9b0, released=False)",decode,0,0,452715,1,d61968e8-e4aa-43a2-8ca8-85b623ffd1e5_dp1,0,nixl_start_time
1780280978.2185316,1780280978.2200656,1.534,1780280978.2203233,0.25773048400878906,137348180198,137348.180198,1780280978.2185316,1.7917156219482422,0.00476837158203125,1.5561580657958984,1.534,3145728,2.050670143415906,192,chatcmpl-e2f9852b-923f-4eca-bc95-f752351eb64f-ae9d2537,"nixl_xfer_handle(0x556356deb070, released=False)",decode,1,0,452712,2,d61968e8-e4aa-43a2-8ca8-85b623ffd1e5_dp0,0,nixl_start_time
1780280978.2556458,1780280978.2602177,4.572,1780280978.2605882,0.3705024719238281,137348217312,137348.217312,1780280978.2556458,4.942417144775391,0.003814697265625,4.590749740600586,4.572,7864320,1.7201049868766405,480,chatcmpl-b88611b8-cb1f-4c77-865f-242b14e3d014-805d646f,"nixl_xfer_handle(0x5af9a3814600, released=False)",decode,0,0,452715,5,d61968e8-e4aa-43a2-8ca8-85b623ffd1e5_dp1,0,nixl_start_time
1780280978.3050337,1780280978.3112547,6.221,1780280978.3115437,0.28896331787109375,137348266700,137348.2667,1780280978.3050337,6.510019302368164,0.005245208740234375,6.250619888305664,6.221,14155776,2.275482398328243,864,chatcmpl-b5e2ad01-d2a0-452e-91c9-69a97137d6bb-b373694c,"nixl_xfer_handle(0x556356deb070, released=False)",decode,1,0,452712,9,d61968e8-e4aa-43a2-8ca8-85b623ffd1e5_dp0,0,nixl_start_time
1780280978.3297496,1780280978.3316467,1.897,1780280978.3319976,0.3509521484375,137348291416,137348.291416,1780280978.3297496,2.248048782348633,0.0035762786865234375,1.9152164459228516,1.897,3145728,1.6582646283605693,192,chatcmpl-c193ef1d-2085-4a2c-b30c-e213e681dada-ac1022ee,"nixl_xfer_handle(0x5af9a3814600, released=False)",decode,0,0,452715,2,d61968e8-e4aa-43a2-8ca8-85b623ffd1e5_dp1,0,nixl_start_time
1780280978.3916647,1780280978.3931017,1.4369999999999998,1780280978.3933792,0.27751922607421875,137348353331,137348.353331,1780280978.3916647,1.714468002319336,0.0054836273193359375,1.4581680297851562,1.437,3145728,2.1890939457202507,192,chatcmpl-ec12c547-ce25-49ac-842d-6668351adc8e-b7d27fb3,"nixl_xfer_handle(0x556356deb070, released=False)",decode,1,0,452712,2,d61968e8-e4aa-43a2-8ca8-85b623ffd1e5_dp0,0,nixl_start_time
1780280978.5401297,1780280978.5652587,25.128999999999998,1780280978.5652823,0.023603439331054688,137348501796,137348.501796,1780280978.5401297,25.15268325805664,0.0050067901611328125,9.634256362915039,9.607,56623104,2.25329714672291,3456,chatcmpl-00924455-e132-4868-910d-e5840f9d44da-94c0eef1,"nixl_xfer_handle(0x5af9a3814600, released=False)",decode,0,0,452715,36,d61968e8-e4aa-43a2-8ca8-85b623ffd1e5_dp1,0,nixl_start_time
1780280978.5900247,1780280978.6019387,11.914,1780280978.6019864,0.0476837158203125,137348551691,137348.551691,1780280978.5900247,11.961698532104492,0.0050067901611328125,5.68079948425293,5.661,25165824,2.1122900788987744,1536,chatcmpl-6cd1f5a8-1b5d-409d-bfeb-0b6304094d32-87e4a151,"nixl_xfer_handle(0x556356deb070, released=False)",decode,1,0,452712,16,d61968e8-e4aa-43a2-8ca8-85b623ffd1e5_dp0,0,nixl_start_time
1780280978.7131047,1780280978.7400017,26.897000000000002,1780280978.7400215,0.019788742065429688,137348674771,137348.674771,1780280978.7131047,26.9167423248291,0.0059604644775390625,11.594057083129883,11.55,78643200,2.923865115068595,4800,chatcmpl-0a4afc9f-4ef7-48be-9063-44e4c054069f-aa0bf85d,"nixl_xfer_handle(0x5af9a379d9b0, released=False)",decode,0,0,452715,50,d61968e8-e4aa-43a2-8ca8-85b623ffd1e5_dp0,0,nixl_start_time
1780280978.8508255,1780280978.8522666,1.441,1780280978.8525364,0.26988983154296875,137348812492,137348.812492,1780280978.8508255,1.7108917236328125,0.0045299530029296875,1.4619827270507812,1.441,3145728,2.1830173490631504,192,chatcmpl-9d4dd872-264a-4ddd-876b-d0f7db38f01f-983ff1d1,"nixl_xfer_handle(0x556356deb070, released=False)",decode,1,0,452712,2,d61968e8-e4aa-43a2-8ca8-85b623ffd1e5_dp1,0,nixl_start_time
1780280978.8631876,1780280978.8756995,12.512,1780280978.8757217,0.022172927856445312,137348824854,137348.824854,1780280978.8631876,12.534141540527344,0.00476837158203125,3.7033557891845703,3.683,28311552,2.262751918158568,1728,chatcmpl-df6bc0a0-20f9-49dd-a242-323a00fe554c-85b79d8d,"nixl_xfer_handle(0x556356deb070, released=False)",decode,1,0,452712,18,d61968e8-e4aa-43a2-8ca8-85b623ffd1e5_dp0,0,nixl_start_time
1780280978.9864407,1780280978.9887557,2.315,1780280978.989107,0.35119056701660156,137348948107,137348.948107,1780280978.9864407,2.6662349700927734,0.0059604644775390625,2.336263656616211,2.315,3145728,1.3588457883369331,192,chatcmpl-f5e6f478-6069-4656-93e8-26635767dfb6-8a811827,"nixl_xfer_handle(0x5af9a379d9b0, released=False)",decode,0,0,452715,2,d61968e8-e4aa-43a2-8ca8-85b623ffd1e5_dp1,0,nixl_start_time
1780280979.0606697,1780280979.0954278,34.757999999999996,1780280979.0954432,0.015497207641601562,137349022336,137349.022336,1780280979.0606697,34.77358818054199,0.005245208740234375,9.383678436279297,9.305,56623104,1.6290668047643708,3456,chatcmpl-008d2ba2-8249-42c4-a45e-6e39a7708672-a9b9599f,"nixl_xfer_handle(0x5af9a379d9b0, released=False)",decode,0,0,452715,36,d61968e8-e4aa-43a2-8ca8-85b623ffd1e5_dp0,0,nixl_start_time
1780280979.0852387,1780280979.0867016,1.463,1780280979.0869634,0.2617835998535156,137349046905,137349.046905,1780280979.0852387,1.7247200012207031,0.004291534423828125,1.4846324920654297,1.463,3145728,2.1501900205058098,192,chatcmpl-8680e0c1-fee2-4283-ac6a-08883f79368d-a7341bc1,"nixl_xfer_handle(0x556359912de0, released=False)",decode,1,0,452712,2,d61968e8-e4aa-43a2-8ca8-85b623ffd1e5_dp1,0,nixl_start_time
1780280979.0853956,1780280979.0986965,13.301,1780280979.0987575,0.06103515625,137349047062,137349.047062,1780280979.0853956,13.361930847167969,0.0057220458984375,9.669065475463867,9.647,40894464,3.0745405608600853,2496,chatcmpl-409a3c0b-5d42-4e6e-b954-d29e64802afe-8c08069e,"nixl_xfer_handle(0x5af9a3d3e340, released=False)",decode,0,0,452715,26,d61968e8-e4aa-43a2-8ca8-85b623ffd1e5_dp1,0,nixl_start_time
1780280979.0984786,1780280979.1019716,3.493,1780280979.1022804,0.30875205993652344,137349060145,137349.060145,1780280979.0984786,3.8018226623535156,0.005245208740234375,3.5157203674316406,3.493,7864320,2.251451474377326,480,chatcmpl-936a7ba5-a1fb-4307-9ff4-c911638bbfb0-b40a0ed3,"nixl_xfer_handle(0x556359912de0, released=False)",decode,1,0,452712,5,d61968e8-e4aa-43a2-8ca8-85b623ffd1e5_dp0,0,nixl_start_time
1780280979.1226876,1780280979.1350276,12.34,1780280979.1350474,0.019788742065429688,137349084354,137349.084354,1780280979.1226876,12.359857559204102,0.00476837158203125,7.507801055908203,7.473,31457280,2.549212317666126,1920,chatcmpl-ca3ead2b-c1b1-42bd-9ad6-ffe42c254ce6-b38df1bd,"nixl_xfer_handle(0x5af9a3d3e340, released=False)",decode,0,0,452715,20,d61968e8-e4aa-43a2-8ca8-85b623ffd1e5_dp0,0,nixl_start_time
1780280979.1348197,1780280979.1416078,6.787999999999999,1780280979.1418767,0.2689361572265625,137349096486,137349.096486,1780280979.1348197,7.056951522827148,0.005245208740234375,6.810188293457031,6.788,15728640,2.3171243370654095,960,chatcmpl-f7fa38c5-8e98-4d58-93b0-9c539e754524-90ce8ebb,"nixl_xfer_handle(0x556359912de0, released=False)",decode,1,0,452712,10,d61968e8-e4aa-43a2-8ca8-85b623ffd1e5_dp1,0,nixl_start_time
1780280979.1972036,1780280979.2093117,12.108,1780280979.2093337,0.02193450927734375,137349158870,137349.15887,1780280979.1972036,12.130022048950195,0.0050067901611328125,4.851579666137695,4.832,17301504,1.4289316154608522,1056,chatcmpl-c7b37924-0bee-4744-a287-2f705059229b-acead4e6,"nixl_xfer_handle(0x556359912de0, released=False)",decode,1,0,452712,11,d61968e8-e4aa-43a2-8ca8-85b623ffd1e5_dp0,0,nixl_start_time
1780280979.2710307,1780280979.2727566,1.7260000000000002,1780280979.2731218,0.36525726318359375,137349232697,137349.232697,1780280979.2710307,2.0911693572998047,0.0054836273193359375,1.7490386962890625,1.726,3145728,1.8225538818076477,192,chatcmpl-07234fe6-d8ff-4be9-9c6a-e1115da8b481-982200bc,"nixl_xfer_handle(0x5af9a3d3e340, released=False)",decode,0,0,452715,2,d61968e8-e4aa-43a2-8ca8-85b623ffd1e5_dp1,0,nixl_start_time
1780280979.3454187,1780280979.3735898,28.171000000000003,1780280979.3736074,0.017642974853515625,137349307085,137349.307085,1780280979.3454187,28.188705444335938,0.0069141387939453125,13.36669921875,13.342,80216064,2.8474695253984597,4896,chatcmpl-660a9757-c605-4307-9814-5b65ff5b5bfb-aaa50120,"nixl_xfer_handle(0x556359912de0, released=False)",decode,1,0,452712,51,d61968e8-e4aa-43a2-8ca8-85b623ffd1e5_dp0,0,nixl_start_time
1780280979.4232535,1780280979.4501996,26.946,1780280979.45023,0.030279159545898438,137349384920,137349.38492,1780280979.4232535,26.976346969604492,0.006198883056640625,12.141942977905273,12.113,77070336,2.86017724337564,4704,chatcmpl-2d3cc6b2-f9b6-413e-9f34-0a1168856710-a90271a8,"nixl_xfer_handle(0x556359994960, released=False)",decode,1,0,452712,49,d61968e8-e4aa-43a2-8ca8-85b623ffd1e5_dp1,0,nixl_start_time
1780280979.4996126,1780280979.5018885,2.276,1780280979.5022347,0.34618377685546875,137349461279,137349.461279,1780280979.4996126,2.6221275329589844,0.005245208740234375,2.2957324981689453,2.276,3145728,1.3821300527240774,192,chatcmpl-64484882-787d-46d1-91dc-c983b967d010-ac00c95a,"nixl_xfer_handle(0x5af9a3d3e340, released=False)",decode,0,0,452715,2,d61968e8-e4aa-43a2-8ca8-85b623ffd1e5_dp1,0,nixl_start_time
1780280979.4996467,1780280979.5197468,20.1,1780280979.519764,0.0171661376953125,137349461313,137349.461313,1780280979.4996467,20.11728286743164,0.0054836273193359375,7.941484451293945,7.918,39321600,1.9562985074626866,2400,chatcmpl-0a9c7beb-a179-44f6-9c49-b4ea2544d27c-a1b24485,"nixl_xfer_handle(0x55635259fe40, released=False)",decode,1,0,452712,25,d61968e8-e4aa-43a2-8ca8-85b623ffd1e5_dp0,0,nixl_start_time
1780280979.5077417,1780280979.5344236,26.682000000000002,1780280979.534474,0.05030632019042969,137349469408,137349.469408,1780280979.5077417,26.732206344604492,0.0030994415283203125,11.713027954101562,11.681,37748736,1.414764110636384,2304,chatcmpl-74ee59f9-d132-4d30-92de-c58f59ede3f0-9317706d,"nixl_xfer_handle(0x556359b4e970, released=False)",decode,1,0,452712,24,d61968e8-e4aa-43a2-8ca8-85b623ffd1e5_dp0,0,nixl_start_time
1780280979.6463106,1780280979.6582446,11.934000000000001,1780280979.65829,0.045299530029296875,137349607977,137349.607977,1780280979.6463106,11.979341506958008,0.009775161743164062,3.5858154296875,3.54,22020096,1.8451563599798895,1344,chatcmpl-69a23e14-0948-4483-8c32-cb3267cc7bff-832118a8,"nixl_xfer_handle(0x5af9a3d3e340, released=False)",decode,0,0,452715,14,d61968e8-e4aa-43a2-8ca8-85b623ffd1e5_dp1,0,nixl_start_time
1780280979.6579976,1780280979.6594586,1.461,1780280979.65972,0.2613067626953125,137349619664,137349.619664,1780280979.6579976,1.7223358154296875,0.0050067901611328125,1.4815330505371094,1.461,3145728,2.1531334702258724,192,chatcmpl-d665326e-8e5d-45ed-a3aa-742a3d7288af-b55dedd8,"nixl_xfer_handle(0x55635259fe40, released=False)",decode,1,0,452712,2,d61968e8-e4aa-43a2-8ca8-85b623ffd1e5_dp0,0,nixl_start_time
1780280979.7448347,1780280979.7698946,25.06,1780280979.769947,0.05245208740234375,137349706501,137349.706501,1780280979.7448347,25.112390518188477,0.005245208740234375,9.467124938964844,9.432,53477376,2.1339735035913807,3264,chatcmpl-75d05069-db63-4353-bab0-1bcaf796a75d-94fafab5,"nixl_xfer_handle(0x55635259fe40, released=False)",decode,1,0,452712,34,d61968e8-e4aa-43a2-8ca8-85b623ffd1e5_dp1,0,nixl_start_time
1780280979.8191307,1780280979.8446457,25.515,1780280979.8446743,0.0286102294921875,137349780797,137349.780797,1780280979.8191307,25.543689727783203,0.0064373016357421875,10.197877883911133,10.174,56623104,2.2192084656084656,3456,chatcmpl-58c6f257-34c6-4e5c-86f6-2e821e47a1df-833fca08,"nixl_xfer_handle(0x5af9a3d3e340, released=False)",decode,0,0,452715,36,d61968e8-e4aa-43a2-8ca8-85b623ffd1e5_dp0,0,nixl_start_time
1780280979.8942885,1780280979.9061496,11.861,1780280979.9061677,0.01811981201171875,137349855955,137349.855955,1780280979.8942885,11.879205703735352,0.0054836273193359375,4.904985427856445,4.884,18874368,1.5912965180001686,1152,chatcmpl-d7588fb9-0f5a-493a-b04d-9debbb2800f3-b69388da,"nixl_xfer_handle(0x556356e03100, released=False)",decode,1,0,452712,12,d61968e8-e4aa-43a2-8ca8-85b623ffd1e5_dp1,0,nixl_start_time
1780280979.8943996,1780280979.9062796,11.88,1780280979.9063303,0.05078315734863281,137349856066,137349.856066,1780280979.8943996,11.930704116821289,0.006198883056640625,4.009246826171875,3.988,33030144,2.7803151515151514,2016,chatcmpl-171dc95b-c714-4d79-84db-515789164351-ba01bb38,"nixl_xfer_handle(0x5af9a3d3e340, released=False)",decode,0,0,452715,21,d61968e8-e4aa-43a2-8ca8-85b623ffd1e5_dp1,0,nixl_start_time
1780280979.9185147,1780280979.9520826,33.568,1780280979.9520972,0.014543533325195312,137349880181,137349.880181,1780280979.9185147,33.582448959350586,0.0057220458984375,5.58924674987793,5.569,26738688,0.7965529075309818,1632,chatcmpl-9a539208-a18a-4761-8a64-b055d05e36d0-aaf519ef,"nixl_xfer_handle(0x556356e03100, released=False)",decode,1,0,452712,17,d61968e8-e4aa-43a2-8ca8-85b623ffd1e5_dp0,0,nixl_start_time
1780280979.9242327,1780280979.9339368,9.704,1780280979.9339507,0.013828277587890625,137349885899,137349.885899,1780280979.9242327,9.717941284179688,0.0026226043701171875,5.851507186889648,5.838,25165824,2.5933454245671888,1536,chatcmpl-c327baee-2ba0-4c56-801c-731db540f6c1-99422891,"nixl_xfer_handle(0x556359912de0, released=False)",decode,1,0,452712,16,d61968e8-e4aa-43a2-8ca8-85b623ffd1e5_dp0,0,nixl_start_time
1780280979.9336686,1780280979.9369116,3.243,1780280979.937272,0.3604888916015625,137349895335,137349.895335,1780280979.9336686,3.6034584045410156,0.00476837158203125,3.2677650451660156,3.243,4718592,1.4550083256244217,288,chatcmpl-37595b75-3a1a-4328-9fee-544364b86019-a671e985,"nixl_xfer_handle(0x5af99a306200, released=False)",decode,0,0,452715,3,d61968e8-e4aa-43a2-8ca8-85b623ffd1e5_dp1,0,nixl_start_time
1780280979.9450696,1780280979.9518075,6.738,1780280979.952115,0.3075599670410156,137349906736,137349.906736,1780280979.9450696,7.045507431030273,0.0050067901611328125,6.764888763427734,6.738,15728640,2.334318788958148,960,chatcmpl-f438ceae-b74b-429f-8f41-2a2dfe25b50c-aadee177,"nixl_xfer_handle(0x556359912de0, released=False)",decode,1,0,452712,10,d61968e8-e4aa-43a2-8ca8-85b623ffd1e5_dp0,0,nixl_start_time
1780280979.9575727,1780280979.9596398,2.0669999999999997,1780280979.9600036,0.3638267517089844,137349919239,137349.919239,1780280979.9575727,2.4309158325195312,0.0050067901611328125,2.089977264404297,2.067,3145728,1.5218809869375909,192,chatcmpl-4c1ba8e7-b013-4780-ba63-5bd16c5feac0-9cf2d881,"nixl_xfer_handle(0x5af99a306200, released=False)",decode,0,0,452715,2,d61968e8-e4aa-43a2-8ca8-85b623ffd1e5_dp1,0,nixl_start_time
1780280980.0934258,1780280980.1190999,25.674,1780280980.1191192,0.019311904907226562,137350055092,137350.055092,1780280980.0934258,25.693416595458984,0.0059604644775390625,10.449886322021484,10.412,62914560,2.4505164758121056,3840,chatcmpl-43b89292-26fb-4b7d-a58d-e534550c2f75-bcc122bd,"nixl_xfer_handle(0x5af99a306200, released=False)",decode,0,0,452715,40,d61968e8-e4aa-43a2-8ca8-85b623ffd1e5_dp0,0,nixl_start_time
1780280980.1189706,1780280980.1378136,18.843,1780280980.137831,0.017404556274414062,137350080637,137350.080637,1780280980.1189706,18.860340118408203,0.0059604644775390625,5.748271942138672,5.727,34603008,1.8363852889667251,2112,chatcmpl-f6a51941-5e38-445f-8c8a-2b485a6edff0-b9c7a559,"nixl_xfer_handle(0x556356e03100, released=False)",decode,1,0,452712,22,d61968e8-e4aa-43a2-8ca8-85b623ffd1e5_dp1,0,nixl_start_time
1780280980.1312616,1780280980.1558926,24.631,1780280980.1559446,0.051975250244140625,137350092928,137350.092928,1780280980.1312616,24.682998657226562,0.004291534423828125,6.21485710144043,6.195,37748736,1.53257017579473,2304,chatcmpl-c9423295-5d7b-4394-aabd-6c67db846060-bdcc919b,"nixl_xfer_handle(0x556356df0740, released=False)",decode,1,0,452712,24,d61968e8-e4aa-43a2-8ca8-85b623ffd1e5_dp0,0,nixl_start_time
1780280980.1932876,1780280980.2054417,12.154,1780280980.205461,0.019311904907226562,137350154954,137350.154954,1780280980.1932876,12.17341423034668,0.0054836273193359375,7.267475128173828,7.247,29884416,2.458813230212276,1824,chatcmpl-cfcde660-4162-4a9c-8afa-52f5a238a3fb-84e3cb2c,"nixl_xfer_handle(0x5af99a306200, released=False)",decode,0,0,452715,19,d61968e8-e4aa-43a2-8ca8-85b623ffd1e5_dp1,0,nixl_start_time
1780280980.3164697,1780280980.3414567,24.987,1780280980.3414826,0.025987625122070312,137350278136,137350.278136,1780280980.3164697,25.012969970703125,0.0059604644775390625,9.755134582519531,9.731,53477376,2.140207948133029,3264,chatcmpl-2f0c0856-b254-4ac5-90be-ae2c07618984-9c25f382,"nixl_xfer_handle(0x556356e03100, released=False)",decode,1,0,452712,34,d61968e8-e4aa-43a2-8ca8-85b623ffd1e5_dp0,0,nixl_start_time
1780280980.3297286,1780280980.3415127,11.783999999999999,1780280980.3415468,0.03409385681152344,137350291395,137350.291395,1780280980.3297286,11.818170547485352,0.00476837158203125,1.3508796691894531,1.328,3145728,0.266949083503055,192,chatcmpl-8e1dfa52-d8bb-464b-a298-4e6a8953fa94-9b50b793,"nixl_xfer_handle(0x556359951b80, released=False)",decode,1,0,452712,2,d61968e8-e4aa-43a2-8ca8-85b623ffd1e5_dp1,0,nixl_start_time
1780280980.3661757,1780280980.3684447,2.269,1780280980.3688009,0.3561973571777344,137350327842,137350.327842,1780280980.3661757,2.6252269744873047,0.0050067901611328125,2.2885799407958984,2.269,3145728,1.3863940061701188,192,chatcmpl-949b3cc9-64ca-4ab1-ba52-9d34e1c4d653-88ebadad,"nixl_xfer_handle(0x5af9a3d3e340, released=False)",decode,0,0,452715,2,d61968e8-e4aa-43a2-8ca8-85b623ffd1e5_dp0,0,nixl_start_time
1780280980.4034758,1780280980.4070067,3.5309999999999997,1780280980.4073758,0.36907196044921875,137350365142,137350.365142,1780280980.4034758,3.9000511169433594,0.0045299530029296875,3.5533905029296875,3.531,4718592,1.3363330501274426,288,chatcmpl-ee36845c-ab78-428a-b182-7a768f4aa50e-89cbf21f,"nixl_xfer_handle(0x5af9a3d3e340, released=False)",decode,0,0,452715,3,d61968e8-e4aa-43a2-8ca8-85b623ffd1e5_dp1,0,nixl_start_time
1780280980.4403718,1780280980.4525578,12.186,1780280980.4525807,0.02288818359375,137350402038,137350.402038,1780280980.4403718,12.208938598632812,0.005245208740234375,5.522966384887695,5.503,22020096,1.8069995076317085,1344,chatcmpl-9c07c0fd-6492-4f80-bdd4-25136dfa21c2-aaa5eca0,"nixl_xfer_handle(0x556359a55160, released=False)",decode,1,0,452712,14,d61968e8-e4aa-43a2-8ca8-85b623ffd1e5_dp1,0,nixl_start_time
1780280980.4525666,1780280980.4651406,12.574,1780280980.46516,0.019311904907226562,137350414233,137350.414233,1780280980.4525666,12.593269348144531,0.0059604644775390625,8.536338806152344,8.514,33030144,2.6268605058056305,2016,chatcmpl-b079517c-95dc-41cf-9024-34d4c0bdeb28-b85babe0,"nixl_xfer_handle(0x5af9a3d3e340, released=False)",decode,0,0,452715,21,d61968e8-e4aa-43a2-8ca8-85b623ffd1e5_dp0,0,nixl_start_time
1780280980.5392897,1780280980.5517087,12.418999999999999,1780280980.5517433,0.03457069396972656,137350500956,137350.500956,1780280980.5392897,12.453556060791016,0.004291534423828125,5.120277404785156,5.1,36175872,2.9129456477977294,2208,chatcmpl-05e91ca0-3385-44f1-8878-bff88216f6a3-bac26024,"nixl_xfer_handle(0x556359a52be0, released=False)",decode,1,0,452712,23,d61968e8-e4aa-43a2-8ca8-85b623ffd1e5_dp1,0,nixl_start_time
1780280980.5886986,1780280980.5931027,4.404,1780280980.5934696,0.3669261932373047,137350550365,137350.550365,1780280980.5886986,4.770994186401367,0.0050067901611328125,4.430532455444336,4.404,6291456,1.4285776566757493,384,chatcmpl-fb58c171-bc64-41ca-9b2c-3a73c8c81249-af1ffd8f,"nixl_xfer_handle(0x5af9a3d3e340, released=False)",decode,0,0,452715,4,d61968e8-e4aa-43a2-8ca8-85b623ffd1e5_dp0,0,nixl_start_time
1780280980.7992177,1780280980.8006456,1.428,1780280980.8009086,0.26297569274902344,137350760884,137350.760884,1780280980.7992177,1.6908645629882812,0.00476837158203125,1.4491081237792969,1.428,3145728,2.2028907563025206,192,chatcmpl-5509d3a3-491a-48f6-839d-e581e375c56d-bda6d19b,"nixl_xfer_handle(0x556359a5c0e0, released=False)",decode,1,0,452712,2,d61968e8-e4aa-43a2-8ca8-85b623ffd1e5_dp1,0,nixl_start_time
1780280980.8852305,1780280980.8873935,2.163,1780280980.8897865,2.393007278442383,137350846897,137350.846897,1780280980.8852305,4.555940628051758,0.0054836273193359375,2.1839141845703125,2.163,4718592,2.18150346740638,288,chatcmpl-07f0d1ff-7c9b-4f33-a239-09d687ff4f4c-a49b2d26,"nixl_xfer_handle(0x556359a5c0e0, released=False)",decode,1,0,452712,3,d61968e8-e4aa-43a2-8ca8-85b623ffd1e5_dp0,0,nixl_start_time
1780280980.8874896,1780280980.8895295,2.04,1780280980.8898027,0.2732276916503906,137350849156,137350.849156,1780280980.8874896,2.3131370544433594,0.0030994415283203125,2.0532608032226562,2.04,4718592,2.313035294117647,288,chatcmpl-bbdd4997-b0a1-4104-b9f9-0863a7d4af5c-a3c5aefd,"nixl_xfer_handle(0x556359906f20, released=False)",decode,1,0,452712,3,d61968e8-e4aa-43a2-8ca8-85b623ffd1e5_dp1,0,nixl_start_time
1780280980.9477837,1780280980.9719548,24.171000000000003,1780280980.9719741,0.019311904907226562,137350909450,137350.90945,1780280980.9477837,24.190425872802734,0.005245208740234375,8.678674697875977,8.656,47185920,1.9521707831699142,2880,chatcmpl-1c8a4b24-f425-4f1c-b722-9e690ab1f92d-b333e0c4,"nixl_xfer_handle(0x556359906f20, released=False)",decode,1,0,452712,30,d61968e8-e4aa-43a2-8ca8-85b623ffd1e5_dp0,0,nixl_start_time
1780280980.9602406,1780280980.9657767,5.5360000000000005,1780280980.9661417,0.3650188446044922,137350921907,137350.921907,1780280980.9602406,5.901098251342773,0.00476837158203125,5.560159683227539,5.536,7864320,1.4205780346820809,480,chatcmpl-aa313cd5-c750-4250-92a2-2ba5716755d3-9e9abe1d,"nixl_xfer_handle(0x5af9a3d3e340, released=False)",decode,0,0,452715,5,d61968e8-e4aa-43a2-8ca8-85b623ffd1e5_dp1,0,nixl_start_time
1780280981.0344977,1780280981.0620167,27.519,1780280981.0620666,0.04982948303222656,137350996164,137350.996164,1780280981.0344977,27.568817138671875,0.0069141387939453125,12.465476989746094,12.427,77070336,2.800622697045678,4704,chatcmpl-68dd6d3c-70d6-4f8e-a659-b08b7878882d-a17384c5,"nixl_xfer_handle(0x5af9a3d3e340, released=False)",decode,0,0,452715,49,d61968e8-e4aa-43a2-8ca8-85b623ffd1e5_dp0,0,nixl_start_time
1780280981.1114028,1780280981.1361797,24.777,1780280981.136215,0.03528594970703125,137351073069,137351.073069,1780280981.1114028,24.81222152709961,0.0059604644775390625,9.613037109375,9.576,56623104,2.2853091173265527,3456,chatcmpl-6c3d378d-37ab-4300-ae66-410327451b05-bd13858e,"nixl_xfer_handle(0x556359906f20, released=False)",decode,1,0,452712,36,d61968e8-e4aa-43a2-8ca8-85b623ffd1e5_dp1,0,nixl_start_time
1780280981.1853037,1780280981.1875298,2.226,1780280981.1878738,0.3440380096435547,137351146970,137351.14697,1780280981.1853037,2.5701522827148438,0.0057220458984375,2.2461414337158203,2.226,3145728,1.4131752021563342,192,chatcmpl-aa4b991b-253a-4067-ae68-73eb81095238-876d8836,"nixl_xfer_handle(0x5af9a3d3e340, released=False)",decode,0,0,452715,2,d61968e8-e4aa-43a2-8ca8-85b623ffd1e5_dp0,0,nixl_start_time
1780280981.1854827,1780280981.2156448,30.162000000000003,1780280981.2156858,0.04100799560546875,137351147149,137351.147149,1780280981.1854827,30.20310401916504,0.007152557373046875,13.092279434204102,13.068,77070336,2.555213049532524,4704,chatcmpl-1711a8e8-8829-4b21-bcb1-7b42334aae41-b514bc2f,"nixl_xfer_handle(0x556359906f20, released=False)",decode,1,0,452712,49,d61968e8-e4aa-43a2-8ca8-85b623ffd1e5_dp0,0,nixl_start_time
1780280981.2021697,1780280981.2272727,25.103,1780280981.227332,0.05936622619628906,137351163836,137351.163836,1780280981.2021697,25.162458419799805,0.0054836273193359375,9.995698928833008,9.973,23592960,0.9398462335179062,1440,chatcmpl-8d5e9b78-9dca-4e6c-a48b-d9dcab0009f6-b50f6d90,"nixl_xfer_handle(0x556359a5c0e0, released=False)",decode,1,0,452712,15,d61968e8-e4aa-43a2-8ca8-85b623ffd1e5_dp1,0,nixl_start_time
1780280981.2021797,1780280981.2029197,0.74,1780280981.203286,0.3662109375,137351163846,137351.163846,1780280981.2021797,1.10626220703125,0.0040531158447265625,0.7603168487548828,0.74,1572864,2.125491891891892,48,chatcmpl-9ff58653-9190-4b2a-837c-ffbc2c7d74f6-a1888189,"nixl_xfer_handle(0x5af9a3d3e340, released=False)",decode,0,0,452715,1,d61968e8-e4aa-43a2-8ca8-85b623ffd1e5_dp1,0,nixl_start_time
1780280981.2154818,1780280981.2208087,5.327,1780280981.221163,0.3542900085449219,137351177148,137351.177148,1780280981.2154818,5.681276321411133,0.003814697265625,5.347013473510742,5.327,7864320,1.4763131218321757,480,chatcmpl-0ae3367c-9b5d-493a-b0ba-5b253073c73c-be87bc03,"nixl_xfer_handle(0x5af9a3d3e340, released=False)",decode,0,0,452715,5,d61968e8-e4aa-43a2-8ca8-85b623ffd1e5_dp0,0,nixl_start_time
1780280981.2394586,1780280981.2409127,1.454,1780280981.2411766,0.2639293670654297,137351201125,137351.201125,1780280981.2394586,1.7180442810058594,0.0045299530029296875,1.4729499816894531,1.454,3145728,2.1634993122420907,192,chatcmpl-6c756126-2bd5-48a3-92f6-6d4691a40af6-b8cf246c,"nixl_xfer_handle(0x556359a5c0e0, released=False)",decode,1,0,452712,2,d61968e8-e4aa-43a2-8ca8-85b623ffd1e5_dp1,0,nixl_start_time
1780280981.3631456,1780280981.3724446,9.299,1780280981.3726761,0.2315044403076172,137351324812,137351.324812,1780280981.3631456,9.53054428100586,0.005245208740234375,9.320974349975586,9.299,14155776,1.5222901387245942,864,chatcmpl-3e922e8f-d522-4e47-96f1-dcb575b5a50a-afd76f6f,"nixl_xfer_handle(0x5af9a3d3e340, released=False)",decode,0,0,452715,9,d61968e8-e4aa-43a2-8ca8-85b623ffd1e5_dp0,0,nixl_start_time
1780280981.3879187,1780280981.3893826,1.464,1780280981.3896487,0.26607513427734375,137351349585,137351.349585,1780280981.3879187,1.7299652099609375,0.0045299530029296875,1.483917236328125,1.464,3145728,2.14872131147541,192,chatcmpl-1f88445c-b472-45fa-a13b-2b3f84643ad1-a8a188a0,"nixl_xfer_handle(0x556359a5c0e0, released=False)",decode,1,0,452712,2,d61968e8-e4aa-43a2-8ca8-85b623ffd1e5_dp1,0,nixl_start_time
1780280981.3998857,1780280981.4030986,3.213,1780280981.4034657,0.36716461181640625,137351361552,137351.361552,1780280981.3998857,3.5800933837890625,0.005245208740234375,3.233194351196289,3.213,4718592,1.4685938375350138,288,chatcmpl-2f39ae6e-0314-4675-9f5a-650434d6575c-89dd5394,"nixl_xfer_handle(0x5af9a3d3e340, released=False)",decode,0,0,452715,3,d61968e8-e4aa-43a2-8ca8-85b623ffd1e5_dp0,0,nixl_start_time
1780280981.5108986,1780280981.5436206,32.722,1780280981.5436528,0.03218650817871094,137351472565,137351.472565,1780280981.5108986,32.75418281555176,0.0057220458984375,11.838912963867188,11.795,77070336,2.3553063993643417,4704,chatcmpl-aee4d868-f76f-4dcd-af0f-97eac8f02264-bfd54958,"nixl_xfer_handle(0x5af9a3d3e340, released=False)",decode,0,0,452715,49,d61968e8-e4aa-43a2-8ca8-85b623ffd1e5_dp1,0,nixl_start_time
1780280981.5378866,1780280981.5432286,5.3420000000000005,1780280981.5436735,0.4448890686035156,137351499553,137351.499553,1780280981.5378866,5.786895751953125,0.00476837158203125,5.363225936889648,5.342,9437184,1.7666012729314862,576,chatcmpl-f7fdcb64-1fcd-4d86-9ff4-7ccc7e36950f-9f64ce0a,"nixl_xfer_handle(0x5af9a379d9b0, released=False)",decode,0,0,452715,6,d61968e8-e4aa-43a2-8ca8-85b623ffd1e5_dp0,0,nixl_start_time
1780280981.5379167,1780280981.5501857,12.269,1780280981.5502048,0.019073486328125,137351499583,137351.499583,1780280981.5379167,12.288093566894531,0.0050067901611328125,7.415533065795898,7.395,29884416,2.4357662401173688,1824,chatcmpl-6c156d40-969e-4681-aa88-4053458a38e6-b3a8a01a,"nixl_xfer_handle(0x556359a5c0e0, released=False)",decode,1,0,452712,19,d61968e8-e4aa-43a2-8ca8-85b623ffd1e5_dp0,0,nixl_start_time
1780280981.6118586,1780280981.6124337,0.575,1780280981.612791,0.3573894500732422,137351573525,137351.573525,1780280981.6118586,0.9324550628662109,0.00476837158203125,0.5953311920166016,0.575,1572864,2.735415652173913,48,chatcmpl-b2808d9a-d06a-4820-8137-168ec137ca56-963b4107,"nixl_xfer_handle(0x5af9a379d9b0, released=False)",decode,0,0,452715,1,d61968e8-e4aa-43a2-8ca8-85b623ffd1e5_dp1,0,nixl_start_time
1780280981.6120276,1780280981.6372447,25.217,1780280981.6372676,0.02288818359375,137351573694,137351.573694,1780280981.6120276,25.239944458007812,0.017881393432617188,9.957313537597656,9.922,61341696,2.4325532775508587,3744,chatcmpl-06573f8d-a2d6-4533-99a8-d27a4408af56-b351f689,"nixl_xfer_handle(0x556359a5c0e0, released=False)",decode,1,0,452712,39,d61968e8-e4aa-43a2-8ca8-85b623ffd1e5_dp1,0,nixl_start_time
1780280981.6253006,1780280981.6372945,11.994,1780280981.6373026,0.008106231689453125,137351586967,137351.586967,1780280981.6253006,12.001991271972656,0.0054836273193359375,1.3570785522460938,1.333,3145728,0.2622751375687844,192,chatcmpl-c40d8cb4-1d25-4c16-8512-48533c1633eb-b4221d62,"nixl_xfer_handle(0x556359906f20, released=False)",decode,1,0,452712,2,d61968e8-e4aa-43a2-8ca8-85b623ffd1e5_dp0,0,nixl_start_time
1780280981.6490636,1780280981.6616616,12.597999999999999,1780280981.6617181,0.05650520324707031,137351610730,137351.61073,1780280981.6490636,12.654542922973633,0.0057220458984375,4.64320182800293,4.622,22020096,1.747904111763772,1344,chatcmpl-efb06a80-085f-4100-8af7-d72cb5201d40-a6ef8ac7,"nixl_xfer_handle(0x556359906f20, released=False)",decode,1,0,452712,14,d61968e8-e4aa-43a2-8ca8-85b623ffd1e5_dp1,0,nixl_start_time
1780280981.6491287,1780280981.6566617,7.5329999999999995,1780280981.6570313,0.3695487976074219,137351610795,137351.610795,1780280981.6491287,7.902622222900391,0.0057220458984375,7.558107376098633,7.533,12582912,1.6703719633612109,768,chatcmpl-4a209883-da0e-44c0-84e4-3e2f647d2cbc-9847ff0c,"nixl_xfer_handle(0x5af9a379d9b0, released=False)",decode,0,0,452715,8,d61968e8-e4aa-43a2-8ca8-85b623ffd1e5_dp1,0,nixl_start_time
1780280981.6617057,1780280981.6741228,12.417,1780280981.6741428,0.02002716064453125,137351623372,137351.623372,1780280981.6617057,12.437105178833008,0.0050067901611328125,7.361412048339844,7.338,34603008,2.786744624305388,2112,chatcmpl-30ba9d5f-0ee9-4e6d-bb80-42e013cd120d-a089557f,"nixl_xfer_handle(0x5af9a379d9b0, released=False)",decode,0,0,452715,22,d61968e8-e4aa-43a2-8ca8-85b623ffd1e5_dp0,0,nixl_start_time
1780280981.6861367,1780280981.6888938,2.757,1780280981.6891537,0.2598762512207031,137351647803,137351.647803,1780280981.6861367,3.016948699951172,0.0054836273193359375,2.777576446533203,2.757,6291456,2.281993471164309,384,chatcmpl-ee882f68-2f5a-4e5e-9ce2-25fff1d2dc38-96029be2,"nixl_xfer_handle(0x556359906f20, released=False)",decode,1,0,452712,4,d61968e8-e4aa-43a2-8ca8-85b623ffd1e5_dp1,0,nixl_start_time
1780280981.7844098,1780280981.7865887,2.179,1780280981.7868397,0.2510547637939453,137351746076,137351.746076,1780280981.7844098,2.429962158203125,0.0045299530029296875,2.2001266479492188,2.179,4718592,2.1654850849013307,288,chatcmpl-d136f21c-8256-4b5e-a061-0dadc812ba4a-9fdf6366,"nixl_xfer_handle(0x556359906f20, released=False)",decode,1,0,452712,3,d61968e8-e4aa-43a2-8ca8-85b623ffd1e5_dp0,0,nixl_start_time
1780280981.7966497,1780280981.7993808,2.731,1780280981.7997475,0.3666877746582031,137351758316,137351.758316,1780280981.7966497,3.0977725982666016,0.0045299530029296875,2.7565956115722656,2.731,3145728,1.1518593921640425,192,chatcmpl-d9956ad5-9276-4d22-8ec3-364675bd8223-93c655c9,"nixl_xfer_handle(0x5af9a379d9b0, released=False)",decode,0,0,452715,2,d61968e8-e4aa-43a2-8ca8-85b623ffd1e5_dp1,0,nixl_start_time
1780280981.8702536,1780280981.8750587,4.805000000000001,1780280981.8753083,0.24962425231933594,137351831920,137351.83192,1780280981.8702536,5.054712295532227,0.00476837158203125,4.824638366699219,4.805,11010048,2.2913731529656607,672,chatcmpl-a55edba2-7488-424a-b109-8cad7d34b7d1-aa590408,"nixl_xfer_handle(0x556359906f20, released=False)",decode,1,0,452712,7,d61968e8-e4aa-43a2-8ca8-85b623ffd1e5_dp1,0,nixl_start_time
1780280981.9070237,1780280981.9194896,12.466,1780280981.9195406,0.051021575927734375,137351868690,137351.86869,1780280981.9070237,12.516975402832031,0.00476837158203125,6.743192672729492,6.724,26738688,2.1449292475533452,1632,chatcmpl-fde6355c-4d1a-4589-af6c-632d58370051-867b406f,"nixl_xfer_handle(0x556359906f20, released=False)",decode,1,0,452712,17,d61968e8-e4aa-43a2-8ca8-85b623ffd1e5_dp0,0,nixl_start_time
1780280981.9192607,1780280981.9214518,2.191,1780280981.921802,0.3502368927001953,137351880927,137351.880927,1780280981.9192607,2.5413036346435547,0.00476837158203125,2.2132396697998047,2.191,3145728,1.435749885896851,192,chatcmpl-78e9b319-ac45-425f-8aa2-dbd39328dc6d-b147b501,"nixl_xfer_handle(0x5af9a379d9b0, released=False)",decode,0,0,452715,2,d61968e8-e4aa-43a2-8ca8-85b623ffd1e5_dp0,0,nixl_start_time
1780280981.9437866,1780280981.9560497,12.263,1780280981.9560995,0.04982948303222656,137351905453,137351.905453,1780280981.9437866,12.312889099121094,0.0054836273193359375,5.366802215576172,5.346,22020096,1.795653265921879,1344,chatcmpl-9d38b3f6-1c52-4cd0-a2a2-862436b9ea03-99298253,"nixl_xfer_handle(0x556359906f20, released=False)",decode,1,0,452712,14,d61968e8-e4aa-43a2-8ca8-85b623ffd1e5_dp1,0,nixl_start_time
1780280981.9807715,1780280981.9813955,0.624,1780280981.9817498,0.3542900085449219,137351942438,137351.942438,1780280981.9807715,0.9782314300537109,0.005245208740234375,0.6453990936279297,0.624,1572864,2.5206153846153847,48,chatcmpl-e792ce4f-fe2d-4ea0-b8bc-bc428e52c1dd-b7ec0908,"nixl_xfer_handle(0x5af9a379d9b0, released=False)",decode,0,0,452715,1,d61968e8-e4aa-43a2-8ca8-85b623ffd1e5_dp0,0,nixl_start_time
1780280982.0547216,1780280982.0568066,2.085,1780280982.057159,0.3523826599121094,137352016388,137352.016388,1780280982.0547216,2.4373531341552734,0.005245208740234375,2.105236053466797,2.085,3145728,1.5087424460431655,192,chatcmpl-0a470e5f-20cd-4589-a5cb-59aa38950eed-92a66770,"nixl_xfer_handle(0x5af9a379d9b0, released=False)",decode,0,0,452715,2,d61968e8-e4aa-43a2-8ca8-85b623ffd1e5_dp0,0,nixl_start_time
1780280982.1646798,1780280982.166803,2.1229999999999998,1780280982.1671546,0.3516674041748047,137352126346,137352.126346,1780280982.1646798,2.4747848510742188,0.004291534423828125,2.1431446075439453,2.123,3145728,1.4817371643900141,192,chatcmpl-2e313950-39aa-4029-8047-a2886698d436-8c4cd1af,"nixl_xfer_handle(0x5af9a379d9b0, released=False)",decode,0,0,452715,2,d61968e8-e4aa-43a2-8ca8-85b623ffd1e5_dp1,0,nixl_start_time
1780280982.3494477,1780280982.3745728,25.125,1780280982.3746283,0.05555152893066406,137352311114,137352.311114,1780280982.3494477,25.180578231811523,0.007152557373046875,10.147333145141602,10.123,62914560,2.5040620895522383,3840,chatcmpl-a44405e5-6dfa-4104-a80c-a03ee3625f1b-a3baaa49,"nixl_xfer_handle(0x556359906f20, released=False)",decode,1,0,452712,40,d61968e8-e4aa-43a2-8ca8-85b623ffd1e5_dp0,0,nixl_start_time
1780280982.3992467,1780280982.4113157,12.068999999999999,1780280982.4113653,0.049591064453125,137352360913,137352.360913,1780280982.3992467,12.11857795715332,0.0045299530029296875,3.746509552001953,3.726,18874368,1.5638717375093214,1152,chatcmpl-1c91ef65-ee28-4660-9573-1790a06ff8fe-b589ade4,"nixl_xfer_handle(0x5af9a379d9b0, released=False)",decode,0,0,452715,12,d61968e8-e4aa-43a2-8ca8-85b623ffd1e5_dp0,0,nixl_start_time
1780280982.5097797,1780280982.5350058,25.226,1780280982.535028,0.022172927856445312,137352471446,137352.471446,1780280982.5097797,25.248289108276367,0.006198883056640625,10.190486907958984,10.165,67633152,2.681089035122493,4128,chatcmpl-f09c692d-d4de-4284-8b21-c3b5a212b995-aad954c3,"nixl_xfer_handle(0x556359906f20, released=False)",decode,1,0,452712,43,d61968e8-e4aa-43a2-8ca8-85b623ffd1e5_dp1,0,nixl_start_time
1780280982.5843678,1780280982.6112938,26.926,1780280982.6113207,0.026941299438476562,137352546034,137352.546034,1780280982.5843678,26.95298194885254,0.00667572021484375,11.766672134399414,11.742,75497472,2.80388739508282,4608,chatcmpl-918a34bb-5183-4d25-98ed-8a18a05811db-a41059f0,"nixl_xfer_handle(0x5af9a379d9b0, released=False)",decode,0,0,452715,48,d61968e8-e4aa-43a2-8ca8-85b623ffd1e5_dp0,0,nixl_start_time
1780280982.6604407,1780280982.6873677,26.927,1780280982.6874049,0.03719329833984375,137352622107,137352.622107,1780280982.6604407,26.964187622070312,0.0064373016357421875,11.77072525024414,11.745,80216064,2.97901971998366,4896,chatcmpl-46d00131-e48b-44d8-aff9-1df73f208eea-88022608,"nixl_xfer_handle(0x5af9a379d9b0, released=False)",decode,0,0,452715,51,d61968e8-e4aa-43a2-8ca8-85b623ffd1e5_dp0,0,nixl_start_time
1780280982.6870956,1780280982.6885896,1.494,1780280982.688848,0.25844573974609375,137352648762,137352.648762,1780280982.6870956,1.7523765563964844,0.0045299530029296875,1.5189647674560547,1.494,3145728,2.1055742971887548,192,chatcmpl-562065cb-7d7e-41be-bd40-9a3e921b30f6-bf308810,"nixl_xfer_handle(0x556359906f20, released=False)",decode,1,0,452712,2,d61968e8-e4aa-43a2-8ca8-85b623ffd1e5_dp0,0,nixl_start_time
1780280982.6996098,1780280982.7217429,22.133,1780280982.721757,0.014066696166992188,137352661276,137352.661276,1780280982.6996098,22.147178649902344,0.0050067901611328125,3.8890838623046875,3.864,33030144,1.4923482582569014,2016,chatcmpl-e1317616-17b4-43c1-895f-908f6694e98a-ae740608,"nixl_xfer_handle(0x5af9a379d9b0, released=False)",decode,0,0,452715,21,d61968e8-e4aa-43a2-8ca8-85b623ffd1e5_dp1,0,nixl_start_time
1780280982.7121208,1780280982.7251108,12.99,1780280982.7251384,0.02765655517578125,137352673787,137352.673787,1780280982.7121208,13.017654418945312,0.0050067901611328125,9.317636489868164,9.293,37748736,2.905984295612009,2304,chatcmpl-405dbb15-70e7-4e3f-93e8-b99785ffde24-8d828cd8,"nixl_xfer_handle(0x5af9a3d3e340, released=False)",decode,0,0,452715,24,d61968e8-e4aa-43a2-8ca8-85b623ffd1e5_dp0,0,nixl_start_time
1780280982.8467827,1780280982.8717127,24.93,1780280982.8717453,0.03266334533691406,137352808449,137352.808449,1780280982.8467827,24.962663650512695,0.0054836273193359375,9.792327880859375,9.765,56623104,2.2712837545126354,3456,chatcmpl-3ffd0219-9783-43a3-8d55-bc4c9b982eca-ae1db4eb,"nixl_xfer_handle(0x556359906f20, released=False)",decode,1,0,452712,36,d61968e8-e4aa-43a2-8ca8-85b623ffd1e5_dp1,0,nixl_start_time
1780280982.8717217,1780280982.8838367,12.115,1780280982.883886,0.04935264587402344,137352833388,137352.833388,1780280982.8717217,12.16435432434082,0.0045299530029296875,4.117012023925781,4.098,31457280,2.59655633512175,1920,chatcmpl-5bb2a284-2c7a-4be9-bd99-c4a8c0ae550a-bff52c13,"nixl_xfer_handle(0x5af9a3d3e340, released=False)",decode,0,0,452715,20,d61968e8-e4aa-43a2-8ca8-85b623ffd1e5_dp0,0,nixl_start_time
1780280982.9449418,1780280982.9482718,3.33,1780280982.9486442,0.3724098205566406,137352906608,137352.906608,1780280982.9449418,3.702402114868164,0.005245208740234375,3.3559799194335938,3.33,4718592,1.4169945945945945,288,chatcmpl-7db0c1db-91d7-4ecf-9896-939cc86432c5-824cd69a,"nixl_xfer_handle(0x5af9a3d3e340, released=False)",decode,0,0,452715,3,d61968e8-e4aa-43a2-8ca8-85b623ffd1e5_dp1,0,nixl_start_time
1780280983.0310936,1780280983.0558405,24.747,1780280983.0558777,0.03719329833984375,137352992760,137352.99276,1780280983.0310936,24.784088134765625,0.0050067901611328125,9.867668151855469,9.833,59768832,2.415195053945933,3648,chatcmpl-b854a528-7c25-43c5-a63d-0199805615ec-982e0ad6,"nixl_xfer_handle(0x556359906f20, released=False)",decode,1,0,452712,38,d61968e8-e4aa-43a2-8ca8-85b623ffd1e5_dp0,0,nixl_start_time
1780280983.0443616,1780280983.0558987,11.537,1780280983.0559378,0.03910064697265625,137353006028,137353.006028,1780280983.0443616,11.576175689697266,0.004291534423828125,1.462697982788086,1.441,3145728,0.2726642974776805,192,chatcmpl-b2a649fe-fef0-4013-8324-ef6f5dd9a881-869ed360,"nixl_xfer_handle(0x556359a5c0e0, released=False)",decode,1,0,452712,2,d61968e8-e4aa-43a2-8ca8-85b623ffd1e5_dp0,0,nixl_start_time
1780280983.0444207,1780280983.0466647,2.2439999999999998,1780280983.0470176,0.3528594970703125,137353006087,137353.006087,1780280983.0444207,2.5968551635742188,0.005245208740234375,2.2656917572021484,2.244,3145728,1.4018395721925134,192,chatcmpl-717a40a0-9be6-48bf-8f5f-1de048258073-aca20553,"nixl_xfer_handle(0x5af9a3d3e340, released=False)",decode,0,0,452715,2,d61968e8-e4aa-43a2-8ca8-85b623ffd1e5_dp0,0,nixl_start_time
1780280983.0459006,1780280983.0559525,10.052,1780280983.0559802,0.02765655517578125,137353007567,137353.007567,1780280983.0459006,10.079622268676758,0.0030994415283203125,1.233816146850586,1.218,3145728,0.3129454834858735,192,chatcmpl-4194282e-dfc6-494b-ba9a-6aea7534fd92-b5aecb02,"nixl_xfer_handle(0x55635997bbe0, released=False)",decode,1,0,452712,2,d61968e8-e4aa-43a2-8ca8-85b623ffd1e5_dp1,0,nixl_start_time
1780280983.0929418,1780280983.0952928,2.351,1780280983.0956573,0.36454200744628906,137353054608,137353.054608,1780280983.0929418,2.715587615966797,0.0045299530029296875,2.3729801177978516,2.351,3145728,1.3380382815823055,192,chatcmpl-1747dd0b-736d-4e3f-be31-1450f4c9dfd6-a3ffc741,"nixl_xfer_handle(0x5af9a3d3e340, released=False)",decode,0,0,452715,2,d61968e8-e4aa-43a2-8ca8-85b623ffd1e5_dp0,0,nixl_start_time
1780280983.0929456,1780280983.0956905,2.745,1780280983.0959496,0.25916099548339844,137353054612,137353.054612,1780280983.0929456,3.0040740966796875,0.005245208740234375,2.765655517578125,2.745,6291456,2.291969398907104,384,chatcmpl-3ad45f08-d349-4d5e-9ce9-8c756d1b4b84-941356dc,"nixl_xfer_handle(0x556359a5c0e0, released=False)",decode,1,0,452712,4,d61968e8-e4aa-43a2-8ca8-85b623ffd1e5_dp1,0,nixl_start_time
1780280983.1298265,1780280983.1544375,24.611,1780280983.1545074,0.06985664367675781,137353091493,137353.091493,1780280983.1298265,24.68085289001465,0.005245208740234375,8.565425872802734,8.544,42467328,1.725542562268904,2592,chatcmpl-cfc4a0c1-b12f-428e-95f7-0c5eec23c41a-80fd4690,"nixl_xfer_handle(0x5af9a3d3e340, released=False)",decode,0,0,452715,27,d61968e8-e4aa-43a2-8ca8-85b623ffd1e5_dp0,0,nixl_start_time
1780280983.2034857,1780280983.2049327,1.4469999999999998,1780280983.2051923,0.25963783264160156,137353165152,137353.165152,1780280983.2034857,1.7066001892089844,0.005245208740234375,1.4672279357910156,1.447,3145728,2.173965445749827,192,chatcmpl-f2292a02-5d5f-457f-83d4-46c149eefdfc-99f38cf7,"nixl_xfer_handle(0x556359a5c0e0, released=False)",decode,1,0,452712,2,d61968e8-e4aa-43a2-8ca8-85b623ffd1e5_dp1,0,nixl_start_time
1780280983.2159567,1780280983.2281766,12.22,1780280983.2281964,0.019788742065429688,137353177623,137353.177623,1780280983.2159567,12.239694595336914,0.0054836273193359375,5.023717880249023,5.004,18874368,1.5445472995090017,1152,chatcmpl-b4b1d561-b57b-4953-b022-17df352b1fce-91265a14,"nixl_xfer_handle(0x556359a5c0e0, released=False)",decode,1,0,452712,12,d61968e8-e4aa-43a2-8ca8-85b623ffd1e5_dp0,0,nixl_start_time
1780280983.3153627,1780280983.3404007,25.038,1780280983.3404303,0.02956390380859375,137353277029,137353.277029,1780280983.3153627,25.067567825317383,0.0064373016357421875,10.071754455566406,10.045,64487424,2.5755820752456264,3936,chatcmpl-fbd3f64a-eabf-4297-956d-2daa0839955a-95498219,"nixl_xfer_handle(0x5af9a3d3e340, released=False)",decode,0,0,452715,41,d61968e8-e4aa-43a2-8ca8-85b623ffd1e5_dp1,0,nixl_start_time
1780280983.3894947,1780280983.3909836,1.489,1780280983.3912425,0.2589225769042969,137353351161,137353.351161,1780280983.3894947,1.7478466033935547,0.0045299530029296875,1.5082359313964844,1.489,3145728,2.1126447280053724,192,chatcmpl-1d30e675-872a-4f48-b0b3-c2f21c7580ab-8fcea66c,"nixl_xfer_handle(0x556359ce96a0, released=False)",decode,1,0,452712,2,d61968e8-e4aa-43a2-8ca8-85b623ffd1e5_dp0,0,nixl_start_time
1780280983.3896697,1780280983.4143856,24.715999999999998,1780280983.414412,0.026464462280273438,137353351336,137353.351336,1780280983.3896697,24.74236488342285,0.0050067901611328125,8.543729782104492,8.524,51904512,2.100036899174624,3168,chatcmpl-3a8afb4d-a7f3-4405-81ac-943d0c8a5751-85ac62cd,"nixl_xfer_handle(0x5af9a3d3e340, released=False)",decode,0,0,452715,33,d61968e8-e4aa-43a2-8ca8-85b623ffd1e5_dp0,0,nixl_start_time
1780280983.4633937,1780280983.4887798,25.386,1780280983.488827,0.047206878662109375,137353425060,137353.42506,1780280983.4633937,25.43330192565918,0.0054836273193359375,10.301589965820312,10.28,62914560,2.4783171826991257,3840,chatcmpl-82008522-9ea7-43d8-9959-63b123f1f6bd-afbad50a,"nixl_xfer_handle(0x556359ce96a0, released=False)",decode,1,0,452712,40,d61968e8-e4aa-43a2-8ca8-85b623ffd1e5_dp1,0,nixl_start_time
1780280983.5382257,1780280983.5712876,33.062,1780280983.5713325,0.04482269287109375,137353499892,137353.499892,1780280983.5382257,33.10680389404297,0.005245208740234375,10.986089706420898,10.963,72351744,2.1883656161151777,4416,chatcmpl-41ad0f31-e954-4588-bdfe-765a5aa864f5-b8ac8960,"nixl_xfer_handle(0x5563599e7b20, released=False)",decode,1,0,452712,46,d61968e8-e4aa-43a2-8ca8-85b623ffd1e5_dp0,0,nixl_start_time
1780280983.5526206,1780280983.5560696,3.449,1780280983.5564332,0.3635883331298828,137353514287,137353.514287,1780280983.5526206,3.812551498413086,0.0045299530029296875,3.4704208374023438,3.449,4718592,1.368104378080603,288,chatcmpl-ca447307-85f9-40ce-82d9-a6aaed257f96-863ae41b,"nixl_xfer_handle(0x5af9a3d3e340, released=False)",decode,0,0,452715,3,d61968e8-e4aa-43a2-8ca8-85b623ffd1e5_dp1,0,nixl_start_time
1780280983.5643578,1780280983.5697067,5.348999999999999,1780280983.5700853,0.37860870361328125,137353526024,137353.526024,1780280983.5643578,5.727529525756836,0.022649765014648438,5.396127700805664,5.349,7864320,1.4702411665731914,480,chatcmpl-757bce10-8df6-4245-9852-0ba25100de35-a30e72d5,"nixl_xfer_handle(0x5af9a3d3e340, released=False)",decode,0,0,452715,5,d61968e8-e4aa-43a2-8ca8-85b623ffd1e5_dp0,0,nixl_start_time
1780280983.5643587,1780280983.5710177,6.659,1780280983.5713637,0.3459453582763672,137353526025,137353.526025,1780280983.5643587,7.004976272583008,0.0050067901611328125,6.680965423583984,6.659,15728640,2.3620123141612854,960,chatcmpl-fc01e2ec-27c3-4278-b7f0-88752c5f84b8-b9cab37f,"nixl_xfer_handle(0x556359906f20, released=False)",decode,1,0,452712,10,d61968e8-e4aa-43a2-8ca8-85b623ffd1e5_dp0,0,nixl_start_time
1780280983.6633046,1780280983.6879237,24.619,1780280983.6879506,0.026941299438476562,137353624971,137353.624971,1780280983.6633046,24.64604377746582,0.0054836273193359375,9.39035415649414,9.363,51904512,2.108311141801048,3168,chatcmpl-a168d3b9-3cf4-470e-8fb4-1bd6d805b59c-b514d3ac,"nixl_xfer_handle(0x5af9a3d3e340, released=False)",decode,0,0,452715,33,d61968e8-e4aa-43a2-8ca8-85b623ffd1e5_dp1,0,nixl_start_time
1780280983.8118358,1780280983.8365698,24.733999999999998,1780280983.8366265,0.056743621826171875,137353773502,137353.773502,1780280983.8118358,24.79076385498047,0.005245208740234375,8.38613510131836,8.364,48758784,1.9713262715290694,2976,chatcmpl-20bb0fa9-b024-4c81-bedb-daae47a4b194-be4d7538,"nixl_xfer_handle(0x5af9a3d3e340, released=False)",decode,0,0,452715,31,d61968e8-e4aa-43a2-8ca8-85b623ffd1e5_dp0,0,nixl_start_time
1780280983.8363736,1780280983.8378446,1.471,1780280983.8381076,0.26297569274902344,137353798040,137353.79804,1780280983.8363736,1.734018325805664,0.0045299530029296875,1.4917850494384766,1.471,3145728,2.1384962610469067,192,chatcmpl-8f45f20f-40bb-4a6a-8847-30e1e1fbdfcc-9ff213f1,"nixl_xfer_handle(0x556359906f20, released=False)",decode,1,0,452712,2,d61968e8-e4aa-43a2-8ca8-85b623ffd1e5_dp0,0,nixl_start_time
1780280983.8487105,1780280983.8576396,8.929,1780280983.8580608,0.42128562927246094,137353810377,137353.810377,1780280983.8487105,9.350299835205078,0.0035762786865234375,8.954524993896484,8.929,12582912,1.4092185015119276,768,chatcmpl-510dba61-48e6-42b1-9afc-d7f94790410d-88196201,"nixl_xfer_handle(0x5af9a3d3e340, released=False)",decode,0,0,452715,8,d61968e8-e4aa-43a2-8ca8-85b623ffd1e5_dp1,0,nixl_start_time
1780280983.9608576,1780280983.9858747,25.017,1780280983.9859242,0.049591064453125,137353922524,137353.922524,1780280983.9608576,25.066614151000977,0.006198883056640625,10.087728500366211,10.064,56623104,2.263385058160451,3456,chatcmpl-f9949fca-092d-498a-8689-40f393e9b5d4-b6fe642b,"nixl_xfer_handle(0x556359906f20, released=False)",decode,1,0,452712,36,d61968e8-e4aa-43a2-8ca8-85b623ffd1e5_dp1,0,nixl_start_time
1780280983.9742877,1780280983.9859507,11.663,1780280983.9859793,0.0286102294921875,137353935954,137353.935954,1780280983.9742877,11.691570281982422,0.0054836273193359375,1.24359130859375,1.218,3145728,0.2697185972734288,192,chatcmpl-d0a3f6aa-879c-498b-b1c6-81b97e27ab08-85914ac7,"nixl_xfer_handle(0x556336e044c0, released=False)",decode,1,0,452712,2,d61968e8-e4aa-43a2-8ca8-85b623ffd1e5_dp0,0,nixl_start_time
1780280984.1103947,1780280984.1229608,12.566,1780280984.1229882,0.027418136596679688,137354072061,137354.072061,1780280984.1103947,12.593507766723633,0.0059604644775390625,9.075164794921875,9.051,34603008,2.7537010982014962,2112,chatcmpl-d9fed8ab-59e8-4c3f-b475-5db28eaec530-978b313e,"nixl_xfer_handle(0x5af9a3d3e340, released=False)",decode,0,0,452715,22,d61968e8-e4aa-43a2-8ca8-85b623ffd1e5_dp1,0,nixl_start_time
1780280984.2088556,1780280984.2120206,3.165,1780280984.2122638,0.24318695068359375,137354170522,137354.170522,1780280984.2088556,3.408193588256836,0.00476837158203125,3.184080123901367,3.165,4718592,1.4908663507109006,288,chatcmpl-ff61de9c-b67f-4a09-8335-3a19f8a31e68-8597e950,"nixl_xfer_handle(0x5af9a3d3e340, released=False)",decode,0,0,452715,3,d61968e8-e4aa-43a2-8ca8-85b623ffd1e5_dp1,0,nixl_start_time
1780280984.2090287,1780280984.2348528,25.823999999999998,1780280984.2349048,0.051975250244140625,137354170695,137354.170695,1780280984.2090287,25.87604522705078,0.005245208740234375,10.536432266235352,10.514,66060288,2.558096654275093,4032,chatcmpl-a7f22a7b-ee5d-4c8f-8ce1-b00cc14b6255-898a3c66,"nixl_xfer_handle(0x556359906f20, released=False)",decode,1,0,452712,42,d61968e8-e4aa-43a2-8ca8-85b623ffd1e5_dp0,0,nixl_start_time
1780280984.2714167,1780280984.2735546,2.1380000000000003,1780280984.2738016,0.24700164794921875,137354233083,137354.233083,1780280984.2714167,2.3849010467529297,0.003814697265625,2.1572113037109375,2.138,4718592,2.2070121608980355,288,chatcmpl-d68134bc-3201-4a6f-8b76-d3b3feb4914a-be8d3448,"nixl_xfer_handle(0x556359a4e320, released=False)",decode,1,0,452712,3,d61968e8-e4aa-43a2-8ca8-85b623ffd1e5_dp0,0,nixl_start_time
1780280984.3584657,1780280984.3612626,2.797,1780280984.361539,0.27632713317871094,137354320132,137354.320132,1780280984.3584657,3.0732154846191406,0.0050067901611328125,2.8181076049804688,2.797,6291456,2.2493585984983913,384,chatcmpl-b1d5cbad-f84e-483f-aa0c-796f1ceae837-910c26da,"nixl_xfer_handle(0x556359a4e320, released=False)",decode,1,0,452712,4,d61968e8-e4aa-43a2-8ca8-85b623ffd1e5_dp1,0,nixl_start_time
1780280984.4082355,1780280984.4088855,0.65,1780280984.4091372,0.25177001953125,137354369902,137354.369902,1780280984.4082355,0.9016990661621094,0.005245208740234375,0.6716251373291016,0.65,1572864,2.419790769230769,48,chatcmpl-3f524ba6-04c5-4306-ba34-1364eecb94a1-978aedfa,"nixl_xfer_handle(0x5af9a3d3e340, released=False)",decode,0,0,452715,1,d61968e8-e4aa-43a2-8ca8-85b623ffd1e5_dp0,0,nixl_start_time
1780280984.4449778,1780280984.4454048,0.42700000000000005,1780280984.4456615,0.2567768096923828,137354406644,137354.406644,1780280984.4449778,0.6837844848632812,0.0045299530029296875,0.4477500915527344,0.427,1572864,3.6835222482435594,48,chatcmpl-74789811-8331-42e8-8586-b479369600e7-834d5cba,"nixl_xfer_handle(0x556359a4e320, released=False)",decode,1,0,452712,1,d61968e8-e4aa-43a2-8ca8-85b623ffd1e5_dp0,0,nixl_start_time
1780280984.4581537,1780280984.4614737,3.32,1780280984.4618394,0.3657341003417969,137354419820,137354.41982,1780280984.4581537,3.6857128143310547,0.005245208740234375,3.3462047576904297,3.32,4718592,1.4212626506024095,288,chatcmpl-dd24136a-a3e5-4cd6-8380-7686e92d7f33-8afeb2be,"nixl_xfer_handle(0x5af9a3d3e340, released=False)",decode,0,0,452715,3,d61968e8-e4aa-43a2-8ca8-85b623ffd1e5_dp1,0,nixl_start_time
1780280984.5192246,1780280984.5318227,12.597999999999999,1780280984.5318694,0.04673004150390625,137354480891,137354.480891,1780280984.5192246,12.644767761230469,0.004291534423828125,7.962226867675781,7.942,31457280,2.497005873948246,1920,chatcmpl-e4ab15f8-a642-4b7d-b07f-53bd8bfcd08f-987a3f30,"nixl_xfer_handle(0x556359a4e320, released=False)",decode,1,0,452712,20,d61968e8-e4aa-43a2-8ca8-85b623ffd1e5_dp0,0,nixl_start_time
1780280984.5811136,1780280984.5834155,2.3019999999999996,1780280984.5837672,0.3516674041748047,137354542780,137354.54278,1780280984.5811136,2.6535987854003906,0.0040531158447265625,2.3221969604492188,2.302,3145728,1.3665195482189403,192,chatcmpl-ac426649-2309-49c9-98e6-74bcb9c3316f-86c07b0a,"nixl_xfer_handle(0x5af9a3d3e340, released=False)",decode,0,0,452715,2,d61968e8-e4aa-43a2-8ca8-85b623ffd1e5_dp0,0,nixl_start_time
1780280984.6179557,1780280984.6203456,2.39,1780280984.6206994,0.35381317138671875,137354579622,137354.579622,1780280984.6179557,2.7437210083007812,0.0045299530029296875,2.4123191833496094,2.39,3145728,1.3162041841004184,192,chatcmpl-2eb19646-f570-4b34-ac26-dce3ee3006f6-95c0a5f7,"nixl_xfer_handle(0x5af9a3d3e340, released=False)",decode,0,0,452715,2,d61968e8-e4aa-43a2-8ca8-85b623ffd1e5_dp1,0,nixl_start_time
1780280984.6305788,1780280984.6375427,6.9639999999999995,1780280984.637904,0.3612041473388672,137354592245,137354.592245,1780280984.6305788,7.325172424316406,0.0050067901611328125,6.986141204833984,6.964,9437184,1.3551384261918438,576,chatcmpl-dfb0603a-06d5-4347-9656-d5401132b875-ab06ee46,"nixl_xfer_handle(0x5af9a3d3e340, released=False)",decode,0,0,452715,6,d61968e8-e4aa-43a2-8ca8-85b623ffd1e5_dp0,0,nixl_start_time
1780280984.6798487,1780280984.6813097,1.461,1780280984.6815832,0.2734661102294922,137354641515,137354.641515,1780280984.6798487,1.7344951629638672,0.005245208740234375,1.481771469116211,1.461,3145728,2.1531334702258724,192,chatcmpl-a2239395-6361-4afa-80fc-7b28eb805e2e-8be68e90,"nixl_xfer_handle(0x556359a4e320, released=False)",decode,1,0,452712,2,d61968e8-e4aa-43a2-8ca8-85b623ffd1e5_dp1,0,nixl_start_time
1780280984.7291148,1780280984.7538838,24.769,1780280984.7539353,0.0514984130859375,137354690781,137354.690781,1780280984.7291148,24.820566177368164,0.0050067901611328125,7.561445236206055,7.54,42467328,1.714535427348702,2592,chatcmpl-f2fc98de-9c7f-4ab8-a2e6-b088f5ebbb0e-bfeeeabd,"nixl_xfer_handle(0x556359a4e320, released=False)",decode,1,0,452712,27,d61968e8-e4aa-43a2-8ca8-85b623ffd1e5_dp0,0,nixl_start_time
1780280984.7537827,1780280984.7560377,2.255,1780280984.756406,0.36835670471191406,137354715449,137354.715449,1780280984.7537827,2.623319625854492,0.00476837158203125,2.275228500366211,2.255,3145728,1.39500133037694,192,chatcmpl-e1285f13-bb0a-4567-9dbf-713579e50bf8-80ff6770,"nixl_xfer_handle(0x5af9a3d3e340, released=False)",decode,0,0,452715,2,d61968e8-e4aa-43a2-8ca8-85b623ffd1e5_dp1,0,nixl_start_time
1780280984.8034136,1780280984.8156307,12.217,1780280984.8156714,0.04076957702636719,137354765080,137354.76508,1780280984.8034136,12.257814407348633,0.00476837158203125,5.359172821044922,5.339,23592960,1.9311582221494639,1440,chatcmpl-9596497e-e1fa-4b9c-bb19-bcb7cccc820e-982e1cf8,"nixl_xfer_handle(0x556359a1bd90, released=False)",decode,1,0,452712,15,d61968e8-e4aa-43a2-8ca8-85b623ffd1e5_dp0,0,nixl_start_time
1780280984.8896716,1780280984.9021935,12.522,1780280984.902214,0.020503997802734375,137354851338,137354.851338,1780280984.8896716,12.542486190795898,0.0050067901611328125,8.018732070922852,7.999,31457280,2.5121609966459033,1920,chatcmpl-4a68e8a2-7ec3-4555-837b-84a4f50d71db-908fb5f9,"nixl_xfer_handle(0x5af9a3d3e340, released=False)",decode,0,0,452715,20,d61968e8-e4aa-43a2-8ca8-85b623ffd1e5_dp0,0,nixl_start_time
1780280984.9762166,1780280984.9784296,2.213,1780280984.9787672,0.3376007080078125,137354937883,137354.937883,1780280984.9762166,2.5506019592285156,0.0035762786865234375,2.2346973419189453,2.213,3145728,1.4214767284229552,192,chatcmpl-c05ee32a-83f8-4b8a-9561-6fcf09d62a84-83eb5921,"nixl_xfer_handle(0x5af9a3d3e340, released=False)",decode,0,0,452715,2,d61968e8-e4aa-43a2-8ca8-85b623ffd1e5_dp0,0,nixl_start_time
1780280985.0501356,1780280985.0522497,2.114,1780280985.0525086,0.2589225769042969,137355011802,137355.011802,1780280985.0501356,2.3729801177978516,0.0050067901611328125,2.1347999572753906,2.114,4718592,2.2320681173131502,288,chatcmpl-b71430a4-0fe3-4d8a-b569-29a798dd0858-87458c5e,"nixl_xfer_handle(0x556359a1bd90, released=False)",decode,1,0,452712,3,d61968e8-e4aa-43a2-8ca8-85b623ffd1e5_dp1,0,nixl_start_time
1780280985.1488876,1780280985.1733227,24.435,1780280985.173369,0.046253204345703125,137355110554,137355.110554,1780280985.1488876,24.48129653930664,0.0054836273193359375,8.728504180908203,8.707,51904512,2.124187108655617,3168,chatcmpl-64cb6423-c76b-4fb1-80d4-f1c9d8788fc2-9dce1157,"nixl_xfer_handle(0x5af9a3d3e340, released=False)",decode,0,0,452715,33,d61968e8-e4aa-43a2-8ca8-85b623ffd1e5_dp0,0,nixl_start_time
1780280985.1621006,1780280985.1734035,11.303,1780280985.173441,0.03743171691894531,137355123767,137355.123767,1780280985.1621006,11.34037971496582,0.0050067901611328125,0.5445480346679688,0.522,1572864,0.13915456073608776,48,chatcmpl-d2172ae6-714e-41ad-aa38-1a65903ab385-9429c40f,"nixl_xfer_handle(0x5af9a379d9b0, released=False)",decode,0,0,452715,1,d61968e8-e4aa-43a2-8ca8-85b623ffd1e5_dp1,0,nixl_start_time
1780280985.1621487,1780280985.1749506,12.802,1780280985.1749883,0.037670135498046875,137355123815,137355.123815,1780280985.1621487,12.839555740356445,0.005245208740234375,4.143238067626953,4.123,33030144,2.580076862990158,2016,chatcmpl-ab4cda63-da5f-432c-aaae-470008a334b2-b39abd32,"nixl_xfer_handle(0x556359a1bd90, released=False)",decode,1,0,452712,21,d61968e8-e4aa-43a2-8ca8-85b623ffd1e5_dp1,0,nixl_start_time
1780280985.1730897,1780280985.1746778,1.588,1780280985.1750097,0.331878662109375,137355134756,137355.134756,1780280985.1730897,1.9199848175048828,0.0050067901611328125,1.6109943389892578,1.588,3145728,1.9809370277078084,192,chatcmpl-a2c86a21-a0c3-4688-b3cb-79f46b8f2365-a6ee5b43,"nixl_xfer_handle(0x5563599e7b20, released=False)",decode,1,0,452712,2,d61968e8-e4aa-43a2-8ca8-85b623ffd1e5_dp0,0,nixl_start_time
1780280985.2479596,1780280985.2799506,31.991,1780280985.279966,0.015497207641601562,137355209626,137355.209626,1780280985.2479596,32.00650215148926,0.0057220458984375,11.41810417175293,11.396,75497472,2.3599597386765025,4608,chatcmpl-6071a287-fd7a-403a-9637-1a40c225088c-acee844e,"nixl_xfer_handle(0x5563599e7b20, released=False)",decode,1,0,452712,48,d61968e8-e4aa-43a2-8ca8-85b623ffd1e5_dp0,0,nixl_start_time
1780280985.2743998,1780280985.2796867,5.287,1780280985.2799845,0.29778480529785156,137355236066,137355.236066,1780280985.2743998,5.584716796875,0.0054836273193359375,5.308628082275391,5.287,12582912,2.3799720068091545,768,chatcmpl-9f59982f-64be-4d9d-9679-d4307f205ea1-92b1eb3f,"nixl_xfer_handle(0x556359a1bd90, released=False)",decode,1,0,452712,8,d61968e8-e4aa-43a2-8ca8-85b623ffd1e5_dp0,0,nixl_start_time
1780280985.3863647,1780280985.3870096,0.6449999999999999,1780280985.3880177,1.0080337524414062,137355348031,137355.348031,1780280985.3863647,1.6529560089111328,0.0057220458984375,0.6692409515380859,0.645,1572864,2.4385488372093023,48,chatcmpl-d5d8fde8-58f5-42db-a9de-dcc139370bfc-b6a1973c,"nixl_xfer_handle(0x5af9a379d9b0, released=False)",decode,0,0,452715,1,d61968e8-e4aa-43a2-8ca8-85b623ffd1e5_dp0,0,nixl_start_time
1780280985.3870926,1780280985.3876595,0.5670000000000001,1780280985.3880386,0.3790855407714844,137355348759,137355.348759,1780280985.3870926,0.946044921875,0.0030994415283203125,0.5793571472167969,0.567,1572864,2.774010582010582,48,chatcmpl-788046dc-ff14-4cd3-966e-9beb0b4ce8b8-955fad89,"nixl_xfer_handle(0x5af9a3d3e340, released=False)",decode,0,0,452715,1,d61968e8-e4aa-43a2-8ca8-85b623ffd1e5_dp1,0,nixl_start_time
1780280985.4114907,1780280985.4246306,13.14,1780280985.4246864,0.055789947509765625,137355373157,137355.373157,1780280985.4114907,13.19575309753418,0.010013580322265625,9.442806243896484,9.374,34603008,2.6334100456621004,2112,chatcmpl-079e7e2f-92c8-4551-aa81-92ca70207b67-9fb94673,"nixl_xfer_handle(0x5af9a3d3e340, released=False)",decode,0,0,452715,22,d61968e8-e4aa-43a2-8ca8-85b623ffd1e5_dp1,0,nixl_start_time
1780280985.4361727,1780280985.4383068,2.134,1780280985.438582,0.2751350402832031,137355397839,137355.397839,1780280985.4361727,2.409219741821289,0.004291534423828125,2.1560192108154297,2.134,4718592,2.211149015932521,288,chatcmpl-f010c27d-13d6-4ffa-ac5c-c1c2742bd500-92f671f9,"nixl_xfer_handle(0x556359a1bd90, released=False)",decode,1,0,452712,3,d61968e8-e4aa-43a2-8ca8-85b623ffd1e5_dp0,0,nixl_start_time
1780280985.4362297,1780280985.4430237,6.794,1780280985.4434054,0.38170814514160156,137355397896,137355.397896,1780280985.4362297,7.175683975219727,0.0057220458984375,6.817817687988281,6.794,9437184,1.389046806005299,576,chatcmpl-b201a481-8e77-41ef-a60e-383e67820337-9f9ac5e3,"nixl_xfer_handle(0x5af9a3d3e340, released=False)",decode,0,0,452715,6,d61968e8-e4aa-43a2-8ca8-85b623ffd1e5_dp0,0,nixl_start_time
1780280985.4738166,1780280985.4759507,2.134,1780280985.4762151,0.2644062042236328,137355435483,137355.435483,1780280985.4738166,2.3984909057617188,0.005245208740234375,2.155780792236328,2.134,4718592,2.211149015932521,288,chatcmpl-e0963bb9-59f9-4a75-aa0d-eac87591c12d-965ff942,"nixl_xfer_handle(0x556359a1bd90, released=False)",decode,1,0,452712,3,d61968e8-e4aa-43a2-8ca8-85b623ffd1e5_dp1,0,nixl_start_time
1780280985.5621696,1780280985.5662255,4.056,1780280985.5664897,0.26416778564453125,137355523836,137355.523836,1780280985.5621696,4.3201446533203125,0.00476837158203125,4.0760040283203125,4.056,9437184,2.3267218934911247,576,chatcmpl-93020c97-6d33-44c9-a216-725688507927-be61bbfb,"nixl_xfer_handle(0x556359a1bd90, released=False)",decode,1,0,452712,6,d61968e8-e4aa-43a2-8ca8-85b623ffd1e5_dp1,0,nixl_start_time
1780280985.5622876,1780280985.5740466,11.759,1780280985.5741074,0.06079673767089844,137355523954,137355.523954,1780280985.5622876,11.819839477539062,0.0064373016357421875,7.551908493041992,7.528,26738688,2.2738913172888853,1632,chatcmpl-e3c29aa8-dc7f-4b0c-b262-23e804e63e97-817cce46,"nixl_xfer_handle(0x5af9a3d3e340, released=False)",decode,0,0,452715,17,d61968e8-e4aa-43a2-8ca8-85b623ffd1e5_dp0,0,nixl_start_time
1780280985.6238728,1780280985.6261628,2.29,1780280985.626525,0.36215782165527344,137355585539,137355.585539,1780280985.6238728,2.6521682739257812,0.00476837158203125,2.3093223571777344,2.29,3145728,1.373680349344978,192,chatcmpl-e6d7e267-908c-4e44-8462-461fe9c20bc6-a16a9372,"nixl_xfer_handle(0x5af9a3ec2fe0, released=False)",decode,0,0,452715,2,d61968e8-e4aa-43a2-8ca8-85b623ffd1e5_dp1,0,nixl_start_time
1780280985.6239486,1780280985.6362576,12.309000000000001,1780280985.6363084,0.05078315734863281,137355585615,137355.585615,1780280985.6239486,12.359857559204102,0.00476837158203125,3.8690567016601562,3.848,28311552,2.300069217645625,1728,chatcmpl-d4d10fea-de5a-4bf2-be42-6aadecde0128-8eecd065,"nixl_xfer_handle(0x556359a1bd90, released=False)",decode,1,0,452712,18,d61968e8-e4aa-43a2-8ca8-85b623ffd1e5_dp0,0,nixl_start_time
1780280985.6614907,1780280985.6739457,12.455,1780280985.6740012,0.05555152893066406,137355623157,137355.623157,1780280985.6614907,12.510538101196289,0.0045299530029296875,5.380392074584961,5.358,22020096,1.7679723805700522,1344,chatcmpl-eb62156e-c1a8-49a4-badc-7fd446fc8f4b-b48f9401,"nixl_xfer_handle(0x5af9a3ec2fe0, released=False)",decode,0,0,452715,14,d61968e8-e4aa-43a2-8ca8-85b623ffd1e5_dp0,0,nixl_start_time
1780280985.7362766,1780280985.7397985,3.522,1780280985.740142,0.34356117248535156,137355697943,137355.697943,1780280985.7362766,3.865480422973633,0.0050067901611328125,3.543376922607422,3.522,4718592,1.3397478705281092,288,chatcmpl-1940a917-034a-496b-b91c-06d3fc76a3bf-81c55d49,"nixl_xfer_handle(0x5af9a3d5bb00, released=False)",decode,0,0,452715,3,d61968e8-e4aa-43a2-8ca8-85b623ffd1e5_dp1,0,nixl_start_time
1780280985.7989557,1780280985.8013546,2.399,1780280985.8017168,0.36215782165527344,137355760622,137355.760622,1780280985.7989557,2.7611255645751953,0.0054836273193359375,2.421855926513672,2.399,3145728,1.3112663609837432,192,chatcmpl-b39136f0-34ee-4c27-bbb4-a410801d1e84-9bd902f8,"nixl_xfer_handle(0x5af9a3d5bb00, released=False)",decode,0,0,452715,2,d61968e8-e4aa-43a2-8ca8-85b623ffd1e5_dp0,0,nixl_start_time
1780280985.8111956,1780280985.8134265,2.231,1780280985.8137257,0.29921531677246094,137355772862,137355.772862,1780280985.8111956,2.5300979614257812,0.00476837158203125,2.2711753845214844,2.231,4718592,2.1150121021963244,288,chatcmpl-e3271cac-9541-4291-920b-53822274a920-b5f8c3d4,"nixl_xfer_handle(0x556356e1d9f0, released=False)",decode,1,0,452712,3,d61968e8-e4aa-43a2-8ca8-85b623ffd1e5_dp1,0,nixl_start_time
1780280985.8488536,1780280985.8516736,2.82,1780280985.8519387,0.2651214599609375,137355810520,137355.81052,1780280985.8488536,3.0851364135742188,0.005245208740234375,2.8417110443115234,2.82,6291456,2.2310127659574466,384,chatcmpl-601f4a92-a916-4b29-b959-eed9f0c2e9df-9f0c883d,"nixl_xfer_handle(0x556356e1d9f0, released=False)",decode,1,0,452712,4,d61968e8-e4aa-43a2-8ca8-85b623ffd1e5_dp0,0,nixl_start_time
1780280985.8741107,1780280985.8766167,2.506,1780280985.876988,0.3712177276611328,137355835777,137355.835777,1780280985.8741107,2.8772354125976562,0.0050067901611328125,2.526998519897461,2.506,3145728,1.2552785315243415,192,chatcmpl-a575c82d-e491-414b-8cd1-f9d490516ee2-afbf3fc7,"nixl_xfer_handle(0x5af9a3d5bb00, released=False)",decode,0,0,452715,2,d61968e8-e4aa-43a2-8ca8-85b623ffd1e5_dp1,0,nixl_start_time
1780280985.9114738,1780280985.9240468,12.573,1780280985.9240782,0.03147125244140625,137355873140,137355.87314,1780280985.9114738,12.604475021362305,0.006198883056640625,9.050130844116211,9.027,34603008,2.7521679790026243,2112,chatcmpl-748c300b-16ea-47ce-a7ea-ff06ceabeb48-b61f32f8,"nixl_xfer_handle(0x5af9a3d5bb00, released=False)",decode,0,0,452715,22,d61968e8-e4aa-43a2-8ca8-85b623ffd1e5_dp0,0,nixl_start_time
1780280985.9360926,1780280985.9375796,1.487,1780280985.9378388,0.25916099548339844,137355897759,137355.897759,1780280985.9360926,1.7461776733398438,0.0045299530029296875,1.5072822570800781,1.487,3145728,2.115486213853396,192,chatcmpl-ef2816e5-0c94-4a0c-8fbf-9aa45bf6747c-be653b1c,"nixl_xfer_handle(0x556356e1d9f0, released=False)",decode,1,0,452712,2,d61968e8-e4aa-43a2-8ca8-85b623ffd1e5_dp0,0,nixl_start_time
1780280986.1240127,1780280986.1365247,12.512,1780280986.1365771,0.05245208740234375,137356085679,137356.085679,1780280986.1240127,12.564420700073242,0.00476837158203125,8.887529373168945,8.868,36175872,2.8912941176470586,2208,chatcmpl-5ebdc9b7-87a0-4e94-9c28-b034936c8ef4-b875a7af,"nixl_xfer_handle(0x556356e1d9f0, released=False)",decode,1,0,452712,23,d61968e8-e4aa-43a2-8ca8-85b623ffd1e5_dp0,0,nixl_start_time
1780280986.1993177,1780280986.2300627,30.745,1780280986.2300782,0.015497207641601562,137356160984,137356.160984,1780280986.1993177,30.760526657104492,0.0054836273193359375,11.181116104125977,11.158,72351744,2.3532848918523337,4416,chatcmpl-40bdcef1-5454-4093-9adf-9d9bfd5192d2-b99f8554,"nixl_xfer_handle(0x556356e1d9f0, released=False)",decode,1,0,452712,46,d61968e8-e4aa-43a2-8ca8-85b623ffd1e5_dp1,0,nixl_start_time
1780280986.2257097,1780280986.2298048,4.095,1780280986.2300973,0.2925395965576172,137356187376,137356.187376,1780280986.2257097,4.387617111206055,0.00476837158203125,4.118919372558594,4.095,9437184,2.3045626373626376,576,chatcmpl-81b6e56d-8679-4664-925c-b3717f121bb0-a7e27d0d,"nixl_xfer_handle(0x5563599e7b20, released=False)",decode,1,0,452712,6,d61968e8-e4aa-43a2-8ca8-85b623ffd1e5_dp0,0,nixl_start_time
1780280986.2258897,1780280986.2382207,12.331,1780280986.2382538,0.03314018249511719,137356187556,137356.187556,1780280986.2258897,12.36414909362793,0.0059604644775390625,5.410432815551758,5.391,22020096,1.7857510339794016,1344,chatcmpl-194950e5-d0ca-4207-b905-436338ee0b0e-97b1e4ec,"nixl_xfer_handle(0x5af9a3e92430, released=False)",decode,0,0,452715,14,d61968e8-e4aa-43a2-8ca8-85b623ffd1e5_dp0,0,nixl_start_time
1780280986.2881396,1780280986.2896106,1.471,1780280986.289868,0.2574920654296875,137356249806,137356.249806,1780280986.2881396,1.7285346984863281,0.003814697265625,1.4903545379638672,1.471,3145728,2.1384962610469067,192,chatcmpl-e51a9abf-eebd-49b5-adbe-f067f9d7063a-a7ea2212,"nixl_xfer_handle(0x5563599e7b20, released=False)",decode,1,0,452712,2,d61968e8-e4aa-43a2-8ca8-85b623ffd1e5_dp1,0,nixl_start_time
1780280986.2885387,1780280986.3158398,27.301,1780280986.3158617,0.02193450927734375,137356250205,137356.250205,1780280986.2885387,27.323007583618164,0.0064373016357421875,11.906623840332031,11.883,78643200,2.880597780301088,4800,chatcmpl-1aa742ca-411e-4f7b-a342-90e2aa9ac277-91091feb,"nixl_xfer_handle(0x5af9a3d3e340, released=False)",decode,0,0,452715,50,d61968e8-e4aa-43a2-8ca8-85b623ffd1e5_dp1,0,nixl_start_time
1780280986.3156376,1780280986.3282666,12.629,1780280986.3282866,0.02002716064453125,137356277304,137356.277304,1780280986.3156376,12.649059295654297,0.0050067901611328125,5.618572235107422,5.6,23592960,1.8681574154723255,1440,chatcmpl-694d2e39-cb12-4658-b268-12476ce7c871-866b0fd0,"nixl_xfer_handle(0x5563599e7b20, released=False)",decode,1,0,452712,15,d61968e8-e4aa-43a2-8ca8-85b623ffd1e5_dp0,0,nixl_start_time
1780280986.3213117,1780280986.3283126,7.001,1780280986.328322,0.009298324584960938,137356282978,137356.282978,1780280986.3213117,7.010221481323242,0.0030994415283203125,1.1501312255859375,1.133,3145728,0.44932552492501066,192,chatcmpl-e8cd75a7-525e-47ed-bdc7-8b8082acf8b6-aa86b490,"nixl_xfer_handle(0x556356e1d9f0, released=False)",decode,1,0,452712,2,d61968e8-e4aa-43a2-8ca8-85b623ffd1e5_dp0,0,nixl_start_time
1780280986.4781787,1780280986.4927897,14.611,1780280986.4928381,0.04839897155761719,137356439845,137356.439845,1780280986.4781787,14.659404754638672,0.0057220458984375,5.121946334838867,5.1,18874368,1.2917916638149338,1152,chatcmpl-2734936e-8741-4e11-9148-646ce441b2bd-b3faf643,"nixl_xfer_handle(0x556356e1d9f0, released=False)",decode,1,0,452712,12,d61968e8-e4aa-43a2-8ca8-85b623ffd1e5_dp1,0,nixl_start_time
1780280986.4784176,1780280986.5045276,26.110000000000003,1780280986.5045478,0.020265579223632812,137356440084,137356.440084,1780280986.4784176,26.130199432373047,0.0054836273193359375,10.495424270629883,10.457,72351744,2.7710357717349674,4416,chatcmpl-24797d2d-74fe-4648-ac64-a8e2169e84cd-9b52ca79,"nixl_xfer_handle(0x5af9a3877da0, released=False)",decode,0,0,452715,46,d61968e8-e4aa-43a2-8ca8-85b623ffd1e5_dp0,0,nixl_start_time
1780280986.4927406,1780280986.5168686,24.128,1780280986.5168881,0.019550323486328125,137356454407,137356.454407,1780280986.4927406,24.147510528564453,0.00476837158203125,2.2737979888916016,2.247,4718592,0.19556498673740053,288,chatcmpl-06ff7e78-144b-4cf0-81de-a70586b8a987-9ce6ee72,"nixl_xfer_handle(0x5af9a3e92430, released=False)",decode,0,0,452715,3,d61968e8-e4aa-43a2-8ca8-85b623ffd1e5_dp1,0,nixl_start_time
1780280986.5295746,1780280986.5321267,2.552,1780280986.5325024,0.3757476806640625,137356491241,137356.491241,1780280986.5295746,2.9277801513671875,0.0045299530029296875,2.574443817138672,2.552,3145728,1.232652037617555,192,chatcmpl-2187c5ff-9a5b-48c5-9c40-a06bb58292dc-be6adab4,"nixl_xfer_handle(0x5af9a3877da0, released=False)",decode,0,0,452715,2,d61968e8-e4aa-43a2-8ca8-85b623ffd1e5_dp0,0,nixl_start_time
1780280986.5666976,1780280986.5681286,1.431,1780280986.568405,0.27632713317871094,137356528364,137356.528364,1780280986.5666976,1.707315444946289,0.0050067901611328125,1.4548301696777344,1.431,3145728,2.198272536687631,192,chatcmpl-359afc86-4249-4f25-80ec-c219db4150b3-b43d51b7,"nixl_xfer_handle(0x556356e1d9f0, released=False)",decode,1,0,452712,2,d61968e8-e4aa-43a2-8ca8-85b623ffd1e5_dp1,0,nixl_start_time
1780280986.6921897,1780280986.7048798,12.69,1780280986.7048976,0.017881393432617188,137356653856,137356.653856,1780280986.6921897,12.707948684692383,0.0054836273193359375,3.6988258361816406,3.677,29884416,2.3549579196217496,1824,chatcmpl-20d73d37-b669-489e-b70f-5d0b64f93a2b-961eafd6,"nixl_xfer_handle(0x5af9a3877da0, released=False)",decode,0,0,452715,19,d61968e8-e4aa-43a2-8ca8-85b623ffd1e5_dp0,0,nixl_start_time
1780280986.7046626,1780280986.7060645,1.4020000000000001,1780280986.7063253,0.2608299255371094,137356666329,137356.666329,1780280986.7046626,1.6627311706542969,0.0054836273193359375,1.4231204986572266,1.402,3145728,2.243743223965763,192,chatcmpl-3aed5ea7-1fcd-4169-ad3c-7bd95dcf7a84-94d47785,"nixl_xfer_handle(0x556356e1d9f0, released=False)",decode,1,0,452712,2,d61968e8-e4aa-43a2-8ca8-85b623ffd1e5_dp1,0,nixl_start_time
1780280986.7801476,1780280986.7947726,14.625,1780280986.7947943,0.021696090698242188,137356741814,137356.741814,1780280986.7801476,14.646768569946289,0.0045299530029296875,6.286382675170898,6.267,26738688,1.8282863589743588,1632,chatcmpl-87f6b7bb-2094-4d0d-a9ef-927181dd3ea9-877b210a,"nixl_xfer_handle(0x5af9a3d5bb00, released=False)",decode,0,0,452715,17,d61968e8-e4aa-43a2-8ca8-85b623ffd1e5_dp0,0,nixl_start_time
1780280986.7801948,1780280986.8065476,26.353,1780280986.8065748,0.027179718017578125,137356741861,137356.741861,1780280986.7801948,26.380062103271484,0.0054836273193359375,10.669708251953125,10.644,66060288,2.506746404583918,4032,chatcmpl-d64ae554-f3b1-4a44-a0da-d6a325121a7d-8788a98d,"nixl_xfer_handle(0x556356e1d9f0, released=False)",decode,1,0,452712,42,d61968e8-e4aa-43a2-8ca8-85b623ffd1e5_dp0,0,nixl_start_time
1780280986.7945306,1780280986.8188426,24.312,1780280986.8188725,0.029802322387695312,137356756197,137356.756197,1780280986.7945306,24.341821670532227,0.0050067901611328125,4.129171371459961,4.102,12582912,0.5175597235932873,768,chatcmpl-6a12e016-b7e9-4070-95f5-7fe710e2d892-942370a3,"nixl_xfer_handle(0x556359cd2e60, released=False)",decode,1,0,452712,8,d61968e8-e4aa-43a2-8ca8-85b623ffd1e5_dp1,0,nixl_start_time
1780280986.8062787,1780280986.8189678,12.689,1780280986.8189998,0.031948089599609375,137356767945,137356.767945,1780280986.8062787,12.721061706542969,0.00476837158203125,5.002260208129883,4.982,18874368,1.4874590590275039,1152,chatcmpl-0b610b2c-79db-4942-b006-9508e3e0ff31-bf79c729,"nixl_xfer_handle(0x5af9a3d5bb00, released=False)",decode,0,0,452715,12,d61968e8-e4aa-43a2-8ca8-85b623ffd1e5_dp0,0,nixl_start_time
1780280986.9688537,1780280986.9956536,26.8,1780280986.9956908,0.03719329833984375,137356930520,137356.93052,1780280986.9688537,26.83711051940918,0.0054836273193359375,11.299848556518555,11.275,73924608,2.758380895522388,4512,chatcmpl-ef5fd0cb-6fa2-4bab-9aed-d8f3b56263f4-a31fce13,"nixl_xfer_handle(0x5af9a3d5bb00, released=False)",decode,0,0,452715,47,d61968e8-e4aa-43a2-8ca8-85b623ffd1e5_dp0,0,nixl_start_time
1780280986.9838717,1780280986.9955378,11.665999999999999,1780280986.9955819,0.04410743713378906,137356945538,137356.945538,1780280986.9838717,11.710166931152344,0.004291534423828125,4.768610000610352,4.749,17301504,1.4830708040459457,1056,chatcmpl-40b7a28e-5f94-4a1e-8d24-3aa04a1cc7d1-90054fc1,"nixl_xfer_handle(0x556356e1d9f0, released=False)",decode,1,0,452712,11,d61968e8-e4aa-43a2-8ca8-85b623ffd1e5_dp0,0,nixl_start_time
1780280987.0080216,1780280987.0103936,2.372,1780280987.0107436,0.34999847412109375,137356969688,137356.969688,1780280987.0080216,2.722024917602539,0.0045299530029296875,2.391338348388672,2.372,3145728,1.3261922428330524,192,chatcmpl-c69d5c94-414d-4d63-a54f-bebfd5f0c430-9c5fabc9,"nixl_xfer_handle(0x5af9a3877da0, released=False)",decode,0,0,452715,2,d61968e8-e4aa-43a2-8ca8-85b623ffd1e5_dp1,0,nixl_start_time
1780280987.1087687,1780280987.1212647,12.496,1780280987.1213317,0.06699562072753906,137357070435,137357.070435,1780280987.1087687,12.562990188598633,0.0069141387939453125,1.932382583618164,1.899,3145728,0.25173879641485275,192,chatcmpl-4947343d-214f-4e31-92e2-38146fbbf9b4-998e459c,"nixl_xfer_handle(0x5af9a3877da0, released=False)",decode,0,0,452715,2,d61968e8-e4aa-43a2-8ca8-85b623ffd1e5_dp0,0,nixl_start_time
1780280987.1588686,1780280987.1718006,12.932,1780280987.171872,0.07128715515136719,137357120535,137357.120535,1780280987.1588686,13.003349304199219,0.0073909759521484375,3.905773162841797,3.868,29884416,2.3108889576244973,1824,chatcmpl-c1d28ece-aab2-46a7-b80e-55baa5df80f0-819645d6,"nixl_xfer_handle(0x556356e1d9f0, released=False)",decode,1,0,452712,19,d61968e8-e4aa-43a2-8ca8-85b623ffd1e5_dp0,0,nixl_start_time
1780280987.2086515,1780280987.2213616,12.71,1780280987.2213914,0.029802322387695312,137357170318,137357.170318,1780280987.2086515,12.739896774291992,0.0045299530029296875,3.986358642578125,3.944,7864320,0.618750590086546,480,chatcmpl-b5531e7e-c42d-4e4a-af07-5562f8888bb1-8b2c7895,"nixl_xfer_handle(0x556359cd6160, released=False)",decode,1,0,452712,5,d61968e8-e4aa-43a2-8ca8-85b623ffd1e5_dp1,0,nixl_start_time
1780280987.2213266,1780280987.2464416,25.115,1780280987.2465146,0.07295608520507812,137357182993,137357.182993,1780280987.2213266,25.187969207763672,0.00667572021484375,9.010791778564453,8.972,15728640,0.6262647820027872,960,chatcmpl-ef583e58-f0de-4c84-a382-beea13ee4b45-a50e2b7c,"nixl_xfer_handle(0x5af9a3877da0, released=False)",decode,0,0,452715,10,d61968e8-e4aa-43a2-8ca8-85b623ffd1e5_dp0,0,nixl_start_time
1780280987.2966735,1780280987.3248465,28.173000000000002,1780280987.3248641,0.017642974853515625,137357258340,137357.25834,1780280987.2966735,28.19061279296875,0.010728836059570312,10.123014450073242,10.094,66060288,2.344808433606645,4032,chatcmpl-424ec4b6-66bc-4326-9971-fd786d93dca3-b3249ea6,"nixl_xfer_handle(0x556359cd6160, released=False)",decode,1,0,452712,42,d61968e8-e4aa-43a2-8ca8-85b623ffd1e5_dp1,0,nixl_start_time
1780280987.3218946,1780280987.3346276,12.732999999999999,1780280987.33465,0.022411346435546875,137357283561,137357.283561,1780280987.3218946,12.755393981933594,0.004291534423828125,2.1593570709228516,2.118,4718592,0.37057975339668575,288,chatcmpl-76dce14e-1317-4c7e-95c1-b2228d05857b-9813cb68,"nixl_xfer_handle(0x5563599e7b20, released=False)",decode,1,0,452712,3,d61968e8-e4aa-43a2-8ca8-85b623ffd1e5_dp0,0,nixl_start_time
1780280987.3473527,1780280987.3702826,22.93,1780280987.3703463,0.06365776062011719,137357309019,137357.309019,1780280987.3473527,22.99356460571289,0.022649765014648438,6.756782531738281,6.704,14155776,0.6173474051460969,864,chatcmpl-106e960e-fa99-45a3-80fa-d9c867d7835a-904840f3,"nixl_xfer_handle(0x5563599e7b20, released=False)",decode,1,0,452712,9,d61968e8-e4aa-43a2-8ca8-85b623ffd1e5_dp1,0,nixl_start_time
1780280987.3604558,1780280987.3613117,0.856,1780280987.3613539,0.04220008850097656,137357322122,137357.322122,1780280987.3604558,0.8981227874755859,0.0059604644775390625,0.5750656127929688,0.553,1572864,1.8374579439252336,48,chatcmpl-7d1985b6-f693-4413-aa91-863c3f722f8f-b03ebbe7,"nixl_xfer_handle(0x5af9a37a6520, released=False)",decode,0,0,452715,1,d61968e8-e4aa-43a2-8ca8-85b623ffd1e5_dp0,0,nixl_start_time
1780280987.3607526,1780280987.3854606,24.708000000000002,1780280987.3854816,0.0209808349609375,137357322419,137357.322419,1780280987.3607526,24.729013442993164,0.0057220458984375,9.188175201416016,9.164,37748736,1.5277940747935892,2304,chatcmpl-03893da0-072d-474a-af10-f3372bc53067-88272dab,"nixl_xfer_handle(0x556359cd6160, released=False)",decode,1,0,452712,24,d61968e8-e4aa-43a2-8ca8-85b623ffd1e5_dp0,0,nixl_start_time
1780280987.4356947,1780280987.4476047,11.91,1780280987.4476173,0.012636184692382812,137357397361,137357.397361,1780280987.4356947,11.922597885131836,0.00476837158203125,2.0220279693603516,1.999,3145728,0.2641249370277078,192,chatcmpl-90a4f757-f005-4c75-b540-b01a1ee713a5-adedd45b,"nixl_xfer_handle(0x5af9a37a6520, released=False)",decode,0,0,452715,2,d61968e8-e4aa-43a2-8ca8-85b623ffd1e5_dp1,0,nixl_start_time
1780280987.4380407,1780280987.4628587,24.818,1780280987.4628794,0.020742416381835938,137357399707,137357.399707,1780280987.4380407,24.838685989379883,0.0064373016357421875,9.233236312866211,9.218,53477376,2.154781851881699,3264,chatcmpl-0edef300-ce06-40d5-ba96-66c5c89b5f4c-9be4f548,"nixl_xfer_handle(0x5af9a379d9b0, released=False)",decode,0,0,452715,34,d61968e8-e4aa-43a2-8ca8-85b623ffd1e5_dp1,0,nixl_start_time
1780280987.5129917,1780280987.5379987,25.007,1780280987.538028,0.029325485229492188,137357474658,137357.474658,1780280987.5129917,25.036334991455078,0.00476837158203125,9.236574172973633,9.211,55050240,2.2013932099012274,3360,chatcmpl-b9785aab-5cc7-4b25-8a3b-89ccccdde7b8-bd4dd53b,"nixl_xfer_handle(0x556359cd6160, released=False)",decode,1,0,452712,35,d61968e8-e4aa-43a2-8ca8-85b623ffd1e5_dp0,0,nixl_start_time
1780280987.5256348,1780280987.5379367,12.302,1780280987.537954,0.017404556274414062,137357487301,137357.487301,1780280987.5256348,12.319326400756836,0.005245208740234375,1.9702911376953125,1.948,3145728,0.25570866525768166,192,chatcmpl-691a6026-3a59-462d-b89e-a46c5b5ad7d1-86319591,"nixl_xfer_handle(0x5af9a3d5bb00, released=False)",decode,0,0,452715,2,d61968e8-e4aa-43a2-8ca8-85b623ffd1e5_dp0,0,nixl_start_time
1780280987.6263127,1780280987.6519377,25.625,1780280987.6519618,0.024080276489257812,137357587979,137357.587979,1780280987.6263127,25.649070739746094,0.0064373016357421875,10.222196578979492,10.187,62914560,2.4552023414634148,3840,chatcmpl-afa54341-a322-425f-9d2c-d94f9facf857-86001101,"nixl_xfer_handle(0x5af9a3d5bb00, released=False)",decode,0,0,452715,40,d61968e8-e4aa-43a2-8ca8-85b623ffd1e5_dp1,0,nixl_start_time
1780280987.7020307,1780280987.7273657,25.335,1780280987.727395,0.029325485229492188,137357663697,137357.663697,1780280987.7020307,25.364398956298828,0.00476837158203125,10.166168212890625,10.144,55050240,2.1728928359976316,3360,chatcmpl-dbcfaef5-37a8-448b-8f4f-095755665bbc-8ef05526,"nixl_xfer_handle(0x556359cebd20, released=False)",decode,1,0,452712,35,d61968e8-e4aa-43a2-8ca8-85b623ffd1e5_dp0,0,nixl_start_time
1780280987.7020407,1780280987.7156036,13.563,1780280987.7156236,0.02002716064453125,137357663707,137357.663707,1780280987.7020407,13.582944869995117,0.0054836273193359375,7.734537124633789,7.713,37748736,2.783214333112143,2304,chatcmpl-f059044b-2573-4ff8-9921-56499d4a84ac-99438bce,"nixl_xfer_handle(0x5af9a3d5bb00, released=False)",decode,0,0,452715,24,d61968e8-e4aa-43a2-8ca8-85b623ffd1e5_dp0,0,nixl_start_time
1780280987.7901406,1780280987.8093746,19.234,1780280987.8093903,0.015735626220703125,137357751807,137357.751807,1780280987.7901406,19.249677658081055,0.0054836273193359375,11.910200119018555,11.877,12582912,0.6542015181449515,768,chatcmpl-036534d7-5c76-4226-948d-d121da8d2c4d-823fa89a,"nixl_xfer_handle(0x5af9a3d5bb00, released=False)",decode,0,0,452715,8,d61968e8-e4aa-43a2-8ca8-85b623ffd1e5_dp1,0,nixl_start_time
1780280987.7902186,1780280987.8127897,22.571,1780280987.8128083,0.018596649169921875,137357751885,137357.751885,1780280987.7902186,22.589683532714844,0.0050067901611328125,7.102727890014648,7.082,42467328,1.8814996234105712,2592,chatcmpl-21d61bd2-0d0d-487d-a68c-03ae4219b1cb-851a6fc4,"nixl_xfer_handle(0x556359999930, released=False)",decode,1,0,452712,27,d61968e8-e4aa-43a2-8ca8-85b623ffd1e5_dp1,0,nixl_start_time
1780280987.7973917,1780280987.8338146,36.422999999999995,1780280987.8338516,0.03695487976074219,137357759058,137357.759058,1780280987.7973917,36.459922790527344,0.0021457672119140625,1.5304088592529297,1.514,3145728,0.08636652664525163,192,chatcmpl-4a534435-2e84-4683-b17e-16617b8efa8f-81563bb8,"nixl_xfer_handle(0x5563599e7b20, released=False)",decode,1,0,452712,2,d61968e8-e4aa-43a2-8ca8-85b623ffd1e5_dp1,0,nixl_start_time
1780280987.8053906,1780280987.8197815,14.391,1780280987.819816,0.03457069396972656,137357767057,137357.767057,1780280987.8053906,14.425516128540039,0.0050067901611328125,3.668546676635742,3.633,4718592,0.32788492808005004,288,chatcmpl-83fc01cc-5f49-45f9-8740-c903fb963d8d-b5944b2a,"nixl_xfer_handle(0x5af9a37a6520, released=False)",decode,0,0,452715,3,d61968e8-e4aa-43a2-8ca8-85b623ffd1e5_dp0,0,nixl_start_time
1780280987.8056548,1780280987.8178198,12.165000000000001,1780280987.8178387,0.018835067749023438,137357767321,137357.767321,1780280987.8056548,12.183904647827148,0.007152557373046875,6.870746612548828,6.846,29884416,2.4565898890258935,1824,chatcmpl-0b04aa8e-4438-4c8f-8911-f83a288e9c9f-944bb91c,"nixl_xfer_handle(0x556359991180, released=False)",decode,1,0,452712,19,d61968e8-e4aa-43a2-8ca8-85b623ffd1e5_dp0,0,nixl_start_time
1780280987.8172677,1780280987.8300116,12.744,1780280987.8300555,0.0438690185546875,137357778934,137357.778934,1780280987.8172677,12.787818908691406,0.0050067901611328125,2.2253990173339844,2.202,3145728,0.24683992467043314,192,chatcmpl-82e350ff-34a0-47fc-ad35-6b573522187e-a2b203e9,"nixl_xfer_handle(0x5af9a3d5bb00, released=False)",decode,0,0,452715,2,d61968e8-e4aa-43a2-8ca8-85b623ffd1e5_dp1,0,nixl_start_time
1780280987.8300107,1780280987.8425696,12.559000000000001,1780280987.8425913,0.021696090698242188,137357791677,137357.791677,1780280987.8300107,12.580633163452148,0.00476837158203125,3.5479068756103516,3.529,23592960,1.8785699498367703,1440,chatcmpl-e01c403e-f924-40ac-933d-815106ea2ece-8f5b50fb,"nixl_xfer_handle(0x556359991180, released=False)",decode,1,0,452712,15,d61968e8-e4aa-43a2-8ca8-85b623ffd1e5_dp0,0,nixl_start_time
1780280988.0671825,1780280988.0795085,12.326,1780280988.0795274,0.018835067749023438,137358028849,137358.028849,1780280988.0671825,12.344837188720703,0.006198883056640625,4.212379455566406,4.187,6291456,0.5104215479474281,384,chatcmpl-07b38236-60f8-4b0d-81a4-52cce60a87e0-93a6883e,"nixl_xfer_handle(0x5af9a3d5bb00, released=False)",decode,0,0,452715,4,d61968e8-e4aa-43a2-8ca8-85b623ffd1e5_dp0,0,nixl_start_time
1780280988.1676397,1780280988.1802766,12.637,1780280988.180328,0.05125999450683594,137358129306,137358.129306,1780280988.1676397,12.688159942626953,0.0054836273193359375,6.788492202758789,6.768,25165824,1.9914397404447257,1536,chatcmpl-dab21514-885f-43fc-aedf-89be40968db0-b448a828,"nixl_xfer_handle(0x5af9a3d5bb00, released=False)",decode,0,0,452715,16,d61968e8-e4aa-43a2-8ca8-85b623ffd1e5_dp1,0,nixl_start_time
1780280988.2794366,1780280988.3043756,24.939,1780280988.3044236,0.04792213439941406,137358241103,137358.241103,1780280988.2794366,24.986982345581055,0.006198883056640625,10.073661804199219,10.05,53477376,2.144327198364008,3264,chatcmpl-6fb0c9c9-c057-4bbc-ac94-36fa19dc23ab-9990b31e,"nixl_xfer_handle(0x5563599e7b20, released=False)",decode,1,0,452712,34,d61968e8-e4aa-43a2-8ca8-85b623ffd1e5_dp0,0,nixl_start_time
1780280988.3044267,1780280988.3294287,25.002,1780280988.3295043,0.07557868957519531,137358266093,137358.266093,1780280988.3044267,25.07758140563965,0.0059604644775390625,8.816242218017578,8.783,44040192,1.7614667626589873,2688,chatcmpl-b242a1ba-5372-4a39-afcc-f2e400a5d08d-b1973c51,"nixl_xfer_handle(0x5af96b7c6030, released=False)",decode,0,0,452715,28,d61968e8-e4aa-43a2-8ca8-85b623ffd1e5_dp1,0,nixl_start_time
1780280988.3169827,1780280988.3414547,24.472,1780280988.341477,0.022172927856445312,137358278649,137358.278649,1780280988.3169827,24.494171142578125,0.0045299530029296875,7.448434829711914,7.427,44040192,1.7996155606407322,2688,chatcmpl-352cc34d-6570-48ac-865f-3a583df90919-8a2d3560,"nixl_xfer_handle(0x5563599e7b20, released=False)",decode,1,0,452712,28,d61968e8-e4aa-43a2-8ca8-85b623ffd1e5_dp0,0,nixl_start_time
1780280988.3539147,1780280988.3660467,12.132,1780280988.36614,0.09322166442871094,137358315581,137358.315581,1780280988.3539147,12.225151062011719,0.0040531158447265625,2.0024776458740234,1.981,3145728,0.2592917903066271,192,chatcmpl-96da4869-1c45-4c24-b5d1-ad20857ba5aa-bef5e269,"nixl_xfer_handle(0x5af9a3d9e660, released=False)",decode,0,0,452715,2,d61968e8-e4aa-43a2-8ca8-85b623ffd1e5_dp0,0,nixl_start_time
1780280988.3539736,1780280988.3660927,12.119,1780280988.3661225,0.029802322387695312,137358315640,137358.31564,1780280988.3539736,12.148857116699219,0.0054836273193359375,5.504608154296875,5.48,23592960,1.946774486343758,1440,chatcmpl-7fce960c-26f3-45e6-97b8-75c4094e487d-bfc0b895,"nixl_xfer_handle(0x5563599e7b20, released=False)",decode,1,0,452712,15,d61968e8-e4aa-43a2-8ca8-85b623ffd1e5_dp1,0,nixl_start_time
1780280988.3792737,1780280988.3801367,0.8630000000000001,1780280988.3801541,0.017404556274414062,137358340940,137358.34094,1780280988.3792737,0.8804798126220703,0.0045299530029296875,0.5543231964111328,0.528,1572864,1.8225538818076477,48,chatcmpl-c943090d-63af-49ae-95aa-b449ac998905-83d8d06e,"nixl_xfer_handle(0x556359a4ef20, released=False)",decode,1,0,452712,1,d61968e8-e4aa-43a2-8ca8-85b623ffd1e5_dp0,0,nixl_start_time
1780280988.3792746,1780280988.3907166,11.442,1780280988.390766,0.04935264587402344,137358340941,137358.340941,1780280988.3792746,11.49129867553711,0.0054836273193359375,1.9888877868652344,1.965,3145728,0.27492815941269005,192,chatcmpl-14a95106-390c-47ba-8875-2f0983e9fd57-b4da7be9,"nixl_xfer_handle(0x5af9a3d9e660, released=False)",decode,0,0,452715,2,d61968e8-e4aa-43a2-8ca8-85b623ffd1e5_dp1,0,nixl_start_time
1780280988.4911377,1780280988.5127287,21.590999999999998,1780280988.5127437,0.015020370483398438,137358452804,137358.452804,1780280988.4911377,21.605968475341797,0.005245208740234375,8.311271667480469,8.286,9437184,0.4370887869945811,576,chatcmpl-fb0d1e3e-f76a-415b-b80d-8691aecbefea-b957df87,"nixl_xfer_handle(0x5af9a3d9e660, released=False)",decode,0,0,452715,6,d61968e8-e4aa-43a2-8ca8-85b623ffd1e5_dp0,0,nixl_start_time
1780280988.5037017,1780280988.5287137,25.012,1780280988.5287526,0.03886222839355469,137358465368,137358.465368,1780280988.5037017,25.050878524780273,0.00667572021484375,8.731603622436523,8.707,11010048,0.4401906284983208,672,chatcmpl-4bb48a0b-597c-4a6e-92c6-7bfdeb404d80-be64c122,"nixl_xfer_handle(0x5af9a37a6520, released=False)",decode,0,0,452715,7,d61968e8-e4aa-43a2-8ca8-85b623ffd1e5_dp1,0,nixl_start_time
1780280988.6173925,1780280988.6297755,12.383,1780280988.6298084,0.032901763916015625,137358579059,137358.579059,1780280988.6173925,12.415885925292969,0.005245208740234375,7.864713668823242,7.843,33030144,2.6673781797625775,2016,chatcmpl-84ddb8f4-7b0f-497a-bc54-aa8c0f5e4221-8d38cbad,"nixl_xfer_handle(0x556359a4ef20, released=False)",decode,1,0,452712,21,d61968e8-e4aa-43a2-8ca8-85b623ffd1e5_dp1,0,nixl_start_time
1780280988.7432637,1780280988.7695897,26.325999999999997,1780280988.7696106,0.0209808349609375,137358704930,137358.70493,1780280988.7432637,26.346921920776367,0.0057220458984375,11.065483093261719,11.032,77070336,2.927536883689129,4704,chatcmpl-6dd10531-652d-455e-ae02-6f2d582ad442-992cf8fe,"nixl_xfer_handle(0x5af96b7c6030, released=False)",decode,0,0,452715,49,d61968e8-e4aa-43a2-8ca8-85b623ffd1e5_dp0,0,nixl_start_time
1780280988.8200867,1780280988.8474028,27.316,1780280988.847453,0.05030632019042969,137358781753,137358.781753,1780280988.8200867,27.36639976501465,0.006198883056640625,11.876821517944336,11.818,77070336,2.8214356421145115,4704,chatcmpl-f7a173dc-0a2e-458e-8004-d8f249a375e3-8e5b8668,"nixl_xfer_handle(0x5af96b7c6030, released=False)",decode,0,0,452715,49,d61968e8-e4aa-43a2-8ca8-85b623ffd1e5_dp1,0,nixl_start_time
1780280988.8354666,1780280988.8473155,11.849,1780280988.8473792,0.06365776062011719,137358797133,137358.797133,1780280988.8354666,11.91258430480957,0.0050067901611328125,1.5773773193359375,1.547,3145728,0.2654846822516668,192,chatcmpl-ad7d22d2-4460-4780-9b85-2d7a00645467-940d6850,"nixl_xfer_handle(0x556359a4ef20, released=False)",decode,1,0,452712,2,d61968e8-e4aa-43a2-8ca8-85b623ffd1e5_dp0,0,nixl_start_time
1780280988.8597827,1780280988.8727946,13.011999999999999,1780280988.8728344,0.03981590270996094,137358821449,137358.821449,1780280988.8597827,13.051748275756836,0.0057220458984375,3.023386001586914,2.986,6291456,0.4835118352290194,384,chatcmpl-065faae5-0e3e-4897-8af4-74d0eb8f690b-8451e6b4,"nixl_xfer_handle(0x556359a4ef20, released=False)",decode,1,0,452712,4,d61968e8-e4aa-43a2-8ca8-85b623ffd1e5_dp1,0,nixl_start_time
1780280988.8599026,1780280988.8883295,28.427,1780280988.8884108,0.08130073547363281,137358821569,137358.821569,1780280988.8599026,28.50818634033203,0.0045299530029296875,7.193088531494141,7.172,40894464,1.4385782530692652,2496,chatcmpl-3b66dcb9-8d97-4500-adff-db541add64fe-b96c2292,"nixl_xfer_handle(0x5af96b7c6030, released=False)",decode,0,0,452715,26,d61968e8-e4aa-43a2-8ca8-85b623ffd1e5_dp0,0,nixl_start_time
1780280988.8849957,1780280988.8974257,12.43,1780280988.8974595,0.033855438232421875,137358846662,137358.846662,1780280988.8849957,12.463808059692383,0.0057220458984375,3.037691116333008,3.015,4718592,0.37961319388576026,288,chatcmpl-69324127-bb80-4126-81ab-09a18a7a3f2f-8c5c4902,"nixl_xfer_handle(0x5af9a3e70960, released=False)",decode,0,0,452715,3,d61968e8-e4aa-43a2-8ca8-85b623ffd1e5_dp0,0,nixl_start_time
1780280988.9609146,1780280988.9870496,26.134999999999998,1780280988.9870899,0.04029273986816406,137358922581,137358.922581,1780280988.9609146,26.175260543823242,0.0059604644775390625,9.833574295043945,9.811,61341696,2.3471090874306486,3744,chatcmpl-d34c97af-3ce6-4eb0-b822-0f6f263b55f8-90174f0b,"nixl_xfer_handle(0x5af96b7c6030, released=False)",decode,0,0,452715,39,d61968e8-e4aa-43a2-8ca8-85b623ffd1e5_dp1,0,nixl_start_time
1780280988.9742208,1780280988.9869769,12.756,1780280988.9870152,0.03838539123535156,137358935887,137358.935887,1780280988.9742208,12.79449462890625,0.005245208740234375,1.6047954559326172,1.575,3145728,0.2466077140169332,192,chatcmpl-ab0918e7-1614-41d5-9615-7308e956c8cc-b1f8d033,"nixl_xfer_handle(0x556359a4ef20, released=False)",decode,1,0,452712,2,d61968e8-e4aa-43a2-8ca8-85b623ffd1e5_dp0,0,nixl_start_time
1780280988.9742486,1780280988.9987376,24.489,1780280988.9987955,0.05793571472167969,137358935915,137358.935915,1780280988.9742486,24.54686164855957,0.0064373016357421875,9.123086929321289,9.103,42467328,1.7341389195148842,2592,chatcmpl-96aa5b4c-0542-4921-ab26-4b0267454f7a-a2305db3,"nixl_xfer_handle(0x5af9a3d9e660, released=False)",decode,0,0,452715,27,d61968e8-e4aa-43a2-8ca8-85b623ffd1e5_dp0,0,nixl_start_time
1780280989.0490446,1780280989.0760987,27.054000000000002,1780280989.076121,0.022411346435546875,137359010711,137359.010711,1780280989.0490446,27.07648277282715,0.0050067901611328125,9.671211242675781,9.649,61341696,2.2673799068529608,3744,chatcmpl-986dc5a9-0c29-4d09-a210-3801218fecf0-9269c14e,"nixl_xfer_handle(0x556359a4ef20, released=False)",decode,1,0,452712,39,d61968e8-e4aa-43a2-8ca8-85b623ffd1e5_dp1,0,nixl_start_time
1780280989.0491557,1780280989.0620017,12.846,1780280989.0620787,0.07700920104980469,137359010822,137359.010822,1780280989.0491557,12.923002243041992,0.00476837158203125,6.209611892700195,6.185,7864320,0.6121999065857077,480,chatcmpl-ab3cc657-c588-453b-9cf8-abccb3a7fd00-9e33d09e,"nixl_xfer_handle(0x5af9a3e66280, released=False)",decode,0,0,452715,5,d61968e8-e4aa-43a2-8ca8-85b623ffd1e5_dp1,0,nixl_start_time
1780280989.0739377,1780280989.0867796,12.841999999999999,1780280989.086815,0.03552436828613281,137359035604,137359.035604,1780280989.0739377,12.877464294433594,0.00476837158203125,1.6391277313232422,1.609,3145728,0.24495623734620778,192,chatcmpl-220cdc9e-b545-4ba5-aebe-cf5d4fd92aab-8e2e3125,"nixl_xfer_handle(0x556359975260, released=False)",decode,1,0,452712,2,d61968e8-e4aa-43a2-8ca8-85b623ffd1e5_dp1,0,nixl_start_time
1780280989.0739386,1780280989.0866706,12.732000000000001,1780280989.086736,0.06532669067382812,137359035605,137359.035605,1780280989.0739386,12.797355651855469,0.0045299530029296875,2.8569698333740234,2.834,4718592,0.37060885956644674,288,chatcmpl-da8ac525-028c-4925-8307-a514aea6902d-bf39a8b1,"nixl_xfer_handle(0x5af9a3e66280, released=False)",decode,0,0,452715,3,d61968e8-e4aa-43a2-8ca8-85b623ffd1e5_dp1,0,nixl_start_time
1780280989.2371607,1780280989.2628088,25.648,1780280989.262867,0.05817413330078125,137359198827,137359.198827,1780280989.2371607,25.70629119873047,0.0073909759521484375,11.477947235107422,11.443,75497472,2.9436007485963818,4608,chatcmpl-8ba0fa46-dad1-4c81-bc0b-30b3991a0d07-a6675729,"nixl_xfer_handle(0x5af9a3e66280, released=False)",decode,0,0,452715,48,d61968e8-e4aa-43a2-8ca8-85b623ffd1e5_dp0,0,nixl_start_time
1780280989.2522256,1780280989.2660177,13.792,1780280989.2660356,0.017881393432617188,137359213892,137359.213892,1780280989.2522256,13.809919357299805,0.0045299530029296875,0.5159378051757812,0.48,1572864,0.11404176334106729,48,chatcmpl-6da52fd1-95c0-4b6f-bf4b-872294bb7b63-83be5623,"nixl_xfer_handle(0x556359a4ef20, released=False)",decode,1,0,452712,1,d61968e8-e4aa-43a2-8ca8-85b623ffd1e5_dp1,0,nixl_start_time
1780280989.2522707,1780280989.2778816,25.610999999999997,1780280989.2779157,0.03409385681152344,137359213937,137359.213937,1780280989.2522707,25.645017623901367,0.004291534423828125,10.311365127563477,10.292,4718592,0.1842408340166335,288,chatcmpl-6f6ab73c-b9a0-4ea4-9555-43e31e55364b-9d51cdad,"nixl_xfer_handle(0x5af9a3dac500, released=False)",decode,0,0,452715,3,d61968e8-e4aa-43a2-8ca8-85b623ffd1e5_dp1,0,nixl_start_time
1780280989.3278377,1780280989.3428607,15.023,1780280989.3429449,0.08416175842285156,137359289504,137359.289504,1780280989.3278377,15.107154846191406,0.0045299530029296875,2.282857894897461,2.254,4718592,0.31409119350329495,288,chatcmpl-8e1086ab-3fa7-4a0b-8658-2321f149c8a4-99f5fe0d,"nixl_xfer_handle(0x5563599c4c90, released=False)",decode,1,0,452712,3,d61968e8-e4aa-43a2-8ca8-85b623ffd1e5_dp0,0,nixl_start_time
1780280989.3281016,1780280989.3546727,26.571,1780280989.3547113,0.038623809814453125,137359289768,137359.289768,1780280989.3281016,26.60965919494629,0.0069141387939453125,11.150360107421875,11.103,73924608,2.7821537766738174,4512,chatcmpl-e9bf68b0-1135-45fd-97c8-7c4be7f18004-8991191e,"nixl_xfer_handle(0x5af9a3dac500, released=False)",decode,0,0,452715,47,d61968e8-e4aa-43a2-8ca8-85b623ffd1e5_dp0,0,nixl_start_time
1780280989.3302186,1780280989.3429725,12.754,1780280989.3430066,0.03409385681152344,137359291885,137359.291885,1780280989.3302186,12.788057327270508,0.005245208740234375,0.42057037353515625,0.401,1572864,0.12332319272385134,48,chatcmpl-7cdd2bd9-12ef-4888-a2b6-e5e21022ffb7-bb7b4f81,"nixl_xfer_handle(0x556359999930, released=False)",decode,1,0,452712,1,d61968e8-e4aa-43a2-8ca8-85b623ffd1e5_dp0,0,nixl_start_time
1780280989.3427267,1780280989.3547566,12.030000000000001,1780280989.354769,0.01239776611328125,137359304393,137359.304393,1780280989.3427267,12.04228401184082,0.0045299530029296875,0.5996227264404297,0.579,1572864,0.13074513715710723,48,chatcmpl-b8ac5dff-7ad6-43a8-85c4-2dc8a7a76ba2-9963cb10,"nixl_xfer_handle(0x5af9a3e66280, released=False)",decode,0,0,452715,1,d61968e8-e4aa-43a2-8ca8-85b623ffd1e5_dp1,0,nixl_start_time
1780280989.4171016,1780280989.4280777,10.975999999999999,1780280989.4280949,0.0171661376953125,137359378768,137359.378768,1780280989.4171016,10.993242263793945,0.0040531158447265625,0.476837158203125,0.44,1572864,0.1433002915451895,48,chatcmpl-d334ed18-39f0-431e-bd3d-b0f551f99ec9-97c4a169,"nixl_xfer_handle(0x5563599c4c90, released=False)",decode,1,0,452712,1,d61968e8-e4aa-43a2-8ca8-85b623ffd1e5_dp0,0,nixl_start_time
1780280989.4178636,1780280989.4438946,26.031,1780280989.4439707,0.07605552673339844,137359379530,137359.37953,1780280989.4178636,26.107072830200195,0.0045299530029296875,9.897947311401367,9.863,62914560,2.4169090699550537,3840,chatcmpl-f534f50a-e02f-4902-ada1-773f43b12733-8c4b4c80,"nixl_xfer_handle(0x556359cddb20, released=False)",decode,1,0,452712,40,d61968e8-e4aa-43a2-8ca8-85b623ffd1e5_dp0,0,nixl_start_time
1780280989.4311128,1780280989.4622567,31.144000000000002,1780280989.462278,0.021219253540039062,137359392779,137359.392779,1780280989.4311128,31.165122985839844,0.005245208740234375,1.483917236328125,1.461,3145728,0.10100590804007192,192,chatcmpl-e1a8d7a1-6c5e-4279-a388-7e7e6765f81a-addcf518,"nixl_xfer_handle(0x5563599c4c90, released=False)",decode,1,0,452712,2,d61968e8-e4aa-43a2-8ca8-85b623ffd1e5_dp1,0,nixl_start_time
1780280989.4435987,1780280989.4737988,30.200000000000003,1780280989.473857,0.05817413330078125,137359405265,137359.405265,1780280989.4435987,30.2581787109375,0.0059604644775390625,14.81175422668457,14.786,15728640,0.520815894039735,960,chatcmpl-55bda76c-660a-4f13-833b-0837d0d59802-bc9c2634,"nixl_xfer_handle(0x5af9a3e66280, released=False)",decode,0,0,452715,10,d61968e8-e4aa-43a2-8ca8-85b623ffd1e5_dp0,0,nixl_start_time
1780280989.4737017,1780280989.4860778,12.376,1780280989.4861424,0.06461143493652344,137359435368,137359.435368,1780280989.4737017,12.440681457519531,0.00476837158203125,1.4853477478027344,1.449,3145728,0.2541797026502909,192,chatcmpl-2e8375c5-f634-454c-bb26-b8e9460460fe-8a4afea8,"nixl_xfer_handle(0x5563599c4c90, released=False)",decode,1,0,452712,2,d61968e8-e4aa-43a2-8ca8-85b623ffd1e5_dp1,0,nixl_start_time
1780280989.5492036,1780280989.5791216,29.918,1780280989.5791945,0.07295608520507812,137359510870,137359.51087,1780280989.5492036,29.99091148376465,0.0069141387939453125,8.600234985351562,8.577,51904512,1.73489243933418,3168,chatcmpl-dda20ae9-34ed-4d87-bc75-42b4d9d36488-b8f25afa,"nixl_xfer_handle(0x5af9a3e66280, released=False)",decode,0,0,452715,33,d61968e8-e4aa-43a2-8ca8-85b623ffd1e5_dp0,0,nixl_start_time
1780280989.5618567,1780280989.5942447,32.388,1780280989.594277,0.03218650817871094,137359523523,137359.523523,1780280989.5618567,32.42015838623047,0.0059604644775390625,17.014741897583008,16.981,12582912,0.3885053723601334,768,chatcmpl-03046062-740f-42f2-b489-f2ce615793b6-9f46bb9f,"nixl_xfer_handle(0x5af9a3dea1c0, released=False)",decode,0,0,452715,8,d61968e8-e4aa-43a2-8ca8-85b623ffd1e5_dp1,0,nixl_start_time
1780280989.5822837,1780280989.5942817,11.998,1780280989.594354,0.07224082946777344,137359543950,137359.54395,1780280989.5822837,12.070178985595703,0.0054836273193359375,1.5687942504882812,1.542,3145728,0.2621876979496583,192,chatcmpl-2cee1551-d0f3-443a-baa4-2399c63d63f6-b86a25b4,"nixl_xfer_handle(0x5563599c4c90, released=False)",decode,1,0,452712,2,d61968e8-e4aa-43a2-8ca8-85b623ffd1e5_dp0,0,nixl_start_time
1780280989.7699215,1780280989.7959867,26.065,1780280989.7960067,0.02002716064453125,137359731588,137359.731588,1780280989.7699215,26.08513832092285,0.0057220458984375,9.59467887878418,9.57,64487424,2.474100287742183,3936,chatcmpl-31c211af-b3eb-46b9-9b65-dbce424474d6-94dbcc8f,"nixl_xfer_handle(0x5563599c4c90, released=False)",decode,1,0,452712,41,d61968e8-e4aa-43a2-8ca8-85b623ffd1e5_dp1,0,nixl_start_time
1780280989.7830687,1780280989.8074687,24.400000000000002,1780280989.8074884,0.019788742065429688,137359744735,137359.744735,1780280989.7830687,24.419784545898438,0.0069141387939453125,7.728815078735352,7.702,11010048,0.45123147540983605,672,chatcmpl-1c8fe0e8-e905-4dfe-a4c3-00677cc59d7b-b48e0786,"nixl_xfer_handle(0x5af9a3e66280, released=False)",decode,0,0,452715,7,d61968e8-e4aa-43a2-8ca8-85b623ffd1e5_dp0,0,nixl_start_time
1780280989.7949297,1780280989.7960298,1.1,1780280989.796058,0.028133392333984375,137359756596,137359.756596,1780280989.7949297,1.1281967163085938,0.004291534423828125,0.5087852478027344,0.479,1572864,1.4298763636363636,48,chatcmpl-07897691-5b14-44d8-acfb-f79e07563748-a49ed809,"nixl_xfer_handle(0x556359cddb20, released=False)",decode,1,0,452712,1,d61968e8-e4aa-43a2-8ca8-85b623ffd1e5_dp1,0,nixl_start_time
1780280989.8581398,1780280989.8707867,12.647,1780280989.8708816,0.09489059448242188,137359819806,137359.819806,1780280989.8581398,12.741804122924805,0.0057220458984375,3.9587020874023438,3.937,18874368,1.492398829761999,1152,chatcmpl-539a1807-1f62-4665-b5f3-e1e6f9d1aaf6-911b25cf,"nixl_xfer_handle(0x5af9a3e66280, released=False)",decode,0,0,452715,12,d61968e8-e4aa-43a2-8ca8-85b623ffd1e5_dp0,0,nixl_start_time
1780280989.9330027,1780280989.9579058,24.903000000000002,1780280989.9579275,0.021696090698242188,137359894669,137359.894669,1780280989.9330027,24.924755096435547,0.0045299530029296875,8.438587188720703,8.419,40894464,1.6421501023973015,2496,chatcmpl-b3a48906-027f-4138-8c40-96d20578ac78-9408920b,"nixl_xfer_handle(0x556359cddb20, released=False)",decode,1,0,452712,26,d61968e8-e4aa-43a2-8ca8-85b623ffd1e5_dp1,0,nixl_start_time
1780280989.9454927,1780280989.9578516,12.359,1780280989.9579053,0.05364418029785156,137359907159,137359.907159,1780280989.9454927,12.412548065185547,0.0050067901611328125,1.9960403442382812,1.961,3145728,0.2545293308520107,192,chatcmpl-bdf868d6-964c-4fd6-8f08-f9077c62ee8b-b76805ae,"nixl_xfer_handle(0x5af9a3eaa900, released=False)",decode,0,0,452715,2,d61968e8-e4aa-43a2-8ca8-85b623ffd1e5_dp0,0,nixl_start_time
1780280989.9833217,1780280989.9959927,12.671,1780280989.9960556,0.0629425048828125,137359944988,137359.944988,1780280989.9833217,12.733936309814453,0.0054836273193359375,5.346775054931641,5.31,11010048,0.868917054691816,672,chatcmpl-517b807a-d9bd-4b25-b616-407f7e636997-8e8b162b,"nixl_xfer_handle(0x556359cddb20, released=False)",decode,1,0,452712,7,d61968e8-e4aa-43a2-8ca8-85b623ffd1e5_dp1,0,nixl_start_time
1780280990.0332427,1780280990.0458088,12.566,1780280990.0458367,0.027894973754882812,137359994909,137359.994909,1780280990.0332427,12.593984603881836,0.0054836273193359375,4.43577766418457,4.412,31457280,2.5033646347286322,1920,chatcmpl-f395bab0-5101-4b1d-a6b0-45ac37103a2f-94ab3c68,"nixl_xfer_handle(0x556359cddb20, released=False)",decode,1,0,452712,20,d61968e8-e4aa-43a2-8ca8-85b623ffd1e5_dp0,0,nixl_start_time
1780280990.0585356,1780280990.0834935,24.958000000000002,1780280990.0835595,0.06604194641113281,137360020202,137360.020202,1780280990.0585356,25.023937225341797,0.0064373016357421875,8.111715316772461,8.079,40894464,1.63853129257152,2496,chatcmpl-8921e9e3-7545-4cb1-badd-2904f81e01f9-87ec0119,"nixl_xfer_handle(0x5af9a3eaa900, released=False)",decode,0,0,452715,26,d61968e8-e4aa-43a2-8ca8-85b623ffd1e5_dp0,0,nixl_start_time
1780280990.2346206,1780280990.2597256,25.105,1780280990.2597985,0.07295608520507812,137360196287,137360.196287,1780280990.2346206,25.177955627441406,0.0064373016357421875,10.1318359375,10.111,58195968,2.318102688707429,3552,chatcmpl-c8abdbac-a4e5-44da-a9fb-fdeb4d55c8cd-9bb14a9e,"nixl_xfer_handle(0x5af9a3eaa900, released=False)",decode,0,0,452715,37,d61968e8-e4aa-43a2-8ca8-85b623ffd1e5_dp1,0,nixl_start_time
1780280990.2971816,1780280990.3097045,12.523,1780280990.3097737,0.06914138793945312,137360258848,137360.258848,1780280990.2971816,12.592077255249023,0.0045299530029296875,1.6124248504638672,1.579,3145728,0.2511960392877106,192,chatcmpl-4797a33b-ec89-44bb-845f-36247d288529-a115a92f,"nixl_xfer_handle(0x556359cddb20, released=False)",decode,1,0,452712,2,d61968e8-e4aa-43a2-8ca8-85b623ffd1e5_dp0,0,nixl_start_time
1780280990.3717227,1780280990.3840537,12.331,1780280990.3840828,0.029087066650390625,137360333389,137360.333389,1780280990.3717227,12.360095977783203,0.005245208740234375,1.5974044799804688,1.564,3145728,0.25510729056848597,192,chatcmpl-45ae4123-f142-4f62-8810-e70d1bc41260-a7e2fd6b,"nixl_xfer_handle(0x556359cddb20, released=False)",decode,1,0,452712,2,d61968e8-e4aa-43a2-8ca8-85b623ffd1e5_dp1,0,nixl_start_time
1780280990.4210815,1780280990.4332585,12.177,1780280990.4333296,0.07104873657226562,137360382748,137360.382748,1780280990.4210815,12.248039245605469,0.005245208740234375,6.219148635864258,6.197,29884416,2.4541690071446167,1824,chatcmpl-00eb825d-4497-4044-aa80-5909fcbdef26-b7cbd7f9,"nixl_xfer_handle(0x5af9a3eaa900, released=False)",decode,0,0,452715,19,d61968e8-e4aa-43a2-8ca8-85b623ffd1e5_dp0,0,nixl_start_time
1780280990.4332056,1780280990.4586456,25.44,1780280990.4586794,0.033855438232421875,137360394872,137360.394872,1780280990.4332056,25.473833084106445,0.0045299530029296875,10.201215744018555,10.168,15728640,0.6182641509433963,960,chatcmpl-35a4f80e-0aaf-4a3d-b400-831584784265-bf84fa1b,"nixl_xfer_handle(0x556359cddb20, released=False)",decode,1,0,452712,10,d61968e8-e4aa-43a2-8ca8-85b623ffd1e5_dp1,0,nixl_start_time
1780280990.5214126,1780280990.5473526,25.94,1780280990.547368,0.015497207641601562,137360483079,137360.483079,1780280990.5214126,25.9554386138916,0.0069141387939453125,9.752988815307617,9.732,55050240,2.1222143407864302,3360,chatcmpl-79f3d399-a529-4089-bbec-b49ec9470783-9d1e1be0,"nixl_xfer_handle(0x5af9a3dcca20, released=False)",decode,0,0,452715,35,d61968e8-e4aa-43a2-8ca8-85b623ffd1e5_dp0,0,nixl_start_time
1780280990.5464897,1780280990.5473926,0.903,1780280990.5474439,0.05125999450683594,137360508156,137360.508156,1780280990.5464897,0.9541511535644531,0.0057220458984375,0.5855560302734375,0.565,1572864,1.7418205980066446,48,chatcmpl-2c75fa25-6963-422c-936e-5e225ecf5146-b4eaa33d,"nixl_xfer_handle(0x5af9a3deb5c0, released=False)",decode,0,0,452715,1,d61968e8-e4aa-43a2-8ca8-85b623ffd1e5_dp0,0,nixl_start_time
1780280990.6215727,1780280990.6588738,37.301,1780280990.6588879,0.014066696166992188,137360583239,137360.583239,1780280990.6215727,37.31513023376465,0.0073909759521484375,15.250682830810547,15.215,86507520,2.3191742848717194,5280,chatcmpl-80250959-fa10-48c6-8acc-6cd6327d0d33-9d6edb92,"nixl_xfer_handle(0x5af9a3dcca20, released=False)",decode,0,0,452715,55,d61968e8-e4aa-43a2-8ca8-85b623ffd1e5_dp1,0,nixl_start_time
1780280990.6402137,1780280990.6519408,11.727,1780280990.6519732,0.0324249267578125,137360601880,137360.60188,1780280990.6402137,11.759519577026367,0.004291534423828125,3.5359859466552734,3.502,7864320,0.6706165259657202,480,chatcmpl-5a8e1c44-3410-4cbd-ba3c-70aa8ff7e909-b6168179,"nixl_xfer_handle(0x556359982a20, released=False)",decode,1,0,452712,5,d61968e8-e4aa-43a2-8ca8-85b623ffd1e5_dp0,0,nixl_start_time
1780280990.6518486,1780280990.6642795,12.431,1780280990.6643536,0.07414817810058594,137360613515,137360.613515,1780280990.6518486,12.505054473876953,0.0050067901611328125,6.653547286987305,6.624,26738688,2.150968385487893,1632,chatcmpl-e815d13f-8cf8-4456-a612-03cec6124dd4-9cec75e1,"nixl_xfer_handle(0x5af9a3dadf80, released=False)",decode,0,0,452715,17,d61968e8-e4aa-43a2-8ca8-85b623ffd1e5_dp1,0,nixl_start_time
1780280990.7277308,1780280990.7404888,12.758000000000001,1780280990.740548,0.0591278076171875,137360689397,137360.689397,1780280990.7277308,12.817144393920898,0.00476837158203125,8.11147689819336,8.069,34603008,2.7122596018184666,2112,chatcmpl-58ae0fdc-b09b-4102-9356-ec1b13f01ffd-93143486,"nixl_xfer_handle(0x556359982a20, released=False)",decode,1,0,452712,22,d61968e8-e4aa-43a2-8ca8-85b623ffd1e5_dp0,0,nixl_start_time
1780280990.8174546,1780280990.8414207,23.966,1780280990.8414395,0.018835067749023438,137360779121,137360.779121,1780280990.8174546,23.984909057617188,0.004291534423828125,6.794214248657227,6.761,14155776,0.5906607694233498,864,chatcmpl-8313e1ed-c521-484d-a986-cf0d97caaf89-8d3c6955,"nixl_xfer_handle(0x556359982a20, released=False)",decode,1,0,452712,9,d61968e8-e4aa-43a2-8ca8-85b623ffd1e5_dp0,0,nixl_start_time
1780280990.8415046,1780280990.8538465,12.342,1780280990.8538811,0.03457069396972656,137360803171,137360.803171,1780280990.8415046,12.376546859741211,0.0054836273193359375,3.007650375366211,2.983,4718592,0.38231988332523087,288,chatcmpl-d8e51f11-cf63-4a1a-8494-94a91672dbee-af2aca0b,"nixl_xfer_handle(0x5af9a3dcca20, released=False)",decode,0,0,452715,3,d61968e8-e4aa-43a2-8ca8-85b623ffd1e5_dp0,0,nixl_start_time
1780280990.9806747,1780280991.0000098,19.335,1780280991.0000522,0.042438507080078125,137360942341,137360.942341,1780280990.9806747,19.377470016479492,0.013113021850585938,10.026931762695312,9.976,53477376,2.7658327385570205,3264,chatcmpl-ddebeafc-b0c1-40bb-b81c-5bad9474d6eb-afb3e72a,"nixl_xfer_handle(0x556359982a20, released=False)",decode,1,0,452712,34,d61968e8-e4aa-43a2-8ca8-85b623ffd1e5_dp1,0,nixl_start_time
1780280990.9941576,1780280991.0065396,12.382000000000001,1780280991.0065877,0.048160552978515625,137360955824,137360.955824,1780280990.9941576,12.430191040039062,0.0045299530029296875,5.516529083251953,5.484,4718592,0.3810848005168793,288,chatcmpl-bbc291c2-8ad0-452c-831d-903e30a249cc-9be13b39,"nixl_xfer_handle(0x5563599c4c90, released=False)",decode,1,0,452712,3,d61968e8-e4aa-43a2-8ca8-85b623ffd1e5_dp0,0,nixl_start_time
1780280990.9943917,1780280991.0062857,11.894,1780280991.006392,0.10633468627929688,137360956058,137360.956058,1780280990.9943917,12.000322341918945,0.018835067749023438,6.638526916503906,6.516,9437184,0.7934407264166807,576,chatcmpl-aa82e7bc-bee8-4875-967f-fccb3c8ca0f8-8e39e210,"nixl_xfer_handle(0x5af9a3dade60, released=False)",decode,0,0,452715,6,d61968e8-e4aa-43a2-8ca8-85b623ffd1e5_dp0,0,nixl_start_time
1780280991.0692937,1780280991.0966237,27.330000000000002,1780280991.096644,0.020265579223632812,137361030960,137361.03096,1780280991.0692937,27.350187301635742,0.00667572021484375,12.034416198730469,12.001,77070336,2.819990340285401,4704,chatcmpl-5b622b14-fef0-4564-a4d0-a78a75ccdd5b-8486fffb,"nixl_xfer_handle(0x5af9a3dade60, released=False)",decode,0,0,452715,49,d61968e8-e4aa-43a2-8ca8-85b623ffd1e5_dp1,0,nixl_start_time
1780280991.1467037,1780280991.1715276,24.823999999999998,1780280991.1715705,0.04291534423828125,137361108370,137361.10837,1780280991.1467037,24.866819381713867,0.0054836273193359375,9.708166122436523,9.686,67633152,2.7245066065098293,4128,chatcmpl-a96dadea-6407-484a-9e09-08f960b1e1f6-832a0690,"nixl_xfer_handle(0x556359982a20, released=False)",decode,1,0,452712,43,d61968e8-e4aa-43a2-8ca8-85b623ffd1e5_dp0,0,nixl_start_time
1780280991.2219477,1780280991.2350247,13.077,1780280991.2350805,0.055789947509765625,137361183614,137361.183614,1780280991.2219477,13.132810592651367,0.0054836273193359375,3.0879974365234375,3.064,4718592,0.36083138334480386,288,chatcmpl-2e3ae7ea-88b8-484f-8e65-2324d2fa9596-a34c0a8b,"nixl_xfer_handle(0x5af9a3dade60, released=False)",decode,0,0,452715,3,d61968e8-e4aa-43a2-8ca8-85b623ffd1e5_dp1,0,nixl_start_time
1780280991.2220466,1780280991.2469237,24.877,1780280991.2469628,0.03910064697265625,137361183713,137361.183713,1780280991.2220466,24.91617202758789,0.0054836273193359375,9.569406509399414,9.545,58195968,2.339348313703421,3552,chatcmpl-ce945c7d-4394-4427-be00-beaac5570dfb-800a7a12,"nixl_xfer_handle(0x556359982a20, released=False)",decode,1,0,452712,37,d61968e8-e4aa-43a2-8ca8-85b623ffd1e5_dp1,0,nixl_start_time
1780280991.3465726,1780280991.3589215,12.349,1780280991.3589625,0.04100799560546875,137361308239,137361.308239,1780280991.3465726,12.389898300170898,0.0054836273193359375,3.9641857147216797,3.935,6291456,0.5094708883310389,384,chatcmpl-25c2384c-11a3-40a2-959c-70efe6ece2c3-81c4fb0e,"nixl_xfer_handle(0x5af9a3dade60, released=False)",decode,0,0,452715,4,d61968e8-e4aa-43a2-8ca8-85b623ffd1e5_dp0,0,nixl_start_time
1780280991.3714316,1780280991.3964167,24.985,1780280991.3964374,0.020742416381835938,137361333098,137361.333098,1780280991.3714316,25.005817413330078,0.0064373016357421875,4.563808441162109,4.541,45613056,1.8256176105663398,2784,chatcmpl-407a136b-a4f2-4adc-b8f7-a3dd3072a621-b0084e2e,"nixl_xfer_handle(0x55635998cc80, released=False)",decode,1,0,452712,29,d61968e8-e4aa-43a2-8ca8-85b623ffd1e5_dp1,0,nixl_start_time
1780280991.3841658,1780280991.3962839,12.118,1780280991.3963187,0.034809112548828125,137361345832,137361.345832,1780280991.3841658,12.152910232543945,0.006198883056640625,5.376100540161133,5.355,23592960,1.94693513781152,1440,chatcmpl-02f178bd-562f-4cf9-8c41-267aeafe2dde-8a46507b,"nixl_xfer_handle(0x5af9a3dade60, released=False)",decode,0,0,452715,15,d61968e8-e4aa-43a2-8ca8-85b623ffd1e5_dp0,0,nixl_start_time
1780280991.4224977,1780280991.4484897,25.992,1780280991.448546,0.05626678466796875,137361384164,137361.384164,1780280991.4224977,26.04818344116211,0.0054836273193359375,10.40506362915039,10.362,15728640,0.6051338873499538,960,chatcmpl-390ff800-ac9e-41e9-8f88-ba6826098b64-99d9e705,"nixl_xfer_handle(0x55635998cc80, released=False)",decode,1,0,452712,10,d61968e8-e4aa-43a2-8ca8-85b623ffd1e5_dp1,0,nixl_start_time
1780280991.4613798,1780280991.4742777,12.898,1780280991.4743505,0.07271766662597656,137361423046,137361.423046,1780280991.4613798,12.970685958862305,0.0059604644775390625,7.644414901733398,7.624,34603008,2.6828196619630953,2112,chatcmpl-eadb7f23-91bd-41e1-86c8-23c106466be0-8644a35d,"nixl_xfer_handle(0x5af9a3dade60, released=False)",decode,0,0,452715,22,d61968e8-e4aa-43a2-8ca8-85b623ffd1e5_dp0,0,nixl_start_time
1780280991.5257697,1780280991.5515928,25.823,1780280991.5516446,0.05173683166503906,137361487436,137361.487436,1780280991.5257697,25.874853134155273,0.003814697265625,7.561683654785156,7.525,15728640,0.6090942183324942,960,chatcmpl-3cf26d44-2f9e-4ca0-bfc7-523bf49ea8c4-95a1064f,"nixl_xfer_handle(0x5563599b6220, released=False)",decode,1,0,452712,10,d61968e8-e4aa-43a2-8ca8-85b623ffd1e5_dp1,0,nixl_start_time
1780280991.6157596,1780280991.6296196,13.860000000000001,1780280991.6296513,0.03170967102050781,137361577426,137361.577426,1780280991.6157596,13.89169692993164,0.0050067901611328125,3.1163692474365234,3.084,6291456,0.4539290043290043,384,chatcmpl-54452164-89ab-4722-aa1d-2722010a2ca9-a37986db,"nixl_xfer_handle(0x5563599b31f0, released=False)",decode,1,0,452712,4,d61968e8-e4aa-43a2-8ca8-85b623ffd1e5_dp1,0,nixl_start_time
1780280991.6158946,1780280991.6295865,13.692,1780280991.6296082,0.021696090698242188,137361577561,137361.577561,1780280991.6158946,13.713598251342773,0.005245208740234375,7.735490798950195,7.701,34603008,2.5272427695004382,2112,chatcmpl-58a482da-aa79-4875-a136-8eff74279c5e-abdf262d,"nixl_xfer_handle(0x5af9a3dade60, released=False)",decode,0,0,452715,22,d61968e8-e4aa-43a2-8ca8-85b623ffd1e5_dp0,0,nixl_start_time
1780280991.6414127,1780280991.6545267,13.114,1780280991.6546073,0.08058547973632812,137361603079,137361.603079,1780280991.6414127,13.194561004638672,0.0059604644775390625,2.069234848022461,2.033,3145728,0.23987555284428852,192,chatcmpl-9095ab03-5b69-4d63-b044-00b62a0e5f1e-b19aea26,"nixl_xfer_handle(0x5af9a3dade60, released=False)",decode,0,0,452715,2,d61968e8-e4aa-43a2-8ca8-85b623ffd1e5_dp1,0,nixl_start_time
1780280991.6414597,1780280991.6545668,13.107000000000001,1780280991.654593,0.026226043701171875,137361603126,137361.603126,1780280991.6414597,13.13328742980957,0.0054836273193359375,9.157896041870117,9.135,36175872,2.760042114900435,2208,chatcmpl-be668e7d-3bf9-46f1-92b0-d298485775c5-9fc4fecc,"nixl_xfer_handle(0x5563599b31f0, released=False)",decode,1,0,452712,23,d61968e8-e4aa-43a2-8ca8-85b623ffd1e5_dp0,0,nixl_start_time
1780280991.7185616,1780280991.7391868,20.625,1780280991.739221,0.034332275390625,137361680228,137361.680228,1780280991.7185616,20.659446716308594,0.0045299530029296875,4.110097885131836,4.082,31457280,1.5252014545454544,1920,chatcmpl-cf285e69-1722-4a64-b763-c9936c609b45-8b36261b,"nixl_xfer_handle(0x556359b3a360, released=False)",decode,1,0,452712,20,d61968e8-e4aa-43a2-8ca8-85b623ffd1e5_dp0,0,nixl_start_time
1780280991.7187357,1780280991.7389238,20.188000000000002,1780280991.7389414,0.017642974853515625,137361680402,137361.680402,1780280991.7187357,20.20573616027832,0.006198883056640625,8.632421493530273,8.611,53477376,2.6489684961363187,3264,chatcmpl-de7b40db-0f94-4cdd-9976-ddae64af6393-b69e4542,"nixl_xfer_handle(0x5af9a3dade60, released=False)",decode,0,0,452715,34,d61968e8-e4aa-43a2-8ca8-85b623ffd1e5_dp0,0,nixl_start_time
1780280991.7228947,1780280991.7509596,28.065,1780280991.7509904,0.030755996704101562,137361684561,137361.684561,1780280991.7228947,28.095722198486328,0.00286102294921875,12.589454650878906,12.575,51904512,1.8494392303580973,3168,chatcmpl-16a66f52-3903-401b-ae77-335c05447bab-82687c0f,"nixl_xfer_handle(0x556359970560, released=False)",decode,1,0,452712,33,d61968e8-e4aa-43a2-8ca8-85b623ffd1e5_dp1,0,nixl_start_time
1780280991.7898157,1780280991.8101857,20.369999999999997,1780280991.8102047,0.019073486328125,137361751482,137361.751482,1780280991.7898157,20.389080047607422,0.0050067901611328125,2.3679733276367188,2.338,4718592,0.23164418262150221,288,chatcmpl-91f99092-7ae8-4d8c-b309-085eae61d754-979578eb,"nixl_xfer_handle(0x556359b3a360, released=False)",decode,1,0,452712,3,d61968e8-e4aa-43a2-8ca8-85b623ffd1e5_dp1,0,nixl_start_time
1780280991.7901096,1780280991.8182657,28.156,1780280991.818281,0.0152587890625,137361751776,137361.751776,1780280991.7901096,28.171300888061523,0.0069141387939453125,14.626741409301758,14.59,88080384,3.1282989060946154,5376,chatcmpl-86191bec-a8f1-499e-816a-46bd6c5eb6b4-b13211f3,"nixl_xfer_handle(0x5af9a419c260, released=False)",decode,0,0,452715,56,d61968e8-e4aa-43a2-8ca8-85b623ffd1e5_dp0,0,nixl_start_time
1780280991.8082287,1780280991.8340178,25.788999999999998,1780280991.8340466,0.028848648071289062,137361769895,137361.769895,1780280991.8082287,25.81787109375,0.005245208740234375,9.751319885253906,9.73,3145728,0.12197944860211718,192,chatcmpl-b103522f-2ac8-4597-a2ef-c22bb58731d4-b93a6543,"nixl_xfer_handle(0x5af9a3dac500, released=False)",decode,0,0,452715,2,d61968e8-e4aa-43a2-8ca8-85b623ffd1e5_dp0,0,nixl_start_time
1780280991.8082306,1780280991.8215587,13.328,1780280991.8215876,0.028848648071289062,137361769897,137361.769897,1780280991.8082306,13.356924057006836,0.003814697265625,1.6391277313232422,1.613,3145728,0.23602400960384154,192,chatcmpl-65250801-b660-47d6-82a6-7d9cfb7441b0-a4e217fb,"nixl_xfer_handle(0x5563599b31f0, released=False)",decode,1,0,452712,2,d61968e8-e4aa-43a2-8ca8-85b623ffd1e5_dp1,0,nixl_start_time
1780280991.8464026,1780280991.8594506,13.048,1780280991.8595183,0.06771087646484375,137361808069,137361.808069,1780280991.8464026,13.115644454956055,0.0045299530029296875,2.229452133178711,2.194,4718592,0.36163335377069283,288,chatcmpl-4865438d-3d79-49c9-bb8e-81ba4924662c-aafb00ba,"nixl_xfer_handle(0x556355871500, released=False)",decode,1,0,452712,3,d61968e8-e4aa-43a2-8ca8-85b623ffd1e5_dp0,0,nixl_start_time
1780280991.9490526,1780280991.9618866,12.834,1780280991.9619052,0.018596649169921875,137361910719,137361.910719,1780280991.9490526,12.852668762207031,0.0057220458984375,2.0623207092285156,2.028,3145728,0.2451089294062646,192,chatcmpl-43c134f8-8375-4342-92df-55e476dcf337-8fb2347f,"nixl_xfer_handle(0x5af9a3dac500, released=False)",decode,0,0,452715,2,d61968e8-e4aa-43a2-8ca8-85b623ffd1e5_dp1,0,nixl_start_time
1780280991.9743166,1780280991.9876485,13.332,1780280991.9877105,0.06198883056640625,137361935983,137361.935983,1780280991.9743166,13.393878936767578,0.0045299530029296875,1.6047954559326172,1.576,3145728,0.23595319531953196,192,chatcmpl-cb4d7d61-1d3f-4ac9-bcfa-9a7a57bdf035-a2efcc91,"nixl_xfer_handle(0x556355871500, released=False)",decode,1,0,452712,2,d61968e8-e4aa-43a2-8ca8-85b623ffd1e5_dp0,0,nixl_start_time
1780280992.0127707,1780280992.0254238,12.652999999999999,1780280992.0255,0.0762939453125,137361974437,137361.974437,1780280992.0127707,12.729406356811523,0.0054836273193359375,3.3800601959228516,3.357,4718592,0.3729227851102505,288,chatcmpl-b5ccd0b8-fbfe-4237-abd2-e42c499a7f5c-8097424f,"nixl_xfer_handle(0x5af9a2227f60, released=False)",decode,0,0,452715,3,d61968e8-e4aa-43a2-8ca8-85b623ffd1e5_dp1,0,nixl_start_time
1780280992.0384996,1780280992.0523615,13.862,1780280992.0523906,0.029087066650390625,137362000166,137362.000166,1780280992.0384996,13.890981674194336,0.004291534423828125,2.3050308227539062,2.274,4718592,0.34039763381907373,288,chatcmpl-fe1e22d2-537a-4663-bf28-b99d9926ec46-b15f294c,"nixl_xfer_handle(0x5563599b31f0, released=False)",decode,1,0,452712,3,d61968e8-e4aa-43a2-8ca8-85b623ffd1e5_dp0,0,nixl_start_time
1780280992.1661777,1780280992.1790397,12.862,1780280992.1790621,0.022411346435546875,137362127844,137362.127844,1780280992.1661777,12.884378433227539,0.0057220458984375,1.9500255584716797,1.92,3145728,0.2445753382055668,192,chatcmpl-57df3ba5-a802-4f49-835d-9dc8098cb79b-8b6668ee,"nixl_xfer_handle(0x5af9a2227f60, released=False)",decode,0,0,452715,2,d61968e8-e4aa-43a2-8ca8-85b623ffd1e5_dp1,0,nixl_start_time
1780280992.2820287,1780280992.2949376,12.909,1780280992.2949612,0.023603439331054688,137362243695,137362.243695,1780280992.2820287,12.932538986206055,0.00476837158203125,8.043527603149414,8.009,37748736,2.9242184522426213,2304,chatcmpl-92f25cd5-4534-4988-bbf2-0a7737e0b63e-be18ea5d,"nixl_xfer_handle(0x55635996bf80, released=False)",decode,1,0,452712,24,d61968e8-e4aa-43a2-8ca8-85b623ffd1e5_dp0,0,nixl_start_time
1780280992.3333097,1780280992.3463566,13.046999999999999,1780280992.3463826,0.025987625122070312,137362294976,137362.294976,1780280992.3333097,13.072967529296875,0.0064373016357421875,4.73475456237793,4.709,6291456,0.48221476201425617,384,chatcmpl-6c831d15-8d4a-402d-ac73-e6a22246a5de-a2dd4633,"nixl_xfer_handle(0x5af9a3d68ae0, released=False)",decode,0,0,452715,4,d61968e8-e4aa-43a2-8ca8-85b623ffd1e5_dp1,0,nixl_start_time
1780280992.3462527,1780280992.3589988,12.746,1780280992.3590598,0.06103515625,137362307919,137362.307919,1780280992.3462527,12.807130813598633,0.0045299530029296875,1.7592906951904297,1.731,3145728,0.2468011925309901,192,chatcmpl-43074c21-49be-4b64-87df-79e9d450510a-a1caad44,"nixl_xfer_handle(0x5563599b31f0, released=False)",decode,1,0,452712,2,d61968e8-e4aa-43a2-8ca8-85b623ffd1e5_dp0,0,nixl_start_time
1780280992.4499125,1780280992.4626615,12.749,1780280992.4627192,0.057697296142578125,137362411579,137362.411579,1780280992.4499125,12.80665397644043,0.0057220458984375,2.0055770874023438,1.983,3145728,0.2467431171072241,192,chatcmpl-bf7df953-f008-45a7-be4c-07e0035d693b-87485e55,"nixl_xfer_handle(0x5af9a41c61e0, released=False)",decode,0,0,452715,2,d61968e8-e4aa-43a2-8ca8-85b623ffd1e5_dp1,0,nixl_start_time
1780280992.5005686,1780280992.5260007,25.432,1780280992.526064,0.06318092346191406,137362462235,137362.462235,1780280992.5005686,25.495290756225586,0.006198883056640625,8.749008178710938,8.696,47185920,1.8553759043724443,2880,chatcmpl-42c52e07-1a72-42a8-baaa-5da9bb8133cd-be3267aa,"nixl_xfer_handle(0x5af9a41c61e0, released=False)",decode,0,0,452715,30,d61968e8-e4aa-43a2-8ca8-85b623ffd1e5_dp0,0,nixl_start_time
1780280992.5133626,1780280992.5260737,12.711,1780280992.5261219,0.048160552978515625,137362475029,137362.475029,1780280992.5133626,12.759208679199219,0.004291534423828125,1.6279220581054688,1.599,3145728,0.24748076469199906,192,chatcmpl-8cfc49be-c37d-4e6b-9a22-a8ffea380017-8f68c316,"nixl_xfer_handle(0x5563599b31f0, released=False)",decode,1,0,452712,2,d61968e8-e4aa-43a2-8ca8-85b623ffd1e5_dp1,0,nixl_start_time
1780280992.6158316,1780280992.6287687,12.937000000000001,1780280992.628824,0.0553131103515625,137362577498,137362.577498,1780280992.6158316,12.992382049560547,0.00476837158203125,3.0670166015625,3.045,17301504,1.337366004483265,1056,chatcmpl-3fa52870-99bc-4d70-bf9e-dcdbb3a9c352-952da50a,"nixl_xfer_handle(0x5af9a41c61e0, released=False)",decode,0,0,452715,11,d61968e8-e4aa-43a2-8ca8-85b623ffd1e5_dp1,0,nixl_start_time
1780280992.6802475,1780280992.6931026,12.855,1780280992.6931324,0.029802322387695312,137362641914,137362.641914,1780280992.6802475,12.884855270385742,0.0040531158447265625,4.211187362670898,4.192,29884416,2.3247309218203034,1824,chatcmpl-8cc64187-746a-4ec4-95d2-115d94b030b6-9347dfa5,"nixl_xfer_handle(0x5563599b31f0, released=False)",decode,1,0,452712,19,d61968e8-e4aa-43a2-8ca8-85b623ffd1e5_dp0,0,nixl_start_time
1780280992.7447495,1780280992.7574675,12.718,1780280992.7574883,0.020742416381835938,137362706416,137362.706416,1780280992.7447495,12.738704681396484,0.00476837158203125,6.729841232299805,6.688,23592960,1.8550841327252712,1440,chatcmpl-86d595f7-634d-44c3-8559-896d5150c66d-bf252717,"nixl_xfer_handle(0x556359979f00, released=False)",decode,1,0,452712,15,d61968e8-e4aa-43a2-8ca8-85b623ffd1e5_dp1,0,nixl_start_time
1780280992.8215296,1780280992.8335867,12.057,1780280992.8336372,0.05054473876953125,137362783196,137362.783196,1780280992.8215296,12.107610702514648,0.0059604644775390625,2.0160675048828125,1.977,3145728,0.2609047026623538,192,chatcmpl-1a983a87-bd66-4ffb-b7cb-167fe59348e4-a06d1d22,"nixl_xfer_handle(0x5af99a3259e0, released=False)",decode,0,0,452715,2,d61968e8-e4aa-43a2-8ca8-85b623ffd1e5_dp0,0,nixl_start_time
1780280992.8216445,1780280992.8369205,15.276,1780280992.836951,0.030517578125,137362783311,137362.783311,1780280992.8216445,15.306472778320312,0.0045299530029296875,3.763437271118164,3.744,26738688,1.7503723487824037,1632,chatcmpl-85a07e28-8114-4ccc-ba40-25981cc153b9-aa059564,"nixl_xfer_handle(0x5563599b31f0, released=False)",decode,1,0,452712,17,d61968e8-e4aa-43a2-8ca8-85b623ffd1e5_dp1,0,nixl_start_time
1780280992.8238165,1780280992.8368595,13.043000000000001,1780280992.836925,0.06556510925292969,137362785483,137362.785483,1780280992.8238165,13.108491897583008,0.006198883056640625,9.447336196899414,9.431,33030144,2.5324038948094763,2016,chatcmpl-e3e8e5e7-a4aa-4b49-8662-2a33d7e8dbf9-a8d2797c,"nixl_xfer_handle(0x5af9a419c260, released=False)",decode,0,0,452715,21,d61968e8-e4aa-43a2-8ca8-85b623ffd1e5_dp1,0,nixl_start_time
1780280992.8492846,1780280992.8620896,12.805,1780280992.8621507,0.06103515625,137362810951,137362.810951,1780280992.8492846,12.866020202636719,0.005245208740234375,6.721019744873047,6.689,25165824,1.9653122998828583,1536,chatcmpl-ce5ced70-ccf8-4563-858e-127b914f78de-8202d607,"nixl_xfer_handle(0x5af9a41c61e0, released=False)",decode,0,0,452715,16,d61968e8-e4aa-43a2-8ca8-85b623ffd1e5_dp0,0,nixl_start_time
1780280992.8493786,1780280992.8752656,25.887,1780280992.8753016,0.03600120544433594,137362811045,137362.811045,1780280992.8493786,25.92301368713379,0.005245208740234375,8.414983749389648,8.395,40894464,1.5797297485224244,2496,chatcmpl-3383fa08-813f-44ee-98ce-2ed259f8d63c-81e21704,"nixl_xfer_handle(0x5563599b31f0, released=False)",decode,1,0,452712,26,d61968e8-e4aa-43a2-8ca8-85b623ffd1e5_dp1,0,nixl_start_time
1780280993.0794656,1780280993.1092637,29.798000000000002,1780280993.1092978,0.03409385681152344,137363041132,137363.041132,1780280993.0794656,29.832124710083008,0.0064373016357421875,13.960599899291992,13.925,78643200,2.6392106852808914,4800,chatcmpl-5259d57d-9265-4a83-aa49-8d0e00be2322-90832597,"nixl_xfer_handle(0x5563599b31f0, released=False)",decode,1,0,452712,50,d61968e8-e4aa-43a2-8ca8-85b623ffd1e5_dp0,0,nixl_start_time
1780280993.1986415,1780280993.2108076,12.166,1780280993.2108264,0.018835067749023438,137363160308,137363.160308,1780280993.1986415,12.184858322143555,0.00476837158203125,0.6170272827148438,0.594,1572864,0.12928357718231134,48,chatcmpl-e3055a36-2695-4a90-9e7b-5a2d03591189-aec00b70,"nixl_xfer_handle(0x5563599b31f0, released=False)",decode,1,0,452712,1,d61968e8-e4aa-43a2-8ca8-85b623ffd1e5_dp1,0,nixl_start_time
1780280993.2355556,1780280993.2480357,12.48,1780280993.2480633,0.02765655517578125,137363197222,137363.197222,1780280993.2355556,12.50767707824707,0.0040531158447265625,1.5892982482910156,1.555,3145728,0.25206153846153845,192,chatcmpl-b0d98f76-1850-4ca1-82ff-008c7e6c7897-942ac00d,"nixl_xfer_handle(0x5563599b31f0, released=False)",decode,1,0,452712,2,d61968e8-e4aa-43a2-8ca8-85b623ffd1e5_dp0,0,nixl_start_time
1780280993.2866426,1780280993.3107936,24.151,1780280993.3108242,0.030517578125,137363248309,137363.248309,1780280993.2866426,24.181604385375977,0.00667572021484375,8.888006210327148,8.84,48758784,2.0189136681710904,2976,chatcmpl-dc0a6c03-fa9f-4da8-91ae-4c8978c0557b-99efcd18,"nixl_xfer_handle(0x5af9a3e74770, released=False)",decode,0,0,452715,31,d61968e8-e4aa-43a2-8ca8-85b623ffd1e5_dp1,0,nixl_start_time
1780280993.4233305,1780280993.4354246,12.094000000000001,1780280993.4355128,0.08821487426757812,137363384997,137363.384997,1780280993.4233305,12.182235717773438,0.0059604644775390625,6.873130798339844,6.844,28311552,2.340958491814123,1728,chatcmpl-ffa96348-0ee1-4658-82db-e7283f872b67-bd1dc242,"nixl_xfer_handle(0x5af9a4194a50, released=False)",decode,0,0,452715,18,d61968e8-e4aa-43a2-8ca8-85b623ffd1e5_dp0,0,nixl_start_time
1780280993.4978876,1780280993.5149746,17.087,1780280993.5150359,0.06127357482910156,137363459554,137363.459554,1780280993.4978876,17.148256301879883,0.004291534423828125,3.8530826568603516,3.824,7864320,0.4602516533036811,480,chatcmpl-467821f5-1cb1-440d-989c-4e40b09ff71f-b4286b2a,"nixl_xfer_handle(0x5563599b31f0, released=False)",decode,1,0,452712,5,d61968e8-e4aa-43a2-8ca8-85b623ffd1e5_dp0,0,nixl_start_time
1780280993.5100617,1780280993.5228608,12.799,1780280993.5229166,0.055789947509765625,137363471728,137363.471728,1780280993.5100617,12.854814529418945,0.005245208740234375,4.655599594116211,4.631,22020096,1.7204544105008204,1344,chatcmpl-67995b1c-0ce0-4ed3-a5d1-8c6b00a5c335-b6cda1fe,"nixl_xfer_handle(0x556359b3a360, released=False)",decode,1,0,452712,14,d61968e8-e4aa-43a2-8ca8-85b623ffd1e5_dp1,0,nixl_start_time
1780280993.5603065,1780280993.5850115,24.705000000000002,1780280993.5850651,0.05364418029785156,137363521973,137363.521973,1780280993.5603065,24.758577346801758,0.0059604644775390625,8.086919784545898,8.063,40894464,1.6553112325440194,2496,chatcmpl-f7333e38-f300-42e6-a62c-4a8c87b38691-bbb45a49,"nixl_xfer_handle(0x5af9a4194a50, released=False)",decode,0,0,452715,26,d61968e8-e4aa-43a2-8ca8-85b623ffd1e5_dp0,0,nixl_start_time
1780280993.6849697,1780280993.6972477,12.278,1780280993.6973157,0.06794929504394531,137363646636,137363.646636,1780280993.6849697,12.346029281616211,0.0054836273193359375,2.0380020141601562,2.003,3145728,0.2562085030135201,192,chatcmpl-4978b20d-094e-40dc-a93d-7c74409fc7da-af76b229,"nixl_xfer_handle(0x5af9a3e92d20, released=False)",decode,0,0,452715,2,d61968e8-e4aa-43a2-8ca8-85b623ffd1e5_dp1,0,nixl_start_time
1780280993.7718637,1780280993.7727268,0.8630000000000001,1780280993.772756,0.029325485229492188,137363733530,137363.73353,1780280993.7718637,0.8924007415771484,0.0050067901611328125,0.5605220794677734,0.536,1572864,1.8225538818076477,48,chatcmpl-5056d235-8e33-4328-9e9c-b548c0f75c24-9422f274,"nixl_xfer_handle(0x5af9a3e92d20, released=False)",decode,0,0,452715,1,d61968e8-e4aa-43a2-8ca8-85b623ffd1e5_dp0,0,nixl_start_time
1780280993.8840666,1780280993.9085536,24.487,1780280993.9085736,0.02002716064453125,137363845733,137363.845733,1780280993.8840666,24.50704574584961,0.0045299530029296875,9.159326553344727,9.137,53477376,2.1839088495936623,3264,chatcmpl-7f83a96e-1044-4001-8660-e06e13e84ca8-9102e9fe,"nixl_xfer_handle(0x556359b3a360, released=False)",decode,1,0,452712,34,d61968e8-e4aa-43a2-8ca8-85b623ffd1e5_dp1,0,nixl_start_time
1780280993.8968058,1780280993.9129977,16.192,1780280993.9130435,0.0457763671875,137363858472,137363.858472,1780280993.8968058,16.237735748291016,0.0059604644775390625,1.989603042602539,1.967,3145728,0.19427667984189723,192,chatcmpl-7a0ca46d-9dd7-43b3-a1d6-0dda37a2dbba-811ff0b6,"nixl_xfer_handle(0x5af9a3e92d20, released=False)",decode,0,0,452715,2,d61968e8-e4aa-43a2-8ca8-85b623ffd1e5_dp0,0,nixl_start_time
1780280993.8968346,1780280993.9286256,31.791,1780280993.928645,0.019311904907226562,137363858501,137363.858501,1780280993.8968346,31.810283660888672,0.0040531158447265625,11.41047477722168,11.374,9437184,0.29685080683212234,576,chatcmpl-4acb7907-adfb-4624-a201-631100b084bf-8ade2ff5,"nixl_xfer_handle(0x5563599b31f0, released=False)",decode,1,0,452712,6,d61968e8-e4aa-43a2-8ca8-85b623ffd1e5_dp0,0,nixl_start_time
1780280993.9121127,1780280993.9127297,0.617,1780280993.913086,0.3561973571777344,137363873779,137363.873779,1780280993.9121127,0.9732246398925781,0.0054836273193359375,0.6377696990966797,0.617,1572864,2.549212317666126,48,chatcmpl-7bb0b435-bc86-4b9c-a18f-2524e1a37fe7-9ce2300e,"nixl_xfer_handle(0x5af99a3259e0, released=False)",decode,0,0,452715,1,d61968e8-e4aa-43a2-8ca8-85b623ffd1e5_dp1,0,nixl_start_time
1780280993.9237835,1780280993.9360535,12.27,1780280993.9361198,0.06628036499023438,137363885450,137363.88545,1780280993.9237835,12.336254119873047,0.003814697265625,4.514932632446289,4.483,9437184,0.7691266503667482,576,chatcmpl-9dd4ef3e-0d36-4ab7-be5e-e7aeb856d151-a813896c,"nixl_xfer_handle(0x556359986f40, released=False)",decode,1,0,452712,6,d61968e8-e4aa-43a2-8ca8-85b623ffd1e5_dp0,0,nixl_start_time
1780280993.9976177,1780280994.0331287,35.511,1780280994.0331438,0.015020370483398438,137363959284,137363.959284,1780280993.9976177,35.52603721618652,0.00667572021484375,10.07699966430664,10.056,64487424,1.8159844555208244,3936,chatcmpl-e4adcb6d-2a18-40c3-b158-021259072a9f-b572617e,"nixl_xfer_handle(0x5af99a3259e0, released=False)",decode,0,0,452715,41,d61968e8-e4aa-43a2-8ca8-85b623ffd1e5_dp1,0,nixl_start_time
1780280994.0226777,1780280994.0522707,29.593,1780280994.0523167,0.04601478576660156,137363984344,137363.984344,1780280994.0226777,29.639005661010742,0.0059604644775390625,10.125398635864258,10.099,11010048,0.37204906565741896,672,chatcmpl-0e131fb6-746e-4773-b9f8-53618553bd91-a07600e9,"nixl_xfer_handle(0x5af9a3e92d20, released=False)",decode,0,0,452715,7,d61968e8-e4aa-43a2-8ca8-85b623ffd1e5_dp0,0,nixl_start_time
1780280994.0364337,1780280994.0483668,11.933,1780280994.048396,0.029325485229492188,137363998100,137363.9981,1780280994.0364337,11.962413787841797,0.005245208740234375,1.5251636505126953,1.498,3145728,0.26361585519148584,192,chatcmpl-7addd88e-6e1e-4df5-8f0e-029835206150-81a78bc4,"nixl_xfer_handle(0x5563599b31f0, released=False)",decode,1,0,452712,2,d61968e8-e4aa-43a2-8ca8-85b623ffd1e5_dp0,0,nixl_start_time
1780280994.0482585,1780280994.0601904,11.932,1780280994.060207,0.016450881958007812,137364009925,137364.009925,1780280994.0482585,11.948347091674805,0.0050067901611328125,3.755807876586914,3.735,18874368,1.58182769024472,1152,chatcmpl-ef975a6d-76d6-48a6-b119-5ea8edb3c802-9b396993,"nixl_xfer_handle(0x5af99a3259e0, released=False)",decode,0,0,452715,12,d61968e8-e4aa-43a2-8ca8-85b623ffd1e5_dp1,0,nixl_start_time
1780280994.1101847,1780280994.1366158,26.431,1780280994.1366758,0.06008148193359375,137364071851,137364.071851,1780280994.1101847,26.491165161132812,0.0050067901611328125,6.776332855224609,6.756,42467328,1.6067242253414553,2592,chatcmpl-fbeb71a1-506c-4836-beba-44da942943ab-a39d8bbc,"nixl_xfer_handle(0x5563599b31f0, released=False)",decode,1,0,452712,27,d61968e8-e4aa-43a2-8ca8-85b623ffd1e5_dp0,0,nixl_start_time
1780280994.1349266,1780280994.1471765,12.25,1780280994.1471984,0.02193450927734375,137364096593,137364.096593,1780280994.1349266,12.271881103515625,0.004291534423828125,1.36566162109375,1.34,3145728,0.2567941224489796,192,chatcmpl-d0b3f8a2-f592-4d48-988c-37607a71bbe9-843f1a11,"nixl_xfer_handle(0x55635626f460, released=False)",decode,1,0,452712,2,d61968e8-e4aa-43a2-8ca8-85b623ffd1e5_dp1,0,nixl_start_time
1780280994.1597066,1780280994.1842105,24.504,1780280994.1842315,0.0209808349609375,137364121373,137364.121373,1780280994.1597066,24.524927139282227,0.0050067901611328125,4.663705825805664,4.639,45613056,1.8614534769833495,2784,chatcmpl-a1f26373-c1ec-4ba9-aaa7-e335e00469c3-94cd91f8,"nixl_xfer_handle(0x5563599b31f0, released=False)",decode,1,0,452712,29,d61968e8-e4aa-43a2-8ca8-85b623ffd1e5_dp1,0,nixl_start_time
1780280994.5336907,1780280994.5461266,12.436,1780280994.5461457,0.019073486328125,137364495357,137364.495357,1780280994.5336907,12.454986572265625,0.0069141387939453125,0.5834102630615234,0.56,1572864,0.12647668060469605,48,chatcmpl-46a09326-2a6b-4181-861e-6b2e26796ecc-85638bae,"nixl_xfer_handle(0x5af9a3d3ef60, released=False)",decode,0,0,452715,1,d61968e8-e4aa-43a2-8ca8-85b623ffd1e5_dp0,0,nixl_start_time
1780280994.5839376,1780280994.6091666,25.229000000000003,1780280994.6092384,0.07176399230957031,137364545604,137364.545604,1780280994.5839376,25.30074119567871,0.0057220458984375,7.551670074462891,7.531,45613056,1.807961314360458,2784,chatcmpl-de56fb00-9d21-4bf5-b9a2-53f26e058bc9-b370acf0,"nixl_xfer_handle(0x556359cff220, released=False)",decode,1,0,452712,29,d61968e8-e4aa-43a2-8ca8-85b623ffd1e5_dp1,0,nixl_start_time
1780280994.6972396,1780280994.7221606,24.921,1780280994.7221756,0.015020370483398438,137364658906,137364.658906,1780280994.6972396,24.93596076965332,0.007152557373046875,11.024236679077148,11.0,73924608,2.9663580113157577,4512,chatcmpl-2020b76a-4f88-433f-906f-2a924ebc61c2-8c72f248,"nixl_xfer_handle(0x5af9a3d3ef60, released=False)",decode,0,0,452715,47,d61968e8-e4aa-43a2-8ca8-85b623ffd1e5_dp0,0,nixl_start_time
1780280994.7118516,1780280994.7127535,0.902,1780280994.7127995,0.04601478576660156,137364673518,137364.673518,1780280994.7118516,0.9479522705078125,0.0054836273193359375,0.5939006805419922,0.562,1572864,1.7437516629711751,48,chatcmpl-4949b6d4-a641-49b5-b2f2-86d9ce796ece-a923b8a3,"nixl_xfer_handle(0x5563599bcc60, released=False)",decode,1,0,452712,1,d61968e8-e4aa-43a2-8ca8-85b623ffd1e5_dp1,0,nixl_start_time
1780280994.7118576,1780280994.7284806,16.622999999999998,1780280994.7284992,0.018596649169921875,137364673524,137364.673524,1780280994.7118576,16.641616821289062,0.0050067901611328125,10.022640228271484,9.987,3145728,0.1892394874571377,192,chatcmpl-c8bb571d-d0a1-49c3-9138-9c9a5e04adcd-a4426637,"nixl_xfer_handle(0x5af9a3d8c2c0, released=False)",decode,0,0,452715,2,d61968e8-e4aa-43a2-8ca8-85b623ffd1e5_dp1,0,nixl_start_time
1780280994.7255266,1780280994.7398806,14.354000000000001,1780280994.739911,0.030517578125,137364687193,137364.687193,1780280994.7255266,14.38450813293457,0.0045299530029296875,2.6540756225585938,2.633,3145728,0.219153406715898,192,chatcmpl-ffe001a9-19c7-4b6d-867a-36087fa6dce9-b0f07599,"nixl_xfer_handle(0x5af9a3d3ef60, released=False)",decode,0,0,452715,2,d61968e8-e4aa-43a2-8ca8-85b623ffd1e5_dp0,0,nixl_start_time
1780280994.7255588,1780280994.7374487,11.889999999999999,1780280994.737471,0.022411346435546875,137364687225,137364.687225,1780280994.7255588,11.912345886230469,0.004291534423828125,0.41985511779785156,0.395,1572864,0.13228460891505467,48,chatcmpl-5421373d-c714-4c56-a0e3-7bda8996cd53-9d610385,"nixl_xfer_handle(0x5563599bcc60, released=False)",decode,1,0,452712,1,d61968e8-e4aa-43a2-8ca8-85b623ffd1e5_dp0,0,nixl_start_time
1780280994.7372546,1780280994.7498755,12.621,1780280994.7499013,0.02574920654296875,137364698921,137364.698921,1780280994.7372546,12.646675109863281,0.0057220458984375,2.164602279663086,2.142,3145728,0.24924554314238173,192,chatcmpl-d06750e4-c36e-4341-adc7-52f57b48c486-b1dd3b3c,"nixl_xfer_handle(0x5af9a3d8c2c0, released=False)",decode,0,0,452715,2,d61968e8-e4aa-43a2-8ca8-85b623ffd1e5_dp1,0,nixl_start_time
1780280994.7620826,1780280994.7744565,12.373999999999999,1780280994.7745268,0.07033348083496094,137364723749,137364.723749,1780280994.7620826,12.444257736206055,0.0045299530029296875,1.4243125915527344,1.396,3145728,0.2542207855180217,192,chatcmpl-9ade39bd-2639-4b86-82dd-9f17874f26f0-90a6ea1a,"nixl_xfer_handle(0x5563599bcc60, released=False)",decode,1,0,452712,2,d61968e8-e4aa-43a2-8ca8-85b623ffd1e5_dp0,0,nixl_start_time
1780280994.8615246,1780280994.8739486,12.424,1780280994.8740058,0.057220458984375,137364823191,137364.823191,1780280994.8615246,12.481212615966797,0.00476837158203125,2.237558364868164,2.214,3145728,0.2531976819059884,192,chatcmpl-6f77f218-9734-490a-a63f-5e7f9ff85282-b6af0279,"nixl_xfer_handle(0x5af9a3d3ef60, released=False)",decode,0,0,452715,2,d61968e8-e4aa-43a2-8ca8-85b623ffd1e5_dp1,0,nixl_start_time
1780280994.9737067,1780280995.0038788,30.172,1780280995.0039153,0.03647804260253906,137364935373,137364.935373,1780280994.9737067,30.208587646484375,0.0057220458984375,10.859012603759766,10.833,66060288,2.189456714834946,4032,chatcmpl-c2799b71-95bd-48d1-a9b2-d5a77929b3e2-a949e3f4,"nixl_xfer_handle(0x5563599bcc60, released=False)",decode,1,0,452712,42,d61968e8-e4aa-43a2-8ca8-85b623ffd1e5_dp0,0,nixl_start_time
1780280994.9997997,1780280995.0214417,21.642000000000003,1780280995.021506,0.06437301635742188,137364961466,137364.961466,1780280994.9997997,21.706342697143555,0.0050067901611328125,0.6265640258789062,0.593,1572864,0.0726764624341558,48,chatcmpl-e79bbcb5-a96d-4fba-a250-f125daeea00a-abaaa4bc,"nixl_xfer_handle(0x5af9a3d3ef60, released=False)",decode,0,0,452715,1,d61968e8-e4aa-43a2-8ca8-85b623ffd1e5_dp1,0,nixl_start_time
1780280994.9998946,1780280995.0121577,12.263,1780280995.0122166,0.05888938903808594,137364961561,137364.961561,1780280994.9998946,12.321949005126953,0.004291534423828125,3.7288665771484375,3.709,31457280,2.56521895131697,1920,chatcmpl-ca1d6b77-8cc5-437f-bfe6-1953b3aca166-ad72d256,"nixl_xfer_handle(0x556359b3a360, released=False)",decode,1,0,452712,20,d61968e8-e4aa-43a2-8ca8-85b623ffd1e5_dp1,0,nixl_start_time
1780280995.0122228,1780280995.0373528,25.13,1780280995.0374033,0.05054473876953125,137364973889,137364.973889,1780280995.0122228,25.180578231811523,0.0069141387939453125,8.885383605957031,8.823,45613056,1.815083804218066,2784,chatcmpl-d2f887da-fdfc-4fe5-a5b1-a4cc6ee1518e-b403df43,"nixl_xfer_handle(0x5af9a3e92d20, released=False)",decode,0,0,452715,29,d61968e8-e4aa-43a2-8ca8-85b623ffd1e5_dp0,0,nixl_start_time
1780280995.0625308,1780280995.0750177,12.487,1780280995.0750854,0.06771087646484375,137365024197,137365.024197,1780280995.0625308,12.554645538330078,0.0057220458984375,6.807088851928711,6.785,26738688,2.1413220148954912,1632,chatcmpl-f624c733-3aa8-4519-ac3c-a3cd6b3a662a-bc51153a,"nixl_xfer_handle(0x5af9a3e92d20, released=False)",decode,0,0,452715,17,d61968e8-e4aa-43a2-8ca8-85b623ffd1e5_dp1,0,nixl_start_time
1780280995.1002166,1780280995.1125317,12.315,1780280995.1125975,0.06580352783203125,137365061883,137365.061883,1780280995.1002166,12.380838394165039,0.004291534423828125,6.26683235168457,6.235,7864320,0.6385968331303289,480,chatcmpl-dce271f8-9e45-4cc2-8e30-d1a5431de78f-afc92717,"nixl_xfer_handle(0x5af9a3e92d20, released=False)",decode,0,0,452715,5,d61968e8-e4aa-43a2-8ca8-85b623ffd1e5_dp0,0,nixl_start_time
1780280995.1252947,1780280995.1407616,15.467,1780280995.1407816,0.02002716064453125,137365086961,137365.086961,1780280995.1252947,15.486955642700195,0.004291534423828125,3.8270950317382812,3.79,7864320,0.5084580073705308,480,chatcmpl-d5634f97-3e5d-41f5-9801-ee112da6d16f-aff6ebf0,"nixl_xfer_handle(0x556359b3a360, released=False)",decode,1,0,452712,5,d61968e8-e4aa-43a2-8ca8-85b623ffd1e5_dp1,0,nixl_start_time
1780280995.1377487,1780280995.1504216,12.673,1780280995.1504424,0.020742416381835938,137365099415,137365.099415,1780280995.1377487,12.693643569946289,0.0045299530029296875,2.4404525756835938,2.412,4718592,0.3723342539256687,288,chatcmpl-a00fe714-a1d3-45bb-9fab-b95aa195f6a7-8592b3ee,"nixl_xfer_handle(0x5563599bcc60, released=False)",decode,1,0,452712,3,d61968e8-e4aa-43a2-8ca8-85b623ffd1e5_dp0,0,nixl_start_time
1780280995.1630976,1780280995.1757395,12.642000000000001,1780280995.1758242,0.08463859558105469,137365124764,137365.124764,1780280995.1630976,12.726545333862305,0.0064373016357421875,8.818387985229492,8.796,39321600,3.110393925011865,2400,chatcmpl-2a86082a-9f7d-42f9-a713-bbb53205331c-8726ce21,"nixl_xfer_handle(0x5af9a3e92d20, released=False)",decode,0,0,452715,25,d61968e8-e4aa-43a2-8ca8-85b623ffd1e5_dp0,0,nixl_start_time
1780280995.1755896,1780280995.1877725,12.183,1780280995.1877928,0.020265579223632812,137365137256,137365.137256,1780280995.1755896,12.203216552734375,0.005245208740234375,1.4650821685791016,1.431,3145728,0.2582063531149963,192,chatcmpl-aa11026a-2579-48f3-aeba-0a1436f0af3f-b9044819,"nixl_xfer_handle(0x5563599bcc60, released=False)",decode,1,0,452712,2,d61968e8-e4aa-43a2-8ca8-85b623ffd1e5_dp1,0,nixl_start_time
1780280995.2886918,1780280995.3156617,26.970000000000002,1780280995.3156917,0.030040740966796875,137365250358,137365.250358,1780280995.2886918,26.999950408935547,0.007867813110351562,11.990785598754883,11.956,78643200,2.9159510567297,4800,chatcmpl-3c4398df-489d-43d5-b6a6-dafda4b4dd9c-866416e0,"nixl_xfer_handle(0x5af9a3e01ee0, released=False)",decode,0,0,452715,50,d61968e8-e4aa-43a2-8ca8-85b623ffd1e5_dp0,0,nixl_start_time
1780280995.3535607,1780280995.3892508,35.69,1780280995.3893125,0.06175041198730469,137365315227,137365.315227,1780280995.3535607,35.7518196105957,0.008106231689453125,11.842966079711914,11.774,77070336,2.159437825721491,4704,chatcmpl-01f035ca-479c-46e2-8f00-b9c008bf4d26-a227ddca,"nixl_xfer_handle(0x5af9a3e697e0, released=False)",decode,0,0,452715,49,d61968e8-e4aa-43a2-8ca8-85b623ffd1e5_dp1,0,nixl_start_time
1780280995.3807847,1780280995.4058278,25.043,1780280995.4058924,0.06461143493652344,137365342451,137365.342451,1780280995.3807847,25.107622146606445,0.005245208740234375,8.167743682861328,8.145,9437184,0.3768391965818792,576,chatcmpl-04229a3b-14b6-4318-ae0b-dd53d8824e22-949f8838,"nixl_xfer_handle(0x5af9a3d3ef60, released=False)",decode,0,0,452715,6,d61968e8-e4aa-43a2-8ca8-85b623ffd1e5_dp0,0,nixl_start_time
1780280995.3809977,1780280995.3932958,12.298,1780280995.3933911,0.095367431640625,137365342664,137365.342664,1780280995.3809977,12.393474578857422,0.015735626220703125,7.129430770874023,7.082,29884416,2.4300224426736055,1824,chatcmpl-04738f85-d17e-478f-99f0-d3b185ec04dc-b2d78208,"nixl_xfer_handle(0x5563599bcc60, released=False)",decode,1,0,452712,19,d61968e8-e4aa-43a2-8ca8-85b623ffd1e5_dp0,0,nixl_start_time
1780280995.5675488,1780280995.5919378,24.389,1780280995.5919576,0.019788742065429688,137365529215,137365.529215,1780280995.5675488,24.408817291259766,0.009775161743164062,8.12840461730957,8.094,39321600,1.6122678256591085,2400,chatcmpl-1fa2e6b2-3fbf-4bc5-a5a3-627c25dd21d9-95a6da7d,"nixl_xfer_handle(0x5af9a3d3ef60, released=False)",decode,0,0,452715,25,d61968e8-e4aa-43a2-8ca8-85b623ffd1e5_dp0,0,nixl_start_time
1780280995.5798438,1780280995.5919878,12.144,1780280995.5920088,0.0209808349609375,137365541510,137365.54151,1780280995.5798438,12.165069580078125,0.0054836273193359375,2.268552780151367,2.233,4718592,0.38855335968379445,288,chatcmpl-f832c803-d9d7-411d-8de9-3c603072f641-828c3db4,"nixl_xfer_handle(0x556359b46760, released=False)",decode,1,0,452712,3,d61968e8-e4aa-43a2-8ca8-85b623ffd1e5_dp1,0,nixl_start_time
1780280995.6544876,1780280995.6667595,12.272,1780280995.6668444,0.08487701416015625,137365616154,137365.616154,1780280995.6544876,12.356758117675781,0.0054836273193359375,2.9077529907226562,2.882,4718592,0.38450065189048244,288,chatcmpl-6636e7d1-30f2-4caf-9e2a-63c31fc20e9b-98324399,"nixl_xfer_handle(0x5af9a3d3ef60, released=False)",decode,0,0,452715,3,d61968e8-e4aa-43a2-8ca8-85b623ffd1e5_dp0,0,nixl_start_time
1780280995.7163737,1780280995.7290177,12.644,1780280995.729043,0.025272369384765625,137365678040,137365.67804,1780280995.7163737,12.66932487487793,0.0045299530029296875,1.8742084503173828,1.845,3145728,0.24879215438152483,192,chatcmpl-30050201-b1a2-437e-9d6e-b5cbce3e3396-83f9d6d0,"nixl_xfer_handle(0x556359b46760, released=False)",decode,1,0,452712,2,d61968e8-e4aa-43a2-8ca8-85b623ffd1e5_dp0,0,nixl_start_time
1780280995.8279707,1780280995.8515477,23.577,1780280995.8516078,0.06008148193359375,137365789637,137365.789637,1780280995.8279707,23.637056350708008,0.0045299530029296875,3.0651092529296875,3.034,6291456,0.266847181575264,384,chatcmpl-291b83b7-7d37-494b-8b9f-861e1b5ba6bd-baa0cad8,"nixl_xfer_handle(0x556359b46760, released=False)",decode,1,0,452712,4,d61968e8-e4aa-43a2-8ca8-85b623ffd1e5_dp1,0,nixl_start_time
1780280995.8280067,1780280995.8483148,20.308,1780280995.848331,0.01621246337890625,137365789673,137365.789673,1780280995.8280067,20.324230194091797,0.0057220458984375,12.498617172241211,12.474,12582912,0.6196037029741974,768,chatcmpl-5b5e9262-8e88-4513-8544-be31eade5b60-b8eac0b6,"nixl_xfer_handle(0x5af9a3d3ef60, released=False)",decode,0,0,452715,8,d61968e8-e4aa-43a2-8ca8-85b623ffd1e5_dp0,0,nixl_start_time
1780280995.8407435,1780280995.8515465,10.803,1780280995.851617,0.0705718994140625,137365802410,137365.80241,1780280995.8407435,10.873556137084961,0.00476837158203125,7.294893264770508,7.278,23592960,2.1839266870313803,1440,chatcmpl-7579812a-d4be-4e52-a95e-8a7f650c27ce-9a39de46,"nixl_xfer_handle(0x5af9a3e697e0, released=False)",decode,0,0,452715,15,d61968e8-e4aa-43a2-8ca8-85b623ffd1e5_dp1,0,nixl_start_time
1780280995.8632476,1780280995.8882477,25.0,1780280995.8882995,0.05173683166503906,137365824914,137365.824914,1780280995.8632476,25.05183219909668,0.0054836273193359375,9.909868240356445,9.886,14155776,0.56623104,864,chatcmpl-061599b9-85bf-4c19-8687-dbc0c249d6ea-bb766256,"nixl_xfer_handle(0x5af9a3e697e0, released=False)",decode,0,0,452715,9,d61968e8-e4aa-43a2-8ca8-85b623ffd1e5_dp0,0,nixl_start_time
1780280995.9622767,1780280995.9940526,31.776,1780280995.9941013,0.04863739013671875,137365923943,137365.923943,1780280995.9622767,31.824588775634766,0.0057220458984375,14.949798583984375,14.924,77070336,2.425425981873112,4704,chatcmpl-d6153933-4c51-4257-9342-799fcbc3ec60-929912f8,"nixl_xfer_handle(0x556359b46760, released=False)",decode,1,0,452712,49,d61968e8-e4aa-43a2-8ca8-85b623ffd1e5_dp1,0,nixl_start_time
1780280995.9922957,1780280996.0048409,12.545,1780280996.0048678,0.026941299438476562,137365953962,137365.953962,1780280995.9922957,12.572050094604492,0.00476837158203125,1.434326171875,1.402,3145728,0.2507555201275408,192,chatcmpl-5d59d91f-5b3e-48b1-8afe-6bfa263c25a7-93b2334d,"nixl_xfer_handle(0x556359b3a360, released=False)",decode,1,0,452712,2,d61968e8-e4aa-43a2-8ca8-85b623ffd1e5_dp0,0,nixl_start_time
1780280996.0044777,1780280996.0299459,25.468,1780280996.0299635,0.017642974853515625,137365966144,137365.966144,1780280996.0044777,25.485754013061523,0.0064373016357421875,8.943557739257812,8.921,47185920,1.8527532589916758,2880,chatcmpl-cdcf19b7-45b7-4893-b3e2-b2117acbed8d-b8b440e8,"nixl_xfer_handle(0x5af9a3e697e0, released=False)",decode,0,0,452715,30,d61968e8-e4aa-43a2-8ca8-85b623ffd1e5_dp1,0,nixl_start_time
1780280996.0290017,1780280996.0299857,0.9840000000000001,1780280996.0300453,0.059604644775390625,137365990668,137365.990668,1780280996.0290017,1.043558120727539,0.00476837158203125,0.6430149078369141,0.622,1572864,1.5984390243902438,48,chatcmpl-fdbb9255-e3a8-4a7c-80d4-0f9bb53e7353-ae53d34f,"nixl_xfer_handle(0x5af9a3d3ef60, released=False)",decode,0,0,452715,1,d61968e8-e4aa-43a2-8ca8-85b623ffd1e5_dp1,0,nixl_start_time
1780280996.0290155,1780280996.0415156,12.5,1780280996.0415397,0.024080276489257812,137365990682,137365.990682,1780280996.0290155,12.524127960205078,0.0045299530029296875,1.4905929565429688,1.457,3145728,0.25165824,192,chatcmpl-4b8e86bf-49cf-4297-8b20-dc09dd46b52f-8daafa81,"nixl_xfer_handle(0x556359b3a360, released=False)",decode,1,0,452712,2,d61968e8-e4aa-43a2-8ca8-85b623ffd1e5_dp0,0,nixl_start_time
1780280996.1151307,1780280996.1402917,25.160999999999998,1780280996.1403818,0.09012222290039062,137366076797,137366.076797,1780280996.1151307,25.251150131225586,0.0050067901611328125,8.625030517578125,8.604,42467328,1.6878235364254204,2592,chatcmpl-92aff127-27e6-4c4d-bc08-02fd19878ed0-bc0b2bab,"nixl_xfer_handle(0x5af9a3d3ef60, released=False)",decode,0,0,452715,27,d61968e8-e4aa-43a2-8ca8-85b623ffd1e5_dp0,0,nixl_start_time
1780280996.2149227,1780280996.2429597,28.037,1780280996.243018,0.05817413330078125,137366176589,137366.176589,1780280996.2149227,28.095245361328125,0.0069141387939453125,9.682655334472656,9.659,55050240,1.9634853943003887,3360,chatcmpl-9a944ced-1d20-4140-ab1b-b72929992973-b24686e9,"nixl_xfer_handle(0x5af97cdde340, released=False)",decode,0,0,452715,35,d61968e8-e4aa-43a2-8ca8-85b623ffd1e5_dp1,0,nixl_start_time
1780280996.2398276,1780280996.2551336,15.306000000000001,1780280996.2552,0.06628036499023438,137366201494,137366.201494,1780280996.2398276,15.372276306152344,0.005245208740234375,2.8543472290039062,2.832,4718592,0.3082838102704822,288,chatcmpl-2002e921-9b1d-4633-9e66-353b2af2ed72-ae896824,"nixl_xfer_handle(0x5af9a3e697e0, released=False)",decode,0,0,452715,3,d61968e8-e4aa-43a2-8ca8-85b623ffd1e5_dp0,0,nixl_start_time
1780280996.2399027,1780280996.2569346,17.032,1780280996.2569883,0.05364418029785156,137366201569,137366.201569,1780280996.2399027,17.085552215576172,0.0057220458984375,0.4856586456298828,0.458,1572864,0.09234758102395492,48,chatcmpl-9f507bac-0902-47ad-9278-248a0999593f-a95245eb,"nixl_xfer_handle(0x556359b3a360, released=False)",decode,1,0,452712,1,d61968e8-e4aa-43a2-8ca8-85b623ffd1e5_dp0,0,nixl_start_time
1780280996.2519038,1780280996.2651217,13.218,1780280996.2652042,0.08249282836914062,137366213570,137366.21357,1780280996.2519038,13.300418853759766,0.0045299530029296875,2.947092056274414,2.925,4718592,0.3569822968679074,288,chatcmpl-871e85b6-793a-406e-8909-4c176a240000-93d69fc1,"nixl_xfer_handle(0x5af97cdde340, released=False)",decode,0,0,452715,3,d61968e8-e4aa-43a2-8ca8-85b623ffd1e5_dp1,0,nixl_start_time
1780280996.2521408,1780280996.2651749,13.034,1780280996.2651994,0.024557113647460938,137366213807,137366.213807,1780280996.2521408,13.058662414550781,0.005245208740234375,4.479646682739258,4.436,37748736,2.8961743133343565,2304,chatcmpl-2afb372f-a8b9-4f3a-a468-b07aa1d11d21-b8d55d97,"nixl_xfer_handle(0x556359b46760, released=False)",decode,1,0,452712,24,d61968e8-e4aa-43a2-8ca8-85b623ffd1e5_dp1,0,nixl_start_time
1780280996.4765975,1780280996.5090106,32.413,1780280996.5090315,0.0209808349609375,137366438264,137366.438264,1780280996.4765975,32.43398666381836,0.0059604644775390625,16.287803649902344,16.258,77070336,2.3777600345540373,4704,chatcmpl-1a38fa5a-98d2-44a5-97d9-4b4288758e61-b1090710,"nixl_xfer_handle(0x5563599141a0, released=False)",decode,1,0,452712,49,d61968e8-e4aa-43a2-8ca8-85b623ffd1e5_dp0,0,nixl_start_time
1780280996.5829077,1780280996.6108828,27.975,1780280996.6109064,0.023603439331054688,137366544574,137366.544574,1780280996.5829077,27.998685836791992,0.012874603271484375,11.036872863769531,11.007,69206016,2.4738522252010724,4224,chatcmpl-652e8cc0-f7d4-4fec-b8f2-3af1749383d0-8d3d057c,"nixl_xfer_handle(0x5563599141a0, released=False)",decode,1,0,452712,44,d61968e8-e4aa-43a2-8ca8-85b623ffd1e5_dp0,0,nixl_start_time
1780280996.5976946,1780280996.6091406,11.446,1780280996.6091814,0.04076957702636719,137366559361,137366.559361,1780280996.5976946,11.48676872253418,0.0064373016357421875,6.337642669677734,6.316,20447232,1.7864085269963308,1248,chatcmpl-9adf2f02-b54a-42a4-b2d1-bbdf06895a61-a2dd9312,"nixl_xfer_handle(0x5af97cdde340, released=False)",decode,0,0,452715,13,d61968e8-e4aa-43a2-8ca8-85b623ffd1e5_dp1,0,nixl_start_time
1780280996.6090496,1780280996.6219606,12.911000000000001,1780280996.6219978,0.03719329833984375,137366570716,137366.570716,1780280996.6090496,12.948274612426758,0.005245208740234375,1.5187263488769531,1.49,3145728,0.2436471226086283,192,chatcmpl-6654f57f-84fc-44de-9710-851ef7ed5cd9-9468a2a7,"nixl_xfer_handle(0x556359b3a360, released=False)",decode,1,0,452712,2,d61968e8-e4aa-43a2-8ca8-85b623ffd1e5_dp0,0,nixl_start_time
1780280996.7959697,1780280996.8083887,12.418999999999999,1780280996.808409,0.020265579223632812,137366757636,137366.757636,1780280996.7959697,12.439250946044922,0.0057220458984375,6.438732147216797,6.415,20447232,1.6464475400595864,1248,chatcmpl-d322f9ed-e437-45a7-8418-46ad492edd9f-be06297d,"nixl_xfer_handle(0x556359b3a360, released=False)",decode,1,0,452712,13,d61968e8-e4aa-43a2-8ca8-85b623ffd1e5_dp0,0,nixl_start_time
1780280996.8083136,1780280996.8210115,12.697999999999999,1780280996.8210359,0.024318695068359375,137366769980,137366.76998,1780280996.8083136,12.722253799438477,0.005245208740234375,1.9581317901611328,1.935,3145728,0.2477341313592692,192,chatcmpl-c43d968e-cfd8-45a3-a13e-231cb67b5863-b51e9df2,"nixl_xfer_handle(0x5af9a3d8de60, released=False)",decode,0,0,452715,2,d61968e8-e4aa-43a2-8ca8-85b623ffd1e5_dp1,0,nixl_start_time
1780280996.9565465,1780280996.9693666,12.82,1780280996.9694364,0.06985664367675781,137366918213,137366.918213,1780280996.9565465,12.889862060546875,0.005245208740234375,5.0067901611328125,4.966,11010048,0.858818096723869,672,chatcmpl-f23151ad-ed1b-430d-bb14-cf2556ff40ee-8a5c508a,"nixl_xfer_handle(0x5563599bbbe0, released=False)",decode,1,0,452712,7,d61968e8-e4aa-43a2-8ca8-85b623ffd1e5_dp0,0,nixl_start_time
1780280997.0302167,1780280997.0598128,29.596,1780280997.05987,0.057220458984375,137366991883,137366.991883,1780280997.0302167,29.653310775756836,0.0069141387939453125,14.43934440612793,14.406,86507520,2.922946344100554,5280,chatcmpl-0bfededa-04f1-439b-b113-c61c49201b51-96d6bfb7,"nixl_xfer_handle(0x5af9a3d8de60, released=False)",decode,0,0,452715,55,d61968e8-e4aa-43a2-8ca8-85b623ffd1e5_dp1,0,nixl_start_time
1780280997.3546996,1780280997.3867097,32.01,1780280997.386763,0.05340576171875,137367316366,137367.316366,1780280997.3546996,32.06348419189453,0.00762939453125,13.015508651733398,12.977,81788928,2.5551055295220246,4992,chatcmpl-98c2065e-85f2-415a-a626-0cc803a1ce2c-a2c7e1fb,"nixl_xfer_handle(0x5af9a3d8de60, released=False)",decode,0,0,452715,52,d61968e8-e4aa-43a2-8ca8-85b623ffd1e5_dp0,0,nixl_start_time
1780280997.3712196,1780280997.4026597,31.44,1780280997.4026906,0.030994415283203125,137367332886,137367.332886,1780280997.3712196,31.47101402282715,0.0045299530029296875,15.247106552124023,15.225,6291456,0.20010992366412214,384,chatcmpl-015e7591-219b-45af-9905-4915620d56bc-bfdc72ba,"nixl_xfer_handle(0x5af9a3e697e0, released=False)",decode,0,0,452715,4,d61968e8-e4aa-43a2-8ca8-85b623ffd1e5_dp1,0,nixl_start_time
1780280997.3714406,1780280997.3736715,2.231,1780280997.373715,0.043392181396484375,137367333107,137367.333107,1780280997.3714406,2.2742748260498047,0.00476837158203125,1.9235610961914062,1.887,3145728,1.410008068130883,192,chatcmpl-7dab7df5-eab1-4304-8c4c-4e02d2444f88-b39d162d,"nixl_xfer_handle(0x5563599bbbe0, released=False)",decode,1,0,452712,2,d61968e8-e4aa-43a2-8ca8-85b623ffd1e5_dp1,0,nixl_start_time
1780280997.3898847,1780280997.4019847,12.1,1780280997.4020214,0.036716461181640625,137367351551,137367.351551,1780280997.3898847,12.136697769165039,0.0045299530029296875,3.9854049682617188,3.962,29884416,2.469786446280992,1824,chatcmpl-50660662-a2f3-40ac-b361-746b68e79751-85174f66,"nixl_xfer_handle(0x5563599bbbe0, released=False)",decode,1,0,452712,19,d61968e8-e4aa-43a2-8ca8-85b623ffd1e5_dp0,0,nixl_start_time
1780280997.4018435,1780280997.4135985,11.754999999999999,1780280997.4136186,0.02002716064453125,137367363510,137367.36351,1780280997.4018435,11.775016784667969,0.0050067901611328125,0.5483627319335938,0.527,1572864,0.13380382815823055,48,chatcmpl-b98127b6-a5a6-42e5-beb7-e260423a7aba-9c16e827,"nixl_xfer_handle(0x5af9a3d8de60, released=False)",decode,0,0,452715,1,d61968e8-e4aa-43a2-8ca8-85b623ffd1e5_dp1,0,nixl_start_time
1780280997.4381835,1780280997.4503796,12.196,1780280997.4504316,0.051975250244140625,137367399850,137367.39985,1780280997.4381835,12.248039245605469,0.0050067901611328125,1.959085464477539,1.937,3145728,0.25793112495900294,192,chatcmpl-f1bad799-92c9-4e9b-a796-f8e94d7d2b74-a084a01d,"nixl_xfer_handle(0x5af9a3d8de60, released=False)",decode,0,0,452715,2,d61968e8-e4aa-43a2-8ca8-85b623ffd1e5_dp0,0,nixl_start_time
1780280997.4502966,1780280997.4628587,12.562,1780280997.462911,0.05221366882324219,137367411963,137367.411963,1780280997.4502966,12.614250183105469,0.00476837158203125,1.3506412506103516,1.322,3145728,0.2504161757681898,192,chatcmpl-bf73665f-67dc-4f6a-84d7-f010ac07d4cc-a5aeb36b,"nixl_xfer_handle(0x556349860960, released=False)",decode,1,0,452712,2,d61968e8-e4aa-43a2-8ca8-85b623ffd1e5_dp0,0,nixl_start_time
1780280997.5242136,1780280997.5529885,28.775,1780280997.5530498,0.06127357482910156,137367485880,137367.48588,1780280997.5242136,28.83625030517578,0.006198883056640625,11.668205261230469,11.638,75497472,2.623717532580365,4608,chatcmpl-777c9dfa-d124-4c6a-9b99-e1baff8ea7fe-bec56161,"nixl_xfer_handle(0x5af9a3d8de60, released=False)",decode,0,0,452715,48,d61968e8-e4aa-43a2-8ca8-85b623ffd1e5_dp1,0,nixl_start_time
1780280997.5507197,1780280997.5627077,11.988,1780280997.5627413,0.03361701965332031,137367512386,137367.512386,1780280997.5507197,12.021541595458984,0.0054836273193359375,1.9907951354980469,1.95,3145728,0.2624064064064064,192,chatcmpl-08314048-3c3d-4756-b417-9ca1b3ed6d79-9b0d45bc,"nixl_xfer_handle(0x5af9a3e697e0, released=False)",decode,0,0,452715,2,d61968e8-e4aa-43a2-8ca8-85b623ffd1e5_dp0,0,nixl_start_time
1780280997.6606307,1780280997.6734488,12.818,1780280997.6734967,0.04792213439941406,137367622297,137367.622297,1780280997.6606307,12.866020202636719,0.0054836273193359375,9.369850158691406,9.345,29884416,2.3314414105164616,1824,chatcmpl-1ebb4c86-ea0b-4f7b-b48c-492ca2e0f4bd-b0b12e2c,"nixl_xfer_handle(0x556349860960, released=False)",decode,1,0,452712,19,d61968e8-e4aa-43a2-8ca8-85b623ffd1e5_dp1,0,nixl_start_time
1780280997.6735306,1780280997.6847985,11.268,1780280997.6848822,0.08368492126464844,137367635197,137367.635197,1780280997.6735306,11.351585388183594,0.00476837158203125,1.8656253814697266,1.843,3145728,0.27917358892438765,192,chatcmpl-f8f45327-5cf3-44ca-8e2b-830b8b14e241-8b40e5e3,"nixl_xfer_handle(0x5af9a3e697e0, released=False)",decode,0,0,452715,2,d61968e8-e4aa-43a2-8ca8-85b623ffd1e5_dp0,0,nixl_start_time
1780280997.7822576,1780280997.7945025,12.245000000000001,1780280997.7945576,0.05507469177246094,137367743924,137367.743924,1780280997.7822576,12.30001449584961,0.0045299530029296875,4.695415496826172,4.662,9437184,0.7706969375255206,576,chatcmpl-ed7006cd-9544-4778-b3fd-0f6e7f2cf63c-b785c309,"nixl_xfer_handle(0x556359963ea0, released=False)",decode,1,0,452712,6,d61968e8-e4aa-43a2-8ca8-85b623ffd1e5_dp1,0,nixl_start_time
1780280997.8432207,1780280997.8675797,24.358999999999998,1780280997.8676212,0.041484832763671875,137367804887,137367.804887,1780280997.8432207,24.40047264099121,0.0064373016357421875,7.801055908203125,7.779,44040192,1.8079638737222383,2688,chatcmpl-2ed00b5e-6f5c-4809-8a02-68232ef15b4e-a9cecb65,"nixl_xfer_handle(0x5af9a3e697e0, released=False)",decode,0,0,452715,28,d61968e8-e4aa-43a2-8ca8-85b623ffd1e5_dp0,0,nixl_start_time
1780280997.8676236,1780280997.8795235,11.9,1780280997.879542,0.018596649169921875,137367829290,137367.82929,1780280997.8676236,11.91854476928711,0.00476837158203125,4.196643829345703,4.176,33030144,2.7756423529411762,2016,chatcmpl-7c14a48e-a0ac-4ee4-8fa5-6d55475f325d-bd07d642,"nixl_xfer_handle(0x556359963ea0, released=False)",decode,1,0,452712,21,d61968e8-e4aa-43a2-8ca8-85b623ffd1e5_dp0,0,nixl_start_time
1780280997.9154568,1780280997.9276319,12.175,1780280997.9277017,0.06985664367675781,137367877123,137367.877123,1780280997.9154568,12.244939804077148,0.0045299530029296875,2.0422935485839844,2.007,3145728,0.2583760164271047,192,chatcmpl-8053f284-a759-43aa-92aa-0fd8e5e21db2-acdd5ffb,"nixl_xfer_handle(0x5af9a3e697e0, released=False)",decode,0,0,452715,2,d61968e8-e4aa-43a2-8ca8-85b623ffd1e5_dp1,0,nixl_start_time
1780280997.9642277,1780280997.9955766,31.349,1780280997.9955974,0.020742416381835938,137367925894,137367.925894,1780280997.9642277,31.369686126708984,0.005245208740234375,16.433000564575195,16.407,15728640,0.5017270088360075,960,chatcmpl-119e5e33-89aa-44a2-92d5-79c4253ac00d-b0b1710d,"nixl_xfer_handle(0x5af9a3e697e0, released=False)",decode,0,0,452715,10,d61968e8-e4aa-43a2-8ca8-85b623ffd1e5_dp0,0,nixl_start_time
1780280998.0201437,1780280998.0322397,12.096,1780280998.0322604,0.020742416381835938,137367981810,137367.98181,1780280998.0201437,12.116670608520508,0.005245208740234375,1.596689224243164,1.562,3145728,0.26006349206349205,192,chatcmpl-86b7b5f1-54f1-4232-871e-e10a49e49d80-9a3623af,"nixl_xfer_handle(0x556355871360, released=False)",decode,1,0,452712,2,d61968e8-e4aa-43a2-8ca8-85b623ffd1e5_dp1,0,nixl_start_time
1780280998.1542487,1780280998.1928117,38.563,1780280998.1928444,0.03266334533691406,137368115915,137368.115915,1780280998.1542487,38.59567642211914,0.0054836273193359375,11.331796646118164,11.296,77070336,1.9985565438373571,4704,chatcmpl-c30718f9-8817-400c-90e4-823f8e7af738-8e6c2698,"nixl_xfer_handle(0x556349860960, released=False)",decode,1,0,452712,49,d61968e8-e4aa-43a2-8ca8-85b623ffd1e5_dp0,0,nixl_start_time
1780280998.1691427,1780280998.1802137,11.071,1780280998.180233,0.019311904907226562,137368130809,137368.130809,1780280998.1691427,11.090278625488281,0.005245208740234375,2.014636993408203,1.992,3145728,0.2841412699846446,192,chatcmpl-d313b888-1ff9-4ae3-a22a-855264f745df-ad7d021d,"nixl_xfer_handle(0x5af9a3e697e0, released=False)",decode,0,0,452715,2,d61968e8-e4aa-43a2-8ca8-85b623ffd1e5_dp1,0,nixl_start_time
1780280998.3628197,1780280998.4038277,41.008,1780280998.4038668,0.03910064697265625,137368324486,137368.324486,1780280998.3628197,41.047096252441406,0.004291534423828125,9.230613708496094,9.209,53477376,1.304071790870074,3264,chatcmpl-5f0617c3-40cb-4085-9fcd-be532d35fb1b-b4ef43c9,"nixl_xfer_handle(0x556353906020, released=False)",decode,1,0,452712,34,d61968e8-e4aa-43a2-8ca8-85b623ffd1e5_dp0,0,nixl_start_time
1780280998.3872597,1780280998.4076006,20.341,1780280998.40765,0.04935264587402344,137368348926,137368.348926,1780280998.3872597,20.39027214050293,0.0064373016357421875,1.9145011901855469,1.879,3145728,0.15464962391229534,192,chatcmpl-61f9bc17-e9f4-457a-92fe-777f2102ae82-958eb4c1,"nixl_xfer_handle(0x5af9a3e697e0, released=False)",decode,0,0,452715,2,d61968e8-e4aa-43a2-8ca8-85b623ffd1e5_dp1,0,nixl_start_time
1780280998.3873258,1780280998.4039178,16.592,1780280998.403938,0.020265579223632812,137368348992,137368.348992,1780280998.3873258,16.61229133605957,0.0059604644775390625,7.271766662597656,7.252,29884416,1.8011340405014464,1824,chatcmpl-62757d0b-6e6b-4d38-8729-645283da1732-a312ca35,"nixl_xfer_handle(0x5563599141a0, released=False)",decode,1,0,452712,19,d61968e8-e4aa-43a2-8ca8-85b623ffd1e5_dp1,0,nixl_start_time
1780280998.3947096,1780280998.4183035,23.594,1780280998.4183228,0.019311904907226562,137368356376,137368.356376,1780280998.3947096,23.61321449279785,0.002384185791015625,8.835554122924805,8.804,9437184,0.3999823683987454,576,chatcmpl-a0fb358d-e9c6-4573-90a1-09040586f893-a535dace,"nixl_xfer_handle(0x556359cc4200, released=False)",decode,1,0,452712,6,d61968e8-e4aa-43a2-8ca8-85b623ffd1e5_dp1,0,nixl_start_time
1780280998.4548757,1780280998.4670477,12.172,1780280998.467117,0.06937980651855469,137368416542,137368.416542,1780280998.4548757,12.241363525390625,0.0059604644775390625,6.3381195068359375,6.293,26738688,2.1967374301675977,1632,chatcmpl-fa9d247e-cd3a-4e74-800c-b43886d12061-be395b21,"nixl_xfer_handle(0x5af9a3e697e0, released=False)",decode,0,0,452715,17,d61968e8-e4aa-43a2-8ca8-85b623ffd1e5_dp0,0,nixl_start_time
1780280998.4671276,1780280998.4911995,24.072,1780280998.4912274,0.027894973754882812,137368428794,137368.428794,1780280998.4671276,24.09982681274414,0.005245208740234375,9.066581726074219,9.044,51904512,2.1562193419740776,3168,chatcmpl-c1cfb662-b08b-4650-8dfb-2c6b2273f5b2-92cb9a20,"nixl_xfer_handle(0x5563599141a0, released=False)",decode,1,0,452712,33,d61968e8-e4aa-43a2-8ca8-85b623ffd1e5_dp0,0,nixl_start_time
1780280998.5396516,1780280998.5788395,39.188,1780280998.5788667,0.027179718017578125,137368501318,137368.501318,1780280998.5396516,39.215087890625,0.00476837158203125,0.4489421844482422,0.424,1572864,0.04013636827600285,48,chatcmpl-1e015229-c253-44bc-b0bc-5eb2b3718861-ada6fc59,"nixl_xfer_handle(0x556347af78e0, released=False)",decode,1,0,452712,1,d61968e8-e4aa-43a2-8ca8-85b623ffd1e5_dp0,0,nixl_start_time
1780280998.5399268,1780280998.5791357,39.209,1780280998.5791764,0.04076957702636719,137368501593,137368.501593,1780280998.5399268,39.24965858459473,0.0073909759521484375,16.89934730529785,16.865,89653248,2.286547680379505,5472,chatcmpl-978c6563-6bf2-4c07-8fea-12673d9ab5b2-842988da,"nixl_xfer_handle(0x5af97e1ae5c0, released=False)",decode,0,0,452715,57,d61968e8-e4aa-43a2-8ca8-85b623ffd1e5_dp0,0,nixl_start_time
1780280998.5573757,1780280998.5931218,35.746,1780280998.5931754,0.05364418029785156,137368519042,137368.519042,1780280998.5573757,35.79974174499512,0.0064373016357421875,17.862558364868164,17.827,66060288,1.84804699826554,4032,chatcmpl-5d448eb6-9f27-4c4c-9d9b-8fa9ee8d9d22-9eb12558,"nixl_xfer_handle(0x5af9a3d8de60, released=False)",decode,0,0,452715,42,d61968e8-e4aa-43a2-8ca8-85b623ffd1e5_dp1,0,nixl_start_time
1780280998.5897377,1780280998.6024556,12.718,1780280998.6024966,0.04100799560546875,137368551404,137368.551404,1780280998.5897377,12.758970260620117,0.004291534423828125,0.4153251647949219,0.391,1572864,0.1236722755150181,48,chatcmpl-f34e447c-3872-44ce-bf7a-0f5420ec2130-8dd9e939,"nixl_xfer_handle(0x556347af78e0, released=False)",decode,1,0,452712,1,d61968e8-e4aa-43a2-8ca8-85b623ffd1e5_dp1,0,nixl_start_time
1780280998.5897677,1780280998.6023827,12.615,1780280998.6024032,0.020503997802734375,137368551434,137368.551434,1780280998.5897677,12.635469436645508,0.005245208740234375,3.072977066040039,3.051,4718592,0.37404613555291316,288,chatcmpl-068990f8-4c2e-4930-a4c1-9495452ecf2c-9115433f,"nixl_xfer_handle(0x5af97e1ae5c0, released=False)",decode,0,0,452715,3,d61968e8-e4aa-43a2-8ca8-85b623ffd1e5_dp0,0,nixl_start_time
1780280998.6508646,1780280998.6632946,12.43,1780280998.663317,0.022411346435546875,137368612531,137368.612531,1780280998.6508646,12.452363967895508,0.0045299530029296875,1.5225410461425781,1.493,3145728,0.25307546259050684,192,chatcmpl-c2db6a57-551e-43fc-9d1f-e3ce90a01ae9-b1483e9a,"nixl_xfer_handle(0x556347af78e0, released=False)",decode,1,0,452712,2,d61968e8-e4aa-43a2-8ca8-85b623ffd1e5_dp0,0,nixl_start_time
1780280998.7118366,1780280998.7235286,11.691999999999998,1780280998.7235494,0.020742416381835938,137368673503,137368.673503,1780280998.7118366,11.712789535522461,0.0059604644775390625,7.588386535644531,7.564,28311552,2.4214464591173455,1728,chatcmpl-0f186fbf-fced-411a-95ea-eb2621a626fd-941f4b6a,"nixl_xfer_handle(0x5af9a3d8de60, released=False)",decode,0,0,452715,18,d61968e8-e4aa-43a2-8ca8-85b623ffd1e5_dp0,0,nixl_start_time
1780280998.7235377,1780280998.7357807,12.243,1780280998.73581,0.029325485229492188,137368685204,137368.685204,1780280998.7235377,12.272357940673828,0.0050067901611328125,1.6219615936279297,1.593,3145728,0.2569409458466062,192,chatcmpl-bbe9e9e2-cddb-45a0-8a4c-2b25a71b1fcc-9066fc41,"nixl_xfer_handle(0x556347af78e0, released=False)",decode,1,0,452712,2,d61968e8-e4aa-43a2-8ca8-85b623ffd1e5_dp1,0,nixl_start_time
1780280998.8094907,1780280998.8417037,32.213,1780280998.8417323,0.0286102294921875,137368771157,137368.771157,1780280998.8094907,32.2415828704834,0.0064373016357421875,17.098188400268555,17.061,80216064,2.490176760935026,4896,chatcmpl-62d01b07-ee3b-4a6b-82b9-818301615ae0-96eab505,"nixl_xfer_handle(0x556347af78e0, released=False)",decode,1,0,452712,51,d61968e8-e4aa-43a2-8ca8-85b623ffd1e5_dp0,0,nixl_start_time
1780280998.8301947,1780280998.8417356,11.540999999999999,1780280998.8417554,0.019788742065429688,137368791861,137368.791861,1780280998.8301947,11.560678482055664,0.0059604644775390625,6.58726692199707,6.565,26738688,2.3168432544840134,1632,chatcmpl-3ee20d43-59ab-47e8-87ee-8261845f08d0-a93d339e,"nixl_xfer_handle(0x5af97e1ae5c0, released=False)",decode,0,0,452715,17,d61968e8-e4aa-43a2-8ca8-85b623ffd1e5_dp0,0,nixl_start_time
1780280998.9024887,1780280998.9287467,26.258,1780280998.9288034,0.056743621826171875,137368864155,137368.864155,1780280998.9024887,26.314735412597656,0.006198883056640625,10.637521743774414,10.615,61341696,2.3361145555640186,3744,chatcmpl-758af2a1-bdcc-4618-9510-ae5fe56ef21a-9ee097f1,"nixl_xfer_handle(0x556336e67660, released=False)",decode,1,0,452712,39,d61968e8-e4aa-43a2-8ca8-85b623ffd1e5_dp1,0,nixl_start_time
1780280998.9891317,1780280999.0160377,26.906,1780280999.0160592,0.021457672119140625,137368950798,137368.950798,1780280998.9891317,26.927471160888672,0.00858306884765625,12.025833129882812,11.987,80216064,2.981344830149409,4896,chatcmpl-6a8c20ba-311f-4ac0-bbd4-74aefa7d4ca9-83aaf5c3,"nixl_xfer_handle(0x5af9a3d8de60, released=False)",decode,0,0,452715,51,d61968e8-e4aa-43a2-8ca8-85b623ffd1e5_dp1,0,nixl_start_time
1780280999.0524707,1780280999.0764837,24.012999999999998,1780280999.0765445,0.06079673767089844,137369014137,137369.014137,1780280999.0524707,24.07383918762207,0.0073909759521484375,8.318185806274414,8.282,50331648,2.0960166576437764,3072,chatcmpl-38475935-c2eb-4108-a268-ebb30e80efe5-8bab75ff,"nixl_xfer_handle(0x5af9245000e0, released=False)",decode,0,0,452715,32,d61968e8-e4aa-43a2-8ca8-85b623ffd1e5_dp0,0,nixl_start_time
1780280999.1377466,1780280999.1498785,12.132,1780280999.1499019,0.023365020751953125,137369099413,137369.099413,1780280999.1377466,12.155294418334961,0.00476837158203125,0.45299530029296875,0.422,1572864,0.12964589515331354,48,chatcmpl-ca1590f6-abd1-45b7-96ed-67431a27105d-8411c0da,"nixl_xfer_handle(0x556336e67660, released=False)",decode,1,0,452712,1,d61968e8-e4aa-43a2-8ca8-85b623ffd1e5_dp0,0,nixl_start_time
1780280999.2233276,1780280999.2358937,12.566,1780280999.2359211,0.027418136596679688,137369184994,137369.184994,1780280999.2233276,12.593507766723633,0.0050067901611328125,3.2300949096679688,3.206,20447232,1.6271870125736112,1248,chatcmpl-4a3a6044-8151-4d53-a070-34ac99c29c04-b44c2bd6,"nixl_xfer_handle(0x556359cd5fa0, released=False)",decode,1,0,452712,13,d61968e8-e4aa-43a2-8ca8-85b623ffd1e5_dp0,0,nixl_start_time
1780280999.2968647,1780280999.3090758,12.211,1780280999.3090975,0.021696090698242188,137369258531,137369.258531,1780280999.2968647,12.232780456542969,0.0050067901611328125,3.7682056427001953,3.745,23592960,1.9321071165342725,1440,chatcmpl-c2c4730a-337e-400a-b8c3-3b4ef6009eab-a1010240,"nixl_xfer_handle(0x556359cd5fa0, released=False)",decode,1,0,452712,15,d61968e8-e4aa-43a2-8ca8-85b623ffd1e5_dp1,0,nixl_start_time
1780280999.3218856,1780280999.3339145,12.029,1780280999.333933,0.018596649169921875,137369283552,137369.283552,1780280999.3218856,12.047529220581055,0.0045299530029296875,0.4391670227050781,0.413,1572864,0.13075600631806467,48,chatcmpl-a60e68b0-d980-4d88-9369-24ffa60c1e50-8ee264a7,"nixl_xfer_handle(0x5563599be870, released=False)",decode,1,0,452712,1,d61968e8-e4aa-43a2-8ca8-85b623ffd1e5_dp0,0,nixl_start_time
1780280999.3222616,1780280999.3339756,11.714,1780280999.3340476,0.07200241088867188,137369283928,137369.283928,1780280999.3222616,11.78598403930664,0.006198883056640625,6.827116012573242,6.784,7864320,0.6713607648967048,480,chatcmpl-07906eda-2953-464b-a39a-5a89c7d93bfa-a137cbd8,"nixl_xfer_handle(0x5af9245000e0, released=False)",decode,0,0,452715,5,d61968e8-e4aa-43a2-8ca8-85b623ffd1e5_dp1,0,nixl_start_time
1780280999.3829145,1780280999.4074326,24.518,1780280999.4074547,0.022172927856445312,137369344581,137369.344581,1780280999.3829145,24.540185928344727,0.00476837158203125,7.367372512817383,7.348,44040192,1.7962391712211434,2688,chatcmpl-fa79aa7e-18e7-4f64-bcea-28bc812c4510-85303eea,"nixl_xfer_handle(0x5563599be870, released=False)",decode,1,0,452712,28,d61968e8-e4aa-43a2-8ca8-85b623ffd1e5_dp0,0,nixl_start_time
1780280999.3949537,1780280999.4073758,12.422,1780280999.4074407,0.064849853515625,137369356620,137369.35662,1780280999.3949537,12.486934661865234,0.0057220458984375,7.8582763671875,7.829,31457280,2.5323844791498953,1920,chatcmpl-9e06c1c8-5129-43c2-b1c7-b0a13bdbc6ed-a46a9f2c,"nixl_xfer_handle(0x5af9245000e0, released=False)",decode,0,0,452715,20,d61968e8-e4aa-43a2-8ca8-85b623ffd1e5_dp1,0,nixl_start_time
1780280999.4439347,1780280999.4604998,16.565,1780280999.460514,0.01430511474609375,137369405601,137369.405601,1780280999.4439347,16.579389572143555,0.0054836273193359375,5.512237548828125,5.492,17301504,1.044461454874736,1056,chatcmpl-78b67dc0-9364-4d8f-8cb8-6f48727e2316-881b7ff8,"nixl_xfer_handle(0x5af9a3d98e20, released=False)",decode,0,0,452715,11,d61968e8-e4aa-43a2-8ca8-85b623ffd1e5_dp0,0,nixl_start_time
1780280999.4563556,1780280999.4684696,12.113999999999999,1780280999.4684887,0.019073486328125,137369418022,137369.418022,1780280999.4563556,12.133121490478516,0.021696090698242188,3.856182098388672,3.816,6291456,0.5193541357107478,384,chatcmpl-562d20b8-95a0-4998-a139-4b5fbf6a1b00-9e1dd2a0,"nixl_xfer_handle(0x5af9a367c300, released=False)",decode,0,0,452715,4,d61968e8-e4aa-43a2-8ca8-85b623ffd1e5_dp0,0,nixl_start_time
1780280999.5301216,1780280999.5471666,17.045,1780280999.5471892,0.022649765014648438,137369491788,137369.491788,1780280999.5301216,17.067670822143555,0.003814697265625,3.3206939697265625,3.299,22020096,1.2918800821355236,1344,chatcmpl-7c48d60b-be4e-42db-b5bb-6be032f70ce4-a4010843,"nixl_xfer_handle(0x556359a47960, released=False)",decode,1,0,452712,14,d61968e8-e4aa-43a2-8ca8-85b623ffd1e5_dp1,0,nixl_start_time
1780280999.5419636,1780280999.5574596,15.495999999999999,1780280999.5574806,0.0209808349609375,137369503630,137369.50363,1780280999.5419636,15.516996383666992,0.0054836273193359375,4.5986175537109375,4.561,9437184,0.6090077439339184,576,chatcmpl-283de23b-ed4b-4966-994f-636bd9289fa8-b3fc11fe,"nixl_xfer_handle(0x556353906020, released=False)",decode,1,0,452712,6,d61968e8-e4aa-43a2-8ca8-85b623ffd1e5_dp0,0,nixl_start_time
1780280999.5547857,1780280999.5668447,12.059000000000001,1780280999.5668788,0.03409385681152344,137369516452,137369.516452,1780280999.5547857,12.093067169189453,0.005245208740234375,2.34222412109375,2.313,4718592,0.39129214694419107,288,chatcmpl-dcf56278-ebd7-4240-a1e0-e123a9c38b15-8c62f7b0,"nixl_xfer_handle(0x556359a47960, released=False)",decode,1,0,452712,3,d61968e8-e4aa-43a2-8ca8-85b623ffd1e5_dp1,0,nixl_start_time
1780280999.6285777,1780280999.6600177,31.44,1780280999.6600337,0.015974044799804688,137369590244,137369.590244,1780280999.6285777,31.45599365234375,0.0064373016357421875,9.215354919433594,9.183,55050240,1.7509618320610685,3360,chatcmpl-ce631ac1-920f-4038-a95b-058ba91328a1-8957ca68,"nixl_xfer_handle(0x5af9a3d98e20, released=False)",decode,0,0,452715,35,d61968e8-e4aa-43a2-8ca8-85b623ffd1e5_dp0,0,nixl_start_time
1780280999.6528256,1780280999.6648827,12.057,1780280999.6649048,0.022172927856445312,137369614492,137369.614492,1780280999.6528256,12.079238891601562,0.0059604644775390625,6.839513778686523,6.818,28311552,2.3481423239611847,1728,chatcmpl-539dca01-b8a5-42fd-ae9c-1aeb98bb3747-8e970c4c,"nixl_xfer_handle(0x5af9a41cf540, released=False)",decode,0,0,452715,18,d61968e8-e4aa-43a2-8ca8-85b623ffd1e5_dp0,0,nixl_start_time
1780280999.7744377,1780280999.7865577,12.120000000000001,1780280999.7865803,0.022649765014648438,137369736104,137369.736104,1780280999.7744377,12.142658233642578,0.0045299530029296875,0.46896934509277344,0.445,1572864,0.12977425742574256,48,chatcmpl-9b1250e0-5ca2-4f75-8e71-51e881d93ede-8a867fc7,"nixl_xfer_handle(0x556353906020, released=False)",decode,1,0,452712,1,d61968e8-e4aa-43a2-8ca8-85b623ffd1e5_dp1,0,nixl_start_time
1780280999.9327376,1780280999.9625585,29.821,1780280999.9625902,0.03170967102050781,137369894404,137369.894404,1780280999.9327376,29.852628707885742,0.008344650268554688,9.832620620727539,9.81,66060288,2.2152271218269006,4032,chatcmpl-db0d7396-4aeb-44bb-b78c-cea0b1ac77a9-8d3bbc19,"nixl_xfer_handle(0x5af9a3d98e20, released=False)",decode,0,0,452715,42,d61968e8-e4aa-43a2-8ca8-85b623ffd1e5_dp0,0,nixl_start_time
1780280999.9572897,1780280999.9695528,12.263,1780280999.9696386,0.0858306884765625,137369918956,137369.918956,1780280999.9572897,12.34889030456543,0.0057220458984375,4.923820495605469,4.902,20447232,1.6673923183560304,1248,chatcmpl-aabd85ea-c49a-4a44-9639-cd7377bfa16b-9e1250e3,"nixl_xfer_handle(0x5af9a418c260, released=False)",decode,0,0,452715,13,d61968e8-e4aa-43a2-8ca8-85b623ffd1e5_dp1,0,nixl_start_time
1780280999.9572957,1780280999.9714077,14.112,1780280999.971455,0.04744529724121094,137369918962,137369.918962,1780280999.9572957,14.159440994262695,0.0050067901611328125,2.3963451385498047,2.368,4718592,0.33436734693877557,288,chatcmpl-706e1ce8-dc8b-450e-bf9f-a568b279ce35-a2df074e,"nixl_xfer_handle(0x5563599a64a0, released=False)",decode,1,0,452712,3,d61968e8-e4aa-43a2-8ca8-85b623ffd1e5_dp1,0,nixl_start_time
1780280999.9695528,1780280999.9816208,12.068000000000001,1780280999.9816391,0.018358230590820312,137369931219,137369.931219,1780280999.9695528,12.08639144897461,0.0054836273193359375,1.5480518341064453,1.513,3145728,0.26066688763672524,192,chatcmpl-b258c8f2-52e2-459c-b5f7-24b758ee119a-a7e40d00,"nixl_xfer_handle(0x5563599be870, released=False)",decode,1,0,452712,2,d61968e8-e4aa-43a2-8ca8-85b623ffd1e5_dp0,0,nixl_start_time
1780281000.0424786,1780281000.0695066,27.028,1780281000.0695803,0.07367134094238281,137370004145,137370.004145,1780281000.0424786,27.101755142211914,0.0069141387939453125,12.230157852172852,12.198,81788928,3.0260813970697056,4992,chatcmpl-05b33867-fae9-4cf6-87e0-9615d514292f-a147ca2d,"nixl_xfer_handle(0x5af9a418c260, released=False)",decode,0,0,452715,52,d61968e8-e4aa-43a2-8ca8-85b623ffd1e5_dp1,0,nixl_start_time
1780281000.1189167,1780281000.1485188,29.602,1780281000.1485796,0.06079673767089844,137370080583,137370.080583,1780281000.1189167,29.6628475189209,0.005245208740234375,10.073661804199219,10.048,53477376,1.8065460441862038,3264,chatcmpl-53bf4dd2-0792-425b-ade5-dc77a07910da-bc4ccd23,"nixl_xfer_handle(0x556354451c60, released=False)",decode,1,0,452712,34,d61968e8-e4aa-43a2-8ca8-85b623ffd1e5_dp1,0,nixl_start_time
1780281000.1321807,1780281000.1441548,11.974,1780281000.144174,0.019311904907226562,137370093847,137370.093847,1780281000.1321807,11.993408203125,0.0057220458984375,2.0661354064941406,2.043,3145728,0.262713211959245,192,chatcmpl-d9e4abe2-9aef-48ca-a5e3-84ba1a53ec9e-bfb1fa1f,"nixl_xfer_handle(0x5af9a3d42540, released=False)",decode,0,0,452715,2,d61968e8-e4aa-43a2-8ca8-85b623ffd1e5_dp0,0,nixl_start_time
1780281000.1441836,1780281000.1560867,11.903,1780281000.156122,0.03528594970703125,137370105850,137370.10585,1780281000.1441836,11.938333511352539,0.0040531158447265625,4.060268402099609,4.041,33030144,2.7749427875325545,2016,chatcmpl-6d06883e-f828-4bcd-9d9c-39eb862faa8d-800c67d5,"nixl_xfer_handle(0x55634673cfe0, released=False)",decode,1,0,452712,21,d61968e8-e4aa-43a2-8ca8-85b623ffd1e5_dp1,0,nixl_start_time
1780281000.1935656,1780281000.2058115,12.246,1780281000.2058673,0.055789947509765625,137370155232,137370.155232,1780281000.1935656,12.30168342590332,0.0054836273193359375,0.43463706970214844,0.409,1572864,0.1284390004899559,48,chatcmpl-e53d284e-a688-4316-85e4-e3ad4c098450-9429a443,"nixl_xfer_handle(0x556354451c60, released=False)",decode,1,0,452712,1,d61968e8-e4aa-43a2-8ca8-85b623ffd1e5_dp1,0,nixl_start_time
1780281000.2679427,1780281000.2961166,28.174,1780281000.2961318,0.0152587890625,137370229609,137370.229609,1780281000.2679427,28.18918228149414,0.0064373016357421875,10.07223129272461,10.051,69206016,2.4563787889543547,4224,chatcmpl-e72567a6-8bba-4b90-9503-c310bdbc5275-a867a3c2,"nixl_xfer_handle(0x5af9a3d42540, released=False)",decode,0,0,452715,44,d61968e8-e4aa-43a2-8ca8-85b623ffd1e5_dp0,0,nixl_start_time
1780281000.2929156,1780281000.3078055,14.89,1780281000.3078346,0.029087066650390625,137370254582,137370.254582,1780281000.2929156,14.919042587280273,0.0045299530029296875,0.4665851593017578,0.441,1572864,0.10563223640026863,48,chatcmpl-7f857117-a43e-46ce-b56d-ce4d6804fde4-a091a264,"nixl_xfer_handle(0x556354451c60, released=False)",decode,1,0,452712,1,d61968e8-e4aa-43a2-8ca8-85b623ffd1e5_dp1,0,nixl_start_time
1780281000.2929187,1780281000.3052337,12.315,1780281000.3052564,0.022649765014648438,137370254585,137370.254585,1780281000.2929187,12.337684631347656,0.005245208740234375,2.9213428497314453,2.886,4718592,0.3831580998781973,288,chatcmpl-65e605b7-a380-43d9-be4a-a28d314c1fdb-84ec2900,"nixl_xfer_handle(0x5af9a4181150, released=False)",decode,0,0,452715,3,d61968e8-e4aa-43a2-8ca8-85b623ffd1e5_dp1,0,nixl_start_time
1780281000.3051636,1780281000.3182375,13.074,1780281000.3182564,0.018835067749023438,137370266830,137370.26683,1780281000.3051636,13.092756271362305,0.0050067901611328125,2.3102760314941406,2.284,4718592,0.3609141808168885,288,chatcmpl-7ef99fde-99e7-4e13-a71b-15c656819ec7-b354ef8d,"nixl_xfer_handle(0x5563599a64a0, released=False)",decode,1,0,452712,3,d61968e8-e4aa-43a2-8ca8-85b623ffd1e5_dp0,0,nixl_start_time
1780281000.4168715,1780281000.4567616,39.89,1780281000.4567947,0.03314018249511719,137370378538,137370.378538,1780281000.4168715,39.92319107055664,0.0054836273193359375,23.877620697021484,23.842,89653248,2.247511857608423,5472,chatcmpl-4c3e304c-7357-47ca-89c6-3b3fc8d58ccc-843659be,"nixl_xfer_handle(0x55635391fa20, released=False)",decode,1,0,452712,57,d61968e8-e4aa-43a2-8ca8-85b623ffd1e5_dp1,0,nixl_start_time
1780281000.4560537,1780281000.4684908,12.437,1780281000.4685187,0.027894973754882812,137370417720,137370.41772,1780281000.4560537,12.46500015258789,0.004291534423828125,0.41937828063964844,0.396,1572864,0.12646651121653132,48,chatcmpl-3c02e2f8-de14-49be-94fd-6147db5c097e-97f368d3,"nixl_xfer_handle(0x5563599a0cf0, released=False)",decode,1,0,452712,1,d61968e8-e4aa-43a2-8ca8-85b623ffd1e5_dp0,0,nixl_start_time
1780281000.4564347,1780281000.4807777,24.343,1780281000.4808207,0.04291534423828125,137370418101,137370.418101,1780281000.4564347,24.385929107666016,0.0064373016357421875,8.432388305664062,8.41,48758784,2.0029899355050733,2976,chatcmpl-f02a0a14-aa30-40bc-8202-f6a55922797e-bd5cd859,"nixl_xfer_handle(0x5af9a3dc40f0, released=False)",decode,0,0,452715,31,d61968e8-e4aa-43a2-8ca8-85b623ffd1e5_dp1,0,nixl_start_time
1780281000.6158276,1780281000.6283786,12.551,1780281000.628399,0.020265579223632812,137370577494,137370.577494,1780281000.6158276,12.571334838867188,0.00476837158203125,2.258777618408203,2.228,4718592,0.3759534698430404,288,chatcmpl-8a9204b2-8802-431e-9bd9-c966759f7d61-81dd913d,"nixl_xfer_handle(0x55634673cfe0, released=False)",decode,1,0,452712,3,d61968e8-e4aa-43a2-8ca8-85b623ffd1e5_dp0,0,nixl_start_time
1780281000.6402946,1780281000.6529746,12.68,1780281000.6529994,0.0247955322265625,137370601961,137370.601961,1780281000.6402946,12.704849243164062,0.005245208740234375,3.2265186309814453,3.206,20447232,1.6125577287066246,1248,chatcmpl-1521892f-8dba-444e-a36a-48ffc5378e64-a6059819,"nixl_xfer_handle(0x556359a47920, released=False)",decode,1,0,452712,13,d61968e8-e4aa-43a2-8ca8-85b623ffd1e5_dp1,0,nixl_start_time
1780281000.7637026,1780281000.7883186,24.616,1780281000.7883973,0.07867813110351562,137370725369,137370.725369,1780281000.7637026,24.69468116760254,0.0069141387939453125,8.94021987915039,8.918,55050240,2.236360090997725,3360,chatcmpl-d017b37d-a737-47dc-a1be-82b49ae6d196-80143fc4,"nixl_xfer_handle(0x5af9a3d42c00, released=False)",decode,0,0,452715,35,d61968e8-e4aa-43a2-8ca8-85b623ffd1e5_dp0,0,nixl_start_time
1780281000.7762456,1780281000.7883127,12.067,1780281000.7883577,0.04506111145019531,137370737912,137370.737912,1780281000.7762456,12.112140655517578,0.00476837158203125,1.5377998352050781,1.511,3145728,0.2606884892682523,192,chatcmpl-e952b045-a89a-4646-9236-a3d152e004a6-bdc1c600,"nixl_xfer_handle(0x556354496f00, released=False)",decode,1,0,452712,2,d61968e8-e4aa-43a2-8ca8-85b623ffd1e5_dp1,0,nixl_start_time
1780281000.8004706,1780281000.8131657,12.695,1780281000.8131843,0.018596649169921875,137370762137,137370.762137,1780281000.8004706,12.71367073059082,0.0059604644775390625,5.469560623168945,5.445,9437184,0.7433780228436393,576,chatcmpl-08f5326d-ebc0-4058-9ae4-fc8a7aa01e6c-821a7cf9,"nixl_xfer_handle(0x5af9a3dc40f0, released=False)",decode,0,0,452715,6,d61968e8-e4aa-43a2-8ca8-85b623ffd1e5_dp0,0,nixl_start_time
1780281000.8131037,1780281000.8252916,12.187999999999999,1780281000.825358,0.06628036499023438,137370774770,137370.77477,1780281000.8131037,12.25423812866211,0.0050067901611328125,3.772258758544922,3.74,7864320,0.6452510666229079,480,chatcmpl-7edddd22-478b-4327-a6f8-66e4470d5c3a-b4f45860,"nixl_xfer_handle(0x556354496f00, released=False)",decode,1,0,452712,5,d61968e8-e4aa-43a2-8ca8-85b623ffd1e5_dp1,0,nixl_start_time
1780281000.8993566,1780281000.9285605,29.204,1780281000.9286137,0.05316734313964844,137370861023,137370.861023,1780281000.8993566,29.25705909729004,0.025510787963867188,14.159917831420898,14.111,75497472,2.585175729352143,4608,chatcmpl-f18e8423-a878-4eeb-a8d9-13c903211580-9c74e0b8,"nixl_xfer_handle(0x556355871360, released=False)",decode,1,0,452712,48,d61968e8-e4aa-43a2-8ca8-85b623ffd1e5_dp0,0,nixl_start_time
1780281001.3126197,1780281001.3389597,26.34,1780281001.3390164,0.056743621826171875,137371274286,137371.274286,1780281001.3126197,26.396751403808594,0.007152557373046875,9.174346923828125,9.146,59768832,2.2691280182232347,3648,chatcmpl-45198486-67cc-4d1a-8c75-b17a6c976dc6-88cef2b2,"nixl_xfer_handle(0x5af9a3dc40f0, released=False)",decode,0,0,452715,38,d61968e8-e4aa-43a2-8ca8-85b623ffd1e5_dp0,0,nixl_start_time
1780281001.3367298,1780281001.3523548,15.625,1780281001.3523874,0.03266334533691406,137371298396,137371.298396,1780281001.3367298,15.657663345336914,0.0057220458984375,1.9540786743164062,1.923,3145728,0.201326592,192,chatcmpl-f633453b-050a-4615-9c28-4d8ce06e862e-b2107f73,"nixl_xfer_handle(0x5af986a69d40, released=False)",decode,0,0,452715,2,d61968e8-e4aa-43a2-8ca8-85b623ffd1e5_dp1,0,nixl_start_time
1780281001.3368337,1780281001.3495488,12.715,1780281001.3495696,0.020742416381835938,137371298500,137371.2985,1780281001.3368337,12.735843658447266,0.0045299530029296875,4.66465950012207,4.628,9437184,0.7422087298466379,576,chatcmpl-35095eca-35eb-433d-8713-3349c4fa4c58-a16b03c9,"nixl_xfer_handle(0x556355871360, released=False)",decode,1,0,452712,6,d61968e8-e4aa-43a2-8ca8-85b623ffd1e5_dp1,0,nixl_start_time
1780281001.3493698,1780281001.3615608,12.191,1780281001.3616264,0.06556510925292969,137371311036,137371.311036,1780281001.3493698,12.256622314453125,0.005245208740234375,2.7098655700683594,2.682,4718592,0.38705536871462554,288,chatcmpl-17b47178-fd46-4295-a98c-c10fe5dfd07a-b36868ad,"nixl_xfer_handle(0x5af9a41839e0, released=False)",decode,0,0,452715,3,d61968e8-e4aa-43a2-8ca8-85b623ffd1e5_dp0,0,nixl_start_time
1780281001.4232996,1780281001.4367535,13.454,1780281001.4368532,0.09965896606445312,137371384966,137371.384966,1780281001.4232996,13.553619384765625,0.004291534423828125,6.142139434814453,6.12,22020096,1.636695109261186,1344,chatcmpl-7397da0c-c430-4adc-a24c-d7739e34aa76-95ba5e56,"nixl_xfer_handle(0x5af986a69d40, released=False)",decode,0,0,452715,14,d61968e8-e4aa-43a2-8ca8-85b623ffd1e5_dp1,0,nixl_start_time
1780281001.4235966,1780281001.4522066,28.61,1780281001.452252,0.045299530029296875,137371385263,137371.385263,1780281001.4235966,28.655290603637695,0.005245208740234375,9.509563446044922,9.486,59768832,2.089088850052429,3648,chatcmpl-8e94d444-8405-415e-9eff-a72e8348cde2-8550a3cb,"nixl_xfer_handle(0x556355871360, released=False)",decode,1,0,452712,38,d61968e8-e4aa-43a2-8ca8-85b623ffd1e5_dp0,0,nixl_start_time
1780281001.4481997,1780281001.4605548,12.355,1780281001.4606109,0.05602836608886719,137371409866,137371.409866,1780281001.4481997,12.411117553710938,0.005245208740234375,3.703594207763672,3.669,7864320,0.6365293403480372,480,chatcmpl-04d6367c-c17e-4223-ad2b-1ef75f0c83f7-8fa99e16,"nixl_xfer_handle(0x5563599b29a0, released=False)",decode,1,0,452712,5,d61968e8-e4aa-43a2-8ca8-85b623ffd1e5_dp0,0,nixl_start_time
1780281001.4482727,1780281001.4605067,12.234,1780281001.4605289,0.022172927856445312,137371409939,137371.409939,1780281001.4482727,12.256145477294922,0.0064373016357421875,3.8251876831054688,3.803,28311552,2.314169691025012,1728,chatcmpl-1a78e8e1-75f8-42f2-89c9-203e11482e9f-92c875aa,"nixl_xfer_handle(0x5af986a69d40, released=False)",decode,0,0,452715,18,d61968e8-e4aa-43a2-8ca8-85b623ffd1e5_dp1,0,nixl_start_time
1780281001.4855876,1780281001.4977295,12.142,1780281001.4977481,0.018596649169921875,137371447254,137371.447254,1780281001.4855876,12.160539627075195,0.0054836273193359375,5.258321762084961,5.236,25165824,2.0726259265359905,1536,chatcmpl-827c0ba8-a959-4443-9f63-fb26ebd18315-906a9665,"nixl_xfer_handle(0x5af9a41839e0, released=False)",decode,0,0,452715,16,d61968e8-e4aa-43a2-8ca8-85b623ffd1e5_dp0,0,nixl_start_time
1780281001.5596647,1780281001.5850997,25.435,1780281001.5851934,0.09369850158691406,137371521331,137371.521331,1780281001.5596647,25.528669357299805,0.0064373016357421875,10.630130767822266,10.596,67633152,2.659058462748182,4128,chatcmpl-66dbe14f-3e15-4d3d-bce7-e1c91695c9e2-88e00a86,"nixl_xfer_handle(0x5af9a3d66f60, released=False)",decode,0,0,452715,43,d61968e8-e4aa-43a2-8ca8-85b623ffd1e5_dp1,0,nixl_start_time
1780281001.6226766,1780281001.6473787,24.702,1780281001.6474063,0.02765655517578125,137371584343,137371.584343,1780281001.6226766,24.72972869873047,0.0050067901611328125,6.547212600708008,6.524,37748736,1.5281651688122417,2304,chatcmpl-992cdbc0-610b-4dcd-a31e-fd105e1c4044-aad84e14,"nixl_xfer_handle(0x556355871360, released=False)",decode,1,0,452712,24,d61968e8-e4aa-43a2-8ca8-85b623ffd1e5_dp0,0,nixl_start_time
1780281001.6347866,1780281001.6473305,12.544,1780281001.647383,0.05245208740234375,137371596453,137371.596453,1780281001.6347866,12.596368789672852,0.00476837158203125,1.9278526306152344,1.906,3145728,0.2507755102040817,192,chatcmpl-4be9f690-6557-40de-914d-fda2a90ec35e-99d0affc,"nixl_xfer_handle(0x5af9a3dc31e0, released=False)",decode,0,0,452715,2,d61968e8-e4aa-43a2-8ca8-85b623ffd1e5_dp0,0,nixl_start_time
1780281001.6594605,1780281001.6722016,12.741000000000001,1780281001.672239,0.03743171691894531,137371621127,137371.621127,1780281001.6594605,12.778520584106445,0.005245208740234375,3.0684471130371094,3.039,6291456,0.493796091358606,384,chatcmpl-cbbb8937-2fcc-4237-9230-b572e87aff30-81cfbf04,"nixl_xfer_handle(0x556355871360, released=False)",decode,1,0,452712,4,d61968e8-e4aa-43a2-8ca8-85b623ffd1e5_dp1,0,nixl_start_time
1780281001.7461696,1780281001.7717466,25.576999999999998,1780281001.7717967,0.050067901611328125,137371707836,137371.707836,1780281001.7461696,25.62713623046875,0.005245208740234375,10.78176498413086,10.76,78643200,3.074762481917348,4800,chatcmpl-8cc8bb07-a7eb-4392-b895-58e6203e5a38-adb5a05d,"nixl_xfer_handle(0x5af9a3dc31e0, released=False)",decode,0,0,452715,50,d61968e8-e4aa-43a2-8ca8-85b623ffd1e5_dp0,0,nixl_start_time
1780281001.8334367,1780281001.8580947,24.657999999999998,1780281001.8581178,0.023126602172851562,137371795103,137371.795103,1780281001.8334367,24.68109130859375,0.005245208740234375,8.158206939697266,8.125,15728640,0.6378716846459568,960,chatcmpl-d9a35ac8-e69c-4686-bc37-65787cb27522-a0076701,"nixl_xfer_handle(0x556355871360, released=False)",decode,1,0,452712,10,d61968e8-e4aa-43a2-8ca8-85b623ffd1e5_dp1,0,nixl_start_time
1780281001.8707576,1780281001.8830795,12.322,1780281001.8831205,0.04100799560546875,137371832424,137371.832424,1780281001.8707576,12.362957000732422,0.00476837158203125,1.5804767608642578,1.547,3145728,0.2552936211653952,192,chatcmpl-c6b50379-531a-4f6b-841f-d2ecabb23167-9d9650a9,"nixl_xfer_handle(0x556355871360, released=False)",decode,1,0,452712,2,d61968e8-e4aa-43a2-8ca8-85b623ffd1e5_dp0,0,nixl_start_time
1780281002.0192215,1780281002.0312746,12.052999999999999,1780281002.0312974,0.02288818359375,137371980888,137371.980888,1780281002.0192215,12.07590103149414,0.0045299530029296875,6.337165832519531,6.302,6291456,0.5219825769517963,384,chatcmpl-27992e51-8bf5-4dc8-a011-5709ee3b41b9-8830afed,"nixl_xfer_handle(0x5af9a3dc40f0, released=False)",decode,0,0,452715,4,d61968e8-e4aa-43a2-8ca8-85b623ffd1e5_dp1,0,nixl_start_time
1780281002.0561686,1780281002.0683205,12.152,1780281002.0684028,0.08225440979003906,137372017835,137372.017835,1780281002.0561686,12.234210968017578,0.0054836273193359375,5.381107330322266,5.359,18874368,1.5531902567478604,1152,chatcmpl-92000674-f882-439e-b07c-226fb0ab9040-80371423,"nixl_xfer_handle(0x5af9a3dc40f0, released=False)",decode,0,0,452715,12,d61968e8-e4aa-43a2-8ca8-85b623ffd1e5_dp0,0,nixl_start_time
1780281002.0806317,1780281002.0968027,16.171000000000003,1780281002.0968597,0.05698204040527344,137372042298,137372.042298,1780281002.0806317,16.22796058654785,0.0057220458984375,7.939338684082031,7.906,9437184,0.5835869148475666,576,chatcmpl-d40e4b3b-943b-484d-bfac-0460b4ebaeba-8b572bf9,"nixl_xfer_handle(0x5af9a3dc40f0, released=False)",decode,0,0,452715,6,d61968e8-e4aa-43a2-8ca8-85b623ffd1e5_dp1,0,nixl_start_time
1780281002.0808105,1780281002.1089396,28.129,1780281002.1089795,0.03981590270996094,137372042477,137372.042477,1780281002.0808105,28.168916702270508,0.00476837158203125,7.789850234985352,7.754,45613056,1.6215669238152794,2784,chatcmpl-f278a06a-5e51-44e0-8101-b089e193b1c1-8d6ef274,"nixl_xfer_handle(0x556355871360, released=False)",decode,1,0,452712,29,d61968e8-e4aa-43a2-8ca8-85b623ffd1e5_dp0,0,nixl_start_time
1780281002.0888457,1780281002.1090028,20.157,1780281002.1090167,0.013828277587890625,137372050512,137372.050512,1780281002.0888457,20.170927047729492,0.0040531158447265625,4.513740539550781,4.48,26738688,1.3265212085131715,1632,chatcmpl-100ea088-84a2-4820-a2d1-006e57c7ea80-acd6766b,"nixl_xfer_handle(0x556354451c60, released=False)",decode,1,0,452712,17,d61968e8-e4aa-43a2-8ca8-85b623ffd1e5_dp1,0,nixl_start_time
1780281002.1334586,1780281002.1579137,24.455000000000002,1780281002.1579385,0.0247955322265625,137372095125,137372.095125,1780281002.1334586,24.47986602783203,0.006198883056640625,7.259607315063477,7.231,40894464,1.6722332447352277,2496,chatcmpl-0ff60b9e-e8ab-43f9-b102-c9a0fd690356-a7b0d87b,"nixl_xfer_handle(0x5af9a3dc40f0, released=False)",decode,0,0,452715,26,d61968e8-e4aa-43a2-8ca8-85b623ffd1e5_dp0,0,nixl_start_time
1780281002.1701968,1780281002.1825197,12.323,1780281002.18258,0.06031990051269531,137372131863,137372.131863,1780281002.1701968,12.383222579956055,0.0057220458984375,5.347728729248047,5.327,22020096,1.7869103302767182,1344,chatcmpl-d854ba91-f7ba-45ae-ae03-53d8f4cdb9ed-a56dce69,"nixl_xfer_handle(0x5af9a3d34b00, released=False)",decode,0,0,452715,14,d61968e8-e4aa-43a2-8ca8-85b623ffd1e5_dp1,0,nixl_start_time
1780281002.2441196,1780281002.2564836,12.364,1780281002.256504,0.020503997802734375,137372205786,137372.205786,1780281002.2441196,12.384414672851562,0.00476837158203125,3.1239986419677734,3.09,6291456,0.5088527984471045,384,chatcmpl-d6cb8332-a635-4eaf-880f-0a2774fcd1f1-b0ace6ee,"nixl_xfer_handle(0x556354451c60, released=False)",decode,1,0,452712,4,d61968e8-e4aa-43a2-8ca8-85b623ffd1e5_dp0,0,nixl_start_time
1780281002.3681297,1780281002.3927267,24.597,1780281002.392802,0.07534027099609375,137372329796,137372.329796,1780281002.3681297,24.672269821166992,0.006198883056640625,7.690191268920898,7.659,40894464,1.6625793389437735,2496,chatcmpl-86fa3b5e-078f-4628-9776-6e12591b76d1-942e06c5,"nixl_xfer_handle(0x5af9a3dc40f0, released=False)",decode,0,0,452715,26,d61968e8-e4aa-43a2-8ca8-85b623ffd1e5_dp1,0,nixl_start_time
1780281002.4177055,1780281002.4297085,12.003,1780281002.4297307,0.022172927856445312,137372379372,137372.379372,1780281002.4177055,12.025117874145508,0.0050067901611328125,1.5773773193359375,1.549,3145728,0.262078480379905,192,chatcmpl-82324844-72b6-4346-8a73-dc7b39433990-bac939ec,"nixl_xfer_handle(0x556354451c60, released=False)",decode,1,0,452712,2,d61968e8-e4aa-43a2-8ca8-85b623ffd1e5_dp0,0,nixl_start_time
1780281002.4788826,1780281002.4915645,12.682,1780281002.491586,0.021457672119140625,137372440549,137372.440549,1780281002.4788826,12.703418731689453,0.004291534423828125,1.57928466796875,1.549,3145728,0.2480466803343321,192,chatcmpl-97a50b7d-ba61-4d06-8a8e-add35e0405b1-a1bedcef,"nixl_xfer_handle(0x556359abb200, released=False)",decode,1,0,452712,2,d61968e8-e4aa-43a2-8ca8-85b623ffd1e5_dp0,0,nixl_start_time
1780281002.5654497,1780281002.5775967,12.147,1780281002.577616,0.019311904907226562,137372527116,137372.527116,1780281002.5654497,12.166261672973633,0.0057220458984375,2.2351741790771484,2.212,3145728,0.2589715979254137,192,chatcmpl-9859e25c-f5ba-45f3-94f5-2d1ffa31707b-a5d426b3,"nixl_xfer_handle(0x5af9a3dc40f0, released=False)",decode,0,0,452715,2,d61968e8-e4aa-43a2-8ca8-85b623ffd1e5_dp1,0,nixl_start_time
1780281002.6150756,1780281002.6272247,12.149000000000001,1780281002.6272695,0.04482269287109375,137372576742,137372.576742,1780281002.6150756,12.193918228149414,0.005245208740234375,1.5974044799804688,1.568,3145728,0.25892896534694215,192,chatcmpl-493393a7-2695-417d-a651-24266be31b7a-9ea95488,"nixl_xfer_handle(0x556359a168b0, released=False)",decode,1,0,452712,2,d61968e8-e4aa-43a2-8ca8-85b623ffd1e5_dp0,0,nixl_start_time
1780281002.6395426,1780281002.6521165,12.574,1780281002.6521883,0.07176399230957031,137372601209,137372.601209,1780281002.6395426,12.645721435546875,0.0054836273193359375,1.9137859344482422,1.89,3145728,0.2501771910291077,192,chatcmpl-2f92390e-6249-419a-9311-66b1e293a277-a811ff47,"nixl_xfer_handle(0x5af9a3dc40f0, released=False)",decode,0,0,452715,2,d61968e8-e4aa-43a2-8ca8-85b623ffd1e5_dp0,0,nixl_start_time
1780281002.6767726,1780281002.6891985,12.426,1780281002.689259,0.060558319091796875,137372638439,137372.638439,1780281002.6767726,12.486457824707031,0.006198883056640625,5.291223526000977,5.27,20447232,1.645520038628682,1248,chatcmpl-ac3d70c3-1f5e-437a-8f78-9ea59b688bed-80ed9a60,"nixl_xfer_handle(0x5af9a3dc40f0, released=False)",decode,0,0,452715,13,d61968e8-e4aa-43a2-8ca8-85b623ffd1e5_dp1,0,nixl_start_time
1780281002.7261846,1780281002.7389116,12.727,1780281002.7389374,0.02574920654296875,137372687851,137372.687851,1780281002.7261846,12.752771377563477,0.0050067901611328125,6.077289581298828,6.057,26738688,2.100941934470024,1632,chatcmpl-9f434fdb-bcf0-4ccc-a351-fef978d4b600-bfc5c6d6,"nixl_xfer_handle(0x556359a168b0, released=False)",decode,1,0,452712,17,d61968e8-e4aa-43a2-8ca8-85b623ffd1e5_dp0,0,nixl_start_time
1780281002.8623216,1780281002.8747587,12.437,1780281002.874792,0.03337860107421875,137372823988,137372.823988,1780281002.8623216,12.470483779907227,0.006198883056640625,2.0477771759033203,2.023,3145728,0.25293302243306265,192,chatcmpl-791c83a3-4a23-43c8-9acc-92220e577cb3-a7748fa2,"nixl_xfer_handle(0x5af9a3dc40f0, released=False)",decode,0,0,452715,2,d61968e8-e4aa-43a2-8ca8-85b623ffd1e5_dp1,0,nixl_start_time
1780281002.8747628,1780281002.9000297,25.267000000000003,1780281002.9000926,0.0629425048828125,137372836429,137372.836429,1780281002.8747628,25.3298282623291,0.005245208740234375,7.658958435058594,7.616,15728640,0.6224973285312859,960,chatcmpl-e4a709c3-5d94-4939-90b7-8034f75742b2-86c5e29d,"nixl_xfer_handle(0x556359a168b0, released=False)",decode,1,0,452712,10,d61968e8-e4aa-43a2-8ca8-85b623ffd1e5_dp0,0,nixl_start_time
1780281002.9487007,1780281002.9611766,12.475999999999999,1780281002.961196,0.019311904907226562,137372910367,137372.910367,1780281002.9487007,12.495279312133789,0.0054836273193359375,1.9919872283935547,1.969,3145728,0.2521423533183713,192,chatcmpl-4a3b4d0d-e428-433f-b820-b28765874e5a-b30667df,"nixl_xfer_handle(0x5af9a3dc40f0, released=False)",decode,0,0,452715,2,d61968e8-e4aa-43a2-8ca8-85b623ffd1e5_dp1,0,nixl_start_time
1780281003.0104687,1780281003.0227447,12.276,1780281003.0228024,0.057697296142578125,137372972135,137372.972135,1780281003.0104687,12.33363151550293,0.0040531158447265625,0.4506111145019531,0.426,1572864,0.1281251221896383,48,chatcmpl-2840c8bf-ba7b-4151-8dd2-a4aac335a9f2-aa55a675,"nixl_xfer_handle(0x556359a168b0, released=False)",decode,1,0,452712,1,d61968e8-e4aa-43a2-8ca8-85b623ffd1e5_dp0,0,nixl_start_time
1780281003.0225828,1780281003.0350919,12.508999999999999,1780281003.0351465,0.05459785461425781,137372984249,137372.984249,1780281003.0225828,12.563705444335938,0.0054836273193359375,1.9693374633789062,1.948,3145728,0.2514771764329683,192,chatcmpl-09312ffc-6a2b-4804-b07b-bfe80b775832-b795f9c1,"nixl_xfer_handle(0x5af9a3d66fa0, released=False)",decode,0,0,452715,2,d61968e8-e4aa-43a2-8ca8-85b623ffd1e5_dp1,0,nixl_start_time
1780281003.0350447,1780281003.0473177,12.273,1780281003.0473857,0.06794929504394531,137372996711,137372.996711,1780281003.0350447,12.341022491455078,0.00476837158203125,1.6241073608398438,1.596,3145728,0.25631288193595697,192,chatcmpl-0f88ed4c-7274-468f-8c70-40e9a7b37e3e-bd3e1688,"nixl_xfer_handle(0x556356dfb4a0, released=False)",decode,1,0,452712,2,d61968e8-e4aa-43a2-8ca8-85b623ffd1e5_dp0,0,nixl_start_time
1780281003.1089857,1780281003.1446157,35.63,1780281003.144659,0.043392181396484375,137373070652,137373.070652,1780281003.1089857,35.67337989807129,0.0064373016357421875,11.57379150390625,11.541,72351744,2.0306411451024418,4416,chatcmpl-6fd38eff-0484-4444-a2c4-c37654b66244-881b7b9c,"nixl_xfer_handle(0x5af9a41c9b40, released=False)",decode,0,0,452715,46,d61968e8-e4aa-43a2-8ca8-85b623ffd1e5_dp1,0,nixl_start_time
1780281003.1239877,1780281003.1355448,11.557,1780281003.135598,0.05316734313964844,137373085654,137373.085654,1780281003.1239877,11.610269546508789,0.006198883056640625,3.28826904296875,3.252,17301504,1.4970584061607686,1056,chatcmpl-2b162acd-c0b3-4c23-b7de-6f229d38560e-9beb5282,"nixl_xfer_handle(0x556356dfb4a0, released=False)",decode,1,0,452712,11,d61968e8-e4aa-43a2-8ca8-85b623ffd1e5_dp0,0,nixl_start_time
1780281003.1355166,1780281003.1477556,12.239,1780281003.1478107,0.05507469177246094,137373097183,137373.097183,1780281003.1355166,12.29405403137207,0.0050067901611328125,8.73875617980957,8.705,33030144,2.6987616635346026,2016,chatcmpl-e36d8ec8-e40d-42e0-a511-47e784ac7dfb-9bfe33e4,"nixl_xfer_handle(0x5af9a3d3bdb0, released=False)",decode,0,0,452715,21,d61968e8-e4aa-43a2-8ca8-85b623ffd1e5_dp1,0,nixl_start_time
1780281003.1600657,1780281003.1723497,12.283999999999999,1780281003.1723783,0.0286102294921875,137373121732,137373.121732,1780281003.1600657,12.312650680541992,0.005245208740234375,1.6107559204101562,1.583,3145728,0.2560833604689026,192,chatcmpl-0c607de9-f38f-4493-9fdb-4fc4eb64862b-80349317,"nixl_xfer_handle(0x556359a1fa20, released=False)",decode,1,0,452712,2,d61968e8-e4aa-43a2-8ca8-85b623ffd1e5_dp0,0,nixl_start_time
1780281003.1721907,1780281003.1844456,12.255,1780281003.1844652,0.019550323486328125,137373133857,137373.133857,1780281003.1721907,12.274503707885742,0.00476837158203125,2.7840137481689453,2.761,4718592,0.38503402692778455,288,chatcmpl-80f1a889-7c64-489c-aae9-8504f8af288e-974198f5,"nixl_xfer_handle(0x5af9a41c9b40, released=False)",decode,0,0,452715,3,d61968e8-e4aa-43a2-8ca8-85b623ffd1e5_dp1,0,nixl_start_time
1780281003.2339897,1780281003.2632818,29.291999999999998,1780281003.2632968,0.015020370483398438,137373195656,137373.195656,1780281003.2339897,29.307126998901367,0.0050067901611328125,8.41379165649414,8.372,40894464,1.3960966816878329,2496,chatcmpl-0fee2eda-fdff-475a-bc13-4b4db5afbcbe-9e97e816,"nixl_xfer_handle(0x556359a1fa20, released=False)",decode,1,0,452712,26,d61968e8-e4aa-43a2-8ca8-85b623ffd1e5_dp0,0,nixl_start_time
1780281003.2584677,1780281003.2832346,24.767,1780281003.2832537,0.019073486328125,137373220134,137373.220134,1780281003.2584677,24.785995483398438,0.0059604644775390625,4.550457000732422,4.53,45613056,1.8416867606088745,2784,chatcmpl-ecdbf48c-8980-47af-839e-823d461e0e57-852a547b,"nixl_xfer_handle(0x556359977d90, released=False)",decode,1,0,452712,29,d61968e8-e4aa-43a2-8ca8-85b623ffd1e5_dp0,0,nixl_start_time
1780281003.3201168,1780281003.3327339,12.616999999999999,1780281003.3327518,0.017881393432617188,137373281783,137373.281783,1780281003.3201168,12.634992599487305,0.0050067901611328125,2.440929412841797,2.418,4718592,0.37398684314813346,288,chatcmpl-86eb5566-5c27-4145-828b-b4aa9f2b0882-b31e74d0,"nixl_xfer_handle(0x5af9a41c9b40, released=False)",decode,0,0,452715,3,d61968e8-e4aa-43a2-8ca8-85b623ffd1e5_dp1,0,nixl_start_time
1780281003.3449717,1780281003.3596766,14.705,1780281003.3597105,0.033855438232421875,137373306638,137373.306638,1780281003.3449717,14.738798141479492,0.00667572021484375,7.75909423828125,7.737,39321600,2.6740292417545053,2400,chatcmpl-07b64bf0-c4b1-434b-b4ab-43a1c13bdb82-8b9bd00a,"nixl_xfer_handle(0x5af9a41c9b40, released=False)",decode,0,0,452715,25,d61968e8-e4aa-43a2-8ca8-85b623ffd1e5_dp0,0,nixl_start_time
1780281003.3576996,1780281003.3697317,12.032,1780281003.369779,0.04744529724121094,137373319366,137373.319366,1780281003.3576996,12.079477310180664,0.0054836273193359375,1.6965866088867188,1.672,3145728,0.26144680851063834,192,chatcmpl-d49047d4-b3c0-41b6-8989-a6eb287feb69-ab07b99b,"nixl_xfer_handle(0x5af9a3d98e20, released=False)",decode,0,0,452715,2,d61968e8-e4aa-43a2-8ca8-85b623ffd1e5_dp1,0,nixl_start_time
1780281003.3820736,1780281003.3942187,12.145,1780281003.3942418,0.023126602172851562,137373343740,137373.34374,1780281003.3820736,12.168169021606445,0.004291534423828125,2.293109893798828,2.25,4718592,0.38852136681762045,288,chatcmpl-cc24443e-db70-483a-9ff3-1b362b98ecf4-8d655e0d,"nixl_xfer_handle(0x556359a1fa20, released=False)",decode,1,0,452712,3,d61968e8-e4aa-43a2-8ca8-85b623ffd1e5_dp0,0,nixl_start_time
1780281003.3940377,1780281003.3946767,0.639,1780281003.3949678,0.2911090850830078,137373355704,137373.355704,1780281003.3940377,0.9300708770751953,0.005245208740234375,0.6690025329589844,0.639,1572864,2.4614460093896713,48,chatcmpl-f8219659-de84-443c-9a29-0187e6e51744-ba85a3b9,"nixl_xfer_handle(0x5af9a3d98e20, released=False)",decode,0,0,452715,1,d61968e8-e4aa-43a2-8ca8-85b623ffd1e5_dp1,0,nixl_start_time
1780281003.5415277,1780281003.5541058,12.578000000000001,1780281003.554139,0.03314018249511719,137373503194,137373.503194,1780281003.5415277,12.611150741577148,0.0045299530029296875,2.283811569213867,2.255,4718592,0.3751464461758626,288,chatcmpl-929678ff-db1c-4fd2-98a8-3ab56d4030d0-9333fe76,"nixl_xfer_handle(0x556359a1fa20, released=False)",decode,1,0,452712,3,d61968e8-e4aa-43a2-8ca8-85b623ffd1e5_dp0,0,nixl_start_time
1780281003.5661995,1780281003.5669916,0.7919999999999999,1780281003.567011,0.019550323486328125,137373527866,137373.527866,1780281003.5661995,0.8115768432617188,0.005245208740234375,0.5099773406982422,0.487,1572864,1.985939393939394,48,chatcmpl-c5b9750d-f5d2-4d7e-92df-2cfc94add138-8c7882de,"nixl_xfer_handle(0x5af9a3d98e20, released=False)",decode,0,0,452715,1,d61968e8-e4aa-43a2-8ca8-85b623ffd1e5_dp1,0,nixl_start_time
1780281003.7019596,1780281003.7303567,28.397,1780281003.7304327,0.07605552673339844,137373663626,137373.663626,1780281003.7019596,28.4731388092041,0.006198883056640625,1.9044876098632812,1.882,3145728,0.11077677219424588,192,chatcmpl-49fcf65b-06d4-4b5c-b47a-1f382f340500-96a6e8cf,"nixl_xfer_handle(0x5af9a3d98e20, released=False)",decode,0,0,452715,2,d61968e8-e4aa-43a2-8ca8-85b623ffd1e5_dp1,0,nixl_start_time
1780281003.7021246,1780281003.7262146,24.09,1780281003.726266,0.05125999450683594,137373663791,137373.663791,1780281003.7021246,24.141311645507812,0.0050067901611328125,11.189937591552734,11.163,69206016,2.8728109589041093,4224,chatcmpl-9550cf6b-0973-4567-a9c9-b34702be34d9-b5ed3833,"nixl_xfer_handle(0x556359a1fa20, released=False)",decode,1,0,452712,44,d61968e8-e4aa-43a2-8ca8-85b623ffd1e5_dp0,0,nixl_start_time
1780281003.7134087,1780281003.7337086,20.299999999999997,1780281003.733725,0.016450881958007812,137373675075,137373.675075,1780281003.7134087,20.316362380981445,0.003337860107421875,12.512683868408203,12.486,4718592,0.23244295566502463,288,chatcmpl-ffb908c6-bd76-47cb-9cc7-7e5536f733b8-94a05644,"nixl_xfer_handle(0x556355871360, released=False)",decode,1,0,452712,3,d61968e8-e4aa-43a2-8ca8-85b623ffd1e5_dp0,0,nixl_start_time
1780281003.7304606,1780281003.7410955,10.635,1780281003.7411163,0.020742416381835938,137373692127,137373.692127,1780281003.7304606,10.655641555786133,0.0064373016357421875,2.961397171020508,2.935,4718592,0.4436851904090268,288,chatcmpl-8beb0192-7a26-4002-9086-938a7f6c58f1-a5cc1651,"nixl_xfer_handle(0x556359a1fa20, released=False)",decode,1,0,452712,3,d61968e8-e4aa-43a2-8ca8-85b623ffd1e5_dp1,0,nixl_start_time
1780281003.8521357,1780281003.8643086,12.173,1780281003.864332,0.023365020751953125,137373813802,137373.813802,1780281003.8521357,12.19630241394043,0.0054836273193359375,7.833003997802734,7.811,36175872,2.971812371642159,2208,chatcmpl-c0cca1d5-62d2-4b7b-a2b3-2567372b41f9-a70b3141,"nixl_xfer_handle(0x5af9a3d98e20, released=False)",decode,0,0,452715,23,d61968e8-e4aa-43a2-8ca8-85b623ffd1e5_dp0,0,nixl_start_time
1780281004.0487525,1780281004.0609736,12.221,1780281004.0610247,0.051021575927734375,137374010419,137374.010419,1780281004.0487525,12.272119522094727,0.006198883056640625,5.351781845092773,5.32,23592960,1.9305261435234435,1440,chatcmpl-9e13566d-d787-49db-8660-0f720d156f3b-a920886a,"nixl_xfer_handle(0x5af9a3d53bf0, released=False)",decode,0,0,452715,15,d61968e8-e4aa-43a2-8ca8-85b623ffd1e5_dp0,0,nixl_start_time
1780281004.1351297,1780281004.1594186,24.289,1780281004.1594462,0.02765655517578125,137374096796,137374.096796,1780281004.1351297,24.31654930114746,0.005245208740234375,9.13238525390625,9.11,39321600,1.6189056774671662,2400,chatcmpl-9348e10b-04d4-4ff9-add8-36ab9a486f79-8cbf5177,"nixl_xfer_handle(0x556359a1fa20, released=False)",decode,1,0,452712,25,d61968e8-e4aa-43a2-8ca8-85b623ffd1e5_dp1,0,nixl_start_time
1780281004.1961286,1780281004.2085686,12.44,1780281004.208591,0.022411346435546875,137374157795,137374.157795,1780281004.1961286,12.462377548217773,0.0045299530029296875,5.986213684082031,5.963,34603008,2.7815922829581994,2112,chatcmpl-de5c3493-aff2-4d24-a30f-453e49f6376c-bd24370d,"nixl_xfer_handle(0x556359901000, released=False)",decode,1,0,452712,22,d61968e8-e4aa-43a2-8ca8-85b623ffd1e5_dp1,0,nixl_start_time
1780281004.2698526,1780281004.3063066,36.454,1780281004.3063707,0.06413459777832031,137374231519,137374.231519,1780281004.2698526,36.518096923828125,0.007152557373046875,21.890640258789062,21.841,100663296,2.7613786141438528,6144,chatcmpl-3da9a056-04c4-410f-934c-a2dec76b9850-b4e35d26,"nixl_xfer_handle(0x5af9a3d3bdb0, released=False)",decode,0,0,452715,64,d61968e8-e4aa-43a2-8ca8-85b623ffd1e5_dp0,0,nixl_start_time
1780281004.2954917,1780281004.3062527,10.761,1780281004.3062718,0.019073486328125,137374257158,137374.257158,1780281004.2954917,10.780096054077148,0.0050067901611328125,1.5077590942382812,1.482,3145728,0.2923267354335099,192,chatcmpl-042d4ba2-f7d9-49bd-8314-422cd717d88c-bbc98d19,"nixl_xfer_handle(0x556359a1fa20, released=False)",decode,1,0,452712,2,d61968e8-e4aa-43a2-8ca8-85b623ffd1e5_dp1,0,nixl_start_time
1780281004.3561056,1780281004.3687115,12.606,1780281004.3687785,0.06699562072753906,137374317772,137374.317772,1780281004.3561056,12.672901153564453,0.00667572021484375,6.594181060791016,6.559,37748736,2.9945054735840078,2304,chatcmpl-498c0815-780c-4a58-a10f-29f1c0c0c4d0-8ed945e3,"nixl_xfer_handle(0x5af9a3dc40f0, released=False)",decode,0,0,452715,24,d61968e8-e4aa-43a2-8ca8-85b623ffd1e5_dp0,0,nixl_start_time
1780281004.3562057,1780281004.3687496,12.544,1780281004.368814,0.06437301635742188,137374317872,137374.317872,1780281004.3562057,12.60828971862793,0.0057220458984375,7.487297058105469,7.464,28311552,2.2569795918367346,1728,chatcmpl-a181caca-b1aa-4b0d-a3b9-3289d4fff9f5-acb109aa,"nixl_xfer_handle(0x556359a1fa20, released=False)",decode,1,0,452712,18,d61968e8-e4aa-43a2-8ca8-85b623ffd1e5_dp0,0,nixl_start_time
1780281004.4307218,1780281004.4606898,29.968,1780281004.4607074,0.017642974853515625,137374392388,137374.392388,1780281004.4307218,29.985666275024414,0.007867813110351562,15.281915664672852,15.259,86507520,2.8866631073144684,5280,chatcmpl-473dfb5a-a5c0-4eba-962f-c64aaa871d77-9d49891d,"nixl_xfer_handle(0x5af9a3d3bdb0, released=False)",decode,0,0,452715,55,d61968e8-e4aa-43a2-8ca8-85b623ffd1e5_dp1,0,nixl_start_time
1780281004.5113215,1780281004.5353584,24.037,1780281004.5353916,0.03314018249511719,137374472988,137374.472988,1780281004.5113215,24.070024490356445,0.0057220458984375,6.756782531738281,6.734,39321600,1.6358780213837,2400,chatcmpl-cc5481de-a815-4ce3-8990-151fb9a89fe6-950d6926,"nixl_xfer_handle(0x556359a1fa20, released=False)",decode,1,0,452712,25,d61968e8-e4aa-43a2-8ca8-85b623ffd1e5_dp0,0,nixl_start_time
1780281004.5114136,1780281004.5320795,20.666,1780281004.5320916,0.012159347534179688,137374473080,137374.47308,1780281004.5114136,20.678043365478516,0.0073909759521484375,9.686470031738281,9.666,69206016,3.3487862189102873,4224,chatcmpl-730fe7f3-9cdd-4113-9699-6adf145eff0e-828655ba,"nixl_xfer_handle(0x5af9a3626fa0, released=False)",decode,0,0,452715,44,d61968e8-e4aa-43a2-8ca8-85b623ffd1e5_dp0,0,nixl_start_time
1780281004.5211766,1780281004.5471365,25.96,1780281004.547213,0.07653236389160156,137374482843,137374.482843,1780281004.5211766,26.036500930786133,0.003337860107421875,10.670185089111328,10.654,6291456,0.24235192604006162,384,chatcmpl-b33f3302-5605-46d2-9651-c8ee7121f0bc-8c6fe94b,"nixl_xfer_handle(0x5af9a41c9b40, released=False)",decode,0,0,452715,4,d61968e8-e4aa-43a2-8ca8-85b623ffd1e5_dp0,0,nixl_start_time
1780281004.5958717,1780281004.5963597,0.488,1780281004.596649,0.2892017364501953,137374557538,137374.557538,1780281004.5958717,0.7772445678710938,0.0054836273193359375,0.5145072937011719,0.488,1572864,3.2230819672131146,48,chatcmpl-8c094e6e-c392-454a-8da5-cc569dc6d3cd-8c89e1ed,"nixl_xfer_handle(0x5af9a3dc40f0, released=False)",decode,0,0,452715,1,d61968e8-e4aa-43a2-8ca8-85b623ffd1e5_dp1,0,nixl_start_time
1780281004.6085308,1780281004.6316926,23.162,1780281004.631713,0.020265579223632812,137374570197,137374.570197,1780281004.6085308,23.182153701782227,0.005245208740234375,1.9314289093017578,1.909,3145728,0.13581417839564805,192,chatcmpl-51fc168f-b087-4f10-b522-25e73cb316dc-b938fd22,"nixl_xfer_handle(0x5af9a3dc40f0, released=False)",decode,0,0,452715,2,d61968e8-e4aa-43a2-8ca8-85b623ffd1e5_dp1,0,nixl_start_time
1780281004.6087205,1780281004.6234505,14.73,1780281004.6234896,0.03910064697265625,137374570387,137374.570387,1780281004.6087205,14.76907730102539,0.005245208740234375,3.950834274291992,3.927,31457280,2.1355926680244397,1920,chatcmpl-819c9043-41eb-4909-8041-3d6ba7454938-a092c95a,"nixl_xfer_handle(0x556356deb070, released=False)",decode,1,0,452712,20,d61968e8-e4aa-43a2-8ca8-85b623ffd1e5_dp1,0,nixl_start_time
1780281004.6107376,1780281004.6464875,35.75,1780281004.646534,0.04649162292480469,137374572404,137374.572404,1780281004.6107376,35.796403884887695,0.003814697265625,11.394023895263672,11.381,55050240,1.5398668531468531,3360,chatcmpl-8768fe20-5f7c-4f2a-a0c7-6f00012ec4be-ad5eba8d,"nixl_xfer_handle(0x5af9a3626fa0, released=False)",decode,0,0,452715,35,d61968e8-e4aa-43a2-8ca8-85b623ffd1e5_dp1,0,nixl_start_time
1780281004.6127336,1780281004.6346717,21.938,1780281004.6347017,0.030040740966796875,137374574400,137374.5744,1780281004.6127336,21.96812629699707,0.0021457672119140625,1.2886524200439453,1.272,3145728,0.1433917403591941,192,chatcmpl-621a1495-a612-4ae0-8d12-6af7bc51da8b-95558356,"nixl_xfer_handle(0x556355871360, released=False)",decode,1,0,452712,2,d61968e8-e4aa-43a2-8ca8-85b623ffd1e5_dp1,0,nixl_start_time
1780281004.6140935,1780281004.6347215,20.628,1780281004.6347601,0.038623809814453125,137374575760,137374.57576,1780281004.6140935,20.66659927368164,0.00286102294921875,9.040117263793945,9.022,3145728,0.1524979639325189,192,chatcmpl-17ecb997-38bb-4725-9037-921951caf90a-ac079b67,"nixl_xfer_handle(0x556349860960, released=False)",decode,1,0,452712,2,d61968e8-e4aa-43a2-8ca8-85b623ffd1e5_dp1,0,nixl_start_time
1780281004.6223576,1780281004.6465626,24.205000000000002,1780281004.6466184,0.055789947509765625,137374584024,137374.584024,1780281004.6223576,24.260759353637695,0.003337860107421875,8.978605270385742,8.949,42467328,1.754485767403429,2592,chatcmpl-763c1558-d4bd-4d79-819d-e4d486488190-bc24eea7,"nixl_xfer_handle(0x5af9a3d88420, released=False)",decode,0,0,452715,27,d61968e8-e4aa-43a2-8ca8-85b623ffd1e5_dp1,0,nixl_start_time
1780281004.6714427,1780281004.6778166,6.3740000000000006,1780281004.6778474,0.030755996704101562,137374633109,137374.633109,1780281004.6714427,6.404638290405273,0.0026226043701171875,0.6532669067382812,0.627,1572864,0.24676247254471287,48,chatcmpl-c09ed603-145e-4f4e-8cf7-e197c0137eb8-bf3a9dd4,"nixl_xfer_handle(0x5af9a41c9b40, released=False)",decode,0,0,452715,1,d61968e8-e4aa-43a2-8ca8-85b623ffd1e5_dp0,0,nixl_start_time
1780281004.6715267,1780281004.6962717,24.745,1780281004.696289,0.017404556274414062,137374633193,137374.633193,1780281004.6715267,24.762392044067383,0.0050067901611328125,1.6248226165771484,1.597,3145728,0.12712580319256417,192,chatcmpl-a770b367-547d-4e35-b2d1-3cf5546076f6-847cb777,"nixl_xfer_handle(0x556349860960, released=False)",decode,1,0,452712,2,d61968e8-e4aa-43a2-8ca8-85b623ffd1e5_dp0,0,nixl_start_time
1780281004.6722777,1780281004.6994817,27.204,1780281004.6995025,0.020742416381835938,137374633944,137374.633944,1780281004.6722777,27.22477912902832,0.003814697265625,5.096673965454102,5.083,17301504,0.6359911777679753,1056,chatcmpl-09011ad3-f9e6-44e0-bd91-8864937d8b7a-91c50d16,"nixl_xfer_handle(0x5af9a3626fa0, released=False)",decode,0,0,452715,11,d61968e8-e4aa-43a2-8ca8-85b623ffd1e5_dp1,0,nixl_start_time
1780281004.6734927,1780281004.6995757,26.083,1780281004.6996028,0.027179718017578125,137374635159,137374.635159,1780281004.6734927,26.110172271728516,0.0050067901611328125,12.031316757202148,12.015,62914560,2.412090633746118,3840,chatcmpl-89fa4a60-10c9-4a4c-80e6-5abba9755e72-b351a0b6,"nixl_xfer_handle(0x556355871360, released=False)",decode,1,0,452712,40,d61968e8-e4aa-43a2-8ca8-85b623ffd1e5_dp0,0,nixl_start_time
1780281004.6856906,1780281004.7166348,30.944,1780281004.7166507,0.015974044799804688,137374647357,137374.647357,1780281004.6856906,30.9600830078125,0.00286102294921875,10.185956954956055,10.173,22020096,0.7116111685625646,1344,chatcmpl-a6d615c4-1479-4098-896c-5a5af0833a1f-8b2c874f,"nixl_xfer_handle(0x556356deb070, released=False)",decode,1,0,452712,14,d61968e8-e4aa-43a2-8ca8-85b623ffd1e5_dp1,0,nixl_start_time
1780281004.7115476,1780281004.7145185,2.971,1780281004.7145362,0.017642974853515625,137374673214,137374.673214,1780281004.7115476,2.988576889038086,0.005245208740234375,0.5955696105957031,0.575,1572864,0.5294055873443284,48,chatcmpl-c5184f10-3eed-4d6b-bb79-8f07d7176450-a81038c8,"nixl_xfer_handle(0x5af9a41b2820, released=False)",decode,0,0,452715,1,d61968e8-e4aa-43a2-8ca8-85b623ffd1e5_dp0,0,nixl_start_time
1780281004.7115967,1780281004.7248707,13.274,1780281004.7249038,0.03314018249511719,137374673263,137374.673263,1780281004.7115967,13.30709457397461,0.005245208740234375,3.477811813354492,3.459,28311552,2.1328576163929487,1728,chatcmpl-08101a1b-a2c0-45ba-9d86-d66e985c6ed4-a915247c,"nixl_xfer_handle(0x556355871360, released=False)",decode,1,0,452712,18,d61968e8-e4aa-43a2-8ca8-85b623ffd1e5_dp0,0,nixl_start_time
1780281004.7122138,1780281004.7244787,12.265,1780281004.724531,0.05221366882324219,137374673880,137374.67388,1780281004.7122138,12.317180633544922,0.003337860107421875,1.9905567169189453,1.967,3145728,0.25648006522625355,192,chatcmpl-0b85bded-c5a7-442a-bdd6-58056572988b-a2a35ecf,"nixl_xfer_handle(0x5af9a41c9b40, released=False)",decode,0,0,452715,2,d61968e8-e4aa-43a2-8ca8-85b623ffd1e5_dp0,0,nixl_start_time
1780281004.7151456,1780281004.7364366,21.291,1780281004.7364562,0.019550323486328125,137374676812,137374.676812,1780281004.7151456,21.31056785583496,0.00286102294921875,1.2140274047851562,1.198,3145728,0.1477491897985064,192,chatcmpl-862c668b-7f28-4535-84a0-c4de6db48b3c-8d99031d,"nixl_xfer_handle(0x556349860960, released=False)",decode,1,0,452712,2,d61968e8-e4aa-43a2-8ca8-85b623ffd1e5_dp1,0,nixl_start_time
1780281004.7489636,1780281004.7616866,12.723,1780281004.761752,0.06532669067382812,137374710630,137374.71063,1780281004.7489636,12.78829574584961,0.005245208740234375,3.210783004760742,3.175,4718592,0.37087102098561664,288,chatcmpl-f30d299a-ae13-4a2a-b826-14d761e2795e-8bd136bd,"nixl_xfer_handle(0x5af9a41c9b40, released=False)",decode,0,0,452715,3,d61968e8-e4aa-43a2-8ca8-85b623ffd1e5_dp1,0,nixl_start_time
1780281004.8868647,1780281004.9120886,25.224,1780281004.9121494,0.06079673767089844,137374848531,137374.848531,1780281004.8868647,25.284767150878906,0.0064373016357421875,9.246349334716797,9.22,42467328,1.6836079923882017,2592,chatcmpl-5f013604-5e17-4424-95e8-292b19cbbe49-91843919,"nixl_xfer_handle(0x556349860960, released=False)",decode,1,0,452712,27,d61968e8-e4aa-43a2-8ca8-85b623ffd1e5_dp1,0,nixl_start_time
1780281004.8869176,1780281004.8998506,12.933,1780281004.899889,0.03838539123535156,137374848584,137374.848584,1780281004.8869176,12.97140121459961,0.0054836273193359375,6.057500839233398,6.036,25165824,1.9458612850846673,1536,chatcmpl-4625c714-951d-4698-aaf6-f6567cf9c399-9e93f388,"nixl_xfer_handle(0x5af9a41c9b40, released=False)",decode,0,0,452715,16,d61968e8-e4aa-43a2-8ca8-85b623ffd1e5_dp0,0,nixl_start_time
1780281005.0624547,1780281005.0877707,25.316000000000003,1780281005.0877905,0.019788742065429688,137375024121,137375.024121,1780281005.0624547,25.33578872680664,0.006198883056640625,9.96851921081543,9.941,64487424,2.5472990993837885,3936,chatcmpl-3b08d203-d33a-4c35-bb5a-9dd7d038a19c-941ca460,"nixl_xfer_handle(0x556349860960, released=False)",decode,1,0,452712,41,d61968e8-e4aa-43a2-8ca8-85b623ffd1e5_dp0,0,nixl_start_time
1780281005.0757418,1780281005.1034827,27.741,1780281005.1035025,0.019788742065429688,137375037408,137375.037408,1780281005.0757418,27.760744094848633,0.0045299530029296875,11.74020767211914,11.701,6291456,0.22679268952092574,384,chatcmpl-842e1d5f-5e68-4677-b066-519ceea5ef80-9ec44515,"nixl_xfer_handle(0x556355871360, released=False)",decode,1,0,452712,4,d61968e8-e4aa-43a2-8ca8-85b623ffd1e5_dp1,0,nixl_start_time
1780281005.0758708,1780281005.0991027,23.232,1780281005.0991435,0.04076957702636719,137375037537,137375.037537,1780281005.0758708,23.27275276184082,0.0054836273193359375,2.003192901611328,1.971,3145728,0.13540495867768595,192,chatcmpl-ae664ae5-44cd-4773-8629-16f6ff984eb0-a9b4812a,"nixl_xfer_handle(0x5af9a41c9b40, released=False)",decode,0,0,452715,2,d61968e8-e4aa-43a2-8ca8-85b623ffd1e5_dp1,0,nixl_start_time
1780281005.0916777,1780281005.1028078,11.129999999999999,1780281005.102831,0.023126602172851562,137375053344,137375.053344,1780281005.0916777,11.153221130371094,0.00667572021484375,7.091283798217773,7.07,29884416,2.685032884097035,1824,chatcmpl-c3469331-c189-4a1c-abba-26d0c9e4872a-95f8ac6f,"nixl_xfer_handle(0x5af9a41b2820, released=False)",decode,0,0,452715,19,d61968e8-e4aa-43a2-8ca8-85b623ffd1e5_dp0,0,nixl_start_time
1780281005.1027346,1780281005.1035275,0.7929999999999999,1780281005.10358,0.05245208740234375,137375064401,137375.064401,1780281005.1027346,0.8454322814941406,0.0045299530029296875,0.46062469482421875,0.436,1572864,1.9834350567465322,48,chatcmpl-d3ae7b40-e50d-4208-8b27-d16d204f8c0c-9211d410,"nixl_xfer_handle(0x556349860960, released=False)",decode,1,0,452712,1,d61968e8-e4aa-43a2-8ca8-85b623ffd1e5_dp0,0,nixl_start_time
1780281005.2912016,1780281005.3245096,33.308,1780281005.3245308,0.021219253540039062,137375252868,137375.252868,1780281005.2912016,33.32924842834473,0.005245208740234375,9.163618087768555,9.127,62914560,1.8888723429806655,3840,chatcmpl-e2ade97f-843d-48da-8570-e7cf7d6ad639-90931ed7,"nixl_xfer_handle(0x556349860960, released=False)",decode,1,0,452712,40,d61968e8-e4aa-43a2-8ca8-85b623ffd1e5_dp1,0,nixl_start_time
1780281005.3038998,1780281005.3162239,12.324,1780281005.3162968,0.07295608520507812,137375265566,137375.265566,1780281005.3038998,12.397050857543945,0.0057220458984375,3.984212875366211,3.96,6291456,0.5105043816942552,384,chatcmpl-65fa8114-febb-4b12-8f04-a19292802a7e-b08ed38e,"nixl_xfer_handle(0x5af9a3de4d40, released=False)",decode,0,0,452715,4,d61968e8-e4aa-43a2-8ca8-85b623ffd1e5_dp0,0,nixl_start_time
1780281005.3161936,1780281005.3417995,25.606,1780281005.3418546,0.05507469177246094,137375277860,137375.27786,1780281005.3161936,25.660991668701172,0.00476837158203125,7.814884185791016,7.781,14155776,0.5528304303678825,864,chatcmpl-6e5809b3-eeec-4d20-b0f7-80515cf1382b-9faf2815,"nixl_xfer_handle(0x556355871360, released=False)",decode,1,0,452712,9,d61968e8-e4aa-43a2-8ca8-85b623ffd1e5_dp1,0,nixl_start_time
1780281005.3287675,1780281005.3417306,12.963000000000001,1780281005.3417652,0.03457069396972656,137375290434,137375.290434,1780281005.3287675,12.997627258300781,0.00286102294921875,2.116680145263672,2.097,3145728,0.24266975237213606,192,chatcmpl-94b49550-80e1-4d43-8d12-b5731283ac41-8d7d4584,"nixl_xfer_handle(0x5af9a41b2820, released=False)",decode,0,0,452715,2,d61968e8-e4aa-43a2-8ca8-85b623ffd1e5_dp0,0,nixl_start_time
1780281005.3544097,1780281005.3666618,12.252,1780281005.3667235,0.06175041198730469,137375316076,137375.316076,1780281005.3544097,12.3138427734375,0.0054836273193359375,0.43773651123046875,0.413,1572864,0.12837610186092066,48,chatcmpl-1156b2c1-6126-4e47-af0c-d320c6e96b61-b1414884,"nixl_xfer_handle(0x556355871360, released=False)",decode,1,0,452712,1,d61968e8-e4aa-43a2-8ca8-85b623ffd1e5_dp1,0,nixl_start_time
1780281005.3790886,1780281005.3917296,12.641,1780281005.3917549,0.025272369384765625,137375340755,137375.340755,1780281005.3790886,12.66622543334961,0.006198883056640625,2.037525177001953,2.014,3145728,0.24885119848113282,192,chatcmpl-5f5b01ee-d87a-4285-a9d7-206a14615de0-b7d7bd18,"nixl_xfer_handle(0x5af9a41b2820, released=False)",decode,0,0,452715,2,d61968e8-e4aa-43a2-8ca8-85b623ffd1e5_dp0,0,nixl_start_time
1780281005.4541607,1780281005.4668298,12.669,1780281005.4668696,0.03981590270996094,137375415827,137375.415827,1780281005.4541607,12.708902359008789,0.005245208740234375,1.5108585357666016,1.48,3145728,0.2483012076722709,192,chatcmpl-bc551616-2bb7-4b4d-a3c4-58c11ef23d3c-ac0b8b20,"nixl_xfer_handle(0x556355871360, released=False)",decode,1,0,452712,2,d61968e8-e4aa-43a2-8ca8-85b623ffd1e5_dp1,0,nixl_start_time
1780281005.5295906,1780281005.5446615,15.071,1780281005.5446773,0.015735626220703125,137375491257,137375.491257,1780281005.5295906,15.086650848388672,0.0057220458984375,7.6885223388671875,7.667,28311552,1.8785450202375424,1728,chatcmpl-ef91cf1e-8ca6-4d66-a6c8-e6efa97a9c9c-9dbead5e,"nixl_xfer_handle(0x5af9a41b2820, released=False)",decode,0,0,452715,18,d61968e8-e4aa-43a2-8ca8-85b623ffd1e5_dp0,0,nixl_start_time
1780281005.5421536,1780281005.5546136,12.46,1780281005.554688,0.0743865966796875,137375503820,137375.50382,1780281005.5421536,12.534379959106445,0.00476837158203125,2.0792484283447266,2.049,3145728,0.25246613162118775,192,chatcmpl-c84c4df3-ad27-4190-908b-74dd9c7fa0ff-b12d9c78,"nixl_xfer_handle(0x5af9a41c9b40, released=False)",decode,0,0,452715,2,d61968e8-e4aa-43a2-8ca8-85b623ffd1e5_dp0,0,nixl_start_time
1780281005.5797505,1780281005.5923495,12.599,1780281005.592378,0.028371810913085938,137375541417,137375.541417,1780281005.5797505,12.627363204956055,0.0035762786865234375,3.6923885345458984,3.664,7864320,0.624201920787364,480,chatcmpl-79a1ebc4-a6e8-4cc0-9448-24dcbeac6579-8847cddc,"nixl_xfer_handle(0x556355871360, released=False)",decode,1,0,452712,5,d61968e8-e4aa-43a2-8ca8-85b623ffd1e5_dp1,0,nixl_start_time
1780281005.5922017,1780281005.6046996,12.498000000000001,1780281005.6047742,0.07462501525878906,137375553868,137375.553868,1780281005.5922017,12.572526931762695,0.005245208740234375,2.046823501586914,2.025,3145728,0.2516985117618819,192,chatcmpl-3f91e847-b5fd-4522-8d79-5d24bbe5edd6-b60cef44,"nixl_xfer_handle(0x5af9a41b2820, released=False)",decode,0,0,452715,2,d61968e8-e4aa-43a2-8ca8-85b623ffd1e5_dp0,0,nixl_start_time
1780281005.6179376,1780281005.6426585,24.721,1780281005.642686,0.027418136596679688,137375579604,137375.579604,1780281005.6179376,24.74832534790039,0.0050067901611328125,4.645824432373047,4.625,42467328,1.717864487682537,2592,chatcmpl-c912c774-c1bb-4f76-ad4e-7315891b4f1a-929b00ca,"nixl_xfer_handle(0x556355871360, released=False)",decode,1,0,452712,27,d61968e8-e4aa-43a2-8ca8-85b623ffd1e5_dp1,0,nixl_start_time
1780281005.6933916,1780281005.7218285,28.437,1780281005.721866,0.03743171691894531,137375655058,137375.655058,1780281005.6933916,28.47433090209961,0.0073909759521484375,12.59303092956543,12.571,84934656,2.9867656925836057,5184,chatcmpl-d558077f-e527-4892-9df8-83bfc47202d1-b26d0a77,"nixl_xfer_handle(0x5af9a41b2820, released=False)",decode,0,0,452715,54,d61968e8-e4aa-43a2-8ca8-85b623ffd1e5_dp0,0,nixl_start_time
1780281005.7215927,1780281005.7463636,24.771,1780281005.7463908,0.027179718017578125,137375683259,137375.683259,1780281005.7215927,24.798154830932617,0.0045299530029296875,8.840560913085938,8.814,45613056,1.8413893665980379,2784,chatcmpl-2ba511fb-ede0-469d-b497-535094bed010-933c6a35,"nixl_xfer_handle(0x556355871360, released=False)",decode,1,0,452712,29,d61968e8-e4aa-43a2-8ca8-85b623ffd1e5_dp1,0,nixl_start_time
1780281005.8216867,1780281005.8549926,33.306000000000004,1780281005.855047,0.05435943603515625,137375783353,137375.783353,1780281005.8216867,33.36024284362793,0.0057220458984375,17.993688583374023,17.97,81788928,2.4556814988290396,4992,chatcmpl-7b51e92f-cfe7-4e1c-bc53-011909d2dd22-88215c8e,"nixl_xfer_handle(0x556355871360, released=False)",decode,1,0,452712,52,d61968e8-e4aa-43a2-8ca8-85b623ffd1e5_dp0,0,nixl_start_time
1780281005.9178467,1780281005.9423428,24.496,1780281005.942377,0.034332275390625,137375879513,137375.879513,1780281005.9178467,24.530410766601562,0.009298324584960938,11.526823043823242,11.498,73924608,3.017823644676682,4512,chatcmpl-d7b5514a-da8c-4851-a247-3571b9f379b3-a5c36760,"nixl_xfer_handle(0x5af9a418a310, released=False)",decode,0,0,452715,47,d61968e8-e4aa-43a2-8ca8-85b623ffd1e5_dp1,0,nixl_start_time
1780281005.9331026,1780281005.9480736,14.971,1780281005.9481225,0.04887580871582031,137375894769,137375.894769,1780281005.9331026,15.019893646240234,0.005245208740234375,1.5408992767333984,1.514,3145728,0.2101214347738962,192,chatcmpl-0fd4f8a8-8ca3-443c-8cb7-57704170d7b7-b75d5fd7,"nixl_xfer_handle(0x556359901000, released=False)",decode,1,0,452712,2,d61968e8-e4aa-43a2-8ca8-85b623ffd1e5_dp0,0,nixl_start_time
1780281005.9331868,1780281005.9481547,14.968,1780281005.948174,0.019311904907226562,137375894853,137375.894853,1780281005.9331868,14.98723030090332,0.0059604644775390625,8.881568908691406,8.845,3145728,0.21016354890432923,192,chatcmpl-73c954a3-7a41-4397-8917-13f41e970817-916aec32,"nixl_xfer_handle(0x5af9a3dd8ba0, released=False)",decode,0,0,452715,2,d61968e8-e4aa-43a2-8ca8-85b623ffd1e5_dp0,0,nixl_start_time
1780281005.9454286,1780281005.9478867,2.458,1780281005.9481921,0.30541419982910156,137375907095,137375.907095,1780281005.9454286,2.763509750366211,0.005245208740234375,2.4788379669189453,2.458,3145728,1.2797917005695687,192,chatcmpl-8b54d7dc-088d-4897-a7a1-e7a246472160-a69c6a39,"nixl_xfer_handle(0x5af9a418a310, released=False)",decode,0,0,452715,2,d61968e8-e4aa-43a2-8ca8-85b623ffd1e5_dp1,0,nixl_start_time
1780281005.9455037,1780281005.9575598,12.056000000000001,1780281005.9576182,0.05841255187988281,137375907170,137375.90717,1780281005.9455037,12.114524841308594,0.0050067901611328125,2.2644996643066406,2.234,4718592,0.3913895155938951,288,chatcmpl-466bcde6-cd13-414f-abad-de7162aba14f-805f7b8f,"nixl_xfer_handle(0x556349860960, released=False)",decode,1,0,452712,3,d61968e8-e4aa-43a2-8ca8-85b623ffd1e5_dp1,0,nixl_start_time
1780281006.0202017,1780281006.0362017,16.0,1780281006.0362425,0.04076957702636719,137375981868,137375.981868,1780281006.0202017,16.040802001953125,0.00667572021484375,7.563591003417969,7.526,29884416,1.867776,1824,chatcmpl-67485a77-40d2-4577-a86b-b0ec6335526e-879fbd4a,"nixl_xfer_handle(0x5af9a418a310, released=False)",decode,0,0,452715,19,d61968e8-e4aa-43a2-8ca8-85b623ffd1e5_dp0,0,nixl_start_time
1780281006.0202258,1780281006.0411208,20.895,1780281006.0411463,0.025510787963867188,137375981892,137375.981892,1780281006.0202258,20.920515060424805,0.004291534423828125,6.59942626953125,6.58,18874368,0.9032959081119886,1152,chatcmpl-ba081938-4eb4-4094-b2df-0aaf7dc5e5fa-96e5145e,"nixl_xfer_handle(0x556359a4a760, released=False)",decode,1,0,452712,12,d61968e8-e4aa-43a2-8ca8-85b623ffd1e5_dp0,0,nixl_start_time
1780281006.0279536,1780281006.0513096,23.355999999999998,1780281006.0513325,0.02288818359375,137375989620,137375.98962,1780281006.0279536,23.378849029541016,0.0040531158447265625,7.923364639282227,7.91,34603008,1.481546840212365,2112,chatcmpl-8f4016e4-3c73-4a8b-9601-101660aa7695-bf6dbdcf,"nixl_xfer_handle(0x5af9a3dd8ba0, released=False)",decode,0,0,452715,22,d61968e8-e4aa-43a2-8ca8-85b623ffd1e5_dp0,0,nixl_start_time
1780281006.0392876,1780281006.0513096,12.022,1780281006.0513566,0.04696846008300781,137376000954,137376.000954,1780281006.0392876,12.068986892700195,0.0045299530029296875,1.5316009521484375,1.497,3145728,0.2616642821493928,192,chatcmpl-fc76d703-525a-4013-8963-b1e1f4ba2955-b228a80f,"nixl_xfer_handle(0x556359901000, released=False)",decode,1,0,452712,2,d61968e8-e4aa-43a2-8ca8-85b623ffd1e5_dp1,0,nixl_start_time
1780281006.1140976,1780281006.1389475,24.85,1780281006.1390135,0.06604194641113281,137376075764,137376.075764,1780281006.1140976,24.91593360900879,0.006198883056640625,8.521318435668945,8.487,48758784,1.9621241046277667,2976,chatcmpl-ebc044ab-dc2b-4297-a358-10340e2d9e89-b8bfafad,"nixl_xfer_handle(0x5af9a41afbc0, released=False)",decode,0,0,452715,31,d61968e8-e4aa-43a2-8ca8-85b623ffd1e5_dp0,0,nixl_start_time
1780281006.1264358,1780281006.1390378,12.602,1780281006.139072,0.03409385681152344,137376088102,137376.088102,1780281006.1264358,12.636184692382812,0.0040531158447265625,0.4558563232421875,0.427,1572864,0.12481066497381368,48,chatcmpl-5dc4b296-907e-4b68-9f44-fa8b12b9ce39-8e8b9eca,"nixl_xfer_handle(0x556359901000, released=False)",decode,1,0,452712,1,d61968e8-e4aa-43a2-8ca8-85b623ffd1e5_dp1,0,nixl_start_time
1780281006.2268276,1780281006.2547417,27.914,1780281006.2547598,0.01811981201171875,137376188494,137376.188494,1780281006.2268276,27.932167053222656,0.0054836273193359375,10.382652282714844,10.356,14155776,0.507121014544673,864,chatcmpl-a8bcec6b-16f0-4b27-ae3e-e5bee03bb4eb-a8e0dd63,"nixl_xfer_handle(0x5af9a41afbc0, released=False)",decode,0,0,452715,9,d61968e8-e4aa-43a2-8ca8-85b623ffd1e5_dp0,0,nixl_start_time
1780281006.2525096,1780281006.2547886,2.2790000000000004,1780281006.2547963,0.00762939453125,137376214176,137376.214176,1780281006.2525096,2.286672592163086,0.0050067901611328125,1.9636154174804688,1.929,3145728,1.380310662571303,192,chatcmpl-28035215-e2ec-4539-ad33-b93cf0135a6a-8225bf54,"nixl_xfer_handle(0x5af9a3de4d40, released=False)",decode,0,0,452715,2,d61968e8-e4aa-43a2-8ca8-85b623ffd1e5_dp0,0,nixl_start_time
1780281006.5046527,1780281006.5167768,12.123999999999999,1780281006.5168116,0.034809112548828125,137376466319,137376.466319,1780281006.5046527,12.158870697021484,0.0057220458984375,4.536628723144531,4.504,9437184,0.7783886506103597,576,chatcmpl-d7861bf2-2247-4c5b-abfa-d13508ea7ab8-b1533771,"nixl_xfer_handle(0x556359cdad00, released=False)",decode,1,0,452712,6,d61968e8-e4aa-43a2-8ca8-85b623ffd1e5_dp0,0,nixl_start_time
1780281006.6045027,1780281006.6170707,12.568,1780281006.61711,0.03933906555175781,137376566169,137376.566169,1780281006.6045027,12.607336044311523,0.0057220458984375,4.382848739624023,4.346,33030144,2.628114576702737,2016,chatcmpl-07b7d959-3e4e-4f59-8fd3-31185b6a06df-97a95222,"nixl_xfer_handle(0x556359cdad00, released=False)",decode,1,0,452712,21,d61968e8-e4aa-43a2-8ca8-85b623ffd1e5_dp1,0,nixl_start_time
1780281006.6793847,1780281006.6921718,12.786999999999999,1780281006.6922014,0.02956390380859375,137376641051,137376.641051,1780281006.6793847,12.816667556762695,0.00476837158203125,6.123781204223633,6.103,20447232,1.5990640494251975,1248,chatcmpl-2d542ba7-06c4-4ec7-af8c-5ab7c24c74c9-b2f7ad9b,"nixl_xfer_handle(0x556359cdad00, released=False)",decode,1,0,452712,13,d61968e8-e4aa-43a2-8ca8-85b623ffd1e5_dp0,0,nixl_start_time
1780281006.6922855,1780281006.7045925,12.307,1780281006.704642,0.049591064453125,137376653952,137376.653952,1780281006.6922855,12.35651969909668,0.006198883056640625,0.6122589111328125,0.579,1572864,0.12780238888437473,48,chatcmpl-ce36db3d-b490-468e-818d-9ae2139ca4ef-a7598049,"nixl_xfer_handle(0x5af9a41afbc0, released=False)",decode,0,0,452715,1,d61968e8-e4aa-43a2-8ca8-85b623ffd1e5_dp1,0,nixl_start_time
1780281006.7045417,1780281006.7172627,12.721,1780281006.7173016,0.03886222839355469,137376666208,137376.666208,1780281006.7045417,12.759923934936523,0.004291534423828125,3.110170364379883,3.081,6291456,0.49457243927364203,384,chatcmpl-35cc2c1a-7885-48cf-8c99-6be705334ba5-a7557d3e,"nixl_xfer_handle(0x55635996f880, released=False)",decode,1,0,452712,4,d61968e8-e4aa-43a2-8ca8-85b623ffd1e5_dp0,0,nixl_start_time
1780281006.7171006,1780281006.7179625,0.862,1780281006.7179785,0.015974044799804688,137376678767,137376.678767,1780281006.7171006,0.8778572082519531,0.00476837158203125,0.5674362182617188,0.537,1572864,1.8246682134570766,48,chatcmpl-2d3e1f32-3a32-4c3d-b286-2464290f3418-83c4f335,"nixl_xfer_handle(0x5af9a41afbc0, released=False)",decode,0,0,452715,1,d61968e8-e4aa-43a2-8ca8-85b623ffd1e5_dp1,0,nixl_start_time
1780281006.7421186,1780281006.7544436,12.325,1780281006.7545033,0.059604644775390625,137376703785,137376.703785,1780281006.7421186,12.384653091430664,0.00476837158203125,1.6071796417236328,1.578,3145728,0.25523148073022317,192,chatcmpl-62ea2dfe-172c-482a-96e8-95902e059f2d-9b6d7913,"nixl_xfer_handle(0x5563599bdfa0, released=False)",decode,1,0,452712,2,d61968e8-e4aa-43a2-8ca8-85b623ffd1e5_dp1,0,nixl_start_time
1780281006.8291867,1780281006.8418436,12.657,1780281006.841866,0.022411346435546875,137376790853,137376.790853,1780281006.8291867,12.679338455200195,0.0057220458984375,1.9521713256835938,1.929,3145728,0.24853662005214505,192,chatcmpl-d37314e5-7428-46f6-a94a-23c4ffa27e74-9eb51386,"nixl_xfer_handle(0x5af9a41afbc0, released=False)",decode,0,0,452715,2,d61968e8-e4aa-43a2-8ca8-85b623ffd1e5_dp0,0,nixl_start_time
1780281006.8541017,1780281006.8670077,12.906,1780281006.8670397,0.031948089599609375,137376815768,137376.815768,1780281006.8541017,12.93802261352539,0.0050067901611328125,2.319812774658203,2.286,4718592,0.3656122733612273,288,chatcmpl-14637451-6674-4d28-9e18-42a1c1c48ab8-998a81d8,"nixl_xfer_handle(0x5563599bdfa0, released=False)",decode,1,0,452712,3,d61968e8-e4aa-43a2-8ca8-85b623ffd1e5_dp1,0,nixl_start_time
1780281006.8668377,1780281006.8790588,12.221,1780281006.8790767,0.017881393432617188,137376828504,137376.828504,1780281006.8668377,12.23897933959961,0.0059604644775390625,3.178119659423828,3.154,4718592,0.38610522870468866,288,chatcmpl-83320613-726e-4727-adb0-3012c913d85d-9c26d164,"nixl_xfer_handle(0x5af9a41afbc0, released=False)",decode,0,0,452715,3,d61968e8-e4aa-43a2-8ca8-85b623ffd1e5_dp0,0,nixl_start_time
1780281006.9291236,1780281006.9419346,12.811,1780281006.9419537,0.019073486328125,137376890790,137376.89079,1780281006.9291236,12.830018997192383,0.0045299530029296875,4.258394241333008,4.24,33030144,2.5782643041136524,2016,chatcmpl-08ded3ca-9063-4ace-a771-3ec4519acacc-bd6df0ea,"nixl_xfer_handle(0x5563599bdfa0, released=False)",decode,1,0,452712,21,d61968e8-e4aa-43a2-8ca8-85b623ffd1e5_dp1,0,nixl_start_time
1780281007.0044057,1780281007.0193226,14.917,1780281007.0193737,0.051021575927734375,137376966072,137376.966072,1780281007.0044057,14.967918395996094,0.0054836273193359375,8.106470108032227,8.083,31457280,2.1088208084735536,1920,chatcmpl-9e604d6c-7775-4cd5-b773-a71e8f203d6e-9c8daf37,"nixl_xfer_handle(0x556359cdad00, released=False)",decode,1,0,452712,20,d61968e8-e4aa-43a2-8ca8-85b623ffd1e5_dp0,0,nixl_start_time
1780281007.0125947,1780281007.0342536,21.659000000000002,1780281007.0342734,0.019788742065429688,137376974261,137376.974261,1780281007.0125947,21.678686141967773,0.003337860107421875,6.384849548339844,6.354,7864320,0.3630970958954707,480,chatcmpl-7beb9904-7d65-49f8-afc7-d1042763a591-a75adf4b,"nixl_xfer_handle(0x556359a4a760, released=False)",decode,1,0,452712,5,d61968e8-e4aa-43a2-8ca8-85b623ffd1e5_dp1,0,nixl_start_time
1780281007.1463056,1780281007.1589966,12.690999999999999,1780281007.1590242,0.02765655517578125,137377107972,137377.107972,1780281007.1463056,12.718677520751953,0.0040531158447265625,4.620552062988281,4.591,9437184,0.7436123236939564,576,chatcmpl-9151b690-e38d-424c-a2c5-1574789209c6-bc9f12b0,"nixl_xfer_handle(0x556359a4a760, released=False)",decode,1,0,452712,6,d61968e8-e4aa-43a2-8ca8-85b623ffd1e5_dp0,0,nixl_start_time
1780281007.2591877,1780281007.2609098,1.722,1780281007.2609694,0.059604644775390625,137377220854,137377.220854,1780281007.2591877,1.7817020416259766,0.0069141387939453125,1.4719963073730469,1.446,3145728,1.826787456445993,192,chatcmpl-ca91178b-76df-474c-897b-9561b88c7839-a0dc7bcf,"nixl_xfer_handle(0x5af9a41afbc0, released=False)",decode,0,0,452715,2,d61968e8-e4aa-43a2-8ca8-85b623ffd1e5_dp1,0,nixl_start_time
1780281007.3338127,1780281007.3586228,24.81,1780281007.358664,0.04124641418457031,137377295479,137377.295479,1780281007.3338127,24.851322174072266,0.005245208740234375,8.543968200683594,8.513,62914560,2.5358548972188637,3840,chatcmpl-9412a55a-e2b8-4a95-a7e0-a330809865f4-a077a8ff,"nixl_xfer_handle(0x556359a4a760, released=False)",decode,1,0,452712,40,d61968e8-e4aa-43a2-8ca8-85b623ffd1e5_dp0,0,nixl_start_time
1780281007.3712916,1780281007.3841655,12.874,1780281007.3842068,0.04124641418457031,137377332958,137377.332958,1780281007.3712916,12.91513442993164,0.0040531158447265625,1.5447139739990234,1.51,3145728,0.24434736678576977,192,chatcmpl-43c6db13-d37d-4877-9fc8-3444da8b0322-b0eba415,"nixl_xfer_handle(0x556359a4a760, released=False)",decode,1,0,452712,2,d61968e8-e4aa-43a2-8ca8-85b623ffd1e5_dp0,0,nixl_start_time
1780281007.3961737,1780281007.4212558,25.082,1780281007.4212763,0.020503997802734375,137377357840,137377.35784,1780281007.3961737,25.102615356445312,0.0059604644775390625,9.74893569946289,9.708,50331648,2.0066839964915077,3072,chatcmpl-57372cca-375b-498b-8c7e-72cadd9259fc-a2c4d3f2,"nixl_xfer_handle(0x556359a4a760, released=False)",decode,1,0,452712,32,d61968e8-e4aa-43a2-8ca8-85b623ffd1e5_dp1,0,nixl_start_time
1780281007.4213886,1780281007.4335446,12.156,1780281007.4336083,0.06365776062011719,137377383055,137377.383055,1780281007.4213886,12.219667434692383,0.00667572021484375,6.597995758056641,6.573,11010048,0.9057295162882527,672,chatcmpl-bd5808c2-e9fb-4ba0-ac99-bb536913d750-b1cb22e8,"nixl_xfer_handle(0x5af9a41afbc0, released=False)",decode,0,0,452715,7,d61968e8-e4aa-43a2-8ca8-85b623ffd1e5_dp0,0,nixl_start_time
1780281007.4467816,1780281007.4711797,24.398,1780281007.4711998,0.02002716064453125,137377408448,137377.408448,1780281007.4467816,24.418115615844727,0.0054836273193359375,7.038116455078125,7.018,40894464,1.6761400114763505,2496,chatcmpl-2cc5a25b-4af7-48fd-ab45-85bdfc310158-ac8911c0,"nixl_xfer_handle(0x556359a4a760, released=False)",decode,1,0,452712,26,d61968e8-e4aa-43a2-8ca8-85b623ffd1e5_dp1,0,nixl_start_time
1780281007.5462906,1780281007.5732076,26.917,1780281007.5732632,0.05555152893066406,137377507957,137377.507957,1780281007.5462906,26.972532272338867,0.0059604644775390625,11.766910552978516,11.739,12582912,0.467470817698852,768,chatcmpl-8a6138b4-1739-4d6d-a892-51d2ef19b141-8670ee6f,"nixl_xfer_handle(0x5af9a41afbc0, released=False)",decode,0,0,452715,8,d61968e8-e4aa-43a2-8ca8-85b623ffd1e5_dp0,0,nixl_start_time
1780281007.6739416,1780281007.6998687,25.927,1780281007.6998982,0.02956390380859375,137377635608,137377.635608,1780281007.6739416,25.95663070678711,0.0054836273193359375,10.32567024230957,10.303,70778880,2.7299294172098585,4320,chatcmpl-4653a0ca-df40-478d-89a8-926a169f5954-944a30ff,"nixl_xfer_handle(0x556359a4a760, released=False)",decode,1,0,452712,45,d61968e8-e4aa-43a2-8ca8-85b623ffd1e5_dp0,0,nixl_start_time
1780281007.7501237,1780281007.7779307,27.807,1780281007.778006,0.07534027099609375,137377711790,137377.71179,1780281007.7501237,27.88233757019043,0.0069141387939453125,9.216785430908203,9.183,56623104,2.0362895673751216,3456,chatcmpl-5794ae95-622b-4ce2-a672-df2e0cae334c-8ed12a79,"nixl_xfer_handle(0x5af9a41afbc0, released=False)",decode,0,0,452715,36,d61968e8-e4aa-43a2-8ca8-85b623ffd1e5_dp1,0,nixl_start_time
1780281007.7747467,1780281007.7879977,13.251000000000001,1780281007.7880259,0.028133392333984375,137377736413,137377.736413,1780281007.7747467,13.279199600219727,0.0045299530029296875,1.4634132385253906,1.437,3145728,0.23739551731944758,192,chatcmpl-fc43061c-2fad-460c-89de-821080071c92-b3b27437,"nixl_xfer_handle(0x556359a4a760, released=False)",decode,1,0,452712,2,d61968e8-e4aa-43a2-8ca8-85b623ffd1e5_dp0,0,nixl_start_time
1780281007.7747476,1780281007.7879877,13.24,1780281007.788027,0.03933906555175781,137377736414,137377.736414,1780281007.7747476,13.279438018798828,0.0054836273193359375,2.900838851928711,2.879,4718592,0.3563891238670695,288,chatcmpl-920b00e1-160a-4527-8508-5eb0c67fe13f-a4076085,"nixl_xfer_handle(0x5af9a3818e80, released=False)",decode,0,0,452715,3,d61968e8-e4aa-43a2-8ca8-85b623ffd1e5_dp0,0,nixl_start_time
1780281007.8500206,1780281007.8751175,25.097,1780281007.8751533,0.035762786865234375,137377811687,137377.811687,1780281007.8500206,25.13265609741211,0.0064373016357421875,8.218050003051758,8.196,40894464,1.629456269673666,2496,chatcmpl-1426faf7-61b4-46cb-a7d1-19011e3c6d59-8941eb5b,"nixl_xfer_handle(0x5af9a41afbc0, released=False)",decode,0,0,452715,26,d61968e8-e4aa-43a2-8ca8-85b623ffd1e5_dp1,0,nixl_start_time
1780281007.8500547,1780281007.8624299,12.375,1780281007.8624582,0.028371810913085938,137377811721,137377.811721,1780281007.8500547,12.403488159179688,0.00476837158203125,8.417606353759766,8.398,33030144,2.6691025454545456,2016,chatcmpl-34dd1039-8084-476b-aae4-411ceb9c9d6f-84da2ee0,"nixl_xfer_handle(0x556359a4a760, released=False)",decode,1,0,452712,21,d61968e8-e4aa-43a2-8ca8-85b623ffd1e5_dp1,0,nixl_start_time
1780281007.9373186,1780281007.9497986,12.48,1780281007.9498289,0.030279159545898438,137377898985,137377.898985,1780281007.9373186,12.510299682617188,0.0040531158447265625,5.945920944213867,5.927,36175872,2.8987076923076924,2208,chatcmpl-6f143fca-86e8-49b6-a2b0-f172bd8c732e-b2962c12,"nixl_xfer_handle(0x556359a4a760, released=False)",decode,1,0,452712,23,d61968e8-e4aa-43a2-8ca8-85b623ffd1e5_dp1,0,nixl_start_time
1780281008.0119147,1780281008.0245197,12.605,1780281008.0245402,0.020503997802734375,137377973581,137377.973581,1780281008.0119147,12.625455856323242,0.004291534423828125,1.600027084350586,1.572,3145728,0.24956191987306625,192,chatcmpl-d962e570-7d32-4386-abd3-d8f4ec4b0c99-befc4db5,"nixl_xfer_handle(0x556359a4a760, released=False)",decode,1,0,452712,2,d61968e8-e4aa-43a2-8ca8-85b623ffd1e5_dp0,0,nixl_start_time
1780281008.0245097,1780281008.0368237,12.314,1780281008.0368948,0.07104873657226562,137377986176,137377.986176,1780281008.0245097,12.385129928588867,0.0050067901611328125,3.917217254638672,3.893,6291456,0.5109189540360565,384,chatcmpl-c887bcd1-0fc6-431a-9423-3caf5ce08e7f-bdbf460c,"nixl_xfer_handle(0x5af9a3ec41e0, released=False)",decode,0,0,452715,4,d61968e8-e4aa-43a2-8ca8-85b623ffd1e5_dp1,0,nixl_start_time
1780281008.0493147,1780281008.0737748,24.46,1780281008.0738156,0.04076957702636719,137378010981,137378.010981,1780281008.0493147,24.50084686279297,0.005245208740234375,2.0418167114257812,2.012,3145728,0.12860703188879805,192,chatcmpl-88afa788-a053-4615-9a31-10665bf3ada1-990629c7,"nixl_xfer_handle(0x5af9a3ec41e0, released=False)",decode,0,0,452715,2,d61968e8-e4aa-43a2-8ca8-85b623ffd1e5_dp0,0,nixl_start_time
1780281008.0618026,1780281008.0886135,26.811,1780281008.088681,0.06747245788574219,137378023469,137378.023469,1780281008.0618026,26.87835693359375,0.0059604644775390625,11.70659065246582,11.679,12582912,0.46931901085375405,768,chatcmpl-b08136d8-9829-42c7-bac5-730a67a8e745-b183d315,"nixl_xfer_handle(0x5af9a418a310, released=False)",decode,0,0,452715,8,d61968e8-e4aa-43a2-8ca8-85b623ffd1e5_dp0,0,nixl_start_time
1780281008.0768366,1780281008.0886905,11.854,1780281008.0887246,0.03409385681152344,137378038503,137378.038503,1780281008.0768366,11.88802719116211,0.00476837158203125,1.459360122680664,1.431,3145728,0.2653727011979079,192,chatcmpl-7c7d6320-b81c-4416-aa84-f30f3d04b465-87152ea9,"nixl_xfer_handle(0x556359a4a760, released=False)",decode,1,0,452712,2,d61968e8-e4aa-43a2-8ca8-85b623ffd1e5_dp1,0,nixl_start_time
1780281008.1260257,1780281008.1268857,0.86,1780281008.1269352,0.049591064453125,137378087692,137378.087692,1780281008.1260257,0.9095668792724609,0.005245208740234375,0.606536865234375,0.584,1572864,1.8289116279069766,48,chatcmpl-3be41dc9-6b79-46a4-b3fc-138ce8829258-9863f23c,"nixl_xfer_handle(0x5af9a418a310, released=False)",decode,0,0,452715,1,d61968e8-e4aa-43a2-8ca8-85b623ffd1e5_dp0,0,nixl_start_time
1780281008.1757398,1780281008.1886287,12.889,1780281008.1886532,0.024557113647460938,137378137406,137378.137406,1780281008.1757398,12.91346549987793,0.004291534423828125,4.4879913330078125,4.454,9437184,0.7321889983707037,576,chatcmpl-ebee64b0-5eab-487f-97b5-a3c5959ec95c-bfc73ef5,"nixl_xfer_handle(0x556359a4a760, released=False)",decode,1,0,452712,6,d61968e8-e4aa-43a2-8ca8-85b623ffd1e5_dp1,0,nixl_start_time
1780281008.2007427,1780281008.2131627,12.42,1780281008.2132285,0.06580352783203125,137378162409,137378.162409,1780281008.2007427,12.485742568969727,0.005245208740234375,1.9741058349609375,1.951,3145728,0.2532792270531401,192,chatcmpl-4f2c09e2-55c0-4589-9d76-31d22504a465-b481d47a,"nixl_xfer_handle(0x5af9a418a310, released=False)",decode,0,0,452715,2,d61968e8-e4aa-43a2-8ca8-85b623ffd1e5_dp0,0,nixl_start_time
1780281008.2130816,1780281008.2257855,12.704,1780281008.2258072,0.021696090698242188,137378174748,137378.174748,1780281008.2130816,12.725591659545898,0.004291534423828125,0.5071163177490234,0.482,1572864,0.12380856423173803,48,chatcmpl-0b0bd768-a1a7-47ff-a58f-4cc0bdc1258f-9911080e,"nixl_xfer_handle(0x556359a4a760, released=False)",decode,1,0,452712,1,d61968e8-e4aa-43a2-8ca8-85b623ffd1e5_dp1,0,nixl_start_time
1780281008.2506206,1780281008.2629006,12.28,1780281008.2629623,0.06175041198730469,137378212287,137378.212287,1780281008.2506206,12.341737747192383,0.00476837158203125,8.121252059936523,8.101,34603008,2.8178345276872965,2112,chatcmpl-30ed1e9d-3d87-4dec-8999-a7033a4e9b9a-8a1d71ee,"nixl_xfer_handle(0x556359a4a760, released=False)",decode,1,0,452712,22,d61968e8-e4aa-43a2-8ca8-85b623ffd1e5_dp0,0,nixl_start_time
1780281008.2755127,1780281008.3002746,24.762,1780281008.3003113,0.036716461181640625,137378237179,137378.237179,1780281008.2755127,24.79863166809082,0.0045299530029296875,8.435964584350586,8.398,11010048,0.4446348437121396,672,chatcmpl-7e484165-65aa-4674-996e-2091cbbfe7ca-add6157e,"nixl_xfer_handle(0x5af9a418a310, released=False)",decode,0,0,452715,7,d61968e8-e4aa-43a2-8ca8-85b623ffd1e5_dp0,0,nixl_start_time
1780281008.3124998,1780281008.3251688,12.669,1780281008.3251886,0.019788742065429688,137378274166,137378.274166,1780281008.3124998,12.688875198364258,0.0040531158447265625,3.019571304321289,2.986,6291456,0.4966024153445418,384,chatcmpl-7a1ba2c3-c60d-4d6b-987b-1b81636f45d6-9ef8ad3a,"nixl_xfer_handle(0x556359a4a760, released=False)",decode,1,0,452712,4,d61968e8-e4aa-43a2-8ca8-85b623ffd1e5_dp1,0,nixl_start_time
1780281008.3500748,1780281008.3746707,24.596,1780281008.3746917,0.0209808349609375,137378311741,137378.311741,1780281008.3500748,24.61695671081543,0.005245208740234375,4.894018173217773,4.874,45613056,1.8544908115140675,2784,chatcmpl-9c902f1e-6fa8-4098-8787-8f54649c6489-bf66543f,"nixl_xfer_handle(0x556359a4a760, released=False)",decode,1,0,452712,29,d61968e8-e4aa-43a2-8ca8-85b623ffd1e5_dp0,0,nixl_start_time
1780281008.3999867,1780281008.4245358,24.549000000000003,1780281008.4245706,0.034809112548828125,137378361653,137378.361653,1780281008.3999867,24.583816528320312,0.0064373016357421875,8.882761001586914,8.849,39321600,1.6017597458144934,2400,chatcmpl-5f6c3518-70c8-4413-9969-a133c223c302-85beecea,"nixl_xfer_handle(0x5af9a418a310, released=False)",decode,0,0,452715,25,d61968e8-e4aa-43a2-8ca8-85b623ffd1e5_dp0,0,nixl_start_time
1780281008.4995127,1780281008.5188468,19.334,1780281008.518864,0.0171661376953125,137378461179,137378.461179,1780281008.4995127,19.35124397277832,0.0057220458984375,9.30023193359375,9.261,55050240,2.8473280231716145,3360,chatcmpl-8a38f06f-9a69-43e5-bc67-7b747d303b64-9a1e2097,"nixl_xfer_handle(0x556359a4a760, released=False)",decode,1,0,452712,35,d61968e8-e4aa-43a2-8ca8-85b623ffd1e5_dp1,0,nixl_start_time
1780281008.5122466,1780281008.5248907,12.644,1780281008.524935,0.044345855712890625,137378473913,137378.473913,1780281008.5122466,12.688398361206055,0.00476837158203125,6.134986877441406,6.107,3145728,0.24879215438152483,192,chatcmpl-f8e8100a-19c6-46d1-9163-5c43d16c0470-9b251fee,"nixl_xfer_handle(0x556359cdad00, released=False)",decode,1,0,452712,2,d61968e8-e4aa-43a2-8ca8-85b623ffd1e5_dp0,0,nixl_start_time
1780281008.5493758,1780281008.5616298,12.254,1780281008.561701,0.07128715515136719,137378511042,137378.511042,1780281008.5493758,12.325286865234375,0.005245208740234375,1.9478797912597656,1.924,3145728,0.25671029867798273,192,chatcmpl-fb3e0dad-65e9-40a2-aad3-9cf8ff3ffca9-847e1e82,"nixl_xfer_handle(0x5af9a3e25600, released=False)",decode,0,0,452715,2,d61968e8-e4aa-43a2-8ca8-85b623ffd1e5_dp1,0,nixl_start_time
1780281008.5739756,1780281008.5873106,13.334999999999999,1780281008.587374,0.06341934204101562,137378535642,137378.535642,1780281008.5739756,13.398408889770508,0.0040531158447265625,1.5869140625,1.555,3145728,0.23590011248593926,192,chatcmpl-864fc7ba-7602-4c80-9e72-b9788b5c3a6a-b21ccaa2,"nixl_xfer_handle(0x556359cdad00, released=False)",decode,1,0,452712,2,d61968e8-e4aa-43a2-8ca8-85b623ffd1e5_dp0,0,nixl_start_time
1780281008.5872147,1780281008.5988517,11.637,1780281008.5988708,0.019073486328125,137378548881,137378.548881,1780281008.5872147,11.656045913696289,0.006198883056640625,3.1783580780029297,3.156,17301504,1.486766692446507,1056,chatcmpl-03d3dcc4-0296-48bf-8907-d54c82ffc419-97266fa9,"nixl_xfer_handle(0x5af9a3e25600, released=False)",decode,0,0,452715,11,d61968e8-e4aa-43a2-8ca8-85b623ffd1e5_dp1,0,nixl_start_time
1780281008.6857576,1780281008.6981177,12.36,1780281008.6981523,0.03457069396972656,137378647424,137378.647424,1780281008.6857576,12.39466667175293,0.0057220458984375,2.2563934326171875,2.22,4718592,0.3817631067961165,288,chatcmpl-2ba0592f-40b1-4e7e-8161-523116b7d865-895dde44,"nixl_xfer_handle(0x556359cdad00, released=False)",decode,1,0,452712,3,d61968e8-e4aa-43a2-8ca8-85b623ffd1e5_dp0,0,nixl_start_time
1780281008.7730896,1780281008.7951317,22.041999999999998,1780281008.7951584,0.026702880859375,137378734756,137378.734756,1780281008.7730896,22.06873893737793,0.005245208740234375,2.123117446899414,2.098,3145728,0.14271518011069778,192,chatcmpl-aef2b8cd-1ebe-4771-98b1-44b3c2420acb-9ffd7274,"nixl_xfer_handle(0x5af9a41ddae0, released=False)",decode,0,0,452715,2,d61968e8-e4aa-43a2-8ca8-85b623ffd1e5_dp1,0,nixl_start_time
1780281008.7853308,1780281008.8104808,25.15,1780281008.810503,0.022172927856445312,137378746997,137378.746997,1780281008.7853308,25.17223358154297,0.0059604644775390625,9.557723999023438,9.52,12582912,0.500314592445328,768,chatcmpl-7f7c39af-7000-453b-8e1d-ef56fcd7df31-9bcd2f33,"nixl_xfer_handle(0x5af9a3ec41e0, released=False)",decode,0,0,452715,8,d61968e8-e4aa-43a2-8ca8-85b623ffd1e5_dp0,0,nixl_start_time
1780281008.9351866,1780281008.9817686,46.582,1780281008.9817924,0.02384185791015625,137378896853,137378.896853,1780281008.9351866,46.605825424194336,0.006198883056640625,27.56667137145996,27.523,102236160,2.1947567730024478,6240,chatcmpl-e31b2dfa-1a2a-48d4-bfc3-9378b6c999dc-b821cf06,"nixl_xfer_handle(0x556359cdad00, released=False)",decode,1,0,452712,65,d61968e8-e4aa-43a2-8ca8-85b623ffd1e5_dp1,0,nixl_start_time
1780281008.9775317,1780281008.9904866,12.955,1780281008.9905417,0.05507469177246094,137378939198,137378.939198,1780281008.9775317,13.010025024414062,0.00476837158203125,3.9315223693847656,3.898,7864320,0.6070490158240062,480,chatcmpl-8fe4cdaf-37e7-44b7-9c20-c5c08c36c28c-8fc1d86d,"nixl_xfer_handle(0x556359a4a760, released=False)",decode,1,0,452712,5,d61968e8-e4aa-43a2-8ca8-85b623ffd1e5_dp0,0,nixl_start_time
1780281008.9776738,1780281008.9903657,12.692,1780281008.9904118,0.04601478576660156,137378939340,137378.93934,1780281008.9776738,12.73798942565918,0.00476837158203125,4.768133163452148,4.748,17301504,1.3631818468326504,1056,chatcmpl-5e7b61fe-46ac-4661-ac71-e521e082453b-81394c9b,"nixl_xfer_handle(0x5af9a41c9880, released=False)",decode,0,0,452715,11,d61968e8-e4aa-43a2-8ca8-85b623ffd1e5_dp0,0,nixl_start_time
1780281009.0278647,1780281009.0406597,12.795000000000002,1780281009.0407188,0.0591278076171875,137378989531,137378.989531,1780281009.0278647,12.85409927368164,0.00476837158203125,4.524707794189453,4.495,7864320,0.6146400937866354,480,chatcmpl-7bd23f08-4e02-49ad-ab4b-d90b4f406fea-9cac8862,"nixl_xfer_handle(0x5af9a3df1f20, released=False)",decode,0,0,452715,5,d61968e8-e4aa-43a2-8ca8-85b623ffd1e5_dp1,0,nixl_start_time
1780281009.0280237,1780281009.0526416,24.618000000000002,1780281009.0526702,0.0286102294921875,137378989690,137378.98969,1780281009.0280237,24.646520614624023,0.0050067901611328125,9.405374526977539,9.34,62914560,2.5556324640506944,3840,chatcmpl-78faba7a-fc54-4ea0-a6c1-ec683b830297-b5ff1b23,"nixl_xfer_handle(0x556359a4a760, released=False)",decode,1,0,452712,40,d61968e8-e4aa-43a2-8ca8-85b623ffd1e5_dp1,0,nixl_start_time
1780281009.1021488,1780281009.1190367,16.888,1780281009.119053,0.01621246337890625,137379063815,137379.063815,1780281009.1021488,16.904115676879883,0.0057220458984375,2.0859241485595703,2.057,3145728,0.18627001421127426,192,chatcmpl-84caf3c3-21fe-446d-aa60-6570bd754704-abdc4647,"nixl_xfer_handle(0x5af9a3df1f20, released=False)",decode,0,0,452715,2,d61968e8-e4aa-43a2-8ca8-85b623ffd1e5_dp0,0,nixl_start_time
1780281009.1023097,1780281009.1271317,24.822,1780281009.1271648,0.03314018249511719,137379063976,137379.063976,1780281009.1023097,24.85513687133789,0.0050067901611328125,8.990287780761719,8.969,50331648,2.0277031665458063,3072,chatcmpl-8242e260-289b-4e89-91cc-786c5b55bea5-9092fe27,"nixl_xfer_handle(0x556359a4a760, released=False)",decode,1,0,452712,32,d61968e8-e4aa-43a2-8ca8-85b623ffd1e5_dp0,0,nixl_start_time
1780281009.1149216,1780281009.1269166,11.995000000000001,1780281009.1269515,0.034809112548828125,137379076588,137379.076588,1780281009.1149216,12.029886245727539,0.0050067901611328125,3.835916519165039,3.813,6291456,0.5245065443934973,384,chatcmpl-8c2b9c61-d96e-49c2-9f1a-c6fded954836-adb6a82f,"nixl_xfer_handle(0x5af9a41ddae0, released=False)",decode,0,0,452715,4,d61968e8-e4aa-43a2-8ca8-85b623ffd1e5_dp0,0,nixl_start_time
1780281009.2017117,1780281009.2139277,12.216,1780281009.21399,0.06222724914550781,137379163378,137379.163378,1780281009.2017117,12.278318405151367,0.00476837158203125,1.9426345825195312,1.92,3145728,0.2575088408644401,192,chatcmpl-7e395da4-d649-4aaf-8401-609b8c778868-9bdf3338,"nixl_xfer_handle(0x5af9a41c5e20, released=False)",decode,0,0,452715,2,d61968e8-e4aa-43a2-8ca8-85b623ffd1e5_dp1,0,nixl_start_time
1780281009.2896686,1780281009.3160696,26.401,1780281009.316112,0.042438507080078125,137379251335,137379.251335,1780281009.2896686,26.4434814453125,0.00667572021484375,11.14797592163086,11.098,75497472,2.85964440740881,4608,chatcmpl-34386407-71e8-461b-9619-03c49decb5a9-84418623,"nixl_xfer_handle(0x5af9a41c5e20, released=False)",decode,0,0,452715,48,d61968e8-e4aa-43a2-8ca8-85b623ffd1e5_dp0,0,nixl_start_time
1780281009.3286955,1780281009.3416636,12.968,1780281009.3417199,0.05626678466796875,137379290362,137379.290362,1780281009.3286955,13.024330139160156,0.003814697265625,1.77764892578125,1.751,3145728,0.24257618753855642,192,chatcmpl-0da448df-1829-4d21-bf03-0c78ce82ae5d-92ba875e,"nixl_xfer_handle(0x556359a4a760, released=False)",decode,1,0,452712,2,d61968e8-e4aa-43a2-8ca8-85b623ffd1e5_dp0,0,nixl_start_time
1780281009.3536487,1780281009.3663857,12.737,1780281009.3664079,0.022172927856445312,137379315315,137379.315315,1780281009.3536487,12.759208679199219,0.0045299530029296875,1.8601417541503906,1.832,3145728,0.24697558294731883,192,chatcmpl-007e5e60-a37c-438f-824c-85c627e465d9-8f83f454,"nixl_xfer_handle(0x556359a4a760, released=False)",decode,1,0,452712,2,d61968e8-e4aa-43a2-8ca8-85b623ffd1e5_dp0,0,nixl_start_time
1780281009.3785427,1780281009.4045177,25.975,1780281009.4045367,0.019073486328125,137379340209,137379.340209,1780281009.3785427,25.994062423706055,0.0045299530029296875,8.68535041809082,8.654,15728640,0.6055299326275264,960,chatcmpl-f0dacc1f-9de5-4f0e-a164-44c591edf2fb-9f91cc24,"nixl_xfer_handle(0x556359a4a760, released=False)",decode,1,0,452712,10,d61968e8-e4aa-43a2-8ca8-85b623ffd1e5_dp1,0,nixl_start_time
1780281009.6802456,1780281009.6924818,12.236,1780281009.6925428,0.06103515625,137379641912,137379.641912,1780281009.6802456,12.29715347290039,0.0057220458984375,2.202749252319336,2.178,3145728,0.25708793723439033,192,chatcmpl-9bd405a7-5da3-4669-8485-335440abb4c1-b79dbae5,"nixl_xfer_handle(0x5af9a41c5e20, released=False)",decode,0,0,452715,2,d61968e8-e4aa-43a2-8ca8-85b623ffd1e5_dp0,0,nixl_start_time
1780281009.6926496,1780281009.7051835,12.534,1780281009.7052464,0.0629425048828125,137379654316,137379.654316,1780281009.6926496,12.596845626831055,0.0050067901611328125,7.835626602172852,7.8,28311552,2.258780277644806,1728,chatcmpl-290346e3-9273-490e-82fd-0e032d4b8f45-91f638ae,"nixl_xfer_handle(0x556359a4a760, released=False)",decode,1,0,452712,18,d61968e8-e4aa-43a2-8ca8-85b623ffd1e5_dp1,0,nixl_start_time
1780281009.7178297,1780281009.7499018,32.072,1780281009.7499218,0.02002716064453125,137379679496,137379.679496,1780281009.7178297,32.09209442138672,0.0050067901611328125,16.63827896118164,16.601,15728640,0.4904165627338488,960,chatcmpl-3a18602b-8763-4fb9-a320-8c71e23d21ce-8a855b78,"nixl_xfer_handle(0x5af9a41c5e20, released=False)",decode,0,0,452715,10,d61968e8-e4aa-43a2-8ca8-85b623ffd1e5_dp1,0,nixl_start_time
1780281009.7499676,1780281009.7793775,29.41,1780281009.779441,0.06365776062011719,137379711634,137379.711634,1780281009.7499676,29.473543167114258,0.0045299530029296875,4.410982131958008,4.392,33030144,1.1230922815368922,2016,chatcmpl-10203836-39bb-401c-a10f-3e08e7af568f-ac72a08a,"nixl_xfer_handle(0x556359cd7500, released=False)",decode,1,0,452712,21,d61968e8-e4aa-43a2-8ca8-85b623ffd1e5_dp0,0,nixl_start_time
1780281009.7545598,1780281009.7794638,24.904,1780281009.7794924,0.0286102294921875,137379716226,137379.716226,1780281009.7545598,24.9326229095459,0.002384185791015625,9.264469146728516,9.252,31457280,1.2631416639897206,1920,chatcmpl-41fbf392-81ac-45c9-adb4-d51424c75f41-8734fb71,"nixl_xfer_handle(0x556359cdad00, released=False)",decode,1,0,452712,20,d61968e8-e4aa-43a2-8ca8-85b623ffd1e5_dp1,0,nixl_start_time
1780281009.7792788,1780281009.7914228,12.144,1780281009.7914467,0.02384185791015625,137379740945,137379.740945,1780281009.7792788,12.167930603027344,0.0057220458984375,6.908178329467773,6.887,36175872,2.978909090909091,2208,chatcmpl-163bbc52-f3d4-435c-a71e-76103e2b557e-904d15e6,"nixl_xfer_handle(0x5af9a41c5e20, released=False)",decode,0,0,452715,23,d61968e8-e4aa-43a2-8ca8-85b623ffd1e5_dp0,0,nixl_start_time
1780281009.8042767,1780281009.8173797,13.103,1780281009.8173988,0.019073486328125,137379765943,137379.765943,1780281009.8042767,13.122081756591797,0.0054836273193359375,3.597259521484375,3.577,26738688,2.0406538960543386,1632,chatcmpl-296db254-a996-4245-b9cd-20c239a8ee64-b4e039ec,"nixl_xfer_handle(0x556359cd7500, released=False)",decode,1,0,452712,17,d61968e8-e4aa-43a2-8ca8-85b623ffd1e5_dp0,0,nixl_start_time
1780281009.9525375,1780281009.9647496,12.212,1780281009.9648347,0.08511543273925781,137379914204,137379.914204,1780281009.9525375,12.29715347290039,0.0057220458984375,1.943826675415039,1.91,3145728,0.2575931870291516,192,chatcmpl-3811e436-c31b-4af5-9407-7500bf46cce6-906a4daa,"nixl_xfer_handle(0x5af9a41c5e20, released=False)",decode,0,0,452715,2,d61968e8-e4aa-43a2-8ca8-85b623ffd1e5_dp1,0,nixl_start_time
1780281009.9648397,1780281009.9774036,12.564,1780281009.977449,0.045299530029296875,137379926506,137379.926506,1780281009.9648397,12.609243392944336,0.004291534423828125,4.530906677246094,4.511,36175872,2.8793276026743073,2208,chatcmpl-6d4a4826-ae6d-4b29-bed0-2207ab8f4b6c-a252dfe3,"nixl_xfer_handle(0x5563599bc120, released=False)",decode,1,0,452712,23,d61968e8-e4aa-43a2-8ca8-85b623ffd1e5_dp0,0,nixl_start_time
1780281010.0396817,1780281010.0670648,27.383000000000003,1780281010.0670817,0.016927719116210938,137380001348,137380.001348,1780281010.0396817,27.40001678466797,0.006198883056640625,10.123729705810547,10.101,62914560,2.2975773289997443,3840,chatcmpl-12078915-f573-4263-a610-646fba9b9776-be3438d0,"nixl_xfer_handle(0x5af9a41c5e20, released=False)",decode,0,0,452715,40,d61968e8-e4aa-43a2-8ca8-85b623ffd1e5_dp1,0,nixl_start_time
1780281010.0647438,1780281010.0770998,12.356,1780281010.0771198,0.02002716064453125,137380026410,137380.02641,1780281010.0647438,12.376070022583008,0.005245208740234375,1.8672943115234375,1.846,3145728,0.2545911298154742,192,chatcmpl-94a82173-76f8-4e33-8b3b-1b7021a51274-8e21d31d,"nixl_xfer_handle(0x5af9a3d739e0, released=False)",decode,0,0,452715,2,d61968e8-e4aa-43a2-8ca8-85b623ffd1e5_dp1,0,nixl_start_time
1780281010.0770066,1780281010.0897906,12.784,1780281010.0898097,0.019073486328125,137380038673,137380.038673,1780281010.0770066,12.803077697753906,0.00476837158203125,1.6565322875976562,1.628,3145728,0.24606758448060073,192,chatcmpl-a33ab867-a773-4cb0-9fe8-84e08aa74d2e-95261cdb,"nixl_xfer_handle(0x5563599bc120, released=False)",decode,1,0,452712,2,d61968e8-e4aa-43a2-8ca8-85b623ffd1e5_dp0,0,nixl_start_time
1780281010.1760786,1780281010.1886106,12.532,1780281010.1886566,0.04601478576660156,137380137745,137380.137745,1780281010.1760786,12.578010559082031,0.006198883056640625,7.785320281982422,7.759,9437184,0.7530469198850942,576,chatcmpl-d4ef3667-defe-441c-8590-b98bce1b306d-8b99a029,"nixl_xfer_handle(0x5af9a41c5e20, released=False)",decode,0,0,452715,6,d61968e8-e4aa-43a2-8ca8-85b623ffd1e5_dp0,0,nixl_start_time
1780281010.2139547,1780281010.2259736,12.019,1780281010.2260008,0.027179718017578125,137380175621,137380.175621,1780281010.2139547,12.046098709106445,0.0050067901611328125,1.5964508056640625,1.568,3145728,0.26172959480822033,192,chatcmpl-955fbbb7-7b68-40b2-a6af-13f25fdfc974-a9dc28ed,"nixl_xfer_handle(0x556359cd7500, released=False)",decode,1,0,452712,2,d61968e8-e4aa-43a2-8ca8-85b623ffd1e5_dp1,0,nixl_start_time
1780281010.2381096,1780281010.2405317,2.422,1780281010.2405741,0.042438507080078125,137380199776,137380.199776,1780281010.2381096,2.4645328521728516,0.00476837158203125,2.1674633026123047,2.143,4718592,1.948221304706854,288,chatcmpl-829f47a1-352d-4fd9-a1f7-357e7781c676-aa1fc0df,"nixl_xfer_handle(0x5af9a41c5e20, released=False)",decode,0,0,452715,3,d61968e8-e4aa-43a2-8ca8-85b623ffd1e5_dp0,0,nixl_start_time
1780281010.3131826,1780281010.3390067,25.823999999999998,1780281010.339064,0.057220458984375,137380274849,137380.274849,1780281010.3131826,25.881290435791016,0.0045299530029296875,10.59579849243164,10.574,67633152,2.619003717472119,4128,chatcmpl-9f3907f3-1e18-4d08-a7e5-7e07725a7fd1-952c0f30,"nixl_xfer_handle(0x556359cd7500, released=False)",decode,1,0,452712,43,d61968e8-e4aa-43a2-8ca8-85b623ffd1e5_dp1,0,nixl_start_time
1780281010.3514776,1780281010.3592277,7.75,1780281010.3592854,0.057697296142578125,137380313144,137380.313144,1780281010.3514776,7.807731628417969,0.0057220458984375,2.797365188598633,2.773,4718592,0.6088505806451613,288,chatcmpl-22b6e5df-631b-4017-963e-452b06258e14-a3a68d30,"nixl_xfer_handle(0x5af9a41c5e20, released=False)",decode,0,0,452715,3,d61968e8-e4aa-43a2-8ca8-85b623ffd1e5_dp0,0,nixl_start_time
1780281010.3515556,1780281010.3649457,13.39,1780281010.3649652,0.019550323486328125,137380313222,137380.313222,1780281010.3515556,13.409614562988281,0.005245208740234375,6.023406982421875,6.001,36175872,2.701708140403286,2208,chatcmpl-0bc2bfa5-4d96-4f4b-b68f-96ffd5d4ce25-ac8cd835,"nixl_xfer_handle(0x556359cd7500, released=False)",decode,1,0,452712,23,d61968e8-e4aa-43a2-8ca8-85b623ffd1e5_dp1,0,nixl_start_time
1780281010.3544226,1780281010.3642135,9.790999999999999,1780281010.3642628,0.04935264587402344,137380316089,137380.316089,1780281010.3544226,9.840250015258789,0.0045299530029296875,4.519462585449219,4.495,6291456,0.642575426412011,384,chatcmpl-ac260ffd-f10c-4c55-b66f-69a9dcf64436-88ce2ef8,"nixl_xfer_handle(0x5af9a3df1f20, released=False)",decode,0,0,452715,4,d61968e8-e4aa-43a2-8ca8-85b623ffd1e5_dp1,0,nixl_start_time
1780281010.3641186,1780281010.3767517,12.633000000000001,1780281010.3767855,0.033855438232421875,137380325785,137380.325785,1780281010.3641186,12.666940689086914,0.0050067901611328125,0.4849433898925781,0.457,1572864,0.12450439325575874,48,chatcmpl-1a12c429-792e-43cf-91bd-fa457e368e59-a37a61ff,"nixl_xfer_handle(0x556359a5eb60, released=False)",decode,1,0,452712,1,d61968e8-e4aa-43a2-8ca8-85b623ffd1e5_dp0,0,nixl_start_time
1780281010.5413628,1780281010.5539668,12.604000000000001,1780281010.5540273,0.060558319091796875,137380503029,137380.503029,1780281010.5413628,12.664556503295898,0.0050067901611328125,2.8536319732666016,2.831,4718592,0.374372580133291,288,chatcmpl-69ac1f87-7f27-4dfd-8982-ecd2cb8a4b51-a1dae25f,"nixl_xfer_handle(0x5af9a3df1f20, released=False)",decode,0,0,452715,3,d61968e8-e4aa-43a2-8ca8-85b623ffd1e5_dp0,0,nixl_start_time
1780281010.6036086,1780281010.6164436,12.834999999999999,1780281010.616467,0.023365020751953125,137380565275,137380.565275,1780281010.6036086,12.858390808105469,0.0057220458984375,3.0584335327148438,3.035,4718592,0.3676347487339307,288,chatcmpl-546a6ee3-553d-4069-b2d8-d5cffc98f8ba-bbd0aafd,"nixl_xfer_handle(0x5af9a3df1f20, released=False)",decode,0,0,452715,3,d61968e8-e4aa-43a2-8ca8-85b623ffd1e5_dp1,0,nixl_start_time
1780281010.7032397,1780281010.7282836,25.044,1780281010.7283053,0.021696090698242188,137380664906,137380.664906,1780281010.7032397,25.06566047668457,0.0059604644775390625,7.433891296386719,7.399,42467328,1.6957086727359845,2592,chatcmpl-9d1bdc39-d25c-47a2-b48d-8aec8e5d25e0-9be55505,"nixl_xfer_handle(0x5af9a3df1f20, released=False)",decode,0,0,452715,27,d61968e8-e4aa-43a2-8ca8-85b623ffd1e5_dp1,0,nixl_start_time
1780281010.8279257,1780281010.8403246,12.399000000000001,1780281010.8404036,0.07891654968261719,137380789592,137380.789592,1780281010.8279257,12.477874755859375,0.005245208740234375,3.271818161010742,3.247,18874368,1.5222492136462618,1152,chatcmpl-b4859e49-7327-464a-b044-c45dadd935d7-a430e0fb,"nixl_xfer_handle(0x556359a5eb60, released=False)",decode,1,0,452712,12,d61968e8-e4aa-43a2-8ca8-85b623ffd1e5_dp0,0,nixl_start_time
1780281010.8528907,1780281010.8653147,12.424,1780281010.8653717,0.05698204040527344,137380814557,137380.814557,1780281010.8528907,12.480974197387695,0.0054836273193359375,1.6324520111083984,1.599,3145728,0.2531976819059884,192,chatcmpl-75161cf4-2f66-445a-b9a7-5ae258745a4d-9343737c,"nixl_xfer_handle(0x556359a5eb60, released=False)",decode,1,0,452712,2,d61968e8-e4aa-43a2-8ca8-85b623ffd1e5_dp1,0,nixl_start_time
1780281010.9406796,1780281010.9725385,31.858999999999998,1780281010.9726002,0.06175041198730469,137380902346,137380.902346,1780281010.9406796,31.920671463012695,0.008106231689453125,16.654014587402344,16.601,89653248,2.814063467152139,5472,chatcmpl-6f4c7a3d-9a76-4ef3-878c-c5280c8b1e16-a337dc9c,"nixl_xfer_handle(0x5af9a3df1f20, released=False)",decode,0,0,452715,57,d61968e8-e4aa-43a2-8ca8-85b623ffd1e5_dp0,0,nixl_start_time
1780281011.0478966,1780281011.0750046,27.108,1780281011.075041,0.03647804260253906,137381009563,137381.009563,1780281011.0478966,27.144432067871094,0.0064373016357421875,11.152267456054688,11.131,75497472,2.785062416998672,4608,chatcmpl-e28ecec1-3611-4fce-8a5a-d73a5729eb49-82ca1687,"nixl_xfer_handle(0x5af9a3df1f20, released=False)",decode,0,0,452715,48,d61968e8-e4aa-43a2-8ca8-85b623ffd1e5_dp0,0,nixl_start_time
1780281011.0744977,1780281011.0865166,12.019,1780281011.0865393,0.022649765014648438,137381036164,137381.036164,1780281011.0744977,12.041568756103516,0.00476837158203125,2.2890567779541016,2.259,4718592,0.39259439221233045,288,chatcmpl-f4017ed7-6185-48bf-94d9-95a9a1a324cc-8c2a008b,"nixl_xfer_handle(0x556359a5eb60, released=False)",decode,1,0,452712,3,d61968e8-e4aa-43a2-8ca8-85b623ffd1e5_dp1,0,nixl_start_time
1780281011.0863006,1780281011.0989437,12.642999999999999,1780281011.0990195,0.07581710815429688,137381047967,137381.047967,1780281011.0863006,12.718915939331055,0.0045299530029296875,2.0668506622314453,2.043,3145728,0.2488118326346595,192,chatcmpl-bcc576d0-366e-43f6-9f8b-2ea7568951b7-90dc987c,"nixl_xfer_handle(0x5af9a3df1f20, released=False)",decode,0,0,452715,2,d61968e8-e4aa-43a2-8ca8-85b623ffd1e5_dp0,0,nixl_start_time
1780281011.1357646,1780281011.1475606,11.796,1780281011.1476197,0.0591278076171875,137381097431,137381.097431,1780281011.1357646,11.855125427246094,0.005245208740234375,1.4197826385498047,1.393,3145728,0.266677517802645,192,chatcmpl-f79e4a7f-f8dd-47e4-a27a-7e43399e990f-bb877468,"nixl_xfer_handle(0x556359a5eb60, released=False)",decode,1,0,452712,2,d61968e8-e4aa-43a2-8ca8-85b623ffd1e5_dp0,0,nixl_start_time
1780281011.1722126,1780281011.1846247,12.411999999999999,1780281011.1846442,0.019550323486328125,137381133879,137381.133879,1780281011.1722126,12.431621551513672,0.00476837158203125,2.282381057739258,2.245,4718592,0.38016371253625525,288,chatcmpl-28a603c6-7eb6-45a6-b0d9-b27a87da1b2d-89b4dc03,"nixl_xfer_handle(0x556359a5eb60, released=False)",decode,1,0,452712,3,d61968e8-e4aa-43a2-8ca8-85b623ffd1e5_dp1,0,nixl_start_time
1780281011.3572907,1780281011.3695037,12.213,1780281011.3695242,0.020503997802734375,137381318957,137381.318957,1780281011.3572907,12.233495712280273,0.0059604644775390625,6.04248046875,6.007,31457280,2.5757209530827807,1920,chatcmpl-b5b73f28-f823-4e2d-aea0-bfcbb05cdd30-b9c19665,"nixl_xfer_handle(0x5af9a3df1f20, released=False)",decode,0,0,452715,20,d61968e8-e4aa-43a2-8ca8-85b623ffd1e5_dp0,0,nixl_start_time
1780281011.3941097,1780281011.4192927,25.183,1780281011.4193661,0.07343292236328125,137381355776,137381.355776,1780281011.3941097,25.25639533996582,0.0050067901611328125,4.624128341674805,4.605,48758784,1.936178533137434,2976,chatcmpl-5a5c70a2-cdb1-44da-a069-34537f938f70-993ecaed,"nixl_xfer_handle(0x556359a5eb60, released=False)",decode,1,0,452712,31,d61968e8-e4aa-43a2-8ca8-85b623ffd1e5_dp1,0,nixl_start_time
1780281011.4059308,1780281011.4193158,13.385,1780281011.4193795,0.06365776062011719,137381367597,137381.367597,1780281011.4059308,13.448715209960938,0.005245208740234375,2.7723312377929688,2.751,4718592,0.35252835263354504,288,chatcmpl-0eef0a32-3a4c-40fb-8bcf-068fa760d882-86b88246,"nixl_xfer_handle(0x5af9a3d791b0, released=False)",decode,0,0,452715,3,d61968e8-e4aa-43a2-8ca8-85b623ffd1e5_dp0,0,nixl_start_time
1780281011.5038657,1780281011.5300548,26.189,1780281011.5301116,0.056743621826171875,137381465532,137381.465532,1780281011.5038657,26.245832443237305,0.005245208740234375,11.408329010009766,11.386,69206016,2.6425604643170795,4224,chatcmpl-017efe89-2169-4984-8b05-09cf181d5bd5-a62f2434,"nixl_xfer_handle(0x556359a5eb60, released=False)",decode,1,0,452712,44,d61968e8-e4aa-43a2-8ca8-85b623ffd1e5_dp1,0,nixl_start_time
1780281011.5185237,1780281011.5300426,11.519,1780281011.5301113,0.06866455078125,137381480190,137381.48019,1780281011.5185237,11.58761978149414,0.0050067901611328125,2.790689468383789,2.768,4718592,0.40963555864224327,288,chatcmpl-3cc952a7-4192-4326-910e-ebeaac498485-94222c22,"nixl_xfer_handle(0x5af9a3d791b0, released=False)",decode,0,0,452715,3,d61968e8-e4aa-43a2-8ca8-85b623ffd1e5_dp0,0,nixl_start_time
1780281011.5422947,1780281011.5665526,24.258,1780281011.5665722,0.019550323486328125,137381503961,137381.503961,1780281011.5422947,24.277448654174805,0.00476837158203125,4.25410270690918,4.235,37748736,1.556135542913678,2304,chatcmpl-281ec43a-0585-4e28-8aaf-e758e604afa8-8df150f2,"nixl_xfer_handle(0x556359a5eb60, released=False)",decode,1,0,452712,24,d61968e8-e4aa-43a2-8ca8-85b623ffd1e5_dp1,0,nixl_start_time
1780281011.5423067,1780281011.5547326,12.426,1780281011.554797,0.06437301635742188,137381503973,137381.503973,1780281011.5423067,12.490272521972656,0.0059604644775390625,5.650520324707031,5.63,25165824,2.0252554321583776,1536,chatcmpl-c50b1064-c49c-490d-9235-008b49da4779-9106efb0,"nixl_xfer_handle(0x5af9a3d791b0, released=False)",decode,0,0,452715,16,d61968e8-e4aa-43a2-8ca8-85b623ffd1e5_dp0,0,nixl_start_time
1780281011.5793138,1780281011.5916119,12.298,1780281011.5916784,0.06651878356933594,137381540980,137381.54098,1780281011.5793138,12.364625930786133,0.0045299530029296875,1.9793510437011719,1.958,3145728,0.25579183607090583,192,chatcmpl-a9148f68-f5c6-4897-8d31-af2c089831b2-9e676380,"nixl_xfer_handle(0x5af9a3e11b00, released=False)",decode,0,0,452715,2,d61968e8-e4aa-43a2-8ca8-85b623ffd1e5_dp0,0,nixl_start_time
1780281011.6540728,1780281011.6664057,12.333,1780281011.6664598,0.05412101745605469,137381615739,137381.615739,1780281011.6540728,12.38703727722168,0.005245208740234375,2.7761459350585938,2.756,17301504,1.4028625638530772,1056,chatcmpl-50cb4a33-4db4-4197-aa80-2b168a167de8-b70e0008,"nixl_xfer_handle(0x556359a5eb60, released=False)",decode,1,0,452712,11,d61968e8-e4aa-43a2-8ca8-85b623ffd1e5_dp1,0,nixl_start_time
1780281011.6912518,1780281011.7041867,12.935,1780281011.7042491,0.062465667724609375,137381652918,137381.652918,1780281011.6912518,12.99738883972168,0.005245208740234375,1.8978118896484375,1.867,3145728,0.24319505218399692,192,chatcmpl-4cd6552a-34ef-41cd-ae50-b4faef1f4a95-b936295f,"nixl_xfer_handle(0x5af9a3e11b00, released=False)",decode,0,0,452715,2,d61968e8-e4aa-43a2-8ca8-85b623ffd1e5_dp0,0,nixl_start_time
1780281011.7662346,1780281011.7961686,29.933999999999997,1780281011.7962277,0.0591278076171875,137381727901,137381.727901,1780281011.7662346,29.993057250976562,0.0045299530029296875,10.791540145874023,10.77,66060288,2.2068647023451597,4032,chatcmpl-630d916a-5eed-46f7-a48d-371204bf3562-bedce0b6,"nixl_xfer_handle(0x556359a5eb60, released=False)",decode,1,0,452712,42,d61968e8-e4aa-43a2-8ca8-85b623ffd1e5_dp1,0,nixl_start_time
1780281011.7920277,1780281011.8051867,13.159,1780281011.8052208,0.03409385681152344,137381753694,137381.753694,1780281011.7920277,13.193130493164062,0.0045299530029296875,3.829479217529297,3.8,7864320,0.5976381183980545,480,chatcmpl-54aee795-b11e-472f-be85-3fa911afae8f-809237da,"nixl_xfer_handle(0x556359a20140, released=False)",decode,1,0,452712,5,d61968e8-e4aa-43a2-8ca8-85b623ffd1e5_dp0,0,nixl_start_time
1780281011.7921298,1780281011.8127868,20.657,1780281011.8128328,0.04601478576660156,137381753796,137381.753796,1780281011.7921298,20.70307731628418,0.007152557373046875,5.534648895263672,5.511,18874368,0.9137032482935566,1152,chatcmpl-a18d8397-2514-49db-8563-c5079720bd93-872dbffe,"nixl_xfer_handle(0x5af9a386ec30, released=False)",decode,0,0,452715,12,d61968e8-e4aa-43a2-8ca8-85b623ffd1e5_dp0,0,nixl_start_time
1780281011.8043597,1780281011.8052506,0.891,1780281011.8052757,0.025033950805664062,137381766026,137381.766026,1780281011.8043597,0.9160041809082031,0.00476837158203125,0.5204677581787109,0.487,1572864,1.7652794612794613,48,chatcmpl-19f44d22-0326-4bd9-b748-7b70a4792238-916a4513,"nixl_xfer_handle(0x556359a5eb60, released=False)",decode,1,0,452712,1,d61968e8-e4aa-43a2-8ca8-85b623ffd1e5_dp1,0,nixl_start_time
1780281011.8045936,1780281011.8216116,17.017999999999997,1780281011.82163,0.018358230590820312,137381766260,137381.76626,1780281011.8045936,17.03643798828125,0.006198883056640625,7.717132568359375,7.694,31457280,1.8484710306734047,1920,chatcmpl-d055afce-57e7-40da-9b5a-a131913283da-8b4b8c9b,"nixl_xfer_handle(0x5af9a41c5e20, released=False)",decode,0,0,452715,20,d61968e8-e4aa-43a2-8ca8-85b623ffd1e5_dp1,0,nixl_start_time
1780281011.8175037,1780281011.8292718,11.768,1780281011.8293755,0.10371208190917969,137381779170,137381.77917,1780281011.8175037,11.871814727783203,0.0050067901611328125,3.7865638732910156,3.761,6291456,0.5346240652617267,384,chatcmpl-156e27a6-c53a-45a6-a9ee-0c8c6d0b6a0c-b8fee0f5,"nixl_xfer_handle(0x5af9a386ec30, released=False)",decode,0,0,452715,4,d61968e8-e4aa-43a2-8ca8-85b623ffd1e5_dp0,0,nixl_start_time
1780281011.8539307,1780281011.8703756,16.445,1780281011.870406,0.030279159545898438,137381815597,137381.815597,1780281011.8539307,16.475200653076172,0.0045299530029296875,1.4679431915283203,1.439,3145728,0.19128780784432955,192,chatcmpl-2d69e780-15dc-4282-89a0-07446f5d57fb-b63f5409,"nixl_xfer_handle(0x556359a20140, released=False)",decode,1,0,452712,2,d61968e8-e4aa-43a2-8ca8-85b623ffd1e5_dp1,0,nixl_start_time
1780281011.8661916,1780281011.8789887,12.796999999999999,1780281011.8790464,0.057697296142578125,137381827858,137381.827858,1780281011.8661916,12.854814529418945,0.0050067901611328125,3.921985626220703,3.9,31457280,2.458176135031648,1920,chatcmpl-90ac828b-82ad-4636-809e-90dd9f653090-8233a062,"nixl_xfer_handle(0x55634673c4c0, released=False)",decode,1,0,452712,20,d61968e8-e4aa-43a2-8ca8-85b623ffd1e5_dp0,0,nixl_start_time
1780281012.0656106,1780281012.0779006,12.290000000000001,1780281012.0779195,0.018835067749023438,137382027277,137382.027277,1780281012.0656106,12.308835983276367,0.006198883056640625,7.187128067016602,7.137,25165824,2.0476667209113097,1536,chatcmpl-4ebddaf0-c312-4ab1-a24f-176f32bb99b2-a3451bad,"nixl_xfer_handle(0x5af9a41c5e20, released=False)",decode,0,0,452715,16,d61968e8-e4aa-43a2-8ca8-85b623ffd1e5_dp0,0,nixl_start_time
1780281012.1150677,1780281012.1276128,12.545,1780281012.1276703,0.05745887756347656,137382076734,137382.076734,1780281012.1150677,12.602567672729492,0.00667572021484375,7.626056671142578,7.604,34603008,2.758310721402949,2112,chatcmpl-17b8bdf3-4c95-46b3-b069-2370f101037e-8142a612,"nixl_xfer_handle(0x5af9a3e6c620, released=False)",decode,0,0,452715,22,d61968e8-e4aa-43a2-8ca8-85b623ffd1e5_dp1,0,nixl_start_time
1780281012.1275678,1780281012.1400177,12.45,1780281012.1400516,0.033855438232421875,137382089234,137382.089234,1780281012.1275678,12.483835220336914,0.0045299530029296875,1.6701221466064453,1.641,3145728,0.2526689156626506,192,chatcmpl-39d3caa2-9a6f-4c68-ad54-28a4f5d390b9-b5c7351b,"nixl_xfer_handle(0x556359a20140, released=False)",decode,1,0,452712,2,d61968e8-e4aa-43a2-8ca8-85b623ffd1e5_dp0,0,nixl_start_time
1780281012.2650366,1780281012.3049836,39.947,1780281012.3050184,0.034809112548828125,137382226703,137382.226703,1780281012.2650366,39.981842041015625,0.00667572021484375,21.684646606445312,21.65,97517568,2.4411737552256736,5952,chatcmpl-754b3c71-f057-4ce7-82e1-dfc7af83625b-ae9517f0,"nixl_xfer_handle(0x5af9a3e6c620, released=False)",decode,0,0,452715,62,d61968e8-e4aa-43a2-8ca8-85b623ffd1e5_dp0,0,nixl_start_time
1780281012.2909617,1780281012.3058407,14.879,1780281012.3058562,0.015497207641601562,137382252628,137382.252628,1780281012.2909617,14.894485473632812,0.0050067901611328125,3.602743148803711,3.579,23592960,1.5856549499294308,1440,chatcmpl-75718179-5c17-4a05-b1b1-f72f78c69501-a37c5964,"nixl_xfer_handle(0x556359a20140, released=False)",decode,1,0,452712,15,d61968e8-e4aa-43a2-8ca8-85b623ffd1e5_dp1,0,nixl_start_time
1780281012.3016245,1780281012.3139684,12.344000000000001,1780281012.3140345,0.06604194641113281,137382263291,137382.263291,1780281012.3016245,12.40992546081543,0.005245208740234375,3.022432327270508,2.983,4718592,0.38225793907971484,288,chatcmpl-bb67113c-de29-4ffc-829f-4d98cb14022f-bbb08628,"nixl_xfer_handle(0x5af9a3e384e0, released=False)",decode,0,0,452715,3,d61968e8-e4aa-43a2-8ca8-85b623ffd1e5_dp0,0,nixl_start_time
1780281012.3016887,1780281012.3139577,12.269,1780281012.314014,0.05626678466796875,137382263355,137382.263355,1780281012.3016887,12.325286865234375,0.0054836273193359375,3.887653350830078,3.868,31457280,2.5639644632814407,1920,chatcmpl-e99292ea-a714-4e9c-9273-07ef7e787904-bca893d7,"nixl_xfer_handle(0x556359cd7500, released=False)",decode,1,0,452712,20,d61968e8-e4aa-43a2-8ca8-85b623ffd1e5_dp0,0,nixl_start_time
1780281012.3262577,1780281012.3411458,14.888,1780281012.341214,0.06818771362304688,137382287924,137382.287924,1780281012.3262577,14.956235885620117,0.0045299530029296875,5.65791130065918,5.633,7864320,0.5282321332616873,480,chatcmpl-14bce219-49eb-438c-ad2d-60bb2938f072-8efd4d88,"nixl_xfer_handle(0x5af9a3e384e0, released=False)",decode,0,0,452715,5,d61968e8-e4aa-43a2-8ca8-85b623ffd1e5_dp1,0,nixl_start_time
1780281012.3262846,1780281012.3385997,12.315,1780281012.3386724,0.07271766662597656,137382287951,137382.287951,1780281012.3262846,12.387752532958984,0.0045299530029296875,3.2134056091308594,3.194,20447232,1.6603517661388552,1248,chatcmpl-5b927385-61b0-4fbd-a118-7544458c9f24-8aa9dc78,"nixl_xfer_handle(0x556359cd7500, released=False)",decode,1,0,452712,13,d61968e8-e4aa-43a2-8ca8-85b623ffd1e5_dp0,0,nixl_start_time
1780281012.3384488,1780281012.3408668,2.418,1780281012.3412366,0.36978721618652344,137382300115,137382.300115,1780281012.3384488,2.7878284454345703,0.005245208740234375,2.4383068084716797,2.418,3145728,1.3009627791563274,192,chatcmpl-3c26a779-260d-400d-8681-75cb2c77320c-b3621cbe,"nixl_xfer_handle(0x5af9a3e85620, released=False)",decode,0,0,452715,2,d61968e8-e4aa-43a2-8ca8-85b623ffd1e5_dp1,0,nixl_start_time
1780281012.3753285,1780281012.3880115,12.683,1780281012.388067,0.05555152893066406,137382336995,137382.336995,1780281012.3753285,12.738466262817383,0.0050067901611328125,2.113819122314453,2.08,3145728,0.2480271229204447,192,chatcmpl-d532a9c1-6bf4-4254-8ea8-94074398099f-b98b666c,"nixl_xfer_handle(0x5af9a3e384e0, released=False)",decode,0,0,452715,2,d61968e8-e4aa-43a2-8ca8-85b623ffd1e5_dp0,0,nixl_start_time
1780281012.3879507,1780281012.4003947,12.444,1780281012.4004476,0.052928924560546875,137382349617,137382.349617,1780281012.3879507,12.4969482421875,0.00476837158203125,3.694772720336914,3.675,31457280,2.5279074252651883,1920,chatcmpl-deb020ca-b1ee-46f5-a628-2723acc8392f-b63122a2,"nixl_xfer_handle(0x556359cd7500, released=False)",decode,1,0,452712,20,d61968e8-e4aa-43a2-8ca8-85b623ffd1e5_dp1,0,nixl_start_time
1780281012.4123976,1780281012.4252756,12.878,1780281012.4253826,0.10704994201660156,137382374064,137382.374064,1780281012.4123976,12.984991073608398,0.005245208740234375,2.3050308227539062,2.283,3145728,0.2442714707252679,192,chatcmpl-54d455b1-749d-420c-afd8-e6466ede717b-ac23218e,"nixl_xfer_handle(0x5af9a3e384e0, released=False)",decode,0,0,452715,2,d61968e8-e4aa-43a2-8ca8-85b623ffd1e5_dp0,0,nixl_start_time
1780281012.4251788,1780281012.4255917,0.41300000000000003,1780281012.425846,0.2543926239013672,137382386845,137382.386845,1780281012.4251788,0.6673336029052734,0.005245208740234375,0.4322528839111328,0.413,1572864,3.8083874092009684,48,chatcmpl-789c446b-5b50-46bb-9182-2430f1d65546-a57e58f8,"nixl_xfer_handle(0x556359b4cda0, released=False)",decode,1,0,452712,1,d61968e8-e4aa-43a2-8ca8-85b623ffd1e5_dp1,0,nixl_start_time
1780281012.4495838,1780281012.4692838,19.7,1780281012.4693158,0.031948089599609375,137382411250,137382.41125,1780281012.4495838,19.731998443603516,0.0054836273193359375,8.678913116455078,8.642,11010048,0.5588856852791878,672,chatcmpl-cbc9ea3f-21a5-43c3-a15d-dfcb327dd9c7-832a00fe,"nixl_xfer_handle(0x5af9a3e384e0, released=False)",decode,0,0,452715,7,d61968e8-e4aa-43a2-8ca8-85b623ffd1e5_dp0,0,nixl_start_time
1780281012.4622586,1780281012.4744587,12.200000000000001,1780281012.474479,0.020265579223632812,137382423925,137382.423925,1780281012.4622586,12.220382690429688,0.0054836273193359375,6.693363189697266,6.673,20447232,1.6760026229508196,1248,chatcmpl-c52d3514-6a22-4fb4-adc6-3239a4714318-9e74bc60,"nixl_xfer_handle(0x5af9a3e03160, released=False)",decode,0,0,452715,13,d61968e8-e4aa-43a2-8ca8-85b623ffd1e5_dp1,0,nixl_start_time
1780281012.5989907,1780281012.6286917,29.701,1780281012.6287422,0.05054473876953125,137382560657,137382.560657,1780281012.5989907,29.75153923034668,0.0050067901611328125,9.965181350708008,9.943,64487424,2.1712206323019423,3936,chatcmpl-12ee2877-f812-4f6d-b450-7c6f5c6bac77-a3addf7b,"nixl_xfer_handle(0x556359b4cda0, released=False)",decode,1,0,452712,41,d61968e8-e4aa-43a2-8ca8-85b623ffd1e5_dp0,0,nixl_start_time
1780281012.6126378,1780281012.6135578,0.92,1780281012.6136127,0.054836273193359375,137382574304,137382.574304,1780281012.6126378,0.9748935699462891,0.005245208740234375,0.6222724914550781,0.6,1572864,1.7096347826086955,48,chatcmpl-63d57b94-a586-4f41-ace8-a19ec40f0259-a6d922b9,"nixl_xfer_handle(0x5af9a3e384e0, released=False)",decode,0,0,452715,1,d61968e8-e4aa-43a2-8ca8-85b623ffd1e5_dp1,0,nixl_start_time
1780281012.6246676,1780281012.6366305,11.963,1780281012.6366658,0.03528594970703125,137382586334,137382.586334,1780281012.6246676,11.998176574707031,0.0050067901611328125,3.7691593170166016,3.749,25165824,2.103638217838335,1536,chatcmpl-6a491a26-fc70-4017-842a-7fb8fbdb290d-a9569d25,"nixl_xfer_handle(0x556359a20140, released=False)",decode,1,0,452712,16,d61968e8-e4aa-43a2-8ca8-85b623ffd1e5_dp0,0,nixl_start_time
1780281012.6488786,1780281012.6612046,12.326,1780281012.6612692,0.06461143493652344,137382610545,137382.610545,1780281012.6488786,12.390613555908203,0.0057220458984375,2.0499229431152344,2.027,3145728,0.25521077397371406,192,chatcmpl-074bebd5-a8f7-4905-9346-89f328e73fca-9cc3a7de,"nixl_xfer_handle(0x5af9a3e384e0, released=False)",decode,0,0,452715,2,d61968e8-e4aa-43a2-8ca8-85b623ffd1e5_dp1,0,nixl_start_time
1780281012.7731776,1780281012.7856057,12.427999999999999,1780281012.7856426,0.03695487976074219,137382734844,137382.734844,1780281012.7731776,12.46500015258789,0.0057220458984375,7.746219635009766,7.726,31457280,2.531161892500805,1920,chatcmpl-961237c5-7232-4840-8739-b39a984371bc-bfba1678,"nixl_xfer_handle(0x556359a20140, released=False)",decode,1,0,452712,20,d61968e8-e4aa-43a2-8ca8-85b623ffd1e5_dp0,0,nixl_start_time
1780281012.7858837,1780281012.7983906,12.507000000000001,1780281012.7984533,0.06270408630371094,137382747550,137382.74755,1780281012.7858837,12.569665908813477,0.00667572021484375,8.99505615234375,8.973,33030144,2.6409325977452625,2016,chatcmpl-37dc47ea-7d52-40d2-9f4c-17674c89f989-be9c1718,"nixl_xfer_handle(0x5af9a3e384e0, released=False)",decode,0,0,452715,21,d61968e8-e4aa-43a2-8ca8-85b623ffd1e5_dp1,0,nixl_start_time
1780281012.8727307,1780281012.8862267,13.495999999999999,1780281012.8862858,0.0591278076171875,137382834397,137382.834397,1780281012.8727307,13.555049896240234,0.0054836273193359375,2.9916763305664062,2.967,4718592,0.349628927089508,288,chatcmpl-798d45b4-10b0-48e1-8ee5-b6c11b825a65-9c6e41e7,"nixl_xfer_handle(0x5af9a3e384e0, released=False)",decode,0,0,452715,3,d61968e8-e4aa-43a2-8ca8-85b623ffd1e5_dp0,0,nixl_start_time
1780281012.8728886,1780281012.8977237,24.835,1780281012.8977444,0.020742416381835938,137382834555,137382.834555,1780281012.8728886,24.855852127075195,0.0050067901611328125,9.91201400756836,9.891,64487424,2.596634749345682,3936,chatcmpl-37b18eab-64aa-4805-9682-5f93bfeb931b-870c7e43,"nixl_xfer_handle(0x556359a20140, released=False)",decode,1,0,452712,41,d61968e8-e4aa-43a2-8ca8-85b623ffd1e5_dp0,0,nixl_start_time
1780281012.9357667,1780281012.9621956,26.429000000000002,1780281012.962224,0.028371810913085938,137382897433,137382.897433,1780281012.9357667,26.45730972290039,0.005245208740234375,11.338472366333008,11.311,77070336,2.916127587120209,4704,chatcmpl-c4866c74-a335-4b4f-b5e1-46992be8c2cc-a6ee4886,"nixl_xfer_handle(0x556359a20140, released=False)",decode,1,0,452712,49,d61968e8-e4aa-43a2-8ca8-85b623ffd1e5_dp1,0,nixl_start_time
1780281012.9622326,1780281012.9771545,14.921999999999999,1780281012.9771867,0.03218650817871094,137382923899,137382.923899,1780281012.9622326,14.954090118408203,0.0057220458984375,7.408618927001953,7.386,28311552,1.8973027744270206,1728,chatcmpl-9b003ee8-19ea-4076-86d2-d02e5d49412d-b4e2b308,"nixl_xfer_handle(0x5af9a3e384e0, released=False)",decode,0,0,452715,18,d61968e8-e4aa-43a2-8ca8-85b623ffd1e5_dp0,0,nixl_start_time
1780281012.9748538,1780281012.9874198,12.566,1780281012.9874954,0.07557868957519531,137382936520,137382.93652,1780281012.9748538,12.641668319702148,0.00667572021484375,2.0105838775634766,1.985,3145728,0.25033646347286326,192,chatcmpl-381692eb-0967-44cd-b50b-a4f2d10692a2-bc6c9307,"nixl_xfer_handle(0x5af9a3ec6160, released=False)",decode,0,0,452715,2,d61968e8-e4aa-43a2-8ca8-85b623ffd1e5_dp1,0,nixl_start_time
1780281013.0124667,1780281013.0372276,24.761,1780281013.0372512,0.023603439331054688,137382974133,137382.974133,1780281013.0124667,24.784564971923828,0.0057220458984375,6.131172180175781,6.111,39321600,1.5880457170550464,2400,chatcmpl-91f223ce-3625-44e5-a595-fa105a7775c9-8e4b2683,"nixl_xfer_handle(0x556359a20140, released=False)",decode,1,0,452712,25,d61968e8-e4aa-43a2-8ca8-85b623ffd1e5_dp0,0,nixl_start_time
1780281013.2237506,1780281013.2528396,29.089,1780281013.2528594,0.019788742065429688,137383185417,137383.185417,1780281013.2237506,29.108762741088867,0.005245208740234375,13.557910919189453,13.533,80216064,2.7576081680360276,4896,chatcmpl-d52605fc-8142-42db-99b7-6a0a8bd1636a-a6c329d3,"nixl_xfer_handle(0x556359a20140, released=False)",decode,1,0,452712,51,d61968e8-e4aa-43a2-8ca8-85b623ffd1e5_dp1,0,nixl_start_time
1780281013.2238536,1780281013.2527466,28.892999999999997,1780281013.252769,0.022411346435546875,137383185520,137383.18552,1780281013.2238536,28.9154052734375,0.007152557373046875,13.806343078613281,13.773,84934656,2.9396274530163016,5184,chatcmpl-d158720a-20de-4e12-a48b-041db139f89b-b35aac80,"nixl_xfer_handle(0x5af9a3e384e0, released=False)",decode,0,0,452715,54,d61968e8-e4aa-43a2-8ca8-85b623ffd1e5_dp0,0,nixl_start_time
1780281013.2902555,1780281013.3032506,12.995,1780281013.3033214,0.07081031799316406,137383251922,137383.251922,1780281013.2902555,13.065814971923828,0.0045299530029296875,3.0145645141601562,2.992,4718592,0.36310827241246635,288,chatcmpl-0aac8e46-f0ad-49bb-98ff-7821dbe713db-a59ce999,"nixl_xfer_handle(0x5af9a3e384e0, released=False)",decode,0,0,452715,3,d61968e8-e4aa-43a2-8ca8-85b623ffd1e5_dp0,0,nixl_start_time
1780281013.2904956,1780281013.3156037,25.107999999999997,1780281013.3156257,0.02193450927734375,137383252162,137383.252162,1780281013.2904956,25.130033493041992,0.0064373016357421875,9.208202362060547,9.185,62914560,2.505757527481281,3840,chatcmpl-1867f9ad-0c56-445b-b3ca-8cce122e35df-82a41bbe,"nixl_xfer_handle(0x556359b2d680, released=False)",decode,1,0,452712,40,d61968e8-e4aa-43a2-8ca8-85b623ffd1e5_dp1,0,nixl_start_time
1780281013.2934277,1780281013.3033648,9.937,1780281013.3034146,0.04982948303222656,137383255094,137383.255094,1780281013.2934277,9.98687744140625,0.0035762786865234375,2.6426315307617188,2.616,3145728,0.316567173191104,192,chatcmpl-4fd21fa0-cf27-4e1a-be95-66f8bd3603c8-be573bab,"nixl_xfer_handle(0x5af9a3e6c620, released=False)",decode,0,0,452715,2,d61968e8-e4aa-43a2-8ca8-85b623ffd1e5_dp1,0,nixl_start_time
1780281013.4152987,1780281013.4511297,35.831,1780281013.451147,0.017404556274414062,137383376965,137383.376965,1780281013.4152987,35.848379135131836,0.0057220458984375,18.523454666137695,18.498,92798976,2.5899075102564817,5664,chatcmpl-0fbbb1d5-efb1-4df6-929e-ab66698db578-9229f40a,"nixl_xfer_handle(0x556359b2d680, released=False)",decode,1,0,452712,59,d61968e8-e4aa-43a2-8ca8-85b623ffd1e5_dp0,0,nixl_start_time
1780281013.4374037,1780281013.4490457,11.642,1780281013.4490979,0.05221366882324219,137383399070,137383.39907,1780281013.4374037,11.694192886352539,0.0059604644775390625,5.93113899230957,5.905,7864320,0.6755127984882322,480,chatcmpl-df475abc-18a3-4dd2-8dd6-64d9f05d8837-ab994dfe,"nixl_xfer_handle(0x5af9a3e6c620, released=False)",decode,0,0,452715,5,d61968e8-e4aa-43a2-8ca8-85b623ffd1e5_dp1,0,nixl_start_time
1780281013.4489026,1780281013.4617217,12.819,1780281013.4617546,0.032901763916015625,137383410569,137383.410569,1780281013.4489026,12.851953506469727,0.004291534423828125,1.6510486602783203,1.619,3145728,0.24539574069740228,192,chatcmpl-7cbb2d8f-0979-4cca-b389-4ae58a9ec490-8bd505c0,"nixl_xfer_handle(0x556359b4cda0, released=False)",decode,1,0,452712,2,d61968e8-e4aa-43a2-8ca8-85b623ffd1e5_dp0,0,nixl_start_time
1780281013.5485876,1780281013.5734386,24.851000000000003,1780281013.573489,0.05030632019042969,137383510254,137383.510254,1780281013.5485876,24.901390075683594,0.006198883056640625,7.833003997802734,7.811,39321600,1.5822944750714256,2400,chatcmpl-b16108b1-80b3-427a-909c-1e0978979468-92bfb588,"nixl_xfer_handle(0x5af9a3e6c620, released=False)",decode,0,0,452715,25,d61968e8-e4aa-43a2-8ca8-85b623ffd1e5_dp1,0,nixl_start_time
1780281013.6112068,1780281013.6374679,26.261,1780281013.637539,0.07104873657226562,137383572873,137383.572873,1780281013.6112068,26.33213996887207,0.006198883056640625,10.973930358886719,10.952,78643200,2.9946765165073685,4800,chatcmpl-41dd6ec5-2c2d-4bb7-9126-de1b9871e2ae-bf607b5c,"nixl_xfer_handle(0x5af9a3877da0, released=False)",decode,0,0,452715,50,d61968e8-e4aa-43a2-8ca8-85b623ffd1e5_dp0,0,nixl_start_time
1780281013.6873047,1780281013.6944127,7.108,1780281013.694468,0.0553131103515625,137383648971,137383.648971,1780281013.6873047,7.163286209106445,0.0050067901611328125,0.5350112915039062,0.501,1572864,0.22128081035453012,48,chatcmpl-89a0a54e-c7a8-4269-8dc5-9e83aa5f8e8d-bd5da722,"nixl_xfer_handle(0x5af9a41d8480, released=False)",decode,0,0,452715,1,d61968e8-e4aa-43a2-8ca8-85b623ffd1e5_dp1,0,nixl_start_time
1780281013.6877096,1780281013.7173676,29.658,1780281013.7174578,0.09012222290039062,137383649376,137383.649376,1780281013.6877096,29.748201370239258,0.0057220458984375,14.070987701416016,14.047,80216064,2.7047024074448713,4896,chatcmpl-cae41159-14fb-45b3-84a7-902aa206c037-83b0b21e,"nixl_xfer_handle(0x556359b4cda0, released=False)",decode,1,0,452712,51,d61968e8-e4aa-43a2-8ca8-85b623ffd1e5_dp1,0,nixl_start_time
1780281013.6880627,1780281013.7054327,17.37,1780281013.705532,0.09942054748535156,137383649729,137383.649729,1780281013.6880627,17.469406127929688,0.0040531158447265625,5.940914154052734,5.926,33030144,1.901562694300518,2016,chatcmpl-2a78fb28-f25d-4dd5-a1a9-f5c823bd8aa2-8b4c7d78,"nixl_xfer_handle(0x5af9a3e384e0, released=False)",decode,0,0,452715,21,d61968e8-e4aa-43a2-8ca8-85b623ffd1e5_dp1,0,nixl_start_time
1780281013.7669775,1780281013.7805126,13.535,1780281013.7805293,0.016689300537109375,137383728644,137383.728644,1780281013.7669775,13.551712036132812,0.005245208740234375,5.520820617675781,5.49,9437184,0.6972429996305873,576,chatcmpl-01b295a7-d3ac-4c65-8214-56ca14c9ea7c-882020f2,"nixl_xfer_handle(0x556359b4cda0, released=False)",decode,1,0,452712,6,d61968e8-e4aa-43a2-8ca8-85b623ffd1e5_dp0,0,nixl_start_time
1780281013.7670267,1780281013.7880867,21.06,1780281013.7881246,0.03790855407714844,137383728693,137383.728693,1780281013.7670267,21.097898483276367,0.0069141387939453125,3.9467811584472656,3.925,33030144,1.5683829059829062,2016,chatcmpl-9c07bb07-bd8d-4e43-bf1a-8f5b40e2ef5b-97d77352,"nixl_xfer_handle(0x5af9a3e384e0, released=False)",decode,0,0,452715,21,d61968e8-e4aa-43a2-8ca8-85b623ffd1e5_dp0,0,nixl_start_time
1780281013.7726138,1780281013.7805479,7.934,1780281013.780576,0.028133392333984375,137383734280,137383.73428,1780281013.7726138,7.962226867675781,0.0045299530029296875,0.5228519439697266,0.494,1572864,0.19824350894882783,48,chatcmpl-ffd4273b-3b6e-4dea-bb33-b8a42673d70d-ae749241,"nixl_xfer_handle(0x556359b2d680, released=False)",decode,1,0,452712,1,d61968e8-e4aa-43a2-8ca8-85b623ffd1e5_dp0,0,nixl_start_time
1780281013.7795346,1780281013.7805877,1.053,1780281013.7806242,0.03647804260253906,137383741201,137383.741201,1780281013.7795346,1.0895729064941406,0.004291534423828125,0.5216598510742188,0.493,1572864,1.4936980056980058,48,chatcmpl-1289e609-8a29-498a-9da4-b50c19c1f697-952ad46a,"nixl_xfer_handle(0x556356deb070, released=False)",decode,1,0,452712,1,d61968e8-e4aa-43a2-8ca8-85b623ffd1e5_dp1,0,nixl_start_time
1780281013.7797377,1780281013.7969158,17.177999999999997,1780281013.7969365,0.020742416381835938,137383741404,137383.741404,1780281013.7797377,17.198801040649414,0.007152557373046875,7.9975128173828125,7.974,48758784,2.83844359063919,2976,chatcmpl-7a37fcad-e71d-4f36-ab44-8b907c0f15c6-9f09cf5b,"nixl_xfer_handle(0x5af9a41d8480, released=False)",decode,0,0,452715,31,d61968e8-e4aa-43a2-8ca8-85b623ffd1e5_dp0,0,nixl_start_time
1780281013.7921026,1780281013.8048835,12.781,1780281013.8049319,0.04839897155761719,137383753769,137383.753769,1780281013.7921026,12.829303741455078,0.0050067901611328125,4.509449005126953,4.474,3145728,0.24612534230498395,192,chatcmpl-7d198ba0-4e6c-42c2-8ef6-563c46c138eb-8eb6d273,"nixl_xfer_handle(0x5af9a3e384e0, released=False)",decode,0,0,452715,2,d61968e8-e4aa-43a2-8ca8-85b623ffd1e5_dp0,0,nixl_start_time
1780281013.9415326,1780281013.9746907,33.158,1780281013.974719,0.028371810913085938,137383903199,137383.903199,1780281013.9415326,33.18643569946289,0.0057220458984375,10.181188583374023,10.155,70778880,2.1345943663670908,4320,chatcmpl-8c75ea64-19f5-4b76-ae13-787a813056f8-8c9ff688,"nixl_xfer_handle(0x556356deb070, released=False)",decode,1,0,452712,45,d61968e8-e4aa-43a2-8ca8-85b623ffd1e5_dp1,0,nixl_start_time
1780281013.9553797,1780281013.9747536,19.374,1780281013.974785,0.03147125244140625,137383917046,137383.917046,1780281013.9553797,19.405364990234375,0.005245208740234375,4.310131072998047,4.289,18874368,0.9742112109012078,1152,chatcmpl-855ad89f-3cf7-4ed1-b259-5617355711e2-844aabe3,"nixl_xfer_handle(0x556359b2d680, released=False)",decode,1,0,452712,12,d61968e8-e4aa-43a2-8ca8-85b623ffd1e5_dp0,0,nixl_start_time
1780281013.9667187,1780281013.9802406,13.521999999999998,1780281013.9803069,0.06628036499023438,137383928385,137383.928385,1780281013.9667187,13.588190078735352,0.0045299530029296875,7.292747497558594,7.259,4718592,0.34895666321550073,288,chatcmpl-751db292-3e54-40ea-92cc-f96a01309804-baf98f83,"nixl_xfer_handle(0x556359b4cda0, released=False)",decode,1,0,452712,3,d61968e8-e4aa-43a2-8ca8-85b623ffd1e5_dp1,0,nixl_start_time
1780281014.0166128,1780281014.0313478,14.735,1780281014.0314164,0.06866455078125,137383978279,137383.978279,1780281014.0166128,14.803647994995117,0.0069141387939453125,6.280422210693359,6.257,25165824,1.7078944010858501,1536,chatcmpl-f8d2c76a-dedf-4894-91f7-f5a11daffabf-aa65b79b,"nixl_xfer_handle(0x5af9a3e384e0, released=False)",decode,0,0,452715,16,d61968e8-e4aa-43a2-8ca8-85b623ffd1e5_dp0,0,nixl_start_time
1780281014.0291247,1780281014.0413327,12.208,1780281014.041423,0.09036064147949219,137383990791,137383.990791,1780281014.0291247,12.298345565795898,0.00667572021484375,1.9459724426269531,1.914,3145728,0.2576775884665793,192,chatcmpl-cfceb132-7469-4b03-b0b7-557aa76d9445-bc509348,"nixl_xfer_handle(0x5af9a3d718a0, released=False)",decode,0,0,452715,2,d61968e8-e4aa-43a2-8ca8-85b623ffd1e5_dp0,0,nixl_start_time
1780281014.0291867,1780281014.0416436,12.456999999999999,1780281014.0416634,0.019788742065429688,137383990853,137383.990853,1780281014.0291867,12.476682662963867,0.0035762786865234375,2.716064453125,2.686,4718592,0.3787903989724653,288,chatcmpl-4ebf1427-2d65-40a3-b890-c676ab8acf17-953f21bf,"nixl_xfer_handle(0x556359b2d680, released=False)",decode,1,0,452712,3,d61968e8-e4aa-43a2-8ca8-85b623ffd1e5_dp1,0,nixl_start_time
1780281014.1412446,1780281014.1537027,12.458,1780281014.1537673,0.06461143493652344,137384102911,137384.102911,1780281014.1412446,12.522697448730469,0.0054836273193359375,5.7830810546875,5.763,33030144,2.6513199550489643,2016,chatcmpl-1dcc5dc2-d430-48d6-b2f2-1f091d585860-a7a1f207,"nixl_xfer_handle(0x556359b2d680, released=False)",decode,1,0,452712,21,d61968e8-e4aa-43a2-8ca8-85b623ffd1e5_dp0,0,nixl_start_time
1780281014.1413536,1780281014.1535006,12.147,1780281014.1535194,0.018835067749023438,137384103020,137384.10302,1780281014.1413536,12.16578483581543,0.02384185791015625,7.504701614379883,7.465,26738688,2.2012585823660165,1632,chatcmpl-b7b48aa0-595a-457a-90ce-26e136a905d3-965d40af,"nixl_xfer_handle(0x5af9a41915e0, released=False)",decode,0,0,452715,17,d61968e8-e4aa-43a2-8ca8-85b623ffd1e5_dp1,0,nixl_start_time
1780281014.2411666,1780281014.2536097,12.443,1780281014.253651,0.04124641418457031,137384202833,137384.202833,1780281014.2411666,12.484312057495117,0.005245208740234375,1.9032955169677734,1.881,3145728,0.2528110584264245,192,chatcmpl-cc4f2a8f-d472-4192-9237-aaa68bad9b01-9f773320,"nixl_xfer_handle(0x5af9a4194270, released=False)",decode,0,0,452715,2,d61968e8-e4aa-43a2-8ca8-85b623ffd1e5_dp0,0,nixl_start_time
1780281014.2413785,1780281014.2656815,24.303,1780281014.2657084,0.026941299438476562,137384203045,137384.203045,1780281014.2413785,24.32990074157715,0.00667572021484375,8.845329284667969,8.822,55050240,2.26516232563881,3360,chatcmpl-aebc9fd4-2f01-40a6-82a6-ea7abaaecf7e-b7679e26,"nixl_xfer_handle(0x556359b2d680, released=False)",decode,1,0,452712,35,d61968e8-e4aa-43a2-8ca8-85b623ffd1e5_dp1,0,nixl_start_time
1780281014.2784047,1780281014.3031218,24.717,1780281014.3031576,0.035762786865234375,137384240071,137384.240071,1780281014.2784047,24.75285530090332,0.005245208740234375,6.8035125732421875,6.783,39321600,1.590872678723146,2400,chatcmpl-34db3d03-5b4b-4910-8592-a1234342a857-848df9fc,"nixl_xfer_handle(0x556359b2d680, released=False)",decode,1,0,452712,25,d61968e8-e4aa-43a2-8ca8-85b623ffd1e5_dp0,0,nixl_start_time
1780281014.3902667,1780281014.3911366,0.87,1780281014.3911896,0.052928924560546875,137384351933,137384.351933,1780281014.3902667,0.9229183197021484,0.0059604644775390625,0.5738735198974609,0.538,1572864,1.8078896551724137,48,chatcmpl-cec019f1-16e5-47f6-b779-5f5f37364c1b-99fa82ee,"nixl_xfer_handle(0x5af9a3e86c60, released=False)",decode,0,0,452715,1,d61968e8-e4aa-43a2-8ca8-85b623ffd1e5_dp1,0,nixl_start_time
1780281014.4150386,1780281014.4274707,12.432,1780281014.4274929,0.022172927856445312,137384376705,137384.376705,1780281014.4150386,12.45427131652832,0.00476837158203125,6.5212249755859375,6.487,11010048,0.8856216216216216,672,chatcmpl-0319331f-bf9f-44d8-b5c8-c3305a24b8c1-9fc763f1,"nixl_xfer_handle(0x556359b2d680, released=False)",decode,1,0,452712,7,d61968e8-e4aa-43a2-8ca8-85b623ffd1e5_dp0,0,nixl_start_time
1780281014.5146656,1780281014.5397997,25.134,1780281014.53985,0.05030632019042969,137384476332,137384.476332,1780281014.5146656,25.18439292907715,0.01049041748046875,8.176565170288086,8.148,47185920,1.8773740749582237,2880,chatcmpl-28b181ae-075b-454f-a3e1-03b5c3557069-b534b875,"nixl_xfer_handle(0x556359b2d680, released=False)",decode,1,0,452712,30,d61968e8-e4aa-43a2-8ca8-85b623ffd1e5_dp0,0,nixl_start_time
1780281014.5271156,1780281014.5395246,12.409,1780281014.539599,0.0743865966796875,137384488782,137384.488782,1780281014.5271156,12.483358383178711,0.006198883056640625,1.8510818481445312,1.825,3145728,0.25350374728019986,192,chatcmpl-2bc26328-d6da-45df-bd70-05e716f5ef2f-9f057f94,"nixl_xfer_handle(0x5af9a3e86c60, released=False)",decode,0,0,452715,2,d61968e8-e4aa-43a2-8ca8-85b623ffd1e5_dp0,0,nixl_start_time
1780281014.5648377,1780281014.5772238,12.386,1780281014.577246,0.022172927856445312,137384526504,137384.526504,1780281014.5648377,12.408256530761719,0.0054836273193359375,3.1659603118896484,3.142,4718592,0.3809617309865978,288,chatcmpl-872aa39f-d0e6-473a-bd39-6b691a705e2d-a750718e,"nixl_xfer_handle(0x5af9a3e86c60, released=False)",decode,0,0,452715,3,d61968e8-e4aa-43a2-8ca8-85b623ffd1e5_dp1,0,nixl_start_time
1780281014.6021347,1780281014.6146708,12.536,1780281014.61473,0.0591278076171875,137384563801,137384.563801,1780281014.6021347,12.595176696777344,0.005245208740234375,2.008676528930664,1.986,3145728,0.25093554562858966,192,chatcmpl-6d44f0b6-5651-4c4e-871c-fe60b31e5650-922d315f,"nixl_xfer_handle(0x5af9a3e86c60, released=False)",decode,0,0,452715,2,d61968e8-e4aa-43a2-8ca8-85b623ffd1e5_dp0,0,nixl_start_time
1780281014.6274157,1780281014.6558237,28.407999999999998,1780281014.6558502,0.026464462280273438,137384589082,137384.589082,1780281014.6274157,28.43451499938965,0.006198883056640625,6.14166259765625,6.12,40894464,1.4395404111517882,2496,chatcmpl-fb2109e8-aee0-46dd-a280-934900b7ca7a-a8b66bc8,"nixl_xfer_handle(0x556359b2d680, released=False)",decode,1,0,452712,26,d61968e8-e4aa-43a2-8ca8-85b623ffd1e5_dp1,0,nixl_start_time
1780281014.6401417,1780281014.6674397,27.298,1780281014.6675036,0.06389617919921875,137384601808,137384.601808,1780281014.6401417,27.36186981201172,0.0054836273193359375,12.024879455566406,12.001,12582912,0.46094629643197305,768,chatcmpl-6f12130a-bbbf-4f93-9455-8ed06a6c29f0-80d0785e,"nixl_xfer_handle(0x5af9a3e86c60, released=False)",decode,0,0,452715,8,d61968e8-e4aa-43a2-8ca8-85b623ffd1e5_dp0,0,nixl_start_time
1780281014.6674945,1780281014.6804454,12.951,1780281014.680473,0.02765655517578125,137384629161,137384.629161,1780281014.6674945,12.978553771972656,0.0059604644775390625,6.442070007324219,6.42,37748736,2.9147352328005556,2304,chatcmpl-03f74c61-cc4f-4665-b6bb-e7d5ba5626e3-82a82191,"nixl_xfer_handle(0x556359b2d680, released=False)",decode,1,0,452712,24,d61968e8-e4aa-43a2-8ca8-85b623ffd1e5_dp0,0,nixl_start_time
1780281014.7175705,1780281014.7300386,12.468,1780281014.7300622,0.023603439331054688,137384679237,137384.679237,1780281014.7175705,12.491703033447266,0.0045299530029296875,5.747318267822266,5.728,31457280,2.523041385948027,1920,chatcmpl-7c1c6039-3940-4d4e-8b9f-7c736e56e83c-815a05e6,"nixl_xfer_handle(0x556359b2d680, released=False)",decode,1,0,452712,20,d61968e8-e4aa-43a2-8ca8-85b623ffd1e5_dp1,0,nixl_start_time
1780281014.7550917,1780281014.7802947,25.203,1780281014.7803156,0.0209808349609375,137384716758,137384.716758,1780281014.7550917,25.223970413208008,0.004291534423828125,8.49461555480957,8.472,39321600,1.5601952148553744,2400,chatcmpl-1c4fc785-5725-45e0-b1bb-a56a9bed2b0d-ad648ee8,"nixl_xfer_handle(0x556359b2d680, released=False)",decode,1,0,452712,25,d61968e8-e4aa-43a2-8ca8-85b623ffd1e5_dp0,0,nixl_start_time
1780281014.7673886,1780281014.7800825,12.694,1780281014.7801807,0.09822845458984375,137384729055,137384.729055,1780281014.7673886,12.792110443115234,0.0057220458984375,1.966238021850586,1.936,3145728,0.24781219473767135,192,chatcmpl-83f748f6-621b-4e5e-80fc-c83733106ce0-a8a16ed3,"nixl_xfer_handle(0x5af9a3e86c60, released=False)",decode,0,0,452715,2,d61968e8-e4aa-43a2-8ca8-85b623ffd1e5_dp1,0,nixl_start_time
1780281014.9421217,1780281014.9430048,0.883,1780281014.9430203,0.015497207641601562,137384903788,137384.903788,1780281014.9421217,0.8985996246337891,0.0059604644775390625,0.5915164947509766,0.551,1572864,1.781272933182333,48,chatcmpl-bc4cdea4-9de5-4e4c-a018-3afeef980d9a-88a2722c,"nixl_xfer_handle(0x5af9a3e86c60, released=False)",decode,0,0,452715,1,d61968e8-e4aa-43a2-8ca8-85b623ffd1e5_dp0,0,nixl_start_time
1780281014.9422636,1780281014.9788835,36.62,1780281014.978936,0.05245208740234375,137384903930,137384.90393,1780281014.9422636,36.672353744506836,0.0057220458984375,9.506464004516602,9.453,61341696,1.6750872747132715,3744,chatcmpl-97c2a557-683f-4351-99cc-ec9b87c94774-8eecc6b4,"nixl_xfer_handle(0x556359cd55f0, released=False)",decode,1,0,452712,39,d61968e8-e4aa-43a2-8ca8-85b623ffd1e5_dp1,0,nixl_start_time
1780281014.9669466,1780281014.9892335,22.287000000000003,1780281014.9892838,0.05030632019042969,137384928613,137384.928613,1780281014.9669466,22.33719825744629,0.0054836273193359375,2.226114273071289,2.195,3145728,0.14114631848162607,192,chatcmpl-1392275b-1d52-4238-a082-08ba628446a3-a6245fc5,"nixl_xfer_handle(0x5af9a3e86c60, released=False)",decode,0,0,452715,2,d61968e8-e4aa-43a2-8ca8-85b623ffd1e5_dp0,0,nixl_start_time
1780281014.9670396,1780281014.9789577,11.918,1780281014.978989,0.031232833862304688,137384928706,137384.928706,1780281014.9670396,11.949300765991211,0.0040531158447265625,4.812002182006836,4.791,20447232,1.7156596744420205,1248,chatcmpl-bb4b0c5c-642d-43a4-a606-4b92a2cd4ebc-928779e9,"nixl_xfer_handle(0x556359a30720, released=False)",decode,1,0,452712,13,d61968e8-e4aa-43a2-8ca8-85b623ffd1e5_dp1,0,nixl_start_time
1780281014.9720256,1780281014.9940217,21.996000000000002,1780281014.9940612,0.039577484130859375,137384933692,137384.933692,1780281014.9720256,22.035598754882812,0.0035762786865234375,6.504297256469727,6.488,26738688,1.2156159301691214,1632,chatcmpl-7b75a6e9-40c7-4670-8509-e0c6a73385b5-b6347d78,"nixl_xfer_handle(0x556356deb070, released=False)",decode,1,0,452712,17,d61968e8-e4aa-43a2-8ca8-85b623ffd1e5_dp0,0,nixl_start_time
1780281014.9822547,1780281014.9937236,11.469,1780281014.9937909,0.06723403930664062,137384943921,137384.943921,1780281014.9822547,11.536121368408203,0.0050067901611328125,6.651401519775391,6.63,20447232,1.7828260528380853,1248,chatcmpl-f652294e-6d4f-4722-b5db-36ab9a8e756b-9829676e,"nixl_xfer_handle(0x5af9a41d8480, released=False)",decode,0,0,452715,13,d61968e8-e4aa-43a2-8ca8-85b623ffd1e5_dp1,0,nixl_start_time
1780281015.0685008,1780281015.0995398,31.039,1780281015.0996099,0.07009506225585938,137385030167,137385.030167,1780281015.0685008,31.109094619750977,0.007867813110351562,10.707616806030273,10.685,75497472,2.4323422790682687,4608,chatcmpl-b1fbb406-3a27-4c15-a3fc-1de9bd204110-868b55f6,"nixl_xfer_handle(0x5af9a3da1af0, released=False)",decode,0,0,452715,48,d61968e8-e4aa-43a2-8ca8-85b623ffd1e5_dp0,0,nixl_start_time
1780281015.0825887,1780281015.0835488,0.9600000000000001,1780281015.0835888,0.0400543212890625,137385044255,137385.044255,1780281015.0825887,1.0001659393310547,0.00476837158203125,0.5233287811279297,0.493,1572864,1.6384,48,chatcmpl-e1d954ec-2161-447a-bce8-5485d3983a95-a96198f6,"nixl_xfer_handle(0x556356deb070, released=False)",decode,1,0,452712,1,d61968e8-e4aa-43a2-8ca8-85b623ffd1e5_dp1,0,nixl_start_time
1780281015.0941296,1780281015.1068776,12.748000000000001,1780281015.106907,0.029325485229492188,137385055796,137385.055796,1780281015.0941296,12.777328491210938,0.0057220458984375,4.968166351318359,4.933,18874368,1.4805748352682775,1152,chatcmpl-69d0078d-4cec-42ad-a9af-4bb7252dba54-bf2d7623,"nixl_xfer_handle(0x5af9a3e22d00, released=False)",decode,0,0,452715,12,d61968e8-e4aa-43a2-8ca8-85b623ffd1e5_dp0,0,nixl_start_time
1780281015.1194777,1780281015.1317718,12.293999999999999,1780281015.1318204,0.04863739013671875,137385081144,137385.081144,1780281015.1194777,12.342691421508789,0.006198883056640625,5.433797836303711,5.411,28311552,2.3028755490483164,1728,chatcmpl-317e65d7-a202-4e01-b124-c19cb8d32e77-9ba0a19f,"nixl_xfer_handle(0x556356deb070, released=False)",decode,1,0,452712,18,d61968e8-e4aa-43a2-8ca8-85b623ffd1e5_dp1,0,nixl_start_time
1780281015.1316056,1780281015.1439197,12.314,1780281015.1439974,0.07772445678710938,137385093272,137385.093272,1780281015.1316056,12.391805648803711,0.0057220458984375,3.718852996826172,3.697,26738688,2.1714055546532403,1632,chatcmpl-d3b3d1eb-c372-4b0f-9649-e8499112e6da-97e8bf05,"nixl_xfer_handle(0x5af9a3da1af0, released=False)",decode,0,0,452715,17,d61968e8-e4aa-43a2-8ca8-85b623ffd1e5_dp1,0,nixl_start_time
1780281015.1564376,1780281015.1687145,12.277,1780281015.1687346,0.02002716064453125,137385118104,137385.118104,1780281015.1564376,12.296915054321289,0.0054836273193359375,2.010345458984375,1.988,3145728,0.25622937199641604,192,chatcmpl-74fcce90-edc3-4627-bd57-59402d596fa5-bcf8eee9,"nixl_xfer_handle(0x5af9a41b56a0, released=False)",decode,0,0,452715,2,d61968e8-e4aa-43a2-8ca8-85b623ffd1e5_dp0,0,nixl_start_time
1780281015.1812336,1780281015.1938736,12.64,1780281015.1939008,0.027179718017578125,137385142900,137385.1429,1780281015.1812336,12.667179107666016,0.0050067901611328125,1.851797103881836,1.823,3145728,0.24887088607594937,192,chatcmpl-8881a467-7607-46b0-94ed-5e3c25ecc934-8e23bf33,"nixl_xfer_handle(0x556356deb070, released=False)",decode,1,0,452712,2,d61968e8-e4aa-43a2-8ca8-85b623ffd1e5_dp1,0,nixl_start_time
1780281015.1935377,1780281015.2061727,12.635,1780281015.2062519,0.07915496826171875,137385155204,137385.155204,1780281015.1935377,12.714147567749023,0.00476837158203125,2.897024154663086,2.873,4718592,0.37345405619311434,288,chatcmpl-c48aff8d-2792-4b22-8984-56fcfe8cd28e-8416bdc8,"nixl_xfer_handle(0x5af9a41d8480, released=False)",decode,0,0,452715,3,d61968e8-e4aa-43a2-8ca8-85b623ffd1e5_dp0,0,nixl_start_time
1780281015.2062848,1780281015.2313578,25.073,1780281015.2313788,0.0209808349609375,137385167951,137385.167951,1780281015.2062848,25.094032287597656,0.00476837158203125,8.336544036865234,8.317,44040192,1.7564787620149165,2688,chatcmpl-f2f726ae-c2c2-4457-9cf8-f95b50969eb8-931c7b42,"nixl_xfer_handle(0x556356deb070, released=False)",decode,1,0,452712,28,d61968e8-e4aa-43a2-8ca8-85b623ffd1e5_dp1,0,nixl_start_time
1780281015.4329417,1780281015.4461367,13.195,1780281015.4461586,0.02193450927734375,137385394608,137385.394608,1780281015.4329417,13.216972351074219,0.005245208740234375,1.8701553344726562,1.841,3145728,0.23840303145130728,192,chatcmpl-c2c4bc1d-4f21-4624-87f2-fdbff827037b-8edbfeaa,"nixl_xfer_handle(0x556359aba9a0, released=False)",decode,1,0,452712,2,d61968e8-e4aa-43a2-8ca8-85b623ffd1e5_dp0,0,nixl_start_time
1780281015.5320315,1780281015.5555856,23.554,1780281015.5556061,0.020503997802734375,137385493698,137385.493698,1780281015.5320315,23.5745906829834,0.0050067901611328125,6.747961044311523,6.728,37748736,1.60264651439246,2304,chatcmpl-2a774456-4d1f-44c9-89a9-50f8ba6f3a3d-9719d63c,"nixl_xfer_handle(0x556359aba9a0, released=False)",decode,1,0,452712,24,d61968e8-e4aa-43a2-8ca8-85b623ffd1e5_dp1,0,nixl_start_time
1780281015.5320966,1780281015.5632486,31.151999999999997,1780281015.5633008,0.05221366882324219,137385493763,137385.493763,1780281015.5320966,31.2042236328125,0.006198883056640625,15.669584274291992,15.636,14155776,0.45440986132511557,864,chatcmpl-e6c70665-a2e6-413c-8792-ebbae0df23db-9ba20b88,"nixl_xfer_handle(0x5af9a3e85620, released=False)",decode,0,0,452715,9,d61968e8-e4aa-43a2-8ca8-85b623ffd1e5_dp0,0,nixl_start_time
1780281015.5510497,1780281015.5634336,12.383999999999999,1780281015.5634873,0.05364418029785156,137385512716,137385.512716,1780281015.5510497,12.437582015991211,0.0050067901611328125,3.7534236907958984,3.715,6291456,0.508031007751938,384,chatcmpl-6136ada1-e3f3-48e8-adc1-342a1e9dc199-8d3947a6,"nixl_xfer_handle(0x556359a30720, released=False)",decode,1,0,452712,4,d61968e8-e4aa-43a2-8ca8-85b623ffd1e5_dp1,0,nixl_start_time
1780281015.5877895,1780281015.6002095,12.42,1780281015.6002371,0.02765655517578125,137385549456,137385.549456,1780281015.5877895,12.447595596313477,0.0040531158447265625,1.8243789672851562,1.792,3145728,0.2532792270531401,192,chatcmpl-42a4ab84-a552-49a1-9e9e-017eeee6ef1d-9f10fc98,"nixl_xfer_handle(0x556359a30720, released=False)",decode,1,0,452712,2,d61968e8-e4aa-43a2-8ca8-85b623ffd1e5_dp0,0,nixl_start_time
1780281015.5999815,1780281015.6130614,13.08,1780281015.61308,0.018596649169921875,137385561648,137385.561648,1780281015.5999815,13.098478317260742,0.0057220458984375,2.9439926147460938,2.92,4718592,0.36074862385321105,288,chatcmpl-11e18c5a-ea42-4829-bbfc-0cc501863113-8fcc5183,"nixl_xfer_handle(0x5af9a4180b70, released=False)",decode,0,0,452715,3,d61968e8-e4aa-43a2-8ca8-85b623ffd1e5_dp1,0,nixl_start_time
1780281015.6746538,1780281015.6875567,12.902999999999999,1780281015.687576,0.019311904907226562,137385636320,137385.63632,1780281015.6746538,12.922286987304688,0.0040531158447265625,1.811981201171875,1.785,3145728,0.2437981864682632,192,chatcmpl-0541a098-2afb-491b-9fce-c5d775db4e22-a0b41eb8,"nixl_xfer_handle(0x5563599522c0, released=False)",decode,1,0,452712,2,d61968e8-e4aa-43a2-8ca8-85b623ffd1e5_dp0,0,nixl_start_time
1780281015.7121916,1780281015.7244227,12.231,1780281015.7244425,0.019788742065429688,137385673858,137385.673858,1780281015.7121916,12.250900268554688,0.0054836273193359375,5.67317008972168,5.643,23592960,1.9289477557027226,1440,chatcmpl-04248376-60b4-425e-9381-4fb5f8258562-8a2d885f,"nixl_xfer_handle(0x5af9a4180b70, released=False)",decode,0,0,452715,15,d61968e8-e4aa-43a2-8ca8-85b623ffd1e5_dp1,0,nixl_start_time
1780281015.7372417,1780281015.7495377,12.296,1780281015.7495914,0.05364418029785156,137385698908,137385.698908,1780281015.7372417,12.349605560302734,0.004291534423828125,1.8019676208496094,1.776,3145728,0.2558334417696812,192,chatcmpl-dd91a3ab-c103-4701-b528-b2781134e989-a684cad7,"nixl_xfer_handle(0x5563599522c0, released=False)",decode,1,0,452712,2,d61968e8-e4aa-43a2-8ca8-85b623ffd1e5_dp0,0,nixl_start_time
1780281015.7748227,1780281015.7871878,12.364999999999998,1780281015.7872546,0.0667572021484375,137385736489,137385.736489,1780281015.7748227,12.431859970092773,0.00476837158203125,1.917123794555664,1.89,3145728,0.25440582288718155,192,chatcmpl-0e68b842-4ad6-4f58-af6c-3ae654e1234a-8d6e4ec1,"nixl_xfer_handle(0x556359ce3d80, released=False)",decode,1,0,452712,2,d61968e8-e4aa-43a2-8ca8-85b623ffd1e5_dp1,0,nixl_start_time
1780281015.8120527,1780281015.8243186,12.266,1780281015.8243737,0.05507469177246094,137385773719,137385.773719,1780281015.8120527,12.320995330810547,0.0040531158447265625,1.802682876586914,1.775,3145728,0.2564591553888798,192,chatcmpl-b763777b-945a-4b22-803f-3224456c16bf-b44a5fce,"nixl_xfer_handle(0x556359ce3d80, released=False)",decode,1,0,452712,2,d61968e8-e4aa-43a2-8ca8-85b623ffd1e5_dp0,0,nixl_start_time
1780281015.8618417,1780281015.8739657,12.123999999999999,1780281015.8740335,0.06771087646484375,137385823508,137385.823508,1780281015.8618417,12.1917724609375,0.0057220458984375,2.9969215393066406,2.975,18874368,1.5567773012207193,1152,chatcmpl-62eb303c-ed69-4b9e-b2ea-7222a1faf6a2-b41e8c9f,"nixl_xfer_handle(0x5af99a337780, released=False)",decode,0,0,452715,12,d61968e8-e4aa-43a2-8ca8-85b623ffd1e5_dp0,0,nixl_start_time
1780281015.8989346,1780281015.9118075,12.873000000000001,1780281015.9118404,0.032901763916015625,137385860601,137385.860601,1780281015.8989346,12.90583610534668,0.0050067901611328125,3.7920475006103516,3.762,6291456,0.4887326963411792,384,chatcmpl-de0a56be-8b4f-4618-98a9-71be3d8e301d-b322d75b,"nixl_xfer_handle(0x556359ce3d80, released=False)",decode,1,0,452712,4,d61968e8-e4aa-43a2-8ca8-85b623ffd1e5_dp1,0,nixl_start_time
1780281015.9115636,1780281015.9246387,13.075,1780281015.9247174,0.07867813110351562,137385873230,137385.87323,1780281015.9115636,13.153791427612305,0.0050067901611328125,2.038717269897461,2.006,3145728,0.24059105162523903,192,chatcmpl-dc5b853b-cc1d-4564-8ec2-4cb521f58235-98ac44fa,"nixl_xfer_handle(0x5af99a337780, released=False)",decode,0,0,452715,2,d61968e8-e4aa-43a2-8ca8-85b623ffd1e5_dp0,0,nixl_start_time
1780281016.1484766,1780281016.1798787,31.402,1780281016.1799402,0.061511993408203125,137386110143,137386.110143,1780281016.1484766,31.463623046875,0.0059604644775390625,7.333040237426758,7.308,53477376,1.7029926756257563,3264,chatcmpl-b37f6b10-aa75-4e6c-ba6c-b6fb4316be43-973aaf36,"nixl_xfer_handle(0x556359ce3d80, released=False)",decode,1,0,452712,34,d61968e8-e4aa-43a2-8ca8-85b623ffd1e5_dp1,0,nixl_start_time
1780281016.1734147,1780281016.2008317,27.417,1780281016.2008512,0.019550323486328125,137386135081,137386.135081,1780281016.1734147,27.436494827270508,0.0059604644775390625,6.092548370361328,6.068,40894464,1.4915732574679943,2496,chatcmpl-a3e4da09-d92b-4349-86fa-a5d4ff79210a-9575463d,"nixl_xfer_handle(0x556316f09630, released=False)",decode,1,0,452712,26,d61968e8-e4aa-43a2-8ca8-85b623ffd1e5_dp0,0,nixl_start_time
1780281016.1860027,1780281016.1985087,12.506,1780281016.1985862,0.07748603820800781,137386147669,137386.147669,1780281016.1860027,12.583494186401367,0.00667572021484375,1.9888877868652344,1.96,3145728,0.25153750199904046,192,chatcmpl-d68ae0d6-2364-4d94-bc1b-b7f09cd8f03c-ac4f75a1,"nixl_xfer_handle(0x5af9a41ed7a0, released=False)",decode,0,0,452715,2,d61968e8-e4aa-43a2-8ca8-85b623ffd1e5_dp1,0,nixl_start_time
1780281016.1984468,1780281016.2108567,12.409999999999998,1780281016.2108836,0.026941299438476562,137386160113,137386.160113,1780281016.1984468,12.436866760253906,0.00476837158203125,1.9290447235107422,1.901,3145728,0.2534833199033038,192,chatcmpl-410e4f30-7154-4b6d-bfcc-d44d2a088a4d-ab5fae80,"nixl_xfer_handle(0x556359ce3d80, released=False)",decode,1,0,452712,2,d61968e8-e4aa-43a2-8ca8-85b623ffd1e5_dp0,0,nixl_start_time
1780281016.2730906,1780281016.2858627,12.772,1780281016.285928,0.06532669067382812,137386234757,137386.234757,1780281016.2730906,12.837409973144531,0.0050067901611328125,5.431890487670898,5.411,22020096,1.7240914500469777,1344,chatcmpl-7f67ca52-fdcd-47e5-bf28-e8be1eca099a-b7fe2a1d,"nixl_xfer_handle(0x5af9a4187ae0, released=False)",decode,0,0,452715,14,d61968e8-e4aa-43a2-8ca8-85b623ffd1e5_dp1,0,nixl_start_time
1780281016.2858016,1780281016.2981195,12.318000000000001,1780281016.298142,0.022411346435546875,137386247468,137386.247468,1780281016.2858016,12.340307235717773,0.005245208740234375,1.9023418426513672,1.875,3145728,0.25537652216268875,192,chatcmpl-b0b26501-474b-47ca-a414-5d5f8849c249-a03f0a39,"nixl_xfer_handle(0x556316f09630, released=False)",decode,1,0,452712,2,d61968e8-e4aa-43a2-8ca8-85b623ffd1e5_dp0,0,nixl_start_time
1780281016.4233296,1780281016.4368017,13.472,1780281016.4368255,0.02384185791015625,137386384996,137386.384996,1780281016.4233296,13.495922088623047,0.005245208740234375,9.243011474609375,9.209,15728640,1.1675059382422803,960,chatcmpl-f24ead03-d75a-412a-bcf7-8987c360d1e9-a62f8b55,"nixl_xfer_handle(0x556316f09630, released=False)",decode,1,0,452712,10,d61968e8-e4aa-43a2-8ca8-85b623ffd1e5_dp0,0,nixl_start_time
1780281016.4234908,1780281016.4395068,16.016,1780281016.4395707,0.06389617919921875,137386385157,137386.385157,1780281016.4234908,16.07990264892578,0.0057220458984375,7.866382598876953,7.836,34603008,2.1605274725274723,2112,chatcmpl-940485cc-a6d8-45ee-a28b-2792fced4d95-90542f92,"nixl_xfer_handle(0x5af9a4187ae0, released=False)",decode,0,0,452715,22,d61968e8-e4aa-43a2-8ca8-85b623ffd1e5_dp1,0,nixl_start_time
1780281016.4362557,1780281016.4477937,11.538,1780281016.447815,0.021219253540039062,137386397922,137386.397922,1780281016.4362557,11.559247970581055,0.0045299530029296875,2.9664039611816406,2.944,4718592,0.4089609984399376,288,chatcmpl-36203ddb-67fc-479d-86f4-4a3b41a8838b-bd192a29,"nixl_xfer_handle(0x5af9a4186be0, released=False)",decode,0,0,452715,3,d61968e8-e4aa-43a2-8ca8-85b623ffd1e5_dp0,0,nixl_start_time
1780281016.5229087,1780281016.5477438,24.835,1780281016.5478034,0.059604644775390625,137386484575,137386.484575,1780281016.5229087,24.89471435546875,0.0069141387939453125,9.833335876464844,9.77,61341696,2.469969639621502,3744,chatcmpl-5acee845-c78f-45cd-b08d-98f2e16fd33e-a6213f79,"nixl_xfer_handle(0x5af9a4187ae0, released=False)",decode,0,0,452715,39,d61968e8-e4aa-43a2-8ca8-85b623ffd1e5_dp1,0,nixl_start_time
1780281016.5361776,1780281016.5480726,11.895,1780281016.5480998,0.027179718017578125,137386497844,137386.497844,1780281016.5361776,11.922121047973633,0.00476837158203125,1.9381046295166016,1.912,3145728,0.2644580075662043,192,chatcmpl-f822c3d6-19cc-4104-9815-8f8c38cebe62-977ad593,"nixl_xfer_handle(0x556316f09630, released=False)",decode,1,0,452712,2,d61968e8-e4aa-43a2-8ca8-85b623ffd1e5_dp0,0,nixl_start_time
1780281016.5605326,1780281016.5731707,12.638,1780281016.5732338,0.06318092346191406,137386522199,137386.522199,1780281016.5605326,12.701272964477539,0.005245208740234375,7.115602493286133,7.087,39321600,3.111378382655483,2400,chatcmpl-5eaa4cd1-8671-4a31-9b66-37da08c20c5a-a5131d3f,"nixl_xfer_handle(0x5af9a4187ae0, released=False)",decode,0,0,452715,25,d61968e8-e4aa-43a2-8ca8-85b623ffd1e5_dp1,0,nixl_start_time
1780281016.5730386,1780281016.5855775,12.539,1780281016.5855978,0.020265579223632812,137386534705,137386.534705,1780281016.5730386,12.559175491333008,0.0040531158447265625,4.599571228027344,4.572,7864320,0.6271887710343728,480,chatcmpl-bc5db227-7125-4d19-9c64-ae567b2328af-ab640aff,"nixl_xfer_handle(0x556359980780, released=False)",decode,1,0,452712,5,d61968e8-e4aa-43a2-8ca8-85b623ffd1e5_dp0,0,nixl_start_time
1780281016.5852616,1780281016.5982406,12.979,1780281016.5982964,0.055789947509765625,137386546928,137386.546928,1780281016.5852616,13.034820556640625,0.0054836273193359375,3.9963722229003906,3.972,6291456,0.48474119731874565,384,chatcmpl-bd71122d-6c1e-4156-b72b-ef5f10220aec-87126d96,"nixl_xfer_handle(0x5af9a3dabb60, released=False)",decode,0,0,452715,4,d61968e8-e4aa-43a2-8ca8-85b623ffd1e5_dp1,0,nixl_start_time
1780281016.7101486,1780281016.7227817,12.633000000000001,1780281016.7228158,0.03409385681152344,137386671815,137386.671815,1780281016.7101486,12.667179107666016,0.0050067901611328125,3.6444664001464844,3.613,6291456,0.49801757302303495,384,chatcmpl-b7b27e0f-5c2d-423f-b9ef-39ae33b48677-83815be4,"nixl_xfer_handle(0x556359980780, released=False)",decode,1,0,452712,4,d61968e8-e4aa-43a2-8ca8-85b623ffd1e5_dp0,0,nixl_start_time
1780281016.7475448,1780281016.7600667,12.522,1780281016.7601507,0.08392333984375,137386709211,137386.709211,1780281016.7475448,12.605905532836914,0.0054836273193359375,5.158424377441406,5.137,18874368,1.507296597987542,1152,chatcmpl-a9946132-ceb2-47c9-b208-7cc3198fd191-85546498,"nixl_xfer_handle(0x5af9a3dabb60, released=False)",decode,0,0,452715,12,d61968e8-e4aa-43a2-8ca8-85b623ffd1e5_dp0,0,nixl_start_time
1780281016.7720776,1780281016.7849696,12.892000000000001,1780281016.7849927,0.023126602172851562,137386733744,137386.733744,1780281016.7720776,12.91513442993164,0.005245208740234375,5.852937698364258,5.828,7864320,0.6100155134967421,480,chatcmpl-4c538282-7fec-4f04-bebf-14a759830a8f-974aa5e1,"nixl_xfer_handle(0x5af9a4197b60, released=False)",decode,0,0,452715,5,d61968e8-e4aa-43a2-8ca8-85b623ffd1e5_dp1,0,nixl_start_time
1780281016.7849317,1780281016.7970996,12.168,1780281016.7971387,0.03910064697265625,137386746598,137386.746598,1780281016.7849317,12.20703125,0.0050067901611328125,1.936197280883789,1.908,3145728,0.25852465483234716,192,chatcmpl-0d902ae3-7b17-4fc3-aa62-2ffe8d614f8c-b6c64b12,"nixl_xfer_handle(0x556359980780, released=False)",decode,1,0,452712,2,d61968e8-e4aa-43a2-8ca8-85b623ffd1e5_dp0,0,nixl_start_time
1780281016.9969428,1780281017.0249927,28.049999999999997,1780281017.025044,0.05125999450683594,137386958609,137386.958609,1780281016.9969428,28.101205825805664,0.005245208740234375,14.443397521972656,14.419,78643200,2.803679144385027,4800,chatcmpl-0a1f698a-8e25-4bb2-b24a-07216c75fa90-8600385b,"nixl_xfer_handle(0x556359980780, released=False)",decode,1,0,452712,50,d61968e8-e4aa-43a2-8ca8-85b623ffd1e5_dp1,0,nixl_start_time
1780281017.0150456,1780281017.0405297,25.483999999999998,1780281017.0405953,0.06556510925292969,137386976712,137386.976712,1780281017.0150456,25.549650192260742,0.0045299530029296875,9.676456451416016,9.644,4718592,0.1851590017265735,288,chatcmpl-1c0fed09-e643-4f4f-8651-8dc6fd7c6695-aadfb486,"nixl_xfer_handle(0x556359aba9a0, released=False)",decode,1,0,452712,3,d61968e8-e4aa-43a2-8ca8-85b623ffd1e5_dp0,0,nixl_start_time
1780281017.0155346,1780281017.0312767,15.741999999999999,1780281017.031297,0.020265579223632812,137386977201,137386.977201,1780281017.0155346,15.7623291015625,0.0064373016357421875,4.237890243530273,4.211,6291456,0.3996605259814509,384,chatcmpl-2541c07e-57a1-4452-b242-077f2094cd38-82e3287e,"nixl_xfer_handle(0x5af9a4187ae0, released=False)",decode,0,0,452715,4,d61968e8-e4aa-43a2-8ca8-85b623ffd1e5_dp0,0,nixl_start_time
1780281017.0289397,1780281017.0403578,11.418,1780281017.0403817,0.02384185791015625,137386990606,137386.990606,1780281017.0289397,11.441946029663086,0.0050067901611328125,2.049684524536133,2.019,3145728,0.2755060430898581,192,chatcmpl-83b220cb-2309-4103-b838-ba1f86d7deec-a4c2f46f,"nixl_xfer_handle(0x5af9a3e86c60, released=False)",decode,0,0,452715,2,d61968e8-e4aa-43a2-8ca8-85b623ffd1e5_dp1,0,nixl_start_time
1780281017.0533288,1780281017.0652988,11.969999999999999,1780281017.0653791,0.08034706115722656,137387014995,137387.014995,1780281017.0533288,12.050390243530273,0.005245208740234375,2.176046371459961,2.147,3145728,0.26280100250626565,192,chatcmpl-0384e5fb-57e2-42cc-8f83-a63eb40c6da0-b0e22b9b,"nixl_xfer_handle(0x5af9a3e86c60, released=False)",decode,0,0,452715,2,d61968e8-e4aa-43a2-8ca8-85b623ffd1e5_dp1,0,nixl_start_time
1780281017.0535138,1780281017.0778317,24.317999999999998,1780281017.077854,0.022172927856445312,137387015180,137387.01518,1780281017.0535138,24.340152740478516,0.0059604644775390625,6.2389373779296875,6.218,47185920,1.9403700962250185,2880,chatcmpl-9a2a7abd-b0e4-4702-a74b-5d2a14be77e6-8aa399ff,"nixl_xfer_handle(0x556359aba9a0, released=False)",decode,1,0,452712,30,d61968e8-e4aa-43a2-8ca8-85b623ffd1e5_dp1,0,nixl_start_time
1780281017.1150517,1780281017.1318758,16.823999999999998,1780281017.131919,0.04315376281738281,137387076718,137387.076718,1780281017.1150517,16.86716079711914,0.006198883056640625,4.512548446655273,4.489,6291456,0.3739572039942939,384,chatcmpl-e04816ef-85b1-4fbe-a78d-2882f9954562-94b5b51b,"nixl_xfer_handle(0x5af9a3e86c60, released=False)",decode,0,0,452715,4,d61968e8-e4aa-43a2-8ca8-85b623ffd1e5_dp0,0,nixl_start_time
1780281017.1275756,1780281017.1401176,12.542,1780281017.14018,0.062465667724609375,137387089242,137387.089242,1780281017.1275756,12.604475021362305,0.00476837158203125,4.021883010864258,3.999,6291456,0.5016309998405358,384,chatcmpl-21786d43-8921-4503-b611-66e9cd2760c8-bfc9f2e9,"nixl_xfer_handle(0x5af9a4187ae0, released=False)",decode,0,0,452715,4,d61968e8-e4aa-43a2-8ca8-85b623ffd1e5_dp1,0,nixl_start_time
1780281017.1774967,1780281017.1786027,1.106,1780281017.178635,0.03218650817871094,137387139163,137387.139163,1780281017.1774967,1.1382102966308594,0.0054836273193359375,0.5748271942138672,0.542,1572864,1.422119349005425,48,chatcmpl-c23459d1-b556-4c9c-8456-0fdc44ca1641-b907c89b,"nixl_xfer_handle(0x556359aba9a0, released=False)",decode,1,0,452712,1,d61968e8-e4aa-43a2-8ca8-85b623ffd1e5_dp1,0,nixl_start_time
1780281017.1902077,1780281017.2033057,13.098,1780281017.2033746,0.06890296936035156,137387151874,137387.151874,1780281017.1902077,13.16690444946289,0.0057220458984375,4.42194938659668,4.395,6291456,0.480337150710032,384,chatcmpl-0e06c5fb-b5f6-4338-8db0-9059f93d50b8-ae60cd5f,"nixl_xfer_handle(0x5af9a3835960, released=False)",decode,0,0,452715,4,d61968e8-e4aa-43a2-8ca8-85b623ffd1e5_dp0,0,nixl_start_time
1780281017.2546766,1780281017.2679946,13.318,1780281017.2680163,0.021696090698242188,137387216343,137387.216343,1780281017.2546766,13.339757919311523,0.0045299530029296875,4.791736602783203,4.772,25165824,1.8896098513290285,1536,chatcmpl-5018f1c2-5e58-45a3-a4e4-8ef38e656b4d-895c9515,"nixl_xfer_handle(0x556359aba9a0, released=False)",decode,1,0,452712,16,d61968e8-e4aa-43a2-8ca8-85b623ffd1e5_dp1,0,nixl_start_time
1780281017.4458957,1780281017.4711637,25.267999999999997,1780281017.4712362,0.072479248046875,137387407562,137387.407562,1780281017.4458957,25.340557098388672,0.00667572021484375,9.962797164916992,9.928,67633152,2.6766325787557386,4128,chatcmpl-3ed4626b-492e-4f53-8a17-a76cb6b2a351-ab182aeb,"nixl_xfer_handle(0x5af9a3d77020, released=False)",decode,0,0,452715,43,d61968e8-e4aa-43a2-8ca8-85b623ffd1e5_dp0,0,nixl_start_time
1780281017.5210886,1780281017.5462656,25.177000000000003,1780281017.5462847,0.019073486328125,137387482755,137387.482755,1780281017.5210886,25.196075439453125,0.005245208740234375,9.324073791503906,9.299,55050240,2.186528974858005,3360,chatcmpl-e9422624-e5dd-4d50-b885-d3c5d77936cf-884e4a45,"nixl_xfer_handle(0x556359aba9a0, released=False)",decode,1,0,452712,35,d61968e8-e4aa-43a2-8ca8-85b623ffd1e5_dp1,0,nixl_start_time
1780281017.5460427,1780281017.5580456,12.003,1780281017.5580878,0.04220008850097656,137387507709,137387.507709,1780281017.5460427,12.045145034790039,0.006198883056640625,6.699800491333008,6.677,28311552,2.358706323419145,1728,chatcmpl-b21dc86e-9fe1-4685-81a8-18014a844e9e-a50fb134,"nixl_xfer_handle(0x5af9a3d86060, released=False)",decode,0,0,452715,18,d61968e8-e4aa-43a2-8ca8-85b623ffd1e5_dp0,0,nixl_start_time
1780281017.5956247,1780281017.6083887,12.764,1780281017.608446,0.057220458984375,137387557291,137387.557291,1780281017.5956247,12.821197509765625,0.006198883056640625,3.9091110229492188,3.884,6291456,0.4929062989658415,384,chatcmpl-aa788717-5eb9-46f3-9ca2-628cfede2c51-a3cba92c,"nixl_xfer_handle(0x5af9a3d77220, released=False)",decode,0,0,452715,4,d61968e8-e4aa-43a2-8ca8-85b623ffd1e5_dp0,0,nixl_start_time
1780281017.6857157,1780281017.6986797,12.964,1780281017.6987193,0.039577484130859375,137387647382,137387.647382,1780281017.6857157,13.00358772277832,0.0050067901611328125,1.934051513671875,1.904,3145728,0.24265103363159518,192,chatcmpl-c544c023-34b2-4ccd-b12f-5617b4c4a746-b799f56b,"nixl_xfer_handle(0x556355871500, released=False)",decode,1,0,452712,2,d61968e8-e4aa-43a2-8ca8-85b623ffd1e5_dp1,0,nixl_start_time
1780281017.7109838,1780281017.7238429,12.859,1780281017.7238817,0.03886222839355469,137387672650,137387.67265,1780281017.7109838,12.897968292236328,0.0050067901611328125,3.533601760864258,3.504,6291456,0.48926479508515436,384,chatcmpl-d7c02477-928d-4497-b78a-e4ead7a1c12a-addb1b4d,"nixl_xfer_handle(0x556355871500, released=False)",decode,1,0,452712,4,d61968e8-e4aa-43a2-8ca8-85b623ffd1e5_dp0,0,nixl_start_time
1780281017.7985966,1780281017.8258965,27.3,1780281017.8259156,0.019073486328125,137387760263,137387.760263,1780281017.7985966,27.318954467773438,0.008106231689453125,11.897087097167969,11.857,77070336,2.823089230769231,4704,chatcmpl-19ac0de4-de13-42f6-97c3-a50665773946-b0f37356,"nixl_xfer_handle(0x5af9a3d77020, released=False)",decode,0,0,452715,49,d61968e8-e4aa-43a2-8ca8-85b623ffd1e5_dp1,0,nixl_start_time
1780281017.8140306,1780281017.8261337,12.103,1780281017.8261523,0.018596649169921875,137387775697,137387.775697,1780281017.8140306,12.12167739868164,0.0045299530029296875,3.612995147705078,3.583,6291456,0.5198261588036025,384,chatcmpl-d504f433-f6be-4250-a703-1cb9d0778b1f-b220972d,"nixl_xfer_handle(0x556355871500, released=False)",decode,1,0,452712,4,d61968e8-e4aa-43a2-8ca8-85b623ffd1e5_dp0,0,nixl_start_time
1780281018.0639746,1780281018.0767787,12.804,1780281018.0768,0.021457672119140625,137388025641,137388.025641,1780281018.0639746,12.825489044189453,0.005245208740234375,5.708932876586914,5.687,33030144,2.5796738519212745,2016,chatcmpl-2afa38b5-b501-4d21-9019-82b63bfbe359-a4bc8e9e,"nixl_xfer_handle(0x556355871500, released=False)",decode,1,0,452712,21,d61968e8-e4aa-43a2-8ca8-85b623ffd1e5_dp0,0,nixl_start_time
1780281018.1145937,1780281018.1460698,31.475999999999996,1780281018.1461043,0.03457069396972656,137388076260,137388.07626,1780281018.1145937,31.510591506958008,0.008106231689453125,16.124725341796875,16.088,15728640,0.49970263057567677,960,chatcmpl-9bea5679-a608-47be-a7e1-cd688795811e-9ad83041,"nixl_xfer_handle(0x5af9a3dcf2a0, released=False)",decode,0,0,452715,10,d61968e8-e4aa-43a2-8ca8-85b623ffd1e5_dp1,0,nixl_start_time
1780281018.2461376,1780281018.2591286,12.991000000000001,1780281018.2591872,0.058650970458984375,137388207804,137388.207804,1780281018.2461376,13.049602508544922,0.00476837158203125,2.6311874389648438,2.601,4718592,0.3632200754368409,288,chatcmpl-a6e1459c-53e3-4a80-ad56-b853809fc619-9ed38a93,"nixl_xfer_handle(0x556355871500, released=False)",decode,1,0,452712,3,d61968e8-e4aa-43a2-8ca8-85b623ffd1e5_dp0,0,nixl_start_time
1780281018.4468436,1780281018.4733756,26.532,1780281018.4733953,0.019788742065429688,137388408510,137388.40851,1780281018.4468436,26.55172348022461,0.00667572021484375,10.951995849609375,10.914,77070336,2.9048068747173224,4704,chatcmpl-5744693b-95f8-4cd5-87e2-0f6debba5356-a884ad0c,"nixl_xfer_handle(0x556355871500, released=False)",decode,1,0,452712,49,d61968e8-e4aa-43a2-8ca8-85b623ffd1e5_dp0,0,nixl_start_time
1780281018.4468677,1780281018.4614186,14.551,1780281018.4614384,0.019788742065429688,137388408534,137388.408534,1780281018.4468677,14.57071304321289,0.007152557373046875,7.561683654785156,7.539,40894464,2.810422926259364,2496,chatcmpl-3c4637c5-ab8a-4ef7-a5bb-07b4f5081034-a88d90ef,"nixl_xfer_handle(0x5af99a306060, released=False)",decode,0,0,452715,26,d61968e8-e4aa-43a2-8ca8-85b623ffd1e5_dp1,0,nixl_start_time
1780281018.5483108,1780281018.5616057,13.295,1780281018.561633,0.027418136596679688,137388509977,137388.509977,1780281018.5483108,13.32235336303711,0.0045299530029296875,8.010149002075195,7.986,37748736,2.839318239939827,2304,chatcmpl-b1388f30-bec6-4b2f-a8bd-422d6276845f-b37fb7d0,"nixl_xfer_handle(0x556355871500, released=False)",decode,1,0,452712,24,d61968e8-e4aa-43a2-8ca8-85b623ffd1e5_dp0,0,nixl_start_time
1780281018.5612867,1780281018.5621166,0.83,1780281018.5621412,0.024557113647460938,137388522953,137388.522953,1780281018.5612867,0.8544921875,0.0057220458984375,0.5614757537841797,0.536,1572864,1.8950168674698793,48,chatcmpl-8692d10f-99b3-4bb6-8009-db7baf23faa6-9ca3ef65,"nixl_xfer_handle(0x5af9a3dbf9e0, released=False)",decode,0,0,452715,1,d61968e8-e4aa-43a2-8ca8-85b623ffd1e5_dp1,0,nixl_start_time
1780281018.5864108,1780281018.5987427,12.331999999999999,1780281018.5987651,0.022411346435546875,137388548077,137388.548077,1780281018.5864108,12.354373931884766,0.0050067901611328125,2.6903152465820312,2.655,4718592,0.3826299059357769,288,chatcmpl-c54dff4e-2c12-45de-8948-6c33c8aa48d7-84282d77,"nixl_xfer_handle(0x556355871500, released=False)",decode,1,0,452712,3,d61968e8-e4aa-43a2-8ca8-85b623ffd1e5_dp0,0,nixl_start_time
1780281018.6111887,1780281018.6236358,12.447,1780281018.623694,0.05817413330078125,137388572855,137388.572855,1780281018.6111887,12.505292892456055,0.0054836273193359375,1.870870590209961,1.848,3145728,0.2527298144131116,192,chatcmpl-a082e8d0-b58d-40d2-8ba5-478d9ab0d5bb-933a1730,"nixl_xfer_handle(0x5af9a3dbf9e0, released=False)",decode,0,0,452715,2,d61968e8-e4aa-43a2-8ca8-85b623ffd1e5_dp1,0,nixl_start_time
1780281018.7223897,1780281018.7467656,24.375999999999998,1780281018.7467852,0.019550323486328125,137388684056,137388.684056,1780281018.7223897,24.395465850830078,0.00476837158203125,5.977153778076172,5.957,39321600,1.6131276665572696,2400,chatcmpl-5c92df9b-e433-4725-b201-66fd27100ce5-9dffdfa8,"nixl_xfer_handle(0x556355871500, released=False)",decode,1,0,452712,25,d61968e8-e4aa-43a2-8ca8-85b623ffd1e5_dp0,0,nixl_start_time
1780281018.9317596,1780281018.9573207,25.561,1780281018.95737,0.04935264587402344,137388893426,137388.893426,1780281018.9317596,25.61044692993164,0.007867813110351562,10.11347770690918,10.091,62914560,2.4613497124525643,3840,chatcmpl-0e4c60fa-ae4b-4e21-bfaf-a164a57915c0-8517733e,"nixl_xfer_handle(0x5af98f53afe0, released=False)",decode,0,0,452715,40,d61968e8-e4aa-43a2-8ca8-85b623ffd1e5_dp1,0,nixl_start_time
1780281019.0065677,1780281019.0331688,26.601,1780281019.03322,0.05125999450683594,137388968234,137388.968234,1780281019.0065677,26.65233612060547,0.0073909759521484375,10.241508483886719,10.222,70778880,2.6607601217999326,4320,chatcmpl-2ce4ee88-44d4-4937-b3c2-e1388373a823-a1a90975,"nixl_xfer_handle(0x5af9a4197b60, released=False)",decode,0,0,452715,45,d61968e8-e4aa-43a2-8ca8-85b623ffd1e5_dp0,0,nixl_start_time
1780281019.0168746,1780281019.0332525,16.378,1780281019.0332813,0.028848648071289062,137388978541,137388.978541,1780281019.0168746,16.406774520874023,0.003337860107421875,1.3239383697509766,1.307,3145728,0.19207033825863964,192,chatcmpl-12d14cfe-a965-4162-ba0a-821e98e0f671-a5391e16,"nixl_xfer_handle(0x5af9a3e86c60, released=False)",decode,0,0,452715,2,d61968e8-e4aa-43a2-8ca8-85b623ffd1e5_dp0,0,nixl_start_time
1780281019.0708387,1780281019.0986617,27.823,1780281019.0987194,0.057697296142578125,137389032505,137389.032505,1780281019.0708387,27.88066864013672,0.00667572021484375,7.6313018798828125,7.602,42467328,1.5263389282248498,2592,chatcmpl-01012aab-adf4-4105-a34a-ca3da4627f12-b22dd14d,"nixl_xfer_handle(0x5af9a4197b60, released=False)",decode,0,0,452715,27,d61968e8-e4aa-43a2-8ca8-85b623ffd1e5_dp1,0,nixl_start_time
1780281019.0832436,1780281019.1047456,21.502,1780281019.1047642,0.018596649169921875,137389044910,137389.04491,1780281019.0832436,21.520614624023438,0.0054836273193359375,8.588552474975586,8.561,61341696,2.852836759371221,3744,chatcmpl-b51ecbc5-ebaf-41df-8af5-140c56765812-a52e071e,"nixl_xfer_handle(0x556355871500, released=False)",decode,1,0,452712,39,d61968e8-e4aa-43a2-8ca8-85b623ffd1e5_dp1,0,nixl_start_time
1780281019.0954027,1780281019.1126506,17.248,1780281019.112683,0.0324249267578125,137389057069,137389.057069,1780281019.0954027,17.28034019470215,0.0054836273193359375,2.985715866088867,2.964,4718592,0.2735732838589982,288,chatcmpl-c8a9232d-c446-43a9-b81a-09cddf59e135-ad87c486,"nixl_xfer_handle(0x5af9a4192e20, released=False)",decode,0,0,452715,3,d61968e8-e4aa-43a2-8ca8-85b623ffd1e5_dp0,0,nixl_start_time
1780281019.0954766,1780281019.1234677,27.991,1780281019.1235268,0.0591278076171875,137389057143,137389.057143,1780281019.0954766,28.05018424987793,0.0050067901611328125,8.970260620117188,8.941,4718592,0.16857532778393056,288,chatcmpl-5bff924c-efb0-46bf-924a-0fe4329998f3-9b5a2a00,"nixl_xfer_handle(0x556359980780, released=False)",decode,1,0,452712,3,d61968e8-e4aa-43a2-8ca8-85b623ffd1e5_dp0,0,nixl_start_time
1780281019.1090236,1780281019.1222785,13.254999999999999,1780281019.1223176,0.03910064697265625,137389070690,137389.07069,1780281019.1090236,13.293981552124023,0.005245208740234375,3.3478736877441406,3.325,4718592,0.3559858166729536,288,chatcmpl-7aaa00db-6edd-4086-858c-b89aac6faa28-92e2cba7,"nixl_xfer_handle(0x5af9a4197b60, released=False)",decode,0,0,452715,3,d61968e8-e4aa-43a2-8ca8-85b623ffd1e5_dp1,0,nixl_start_time
1780281019.1199126,1780281019.1322246,12.312,1780281019.132246,0.021457672119140625,137389081579,137389.081579,1780281019.1199126,12.333393096923828,0.0045299530029296875,2.0685195922851562,2.045,3145728,0.2555009746588694,192,chatcmpl-946e44a3-5fae-4414-96f3-5415175c7ec5-bd1a3079,"nixl_xfer_handle(0x5af9a4192e20, released=False)",decode,0,0,452715,2,d61968e8-e4aa-43a2-8ca8-85b623ffd1e5_dp0,0,nixl_start_time
1780281019.1199996,1780281019.1322856,12.286,1780281019.1323204,0.034809112548828125,137389081666,137389.081666,1780281019.1199996,12.320756912231445,0.0054836273193359375,3.2014846801757812,3.179,22020096,1.7922917141461825,1344,chatcmpl-dda6ceea-ccad-444e-8822-74439737ea2e-a630acde,"nixl_xfer_handle(0x556355871500, released=False)",decode,1,0,452712,14,d61968e8-e4aa-43a2-8ca8-85b623ffd1e5_dp0,0,nixl_start_time
1780281019.1691706,1780281019.1818266,12.656,1780281019.1818616,0.03504753112792969,137389130837,137389.130837,1780281019.1691706,12.691020965576172,0.0040531158447265625,4.29081916809082,4.268,20447232,1.615615676359039,1248,chatcmpl-a8fa72a6-cab7-47b8-a2fe-180c1e9a94b7-abed57e0,"nixl_xfer_handle(0x5563599a4a80, released=False)",decode,1,0,452712,13,d61968e8-e4aa-43a2-8ca8-85b623ffd1e5_dp1,0,nixl_start_time
1780281019.2565227,1780281019.2687047,12.182,1780281019.2687883,0.08368492126464844,137389218189,137389.218189,1780281019.2565227,12.265682220458984,0.00667572021484375,7.647991180419922,7.618,31457280,2.582275488425546,1920,chatcmpl-8b113957-1c86-46de-8cae-6e1ae3fa955d-9f3b7a69,"nixl_xfer_handle(0x5af9a4197b60, released=False)",decode,0,0,452715,20,d61968e8-e4aa-43a2-8ca8-85b623ffd1e5_dp0,0,nixl_start_time
1780281019.2938297,1780281019.3060048,12.175,1780281019.3060422,0.03743171691894531,137389255496,137389.255496,1780281019.2938297,12.212514877319336,0.0045299530029296875,1.613616943359375,1.585,3145728,0.2583760164271047,192,chatcmpl-99578b60-0e7d-4490-8687-76590520c26b-b04b5d29,"nixl_xfer_handle(0x5563599a4a80, released=False)",decode,1,0,452712,2,d61968e8-e4aa-43a2-8ca8-85b623ffd1e5_dp1,0,nixl_start_time
1780281019.3428357,1780281019.3555477,12.712,1780281019.3556275,0.07987022399902344,137389304502,137389.304502,1780281019.3428357,12.791872024536133,0.0059604644775390625,3.8313865661621094,3.808,6291456,0.4949225928256766,384,chatcmpl-967ce6e1-f241-4a81-8c39-285db6984fcf-adfee02f,"nixl_xfer_handle(0x5af9a3e86c60, released=False)",decode,0,0,452715,4,d61968e8-e4aa-43a2-8ca8-85b623ffd1e5_dp0,0,nixl_start_time
1780281019.4925096,1780281019.5175235,25.014000000000003,1780281019.5175507,0.027179718017578125,137389454176,137389.454176,1780281019.4925096,25.04110336303711,0.0064373016357421875,6.970643997192383,6.947,53477376,2.1378978172223553,3264,chatcmpl-0de239c0-af0a-454b-8a3c-f6bfaf8aaa76-8191221b,"nixl_xfer_handle(0x556355871500, released=False)",decode,1,0,452712,34,d61968e8-e4aa-43a2-8ca8-85b623ffd1e5_dp1,0,nixl_start_time
1780281019.5302236,1780281019.5428185,12.595,1780281019.5428553,0.036716461181640625,137389491890,137389.49189,1780281019.5302236,12.631654739379883,0.0045299530029296875,2.3496150970458984,2.32,4718592,0.3746400952759031,288,chatcmpl-e5ec9f83-a4eb-48fc-bb7a-a3e091b8cd52-ad99ce73,"nixl_xfer_handle(0x556355871500, released=False)",decode,1,0,452712,3,d61968e8-e4aa-43a2-8ca8-85b623ffd1e5_dp0,0,nixl_start_time
1780281019.5555937,1780281019.5677588,12.165000000000001,1780281019.5677967,0.03790855407714844,137389517260,137389.51726,1780281019.5555937,12.202978134155273,0.0069141387939453125,6.395578384399414,6.355,31457280,2.585884093711467,1920,chatcmpl-6b396ed5-4e20-4a24-b733-899389974022-ad35c3a4,"nixl_xfer_handle(0x5af9a3d98ee0, released=False)",decode,0,0,452715,20,d61968e8-e4aa-43a2-8ca8-85b623ffd1e5_dp1,0,nixl_start_time
1780281019.6050386,1780281019.6173837,12.345,1780281019.617476,0.09226799011230469,137389566705,137389.566705,1780281019.6050386,12.43734359741211,0.0057220458984375,6.410121917724609,6.388,26738688,2.1659528554070473,1632,chatcmpl-7e78fa8e-6d0e-4569-99a7-6608cd7a62f6-814c7593,"nixl_xfer_handle(0x5af99a325960, released=False)",decode,0,0,452715,17,d61968e8-e4aa-43a2-8ca8-85b623ffd1e5_dp0,0,nixl_start_time
1780281019.6172917,1780281019.6300766,12.785,1780281019.6300962,0.019550323486328125,137389578958,137389.578958,1780281019.6172917,12.804508209228516,0.0054836273193359375,1.5604496002197266,1.534,3145728,0.24604833789597186,192,chatcmpl-d29e3579-e145-4526-ae0b-729b80032c11-b6336da3,"nixl_xfer_handle(0x556355871500, released=False)",decode,1,0,452712,2,d61968e8-e4aa-43a2-8ca8-85b623ffd1e5_dp1,0,nixl_start_time
1780281019.6299126,1780281019.6425557,12.642999999999999,1780281019.6425962,0.040531158447265625,137389591579,137389.591579,1780281019.6299126,12.683629989624023,0.005245208740234375,3.758668899536133,3.735,6291456,0.497623665269319,384,chatcmpl-1e5bb6c2-8db2-4f5a-a286-1ad27da5b16c-9efedd20,"nixl_xfer_handle(0x5af9a4182540, released=False)",decode,0,0,452715,4,d61968e8-e4aa-43a2-8ca8-85b623ffd1e5_dp0,0,nixl_start_time
1780281019.7048547,1780281019.7173228,12.468,1780281019.7173774,0.05459785461425781,137389666521,137389.666521,1780281019.7048547,12.522697448730469,0.0057220458984375,2.003908157348633,1.981,3145728,0.2523041385948027,192,chatcmpl-2d4617d9-fa1a-4ae7-a6de-b158174f996d-be64505c,"nixl_xfer_handle(0x5af9a4197b60, released=False)",decode,0,0,452715,2,d61968e8-e4aa-43a2-8ca8-85b623ffd1e5_dp0,0,nixl_start_time
1780281019.7049615,1780281019.7173824,12.421,1780281019.7174454,0.0629425048828125,137389666628,137389.666628,1780281019.7049615,12.483835220336914,0.0050067901611328125,6.127119064331055,6.107,25165824,2.0260706867401983,1536,chatcmpl-fa64edbd-ad6e-47d5-97b7-dac8c9deda18-a7099db0,"nixl_xfer_handle(0x556355871500, released=False)",decode,1,0,452712,16,d61968e8-e4aa-43a2-8ca8-85b623ffd1e5_dp1,0,nixl_start_time
1780281019.7303317,1780281019.7554357,25.104000000000003,1780281019.7554636,0.027894973754882812,137389691998,137389.691998,1780281019.7303317,25.131940841674805,0.0057220458984375,4.727840423583984,4.707,50331648,2.004925430210325,3072,chatcmpl-2be639f1-715b-472a-9181-7e78acf37e09-8e099811,"nixl_xfer_handle(0x556355871500, released=False)",decode,1,0,452712,32,d61968e8-e4aa-43a2-8ca8-85b623ffd1e5_dp1,0,nixl_start_time
1780281019.8053846,1780281019.8303926,25.008,1780281019.8304262,0.03361701965332031,137389767051,137389.767051,1780281019.8053846,25.041580200195312,0.006198883056640625,4.654407501220703,4.634,50331648,2.012621880998081,3072,chatcmpl-23c7c797-3330-4069-ba8b-63420381207a-b7acf16a,"nixl_xfer_handle(0x556355871500, released=False)",decode,1,0,452712,32,d61968e8-e4aa-43a2-8ca8-85b623ffd1e5_dp0,0,nixl_start_time
1780281019.8802266,1780281019.8928397,12.613,1780281019.8928604,0.020742416381835938,137389841893,137389.841893,1780281019.8802266,12.633800506591797,0.004291534423828125,1.3244152069091797,1.303,3145728,0.24940363117418538,192,chatcmpl-bc912e3a-c082-4dc3-907a-34b660db01a9-a9415dab,"nixl_xfer_handle(0x556359cfd480, released=False)",decode,1,0,452712,2,d61968e8-e4aa-43a2-8ca8-85b623ffd1e5_dp1,0,nixl_start_time
1780281020.0407906,1780281020.0527797,11.988999999999999,1780281020.0528493,0.06961822509765625,137390002457,137390.002457,1780281020.0407906,12.058734893798828,0.00667572021484375,5.895137786865234,5.87,23592960,1.9678838935691052,1440,chatcmpl-731fc895-85d3-442c-9aba-070287106152-9de09eab,"nixl_xfer_handle(0x5af9a4197b60, released=False)",decode,0,0,452715,15,d61968e8-e4aa-43a2-8ca8-85b623ffd1e5_dp0,0,nixl_start_time
1780281020.0894988,1780281020.1018338,12.335,1780281020.1018944,0.060558319091796875,137390051165,137390.051165,1780281020.0894988,12.395620346069336,0.0054836273193359375,2.9888153076171875,2.965,4718592,0.3825368463721119,288,chatcmpl-be4a6777-20f0-4f75-9885-f824d8116fd8-98df36fd,"nixl_xfer_handle(0x5af9a3dbd160, released=False)",decode,0,0,452715,3,d61968e8-e4aa-43a2-8ca8-85b623ffd1e5_dp1,0,nixl_start_time
1780281020.1265407,1780281020.1385167,11.976,1780281020.1385396,0.02288818359375,137390088207,137390.088207,1780281020.1265407,11.998891830444336,0.00476837158203125,4.696130752563477,4.673,12582912,1.0506773547094188,768,chatcmpl-da94e681-b1ee-4445-8b36-1e3fd2cae304-a546d5d1,"nixl_xfer_handle(0x556359cfd480, released=False)",decode,1,0,452712,8,d61968e8-e4aa-43a2-8ca8-85b623ffd1e5_dp0,0,nixl_start_time
1780281020.1995976,1780281020.2002437,0.646,1780281020.2002609,0.0171661376953125,137390161264,137390.161264,1780281020.1995976,0.6632804870605469,0.0054836273193359375,0.392913818359375,0.372,1572864,2.4347739938080495,48,chatcmpl-7634eb88-233a-4d29-86cc-62d09aa18159-bfc9b0cb,"nixl_xfer_handle(0x556359cfd480, released=False)",decode,1,0,452712,1,d61968e8-e4aa-43a2-8ca8-85b623ffd1e5_dp1,0,nixl_start_time
1780281020.2360196,1780281020.2487855,12.766,1780281020.2488637,0.0782012939453125,137390197686,137390.197686,1780281020.2360196,12.844085693359375,0.0057220458984375,2.006053924560547,1.975,3145728,0.24641453861820461,192,chatcmpl-b64bd534-e241-4d33-a3c8-b758b10df86a-a7655aaf,"nixl_xfer_handle(0x5af9a3dd65a0, released=False)",decode,0,0,452715,2,d61968e8-e4aa-43a2-8ca8-85b623ffd1e5_dp0,0,nixl_start_time
1780281020.3343256,1780281020.3471375,12.812000000000001,1780281020.3471591,0.021696090698242188,137390295992,137390.295992,1780281020.3343256,12.833595275878906,0.0054836273193359375,1.9409656524658203,1.893,3145728,0.24552981579768965,192,chatcmpl-fa568cb8-36a3-43dd-bbb4-be43e358c76f-a7fea4a4,"nixl_xfer_handle(0x5af9a3dd65a0, released=False)",decode,0,0,452715,2,d61968e8-e4aa-43a2-8ca8-85b623ffd1e5_dp1,0,nixl_start_time
1780281020.3714576,1780281020.3833935,11.936,1780281020.3834493,0.055789947509765625,137390333124,137390.333124,1780281020.3714576,11.991739273071289,0.0054836273193359375,8.476018905639648,8.454,31457280,2.6354959785522785,1920,chatcmpl-6f45a991-d834-4516-afe0-5d11e3845fbc-96f1690b,"nixl_xfer_handle(0x5af9a3dd65a0, released=False)",decode,0,0,452715,20,d61968e8-e4aa-43a2-8ca8-85b623ffd1e5_dp1,0,nixl_start_time
1780281020.3715656,1780281020.3958976,24.332,1780281020.3959672,0.06961822509765625,137390333232,137390.333232,1780281020.3715656,24.40166473388672,0.0054836273193359375,4.980325698852539,4.958,50331648,2.0685372349169815,3072,chatcmpl-833e58b8-1ef7-4093-990b-c97bf6c42997-a3b63e3a,"nixl_xfer_handle(0x556359cfd480, released=False)",decode,1,0,452712,32,d61968e8-e4aa-43a2-8ca8-85b623ffd1e5_dp0,0,nixl_start_time
1780281020.4940007,1780281020.5190496,25.049,1780281020.5191016,0.051975250244140625,137390455667,137390.455667,1780281020.4940007,25.1009464263916,0.00667572021484375,9.964704513549805,9.942,67633152,2.7000340133338656,4128,chatcmpl-12d4ff20-5cdb-4106-adde-22257c856bcd-b1274585,"nixl_xfer_handle(0x5af9a41b4920, released=False)",decode,0,0,452715,43,d61968e8-e4aa-43a2-8ca8-85b623ffd1e5_dp0,0,nixl_start_time
1780281020.5191016,1780281020.5308926,11.790999999999999,1780281020.5309477,0.05507469177246094,137390480768,137390.480768,1780281020.5191016,11.846065521240234,0.0045299530029296875,4.291296005249023,4.271,33030144,2.8013013315240443,2016,chatcmpl-74956c56-4754-45b7-9abc-3d063b1fe855-908841de,"nixl_xfer_handle(0x556359cfd480, released=False)",decode,1,0,452712,21,d61968e8-e4aa-43a2-8ca8-85b623ffd1e5_dp1,0,nixl_start_time
1780281020.6288726,1780281020.6411617,12.289,1780281020.6411905,0.028848648071289062,137390590539,137390.590539,1780281020.6288726,12.317895889282227,0.005245208740234375,2.5310516357421875,2.508,6291456,0.5119583367238995,384,chatcmpl-5ac030ec-f2c2-48d3-9054-353848496f7e-aef76c13,"nixl_xfer_handle(0x556359cfd480, released=False)",decode,1,0,452712,4,d61968e8-e4aa-43a2-8ca8-85b623ffd1e5_dp0,0,nixl_start_time
1780281020.8740888,1780281020.8864038,12.315,1780281020.8865018,0.09799003601074219,137390835755,137390.835755,1780281020.8740888,12.41302490234375,0.006198883056640625,2.0699501037597656,2.044,3145728,0.25543873325213157,192,chatcmpl-5ba082ec-aa3a-4f12-95f9-875bea16e03b-a2d17032,"nixl_xfer_handle(0x5af9a3dd65a0, released=False)",decode,0,0,452715,2,d61968e8-e4aa-43a2-8ca8-85b623ffd1e5_dp0,0,nixl_start_time
1780281020.8862495,1780281020.8984256,12.176,1780281020.8984578,0.03218650817871094,137390847916,137390.847916,1780281020.8862495,12.208223342895508,0.005245208740234375,2.562284469604492,2.539,6291456,0.5167095926412615,384,chatcmpl-c90ed8c9-280a-447f-bb73-1dce85fae06c-a4637242,"nixl_xfer_handle(0x556359cfd480, released=False)",decode,1,0,452712,4,d61968e8-e4aa-43a2-8ca8-85b623ffd1e5_dp1,0,nixl_start_time
1780281020.9228556,1780281020.9252455,2.39,1780281020.9255514,0.3058910369873047,137390884522,137390.884522,1780281020.9228556,2.695798873901367,0.006198883056640625,2.4139881134033203,2.39,3145728,1.3162041841004184,192,chatcmpl-8d7a2dfd-c70b-4c29-86b1-22fe7a10d970-803d0036,"nixl_xfer_handle(0x5af9a41915e0, released=False)",decode,0,0,452715,2,d61968e8-e4aa-43a2-8ca8-85b623ffd1e5_dp1,0,nixl_start_time
1780281021.0082736,1780281021.0205605,12.286999999999999,1780281021.0206208,0.06031990051269531,137390969940,137390.96994,1780281021.0082736,12.347221374511719,0.0050067901611328125,1.9817352294921875,1.959,3145728,0.25602083502889234,192,chatcmpl-054d03f2-ecb4-4cb2-a015-70db634c848e-854d397b,"nixl_xfer_handle(0x5af9a41915e0, released=False)",decode,0,0,452715,2,d61968e8-e4aa-43a2-8ca8-85b623ffd1e5_dp0,0,nixl_start_time
1780281021.0696487,1780281021.0937529,24.104,1780281021.0937724,0.019550323486328125,137391031315,137391.031315,1780281021.0696487,24.123668670654297,0.0057220458984375,9.17673110961914,9.149,39321600,1.6313308994357785,2400,chatcmpl-ce3bf5b4-cec0-437d-bed2-9ff3f2eb99f5-8ceefec1,"nixl_xfer_handle(0x5af9a41915e0, released=False)",decode,0,0,452715,25,d61968e8-e4aa-43a2-8ca8-85b623ffd1e5_dp1,0,nixl_start_time
1780281021.1426477,1780281021.1671088,24.461,1780281021.1671638,0.05507469177246094,137391104314,137391.104314,1780281021.1426477,24.51610565185547,0.0059604644775390625,7.578611373901367,7.557,58195968,2.3791328236785088,3552,chatcmpl-eabd9a21-d068-4e8a-9a90-130171b0a4e8-8533bbf5,"nixl_xfer_handle(0x556359cfd480, released=False)",decode,1,0,452712,37,d61968e8-e4aa-43a2-8ca8-85b623ffd1e5_dp0,0,nixl_start_time
1780281021.1545477,1780281021.1669917,12.444,1780281021.1670523,0.060558319091796875,137391116214,137391.116214,1780281021.1545477,12.50457763671875,0.0045299530029296875,6.484031677246094,6.439,9437184,0.7583722275795564,576,chatcmpl-d03612c4-e561-4b97-9c61-c178a1efb799-a9b6c51e,"nixl_xfer_handle(0x5af9a3d9ad20, released=False)",decode,0,0,452715,6,d61968e8-e4aa-43a2-8ca8-85b623ffd1e5_dp1,0,nixl_start_time
1780281021.1546426,1780281021.1671927,12.55,1780281021.1672168,0.024080276489257812,137391116309,137391.116309,1780281021.1546426,12.574195861816406,0.00476837158203125,1.3699531555175781,1.349,3145728,0.25065561752988047,192,chatcmpl-017dfc02-6577-471b-8f5a-902fe109ac17-a5132238,"nixl_xfer_handle(0x556359980780, released=False)",decode,1,0,452712,2,d61968e8-e4aa-43a2-8ca8-85b623ffd1e5_dp1,0,nixl_start_time
1780281021.2283587,1780281021.2667778,38.419000000000004,1780281021.266797,0.019311904907226562,137391190025,137391.190025,1780281021.2283587,38.43832015991211,0.0247955322265625,23.868322372436523,23.814,95944704,2.497324344725266,5856,chatcmpl-e833ec60-e4ef-4d81-b503-1a2d8fa75287-97306d10,"nixl_xfer_handle(0x556359980780, released=False)",decode,1,0,452712,61,d61968e8-e4aa-43a2-8ca8-85b623ffd1e5_dp0,0,nixl_start_time
1780281021.2668407,1780281021.2793107,12.47,1780281021.2793517,0.04100799560546875,137391228507,137391.228507,1780281021.2668407,12.511014938354492,0.0054836273193359375,2.179861068725586,2.144,3145728,0.2522636728147554,192,chatcmpl-ac169f29-6d2e-4862-b32a-30c072b07d46-9987f29a,"nixl_xfer_handle(0x5af9a3d9ad20, released=False)",decode,0,0,452715,2,d61968e8-e4aa-43a2-8ca8-85b623ffd1e5_dp0,0,nixl_start_time
1780281021.4996426,1780281021.5123527,12.71,1780281021.5123744,0.021696090698242188,137391461309,137391.461309,1780281021.4996426,12.731790542602539,0.0054836273193359375,1.9745826721191406,1.953,4718592,0.3712503540519276,288,chatcmpl-b13db21b-9655-48bb-99ca-bb71cf70930c-80a84fda,"nixl_xfer_handle(0x556359980780, released=False)",decode,1,0,452712,3,d61968e8-e4aa-43a2-8ca8-85b623ffd1e5_dp0,0,nixl_start_time
1780281021.4998267,1780281021.5241916,24.365000000000002,1780281021.524279,0.08749961853027344,137391461493,137391.461493,1780281021.4998267,24.45244789123535,0.0057220458984375,8.469581604003906,8.444,9437184,0.38732542581571927,576,chatcmpl-dcfe679b-6524-43e4-ae66-ab3df8cf4eb0-9232b080,"nixl_xfer_handle(0x5af9a3d61d60, released=False)",decode,0,0,452715,6,d61968e8-e4aa-43a2-8ca8-85b623ffd1e5_dp1,0,nixl_start_time
1780281021.5370317,1780281021.5615337,24.502,1780281021.5615957,0.06198883056640625,137391498698,137391.498698,1780281021.5370317,24.564027786254883,0.005245208740234375,4.459619522094727,4.437,44040192,1.7974121296220718,2688,chatcmpl-f9b4bf21-23e5-4e40-8b78-70ab92a3062e-bd994c1e,"nixl_xfer_handle(0x556359980780, released=False)",decode,1,0,452712,28,d61968e8-e4aa-43a2-8ca8-85b623ffd1e5_dp0,0,nixl_start_time
1780281021.5861998,1780281021.5982287,12.029,1780281021.5982497,0.0209808349609375,137391547866,137391.547866,1780281021.5861998,12.04991340637207,0.00476837158203125,1.2388229370117188,1.218,3145728,0.26151201263612933,192,chatcmpl-89485f89-015f-41d9-adb0-3768e90a83e7-8a522496,"nixl_xfer_handle(0x556359980780, released=False)",decode,1,0,452712,2,d61968e8-e4aa-43a2-8ca8-85b623ffd1e5_dp1,0,nixl_start_time
1780281021.6962426,1780281021.7094805,13.238,1780281021.7094998,0.019311904907226562,137391657909,137391.657909,1780281021.6962426,13.257265090942383,0.00476837158203125,3.1943321228027344,3.165,4718592,0.3564429672155915,288,chatcmpl-6c66ecd5-8909-439e-92e0-869ca47a62dd-b6aeba30,"nixl_xfer_handle(0x5af9a3d61d60, released=False)",decode,0,0,452715,3,d61968e8-e4aa-43a2-8ca8-85b623ffd1e5_dp0,0,nixl_start_time
1780281021.7086117,1780281021.7208347,12.222999999999999,1780281021.7209194,0.08463859558105469,137391670278,137391.670278,1780281021.7086117,12.30764389038086,0.00476837158203125,0.5772113800048828,0.556,1572864,0.1286806839564755,48,chatcmpl-f695ef96-b824-4e79-88d1-0c84b31530b1-a9a53431,"nixl_xfer_handle(0x5af9a37a6480, released=False)",decode,0,0,452715,1,d61968e8-e4aa-43a2-8ca8-85b623ffd1e5_dp1,0,nixl_start_time
1780281021.7207277,1780281021.7334387,12.711,1780281021.7334867,0.04792213439941406,137391682394,137391.682394,1780281021.7207277,12.758970260620117,0.0035762786865234375,1.355886459350586,1.335,3145728,0.24748076469199906,192,chatcmpl-e890687b-f6ff-457c-9aee-70b004375858-916d6a39,"nixl_xfer_handle(0x556359980780, released=False)",decode,1,0,452712,2,d61968e8-e4aa-43a2-8ca8-85b623ffd1e5_dp0,0,nixl_start_time
1780281021.7579927,1780281021.7698767,11.884,1780281021.7699156,0.03886222839355469,137391719659,137391.719659,1780281021.7579927,11.922836303710938,0.0057220458984375,7.587194442749023,7.565,33030144,2.7793793335577246,2016,chatcmpl-27a24492-cd9d-498a-b3ad-b252af66de61-86dca581,"nixl_xfer_handle(0x5af9a37a6480, released=False)",decode,0,0,452715,21,d61968e8-e4aa-43a2-8ca8-85b623ffd1e5_dp1,0,nixl_start_time
1780281021.7698836,1780281021.7824447,12.561,1780281021.7825093,0.06461143493652344,137391731550,137391.73155,1780281021.7698836,12.625694274902344,0.0045299530029296875,3.8590431213378906,3.841,28311552,2.253925005970862,1728,chatcmpl-68a1187a-f56b-4ed4-ad5d-3c3270e30ccf-b653ddfd,"nixl_xfer_handle(0x556359980780, released=False)",decode,1,0,452712,18,d61968e8-e4aa-43a2-8ca8-85b623ffd1e5_dp0,0,nixl_start_time
1780281021.7822406,1780281021.7947836,12.543000000000001,1780281021.7948508,0.06723403930664062,137391743907,137391.743907,1780281021.7822406,12.610197067260742,0.0050067901611328125,1.8563270568847656,1.826,3145728,0.25079550346806984,192,chatcmpl-da1d4747-b177-47d0-b9b0-cae0fe8ed882-832cd659,"nixl_xfer_handle(0x5af9a37a6480, released=False)",decode,0,0,452715,2,d61968e8-e4aa-43a2-8ca8-85b623ffd1e5_dp1,0,nixl_start_time
1780281021.7947466,1780281021.8070507,12.304,1780281021.80707,0.019311904907226562,137391756413,137391.756413,1780281021.7947466,12.323379516601562,0.004291534423828125,5.488395690917969,5.46,12582912,1.022668400520156,768,chatcmpl-9331483b-fbdb-4f85-8b8b-e7b9e4f601cc-8b6030b7,"nixl_xfer_handle(0x556359980780, released=False)",decode,1,0,452712,8,d61968e8-e4aa-43a2-8ca8-85b623ffd1e5_dp0,0,nixl_start_time
1780281021.8192058,1780281021.8470829,27.877,1780281021.8471534,0.0705718994140625,137391780872,137391.780872,1780281021.8192058,27.947664260864258,0.0059604644775390625,12.171268463134766,12.146,14155776,0.5077940954909065,864,chatcmpl-3fde5ce6-6ea9-4cc0-9c85-ed4314f232f7-a2717b10,"nixl_xfer_handle(0x5af9a37a6480, released=False)",decode,0,0,452715,9,d61968e8-e4aa-43a2-8ca8-85b623ffd1e5_dp1,0,nixl_start_time
1780281021.9565825,1780281021.9808805,24.298000000000002,1780281021.9809356,0.05507469177246094,137391918249,137391.918249,1780281021.9565825,24.35302734375,0.0054836273193359375,9.291410446166992,9.224,59768832,2.45982517079595,3648,chatcmpl-fbf962b6-728a-405c-8b41-7579b05433b8-80bf595a,"nixl_xfer_handle(0x556359980780, released=False)",decode,1,0,452712,38,d61968e8-e4aa-43a2-8ca8-85b623ffd1e5_dp0,0,nixl_start_time
1780281022.0301237,1780281022.0591588,29.034999999999997,1780281022.0591877,0.028848648071289062,137391991790,137391.99179,1780281022.0301237,29.063940048217773,0.0064373016357421875,11.492490768432617,11.451,77070336,2.6543942138798005,4704,chatcmpl-7329f4f3-de23-44c0-8cd0-a80d3f2d8a31-9f2384df,"nixl_xfer_handle(0x556359b21120, released=False)",decode,1,0,452712,49,d61968e8-e4aa-43a2-8ca8-85b623ffd1e5_dp1,0,nixl_start_time
1780281022.0450737,1780281022.0737817,28.708000000000002,1780281022.0738094,0.02765655517578125,137392006740,137392.00674,1780281022.0450737,28.735637664794922,0.0035762786865234375,13.880729675292969,13.857,6291456,0.219153406715898,384,chatcmpl-80bbe50e-ee54-4c8b-b720-1c842881bf2b-bab3b7ca,"nixl_xfer_handle(0x556359cfd480, released=False)",decode,1,0,452712,4,d61968e8-e4aa-43a2-8ca8-85b623ffd1e5_dp0,0,nixl_start_time
1780281022.1224847,1780281022.1472926,24.808,1780281022.1473067,0.014066696166992188,137392084151,137392.084151,1780281022.1224847,24.821996688842773,0.0057220458984375,9.710550308227539,9.688,64487424,2.599460819090616,3936,chatcmpl-4fe02513-b336-49d7-ae58-b81e7859904f-b262b4a9,"nixl_xfer_handle(0x556359adba80, released=False)",decode,1,0,452712,41,d61968e8-e4aa-43a2-8ca8-85b623ffd1e5_dp1,0,nixl_start_time
1780281022.1226416,1780281022.1503177,27.676,1780281022.1503751,0.05745887756347656,137392084308,137392.084308,1780281022.1226416,27.733564376831055,0.006198883056640625,8.426666259765625,8.404,48758784,1.7617713542419426,2976,chatcmpl-058a84c9-a7d2-4444-9c2d-e581677e53a6-b4a67523,"nixl_xfer_handle(0x5af9a37a6480, released=False)",decode,0,0,452715,31,d61968e8-e4aa-43a2-8ca8-85b623ffd1e5_dp1,0,nixl_start_time
1780281022.1359146,1780281022.1621156,26.200999999999997,1780281022.1621346,0.019073486328125,137392097581,137392.097581,1780281022.1359146,26.220083236694336,0.00476837158203125,11.14797592163086,11.125,6291456,0.24012274340674022,384,chatcmpl-cbd7d549-7f87-41da-9894-a437b97e554b-b0192263,"nixl_xfer_handle(0x556359b21120, released=False)",decode,1,0,452712,4,d61968e8-e4aa-43a2-8ca8-85b623ffd1e5_dp0,0,nixl_start_time
1780281022.2111006,1780281022.2553985,44.297999999999995,1780281022.2554128,0.01430511474609375,137392172767,137392.172767,1780281022.2111006,44.312238693237305,0.0050067901611328125,19.275426864624023,19.228,86507520,1.9528538534471083,5280,chatcmpl-f9369e2d-d568-4d86-8904-bb3dc157904a-aeaf4a86,"nixl_xfer_handle(0x556359b21120, released=False)",decode,1,0,452712,55,d61968e8-e4aa-43a2-8ca8-85b623ffd1e5_dp1,0,nixl_start_time
1780281022.2338436,1780281022.2489157,15.072000000000001,1780281022.2489588,0.04315376281738281,137392195510,137392.19551,1780281022.2338436,15.11526107788086,0.005245208740234375,2.862215042114258,2.83,4718592,0.3130700636942675,288,chatcmpl-775fd6bb-86b4-437b-8678-010666dbb559-a878b015,"nixl_xfer_handle(0x5af9a3dbd120, released=False)",decode,0,0,452715,3,d61968e8-e4aa-43a2-8ca8-85b623ffd1e5_dp0,0,nixl_start_time
1780281022.2455688,1780281022.2584927,12.924,1780281022.2585132,0.020503997802734375,137392207235,137392.207235,1780281022.2455688,12.944459915161133,0.00476837158203125,3.064393997192383,3.042,4718592,0.3651030640668524,288,chatcmpl-dc88e343-f558-4aa0-8b9a-627b1abfc212-b52e49d1,"nixl_xfer_handle(0x5af9a4196c60, released=False)",decode,0,0,452715,3,d61968e8-e4aa-43a2-8ca8-85b623ffd1e5_dp1,0,nixl_start_time
1780281022.2455897,1780281022.2704837,24.894,1780281022.270513,0.029325485229492188,137392207256,137392.207256,1780281022.2455897,24.923324584960938,0.004291534423828125,9.560346603393555,9.537,14155776,0.5686420824295011,864,chatcmpl-b05213f0-c7f8-4faf-8746-cb34b6e44a95-883ec5fc,"nixl_xfer_handle(0x556359adba80, released=False)",decode,1,0,452712,9,d61968e8-e4aa-43a2-8ca8-85b623ffd1e5_dp1,0,nixl_start_time
1780281022.2823737,1780281022.2949297,12.556,1780281022.2949922,0.062465667724609375,137392244040,137392.24404,1780281022.2823737,12.618541717529297,0.005245208740234375,7.326841354370117,7.302,9437184,0.7516075183179357,576,chatcmpl-11ff25ec-7641-470e-ac4e-9ac9e8b12fdc-83147baa,"nixl_xfer_handle(0x5af9a3dbd120, released=False)",decode,0,0,452715,6,d61968e8-e4aa-43a2-8ca8-85b623ffd1e5_dp0,0,nixl_start_time
1780281022.3068116,1780281022.3192885,12.477,1780281022.319312,0.023603439331054688,137392268478,137392.268478,1780281022.3068116,12.500524520874023,0.0040531158447265625,4.056692123413086,4.038,33030144,2.6472825198364993,2016,chatcmpl-f8ca8193-c3cf-40f6-aad0-c2c1b1a109a5-baf3813b,"nixl_xfer_handle(0x556359adba80, released=False)",decode,1,0,452712,21,d61968e8-e4aa-43a2-8ca8-85b623ffd1e5_dp0,0,nixl_start_time
1780281022.3678536,1780281022.3922307,24.377,1780281022.3922958,0.06508827209472656,137392329520,137392.32952,1780281022.3678536,24.442195892333984,0.006198883056640625,9.304285049438477,9.28,45613056,1.871151331172827,2784,chatcmpl-898efaa5-800d-4be4-8506-f1edf4e32a9f-9d5f50c5,"nixl_xfer_handle(0x5af9a3dbd120, released=False)",decode,0,0,452715,29,d61968e8-e4aa-43a2-8ca8-85b623ffd1e5_dp1,0,nixl_start_time
1780281022.4658146,1780281022.4780097,12.194999999999999,1780281022.47807,0.06031990051269531,137392427481,137392.427481,1780281022.4658146,12.255430221557617,0.00476837158203125,1.3833045959472656,1.361,3145728,0.25795227552275524,192,chatcmpl-d24e79a3-861a-4861-a7ad-53c1e58da1dc-a5f87b58,"nixl_xfer_handle(0x556359adba80, released=False)",decode,1,0,452712,2,d61968e8-e4aa-43a2-8ca8-85b623ffd1e5_dp0,0,nixl_start_time
1780281022.5632267,1780281022.5754387,12.212,1780281022.5754707,0.031948089599609375,137392524893,137392.524893,1780281022.5632267,12.243986129760742,0.005245208740234375,1.3916492462158203,1.369,3145728,0.2575931870291516,192,chatcmpl-3adbec15-2161-41ad-9f9a-ed4623607534-9cec2f59,"nixl_xfer_handle(0x556359adba80, released=False)",decode,1,0,452712,2,d61968e8-e4aa-43a2-8ca8-85b623ffd1e5_dp1,0,nixl_start_time
1780281022.8197196,1780281022.8320985,12.379,1780281022.832159,0.060558319091796875,137392781386,137392.781386,1780281022.8197196,12.439489364624023,0.0045299530029296875,5.048274993896484,5.015,11010048,0.8894133613377495,672,chatcmpl-a9ae588a-35b5-47de-bb5a-b554963ea880-9be4d836,"nixl_xfer_handle(0x556359adba80, released=False)",decode,1,0,452712,7,d61968e8-e4aa-43a2-8ca8-85b623ffd1e5_dp0,0,nixl_start_time
1780281022.8441327,1780281022.8562856,12.153,1780281022.8563704,0.08487701416015625,137392805799,137392.805799,1780281022.8441327,12.237787246704102,0.0059604644775390625,1.9402503967285156,1.914,3145728,0.2588437422858553,192,chatcmpl-409c51c9-b91e-4b88-af9f-ed57dc4f4d80-a7553061,"nixl_xfer_handle(0x5af9a3e70960, released=False)",decode,0,0,452715,2,d61968e8-e4aa-43a2-8ca8-85b623ffd1e5_dp1,0,nixl_start_time
1780281022.8802986,1780281022.8923657,12.067,1780281022.8924062,0.040531158447265625,137392841965,137392.841965,1780281022.8802986,12.107610702514648,0.00476837158203125,1.5647411346435547,1.538,3145728,0.2606884892682523,192,chatcmpl-c3b76798-f4ca-4dd7-9862-2c456eefd68c-b56d66de,"nixl_xfer_handle(0x556359adba80, released=False)",decode,1,0,452712,2,d61968e8-e4aa-43a2-8ca8-85b623ffd1e5_dp1,0,nixl_start_time
1780281022.9776797,1780281023.0049846,27.305,1780281023.0050192,0.03457069396972656,137392939346,137392.939346,1780281022.9776797,27.339458465576172,0.0057220458984375,12.345552444458008,12.321,12582912,0.4608281267167186,768,chatcmpl-939ad026-747c-4e51-b280-58e517278e16-bd8c8935,"nixl_xfer_handle(0x5af9a3e70960, released=False)",decode,0,0,452715,8,d61968e8-e4aa-43a2-8ca8-85b623ffd1e5_dp0,0,nixl_start_time
1780281023.0168736,1780281023.0292146,12.341,1780281023.0292745,0.05984306335449219,137392978540,137392.97854,1780281023.0168736,12.40086555480957,0.005245208740234375,1.6040802001953125,1.577,3145728,0.25490057531804555,192,chatcmpl-7a7f541a-5c72-42ea-9ee4-2ef77da3875f-993bd656,"nixl_xfer_handle(0x556359adba80, released=False)",decode,1,0,452712,2,d61968e8-e4aa-43a2-8ca8-85b623ffd1e5_dp1,0,nixl_start_time
1780281023.1021087,1780281023.1146648,12.556,1780281023.114698,0.03314018249511719,137393063775,137393.063775,1780281023.1021087,12.589216232299805,0.0045299530029296875,3.7467479705810547,3.715,7864320,0.6263395985982797,480,chatcmpl-e70f49c9-9139-444a-a0a0-50ed6674324d-b8e465d9,"nixl_xfer_handle(0x556359adba80, released=False)",decode,1,0,452712,5,d61968e8-e4aa-43a2-8ca8-85b623ffd1e5_dp0,0,nixl_start_time
1780281023.1869698,1780281023.1958067,8.837,1780281023.1958375,0.030755996704101562,137393148636,137393.148636,1780281023.1869698,8.867740631103516,0.006198883056640625,2.840280532836914,2.817,4718592,0.5339585832296029,288,chatcmpl-bbca599a-60dc-4fe1-9a87-7f977e7d320b-a6ce063e,"nixl_xfer_handle(0x5af9a3e70960, released=False)",decode,0,0,452715,3,d61968e8-e4aa-43a2-8ca8-85b623ffd1e5_dp1,0,nixl_start_time
1780281023.1899157,1780281023.1990137,9.098,1780281023.1990952,0.08153915405273438,137393151582,137393.151582,1780281023.1899157,9.17959213256836,0.003814697265625,5.593538284301758,5.578,7864320,0.8644009672455485,480,chatcmpl-6fba1790-7e2c-4359-978f-fd02699fd7c3-87169271,"nixl_xfer_handle(0x5af9a3d61d60, released=False)",decode,0,0,452715,5,d61968e8-e4aa-43a2-8ca8-85b623ffd1e5_dp0,0,nixl_start_time
1780281023.2109737,1780281023.2353148,24.341,1780281023.235398,0.08320808410644531,137393172640,137393.17264,1780281023.2109737,24.424314498901367,0.0064373016357421875,9.148359298706055,9.11,45613056,1.8739187379318842,2784,chatcmpl-c6b0b82f-d40b-402d-a91f-df43c1cd980f-9fadc3e4,"nixl_xfer_handle(0x5af9a3d61d60, released=False)",decode,0,0,452715,29,d61968e8-e4aa-43a2-8ca8-85b623ffd1e5_dp1,0,nixl_start_time
1780281023.2109988,1780281023.2294059,18.407,1780281023.2294614,0.05555152893066406,137393172665,137393.172665,1780281023.2109988,18.462657928466797,0.0050067901611328125,4.669427871704102,4.65,47185920,2.563476938121367,2880,chatcmpl-38f9d708-76aa-4cc2-9002-0adf40be792c-8bab089b,"nixl_xfer_handle(0x556359adba80, released=False)",decode,1,0,452712,30,d61968e8-e4aa-43a2-8ca8-85b623ffd1e5_dp0,0,nixl_start_time
1780281023.2237916,1780281023.2357037,11.912,1780281023.235735,0.031232833862304688,137393185458,137393.185458,1780281023.2237916,11.943340301513672,0.0045299530029296875,5.290508270263672,5.255,4718592,0.39612088650100735,288,chatcmpl-e4708e26-0e2d-4dfa-8760-941cf23c868c-92b08787,"nixl_xfer_handle(0x556359b21120, released=False)",decode,1,0,452712,3,d61968e8-e4aa-43a2-8ca8-85b623ffd1e5_dp1,0,nixl_start_time
1780281023.2964187,1780281023.3369157,40.497,1780281023.3369403,0.024557113647460938,137393258085,137393.258085,1780281023.2964187,40.52162170410156,0.007152557373046875,18.59736442565918,18.57,92798976,2.2915024816653085,5664,chatcmpl-6a4ccf36-20f7-4229-b6d0-fede6b1fbdad-a0ef0016,"nixl_xfer_handle(0x556359b21120, released=False)",decode,1,0,452712,59,d61968e8-e4aa-43a2-8ca8-85b623ffd1e5_dp0,0,nixl_start_time
1780281023.3186567,1780281023.3372927,18.636,1780281023.3373086,0.015974044799804688,137393280323,137393.280323,1780281023.3186567,18.651962280273438,0.0059604644775390625,8.660316467285156,8.638,51904512,2.785174500965873,3168,chatcmpl-6fb2126c-475d-4974-b5cd-0737c705c5fc-b981ba91,"nixl_xfer_handle(0x5af9a3d61d60, released=False)",decode,0,0,452715,33,d61968e8-e4aa-43a2-8ca8-85b623ffd1e5_dp1,0,nixl_start_time
1780281023.3307657,1780281023.3419998,11.234,1780281023.3420193,0.019550323486328125,137393292432,137393.292432,1780281023.3307657,11.253595352172852,0.0054836273193359375,6.217718124389648,6.194,3145728,0.28001851522164856,192,chatcmpl-ecfbc946-eeae-4c7c-ab5e-e31f657a035a-966ba2f3,"nixl_xfer_handle(0x5af9a3e70960, released=False)",decode,0,0,452715,2,d61968e8-e4aa-43a2-8ca8-85b623ffd1e5_dp1,0,nixl_start_time
1780281023.3309038,1780281023.3544457,23.542,1780281023.354499,0.05340576171875,137393292570,137393.29257,1780281023.3309038,23.595333099365234,0.0057220458984375,5.687236785888672,5.668,34603008,1.469841474810976,2112,chatcmpl-c772777b-dbf8-4bef-8743-173439367d02-84fd4793,"nixl_xfer_handle(0x556359adba80, released=False)",decode,1,0,452712,22,d61968e8-e4aa-43a2-8ca8-85b623ffd1e5_dp0,0,nixl_start_time
1780281023.4025657,1780281023.4145267,11.960999999999999,1780281023.414583,0.05626678466796875,137393364232,137393.364232,1780281023.4025657,12.017250061035156,0.00476837158203125,1.6121864318847656,1.584,3145728,0.2629987459242539,192,chatcmpl-ab64d964-43ff-45fe-ad07-f8604e32f072-96922aaa,"nixl_xfer_handle(0x556359adba80, released=False)",decode,1,0,452712,2,d61968e8-e4aa-43a2-8ca8-85b623ffd1e5_dp0,0,nixl_start_time
1780281023.4505346,1780281023.4627407,12.206,1780281023.4627564,0.015735626220703125,137393412201,137393.412201,1780281023.4505346,12.221813201904297,0.0050067901611328125,0.6053447723388672,0.577,1572864,0.12885990496477143,48,chatcmpl-15225ab0-895d-41ea-8d68-0ddd0e7c6bc1-b98ff79c,"nixl_xfer_handle(0x5af9a3e70960, released=False)",decode,0,0,452715,1,d61968e8-e4aa-43a2-8ca8-85b623ffd1e5_dp1,0,nixl_start_time
1780281023.5477746,1780281023.5598035,12.029,1780281023.559823,0.019550323486328125,137393509441,137393.509441,1780281023.5477746,12.048482894897461,0.0059604644775390625,1.8811225891113281,1.857,3145728,0.26151201263612933,192,chatcmpl-7547c75b-39c3-42e6-82a4-0ed2f2ff7555-a20aba8f,"nixl_xfer_handle(0x5af9a3e70960, released=False)",decode,0,0,452715,2,d61968e8-e4aa-43a2-8ca8-85b623ffd1e5_dp0,0,nixl_start_time
1780281023.6690617,1780281023.6932425,24.181,1780281023.6932747,0.03218650817871094,137393630728,137393.630728,1780281023.6690617,24.213075637817383,0.0045299530029296875,7.937192916870117,7.904,14155776,0.585409040155494,864,chatcmpl-d4fa3f5d-188e-4dce-8841-b084513162ae-809052a1,"nixl_xfer_handle(0x556359adba80, released=False)",decode,1,0,452712,9,d61968e8-e4aa-43a2-8ca8-85b623ffd1e5_dp1,0,nixl_start_time
1780281023.7052557,1780281023.7177868,12.531,1780281023.7178516,0.064849853515625,137393666922,137393.666922,1780281023.7052557,12.595891952514648,0.0059604644775390625,2.8076171875,2.775,4718592,0.37655350730189124,288,chatcmpl-4c689589-5a38-4ebf-a350-978a971ca063-8e862882,"nixl_xfer_handle(0x5af9a3e70960, released=False)",decode,0,0,452715,3,d61968e8-e4aa-43a2-8ca8-85b623ffd1e5_dp0,0,nixl_start_time
1780281023.8030357,1780281023.8316166,28.581,1780281023.8316379,0.021219253540039062,137393764702,137393.764702,1780281023.8030357,28.602123260498047,0.005245208740234375,13.233661651611328,13.21,77070336,2.696558412931668,4704,chatcmpl-bf7d70a8-7066-413a-84d5-1dc34f8c3560-a2c77c5a,"nixl_xfer_handle(0x556359adba80, released=False)",decode,1,0,452712,49,d61968e8-e4aa-43a2-8ca8-85b623ffd1e5_dp1,0,nixl_start_time
1780281023.8315566,1780281023.8431246,11.568,1780281023.8431501,0.025510787963867188,137393793223,137393.793223,1780281023.8315566,11.59358024597168,0.0050067901611328125,4.498958587646484,4.476,7864320,0.6798340248962655,480,chatcmpl-47e61e43-c62b-4e4b-a833-603b197201c2-b09bf768,"nixl_xfer_handle(0x5af9a3e70960, released=False)",decode,0,0,452715,5,d61968e8-e4aa-43a2-8ca8-85b623ffd1e5_dp1,0,nixl_start_time
1780281023.9282076,1780281023.9406726,12.465,1780281023.940738,0.06532669067382812,137393889874,137393.889874,1780281023.9282076,12.530326843261719,0.005245208740234375,1.9752979278564453,1.953,3145728,0.25236486161251503,192,chatcmpl-634e4c4d-b3c2-468a-bf8c-d8e890fdd3f0-84708edc,"nixl_xfer_handle(0x5af9a3dc06e0, released=False)",decode,0,0,452715,2,d61968e8-e4aa-43a2-8ca8-85b623ffd1e5_dp0,0,nixl_start_time
1780281023.9526956,1780281023.9649415,12.246,1780281023.9649613,0.019788742065429688,137393914362,137393.914362,1780281023.9526956,12.265682220458984,0.004291534423828125,1.5709400177001953,1.544,3145728,0.2568780009799118,192,chatcmpl-b8dfa3f3-4c99-4b15-b24d-e0aff70d9248-a1bbeccf,"nixl_xfer_handle(0x556359a13ec0, released=False)",decode,1,0,452712,2,d61968e8-e4aa-43a2-8ca8-85b623ffd1e5_dp0,0,nixl_start_time
1780281024.0499117,1780281024.0624547,12.543000000000001,1780281024.0624819,0.027179718017578125,137394011578,137394.011578,1780281024.0499117,12.57014274597168,0.005245208740234375,2.927541732788086,2.895,6291456,0.5015910069361397,384,chatcmpl-6a643688-bb57-468e-ae3f-da5743abfb23-bb368301,"nixl_xfer_handle(0x556359a13ec0, released=False)",decode,1,0,452712,4,d61968e8-e4aa-43a2-8ca8-85b623ffd1e5_dp1,0,nixl_start_time
