ev,ts,start,end,duration_ms,role,dp,tp,pid,overlap_ms,overlap_ratio,union_overlap_ms,union_overlap_ratio,overlap_intensity,max_active_recv
engine_step_start,1780280866.6970677,1780280866.6970677,1780280866.7013888,4.321098327636719,decode,0,0,451640,2.274036407470703,0.5262635179871993,2.274036407470703,0.5262635179871993,1.0,1
engine_step_start,1780280866.6970859,1780280866.6970859,1780280866.697114,0.028133392333984375,decode,1,0,451641,0.0,0.0,0.0,0.0,0.0,0
engine_step_start,1780280866.7049806,1780280866.7049806,1780280866.7051933,0.21266937255859375,decode,0,0,451640,0.0,0.0,0.0,0.0,0.0,0
engine_step_start,1780280866.7052083,1780280866.7052083,1780280866.7164464,11.23809814453125,decode,0,0,451640,0.0,0.0,0.0,0.0,0.0,0
engine_step_start,1780280866.705521,1780280866.705521,1780280866.7055275,0.0064373016357421875,decode,1,0,451641,0.0,0.0,0.0,0.0,0.0,0
engine_step_start,1780280866.7076402,1780280866.7076402,1780280866.7076454,0.005245208740234375,decode,1,0,451641,0.0,0.0,0.0,0.0,0.0,0
engine_step_start,1780280866.712315,1780280866.712315,1780280866.7123203,0.005245208740234375,decode,1,0,451641,0.0,0.0,0.0,0.0,0.0,0
engine_step_start,1780280866.7164512,1780280866.7164512,1780280866.7224839,6.032705307006836,decode,0,0,451640,0.0,0.0,0.0,0.0,0.0,0
engine_step_start,1780280866.7184296,1780280866.7184296,1780280866.7184348,0.005245208740234375,decode,1,0,451641,0.0,0.0,0.0,0.0,0.0,0
engine_step_start,1780280866.7224886,1780280866.7224886,1780280866.7285368,6.0482025146484375,decode,0,0,451640,0.0,0.0,0.0,0.0,0.0,0
engine_step_start,1780280866.7244318,1780280866.7244318,1780280866.7244363,0.0045299530029296875,decode,1,0,451641,0.0,0.0,0.0,0.0,0.0,0
engine_step_start,1780280866.7285416,1780280866.7285416,1780280866.7345936,6.0520172119140625,decode,0,0,451640,0.0,0.0,0.0,0.0,0.0,0
engine_step_start,1780280866.7304738,1780280866.7304738,1780280866.7304783,0.0045299530029296875,decode,1,0,451641,0.0,0.0,0.0,0.0,0.0,0
engine_step_start,1780280866.7345984,1780280866.7345984,1780280866.7406878,6.089448928833008,decode,0,0,451640,0.0,0.0,0.0,0.0,0.0,0
engine_step_start,1780280866.7365284,1780280866.7365284,1780280866.7365334,0.0050067901611328125,decode,1,0,451641,0.0,0.0,0.0,0.0,0.0,0
engine_step_start,1780280866.7406929,1780280866.7406929,1780280866.7468257,6.132841110229492,decode,0,0,451640,0.0,0.0,0.0,0.0,0.0,0
engine_step_start,1780280866.742679,1780280866.742679,1780280866.742684,0.00476837158203125,decode,1,0,451641,0.0,0.0,0.0,0.0,0.0,0
engine_step_start,1780280866.74683,1780280866.74683,1780280866.7529721,6.142139434814453,decode,0,0,451640,0.0,0.0,0.0,0.0,0.0,0
engine_step_start,1780280866.748761,1780280866.748761,1780280866.7487657,0.00476837158203125,decode,1,0,451641,0.0,0.0,0.0,0.0,0.0,0
engine_step_start,1780280866.752977,1780280866.752977,1780280866.759058,6.081104278564453,decode,0,0,451640,0.0,0.0,0.0,0.0,0.0,0
engine_step_start,1780280866.754893,1780280866.754893,1780280866.7548978,0.00476837158203125,decode,1,0,451641,0.0,0.0,0.0,0.0,0.0,0
engine_step_start,1780280866.7590623,1780280866.7590623,1780280866.7650898,6.027460098266602,decode,0,0,451640,0.0,0.0,0.0,0.0,0.0,0
engine_step_start,1780280866.7609832,1780280866.7609832,1780280866.7609882,0.0050067901611328125,decode,1,0,451641,0.0,0.0,0.0,0.0,0.0,0
engine_step_start,1780280866.765094,1780280866.765094,1780280866.7712417,6.147623062133789,decode,0,0,451640,0.0,0.0,0.0,0.0,0.0,0
engine_step_start,1780280866.7670076,1780280866.7670076,1780280866.767013,0.0054836273193359375,decode,1,0,451641,0.0,0.0,0.0,0.0,0.0,0
engine_step_start,1780280866.771246,1780280866.771246,1780280866.7773771,6.131172180175781,decode,0,0,451640,0.0,0.0,0.0,0.0,0.0,0
engine_step_start,1780280866.773168,1780280866.773168,1780280866.773173,0.0050067901611328125,decode,1,0,451641,0.0,0.0,0.0,0.0,0.0,0
engine_step_start,1780280866.7773817,1780280866.7773817,1780280866.78351,6.1283111572265625,decode,0,0,451640,0.0,0.0,0.0,0.0,0.0,0
engine_step_start,1780280866.779264,1780280866.779264,1780280866.7792687,0.00476837158203125,decode,1,0,451641,0.0,0.0,0.0,0.0,0.0,0
engine_step_start,1780280866.7835147,1780280866.7835147,1780280866.78963,6.115198135375977,decode,0,0,451640,0.0,0.0,0.0,0.0,0.0,0
engine_step_start,1780280866.7855623,1780280866.7855623,1780280866.7855673,0.0050067901611328125,decode,1,0,451641,0.0,0.0,0.0,0.0,0.0,0
engine_step_start,1780280866.789634,1780280866.789634,1780280866.795755,6.120920181274414,decode,0,0,451640,0.0,0.0,0.0,0.0,0.0,0
engine_step_start,1780280866.7915404,1780280866.7915404,1780280866.7915452,0.00476837158203125,decode,1,0,451641,0.0,0.0,0.0,0.0,0.0,0
engine_step_start,1780280866.7957592,1780280866.7957592,1780280866.801832,6.072759628295898,decode,0,0,451640,0.0,0.0,0.0,0.0,0.0,0
engine_step_start,1780280866.7977047,1780280866.7977047,1780280866.7977102,0.0054836273193359375,decode,1,0,451641,0.0,0.0,0.0,0.0,0.0,0
engine_step_start,1780280866.8018363,1780280866.8018363,1780280866.808132,6.295680999755859,decode,0,0,451640,0.0,0.0,0.0,0.0,0.0,0
engine_step_start,1780280866.8037672,1780280866.8037672,1780280866.8037727,0.0054836273193359375,decode,1,0,451641,0.0,0.0,0.0,0.0,0.0,0
engine_step_start,1780280866.8081484,1780280866.8081484,1780280866.8141508,6.0024261474609375,decode,0,0,451640,0.0,0.0,0.0,0.0,0.0,0
engine_step_start,1780280866.810476,1780280866.810476,1780280866.8104818,0.0057220458984375,decode,1,0,451641,0.0,0.0,0.0,0.0,0.0,0
engine_step_start,1780280866.8141584,1780280866.8141584,1780280866.8202724,6.114006042480469,decode,0,0,451640,0.0,0.0,0.0,0.0,0.0,0
engine_step_start,1780280866.8162618,1780280866.8162618,1780280866.8162675,0.0057220458984375,decode,1,0,451641,0.0,0.0,0.0,0.0,0.0,0
engine_step_start,1780280866.820279,1780280866.820279,1780280866.826412,6.133079528808594,decode,0,0,451640,0.0,0.0,0.0,0.0,0.0,0
engine_step_start,1780280866.8222153,1780280866.8222153,1780280866.82222,0.00476837158203125,decode,1,0,451641,0.0,0.0,0.0,0.0,0.0,0
engine_step_start,1780280866.8264189,1780280866.8264189,1780280866.8325381,6.119251251220703,decode,0,0,451640,0.0,0.0,0.0,0.0,0.0,0
engine_step_start,1780280866.8283038,1780280866.8283038,1780280866.828309,0.005245208740234375,decode,1,0,451641,0.0,0.0,0.0,0.0,0.0,0
engine_step_start,1780280866.8325448,1780280866.8325448,1780280866.8386776,6.132841110229492,decode,0,0,451640,0.0,0.0,0.0,0.0,0.0,0
engine_step_start,1780280866.8345037,1780280866.8345037,1780280866.8345087,0.0050067901611328125,decode,1,0,451641,0.0,0.0,0.0,0.0,0.0,0
engine_step_start,1780280866.8386843,1780280866.8386843,1780280866.844822,6.137609481811523,decode,0,0,451640,0.0,0.0,0.0,0.0,0.0,0
engine_step_start,1780280866.8405948,1780280866.8405948,1780280866.8406003,0.0054836273193359375,decode,1,0,451641,0.0,0.0,0.0,0.0,0.0,0
engine_step_start,1780280866.8448281,1780280866.8448281,1780280866.850971,6.142854690551758,decode,0,0,451640,0.0,0.0,0.0,0.0,0.0,0
engine_step_start,1780280866.846752,1780280866.846752,1780280866.8467572,0.005245208740234375,decode,1,0,451641,0.0,0.0,0.0,0.0,0.0,0
engine_step_start,1780280866.8509774,1780280866.8509774,1780280866.857128,6.150484085083008,decode,0,0,451640,0.0,0.0,0.0,0.0,0.0,0
engine_step_start,1780280866.8530102,1780280866.8530102,1780280866.8530154,0.005245208740234375,decode,1,0,451641,0.0,0.0,0.0,0.0,0.0,0
engine_step_start,1780280866.857134,1780280866.857134,1780280866.863283,6.148815155029297,decode,0,0,451640,0.0,0.0,0.0,0.0,0.0,0
engine_step_start,1780280866.8590372,1780280866.8590372,1780280866.8590422,0.0050067901611328125,decode,1,0,451641,0.0,0.0,0.0,0.0,0.0,0
engine_step_start,1780280866.8632894,1780280866.8632894,1780280866.8694239,6.134510040283203,decode,0,0,451640,0.0,0.0,0.0,0.0,0.0,0
engine_step_start,1780280866.865182,1780280866.865182,1780280866.8651886,0.00667572021484375,decode,1,0,451641,0.0,0.0,0.0,0.0,0.0,0
engine_step_start,1780280866.8694296,1780280866.8694296,1780280866.8755424,6.112813949584961,decode,0,0,451640,0.0,0.0,0.0,0.0,0.0,0
engine_step_start,1780280866.871314,1780280866.871314,1780280866.8713193,0.005245208740234375,decode,1,0,451641,0.0,0.0,0.0,0.0,0.0,0
engine_step_start,1780280866.875548,1780280866.875548,1780280866.881697,6.149053573608398,decode,0,0,451640,0.0,0.0,0.0,0.0,0.0,0
engine_step_start,1780280866.8774679,1780280866.8774679,1780280866.8774729,0.0050067901611328125,decode,1,0,451641,0.0,0.0,0.0,0.0,0.0,0
engine_step_start,1780280866.8817027,1780280866.8817027,1780280866.887832,6.129264831542969,decode,0,0,451640,0.0,0.0,0.0,0.0,0.0,0
engine_step_start,1780280866.8836346,1780280866.8836346,1780280866.8836403,0.0057220458984375,decode,1,0,451641,0.0,0.0,0.0,0.0,0.0,0
engine_step_start,1780280866.8878376,1780280866.8878376,1780280866.8939812,6.1435699462890625,decode,0,0,451640,0.0,0.0,0.0,0.0,0.0,0
engine_step_start,1780280866.8944077,1780280866.8944077,1780280866.9001238,5.716085433959961,decode,0,0,451640,0.0,0.0,0.0,0.0,0.0,0
engine_step_start,1780280866.8945322,1780280866.8945322,1780280866.897199,2.6667118072509766,decode,1,0,451641,0.0,0.0,0.0,0.0,0.0,0
engine_step_start,1780280866.90013,1780280866.90013,1780280866.9063993,6.269216537475586,decode,0,0,451640,0.0,0.0,0.0,0.0,0.0,0
engine_step_start,1780280866.9004974,1780280866.9004974,1780280866.9010842,0.5867481231689453,decode,1,0,451641,0.0,0.0,0.0,0.0,0.0,0
engine_step_start,1780280866.906418,1780280866.906418,1780280866.9125514,6.133317947387695,decode,0,0,451640,3.105640411376953,0.5063556851311953,3.105640411376953,0.5063556851311953,1.0,1
engine_step_start,1780280866.906666,1780280866.906666,1780280866.9071155,0.4494190216064453,decode,1,0,451641,0.0,0.0,0.0,0.0,0.0,0
engine_step_start,1780280866.9125652,1780280866.9125652,1780280866.9508295,38.26427459716797,decode,0,0,451640,38.26427459716797,1.0,38.26427459716797,1.0,1.0,1
engine_step_start,1780280866.9128582,1780280866.9128582,1780280866.9132454,0.3871917724609375,decode,1,0,451641,0.3871917724609375,1.0,0.3871917724609375,1.0,1.0,1
engine_step_start,1780280866.9508843,1780280866.9508843,1780280866.9568021,5.917787551879883,decode,0,0,451640,3.132343292236328,0.5293098585874864,3.132343292236328,0.5293098585874864,1.0,1
engine_step_start,1780280866.950935,1780280866.950935,1780280866.95157,0.6351470947265625,decode,1,0,451641,0.6351470947265625,1.0,0.6351470947265625,1.0,1.0,1
engine_step_start,1780280866.9568381,1780280866.9568381,1780280866.9629538,6.11567497253418,decode,0,0,451640,0.0,0.0,0.0,0.0,0.0,0
engine_step_start,1780280866.9570346,1780280866.9570346,1780280866.9574802,0.4456043243408203,decode,1,0,451641,0.0,0.0,0.0,0.0,0.0,0
engine_step_start,1780280866.9629712,1780280866.9629712,1780280866.9691072,6.1359405517578125,decode,0,0,451640,0.0,0.0,0.0,0.0,0.0,0
engine_step_start,1780280866.963231,1780280866.963231,1780280866.9640026,0.7715225219726562,decode,1,0,451641,0.0,0.0,0.0,0.0,0.0,0
engine_step_start,1780280866.9691217,1780280866.9691217,1780280867.0039272,34.8055362701416,decode,0,0,451640,11.771917343139648,0.3382196801041203,11.771917343139648,0.3382196801041203,1.0,1
engine_step_start,1780280866.974073,1780280866.974073,1780280866.974653,0.5800724029541016,decode,1,0,451641,0.5800724029541016,1.0,0.5800724029541016,1.0,1.0,1
engine_step_start,1780280867.0039341,1780280867.0039341,1780280867.0121565,8.222341537475586,decode,0,0,451640,0.0,0.0,0.0,0.0,0.0,0
engine_step_start,1780280867.0057757,1780280867.0057757,1780280867.0063362,0.5605220794677734,decode,1,0,451641,0.0,0.0,0.0,0.0,0.0,0
engine_step_start,1780280867.0121703,1780280867.0121703,1780280867.0191526,6.982326507568359,decode,0,0,451640,0.0,0.0,0.0,0.0,0.0,0
engine_step_start,1780280867.0155559,1780280867.0155559,1780280867.0159898,0.43392181396484375,decode,1,0,451641,0.0,0.0,0.0,0.0,0.0,0
engine_step_start,1780280867.0191596,1780280867.0191596,1780280867.026206,7.04646110534668,decode,0,0,451640,0.0,0.0,0.0,0.0,0.0,0
engine_step_start,1780280867.019348,1780280867.019348,1780280867.0199287,0.5807876586914062,decode,1,0,451641,0.0,0.0,0.0,0.0,0.0,0
engine_step_start,1780280867.0262117,1780280867.0262117,1780280867.03332,7.108211517333984,decode,0,0,451640,0.0,0.0,0.0,0.0,0.0,0
engine_step_start,1780280867.0263069,1780280867.0263069,1780280867.0267744,0.46753883361816406,decode,1,0,451641,0.0,0.0,0.0,0.0,0.0,0
engine_step_start,1780280867.0333254,1780280867.0333254,1780280867.0405216,7.196187973022461,decode,0,0,451640,0.0,0.0,0.0,0.0,0.0,0
engine_step_start,1780280867.0333831,1780280867.0333831,1780280867.0337825,0.3993511199951172,decode,1,0,451641,0.0,0.0,0.0,0.0,0.0,0
engine_step_start,1780280867.0405269,1780280867.0405269,1780280867.0475798,7.052898406982422,decode,0,0,451640,0.0,0.0,0.0,0.0,0.0,0
engine_step_start,1780280867.040538,1780280867.040538,1780280867.0409713,0.43320655822753906,decode,1,0,451641,0.0,0.0,0.0,0.0,0.0,0
engine_step_start,1780280867.0475848,1780280867.0475848,1780280867.0547478,7.163047790527344,decode,0,0,451640,0.0,0.0,0.0,0.0,0.0,0
engine_step_start,1780280867.0476384,1780280867.0476384,1780280867.0531287,5.490303039550781,decode,1,0,451641,0.0,0.0,0.0,0.0,0.0,0
engine_step_start,1780280867.0547523,1780280867.0547523,1780280867.4230406,368.2882785797119,decode,0,0,451640,0.0,0.0,0.0,0.0,0.0,0
engine_step_start,1780280867.3138354,1780280867.3138354,1780280867.3243904,10.555028915405273,decode,1,0,451641,0.0,0.0,0.0,0.0,0.0,0
engine_step_start,1780280867.4230669,1780280867.4230669,1780280867.725932,302.86502838134766,decode,0,0,451640,0.0,0.0,0.0,0.0,0.0,0
engine_step_start,1780280867.6939037,1780280867.6939037,1780280867.7095325,15.628814697265625,decode,1,0,451641,0.0,0.0,0.0,0.0,0.0,0
engine_step_start,1780280867.7259684,1780280867.7259684,1780280868.2746692,548.7008094787598,decode,0,0,451640,122.87497520446777,0.22393802429632514,92.3929214477539,0.1683848827114414,1.3299176309080212,2
engine_step_start,1780280868.0884085,1780280868.0884085,1780280868.09907,10.661602020263672,decode,1,0,451641,0.0,0.0,0.0,0.0,0.0,0
engine_step_start,1780280868.2747123,1780280868.2747123,1780280868.7941859,519.4735527038574,decode,0,0,451640,57.14058876037598,0.10999710853990445,39.141178131103516,0.07534777839482658,1.459858683072425,2
engine_step_start,1780280868.7873738,1780280868.7873738,1780280868.7882824,0.9086132049560547,decode,1,0,451641,0.9086132049560547,1.0,0.9086132049560547,1.0,1.0,1
engine_step_start,1780280868.794233,1780280868.794233,1780280868.8343863,40.15326499938965,decode,0,0,451640,143.4187889099121,3.5717839859869964,40.15326499938965,1.0,3.5717839859869964,5
engine_step_start,1780280868.797581,1780280868.797581,1780280868.7980924,0.5114078521728516,decode,1,0,451641,1.5342235565185547,3.0,0.5114078521728516,1.0,3.0,3
engine_step_start,1780280868.8343992,1780280868.8343992,1780280868.8783474,43.94817352294922,decode,0,0,451640,136.05761528015137,3.0958650695484233,43.77555847167969,0.9960723043204652,3.1080726330007407,6
engine_step_start,1780280868.8351765,1780280868.8351765,1780280868.8357973,0.6208419799804688,decode,1,0,451641,1.2416839599609375,2.0,0.6208419799804688,1.0,2.0,2
engine_step_start,1780280868.878367,1780280868.878367,1780280868.8944082,16.041278839111328,decode,0,0,451640,0.0,0.0,0.0,0.0,0.0,0
engine_step_start,1780280868.8818126,1780280868.8818126,1780280868.8824172,0.6046295166015625,decode,1,0,451641,0.0,0.0,0.0,0.0,0.0,0
engine_step_start,1780280868.8944273,1780280868.8944273,1780280868.9041095,9.682178497314453,decode,0,0,451640,0.0,0.0,0.0,0.0,0.0,0
engine_step_start,1780280868.8961163,1780280868.8961163,1780280868.89679,0.6737709045410156,decode,1,0,451641,0.0,0.0,0.0,0.0,0.0,0
engine_step_start,1780280868.904121,1780280868.904121,1780280868.9133916,9.270668029785156,decode,0,0,451640,0.0,0.0,0.0,0.0,0.0,0
engine_step_start,1780280868.9078798,1780280868.9078798,1780280868.9088361,0.9562969207763672,decode,1,0,451641,0.0,0.0,0.0,0.0,0.0,0
engine_step_start,1780280868.9133968,1780280868.9133968,1780280868.9238243,10.427474975585938,decode,0,0,451640,0.0,0.0,0.0,0.0,0.0,0
engine_step_start,1780280868.915102,1780280868.915102,1780280868.9155967,0.4947185516357422,decode,1,0,451641,0.0,0.0,0.0,0.0,0.0,0
engine_step_start,1780280868.9238312,1780280868.9238312,1780280868.9329846,9.153366088867188,decode,0,0,451640,0.0,0.0,0.0,0.0,0.0,0
engine_step_start,1780280868.924126,1780280868.924126,1780280868.924708,0.5819797515869141,decode,1,0,451641,0.0,0.0,0.0,0.0,0.0,0
engine_step_start,1780280868.93299,1780280868.93299,1780280868.9420345,9.044408798217773,decode,0,0,451640,0.0,0.0,0.0,0.0,0.0,0
engine_step_start,1780280868.9332054,1780280868.9332054,1780280868.9337082,0.5028247833251953,decode,1,0,451641,0.0,0.0,0.0,0.0,0.0,0
engine_step_start,1780280868.9420395,1780280868.9420395,1780280868.9512181,9.178638458251953,decode,0,0,451640,0.0,0.0,0.0,0.0,0.0,0
engine_step_start,1780280868.9422884,1780280868.9422884,1780280868.9427533,0.4649162292480469,decode,1,0,451641,0.0,0.0,0.0,0.0,0.0,0
engine_step_start,1780280868.9512231,1780280868.9512231,1780280868.960551,9.327888488769531,decode,0,0,451640,0.0,0.0,0.0,0.0,0.0,0
engine_step_start,1780280868.951525,1780280868.951525,1780280868.9519527,0.4277229309082031,decode,1,0,451641,0.0,0.0,0.0,0.0,0.0,0
engine_step_start,1780280868.9605627,1780280868.9605627,1780280868.9698348,9.272098541259766,decode,0,0,451640,0.0,0.0,0.0,0.0,0.0,0
engine_step_start,1780280868.9607139,1780280868.9607139,1780280868.9611492,0.4353523254394531,decode,1,0,451641,0.0,0.0,0.0,0.0,0.0,0
engine_step_start,1780280868.96984,1780280868.96984,1780280868.9805763,10.736227035522461,decode,0,0,451640,0.0,0.0,0.0,0.0,0.0,0
engine_step_start,1780280868.972128,1780280868.972128,1780280868.972868,0.74005126953125,decode,1,0,451641,0.0,0.0,0.0,0.0,0.0,0
engine_step_start,1780280868.9805822,1780280868.9805822,1780280868.9895818,8.99958610534668,decode,0,0,451640,0.0,0.0,0.0,0.0,0.0,0
engine_step_start,1780280868.981064,1780280868.981064,1780280868.981647,0.5829334259033203,decode,1,0,451641,0.0,0.0,0.0,0.0,0.0,0
engine_step_start,1780280868.990572,1780280868.990572,1780280868.998701,8.129119873046875,decode,0,0,451640,0.0,0.0,0.0,0.0,0.0,0
engine_step_start,1780280868.990618,1780280868.990618,1780280868.9911702,0.5521774291992188,decode,1,0,451641,0.0,0.0,0.0,0.0,0.0,0
engine_step_start,1780280868.9987075,1780280868.9987075,1780280869.00771,9.002447128295898,decode,0,0,451640,0.0,0.0,0.0,0.0,0.0,0
engine_step_start,1780280868.998942,1780280868.998942,1780280868.9994206,0.4787445068359375,decode,1,0,451641,0.0,0.0,0.0,0.0,0.0,0
engine_step_start,1780280869.0077152,1780280869.0077152,1780280869.1561868,148.47159385681152,decode,0,0,451640,0.0,0.0,0.0,0.0,0.0,0
engine_step_start,1780280869.0079906,1780280869.0079906,1780280869.0084836,0.49304962158203125,decode,1,0,451641,0.0,0.0,0.0,0.0,0.0,0
engine_step_start,1780280869.0170698,1780280869.0170698,1780280869.0175664,0.4966259002685547,decode,1,0,451641,0.0,0.0,0.0,0.0,0.0,0
engine_step_start,1780280869.1562057,1780280869.1562057,1780280869.1655548,9.34910774230957,decode,0,0,451640,5.939245223999023,0.6352740162701145,5.939245223999023,0.6352740162701145,1.0,1
engine_step_start,1780280869.1655667,1780280869.1655667,1780280869.2232103,57.64365196228027,decode,0,0,451640,239.1049861907959,4.147984696515355,57.2357177734375,0.9929231723710061,4.177548487070115,11
engine_step_start,1780280869.1946726,1780280869.1946726,1780280869.355402,160.72940826416016,decode,1,0,451641,950.0927925109863,5.911132273625376,160.72940826416016,1.0,5.911132273625376,11
engine_step_start,1780280869.2232158,1780280869.2232158,1780280869.5534062,330.19042015075684,decode,0,0,451640,794.1794395446777,2.4052164783644385,138.8227939605713,0.42043253071118236,5.720814405811787,9
engine_step_start,1780280869.5534565,1780280869.5534565,1780280870.10459,551.133394241333,decode,0,0,451640,0.0,0.0,0.0,0.0,0.0,0
engine_step_start,1780280869.5699954,1780280869.5699954,1780280869.570877,0.8816719055175781,decode,1,0,451641,0.0,0.0,0.0,0.0,0.0,0
engine_step_start,1780280869.5709286,1780280869.5709286,1780280870.389322,818.3934688568115,decode,1,0,451641,0.0,0.0,0.0,0.0,0.0,0
engine_step_start,1780280870.1046317,1780280870.1046317,1780280871.1415634,1036.9317531585693,decode,0,0,451640,808.0801963806152,0.7792993067471841,577.8088569641113,0.5572293983707834,1.3985251119658875,7
engine_step_start,1780280870.389363,1780280870.389363,1780280871.1414657,752.1026134490967,decode,1,0,451641,807.6891899108887,1.0739082346847266,577.7111053466797,0.7681280386692606,1.398084929363096,7
engine_step_start,1780280871.1415417,1780280871.1415417,1780280871.1949334,53.39169502258301,decode,1,0,451641,286.8688106536865,5.372910722020532,53.39169502258301,1.0,5.372910722020532,7
engine_step_start,1780280871.1416268,1780280871.1416268,1780280871.1949356,53.308725357055664,decode,0,0,451640,286.53693199157715,5.375047519376725,53.308725357055664,1.0,5.375047519376725,7
engine_step_start,1780280871.1949656,1780280871.1949656,1780280871.3022904,107.32483863830566,decode,0,0,451640,1079.866886138916,10.061667921795479,107.32483863830566,1.0,10.061667921795479,14
engine_step_start,1780280871.19498,1780280871.19498,1780280871.301032,106.05216026306152,decode,1,0,451641,1077.2929191589355,10.158142148983286,106.05216026306152,1.0,10.158142148983286,14
engine_step_start,1780280871.30106,1780280871.30106,1780280871.3193443,18.284320831298828,decode,1,0,451641,53.38788032531738,2.9198722128047985,18.284320831298828,1.0,2.9198722128047985,4
engine_step_start,1780280871.3023179,1780280871.3023179,1780280871.321473,19.155025482177734,decode,0,0,451640,55.129289627075195,2.878058798635832,19.155025482177734,1.0,2.878058798635832,4
engine_step_start,1780280871.3193598,1780280871.3193598,1780280871.3391416,19.781827926635742,decode,1,0,451641,53.743600845336914,2.7168167190946235,19.781827926635742,1.0,2.7168167190946235,4
engine_step_start,1780280871.3214903,1780280871.3214903,1780280871.3402011,18.710851669311523,decode,0,0,451640,51.60164833068848,2.7578460479873597,18.710851669311523,1.0,2.7578460479873597,4
engine_step_start,1780280871.339152,1780280871.339152,1780280871.3538303,14.678239822387695,decode,1,0,451641,5.334138870239258,0.3634045317956631,2.824544906616211,0.19243076423292454,1.888494977631468,2
engine_step_start,1780280871.3402143,1780280871.3402143,1780280871.3530748,12.860536575317383,decode,0,0,451640,3.209829330444336,0.24958751228193768,1.76239013671875,0.13703861626592018,1.82129329004329,2
engine_step_start,1780280871.3530874,1780280871.3530874,1780280871.3669572,13.869762420654297,decode,0,0,451640,0.0,0.0,0.0,0.0,0.0,0
engine_step_start,1780280871.35384,1780280871.35384,1780280871.3667133,12.873172760009766,decode,1,0,451641,0.0,0.0,0.0,0.0,0.0,0
engine_step_start,1780280871.366722,1780280871.366722,1780280871.3778176,11.095523834228516,decode,1,0,451641,0.0,0.0,0.0,0.0,0.0,0
engine_step_start,1780280871.3669693,1780280871.3669693,1780280871.3789887,12.01939582824707,decode,0,0,451640,0.0,0.0,0.0,0.0,0.0,0
engine_step_start,1780280871.3778222,1780280871.3778222,1780280871.5300012,152.17900276184082,decode,1,0,451641,0.0,0.0,0.0,0.0,0.0,0
engine_step_start,1780280871.3789945,1780280871.3789945,1780280871.3917122,12.717723846435547,decode,0,0,451640,0.0,0.0,0.0,0.0,0.0,0
engine_step_start,1780280871.391718,1780280871.391718,1780280871.7125342,320.8162784576416,decode,0,0,451640,1572.387933731079,4.901209942620435,171.5531349182129,0.5347394955859872,9.1656030330236,17
engine_step_start,1780280871.5300071,1780280871.5300071,1780280871.7122796,182.27243423461914,decode,1,0,451641,1572.387933731079,8.62658108634857,171.5531349182129,0.9411907820213314,9.1656030330236,17
engine_step_start,1780280871.7122877,1780280871.7122877,1780280871.7234592,11.171579360961914,decode,1,0,451641,9.510040283203125,0.851270888021,8.099555969238281,0.7250144055317241,1.1741434122218297,2
engine_step_start,1780280871.7125707,1780280871.7125707,1780280871.7236059,11.03520393371582,decode,0,0,451640,9.803295135498047,0.888365561196932,8.246183395385742,0.7472615318137625,1.1888281724347298,2
engine_step_start,1780280871.723477,1780280871.723477,1780280871.8169425,93.46556663513184,decode,1,0,451641,329.7550678253174,3.5280914640212435,93.46556663513184,1.0,3.5280914640212435,8
engine_step_start,1780280871.723621,1780280871.723621,1780280871.8161166,92.49567985534668,decode,0,0,451640,328.6411762237549,3.553043523089018,92.49567985534668,1.0,3.553043523089018,8
engine_step_start,1780280871.8161397,1780280871.8161397,1780280871.829658,13.518333435058594,decode,0,0,451640,17.40264892578125,1.287336860670194,9.958505630493164,0.7366666666666667,1.747516100457277,2
engine_step_start,1780280871.8169644,1780280871.8169644,1780280871.8295565,12.592077255249023,decode,1,0,451641,16.374826431274414,1.3004070813215942,9.032249450683594,0.7172962226640159,1.8129289409777214,2
engine_step_start,1780280871.8295722,1780280871.8295722,1780280871.8587615,29.189348220825195,decode,1,0,451641,43.96986961364746,1.5063669555415793,29.189348220825195,1.0,1.5063669555415793,2
engine_step_start,1780280871.8296738,1780280871.8296738,1780280871.8588333,29.1595458984375,decode,0,0,451640,43.8385009765625,1.5034013605442176,29.1595458984375,1.0,1.5034013605442176,2
engine_step_start,1780280871.85878,1780280871.85878,1780280871.8702965,11.516571044921875,decode,1,0,451641,11.516571044921875,1.0,11.516571044921875,1.0,1.0,1
engine_step_start,1780280871.8588467,1780280871.8588467,1780280871.8715305,12.683868408203125,decode,0,0,451640,12.683868408203125,1.0,12.683868408203125,1.0,1.0,1
engine_step_start,1780280871.870309,1780280871.870309,1780280871.9018548,31.545639038085938,decode,1,0,451641,19.705533981323242,0.6246674526875869,19.59061622619629,0.6210245480379708,1.0058659591816865,2
engine_step_start,1780280871.8715436,1780280871.8715436,1780280871.902138,30.594348907470703,decode,0,0,451640,18.47100257873535,0.6037390314988856,18.3560848236084,0.5999828556288088,1.006260472003221,2
engine_step_start,1780280871.9018593,1780280871.9018593,1780280871.9135814,11.722087860107422,decode,1,0,451641,0.0,0.0,0.0,0.0,0.0,0
engine_step_start,1780280871.9021437,1780280871.9021437,1780280871.9138336,11.689901351928711,decode,0,0,451640,0.0,0.0,0.0,0.0,0.0,0
engine_step_start,1780280871.9135907,1780280871.9135907,1780280871.925466,11.875391006469727,decode,1,0,451641,0.0,0.0,0.0,0.0,0.0,0
engine_step_start,1780280871.9138463,1780280871.9138463,1780280871.9255672,11.720895767211914,decode,0,0,451640,0.0,0.0,0.0,0.0,0.0,0
engine_step_start,1780280871.9254725,1780280871.9254725,1780280871.9370158,11.54327392578125,decode,1,0,451641,0.0,0.0,0.0,0.0,0.0,0
engine_step_start,1780280871.9255738,1780280871.9255738,1780280871.9372811,11.707305908203125,decode,0,0,451640,0.0,0.0,0.0,0.0,0.0,0
engine_step_start,1780280871.9370205,1780280871.9370205,1780280871.9489312,11.910676956176758,decode,1,0,451641,0.0,0.0,0.0,0.0,0.0,0
engine_step_start,1780280871.9372873,1780280871.9372873,1780280871.9490747,11.78741455078125,decode,0,0,451640,0.0,0.0,0.0,0.0,0.0,0
engine_step_start,1780280871.9489357,1780280871.9489357,1780280871.9608667,11.93094253540039,decode,1,0,451641,0.0,0.0,0.0,0.0,0.0,0
engine_step_start,1780280871.949081,1780280871.949081,1780280871.9608717,11.790752410888672,decode,0,0,451640,0.0,0.0,0.0,0.0,0.0,0
engine_step_start,1780280871.9608777,1780280871.9608777,1780280871.9728105,11.932849884033203,decode,0,0,451640,9.551763534545898,0.8004595404595405,9.551763534545898,0.8004595404595405,1.0,1
engine_step_start,1780280871.9608874,1780280871.9608874,1780280871.9726677,11.780261993408203,decode,1,0,451641,9.408950805664062,0.7987047156446063,9.408950805664062,0.7987047156446063,1.0,1
engine_step_start,1780280871.9726803,1780280871.9726803,1780280871.9846437,11.963367462158203,decode,1,0,451641,11.963367462158203,1.0,11.963367462158203,1.0,1.0,1
engine_step_start,1780280871.972816,1780280871.972816,1780280871.9847922,11.976242065429688,decode,0,0,451640,11.976242065429688,1.0,11.976242065429688,1.0,1.0,1
engine_step_start,1780280871.984666,1780280871.984666,1780280871.996545,11.87896728515625,decode,1,0,451641,26.718616485595703,2.2492373153500322,11.87896728515625,1.0,2.2492373153500322,3
engine_step_start,1780280871.9848008,1780280871.9848008,1780280871.9966693,11.868476867675781,decode,0,0,451640,26.956558227539062,2.2712736038569705,11.868476867675781,1.0,2.2712736038569705,3
engine_step_start,1780280871.9965637,1780280871.9965637,1780280872.0134394,16.875743865966797,decode,1,0,451641,31.76403045654297,1.8822299454663616,16.875743865966797,1.0,1.8822299454663616,3
engine_step_start,1780280871.9966764,1780280871.9966764,1780280872.0136096,16.933202743530273,decode,0,0,451640,31.595945358276367,1.8659166748799685,16.933202743530273,1.0,1.8659166748799685,3
engine_step_start,1780280872.0141923,1780280872.0141923,1780280872.025372,11.179685592651367,decode,0,0,451640,9.51528549194336,0.8511228167452176,6.155252456665039,0.5505747371563839,1.5458806212960452,2
engine_step_start,1780280872.0143812,1780280872.0143812,1780280872.0251875,10.80632209777832,decode,1,0,451641,9.326457977294922,0.8630557087699945,5.966424942016602,0.5521235521235521,1.5631568431568432,2
engine_step_start,1780280872.0252004,1780280872.0252004,1780280872.038001,12.80069351196289,decode,1,0,451641,0.0,0.0,0.0,0.0,0.0,0
engine_step_start,1780280872.0253787,1780280872.0253787,1780280872.037133,11.754274368286133,decode,0,0,451640,0.0,0.0,0.0,0.0,0.0,0
engine_step_start,1780280872.037139,1780280872.037139,1780280872.0515444,14.405488967895508,decode,0,0,451640,0.0,0.0,0.0,0.0,0.0,0
engine_step_start,1780280872.0380106,1780280872.0380106,1780280872.0514634,13.452768325805664,decode,1,0,451641,0.0,0.0,0.0,0.0,0.0,0
engine_step_start,1780280872.0514777,1780280872.0514777,1780280872.0632284,11.75069808959961,decode,1,0,451641,0.0,0.0,0.0,0.0,0.0,0
engine_step_start,1780280872.0515504,1780280872.0515504,1780280872.0635066,11.956214904785156,decode,0,0,451640,0.0,0.0,0.0,0.0,0.0,0
engine_step_start,1780280872.0632327,1780280872.0632327,1780280872.0751941,11.96146011352539,decode,1,0,451641,0.0,0.0,0.0,0.0,0.0,0
engine_step_start,1780280872.0635123,1780280872.0635123,1780280872.075416,11.903762817382812,decode,0,0,451640,0.0,0.0,0.0,0.0,0.0,0
engine_step_start,1780280872.0751984,1780280872.0751984,1780280872.0870066,11.808156967163086,decode,1,0,451641,0.0,0.0,0.0,0.0,0.0,0
engine_step_start,1780280872.075422,1780280872.075422,1780280872.0871294,11.707305908203125,decode,0,0,451640,0.0,0.0,0.0,0.0,0.0,0
engine_step_start,1780280872.0870113,1780280872.0870113,1780280872.0988493,11.837959289550781,decode,1,0,451641,0.0,0.0,0.0,0.0,0.0,0
engine_step_start,1780280872.0871348,1780280872.0871348,1780280872.0989285,11.79361343383789,decode,0,0,451640,0.0,0.0,0.0,0.0,0.0,0
engine_step_start,1780280872.0988536,1780280872.0988536,1780280872.1106043,11.75069808959961,decode,1,0,451641,0.0,0.0,0.0,0.0,0.0,0
engine_step_start,1780280872.0989342,1780280872.0989342,1780280872.1107798,11.845588684082031,decode,0,0,451640,0.0,0.0,0.0,0.0,0.0,0
engine_step_start,1780280872.1106086,1780280872.1106086,1780280872.1227605,12.151956558227539,decode,1,0,451641,0.0,0.0,0.0,0.0,0.0,0
engine_step_start,1780280872.1107862,1780280872.1107862,1780280872.1227412,11.955022811889648,decode,0,0,451640,0.0,0.0,0.0,0.0,0.0,0
engine_step_start,1780280872.122747,1780280872.122747,1780280872.1347382,11.991262435913086,decode,0,0,451640,3.309011459350586,0.275951883885078,3.309011459350586,0.275951883885078,1.0,1
engine_step_start,1780280872.122783,1780280872.122783,1780280872.134638,11.855125427246094,decode,1,0,451641,3.309011459350586,0.27912074652079477,3.309011459350586,0.27912074652079477,1.0,1
engine_step_start,1780280872.1346505,1780280872.1346505,1780280872.1467376,12.087106704711914,decode,1,0,451641,0.0,0.0,0.0,0.0,0.0,0
engine_step_start,1780280872.134745,1780280872.134745,1780280872.1467216,11.97671890258789,decode,0,0,451640,0.0,0.0,0.0,0.0,0.0,0
engine_step_start,1780280872.1467276,1780280872.1467276,1780280872.1589139,12.186288833618164,decode,0,0,451640,0.0,0.0,0.0,0.0,0.0,0
engine_step_start,1780280872.146745,1780280872.146745,1780280872.158789,12.043952941894531,decode,1,0,451641,0.0,0.0,0.0,0.0,0.0,0
engine_step_start,1780280872.1588018,1780280872.1588018,1780280872.170628,11.826276779174805,decode,1,0,451641,0.0,0.0,0.0,0.0,0.0,0
engine_step_start,1780280872.1589234,1780280872.1589234,1780280872.1707852,11.861801147460938,decode,0,0,451640,0.0,0.0,0.0,0.0,0.0,0
engine_step_start,1780280872.1706414,1780280872.1706414,1780280872.182622,11.980533599853516,decode,1,0,451641,1.0559558868408203,0.08813930348258707,1.0559558868408203,0.08813930348258707,1.0,1
engine_step_start,1780280872.1707916,1780280872.1707916,1780280872.18281,12.018442153930664,decode,0,0,451640,1.0559558868408203,0.08786129461008947,1.0559558868408203,0.08786129461008947,1.0,1
engine_step_start,1780280872.182632,1780280872.182632,1780280872.1946435,12.011528015136719,decode,1,0,451641,0.0,0.0,0.0,0.0,0.0,0
engine_step_start,1780280872.182817,1780280872.182817,1780280872.1947773,11.960268020629883,decode,0,0,451640,0.0,0.0,0.0,0.0,0.0,0
engine_step_start,1780280872.1946478,1780280872.1946478,1780280872.206587,11.939287185668945,decode,1,0,451641,0.0,0.0,0.0,0.0,0.0,0
engine_step_start,1780280872.1947837,1780280872.1947837,1780280872.206805,12.021303176879883,decode,0,0,451640,0.0,0.0,0.0,0.0,0.0,0
engine_step_start,1780280872.2065964,1780280872.2065964,1780280872.2187133,12.11690902709961,decode,1,0,451641,0.0,0.0,0.0,0.0,0.0,0
engine_step_start,1780280872.2068114,1780280872.2068114,1780280872.2188568,12.04538345336914,decode,0,0,451640,0.0,0.0,0.0,0.0,0.0,0
engine_step_start,1780280872.2187283,1780280872.2187283,1780280872.2307463,12.017965316772461,decode,1,0,451641,9.419679641723633,0.7837998690658043,9.419679641723633,0.7837998690658043,1.0,1
engine_step_start,1780280872.218863,1780280872.218863,1780280872.2309535,12.090444564819336,decode,0,0,451640,9.62686538696289,0.7962375027114432,9.62686538696289,0.7962375027114432,1.0,1
engine_step_start,1780280872.2307577,1780280872.2307577,1780280872.2467737,16.016006469726562,decode,1,0,451641,3.8127899169921875,0.23806121233773966,3.8127899169921875,0.23806121233773966,1.0,1
engine_step_start,1780280872.2309597,1780280872.2309597,1780280872.2468925,15.932798385620117,decode,0,0,451640,3.610849380493164,0.22662995495832522,3.610849380493164,0.22662995495832522,1.0,1
engine_step_start,1780280872.2467778,1780280872.2467778,1780280872.258868,12.090206146240234,decode,1,0,451641,0.0,0.0,0.0,0.0,0.0,0
engine_step_start,1780280872.2468984,1780280872.2468984,1780280872.2590663,12.167930603027344,decode,0,0,451640,0.0,0.0,0.0,0.0,0.0,0
engine_step_start,1780280872.2588775,1780280872.2588775,1780280872.2708797,12.002229690551758,decode,1,0,451641,0.0,0.0,0.0,0.0,0.0,0
engine_step_start,1780280872.259072,1780280872.259072,1780280872.2710297,11.957645416259766,decode,0,0,451640,0.0,0.0,0.0,0.0,0.0,0
engine_step_start,1780280872.2708833,1780280872.2708833,1780280872.282946,12.062788009643555,decode,1,0,451641,0.0,0.0,0.0,0.0,0.0,0
engine_step_start,1780280872.2710354,1780280872.2710354,1780280872.2831411,12.105703353881836,decode,0,0,451640,0.0,0.0,0.0,0.0,0.0,0
engine_step_start,1780280872.2829506,1780280872.2829506,1780280872.2949727,12.022018432617188,decode,1,0,451641,0.0,0.0,0.0,0.0,0.0,0
engine_step_start,1780280872.2831473,1780280872.2831473,1780280872.2952096,12.062311172485352,decode,0,0,451640,0.0,0.0,0.0,0.0,0.0,0
engine_step_start,1780280872.2949767,1780280872.2949767,1780280872.307022,12.04538345336914,decode,1,0,451641,0.0,0.0,0.0,0.0,0.0,0
engine_step_start,1780280872.2952154,1780280872.2952154,1780280872.3071995,11.984109878540039,decode,0,0,451640,0.0,0.0,0.0,0.0,0.0,0
engine_step_start,1780280872.307027,1780280872.307027,1780280872.3189657,11.93857192993164,decode,1,0,451641,0.0,0.0,0.0,0.0,0.0,0
engine_step_start,1780280872.3072052,1780280872.3072052,1780280872.319132,11.926889419555664,decode,0,0,451640,0.0,0.0,0.0,0.0,0.0,0
engine_step_start,1780280872.3189692,1780280872.3189692,1780280872.3309615,11.992216110229492,decode,1,0,451641,0.0,0.0,0.0,0.0,0.0,0
engine_step_start,1780280872.3191378,1780280872.3191378,1780280872.3310134,11.875629425048828,decode,0,0,451640,0.0,0.0,0.0,0.0,0.0,0
engine_step_start,1780280872.3309689,1780280872.3309689,1780280872.34275,11.78121566772461,decode,1,0,451641,0.0,0.0,0.0,0.0,0.0,0
engine_step_start,1780280872.3310187,1780280872.3310187,1780280872.3427355,11.716842651367188,decode,0,0,451640,0.0,0.0,0.0,0.0,0.0,0
engine_step_start,1780280872.3427415,1780280872.3427415,1780280872.3546107,11.869192123413086,decode,0,0,451640,0.0,0.0,0.0,0.0,0.0,0
engine_step_start,1780280872.3427575,1780280872.3427575,1780280872.354455,11.697530746459961,decode,1,0,451641,0.0,0.0,0.0,0.0,0.0,0
engine_step_start,1780280872.3544595,1780280872.3544595,1780280872.3663406,11.881113052368164,decode,1,0,451641,0.0,0.0,0.0,0.0,0.0,0
engine_step_start,1780280872.3546164,1780280872.3546164,1780280872.3664448,11.828422546386719,decode,0,0,451640,0.0,0.0,0.0,0.0,0.0,0
engine_step_start,1780280872.3663454,1780280872.3663454,1780280872.3784306,12.085199356079102,decode,1,0,451641,0.0,0.0,0.0,0.0,0.0,0
engine_step_start,1780280872.3664505,1780280872.3664505,1780280872.3785577,12.107133865356445,decode,0,0,451640,0.0,0.0,0.0,0.0,0.0,0
engine_step_start,1780280872.3784356,1780280872.3784356,1780280872.3905778,12.142181396484375,decode,1,0,451641,0.0,0.0,0.0,0.0,0.0,0
engine_step_start,1780280872.3785634,1780280872.3785634,1780280872.3906865,12.12310791015625,decode,0,0,451640,0.0,0.0,0.0,0.0,0.0,0
engine_step_start,1780280872.3905926,1780280872.3905926,1780280872.4025805,11.987924575805664,decode,1,0,451641,9.39488410949707,0.7836956305562738,9.39488410949707,0.7836956305562738,1.0,1
engine_step_start,1780280872.3906927,1780280872.3906927,1780280872.4027827,12.089967727661133,decode,0,0,451640,9.597063064575195,0.7938038612475103,9.597063064575195,0.7938038612475103,1.0,1
engine_step_start,1780280872.4032066,1780280872.4032066,1780280872.4147592,11.552572250366211,decode,0,0,451640,20.78700065612793,1.7993395934372098,11.552572250366211,1.0,1.7993395934372098,2
engine_step_start,1780280872.4032395,1780280872.4032395,1780280872.4145854,11.345863342285156,decode,1,0,451641,20.406484603881836,1.7985836765571153,11.345863342285156,1.0,1.7985836765571153,2
engine_step_start,1780280872.4145956,1780280872.4145956,1780280872.4265225,11.926889419555664,decode,1,0,451641,14.609813690185547,1.2249475262368816,11.926889419555664,1.0,1.2249475262368816,2
engine_step_start,1780280872.4147666,1780280872.4147666,1780280872.4266653,11.89875602722168,decode,0,0,451640,14.410734176635742,1.2111126695653915,11.89875602722168,1.0,1.2111126695653915,2
engine_step_start,1780280872.4265268,1780280872.4265268,1780280872.4387476,12.22085952758789,decode,1,0,451641,2.5129318237304688,0.2056264387997971,2.5129318237304688,0.2056264387997971,1.0,1
engine_step_start,1780280872.4266717,1780280872.4266717,1780280872.4387765,12.10474967956543,decode,0,0,451640,2.3679733276367188,0.19562348584822045,2.3679733276367188,0.19562348584822045,1.0,1
engine_step_start,1780280872.438758,1780280872.438758,1780280872.450779,12.021064758300781,decode,1,0,451641,0.0,0.0,0.0,0.0,0.0,0
engine_step_start,1780280872.4387825,1780280872.4387825,1780280872.450855,12.072563171386719,decode,0,0,451640,0.0,0.0,0.0,0.0,0.0,0
engine_step_start,1780280872.4507887,1780280872.4507887,1780280872.4738138,23.025035858154297,decode,1,0,451641,0.0,0.0,0.0,0.0,0.0,0
engine_step_start,1780280872.450861,1780280872.450861,1780280872.4739847,23.123741149902344,decode,0,0,451640,0.0,0.0,0.0,0.0,0.0,0
engine_step_start,1780280872.473824,1780280872.473824,1780280872.4866025,12.778520584106445,decode,1,0,451641,0.0,0.0,0.0,0.0,0.0,0
engine_step_start,1780280872.473991,1780280872.473991,1780280872.4859707,11.979818344116211,decode,0,0,451640,0.0,0.0,0.0,0.0,0.0,0
engine_step_start,1780280872.485977,1780280872.485977,1780280872.5002942,14.31727409362793,decode,0,0,451640,0.0,0.0,0.0,0.0,0.0,0
engine_step_start,1780280872.4866068,1780280872.4866068,1780280872.500109,13.502120971679688,decode,1,0,451641,0.0,0.0,0.0,0.0,0.0,0
engine_step_start,1780280872.5001132,1780280872.5001132,1780280872.512106,11.992692947387695,decode,1,0,451641,0.0,0.0,0.0,0.0,0.0,0
engine_step_start,1780280872.5003004,1780280872.5003004,1780280872.5123224,12.022018432617188,decode,0,0,451640,0.0,0.0,0.0,0.0,0.0,0
engine_step_start,1780280872.5121121,1780280872.5121121,1780280872.5241904,12.078285217285156,decode,1,0,451641,0.0,0.0,0.0,0.0,0.0,0
engine_step_start,1780280872.5123286,1780280872.5123286,1780280872.5244215,12.092828750610352,decode,0,0,451640,0.0,0.0,0.0,0.0,0.0,0
engine_step_start,1780280872.5241957,1780280872.5241957,1780280872.536295,12.099266052246094,decode,1,0,451641,0.0,0.0,0.0,0.0,0.0,0
engine_step_start,1780280872.5244272,1780280872.5244272,1780280872.536481,12.053728103637695,decode,0,0,451640,0.0,0.0,0.0,0.0,0.0,0
engine_step_start,1780280872.5362992,1780280872.5362992,1780280872.54856,12.260675430297852,decode,1,0,451641,0.0,0.0,0.0,0.0,0.0,0
engine_step_start,1780280872.5364864,1780280872.5364864,1780280872.5486045,12.118101119995117,decode,0,0,451640,0.0,0.0,0.0,0.0,0.0,0
engine_step_start,1780280872.5485644,1780280872.5485644,1780280872.5607014,12.13693618774414,decode,1,0,451641,0.0,0.0,0.0,0.0,0.0,0
engine_step_start,1780280872.5486104,1780280872.5486104,1780280872.560957,12.346506118774414,decode,0,0,451640,0.0,0.0,0.0,0.0,0.0,0
engine_step_start,1780280872.5607054,1780280872.5607054,1780280872.5732815,12.576103210449219,decode,1,0,451641,0.0,0.0,0.0,0.0,0.0,0
engine_step_start,1780280872.5609643,1780280872.5609643,1780280872.5731504,12.186050415039062,decode,0,0,451640,0.0,0.0,0.0,0.0,0.0,0
engine_step_start,1780280872.5731559,1780280872.5731559,1780280872.5853565,12.200593948364258,decode,0,0,451640,9.831905364990234,0.8058546499130401,9.831905364990234,0.8058546499130401,1.0,1
engine_step_start,1780280872.5732975,1780280872.5732975,1780280872.5851552,11.857748031616211,decode,1,0,451641,9.630680084228516,0.8121845782648035,9.630680084228516,0.8121845782648035,1.0,1
engine_step_start,1780280872.5851676,1780280872.5851676,1780280872.6031244,17.95673370361328,decode,1,0,451641,5.607843399047852,0.312297519783313,5.607843399047852,0.312297519783313,1.0,1
engine_step_start,1780280872.5853717,1780280872.5853717,1780280872.603223,17.85135269165039,decode,0,0,451640,5.403757095336914,0.3027085503646125,5.403757095336914,0.3027085503646125,1.0,1
engine_step_start,1780280872.6031296,1780280872.6031296,1780280872.6153648,12.235164642333984,decode,1,0,451641,0.0,0.0,0.0,0.0,0.0,0
engine_step_start,1780280872.6032293,1780280872.6032293,1780280872.6155224,12.293100357055664,decode,0,0,451640,0.0,0.0,0.0,0.0,0.0,0
engine_step_start,1780280872.615377,1780280872.615377,1780280872.6276083,12.23134994506836,decode,1,0,451641,0.0,0.0,0.0,0.0,0.0,0
engine_step_start,1780280872.6155283,1780280872.6155283,1780280872.6277597,12.23134994506836,decode,0,0,451640,0.0,0.0,0.0,0.0,0.0,0
engine_step_start,1780280872.6276138,1780280872.6276138,1780280872.6398194,12.20560073852539,decode,1,0,451641,0.0,0.0,0.0,0.0,0.0,0
engine_step_start,1780280872.627766,1780280872.627766,1780280872.6399648,12.198925018310547,decode,0,0,451640,0.0,0.0,0.0,0.0,0.0,0
engine_step_start,1780280872.6398242,1780280872.6398242,1780280872.6521146,12.290477752685547,decode,1,0,451641,0.0,0.0,0.0,0.0,0.0,0
engine_step_start,1780280872.6399708,1780280872.6399708,1780280872.6523428,12.372016906738281,decode,0,0,451640,0.0,0.0,0.0,0.0,0.0,0
engine_step_start,1780280872.65212,1780280872.65212,1780280872.664492,12.37177848815918,decode,1,0,451641,0.0,0.0,0.0,0.0,0.0,0
engine_step_start,1780280872.6523492,1780280872.6523492,1780280872.6646066,12.25733757019043,decode,0,0,451640,0.0,0.0,0.0,0.0,0.0,0
engine_step_start,1780280872.6644964,1780280872.6644964,1780280872.676838,12.341499328613281,decode,1,0,451641,0.0,0.0,0.0,0.0,0.0,0
engine_step_start,1780280872.664613,1780280872.664613,1780280872.677024,12.410879135131836,decode,0,0,451640,0.0,0.0,0.0,0.0,0.0,0
engine_step_start,1780280872.676842,1780280872.676842,1780280872.6893823,12.540340423583984,decode,1,0,451641,0.0,0.0,0.0,0.0,0.0,0
engine_step_start,1780280872.6770298,1780280872.6770298,1780280872.6893966,12.366771697998047,decode,0,0,451640,0.0,0.0,0.0,0.0,0.0,0
engine_step_start,1780280872.6893873,1780280872.6893873,1780280872.7017071,12.319803237915039,decode,1,0,451641,0.0,0.0,0.0,0.0,0.0,0
engine_step_start,1780280872.6894026,1780280872.6894026,1780280872.7017543,12.351751327514648,decode,0,0,451640,0.0,0.0,0.0,0.0,0.0,0
engine_step_start,1780280872.7017126,1780280872.7017126,1780280872.7138968,12.18414306640625,decode,1,0,451641,0.0,0.0,0.0,0.0,0.0,0
engine_step_start,1780280872.701761,1780280872.701761,1780280872.713907,12.14599609375,decode,0,0,451640,0.0,0.0,0.0,0.0,0.0,0
engine_step_start,1780280872.7139132,1780280872.7139132,1780280872.726159,12.245893478393555,decode,1,0,451641,5.667924880981445,0.4628429024784378,5.667924880981445,0.4628429024784378,1.0,1
engine_step_start,1780280872.7139134,1780280872.7139134,1780280872.726318,12.404441833496094,decode,0,0,451640,5.667924880981445,0.456927039286538,5.667924880981445,0.456927039286538,1.0,1
engine_step_start,1780280872.7261715,1780280872.7261715,1780280872.7384253,12.253761291503906,decode,1,0,451641,0.0,0.0,0.0,0.0,0.0,0
engine_step_start,1780280872.7263236,1780280872.7263236,1780280872.7385085,12.184858322143555,decode,0,0,451640,0.0,0.0,0.0,0.0,0.0,0
engine_step_start,1780280872.7384305,1780280872.7384305,1780280872.7504785,12.048006057739258,decode,1,0,451641,0.0,0.0,0.0,0.0,0.0,0
engine_step_start,1780280872.7385142,1780280872.7385142,1780280872.7506003,12.086153030395508,decode,0,0,451640,0.0,0.0,0.0,0.0,0.0,0
engine_step_start,1780280872.7504992,1780280872.7504992,1780280872.7627826,12.2833251953125,decode,1,0,451641,9.67097282409668,0.7873253105590062,9.67097282409668,0.7873253105590062,1.0,1
engine_step_start,1780280872.7506073,1780280872.7506073,1780280872.7627735,12.166261672973633,decode,0,0,451640,9.66191291809082,0.7941562640851281,9.66191291809082,0.7941562640851281,1.0,1
engine_step_start,1780280872.7627792,1780280872.7627792,1780280872.7811406,18.361330032348633,decode,0,0,451640,5.835294723510742,0.317803487722852,5.835294723510742,0.317803487722852,1.0,1
engine_step_start,1780280872.7627947,1780280872.7627947,1780280872.7810736,18.278837203979492,decode,1,0,451641,5.819797515869141,0.3183899200438259,5.819797515869141,0.3183899200438259,1.0,1
engine_step_start,1780280872.7810879,1780280872.7810879,1780280872.793382,12.29405403137207,decode,1,0,451641,4.034996032714844,0.32820711723067975,4.034996032714844,0.32820711723067975,1.0,1
engine_step_start,1780280872.7811456,1780280872.7811456,1780280872.7933896,12.243986129760742,decode,0,0,451640,4.034996032714844,0.32954921623989875,4.034996032714844,0.32954921623989875,1.0,1
engine_step_start,1780280872.793392,1780280872.793392,1780280872.8056989,12.306928634643555,decode,1,0,451641,0.0,0.0,0.0,0.0,0.0,0
engine_step_start,1780280872.7933953,1780280872.7933953,1780280872.8056846,12.289285659790039,decode,0,0,451640,0.0,0.0,0.0,0.0,0.0,0
engine_step_start,1780280872.8056905,1780280872.8056905,1780280872.817912,12.221574783325195,decode,0,0,451640,0.0,0.0,0.0,0.0,0.0,0
engine_step_start,1780280872.805704,1780280872.805704,1780280872.8178694,12.165307998657227,decode,1,0,451641,0.0,0.0,0.0,0.0,0.0,0
engine_step_start,1780280872.8182905,1780280872.8182905,1780280872.8303423,12.051820755004883,decode,0,0,451640,9.389638900756836,0.7791054224613742,9.389638900756836,0.7791054224613742,1.0,1
engine_step_start,1780280872.8184667,1780280872.8184667,1780280872.8303087,11.842012405395508,decode,1,0,451641,9.356021881103516,0.7900702651553283,9.356021881103516,0.7900702651553283,1.0,1
engine_step_start,1780280872.830344,1780280872.830344,1780280872.842436,12.092113494873047,decode,1,0,451641,21.75164222717285,1.7988288181710634,12.092113494873047,1.0,1.7988288181710634,2
engine_step_start,1780280872.8303492,1780280872.8303492,1780280872.8426087,12.259483337402344,decode,0,0,451640,22.09162712097168,1.8020031116297162,12.259483337402344,1.0,1.8020031116297162,2
engine_step_start,1780280872.8424478,1780280872.8424478,1780280872.854823,12.375354766845703,decode,1,0,451641,5.145788192749023,0.4158093476669364,2.6137828826904297,0.2112087234616422,1.968712943537353,2
engine_step_start,1780280872.8426147,1780280872.8426147,1780280872.854965,12.350320816040039,decode,0,0,451640,4.812002182006836,0.3896256829018745,2.446889877319336,0.1981235883477153,1.966578973009841,2
engine_step_start,1780280872.8548284,1780280872.8548284,1780280872.867178,12.349605560302734,decode,1,0,451641,0.0,0.0,0.0,0.0,0.0,0
engine_step_start,1780280872.8549714,1780280872.8549714,1780280872.8672383,12.266874313354492,decode,0,0,451640,0.0,0.0,0.0,0.0,0.0,0
engine_step_start,1780280872.8671832,1780280872.8671832,1780280872.879567,12.383699417114258,decode,1,0,451641,0.0,0.0,0.0,0.0,0.0,0
engine_step_start,1780280872.8672447,1780280872.8672447,1780280872.8796442,12.399435043334961,decode,0,0,451640,0.0,0.0,0.0,0.0,0.0,0
engine_step_start,1780280872.8795767,1780280872.8795767,1780280872.8919115,12.334823608398438,decode,1,0,451641,0.0,0.0,0.0,0.0,0.0,0
engine_step_start,1780280872.87965,1780280872.87965,1780280872.892111,12.460947036743164,decode,0,0,451640,0.0,0.0,0.0,0.0,0.0,0
engine_step_start,1780280872.8919158,1780280872.8919158,1780280872.9042287,12.312889099121094,decode,1,0,451641,0.0,0.0,0.0,0.0,0.0,0
engine_step_start,1780280872.8921173,1780280872.8921173,1780280872.9044197,12.302398681640625,decode,0,0,451640,0.0,0.0,0.0,0.0,0.0,0
engine_step_start,1780280872.9042337,1780280872.9042337,1780280872.916541,12.307405471801758,decode,1,0,451641,0.0,0.0,0.0,0.0,0.0,0
engine_step_start,1780280872.9044256,1780280872.9044256,1780280872.916695,12.26949691772461,decode,0,0,451640,0.0,0.0,0.0,0.0,0.0,0
engine_step_start,1780280872.9165459,1780280872.9165459,1780280872.9289696,12.42375373840332,decode,1,0,451641,0.0,0.0,0.0,0.0,0.0,0
engine_step_start,1780280872.9167018,1780280872.9167018,1780280872.9290729,12.371063232421875,decode,0,0,451640,0.0,0.0,0.0,0.0,0.0,0
engine_step_start,1780280872.9289742,1780280872.9289742,1780280872.9412968,12.322664260864258,decode,1,0,451641,0.0,0.0,0.0,0.0,0.0,0
engine_step_start,1780280872.9290788,1780280872.9290788,1780280872.9414895,12.410640716552734,decode,0,0,451640,0.0,0.0,0.0,0.0,0.0,0
engine_step_start,1780280872.9413009,1780280872.9413009,1780280872.9537635,12.462615966796875,decode,1,0,451641,0.0,0.0,0.0,0.0,0.0,0
engine_step_start,1780280872.9414952,1780280872.9414952,1780280872.9538286,12.333393096923828,decode,0,0,451640,0.0,0.0,0.0,0.0,0.0,0
engine_step_start,1780280872.95378,1780280872.95378,1780280872.9661696,12.389659881591797,decode,1,0,451641,10.022878646850586,0.8089712504329754,10.022878646850586,0.8089712504329754,1.0,1
engine_step_start,1780280872.9538348,1780280872.9538348,1780280872.9663072,12.472391128540039,decode,0,0,451640,10.160446166992188,0.8146349855676409,10.160446166992188,0.8146349855676409,1.0,1
engine_step_start,1780280872.966192,1780280872.966192,1780280872.9829774,16.785383224487305,decode,1,0,451641,13.434648513793945,0.8003778248086019,13.434648513793945,0.8003778248086019,1.0,1
engine_step_start,1780280872.9663124,1780280872.9663124,1780280872.982976,16.663551330566406,decode,0,0,451640,13.314247131347656,0.7990041778744349,13.314247131347656,0.7990041778744349,1.0,1
engine_step_start,1780280872.9829814,1780280872.9829814,1780280872.9954245,12.443065643310547,decode,0,0,451640,0.0,0.0,0.0,0.0,0.0,0
engine_step_start,1780280872.982988,1780280872.982988,1780280872.9953992,12.411117553710938,decode,1,0,451641,0.0,0.0,0.0,0.0,0.0,0
engine_step_start,1780280872.9954107,1780280872.9954107,1780280873.0077991,12.388467788696289,decode,1,0,451641,0.0,0.0,0.0,0.0,0.0,0
engine_step_start,1780280872.99543,1780280872.99543,1780280873.007881,12.450933456420898,decode,0,0,451640,0.0,0.0,0.0,0.0,0.0,0
engine_step_start,1780280873.0078194,1780280873.0078194,1780280873.0212421,13.422727584838867,decode,1,0,451641,0.0,0.0,0.0,0.0,0.0,0
engine_step_start,1780280873.0078864,1780280873.0078864,1780280873.0205014,12.614965438842773,decode,0,0,451640,0.0,0.0,0.0,0.0,0.0,0
engine_step_start,1780280873.0205083,1780280873.0205083,1780280873.0393417,18.833398818969727,decode,0,0,451640,16.756057739257812,0.8896990872608965,16.756057739257812,0.8896990872608965,1.0,1
engine_step_start,1780280873.0212574,1780280873.0212574,1780280873.0391865,17.9290771484375,decode,1,0,451641,16.600847244262695,0.9259175531914894,16.600847244262695,0.9259175531914894,1.0,1
engine_step_start,1780280873.039191,1780280873.039191,1780280873.0518608,12.669801712036133,decode,1,0,451641,2.4335384368896484,0.19207391656160028,2.4335384368896484,0.19207391656160028,1.0,1
engine_step_start,1780280873.039347,1780280873.039347,1780280873.0519516,12.604713439941406,decode,0,0,451640,2.2776126861572266,0.1806953166376636,2.2776126861572266,0.1806953166376636,1.0,1
engine_step_start,1780280873.051865,1780280873.051865,1780280873.0643804,12.51530647277832,decode,1,0,451641,0.0,0.0,0.0,0.0,0.0,0
engine_step_start,1780280873.0519574,1780280873.0519574,1780280873.064561,12.603521347045898,decode,0,0,451640,0.0,0.0,0.0,0.0,0.0,0
engine_step_start,1780280873.064395,1780280873.064395,1780280873.0768285,12.433528900146484,decode,1,0,451641,9.822845458984375,0.7900287631831256,9.822845458984375,0.7900287631831256,1.0,1
engine_step_start,1780280873.0645669,1780280873.0645669,1780280873.076923,12.356042861938477,decode,0,0,451640,9.917259216308594,0.8026242161119151,9.917259216308594,0.8026242161119151,1.0,1
engine_step_start,1780280873.0768409,1780280873.0768409,1780280873.0894551,12.614250183105469,decode,1,0,451641,12.614250183105469,1.0,12.614250183105469,1.0,1.0,1
engine_step_start,1780280873.0769286,1780280873.0769286,1780280873.0894928,12.56418228149414,decode,0,0,451640,12.56418228149414,1.0,12.56418228149414,1.0,1.0,1
engine_step_start,1780280873.0894675,1780280873.0894675,1780280873.1018445,12.377023696899414,decode,1,0,451641,8.606195449829102,0.695336428254965,5.595207214355469,0.4520640302043804,1.5381370376683143,2
engine_step_start,1780280873.089499,1780280873.089499,1780280873.1019623,12.46333122253418,decode,0,0,451640,8.574724197387695,0.6879961740793878,5.5637359619140625,0.4464084170253467,1.5411810078848132,2
engine_step_start,1780280873.1018534,1780280873.1018534,1780280873.1144032,12.549877166748047,decode,1,0,451641,0.0,0.0,0.0,0.0,0.0,0
engine_step_start,1780280873.101968,1780280873.101968,1780280873.1145658,12.597799301147461,decode,0,0,451640,0.0,0.0,0.0,0.0,0.0,0
engine_step_start,1780280873.114408,1780280873.114408,1780280873.1270564,12.648344039916992,decode,1,0,451641,0.0,0.0,0.0,0.0,0.0,0
engine_step_start,1780280873.1145718,1780280873.1145718,1780280873.1270943,12.522459030151367,decode,0,0,451640,0.0,0.0,0.0,0.0,0.0,0
engine_step_start,1780280873.1270683,1780280873.1270683,1780280873.1395745,12.506246566772461,decode,1,0,451641,0.0,0.0,0.0,0.0,0.0,0
engine_step_start,1780280873.1271002,1780280873.1271002,1780280873.13978,12.679815292358398,decode,0,0,451640,0.0,0.0,0.0,0.0,0.0,0
engine_step_start,1780280873.1395786,1780280873.1395786,1780280873.152207,12.628316879272461,decode,1,0,451641,0.0,0.0,0.0,0.0,0.0,0
engine_step_start,1780280873.1397855,1780280873.1397855,1780280873.15225,12.464523315429688,decode,0,0,451640,0.0,0.0,0.0,0.0,0.0,0
engine_step_start,1780280873.1522202,1780280873.1522202,1780280873.164744,12.523651123046875,decode,1,0,451641,10.172128677368164,0.8122334754797441,10.172128677368164,0.8122334754797441,1.0,1
engine_step_start,1780280873.152256,1780280873.152256,1780280873.164813,12.557029724121094,decode,0,0,451640,10.241270065307617,0.8155806182121972,10.241270065307617,0.8155806182121972,1.0,1
engine_step_start,1780280873.1647584,1780280873.1647584,1780280873.1772637,12.505292892456055,decode,1,0,451641,2.44140625,0.19522983355894072,2.44140625,0.19522983355894072,1.0,1
engine_step_start,1780280873.164819,1780280873.164819,1780280873.177442,12.623071670532227,decode,0,0,451640,2.380847930908203,0.1886108225517046,2.380847930908203,0.1886108225517046,1.0,1
engine_step_start,1780280873.1772678,1780280873.1772678,1780280873.190096,12.82811164855957,decode,1,0,451641,0.0,0.0,0.0,0.0,0.0,0
engine_step_start,1780280873.177448,1780280873.177448,1780280873.1899974,12.549400329589844,decode,0,0,451640,0.0,0.0,0.0,0.0,0.0,0
engine_step_start,1780280873.1900034,1780280873.1900034,1780280873.2026129,12.609481811523438,decode,0,0,451640,0.0,0.0,0.0,0.0,0.0,0
engine_step_start,1780280873.1901026,1780280873.1901026,1780280873.202531,12.428522109985352,decode,1,0,451641,0.0,0.0,0.0,0.0,0.0,0
engine_step_start,1780280873.2025533,1780280873.2025533,1780280873.2151272,12.573957443237305,decode,1,0,451641,10.220527648925781,0.8128330078310169,10.220527648925781,0.8128330078310169,1.0,1
engine_step_start,1780280873.2026188,1780280873.2026188,1780280873.2151732,12.554407119750977,decode,0,0,451640,10.266542434692383,0.8177640199783505,10.266542434692383,0.8177640199783505,1.0,1
engine_step_start,1780280873.215137,1780280873.215137,1780280873.2277987,12.66169548034668,decode,1,0,451641,2.4566650390625,0.19402338674750974,2.4566650390625,0.19402338674750974,1.0,1
engine_step_start,1780280873.2151794,1780280873.2151794,1780280873.2278888,12.709379196166992,decode,0,0,451640,2.414226531982422,0.18995629091864108,2.414226531982422,0.18995629091864108,1.0,1
engine_step_start,1780280873.2282727,1780280873.2282727,1780280873.240464,12.191295623779297,decode,0,0,451640,0.0,0.0,0.0,0.0,0.0,0
engine_step_start,1780280873.2282884,1780280873.2282884,1780280873.2403786,12.090206146240234,decode,1,0,451641,0.0,0.0,0.0,0.0,0.0,0
engine_step_start,1780280873.2403836,1780280873.2403836,1780280873.252869,12.485265731811523,decode,1,0,451641,0.0,0.0,0.0,0.0,0.0,0
engine_step_start,1780280873.2404704,1780280873.2404704,1780280873.2529898,12.519359588623047,decode,0,0,451640,0.0,0.0,0.0,0.0,0.0,0
engine_step_start,1780280873.2528791,1780280873.2528791,1780280873.2655551,12.676000595092773,decode,1,0,451641,0.0,0.0,0.0,0.0,0.0,0
engine_step_start,1780280873.2529964,1780280873.2529964,1780280873.265615,12.618541717529297,decode,0,0,451640,0.0,0.0,0.0,0.0,0.0,0
engine_step_start,1780280873.2655592,1780280873.2655592,1780280873.2780998,12.540578842163086,decode,1,0,451641,0.0,0.0,0.0,0.0,0.0,0
engine_step_start,1780280873.2656214,1780280873.2656214,1780280873.278311,12.689590454101562,decode,0,0,451640,0.0,0.0,0.0,0.0,0.0,0
engine_step_start,1780280873.2781045,1780280873.2781045,1780280873.2907093,12.604713439941406,decode,1,0,451641,0.0,0.0,0.0,0.0,0.0,0
engine_step_start,1780280873.2783175,1780280873.2783175,1780280873.2907288,12.411355972290039,decode,0,0,451640,0.0,0.0,0.0,0.0,0.0,0
engine_step_start,1780280873.2907135,1780280873.2907135,1780280873.30327,12.55655288696289,decode,1,0,451641,0.0,0.0,0.0,0.0,0.0,0
engine_step_start,1780280873.2907345,1780280873.2907345,1780280873.3033164,12.581825256347656,decode,0,0,451640,0.0,0.0,0.0,0.0,0.0,0
engine_step_start,1780280873.3032756,1780280873.3032756,1780280873.3158863,12.610673904418945,decode,1,0,451641,0.0,0.0,0.0,0.0,0.0,0
engine_step_start,1780280873.3033228,1780280873.3033228,1780280873.3158932,12.570381164550781,decode,0,0,451640,0.0,0.0,0.0,0.0,0.0,0
engine_step_start,1780280873.3158994,1780280873.3158994,1780280873.328402,12.502670288085938,decode,0,0,451640,10.040283203125,0.8030511060259344,10.040283203125,0.8030511060259344,1.0,1
engine_step_start,1780280873.3159132,1780280873.3159132,1780280873.328386,12.472867965698242,decode,1,0,451641,10.024309158325195,0.8036891904807416,10.024309158325195,0.8036891904807416,1.0,1
engine_step_start,1780280873.3283982,1780280873.3283982,1780280873.3491867,20.78843116760254,decode,1,0,451641,20.78843116760254,1.0,20.78843116760254,1.0,1.0,1
engine_step_start,1780280873.328408,1780280873.328408,1780280873.3492794,20.871400833129883,decode,0,0,451640,20.871400833129883,1.0,20.871400833129883,1.0,1.0,1
engine_step_start,1780280873.349191,1780280873.349191,1780280873.3617935,12.602567672729492,decode,1,0,451641,2.2878646850585938,0.18153956752870845,2.2878646850585938,0.18153956752870845,1.0,1
engine_step_start,1780280873.3492846,1780280873.3492846,1780280873.3617935,12.508869171142578,decode,0,0,451640,2.1941661834716797,0.17540883619868106,2.1941661834716797,0.17540883619868106,1.0,1
engine_step_start,1780280873.3617985,1780280873.3617985,1780280873.3743193,12.520790100097656,decode,1,0,451641,0.0,0.0,0.0,0.0,0.0,0
engine_step_start,1780280873.3617995,1780280873.3617995,1780280873.3742955,12.495994567871094,decode,0,0,451640,0.0,0.0,0.0,0.0,0.0,0
engine_step_start,1780280873.3743012,1780280873.3743012,1780280873.3868928,12.59160041809082,decode,0,0,451640,0.0,0.0,0.0,0.0,0.0,0
engine_step_start,1780280873.3743238,1780280873.3743238,1780280873.3868055,12.481689453125,decode,1,0,451641,0.0,0.0,0.0,0.0,0.0,0
engine_step_start,1780280873.3868155,1780280873.3868155,1780280873.3994622,12.646675109863281,decode,1,0,451641,0.0,0.0,0.0,0.0,0.0,0
engine_step_start,1780280873.3868988,1780280873.3868988,1780280873.3995306,12.631893157958984,decode,0,0,451640,0.0,0.0,0.0,0.0,0.0,0
engine_step_start,1780280873.3994665,1780280873.3994665,1780280873.412082,12.615442276000977,decode,1,0,451641,0.0,0.0,0.0,0.0,0.0,0
engine_step_start,1780280873.3995364,1780280873.3995364,1780280873.412113,12.576580047607422,decode,0,0,451640,0.0,0.0,0.0,0.0,0.0,0
engine_step_start,1780280873.4120922,1780280873.4120922,1780280873.4246745,12.58230209350586,decode,1,0,451641,0.0,0.0,0.0,0.0,0.0,0
engine_step_start,1780280873.4121187,1780280873.4121187,1780280873.4246874,12.56871223449707,decode,0,0,451640,0.0,0.0,0.0,0.0,0.0,0
engine_step_start,1780280873.4246793,1780280873.4246793,1780280873.437308,12.628793716430664,decode,1,0,451641,0.0,0.0,0.0,0.0,0.0,0
engine_step_start,1780280873.424693,1780280873.424693,1780280873.4373643,12.671232223510742,decode,0,0,451640,0.0,0.0,0.0,0.0,0.0,0
engine_step_start,1780280873.4373124,1780280873.4373124,1780280873.4498982,12.585878372192383,decode,1,0,451641,0.0,0.0,0.0,0.0,0.0,0
engine_step_start,1780280873.43737,1780280873.43737,1780280873.4500225,12.652397155761719,decode,0,0,451640,0.0,0.0,0.0,0.0,0.0,0
engine_step_start,1780280873.4499025,1780280873.4499025,1780280873.4625752,12.672662734985352,decode,1,0,451641,0.0,0.0,0.0,0.0,0.0,0
engine_step_start,1780280873.450038,1780280873.450038,1780280873.4626079,12.569904327392578,decode,0,0,451640,0.0,0.0,0.0,0.0,0.0,0
engine_step_start,1780280873.462591,1780280873.462591,1780280873.4751806,12.589693069458008,decode,1,0,451641,10.06007194519043,0.7990720575703059,10.06007194519043,0.7990720575703059,1.0,1
engine_step_start,1780280873.4626138,1780280873.4626138,1780280873.475305,12.691259384155273,decode,0,0,451640,10.184526443481445,0.8024835152448762,10.184526443481445,0.8024835152448762,1.0,1
engine_step_start,1780280873.4751987,1780280873.4751987,1780280873.4876945,12.495756149291992,decode,1,0,451641,23.344755172729492,1.868214687756387,12.495756149291992,1.0,1.868214687756387,3
engine_step_start,1780280873.4753282,1780280873.4753282,1780280873.4879644,12.636184692382812,decode,0,0,451640,23.75507354736328,1.8799245283018868,12.636184692382812,1.0,1.8799245283018868,3
engine_step_start,1780280873.4877145,1780280873.4877145,1780280873.500495,12.780427932739258,decode,1,0,451641,23.240089416503906,1.8184124615241115,8.63504409790039,0.6756459285514411,2.691368932574963,4
engine_step_start,1780280873.487995,1780280873.487995,1780280873.5005257,12.530803680419922,decode,0,0,451640,22.67932891845703,1.8098862209368698,8.354663848876953,0.6667300886639522,2.714571086125221,4
engine_step_start,1780280873.5005217,1780280873.5005217,1780280873.51295,12.42828369140625,decode,1,0,451641,6.903886795043945,0.5554980049109883,6.903886795043945,0.5554980049109883,1.0,1
engine_step_start,1780280873.5005429,1780280873.5005429,1780280873.5130844,12.541532516479492,decode,0,0,451640,6.903886795043945,0.5504819116780412,6.903886795043945,0.5504819116780412,1.0,1
engine_step_start,1780280873.5129623,1780280873.5129623,1780280873.5257595,12.797117233276367,decode,1,0,451641,0.0,0.0,0.0,0.0,0.0,0
engine_step_start,1780280873.5130966,1780280873.5130966,1780280873.5257099,12.613296508789062,decode,0,0,451640,0.0,0.0,0.0,0.0,0.0,0
engine_step_start,1780280873.5257237,1780280873.5257237,1780280873.538285,12.561321258544922,decode,0,0,451640,0.0,0.0,0.0,0.0,0.0,0
engine_step_start,1780280873.5257726,1780280873.5257726,1780280873.5390468,13.274192810058594,decode,1,0,451641,0.0,0.0,0.0,0.0,0.0,0
engine_step_start,1780280873.5382924,1780280873.5382924,1780280873.5532405,14.948129653930664,decode,0,0,451640,0.0,0.0,0.0,0.0,0.0,0
engine_step_start,1780280873.5390568,1780280873.5390568,1780280873.5531316,14.07480239868164,decode,1,0,451641,0.0,0.0,0.0,0.0,0.0,0
engine_step_start,1780280873.5531366,1780280873.5531366,1780280873.5657878,12.651205062866211,decode,1,0,451641,0.0,0.0,0.0,0.0,0.0,0
engine_step_start,1780280873.553246,1780280873.553246,1780280873.5657516,12.505531311035156,decode,0,0,451640,0.0,0.0,0.0,0.0,0.0,0
engine_step_start,1780280873.5657573,1780280873.5657573,1780280873.5784578,12.700557708740234,decode,0,0,451640,0.0,0.0,0.0,0.0,0.0,0
engine_step_start,1780280873.5657923,1780280873.5657923,1780280873.5782993,12.506961822509766,decode,1,0,451641,0.0,0.0,0.0,0.0,0.0,0
engine_step_start,1780280873.5783036,1780280873.5783036,1780280873.5909123,12.608766555786133,decode,1,0,451641,0.0,0.0,0.0,0.0,0.0,0
engine_step_start,1780280873.578464,1780280873.578464,1780280873.5911162,12.652158737182617,decode,0,0,451640,0.0,0.0,0.0,0.0,0.0,0
engine_step_start,1780280873.590917,1780280873.590917,1780280873.6035655,12.648344039916992,decode,1,0,451641,9.907722473144531,0.7833217092985995,9.907722473144531,0.7833217092985995,1.0,1
engine_step_start,1780280873.591134,1780280873.591134,1780280873.6036215,12.487411499023438,decode,0,0,451640,9.963750839233398,0.7979036199786161,9.963750839233398,0.7979036199786161,1.0,1
engine_step_start,1780280873.60357,1780280873.60357,1780280873.6160512,12.481212615966797,decode,1,0,451641,2.480745315551758,0.19875835721107926,2.480745315551758,0.19875835721107926,1.0,1
engine_step_start,1780280873.6036348,1780280873.6036348,1780280873.616112,12.47715950012207,decode,0,0,451640,2.415895462036133,0.19362543710469493,2.415895462036133,0.19362543710469493,1.0,1
engine_step_start,1780280873.6160564,1780280873.6160564,1780280873.6285737,12.517213821411133,decode,1,0,451641,0.0,0.0,0.0,0.0,0.0,0
engine_step_start,1780280873.6161172,1780280873.6161172,1780280873.6287062,12.588977813720703,decode,0,0,451640,0.0,0.0,0.0,0.0,0.0,0
engine_step_start,1780280873.628578,1780280873.628578,1780280873.6411073,12.529373168945312,decode,1,0,451641,0.0,0.0,0.0,0.0,0.0,0
engine_step_start,1780280873.628712,1780280873.628712,1780280873.6411428,12.430906295776367,decode,0,0,451640,0.0,0.0,0.0,0.0,0.0,0
engine_step_start,1780280873.6416218,1780280873.6416218,1780280873.6537638,12.141942977905273,decode,0,0,451640,0.0,0.0,0.0,0.0,0.0,0
engine_step_start,1780280873.6417844,1780280873.6417844,1780280873.6538043,12.019872665405273,decode,1,0,451641,0.0,0.0,0.0,0.0,0.0,0
engine_step_start,1780280873.65377,1780280873.65377,1780280873.6663837,12.613773345947266,decode,0,0,451640,0.0,0.0,0.0,0.0,0.0,0
engine_step_start,1780280873.653813,1780280873.653813,1780280873.6664956,12.682676315307617,decode,1,0,451641,0.0,0.0,0.0,0.0,0.0,0
engine_step_start,1780280873.66639,1780280873.66639,1780280873.678917,12.526988983154297,decode,0,0,451640,0.0,0.0,0.0,0.0,0.0,0
engine_step_start,1780280873.6665032,1780280873.6665032,1780280873.6789613,12.458086013793945,decode,1,0,451641,0.0,0.0,0.0,0.0,0.0,0
engine_step_start,1780280873.6789227,1780280873.6789227,1780280873.6915402,12.61758804321289,decode,0,0,451640,0.0,0.0,0.0,0.0,0.0,0
engine_step_start,1780280873.678966,1780280873.678966,1780280873.6916656,12.699604034423828,decode,1,0,451641,0.0,0.0,0.0,0.0,0.0,0
engine_step_start,1780280873.6915457,1780280873.6915457,1780280873.704143,12.597322463989258,decode,0,0,451640,0.0,0.0,0.0,0.0,0.0,0
engine_step_start,1780280873.6916738,1780280873.6916738,1780280873.704028,12.354135513305664,decode,1,0,451641,0.0,0.0,0.0,0.0,0.0,0
engine_step_start,1780280873.7040331,1780280873.7040331,1780280873.7167284,12.6953125,decode,1,0,451641,0.0,0.0,0.0,0.0,0.0,0
engine_step_start,1780280873.7041492,1780280873.7041492,1780280873.7167614,12.612104415893555,decode,0,0,451640,0.0,0.0,0.0,0.0,0.0,0
engine_step_start,1780280873.7167344,1780280873.7167344,1780280873.729697,12.962579727172852,decode,1,0,451641,0.0,0.0,0.0,0.0,0.0,0
engine_step_start,1780280873.7167675,1780280873.7167675,1780280873.7292433,12.475728988647461,decode,0,0,451640,0.0,0.0,0.0,0.0,0.0,0
engine_step_start,1780280873.729251,1780280873.729251,1780280873.7418628,12.611865997314453,decode,0,0,451640,9.749174118041992,0.7730159930432152,9.749174118041992,0.7730159930432152,1.0,1
engine_step_start,1780280873.7298095,1780280873.7298095,1780280873.741727,11.917591094970703,decode,1,0,451641,9.613513946533203,0.806665866442604,9.613513946533203,0.806665866442604,1.0,1
engine_step_start,1780280873.7417562,1780280873.7417562,1780280873.7544506,12.694358825683594,decode,1,0,451641,9.560346603393555,0.7531177221846593,6.00743293762207,0.4732364210051837,1.5914196134460452,2
engine_step_start,1780280873.7418709,1780280873.7418709,1780280873.7543335,12.462615966796875,decode,0,0,451640,9.445667266845703,0.7579201101928374,5.892753601074219,0.47283440465258647,1.6029292765819712,2
engine_step_start,1780280873.7543468,1780280873.7543468,1780280873.7671025,12.755632400512695,decode,0,0,451640,0.0,0.0,0.0,0.0,0.0,0
engine_step_start,1780280873.7544641,1780280873.7544641,1780280873.7669778,12.51363754272461,decode,1,0,451641,0.0,0.0,0.0,0.0,0.0,0
engine_step_start,1780280873.7669837,1780280873.7669837,1780280873.779691,12.707233428955078,decode,1,0,451641,0.0,0.0,0.0,0.0,0.0,0
engine_step_start,1780280873.7671123,1780280873.7671123,1780280873.7795544,12.44211196899414,decode,0,0,451640,0.0,0.0,0.0,0.0,0.0,0
engine_step_start,1780280873.7795713,1780280873.7795713,1780280873.7921958,12.624502182006836,decode,0,0,451640,19.518136978149414,1.5460520103491908,10.11204719543457,0.8009858170761648,1.930186499422347,2
engine_step_start,1780280873.7797148,1780280873.7797148,1780280873.792133,12.418270111083984,decode,1,0,451641,19.455432891845703,1.5666781860768728,10.04934310913086,0.8092385669853703,1.9359905100830368,2
engine_step_start,1780280873.7921443,1780280873.7921443,1780280873.8086438,16.49951934814453,decode,1,0,451641,5.539417266845703,0.33573203861048495,5.539417266845703,0.33573203861048495,1.0,1
engine_step_start,1780280873.7922196,1780280873.7922196,1780280873.8087487,16.529083251953125,decode,0,0,451640,5.464076995849609,0.3305735056542811,5.464076995849609,0.3305735056542811,1.0,1
engine_step_start,1780280873.8086498,1780280873.8086498,1780280873.8213942,12.744426727294922,decode,1,0,451641,0.0,0.0,0.0,0.0,0.0,0
engine_step_start,1780280873.8087642,1780280873.8087642,1780280873.8216243,12.86005973815918,decode,0,0,451640,0.0,0.0,0.0,0.0,0.0,0
engine_step_start,1780280873.821419,1780280873.821419,1780280873.8340302,12.611150741577148,decode,1,0,451641,3.904104232788086,0.3095755742508744,3.904104232788086,0.3095755742508744,1.0,1
engine_step_start,1780280873.8216393,1780280873.8216393,1780280873.834039,12.399673461914062,decode,0,0,451640,3.904104232788086,0.314855406860483,3.904104232788086,0.314855406860483,1.0,1
engine_step_start,1780280873.8340418,1780280873.8340418,1780280873.8467348,12.692928314208984,decode,1,0,451641,0.0,0.0,0.0,0.0,0.0,0
engine_step_start,1780280873.8340526,1780280873.8340526,1780280873.8467696,12.717008590698242,decode,0,0,451640,0.0,0.0,0.0,0.0,0.0,0
engine_step_start,1780280873.8467402,1780280873.8467402,1780280873.85924,12.499809265136719,decode,1,0,451641,0.0,0.0,0.0,0.0,0.0,0
engine_step_start,1780280873.846776,1780280873.846776,1780280873.8593464,12.570381164550781,decode,0,0,451640,0.0,0.0,0.0,0.0,0.0,0
engine_step_start,1780280873.8592503,1780280873.8592503,1780280873.8720841,12.833833694458008,decode,1,0,451641,0.0,0.0,0.0,0.0,0.0,0
engine_step_start,1780280873.8593533,1780280873.8593533,1780280873.872006,12.65263557434082,decode,0,0,451640,0.0,0.0,0.0,0.0,0.0,0
engine_step_start,1780280873.8720124,1780280873.8720124,1780280873.8848698,12.857437133789062,decode,0,0,451640,0.0,0.0,0.0,0.0,0.0,0
engine_step_start,1780280873.8720894,1780280873.8720894,1780280873.8846903,12.600898742675781,decode,1,0,451641,0.0,0.0,0.0,0.0,0.0,0
engine_step_start,1780280873.8846946,1780280873.8846946,1780280873.8974407,12.746095657348633,decode,1,0,451641,0.0,0.0,0.0,0.0,0.0,0
engine_step_start,1780280873.8848755,1780280873.8848755,1780280873.8973887,12.513160705566406,decode,0,0,451640,0.0,0.0,0.0,0.0,0.0,0
engine_step_start,1780280873.8973942,1780280873.8973942,1780280873.910178,12.78376579284668,decode,0,0,451640,0.0,0.0,0.0,0.0,0.0,0
engine_step_start,1780280873.8974452,1780280873.8974452,1780280873.9101763,12.731075286865234,decode,1,0,451641,0.0,0.0,0.0,0.0,0.0,0
engine_step_start,1780280873.9101803,1780280873.9101803,1780280873.9227889,12.608528137207031,decode,1,0,451641,0.0,0.0,0.0,0.0,0.0,0
engine_step_start,1780280873.9101834,1780280873.9101834,1780280873.9228187,12.635231018066406,decode,0,0,451640,0.0,0.0,0.0,0.0,0.0,0
engine_step_start,1780280873.9227934,1780280873.9227934,1780280873.93573,12.936592102050781,decode,1,0,451641,0.0,0.0,0.0,0.0,0.0,0
engine_step_start,1780280873.9228241,1780280873.9228241,1780280873.9355216,12.697458267211914,decode,0,0,451640,0.0,0.0,0.0,0.0,0.0,0
engine_step_start,1780280873.935527,1780280873.935527,1780280873.9482515,12.72439956665039,decode,0,0,451640,0.0,0.0,0.0,0.0,0.0,0
engine_step_start,1780280873.9357405,1780280873.9357405,1780280873.9482162,12.475728988647461,decode,1,0,451641,0.0,0.0,0.0,0.0,0.0,0
engine_step_start,1780280873.9482224,1780280873.9482224,1780280873.9609354,12.712955474853516,decode,1,0,451641,0.0,0.0,0.0,0.0,0.0,0
engine_step_start,1780280873.948257,1780280873.948257,1780280873.9608352,12.578248977661133,decode,0,0,451640,0.0,0.0,0.0,0.0,0.0,0
engine_step_start,1780280873.9608412,1780280873.9608412,1780280873.9737315,12.890338897705078,decode,0,0,451640,0.0,0.0,0.0,0.0,0.0,0
engine_step_start,1780280873.9609401,1780280873.9609401,1780280873.9737182,12.778043746948242,decode,1,0,451641,0.0,0.0,0.0,0.0,0.0,0
engine_step_start,1780280873.9737382,1780280873.9737382,1780280873.9863913,12.653112411499023,decode,0,0,451640,0.0,0.0,0.0,0.0,0.0,0
engine_step_start,1780280873.9738011,1780280873.9738011,1780280873.986249,12.447834014892578,decode,1,0,451641,0.0,0.0,0.0,0.0,0.0,0
engine_step_start,1780280873.9862547,1780280873.9862547,1780280873.9989743,12.71963119506836,decode,1,0,451641,9.928703308105469,0.78058106841612,9.928703308105469,0.78058106841612,1.0,1
engine_step_start,1780280873.9864104,1780280873.9864104,1780280873.9990299,12.619495391845703,decode,0,0,451640,9.984254837036133,0.7911770262610995,9.984254837036133,0.7911770262610995,1.0,1
engine_step_start,1780280873.9989967,1780280873.9989967,1780280874.017251,18.25428009033203,decode,1,0,451641,27.129650115966797,1.4862076171568883,18.25428009033203,1.0,1.4862076171568883,2
engine_step_start,1780280873.9990478,1780280873.9990478,1780280874.0172865,18.23878288269043,decode,0,0,451640,27.149677276611328,1.4885684780193205,18.23878288269043,1.0,1.4885684780193205,2
engine_step_start,1780280874.0172637,1780280874.0172637,1780280874.029873,12.609243392944336,decode,1,0,451641,15.269279479980469,1.210959214929945,12.609243392944336,1.0,1.210959214929945,2
engine_step_start,1780280874.0172937,1780280874.0172937,1780280874.0299475,12.653827667236328,decode,0,0,451640,15.283823013305664,1.2078418811470777,12.653827667236328,1.0,1.2078418811470777,2
engine_step_start,1780280874.0298772,1780280874.0298772,1780280874.0425441,12.666940689086914,decode,1,0,451641,2.6993751525878906,0.21310395452577688,2.6993751525878906,0.21310395452577688,1.0,1
engine_step_start,1780280874.0299542,1780280874.0299542,1780280874.0426974,12.743234634399414,decode,0,0,451640,2.622365951538086,0.20578495388127,2.622365951538086,0.20578495388127,1.0,1
engine_step_start,1780280874.0425541,1780280874.0425541,1780280874.0551648,12.610673904418945,decode,1,0,451641,0.0,0.0,0.0,0.0,0.0,0
engine_step_start,1780280874.0427032,1780280874.0427032,1780280874.0552819,12.578725814819336,decode,0,0,451640,0.0,0.0,0.0,0.0,0.0,0
engine_step_start,1780280874.055665,1780280874.055665,1780280874.0679834,12.31837272644043,decode,0,0,451640,0.0,0.0,0.0,0.0,0.0,0
engine_step_start,1780280874.0556788,1780280874.0556788,1780280874.0679548,12.275934219360352,decode,1,0,451641,0.0,0.0,0.0,0.0,0.0,0
engine_step_start,1780280874.0679677,1780280874.0679677,1780280874.0807219,12.754201889038086,decode,1,0,451641,0.0,0.0,0.0,0.0,0.0,0
engine_step_start,1780280874.0679924,1780280874.0679924,1780280874.0808356,12.843132019042969,decode,0,0,451640,0.0,0.0,0.0,0.0,0.0,0
engine_step_start,1780280874.0807369,1780280874.0807369,1780280874.093362,12.62521743774414,decode,1,0,451641,26.792287826538086,2.1221248630887186,10.251522064208984,0.811987762964082,2.613493650867482,3
engine_step_start,1780280874.0808587,1780280874.0808587,1780280874.0935645,12.705802917480469,decode,0,0,451640,27.399539947509766,2.15645875553554,10.453939437866211,0.8227688958943181,2.6209774899080895,3
engine_step_start,1780280874.0933735,1780280874.0933735,1780280874.106001,12.627363204956055,decode,1,0,451641,9.46354866027832,0.7494477276589318,3.203153610229492,0.2536676547778638,2.954447339039821,3
engine_step_start,1780280874.0935793,1780280874.0935793,1780280874.106177,12.597799301147461,decode,0,0,451640,8.846282958984375,0.7022085959234656,2.9973983764648438,0.23793031662219194,2.9513203945275213,3
engine_step_start,1780280874.1060116,1780280874.1060116,1780280874.118756,12.744426727294922,decode,1,0,451641,0.0,0.0,0.0,0.0,0.0,0
engine_step_start,1780280874.1061838,1780280874.1061838,1780280874.1189106,12.726783752441406,decode,0,0,451640,0.0,0.0,0.0,0.0,0.0,0
engine_step_start,1780280874.1187618,1780280874.1187618,1780280874.131433,12.671232223510742,decode,1,0,451641,0.0,0.0,0.0,0.0,0.0,0
engine_step_start,1780280874.1189172,1780280874.1189172,1780280874.131534,12.616872787475586,decode,0,0,451640,0.0,0.0,0.0,0.0,0.0,0
engine_step_start,1780280874.131444,1780280874.131444,1780280874.144274,12.830018997192383,decode,1,0,451641,0.0,0.0,0.0,0.0,0.0,0
engine_step_start,1780280874.1315491,1780280874.1315491,1780280874.1443887,12.839555740356445,decode,0,0,451640,0.0,0.0,0.0,0.0,0.0,0
engine_step_start,1780280874.1442816,1780280874.1442816,1780280874.1570044,12.72273063659668,decode,1,0,451641,0.0,0.0,0.0,0.0,0.0,0
engine_step_start,1780280874.1443985,1780280874.1443985,1780280874.1571379,12.739419937133789,decode,0,0,451640,0.0,0.0,0.0,0.0,0.0,0
engine_step_start,1780280874.1570244,1780280874.1570244,1780280874.1695626,12.53819465637207,decode,1,0,451641,19.530773162841797,1.557702181064481,9.81593132019043,0.7828823518226246,1.9897014889120983,2
engine_step_start,1780280874.1571586,1780280874.1571586,1780280874.1697469,12.588262557983398,decode,0,0,451640,19.899368286132812,1.5807875149150552,10.000228881835938,0.7944089850186556,1.9898912836162503,2
engine_step_start,1780280874.1695824,1780280874.1695824,1780280874.1821175,12.53509521484375,decode,1,0,451641,21.42167091369629,1.7089356360316494,12.53509521484375,1.0,1.7089356360316494,3
engine_step_start,1780280874.1697702,1780280874.1697702,1780280874.1823466,12.57634162902832,decode,0,0,451640,21.275043487548828,1.6916718800356405,12.57634162902832,1.0,1.6916718800356405,3
engine_step_start,1780280874.1821225,1780280874.1821225,1780280874.1949675,12.845039367675781,decode,1,0,451641,12.845039367675781,1.0,12.845039367675781,1.0,1.0,1
engine_step_start,1780280874.1823616,1780280874.1823616,1780280874.194959,12.597322463989258,decode,0,0,451640,12.597322463989258,1.0,12.597322463989258,1.0,1.0,1
engine_step_start,1780280874.1949663,1780280874.1949663,1780280874.2076917,12.725353240966797,decode,0,0,451640,2.6302337646484375,0.20669239704725148,2.6302337646484375,0.20669239704725148,1.0,1
engine_step_start,1780280874.1949725,1780280874.1949725,1780280874.207539,12.566566467285156,decode,1,0,451641,2.624034881591797,0.20881080670865904,2.624034881591797,0.20881080670865904,1.0,1
engine_step_start,1780280874.2075493,1780280874.2075493,1780280874.2202106,12.661218643188477,decode,1,0,451641,0.0,0.0,0.0,0.0,0.0,0
engine_step_start,1780280874.207705,1780280874.207705,1780280874.2211466,13.44156265258789,decode,0,0,451640,0.0,0.0,0.0,0.0,0.0,0
engine_step_start,1780280874.220215,1780280874.220215,1780280874.2350848,14.86968994140625,decode,1,0,451641,0.0,0.0,0.0,0.0,0.0,0
engine_step_start,1780280874.2211523,1780280874.2211523,1780280874.2351544,14.002084732055664,decode,0,0,451640,0.0,0.0,0.0,0.0,0.0,0
engine_step_start,1780280874.235089,1780280874.235089,1780280874.2478704,12.781381607055664,decode,1,0,451641,0.0,0.0,0.0,0.0,0.0,0
engine_step_start,1780280874.2351673,1780280874.2351673,1780280874.2478933,12.726068496704102,decode,0,0,451640,0.0,0.0,0.0,0.0,0.0,0
engine_step_start,1780280874.2478747,1780280874.2478747,1780280874.260689,12.81428337097168,decode,1,0,451641,0.0,0.0,0.0,0.0,0.0,0
engine_step_start,1780280874.2478993,1780280874.2478993,1780280874.2606947,12.795448303222656,decode,0,0,451640,0.0,0.0,0.0,0.0,0.0,0
engine_step_start,1780280874.2606943,1780280874.2606943,1780280874.2732844,12.590169906616211,decode,1,0,451641,0.0,0.0,0.0,0.0,0.0,0
engine_step_start,1780280874.2607,1780280874.2607,1780280874.2734716,12.7716064453125,decode,0,0,451640,0.0,0.0,0.0,0.0,0.0,0
engine_step_start,1780280874.2732887,1780280874.2732887,1780280874.2859719,12.68315315246582,decode,1,0,451641,0.0,0.0,0.0,0.0,0.0,0
engine_step_start,1780280874.2734773,1780280874.2734773,1780280874.286099,12.621641159057617,decode,0,0,451640,0.0,0.0,0.0,0.0,0.0,0
engine_step_start,1780280874.2859766,1780280874.2859766,1780280874.2987518,12.775182723999023,decode,1,0,451641,0.0,0.0,0.0,0.0,0.0,0
engine_step_start,1780280874.2861044,1780280874.2861044,1780280874.2988496,12.745141983032227,decode,0,0,451640,0.0,0.0,0.0,0.0,0.0,0
engine_step_start,1780280874.2987561,1780280874.2987561,1780280874.3115277,12.7716064453125,decode,1,0,451641,0.0,0.0,0.0,0.0,0.0,0
engine_step_start,1780280874.2988555,1780280874.2988555,1780280874.3115776,12.722015380859375,decode,0,0,451640,0.0,0.0,0.0,0.0,0.0,0
engine_step_start,1780280874.3115346,1780280874.3115346,1780280874.3242168,12.682199478149414,decode,1,0,451641,0.0,0.0,0.0,0.0,0.0,0
engine_step_start,1780280874.3115833,1780280874.3115833,1780280874.3242867,12.703418731689453,decode,0,0,451640,0.0,0.0,0.0,0.0,0.0,0
engine_step_start,1780280874.3242216,1780280874.3242216,1780280874.336754,12.532472610473633,decode,1,0,451641,0.0,0.0,0.0,0.0,0.0,0
engine_step_start,1780280874.3243015,1780280874.3243015,1780280874.3368971,12.595653533935547,decode,0,0,451640,0.0,0.0,0.0,0.0,0.0,0
engine_step_start,1780280874.336759,1780280874.336759,1780280874.3495836,12.824535369873047,decode,1,0,451641,0.0,0.0,0.0,0.0,0.0,0
engine_step_start,1780280874.3369071,1780280874.3369071,1780280874.3495355,12.628316879272461,decode,0,0,451640,0.0,0.0,0.0,0.0,0.0,0
engine_step_start,1780280874.3495421,1780280874.3495421,1780280874.3621337,12.59160041809082,decode,0,0,451640,10.114192962646484,0.8032492000075739,10.114192962646484,0.8032492000075739,1.0,1
engine_step_start,1780280874.3496,1780280874.3496,1780280874.362046,12.445926666259766,decode,1,0,451641,10.02645492553711,0.8056013179571664,10.02645492553711,0.8056013179571664,1.0,1
engine_step_start,1780280874.3620572,1780280874.3620572,1780280874.3746133,12.556076049804688,decode,1,0,451641,2.4254322052001953,0.19316800850675983,2.4254322052001953,0.19316800850675983,1.0,1
engine_step_start,1780280874.3621395,1780280874.3621395,1780280874.3747106,12.571096420288086,decode,0,0,451640,2.3431777954101562,0.18639406755552185,2.3431777954101562,0.18639406755552185,1.0,1
engine_step_start,1780280874.3746176,1780280874.3746176,1780280874.387232,12.61448860168457,decode,1,0,451641,0.0,0.0,0.0,0.0,0.0,0
engine_step_start,1780280874.374716,1780280874.374716,1780280874.3873127,12.596607208251953,decode,0,0,451640,0.0,0.0,0.0,0.0,0.0,0
engine_step_start,1780280874.3872368,1780280874.3872368,1780280874.3999858,12.748956680297852,decode,1,0,451641,0.0,0.0,0.0,0.0,0.0,0
engine_step_start,1780280874.3873181,1780280874.3873181,1780280874.4000628,12.744665145874023,decode,0,0,451640,0.0,0.0,0.0,0.0,0.0,0
engine_step_start,1780280874.3999968,1780280874.3999968,1780280874.4127364,12.73965835571289,decode,1,0,451641,0.0,0.0,0.0,0.0,0.0,0
engine_step_start,1780280874.4000683,1780280874.4000683,1780280874.4127202,12.651920318603516,decode,0,0,451640,0.0,0.0,0.0,0.0,0.0,0
engine_step_start,1780280874.4127257,1780280874.4127257,1780280874.4253526,12.626886367797852,decode,0,0,451640,0.0,0.0,0.0,0.0,0.0,0
engine_step_start,1780280874.412741,1780280874.412741,1780280874.4253469,12.605905532836914,decode,1,0,451641,0.0,0.0,0.0,0.0,0.0,0
engine_step_start,1780280874.4253514,1780280874.4253514,1780280874.4379551,12.603759765625,decode,1,0,451641,0.0,0.0,0.0,0.0,0.0,0
engine_step_start,1780280874.425358,1780280874.425358,1780280874.4380097,12.651681900024414,decode,0,0,451640,0.0,0.0,0.0,0.0,0.0,0
engine_step_start,1780280874.4379606,1780280874.4379606,1780280874.4506953,12.734651565551758,decode,1,0,451641,0.0,0.0,0.0,0.0,0.0,0
engine_step_start,1780280874.4380157,1780280874.4380157,1780280874.4508128,12.797117233276367,decode,0,0,451640,0.0,0.0,0.0,0.0,0.0,0
engine_step_start,1780280874.4507127,1780280874.4507127,1780280874.4633226,12.60995864868164,decode,1,0,451641,9.900093078613281,0.7851011533371147,9.900093078613281,0.7851011533371147,1.0,1
engine_step_start,1780280874.4508216,1780280874.4508216,1780280874.4635124,12.69078254699707,decode,0,0,451640,10.089874267578125,0.7950553269834113,10.089874267578125,0.7950553269834113,1.0,1
engine_step_start,1780280874.463856,1780280874.463856,1780280874.4864843,22.628307342529297,decode,0,0,451640,25.04420280456543,1.1067643030239174,22.628307342529297,1.0,1.1067643030239174,2
engine_step_start,1780280874.4638608,1780280874.4638608,1780280874.4862742,22.41349220275879,decode,1,0,451641,24.829387664794922,1.107787552255635,22.41349220275879,1.0,1.107787552255635,2
engine_step_start,1780280874.4862905,1780280874.4862905,1780280874.4989305,12.639999389648438,decode,1,0,451641,19.673585891723633,1.5564546551984306,12.639999389648438,1.0,1.5564546551984306,3
engine_step_start,1780280874.486509,1780280874.486509,1780280874.49899,12.480974197387695,decode,0,0,451640,19.51456069946289,1.5635446713404269,12.480974197387695,1.0,1.5635446713404269,3
engine_step_start,1780280874.498943,1780280874.498943,1780280874.5116773,12.734174728393555,decode,1,0,451641,2.735614776611328,0.21482466158656457,2.735614776611328,0.21482466158656457,1.0,1
engine_step_start,1780280874.499004,1780280874.499004,1780280874.5117307,12.726783752441406,decode,0,0,451640,2.6748180389404297,0.21017234919445485,2.6748180389404297,0.21017234919445485,1.0,1
engine_step_start,1780280874.5116918,1780280874.5116918,1780280874.5244398,12.748003005981445,decode,1,0,451641,10.316133499145508,0.8092352578129384,10.316133499145508,0.8092352578129384,1.0,1
engine_step_start,1780280874.511745,1780280874.511745,1780280874.5245247,12.779712677001953,decode,0,0,451640,10.401010513305664,0.8138688854893474,10.401010513305664,0.8138688854893474,1.0,1
engine_step_start,1780280874.524452,1780280874.524452,1780280874.5373096,12.857675552368164,decode,1,0,451641,5.743741989135742,0.4467169797326114,5.584716796875,0.43434886610172635,1.0284750683060109,2
engine_step_start,1780280874.5245512,1780280874.5245512,1780280874.5373325,12.781381607055664,decode,0,0,451640,5.644559860229492,0.44162360797627265,5.48553466796875,0.4291816672573635,1.028989916550765,2
engine_step_start,1780280874.537322,1780280874.537322,1780280874.550776,13.453960418701172,decode,1,0,451641,0.0,0.0,0.0,0.0,0.0,0
engine_step_start,1780280874.5373526,1780280874.5373526,1780280874.5501463,12.793779373168945,decode,0,0,451640,0.0,0.0,0.0,0.0,0.0,0
engine_step_start,1780280874.550154,1780280874.550154,1780280874.5654075,15.253543853759766,decode,0,0,451640,0.0,0.0,0.0,0.0,0.0,0
engine_step_start,1780280874.5507808,1780280874.5507808,1780280874.5652514,14.470577239990234,decode,1,0,451641,0.0,0.0,0.0,0.0,0.0,0
engine_step_start,1780280874.5652633,1780280874.5652633,1780280874.5792546,13.991355895996094,decode,1,0,451641,0.0,0.0,0.0,0.0,0.0,0
engine_step_start,1780280874.5654228,1780280874.5654228,1780280874.5781443,12.721538543701172,decode,0,0,451640,0.0,0.0,0.0,0.0,0.0,0
engine_step_start,1780280874.5781507,1780280874.5781507,1780280874.5911307,12.979984283447266,decode,0,0,451640,0.0,0.0,0.0,0.0,0.0,0
engine_step_start,1780280874.579261,1780280874.579261,1780280874.5910099,11.748790740966797,decode,1,0,451641,0.0,0.0,0.0,0.0,0.0,0
engine_step_start,1780280874.5910153,1780280874.5910153,1780280874.6038733,12.857913970947266,decode,1,0,451641,0.0,0.0,0.0,0.0,0.0,0
engine_step_start,1780280874.5911365,1780280874.5911365,1780280874.6038635,12.727022171020508,decode,0,0,451640,0.0,0.0,0.0,0.0,0.0,0
engine_step_start,1780280874.603869,1780280874.603869,1780280874.6169622,13.093233108520508,decode,0,0,451640,0.0,0.0,0.0,0.0,0.0,0
engine_step_start,1780280874.6038787,1780280874.6038787,1780280874.6170156,13.136863708496094,decode,1,0,451641,0.0,0.0,0.0,0.0,0.0,0
engine_step_start,1780280874.616969,1780280874.616969,1780280874.629879,12.909889221191406,decode,0,0,451640,0.0,0.0,0.0,0.0,0.0,0
engine_step_start,1780280874.6170223,1780280874.6170223,1780280874.6297355,12.713193893432617,decode,1,0,451641,0.0,0.0,0.0,0.0,0.0,0
engine_step_start,1780280874.6297402,1780280874.6297402,1780280874.642707,12.96687126159668,decode,1,0,451641,0.0,0.0,0.0,0.0,0.0,0
engine_step_start,1780280874.6298847,1780280874.6298847,1780280874.6426845,12.799739837646484,decode,0,0,451640,0.0,0.0,0.0,0.0,0.0,0
engine_step_start,1780280874.6426895,1780280874.6426895,1780280874.6557584,13.068914413452148,decode,0,0,451640,0.0,0.0,0.0,0.0,0.0,0
engine_step_start,1780280874.642712,1780280874.642712,1780280874.6556883,12.97616958618164,decode,1,0,451641,0.0,0.0,0.0,0.0,0.0,0
engine_step_start,1780280874.6557002,1780280874.6557002,1780280874.6687543,13.054132461547852,decode,1,0,451641,0.0,0.0,0.0,0.0,0.0,0
engine_step_start,1780280874.6557648,1780280874.6557648,1780280874.6689537,13.188838958740234,decode,0,0,451640,0.0,0.0,0.0,0.0,0.0,0
engine_step_start,1780280874.6687598,1780280874.6687598,1780280874.6819246,13.164758682250977,decode,1,0,451641,0.0,0.0,0.0,0.0,0.0,0
engine_step_start,1780280874.6689632,1780280874.6689632,1780280874.6820135,13.050317764282227,decode,0,0,451640,0.0,0.0,0.0,0.0,0.0,0
engine_step_start,1780280874.6819296,1780280874.6819296,1780280874.6949081,12.978553771972656,decode,1,0,451641,0.0,0.0,0.0,0.0,0.0,0
engine_step_start,1780280874.682024,1780280874.682024,1780280874.6948864,12.862443923950195,decode,0,0,451640,0.0,0.0,0.0,0.0,0.0,0
engine_step_start,1780280874.694895,1780280874.694895,1780280874.7080271,13.132095336914062,decode,0,0,451640,10.739564895629883,0.8178104575163399,10.739564895629883,0.8178104575163399,1.0,1
engine_step_start,1780280874.6949306,1780280874.6949306,1780280874.7077816,12.85099983215332,decode,1,0,451641,10.493993759155273,0.816589673660971,10.493993759155273,0.816589673660971,1.0,1
engine_step_start,1780280874.707793,1780280874.707793,1780280874.720762,12.969017028808594,decode,1,0,451641,2.5856494903564453,0.19937127729980145,2.5856494903564453,0.19937127729980145,1.0,1
engine_step_start,1780280874.708037,1780280874.708037,1780280874.7209196,12.882709503173828,decode,0,0,451640,2.341747283935547,0.18177443831661547,2.341747283935547,0.18177443831661547,1.0,1
engine_step_start,1780280874.720766,1780280874.720766,1780280874.733857,13.090848922729492,decode,1,0,451641,0.0,0.0,0.0,0.0,0.0,0
engine_step_start,1780280874.7209282,1780280874.7209282,1780280874.733906,12.977838516235352,decode,0,0,451640,0.0,0.0,0.0,0.0,0.0,0
engine_step_start,1780280874.7338617,1780280874.7338617,1780280874.7468083,12.946605682373047,decode,1,0,451641,0.0,0.0,0.0,0.0,0.0,0
engine_step_start,1780280874.7339156,1780280874.7339156,1780280874.7470012,13.085603713989258,decode,0,0,451640,0.0,0.0,0.0,0.0,0.0,0
engine_step_start,1780280874.746824,1780280874.746824,1780280874.7598617,13.037681579589844,decode,1,0,451641,0.0,0.0,0.0,0.0,0.0,0
engine_step_start,1780280874.7470188,1780280874.7470188,1780280874.7599533,12.934446334838867,decode,0,0,451640,0.0,0.0,0.0,0.0,0.0,0
engine_step_start,1780280874.7598703,1780280874.7598703,1780280874.7725797,12.709379196166992,decode,1,0,451641,0.0,0.0,0.0,0.0,0.0,0
engine_step_start,1780280874.7599628,1780280874.7599628,1780280874.7727015,12.738704681396484,decode,0,0,451640,0.0,0.0,0.0,0.0,0.0,0
engine_step_start,1780280874.7725887,1780280874.7725887,1780280874.7853,12.711286544799805,decode,1,0,451641,0.0,0.0,0.0,0.0,0.0,0
engine_step_start,1780280874.7727082,1780280874.7727082,1780280874.7853763,12.668132781982422,decode,0,0,451640,0.0,0.0,0.0,0.0,0.0,0
engine_step_start,1780280874.7853088,1780280874.7853088,1780280874.798035,12.726068496704102,decode,1,0,451641,0.0,0.0,0.0,0.0,0.0,0
engine_step_start,1780280874.7853854,1780280874.7853854,1780280874.7980857,12.700319290161133,decode,0,0,451640,0.0,0.0,0.0,0.0,0.0,0
engine_step_start,1780280874.7980425,1780280874.7980425,1780280874.8108368,12.794256210327148,decode,1,0,451641,0.0,0.0,0.0,0.0,0.0,0
engine_step_start,1780280874.7980924,1780280874.7980924,1780280874.8107505,12.658119201660156,decode,0,0,451640,0.0,0.0,0.0,0.0,0.0,0
engine_step_start,1780280874.810757,1780280874.810757,1780280874.823525,12.768030166625977,decode,0,0,451640,0.0,0.0,0.0,0.0,0.0,0
engine_step_start,1780280874.8108435,1780280874.8108435,1780280874.82443,13.58652114868164,decode,1,0,451641,0.0,0.0,0.0,0.0,0.0,0
engine_step_start,1780280874.8235314,1780280874.8235314,1780280874.836232,12.700557708740234,decode,0,0,451640,0.0,0.0,0.0,0.0,0.0,0
engine_step_start,1780280874.824479,1780280874.824479,1780280874.8364227,11.943578720092773,decode,1,0,451641,0.0,0.0,0.0,0.0,0.0,0
engine_step_start,1780280874.836238,1780280874.836238,1780280874.8490913,12.853384017944336,decode,0,0,451640,0.0,0.0,0.0,0.0,0.0,0
engine_step_start,1780280874.8364341,1780280874.8364341,1780280874.8491516,12.717485427856445,decode,1,0,451641,0.0,0.0,0.0,0.0,0.0,0
engine_step_start,1780280874.8490977,1780280874.8490977,1780280874.861865,12.767314910888672,decode,0,0,451640,0.0,0.0,0.0,0.0,0.0,0
engine_step_start,1780280874.8491614,1780280874.8491614,1780280874.8619103,12.748956680297852,decode,1,0,451641,0.0,0.0,0.0,0.0,0.0,0
engine_step_start,1780280874.8618708,1780280874.8618708,1780280874.8745859,12.71510124206543,decode,0,0,451640,0.0,0.0,0.0,0.0,0.0,0
engine_step_start,1780280874.86192,1780280874.86192,1780280874.8746724,12.752294540405273,decode,1,0,451641,0.0,0.0,0.0,0.0,0.0,0
engine_step_start,1780280874.874593,1780280874.874593,1780280874.8874602,12.867212295532227,decode,0,0,451640,0.0,0.0,0.0,0.0,0.0,0
engine_step_start,1780280874.8746824,1780280874.8746824,1780280874.887497,12.814521789550781,decode,1,0,451641,0.0,0.0,0.0,0.0,0.0,0
engine_step_start,1780280874.8887334,1780280874.8887334,1780280874.9002213,11.487960815429688,decode,0,0,451640,0.0,0.0,0.0,0.0,0.0,0
engine_step_start,1780280874.8888042,1780280874.8888042,1780280874.9001708,11.366605758666992,decode,1,0,451641,0.0,0.0,0.0,0.0,0.0,0
engine_step_start,1780280874.9001784,1780280874.9001784,1780280874.9131322,12.953758239746094,decode,1,0,451641,0.0,0.0,0.0,0.0,0.0,0
engine_step_start,1780280874.9002368,1780280874.9002368,1780280874.9128826,12.645721435546875,decode,0,0,451640,0.0,0.0,0.0,0.0,0.0,0
engine_step_start,1780280874.9128888,1780280874.9128888,1780280874.9257135,12.824773788452148,decode,0,0,451640,0.0,0.0,0.0,0.0,0.0,0
engine_step_start,1780280874.9131424,1780280874.9131424,1780280874.9258993,12.756824493408203,decode,1,0,451641,0.0,0.0,0.0,0.0,0.0,0
engine_step_start,1780280874.92572,1780280874.92572,1780280874.938594,12.874126434326172,decode,0,0,451640,0.0,0.0,0.0,0.0,0.0,0
engine_step_start,1780280874.925909,1780280874.925909,1780280874.9386287,12.71963119506836,decode,1,0,451641,0.0,0.0,0.0,0.0,0.0,0
engine_step_start,1780280874.9386072,1780280874.9386072,1780280874.951318,12.710809707641602,decode,0,0,451640,10.047435760498047,0.7904638643482828,10.047435760498047,0.7904638643482828,1.0,1
engine_step_start,1780280874.9386723,1780280874.9386723,1780280874.9514234,12.751102447509766,decode,1,0,451641,10.152816772460938,0.796230507460454,10.152816772460938,0.796230507460454,1.0,1
engine_step_start,1780280874.9513242,1780280874.9513242,1780280874.9740815,22.757291793823242,decode,0,0,451640,22.757291793823242,1.0,22.757291793823242,1.0,1.0,1
engine_step_start,1780280874.9514704,1780280874.9514704,1780280874.9744873,23.016929626464844,decode,1,0,451641,23.016929626464844,1.0,23.016929626464844,1.0,1.0,1
engine_step_start,1780280874.974087,1780280874.974087,1780280874.9869618,12.874841690063477,decode,0,0,451640,2.637624740600586,0.2048665765448788,2.637624740600586,0.2048665765448788,1.0,1
engine_step_start,1780280874.9745011,1780280874.9745011,1780280874.9870815,12.580394744873047,decode,1,0,451641,2.223491668701172,0.17674259940112952,2.223491668701172,0.17674259940112952,1.0,1
engine_step_start,1780280874.986968,1780280874.986968,1780280874.9996688,12.700796127319336,decode,0,0,451640,0.0,0.0,0.0,0.0,0.0,0
engine_step_start,1780280874.987089,1780280874.987089,1780280874.9997191,12.630224227905273,decode,1,0,451641,0.0,0.0,0.0,0.0,0.0,0
engine_step_start,1780280874.9996748,1780280874.9996748,1780280875.0124593,12.784481048583984,decode,0,0,451640,0.0,0.0,0.0,0.0,0.0,0
engine_step_start,1780280874.999727,1780280874.999727,1780280875.0124528,12.725830078125,decode,1,0,451641,0.0,0.0,0.0,0.0,0.0,0
engine_step_start,1780280875.0124652,1780280875.0124652,1780280875.0252607,12.795448303222656,decode,0,0,451640,0.0,0.0,0.0,0.0,0.0,0
engine_step_start,1780280875.0124729,1780280875.0124729,1780280875.0262752,13.802289962768555,decode,1,0,451641,0.0,0.0,0.0,0.0,0.0,0
engine_step_start,1780280875.0252671,1780280875.0252671,1780280875.0380468,12.779712677001953,decode,0,0,451640,0.0,0.0,0.0,0.0,0.0,0
engine_step_start,1780280875.026307,1780280875.026307,1780280875.0380802,11.773109436035156,decode,1,0,451641,0.0,0.0,0.0,0.0,0.0,0
engine_step_start,1780280875.038053,1780280875.038053,1780280875.0508156,12.76254653930664,decode,0,0,451640,0.0,0.0,0.0,0.0,0.0,0
engine_step_start,1780280875.0380893,1780280875.0380893,1780280875.0509312,12.841939926147461,decode,1,0,451641,0.0,0.0,0.0,0.0,0.0,0
engine_step_start,1780280875.0508327,1780280875.0508327,1780280875.0636427,12.809991836547852,decode,0,0,451640,10.107994079589844,0.7890710789331646,10.107994079589844,0.7890710789331646,1.0,1
engine_step_start,1780280875.0509388,1780280875.0509388,1780280875.063704,12.765169143676758,decode,1,0,451641,10.169267654418945,0.7966418258904391,10.169267654418945,0.7966418258904391,1.0,1
engine_step_start,1780280875.0636575,1780280875.0636575,1780280875.0763874,12.729883193969727,decode,0,0,451640,2.536296844482422,0.19923960069672053,2.536296844482422,0.19923960069672053,1.0,1
engine_step_start,1780280875.0637116,1780280875.0637116,1780280875.0763614,12.649774551391602,decode,1,0,451641,2.482175827026367,0.1962229300563545,2.482175827026367,0.1962229300563545,1.0,1
engine_step_start,1780280875.0763676,1780280875.0763676,1780280875.0891159,12.748241424560547,decode,1,0,451641,0.0,0.0,0.0,0.0,0.0,0
engine_step_start,1780280875.0763936,1780280875.0763936,1780280875.0892725,12.878894805908203,decode,0,0,451640,0.0,0.0,0.0,0.0,0.0,0
engine_step_start,1780280875.0891206,1780280875.0891206,1780280875.1019256,12.804985046386719,decode,1,0,451641,0.0,0.0,0.0,0.0,0.0,0
engine_step_start,1780280875.089279,1780280875.089279,1780280875.101918,12.639045715332031,decode,0,0,451640,0.0,0.0,0.0,0.0,0.0,0
engine_step_start,1780280875.1019306,1780280875.1019306,1780280875.1146991,12.76850700378418,decode,1,0,451641,0.0,0.0,0.0,0.0,0.0,0
engine_step_start,1780280875.1019316,1780280875.1019316,1780280875.1148045,12.872934341430664,decode,0,0,451640,0.0,0.0,0.0,0.0,0.0,0
engine_step_start,1780280875.1147041,1780280875.1147041,1780280875.1274714,12.767314910888672,decode,1,0,451641,0.0,0.0,0.0,0.0,0.0,0
engine_step_start,1780280875.1148105,1780280875.1148105,1780280875.127596,12.78543472290039,decode,0,0,451640,0.0,0.0,0.0,0.0,0.0,0
engine_step_start,1780280875.1274765,1780280875.1274765,1780280875.140325,12.848615646362305,decode,1,0,451641,0.0,0.0,0.0,0.0,0.0,0
engine_step_start,1780280875.1276023,1780280875.1276023,1780280875.1402519,12.6495361328125,decode,0,0,451640,0.0,0.0,0.0,0.0,0.0,0
engine_step_start,1780280875.1402578,1780280875.1402578,1780280875.1532114,12.953519821166992,decode,0,0,451640,0.0,0.0,0.0,0.0,0.0,0
engine_step_start,1780280875.1403298,1780280875.1403298,1780280875.1530874,12.757539749145508,decode,1,0,451641,0.0,0.0,0.0,0.0,0.0,0
engine_step_start,1780280875.153094,1780280875.153094,1780280875.1659248,12.830734252929688,decode,1,0,451641,9.984016418457031,0.7781328972796194,9.984016418457031,0.7781328972796194,1.0,1
engine_step_start,1780280875.1532288,1780280875.1532288,1780280875.1659527,12.723922729492188,decode,0,0,451640,10.011911392211914,0.7868572927597062,10.011911392211914,0.7868572927597062,1.0,1
engine_step_start,1780280875.165932,1780280875.165932,1780280875.187571,21.639108657836914,decode,1,0,451641,21.639108657836914,1.0,21.639108657836914,1.0,1.0,1
engine_step_start,1780280875.1659663,1780280875.1659663,1780280875.187585,21.61884307861328,decode,0,0,451640,21.61884307861328,1.0,21.61884307861328,1.0,1.0,1
engine_step_start,1780280875.1875913,1780280875.1875913,1780280875.2002735,12.682199478149414,decode,0,0,451640,12.816429138183594,1.0105840994115767,12.682199478149414,1.0,1.0105840994115767,2
engine_step_start,1780280875.1876109,1780280875.1876109,1780280875.2002358,12.624979019165039,decode,1,0,451641,12.759208679199219,1.0106320699488225,12.624979019165039,1.0,1.0106320699488225,2
engine_step_start,1780280875.2002707,1780280875.2002707,1780280875.2129781,12.70747184753418,decode,1,0,451641,2.343893051147461,0.18444998968085705,2.343893051147461,0.18444998968085705,1.0,1
engine_step_start,1780280875.20028,1780280875.20028,1780280875.2130835,12.80355453491211,decode,0,0,451640,2.3345947265625,0.18233957766936054,2.3345947265625,0.18233957766936054,1.0,1
engine_step_start,1780280875.212983,1780280875.212983,1780280875.2257986,12.815713882446289,decode,1,0,451641,0.0,0.0,0.0,0.0,0.0,0
engine_step_start,1780280875.2130902,1780280875.2130902,1780280875.2259223,12.832164764404297,decode,0,0,451640,0.0,0.0,0.0,0.0,0.0,0
engine_step_start,1780280875.2258039,1780280875.2258039,1780280875.2386668,12.862920761108398,decode,1,0,451641,0.0,0.0,0.0,0.0,0.0,0
engine_step_start,1780280875.2259371,1780280875.2259371,1780280875.2386093,12.672185897827148,decode,0,0,451640,0.0,0.0,0.0,0.0,0.0,0
engine_step_start,1780280875.2386162,1780280875.2386162,1780280875.2515638,12.947559356689453,decode,0,0,451640,0.0,0.0,0.0,0.0,0.0,0
engine_step_start,1780280875.2386804,1780280875.2386804,1780280875.2515721,12.891769409179688,decode,1,0,451641,0.0,0.0,0.0,0.0,0.0,0
engine_step_start,1780280875.2515714,1780280875.2515714,1780280875.264623,13.051509857177734,decode,0,0,451640,0.0,0.0,0.0,0.0,0.0,0
engine_step_start,1780280875.251577,1780280875.251577,1780280875.2644436,12.866735458374023,decode,1,0,451641,0.0,0.0,0.0,0.0,0.0,0
engine_step_start,1780280875.2644482,1780280875.2644482,1780280875.2775035,13.05532455444336,decode,1,0,451641,0.0,0.0,0.0,0.0,0.0,0
engine_step_start,1780280875.2646298,1780280875.2646298,1780280875.2775316,12.901782989501953,decode,0,0,451640,0.0,0.0,0.0,0.0,0.0,0
engine_step_start,1780280875.2775092,1780280875.2775092,1780280875.290479,12.969732284545898,decode,1,0,451641,0.0,0.0,0.0,0.0,0.0,0
engine_step_start,1780280875.2775385,1780280875.2775385,1780280875.2905211,12.982606887817383,decode,0,0,451640,0.0,0.0,0.0,0.0,0.0,0
engine_step_start,1780280875.290484,1780280875.290484,1780280875.3034828,12.998819351196289,decode,1,0,451641,0.0,0.0,0.0,0.0,0.0,0
engine_step_start,1780280875.2905352,1780280875.2905352,1780280875.3035917,13.056516647338867,decode,0,0,451640,0.0,0.0,0.0,0.0,0.0,0
engine_step_start,1780280875.3034875,1780280875.3034875,1780280875.3165786,13.091087341308594,decode,1,0,451641,0.0,0.0,0.0,0.0,0.0,0
engine_step_start,1780280875.303598,1780280875.303598,1780280875.316575,12.977123260498047,decode,0,0,451640,0.0,0.0,0.0,0.0,0.0,0
engine_step_start,1780280875.3174145,1780280875.3174145,1780280875.329633,12.218475341796875,decode,0,0,451640,0.0,0.0,0.0,0.0,0.0,0
engine_step_start,1780280875.3174572,1780280875.3174572,1780280875.3296266,12.169361114501953,decode,1,0,451641,0.0,0.0,0.0,0.0,0.0,0
engine_step_start,1780280875.3296335,1780280875.3296335,1780280875.3427534,13.119935989379883,decode,1,0,451641,0.0,0.0,0.0,0.0,0.0,0
engine_step_start,1780280875.3296397,1780280875.3296397,1780280875.3426409,13.001203536987305,decode,0,0,451640,0.0,0.0,0.0,0.0,0.0,0
engine_step_start,1780280875.342655,1780280875.342655,1780280875.3556697,13.014793395996094,decode,0,0,451640,0.0,0.0,0.0,0.0,0.0,0
engine_step_start,1780280875.3427656,1780280875.3427656,1780280875.3556721,12.906551361083984,decode,1,0,451641,0.0,0.0,0.0,0.0,0.0,0
engine_step_start,1780280875.3556807,1780280875.3556807,1780280875.36845,12.769222259521484,decode,1,0,451641,9.809255599975586,0.7681952276037193,9.809255599975586,0.7681952276037193,1.0,1
engine_step_start,1780280875.3556867,1780280875.3556867,1780280875.3685846,12.897968292236328,decode,0,0,451640,9.943962097167969,0.7709712004140634,9.943962097167969,0.7709712004140634,1.0,1
engine_step_start,1780280875.3684566,1780280875.3684566,1780280875.3893793,20.92266082763672,decode,1,0,451641,20.92266082763672,1.0,20.92266082763672,1.0,1.0,1
engine_step_start,1780280875.3686,1780280875.3686,1780280875.3894072,20.807266235351562,decode,0,0,451640,20.807266235351562,1.0,20.807266235351562,1.0,1.0,1
engine_step_start,1780280875.3893864,1780280875.3893864,1780280875.4022489,12.862443923950195,decode,1,0,451641,4.384279251098633,0.3408589593875697,3.3562183380126953,0.26093162060464514,1.3063152660367976,2
engine_step_start,1780280875.389423,1780280875.389423,1780280875.402223,12.800216674804688,decode,0,0,451640,4.347801208496094,0.339666219639398,3.3197402954101562,0.25935032036954253,1.3096811261131858,2
engine_step_start,1780280875.4022386,1780280875.4022386,1780280875.4149885,12.749910354614258,decode,0,0,451640,0.0,0.0,0.0,0.0,0.0,0
engine_step_start,1780280875.4022574,1780280875.4022574,1780280875.4150684,12.810945510864258,decode,1,0,451641,0.0,0.0,0.0,0.0,0.0,0
engine_step_start,1780280875.4149957,1780280875.4149957,1780280875.4278145,12.81881332397461,decode,0,0,451640,0.0,0.0,0.0,0.0,0.0,0
engine_step_start,1780280875.4150758,1780280875.4150758,1780280875.4277272,12.651443481445312,decode,1,0,451641,0.0,0.0,0.0,0.0,0.0,0
engine_step_start,1780280875.4277334,1780280875.4277334,1780280875.4404123,12.678861618041992,decode,1,0,451641,0.0,0.0,0.0,0.0,0.0,0
engine_step_start,1780280875.427829,1780280875.427829,1780280875.440481,12.651920318603516,decode,0,0,451640,0.0,0.0,0.0,0.0,0.0,0
engine_step_start,1780280875.4404175,1780280875.4404175,1780280875.4534116,12.994050979614258,decode,1,0,451641,0.0,0.0,0.0,0.0,0.0,0
engine_step_start,1780280875.4404883,1780280875.4404883,1780280875.4533896,12.90130615234375,decode,0,0,451640,0.0,0.0,0.0,0.0,0.0,0
engine_step_start,1780280875.4533963,1780280875.4533963,1780280875.4661202,12.723922729492188,decode,0,0,451640,1.4600753784179688,0.11475041223204917,1.4600753784179688,0.11475041223204917,1.0,1
engine_step_start,1780280875.45343,1780280875.45343,1780280875.4661193,12.689352035522461,decode,1,0,451641,1.4600753784179688,0.11506303665708434,1.4600753784179688,0.11506303665708434,1.0,1
engine_step_start,1780280875.466131,1780280875.466131,1780280875.478854,12.722969055175781,decode,1,0,451641,0.0,0.0,0.0,0.0,0.0,0
engine_step_start,1780280875.4661343,1780280875.4661343,1780280875.478888,12.753725051879883,decode,0,0,451640,0.0,0.0,0.0,0.0,0.0,0
engine_step_start,1780280875.4788609,1780280875.4788609,1780280875.491658,12.797117233276367,decode,1,0,451641,0.0,0.0,0.0,0.0,0.0,0
engine_step_start,1780280875.4788945,1780280875.4788945,1780280875.4916072,12.712717056274414,decode,0,0,451640,0.0,0.0,0.0,0.0,0.0,0
engine_step_start,1780280875.4916139,1780280875.4916139,1780280875.5047035,13.089656829833984,decode,0,0,451640,0.0,0.0,0.0,0.0,0.0,0
engine_step_start,1780280875.4916725,1780280875.4916725,1780280875.5046186,12.946128845214844,decode,1,0,451641,0.0,0.0,0.0,0.0,0.0,0
engine_step_start,1780280875.5046244,1780280875.5046244,1780280875.517761,13.136625289916992,decode,1,0,451641,0.0,0.0,0.0,0.0,0.0,0
engine_step_start,1780280875.5047102,1780280875.5047102,1780280875.5178316,13.121366500854492,decode,0,0,451640,0.0,0.0,0.0,0.0,0.0,0
engine_step_start,1780280875.5177677,1780280875.5177677,1780280875.5309043,13.136625289916992,decode,1,0,451641,0.0,0.0,0.0,0.0,0.0,0
engine_step_start,1780280875.5178378,1780280875.5178378,1780280875.5308685,13.030767440795898,decode,0,0,451640,0.0,0.0,0.0,0.0,0.0,0
engine_step_start,1780280875.5308747,1780280875.5308747,1780280875.5439236,13.048887252807617,decode,0,0,451640,0.0,0.0,0.0,0.0,0.0,0
engine_step_start,1780280875.5309162,1780280875.5309162,1780280875.5439737,13.057470321655273,decode,1,0,451641,0.0,0.0,0.0,0.0,0.0,0
engine_step_start,1780280875.5439303,1780280875.5439303,1780280875.5567667,12.836456298828125,decode,0,0,451640,0.0,0.0,0.0,0.0,0.0,0
engine_step_start,1780280875.5439804,1780280875.5439804,1780280875.5567596,12.77923583984375,decode,1,0,451641,0.0,0.0,0.0,0.0,0.0,0
engine_step_start,1780280875.5567658,1780280875.5567658,1780280875.56943,12.664318084716797,decode,1,0,451641,10.183572769165039,0.8041153657893746,10.183572769165039,0.8041153657893746,1.0,1
engine_step_start,1780280875.5567856,1780280875.5567856,1780280875.569622,12.836456298828125,decode,0,0,451640,10.375499725341797,0.8082838038632987,10.375499725341797,0.8082838038632987,1.0,1
engine_step_start,1780280875.5694363,1780280875.5694363,1780280875.582392,12.955665588378906,decode,1,0,451641,2.7723312377929688,0.213986013986014,2.7723312377929688,0.213986013986014,1.0,1
engine_step_start,1780280875.5696378,1780280875.5696378,1780280875.5824943,12.856483459472656,decode,0,0,451640,2.5708675384521484,0.19996661968696683,2.5708675384521484,0.19996661968696683,1.0,1
engine_step_start,1780280875.582397,1780280875.582397,1780280875.595204,12.807130813598633,decode,1,0,451641,0.0,0.0,0.0,0.0,0.0,0
engine_step_start,1780280875.5825014,1780280875.5825014,1780280875.5952673,12.765884399414062,decode,0,0,451640,0.0,0.0,0.0,0.0,0.0,0
engine_step_start,1780280875.5952098,1780280875.5952098,1780280875.607952,12.742280960083008,decode,1,0,451641,0.0,0.0,0.0,0.0,0.0,0
engine_step_start,1780280875.5952742,1780280875.5952742,1780280875.6080465,12.772321701049805,decode,0,0,451640,0.0,0.0,0.0,0.0,0.0,0
engine_step_start,1780280875.607958,1780280875.607958,1780280875.620896,12.93802261352539,decode,1,0,451641,10.338544845581055,0.799082298308333,10.338544845581055,0.799082298308333,1.0,1
engine_step_start,1780280875.6080716,1780280875.6080716,1780280875.6208475,12.775897979736328,decode,0,0,451640,10.289907455444336,0.8054155936252007,10.289907455444336,0.8054155936252007,1.0,1
engine_step_start,1780280875.6208618,1780280875.6208618,1780280875.6337194,12.857675552368164,decode,0,0,451640,2.6197433471679688,0.20374937417715885,2.6197433471679688,0.20374937417715885,1.0,1
engine_step_start,1780280875.620904,1780280875.620904,1780280875.633658,12.753963470458984,decode,1,0,451641,2.577543258666992,0.20209743148764348,2.577543258666992,0.20209743148764348,1.0,1
engine_step_start,1780280875.633665,1780280875.633665,1780280875.6470778,13.412714004516602,decode,1,0,451641,0.0,0.0,0.0,0.0,0.0,0
engine_step_start,1780280875.6337261,1780280875.6337261,1780280875.6464171,12.691020965576172,decode,0,0,451640,0.0,0.0,0.0,0.0,0.0,0
engine_step_start,1780280875.6464238,1780280875.6464238,1780280875.659188,12.764215469360352,decode,0,0,451640,0.0,0.0,0.0,0.0,0.0,0
engine_step_start,1780280875.6471283,1780280875.6471283,1780280875.6592352,12.106895446777344,decode,1,0,451641,0.0,0.0,0.0,0.0,0.0,0
engine_step_start,1780280875.6592019,1780280875.6592019,1780280875.672066,12.864112854003906,decode,0,0,451640,0.0,0.0,0.0,0.0,0.0,0
engine_step_start,1780280875.6592436,1780280875.6592436,1780280875.6720793,12.83574104309082,decode,1,0,451641,0.0,0.0,0.0,0.0,0.0,0
engine_step_start,1780280875.6720726,1780280875.6720726,1780280875.6848195,12.746810913085938,decode,0,0,451640,0.0,0.0,0.0,0.0,0.0,0
engine_step_start,1780280875.6720874,1780280875.6720874,1780280875.6848328,12.745380401611328,decode,1,0,451641,0.0,0.0,0.0,0.0,0.0,0
engine_step_start,1780280875.684826,1780280875.684826,1780280875.6975703,12.744426727294922,decode,0,0,451640,0.0,0.0,0.0,0.0,0.0,0
engine_step_start,1780280875.6848385,1780280875.6848385,1780280875.6976535,12.814998626708984,decode,1,0,451641,0.0,0.0,0.0,0.0,0.0,0
engine_step_start,1780280875.697577,1780280875.697577,1780280875.7103238,12.746810913085938,decode,0,0,451640,0.0,0.0,0.0,0.0,0.0,0
engine_step_start,1780280875.6976602,1780280875.6976602,1780280875.7103028,12.642621994018555,decode,1,0,451641,0.0,0.0,0.0,0.0,0.0,0
engine_step_start,1780280875.710308,1780280875.710308,1780280875.7231767,12.868642807006836,decode,1,0,451641,0.0,0.0,0.0,0.0,0.0,0
engine_step_start,1780280875.7103305,1780280875.7103305,1780280875.7230842,12.753725051879883,decode,0,0,451640,0.0,0.0,0.0,0.0,0.0,0
engine_step_start,1780280875.7230911,1780280875.7230911,1780280875.7359152,12.824058532714844,decode,0,0,451640,0.0,0.0,0.0,0.0,0.0,0
engine_step_start,1780280875.7231832,1780280875.7231832,1780280875.7358432,12.660026550292969,decode,1,0,451641,0.0,0.0,0.0,0.0,0.0,0
engine_step_start,1780280875.7365863,1780280875.7365863,1780280875.7487037,12.117385864257812,decode,0,0,451640,9.29713249206543,0.7672556272627106,9.29713249206543,0.7672556272627106,1.0,1
engine_step_start,1780280875.7368302,1780280875.7368302,1780280875.7488,11.969804763793945,decode,1,0,451641,9.393453598022461,0.7847624738571856,9.393453598022461,0.7847624738571856,1.0,1
engine_step_start,1780280875.748722,1780280875.748722,1780280875.761389,12.666940689086914,decode,0,0,451640,12.71200180053711,1.0035573792090948,12.666940689086914,1.0,1.0035573792090948,2
engine_step_start,1780280875.7488337,1780280875.7488337,1780280875.7615154,12.681722640991211,decode,1,0,451641,12.726783752441406,1.0035532326897407,12.681722640991211,1.0,1.0035532326897407,2
engine_step_start,1780280875.7614067,1780280875.7614067,1780280875.7746077,13.200998306274414,decode,0,0,451640,3.5398006439208984,0.2681464357311853,3.5398006439208984,0.2681464357311853,1.0,1
engine_step_start,1780280875.7615235,1780280875.7615235,1780280875.7747023,13.178825378417969,decode,1,0,451641,3.422975540161133,0.25973297633692743,3.422975540161133,0.25973297633692743,1.0,1
engine_step_start,1780280875.7746155,1780280875.7746155,1780280875.7873795,12.76397705078125,decode,0,0,451640,9.904861450195312,0.7760011954572624,9.904861450195312,0.7760011954572624,1.0,1
engine_step_start,1780280875.7747202,1780280875.7747202,1780280875.7872403,12.520074844360352,decode,1,0,451641,9.765625,0.7799973339934874,9.765625,0.7799973339934874,1.0,1
engine_step_start,1780280875.7872524,1780280875.7872524,1780280875.8003106,13.058185577392578,decode,1,0,451641,13.058185577392578,1.0,13.058185577392578,1.0,1.0,1
engine_step_start,1780280875.7873864,1780280875.7873864,1780280875.800398,13.011693954467773,decode,0,0,451640,13.011693954467773,1.0,13.011693954467773,1.0,1.0,1
engine_step_start,1780280875.8003154,1780280875.8003154,1780280875.8132925,12.977123260498047,decode,1,0,451641,13.009071350097656,1.0024618776410068,12.977123260498047,1.0,1.0024618776410068,2
engine_step_start,1780280875.8004227,1780280875.8004227,1780280875.8134017,12.97903060913086,decode,0,0,451640,13.010978698730469,1.002461515852897,12.97903060913086,1.0,1.002461515852897,2
engine_step_start,1780280875.813298,1780280875.813298,1780280875.8262963,12.998342514038086,decode,1,0,451641,2.7146339416503906,0.20884462297547643,2.7146339416503906,0.20884462297547643,1.0,1
engine_step_start,1780280875.8134158,1780280875.8134158,1780280875.8262532,12.837409973144531,decode,0,0,451640,2.5968551635742188,0.20228809152366095,2.5968551635742188,0.20228809152366095,1.0,1
engine_step_start,1780280875.8262613,1780280875.8262613,1780280875.8393762,13.11492919921875,decode,0,0,451640,0.0,0.0,0.0,0.0,0.0,0
engine_step_start,1780280875.8263028,1780280875.8263028,1780280875.8393312,13.028383255004883,decode,1,0,451641,0.0,0.0,0.0,0.0,0.0,0
engine_step_start,1780280875.8393524,1780280875.8393524,1780280875.8523574,13.00501823425293,decode,1,0,451641,0.0,0.0,0.0,0.0,0.0,0
engine_step_start,1780280875.839383,1780280875.839383,1780280875.8523698,12.986898422241211,decode,0,0,451640,0.0,0.0,0.0,0.0,0.0,0
engine_step_start,1780280875.8523645,1780280875.8523645,1780280875.8654845,13.119935989379883,decode,1,0,451641,0.0,0.0,0.0,0.0,0.0,0
engine_step_start,1780280875.8523834,1780280875.8523834,1780280875.8655345,13.151168823242188,decode,0,0,451640,0.0,0.0,0.0,0.0,0.0,0
engine_step_start,1780280875.865492,1780280875.865492,1780280875.878652,13.159990310668945,decode,1,0,451641,0.0,0.0,0.0,0.0,0.0,0
engine_step_start,1780280875.8655412,1780280875.8655412,1780280875.8786018,13.060569763183594,decode,0,0,451640,0.0,0.0,0.0,0.0,0.0,0
engine_step_start,1780280875.8786192,1780280875.8786192,1780280875.8915677,12.94851303100586,decode,0,0,451640,10.316133499145508,0.7967041060578163,10.316133499145508,0.7967041060578163,1.0,1
engine_step_start,1780280875.8786583,1780280875.8786583,1780280875.8916104,12.952089309692383,decode,1,0,451641,10.358810424804688,0.7997791072250345,10.358810424804688,0.7997791072250345,1.0,1
engine_step_start,1780280875.8915823,1780280875.8915823,1780280875.9047396,13.157367706298828,decode,0,0,451640,13.157367706298828,1.0,13.157367706298828,1.0,1.0,1
engine_step_start,1780280875.8916163,1780280875.8916163,1780280875.9046793,13.06295394897461,decode,1,0,451641,13.06295394897461,1.0,13.06295394897461,1.0,1.0,1
engine_step_start,1780280875.9046962,1780280875.9046962,1780280875.9177365,13.040304183959961,decode,1,0,451641,2.7604103088378906,0.21168296919279642,2.7604103088378906,0.21168296919279642,1.0,1
engine_step_start,1780280875.904749,1780280875.904749,1780280875.917741,12.992143630981445,decode,0,0,451640,2.7077198028564453,0.2084120896261905,2.7077198028564453,0.2084120896261905,1.0,1
engine_step_start,1780280875.917742,1780280875.917742,1780280875.930836,13.093948364257812,decode,1,0,451641,0.0,0.0,0.0,0.0,0.0,0
engine_step_start,1780280875.9177496,1780280875.9177496,1780280875.930907,13.157367706298828,decode,0,0,451640,0.0,0.0,0.0,0.0,0.0,0
engine_step_start,1780280875.930845,1780280875.930845,1780280875.9438832,13.038158416748047,decode,1,0,451641,0.0,0.0,0.0,0.0,0.0,0
engine_step_start,1780280875.9309158,1780280875.9309158,1780280875.9439912,13.07535171508789,decode,0,0,451640,0.0,0.0,0.0,0.0,0.0,0
engine_step_start,1780280875.9438918,1780280875.9438918,1780280875.9570978,13.206005096435547,decode,1,0,451641,0.0,0.0,0.0,0.0,0.0,0
engine_step_start,1780280875.9440086,1780280875.9440086,1780280875.9570692,13.060569763183594,decode,0,0,451640,0.0,0.0,0.0,0.0,0.0,0
engine_step_start,1780280875.957079,1780280875.957079,1780280875.970175,13.096094131469727,decode,0,0,451640,10.393381118774414,0.7936244970780462,10.393381118774414,0.7936244970780462,1.0,1
engine_step_start,1780280875.95712,1780280875.95712,1780280875.9701319,13.011932373046875,decode,1,0,451641,10.350227355957031,0.7954412195836998,10.350227355957031,0.7954412195836998,1.0,1
engine_step_start,1780280875.9701443,1780280875.9701443,1780280875.9912362,21.091938018798828,decode,1,0,451641,21.091938018798828,1.0,21.091938018798828,1.0,1.0,1
engine_step_start,1780280875.9701843,1780280875.9701843,1780280875.991265,21.080732345581055,decode,0,0,451640,21.080732345581055,1.0,21.080732345581055,1.0,1.0,1
engine_step_start,1780280875.991241,1780280875.991241,1780280876.0043676,13.126611709594727,decode,1,0,451641,2.3317337036132812,0.1776340883084803,2.3317337036132812,0.1776340883084803,1.0,1
engine_step_start,1780280875.9912722,1780280875.9912722,1780280876.004267,12.994766235351562,decode,0,0,451640,2.3005008697509766,0.17703287832085718,2.3005008697509766,0.17703287832085718,1.0,1
engine_step_start,1780280876.004274,1780280876.004274,1780280876.0174675,13.193607330322266,decode,0,0,451640,0.0,0.0,0.0,0.0,0.0,0
engine_step_start,1780280876.0043745,1780280876.0043745,1780280876.0173128,12.938261032104492,decode,1,0,451641,0.0,0.0,0.0,0.0,0.0,0
engine_step_start,1780280876.017317,1780280876.017317,1780280876.0304844,13.167381286621094,decode,1,0,451641,0.0,0.0,0.0,0.0,0.0,0
engine_step_start,1780280876.017474,1780280876.017474,1780280876.030397,12.923002243041992,decode,0,0,451640,0.0,0.0,0.0,0.0,0.0,0
engine_step_start,1780280876.0304036,1780280876.0304036,1780280876.0435195,13.115882873535156,decode,0,0,451640,0.0,0.0,0.0,0.0,0.0,0
engine_step_start,1780280876.0304992,1780280876.0304992,1780280876.0433812,12.881994247436523,decode,1,0,451641,0.0,0.0,0.0,0.0,0.0,0
engine_step_start,1780280876.0433874,1780280876.0433874,1780280876.057357,13.969659805297852,decode,1,0,451641,0.0,0.0,0.0,0.0,0.0,0
engine_step_start,1780280876.0435266,1780280876.0435266,1780280876.056559,13.03243637084961,decode,0,0,451640,0.0,0.0,0.0,0.0,0.0,0
engine_step_start,1780280876.0565808,1780280876.0565808,1780280876.069657,13.076305389404297,decode,0,0,451640,23.455381393432617,1.793731539218904,9.817361831665039,0.7507748969842832,2.3891735677684145,3
engine_step_start,1780280876.0574088,1780280876.0574088,1780280876.0696888,12.279987335205078,decode,1,0,451641,23.55051040649414,1.9177959849337942,9.849071502685547,0.8020424804877102,2.3911401597676107,3
engine_step_start,1780280876.0696726,1780280876.0696726,1780280876.0968494,27.176856994628906,decode,0,0,451640,61.438798904418945,2.260702881005018,27.176856994628906,1.0,2.260702881005018,3
engine_step_start,1780280876.0697103,1780280876.0697103,1780280876.0968049,27.094602584838867,decode,1,0,451641,61.23661994934082,2.2601040099258203,27.094602584838867,1.0,2.2601040099258203,3
engine_step_start,1780280876.0968113,1780280876.0968113,1780280876.109971,13.159751892089844,decode,1,0,451641,5.219697952270508,0.3966410609464454,2.642393112182617,0.20079353576346112,1.9753676802309843,2
engine_step_start,1780280876.0968547,1780280876.0968547,1780280876.1098707,13.015985488891602,decode,0,0,451640,5.132913589477539,0.3943545875844889,2.599000930786133,0.1996776143461616,1.9749564260159618,2
engine_step_start,1780280876.1098852,1780280876.1098852,1780280876.1229844,13.099193572998047,decode,0,0,451640,0.0,0.0,0.0,0.0,0.0,0
engine_step_start,1780280876.1099875,1780280876.1099875,1780280876.122867,12.879610061645508,decode,1,0,451641,0.0,0.0,0.0,0.0,0.0,0
engine_step_start,1780280876.1228824,1780280876.1228824,1780280876.1361477,13.265371322631836,decode,1,0,451641,1.4119148254394531,0.10643613292834163,1.4119148254394531,0.10643613292834163,1.0,1
engine_step_start,1780280876.1229987,1780280876.1229987,1780280876.136134,13.135194778442383,decode,0,0,451640,1.4119148254394531,0.107490969814677,1.4119148254394531,0.107490969814677,1.0,1
engine_step_start,1780280876.1361406,1780280876.1361406,1780280876.1491563,13.0157470703125,decode,0,0,451640,0.0,0.0,0.0,0.0,0.0,0
engine_step_start,1780280876.1361625,1780280876.1361625,1780280876.1493058,13.143301010131836,decode,1,0,451641,0.0,0.0,0.0,0.0,0.0,0
engine_step_start,1780280876.149163,1780280876.149163,1780280876.162228,13.065099716186523,decode,0,0,451640,0.0,0.0,0.0,0.0,0.0,0
engine_step_start,1780280876.1493134,1780280876.1493134,1780280876.1621552,12.84170150756836,decode,1,0,451641,0.0,0.0,0.0,0.0,0.0,0
engine_step_start,1780280876.1621659,1780280876.1621659,1780280876.175361,13.195037841796875,decode,1,0,451641,0.0,0.0,0.0,0.0,0.0,0
engine_step_start,1780280876.1622343,1780280876.1622343,1780280876.175397,13.162612915039062,decode,0,0,451640,0.0,0.0,0.0,0.0,0.0,0
engine_step_start,1780280876.175986,1780280876.175986,1780280876.1884086,12.422561645507812,decode,0,0,451640,0.0,0.0,0.0,0.0,0.0,0
engine_step_start,1780280876.1760182,1780280876.1760182,1780280876.1885092,12.490987777709961,decode,1,0,451641,0.0,0.0,0.0,0.0,0.0,0
engine_step_start,1780280876.1884263,1780280876.1884263,1780280876.2015133,13.087034225463867,decode,0,0,451640,10.33473014831543,0.7896922992840356,10.33473014831543,0.7896922992840356,1.0,1
engine_step_start,1780280876.1885176,1780280876.1885176,1780280876.2016282,13.110637664794922,decode,1,0,451641,10.449647903442383,0.7970358246953991,10.449647903442383,0.7970358246953991,1.0,1
engine_step_start,1780280876.2015364,1780280876.2015364,1780280876.2147427,13.206243515014648,decode,0,0,451640,17.443180084228516,1.320828293405066,13.206243515014648,1.0,1.320828293405066,2
engine_step_start,1780280876.2016342,1780280876.2016342,1780280876.2146618,13.027667999267578,decode,1,0,451641,17.264604568481445,1.325226016617254,13.027667999267578,1.0,1.325226016617254,2
engine_step_start,1780280876.2146697,1780280876.2146697,1780280876.2279232,13.253450393676758,decode,1,0,451641,2.6590824127197266,0.20063321880228102,2.6590824127197266,0.20063321880228102,1.0,1
engine_step_start,1780280876.2147584,1780280876.2147584,1780280876.2277093,12.950897216796875,decode,0,0,451640,2.5703907012939453,0.1984720176730486,2.5703907012939453,0.1984720176730486,1.0,1
engine_step_start,1780280876.2277243,1780280876.2277243,1780280876.2408228,13.098478317260742,decode,0,0,451640,20.48516273498535,1.5639345455869236,10.275125503540039,0.7844518465934947,1.993665452351672,2
engine_step_start,1780280876.227951,1780280876.227951,1780280876.240766,12.814998626708984,decode,1,0,451641,20.371675491333008,1.5896744186046512,10.218381881713867,0.7973767441860465,1.9936302760213724,2
engine_step_start,1780280876.2407794,1780280876.2407794,1780280876.2539146,13.135194778442383,decode,1,0,451641,16.005516052246094,1.2185214092534442,13.135194778442383,1.0,1.2185214092534442,2
engine_step_start,1780280876.2408383,1780280876.2408383,1780280876.253889,13.05079460144043,decode,0,0,451640,15.862226486206055,1.215422276621787,13.05079460144043,1.0,1.215422276621787,2
engine_step_start,1780280876.2539022,1780280876.2539022,1780280876.2669518,13.049602508544922,decode,0,0,451640,2.7246475219726562,0.2087916103336135,2.7246475219726562,0.2087916103336135,1.0,1
engine_step_start,1780280876.2539232,1780280876.2539232,1780280876.2669487,13.025522232055664,decode,1,0,451641,2.7036666870117188,0.20756685519740817,2.7036666870117188,0.20756685519740817,1.0,1
engine_step_start,1780280876.2669547,1780280876.2669547,1780280876.27999,13.035297393798828,decode,1,0,451641,0.0,0.0,0.0,0.0,0.0,0
engine_step_start,1780280876.266959,1780280876.266959,1780280876.2800753,13.11635971069336,decode,0,0,451640,0.0,0.0,0.0,0.0,0.0,0
engine_step_start,1780280876.2800019,1780280876.2800019,1780280876.2931511,13.149261474609375,decode,1,0,451641,0.0,0.0,0.0,0.0,0.0,0
engine_step_start,1780280876.280082,1780280876.280082,1780280876.293089,13.006925582885742,decode,0,0,451640,0.0,0.0,0.0,0.0,0.0,0
engine_step_start,1780280876.293103,1780280876.293103,1780280876.3064735,13.370513916015625,decode,0,0,451640,0.0,0.0,0.0,0.0,0.0,0
engine_step_start,1780280876.2931564,1780280876.2931564,1780280876.306423,13.266563415527344,decode,1,0,451641,0.0,0.0,0.0,0.0,0.0,0
engine_step_start,1780280876.3064303,1780280876.3064303,1780280876.3195925,13.16213607788086,decode,1,0,451641,0.0,0.0,0.0,0.0,0.0,0
engine_step_start,1780280876.3064806,1780280876.3064806,1780280876.319655,13.174295425415039,decode,0,0,451640,0.0,0.0,0.0,0.0,0.0,0
engine_step_start,1780280876.3196113,1780280876.3196113,1780280876.332748,13.136625289916992,decode,1,0,451641,10.549306869506836,0.80304542732173,10.549306869506836,0.80304542732173,1.0,1
engine_step_start,1780280876.3196619,1780280876.3196619,1780280876.3328512,13.189315795898438,decode,0,0,451640,10.652542114257812,0.8076644974692697,10.652542114257812,0.8076644974692697,1.0,1
engine_step_start,1780280876.3327637,1780280876.3327637,1780280876.3556035,22.839784622192383,decode,1,0,451641,22.839784622192383,1.0,22.839784622192383,1.0,1.0,1
engine_step_start,1780280876.3328578,1780280876.3328578,1780280876.3555233,22.66550064086914,decode,0,0,451640,22.66550064086914,1.0,22.66550064086914,1.0,1.0,1
engine_step_start,1780280876.3555295,1780280876.3555295,1780280876.368683,13.153553009033203,decode,0,0,451640,2.4061203002929688,0.18292550299075586,2.4061203002929688,0.18292550299075586,1.0,1
engine_step_start,1780280876.3556104,1780280876.3556104,1780280876.3686588,13.048410415649414,decode,1,0,451641,2.325296401977539,0.1782053390341501,2.325296401977539,0.1782053390341501,1.0,1
engine_step_start,1780280876.368666,1780280876.368666,1780280876.3818412,13.175249099731445,decode,1,0,451641,0.0,0.0,0.0,0.0,0.0,0
engine_step_start,1780280876.3686893,1780280876.3686893,1780280876.3818145,13.125181198120117,decode,0,0,451640,0.0,0.0,0.0,0.0,0.0,0
engine_step_start,1780280876.3818216,1780280876.3818216,1780280876.3951528,13.331174850463867,decode,0,0,451640,0.0,0.0,0.0,0.0,0.0,0
engine_step_start,1780280876.3818474,1780280876.3818474,1780280876.3951595,13.312101364135742,decode,1,0,451641,0.0,0.0,0.0,0.0,0.0,0
engine_step_start,1780280876.3951592,1780280876.3951592,1780280876.4083936,13.234376907348633,decode,0,0,451640,0.0,0.0,0.0,0.0,0.0,0
engine_step_start,1780280876.3951726,1780280876.3951726,1780280876.4084642,13.291597366333008,decode,1,0,451641,0.0,0.0,0.0,0.0,0.0,0
engine_step_start,1780280876.4084005,1780280876.4084005,1780280876.4216902,13.289690017700195,decode,0,0,451640,0.0,0.0,0.0,0.0,0.0,0
engine_step_start,1780280876.4084706,1780280876.4084706,1780280876.4215887,13.11802864074707,decode,1,0,451641,0.0,0.0,0.0,0.0,0.0,0
engine_step_start,1780280876.421595,1780280876.421595,1780280876.4347537,13.158559799194336,decode,1,0,451641,0.0,0.0,0.0,0.0,0.0,0
engine_step_start,1780280876.4216976,1780280876.4216976,1780280876.4347465,13.048887252807617,decode,0,0,451640,0.0,0.0,0.0,0.0,0.0,0
engine_step_start,1780280876.4347534,1780280876.4347534,1780280876.447971,13.217687606811523,decode,0,0,451640,0.0,0.0,0.0,0.0,0.0,0
engine_step_start,1780280876.434759,1780280876.434759,1780280876.4479113,13.152360916137695,decode,1,0,451641,0.0,0.0,0.0,0.0,0.0,0
engine_step_start,1780280876.447916,1780280876.447916,1780280876.4611995,13.283491134643555,decode,1,0,451641,0.0,0.0,0.0,0.0,0.0,0
engine_step_start,1780280876.4479778,1780280876.4479778,1780280876.461166,13.18812370300293,decode,0,0,451640,0.0,0.0,0.0,0.0,0.0,0
engine_step_start,1780280876.4611723,1780280876.4611723,1780280876.4745405,13.36812973022461,decode,0,0,451640,0.0,0.0,0.0,0.0,0.0,0
engine_step_start,1780280876.4612043,1780280876.4612043,1780280876.4744573,13.252973556518555,decode,1,0,451641,0.0,0.0,0.0,0.0,0.0,0
engine_step_start,1780280876.4744723,1780280876.4744723,1780280876.4876056,13.13328742980957,decode,1,0,451641,0.0,0.0,0.0,0.0,0.0,0
engine_step_start,1780280876.4745467,1780280876.4745467,1780280876.4877381,13.191461563110352,decode,0,0,451640,0.0,0.0,0.0,0.0,0.0,0
engine_step_start,1780280876.487613,1780280876.487613,1780280876.5007887,13.175725936889648,decode,1,0,451641,0.0,0.0,0.0,0.0,0.0,0
engine_step_start,1780280876.487744,1780280876.487744,1780280876.5008156,13.071537017822266,decode,0,0,451640,0.0,0.0,0.0,0.0,0.0,0
engine_step_start,1780280876.5007935,1780280876.5007935,1780280876.5140538,13.260364532470703,decode,1,0,451641,0.0,0.0,0.0,0.0,0.0,0
engine_step_start,1780280876.5008218,1780280876.5008218,1780280876.5140316,13.209819793701172,decode,0,0,451640,0.0,0.0,0.0,0.0,0.0,0
engine_step_start,1780280876.5140383,1780280876.5140383,1780280876.527396,13.35763931274414,decode,0,0,451640,0.0,0.0,0.0,0.0,0.0,0
engine_step_start,1780280876.514062,1780280876.514062,1780280876.5271587,13.096809387207031,decode,1,0,451641,0.0,0.0,0.0,0.0,0.0,0
engine_step_start,1780280876.5271637,1780280876.5271637,1780280876.540435,13.271331787109375,decode,1,0,451641,0.0,0.0,0.0,0.0,0.0,0
engine_step_start,1780280876.527404,1780280876.527404,1780280876.540506,13.101816177368164,decode,0,0,451640,0.0,0.0,0.0,0.0,0.0,0
engine_step_start,1780280876.5404418,1780280876.5404418,1780280876.553743,13.30113410949707,decode,1,0,451641,0.0,0.0,0.0,0.0,0.0,0
engine_step_start,1780280876.5405123,1780280876.5405123,1780280876.5537531,13.240814208984375,decode,0,0,451640,0.0,0.0,0.0,0.0,0.0,0
engine_step_start,1780280876.5537481,1780280876.5537481,1780280876.5669117,13.163566589355469,decode,1,0,451641,0.0,0.0,0.0,0.0,0.0,0
engine_step_start,1780280876.5537593,1780280876.5537593,1780280876.567047,13.287782669067383,decode,0,0,451640,0.0,0.0,0.0,0.0,0.0,0
engine_step_start,1780280876.5669165,1780280876.5669165,1780280876.580193,13.27657699584961,decode,1,0,451641,0.0,0.0,0.0,0.0,0.0,0
engine_step_start,1780280876.5670624,1780280876.5670624,1780280876.580181,13.118505477905273,decode,0,0,451640,0.0,0.0,0.0,0.0,0.0,0
engine_step_start,1780280876.580187,1780280876.580187,1780280876.593457,13.269901275634766,decode,0,0,451640,0.0,0.0,0.0,0.0,0.0,0
engine_step_start,1780280876.580198,1780280876.580198,1780280876.5935216,13.323545455932617,decode,1,0,451641,0.0,0.0,0.0,0.0,0.0,0
engine_step_start,1780280876.5934637,1780280876.5934637,1780280876.6068006,13.336896896362305,decode,0,0,451640,0.0,0.0,0.0,0.0,0.0,0
engine_step_start,1780280876.5935285,1780280876.5935285,1780280876.6068115,13.283014297485352,decode,1,0,451641,0.0,0.0,0.0,0.0,0.0,0
engine_step_start,1780280876.6072283,1780280876.6072283,1780280876.620043,12.814760208129883,decode,0,0,451640,0.0,0.0,0.0,0.0,0.0,0
engine_step_start,1780280876.6072419,1780280876.6072419,1780280876.6201608,12.918949127197266,decode,1,0,451641,0.0,0.0,0.0,0.0,0.0,0
engine_step_start,1780280876.62005,1780280876.62005,1780280876.6332214,13.17143440246582,decode,0,0,451640,10.38980484008789,0.788813467282107,10.38980484008789,0.788813467282107,1.0,1
engine_step_start,1780280876.620184,1780280876.620184,1780280876.6331627,12.978792190551758,decode,1,0,451641,10.331153869628906,0.7960027187390929,10.331153869628906,0.7960027187390929,1.0,1
engine_step_start,1780280876.6331768,1780280876.6331768,1780280876.646611,13.434171676635742,decode,1,0,451641,15.548229217529297,1.1573641897527818,13.434171676635742,1.0,1.1573641897527818,2
engine_step_start,1780280876.6332386,1780280876.6332386,1780280876.6465619,13.323307037353516,decode,0,0,451640,15.43736457824707,1.158673633728213,13.323307037353516,1.0,1.158673633728213,2
engine_step_start,1780280876.6465764,1780280876.6465764,1780280876.6599379,13.361454010009766,decode,0,0,451640,6.316184997558594,0.47271689090325114,4.47535514831543,0.33494521965668606,1.4113259815673114,2
engine_step_start,1780280876.646632,1780280876.646632,1780280876.6600819,13.449907302856445,decode,1,0,451641,6.26063346862793,0.4654778153971602,4.419803619384766,0.3286121993157606,1.4164958463696191,2
engine_step_start,1780280876.6599545,1780280876.6599545,1780280876.6730623,13.107776641845703,decode,0,0,451640,10.304689407348633,0.78615082396595,10.304689407348633,0.78615082396595,1.0,1
engine_step_start,1780280876.6600974,1780280876.6600974,1780280876.6730533,12.955904006958008,decode,1,0,451641,10.295629501342773,0.7946670101764781,10.295629501342773,0.7946670101764781,1.0,1
engine_step_start,1780280876.6730604,1780280876.6730604,1780280876.6862667,13.206243515014648,decode,1,0,451641,2.8481483459472656,0.215666805076637,2.8481483459472656,0.215666805076637,1.0,1
engine_step_start,1780280876.6730776,1780280876.6730776,1780280876.6862679,13.190269470214844,decode,0,0,451640,2.830982208251953,0.21462656351673776,2.830982208251953,0.21462656351673776,1.0,1
engine_step_start,1780280876.6862748,1780280876.6862748,1780280876.6996045,13.329744338989258,decode,0,0,451640,0.0,0.0,0.0,0.0,0.0,0
engine_step_start,1780280876.6862786,1780280876.6862786,1780280876.6994896,13.21101188659668,decode,1,0,451641,0.0,0.0,0.0,0.0,0.0,0
engine_step_start,1780280876.6994963,1780280876.6994963,1780280876.7127333,13.23699951171875,decode,1,0,451641,4.167079925537109,0.31480547550432275,4.167079925537109,0.31480547550432275,1.0,1
engine_step_start,1780280876.699621,1780280876.699621,1780280876.7126756,13.054609298706055,decode,0,0,451640,4.167079925537109,0.3192037256871519,4.167079925537109,0.3192037256871519,1.0,1
engine_step_start,1780280876.7126904,1780280876.7126904,1780280876.7259223,13.231992721557617,decode,0,0,451640,0.0,0.0,0.0,0.0,0.0,0
engine_step_start,1780280876.71274,1780280876.71274,1780280876.7259107,13.170719146728516,decode,1,0,451641,0.0,0.0,0.0,0.0,0.0,0
engine_step_start,1780280876.7259161,1780280876.7259161,1780280876.7390933,13.177156448364258,decode,1,0,451641,0.0,0.0,0.0,0.0,0.0,0
engine_step_start,1780280876.7259293,1780280876.7259293,1780280876.739151,13.22174072265625,decode,0,0,451640,0.0,0.0,0.0,0.0,0.0,0
engine_step_start,1780280876.7391002,1780280876.7391002,1780280876.7522793,13.17906379699707,decode,1,0,451641,0.0,0.0,0.0,0.0,0.0,0
engine_step_start,1780280876.739165,1780280876.739165,1780280876.7532747,14.109611511230469,decode,0,0,451640,0.0,0.0,0.0,0.0,0.0,0
engine_step_start,1780280876.7522852,1780280876.7522852,1780280876.7679284,15.643119812011719,decode,1,0,451641,0.0,0.0,0.0,0.0,0.0,0
engine_step_start,1780280876.753281,1780280876.753281,1780280876.7678077,14.526605606079102,decode,0,0,451640,0.0,0.0,0.0,0.0,0.0,0
engine_step_start,1780280876.767814,1780280876.767814,1780280876.780884,13.070106506347656,decode,0,0,451640,0.0,0.0,0.0,0.0,0.0,0
engine_step_start,1780280876.7679436,1780280876.7679436,1780280876.7809932,13.049602508544922,decode,1,0,451641,0.0,0.0,0.0,0.0,0.0,0
engine_step_start,1780280876.7808897,1780280876.7808897,1780280876.7940826,13.192892074584961,decode,0,0,451640,0.0,0.0,0.0,0.0,0.0,0
engine_step_start,1780280876.781001,1780280876.781001,1780280876.7942052,13.204097747802734,decode,1,0,451641,0.0,0.0,0.0,0.0,0.0,0
engine_step_start,1780280876.794089,1780280876.794089,1780280876.807205,13.115882873535156,decode,0,0,451640,10.560274124145508,0.8051516032865557,10.560274124145508,0.8051516032865557,1.0,1
engine_step_start,1780280876.7942224,1780280876.7942224,1780280876.8072836,13.061285018920898,decode,1,0,451641,10.638952255249023,0.8145410072467736,10.638952255249023,0.8145410072467736,1.0,1
engine_step_start,1780280876.8072114,1780280876.8072114,1780280876.8204653,13.253927230834961,decode,0,0,451640,2.5663375854492188,0.19362846503930492,2.5663375854492188,0.19362846503930492,1.0,1
engine_step_start,1780280876.8072975,1780280876.8072975,1780280876.820263,12.96544075012207,decode,1,0,451641,2.4802684783935547,0.19129843143745057,2.4802684783935547,0.19129843143745057,1.0,1
engine_step_start,1780280876.8202677,1780280876.8202677,1780280876.8334603,13.19265365600586,decode,1,0,451641,0.0,0.0,0.0,0.0,0.0,0
engine_step_start,1780280876.820471,1780280876.820471,1780280876.8335776,13.106584548950195,decode,0,0,451640,0.0,0.0,0.0,0.0,0.0,0
engine_step_start,1780280876.8334653,1780280876.8334653,1780280876.8467019,13.236522674560547,decode,1,0,451641,0.0,0.0,0.0,0.0,0.0,0
engine_step_start,1780280876.833584,1780280876.833584,1780280876.8467486,13.164520263671875,decode,0,0,451640,0.0,0.0,0.0,0.0,0.0,0
engine_step_start,1780280876.8467162,1780280876.8467162,1780280876.859982,13.265848159790039,decode,1,0,451641,0.0,0.0,0.0,0.0,0.0,0
engine_step_start,1780280876.8467548,1780280876.8467548,1780280876.8599641,13.209342956542969,decode,0,0,451640,0.0,0.0,0.0,0.0,0.0,0
engine_step_start,1780280876.85997,1780280876.85997,1780280876.8732662,13.296127319335938,decode,0,0,451640,0.0,0.0,0.0,0.0,0.0,0
engine_step_start,1780280876.8599963,1780280876.8599963,1780280876.873117,13.120651245117188,decode,1,0,451641,0.0,0.0,0.0,0.0,0.0,0
engine_step_start,1780280876.8731241,1780280876.8731241,1780280876.8864207,13.29660415649414,decode,1,0,451641,10.65516471862793,0.8013448090371167,10.65516471862793,0.8013448090371167,1.0,1
engine_step_start,1780280876.873283,1780280876.873283,1780280876.8863473,13.064384460449219,decode,0,0,451640,10.581731796264648,0.8099678808672166,10.581731796264648,0.8099678808672166,1.0,1
engine_step_start,1780280876.886362,1780280876.886362,1780280876.8996542,13.292074203491211,decode,0,0,451640,2.7065277099609375,0.20361966601495937,2.7065277099609375,0.20361966601495937,1.0,1
engine_step_start,1780280876.886428,1780280876.886428,1780280876.8996282,13.200044631958008,decode,1,0,451641,2.6404857635498047,0.20003612390499412,2.6404857635498047,0.20003612390499412,1.0,1
engine_step_start,1780280876.8996346,1780280876.8996346,1780280876.9127207,13.086080551147461,decode,1,0,451641,0.0,0.0,0.0,0.0,0.0,0
engine_step_start,1780280876.8996608,1780280876.8996608,1780280876.9128983,13.237476348876953,decode,0,0,451640,0.0,0.0,0.0,0.0,0.0,0
engine_step_start,1780280876.9127262,1780280876.9127262,1780280876.9258444,13.118267059326172,decode,1,0,451641,0.0,0.0,0.0,0.0,0.0,0
engine_step_start,1780280876.9129045,1780280876.9129045,1780280876.9260116,13.107061386108398,decode,0,0,451640,0.0,0.0,0.0,0.0,0.0,0
engine_step_start,1780280876.92585,1780280876.92585,1780280876.9391892,13.33928108215332,decode,1,0,451641,0.0,0.0,0.0,0.0,0.0,0
engine_step_start,1780280876.9260256,1780280876.9260256,1780280876.9392288,13.203144073486328,decode,0,0,451640,0.0,0.0,0.0,0.0,0.0,0
engine_step_start,1780280876.939196,1780280876.939196,1780280876.9525979,13.40174674987793,decode,1,0,451641,0.0,0.0,0.0,0.0,0.0,0
engine_step_start,1780280876.939235,1780280876.939235,1780280876.9524395,13.204574584960938,decode,0,0,451640,0.0,0.0,0.0,0.0,0.0,0
engine_step_start,1780280876.9524565,1780280876.9524565,1780280876.9657214,13.264894485473633,decode,0,0,451640,20.971298217773438,1.5809623092546328,10.501623153686523,0.7916853892194043,1.9969577950825255,2
engine_step_start,1780280876.952624,1780280876.952624,1780280876.965649,13.02480697631836,decode,1,0,451641,20.826339721679688,1.5989749222039173,10.429143905639648,0.800713893465129,1.9969366527215784,2
engine_step_start,1780280876.9656608,1780280876.9656608,1780280876.9787877,13.126850128173828,decode,1,0,451641,15.940666198730469,1.2143557702786152,13.126850128173828,1.0,1.2143557702786152,2
engine_step_start,1780280876.9657388,1780280876.9657388,1780280876.979,13.26131820678711,decode,0,0,451640,15.997171401977539,1.2063032612994857,13.26131820678711,1.0,1.2063032612994857,2
engine_step_start,1780280876.9787936,1780280876.9787936,1780280876.9920745,13.280868530273438,decode,1,0,451641,2.759218215942383,0.207758868303892,2.759218215942383,0.207758868303892,1.0,1
engine_step_start,1780280876.9790099,1780280876.9790099,1780280876.9921563,13.146400451660156,decode,0,0,451640,2.5429725646972656,0.1934348929996373,2.5429725646972656,0.1934348929996373,1.0,1
engine_step_start,1780280876.992081,1780280876.992081,1780280877.005279,13.198137283325195,decode,1,0,451641,0.0,0.0,0.0,0.0,0.0,0
engine_step_start,1780280876.9921656,1780280876.9921656,1780280877.0053058,13.140201568603516,decode,0,0,451640,0.0,0.0,0.0,0.0,0.0,0
engine_step_start,1780280877.0052948,1780280877.0052948,1780280877.018677,13.382196426391602,decode,1,0,451641,1.483917236328125,0.11088742005024141,1.483917236328125,0.11088742005024141,1.0,1
engine_step_start,1780280877.005322,1780280877.005322,1780280877.0186036,13.281583786010742,decode,0,0,451640,1.483917236328125,0.11172743102303122,1.483917236328125,0.11172743102303122,1.0,1
engine_step_start,1780280877.0186112,1780280877.0186112,1780280877.0318394,13.228178024291992,decode,0,0,451640,0.0,0.0,0.0,0.0,0.0,0
engine_step_start,1780280877.0186937,1780280877.0186937,1780280877.0320194,13.325691223144531,decode,1,0,451641,0.0,0.0,0.0,0.0,0.0,0
engine_step_start,1780280877.0324326,1780280877.0324326,1780280877.045148,12.715339660644531,decode,0,0,451640,0.0,0.0,0.0,0.0,0.0,0
engine_step_start,1780280877.0327435,1780280877.0327435,1780280877.045198,12.454509735107422,decode,1,0,451641,0.0,0.0,0.0,0.0,0.0,0
engine_step_start,1780280877.0451655,1780280877.0451655,1780280877.058466,13.300418853759766,decode,0,0,451640,0.7131099700927734,0.053615602480909186,0.7131099700927734,0.053615602480909186,1.0,1
engine_step_start,1780280877.0452142,1780280877.0452142,1780280877.0582678,13.053655624389648,decode,1,0,451641,0.7131099700927734,0.05462913919380468,0.7131099700927734,0.05462913919380468,1.0,1
engine_step_start,1780280877.0582733,1780280877.0582733,1780280877.0716186,13.34524154663086,decode,1,0,451641,0.0,0.0,0.0,0.0,0.0,0
engine_step_start,1780280877.0584815,1780280877.0584815,1780280877.0717127,13.231277465820312,decode,0,0,451640,0.0,0.0,0.0,0.0,0.0,0
engine_step_start,1780280877.071625,1780280877.071625,1780280877.0848224,13.19742202758789,decode,1,0,451641,0.0,0.0,0.0,0.0,0.0,0
engine_step_start,1780280877.071719,1780280877.071719,1780280877.0849931,13.274192810058594,decode,0,0,451640,0.0,0.0,0.0,0.0,0.0,0
engine_step_start,1780280877.0848384,1780280877.0848384,1780280877.0980706,13.232231140136719,decode,1,0,451641,20.882129669189453,1.5781261261261261,10.477066040039062,0.7917837837837838,1.9931276169670489,2
engine_step_start,1780280877.085018,1780280877.085018,1780280877.0981748,13.156890869140625,decode,0,0,451640,21.09050750732422,1.6030008698173384,10.581254959106445,0.80423673528559,1.9931952862711522,2
engine_step_start,1780280877.0980873,1780280877.0980873,1780280877.111389,13.301610946655273,decode,1,0,451641,5.4473876953125,0.4095284185621337,2.7861595153808594,0.20946030721801007,1.9551600205373951,2
engine_step_start,1780280877.0981884,1780280877.0981884,1780280877.1114757,13.28730583190918,decode,0,0,451640,5.245208740234375,0.39475336886113654,2.685070037841797,0.20207783818700545,1.9534718522464927,2
engine_step_start,1780280877.1113951,1780280877.1113951,1780280877.124687,13.29183578491211,decode,1,0,451641,0.0,0.0,0.0,0.0,0.0,0
engine_step_start,1780280877.1114824,1780280877.1114824,1780280877.1246629,13.18049430847168,decode,0,0,451640,0.0,0.0,0.0,0.0,0.0,0
engine_step_start,1780280877.1246698,1780280877.1246698,1780280877.1378784,13.208627700805664,decode,0,0,451640,0.0,0.0,0.0,0.0,0.0,0
engine_step_start,1780280877.1246934,1780280877.1246934,1780280877.1378806,13.187170028686523,decode,1,0,451641,0.0,0.0,0.0,0.0,0.0,0
engine_step_start,1780280877.137895,1780280877.137895,1780280877.1511734,13.27824592590332,decode,0,0,451640,0.0,0.0,0.0,0.0,0.0,0
engine_step_start,1780280877.1378956,1780280877.1378956,1780280877.1519754,14.079809188842773,decode,1,0,451641,0.0,0.0,0.0,0.0,0.0,0
engine_step_start,1780280877.1511793,1780280877.1511793,1780280877.1670542,15.874862670898438,decode,0,0,451640,0.0,0.0,0.0,0.0,0.0,0
engine_step_start,1780280877.151982,1780280877.151982,1780280877.1669035,14.921426773071289,decode,1,0,451641,0.0,0.0,0.0,0.0,0.0,0
engine_step_start,1780280877.1669102,1780280877.1669102,1780280877.1801257,13.21554183959961,decode,1,0,451641,0.0,0.0,0.0,0.0,0.0,0
engine_step_start,1780280877.1670606,1780280877.1670606,1780280877.1802123,13.15164566040039,decode,0,0,451640,0.0,0.0,0.0,0.0,0.0,0
engine_step_start,1780280877.1801307,1780280877.1801307,1780280877.1935291,13.398408889770508,decode,1,0,451641,0.0,0.0,0.0,0.0,0.0,0
engine_step_start,1780280877.180218,1780280877.180218,1780280877.1934776,13.259649276733398,decode,0,0,451640,0.0,0.0,0.0,0.0,0.0,0
engine_step_start,1780280877.1934843,1780280877.1934843,1780280877.206799,13.31472396850586,decode,0,0,451640,0.0,0.0,0.0,0.0,0.0,0
engine_step_start,1780280877.1935356,1780280877.1935356,1780280877.2065988,13.063192367553711,decode,1,0,451641,0.0,0.0,0.0,0.0,0.0,0
engine_step_start,1780280877.2066035,1780280877.2066035,1780280877.2198918,13.288259506225586,decode,1,0,451641,0.0,0.0,0.0,0.0,0.0,0
engine_step_start,1780280877.206813,1780280877.206813,1780280877.2200785,13.265371322631836,decode,0,0,451640,0.0,0.0,0.0,0.0,0.0,0
engine_step_start,1780280877.2198977,1780280877.2198977,1780280877.233279,13.381242752075195,decode,1,0,451641,0.0,0.0,0.0,0.0,0.0,0
engine_step_start,1780280877.2200851,1780280877.2200851,1780280877.2332847,13.199567794799805,decode,0,0,451640,0.0,0.0,0.0,0.0,0.0,0
engine_step_start,1780280877.2332847,1780280877.2332847,1780280877.2466352,13.350486755371094,decode,1,0,451641,0.0,0.0,0.0,0.0,0.0,0
engine_step_start,1780280877.2332911,1780280877.2332911,1780280877.24669,13.398885726928711,decode,0,0,451640,0.0,0.0,0.0,0.0,0.0,0
engine_step_start,1780280877.2466424,1780280877.2466424,1780280877.2599688,13.326406478881836,decode,1,0,451641,0.0,0.0,0.0,0.0,0.0,0
engine_step_start,1780280877.246696,1780280877.246696,1780280877.2599478,13.251781463623047,decode,0,0,451640,0.0,0.0,0.0,0.0,0.0,0
engine_step_start,1780280877.2599542,1780280877.2599542,1780280877.2732253,13.271093368530273,decode,0,0,451640,1.5170574188232422,0.11431291881501177,1.5170574188232422,0.11431291881501177,1.0,1
engine_step_start,1780280877.2599864,1780280877.2599864,1780280877.2732544,13.267993927001953,decode,1,0,451641,1.5170574188232422,0.11433962264150943,1.5170574188232422,0.11433962264150943,1.0,1
engine_step_start,1780280877.2732475,1780280877.2732475,1780280877.2868426,13.595104217529297,decode,0,0,451640,16.270875930786133,1.1968187717021501,11.075973510742188,0.8147030970502613,1.4690244532460823,2
engine_step_start,1780280877.273278,1780280877.273278,1780280877.2867599,13.481855392456055,decode,1,0,451641,16.10541343688965,1.1945991829805294,10.993242263793945,0.8154101897536562,1.4650285193779957,2
engine_step_start,1780280877.2867882,1780280877.2867882,1780280877.299648,12.859821319580078,decode,1,0,451641,25.719642639160156,2.0,12.859821319580078,1.0,2.0,2
engine_step_start,1780280877.2868588,1780280877.2868588,1780280877.2998393,12.980461120605469,decode,0,0,451640,25.960922241210938,2.0,12.980461120605469,1.0,2.0,2
engine_step_start,1780280877.2996593,1780280877.2996593,1780280877.3128488,13.189554214477539,decode,1,0,451641,5.789756774902344,0.43896531154534446,2.9153823852539062,0.22103721913920574,1.9859339221458947,2
engine_step_start,1780280877.2998464,1780280877.2998464,1780280877.3129215,13.075113296508789,decode,0,0,451640,5.415439605712891,0.41417917251691255,2.7282238006591797,0.20865775605842343,1.984968976666958,2
engine_step_start,1780280877.3128593,1780280877.3128593,1780280877.3261175,13.258218765258789,decode,1,0,451641,0.0,0.0,0.0,0.0,0.0,0
engine_step_start,1780280877.312928,1780280877.312928,1780280877.326304,13.375997543334961,decode,0,0,451640,0.0,0.0,0.0,0.0,0.0,0
engine_step_start,1780280877.3261232,1780280877.3261232,1780280877.3394039,13.280630111694336,decode,1,0,451641,0.0,0.0,0.0,0.0,0.0,0
engine_step_start,1780280877.3263104,1780280877.3263104,1780280877.3394742,13.16380500793457,decode,0,0,451640,0.0,0.0,0.0,0.0,0.0,0
engine_step_start,1780280877.3394105,1780280877.3394105,1780280877.3527584,13.347864151000977,decode,1,0,451641,0.0,0.0,0.0,0.0,0.0,0
engine_step_start,1780280877.3394885,1780280877.3394885,1780280877.3527238,13.235330581665039,decode,0,0,451640,0.0,0.0,0.0,0.0,0.0,0
engine_step_start,1780280877.3527303,1780280877.3527303,1780280877.3660455,13.315200805664062,decode,0,0,451640,0.0,0.0,0.0,0.0,0.0,0
engine_step_start,1780280877.3527653,1780280877.3527653,1780280877.3659296,13.164281845092773,decode,1,0,451641,0.0,0.0,0.0,0.0,0.0,0
engine_step_start,1780280877.365949,1780280877.365949,1780280877.3792512,13.302326202392578,decode,1,0,451641,2.0830631256103516,0.156593898985554,2.0830631256103516,0.156593898985554,1.0,1
engine_step_start,1780280877.366052,1780280877.366052,1780280877.379328,13.276100158691406,decode,0,0,451640,2.0830631256103516,0.15690323970979098,2.0830631256103516,0.15690323970979098,1.0,1
engine_step_start,1780280877.3792665,1780280877.3792665,1780280877.392639,13.372421264648438,decode,1,0,451641,0.0,0.0,0.0,0.0,0.0,0
engine_step_start,1780280877.3793423,1780280877.3793423,1780280877.392628,13.285636901855469,decode,0,0,451640,0.0,0.0,0.0,0.0,0.0,0
engine_step_start,1780280877.3926334,1780280877.3926334,1780280877.405887,13.253450393676758,decode,0,0,451640,17.981529235839844,1.3567432405691773,10.653257369995117,0.8038101063159978,1.68789024908802,2
engine_step_start,1780280877.392657,1780280877.392657,1780280877.4058626,13.205528259277344,decode,1,0,451641,17.932891845703125,1.357983678775186,10.628938674926758,0.8048855347728749,1.687176151275207,2
engine_step_start,1780280877.405874,1780280877.405874,1780280877.4201298,14.255762100219727,decode,1,0,451641,15.29240608215332,1.0727175421872126,14.255762100219727,1.0,1.0727175421872126,2
engine_step_start,1780280877.405893,1780280877.405893,1780280877.4202201,14.327049255371094,decode,0,0,451640,15.344619750976562,1.071024429208547,14.327049255371094,1.0,1.071024429208547,2
engine_step_start,1780280877.4201348,1780280877.4201348,1780280877.433552,13.417243957519531,decode,1,0,451641,2.6628971099853516,0.19846826355817757,2.6628971099853516,0.19846826355817757,1.0,1
engine_step_start,1780280877.4202263,1780280877.4202263,1780280877.433471,13.24462890625,decode,0,0,451640,2.5713443756103516,0.19414242511520738,2.5713443756103516,0.19414242511520738,1.0,1
engine_step_start,1780280877.433477,1780280877.433477,1780280877.4468806,13.403654098510742,decode,0,0,451640,0.0,0.0,0.0,0.0,0.0,0
engine_step_start,1780280877.4335647,1780280877.4335647,1780280877.446765,13.20028305053711,decode,1,0,451641,0.0,0.0,0.0,0.0,0.0,0
engine_step_start,1780280877.4467714,1780280877.4467714,1780280877.4602377,13.466358184814453,decode,1,0,451641,0.0,0.0,0.0,0.0,0.0,0
engine_step_start,1780280877.4468865,1780280877.4468865,1780280877.4602158,13.329267501831055,decode,0,0,451640,0.0,0.0,0.0,0.0,0.0,0
engine_step_start,1780280877.4607408,1780280877.4607408,1780280877.4735594,12.818574905395508,decode,0,0,451640,19.687414169311523,1.5358504603366503,9.89079475402832,0.7715986236399145,1.9904784861998313,2
engine_step_start,1780280877.4607728,1780280877.4607728,1780280877.4734573,12.68458366394043,decode,1,0,451641,19.483327865600586,1.5359848128864915,9.788751602172852,0.771704603123884,1.9903792288769273,2
engine_step_start,1780280877.4734716,1780280877.4734716,1780280877.486861,13.389348983764648,decode,1,0,451641,26.778697967529297,2.0,13.389348983764648,1.0,2.0,2
engine_step_start,1780280877.473573,1780280877.473573,1780280877.4867926,13.219594955444336,decode,0,0,451640,26.439189910888672,2.0,13.219594955444336,1.0,2.0,2
engine_step_start,1780280877.486808,1780280877.486808,1780280877.5002706,13.462543487548828,decode,0,0,451640,7.526397705078125,0.5590620904615167,3.3698081970214844,0.25030992101441574,2.2334795528512807,4
engine_step_start,1780280877.4868786,1780280877.4868786,1780280877.500316,13.437271118164062,decode,1,0,451641,7.38525390625,0.5496096522356281,3.299236297607422,0.24552874378992193,2.2384737678855324,4
engine_step_start,1780280877.5002847,1780280877.5002847,1780280877.513633,13.34834098815918,decode,0,0,451640,0.0,0.0,0.0,0.0,0.0,0
engine_step_start,1780280877.5003302,1780280877.5003302,1780280877.5136101,13.279914855957031,decode,1,0,451641,0.0,0.0,0.0,0.0,0.0,0
engine_step_start,1780280877.5136163,1780280877.5136163,1780280877.5268068,13.190507888793945,decode,1,0,451641,0.0,0.0,0.0,0.0,0.0,0
engine_step_start,1780280877.5136402,1780280877.5136402,1780280877.5269558,13.315677642822266,decode,0,0,451640,0.0,0.0,0.0,0.0,0.0,0
engine_step_start,1780280877.5268192,1780280877.5268192,1780280877.5411346,14.315366744995117,decode,1,0,451641,0.0,0.0,0.0,0.0,0.0,0
engine_step_start,1780280877.52697,1780280877.52697,1780280877.5412574,14.287471771240234,decode,0,0,451640,0.0,0.0,0.0,0.0,0.0,0
engine_step_start,1780280877.5411413,1780280877.5411413,1780280877.55576,14.618635177612305,decode,1,0,451641,0.0,0.0,0.0,0.0,0.0,0
engine_step_start,1780280877.5412636,1780280877.5412636,1780280877.5558965,14.632940292358398,decode,0,0,451640,0.0,0.0,0.0,0.0,0.0,0
engine_step_start,1780280877.555766,1780280877.555766,1780280877.5691283,13.36216926574707,decode,1,0,451641,0.0,0.0,0.0,0.0,0.0,0
engine_step_start,1780280877.5559042,1780280877.5559042,1780280877.5693069,13.402700424194336,decode,0,0,451640,0.0,0.0,0.0,0.0,0.0,0
engine_step_start,1780280877.5691352,1780280877.5691352,1780280877.5824704,13.335227966308594,decode,1,0,451641,0.0,0.0,0.0,0.0,0.0,0
engine_step_start,1780280877.5693142,1780280877.5693142,1780280877.5825164,13.202190399169922,decode,0,0,451640,0.0,0.0,0.0,0.0,0.0,0
engine_step_start,1780280877.5824766,1780280877.5824766,1780280877.5959399,13.463258743286133,decode,1,0,451641,0.0,0.0,0.0,0.0,0.0,0
engine_step_start,1780280877.582523,1780280877.582523,1780280877.5959735,13.450384140014648,decode,0,0,451640,0.0,0.0,0.0,0.0,0.0,0
engine_step_start,1780280877.5959544,1780280877.5959544,1780280877.6092255,13.271093368530273,decode,1,0,451641,6.036043167114258,0.4548263658085263,6.036043167114258,0.4548263658085263,1.0,1
engine_step_start,1780280877.59599,1780280877.59599,1780280877.6093683,13.378381729125977,decode,0,0,451640,6.036043167114258,0.45117887120631583,6.036043167114258,0.45117887120631583,1.0,1
engine_step_start,1780280877.6092322,1780280877.6092322,1780280877.6226766,13.44442367553711,decode,1,0,451641,0.0,0.0,0.0,0.0,0.0,0
engine_step_start,1780280877.6093838,1780280877.6093838,1780280877.6226811,13.297319412231445,decode,0,0,451640,0.0,0.0,0.0,0.0,0.0,0
engine_step_start,1780280877.6226833,1780280877.6226833,1780280877.6360624,13.379096984863281,decode,1,0,451641,0.0,0.0,0.0,0.0,0.0,0
engine_step_start,1780280877.6226878,1780280877.6226878,1780280877.6360314,13.343572616577148,decode,0,0,451640,0.0,0.0,0.0,0.0,0.0,0
engine_step_start,1780280877.6360455,1780280877.6360455,1780280877.6502492,14.203786849975586,decode,0,0,451640,0.0,0.0,0.0,0.0,0.0,0
engine_step_start,1780280877.6360877,1780280877.6360877,1780280877.649259,13.17143440246582,decode,1,0,451641,0.0,0.0,0.0,0.0,0.0,0
engine_step_start,1780280877.6492732,1780280877.6492732,1780280877.6670763,17.803192138671875,decode,1,0,451641,1.4789104461669922,0.08306995928862224,1.4789104461669922,0.08306995928862224,1.0,1
engine_step_start,1780280877.6502554,1780280877.6502554,1780280877.6670842,16.82877540588379,decode,0,0,451640,1.4789104461669922,0.08787986116030318,1.4789104461669922,0.08787986116030318,1.0,1
engine_step_start,1780280877.667084,1780280877.667084,1780280877.6803553,13.271331787109375,decode,1,0,451641,0.0,0.0,0.0,0.0,0.0,0
engine_step_start,1780280877.6670904,1780280877.6670904,1780280877.6804292,13.338804244995117,decode,0,0,451640,0.0,0.0,0.0,0.0,0.0,0
engine_step_start,1780280877.6803708,1780280877.6803708,1780280877.6937916,13.420820236206055,decode,1,0,451641,1.920938491821289,0.14313122879323514,1.920938491821289,0.14313122879323514,1.0,1
engine_step_start,1780280877.6804454,1780280877.6804454,1780280877.6937447,13.299226760864258,decode,0,0,451640,1.920938491821289,0.14443986303580073,1.920938491821289,0.14443986303580073,1.0,1
engine_step_start,1780280877.693759,1780280877.693759,1780280877.7072222,13.463258743286133,decode,0,0,451640,0.0,0.0,0.0,0.0,0.0,0
engine_step_start,1780280877.693798,1780280877.693798,1780280877.7070463,13.248205184936523,decode,1,0,451641,0.0,0.0,0.0,0.0,0.0,0
engine_step_start,1780280877.7070527,1780280877.7070527,1780280877.7205184,13.465642929077148,decode,1,0,451641,0.0,0.0,0.0,0.0,0.0,0
engine_step_start,1780280877.7072296,1780280877.7072296,1780280877.7205288,13.299226760864258,decode,0,0,451640,0.0,0.0,0.0,0.0,0.0,0
engine_step_start,1780280877.720527,1780280877.720527,1780280877.7340991,13.572216033935547,decode,1,0,451641,0.0,0.0,0.0,0.0,0.0,0
engine_step_start,1780280877.7205436,1780280877.7205436,1780280877.7340817,13.538122177124023,decode,0,0,451640,0.0,0.0,0.0,0.0,0.0,0
engine_step_start,1780280877.7340884,1780280877.7340884,1780280877.747635,13.546466827392578,decode,0,0,451640,0.0,0.0,0.0,0.0,0.0,0
engine_step_start,1780280877.7341058,1780280877.7341058,1780280877.747696,13.590097427368164,decode,1,0,451641,0.0,0.0,0.0,0.0,0.0,0
engine_step_start,1780280877.7476413,1780280877.7476413,1780280877.7612367,13.595342636108398,decode,0,0,451640,10.85209846496582,0.7982217701629167,10.85209846496582,0.7982217701629167,1.0,1
engine_step_start,1780280877.7477126,1780280877.7477126,1780280877.7611573,13.444662094116211,decode,1,0,451641,10.772705078125,0.8012626128282883,10.772705078125,0.8012626128282883,1.0,1
engine_step_start,1780280877.7611742,1780280877.7611742,1780280877.7747357,13.561487197875977,decode,1,0,451641,6.616353988647461,0.48787820186002356,6.529569625854492,0.48147887695364006,1.013290977471063,2
engine_step_start,1780280877.7612534,1780280877.7612534,1780280877.7748773,13.623952865600586,decode,0,0,451640,6.537199020385742,0.47983130042174893,6.450414657592773,0.4734613163467091,1.0134540750323415,2
engine_step_start,1780280877.774742,1780280877.774742,1780280877.7884398,13.69786262512207,decode,1,0,451641,0.0,0.0,0.0,0.0,0.0,0
engine_step_start,1780280877.7748938,1780280877.7748938,1780280877.7883735,13.47970962524414,decode,0,0,451640,0.0,0.0,0.0,0.0,0.0,0
engine_step_start,1780280877.78838,1780280877.78838,1780280877.8019295,13.549566268920898,decode,0,0,451640,0.0,0.0,0.0,0.0,0.0,0
engine_step_start,1780280877.7884493,1780280877.7884493,1780280877.8018665,13.417243957519531,decode,1,0,451641,0.0,0.0,0.0,0.0,0.0,0
engine_step_start,1780280877.8018813,1780280877.8018813,1780280877.815517,13.635635375976562,decode,1,0,451641,0.0,0.0,0.0,0.0,0.0,0
engine_step_start,1780280877.801943,1780280877.801943,1780280877.8156543,13.711214065551758,decode,0,0,451640,0.0,0.0,0.0,0.0,0.0,0
engine_step_start,1780280877.8155239,1780280877.8155239,1780280877.8290339,13.509988784790039,decode,1,0,451641,0.0,0.0,0.0,0.0,0.0,0
engine_step_start,1780280877.8156612,1780280877.8156612,1780280877.8292174,13.556241989135742,decode,0,0,451640,0.0,0.0,0.0,0.0,0.0,0
engine_step_start,1780280877.8290396,1780280877.8290396,1780280877.842725,13.685464859008789,decode,1,0,451641,0.0,0.0,0.0,0.0,0.0,0
engine_step_start,1780280877.8292322,1780280877.8292322,1780280877.8428252,13.592958450317383,decode,0,0,451640,0.0,0.0,0.0,0.0,0.0,0
engine_step_start,1780280877.8427317,1780280877.8427317,1780280877.8560452,13.313531875610352,decode,1,0,451641,10.575532913208008,0.7943446571515553,10.575532913208008,0.7943446571515553,1.0,1
engine_step_start,1780280877.842842,1780280877.842842,1780280877.8560376,13.195514678955078,decode,0,0,451640,10.567903518676758,0.8008708849781375,10.567903518676758,0.8008708849781375,1.0,1
engine_step_start,1780280877.8560584,1780280877.8560584,1780280877.869376,13.317584991455078,decode,0,0,451640,25.339841842651367,1.9027355078950194,13.317584991455078,1.0,1.9027355078950194,3
engine_step_start,1780280877.8560615,1780280877.8560615,1780280877.8693802,13.318777084350586,decode,1,0,451641,25.345325469970703,1.9029769256932139,13.318777084350586,1.0,1.9029769256932139,3
engine_step_start,1780280877.8693898,1780280877.8693898,1780280877.882861,13.471126556396484,decode,0,0,451640,5.298852920532227,0.3933489080032565,2.6679039001464844,0.1980460868641818,1.986148346738159,2
engine_step_start,1780280877.869393,1780280877.869393,1780280877.8827171,13.32402229309082,decode,1,0,451641,5.292177200317383,0.3971906593898184,2.6645660400390625,0.19998210611076317,1.9861309949892627,2
engine_step_start,1780280877.8827217,1780280877.8827217,1780280877.896034,13.312339782714844,decode,1,0,451641,0.0,0.0,0.0,0.0,0.0,0
engine_step_start,1780280877.8828673,1780280877.8828673,1780280877.8960547,13.187408447265625,decode,0,0,451640,0.0,0.0,0.0,0.0,0.0,0
engine_step_start,1780280877.8964329,1780280877.8964329,1780280877.9095004,13.067483901977539,decode,0,0,451640,0.0,0.0,0.0,0.0,0.0,0
engine_step_start,1780280877.8964574,1780280877.8964574,1780280877.9101274,13.669967651367188,decode,1,0,451641,0.0,0.0,0.0,0.0,0.0,0
engine_step_start,1780280877.9095159,1780280877.9095159,1780280877.9256442,16.1283016204834,decode,0,0,451640,0.0,0.0,0.0,0.0,0.0,0
engine_step_start,1780280877.9101324,1780280877.9101324,1780280877.9254727,15.340328216552734,decode,1,0,451641,0.0,0.0,0.0,0.0,0.0,0
engine_step_start,1780280877.9254797,1780280877.9254797,1780280877.9391036,13.623952865600586,decode,1,0,451641,0.0,0.0,0.0,0.0,0.0,0
engine_step_start,1780280877.9256532,1780280877.9256532,1780280877.9391851,13.531923294067383,decode,0,0,451640,0.0,0.0,0.0,0.0,0.0,0
engine_step_start,1780280877.9391217,1780280877.9391217,1780280877.9528124,13.690710067749023,decode,1,0,451641,10.939836502075195,0.799070059035578,10.939836502075195,0.799070059035578,1.0,1
engine_step_start,1780280877.939191,1780280877.939191,1780280877.952862,13.670921325683594,decode,0,0,451640,10.98942756652832,0.8038542029996512,10.98942756652832,0.8038542029996512,1.0,1
engine_step_start,1780280877.9528375,1780280877.9528375,1780280877.9663522,13.51475715637207,decode,1,0,451641,24.4443416595459,1.8087148275557907,13.51475715637207,1.0,1.8087148275557907,2
engine_step_start,1780280877.9528682,1780280877.9528682,1780280877.9664714,13.60321044921875,decode,0,0,451640,24.65200424194336,1.8122195737521032,13.60321044921875,1.0,1.8122195737521032,2
engine_step_start,1780280877.966367,1780280877.966367,1780280877.9799812,13.614177703857422,decode,1,0,451641,9.04536247253418,0.6644075513992505,6.110668182373047,0.4488459248362579,1.4802575107296136,3
engine_step_start,1780280877.9664888,1780280877.9664888,1780280877.980108,13.619184494018555,decode,0,0,451640,8.801698684692383,0.6462720795476428,5.988836288452148,0.4397353080195368,1.4696843027190574,3
engine_step_start,1780280877.979987,1780280877.979987,1780280877.993718,13.731002807617188,decode,1,0,451641,0.0,0.0,0.0,0.0,0.0,0
engine_step_start,1780280877.980123,1780280877.980123,1780280877.9938993,13.776302337646484,decode,0,0,451640,0.0,0.0,0.0,0.0,0.0,0
engine_step_start,1780280877.9937303,1780280877.9937303,1780280878.0071547,13.424396514892578,decode,1,0,451641,0.0,0.0,0.0,0.0,0.0,0
engine_step_start,1780280877.9939148,1780280877.9939148,1780280878.0072436,13.328790664672852,decode,0,0,451640,0.0,0.0,0.0,0.0,0.0,0
engine_step_start,1780280878.007169,1780280878.007169,1780280878.0205393,13.370275497436523,decode,1,0,451641,0.0,0.0,0.0,0.0,0.0,0
engine_step_start,1780280878.007258,1780280878.007258,1780280878.0206761,13.418197631835938,decode,0,0,451640,0.0,0.0,0.0,0.0,0.0,0
engine_step_start,1780280878.0205462,1780280878.0205462,1780280878.0338767,13.330459594726562,decode,1,0,451641,0.0,0.0,0.0,0.0,0.0,0
engine_step_start,1780280878.020691,1780280878.020691,1780280878.033935,13.244152069091797,decode,0,0,451640,0.0,0.0,0.0,0.0,0.0,0
engine_step_start,1780280878.0338848,1780280878.0338848,1780280878.047086,13.201236724853516,decode,1,0,451641,10.475397109985352,0.7935163445909337,10.475397109985352,0.7935163445909337,1.0,1
engine_step_start,1780280878.0339592,1780280878.0339592,1780280878.0470607,13.101577758789062,decode,0,0,451640,10.450124740600586,0.7976233804047168,10.450124740600586,0.7976233804047168,1.0,1
engine_step_start,1780280878.0470736,1780280878.0470736,1780280878.0603144,13.240814208984375,decode,0,0,451640,2.691984176635742,0.20330956496686833,2.691984176635742,0.20330956496686833,1.0,1
engine_step_start,1780280878.0470943,1780280878.0470943,1780280878.060318,13.223648071289062,decode,1,0,451641,2.6712417602539062,0.202004904081927,2.6712417602539062,0.202004904081927,1.0,1
engine_step_start,1780280878.0603206,1780280878.0603206,1780280878.073627,13.306379318237305,decode,0,0,451640,1.3110637664794922,0.09852896382433571,1.3110637664794922,0.09852896382433571,1.0,1
engine_step_start,1780280878.0603502,1780280878.0603502,1780280878.0735319,13.181686401367188,decode,1,0,451641,1.3110637664794922,0.09946100419620894,1.3110637664794922,0.09946100419620894,1.0,1
engine_step_start,1780280878.0735464,1780280878.0735464,1780280878.086921,13.374567031860352,decode,1,0,451641,0.0,0.0,0.0,0.0,0.0,0
engine_step_start,1780280878.0736332,1780280878.0736332,1780280878.0867653,13.132095336914062,decode,0,0,451640,0.0,0.0,0.0,0.0,0.0,0
engine_step_start,1780280878.0867786,1780280878.0867786,1780280878.1001282,13.349533081054688,decode,0,0,451640,0.0,0.0,0.0,0.0,0.0,0
engine_step_start,1780280878.0869288,1780280878.0869288,1780280878.1011913,14.26243782043457,decode,1,0,451641,0.0,0.0,0.0,0.0,0.0,0
engine_step_start,1780280878.1001341,1780280878.1001341,1780280878.1133842,13.250112533569336,decode,0,0,451640,0.0,0.0,0.0,0.0,0.0,0
engine_step_start,1780280878.101223,1780280878.101223,1780280878.1134324,12.209415435791016,decode,1,0,451641,0.0,0.0,0.0,0.0,0.0,0
engine_step_start,1780280878.1133907,1780280878.1133907,1780280878.1268036,13.412952423095703,decode,0,0,451640,0.0,0.0,0.0,0.0,0.0,0
engine_step_start,1780280878.1134384,1780280878.1134384,1780280878.1267087,13.270378112792969,decode,1,0,451641,0.0,0.0,0.0,0.0,0.0,0
engine_step_start,1780280878.1267147,1780280878.1267147,1780280878.1400378,13.323068618774414,decode,1,0,451641,0.0,0.0,0.0,0.0,0.0,0
engine_step_start,1780280878.1268096,1780280878.1268096,1780280878.1399212,13.111591339111328,decode,0,0,451640,0.0,0.0,0.0,0.0,0.0,0
engine_step_start,1780280878.1399372,1780280878.1399372,1780280878.1532266,13.289451599121094,decode,0,0,451640,3.8199424743652344,0.2874416935773233,3.8199424743652344,0.2874416935773233,1.0,1
engine_step_start,1780280878.1400514,1780280878.1400514,1780280878.1532328,13.181447982788086,decode,1,0,451641,3.8199424743652344,0.28979687810877786,3.8199424743652344,0.28979687810877786,1.0,1
engine_step_start,1780280878.1532412,1780280878.1532412,1780280878.1665847,13.343572616577148,decode,0,0,451640,4.856109619140625,0.3639287437239802,4.856109619140625,0.3639287437239802,1.0,1
engine_step_start,1780280878.153257,1780280878.153257,1780280878.1666,13.343095779418945,decode,1,0,451641,4.856109619140625,0.363941749307603,4.856109619140625,0.363941749307603,1.0,1
engine_step_start,1780280878.1665912,1780280878.1665912,1780280878.1797707,13.179540634155273,decode,0,0,451640,0.0,0.0,0.0,0.0,0.0,0
engine_step_start,1780280878.166615,1780280878.166615,1780280878.1798637,13.248682022094727,decode,1,0,451641,0.0,0.0,0.0,0.0,0.0,0
engine_step_start,1780280878.1797934,1780280878.1797934,1780280878.1930912,13.297796249389648,decode,0,0,451640,10.523557662963867,0.791376064545047,10.523557662963867,0.791376064545047,1.0,1
engine_step_start,1780280878.17987,1780280878.17987,1780280878.1930442,13.174295425415039,decode,1,0,451641,10.47658920288086,0.7952295636751905,10.47658920288086,0.7952295636751905,1.0,1
engine_step_start,1780280878.1930587,1780280878.1930587,1780280878.2063131,13.254404067993164,decode,1,0,451641,21.73781394958496,1.6400446099329051,12.380838394165039,0.934092421707769,1.755762675961409,2
engine_step_start,1780280878.1931124,1780280878.1931124,1780280878.2064335,13.321161270141602,decode,0,0,451640,21.68416976928711,1.6277987578973745,12.327194213867188,0.9253843538023733,1.759051524060034,2
engine_step_start,1780280878.20632,1780280878.20632,1780280878.2196279,13.307809829711914,decode,1,0,451641,0.0,0.0,0.0,0.0,0.0,0
engine_step_start,1780280878.2064462,1780280878.2064462,1780280878.2196093,13.163089752197266,decode,0,0,451640,0.0,0.0,0.0,0.0,0.0,0
engine_step_start,1780280878.2196157,1780280878.2196157,1780280878.2328131,13.19742202758789,decode,0,0,451640,0.0,0.0,0.0,0.0,0.0,0
engine_step_start,1780280878.2196364,1780280878.2196364,1780280878.2329724,13.335943222045898,decode,1,0,451641,0.0,0.0,0.0,0.0,0.0,0
engine_step_start,1780280878.232827,1780280878.232827,1780280878.2464046,13.577699661254883,decode,0,0,451640,1.3909339904785156,0.10244253630441272,1.3909339904785156,0.10244253630441272,1.0,1
engine_step_start,1780280878.232991,1780280878.232991,1780280878.2464123,13.421297073364258,decode,1,0,451641,1.3909339904785156,0.10363633133782175,1.3909339904785156,0.10363633133782175,1.0,1
engine_step_start,1780280878.2464206,1780280878.2464206,1780280878.2594237,13.003110885620117,decode,0,0,451640,0.0,0.0,0.0,0.0,0.0,0
engine_step_start,1780280878.246429,1780280878.246429,1780280878.259422,12.993097305297852,decode,1,0,451641,0.0,0.0,0.0,0.0,0.0,0
engine_step_start,1780280878.2594292,1780280878.2594292,1780280878.272549,13.119697570800781,decode,1,0,451641,10.519266128540039,0.8017918150759613,10.519266128540039,0.8017918150759613,1.0,1
engine_step_start,1780280878.2594478,1780280878.2594478,1780280878.2726173,13.169527053833008,decode,0,0,451640,10.587692260742188,0.8039538714991763,10.587692260742188,0.8039538714991763,1.0,1
engine_step_start,1780280878.272564,1780280878.272564,1780280878.2857678,13.203859329223633,decode,1,0,451641,3.2596588134765625,0.246871670789621,3.2596588134765625,0.246871670789621,1.0,1
engine_step_start,1780280878.272631,1780280878.272631,1780280878.2860196,13.388633728027344,decode,0,0,451640,3.1926631927490234,0.23846071657525464,3.1926631927490234,0.23846071657525464,1.0,1
engine_step_start,1780280878.2857742,1780280878.2857742,1780280878.29916,13.385772705078125,decode,1,0,451641,0.0,0.0,0.0,0.0,0.0,0
engine_step_start,1780280878.286034,1780280878.286034,1780280878.299156,13.121843338012695,decode,0,0,451640,0.0,0.0,0.0,0.0,0.0,0
engine_step_start,1780280878.2991748,1780280878.2991748,1780280878.3122697,13.094902038574219,decode,1,0,451641,10.164976119995117,0.7762544607093438,10.164976119995117,0.7762544607093438,1.0,1
engine_step_start,1780280878.2991788,1780280878.2991788,1780280878.312546,13.367176055908203,decode,0,0,451640,10.441303253173828,0.7811151143295402,10.441303253173828,0.7811151143295402,1.0,1
engine_step_start,1780280878.3122828,1780280878.3122828,1780280878.3255804,13.297557830810547,decode,1,0,451641,9.384870529174805,0.70575895578585,6.123781204223633,0.460519238354789,1.5325287132567647,2
engine_step_start,1780280878.3125727,1780280878.3125727,1780280878.3254147,12.841939926147461,decode,0,0,451640,9.094953536987305,0.7082227131797337,5.833864212036133,0.4542821602955647,1.5589930115656545,2
engine_step_start,1780280878.3260455,1780280878.3260455,1780280878.3386843,12.63880729675293,decode,0,0,451640,0.0,0.0,0.0,0.0,0.0,0
engine_step_start,1780280878.326063,1780280878.326063,1780280878.3388512,12.78829574584961,decode,1,0,451641,0.0,0.0,0.0,0.0,0.0,0
engine_step_start,1780280878.3386981,1780280878.3386981,1780280878.352036,13.337850570678711,decode,0,0,451640,0.0,0.0,0.0,0.0,0.0,0
engine_step_start,1780280878.3388658,1780280878.3388658,1780280878.3520644,13.198614120483398,decode,1,0,451641,0.0,0.0,0.0,0.0,0.0,0
engine_step_start,1780280878.3520489,1780280878.3520489,1780280878.3652194,13.170480728149414,decode,0,0,451640,0.0,0.0,0.0,0.0,0.0,0
engine_step_start,1780280878.352071,1780280878.352071,1780280878.3653114,13.240337371826172,decode,1,0,451641,0.0,0.0,0.0,0.0,0.0,0
engine_step_start,1780280878.365226,1780280878.365226,1780280878.378469,13.242959976196289,decode,0,0,451640,0.0,0.0,0.0,0.0,0.0,0
engine_step_start,1780280878.3653178,1780280878.3653178,1780280878.3785226,13.204813003540039,decode,1,0,451641,0.0,0.0,0.0,0.0,0.0,0
engine_step_start,1780280878.378485,1780280878.378485,1780280878.3917375,13.252496719360352,decode,0,0,451640,4.805088043212891,0.362579832688675,4.805088043212891,0.362579832688675,1.0,1
engine_step_start,1780280878.3785288,1780280878.3785288,1780280878.391896,13.367176055908203,decode,1,0,451641,4.805088043212891,0.35946919701780045,4.805088043212891,0.35946919701780045,1.0,1
engine_step_start,1780280878.3917506,1780280878.3917506,1780280878.4049513,13.200759887695312,decode,0,0,451640,0.0,0.0,0.0,0.0,0.0,0
engine_step_start,1780280878.3919024,1780280878.3919024,1780280878.4055598,13.657331466674805,decode,1,0,451641,0.0,0.0,0.0,0.0,0.0,0
engine_step_start,1780280878.404957,1780280878.404957,1780280878.4175496,12.592554092407227,decode,0,0,451640,0.0,0.0,0.0,0.0,0.0,0
engine_step_start,1780280878.4055755,1780280878.4055755,1780280878.4175084,11.932849884033203,decode,1,0,451641,0.0,0.0,0.0,0.0,0.0,0
engine_step_start,1780280878.4175146,1780280878.4175146,1780280878.4300416,12.526988983154297,decode,1,0,451641,0.0,0.0,0.0,0.0,0.0,0
engine_step_start,1780280878.4175622,1780280878.4175622,1780280878.4302723,12.710094451904297,decode,0,0,451640,0.0,0.0,0.0,0.0,0.0,0
engine_step_start,1780280878.4300478,1780280878.4300478,1780280878.4425385,12.49074935913086,decode,1,0,451641,0.0,0.0,0.0,0.0,0.0,0
engine_step_start,1780280878.4302895,1780280878.4302895,1780280878.4425507,12.261152267456055,decode,0,0,451640,0.0,0.0,0.0,0.0,0.0,0
engine_step_start,1780280878.442544,1780280878.442544,1780280878.4549088,12.364864349365234,decode,1,0,451641,0.0,0.0,0.0,0.0,0.0,0
engine_step_start,1780280878.4425635,1780280878.4425635,1780280878.4550886,12.525081634521484,decode,0,0,451640,0.0,0.0,0.0,0.0,0.0,0
engine_step_start,1780280878.4549139,1780280878.4549139,1780280878.4675233,12.609481811523438,decode,1,0,451641,0.0,0.0,0.0,0.0,0.0,0
engine_step_start,1780280878.4551015,1780280878.4551015,1780280878.4674504,12.34889030456543,decode,0,0,451640,0.0,0.0,0.0,0.0,0.0,0
engine_step_start,1780280878.4674568,1780280878.4674568,1780280878.4798927,12.4359130859375,decode,0,0,451640,0.0,0.0,0.0,0.0,0.0,0
engine_step_start,1780280878.4675305,1780280878.4675305,1780280878.4799144,12.38393783569336,decode,1,0,451641,0.0,0.0,0.0,0.0,0.0,0
engine_step_start,1780280878.4799058,1780280878.4799058,1780280878.4922194,12.313604354858398,decode,0,0,451640,0.0,0.0,0.0,0.0,0.0,0
engine_step_start,1780280878.4799225,1780280878.4799225,1780280878.492378,12.455463409423828,decode,1,0,451641,0.0,0.0,0.0,0.0,0.0,0
engine_step_start,1780280878.492225,1780280878.492225,1780280878.5046597,12.434720993041992,decode,0,0,451640,0.0,0.0,0.0,0.0,0.0,0
engine_step_start,1780280878.4923868,1780280878.4923868,1780280878.5047426,12.355804443359375,decode,1,0,451641,0.0,0.0,0.0,0.0,0.0,0
engine_step_start,1780280878.5046656,1780280878.5046656,1780280878.517154,12.488365173339844,decode,0,0,451640,0.0,0.0,0.0,0.0,0.0,0
engine_step_start,1780280878.5047474,1780280878.5047474,1780280878.5171626,12.415170669555664,decode,1,0,451641,0.0,0.0,0.0,0.0,0.0,0
engine_step_start,1780280878.5171607,1780280878.5171607,1780280878.5296738,12.513160705566406,decode,0,0,451640,0.0,0.0,0.0,0.0,0.0,0
engine_step_start,1780280878.5171688,1780280878.5171688,1780280878.5295815,12.412786483764648,decode,1,0,451641,0.0,0.0,0.0,0.0,0.0,0
engine_step_start,1780280878.529587,1780280878.529587,1780280878.5420218,12.434720993041992,decode,1,0,451641,9.63902473449707,0.7751701658517879,9.63902473449707,0.7751701658517879,1.0,1
engine_step_start,1780280878.529703,1780280878.529703,1780280878.5421262,12.423276901245117,decode,0,0,451640,9.743452072143555,0.7842900186155412,9.743452072143555,0.7842900186155412,1.0,1
engine_step_start,1780280878.5420268,1780280878.5420268,1780280878.554559,12.532234191894531,decode,1,0,451641,12.532234191894531,1.0,12.532234191894531,1.0,1.0,1
engine_step_start,1780280878.542141,1780280878.542141,1780280878.554471,12.330055236816406,decode,0,0,451640,12.330055236816406,1.0,12.330055236816406,1.0,1.0,1
engine_step_start,1780280878.554477,1780280878.554477,1780280878.5668027,12.325763702392578,decode,0,0,451640,2.4776458740234375,0.20101357886185153,2.4776458740234375,0.20101357886185153,1.0,1
engine_step_start,1780280878.5545654,1780280878.5545654,1780280878.5668876,12.322187423706055,decode,1,0,451641,2.389192581176758,0.19389354333146297,2.389192581176758,0.19389354333146297,1.0,1
engine_step_start,1780280878.5668254,1780280878.5668254,1780280878.579333,12.50767707824707,decode,0,0,451640,10.060310363769531,0.8043308362402547,10.060310363769531,0.8043308362402547,1.0,1
engine_step_start,1780280878.5668936,1780280878.5668936,1780280878.5793562,12.462615966796875,decode,1,0,451641,10.083436965942383,0.8090947352310989,10.083436965942383,0.8090947352310989,1.0,1
engine_step_start,1780280878.5793533,1780280878.5793533,1780280878.591671,12.317657470703125,decode,0,0,451640,12.317657470703125,1.0,12.317657470703125,1.0,1.0,1
engine_step_start,1780280878.5793617,1780280878.5793617,1780280878.5918784,12.51673698425293,decode,1,0,451641,12.51673698425293,1.0,12.51673698425293,1.0,1.0,1
engine_step_start,1780280878.5916831,1780280878.5916831,1780280878.604137,12.453794479370117,decode,0,0,451640,2.7456283569335938,0.22046520532210204,2.7456283569335938,0.22046520532210204,1.0,1
engine_step_start,1780280878.5918903,1780280878.5918903,1780280878.6042433,12.352943420410156,decode,1,0,451641,2.538442611694336,0.20549293599938237,2.538442611694336,0.20549293599938237,1.0,1
engine_step_start,1780280878.6041431,1780280878.6041431,1780280878.6164567,12.313604354858398,decode,0,0,451640,0.0,0.0,0.0,0.0,0.0,0
engine_step_start,1780280878.6042585,1780280878.6042585,1780280878.6166134,12.354850769042969,decode,1,0,451641,0.0,0.0,0.0,0.0,0.0,0
engine_step_start,1780280878.6164625,1780280878.6164625,1780280878.628857,12.394428253173828,decode,0,0,451640,0.0,0.0,0.0,0.0,0.0,0
engine_step_start,1780280878.6166291,1780280878.6166291,1780280878.6288497,12.220621109008789,decode,1,0,451641,0.0,0.0,0.0,0.0,0.0,0
engine_step_start,1780280878.6288557,1780280878.6288557,1780280878.641266,12.410402297973633,decode,1,0,451641,0.0,0.0,0.0,0.0,0.0,0
engine_step_start,1780280878.6288707,1780280878.6288707,1780280878.6412263,12.355566024780273,decode,0,0,451640,0.0,0.0,0.0,0.0,0.0,0
engine_step_start,1780280878.6412323,1780280878.6412323,1780280878.6536558,12.423515319824219,decode,0,0,451640,0.0,0.0,0.0,0.0,0.0,0
engine_step_start,1780280878.6412718,1780280878.6412718,1780280878.653653,12.38107681274414,decode,1,0,451641,0.0,0.0,0.0,0.0,0.0,0
engine_step_start,1780280878.6536603,1780280878.6536603,1780280878.6660736,12.413263320922852,decode,1,0,451641,10.111808776855469,0.8145971381926438,10.111808776855469,0.8145971381926438,1.0,1
engine_step_start,1780280878.6536713,1780280878.6536713,1780280878.666091,12.419700622558594,decode,0,0,451640,10.129213333129883,0.8155762881056592,10.129213333129883,0.8155762881056592,1.0,1
engine_step_start,1780280878.666079,1780280878.666079,1780280878.6784513,12.372255325317383,decode,1,0,451641,2.4416446685791016,0.19734838995625614,2.4416446685791016,0.19734838995625614,1.0,1
engine_step_start,1780280878.6661043,1780280878.6661043,1780280878.6784544,12.350082397460938,decode,0,0,451640,2.416372299194336,0.19565637065637065,2.416372299194336,0.19565637065637065,1.0,1
engine_step_start,1780280878.6784568,1780280878.6784568,1780280878.6909907,12.533903121948242,decode,1,0,451641,0.0,0.0,0.0,0.0,0.0,0
engine_step_start,1780280878.6784606,1780280878.6784606,1780280878.690912,12.451410293579102,decode,0,0,451640,0.0,0.0,0.0,0.0,0.0,0
engine_step_start,1780280878.690918,1780280878.690918,1780280878.7033026,12.384653091430664,decode,0,0,451640,0.0,0.0,0.0,0.0,0.0,0
engine_step_start,1780280878.6909978,1780280878.6909978,1780280878.703309,12.311220169067383,decode,1,0,451641,0.0,0.0,0.0,0.0,0.0,0
engine_step_start,1780280878.7033138,1780280878.7033138,1780280878.7158437,12.529850006103516,decode,1,0,451641,0.0,0.0,0.0,0.0,0.0,0
engine_step_start,1780280878.7033157,1780280878.7033157,1780280878.7158456,12.529850006103516,decode,0,0,451640,0.0,0.0,0.0,0.0,0.0,0
engine_step_start,1780280878.715848,1780280878.715848,1780280878.7282252,12.377262115478516,decode,1,0,451641,0.0,0.0,0.0,0.0,0.0,0
engine_step_start,1780280878.715852,1780280878.715852,1780280878.7282722,12.420177459716797,decode,0,0,451640,0.0,0.0,0.0,0.0,0.0,0
engine_step_start,1780280878.7286353,1780280878.7286353,1780280878.7406683,12.03298568725586,decode,0,0,451640,0.0,0.0,0.0,0.0,0.0,0
engine_step_start,1780280878.728647,1780280878.728647,1780280878.7406342,11.98720932006836,decode,1,0,451641,0.0,0.0,0.0,0.0,0.0,0
engine_step_start,1780280878.7406397,1780280878.7406397,1780280878.753076,12.436389923095703,decode,1,0,451641,0.0,0.0,0.0,0.0,0.0,0
engine_step_start,1780280878.7406814,1780280878.7406814,1780280878.753217,12.535572052001953,decode,0,0,451640,0.0,0.0,0.0,0.0,0.0,0
engine_step_start,1780280878.7530816,1780280878.7530816,1780280878.7655504,12.468814849853516,decode,1,0,451641,0.0,0.0,0.0,0.0,0.0,0
engine_step_start,1780280878.7532232,1780280878.7532232,1780280878.7656577,12.43448257446289,decode,0,0,451640,0.0,0.0,0.0,0.0,0.0,0
engine_step_start,1780280878.7655568,1780280878.7655568,1780280878.7780004,12.44354248046875,decode,1,0,451641,0.0,0.0,0.0,0.0,0.0,0
engine_step_start,1780280878.7656639,1780280878.7656639,1780280878.777945,12.281179428100586,decode,0,0,451640,0.0,0.0,0.0,0.0,0.0,0
engine_step_start,1780280878.777951,1780280878.777951,1780280878.790378,12.427091598510742,decode,0,0,451640,0.0,0.0,0.0,0.0,0.0,0
engine_step_start,1780280878.7780163,1780280878.7780163,1780280878.790371,12.354612350463867,decode,1,0,451641,0.0,0.0,0.0,0.0,0.0,0
engine_step_start,1780280878.7903764,1780280878.7903764,1780280878.8027244,12.347936630249023,decode,1,0,451641,0.0,0.0,0.0,0.0,0.0,0
engine_step_start,1780280878.790384,1780280878.790384,1780280878.8027527,12.36867904663086,decode,0,0,451640,0.0,0.0,0.0,0.0,0.0,0
engine_step_start,1780280878.8027303,1780280878.8027303,1780280878.8152778,12.547492980957031,decode,1,0,451641,0.0,0.0,0.0,0.0,0.0,0
engine_step_start,1780280878.8027585,1780280878.8027585,1780280878.815188,12.429475784301758,decode,0,0,451640,0.0,0.0,0.0,0.0,0.0,0
engine_step_start,1780280878.8151934,1780280878.8151934,1780280878.8276916,12.498140335083008,decode,0,0,451640,0.0,0.0,0.0,0.0,0.0,0
engine_step_start,1780280878.8152862,1780280878.8152862,1780280878.8275778,12.291669845581055,decode,1,0,451641,0.0,0.0,0.0,0.0,0.0,0
engine_step_start,1780280878.8275821,1780280878.8275821,1780280878.840163,12.58087158203125,decode,1,0,451641,0.0,0.0,0.0,0.0,0.0,0
engine_step_start,1780280878.8276973,1780280878.8276973,1780280878.8400822,12.384891510009766,decode,0,0,451640,0.0,0.0,0.0,0.0,0.0,0
engine_step_start,1780280878.8400874,1780280878.8400874,1780280878.8525176,12.430191040039062,decode,0,0,451640,0.0,0.0,0.0,0.0,0.0,0
engine_step_start,1780280878.840168,1780280878.840168,1780280878.8525105,12.342453002929688,decode,1,0,451641,0.0,0.0,0.0,0.0,0.0,0
engine_step_start,1780280878.8525157,1780280878.8525157,1780280878.864972,12.456417083740234,decode,1,0,451641,0.0,0.0,0.0,0.0,0.0,0
engine_step_start,1780280878.8525229,1780280878.8525229,1780280878.8650243,12.50147819519043,decode,0,0,451640,0.0,0.0,0.0,0.0,0.0,0
engine_step_start,1780280878.864978,1780280878.864978,1780280878.8774433,12.465238571166992,decode,1,0,451641,0.0,0.0,0.0,0.0,0.0,0
engine_step_start,1780280878.8650296,1780280878.8650296,1780280878.8773813,12.351751327514648,decode,0,0,451640,0.0,0.0,0.0,0.0,0.0,0
engine_step_start,1780280878.8773985,1780280878.8773985,1780280878.8897393,12.340784072875977,decode,0,0,451640,9.789705276489258,0.7932806553196422,9.789705276489258,0.7932806553196422,1.0,1
engine_step_start,1780280878.8774502,1780280878.8774502,1780280878.8898664,12.41612434387207,decode,1,0,451641,9.91678237915039,0.7987019221537339,9.91678237915039,0.7987019221537339,1.0,1
engine_step_start,1780280878.889753,1780280878.889753,1780280878.9118166,22.063493728637695,decode,0,0,451640,22.063493728637695,1.0,22.063493728637695,1.0,1.0,1
engine_step_start,1780280878.8898728,1780280878.8898728,1780280878.9118204,21.947622299194336,decode,1,0,451641,21.947622299194336,1.0,21.947622299194336,1.0,1.0,1
engine_step_start,1780280878.911826,1780280878.911826,1780280878.9241867,12.360811233520508,decode,1,0,451641,10.638713836669922,0.8606808756871444,6.360769271850586,0.5145915710290289,1.6725514449567076,2
engine_step_start,1780280878.9118302,1780280878.9118302,1780280878.9243674,12.537240982055664,decode,0,0,451640,10.634422302246094,0.848226680612342,6.356477737426758,0.5070077018161072,1.6730055136716553,2
engine_step_start,1780280878.9241917,1780280878.9241917,1780280878.9365685,12.376785278320312,decode,1,0,451641,0.0,0.0,0.0,0.0,0.0,0
engine_step_start,1780280878.924381,1780280878.924381,1780280878.936602,12.221097946166992,decode,0,0,451640,0.0,0.0,0.0,0.0,0.0,0
engine_step_start,1780280878.9365735,1780280878.9365735,1780280878.9490457,12.472152709960938,decode,1,0,451641,0.0,0.0,0.0,0.0,0.0,0
engine_step_start,1780280878.936608,1780280878.936608,1780280878.9490104,12.40229606628418,decode,0,0,451640,0.0,0.0,0.0,0.0,0.0,0
engine_step_start,1780280878.9490232,1780280878.9490232,1780280878.9615812,12.5579833984375,decode,0,0,451640,0.0,0.0,0.0,0.0,0.0,0
engine_step_start,1780280878.94905,1780280878.94905,1780280878.961482,12.432098388671875,decode,1,0,451641,0.0,0.0,0.0,0.0,0.0,0
engine_step_start,1780280878.9614866,1780280878.9614866,1780280878.9740012,12.514591217041016,decode,1,0,451641,0.0,0.0,0.0,0.0,0.0,0
engine_step_start,1780280878.9615872,1780280878.9615872,1780280878.9740424,12.455224990844727,decode,0,0,451640,0.0,0.0,0.0,0.0,0.0,0
engine_step_start,1780280878.9740083,1780280878.9740083,1780280878.986431,12.422561645507812,decode,1,0,451641,0.0,0.0,0.0,0.0,0.0,0
engine_step_start,1780280878.9740481,1780280878.9740481,1780280878.9864652,12.417078018188477,decode,0,0,451640,0.0,0.0,0.0,0.0,0.0,0
engine_step_start,1780280878.986437,1780280878.986437,1780280878.998901,12.463808059692383,decode,1,0,451641,9.961128234863281,0.7992042389578591,9.961128234863281,0.7992042389578591,1.0,1
engine_step_start,1780280878.9864805,1780280878.9864805,1780280878.9988735,12.392997741699219,decode,0,0,451640,9.933710098266602,0.8015582916506349,9.933710098266602,0.8015582916506349,1.0,1
engine_step_start,1780280878.9988866,1780280878.9988866,1780280879.0190303,20.143747329711914,decode,0,0,451640,20.143747329711914,1.0,20.143747329711914,1.0,1.0,1
engine_step_start,1780280878.998907,1780280878.998907,1780280879.0188828,19.975662231445312,decode,1,0,451641,19.975662231445312,1.0,19.975662231445312,1.0,1.0,1
engine_step_start,1780280879.018888,1780280879.018888,1780280879.0314102,12.522220611572266,decode,1,0,451641,2.2618770599365234,0.18062906972316362,2.2618770599365234,0.18062906972316362,1.0,1
engine_step_start,1780280879.019035,1780280879.019035,1780280879.0314188,12.383699417114258,decode,0,0,451640,2.1147727966308594,0.1707706821200978,2.1147727966308594,0.1707706821200978,1.0,1
engine_step_start,1780280879.0314176,1780280879.0314176,1780280879.043953,12.535333633422852,decode,1,0,451641,0.0,0.0,0.0,0.0,0.0,0
engine_step_start,1780280879.0314243,1780280879.0314243,1780280879.043869,12.444734573364258,decode,0,0,451640,0.0,0.0,0.0,0.0,0.0,0
engine_step_start,1780280879.0438752,1780280879.0438752,1780280879.056155,12.279748916625977,decode,0,0,451640,0.0,0.0,0.0,0.0,0.0,0
engine_step_start,1780280879.0439684,1780280879.0439684,1780280879.056228,12.259483337402344,decode,1,0,451641,0.0,0.0,0.0,0.0,0.0,0
engine_step_start,1780280879.0561686,1780280879.0561686,1780280879.0684118,12.243270874023438,decode,0,0,451640,0.0,0.0,0.0,0.0,0.0,0
engine_step_start,1780280879.0562406,1780280879.0562406,1780280879.068523,12.282371520996094,decode,1,0,451641,0.0,0.0,0.0,0.0,0.0,0
engine_step_start,1780280879.0684178,1780280879.0684178,1780280879.0808346,12.416839599609375,decode,0,0,451640,0.0,0.0,0.0,0.0,0.0,0
engine_step_start,1780280879.0685291,1780280879.0685291,1780280879.0807507,12.221574783325195,decode,1,0,451641,0.0,0.0,0.0,0.0,0.0,0
engine_step_start,1780280879.080781,1780280879.080781,1780280879.0930338,12.2528076171875,decode,1,0,451641,9.824037551879883,0.8017784869240349,9.824037551879883,0.8017784869240349,1.0,1
engine_step_start,1780280879.0808408,1780280879.0808408,1780280879.0930228,12.181997299194336,decode,0,0,451640,9.813070297241211,0.8055387024170663,9.813070297241211,0.8055387024170663,1.0,1
engine_step_start,1780280879.0930285,1780280879.0930285,1780280879.1052284,12.199878692626953,decode,0,0,451640,12.199878692626953,1.0,12.199878692626953,1.0,1.0,1
engine_step_start,1780280879.0930452,1780280879.0930452,1780280879.1052966,12.25137710571289,decode,1,0,451641,12.25137710571289,1.0,12.25137710571289,1.0,1.0,1
engine_step_start,1780280879.1052341,1780280879.1052341,1780280879.1176093,12.375116348266602,decode,0,0,451640,2.3686885833740234,0.19140737886523457,2.3686885833740234,0.19140737886523457,1.0,1
engine_step_start,1780280879.1053019,1780280879.1053019,1780280879.1175435,12.241601943969727,decode,1,0,451641,2.3009777069091797,0.18796377446684195,2.3009777069091797,0.18796377446684195,1.0,1
engine_step_start,1780280879.1175482,1780280879.1175482,1780280879.1298776,12.329339981079102,decode,1,0,451641,0.0,0.0,0.0,0.0,0.0,0
engine_step_start,1780280879.1176229,1780280879.1176229,1780280879.129806,12.183189392089844,decode,0,0,451640,0.0,0.0,0.0,0.0,0.0,0
engine_step_start,1780280879.1298118,1780280879.1298118,1780280879.142092,12.28022575378418,decode,0,0,451640,0.0,0.0,0.0,0.0,0.0,0
engine_step_start,1780280879.129883,1780280879.129883,1780280879.1420398,12.15672492980957,decode,1,0,451641,0.0,0.0,0.0,0.0,0.0,0
engine_step_start,1780280879.1425846,1780280879.1425846,1780280879.1542556,11.671066284179688,decode,1,0,451641,9.454011917114258,0.8100384049681321,9.454011917114258,0.8100384049681321,1.0,1
engine_step_start,1780280879.1425939,1780280879.1425939,1780280879.15436,11.766195297241211,decode,0,0,451640,9.558439254760742,0.8123644910944053,9.558439254760742,0.8123644910944053,1.0,1
engine_step_start,1780280879.1542614,1780280879.1542614,1780280879.166637,12.375593185424805,decode,1,0,451641,2.5653839111328125,0.2072938139364633,2.5653839111328125,0.2072938139364633,1.0,1
engine_step_start,1780280879.1543753,1780280879.1543753,1780280879.1666634,12.288093566894531,decode,0,0,451640,2.4514198303222656,0.1994955374466434,2.4514198303222656,0.1994955374466434,1.0,1
engine_step_start,1780280879.1666427,1780280879.1666427,1780280879.1788938,12.251138687133789,decode,1,0,451641,0.0,0.0,0.0,0.0,0.0,0
engine_step_start,1780280879.1666698,1780280879.1666698,1780280879.1789622,12.29238510131836,decode,0,0,451640,0.0,0.0,0.0,0.0,0.0,0
engine_step_start,1780280879.1788993,1780280879.1788993,1780280879.191425,12.525796890258789,decode,1,0,451641,0.0,0.0,0.0,0.0,0.0,0
engine_step_start,1780280879.1789687,1780280879.1789687,1780280879.1913295,12.360811233520508,decode,0,0,451640,0.0,0.0,0.0,0.0,0.0,0
engine_step_start,1780280879.1913564,1780280879.1913564,1780280879.203574,12.217521667480469,decode,0,0,451640,0.0,0.0,0.0,0.0,0.0,0
engine_step_start,1780280879.1914406,1780280879.1914406,1780280879.203528,12.087345123291016,decode,1,0,451641,0.0,0.0,0.0,0.0,0.0,0
engine_step_start,1780280879.203533,1780280879.203533,1780280879.215908,12.375116348266602,decode,1,0,451641,0.0,0.0,0.0,0.0,0.0,0
engine_step_start,1780280879.20358,1780280879.20358,1780280879.215908,12.328147888183594,decode,0,0,451640,0.0,0.0,0.0,0.0,0.0,0
engine_step_start,1780280879.2159138,1780280879.2159138,1780280879.2281113,12.197494506835938,decode,1,0,451641,0.0,0.0,0.0,0.0,0.0,0
engine_step_start,1780280879.215914,1780280879.215914,1780280879.2281914,12.277364730834961,decode,0,0,451640,0.0,0.0,0.0,0.0,0.0,0
engine_step_start,1780280879.2281158,1780280879.2281158,1780280879.2404506,12.334823608398438,decode,1,0,451641,0.0,0.0,0.0,0.0,0.0,0
engine_step_start,1780280879.2281976,1780280879.2281976,1780280879.240455,12.25733757019043,decode,0,0,451640,0.0,0.0,0.0,0.0,0.0,0
engine_step_start,1780280879.2404554,1780280879.2404554,1780280879.252676,12.220621109008789,decode,1,0,451641,0.0,0.0,0.0,0.0,0.0,0
engine_step_start,1780280879.240461,1780280879.240461,1780280879.2527921,12.331008911132812,decode,0,0,451640,0.0,0.0,0.0,0.0,0.0,0
engine_step_start,1780280879.2526805,1780280879.2526805,1780280879.264981,12.300491333007812,decode,1,0,451641,0.0,0.0,0.0,0.0,0.0,0
engine_step_start,1780280879.2527978,1780280879.2527978,1780280879.2650747,12.276887893676758,decode,0,0,451640,0.0,0.0,0.0,0.0,0.0,0
engine_step_start,1780280879.2649863,1780280879.2649863,1780280879.2774012,12.414932250976562,decode,1,0,451641,0.0,0.0,0.0,0.0,0.0,0
engine_step_start,1780280879.2650883,1780280879.2650883,1780280879.2773168,12.22848892211914,decode,0,0,451640,0.0,0.0,0.0,0.0,0.0,0
engine_step_start,1780280879.2773225,1780280879.2773225,1780280879.289602,12.279510498046875,decode,0,0,451640,0.0,0.0,0.0,0.0,0.0,0
engine_step_start,1780280879.2774067,1780280879.2774067,1780280879.2895143,12.107610702514648,decode,1,0,451641,0.0,0.0,0.0,0.0,0.0,0
engine_step_start,1780280879.289519,1780280879.289519,1780280879.3018224,12.303352355957031,decode,1,0,451641,0.0,0.0,0.0,0.0,0.0,0
engine_step_start,1780280879.2896078,1780280879.2896078,1780280879.3018172,12.209415435791016,decode,0,0,451640,0.0,0.0,0.0,0.0,0.0,0
engine_step_start,1780280879.301823,1780280879.301823,1780280879.3141415,12.318611145019531,decode,0,0,451640,0.0,0.0,0.0,0.0,0.0,0
engine_step_start,1780280879.3018274,1780280879.3018274,1780280879.314123,12.29548454284668,decode,1,0,451641,0.0,0.0,0.0,0.0,0.0,0
engine_step_start,1780280879.3141294,1780280879.3141294,1780280879.326432,12.302637100219727,decode,1,0,451641,9.745359420776367,0.792135811321486,9.745359420776367,0.792135811321486,1.0,1
engine_step_start,1780280879.3141584,1780280879.3141584,1780280879.3264492,12.290716171264648,decode,0,0,451640,9.76252555847168,0.7943007895094178,9.76252555847168,0.7943007895094178,1.0,1
engine_step_start,1780280879.3264575,1780280879.3264575,1780280879.35255,26.092529296875,decode,1,0,451641,29.433488845825195,1.1280427631578946,26.092529296875,1.0,1.1280427631578946,2
engine_step_start,1780280879.3264637,1780280879.3264637,1780280879.352493,26.029348373413086,decode,0,0,451640,29.37030792236328,1.1283535607968858,26.029348373413086,1.0,1.1283535607968858,2
engine_step_start,1780280879.3524985,1780280879.3524985,1780280879.3647194,12.22085952758789,decode,0,0,451640,2.2840499877929688,0.1868976550001951,2.2840499877929688,0.1868976550001951,1.0,1
engine_step_start,1780280879.3525634,1780280879.3525634,1780280879.3647401,12.176752090454102,decode,1,0,451641,2.2192001342773438,0.182248937794921,2.2192001342773438,0.182248937794921,1.0,1
engine_step_start,1780280879.3647254,1780280879.3647254,1780280879.3769898,12.264490127563477,decode,0,0,451640,0.0,0.0,0.0,0.0,0.0,0
engine_step_start,1780280879.364745,1780280879.364745,1780280879.37696,12.215137481689453,decode,1,0,451641,0.0,0.0,0.0,0.0,0.0,0
engine_step_start,1780280879.3769732,1780280879.3769732,1780280879.3891854,12.212276458740234,decode,1,0,451641,0.0,0.0,0.0,0.0,0.0,0
engine_step_start,1780280879.376996,1780280879.376996,1780280879.3892055,12.209415435791016,decode,0,0,451640,0.0,0.0,0.0,0.0,0.0,0
engine_step_start,1780280879.3891914,1780280879.3891914,1780280879.401454,12.262582778930664,decode,1,0,451641,9.952306747436523,0.8115995567048393,9.952306747436523,0.8115995567048393,1.0,1
engine_step_start,1780280879.3892283,1780280879.3892283,1780280879.4015567,12.328386306762695,decode,0,0,451640,10.055065155029297,0.8156026997234525,10.055065155029297,0.8156026997234525,1.0,1
engine_step_start,1780280879.4014657,1780280879.4014657,1780280879.413738,12.272357940673828,decode,1,0,451641,2.515077590942383,0.2049384155107433,2.515077590942383,0.2049384155107433,1.0,1
engine_step_start,1780280879.4015698,1780280879.4015698,1780280879.413728,12.15815544128418,decode,0,0,451640,2.410888671875,0.19829395038729286,2.410888671875,0.19829395038729286,1.0,1
engine_step_start,1780280879.4137342,1780280879.4137342,1780280879.4261136,12.37940788269043,decode,0,0,451640,0.0,0.0,0.0,0.0,0.0,0
engine_step_start,1780280879.4137442,1780280879.4137442,1780280879.4261203,12.376070022583008,decode,1,0,451641,0.0,0.0,0.0,0.0,0.0,0
engine_step_start,1780280879.4261198,1780280879.4261198,1780280879.438288,12.168169021606445,decode,0,0,451640,0.0,0.0,0.0,0.0,0.0,0
engine_step_start,1780280879.4261262,1780280879.4261262,1780280879.4383051,12.178897857666016,decode,1,0,451641,0.0,0.0,0.0,0.0,0.0,0
engine_step_start,1780280879.4383008,1780280879.4383008,1780280879.4505417,12.240886688232422,decode,0,0,451640,0.0,0.0,0.0,0.0,0.0,0
engine_step_start,1780280879.4383109,1780280879.4383109,1780280879.450581,12.270212173461914,decode,1,0,451641,0.0,0.0,0.0,0.0,0.0,0
engine_step_start,1780280879.450548,1780280879.450548,1780280879.4628432,12.295246124267578,decode,0,0,451640,0.0,0.0,0.0,0.0,0.0,0
engine_step_start,1780280879.4505858,1780280879.4505858,1780280879.4628315,12.245655059814453,decode,1,0,451641,0.0,0.0,0.0,0.0,0.0,0
engine_step_start,1780280879.4628441,1780280879.4628441,1780280879.4750397,12.195587158203125,decode,1,0,451641,0.0,0.0,0.0,0.0,0.0,0
engine_step_start,1780280879.4628494,1780280879.4628494,1780280879.475082,12.232542037963867,decode,0,0,451640,0.0,0.0,0.0,0.0,0.0,0
engine_step_start,1780280879.4750445,1780280879.4750445,1780280879.4874613,12.416839599609375,decode,1,0,451641,0.0,0.0,0.0,0.0,0.0,0
engine_step_start,1780280879.4750881,1780280879.4750881,1780280879.4874806,12.392520904541016,decode,0,0,451640,0.0,0.0,0.0,0.0,0.0,0
engine_step_start,1780280879.4874701,1780280879.4874701,1780280879.4996667,12.196540832519531,decode,1,0,451641,0.0,0.0,0.0,0.0,0.0,0
engine_step_start,1780280879.4874873,1780280879.4874873,1780280879.499714,12.226581573486328,decode,0,0,451640,0.0,0.0,0.0,0.0,0.0,0
engine_step_start,1780280879.4996731,1780280879.4996731,1780280879.5119443,12.27116584777832,decode,1,0,451641,0.0,0.0,0.0,0.0,0.0,0
engine_step_start,1780280879.4997199,1780280879.4997199,1780280879.5120387,12.318849563598633,decode,0,0,451640,0.0,0.0,0.0,0.0,0.0,0
engine_step_start,1780280879.51195,1780280879.51195,1780280879.5242262,12.276172637939453,decode,1,0,451641,0.0,0.0,0.0,0.0,0.0,0
engine_step_start,1780280879.5120447,1780280879.5120447,1780280879.5243156,12.270927429199219,decode,0,0,451640,0.0,0.0,0.0,0.0,0.0,0
engine_step_start,1780280879.524232,1780280879.524232,1780280879.5364857,12.253761291503906,decode,1,0,451641,0.0,0.0,0.0,0.0,0.0,0
engine_step_start,1780280879.524322,1780280879.524322,1780280879.5365503,12.228250503540039,decode,0,0,451640,0.0,0.0,0.0,0.0,0.0,0
engine_step_start,1780280879.536491,1780280879.536491,1780280879.5486755,12.184619903564453,decode,1,0,451641,0.0,0.0,0.0,0.0,0.0,0
engine_step_start,1780280879.5365577,1780280879.5365577,1780280879.548814,12.256383895874023,decode,0,0,451640,0.0,0.0,0.0,0.0,0.0,0
engine_step_start,1780280879.549214,1780280879.549214,1780280879.560983,11.76905632019043,decode,0,0,451640,0.0,0.0,0.0,0.0,0.0,0
engine_step_start,1780280879.5492256,1780280879.5492256,1780280879.5609543,11.728763580322266,decode,1,0,451641,0.0,0.0,0.0,0.0,0.0,0
engine_step_start,1780280879.560959,1780280879.560959,1780280879.5731878,12.228727340698242,decode,1,0,451641,0.0,0.0,0.0,0.0,0.0,0
engine_step_start,1780280879.5609896,1780280879.5609896,1780280879.5731804,12.190818786621094,decode,0,0,451640,0.0,0.0,0.0,0.0,0.0,0
engine_step_start,1780280879.5731864,1780280879.5731864,1780280879.5853903,12.20393180847168,decode,0,0,451640,0.0,0.0,0.0,0.0,0.0,0
engine_step_start,1780280879.5731924,1780280879.5731924,1780280879.5853732,12.180805206298828,decode,1,0,451641,0.0,0.0,0.0,0.0,0.0,0
engine_step_start,1780280879.5853848,1780280879.5853848,1780280879.597555,12.170076370239258,decode,1,0,451641,0.0,0.0,0.0,0.0,0.0,0
engine_step_start,1780280879.5853963,1780280879.5853963,1780280879.597637,12.24064826965332,decode,0,0,451640,0.0,0.0,0.0,0.0,0.0,0
engine_step_start,1780280879.5975597,1780280879.5975597,1780280879.6098883,12.328624725341797,decode,1,0,451641,0.0,0.0,0.0,0.0,0.0,0
engine_step_start,1780280879.597643,1780280879.597643,1780280879.6098642,12.221336364746094,decode,0,0,451640,0.0,0.0,0.0,0.0,0.0,0
engine_step_start,1780280879.60987,1780280879.60987,1780280879.6221757,12.305736541748047,decode,0,0,451640,0.0,0.0,0.0,0.0,0.0,0
engine_step_start,1780280879.6098928,1780280879.6098928,1780280879.6220949,12.202024459838867,decode,1,0,451641,0.0,0.0,0.0,0.0,0.0,0
engine_step_start,1780280879.6220994,1780280879.6220994,1780280879.6343553,12.25590705871582,decode,1,0,451641,0.0,0.0,0.0,0.0,0.0,0
engine_step_start,1780280879.6221817,1780280879.6221817,1780280879.634412,12.230396270751953,decode,0,0,451640,0.0,0.0,0.0,0.0,0.0,0
engine_step_start,1780280879.6343594,1780280879.6343594,1780280879.6466706,12.311220169067383,decode,1,0,451641,0.0,0.0,0.0,0.0,0.0,0
engine_step_start,1780280879.6344182,1780280879.6344182,1780280879.6467385,12.320280075073242,decode,0,0,451640,0.0,0.0,0.0,0.0,0.0,0
engine_step_start,1780280879.646682,1780280879.646682,1780280879.6589522,12.270212173461914,decode,1,0,451641,0.0,0.0,0.0,0.0,0.0,0
engine_step_start,1780280879.6467445,1780280879.6467445,1780280879.65903,12.285470962524414,decode,0,0,451640,0.0,0.0,0.0,0.0,0.0,0
engine_step_start,1780280879.6589572,1780280879.6589572,1780280879.671298,12.340784072875977,decode,1,0,451641,0.0,0.0,0.0,0.0,0.0,0
engine_step_start,1780280879.6590357,1780280879.6590357,1780280879.671228,12.192249298095703,decode,0,0,451640,0.0,0.0,0.0,0.0,0.0,0
engine_step_start,1780280879.671234,1780280879.671234,1780280879.6835325,12.298583984375,decode,0,0,451640,0.0,0.0,0.0,0.0,0.0,0
engine_step_start,1780280879.6713047,1780280879.6713047,1780280879.6834712,12.166500091552734,decode,1,0,451641,0.0,0.0,0.0,0.0,0.0,0
engine_step_start,1780280879.6834762,1780280879.6834762,1780280879.695785,12.308835983276367,decode,1,0,451641,0.0,0.0,0.0,0.0,0.0,0
engine_step_start,1780280879.6835382,1780280879.6835382,1780280879.6958418,12.303590774536133,decode,0,0,451640,0.0,0.0,0.0,0.0,0.0,0
engine_step_start,1780280879.6957972,1780280879.6957972,1780280879.7081566,12.359380722045898,decode,1,0,451641,0.0,0.0,0.0,0.0,0.0,0
engine_step_start,1780280879.6958473,1780280879.6958473,1780280879.7080657,12.218475341796875,decode,0,0,451640,0.0,0.0,0.0,0.0,0.0,0
engine_step_start,1780280879.708072,1780280879.708072,1780280879.7204816,12.409687042236328,decode,0,0,451640,0.0,0.0,0.0,0.0,0.0,0
engine_step_start,1780280879.7081637,1780280879.7081637,1780280879.7204394,12.27569580078125,decode,1,0,451641,0.0,0.0,0.0,0.0,0.0,0
engine_step_start,1780280879.720446,1780280879.720446,1780280879.73256,12.113809585571289,decode,1,0,451641,0.0,0.0,0.0,0.0,0.0,0
engine_step_start,1780280879.7204876,1780280879.7204876,1780280879.7327194,12.231826782226562,decode,0,0,451640,0.0,0.0,0.0,0.0,0.0,0
engine_step_start,1780280879.7325642,1780280879.7325642,1780280879.7449899,12.425661087036133,decode,1,0,451641,0.0,0.0,0.0,0.0,0.0,0
engine_step_start,1780280879.7327254,1780280879.7327254,1780280879.7448995,12.174129486083984,decode,0,0,451640,0.0,0.0,0.0,0.0,0.0,0
engine_step_start,1780280879.7449057,1780280879.7449057,1780280879.7571547,12.248992919921875,decode,0,0,451640,0.0,0.0,0.0,0.0,0.0,0
engine_step_start,1780280879.7449982,1780280879.7449982,1780280879.7571619,12.163639068603516,decode,1,0,451641,0.0,0.0,0.0,0.0,0.0,0
engine_step_start,1780280879.757169,1780280879.757169,1780280879.7693481,12.179136276245117,decode,0,0,451640,9.476423263549805,0.7780866433059922,9.476423263549805,0.7780866433059922,1.0,1
engine_step_start,1780280879.757179,1780280879.757179,1780280879.7694354,12.256383895874023,decode,1,0,451641,9.563684463500977,0.7803022934619799,9.563684463500977,0.7803022934619799,1.0,1
engine_step_start,1780280879.7693543,1780280879.7693543,1780280879.7816887,12.334346771240234,decode,0,0,451640,12.334346771240234,1.0,12.334346771240234,1.0,1.0,1
engine_step_start,1780280879.76945,1780280879.76945,1780280879.7816823,12.232303619384766,decode,1,0,451641,12.232303619384766,1.0,12.232303619384766,1.0,1.0,1
engine_step_start,1780280879.781688,1780280879.781688,1780280879.794008,12.32004165649414,decode,1,0,451641,2.348661422729492,0.19063745790919998,2.348661422729492,0.19063745790919998,1.0,1
engine_step_start,1780280879.7816954,1780280879.7816954,1780280879.794006,12.31074333190918,decode,0,0,451640,2.3412704467773438,0.19018107872567058,2.3412704467773438,0.19018107872567058,1.0,1
engine_step_start,1780280879.7940123,1780280879.7940123,1780280879.8064187,12.406349182128906,decode,0,0,451640,0.0,0.0,0.0,0.0,0.0,0
engine_step_start,1780280879.7940161,1780280879.7940161,1780280879.8062563,12.240171432495117,decode,1,0,451641,0.0,0.0,0.0,0.0,0.0,0
engine_step_start,1780280879.8062644,1780280879.8062644,1780280879.8185987,12.334346771240234,decode,1,0,451641,0.0,0.0,0.0,0.0,0.0,0
engine_step_start,1780280879.8064244,1780280879.8064244,1780280879.8186,12.175559997558594,decode,0,0,451640,0.0,0.0,0.0,0.0,0.0,0
engine_step_start,1780280879.8186061,1780280879.8186061,1780280879.8308547,12.248516082763672,decode,0,0,451640,0.0,0.0,0.0,0.0,0.0,0
engine_step_start,1780280879.8186154,1780280879.8186154,1780280879.830853,12.237548828125,decode,1,0,451641,0.0,0.0,0.0,0.0,0.0,0
engine_step_start,1780280879.8308594,1780280879.8308594,1780280879.8431828,12.323379516601562,decode,1,0,451641,0.0,0.0,0.0,0.0,0.0,0
engine_step_start,1780280879.8308604,1780280879.8308604,1780280879.843103,12.242555618286133,decode,0,0,451640,0.0,0.0,0.0,0.0,0.0,0
engine_step_start,1780280879.843109,1780280879.843109,1780280879.8554788,12.369871139526367,decode,0,0,451640,4.923105239868164,0.39799163502496,4.923105239868164,0.39799163502496,1.0,1
engine_step_start,1780280879.8432016,1780280879.8432016,1780280879.8553245,12.122869491577148,decode,1,0,451641,4.923105239868164,0.40610065490589414,4.923105239868164,0.40610065490589414,1.0,1
engine_step_start,1780280879.8553452,1780280879.8553452,1780280879.8675983,12.253046035766602,decode,1,0,451641,0.0,0.0,0.0,0.0,0.0,0
engine_step_start,1780280879.855485,1780280879.855485,1780280879.8676977,12.212753295898438,decode,0,0,451640,0.0,0.0,0.0,0.0,0.0,0
engine_step_start,1780280879.8676033,1780280879.8676033,1780280879.8799267,12.323379516601562,decode,1,0,451641,0.0,0.0,0.0,0.0,0.0,0
engine_step_start,1780280879.8677034,1780280879.8677034,1780280879.879928,12.224674224853516,decode,0,0,451640,0.0,0.0,0.0,0.0,0.0,0
engine_step_start,1780280879.879934,1780280879.879934,1780280879.8922403,12.30621337890625,decode,0,0,451640,0.0,0.0,0.0,0.0,0.0,0
engine_step_start,1780280879.8799367,1780280879.8799367,1780280879.8920903,12.15362548828125,decode,1,0,451641,0.0,0.0,0.0,0.0,0.0,0
engine_step_start,1780280879.8920949,1780280879.8920949,1780280879.9045026,12.407779693603516,decode,1,0,451641,0.0,0.0,0.0,0.0,0.0,0
engine_step_start,1780280879.8922458,1780280879.8922458,1780280879.9046204,12.374639511108398,decode,0,0,451640,0.0,0.0,0.0,0.0,0.0,0
engine_step_start,1780280879.9045072,1780280879.9045072,1780280879.9167047,12.197494506835938,decode,1,0,451641,0.0,0.0,0.0,0.0,0.0,0
engine_step_start,1780280879.904635,1780280879.904635,1780280879.916783,12.148141860961914,decode,0,0,451640,0.0,0.0,0.0,0.0,0.0,0
engine_step_start,1780280879.916709,1780280879.916709,1780280879.9290447,12.335777282714844,decode,1,0,451641,0.0,0.0,0.0,0.0,0.0,0
engine_step_start,1780280879.9167893,1780280879.9167893,1780280879.929093,12.303590774536133,decode,0,0,451640,0.0,0.0,0.0,0.0,0.0,0
engine_step_start,1780280879.9290507,1780280879.9290507,1780280879.941435,12.384414672851562,decode,1,0,451641,0.0,0.0,0.0,0.0,0.0,0
engine_step_start,1780280879.9290993,1780280879.9290993,1780280879.9412663,12.166976928710938,decode,0,0,451640,0.0,0.0,0.0,0.0,0.0,0
engine_step_start,1780280879.9418654,1780280879.9418654,1780280879.9536436,11.778116226196289,decode,0,0,451640,9.383916854858398,0.7967247626566264,9.383916854858398,0.7967247626566264,1.0,1
engine_step_start,1780280879.9418995,1780280879.9418995,1780280879.9536304,11.73090934753418,decode,1,0,451641,9.370803833007812,0.7988130805032213,9.370803833007812,0.7988130805032213,1.0,1
engine_step_start,1780280879.9536426,1780280879.9536426,1780280879.9762764,22.633790969848633,decode,1,0,451641,22.633790969848633,1.0,22.633790969848633,1.0,1.0,1
engine_step_start,1780280879.9536493,1780280879.9536493,1780280879.9763103,22.66097068786621,decode,0,0,451640,22.66097068786621,1.0,22.66097068786621,1.0,1.0,1
engine_step_start,1780280879.9762816,1780280879.9762816,1780280879.9885542,12.27259635925293,decode,1,0,451641,2.073049545288086,0.16891694997571638,2.073049545288086,0.16891694997571638,1.0,1
engine_step_start,1780280879.9763157,1780280879.9763157,1780280879.9887424,12.426614761352539,decode,0,0,451640,2.0389556884765625,0.16407973753381555,2.0389556884765625,0.16407973753381555,1.0,1
engine_step_start,1780280879.98856,1780280879.98856,1780280880.0008314,12.271404266357422,decode,1,0,451641,0.0,0.0,0.0,0.0,0.0,0
engine_step_start,1780280879.988751,1780280879.988751,1780280880.0008376,12.086629867553711,decode,0,0,451640,0.0,0.0,0.0,0.0,0.0,0
engine_step_start,1780280880.0008435,1780280880.0008435,1780280880.0131364,12.292861938476562,decode,0,0,451640,9.952783584594727,0.8096392552366175,9.952783584594727,0.8096392552366175,1.0,1
engine_step_start,1780280880.0008461,1780280880.0008461,1780280880.0130694,12.223243713378906,decode,1,0,451641,9.885787963867188,0.8087696028711867,9.885787963867188,0.8087696028711867,1.0,1
engine_step_start,1780280880.0130847,1780280880.0130847,1780280880.0254233,12.338638305664062,decode,1,0,451641,2.4559497833251953,0.19904544751893646,2.4559497833251953,0.19904544751893646,1.0,1
engine_step_start,1780280880.0131426,1780280880.0131426,1780280880.0255299,12.387275695800781,decode,0,0,451640,2.3980140686035156,0.1935868812071753,2.3980140686035156,0.1935868812071753,1.0,1
engine_step_start,1780280880.0254395,1780280880.0254395,1780280880.037681,12.241601943969727,decode,1,0,451641,1.3279914855957031,0.10848183854318824,1.3279914855957031,0.10848183854318824,1.0,1
engine_step_start,1780280880.0255446,1780280880.0255446,1780280880.0376942,12.149572372436523,decode,0,0,451640,1.3279914855957031,0.10930355776212249,1.3279914855957031,0.10930355776212249,1.0,1
engine_step_start,1780280880.0376966,1780280880.0376966,1780280880.0499697,12.273073196411133,decode,1,0,451641,0.0,0.0,0.0,0.0,0.0,0
engine_step_start,1780280880.0377004,1780280880.0377004,1780280880.0500855,12.385129928588867,decode,0,0,451640,0.0,0.0,0.0,0.0,0.0,0
engine_step_start,1780280880.0499825,1780280880.0499825,1780280880.062385,12.402534484863281,decode,1,0,451641,0.0,0.0,0.0,0.0,0.0,0
engine_step_start,1780280880.050092,1780280880.050092,1780280880.0624049,12.312889099121094,decode,0,0,451640,0.0,0.0,0.0,0.0,0.0,0
engine_step_start,1780280880.0623953,1780280880.0623953,1780280880.0746036,12.208223342895508,decode,1,0,451641,0.0,0.0,0.0,0.0,0.0,0
engine_step_start,1780280880.0624113,1780280880.0624113,1780280880.0747063,12.295007705688477,decode,0,0,451640,0.0,0.0,0.0,0.0,0.0,0
engine_step_start,1780280880.0746086,1780280880.0746086,1780280880.0870247,12.41612434387207,decode,1,0,451641,0.0,0.0,0.0,0.0,0.0,0
engine_step_start,1780280880.0747204,1780280880.0747204,1780280880.0869422,12.221813201904297,decode,0,0,451640,0.0,0.0,0.0,0.0,0.0,0
engine_step_start,1780280880.0869484,1780280880.0869484,1780280880.0992765,12.328147888183594,decode,0,0,451640,0.0,0.0,0.0,0.0,0.0,0
engine_step_start,1780280880.0870364,1780280880.0870364,1780280880.0993075,12.27116584777832,decode,1,0,451641,0.0,0.0,0.0,0.0,0.0,0
engine_step_start,1780280880.0992823,1780280880.0992823,1780280880.111656,12.373685836791992,decode,0,0,451640,0.0,0.0,0.0,0.0,0.0,0
engine_step_start,1780280880.0993235,1780280880.0993235,1780280880.1115057,12.182235717773438,decode,1,0,451641,0.0,0.0,0.0,0.0,0.0,0
engine_step_start,1780280880.1115117,1780280880.1115117,1780280880.123798,12.286186218261719,decode,1,0,451641,0.0,0.0,0.0,0.0,0.0,0
engine_step_start,1780280880.1116621,1780280880.1116621,1780280880.1238406,12.178421020507812,decode,0,0,451640,0.0,0.0,0.0,0.0,0.0,0
engine_step_start,1780280880.1238039,1780280880.1238039,1780280880.1360054,12.201547622680664,decode,1,0,451641,0.0,0.0,0.0,0.0,0.0,0
engine_step_start,1780280880.1238465,1780280880.1238465,1780280880.136048,12.201547622680664,decode,0,0,451640,0.0,0.0,0.0,0.0,0.0,0
engine_step_start,1780280880.1360214,1780280880.1360214,1780280880.1483104,12.289047241210938,decode,1,0,451641,9.66787338256836,0.7867065031817476,9.66787338256836,0.7867065031817476,1.0,1
engine_step_start,1780280880.1360538,1780280880.1360538,1780280880.1483183,12.264490127563477,decode,0,0,451640,9.675741195678711,0.788923232441049,9.675741195678711,0.788923232441049,1.0,1
engine_step_start,1780280880.1483238,1780280880.1483238,1780280880.1698236,21.4998722076416,decode,0,0,451640,21.4998722076416,1.0,21.4998722076416,1.0,1.0,1
engine_step_start,1780280880.1483238,1780280880.1483238,1780280880.169879,21.555185317993164,decode,1,0,451641,21.555185317993164,1.0,21.555185317993164,1.0,1.0,1
engine_step_start,1780280880.169829,1780280880.169829,1780280880.182114,12.284994125366211,decode,0,0,451640,2.278566360473633,0.18547557591165797,2.278566360473633,0.18547557591165797,1.0,1
engine_step_start,1780280880.169884,1780280880.169884,1780280880.1820824,12.198448181152344,decode,1,0,451641,2.223491668701172,0.18227660073489171,2.223491668701172,0.18227660073489171,1.0,1
engine_step_start,1780280880.1820877,1780280880.1820877,1780280880.1943896,12.301921844482422,decode,1,0,451641,0.0,0.0,0.0,0.0,0.0,0
engine_step_start,1780280880.1821196,1780280880.1821196,1780280880.194516,12.39633560180664,decode,0,0,451640,0.0,0.0,0.0,0.0,0.0,0
engine_step_start,1780280880.1943953,1780280880.1943953,1780280880.2066493,12.253999710083008,decode,1,0,451641,0.0,0.0,0.0,0.0,0.0,0
engine_step_start,1780280880.1945214,1780280880.1945214,1780280880.206697,12.175559997558594,decode,0,0,451640,0.0,0.0,0.0,0.0,0.0,0
engine_step_start,1780280880.206668,1780280880.206668,1780280880.218958,12.290000915527344,decode,1,0,451641,0.0,0.0,0.0,0.0,0.0,0
engine_step_start,1780280880.2067032,1780280880.2067032,1780280880.2190197,12.316465377807617,decode,0,0,451640,0.0,0.0,0.0,0.0,0.0,0
engine_step_start,1780280880.218976,1780280880.218976,1780280880.2311807,12.204647064208984,decode,1,0,451641,9.771108627319336,0.8006055870287165,9.771108627319336,0.8006055870287165,1.0,1
engine_step_start,1780280880.2190256,1780280880.2190256,1780280880.2312913,12.265682220458984,decode,0,0,451640,9.881734848022461,0.8056408661509156,9.881734848022461,0.8056408661509156,1.0,1
engine_step_start,1780280880.2311995,1780280880.2311995,1780280880.2536206,22.42112159729004,decode,1,0,451641,32.939910888671875,1.4691464361289226,22.42112159729004,1.0,1.4691464361289226,3
engine_step_start,1780280880.2313092,1780280880.2313092,1780280880.2536743,22.365093231201172,decode,0,0,451640,32.93752670288086,1.472720295077074,22.365093231201172,1.0,1.472720295077074,3
engine_step_start,1780280880.2536314,1780280880.2536314,1780280880.265952,12.320756912231445,decode,1,0,451641,4.729509353637695,0.3838651624513807,2.386331558227539,0.193683843876386,1.981916275352183,2
engine_step_start,1780280880.253687,1780280880.253687,1780280880.2660174,12.33053207397461,decode,0,0,451640,4.618406295776367,0.3745504466530028,2.330780029296875,0.18902509764492054,1.9814852700491,2
engine_step_start,1780280880.2659621,1780280880.2659621,1780280880.2781873,12.225151062011719,decode,1,0,451641,0.0,0.0,0.0,0.0,0.0,0
engine_step_start,1780280880.2660234,1780280880.2660234,1780280880.2782311,12.207746505737305,decode,0,0,451640,0.0,0.0,0.0,0.0,0.0,0
engine_step_start,1780280880.2781916,1780280880.2781916,1780280880.2904918,12.300252914428711,decode,1,0,451641,0.0,0.0,0.0,0.0,0.0,0
engine_step_start,1780280880.278244,1780280880.278244,1780280880.2905755,12.331485748291016,decode,0,0,451640,0.0,0.0,0.0,0.0,0.0,0
engine_step_start,1780280880.2905035,1780280880.2905035,1780280880.3029375,12.434005737304688,decode,1,0,451641,0.0,0.0,0.0,0.0,0.0,0
engine_step_start,1780280880.2905815,1780280880.2905815,1780280880.3029313,12.349843978881836,decode,0,0,451640,0.0,0.0,0.0,0.0,0.0,0
engine_step_start,1780280880.3029375,1780280880.3029375,1780280880.315322,12.384414672851562,decode,0,0,451640,0.0,0.0,0.0,0.0,0.0,0
engine_step_start,1780280880.3029444,1780280880.3029444,1780280880.315195,12.250661849975586,decode,1,0,451641,0.0,0.0,0.0,0.0,0.0,0
engine_step_start,1780280880.3152115,1780280880.3152115,1780280880.327547,12.335538864135742,decode,1,0,451641,19.61064338684082,1.5897678733643867,9.833335876464844,0.7971549508108003,1.9943022015323442,2
engine_step_start,1780280880.3153453,1780280880.3153453,1780280880.3276284,12.283086776733398,decode,0,0,451640,19.773244857788086,1.6097944447679498,9.914636611938477,0.8071779343543158,1.994348923890826,2
engine_step_start,1780280880.3275592,1780280880.3275592,1780280880.3499095,22.350311279296875,decode,1,0,451641,36.51571273803711,1.6337898958866701,22.350311279296875,1.0,1.6337898958866701,2
engine_step_start,1780280880.327642,1780280880.327642,1780280880.3500628,22.420883178710938,decode,0,0,451640,36.50355339050293,1.6281050616758825,22.420883178710938,1.0,1.6281050616758825,2
engine_step_start,1780280880.3499138,1780280880.3499138,1780280880.3623633,12.449502944946289,decode,1,0,451641,2.2568702697753906,0.18128195798303234,2.2568702697753906,0.18128195798303234,1.0,1
engine_step_start,1780280880.3500705,1780280880.3500705,1780280880.3622966,12.226104736328125,decode,0,0,451640,2.100229263305664,0.1717823712948518,2.100229263305664,0.1717823712948518,1.0,1
engine_step_start,1780280880.3623028,1780280880.3623028,1780280880.3746665,12.363672256469727,decode,0,0,451640,0.0,0.0,0.0,0.0,0.0,0
engine_step_start,1780280880.3623734,1780280880.3623734,1780280880.3746266,12.253284454345703,decode,1,0,451641,0.0,0.0,0.0,0.0,0.0,0
engine_step_start,1780280880.3750772,1780280880.3750772,1780280880.3870738,11.99650764465332,decode,0,0,451640,0.0,0.0,0.0,0.0,0.0,0
engine_step_start,1780280880.3752496,1780280880.3752496,1780280880.3870828,11.83319091796875,decode,1,0,451641,0.0,0.0,0.0,0.0,0.0,0
engine_step_start,1780280880.38708,1780280880.38708,1780280880.3995073,12.427330017089844,decode,0,0,451640,0.0,0.0,0.0,0.0,0.0,0
engine_step_start,1780280880.3870976,1780280880.3870976,1780280880.399477,12.37940788269043,decode,1,0,451641,0.0,0.0,0.0,0.0,0.0,0
engine_step_start,1780280880.3994987,1780280880.3994987,1780280880.411826,12.327194213867188,decode,1,0,451641,11.800289154052734,0.9572566919387282,9.792327880859375,0.7943679405848677,1.20505453837164,2
engine_step_start,1780280880.3995311,1780280880.3995311,1780280880.411936,12.404918670654297,decode,0,0,451640,11.910438537597656,0.9601383817028637,9.902477264404297,0.7982702287142034,1.2027736312418742,2
engine_step_start,1780280880.4118364,1780280880.4118364,1780280880.4241414,12.305021286010742,decode,1,0,451641,12.305021286010742,1.0,12.305021286010742,1.0,1.0,1
engine_step_start,1780280880.4119503,1780280880.4119503,1780280880.4242144,12.264013290405273,decode,0,0,451640,12.264013290405273,1.0,12.264013290405273,1.0,1.0,1
engine_step_start,1780280880.4241467,1780280880.4241467,1780280880.436464,12.317419052124023,decode,1,0,451641,2.568960189819336,0.20856318835530263,2.568960189819336,0.20856318835530263,1.0,1
engine_step_start,1780280880.424221,1780280880.424221,1780280880.4364915,12.270450592041016,decode,0,0,451640,2.4945735931396484,0.20329926553452765,2.4945735931396484,0.20329926553452765,1.0,1
engine_step_start,1780280880.436475,1780280880.436475,1780280880.4488113,12.336254119873047,decode,1,0,451641,0.0,0.0,0.0,0.0,0.0,0
engine_step_start,1780280880.4365044,1780280880.4365044,1780280880.4488256,12.321233749389648,decode,0,0,451640,0.0,0.0,0.0,0.0,0.0,0
engine_step_start,1780280880.4488175,1780280880.4488175,1780280880.4610353,12.21776008605957,decode,1,0,451641,0.0,0.0,0.0,0.0,0.0,0
engine_step_start,1780280880.4488318,1780280880.4488318,1780280880.461187,12.35508918762207,decode,0,0,451640,0.0,0.0,0.0,0.0,0.0,0
engine_step_start,1780280880.461048,1780280880.461048,1780280880.4733605,12.312650680541992,decode,1,0,451641,0.0,0.0,0.0,0.0,0.0,0
engine_step_start,1780280880.461193,1780280880.461193,1780280880.4734492,12.256145477294922,decode,0,0,451640,0.0,0.0,0.0,0.0,0.0,0
engine_step_start,1780280880.473371,1780280880.473371,1780280880.4857047,12.33363151550293,decode,1,0,451641,0.0,0.0,0.0,0.0,0.0,0
engine_step_start,1780280880.4734552,1780280880.4734552,1780280880.4857857,12.33053207397461,decode,0,0,451640,0.0,0.0,0.0,0.0,0.0,0
engine_step_start,1780280880.4857266,1780280880.4857266,1780280880.4980402,12.313604354858398,decode,1,0,451641,17.266035079956055,1.4021918020407769,9.921550750732422,0.8057389587004086,1.740255683183544,2
engine_step_start,1780280880.4858017,1780280880.4858017,1780280880.4980206,12.218952178955078,decode,0,0,451640,17.2269344329834,1.4098536585365853,9.902000427246094,0.810380487804878,1.7397428488876048,2
engine_step_start,1780280880.4980338,1780280880.4980338,1780280880.5131803,15.146493911743164,decode,0,0,451640,34.03592109680176,2.2471154905633646,15.146493911743164,1.0,2.2471154905633646,3
engine_step_start,1780280880.4980626,1780280880.4980626,1780280880.513194,15.131473541259766,decode,1,0,451641,34.00588035583496,2.2473607916049536,15.131473541259766,1.0,2.2473607916049536,3
engine_step_start,1780280880.5131943,1780280880.5131943,1780280880.5255077,12.313365936279297,decode,0,0,451640,7.914543151855469,0.642760329938427,5.03230094909668,0.4086860550671882,1.5727483773155826,3
engine_step_start,1780280880.5132072,1780280880.5132072,1780280880.5255194,12.312173843383789,decode,1,0,451641,7.8887939453125,0.6407312019519374,5.019426345825195,0.4076799442303596,1.5716524960813185,3
engine_step_start,1780280880.5255215,1780280880.5255215,1780280880.5377786,12.257099151611328,decode,0,0,451640,0.0,0.0,0.0,0.0,0.0,0
engine_step_start,1780280880.525525,1780280880.525525,1780280880.537768,12.242794036865234,decode,1,0,451641,0.0,0.0,0.0,0.0,0.0,0
engine_step_start,1780280880.5377848,1780280880.5377848,1780280880.5500696,12.28475570678711,decode,0,0,451640,5.228996276855469,0.4256491868183053,5.228996276855469,0.4256491868183053,1.0,1
engine_step_start,1780280880.5377908,1780280880.5377908,1780280880.5500667,12.275934219360352,decode,1,0,451641,5.228996276855469,0.4259550583619802,5.228996276855469,0.4259550583619802,1.0,1
engine_step_start,1780280880.5500772,1780280880.5500772,1780280880.5623233,12.246131896972656,decode,1,0,451641,0.0,0.0,0.0,0.0,0.0,0
engine_step_start,1780280880.550083,1780280880.550083,1780280880.5624282,12.345314025878906,decode,0,0,451640,0.0,0.0,0.0,0.0,0.0,0
engine_step_start,1780280880.5623276,1780280880.5623276,1780280880.574564,12.236356735229492,decode,1,0,451641,0.0,0.0,0.0,0.0,0.0,0
engine_step_start,1780280880.562436,1780280880.562436,1780280880.5746582,12.222051620483398,decode,0,0,451640,0.0,0.0,0.0,0.0,0.0,0
engine_step_start,1780280880.574574,1780280880.574574,1780280880.5868502,12.276172637939453,decode,1,0,451641,0.0,0.0,0.0,0.0,0.0,0
engine_step_start,1780280880.5746648,1780280880.5746648,1780280880.586838,12.173175811767578,decode,0,0,451640,0.0,0.0,0.0,0.0,0.0,0
engine_step_start,1780280880.5868442,1780280880.5868442,1780280880.5991976,12.35342025756836,decode,0,0,451640,0.0,0.0,0.0,0.0,0.0,0
engine_step_start,1780280880.586855,1780280880.586855,1780280880.5990806,12.225627899169922,decode,1,0,451641,0.0,0.0,0.0,0.0,0.0,0
engine_step_start,1780280880.5990872,1780280880.5990872,1780280880.6114042,12.31694221496582,decode,1,0,451641,0.0,0.0,0.0,0.0,0.0,0
engine_step_start,1780280880.5992038,1780280880.5992038,1780280880.6115184,12.314558029174805,decode,0,0,451640,0.0,0.0,0.0,0.0,0.0,0
engine_step_start,1780280880.6114106,1780280880.6114106,1780280880.6238823,12.471675872802734,decode,1,0,451641,0.0,0.0,0.0,0.0,0.0,0
engine_step_start,1780280880.6115246,1780280880.6115246,1780280880.6238537,12.3291015625,decode,0,0,451640,0.0,0.0,0.0,0.0,0.0,0
engine_step_start,1780280880.6238687,1780280880.6238687,1780280880.636095,12.226343154907227,decode,0,0,451640,9.696483612060547,0.7930812581657924,9.696483612060547,0.7930812581657924,1.0,1
engine_step_start,1780280880.6239026,1780280880.6239026,1780280880.6360946,12.192010879516602,decode,1,0,451641,9.696006774902344,0.7952754365723449,9.696006774902344,0.7952754365723449,1.0,1
engine_step_start,1780280880.636112,1780280880.636112,1780280880.6611438,25.03180503845215,decode,0,0,451640,36.25082969665527,1.4481907973064359,25.03180503845215,1.0,1.4481907973064359,3
engine_step_start,1780280880.6361184,1780280880.6361184,1780280880.6612236,25.10523796081543,decode,1,0,451641,36.40413284301758,1.4500612541429643,25.10523796081543,1.0,1.4500612541429643,3
engine_step_start,1780280880.6611638,1780280880.6611638,1780280880.6735942,12.430429458618164,decode,0,0,451640,14.641284942626953,1.177858334771851,12.430429458618164,1.0,1.177858334771851,2
engine_step_start,1780280880.661237,1780280880.661237,1780280880.6735308,12.293815612792969,decode,1,0,451641,14.431476593017578,1.1738810022496315,12.293815612792969,1.0,1.1738810022496315,2
engine_step_start,1780280880.673539,1780280880.673539,1780280880.6858106,12.271642684936523,decode,1,0,451641,2.6438236236572266,0.21544170503778826,2.6438236236572266,0.21544170503778826,1.0,1
engine_step_start,1780280880.6736076,1780280880.6736076,1780280880.68585,12.242317199707031,decode,0,0,451640,2.5751590728759766,0.21034899119732026,2.5751590728759766,0.21034899119732026,1.0,1
engine_step_start,1780280880.685827,1780280880.685827,1780280880.6980555,12.22848892211914,decode,1,0,451641,0.43702125549316406,0.03573796061610451,0.43702125549316406,0.03573796061610451,1.0,1
engine_step_start,1780280880.6858635,1780280880.6858635,1780280880.6981688,12.305259704589844,decode,0,0,451640,0.43702125549316406,0.035514996512438966,0.43702125549316406,0.035514996512438966,1.0,1
engine_step_start,1780280880.6980684,1780280880.6980684,1780280880.7105012,12.43281364440918,decode,1,0,451641,0.0,0.0,0.0,0.0,0.0,0
engine_step_start,1780280880.6981778,1780280880.6981778,1780280880.7105167,12.338876724243164,decode,0,0,451640,0.0,0.0,0.0,0.0,0.0,0
engine_step_start,1780280880.7105165,1780280880.7105165,1780280880.7226963,12.179851531982422,decode,1,0,451641,0.0,0.0,0.0,0.0,0.0,0
engine_step_start,1780280880.7105324,1780280880.7105324,1780280880.722765,12.232542037963867,decode,0,0,451640,0.0,0.0,0.0,0.0,0.0,0
engine_step_start,1780280880.7227106,1780280880.7227106,1780280880.7349565,12.245893478393555,decode,1,0,451641,9.863853454589844,0.8054825458014524,9.863853454589844,0.8054825458014524,1.0,1
engine_step_start,1780280880.7227814,1780280880.7227814,1780280880.734966,12.184619903564453,decode,0,0,451640,9.873390197753906,0.8103158141901147,9.873390197753906,0.8103158141901147,1.0,1
engine_step_start,1780280880.7349634,1780280880.7349634,1780280880.7471943,12.230873107910156,decode,1,0,451641,2.4483203887939453,0.20017543859649123,2.4483203887939453,0.20017543859649123,1.0,1
engine_step_start,1780280880.7349794,1780280880.7349794,1780280880.7472682,12.288808822631836,decode,0,0,451640,2.4323463439941406,0.19793182391401354,2.4323463439941406,0.19793182391401354,1.0,1
engine_step_start,1780280880.7471993,1780280880.7471993,1780280880.7594647,12.265443801879883,decode,1,0,451641,0.0,0.0,0.0,0.0,0.0,0
engine_step_start,1780280880.7472744,1780280880.7472744,1780280880.7596264,12.35198974609375,decode,0,0,451640,0.0,0.0,0.0,0.0,0.0,0
engine_step_start,1780280880.759469,1780280880.759469,1780280880.771748,12.279033660888672,decode,1,0,451641,0.0,0.0,0.0,0.0,0.0,0
engine_step_start,1780280880.7596395,1780280880.7596395,1780280880.7716968,12.057304382324219,decode,0,0,451640,0.0,0.0,0.0,0.0,0.0,0
engine_step_start,1780280880.7717097,1780280880.7717097,1780280880.7840772,12.367486953735352,decode,0,0,451640,0.0,0.0,0.0,0.0,0.0,0
engine_step_start,1780280880.771753,1780280880.771753,1780280880.784041,12.28785514831543,decode,1,0,451641,0.0,0.0,0.0,0.0,0.0,0
engine_step_start,1780280880.7845902,1780280880.7845902,1780280880.7962759,11.685609817504883,decode,0,0,451640,0.0,0.0,0.0,0.0,0.0,0
engine_step_start,1780280880.7846107,1780280880.7846107,1780280880.7962823,11.67154312133789,decode,1,0,451641,0.0,0.0,0.0,0.0,0.0,0
engine_step_start,1780280880.7962823,1780280880.7962823,1780280880.808569,12.286663055419922,decode,0,0,451640,0.0,0.0,0.0,0.0,0.0,0
engine_step_start,1780280880.7962868,1780280880.7962868,1780280880.8086,12.313127517700195,decode,1,0,451641,0.0,0.0,0.0,0.0,0.0,0
engine_step_start,1780280880.8085754,1780280880.8085754,1780280880.8208144,12.23897933959961,decode,0,0,451640,0.0,0.0,0.0,0.0,0.0,0
engine_step_start,1780280880.8086128,1780280880.8086128,1780280880.8207002,12.087345123291016,decode,1,0,451641,0.0,0.0,0.0,0.0,0.0,0
engine_step_start,1780280880.8207076,1780280880.8207076,1780280880.8329844,12.276887893676758,decode,1,0,451641,0.0,0.0,0.0,0.0,0.0,0
engine_step_start,1780280880.8208206,1780280880.8208206,1780280880.833043,12.222528457641602,decode,0,0,451640,0.0,0.0,0.0,0.0,0.0,0
engine_step_start,1780280880.8330028,1780280880.8330028,1780280880.845397,12.394189834594727,decode,1,0,451641,9.914398193359375,0.7999230547273252,9.914398193359375,0.7999230547273252,1.0,1
engine_step_start,1780280880.833049,1780280880.833049,1780280880.8452587,12.209653854370117,decode,0,0,451640,9.776115417480469,0.8006873523266486,9.776115417480469,0.8006873523266486,1.0,1
engine_step_start,1780280880.8452647,1780280880.8452647,1780280880.8576262,12.361526489257812,decode,0,0,451640,22.3541259765625,1.8083629069588028,12.361526489257812,1.0,1.8083629069588028,2
engine_step_start,1780280880.845424,1780280880.845424,1780280880.85759,12.166023254394531,decode,1,0,451641,22.12238311767578,1.8183742259151838,12.166023254394531,1.0,1.8183742259151838,2
engine_step_start,1780280880.8576038,1780280880.8576038,1780280880.8697379,12.134075164794922,decode,1,0,451641,14.663934707641602,1.208492160176052,12.134075164794922,1.0,1.208492160176052,3
engine_step_start,1780280880.8576422,1780280880.8576422,1780280880.86986,12.21776008605957,decode,0,0,451640,14.709234237670898,1.2039223338862328,12.21776008605957,1.0,1.2039223338862328,3
engine_step_start,1780280880.8697505,1780280880.8697505,1780280880.8820028,12.252330780029297,decode,1,0,451641,2.534151077270508,0.20683012259194397,2.534151077270508,0.20683012259194397,1.0,1
engine_step_start,1780280880.8698745,1780280880.8698745,1780280880.882042,12.16745376586914,decode,0,0,451640,2.4101734161376953,0.19808363052082925,2.4101734161376953,0.19808363052082925,1.0,1
engine_step_start,1780280880.8820086,1780280880.8820086,1780280880.8942924,12.283802032470703,decode,1,0,451641,0.0,0.0,0.0,0.0,0.0,0
engine_step_start,1780280880.8820488,1780280880.8820488,1780280880.8943279,12.279033660888672,decode,0,0,451640,0.0,0.0,0.0,0.0,0.0,0
engine_step_start,1780280880.8943083,1780280880.8943083,1780280880.9064636,12.155294418334961,decode,1,0,451641,0.0,0.0,0.0,0.0,0.0,0
engine_step_start,1780280880.8943412,1780280880.8943412,1780280880.906584,12.242794036865234,decode,0,0,451640,0.0,0.0,0.0,0.0,0.0,0
engine_step_start,1780280880.9064696,1780280880.9064696,1780280880.918758,12.288331985473633,decode,1,0,451641,0.0,0.0,0.0,0.0,0.0,0
engine_step_start,1780280880.9065971,1780280880.9065971,1780280880.9189057,12.308597564697266,decode,0,0,451640,0.0,0.0,0.0,0.0,0.0,0
engine_step_start,1780280880.9187632,1780280880.9187632,1780280880.9311786,12.415409088134766,decode,1,0,451641,0.0,0.0,0.0,0.0,0.0,0
engine_step_start,1780280880.9189117,1780280880.9189117,1780280880.9311564,12.244701385498047,decode,0,0,451640,0.0,0.0,0.0,0.0,0.0,0
engine_step_start,1780280880.9311728,1780280880.9311728,1780280880.9434054,12.232542037963867,decode,0,0,451640,9.80067253112793,0.8011967177967919,9.80067253112793,0.8011967177967919,1.0,1
engine_step_start,1780280880.9311857,1780280880.9311857,1780280880.9433992,12.213468551635742,decode,1,0,451641,9.794473648071289,0.8019403830011518,9.794473648071289,0.8019403830011518,1.0,1
engine_step_start,1780280880.9434042,1780280880.9434042,1780280880.9556775,12.273311614990234,decode,1,0,451641,2.429485321044922,0.1979486382532344,2.429485321044922,0.1979486382532344,1.0,1
engine_step_start,1780280880.9434192,1780280880.9434192,1780280880.9557188,12.299537658691406,decode,0,0,451640,2.4144649505615234,0.1963053423276731,2.4144649505615234,0.1963053423276731,1.0,1
engine_step_start,1780280880.9556932,1780280880.9556932,1780280880.968036,12.342691421508789,decode,1,0,451641,3.6809444427490234,0.2982286696671753,3.6809444427490234,0.2982286696671753,1.0,1
engine_step_start,1780280880.9557252,1780280880.9557252,1780280880.9680185,12.293338775634766,decode,0,0,451640,3.6809444427490234,0.2994259338272371,3.6809444427490234,0.2994259338272371,1.0,1
engine_step_start,1780280880.9680245,1780280880.9680245,1780280880.9803202,12.295722961425781,decode,0,0,451640,0.0,0.0,0.0,0.0,0.0,0
engine_step_start,1780280880.9680462,1780280880.9680462,1780280880.980255,12.208700180053711,decode,1,0,451641,0.0,0.0,0.0,0.0,0.0,0
engine_step_start,1780280880.98026,1780280880.98026,1780280880.992691,12.431144714355469,decode,1,0,451641,0.0,0.0,0.0,0.0,0.0,0
engine_step_start,1780280880.9803338,1780280880.9803338,1780280880.992745,12.411117553710938,decode,0,0,451640,0.0,0.0,0.0,0.0,0.0,0
engine_step_start,1780280880.9927073,1780280880.9927073,1780280881.0049715,12.264251708984375,decode,1,0,451641,0.0,0.0,0.0,0.0,0.0,0
engine_step_start,1780280880.992751,1780280880.992751,1780280881.0050166,12.265682220458984,decode,0,0,451640,0.0,0.0,0.0,0.0,0.0,0
engine_step_start,1780280881.004978,1780280881.004978,1780280881.0173836,12.405633926391602,decode,1,0,451641,0.0,0.0,0.0,0.0,0.0,0
engine_step_start,1780280881.0050228,1780280881.0050228,1780280881.0174594,12.436628341674805,decode,0,0,451640,0.0,0.0,0.0,0.0,0.0,0
engine_step_start,1780280881.0173898,1780280881.0173898,1780280881.029689,12.299299240112305,decode,1,0,451641,0.0,0.0,0.0,0.0,0.0,0
engine_step_start,1780280881.0174656,1780280881.0174656,1780280881.0298214,12.355804443359375,decode,0,0,451640,0.0,0.0,0.0,0.0,0.0,0
engine_step_start,1780280881.0296946,1780280881.0296946,1780280881.0420015,12.306928634643555,decode,1,0,451641,0.0,0.0,0.0,0.0,0.0,0
engine_step_start,1780280881.029827,1780280881.029827,1780280881.0421667,12.339591979980469,decode,0,0,451640,0.0,0.0,0.0,0.0,0.0,0
engine_step_start,1780280881.0420055,1780280881.0420055,1780280881.0544837,12.478113174438477,decode,1,0,451641,0.0,0.0,0.0,0.0,0.0,0
engine_step_start,1780280881.042173,1780280881.042173,1780280881.054545,12.372016906738281,decode,0,0,451640,0.0,0.0,0.0,0.0,0.0,0
engine_step_start,1780280881.0544891,1780280881.0544891,1780280881.066744,12.254953384399414,decode,1,0,451641,0.0,0.0,0.0,0.0,0.0,0
engine_step_start,1780280881.0545511,1780280881.0545511,1780280881.06689,12.338876724243164,decode,0,0,451640,0.0,0.0,0.0,0.0,0.0,0
engine_step_start,1780280881.0667486,1780280881.0667486,1780280881.0791478,12.39919662475586,decode,1,0,451641,0.0,0.0,0.0,0.0,0.0,0
engine_step_start,1780280881.066904,1780280881.066904,1780280881.0792835,12.37940788269043,decode,0,0,451640,0.0,0.0,0.0,0.0,0.0,0
engine_step_start,1780280881.079162,1780280881.079162,1780280881.0916224,12.460470199584961,decode,1,0,451641,0.0,0.0,0.0,0.0,0.0,0
engine_step_start,1780280881.079297,1780280881.079297,1780280881.0915437,12.24660873413086,decode,0,0,451640,0.0,0.0,0.0,0.0,0.0,0
engine_step_start,1780280881.0915496,1780280881.0915496,1780280881.1038904,12.340784072875977,decode,0,0,451640,0.0,0.0,0.0,0.0,0.0,0
engine_step_start,1780280881.0916352,1780280881.0916352,1780280881.1037138,12.078523635864258,decode,1,0,451641,0.0,0.0,0.0,0.0,0.0,0
engine_step_start,1780280881.1037192,1780280881.1037192,1780280881.1159859,12.26663589477539,decode,1,0,451641,0.0,0.0,0.0,0.0,0.0,0
engine_step_start,1780280881.1038961,1780280881.1038961,1780280881.1161182,12.222051620483398,decode,0,0,451640,0.0,0.0,0.0,0.0,0.0,0
engine_step_start,1780280881.1159914,1780280881.1159914,1780280881.1282978,12.306451797485352,decode,1,0,451641,0.0,0.0,0.0,0.0,0.0,0
engine_step_start,1780280881.1161327,1780280881.1161327,1780280881.1282852,12.152433395385742,decode,0,0,451640,0.0,0.0,0.0,0.0,0.0,0
engine_step_start,1780280881.128291,1780280881.128291,1780280881.140635,12.344121932983398,decode,0,0,451640,0.0,0.0,0.0,0.0,0.0,0
engine_step_start,1780280881.1283035,1780280881.1283035,1780280881.1406062,12.302637100219727,decode,1,0,451641,0.0,0.0,0.0,0.0,0.0,0
engine_step_start,1780280881.1406226,1780280881.1406226,1780280881.1528747,12.252092361450195,decode,1,0,451641,9.95016098022461,0.812119325147405,9.95016098022461,0.812119325147405,1.0,1
engine_step_start,1780280881.1406407,1780280881.1406407,1780280881.152899,12.258291244506836,decode,0,0,451640,9.974479675292969,0.8136925021880774,9.974479675292969,0.8136925021880774,1.0,1
engine_step_start,1780280881.1528935,1780280881.1528935,1780280881.165088,12.194395065307617,decode,1,0,451641,8.709907531738281,0.7142549905175279,5.585908889770508,0.45807183217001973,1.5592641598019548,2
engine_step_start,1780280881.1529047,1780280881.1529047,1780280881.1652787,12.373924255371094,decode,0,0,451640,8.698701858520508,0.7029865125240847,5.574703216552734,0.45052023121387286,1.5603883329056538,2
engine_step_start,1780280881.1650972,1780280881.1650972,1780280881.177489,12.391805648803711,decode,1,0,451641,0.0,0.0,0.0,0.0,0.0,0
engine_step_start,1780280881.165293,1780280881.165293,1780280881.177539,12.246131896972656,decode,0,0,451640,0.0,0.0,0.0,0.0,0.0,0
engine_step_start,1780280881.177914,1780280881.177914,1780280881.1897485,11.83462142944336,decode,0,0,451640,0.0,0.0,0.0,0.0,0.0,0
engine_step_start,1780280881.177925,1780280881.177925,1780280881.1896603,11.735200881958008,decode,1,0,451641,0.0,0.0,0.0,0.0,0.0,0
engine_step_start,1780280881.189684,1780280881.189684,1780280881.2019715,12.287616729736328,decode,1,0,451641,5.797863006591797,0.47184601653149133,4.512786865234375,0.36726299041483956,1.2847633136094674,2
engine_step_start,1780280881.1897657,1780280881.1897657,1780280881.2020438,12.278079986572266,decode,0,0,451640,5.797863006591797,0.47221251310730517,4.512786865234375,0.3675482543011379,1.2847633136094674,2
engine_step_start,1780280881.2019846,1780280881.2019846,1780280881.214145,12.160301208496094,decode,1,0,451641,0.0,0.0,0.0,0.0,0.0,0
engine_step_start,1780280881.202059,1780280881.202059,1780280881.2142015,12.142419815063477,decode,0,0,451640,0.0,0.0,0.0,0.0,0.0,0
engine_step_start,1780280881.2141497,1780280881.2141497,1780280881.2262297,12.079954147338867,decode,1,0,451641,0.0,0.0,0.0,0.0,0.0,0
engine_step_start,1780280881.214208,1780280881.214208,1780280881.2263274,12.119531631469727,decode,0,0,451640,0.0,0.0,0.0,0.0,0.0,0
engine_step_start,1780280881.2262406,1780280881.2262406,1780280881.2385082,12.267589569091797,decode,1,0,451641,0.0,0.0,0.0,0.0,0.0,0
engine_step_start,1780280881.2263486,1780280881.2263486,1780280881.2385423,12.193679809570312,decode,0,0,451640,0.0,0.0,0.0,0.0,0.0,0
engine_step_start,1780280881.2385128,1780280881.2385128,1780280881.2506611,12.148380279541016,decode,1,0,451641,0.0,0.0,0.0,0.0,0.0,0
engine_step_start,1780280881.2385485,1780280881.2385485,1780280881.2507312,12.18271255493164,decode,0,0,451640,0.0,0.0,0.0,0.0,0.0,0
engine_step_start,1780280881.2506654,1780280881.2506654,1780280881.26294,12.274503707885742,decode,1,0,451641,0.0,0.0,0.0,0.0,0.0,0
engine_step_start,1780280881.2507374,1780280881.2507374,1780280881.2629735,12.23611831665039,decode,0,0,451640,0.0,0.0,0.0,0.0,0.0,0
engine_step_start,1780280881.262945,1780280881.262945,1780280881.275135,12.190103530883789,decode,1,0,451641,0.0,0.0,0.0,0.0,0.0,0
engine_step_start,1780280881.2629793,1780280881.2629793,1780280881.2751734,12.194156646728516,decode,0,0,451640,0.0,0.0,0.0,0.0,0.0,0
engine_step_start,1780280881.2751398,1780280881.2751398,1780280881.287431,12.291193008422852,decode,1,0,451641,0.0,0.0,0.0,0.0,0.0,0
engine_step_start,1780280881.2751791,1780280881.2751791,1780280881.2874484,12.269258499145508,decode,0,0,451640,0.0,0.0,0.0,0.0,0.0,0
engine_step_start,1780280881.287443,1780280881.287443,1780280881.2997198,12.276887893676758,decode,1,0,451641,0.0,0.0,0.0,0.0,0.0,0
engine_step_start,1780280881.2874546,1780280881.2874546,1780280881.299752,12.297391891479492,decode,0,0,451640,0.0,0.0,0.0,0.0,0.0,0
engine_step_start,1780280881.2997255,1780280881.2997255,1780280881.3118675,12.141942977905273,decode,1,0,451641,0.0,0.0,0.0,0.0,0.0,0
engine_step_start,1780280881.2997582,1780280881.2997582,1780280881.3118613,12.103080749511719,decode,0,0,451640,0.0,0.0,0.0,0.0,0.0,0
engine_step_start,1780280881.311867,1780280881.311867,1780280881.3240855,12.218475341796875,decode,0,0,451640,0.0,0.0,0.0,0.0,0.0,0
engine_step_start,1780280881.3118777,1780280881.3118777,1780280881.324034,12.156248092651367,decode,1,0,451641,0.0,0.0,0.0,0.0,0.0,0
engine_step_start,1780280881.324039,1780280881.324039,1780280881.3363192,12.28022575378418,decode,1,0,451641,0.0,0.0,0.0,0.0,0.0,0
engine_step_start,1780280881.3240914,1780280881.3240914,1780280881.336436,12.344598770141602,decode,0,0,451640,0.0,0.0,0.0,0.0,0.0,0
engine_step_start,1780280881.3363237,1780280881.3363237,1780280881.348579,12.255191802978516,decode,1,0,451641,0.0,0.0,0.0,0.0,0.0,0
engine_step_start,1780280881.3364422,1780280881.3364422,1780280881.348647,12.204885482788086,decode,0,0,451640,0.0,0.0,0.0,0.0,0.0,0
engine_step_start,1780280881.3485835,1780280881.3485835,1780280881.3608294,12.245893478393555,decode,1,0,451641,0.0,0.0,0.0,0.0,0.0,0
engine_step_start,1780280881.348653,1780280881.348653,1780280881.3609571,12.304067611694336,decode,0,0,451640,0.0,0.0,0.0,0.0,0.0,0
engine_step_start,1780280881.3608336,1780280881.3608336,1780280881.3731096,12.275934219360352,decode,1,0,451641,0.0,0.0,0.0,0.0,0.0,0
engine_step_start,1780280881.3609629,1780280881.3609629,1780280881.3732758,12.312889099121094,decode,0,0,451640,0.0,0.0,0.0,0.0,0.0,0
engine_step_start,1780280881.3731143,1780280881.3731143,1780280881.385499,12.384653091430664,decode,1,0,451641,0.0,0.0,0.0,0.0,0.0,0
engine_step_start,1780280881.373282,1780280881.373282,1780280881.385614,12.331962585449219,decode,0,0,451640,0.0,0.0,0.0,0.0,0.0,0
engine_step_start,1780280881.3855042,1780280881.3855042,1780280881.3979814,12.47715950012207,decode,1,0,451641,0.0,0.0,0.0,0.0,0.0,0
engine_step_start,1780280881.3856199,1780280881.3856199,1780280881.3979702,12.350320816040039,decode,0,0,451640,0.0,0.0,0.0,0.0,0.0,0
engine_step_start,1780280881.3979757,1780280881.3979757,1780280881.4102783,12.302637100219727,decode,0,0,451640,0.0,0.0,0.0,0.0,0.0,0
engine_step_start,1780280881.3979938,1780280881.3979938,1780280881.4102662,12.272357940673828,decode,1,0,451641,0.0,0.0,0.0,0.0,0.0,0
engine_step_start,1780280881.4102845,1780280881.4102845,1780280881.4225745,12.290000915527344,decode,1,0,451641,9.907960891723633,0.8061806471638084,9.907960891723633,0.8061806471638084,1.0,1
engine_step_start,1780280881.4102848,1780280881.4102848,1780280881.4225495,12.264728546142578,decode,0,0,451640,9.882926940917969,0.8058007075930174,9.882926940917969,0.8058007075930174,1.0,1
engine_step_start,1780280881.4225552,1780280881.4225552,1780280881.43483,12.274742126464844,decode,0,0,451640,2.282381057739258,0.1859412633051045,2.282381057739258,0.1859412633051045,1.0,1
engine_step_start,1780280881.422587,1780280881.422587,1780280881.4348774,12.290477752685547,decode,1,0,451641,2.25067138671875,0.1831231813773036,2.25067138671875,0.1831231813773036,1.0,1
engine_step_start,1780280881.434836,1780280881.434836,1780280881.4472022,12.366294860839844,decode,0,0,451640,0.0,0.0,0.0,0.0,0.0,0
engine_step_start,1780280881.4348824,1780280881.4348824,1780280881.4472504,12.367963790893555,decode,1,0,451641,0.0,0.0,0.0,0.0,0.0,0
engine_step_start,1780280881.4472084,1780280881.4472084,1780280881.4596338,12.425422668457031,decode,0,0,451640,0.0,0.0,0.0,0.0,0.0,0
engine_step_start,1780280881.4472609,1780280881.4472609,1780280881.4595122,12.25137710571289,decode,1,0,451641,0.0,0.0,0.0,0.0,0.0,0
engine_step_start,1780280881.459524,1780280881.459524,1780280881.4718728,12.34889030456543,decode,1,0,451641,0.0,0.0,0.0,0.0,0.0,0
engine_step_start,1780280881.4596398,1780280881.4596398,1780280881.4720366,12.396812438964844,decode,0,0,451640,0.0,0.0,0.0,0.0,0.0,0
engine_step_start,1780280881.471889,1780280881.471889,1780280881.48423,12.341022491455078,decode,1,0,451641,4.576921463012695,0.370870522777327,4.182100296020508,0.33887794134693405,1.09440738840431,2
engine_step_start,1780280881.4720526,1780280881.4720526,1780280881.4844143,12.361764907836914,decode,0,0,451640,4.576921463012695,0.37024822079500086,4.182100296020508,0.3383093212983857,1.09440738840431,2
engine_step_start,1780280881.4842432,1780280881.4842432,1780280881.4966118,12.36867904663086,decode,1,0,451641,0.0,0.0,0.0,0.0,0.0,0
engine_step_start,1780280881.4844296,1780280881.4844296,1780280881.496605,12.175321578979492,decode,0,0,451640,0.0,0.0,0.0,0.0,0.0,0
engine_step_start,1780280881.4966114,1780280881.4966114,1780280881.5088143,12.202978134155273,decode,0,0,451640,0.0,0.0,0.0,0.0,0.0,0
engine_step_start,1780280881.4966164,1780280881.4966164,1780280881.5088055,12.189149856567383,decode,1,0,451641,0.0,0.0,0.0,0.0,0.0,0
engine_step_start,1780280881.5088172,1780280881.5088172,1780280881.521076,12.258768081665039,decode,1,0,451641,0.0,0.0,0.0,0.0,0.0,0
engine_step_start,1780280881.508828,1780280881.508828,1780280881.5212266,12.398719787597656,decode,0,0,451640,0.0,0.0,0.0,0.0,0.0,0
engine_step_start,1780280881.5210814,1780280881.5210814,1780280881.5335934,12.511968612670898,decode,1,0,451641,0.0,0.0,0.0,0.0,0.0,0
engine_step_start,1780280881.5212345,1780280881.5212345,1780280881.5335314,12.296915054321289,decode,0,0,451640,0.0,0.0,0.0,0.0,0.0,0
engine_step_start,1780280881.5335379,1780280881.5335379,1780280881.545917,12.379169464111328,decode,0,0,451640,10.115385055541992,0.817129540464543,10.115385055541992,0.817129540464543,1.0,1
engine_step_start,1780280881.5336199,1780280881.5336199,1780280881.5457451,12.125253677368164,decode,1,0,451641,9.943485260009766,0.8200641013036554,9.943485260009766,0.8200641013036554,1.0,1
engine_step_start,1780280881.545757,1780280881.545757,1780280881.5580854,12.328386306762695,decode,1,0,451641,2.429485321044922,0.19706434083041638,2.429485321044922,0.19706434083041638,1.0,1
engine_step_start,1780280881.5459228,1780280881.5459228,1780280881.5581133,12.190580368041992,decode,0,0,451640,2.263784408569336,0.18569947781189494,2.263784408569336,0.18569947781189494,1.0,1
engine_step_start,1780280881.558091,1780280881.558091,1780280881.5704327,12.341737747192383,decode,1,0,451641,0.0,0.0,0.0,0.0,0.0,0
engine_step_start,1780280881.5581198,1780280881.5581198,1780280881.5703619,12.24207878112793,decode,0,0,451640,0.0,0.0,0.0,0.0,0.0,0
engine_step_start,1780280881.5708177,1780280881.5708177,1780280881.5826313,11.813640594482422,decode,0,0,451640,0.0,0.0,0.0,0.0,0.0,0
engine_step_start,1780280881.5708654,1780280881.5708654,1780280881.5825684,11.703014373779297,decode,1,0,451641,0.0,0.0,0.0,0.0,0.0,0
engine_step_start,1780280881.5825794,1780280881.5825794,1780280881.5948062,12.22681999206543,decode,1,0,451641,0.0,0.0,0.0,0.0,0.0,0
engine_step_start,1780280881.5826447,1780280881.5826447,1780280881.5948594,12.21466064453125,decode,0,0,451640,0.0,0.0,0.0,0.0,0.0,0
engine_step_start,1780280881.5948105,1780280881.5948105,1780280881.6070738,12.263298034667969,decode,1,0,451641,0.0,0.0,0.0,0.0,0.0,0
engine_step_start,1780280881.594865,1780280881.594865,1780280881.607087,12.221813201904297,decode,0,0,451640,0.0,0.0,0.0,0.0,0.0,0
engine_step_start,1780280881.607078,1780280881.607078,1780280881.6193705,12.29238510131836,decode,1,0,451641,0.0,0.0,0.0,0.0,0.0,0
engine_step_start,1780280881.6070924,1780280881.6070924,1780280881.6194034,12.310981750488281,decode,0,0,451640,0.0,0.0,0.0,0.0,0.0,0
engine_step_start,1780280881.6193745,1780280881.6193745,1780280881.6315782,12.203693389892578,decode,1,0,451641,0.0,0.0,0.0,0.0,0.0,0
engine_step_start,1780280881.6194093,1780280881.6194093,1780280881.63172,12.31074333190918,decode,0,0,451640,0.0,0.0,0.0,0.0,0.0,0
engine_step_start,1780280881.6315827,1780280881.6315827,1780280881.6438584,12.27569580078125,decode,1,0,451641,0.0,0.0,0.0,0.0,0.0,0
engine_step_start,1780280881.6317258,1780280881.6317258,1780280881.6440072,12.281417846679688,decode,0,0,451640,0.0,0.0,0.0,0.0,0.0,0
engine_step_start,1780280881.6438642,1780280881.6438642,1780280881.6560469,12.18271255493164,decode,1,0,451641,0.0,0.0,0.0,0.0,0.0,0
engine_step_start,1780280881.6440127,1780280881.6440127,1780280881.6561635,12.150764465332031,decode,0,0,451640,0.0,0.0,0.0,0.0,0.0,0
engine_step_start,1780280881.6560533,1780280881.6560533,1780280881.6682646,12.211322784423828,decode,1,0,451641,9.716987609863281,0.7957358741067594,9.716987609863281,0.7957358741067594,1.0,1
engine_step_start,1780280881.6561794,1780280881.6561794,1780280881.6683695,12.190103530883789,decode,0,0,451640,9.821891784667969,0.8057266913102153,9.821891784667969,0.8057266913102153,1.0,1
engine_step_start,1780280881.668273,1780280881.668273,1780280881.6887465,20.473480224609375,decode,1,0,451641,20.473480224609375,1.0,20.473480224609375,1.0,1.0,1
engine_step_start,1780280881.6683834,1780280881.6683834,1780280881.6888185,20.435094833374023,decode,0,0,451640,20.435094833374023,1.0,20.435094833374023,1.0,1.0,1
engine_step_start,1780280881.6887553,1780280881.6887553,1780280881.700831,12.075662612915039,decode,1,0,451641,2.2084712982177734,0.18288613792967284,2.2084712982177734,0.18288613792967284,1.0,1
engine_step_start,1780280881.6888244,1780280881.6888244,1780280881.7009082,12.083768844604492,decode,0,0,451640,2.1393299102783203,0.1770416115857388,2.1393299102783203,0.1770416115857388,1.0,1
engine_step_start,1780280881.7008367,1780280881.7008367,1780280881.713039,12.202262878417969,decode,1,0,451641,0.0,0.0,0.0,0.0,0.0,0
engine_step_start,1780280881.7009141,1780280881.7009141,1780280881.7130523,12.138128280639648,decode,0,0,451640,0.0,0.0,0.0,0.0,0.0,0
engine_step_start,1780280881.7130442,1780280881.7130442,1780280881.7251952,12.151002883911133,decode,1,0,451641,0.0,0.0,0.0,0.0,0.0,0
engine_step_start,1780280881.7130582,1780280881.7130582,1780280881.7251623,12.104034423828125,decode,0,0,451640,0.0,0.0,0.0,0.0,0.0,0
engine_step_start,1780280881.7251756,1780280881.7251756,1780280881.737581,12.4053955078125,decode,0,0,451640,0.0,0.0,0.0,0.0,0.0,0
engine_step_start,1780280881.7252007,1780280881.7252007,1780280881.7375038,12.30311393737793,decode,1,0,451641,0.0,0.0,0.0,0.0,0.0,0
engine_step_start,1780280881.73752,1780280881.73752,1780280881.749653,12.133121490478516,decode,1,0,451641,13.615608215332031,1.122185105128709,9.691476821899414,0.7987620357634113,1.4049054097271765,2
engine_step_start,1780280881.7376056,1780280881.7376056,1780280881.7497864,12.180805206298828,decode,0,0,451640,13.748884201049805,1.1287336073595615,9.824752807617188,0.8065766294773928,1.3994127353911863,2
engine_step_start,1780280881.7496662,1780280881.7496662,1780280881.7724066,22.74036407470703,decode,1,0,451641,22.74036407470703,1.0,22.74036407470703,1.0,1.0,1
engine_step_start,1780280881.749799,1780280881.749799,1780280881.7725258,22.726774215698242,decode,0,0,451640,22.726774215698242,1.0,22.726774215698242,1.0,1.0,1
engine_step_start,1780280881.7724192,1780280881.7724192,1780280881.7847266,12.307405471801758,decode,1,0,451641,12.688398361206055,1.0309563937157358,7.591485977172852,0.6168226109529068,1.6713985113532865,2
engine_step_start,1780280881.7725396,1780280881.7725396,1780280881.7847028,12.163162231445312,decode,0,0,451640,12.567996978759766,1.0332836757095814,7.4710845947265625,0.6142386702211071,1.6822185345928007,2
engine_step_start,1780280881.784715,1780280881.784715,1780280881.796974,12.25900650024414,decode,0,0,451640,0.0,0.0,0.0,0.0,0.0,0
engine_step_start,1780280881.7847402,1780280881.7847402,1780280881.7968936,12.153387069702148,decode,1,0,451641,0.0,0.0,0.0,0.0,0.0,0
engine_step_start,1780280881.7968988,1780280881.7968988,1780280881.809228,12.3291015625,decode,1,0,451641,0.0,0.0,0.0,0.0,0.0,0
engine_step_start,1780280881.7969794,1780280881.7969794,1780280881.809211,12.231588363647461,decode,0,0,451640,0.0,0.0,0.0,0.0,0.0,0
engine_step_start,1780280881.809217,1780280881.809217,1780280881.8213587,12.141704559326172,decode,0,0,451640,0.0,0.0,0.0,0.0,0.0,0
engine_step_start,1780280881.8092413,1780280881.8092413,1780280881.821287,12.045621871948242,decode,1,0,451641,0.0,0.0,0.0,0.0,0.0,0
engine_step_start,1780280881.821293,1780280881.821293,1780280881.8333263,12.033224105834961,decode,1,0,451641,0.0,0.0,0.0,0.0,0.0,0
engine_step_start,1780280881.8213656,1780280881.8213656,1780280881.8333995,12.033939361572266,decode,0,0,451640,0.0,0.0,0.0,0.0,0.0,0
engine_step_start,1780280881.8333313,1780280881.8333313,1780280881.8455067,12.175321578979492,decode,1,0,451641,0.0,0.0,0.0,0.0,0.0,0
engine_step_start,1780280881.8334062,1780280881.8334062,1780280881.8454776,12.071371078491211,decode,0,0,451640,0.0,0.0,0.0,0.0,0.0,0
engine_step_start,1780280881.8454833,1780280881.8454833,1780280881.8577044,12.221097946166992,decode,0,0,451640,0.0,0.0,0.0,0.0,0.0,0
engine_step_start,1780280881.845512,1780280881.845512,1780280881.8576677,12.155771255493164,decode,1,0,451641,0.0,0.0,0.0,0.0,0.0,0
engine_step_start,1780280881.857673,1780280881.857673,1780280881.8698847,12.211799621582031,decode,1,0,451641,0.0,0.0,0.0,0.0,0.0,0
engine_step_start,1780280881.8577106,1780280881.8577106,1780280881.869858,12.14742660522461,decode,0,0,451640,0.0,0.0,0.0,0.0,0.0,0
engine_step_start,1780280881.869864,1780280881.869864,1780280881.8820925,12.22848892211914,decode,0,0,451640,0.0,0.0,0.0,0.0,0.0,0
engine_step_start,1780280881.869891,1780280881.869891,1780280881.8820934,12.20250129699707,decode,1,0,451641,0.0,0.0,0.0,0.0,0.0,0
engine_step_start,1780280881.8820977,1780280881.8820977,1780280881.894324,12.226343154907227,decode,1,0,451641,0.0,0.0,0.0,0.0,0.0,0
engine_step_start,1780280881.8820982,1780280881.8820982,1780280881.8942955,12.197256088256836,decode,0,0,451640,0.0,0.0,0.0,0.0,0.0,0
engine_step_start,1780280881.894302,1780280881.894302,1780280881.9065726,12.270689010620117,decode,0,0,451640,0.0,0.0,0.0,0.0,0.0,0
engine_step_start,1780280881.8943288,1780280881.8943288,1780280881.906604,12.275218963623047,decode,1,0,451641,0.0,0.0,0.0,0.0,0.0,0
engine_step_start,1780280881.9065785,1780280881.9065785,1780280881.918804,12.22538948059082,decode,0,0,451640,0.0,0.0,0.0,0.0,0.0,0
engine_step_start,1780280881.9066086,1780280881.9066086,1780280881.9188285,12.219905853271484,decode,1,0,451641,0.0,0.0,0.0,0.0,0.0,0
engine_step_start,1780280881.9188101,1780280881.9188101,1780280881.9312506,12.44044303894043,decode,0,0,451640,0.0,0.0,0.0,0.0,0.0,0
engine_step_start,1780280881.9188328,1780280881.9188328,1780280881.9311907,12.357950210571289,decode,1,0,451641,0.0,0.0,0.0,0.0,0.0,0
engine_step_start,1780280881.9311962,1780280881.9311962,1780280881.9434156,12.219429016113281,decode,1,0,451641,0.0,0.0,0.0,0.0,0.0,0
engine_step_start,1780280881.931266,1780280881.931266,1780280881.94353,12.264013290405273,decode,0,0,451640,0.0,0.0,0.0,0.0,0.0,0
engine_step_start,1780280881.9434197,1780280881.9434197,1780280881.9557238,12.304067611694336,decode,1,0,451641,9.768009185791016,0.7938845505454687,9.768009185791016,0.7938845505454687,1.0,1
engine_step_start,1780280881.9435458,1780280881.9435458,1780280881.9558256,12.279748916625977,decode,0,0,451640,9.869813919067383,0.8037472090088341,9.869813919067383,0.8037472090088341,1.0,1
engine_step_start,1780280881.9557283,1780280881.9557283,1780280881.9680521,12.323856353759766,decode,1,0,451641,12.323856353759766,1.0,12.323856353759766,1.0,1.0,1
engine_step_start,1780280881.9558394,1780280881.9558394,1780280881.968212,12.372493743896484,decode,0,0,451640,12.372493743896484,1.0,12.372493743896484,1.0,1.0,1
engine_step_start,1780280881.9680564,1780280881.9680564,1780280881.980379,12.322664260864258,decode,1,0,451641,2.5513172149658203,0.20704266228112606,2.5513172149658203,0.20704266228112606,1.0,1
engine_step_start,1780280881.9682207,1780280881.9682207,1780280881.9804513,12.230634689331055,decode,0,0,451640,2.3870468139648438,0.19516949648141288,2.3870468139648438,0.19516949648141288,1.0,1
engine_step_start,1780280881.9808593,1780280881.9808593,1780280881.9927874,11.928081512451172,decode,0,0,451640,0.0,0.0,0.0,0.0,0.0,0
engine_step_start,1780280881.980875,1780280881.980875,1780280881.992665,11.790037155151367,decode,1,0,451641,0.0,0.0,0.0,0.0,0.0,0
engine_step_start,1780280881.9926765,1780280881.9926765,1780280882.0050087,12.33220100402832,decode,1,0,451641,0.0,0.0,0.0,0.0,0.0,0
engine_step_start,1780280881.9927936,1780280881.9927936,1780280882.005119,12.325525283813477,decode,0,0,451640,0.0,0.0,0.0,0.0,0.0,0
engine_step_start,1780280882.005013,1780280882.005013,1780280882.017317,12.304067611694336,decode,1,0,451641,0.0,0.0,0.0,0.0,0.0,0
engine_step_start,1780280882.0051358,1780280882.0051358,1780280882.017351,12.215137481689453,decode,0,0,451640,0.0,0.0,0.0,0.0,0.0,0
engine_step_start,1780280882.017322,1780280882.017322,1780280882.029586,12.264013290405273,decode,1,0,451641,0.0,0.0,0.0,0.0,0.0,0
engine_step_start,1780280882.0173573,1780280882.0173573,1780280882.0295863,12.228965759277344,decode,0,0,451640,0.0,0.0,0.0,0.0,0.0,0
engine_step_start,1780280882.0295923,1780280882.0295923,1780280882.0419996,12.407302856445312,decode,0,0,451640,0.0,0.0,0.0,0.0,0.0,0
engine_step_start,1780280882.029597,1780280882.029597,1780280882.0418286,12.231588363647461,decode,1,0,451641,0.0,0.0,0.0,0.0,0.0,0
engine_step_start,1780280882.041833,1780280882.041833,1780280882.0540593,12.226343154907227,decode,1,0,451641,0.0,0.0,0.0,0.0,0.0,0
engine_step_start,1780280882.0420053,1780280882.0420053,1780280882.054133,12.12763786315918,decode,0,0,451640,0.0,0.0,0.0,0.0,0.0,0
engine_step_start,1780280882.0540648,1780280882.0540648,1780280882.066297,12.232303619384766,decode,1,0,451641,0.0,0.0,0.0,0.0,0.0,0
engine_step_start,1780280882.0541387,1780280882.0541387,1780280882.0663831,12.244462966918945,decode,0,0,451640,0.0,0.0,0.0,0.0,0.0,0
engine_step_start,1780280882.0663013,1780280882.0663013,1780280882.0785778,12.276411056518555,decode,1,0,451641,0.0,0.0,0.0,0.0,0.0,0
engine_step_start,1780280882.0663888,1780280882.0663888,1780280882.0786674,12.278556823730469,decode,0,0,451640,0.0,0.0,0.0,0.0,0.0,0
engine_step_start,1780280882.0785828,1780280882.0785828,1780280882.090794,12.211322784423828,decode,1,0,451641,0.0,0.0,0.0,0.0,0.0,0
engine_step_start,1780280882.0786734,1780280882.0786734,1780280882.0909567,12.2833251953125,decode,0,0,451640,0.0,0.0,0.0,0.0,0.0,0
engine_step_start,1780280882.0907989,1780280882.0907989,1780280882.103011,12.212038040161133,decode,1,0,451641,2.9790401458740234,0.24394291403916363,2.9790401458740234,0.24394291403916363,1.0,1
engine_step_start,1780280882.090973,1780280882.090973,1780280882.1030445,12.071609497070312,decode,0,0,451640,2.9790401458740234,0.24678069205245695,2.9790401458740234,0.24678069205245695,1.0,1
engine_step_start,1780280882.1030252,1780280882.1030252,1780280882.115267,12.241840362548828,decode,1,0,451641,3.8230419158935547,0.31229307054103533,3.8230419158935547,0.31229307054103533,1.0,1
engine_step_start,1780280882.103058,1780280882.103058,1780280882.1152892,12.231111526489258,decode,0,0,451640,3.8230419158935547,0.31256700649110153,3.8230419158935547,0.31256700649110153,1.0,1
engine_step_start,1780280882.1152775,1780280882.1152775,1780280882.1274462,12.168645858764648,decode,1,0,451641,0.0,0.0,0.0,0.0,0.0,0
engine_step_start,1780280882.1152956,1780280882.1152956,1780280882.127477,12.181282043457031,decode,0,0,451640,0.0,0.0,0.0,0.0,0.0,0
engine_step_start,1780280882.1274505,1780280882.1274505,1780280882.1397474,12.296915054321289,decode,1,0,451641,0.0,0.0,0.0,0.0,0.0,0
engine_step_start,1780280882.1274898,1780280882.1274898,1780280882.13971,12.220144271850586,decode,0,0,451640,0.0,0.0,0.0,0.0,0.0,0
engine_step_start,1780280882.139716,1780280882.139716,1780280882.152006,12.290000915527344,decode,0,0,451640,0.0,0.0,0.0,0.0,0.0,0
engine_step_start,1780280882.1397576,1780280882.1397576,1780280882.1519816,12.223958969116211,decode,1,0,451641,0.0,0.0,0.0,0.0,0.0,0
engine_step_start,1780280882.1519866,1780280882.1519866,1780280882.164354,12.367486953735352,decode,1,0,451641,0.0,0.0,0.0,0.0,0.0,0
engine_step_start,1780280882.152012,1780280882.152012,1780280882.1643305,12.31837272644043,decode,0,0,451640,0.0,0.0,0.0,0.0,0.0,0
engine_step_start,1780280882.1643448,1780280882.1643448,1780280882.176765,12.420177459716797,decode,0,0,451640,0.0,0.0,0.0,0.0,0.0,0
engine_step_start,1780280882.1643589,1780280882.1643589,1780280882.176685,12.326240539550781,decode,1,0,451641,0.0,0.0,0.0,0.0,0.0,0
engine_step_start,1780280882.17669,1780280882.17669,1780280882.1889842,12.29405403137207,decode,1,0,451641,0.0,0.0,0.0,0.0,0.0,0
engine_step_start,1780280882.1767707,1780280882.1767707,1780280882.1890516,12.280941009521484,decode,0,0,451640,0.0,0.0,0.0,0.0,0.0,0
engine_step_start,1780280882.1889913,1780280882.1889913,1780280882.2013078,12.316465377807617,decode,1,0,451641,0.0,0.0,0.0,0.0,0.0,0
engine_step_start,1780280882.1890574,1780280882.1890574,1780280882.201411,12.353658676147461,decode,0,0,451640,0.0,0.0,0.0,0.0,0.0,0
engine_step_start,1780280882.2013135,1780280882.2013135,1780280882.213559,12.245416641235352,decode,1,0,451641,5.212068557739258,0.425634236093534,5.212068557739258,0.425634236093534,1.0,1
engine_step_start,1780280882.201427,1780280882.201427,1780280882.2135668,12.13979721069336,decode,0,0,451640,5.212068557739258,0.42933736596095684,5.212068557739258,0.42933736596095684,1.0,1
engine_step_start,1780280882.213564,1780280882.213564,1780280882.2258103,12.246370315551758,decode,1,0,451641,0.0,0.0,0.0,0.0,0.0,0
engine_step_start,1780280882.2135804,1780280882.2135804,1780280882.2258942,12.3138427734375,decode,0,0,451640,0.0,0.0,0.0,0.0,0.0,0
engine_step_start,1780280882.225827,1780280882.225827,1780280882.238114,12.287139892578125,decode,1,0,451641,9.86337661743164,0.8027398323502019,9.86337661743164,0.8027398323502019,1.0,1
engine_step_start,1780280882.2259002,1780280882.2259002,1780280882.2381604,12.260198593139648,decode,0,0,451640,9.909629821777344,0.8082764521712075,9.909629821777344,0.8082764521712075,1.0,1
engine_step_start,1780280882.2381268,1780280882.2381268,1780280882.2504897,12.362957000732422,decode,1,0,451641,2.3450851440429688,0.18968642727658425,2.3450851440429688,0.18968642727658425,1.0,1
engine_step_start,1780280882.2381735,1780280882.2381735,1780280882.2505538,12.380361557006836,decode,0,0,451640,2.2983551025390625,0.18564523273056407,2.2983551025390625,0.18564523273056407,1.0,1
engine_step_start,1780280882.2504961,1780280882.2504961,1780280882.2629194,12.423276901245117,decode,1,0,451641,9.847879409790039,0.7926957990289213,9.847879409790039,0.7926957990289213,1.0,1
engine_step_start,1780280882.250569,1780280882.250569,1780280882.262998,12.428998947143555,decode,0,0,451640,9.926557540893555,0.7986610653929523,9.926557540893555,0.7986610653929523,1.0,1
engine_step_start,1780280882.2629385,1780280882.2629385,1780280882.2751749,12.236356735229492,decode,1,0,451641,13.573408126831055,1.109268748904,12.236356735229492,1.0,1.109268748904,2
engine_step_start,1780280882.2630122,1780280882.2630122,1780280882.27533,12.317895889282227,decode,0,0,451640,13.654947280883789,1.108545436949579,12.317895889282227,1.0,1.108545436949579,2
engine_step_start,1780280882.2751896,1780280882.2751896,1780280882.2876854,12.495756149291992,decode,1,0,451641,15.464544296264648,1.2375837133426189,12.495756149291992,1.0,1.2375837133426189,2
engine_step_start,1780280882.2753534,1780280882.2753534,1780280882.2876527,12.299299240112305,decode,0,0,451640,15.268087387084961,1.2413786419059065,12.299299240112305,1.0,1.2413786419059065,2
engine_step_start,1780280882.2876658,1780280882.2876658,1780280882.2999494,12.283563613891602,decode,0,0,451640,2.549886703491211,0.2075852564973506,2.549886703491211,0.2075852564973506,1.0,1
engine_step_start,1780280882.2876914,1780280882.2876914,1780280882.299839,12.147665023803711,decode,1,0,451641,2.5243759155273438,0.20780750132480227,2.5243759155273438,0.20780750132480227,1.0,1
engine_step_start,1780280882.2998486,1780280882.2998486,1780280882.3121269,12.278318405151367,decode,1,0,451641,0.0,0.0,0.0,0.0,0.0,0
engine_step_start,1780280882.299956,1780280882.299956,1780280882.3122811,12.325048446655273,decode,0,0,451640,0.0,0.0,0.0,0.0,0.0,0
engine_step_start,1780280882.312132,1780280882.312132,1780280882.3245285,12.396574020385742,decode,1,0,451641,0.0,0.0,0.0,0.0,0.0,0
engine_step_start,1780280882.3123,1780280882.3123,1780280882.324485,12.185096740722656,decode,0,0,451640,0.0,0.0,0.0,0.0,0.0,0
engine_step_start,1780280882.3244998,1780280882.3244998,1780280882.336796,12.296199798583984,decode,0,0,451640,3.779888153076172,0.3074029549773141,3.779888153076172,0.3074029549773141,1.0,1
engine_step_start,1780280882.3245509,1780280882.3245509,1780280882.3367279,12.176990509033203,decode,1,0,451641,3.779888153076172,0.31041234287504404,3.779888153076172,0.31041234287504404,1.0,1
engine_step_start,1780280882.3367376,1780280882.3367376,1780280882.3491833,12.445688247680664,decode,1,0,451641,0.0,0.0,0.0,0.0,0.0,0
engine_step_start,1780280882.336802,1780280882.336802,1780280882.349177,12.3748779296875,decode,0,0,451640,0.0,0.0,0.0,0.0,0.0,0
engine_step_start,1780280882.3491833,1780280882.3491833,1780280882.361471,12.287616729736328,decode,0,0,451640,0.0,0.0,0.0,0.0,0.0,0
engine_step_start,1780280882.3491888,1780280882.3491888,1780280882.3614402,12.25137710571289,decode,1,0,451641,0.0,0.0,0.0,0.0,0.0,0
engine_step_start,1780280882.3614552,1780280882.3614552,1780280882.3738198,12.364625930786133,decode,1,0,451641,9.947061538696289,0.8044773529241627,9.947061538696289,0.8044773529241627,1.0,1
engine_step_start,1780280882.3614876,1780280882.3614876,1780280882.3738828,12.395143508911133,decode,0,0,451640,10.010004043579102,0.807574679259074,10.010004043579102,0.807574679259074,1.0,1
engine_step_start,1780280882.3743267,1780280882.3743267,1780280882.3861716,11.844873428344727,decode,0,0,451640,3.749847412109375,0.31657977898995593,3.512859344482422,0.2965721301906161,1.0674630107234966,2
engine_step_start,1780280882.37436,1780280882.37436,1780280882.3861952,11.835098266601562,decode,1,0,451641,3.7164688110351562,0.3140209508460919,3.479480743408203,0.2939967767929089,1.068110182266685,2
engine_step_start,1780280882.386178,1780280882.386178,1780280882.3984425,12.264490127563477,decode,0,0,451640,0.0,0.0,0.0,0.0,0.0,0
engine_step_start,1780280882.3862078,1780280882.3862078,1780280882.3984063,12.198448181152344,decode,1,0,451641,0.0,0.0,0.0,0.0,0.0,0
engine_step_start,1780280882.3984103,1780280882.3984103,1780280882.4106653,12.254953384399414,decode,1,0,451641,0.0,0.0,0.0,0.0,0.0,0
engine_step_start,1780280882.3984485,1780280882.3984485,1780280882.4107485,12.30001449584961,decode,0,0,451640,0.0,0.0,0.0,0.0,0.0,0
engine_step_start,1780280882.4106755,1780280882.4106755,1780280882.4231634,12.48788833618164,decode,1,0,451641,0.0,0.0,0.0,0.0,0.0,0
engine_step_start,1780280882.4107633,1780280882.4107633,1780280882.4231586,12.395381927490234,decode,0,0,451640,0.0,0.0,0.0,0.0,0.0,0
engine_step_start,1780280882.423173,1780280882.423173,1780280882.4354625,12.28952407836914,decode,0,0,451640,2.585887908935547,0.2104139991463935,2.585887908935547,0.2104139991463935,1.0,1
engine_step_start,1780280882.4231782,1780280882.4231782,1780280882.435477,12.298822402954102,decode,1,0,451641,2.585887908935547,0.21025491906561986,2.585887908935547,0.21025491906561986,1.0,1
engine_step_start,1780280882.4354684,1780280882.4354684,1780280882.4478254,12.356996536254883,decode,0,0,451640,0.0,0.0,0.0,0.0,0.0,0
engine_step_start,1780280882.4354887,1780280882.4354887,1780280882.4477715,12.282848358154297,decode,1,0,451641,0.0,0.0,0.0,0.0,0.0,0
engine_step_start,1780280882.4477763,1780280882.4477763,1780280882.4600565,12.28022575378418,decode,1,0,451641,0.0,0.0,0.0,0.0,0.0,0
engine_step_start,1780280882.4478343,1780280882.4478343,1780280882.4601095,12.275218963623047,decode,0,0,451640,0.0,0.0,0.0,0.0,0.0,0
engine_step_start,1780280882.4600685,1780280882.4600685,1780280882.4723957,12.327194213867188,decode,1,0,451641,0.0,0.0,0.0,0.0,0.0,0
engine_step_start,1780280882.4601192,1780280882.4601192,1780280882.4725788,12.459516525268555,decode,0,0,451640,0.0,0.0,0.0,0.0,0.0,0
engine_step_start,1780280882.472402,1780280882.472402,1780280882.4847832,12.38107681274414,decode,1,0,451641,0.0,0.0,0.0,0.0,0.0,0
engine_step_start,1780280882.4725885,1780280882.4725885,1780280882.4848628,12.27426528930664,decode,0,0,451640,0.0,0.0,0.0,0.0,0.0,0
engine_step_start,1780280882.4847906,1780280882.4847906,1780280882.4972243,12.433767318725586,decode,1,0,451641,0.0,0.0,0.0,0.0,0.0,0
engine_step_start,1780280882.4848702,1780280882.4848702,1780280882.497185,12.314796447753906,decode,0,0,451640,0.0,0.0,0.0,0.0,0.0,0
engine_step_start,1780280882.4971948,1780280882.4971948,1780280882.509492,12.29715347290039,decode,0,0,451640,0.0,0.0,0.0,0.0,0.0,0
engine_step_start,1780280882.4972396,1780280882.4972396,1780280882.5093284,12.088775634765625,decode,1,0,451641,0.0,0.0,0.0,0.0,0.0,0
engine_step_start,1780280882.5093327,1780280882.5093327,1780280882.521674,12.34126091003418,decode,1,0,451641,0.0,0.0,0.0,0.0,0.0,0
engine_step_start,1780280882.5095017,1780280882.5095017,1780280882.5217624,12.260675430297852,decode,0,0,451640,0.0,0.0,0.0,0.0,0.0,0
engine_step_start,1780280882.5216799,1780280882.5216799,1780280882.5339377,12.257814407348633,decode,1,0,451641,0.0,0.0,0.0,0.0,0.0,0
engine_step_start,1780280882.5217695,1780280882.5217695,1780280882.5339708,12.201309204101562,decode,0,0,451640,0.0,0.0,0.0,0.0,0.0,0
engine_step_start,1780280882.533943,1780280882.533943,1780280882.5463476,12.404680252075195,decode,1,0,451641,0.0,0.0,0.0,0.0,0.0,0
engine_step_start,1780280882.533977,1780280882.533977,1780280882.5463774,12.400388717651367,decode,0,0,451640,0.0,0.0,0.0,0.0,0.0,0
engine_step_start,1780280882.5463524,1780280882.5463524,1780280882.5588243,12.471914291381836,decode,1,0,451641,0.0,0.0,0.0,0.0,0.0,0
engine_step_start,1780280882.546385,1780280882.546385,1780280882.5587635,12.378454208374023,decode,0,0,451640,0.0,0.0,0.0,0.0,0.0,0
engine_step_start,1780280882.558778,1780280882.558778,1780280882.57112,12.341976165771484,decode,0,0,451640,0.0,0.0,0.0,0.0,0.0,0
engine_step_start,1780280882.5588317,1780280882.5588317,1780280882.5709739,12.142181396484375,decode,1,0,451641,0.0,0.0,0.0,0.0,0.0,0
engine_step_start,1780280882.5709789,1780280882.5709789,1780280882.5835154,12.53652572631836,decode,1,0,451641,0.0,0.0,0.0,0.0,0.0,0
engine_step_start,1780280882.5711262,1780280882.5711262,1780280882.5833213,12.195110321044922,decode,0,0,451640,0.0,0.0,0.0,0.0,0.0,0
engine_step_start,1780280882.5833278,1780280882.5833278,1780280882.595608,12.28022575378418,decode,0,0,451640,0.0,0.0,0.0,0.0,0.0,0
engine_step_start,1780280882.583536,1780280882.583536,1780280882.595652,12.116193771362305,decode,1,0,451641,0.0,0.0,0.0,0.0,0.0,0
engine_step_start,1780280882.5956142,1780280882.5956142,1780280882.6078544,12.240171432495117,decode,0,0,451640,0.0,0.0,0.0,0.0,0.0,0
engine_step_start,1780280882.5956576,1780280882.5956576,1780280882.607899,12.241363525390625,decode,1,0,451641,0.0,0.0,0.0,0.0,0.0,0
engine_step_start,1780280882.6078608,1780280882.6078608,1780280882.6201205,12.259721755981445,decode,0,0,451640,0.0,0.0,0.0,0.0,0.0,0
engine_step_start,1780280882.607905,1780280882.607905,1780280882.620133,12.228012084960938,decode,1,0,451641,0.0,0.0,0.0,0.0,0.0,0
engine_step_start,1780280882.620127,1780280882.620127,1780280882.6323903,12.263298034667969,decode,0,0,451640,0.0,0.0,0.0,0.0,0.0,0
engine_step_start,1780280882.6201391,1780280882.6201391,1780280882.6323757,12.236595153808594,decode,1,0,451641,0.0,0.0,0.0,0.0,0.0,0
engine_step_start,1780280882.6323855,1780280882.6323855,1780280882.6447175,12.331962585449219,decode,1,0,451641,2.9039382934570312,0.2354806279483412,2.9039382934570312,0.2354806279483412,1.0,1
engine_step_start,1780280882.632408,1780280882.632408,1780280882.6447062,12.298345565795898,decode,0,0,451640,2.9039382934570312,0.23612430451893066,2.9039382934570312,0.23612430451893066,1.0,1
engine_step_start,1780280882.644721,1780280882.644721,1780280882.657122,12.40086555480957,decode,0,0,451640,0.0,0.0,0.0,0.0,0.0,0
engine_step_start,1780280882.6447246,1780280882.6447246,1780280882.6569417,12.217044830322266,decode,1,0,451641,0.0,0.0,0.0,0.0,0.0,0
engine_step_start,1780280882.6569476,1780280882.6569476,1780280882.669234,12.28642463684082,decode,1,0,451641,0.0,0.0,0.0,0.0,0.0,0
engine_step_start,1780280882.6571307,1780280882.6571307,1780280882.6694312,12.300491333007812,decode,0,0,451640,0.0,0.0,0.0,0.0,0.0,0
engine_step_start,1780280882.6692455,1780280882.6692455,1780280882.681646,12.400627136230469,decode,1,0,451641,0.0,0.0,0.0,0.0,0.0,0
engine_step_start,1780280882.669449,1780280882.669449,1780280882.6816134,12.16435432434082,decode,0,0,451640,0.0,0.0,0.0,0.0,0.0,0
engine_step_start,1780280882.6816206,1780280882.6816206,1780280882.6939602,12.339591979980469,decode,0,0,451640,0.0,0.0,0.0,0.0,0.0,0
engine_step_start,1780280882.6816516,1780280882.6816516,1780280882.6938682,12.216567993164062,decode,1,0,451641,0.0,0.0,0.0,0.0,0.0,0
engine_step_start,1780280882.6938841,1780280882.6938841,1780280882.706134,12.249946594238281,decode,1,0,451641,1.9888877868652344,0.16235889451148305,1.9888877868652344,0.16235889451148305,1.0,1
engine_step_start,1780280882.6939747,1780280882.6939747,1780280882.706193,12.218236923217773,decode,0,0,451640,1.9888877868652344,0.16278026030792048,1.9888877868652344,0.16278026030792048,1.0,1
engine_step_start,1780280882.7061467,1780280882.7061467,1780280882.718563,12.416362762451172,decode,1,0,451641,0.0,0.0,0.0,0.0,0.0,0
engine_step_start,1780280882.7061992,1780280882.7061992,1780280882.7184849,12.285709381103516,decode,0,0,451640,0.0,0.0,0.0,0.0,0.0,0
engine_step_start,1780280882.7184908,1780280882.7184908,1780280882.730782,12.291193008422852,decode,0,0,451640,0.0,0.0,0.0,0.0,0.0,0
engine_step_start,1780280882.7185743,1780280882.7185743,1780280882.7306826,12.108325958251953,decode,1,0,451641,0.0,0.0,0.0,0.0,0.0,0
engine_step_start,1780280882.730694,1780280882.730694,1780280882.7429628,12.268781661987305,decode,1,0,451641,0.0,0.0,0.0,0.0,0.0,0
engine_step_start,1780280882.7307959,1780280882.7307959,1780280882.7429478,12.151956558227539,decode,0,0,451640,0.0,0.0,0.0,0.0,0.0,0
engine_step_start,1780280882.742954,1780280882.742954,1780280882.755106,12.151956558227539,decode,0,0,451640,0.0,0.0,0.0,0.0,0.0,0
engine_step_start,1780280882.742968,1780280882.742968,1780280882.7550569,12.088775634765625,decode,1,0,451641,0.0,0.0,0.0,0.0,0.0,0
engine_step_start,1780280882.7550652,1780280882.7550652,1780280882.7672515,12.186288833618164,decode,1,0,451641,0.0,0.0,0.0,0.0,0.0,0
engine_step_start,1780280882.7551122,1780280882.7551122,1780280882.7673109,12.198686599731445,decode,0,0,451640,0.0,0.0,0.0,0.0,0.0,0
engine_step_start,1780280882.7677314,1780280882.7677314,1780280882.7795167,11.785268783569336,decode,0,0,451640,0.0,0.0,0.0,0.0,0.0,0
engine_step_start,1780280882.7677422,1780280882.7677422,1780280882.779515,11.772871017456055,decode,1,0,451641,0.0,0.0,0.0,0.0,0.0,0
engine_step_start,1780280882.7795217,1780280882.7795217,1780280882.7917535,12.231826782226562,decode,1,0,451641,0.0,0.0,0.0,0.0,0.0,0
engine_step_start,1780280882.779523,1780280882.779523,1780280882.7917824,12.259483337402344,decode,0,0,451640,0.0,0.0,0.0,0.0,0.0,0
engine_step_start,1780280882.791758,1780280882.791758,1780280882.8040116,12.253522872924805,decode,1,0,451641,0.0,0.0,0.0,0.0,0.0,0
engine_step_start,1780280882.7917888,1780280882.7917888,1780280882.8040943,12.305498123168945,decode,0,0,451640,0.0,0.0,0.0,0.0,0.0,0
engine_step_start,1780280882.804016,1780280882.804016,1780280882.8162518,12.235641479492188,decode,1,0,451641,0.0,0.0,0.0,0.0,0.0,0
engine_step_start,1780280882.8041005,1780280882.8041005,1780280882.8163064,12.205839157104492,decode,0,0,451640,0.0,0.0,0.0,0.0,0.0,0
engine_step_start,1780280882.8162572,1780280882.8162572,1780280882.82839,12.132644653320312,decode,1,0,451641,0.0,0.0,0.0,0.0,0.0,0
engine_step_start,1780280882.8163123,1780280882.8163123,1780280882.8284936,12.181282043457031,decode,0,0,451640,0.0,0.0,0.0,0.0,0.0,0
engine_step_start,1780280882.8283942,1780280882.8283942,1780280882.840502,12.10784912109375,decode,1,0,451641,0.0,0.0,0.0,0.0,0.0,0
engine_step_start,1780280882.8284998,1780280882.8284998,1780280882.8405623,12.062549591064453,decode,0,0,451640,0.0,0.0,0.0,0.0,0.0,0
engine_step_start,1780280882.8405063,1780280882.8405063,1780280882.8527334,12.227058410644531,decode,1,0,451641,0.0,0.0,0.0,0.0,0.0,0
engine_step_start,1780280882.840568,1780280882.840568,1780280882.8527174,12.149333953857422,decode,0,0,451640,0.0,0.0,0.0,0.0,0.0,0
engine_step_start,1780280882.8527236,1780280882.8527236,1780280882.864931,12.207508087158203,decode,0,0,451640,0.0,0.0,0.0,0.0,0.0,0
engine_step_start,1780280882.852738,1780280882.852738,1780280882.8649366,12.198686599731445,decode,1,0,451641,0.0,0.0,0.0,0.0,0.0,0
engine_step_start,1780280882.8649368,1780280882.8649368,1780280882.8771877,12.250900268554688,decode,0,0,451640,0.0,0.0,0.0,0.0,0.0,0
engine_step_start,1780280882.8649435,1780280882.8649435,1780280882.877053,12.109518051147461,decode,1,0,451641,0.0,0.0,0.0,0.0,0.0,0
engine_step_start,1780280882.8770573,1780280882.8770573,1780280882.889421,12.363672256469727,decode,1,0,451641,0.0,0.0,0.0,0.0,0.0,0
engine_step_start,1780280882.877194,1780280882.877194,1780280882.889511,12.317180633544922,decode,0,0,451640,0.0,0.0,0.0,0.0,0.0,0
engine_step_start,1780280882.8894255,1780280882.8894255,1780280882.9016817,12.256145477294922,decode,1,0,451641,0.0,0.0,0.0,0.0,0.0,0
engine_step_start,1780280882.8895173,1780280882.8895173,1780280882.9017584,12.241125106811523,decode,0,0,451640,0.0,0.0,0.0,0.0,0.0,0
engine_step_start,1780280882.9016857,1780280882.9016857,1780280882.9140441,12.358427047729492,decode,1,0,451641,0.0,0.0,0.0,0.0,0.0,0
engine_step_start,1780280882.9017646,1780280882.9017646,1780280882.914069,12.304306030273438,decode,0,0,451640,0.0,0.0,0.0,0.0,0.0,0
engine_step_start,1780280882.914048,1780280882.914048,1780280882.9263222,12.27426528930664,decode,1,0,451641,0.0,0.0,0.0,0.0,0.0,0
engine_step_start,1780280882.9140747,1780280882.9140747,1780280882.9262576,12.182950973510742,decode,0,0,451640,0.0,0.0,0.0,0.0,0.0,0
engine_step_start,1780280882.9262633,1780280882.9262633,1780280882.93858,12.316703796386719,decode,0,0,451640,0.0,0.0,0.0,0.0,0.0,0
engine_step_start,1780280882.9263268,1780280882.9263268,1780280882.9386125,12.285709381103516,decode,1,0,451641,0.0,0.0,0.0,0.0,0.0,0
engine_step_start,1780280882.9385858,1780280882.9385858,1780280882.9508865,12.300729751586914,decode,0,0,451640,5.631923675537109,0.45785280948965945,5.631923675537109,0.45785280948965945,1.0,1
engine_step_start,1780280882.93863,1780280882.93863,1780280882.950789,12.158870697021484,decode,1,0,451641,5.631923675537109,0.46319463508372877,5.631923675537109,0.46319463508372877,1.0,1
engine_step_start,1780280882.9508,1780280882.9508,1780280882.96317,12.370109558105469,decode,1,0,451641,0.0,0.0,0.0,0.0,0.0,0
engine_step_start,1780280882.9508932,1780280882.9508932,1780280882.9631839,12.290716171264648,decode,0,0,451640,0.0,0.0,0.0,0.0,0.0,0
engine_step_start,1780280882.9631746,1780280882.9631746,1780280882.9754333,12.258768081665039,decode,1,0,451641,0.0,0.0,0.0,0.0,0.0,0
engine_step_start,1780280882.9631894,1780280882.9631894,1780280882.9755385,12.349128723144531,decode,0,0,451640,0.0,0.0,0.0,0.0,0.0,0
engine_step_start,1780280882.9754434,1780280882.9754434,1780280882.987736,12.292623519897461,decode,1,0,451641,0.0,0.0,0.0,0.0,0.0,0
engine_step_start,1780280882.9755442,1780280882.9755442,1780280882.987811,12.266874313354492,decode,0,0,451640,0.0,0.0,0.0,0.0,0.0,0
engine_step_start,1780280882.9877415,1780280882.9877415,1780280882.999948,12.206554412841797,decode,1,0,451641,6.2999725341796875,0.5161139106996367,6.2999725341796875,0.5161139106996367,1.0,1
engine_step_start,1780280882.9878285,1780280882.9878285,1780280883.0000093,12.180805206298828,decode,0,0,451640,6.2999725341796875,0.5172049324721081,6.2999725341796875,0.5172049324721081,1.0,1
engine_step_start,1780280882.9999537,1780280882.9999537,1780280883.0122244,12.270689010620117,decode,1,0,451641,0.0,0.0,0.0,0.0,0.0,0
engine_step_start,1780280883.0000234,1780280883.0000234,1780280883.012443,12.419700622558594,decode,0,0,451640,0.0,0.0,0.0,0.0,0.0,0
engine_step_start,1780280883.012229,1780280883.012229,1780280883.0245824,12.35342025756836,decode,1,0,451641,0.0,0.0,0.0,0.0,0.0,0
engine_step_start,1780280883.0124493,1780280883.0124493,1780280883.0246723,12.223005294799805,decode,0,0,451640,0.0,0.0,0.0,0.0,0.0,0
engine_step_start,1780280883.0245874,1780280883.0245874,1780280883.0368466,12.259244918823242,decode,1,0,451641,0.0,0.0,0.0,0.0,0.0,0
engine_step_start,1780280883.0246854,1780280883.0246854,1780280883.0370057,12.320280075073242,decode,0,0,451640,0.0,0.0,0.0,0.0,0.0,0
engine_step_start,1780280883.0368516,1780280883.0368516,1780280883.049257,12.4053955078125,decode,1,0,451641,0.0,0.0,0.0,0.0,0.0,0
engine_step_start,1780280883.0370197,1780280883.0370197,1780280883.0491636,12.143850326538086,decode,0,0,451640,0.0,0.0,0.0,0.0,0.0,0
engine_step_start,1780280883.0491695,1780280883.0491695,1780280883.0615022,12.332677841186523,decode,0,0,451640,0.0,0.0,0.0,0.0,0.0,0
engine_step_start,1780280883.0492694,1780280883.0492694,1780280883.0613904,12.120962142944336,decode,1,0,451641,0.0,0.0,0.0,0.0,0.0,0
engine_step_start,1780280883.0613952,1780280883.0613952,1780280883.0737805,12.385368347167969,decode,1,0,451641,0.0,0.0,0.0,0.0,0.0,0
engine_step_start,1780280883.0615082,1780280883.0615082,1780280883.0738356,12.327432632446289,decode,0,0,451640,0.0,0.0,0.0,0.0,0.0,0
engine_step_start,1780280883.0737858,1780280883.0737858,1780280883.085972,12.186288833618164,decode,1,0,451641,0.0,0.0,0.0,0.0,0.0,0
engine_step_start,1780280883.0738487,1780280883.0738487,1780280883.0860977,12.248992919921875,decode,0,0,451640,0.0,0.0,0.0,0.0,0.0,0
engine_step_start,1780280883.085977,1780280883.085977,1780280883.0983205,12.343406677246094,decode,1,0,451641,0.0,0.0,0.0,0.0,0.0,0
engine_step_start,1780280883.086104,1780280883.086104,1780280883.098255,12.151002883911133,decode,0,0,451640,0.0,0.0,0.0,0.0,0.0,0
engine_step_start,1780280883.098261,1780280883.098261,1780280883.1105618,12.300729751586914,decode,0,0,451640,0.0,0.0,0.0,0.0,0.0,0
engine_step_start,1780280883.0983286,1780280883.0983286,1780280883.1105645,12.235879898071289,decode,1,0,451641,0.0,0.0,0.0,0.0,0.0,0
engine_step_start,1780280883.1105673,1780280883.1105673,1780280883.1227221,12.154817581176758,decode,0,0,451640,0.0,0.0,0.0,0.0,0.0,0
engine_step_start,1780280883.1105723,1780280883.1105723,1780280883.1226764,12.104034423828125,decode,1,0,451641,0.0,0.0,0.0,0.0,0.0,0
engine_step_start,1780280883.122683,1780280883.122683,1780280883.1348302,12.147188186645508,decode,1,0,451641,0.0,0.0,0.0,0.0,0.0,0
engine_step_start,1780280883.1227286,1780280883.1227286,1780280883.1349304,12.201786041259766,decode,0,0,451640,0.0,0.0,0.0,0.0,0.0,0
engine_step_start,1780280883.1348367,1780280883.1348367,1780280883.1471345,12.297868728637695,decode,1,0,451641,0.0,0.0,0.0,0.0,0.0,0
engine_step_start,1780280883.134945,1780280883.134945,1780280883.1471758,12.230873107910156,decode,0,0,451640,0.0,0.0,0.0,0.0,0.0,0
engine_step_start,1780280883.1471522,1780280883.1471522,1780280883.1593208,12.168645858764648,decode,1,0,451641,3.1380653381347656,0.25788122808048747,3.1380653381347656,0.25788122808048747,1.0,1
engine_step_start,1780280883.1471822,1780280883.1471822,1780280883.1593294,12.147188186645508,decode,0,0,451640,3.1380653381347656,0.25833676814068973,3.1380653381347656,0.25833676814068973,1.0,1
engine_step_start,1780280883.1597683,1780280883.1597683,1780280883.1715925,11.82413101196289,decode,0,0,451640,0.0,0.0,0.0,0.0,0.0,0
engine_step_start,1780280883.159784,1780280883.159784,1780280883.1715946,11.810541152954102,decode,1,0,451641,0.0,0.0,0.0,0.0,0.0,0
engine_step_start,1780280883.1715994,1780280883.1715994,1780280883.18378,12.180566787719727,decode,1,0,451641,9.835243225097656,0.8074536593004364,9.835243225097656,0.8074536593004364,1.0,1
engine_step_start,1780280883.1716087,1780280883.1716087,1780280883.1838324,12.22372055053711,decode,0,0,451640,9.8876953125,0.8088940901111761,9.8876953125,0.8088940901111761,1.0,1
engine_step_start,1780280883.183792,1780280883.183792,1780280883.1962802,12.488126754760742,decode,1,0,451641,2.4394989013671875,0.19534546287634358,2.4394989013671875,0.19534546287634358,1.0,1
engine_step_start,1780280883.1838465,1780280883.1838465,1780280883.1964064,12.559890747070312,decode,0,0,451640,2.3851394653320312,0.18990129081245255,2.3851394653320312,0.18990129081245255,1.0,1
engine_step_start,1780280883.1962864,1780280883.1962864,1780280883.20853,12.243509292602539,decode,1,0,451641,9.547233581542969,0.779779175510681,9.547233581542969,0.779779175510681,1.0,1
engine_step_start,1780280883.19643,1780280883.19643,1780280883.2085254,12.095451354980469,decode,0,0,451640,9.542703628540039,0.788949775289758,9.542703628540039,0.788949775289758,1.0,1
engine_step_start,1780280883.2085354,1780280883.2085354,1780280883.2206647,12.12930679321289,decode,1,0,451641,12.12930679321289,1.0,12.12930679321289,1.0,1.0,1
engine_step_start,1780280883.2085407,1780280883.2085407,1780280883.220704,12.163400650024414,decode,0,0,451640,12.163400650024414,1.0,12.163400650024414,1.0,1.0,1
engine_step_start,1780280883.2206697,1780280883.2206697,1780280883.2328982,12.22848892211914,decode,1,0,451641,16.872644424438477,1.3797816338467537,12.22848892211914,1.0,1.3797816338467537,2
engine_step_start,1780280883.220726,1780280883.220726,1780280883.2328925,12.166500091552734,decode,0,0,451640,16.81065559387207,1.3817166372721927,12.166500091552734,1.0,1.3817166372721927,2
engine_step_start,1780280883.2329054,1780280883.2329054,1780280883.2451644,12.25900650024414,decode,0,0,451640,2.4652481079101562,0.20109689213893966,2.4652481079101562,0.20109689213893966,1.0,1
engine_step_start,1780280883.2329106,1780280883.2329106,1780280883.245147,12.236356735229492,decode,1,0,451641,2.460002899169922,0.20104046918535548,2.460002899169922,0.20104046918535548,1.0,1
engine_step_start,1780280883.2451627,1780280883.2451627,1780280883.2572458,12.083053588867188,decode,1,0,451641,5.594968795776367,0.4630426203630624,5.594968795776367,0.4630426203630624,1.0,1
engine_step_start,1780280883.245171,1780280883.245171,1780280883.257368,12.197017669677734,decode,0,0,451640,5.594968795776367,0.4587161343289417,5.594968795776367,0.4587161343289417,1.0,1
engine_step_start,1780280883.2572577,1780280883.2572577,1780280883.2695508,12.293100357055664,decode,1,0,451641,7.275104522705078,0.5918038827796203,7.275104522705078,0.5918038827796203,1.0,1
engine_step_start,1780280883.2573893,1780280883.2573893,1780280883.2695856,12.19630241394043,decode,0,0,451640,7.275104522705078,0.5965008308083276,7.275104522705078,0.5965008308083276,1.0,1
engine_step_start,1780280883.2695563,1780280883.2695563,1780280883.2817497,12.193441390991211,decode,1,0,451641,0.0,0.0,0.0,0.0,0.0,0
engine_step_start,1780280883.2695987,1780280883.2695987,1780280883.2819319,12.333154678344727,decode,0,0,451640,0.0,0.0,0.0,0.0,0.0,0
engine_step_start,1780280883.28176,1780280883.28176,1780280883.2940555,12.29548454284668,decode,1,0,451641,0.0,0.0,0.0,0.0,0.0,0
engine_step_start,1780280883.281938,1780280883.281938,1780280883.294148,12.209892272949219,decode,0,0,451640,0.0,0.0,0.0,0.0,0.0,0
engine_step_start,1780280883.29406,1780280883.29406,1780280883.3063526,12.292623519897461,decode,1,0,451641,0.0,0.0,0.0,0.0,0.0,0
engine_step_start,1780280883.2941608,1780280883.2941608,1780280883.306443,12.282133102416992,decode,0,0,451640,0.0,0.0,0.0,0.0,0.0,0
engine_step_start,1780280883.306357,1780280883.306357,1780280883.3186922,12.33530044555664,decode,1,0,451641,0.0,0.0,0.0,0.0,0.0,0
engine_step_start,1780280883.306457,1780280883.306457,1780280883.3186684,12.211322784423828,decode,0,0,451640,0.0,0.0,0.0,0.0,0.0,0
engine_step_start,1780280883.3186743,1780280883.3186743,1780280883.3309762,12.301921844482422,decode,0,0,451640,0.0,0.0,0.0,0.0,0.0,0
engine_step_start,1780280883.3186972,1780280883.3186972,1780280883.3309414,12.244224548339844,decode,1,0,451641,0.0,0.0,0.0,0.0,0.0,0
engine_step_start,1780280883.3309467,1780280883.3309467,1780280883.3433094,12.36271858215332,decode,1,0,451641,0.0,0.0,0.0,0.0,0.0,0
engine_step_start,1780280883.3309822,1780280883.3309822,1780280883.3432667,12.284517288208008,decode,0,0,451640,0.0,0.0,0.0,0.0,0.0,0
engine_step_start,1780280883.3432724,1780280883.3432724,1780280883.3555105,12.238025665283203,decode,0,0,451640,9.923934936523438,0.8109097993376193,9.923934936523438,0.8109097993376193,1.0,1
engine_step_start,1780280883.3433223,1780280883.3433223,1780280883.3554957,12.17341423034668,decode,1,0,451641,9.90915298461914,0.8139994907851701,9.90915298461914,0.8139994907851701,1.0,1
engine_step_start,1780280883.355507,1780280883.355507,1780280883.375187,19.680023193359375,decode,1,0,451641,19.680023193359375,1.0,19.680023193359375,1.0,1.0,1
engine_step_start,1780280883.3555164,1780280883.3555164,1780280883.3752549,19.738435745239258,decode,0,0,451640,19.738435745239258,1.0,19.738435745239258,1.0,1.0,1
engine_step_start,1780280883.3751915,1780280883.3751915,1780280883.387419,12.227535247802734,decode,1,0,451641,2.3801326751708984,0.19465351167960068,2.3801326751708984,0.19465351167960068,1.0,1
engine_step_start,1780280883.3752599,1780280883.3752599,1780280883.387518,12.258052825927734,decode,0,0,451640,2.31170654296875,0.18858676625043763,2.31170654296875,0.18858676625043763,1.0,1
engine_step_start,1780280883.3874238,1780280883.3874238,1780280883.3997767,12.352943420410156,decode,1,0,451641,0.0,0.0,0.0,0.0,0.0,0
engine_step_start,1780280883.3875325,1780280883.3875325,1780280883.3997266,12.194156646728516,decode,0,0,451640,0.0,0.0,0.0,0.0,0.0,0
engine_step_start,1780280883.3997326,1780280883.3997326,1780280883.4120266,12.29405403137207,decode,0,0,451640,0.0,0.0,0.0,0.0,0.0,0
engine_step_start,1780280883.399789,1780280883.399789,1780280883.411972,12.182950973510742,decode,1,0,451641,0.0,0.0,0.0,0.0,0.0,0
engine_step_start,1780280883.4119835,1780280883.4119835,1780280883.4243188,12.33530044555664,decode,1,0,451641,0.0,0.0,0.0,0.0,0.0,0
engine_step_start,1780280883.4120326,1780280883.4120326,1780280883.4242628,12.230157852172852,decode,0,0,451640,0.0,0.0,0.0,0.0,0.0,0
engine_step_start,1780280883.4242692,1780280883.4242692,1780280883.436553,12.283802032470703,decode,0,0,451640,0.4189014434814453,0.034101937036605724,0.4189014434814453,0.034101937036605724,1.0,1
engine_step_start,1780280883.4243422,1780280883.4243422,1780280883.4365404,12.198209762573242,decode,1,0,451641,0.4189014434814453,0.03434122314954166,0.4189014434814453,0.03434122314954166,1.0,1
engine_step_start,1780280883.4365623,1780280883.4365623,1780280883.4488523,12.290000915527344,decode,1,0,451641,13.055562973022461,1.062291456506557,10.005712509155273,0.814134399006751,1.3048109228679676,2
engine_step_start,1780280883.4365695,1780280883.4365695,1780280883.4487786,12.209177017211914,decode,0,0,451640,12.981891632080078,1.063289656115136,9.93204116821289,0.8134898162432385,1.3070718709491573,2
engine_step_start,1780280883.4488015,1780280883.4488015,1780280883.4612536,12.452125549316406,decode,0,0,451640,4.4460296630859375,0.3570498583135483,4.314184188842773,0.3464616680707666,1.0305609284332689,2
engine_step_start,1780280883.4488635,1780280883.4488635,1780280883.4610317,12.168169021606445,decode,1,0,451641,4.384040832519531,0.3602876344612732,4.252195358276367,0.3494523580931481,1.0310064479955143,2
engine_step_start,1780280883.461046,1780280883.461046,1780280883.4733105,12.264490127563477,decode,1,0,451641,0.0,0.0,0.0,0.0,0.0,0
engine_step_start,1780280883.4612718,1780280883.4612718,1780280883.473409,12.137174606323242,decode,0,0,451640,0.0,0.0,0.0,0.0,0.0,0
engine_step_start,1780280883.473327,1780280883.473327,1780280883.4855027,12.175798416137695,decode,1,0,451641,3.8480758666992188,0.31604300064618457,3.8480758666992188,0.31604300064618457,1.0,1
engine_step_start,1780280883.4734228,1780280883.4734228,1780280883.4855351,12.11237907409668,decode,0,0,451640,3.8480758666992188,0.3176977737535185,3.8480758666992188,0.3176977737535185,1.0,1
engine_step_start,1780280883.4855149,1780280883.4855149,1780280883.497866,12.351036071777344,decode,1,0,451641,0.0,0.0,0.0,0.0,0.0,0
engine_step_start,1780280883.485548,1780280883.485548,1780280883.4977975,12.249469757080078,decode,0,0,451640,0.0,0.0,0.0,0.0,0.0,0
engine_step_start,1780280883.497804,1780280883.497804,1780280883.5101614,12.357473373413086,decode,0,0,451640,0.0,0.0,0.0,0.0,0.0,0
engine_step_start,1780280883.4978707,1780280883.4978707,1780280883.510124,12.253284454345703,decode,1,0,451641,0.0,0.0,0.0,0.0,0.0,0
engine_step_start,1780280883.510136,1780280883.510136,1780280883.5224004,12.264490127563477,decode,1,0,451641,0.0,0.0,0.0,0.0,0.0,0
engine_step_start,1780280883.510175,1780280883.510175,1780280883.5223794,12.204408645629883,decode,0,0,451640,0.0,0.0,0.0,0.0,0.0,0
engine_step_start,1780280883.5223856,1780280883.5223856,1780280883.534607,12.221336364746094,decode,0,0,451640,0.0,0.0,0.0,0.0,0.0,0
engine_step_start,1780280883.5224056,1780280883.5224056,1780280883.534539,12.133359909057617,decode,1,0,451641,0.0,0.0,0.0,0.0,0.0,0
engine_step_start,1780280883.5345433,1780280883.5345433,1780280883.5468419,12.298583984375,decode,1,0,451641,0.0,0.0,0.0,0.0,0.0,0
engine_step_start,1780280883.5346127,1780280883.5346127,1780280883.5468853,12.27259635925293,decode,0,0,451640,0.0,0.0,0.0,0.0,0.0,0
engine_step_start,1780280883.5468473,1780280883.5468473,1780280883.5591013,12.253999710083008,decode,1,0,451641,0.0,0.0,0.0,0.0,0.0,0
engine_step_start,1780280883.546891,1780280883.546891,1780280883.5607064,13.81540298461914,decode,0,0,451640,0.0,0.0,0.0,0.0,0.0,0
engine_step_start,1780280883.5612779,1780280883.5612779,1780280883.5714898,10.211944580078125,decode,0,0,451640,0.0,0.0,0.0,0.0,0.0,0
engine_step_start,1780280883.5612907,1780280883.5612907,1780280883.5714338,10.143041610717773,decode,1,0,451641,0.0,0.0,0.0,0.0,0.0,0
engine_step_start,1780280883.5714388,1780280883.5714388,1780280883.583925,12.48621940612793,decode,1,0,451641,0.0,0.0,0.0,0.0,0.0,0
engine_step_start,1780280883.571498,1780280883.571498,1780280883.5837643,12.266397476196289,decode,0,0,451640,0.0,0.0,0.0,0.0,0.0,0
engine_step_start,1780280883.583771,1780280883.583771,1780280883.5961628,12.391805648803711,decode,0,0,451640,9.961128234863281,0.8038480038480038,9.961128234863281,0.8038480038480038,1.0,1
engine_step_start,1780280883.5839446,1780280883.5839446,1780280883.5960226,12.078046798706055,decode,1,0,451641,9.820938110351562,0.8131230383544878,9.820938110351562,0.8131230383544878,1.0,1
engine_step_start,1780280883.5960348,1780280883.5960348,1780280883.6084101,12.375354766845703,decode,1,0,451641,12.375354766845703,1.0,12.375354766845703,1.0,1.0,1
engine_step_start,1780280883.5961692,1780280883.5961692,1780280883.6084836,12.314319610595703,decode,0,0,451640,12.314319610595703,1.0,12.314319610595703,1.0,1.0,1
engine_step_start,1780280883.608415,1780280883.608415,1780280883.6208022,12.387275695800781,decode,1,0,451641,2.322673797607422,0.18750481176380013,2.322673797607422,0.18750481176380013,1.0,1
engine_step_start,1780280883.6084902,1780280883.6084902,1780280883.620819,12.328863143920898,decode,0,0,451640,2.247333526611328,0.18228229970412485,2.247333526611328,0.18228229970412485,1.0,1
engine_step_start,1780280883.6208088,1780280883.6208088,1780280883.6331756,12.366771697998047,decode,1,0,451641,0.0,0.0,0.0,0.0,0.0,0
engine_step_start,1780280883.6208253,1780280883.6208253,1780280883.6331604,12.335062026977539,decode,0,0,451640,0.0,0.0,0.0,0.0,0.0,0
engine_step_start,1780280883.633166,1780280883.633166,1780280883.645434,12.267827987670898,decode,0,0,451640,0.0,0.0,0.0,0.0,0.0,0
engine_step_start,1780280883.6331806,1780280883.6331806,1780280883.6453316,12.151002883911133,decode,1,0,451641,0.0,0.0,0.0,0.0,0.0,0
engine_step_start,1780280883.6453474,1780280883.6453474,1780280883.6576245,12.27712631225586,decode,1,0,451641,0.0,0.0,0.0,0.0,0.0,0
engine_step_start,1780280883.6454399,1780280883.6454399,1780280883.6575541,12.114286422729492,decode,0,0,451640,0.0,0.0,0.0,0.0,0.0,0
engine_step_start,1780280883.6575603,1780280883.6575603,1780280883.6697655,12.205123901367188,decode,0,0,451640,0.0,0.0,0.0,0.0,0.0,0
engine_step_start,1780280883.6576297,1780280883.6576297,1780280883.6698816,12.251853942871094,decode,1,0,451641,0.0,0.0,0.0,0.0,0.0,0
engine_step_start,1780280883.6697705,1780280883.6697705,1780280883.682148,12.377500534057617,decode,0,0,451640,0.0,0.0,0.0,0.0,0.0,0
engine_step_start,1780280883.6698937,1780280883.6698937,1780280883.6820664,12.172698974609375,decode,1,0,451641,0.0,0.0,0.0,0.0,0.0,0
engine_step_start,1780280883.6820712,1780280883.6820712,1780280883.6942935,12.2222900390625,decode,1,0,451641,0.0,0.0,0.0,0.0,0.0,0
engine_step_start,1780280883.682154,1780280883.682154,1780280883.6945415,12.387514114379883,decode,0,0,451640,0.0,0.0,0.0,0.0,0.0,0
engine_step_start,1780280883.6942992,1780280883.6942992,1780280883.7066553,12.356042861938477,decode,1,0,451641,0.0,0.0,0.0,0.0,0.0,0
engine_step_start,1780280883.69456,1780280883.69456,1780280883.7066169,12.056827545166016,decode,0,0,451640,0.0,0.0,0.0,0.0,0.0,0
engine_step_start,1780280883.706623,1780280883.706623,1780280883.7189488,12.325763702392578,decode,0,0,451640,0.0,0.0,0.0,0.0,0.0,0
engine_step_start,1780280883.7066605,1780280883.7066605,1780280883.718971,12.310504913330078,decode,1,0,451641,0.0,0.0,0.0,0.0,0.0,0
engine_step_start,1780280883.7189553,1780280883.7189553,1780280883.7312229,12.267589569091797,decode,0,0,451640,0.0,0.0,0.0,0.0,0.0,0
engine_step_start,1780280883.7189775,1780280883.7189775,1780280883.731217,12.239456176757812,decode,1,0,451641,0.0,0.0,0.0,0.0,0.0,0
engine_step_start,1780280883.731223,1780280883.731223,1780280883.743481,12.257814407348633,decode,1,0,451641,0.0,0.0,0.0,0.0,0.0,0
engine_step_start,1780280883.7312288,1780280883.7312288,1780280883.74352,12.291193008422852,decode,0,0,451640,0.0,0.0,0.0,0.0,0.0,0
engine_step_start,1780280883.743486,1780280883.743486,1780280883.755807,12.320995330810547,decode,1,0,451641,10.018348693847656,0.8131119625372499,10.018348693847656,0.8131119625372499,1.0,1
engine_step_start,1780280883.743543,1780280883.743543,1780280883.7557852,12.242317199707031,decode,0,0,451640,9.996652603149414,0.8165653968995872,9.996652603149414,0.8165653968995872,1.0,1
engine_step_start,1780280883.7557986,1780280883.7557986,1780280883.7680798,12.281179428100586,decode,0,0,451640,2.466917037963867,0.20086971714779367,2.466917037963867,0.20086971714779367,1.0,1
engine_step_start,1780280883.755812,1780280883.755812,1780280883.7681274,12.315511703491211,decode,1,0,451641,2.4535655975341797,0.19922563159423096,2.4535655975341797,0.19922563159423096,1.0,1
engine_step_start,1780280883.768086,1780280883.768086,1780280883.7803519,12.265920639038086,decode,0,0,451640,0.0,0.0,0.0,0.0,0.0,0
engine_step_start,1780280883.768134,1780280883.768134,1780280883.7803411,12.20703125,decode,1,0,451641,0.0,0.0,0.0,0.0,0.0,0
engine_step_start,1780280883.780356,1780280883.780356,1780280883.7925842,12.228250503540039,decode,1,0,451641,0.0,0.0,0.0,0.0,0.0,0
engine_step_start,1780280883.7803583,1780280883.7803583,1780280883.792679,12.320756912231445,decode,0,0,451640,0.0,0.0,0.0,0.0,0.0,0
engine_step_start,1780280883.79259,1780280883.79259,1780280883.8050501,12.46023178100586,decode,1,0,451641,0.0,0.0,0.0,0.0,0.0,0
engine_step_start,1780280883.7926934,1780280883.7926934,1780280883.8049567,12.263298034667969,decode,0,0,451640,0.0,0.0,0.0,0.0,0.0,0
engine_step_start,1780280883.8049626,1780280883.8049626,1780280883.8173773,12.414693832397461,decode,0,0,451640,9.998559951782227,0.8053811142478539,9.998559951782227,0.8053811142478539,1.0,1
engine_step_start,1780280883.8050766,1780280883.8050766,1780280883.8173413,12.264728546142578,decode,1,0,451641,9.96255874633789,0.8122934567085262,9.96255874633789,0.8122934567085262,1.0,1
engine_step_start,1780280883.817355,1780280883.817355,1780280883.829539,12.18414306640625,decode,1,0,451641,12.18414306640625,1.0,12.18414306640625,1.0,1.0,1
engine_step_start,1780280883.8173873,1780280883.8173873,1780280883.8296041,12.216806411743164,decode,0,0,451640,12.216806411743164,1.0,12.216806411743164,1.0,1.0,1
engine_step_start,1780280883.8295443,1780280883.8295443,1780280883.8419557,12.411355972290039,decode,1,0,451641,12.341499328613281,0.9943715542578327,12.341499328613281,0.9943715542578327,1.0,1
engine_step_start,1780280883.8296223,1780280883.8296223,1780280883.841895,12.272834777832031,decode,0,0,451640,12.202978134155273,0.9943080270417282,12.202978134155273,0.9943080270417282,1.0,1
engine_step_start,1780280883.84191,1780280883.84191,1780280883.8541121,12.202262878417969,decode,0,0,451640,12.202262878417969,1.0,12.202262878417969,1.0,1.0,1
engine_step_start,1780280883.8419623,1780280883.8419623,1780280883.8540227,12.060403823852539,decode,1,0,451641,12.060403823852539,1.0,12.060403823852539,1.0,1.0,1
engine_step_start,1780280883.8540285,1780280883.8540285,1780280883.8662186,12.190103530883789,decode,1,0,451641,2.665281295776367,0.21864304015333763,2.665281295776367,0.21864304015333763,1.0,1
engine_step_start,1780280883.8541224,1780280883.8541224,1780280883.866415,12.292623519897461,decode,0,0,451640,2.5713443756103516,0.20917783510153418,2.5713443756103516,0.20917783510153418,1.0,1
engine_step_start,1780280883.8662305,1780280883.8662305,1780280883.8785405,12.310028076171875,decode,1,0,451641,0.0,0.0,0.0,0.0,0.0,0
engine_step_start,1780280883.866433,1780280883.866433,1780280883.8785174,12.084484100341797,decode,0,0,451640,0.0,0.0,0.0,0.0,0.0,0
engine_step_start,1780280883.878524,1780280883.878524,1780280883.8906825,12.158393859863281,decode,0,0,451640,0.0,0.0,0.0,0.0,0.0,0
engine_step_start,1780280883.8785465,1780280883.8785465,1780280883.8907359,12.189388275146484,decode,1,0,451641,0.0,0.0,0.0,0.0,0.0,0
engine_step_start,1780280883.8906965,1780280883.8906965,1780280883.9028862,12.189626693725586,decode,0,0,451640,0.0,0.0,0.0,0.0,0.0,0
engine_step_start,1780280883.8907502,1780280883.8907502,1780280883.902862,12.111902236938477,decode,1,0,451641,0.0,0.0,0.0,0.0,0.0,0
engine_step_start,1780280883.9028676,1780280883.9028676,1780280883.9150815,12.213945388793945,decode,1,0,451641,0.0,0.0,0.0,0.0,0.0,0
engine_step_start,1780280883.902892,1780280883.902892,1780280883.9151542,12.262105941772461,decode,0,0,451640,0.0,0.0,0.0,0.0,0.0,0
engine_step_start,1780280883.915087,1780280883.915087,1780280883.9274151,12.328147888183594,decode,1,0,451641,0.0,0.0,0.0,0.0,0.0,0
engine_step_start,1780280883.91516,1780280883.91516,1780280883.9273891,12.229204177856445,decode,0,0,451640,0.0,0.0,0.0,0.0,0.0,0
engine_step_start,1780280883.9274058,1780280883.9274058,1780280883.9397655,12.359619140625,decode,0,0,451640,10.001897811889648,0.8092399691358024,10.001897811889648,0.8092399691358024,1.0,1
engine_step_start,1780280883.9274216,1780280883.9274216,1780280883.9395761,12.154579162597656,decode,1,0,451641,9.812593460083008,0.8073165947430365,9.812593460083008,0.8073165947430365,1.0,1
engine_step_start,1780280883.9395812,1780280883.9395812,1780280883.9519334,12.352228164672852,decode,1,0,451641,12.352228164672852,1.0,12.352228164672852,1.0,1.0,1
engine_step_start,1780280883.9397788,1780280883.9397788,1780280883.951887,12.108087539672852,decode,0,0,451640,12.108087539672852,1.0,12.108087539672852,1.0,1.0,1
engine_step_start,1780280883.952474,1780280883.952474,1780280883.9641683,11.694192886352539,decode,0,0,451640,2.5625228881835938,0.21912781096454567,2.5625228881835938,0.21912781096454567,1.0,1
engine_step_start,1780280883.952477,1780280883.952477,1780280883.9640036,11.52658462524414,decode,1,0,451641,2.559661865234375,0.22206594133951102,2.559661865234375,0.22206594133951102,1.0,1
engine_step_start,1780280883.9640093,1780280883.9640093,1780280883.9764245,12.415170669555664,decode,1,0,451641,0.0,0.0,0.0,0.0,0.0,0
engine_step_start,1780280883.964182,1780280883.964182,1780280883.976382,12.200117111206055,decode,0,0,451640,0.0,0.0,0.0,0.0,0.0,0
engine_step_start,1780280883.976388,1780280883.976388,1780280883.9886508,12.262821197509766,decode,0,0,451640,0.0,0.0,0.0,0.0,0.0,0
engine_step_start,1780280883.9764342,1780280883.9764342,1780280883.9886558,12.221574783325195,decode,1,0,451641,0.0,0.0,0.0,0.0,0.0,0
engine_step_start,1780280883.988664,1780280883.988664,1780280884.0008852,12.221336364746094,decode,1,0,451641,0.0,0.0,0.0,0.0,0.0,0
engine_step_start,1780280883.9886649,1780280883.9886649,1780280884.0009503,12.285470962524414,decode,0,0,451640,0.0,0.0,0.0,0.0,0.0,0
engine_step_start,1780280884.0008914,1780280884.0008914,1780280884.0132692,12.377738952636719,decode,1,0,451641,0.0,0.0,0.0,0.0,0.0,0
engine_step_start,1780280884.0009568,1780280884.0009568,1780280884.0132222,12.265443801879883,decode,0,0,451640,0.0,0.0,0.0,0.0,0.0,0
engine_step_start,1780280884.0132287,1780280884.0132287,1780280884.0255878,12.359142303466797,decode,0,0,451640,10.00213623046875,0.8092904818858753,10.00213623046875,0.8092904818858753,1.0,1
engine_step_start,1780280884.0132868,1780280884.0132868,1780280884.025513,12.226104736328125,decode,1,0,451641,9.92727279663086,0.8119734789391576,9.92727279663086,0.8119734789391576,1.0,1
engine_step_start,1780280884.0255256,1780280884.0255256,1780280884.037849,12.323379516601562,decode,1,0,451641,3.6199092864990234,0.29374322860238355,3.504037857055664,0.28434065934065933,1.0330679730557257,2
engine_step_start,1780280884.0256045,1780280884.0256045,1780280884.0379977,12.39323616027832,decode,0,0,451640,3.5409927368164062,0.28571978222812183,3.425121307373047,0.27637021219291663,1.0338298760963385,2
engine_step_start,1780280884.037855,1780280884.037855,1780280884.0504093,12.554407119750977,decode,1,0,451641,0.0,0.0,0.0,0.0,0.0,0
engine_step_start,1780280884.0380127,1780280884.0380127,1780280884.05039,12.377262115478516,decode,0,0,451640,0.0,0.0,0.0,0.0,0.0,0
engine_step_start,1780280884.0503964,1780280884.0503964,1780280884.0626967,12.300252914428711,decode,0,0,451640,0.0,0.0,0.0,0.0,0.0,0
engine_step_start,1780280884.0504148,1780280884.0504148,1780280884.0627854,12.370586395263672,decode,1,0,451641,0.0,0.0,0.0,0.0,0.0,0
engine_step_start,1780280884.0627093,1780280884.0627093,1780280884.0751112,12.401819229125977,decode,0,0,451640,10.181427001953125,0.8209623776842186,10.181427001953125,0.8209623776842186,1.0,1
engine_step_start,1780280884.0628088,1780280884.0628088,1780280884.075107,12.298345565795898,decode,1,0,451641,10.177373886108398,0.8275400810344493,10.177373886108398,0.8275400810344493,1.0,1
engine_step_start,1780280884.075118,1780280884.075118,1780280884.087433,12.315034866333008,decode,0,0,451640,2.2356510162353516,0.1815383424002478,2.2356510162353516,0.1815383424002478,1.0,1
engine_step_start,1780280884.0751197,1780280884.0751197,1780280884.0873897,12.269973754882812,decode,1,0,451641,2.2339820861816406,0.18206901912016166,2.2339820861816406,0.18206901912016166,1.0,1
engine_step_start,1780280884.087396,1780280884.087396,1780280884.099502,12.106180191040039,decode,1,0,451641,0.0,0.0,0.0,0.0,0.0,0
engine_step_start,1780280884.087439,1780280884.087439,1780280884.0995543,12.115240097045898,decode,0,0,451640,0.0,0.0,0.0,0.0,0.0,0
engine_step_start,1780280884.0995064,1780280884.0995064,1780280884.1117415,12.235164642333984,decode,1,0,451641,0.0,0.0,0.0,0.0,0.0,0
engine_step_start,1780280884.09956,1780280884.09956,1780280884.11179,12.22991943359375,decode,0,0,451640,0.0,0.0,0.0,0.0,0.0,0
engine_step_start,1780280884.1117525,1780280884.1117525,1780280884.1240323,12.279748916625977,decode,1,0,451641,0.0,0.0,0.0,0.0,0.0,0
engine_step_start,1780280884.1117966,1780280884.1117966,1780280884.1240096,12.212991714477539,decode,0,0,451640,0.0,0.0,0.0,0.0,0.0,0
engine_step_start,1780280884.124016,1780280884.124016,1780280884.1362708,12.254714965820312,decode,0,0,451640,0.0,0.0,0.0,0.0,0.0,0
engine_step_start,1780280884.1240373,1780280884.1240373,1780280884.1362178,12.180566787719727,decode,1,0,451641,0.0,0.0,0.0,0.0,0.0,0
engine_step_start,1780280884.1362233,1780280884.1362233,1780280884.1485848,12.361526489257812,decode,1,0,451641,0.0,0.0,0.0,0.0,0.0,0
engine_step_start,1780280884.1362846,1780280884.1362846,1780280884.1485927,12.308120727539062,decode,0,0,451640,0.0,0.0,0.0,0.0,0.0,0
engine_step_start,1780280884.14859,1780280884.14859,1780280884.160822,12.231826782226562,decode,1,0,451641,0.0,0.0,0.0,0.0,0.0,0
engine_step_start,1780280884.1485994,1780280884.1485994,1780280884.1609068,12.307405471801758,decode,0,0,451640,0.0,0.0,0.0,0.0,0.0,0
engine_step_start,1780280884.160828,1780280884.160828,1780280884.1731687,12.340545654296875,decode,1,0,451641,0.0,0.0,0.0,0.0,0.0,0
engine_step_start,1780280884.1609128,1780280884.1609128,1780280884.1731625,12.24970817565918,decode,0,0,451640,0.0,0.0,0.0,0.0,0.0,0
engine_step_start,1780280884.1731684,1780280884.1731684,1780280884.185469,12.300491333007812,decode,0,0,451640,0.0,0.0,0.0,0.0,0.0,0
engine_step_start,1780280884.173174,1780280884.173174,1780280884.1854892,12.31527328491211,decode,1,0,451641,0.0,0.0,0.0,0.0,0.0,0
engine_step_start,1780280884.1854753,1780280884.1854753,1780280884.1978073,12.331962585449219,decode,0,0,451640,0.0,0.0,0.0,0.0,0.0,0
engine_step_start,1780280884.1854932,1780280884.1854932,1780280884.197755,12.26186752319336,decode,1,0,451641,0.0,0.0,0.0,0.0,0.0,0
engine_step_start,1780280884.1977606,1780280884.1977606,1780280884.2101958,12.435197830200195,decode,1,0,451641,10.001182556152344,0.8042640489291946,10.001182556152344,0.8042640489291946,1.0,1
engine_step_start,1780280884.1978235,1780280884.1978235,1780280884.2103646,12.541055679321289,decode,0,0,451640,10.16998291015625,0.8109351533240813,10.16998291015625,0.8109351533240813,1.0,1
engine_step_start,1780280884.2102025,1780280884.2102025,1780280884.2227228,12.520313262939453,decode,1,0,451641,2.57110595703125,0.20535476253951326,2.57110595703125,0.20535476253951326,1.0,1
engine_step_start,1780280884.21038,1780280884.21038,1780280884.2226162,12.23611831665039,decode,0,0,451640,2.393484115600586,0.19560812127352792,2.393484115600586,0.19560812127352792,1.0,1
engine_step_start,1780280884.2226229,1780280884.2226229,1780280884.2349448,12.321949005126953,decode,0,0,451640,0.0,0.0,0.0,0.0,0.0,0
engine_step_start,1780280884.2227314,1780280884.2227314,1780280884.234884,12.152671813964844,decode,1,0,451641,0.0,0.0,0.0,0.0,0.0,0
engine_step_start,1780280884.2348893,1780280884.2348893,1780280884.2474008,12.511491775512695,decode,1,0,451641,0.0,0.0,0.0,0.0,0.0,0
engine_step_start,1780280884.2349584,1780280884.2349584,1780280884.24729,12.331485748291016,decode,0,0,451640,0.0,0.0,0.0,0.0,0.0,0
engine_step_start,1780280884.2473035,1780280884.2473035,1780280884.2595034,12.199878692626953,decode,0,0,451640,0.0,0.0,0.0,0.0,0.0,0
engine_step_start,1780280884.24741,1780280884.24741,1780280884.259584,12.173891067504883,decode,1,0,451641,0.0,0.0,0.0,0.0,0.0,0
engine_step_start,1780280884.2595093,1780280884.2595093,1780280884.2717881,12.27879524230957,decode,0,0,451640,0.0,0.0,0.0,0.0,0.0,0
engine_step_start,1780280884.259594,1780280884.259594,1780280884.2717648,12.170791625976562,decode,1,0,451641,0.0,0.0,0.0,0.0,0.0,0
engine_step_start,1780280884.2717707,1780280884.2717707,1780280884.2839813,12.210607528686523,decode,1,0,451641,0.0,0.0,0.0,0.0,0.0,0
engine_step_start,1780280884.2717943,1780280884.2717943,1780280884.2841175,12.323141098022461,decode,0,0,451640,0.0,0.0,0.0,0.0,0.0,0
engine_step_start,1780280884.283986,1780280884.283986,1780280884.2965086,12.522459030151367,decode,1,0,451641,0.0,0.0,0.0,0.0,0.0,0
engine_step_start,1780280884.284124,1780280884.284124,1780280884.296509,12.385129928588867,decode,0,0,451640,0.0,0.0,0.0,0.0,0.0,0
engine_step_start,1780280884.296522,1780280884.296522,1780280884.308831,12.309074401855469,decode,0,0,451640,0.0,0.0,0.0,0.0,0.0,0
engine_step_start,1780280884.2965229,1780280884.2965229,1780280884.3088331,12.310266494750977,decode,1,0,451641,0.0,0.0,0.0,0.0,0.0,0
engine_step_start,1780280884.3088367,1780280884.3088367,1780280884.321222,12.385368347167969,decode,0,0,451640,0.0,0.0,0.0,0.0,0.0,0
engine_step_start,1780280884.3088377,1780280884.3088377,1780280884.3211453,12.30764389038086,decode,1,0,451641,0.0,0.0,0.0,0.0,0.0,0
engine_step_start,1780280884.321151,1780280884.321151,1780280884.3334644,12.313365936279297,decode,1,0,451641,0.0,0.0,0.0,0.0,0.0,0
engine_step_start,1780280884.321228,1780280884.321228,1780280884.3335543,12.326240539550781,decode,0,0,451640,0.0,0.0,0.0,0.0,0.0,0
engine_step_start,1780280884.3334692,1780280884.3334692,1780280884.3457184,12.249231338500977,decode,1,0,451641,0.0,0.0,0.0,0.0,0.0,0
engine_step_start,1780280884.3335602,1780280884.3335602,1780280884.3458416,12.281417846679688,decode,0,0,451640,0.0,0.0,0.0,0.0,0.0,0
engine_step_start,1780280884.3462029,1780280884.3462029,1780280884.3580832,11.88039779663086,decode,0,0,451640,0.0,0.0,0.0,0.0,0.0,0
engine_step_start,1780280884.3462145,1780280884.3462145,1780280884.3580573,11.842727661132812,decode,1,0,451641,0.0,0.0,0.0,0.0,0.0,0
engine_step_start,1780280884.3580618,1780280884.3580618,1780280884.3702898,12.228012084960938,decode,1,0,451641,0.0,0.0,0.0,0.0,0.0,0
engine_step_start,1780280884.3580897,1780280884.3580897,1780280884.370473,12.383222579956055,decode,0,0,451640,0.0,0.0,0.0,0.0,0.0,0
engine_step_start,1780280884.3702939,1780280884.3702939,1780280884.3825345,12.24064826965332,decode,1,0,451641,0.0,0.0,0.0,0.0,0.0,0
engine_step_start,1780280884.3704865,1780280884.3704865,1780280884.3825972,12.110710144042969,decode,0,0,451640,0.0,0.0,0.0,0.0,0.0,0
engine_step_start,1780280884.3825452,1780280884.3825452,1780280884.394782,12.236833572387695,decode,1,0,451641,0.0,0.0,0.0,0.0,0.0,0
engine_step_start,1780280884.3826032,1780280884.3826032,1780280884.3948896,12.28642463684082,decode,0,0,451640,0.0,0.0,0.0,0.0,0.0,0
engine_step_start,1780280884.394787,1780280884.394787,1780280884.4071577,12.370586395263672,decode,1,0,451641,0.0,0.0,0.0,0.0,0.0,0
engine_step_start,1780280884.3948953,1780280884.3948953,1780280884.4070556,12.160301208496094,decode,0,0,451640,0.0,0.0,0.0,0.0,0.0,0
engine_step_start,1780280884.4070616,1780280884.4070616,1780280884.419412,12.350320816040039,decode,0,0,451640,0.0,0.0,0.0,0.0,0.0,0
engine_step_start,1780280884.4071634,1780280884.4071634,1780280884.4192762,12.112855911254883,decode,1,0,451641,0.0,0.0,0.0,0.0,0.0,0
engine_step_start,1780280884.4192808,1780280884.4192808,1780280884.4315321,12.25137710571289,decode,1,0,451641,0.0,0.0,0.0,0.0,0.0,0
engine_step_start,1780280884.4194176,1780280884.4194176,1780280884.4316492,12.231588363647461,decode,0,0,451640,0.0,0.0,0.0,0.0,0.0,0
engine_step_start,1780280884.4315362,1780280884.4315362,1780280884.4438984,12.362241744995117,decode,1,0,451641,0.0,0.0,0.0,0.0,0.0,0
engine_step_start,1780280884.4316554,1780280884.4316554,1780280884.443812,12.156486511230469,decode,0,0,451640,0.0,0.0,0.0,0.0,0.0,0
engine_step_start,1780280884.443818,1780280884.443818,1780280884.4561865,12.368440628051758,decode,0,0,451640,0.0,0.0,0.0,0.0,0.0,0
engine_step_start,1780280884.443905,1780280884.443905,1780280884.4560063,12.101173400878906,decode,1,0,451641,0.0,0.0,0.0,0.0,0.0,0
engine_step_start,1780280884.4560108,1780280884.4560108,1780280884.468409,12.398242950439453,decode,1,0,451641,0.0,0.0,0.0,0.0,0.0,0
engine_step_start,1780280884.4562001,1780280884.4562001,1780280884.4684765,12.276411056518555,decode,0,0,451640,0.0,0.0,0.0,0.0,0.0,0
engine_step_start,1780280884.468422,1780280884.468422,1780280884.4806976,12.27569580078125,decode,1,0,451641,0.0,0.0,0.0,0.0,0.0,0
engine_step_start,1780280884.4684823,1780280884.4684823,1780280884.4806468,12.164592742919922,decode,0,0,451640,0.0,0.0,0.0,0.0,0.0,0
engine_step_start,1780280884.4806528,1780280884.4806528,1780280884.4928532,12.200355529785156,decode,0,0,451640,0.0,0.0,0.0,0.0,0.0,0
engine_step_start,1780280884.4807036,1780280884.4807036,1780280884.4929316,12.228012084960938,decode,1,0,451641,0.0,0.0,0.0,0.0,0.0,0
engine_step_start,1780280884.4928687,1780280884.4928687,1780280884.5052402,12.371540069580078,decode,0,0,451640,9.862661361694336,0.7972056272884949,9.862661361694336,0.7972056272884949,1.0,1
engine_step_start,1780280884.4929366,1780280884.4929366,1780280884.5051718,12.235164642333984,decode,1,0,451641,9.794235229492188,0.8004988503059356,9.794235229492188,0.8004988503059356,1.0,1
engine_step_start,1780280884.5051777,1780280884.5051777,1780280884.5174913,12.313604354858398,decode,1,0,451641,12.313604354858398,1.0,12.313604354858398,1.0,1.0,1
engine_step_start,1780280884.505255,1780280884.505255,1780280884.5174718,12.216806411743164,decode,0,0,451640,12.216806411743164,1.0,12.216806411743164,1.0,1.0,1
engine_step_start,1780280884.5174778,1780280884.5174778,1780280884.5297558,12.278079986572266,decode,0,0,451640,2.316713333129883,0.18868693929861355,2.316713333129883,0.18868693929861355,1.0,1
engine_step_start,1780280884.517496,1780280884.517496,1780280884.5297706,12.274503707885742,decode,1,0,451641,2.2983551025390625,0.18724627546957248,2.2983551025390625,0.18724627546957248,1.0,1
engine_step_start,1780280884.529763,1780280884.529763,1780280884.5419586,12.195587158203125,decode,0,0,451640,0.0,0.0,0.0,0.0,0.0,0
engine_step_start,1780280884.5297756,1780280884.5297756,1780280884.542017,12.241363525390625,decode,1,0,451641,0.0,0.0,0.0,0.0,0.0,0
engine_step_start,1780280884.5419645,1780280884.5419645,1780280884.5542357,12.27116584777832,decode,0,0,451640,0.0,0.0,0.0,0.0,0.0,0
engine_step_start,1780280884.5420294,1780280884.5420294,1780280884.5542717,12.242317199707031,decode,1,0,451641,0.0,0.0,0.0,0.0,0.0,0
engine_step_start,1780280884.5542498,1780280884.5542498,1780280884.5665703,12.320518493652344,decode,0,0,451640,0.0,0.0,0.0,0.0,0.0,0
engine_step_start,1780280884.5542772,1780280884.5542772,1780280884.566453,12.175798416137695,decode,1,0,451641,0.0,0.0,0.0,0.0,0.0,0
engine_step_start,1780280884.5664587,1780280884.5664587,1780280884.578739,12.28022575378418,decode,1,0,451641,0.0,0.0,0.0,0.0,0.0,0
engine_step_start,1780280884.5665767,1780280884.5665767,1780280884.5788333,12.256622314453125,decode,0,0,451640,0.0,0.0,0.0,0.0,0.0,0
engine_step_start,1780280884.5787435,1780280884.5787435,1780280884.5910227,12.279272079467773,decode,1,0,451641,0.0,0.0,0.0,0.0,0.0,0
engine_step_start,1780280884.5788467,1780280884.5788467,1780280884.5909858,12.139081954956055,decode,0,0,451640,0.0,0.0,0.0,0.0,0.0,0
engine_step_start,1780280884.5909915,1780280884.5909915,1780280884.6032546,12.263059616088867,decode,0,0,451640,0.0,0.0,0.0,0.0,0.0,0
engine_step_start,1780280884.591028,1780280884.591028,1780280884.603329,12.300968170166016,decode,1,0,451641,0.0,0.0,0.0,0.0,0.0,0
engine_step_start,1780280884.6032598,1780280884.6032598,1780280884.6158838,12.624025344848633,decode,0,0,451640,0.0,0.0,0.0,0.0,0.0,0
engine_step_start,1780280884.6033401,1780280884.6033401,1780280884.615596,12.25590705871582,decode,1,0,451641,0.0,0.0,0.0,0.0,0.0,0
engine_step_start,1780280884.615601,1780280884.615601,1780280884.6280499,12.448787689208984,decode,1,0,451641,6.927967071533203,0.5565174091239897,6.927967071533203,0.5565174091239897,1.0,1
engine_step_start,1780280884.6159341,1780280884.6159341,1780280884.6279154,11.98124885559082,decode,0,0,451640,6.927967071533203,0.5782341352755059,6.927967071533203,0.5782341352755059,1.0,1
engine_step_start,1780280884.6279285,1780280884.6279285,1780280884.6402626,12.334108352661133,decode,0,0,451640,0.0,0.0,0.0,0.0,0.0,0
engine_step_start,1780280884.6280599,1780280884.6280599,1780280884.6402426,12.18271255493164,decode,1,0,451641,0.0,0.0,0.0,0.0,0.0,0
engine_step_start,1780280884.6402643,1780280884.6402643,1780280884.6524696,12.205362319946289,decode,1,0,451641,1.4081001281738281,0.1153673353778837,1.4081001281738281,0.1153673353778837,1.0,1
engine_step_start,1780280884.640269,1780280884.640269,1780280884.65255,12.280941009521484,decode,0,0,451640,1.4081001281738281,0.11465734808774995,1.4081001281738281,0.11465734808774995,1.0,1
engine_step_start,1780280884.6524842,1780280884.6524842,1780280884.664816,12.331724166870117,decode,1,0,451641,0.0,0.0,0.0,0.0,0.0,0
engine_step_start,1780280884.6525624,1780280884.6525624,1780280884.6648753,12.312889099121094,decode,0,0,451640,0.0,0.0,0.0,0.0,0.0,0
engine_step_start,1780280884.6648219,1780280884.6648219,1780280884.6771019,12.279987335205078,decode,1,0,451641,0.0,0.0,0.0,0.0,0.0,0
engine_step_start,1780280884.664881,1780280884.664881,1780280884.6772645,12.383460998535156,decode,0,0,451640,0.0,0.0,0.0,0.0,0.0,0
engine_step_start,1780280884.6771142,1780280884.6771142,1780280884.689456,12.341737747192383,decode,1,0,451641,9.909391403198242,0.8029170288805177,9.909391403198242,0.8029170288805177,1.0,1
engine_step_start,1780280884.677288,1780280884.677288,1780280884.6895175,12.229442596435547,decode,0,0,451640,9.970903396606445,0.815319530549382,9.970903396606445,0.815319530549382,1.0,1
engine_step_start,1780280884.6894639,1780280884.6894639,1780280884.7017941,12.330293655395508,decode,1,0,451641,2.3016929626464844,0.18666976042693892,2.3016929626464844,0.18666976042693892,1.0,1
engine_step_start,1780280884.68953,1780280884.68953,1780280884.7018058,12.275934219360352,decode,0,0,451640,2.2356510162353516,0.18211656858746528,2.2356510162353516,0.18211656858746528,1.0,1
engine_step_start,1780280884.7018015,1780280884.7018015,1780280884.7141647,12.363195419311523,decode,1,0,451641,0.0,0.0,0.0,0.0,0.0,0
engine_step_start,1780280884.701812,1780280884.701812,1780280884.7141545,12.342453002929688,decode,0,0,451640,0.0,0.0,0.0,0.0,0.0,0
engine_step_start,1780280884.714169,1780280884.714169,1780280884.7263753,12.206315994262695,decode,0,0,451640,9.867668151855469,0.8084067425825732,9.867668151855469,0.8084067425825732,1.0,1
engine_step_start,1780280884.714171,1780280884.714171,1780280884.7264254,12.254476547241211,decode,1,0,451641,9.917736053466797,0.8093153563298897,9.917736053466797,0.8093153563298897,1.0,1
engine_step_start,1780280884.726389,1780280884.726389,1780280884.7386847,12.295722961425781,decode,0,0,451640,2.390623092651367,0.194427208562786,2.390623092651367,0.194427208562786,1.0,1
engine_step_start,1780280884.7264307,1780280884.7264307,1780280884.7386608,12.230157852172852,decode,1,0,451641,2.3488998413085938,0.19205801508860168,2.3488998413085938,0.19205801508860168,1.0,1
engine_step_start,1780280884.7396758,1780280884.7396758,1780280884.7509863,11.310577392578125,decode,0,0,451640,0.0,0.0,0.0,0.0,0.0,0
engine_step_start,1780280884.7396858,1780280884.7396858,1780280884.7510252,11.339426040649414,decode,1,0,451641,0.0,0.0,0.0,0.0,0.0,0
engine_step_start,1780280884.7509925,1780280884.7509925,1780280884.7633736,12.38107681274414,decode,0,0,451640,0.0,0.0,0.0,0.0,0.0,0
engine_step_start,1780280884.7510307,1780280884.7510307,1780280884.7634814,12.450695037841797,decode,1,0,451641,0.0,0.0,0.0,0.0,0.0,0
engine_step_start,1780280884.7633967,1780280884.7633967,1780280884.7756925,12.295722961425781,decode,0,0,451640,8.13603401184082,0.6616962692934151,8.13603401184082,0.6616962692934151,1.0,1
engine_step_start,1780280884.7634928,1780280884.7634928,1780280884.775699,12.206077575683594,decode,1,0,451641,8.13603401184082,0.6665559809360107,8.13603401184082,0.6665559809360107,1.0,1
engine_step_start,1780280884.7757063,1780280884.7757063,1780280884.7879872,12.280941009521484,decode,1,0,451641,0.0,0.0,0.0,0.0,0.0,0
engine_step_start,1780280884.7757072,1780280884.7757072,1780280884.7881784,12.471199035644531,decode,0,0,451640,0.0,0.0,0.0,0.0,0.0,0
engine_step_start,1780280884.7880056,1780280884.7880056,1780280884.8004072,12.401580810546875,decode,1,0,451641,1.3620853424072266,0.10983159027991388,1.3620853424072266,0.10983159027991388,1.0,1
engine_step_start,1780280884.7881873,1780280884.7881873,1780280884.8003793,12.192010879516602,decode,0,0,451640,1.3620853424072266,0.11171949860179518,1.3620853424072266,0.11171949860179518,1.0,1
engine_step_start,1780280884.8003967,1780280884.8003967,1780280884.8126369,12.240171432495117,decode,0,0,451640,0.0,0.0,0.0,0.0,0.0,0
engine_step_start,1780280884.8004203,1780280884.8004203,1780280884.8126817,12.261390686035156,decode,1,0,451641,0.0,0.0,0.0,0.0,0.0,0
engine_step_start,1780280884.8126433,1780280884.8126433,1780280884.8249104,12.267112731933594,decode,0,0,451640,0.0,0.0,0.0,0.0,0.0,0
engine_step_start,1780280884.8126876,1780280884.8126876,1780280884.8249426,12.254953384399414,decode,1,0,451641,0.0,0.0,0.0,0.0,0.0,0
engine_step_start,1780280884.8249338,1780280884.8249338,1780280884.8371067,12.172937393188477,decode,0,0,451640,9.955167770385742,0.8178114656168596,9.955167770385742,0.8178114656168596,1.0,1
engine_step_start,1780280884.8249557,1780280884.8249557,1780280884.8371875,12.231826782226562,decode,1,0,451641,10.035991668701172,0.8204818337751443,10.035991668701172,0.8204818337751443,1.0,1
engine_step_start,1780280884.8371193,1780280884.8371193,1780280884.8495102,12.390851974487305,decode,0,0,451640,2.5022029876708984,0.2019395432067884,2.5022029876708984,0.2019395432067884,1.0,1
engine_step_start,1780280884.8371937,1780280884.8371937,1780280884.849512,12.31837272644043,decode,1,0,451641,2.427816390991211,0.1970890510383804,2.427816390991211,0.1970890510383804,1.0,1
engine_step_start,1780280884.849521,1780280884.849521,1780280884.8618784,12.357473373413086,decode,1,0,451641,0.0,0.0,0.0,0.0,0.0,0
engine_step_start,1780280884.8495233,1780280884.8495233,1780280884.8617764,12.253046035766602,decode,0,0,451640,0.0,0.0,0.0,0.0,0.0,0
engine_step_start,1780280884.8617826,1780280884.8617826,1780280884.8740878,12.305259704589844,decode,0,0,451640,1.3959407806396484,0.1134426102456793,1.3959407806396484,0.1134426102456793,1.0,1
engine_step_start,1780280884.8618968,1780280884.8618968,1780280884.874002,12.105226516723633,decode,1,0,451641,1.3959407806396484,0.11531719614755874,1.3959407806396484,0.11531719614755874,1.0,1
engine_step_start,1780280884.874015,1780280884.874015,1780280884.8864577,12.442588806152344,decode,1,0,451641,0.0,0.0,0.0,0.0,0.0,0
engine_step_start,1780280884.8741014,1780280884.8741014,1780280884.8864708,12.369394302368164,decode,0,0,451640,0.0,0.0,0.0,0.0,0.0,0
engine_step_start,1780280884.886463,1780280884.886463,1780280884.8987286,12.265682220458984,decode,1,0,451641,0.0,0.0,0.0,0.0,0.0,0
engine_step_start,1780280884.886484,1780280884.886484,1780280884.8986855,12.201547622680664,decode,0,0,451640,0.0,0.0,0.0,0.0,0.0,0
engine_step_start,1780280884.898692,1780280884.898692,1780280884.9110012,12.30931282043457,decode,0,0,451640,0.0,0.0,0.0,0.0,0.0,0
engine_step_start,1780280884.8987384,1780280884.8987384,1780280884.9110966,12.35818862915039,decode,1,0,451641,0.0,0.0,0.0,0.0,0.0,0
engine_step_start,1780280884.911008,1780280884.911008,1780280884.9233603,12.352466583251953,decode,0,0,451640,0.0,0.0,0.0,0.0,0.0,0
engine_step_start,1780280884.9111028,1780280884.9111028,1780280884.923305,12.202262878417969,decode,1,0,451641,0.0,0.0,0.0,0.0,0.0,0
engine_step_start,1780280884.9233108,1780280884.9233108,1780280884.935577,12.266159057617188,decode,1,0,451641,0.0,0.0,0.0,0.0,0.0,0
engine_step_start,1780280884.923366,1780280884.923366,1780280884.9355614,12.195348739624023,decode,0,0,451640,0.0,0.0,0.0,0.0,0.0,0
engine_step_start,1780280884.9355674,1780280884.9355674,1780280884.947908,12.340545654296875,decode,0,0,451640,0.0,0.0,0.0,0.0,0.0,0
engine_step_start,1780280884.9355812,1780280884.9355812,1780280884.9478176,12.236356735229492,decode,1,0,451641,0.0,0.0,0.0,0.0,0.0,0
engine_step_start,1780280884.947822,1780280884.947822,1780280884.9601269,12.30478286743164,decode,1,0,451641,0.0,0.0,0.0,0.0,0.0,0
engine_step_start,1780280884.947914,1780280884.947914,1780280884.9602656,12.351751327514648,decode,0,0,451640,0.0,0.0,0.0,0.0,0.0,0
engine_step_start,1780280884.9601312,1780280884.9601312,1780280884.9724612,12.330055236816406,decode,1,0,451641,0.0,0.0,0.0,0.0,0.0,0
engine_step_start,1780280884.9602711,1780280884.9602711,1780280884.972457,12.185811996459961,decode,0,0,451640,0.0,0.0,0.0,0.0,0.0,0
engine_step_start,1780280884.9724631,1780280884.9724631,1780280884.9847188,12.255668640136719,decode,0,0,451640,0.0,0.0,0.0,0.0,0.0,0
engine_step_start,1780280884.9724667,1780280884.9724667,1780280884.9847238,12.257099151611328,decode,1,0,451641,0.0,0.0,0.0,0.0,0.0,0
engine_step_start,1780280884.9847245,1780280884.9847245,1780280884.996995,12.270450592041016,decode,0,0,451640,0.0,0.0,0.0,0.0,0.0,0
engine_step_start,1780280884.984728,1780280884.984728,1780280884.9971066,12.378454208374023,decode,1,0,451641,0.0,0.0,0.0,0.0,0.0,0
engine_step_start,1780280884.9970112,1780280884.9970112,1780280885.0093775,12.366294860839844,decode,0,0,451640,2.9571056365966797,0.23912624354129713,2.9571056365966797,0.23912624354129713,1.0,1
engine_step_start,1780280884.9971118,1780280884.9971118,1780280885.009355,12.243270874023438,decode,1,0,451641,2.9571056365966797,0.24152905436983954,2.9571056365966797,0.24152905436983954,1.0,1
engine_step_start,1780280885.0093608,1780280885.0093608,1780280885.0217528,12.392044067382812,decode,1,0,451641,0.0,0.0,0.0,0.0,0.0,0
engine_step_start,1780280885.0093915,1780280885.0093915,1780280885.0216775,12.285947799682617,decode,0,0,451640,0.0,0.0,0.0,0.0,0.0,0
engine_step_start,1780280885.0216835,1780280885.0216835,1780280885.0339851,12.30168342590332,decode,0,0,451640,0.0,0.0,0.0,0.0,0.0,0
engine_step_start,1780280885.021759,1780280885.021759,1780280885.0340168,12.257814407348633,decode,1,0,451641,0.0,0.0,0.0,0.0,0.0,0
engine_step_start,1780280885.0339975,1780280885.0339975,1780280885.0463214,12.323856353759766,decode,0,0,451640,0.0,0.0,0.0,0.0,0.0,0
engine_step_start,1780280885.0340214,1780280885.0340214,1780280885.0463448,12.323379516601562,decode,1,0,451641,0.0,0.0,0.0,0.0,0.0,0
engine_step_start,1780280885.046327,1780280885.046327,1780280885.058618,12.29095458984375,decode,0,0,451640,0.0,0.0,0.0,0.0,0.0,0
engine_step_start,1780280885.0463502,1780280885.0463502,1780280885.0586736,12.323379516601562,decode,1,0,451641,0.0,0.0,0.0,0.0,0.0,0
engine_step_start,1780280885.0586238,1780280885.0586238,1780280885.0709589,12.335062026977539,decode,0,0,451640,0.0,0.0,0.0,0.0,0.0,0
engine_step_start,1780280885.058679,1780280885.058679,1780280885.0708876,12.20846176147461,decode,1,0,451641,0.0,0.0,0.0,0.0,0.0,0
engine_step_start,1780280885.0708957,1780280885.0708957,1780280885.0833309,12.435197830200195,decode,1,0,451641,0.0,0.0,0.0,0.0,0.0,0
engine_step_start,1780280885.0709648,1780280885.0709648,1780280885.0833578,12.392997741699219,decode,0,0,451640,0.0,0.0,0.0,0.0,0.0,0
engine_step_start,1780280885.0833461,1780280885.0833461,1780280885.0956147,12.268543243408203,decode,1,0,451641,10.051965713500977,0.8193283843134207,10.051965713500977,0.8193283843134207,1.0,1
engine_step_start,1780280885.083377,1780280885.083377,1780280885.0957184,12.341499328613281,decode,0,0,451640,10.155677795410156,0.8228884939340082,10.155677795410156,0.8228884939340082,1.0,1
engine_step_start,1780280885.0956228,1780280885.0956228,1780280885.1086504,13.027667999267578,decode,1,0,451641,10.034799575805664,0.7702682917901981,10.034799575805664,0.7702682917901981,1.0,1
engine_step_start,1780280885.0957413,1780280885.0957413,1780280885.1087956,13.054370880126953,decode,0,0,451640,10.061502456665039,0.7707382109069657,10.061502456665039,0.7707382109069657,1.0,1
engine_step_start,1780280885.1086547,1780280885.1086547,1780280885.121011,12.356281280517578,decode,1,0,451641,2.7120113372802734,0.21948442866514878,2.7120113372802734,0.21948442866514878,1.0,1
engine_step_start,1780280885.108809,1780280885.108809,1780280885.1210828,12.273788452148438,decode,0,0,451640,2.5577545166015625,0.2083916083916084,2.5577545166015625,0.2083916083916084,1.0,1
engine_step_start,1780280885.121016,1780280885.121016,1780280885.1334014,12.385368347167969,decode,1,0,451641,0.0,0.0,0.0,0.0,0.0,0
engine_step_start,1780280885.1210952,1780280885.1210952,1780280885.1333597,12.264490127563477,decode,0,0,451640,0.0,0.0,0.0,0.0,0.0,0
engine_step_start,1780280885.1337867,1780280885.1337867,1780280885.1456392,11.852502822875977,decode,0,0,451640,9.34457778930664,0.7884054472673144,9.34457778930664,0.7884054472673144,1.0,1
engine_step_start,1780280885.1338103,1780280885.1338103,1780280885.145505,11.694669723510742,decode,1,0,451641,9.210348129272461,0.7875680414262706,9.210348129272461,0.7875680414262706,1.0,1
engine_step_start,1780280885.1455195,1780280885.1455195,1780280885.1577506,12.231111526489258,decode,1,0,451641,12.231111526489258,1.0,12.231111526489258,1.0,1.0,1
engine_step_start,1780280885.1456525,1780280885.1456525,1780280885.157733,12.08043098449707,decode,0,0,451640,12.08043098449707,1.0,12.08043098449707,1.0,1.0,1
engine_step_start,1780280885.157739,1780280885.157739,1780280885.1699657,12.22681999206543,decode,0,0,451640,2.2156238555908203,0.18121014761226917,2.2156238555908203,0.18121014761226917,1.0,1
engine_step_start,1780280885.157756,1780280885.157756,1780280885.1699736,12.217521667480469,decode,1,0,451641,2.198457717895508,0.1799430177191476,2.198457717895508,0.1799430177191476,1.0,1
engine_step_start,1780280885.1699722,1780280885.1699722,1780280885.1822107,12.238502502441406,decode,0,0,451640,0.0,0.0,0.0,0.0,0.0,0
engine_step_start,1780280885.1699789,1780280885.1699789,1780280885.182176,12.197256088256836,decode,1,0,451641,0.0,0.0,0.0,0.0,0.0,0
engine_step_start,1780280885.182181,1780280885.182181,1780280885.1944995,12.318611145019531,decode,1,0,451641,9.770870208740234,0.7931795308508167,9.770870208740234,0.7931795308508167,1.0,1
engine_step_start,1780280885.1822267,1780280885.1822267,1780280885.1945662,12.339591979980469,decode,0,0,451640,9.837627410888672,0.7972408996058428,9.837627410888672,0.7972408996058428,1.0,1
engine_step_start,1780280885.1945214,1780280885.1945214,1780280885.2067797,12.258291244506836,decode,1,0,451641,6.414175033569336,0.5232519692696684,6.255149841308594,0.5102791014295439,1.02542308278701,2
engine_step_start,1780280885.19458,1780280885.19458,1780280885.206789,12.208938598632812,decode,0,0,451640,6.355524063110352,0.5205631932510545,6.196498870849609,0.5075378847055148,1.0256637168141594,2
engine_step_start,1780280885.2067933,1780280885.2067933,1780280885.219037,12.24374771118164,decode,1,0,451641,0.0,0.0,0.0,0.0,0.0,0
engine_step_start,1780280885.2067952,1780280885.2067952,1780280885.2190645,12.269258499145508,decode,0,0,451640,0.0,0.0,0.0,0.0,0.0,0
engine_step_start,1780280885.219042,1780280885.219042,1780280885.23136,12.317895889282227,decode,1,0,451641,0.0,0.0,0.0,0.0,0.0,0
engine_step_start,1780280885.2190704,1780280885.2190704,1780280885.2312748,12.204408645629883,decode,0,0,451640,0.0,0.0,0.0,0.0,0.0,0
engine_step_start,1780280885.2312882,1780280885.2312882,1780280885.2435472,12.25900650024414,decode,0,0,451640,0.0,0.0,0.0,0.0,0.0,0
engine_step_start,1780280885.2313724,1780280885.2313724,1780280885.2434413,12.068986892700195,decode,1,0,451641,0.0,0.0,0.0,0.0,0.0,0
engine_step_start,1780280885.2434464,1780280885.2434464,1780280885.255637,12.190580368041992,decode,1,0,451641,0.0,0.0,0.0,0.0,0.0,0
engine_step_start,1780280885.2435532,1780280885.2435532,1780280885.2556713,12.118101119995117,decode,0,0,451640,0.0,0.0,0.0,0.0,0.0,0
engine_step_start,1780280885.2556517,1780280885.2556517,1780280885.2678218,12.170076370239258,decode,1,0,451641,19.6533203125,1.6148888235870311,9.862184524536133,0.8103634048388677,1.9927958418953222,2
engine_step_start,1780280885.2556863,1780280885.2556863,1780280885.2677546,12.06827163696289,decode,0,0,451640,19.51885223388672,1.617369315263345,9.794950485229492,0.8116282745268482,1.992746391451452,2
engine_step_start,1780280885.2677681,1780280885.2677681,1780280885.2801073,12.339115142822266,decode,0,0,451640,24.67823028564453,2.0,12.339115142822266,1.0,2.0,2
engine_step_start,1780280885.267836,1780280885.267836,1780280885.2800496,12.213468551635742,decode,1,0,451641,24.426937103271484,2.0,12.213468551635742,1.0,2.0,2
engine_step_start,1780280885.2800548,1780280885.2800548,1780280885.2922826,12.227773666381836,decode,1,0,451641,5.012750625610352,0.4099479400237877,2.5658607482910156,0.2098387505605709,1.9536331536889053,2
engine_step_start,1780280885.2801127,1780280885.2801127,1780280885.292466,12.353181838989258,decode,0,0,451640,4.896879196166992,0.3964063072973964,2.507925033569336,0.20301854746878198,1.9525620306112748,2
engine_step_start,1780280885.2922869,1780280885.2922869,1780280885.3046098,12.32290267944336,decode,1,0,451641,0.0,0.0,0.0,0.0,0.0,0
engine_step_start,1780280885.2924786,1780280885.2924786,1780280885.3046887,12.21013069152832,decode,0,0,451640,0.0,0.0,0.0,0.0,0.0,0
engine_step_start,1780280885.3046143,1780280885.3046143,1780280885.3169668,12.352466583251953,decode,1,0,451641,0.0,0.0,0.0,0.0,0.0,0
engine_step_start,1780280885.3046951,1780280885.3046951,1780280885.3170245,12.329339981079102,decode,0,0,451640,0.0,0.0,0.0,0.0,0.0,0
engine_step_start,1780280885.316979,1780280885.316979,1780280885.329151,12.17198371887207,decode,1,0,451641,0.0,0.0,0.0,0.0,0.0,0
engine_step_start,1780280885.3170376,1780280885.3170376,1780280885.3292928,12.255191802978516,decode,0,0,451640,0.0,0.0,0.0,0.0,0.0,0
engine_step_start,1780280885.3291552,1780280885.3291552,1780280885.3415365,12.381315231323242,decode,1,0,451641,9.66787338256836,0.7808438119812828,9.66787338256836,0.7808438119812828,1.0,1
engine_step_start,1780280885.3293076,1780280885.3293076,1780280885.341572,12.264490127563477,decode,0,0,451640,9.703397750854492,0.7911782430357108,9.703397750854492,0.7911782430357108,1.0,1
engine_step_start,1780280885.3415477,1780280885.3415477,1780280885.3536828,12.135028839111328,decode,1,0,451641,12.135028839111328,1.0,12.135028839111328,1.0,1.0,1
engine_step_start,1780280885.3415852,1780280885.3415852,1780280885.3538,12.214899063110352,decode,0,0,451640,12.214899063110352,1.0,12.214899063110352,1.0,1.0,1
engine_step_start,1780280885.353687,1780280885.353687,1780280885.366057,12.369871139526367,decode,1,0,451641,2.4526119232177734,0.19827303741109806,2.4526119232177734,0.19827303741109806,1.0,1
engine_step_start,1780280885.3538086,1780280885.3538086,1780280885.3660383,12.229681015014648,decode,0,0,451640,2.3310184478759766,0.19060337264840627,2.3310184478759766,0.19060337264840627,1.0,1
engine_step_start,1780280885.3660443,1780280885.3660443,1780280885.378399,12.354612350463867,decode,0,0,451640,0.0,0.0,0.0,0.0,0.0,0
engine_step_start,1780280885.366061,1780280885.366061,1780280885.3783598,12.298822402954102,decode,1,0,451641,0.0,0.0,0.0,0.0,0.0,0
engine_step_start,1780280885.378372,1780280885.378372,1780280885.390618,12.246131896972656,decode,1,0,451641,0.0,0.0,0.0,0.0,0.0,0
engine_step_start,1780280885.378405,1780280885.378405,1780280885.3905888,12.183666229248047,decode,0,0,451640,0.0,0.0,0.0,0.0,0.0,0
engine_step_start,1780280885.3906026,1780280885.3906026,1780280885.4029682,12.365579605102539,decode,0,0,451640,0.0,0.0,0.0,0.0,0.0,0
engine_step_start,1780280885.3906248,1780280885.3906248,1780280885.4029713,12.346506118774414,decode,1,0,451641,0.0,0.0,0.0,0.0,0.0,0
engine_step_start,1780280885.4029777,1780280885.4029777,1780280885.4151433,12.165546417236328,decode,1,0,451641,9.647607803344727,0.7930270842315682,9.647607803344727,0.7930270842315682,1.0,1
engine_step_start,1780280885.402991,1780280885.402991,1780280885.41526,12.269020080566406,decode,0,0,451640,9.764432907104492,0.7958608628060629,9.764432907104492,0.7958608628060629,1.0,1
engine_step_start,1780280885.4151483,1780280885.4151483,1780280885.4274983,12.350082397460938,decode,1,0,451641,12.350082397460938,1.0,12.350082397460938,1.0,1.0,1
engine_step_start,1780280885.4152722,1780280885.4152722,1780280885.427489,12.216806411743164,decode,0,0,451640,12.216806411743164,1.0,12.216806411743164,1.0,1.0,1
engine_step_start,1780280885.4275014,1780280885.4275014,1780280885.4397254,12.223958969116211,decode,0,0,451640,12.349843978881836,1.010298219266252,12.223958969116211,1.0,1.010298219266252,2
engine_step_start,1780280885.4275148,1780280885.4275148,1780280885.4396987,12.183904647827148,decode,1,0,451641,12.309789657592773,1.0103320744378999,12.183904647827148,1.0,1.0103320744378999,2
engine_step_start,1780280885.4397097,1780280885.4397097,1780280885.451961,12.25137710571289,decode,1,0,451641,12.25137710571289,1.0,12.25137710571289,1.0,1.0,1
engine_step_start,1780280885.4397314,1780280885.4397314,1780280885.4520154,12.284040451049805,decode,0,0,451640,12.284040451049805,1.0,12.284040451049805,1.0,1.0,1
engine_step_start,1780280885.4519665,1780280885.4519665,1780280885.4642136,12.247085571289062,decode,1,0,451641,2.5451183319091797,0.2078142033951098,2.5451183319091797,0.2078142033951098,1.0,1
engine_step_start,1780280885.4520214,1780280885.4520214,1780280885.464329,12.30764389038086,decode,0,0,451640,2.4902820587158203,0.20233621324241602,2.4902820587158203,0.20233621324241602,1.0,1
engine_step_start,1780280885.464218,1780280885.464218,1780280885.4766378,12.419939041137695,decode,1,0,451641,0.0,0.0,0.0,0.0,0.0,0
engine_step_start,1780280885.4643488,1780280885.4643488,1780280885.4766793,12.33053207397461,decode,0,0,451640,0.0,0.0,0.0,0.0,0.0,0
engine_step_start,1780280885.476643,1780280885.476643,1780280885.4888136,12.170553207397461,decode,1,0,451641,0.0,0.0,0.0,0.0,0.0,0
engine_step_start,1780280885.476685,1780280885.476685,1780280885.4888363,12.151241302490234,decode,0,0,451640,0.0,0.0,0.0,0.0,0.0,0
engine_step_start,1780280885.4888244,1780280885.4888244,1780280885.5011058,12.281417846679688,decode,1,0,451641,0.0,0.0,0.0,0.0,0.0,0
engine_step_start,1780280885.4888422,1780280885.4888422,1780280885.5013416,12.499332427978516,decode,0,0,451640,0.0,0.0,0.0,0.0,0.0,0
engine_step_start,1780280885.5011108,1780280885.5011108,1780280885.5134234,12.312650680541992,decode,1,0,451641,9.631872177124023,0.7822744612048099,9.631872177124023,0.7822744612048099,1.0,1
engine_step_start,1780280885.5013583,1780280885.5013583,1780280885.5133438,11.985540390014648,decode,0,0,451640,9.552240371704102,0.7969803664140359,9.552240371704102,0.7969803664140359,1.0,1
engine_step_start,1780280885.5133588,1780280885.5133588,1780280885.5255995,12.24064826965332,decode,0,0,451640,12.24064826965332,1.0,12.24064826965332,1.0,1.0,1
engine_step_start,1780280885.5134294,1780280885.5134294,1780280885.5256429,12.213468551635742,decode,1,0,451641,12.213468551635742,1.0,12.213468551635742,1.0,1.0,1
engine_step_start,1780280885.5260417,1780280885.5260417,1780280885.5379422,11.90042495727539,decode,0,0,451640,14.833211898803711,1.2464438834795848,11.90042495727539,1.0,1.2464438834795848,2
engine_step_start,1780280885.52605,1780280885.52605,1780280885.5379496,11.899471282958984,decode,1,0,451641,14.832258224487305,1.246463634542176,11.899471282958984,1.0,1.246463634542176,2
engine_step_start,1780280885.5379546,1780280885.5379546,1780280885.5504007,12.446165084838867,decode,1,0,451641,2.402067184448242,0.19299657107829052,2.402067184448242,0.19299657107829052,1.0,1
engine_step_start,1780280885.5379562,1780280885.5379562,1780280885.5503032,12.346982955932617,decode,0,0,451640,2.4003982543945312,0.1944117249502771,2.4003982543945312,0.1944117249502771,1.0,1
engine_step_start,1780280885.5503109,1780280885.5503109,1780280885.562602,12.291193008422852,decode,0,0,451640,0.0,0.0,0.0,0.0,0.0,0
engine_step_start,1780280885.5504088,1780280885.5504088,1780280885.562603,12.194156646728516,decode,1,0,451641,0.0,0.0,0.0,0.0,0.0,0
engine_step_start,1780280885.562611,1780280885.562611,1780280885.574922,12.310981750488281,decode,1,0,451641,0.0,0.0,0.0,0.0,0.0,0
engine_step_start,1780280885.5626175,1780280885.5626175,1780280885.5748432,12.225627899169922,decode,0,0,451640,0.0,0.0,0.0,0.0,0.0,0
engine_step_start,1780280885.5748563,1780280885.5748563,1780280885.5871391,12.282848358154297,decode,0,0,451640,9.976387023925781,0.8122209713109981,9.976387023925781,0.8122209713109981,1.0,1
engine_step_start,1780280885.5749412,1780280885.5749412,1780280885.5871959,12.254714965820312,decode,1,0,451641,10.033130645751953,0.818715953307393,10.033130645751953,0.818715953307393,1.0,1
engine_step_start,1780280885.587145,1780280885.587145,1780280885.5994048,12.259721755981445,decode,0,0,451640,12.259721755981445,1.0,12.259721755981445,1.0,1.0,1
engine_step_start,1780280885.587211,1780280885.587211,1780280885.5994391,12.228250503540039,decode,1,0,451641,12.228250503540039,1.0,12.228250503540039,1.0,1.0,1
engine_step_start,1780280885.5994215,1780280885.5994215,1780280885.6117482,12.326717376708984,decode,0,0,451640,5.186319351196289,0.4207380758964837,5.091190338134766,0.41302077289079725,1.0186850238831133,2
engine_step_start,1780280885.599452,1780280885.599452,1780280885.611661,12.208938598632812,decode,1,0,451641,5.155801773071289,0.4222972972972973,5.060672760009766,0.4145055460084362,1.0187977009328182,2
engine_step_start,1780280885.6116667,1780280885.6116667,1780280885.6239095,12.242794036865234,decode,1,0,451641,0.0,0.0,0.0,0.0,0.0,0
engine_step_start,1780280885.6117625,1780280885.6117625,1780280885.6239958,12.233257293701172,decode,0,0,451640,0.0,0.0,0.0,0.0,0.0,0
engine_step_start,1780280885.623915,1780280885.623915,1780280885.6361938,12.27879524230957,decode,1,0,451641,0.0,0.0,0.0,0.0,0.0,0
engine_step_start,1780280885.6240022,1780280885.6240022,1780280885.6361465,12.144327163696289,decode,0,0,451640,0.0,0.0,0.0,0.0,0.0,0
engine_step_start,1780280885.6361597,1780280885.6361597,1780280885.6484802,12.320518493652344,decode,0,0,451640,6.310939788818359,0.5122300487653844,6.310939788818359,0.5122300487653844,1.0,1
engine_step_start,1780280885.6362193,1780280885.6362193,1780280885.6485064,12.287139892578125,decode,1,0,451641,6.310939788818359,0.5136215461036945,6.310939788818359,0.5136215461036945,1.0,1
engine_step_start,1780280885.6484861,1780280885.6484861,1780280885.6608093,12.323141098022461,decode,0,0,451640,0.0,0.0,0.0,0.0,0.0,0
engine_step_start,1780280885.6485176,1780280885.6485176,1780280885.6608603,12.342691421508789,decode,1,0,451641,0.0,0.0,0.0,0.0,0.0,0
engine_step_start,1780280885.6608326,1780280885.6608326,1780280885.6731608,12.328147888183594,decode,0,0,451640,9.936094284057617,0.8059681287228282,9.936094284057617,0.8059681287228282,1.0,1
engine_step_start,1780280885.660866,1780280885.660866,1780280885.673216,12.350082397460938,decode,1,0,451641,9.99140739440918,0.809015444015444,9.99140739440918,0.809015444015444,1.0,1
engine_step_start,1780280885.6731732,1780280885.6731732,1780280885.6854935,12.320280075073242,decode,0,0,451640,2.3534297943115234,0.19102080309627478,2.3534297943115234,0.19102080309627478,1.0,1
engine_step_start,1780280885.6732287,1780280885.6732287,1780280885.6855164,12.287616729736328,decode,1,0,451641,2.2978782653808594,0.1870076448445807,2.2978782653808594,0.1870076448445807,1.0,1
engine_step_start,1780280885.6855001,1780280885.6855001,1780280885.6978202,12.32004165649414,decode,0,0,451640,0.0,0.0,0.0,0.0,0.0,0
engine_step_start,1780280885.685522,1780280885.685522,1780280885.6977527,12.230634689331055,decode,1,0,451641,0.0,0.0,0.0,0.0,0.0,0
engine_step_start,1780280885.6977584,1780280885.6977584,1780280885.7100015,12.243032455444336,decode,1,0,451641,0.0,0.0,0.0,0.0,0.0,0
engine_step_start,1780280885.6978264,1780280885.6978264,1780280885.709993,12.166500091552734,decode,0,0,451640,0.0,0.0,0.0,0.0,0.0,0
engine_step_start,1780280885.7100062,1780280885.7100062,1780280885.7222586,12.252330780029297,decode,1,0,451641,10.052919387817383,0.8204903677758318,10.052919387817383,0.8204903677758318,1.0,1
engine_step_start,1780280885.7100148,1780280885.7100148,1780280885.7222385,12.22372055053711,decode,0,0,451640,10.032892227172852,0.8207723815096548,10.032892227172852,0.8207723815096548,1.0,1
engine_step_start,1780280885.7222521,1780280885.7222521,1780280885.7344768,12.224674224853516,decode,0,0,451640,12.224674224853516,1.0,12.224674224853516,1.0,1.0,1
engine_step_start,1780280885.7222648,1780280885.7222648,1780280885.7343826,12.117862701416016,decode,1,0,451641,12.117862701416016,1.0,12.117862701416016,1.0,1.0,1
engine_step_start,1780280885.7343893,1780280885.7343893,1780280885.7465985,12.209177017211914,decode,1,0,451641,8.443117141723633,0.6915385967310433,5.405187606811523,0.44271514772793846,1.5620396100745446,2
engine_step_start,1780280885.7344918,1780280885.7344918,1780280885.7465575,12.065649032592773,decode,0,0,451640,8.340597152709961,0.6912680064022764,5.302667617797852,0.4394846562728476,1.5729058945191314,2
engine_step_start,1780280885.74657,1780280885.74657,1780280885.7587721,12.202024459838867,decode,0,0,451640,0.0,0.0,0.0,0.0,0.0,0
engine_step_start,1780280885.746603,1780280885.746603,1780280885.7588086,12.20560073852539,decode,1,0,451641,0.0,0.0,0.0,0.0,0.0,0
engine_step_start,1780280885.7587788,1780280885.7587788,1780280885.7709186,12.13979721069336,decode,0,0,451640,0.0,0.0,0.0,0.0,0.0,0
engine_step_start,1780280885.7588139,1780280885.7588139,1780280885.770927,12.113094329833984,decode,1,0,451641,0.0,0.0,0.0,0.0,0.0,0
engine_step_start,1780280885.7709315,1780280885.7709315,1780280885.783038,12.10641860961914,decode,0,0,451640,9.71531867980957,0.8024932057190122,9.71531867980957,0.8024932057190122,1.0,1
engine_step_start,1780280885.7709444,1780280885.7709444,1780280885.7829483,12.003898620605469,decode,1,0,451641,9.625673294067383,0.8018789226980217,9.625673294067383,0.8018789226980217,1.0,1
engine_step_start,1780280885.78296,1780280885.78296,1780280885.7951157,12.155771255493164,decode,1,0,451641,12.155771255493164,1.0,12.155771255493164,1.0,1.0,1
engine_step_start,1780280885.7830439,1780280885.7830439,1780280885.7951386,12.094736099243164,decode,0,0,451640,12.094736099243164,1.0,12.094736099243164,1.0,1.0,1
engine_step_start,1780280885.7951243,1780280885.7951243,1780280885.8072934,12.169122695922852,decode,1,0,451641,4.340171813964844,0.3566544542622598,4.258394241333008,0.3499343664896848,1.019203851967975,2
engine_step_start,1780280885.7951543,1780280885.7951543,1780280885.8072343,12.079954147338867,decode,0,0,451640,4.310131072998047,0.3568002842086565,4.228353500366211,0.35003059190400065,1.019340287566958,2
engine_step_start,1780280885.8072479,1780280885.8072479,1780280885.819562,12.314081192016602,decode,0,0,451640,0.0,0.0,0.0,0.0,0.0,0
engine_step_start,1780280885.8072994,1780280885.8072994,1780280885.8194876,12.188196182250977,decode,1,0,451641,0.0,0.0,0.0,0.0,0.0,0
engine_step_start,1780280885.8194942,1780280885.8194942,1780280885.8316245,12.130260467529297,decode,1,0,451641,0.0,0.0,0.0,0.0,0.0,0
engine_step_start,1780280885.8195682,1780280885.8195682,1780280885.8316588,12.090682983398438,decode,0,0,451640,0.0,0.0,0.0,0.0,0.0,0
engine_step_start,1780280885.8316376,1780280885.8316376,1780280885.8438866,12.248992919921875,decode,1,0,451641,0.0,0.0,0.0,0.0,0.0,0
engine_step_start,1780280885.8316722,1780280885.8316722,1780280885.8439593,12.287139892578125,decode,0,0,451640,0.0,0.0,0.0,0.0,0.0,0
engine_step_start,1780280885.8438916,1780280885.8438916,1780280885.8560321,12.140512466430664,decode,1,0,451641,0.0,0.0,0.0,0.0,0.0,0
engine_step_start,1780280885.8439658,1780280885.8439658,1780280885.8561022,12.136459350585938,decode,0,0,451640,0.0,0.0,0.0,0.0,0.0,0
engine_step_start,1780280885.8560371,1780280885.8560371,1780280885.8682063,12.169122695922852,decode,1,0,451641,0.0,0.0,0.0,0.0,0.0,0
engine_step_start,1780280885.8561082,1780280885.8561082,1780280885.8682666,12.158393859863281,decode,0,0,451640,0.0,0.0,0.0,0.0,0.0,0
engine_step_start,1780280885.8682117,1780280885.8682117,1780280885.8804204,12.208700180053711,decode,1,0,451641,0.0,0.0,0.0,0.0,0.0,0
engine_step_start,1780280885.8682718,1780280885.8682718,1780280885.8804147,12.14289665222168,decode,0,0,451640,0.0,0.0,0.0,0.0,0.0,0
engine_step_start,1780280885.8804202,1780280885.8804202,1780280885.8925772,12.156963348388672,decode,0,0,451640,0.0,0.0,0.0,0.0,0.0,0
engine_step_start,1780280885.8804257,1780280885.8804257,1780280885.8925045,12.07876205444336,decode,1,0,451641,0.0,0.0,0.0,0.0,0.0,0
engine_step_start,1780280885.8925107,1780280885.8925107,1780280885.9047434,12.232780456542969,decode,1,0,451641,0.0,0.0,0.0,0.0,0.0,0
engine_step_start,1780280885.8925827,1780280885.8925827,1780280885.9047692,12.186527252197266,decode,0,0,451640,0.0,0.0,0.0,0.0,0.0,0
engine_step_start,1780280885.9047503,1780280885.9047503,1780280885.9169843,12.233972549438477,decode,1,0,451641,0.0,0.0,0.0,0.0,0.0,0
engine_step_start,1780280885.904775,1780280885.904775,1780280885.9170742,12.299299240112305,decode,0,0,451640,0.0,0.0,0.0,0.0,0.0,0
engine_step_start,1780280885.9175375,1780280885.9175375,1780280885.9292266,11.689186096191406,decode,1,0,451641,9.159088134765625,0.7835522558537978,9.159088134765625,0.7835522558537978,1.0,1
engine_step_start,1780280885.9175417,1780280885.9175417,1780280885.9293222,11.780500411987305,decode,0,0,451640,9.254693984985352,0.78559430086418,9.254693984985352,0.78559430086418,1.0,1
engine_step_start,1780280885.9292326,1780280885.9292326,1780280885.9483263,19.093751907348633,decode,1,0,451641,19.093751907348633,1.0,19.093751907348633,1.0,1.0,1
engine_step_start,1780280885.9293435,1780280885.9293435,1780280885.9482124,18.86892318725586,decode,0,0,451640,18.86892318725586,1.0,18.86892318725586,1.0,1.0,1
engine_step_start,1780280885.948218,1780280885.948218,1780280885.9604979,12.279748916625977,decode,0,0,451640,5.71751594543457,0.46560528104067567,5.521535873413086,0.4496456654693719,1.0354937605250658,2
engine_step_start,1780280885.9483573,1780280885.9483573,1780280885.960387,12.029647827148438,decode,1,0,451641,5.578279495239258,0.4637109560805454,5.382299423217773,0.44741953385127636,1.0364119601328903,2
engine_step_start,1780280885.960409,1780280885.960409,1780280885.9724634,12.054443359375,decode,1,0,451641,19.052505493164062,1.5805379746835444,9.54580307006836,0.7918908227848102,1.9959038913032618,2
engine_step_start,1780280885.960512,1780280885.960512,1780280885.9725137,12.001752853393555,decode,0,0,451640,19.153118133544922,1.5958600687339837,9.596109390258789,0.7995589900474781,1.9959253646053319,2
engine_step_start,1780280885.972474,1780280885.972474,1780280885.9857605,13.286352157592773,decode,1,0,451641,9.292840957641602,0.6994275665296894,4.6863555908203125,0.3527195075995478,1.982956857956858,2
engine_step_start,1780280885.9725275,1780280885.9725275,1780280885.9857647,13.237237930297852,decode,0,0,451640,9.186029434204102,0.6939536391635598,4.6329498291015625,0.34999369607896114,1.9827603952243722,2
engine_step_start,1780280885.9857724,1780280885.9857724,1780280885.9979825,12.21013069152832,decode,1,0,451641,0.0,0.0,0.0,0.0,0.0,0
engine_step_start,1780280885.9857779,1780280885.9857779,1780280885.997957,12.179136276245117,decode,0,0,451640,0.0,0.0,0.0,0.0,0.0,0
engine_step_start,1780280885.9979632,1780280885.9979632,1780280886.0101037,12.140512466430664,decode,0,0,451640,0.0,0.0,0.0,0.0,0.0,0
engine_step_start,1780280885.9979942,1780280885.9979942,1780280886.0101244,12.130260467529297,decode,1,0,451641,0.0,0.0,0.0,0.0,0.0,0
engine_step_start,1780280886.0101163,1780280886.0101163,1780280886.022324,12.207746505737305,decode,0,0,451640,0.0,0.0,0.0,0.0,0.0,0
engine_step_start,1780280886.0101373,1780280886.0101373,1780280886.0221736,12.036323547363281,decode,1,0,451641,0.0,0.0,0.0,0.0,0.0,0
engine_step_start,1780280886.0221786,1780280886.0221786,1780280886.0344186,12.239933013916016,decode,1,0,451641,0.0,0.0,0.0,0.0,0.0,0
engine_step_start,1780280886.0223436,1780280886.0223436,1780280886.0345206,12.176990509033203,decode,0,0,451640,0.0,0.0,0.0,0.0,0.0,0
engine_step_start,1780280886.0344243,1780280886.0344243,1780280886.0467045,12.28022575378418,decode,1,0,451641,9.707927703857422,0.7905333255673986,9.707927703857422,0.7905333255673986,1.0,1
engine_step_start,1780280886.0345373,1780280886.0345373,1780280886.0467436,12.206315994262695,decode,0,0,451640,9.747028350830078,0.7985233509775963,9.747028350830078,0.7985233509775963,1.0,1
engine_step_start,1780280886.0467172,1780280886.0467172,1780280886.0588593,12.142181396484375,decode,1,0,451641,12.142181396484375,1.0,12.142181396484375,1.0,1.0,1
engine_step_start,1780280886.0467567,1780280886.0467567,1780280886.0589006,12.143850326538086,decode,0,0,451640,12.143850326538086,1.0,12.143850326538086,1.0,1.0,1
engine_step_start,1780280886.0588644,1780280886.0588644,1780280886.071162,12.297630310058594,decode,1,0,451641,2.4442672729492188,0.1987592089957348,2.4442672729492188,0.1987592089957348,1.0,1
engine_step_start,1780280886.0589063,1780280886.0589063,1780280886.0713022,12.395858764648438,decode,0,0,451640,2.4023056030273438,0.193799046007078,2.4023056030273438,0.193799046007078,1.0,1
engine_step_start,1780280886.0711684,1780280886.0711684,1780280886.0834603,12.291908264160156,decode,1,0,451641,0.0,0.0,0.0,0.0,0.0,0
engine_step_start,1780280886.0713084,1780280886.0713084,1780280886.0836148,12.306451797485352,decode,0,0,451640,0.0,0.0,0.0,0.0,0.0,0
engine_step_start,1780280886.0834644,1780280886.0834644,1780280886.0956566,12.192249298095703,decode,1,0,451641,0.0,0.0,0.0,0.0,0.0,0
engine_step_start,1780280886.0836205,1780280886.0836205,1780280886.0957363,12.115716934204102,decode,0,0,451640,0.0,0.0,0.0,0.0,0.0,0
engine_step_start,1780280886.095661,1780280886.095661,1780280886.107887,12.226104736328125,decode,1,0,451641,0.0,0.0,0.0,0.0,0.0,0
engine_step_start,1780280886.0957491,1780280886.0957491,1780280886.1079693,12.220144271850586,decode,0,0,451640,0.0,0.0,0.0,0.0,0.0,0
engine_step_start,1780280886.107892,1780280886.107892,1780280886.1200774,12.185335159301758,decode,1,0,451641,0.0,0.0,0.0,0.0,0.0,0
engine_step_start,1780280886.1079755,1780280886.1079755,1780280886.1201687,12.19320297241211,decode,0,0,451640,0.0,0.0,0.0,0.0,0.0,0
engine_step_start,1780280886.1200922,1780280886.1200922,1780280886.1323133,12.221097946166992,decode,1,0,451641,18.84007453918457,1.5416024503014105,9.423494338989258,0.7710841023039856,1.9992662871600253,2
engine_step_start,1780280886.1201854,1780280886.1201854,1780280886.1323245,12.139081954956055,decode,0,0,451640,18.862485885620117,1.5538642836099381,9.434700012207031,0.7772169301777472,1.9992671585969877,2
engine_step_start,1780280886.1323247,1780280886.1323247,1780280886.1565855,24.260759353637695,decode,1,0,451641,39.604902267456055,1.6324675452303035,24.260759353637695,1.0,1.6324675452303035,2
engine_step_start,1780280886.132348,1780280886.132348,1780280886.1566284,24.280309677124023,decode,0,0,451640,39.60108757019043,1.6309959838568722,24.280309677124023,1.0,1.6309959838568722,2
engine_step_start,1780280886.1565993,1780280886.1565993,1780280886.1687503,12.151002883911133,decode,1,0,451641,13.014078140258789,1.0710291376434808,12.151002883911133,1.0,1.0710291376434808,3
engine_step_start,1780280886.1566415,1780280886.1566415,1780280886.1687648,12.123346328735352,decode,0,0,451640,12.986421585083008,1.071191173867726,12.123346328735352,1.0,1.071191173867726,3
engine_step_start,1780280886.16876,1780280886.16876,1780280886.1810365,12.276411056518555,decode,1,0,451641,2.8905868530273438,0.23545862383717542,2.8905868530273438,0.23545862383717542,1.0,1
engine_step_start,1780280886.1687777,1780280886.1687777,1780280886.1809514,12.173652648925781,decode,0,0,451640,2.872943878173828,0.23599686643164905,2.872943878173828,0.23599686643164905,1.0,1
engine_step_start,1780280886.1809642,1780280886.1809642,1780280886.1932921,12.327909469604492,decode,0,0,451640,0.0,0.0,0.0,0.0,0.0,0
engine_step_start,1780280886.1810412,1780280886.1810412,1780280886.1932402,12.198925018310547,decode,1,0,451641,0.0,0.0,0.0,0.0,0.0,0
engine_step_start,1780280886.1932604,1780280886.1932604,1780280886.2055736,12.313127517700195,decode,1,0,451641,9.768962860107422,0.7933778681382515,9.768962860107422,0.7933778681382515,1.0,1
engine_step_start,1780280886.1932979,1780280886.1932979,1780280886.205566,12.26806640625,decode,0,0,451640,9.761333465576172,0.7956700870646766,9.761333465576172,0.7956700870646766,1.0,1
engine_step_start,1780280886.2055786,1780280886.2055786,1780280886.217877,12.298345565795898,decode,0,0,451640,2.2630691528320312,0.18401411317682181,2.2630691528320312,0.18401411317682181,1.0,1
engine_step_start,1780280886.2055852,1780280886.2055852,1780280886.2178671,12.28189468383789,decode,1,0,451641,2.2563934326171875,0.18371704779283302,2.2563934326171875,0.18371704779283302,1.0,1
engine_step_start,1780280886.217872,1780280886.217872,1780280886.230139,12.267112731933594,decode,1,0,451641,0.0,0.0,0.0,0.0,0.0,0
engine_step_start,1780280886.2178836,1780280886.2178836,1780280886.2301602,12.276649475097656,decode,0,0,451640,0.0,0.0,0.0,0.0,0.0,0
engine_step_start,1780280886.2301464,1780280886.2301464,1780280886.2423446,12.198209762573242,decode,1,0,451641,0.0,0.0,0.0,0.0,0.0,0
engine_step_start,1780280886.2301662,1780280886.2301662,1780280886.2423453,12.179136276245117,decode,0,0,451640,0.0,0.0,0.0,0.0,0.0,0
engine_step_start,1780280886.2423518,1780280886.2423518,1780280886.2546074,12.255668640136719,decode,0,0,451640,0.0,0.0,0.0,0.0,0.0,0
engine_step_start,1780280886.2423599,1780280886.2423599,1780280886.2545154,12.155532836914062,decode,1,0,451641,0.0,0.0,0.0,0.0,0.0,0
engine_step_start,1780280886.2545204,1780280886.2545204,1780280886.2669036,12.383222579956055,decode,1,0,451641,0.0,0.0,0.0,0.0,0.0,0
engine_step_start,1780280886.2546146,1780280886.2546146,1780280886.2668397,12.225151062011719,decode,0,0,451640,0.0,0.0,0.0,0.0,0.0,0
engine_step_start,1780280886.2668457,1780280886.2668457,1780280886.2791035,12.257814407348633,decode,0,0,451640,0.0,0.0,0.0,0.0,0.0,0
engine_step_start,1780280886.2669084,1780280886.2669084,1780280886.2791262,12.21776008605957,decode,1,0,451641,0.0,0.0,0.0,0.0,0.0,0
engine_step_start,1780280886.2791197,1780280886.2791197,1780280886.2913322,12.212514877319336,decode,0,0,451640,16.420602798461914,1.3445717743982195,9.722709655761719,0.7961267399410421,1.688891613536047,2
engine_step_start,1780280886.2791471,1780280886.2791471,1780280886.2913132,12.166023254394531,decode,1,0,451641,16.40152931213379,1.3481421964411695,9.703636169433594,0.7976013169240417,1.6902457002457003,2
engine_step_start,1780280886.2913256,1780280886.2913256,1780280886.303656,12.33053207397461,decode,1,0,451641,12.33053207397461,1.0,12.33053207397461,1.0,1.0,1
engine_step_start,1780280886.291355,1780280886.291355,1780280886.3036659,12.310981750488281,decode,0,0,451640,12.310981750488281,1.0,12.310981750488281,1.0,1.0,1
engine_step_start,1780280886.3036616,1780280886.3036616,1780280886.3158543,12.192726135253906,decode,1,0,451641,2.470254898071289,0.20260070394994134,2.470254898071289,0.20260070394994134,1.0,1
engine_step_start,1780280886.3036714,1780280886.3036714,1780280886.3158712,12.199878692626953,decode,0,0,451640,2.460479736328125,0.20168067226890757,2.460479736328125,0.20168067226890757,1.0,1
engine_step_start,1780280886.3158598,1780280886.3158598,1780280886.3280354,12.175559997558594,decode,1,0,451641,0.0,0.0,0.0,0.0,0.0,0
engine_step_start,1780280886.3158853,1780280886.3158853,1780280886.328109,12.22372055053711,decode,0,0,451640,0.0,0.0,0.0,0.0,0.0,0
engine_step_start,1780280886.3285496,1780280886.3285496,1780280886.3403811,11.831521987915039,decode,0,0,451640,0.0,0.0,0.0,0.0,0.0,0
engine_step_start,1780280886.3285646,1780280886.3285646,1780280886.3403046,11.739969253540039,decode,1,0,451641,0.0,0.0,0.0,0.0,0.0,0
engine_step_start,1780280886.340318,1780280886.340318,1780280886.3526282,12.310266494750977,decode,1,0,451641,0.0,0.0,0.0,0.0,0.0,0
engine_step_start,1780280886.3403878,1780280886.3403878,1780280886.352709,12.321233749389648,decode,0,0,451640,0.0,0.0,0.0,0.0,0.0,0
engine_step_start,1780280886.3526328,1780280886.3526328,1780280886.3649442,12.311458587646484,decode,1,0,451641,0.0,0.0,0.0,0.0,0.0,0
engine_step_start,1780280886.3527153,1780280886.3527153,1780280886.3649416,12.226343154907227,decode,0,0,451640,0.0,0.0,0.0,0.0,0.0,0
engine_step_start,1780280886.3649476,1780280886.3649476,1780280886.3771882,12.24064826965332,decode,0,0,451640,0.0,0.0,0.0,0.0,0.0,0
engine_step_start,1780280886.3649485,1780280886.3649485,1780280886.3770623,12.113809585571289,decode,1,0,451641,0.0,0.0,0.0,0.0,0.0,0
engine_step_start,1780280886.3770669,1780280886.3770669,1780280886.3893447,12.277841567993164,decode,1,0,451641,0.0,0.0,0.0,0.0,0.0,0
engine_step_start,1780280886.3771944,1780280886.3771944,1780280886.3894231,12.228727340698242,decode,0,0,451640,0.0,0.0,0.0,0.0,0.0,0
engine_step_start,1780280886.3893492,1780280886.3893492,1780280886.4016027,12.253522872924805,decode,1,0,451641,0.0,0.0,0.0,0.0,0.0,0
engine_step_start,1780280886.3894293,1780280886.3894293,1780280886.4017804,12.351036071777344,decode,0,0,451640,0.0,0.0,0.0,0.0,0.0,0
engine_step_start,1780280886.4016078,1780280886.4016078,1780280886.4139454,12.337684631347656,decode,1,0,451641,0.0,0.0,0.0,0.0,0.0,0
engine_step_start,1780280886.401786,1780280886.401786,1780280886.4141076,12.32147216796875,decode,0,0,451640,0.0,0.0,0.0,0.0,0.0,0
engine_step_start,1780280886.4139516,1780280886.4139516,1780280886.4262702,12.318611145019531,decode,1,0,451641,0.0,0.0,0.0,0.0,0.0,0
engine_step_start,1780280886.4141161,1780280886.4141161,1780280886.4262595,12.143373489379883,decode,0,0,451640,0.0,0.0,0.0,0.0,0.0,0
engine_step_start,1780280886.426266,1780280886.426266,1780280886.438595,12.3291015625,decode,0,0,451640,0.0,0.0,0.0,0.0,0.0,0
engine_step_start,1780280886.426283,1780280886.426283,1780280886.438543,12.260198593139648,decode,1,0,451641,0.0,0.0,0.0,0.0,0.0,0
engine_step_start,1780280886.4385571,1780280886.4385571,1780280886.450729,12.171745300292969,decode,1,0,451641,9.864330291748047,0.8104285826216406,9.864330291748047,0.8104285826216406,1.0,1
engine_step_start,1780280886.4386015,1780280886.4386015,1780280886.450862,12.26043701171875,decode,0,0,451640,9.997367858886719,0.8154169259489732,9.997367858886719,0.8154169259489732,1.0,1
engine_step_start,1780280886.4507403,1780280886.4507403,1780280886.463084,12.343645095825195,decode,1,0,451641,2.4232864379882812,0.1963185444150426,2.4232864379882812,0.1963185444150426,1.0,1
engine_step_start,1780280886.4508681,1780280886.4508681,1780280886.4631257,12.257575988769531,decode,0,0,451640,2.2954940795898438,0.18727145413522134,2.2954940795898438,0.18727145413522134,1.0,1
engine_step_start,1780280886.4630883,1780280886.4630883,1780280886.4754527,12.364387512207031,decode,1,0,451641,0.0,0.0,0.0,0.0,0.0,0
engine_step_start,1780280886.4631321,1780280886.4631321,1780280886.4754183,12.286186218261719,decode,0,0,451640,0.0,0.0,0.0,0.0,0.0,0
engine_step_start,1780280886.475433,1780280886.475433,1780280886.487581,12.147903442382812,decode,0,0,451640,0.0,0.0,0.0,0.0,0.0,0
engine_step_start,1780280886.4754646,1780280886.4754646,1780280886.4875486,12.084007263183594,decode,1,0,451641,0.0,0.0,0.0,0.0,0.0,0
engine_step_start,1780280886.487561,1780280886.487561,1780280886.500013,12.452125549316406,decode,1,0,451641,0.0,0.0,0.0,0.0,0.0,0
engine_step_start,1780280886.487587,1780280886.487587,1780280886.499902,12.315034866333008,decode,0,0,451640,0.0,0.0,0.0,0.0,0.0,0
engine_step_start,1780280886.499908,1780280886.499908,1780280886.5122476,12.339591979980469,decode,0,0,451640,0.0,0.0,0.0,0.0,0.0,0
engine_step_start,1780280886.500026,1780280886.500026,1780280886.512103,12.077093124389648,decode,1,0,451641,0.0,0.0,0.0,0.0,0.0,0
engine_step_start,1780280886.512108,1780280886.512108,1780280886.5244944,12.386322021484375,decode,1,0,451641,0.0,0.0,0.0,0.0,0.0,0
engine_step_start,1780280886.5122547,1780280886.5122547,1780280886.5244875,12.232780456542969,decode,0,0,451640,0.0,0.0,0.0,0.0,0.0,0
engine_step_start,1780280886.5244937,1780280886.5244937,1780280886.536873,12.37940788269043,decode,0,0,451640,0.0,0.0,0.0,0.0,0.0,0
engine_step_start,1780280886.5244992,1780280886.5244992,1780280886.536726,12.22681999206543,decode,1,0,451641,0.0,0.0,0.0,0.0,0.0,0
engine_step_start,1780280886.5367308,1780280886.5367308,1780280886.5490997,12.368917465209961,decode,1,0,451641,0.0,0.0,0.0,0.0,0.0,0
engine_step_start,1780280886.5368795,1780280886.5368795,1780280886.5490477,12.168169021606445,decode,0,0,451640,0.0,0.0,0.0,0.0,0.0,0
engine_step_start,1780280886.5490541,1780280886.5490541,1780280886.5613456,12.291431427001953,decode,0,0,451640,0.0,0.0,0.0,0.0,0.0,0
engine_step_start,1780280886.5491052,1780280886.5491052,1780280886.5612617,12.156486511230469,decode,1,0,451641,0.0,0.0,0.0,0.0,0.0,0
engine_step_start,1780280886.561275,1780280886.561275,1780280886.5735786,12.303590774536133,decode,1,0,451641,9.724855422973633,0.7904079062106385,9.724855422973633,0.7904079062106385,1.0,1
engine_step_start,1780280886.5613527,1780280886.5613527,1780280886.573716,12.363195419311523,decode,0,0,451640,9.862184524536133,0.7977051393308263,9.862184524536133,0.7977051393308263,1.0,1
engine_step_start,1780280886.5735922,1780280886.5735922,1780280886.5858574,12.265205383300781,decode,1,0,451641,18.502235412597656,1.5085141124329369,12.265205383300781,1.0,1.5085141124329369,2
engine_step_start,1780280886.5737417,1780280886.5737417,1780280886.5859056,12.163877487182617,decode,0,0,451640,18.400907516479492,1.5127501519041926,12.163877487182617,1.0,1.5127501519041926,2
engine_step_start,1780280886.5858696,1780280886.5858696,1780280886.5981035,12.233972549438477,decode,1,0,451641,2.34222412109375,0.19145245844133066,2.34222412109375,0.19145245844133066,1.0,1
engine_step_start,1780280886.5859194,1780280886.5859194,1780280886.5982144,12.295007705688477,decode,0,0,451640,2.2923946380615234,0.18644922337062964,2.2923946380615234,0.18644922337062964,1.0,1
engine_step_start,1780280886.5981119,1780280886.5981119,1780280886.6103394,12.227535247802734,decode,1,0,451641,0.0,0.0,0.0,0.0,0.0,0
engine_step_start,1780280886.5982237,1780280886.5982237,1780280886.6104023,12.178659439086914,decode,0,0,451640,0.0,0.0,0.0,0.0,0.0,0
engine_step_start,1780280886.6103466,1780280886.6103466,1780280886.622537,12.19034194946289,decode,1,0,451641,0.0,0.0,0.0,0.0,0.0,0
engine_step_start,1780280886.610419,1780280886.610419,1780280886.6227143,12.295246124267578,decode,0,0,451640,0.0,0.0,0.0,0.0,0.0,0
engine_step_start,1780280886.6225514,1780280886.6225514,1780280886.6348228,12.271404266357422,decode,1,0,451641,0.0,0.0,0.0,0.0,0.0,0
engine_step_start,1780280886.6227214,1780280886.6227214,1780280886.6348553,12.13383674621582,decode,0,0,451640,0.0,0.0,0.0,0.0,0.0,0
engine_step_start,1780280886.6348274,1780280886.6348274,1780280886.6471245,12.29715347290039,decode,1,0,451641,0.0,0.0,0.0,0.0,0.0,0
engine_step_start,1780280886.634861,1780280886.634861,1780280886.647219,12.357950210571289,decode,0,0,451640,0.0,0.0,0.0,0.0,0.0,0
engine_step_start,1780280886.647138,1780280886.647138,1780280886.6593635,12.22538948059082,decode,1,0,451641,9.782791137695312,0.8002028199777678,9.782791137695312,0.8002028199777678,1.0,1
engine_step_start,1780280886.6472254,1780280886.6472254,1780280886.6595192,12.293815612792969,decode,0,0,451640,9.938478469848633,0.8084128461717477,9.938478469848633,0.8084128461717477,1.0,1
engine_step_start,1780280886.6593754,1780280886.6593754,1780280886.6817698,22.394418716430664,decode,1,0,451641,22.394418716430664,1.0,22.394418716430664,1.0,1.0,1
engine_step_start,1780280886.6595256,1780280886.6595256,1780280886.6818545,22.328853607177734,decode,0,0,451640,22.328853607177734,1.0,22.328853607177734,1.0,1.0,1
engine_step_start,1780280886.6817749,1780280886.6817749,1780280886.6939983,12.223482131958008,decode,1,0,451641,2.2859573364257812,0.1870135949599173,2.2859573364257812,0.1870135949599173,1.0,1
engine_step_start,1780280886.6818597,1780280886.6818597,1780280886.6940532,12.193441390991211,decode,0,0,451640,2.201080322265625,0.18051346225289874,2.201080322265625,0.18051346225289874,1.0,1
engine_step_start,1780280886.6940026,1780280886.6940026,1780280886.7063284,12.325763702392578,decode,1,0,451641,0.0,0.0,0.0,0.0,0.0,0
engine_step_start,1780280886.6940598,1780280886.6940598,1780280886.7062652,12.205362319946289,decode,0,0,451640,0.0,0.0,0.0,0.0,0.0,0
engine_step_start,1780280886.7062712,1780280886.7062712,1780280886.7184832,12.212038040161133,decode,0,0,451640,0.0,0.0,0.0,0.0,0.0,0
engine_step_start,1780280886.7063477,1780280886.7063477,1780280886.718468,12.120246887207031,decode,1,0,451641,0.0,0.0,0.0,0.0,0.0,0
engine_step_start,1780280886.7184815,1780280886.7184815,1780280886.730816,12.334346771240234,decode,1,0,451641,0.0,0.0,0.0,0.0,0.0,0
engine_step_start,1780280886.7184894,1780280886.7184894,1780280886.7308064,12.31694221496582,decode,0,0,451640,0.0,0.0,0.0,0.0,0.0,0
engine_step_start,1780280886.731195,1780280886.731195,1780280886.7430484,11.853456497192383,decode,0,0,451640,9.30476188659668,0.7849830038015165,9.30476188659668,0.7849830038015165,1.0,1
engine_step_start,1780280886.7312334,1780280886.7312334,1780280886.7430382,11.804819107055664,decode,1,0,451641,9.294509887695312,0.7873487770888453,9.294509887695312,0.7873487770888453,1.0,1
engine_step_start,1780280886.7430491,1780280886.7430491,1780280886.7709126,27.863502502441406,decode,1,0,451641,35.936594009399414,1.2897371393366877,27.863502502441406,1.0,1.2897371393366877,2
engine_step_start,1780280886.7430549,1780280886.7430549,1780280886.7708054,27.750492095947266,decode,0,0,451640,35.82358360290527,1.2909170575802877,27.750492095947266,1.0,1.2909170575802877,2
engine_step_start,1780280886.770819,1780280886.770819,1780280886.7831314,12.31241226196289,decode,0,0,451640,2.176523208618164,0.17677471825258512,2.176523208618164,0.17677471825258512,1.0,1
engine_step_start,1780280886.7709212,1780280886.7709212,1780280886.7830355,12.114286422729492,decode,1,0,451641,2.0742416381835938,0.17122276672374093,2.0742416381835938,0.17122276672374093,1.0,1
engine_step_start,1780280886.7830434,1780280886.7830434,1780280886.7953632,12.319803237915039,decode,1,0,451641,0.0,0.0,0.0,0.0,0.0,0
engine_step_start,1780280886.783138,1780280886.783138,1780280886.795369,12.230873107910156,decode,0,0,451640,0.0,0.0,0.0,0.0,0.0,0
engine_step_start,1780280886.795375,1780280886.795375,1780280886.8076007,12.225627899169922,decode,0,0,451640,0.0,0.0,0.0,0.0,0.0,0
engine_step_start,1780280886.7953804,1780280886.7953804,1780280886.8075805,12.200117111206055,decode,1,0,451641,0.0,0.0,0.0,0.0,0.0,0
engine_step_start,1780280886.8075945,1780280886.8075945,1780280886.8198113,12.216806411743164,decode,1,0,451641,0.0,0.0,0.0,0.0,0.0,0
engine_step_start,1780280886.8076067,1780280886.8076067,1780280886.8198726,12.265920639038086,decode,0,0,451640,0.0,0.0,0.0,0.0,0.0,0
engine_step_start,1780280886.8198178,1780280886.8198178,1780280886.832098,12.28022575378418,decode,1,0,451641,9.630441665649414,0.7842235036014522,9.630441665649414,0.7842235036014522,1.0,1
engine_step_start,1780280886.8198893,1780280886.8198893,1780280886.832146,12.256622314453125,decode,0,0,451640,9.678363800048828,0.7896436352318705,9.678363800048828,0.7896436352318705,1.0,1
engine_step_start,1780280886.8321218,1780280886.8321218,1780280886.856198,24.076223373413086,decode,1,0,451641,43.547868728637695,1.8087499876216788,24.076223373413086,1.0,1.8087499876216788,4
engine_step_start,1780280886.8321695,1780280886.8321695,1780280886.856379,24.20949935913086,decode,0,0,451640,44.04306411743164,1.8192472080518407,24.20949935913086,1.0,1.8192472080518407,4
engine_step_start,1780280886.8562179,1780280886.8562179,1780280886.8684783,12.26043701171875,decode,1,0,451641,32.45973587036133,2.6475186683260734,12.26043701171875,1.0,2.6475186683260734,5
engine_step_start,1780280886.8563998,1780280886.8563998,1780280886.8684962,12.096405029296875,decode,0,0,451640,31.949758529663086,2.6412606433301797,12.096405029296875,1.0,2.6412606433301797,5
engine_step_start,1780280886.8684895,1780280886.8684895,1780280886.88073,12.240409851074219,decode,1,0,451641,5.175352096557617,0.4228087261394624,2.6082992553710938,0.2130892091936112,1.9841864716636197,2
engine_step_start,1780280886.8685098,1780280886.8685098,1780280886.880747,12.237310409545898,decode,0,0,451640,5.134820938110352,0.41960371734174995,2.588033676147461,0.21148713152921464,1.9840626439428835,2
engine_step_start,1780280886.8807356,1780280886.8807356,1780280886.893147,12.411355972290039,decode,1,0,451641,6.467103958129883,0.5210634496801583,6.467103958129883,0.5210634496801583,1.0,1
engine_step_start,1780280886.8807702,1780280886.8807702,1780280886.8930163,12.246131896972656,decode,0,0,451640,6.467103958129883,0.5280936064169457,6.467103958129883,0.5280936064169457,1.0,1
engine_step_start,1780280886.8930292,1780280886.8930292,1780280886.9052875,12.258291244506836,decode,0,0,451640,2.0630359649658203,0.1682971895361276,2.0630359649658203,0.1682971895361276,1.0,1
engine_step_start,1780280886.8931675,1780280886.8931675,1780280886.9052866,12.119054794311523,decode,1,0,451641,2.0630359649658203,0.17023076469083825,2.0630359649658203,0.17023076469083825,1.0,1
engine_step_start,1780280886.9052935,1780280886.9052935,1780280886.9176066,12.313127517700195,decode,0,0,451640,0.0,0.0,0.0,0.0,0.0,0
engine_step_start,1780280886.9052985,1780280886.9052985,1780280886.917587,12.288570404052734,decode,1,0,451641,0.0,0.0,0.0,0.0,0.0,0
engine_step_start,1780280886.9176,1780280886.9176,1780280886.9297295,12.129545211791992,decode,1,0,451641,2.4080276489257812,0.19852579852579852,2.4080276489257812,0.19852579852579852,1.0,1
engine_step_start,1780280886.9176292,1780280886.9176292,1780280886.929923,12.293815612792969,decode,0,0,451640,2.4080276489257812,0.19587308975254053,2.4080276489257812,0.19587308975254053,1.0,1
engine_step_start,1780280886.9297433,1780280886.9297433,1780280886.942021,12.277603149414062,decode,1,0,451641,0.0,0.0,0.0,0.0,0.0,0
engine_step_start,1780280886.9299374,1780280886.9299374,1780280886.9420664,12.129068374633789,decode,0,0,451640,0.0,0.0,0.0,0.0,0.0,0
engine_step_start,1780280886.942033,1780280886.942033,1780280886.954339,12.305974960327148,decode,1,0,451641,0.0,0.0,0.0,0.0,0.0,0
engine_step_start,1780280886.9420724,1780280886.9420724,1780280886.9542944,12.222051620483398,decode,0,0,451640,0.0,0.0,0.0,0.0,0.0,0
engine_step_start,1780280886.9543078,1780280886.9543078,1780280886.9667585,12.450695037841797,decode,0,0,451640,0.0,0.0,0.0,0.0,0.0,0
engine_step_start,1780280886.9543498,1780280886.9543498,1780280886.9664865,12.136697769165039,decode,1,0,451641,0.0,0.0,0.0,0.0,0.0,0
engine_step_start,1780280886.9664917,1780280886.9664917,1780280886.9787908,12.299060821533203,decode,1,0,451641,0.0,0.0,0.0,0.0,0.0,0
engine_step_start,1780280886.9667718,1780280886.9667718,1780280886.9788673,12.095451354980469,decode,0,0,451640,0.0,0.0,0.0,0.0,0.0,0
engine_step_start,1780280886.9787958,1780280886.9787958,1780280886.9910173,12.221574783325195,decode,1,0,451641,0.0,0.0,0.0,0.0,0.0,0
engine_step_start,1780280886.9788737,1780280886.9788737,1780280886.9911382,12.264490127563477,decode,0,0,451640,0.0,0.0,0.0,0.0,0.0,0
engine_step_start,1780280886.9910212,1780280886.9910212,1780280887.0032802,12.25900650024414,decode,1,0,451641,0.0,0.0,0.0,0.0,0.0,0
engine_step_start,1780280886.9911518,1780280886.9911518,1780280887.003347,12.195110321044922,decode,0,0,451640,0.0,0.0,0.0,0.0,0.0,0
engine_step_start,1780280887.0032847,1780280887.0032847,1780280887.0154927,12.207984924316406,decode,1,0,451641,0.0,0.0,0.0,0.0,0.0,0
engine_step_start,1780280887.003353,1780280887.003353,1780280887.0155714,12.218236923217773,decode,0,0,451640,0.0,0.0,0.0,0.0,0.0,0
engine_step_start,1780280887.0155063,1780280887.0155063,1780280887.0277336,12.227296829223633,decode,1,0,451641,9.738922119140625,0.7964902018133957,9.738922119140625,0.7964902018133957,1.0,1
engine_step_start,1780280887.0155778,1780280887.0155778,1780280887.0277557,12.17794418334961,decode,0,0,451640,9.76109504699707,0.8015388229766239,9.76109504699707,0.8015388229766239,1.0,1
engine_step_start,1780280887.0277543,1780280887.0277543,1780280887.0400045,12.250185012817383,decode,1,0,451641,26.380062103271484,2.1534419337887547,12.250185012817383,1.0,2.1534419337887547,3
engine_step_start,1780280887.0277722,1780280887.0277722,1780280887.0399992,12.227058410644531,decode,0,0,451640,26.3516902923584,2.155194602605101,12.227058410644531,1.0,2.155194602605101,3
engine_step_start,1780280887.0400138,1780280887.0400138,1780280887.0523124,12.298583984375,decode,0,0,451640,24.43528175354004,1.9868370037220844,12.298583984375,1.0,1.9868370037220844,3
engine_step_start,1780280887.0400233,1780280887.0400233,1780280887.052177,12.15362548828125,decode,1,0,451641,24.280786514282227,1.997822504708098,12.15362548828125,1.0,1.997822504708098,3
engine_step_start,1780280887.0521882,1780280887.0521882,1780280887.0644286,12.240409851074219,decode,1,0,451641,2.6445388793945312,0.2160498636540709,2.6445388793945312,0.2160498636540709,1.0,1
engine_step_start,1780280887.0523188,1780280887.0523188,1780280887.06448,12.1612548828125,decode,0,0,451640,2.513885498046875,0.20671267252195735,2.513885498046875,0.20671267252195735,1.0,1
engine_step_start,1780280887.0644336,1780280887.0644336,1780280887.0767577,12.324094772338867,decode,1,0,451641,2.2339820861816406,0.18126946663829294,2.2339820861816406,0.18126946663829294,1.0,1
engine_step_start,1780280887.064501,1780280887.064501,1780280887.076755,12.253999710083008,decode,0,0,451640,2.2339820861816406,0.18230636029340233,2.2339820861816406,0.18230636029340233,1.0,1
engine_step_start,1780280887.0767684,1780280887.0767684,1780280887.0890744,12.305974960327148,decode,0,0,451640,1.374959945678711,0.11173108592463431,1.374959945678711,0.11173108592463431,1.0,1
engine_step_start,1780280887.076777,1780280887.076777,1780280887.0889764,12.19940185546875,decode,1,0,451641,1.374959945678711,0.1127071607254534,1.374959945678711,0.1127071607254534,1.0,1
engine_step_start,1780280887.088987,1780280887.088987,1780280887.1011705,12.183427810668945,decode,1,0,451641,0.0,0.0,0.0,0.0,0.0,0
engine_step_start,1780280887.0890806,1780280887.0890806,1780280887.101174,12.093544006347656,decode,0,0,451640,0.0,0.0,0.0,0.0,0.0,0
engine_step_start,1780280887.1011755,1780280887.1011755,1780280887.113359,12.183427810668945,decode,1,0,451641,0.0,0.0,0.0,0.0,0.0,0
engine_step_start,1780280887.1011872,1780280887.1011872,1780280887.1134286,12.241363525390625,decode,0,0,451640,0.0,0.0,0.0,0.0,0.0,0
engine_step_start,1780280887.1133707,1780280887.1133707,1780280887.1254475,12.076854705810547,decode,1,0,451641,14.502763748168945,1.2008725865676946,9.437799453735352,0.7814782643029178,1.5366679297713781,2
engine_step_start,1780280887.1134474,1780280887.1134474,1780280887.125642,12.194633483886719,decode,0,0,451640,14.891862869262695,1.2211816688824588,9.632349014282227,0.7898842574489716,1.546026088463157,2
engine_step_start,1780280887.1254532,1780280887.1254532,1780280887.13758,12.126684188842773,decode,1,0,451641,24.253368377685547,2.0,12.126684188842773,1.0,2.0,2
engine_step_start,1780280887.1256566,1780280887.1256566,1780280887.1376998,12.043237686157227,decode,0,0,451640,24.086475372314453,2.0,12.043237686157227,1.0,2.0,2
engine_step_start,1780280887.1375942,1780280887.1375942,1780280887.1498084,12.214183807373047,decode,1,0,451641,32.523393630981445,2.6627561975405034,12.214183807373047,1.0,2.6627561975405034,4
engine_step_start,1780280887.1377153,1780280887.1377153,1780280887.149718,12.002706527709961,decode,0,0,451640,32.10043907165527,2.674433386965417,12.002706527709961,1.0,2.674433386965417,4
engine_step_start,1780280887.1502004,1780280887.1502004,1780280887.1619735,11.773109436035156,decode,0,0,451640,14.258384704589844,1.2110976103685702,11.773109436035156,1.0,1.2110976103685702,2
engine_step_start,1780280887.1502318,1780280887.1502318,1780280887.161923,11.691093444824219,decode,1,0,451641,14.1448974609375,1.2098866139163065,11.691093444824219,1.0,1.2098866139163065,2
engine_step_start,1780280887.1619282,1780280887.1619282,1780280887.1740632,12.135028839111328,decode,1,0,451641,2.615690231323242,0.21554874454791936,2.615690231323242,0.21554874454791936,1.0,1
engine_step_start,1780280887.16198,1780280887.16198,1780280887.1741726,12.192726135253906,decode,0,0,451640,2.563953399658203,0.21028549080954242,2.563953399658203,0.21028549080954242,1.0,1
engine_step_start,1780280887.1740694,1780280887.1740694,1780280887.1862106,12.141227722167969,decode,1,0,451641,0.0,0.0,0.0,0.0,0.0,0
engine_step_start,1780280887.1741865,1780280887.1741865,1780280887.186368,12.181520462036133,decode,0,0,451640,0.0,0.0,0.0,0.0,0.0,0
engine_step_start,1780280887.186215,1780280887.186215,1780280887.1984231,12.208223342895508,decode,1,0,451641,0.0,0.0,0.0,0.0,0.0,0
engine_step_start,1780280887.186381,1780280887.186381,1780280887.1985605,12.179374694824219,decode,0,0,451640,0.0,0.0,0.0,0.0,0.0,0
engine_step_start,1780280887.1984355,1780280887.1984355,1780280887.2107291,12.293577194213867,decode,1,0,451641,0.0,0.0,0.0,0.0,0.0,0
engine_step_start,1780280887.1985738,1780280887.1985738,1780280887.210659,12.085199356079102,decode,0,0,451640,0.0,0.0,0.0,0.0,0.0,0
engine_step_start,1780280887.2106662,1780280887.2106662,1780280887.2227533,12.087106704711914,decode,0,0,451640,3.2999515533447266,0.27301418229875535,3.2999515533447266,0.27301418229875535,1.0,1
engine_step_start,1780280887.2107532,1780280887.2107532,1780280887.2227283,11.97504997253418,decode,1,0,451641,3.2999515533447266,0.27556891711629206,3.2999515533447266,0.27556891711629206,1.0,1
engine_step_start,1780280887.222743,1780280887.222743,1780280887.2348056,12.062549591064453,decode,1,0,451641,0.0,0.0,0.0,0.0,0.0,0
engine_step_start,1780280887.2227597,1780280887.2227597,1780280887.2347522,11.992454528808594,decode,0,0,451640,0.0,0.0,0.0,0.0,0.0,0
engine_step_start,1780280887.2347586,1780280887.2347586,1780280887.2468936,12.135028839111328,decode,0,0,451640,0.0,0.0,0.0,0.0,0.0,0
engine_step_start,1780280887.234811,1780280887.234811,1780280887.2468004,11.989355087280273,decode,1,0,451641,0.0,0.0,0.0,0.0,0.0,0
engine_step_start,1780280887.2468123,1780280887.2468123,1780280887.258885,12.072563171386719,decode,1,0,451641,0.0,0.0,0.0,0.0,0.0,0
engine_step_start,1780280887.2468998,1780280887.2468998,1780280887.2589316,12.031793594360352,decode,0,0,451640,0.0,0.0,0.0,0.0,0.0,0
engine_step_start,1780280887.2588995,1780280887.2588995,1780280887.2711205,12.221097946166992,decode,1,0,451641,9.915828704833984,0.8113697106849529,9.915828704833984,0.8113697106849529,1.0,1
engine_step_start,1780280887.2589378,1780280887.2589378,1780280887.2710066,12.068748474121094,decode,0,0,451640,9.801864624023438,0.812169103121296,9.801864624023438,0.812169103121296,1.0,1
engine_step_start,1780280887.2710123,1780280887.2710123,1780280887.2831726,12.160301208496094,decode,0,0,451640,12.160301208496094,1.0,12.160301208496094,1.0,1.0,1
engine_step_start,1780280887.2711384,1780280887.2711384,1780280887.2830877,11.949300765991211,decode,1,0,451641,11.949300765991211,1.0,11.949300765991211,1.0,1.0,1
engine_step_start,1780280887.2830932,1780280887.2830932,1780280887.2951534,12.060165405273438,decode,1,0,451641,2.449512481689453,0.2031077020401708,2.449512481689453,0.2031077020401708,1.0,1
engine_step_start,1780280887.2831786,1780280887.2831786,1780280887.29527,12.091398239135742,decode,0,0,451640,2.3641586303710938,0.19552400670413092,2.3641586303710938,0.19552400670413092,1.0,1
engine_step_start,1780280887.2951577,1780280887.2951577,1780280887.3073673,12.209653854370117,decode,1,0,451641,0.0,0.0,0.0,0.0,0.0,0
engine_step_start,1780280887.2952762,1780280887.2952762,1780280887.3073223,12.046098709106445,decode,0,0,451640,0.0,0.0,0.0,0.0,0.0,0
engine_step_start,1780280887.3073282,1780280887.3073282,1780280887.3194401,12.111902236938477,decode,0,0,451640,0.0,0.0,0.0,0.0,0.0,0
engine_step_start,1780280887.307372,1780280887.307372,1780280887.3193476,11.975526809692383,decode,1,0,451641,0.0,0.0,0.0,0.0,0.0,0
engine_step_start,1780280887.3193579,1780280887.3193579,1780280887.3315651,12.207269668579102,decode,1,0,451641,0.0,0.0,0.0,0.0,0.0,0
engine_step_start,1780280887.319446,1780280887.319446,1780280887.3315845,12.13836669921875,decode,0,0,451640,0.0,0.0,0.0,0.0,0.0,0
engine_step_start,1780280887.3315704,1780280887.3315704,1780280887.3436565,12.086153030395508,decode,1,0,451641,0.0,0.0,0.0,0.0,0.0,0
engine_step_start,1780280887.331598,1780280887.331598,1780280887.3437338,12.135744094848633,decode,0,0,451640,0.0,0.0,0.0,0.0,0.0,0
engine_step_start,1780280887.3436632,1780280887.3436632,1780280887.3557277,12.064456939697266,decode,1,0,451641,0.0,0.0,0.0,0.0,0.0,0
engine_step_start,1780280887.34374,1780280887.34374,1780280887.3558667,12.126684188842773,decode,0,0,451640,0.0,0.0,0.0,0.0,0.0,0
engine_step_start,1780280887.355733,1780280887.355733,1780280887.3678057,12.07280158996582,decode,1,0,451641,0.0,0.0,0.0,0.0,0.0,0
engine_step_start,1780280887.3558724,1780280887.3558724,1780280887.3678253,11.952877044677734,decode,0,0,451640,0.0,0.0,0.0,0.0,0.0,0
engine_step_start,1780280887.367812,1780280887.367812,1780280887.3798733,12.061357498168945,decode,1,0,451641,0.0,0.0,0.0,0.0,0.0,0
engine_step_start,1780280887.3678308,1780280887.3678308,1780280887.3799057,12.074947357177734,decode,0,0,451640,0.0,0.0,0.0,0.0,0.0,0
engine_step_start,1780280887.3798923,1780280887.3798923,1780280887.3920062,12.113809585571289,decode,1,0,451641,19.28114891052246,1.591666830679604,9.679555892944336,0.7990513491704225,1.9919456144240006,2
engine_step_start,1780280887.3799222,1780280887.3799222,1780280887.3920398,12.117624282836914,decode,0,0,451640,19.3483829498291,1.596714215445155,9.713172912597656,0.8015740285292671,1.9919734904270987,2
engine_step_start,1780280887.3920293,1780280887.3920293,1780280887.404139,12.109756469726562,decode,1,0,451641,34.030914306640625,2.8102063317057806,12.109756469726562,1.0,2.8102063317057806,3
engine_step_start,1780280887.392054,1780280887.392054,1780280887.4041536,12.099504470825195,decode,0,0,451640,34.024953842163086,2.8120948196023567,12.099504470825195,1.0,2.8120948196023567,3
engine_step_start,1780280887.4041543,1780280887.4041543,1780280887.4164252,12.270927429199219,decode,1,0,451641,8.647918701171875,0.7047485816429626,2.9344558715820312,0.23913888241237274,2.9470263243418913,3
engine_step_start,1780280887.4041595,1780280887.4041595,1780280887.4164035,12.243986129760742,decode,0,0,451640,8.632183074951172,0.7050141174179729,2.929210662841797,0.23923668581442897,2.9469314667100766,3
engine_step_start,1780280887.4164102,1780280887.4164102,1780280887.4286878,12.277603149414062,decode,0,0,451640,0.0,0.0,0.0,0.0,0.0,0
engine_step_start,1780280887.4164314,1780280887.4164314,1780280887.4286177,12.186288833618164,decode,1,0,451641,0.0,0.0,0.0,0.0,0.0,0
engine_step_start,1780280887.428631,1780280887.428631,1780280887.4408405,12.209415435791016,decode,1,0,451641,1.4510154724121094,0.1188439757859793,1.4510154724121094,0.1188439757859793,1.0,1
engine_step_start,1780280887.428694,1780280887.428694,1780280887.440759,12.064933776855469,decode,0,0,451640,1.4510154724121094,0.12026717255552921,1.4510154724121094,0.12026717255552921,1.0,1
engine_step_start,1780280887.4407737,1780280887.4407737,1780280887.4528763,12.102603912353516,decode,0,0,451640,0.0,0.0,0.0,0.0,0.0,0
engine_step_start,1780280887.4408576,1780280887.4408576,1780280887.452851,11.993408203125,decode,1,0,451641,0.0,0.0,0.0,0.0,0.0,0
engine_step_start,1780280887.452861,1780280887.452861,1780280887.4650168,12.155771255493164,decode,1,0,451641,0.0,0.0,0.0,0.0,0.0,0
engine_step_start,1780280887.4528823,1780280887.4528823,1780280887.4648705,11.988162994384766,decode,0,0,451640,0.0,0.0,0.0,0.0,0.0,0
engine_step_start,1780280887.4648762,1780280887.4648762,1780280887.477075,12.198925018310547,decode,0,0,451640,0.0,0.0,0.0,0.0,0.0,0
engine_step_start,1780280887.4650354,1780280887.4650354,1780280887.477041,12.00556755065918,decode,1,0,451641,0.0,0.0,0.0,0.0,0.0,0
engine_step_start,1780280887.4770505,1780280887.4770505,1780280887.4890728,12.022256851196289,decode,1,0,451641,0.0,0.0,0.0,0.0,0.0,0
engine_step_start,1780280887.4770813,1780280887.4770813,1780280887.4889476,11.866331100463867,decode,0,0,451640,0.0,0.0,0.0,0.0,0.0,0
engine_step_start,1780280887.4889536,1780280887.4889536,1780280887.5010018,12.04824447631836,decode,0,0,451640,0.0,0.0,0.0,0.0,0.0,0
engine_step_start,1780280887.4890878,1780280887.4890878,1780280887.501029,11.941194534301758,decode,1,0,451641,0.0,0.0,0.0,0.0,0.0,0
engine_step_start,1780280887.501008,1780280887.501008,1780280887.5131197,12.111663818359375,decode,0,0,451640,0.0,0.0,0.0,0.0,0.0,0
engine_step_start,1780280887.5010352,1780280887.5010352,1780280887.5132034,12.168169021606445,decode,1,0,451641,0.0,0.0,0.0,0.0,0.0,0
engine_step_start,1780280887.5131364,1780280887.5131364,1780280887.525181,12.044668197631836,decode,0,0,451640,9.359359741210938,0.7770541776361369,9.359359741210938,0.7770541776361369,1.0,1
engine_step_start,1780280887.5132172,1780280887.5132172,1780280887.525237,12.019872665405273,decode,1,0,451641,9.415388107299805,0.7833184568084895,9.415388107299805,0.7833184568084895,1.0,1
engine_step_start,1780280887.525203,1780280887.525203,1780280887.5397775,14.574527740478516,decode,0,0,451640,23.389339447021484,1.6048094225421234,14.574527740478516,1.0,1.6048094225421234,2
engine_step_start,1780280887.5252433,1780280887.5252433,1780280887.539651,14.407634735107422,decode,1,0,451641,23.09584617614746,1.6030282972033758,14.407634735107422,1.0,1.6030282972033758,2
engine_step_start,1780280887.5401878,1780280887.5401878,1780280887.5545738,14.38593864440918,decode,0,0,451640,16.711711883544922,1.161669898407332,14.38593864440918,1.0,1.161669898407332,2
engine_step_start,1780280887.5401957,1780280887.5401957,1780280887.5544593,14.263629913330078,decode,1,0,451641,16.58153533935547,1.162504596663658,14.263629913330078,1.0,1.162504596663658,2
engine_step_start,1780280887.5544784,1780280887.5544784,1780280887.5666244,12.14599609375,decode,1,0,451641,12.282133102416992,1.011208385678392,12.14599609375,1.0,1.011208385678392,2
engine_step_start,1780280887.554581,1780280887.554581,1780280887.5665438,11.962890625,decode,0,0,451640,12.099027633666992,1.011379942602041,11.962890625,1.0,1.011379942602041,2
engine_step_start,1780280887.566558,1780280887.566558,1780280887.5788014,12.243509292602539,decode,0,0,451640,12.243509292602539,1.0,12.243509292602539,1.0,1.0,1
engine_step_start,1780280887.5666375,1780280887.5666375,1780280887.5786421,12.004613876342773,decode,1,0,451641,12.004613876342773,1.0,12.004613876342773,1.0,1.0,1
engine_step_start,1780280887.57865,1780280887.57865,1780280887.5907466,12.096643447875977,decode,1,0,451641,2.716541290283203,0.22456984055028875,2.716541290283203,0.22456984055028875,1.0,1
engine_step_start,1780280887.5788121,1780280887.5788121,1780280887.5907054,11.893272399902344,decode,0,0,451640,2.5544166564941406,0.21477828562264453,2.5544166564941406,0.21477828562264453,1.0,1
engine_step_start,1780280887.590722,1780280887.590722,1780280887.6027906,12.068510055541992,decode,0,0,451640,0.0,0.0,0.0,0.0,0.0,0
engine_step_start,1780280887.5907562,1780280887.5907562,1780280887.6026893,11.933088302612305,decode,1,0,451641,0.0,0.0,0.0,0.0,0.0,0
engine_step_start,1780280887.602696,1780280887.602696,1780280887.6147275,12.03155517578125,decode,1,0,451641,0.0,0.0,0.0,0.0,0.0,0
engine_step_start,1780280887.6027975,1780280887.6027975,1780280887.6148825,12.0849609375,decode,0,0,451640,0.0,0.0,0.0,0.0,0.0,0
engine_step_start,1780280887.6147416,1780280887.6147416,1780280887.626932,12.19034194946289,decode,1,0,451641,0.0,0.0,0.0,0.0,0.0,0
engine_step_start,1780280887.614889,1780280887.614889,1780280887.6269572,12.06827163696289,decode,0,0,451640,0.0,0.0,0.0,0.0,0.0,0
engine_step_start,1780280887.626937,1780280887.626937,1780280887.6390336,12.096643447875977,decode,1,0,451641,0.0,0.0,0.0,0.0,0.0,0
engine_step_start,1780280887.6269636,1780280887.6269636,1780280887.6390042,12.04061508178711,decode,0,0,451640,0.0,0.0,0.0,0.0,0.0,0
engine_step_start,1780280887.639011,1780280887.639011,1780280887.651025,12.014150619506836,decode,0,0,451640,4.0569305419921875,0.3376793475025302,4.0569305419921875,0.3376793475025302,1.0,1
engine_step_start,1780280887.6390572,1780280887.6390572,1780280887.6509802,11.923074722290039,decode,1,0,451641,4.0569305419921875,0.3402587534243836,4.0569305419921875,0.3402587534243836,1.0,1
engine_step_start,1780280887.6510031,1780280887.6510031,1780280887.6631021,12.099027633666992,decode,1,0,451641,1.3580322265625,0.11224308826137505,1.3580322265625,0.11224308826137505,1.0,1
engine_step_start,1780280887.651031,1780280887.651031,1780280887.6631107,12.079715728759766,decode,0,0,451640,1.3580322265625,0.11242253187541941,1.3580322265625,0.11242253187541941,1.0,1
engine_step_start,1780280887.6631157,1780280887.6631157,1780280887.6752093,12.093544006347656,decode,1,0,451641,0.0,0.0,0.0,0.0,0.0,0
engine_step_start,1780280887.6631172,1780280887.6631172,1780280887.6752481,12.130975723266602,decode,0,0,451640,0.0,0.0,0.0,0.0,0.0,0
engine_step_start,1780280887.6752207,1780280887.6752207,1780280887.6872299,12.009143829345703,decode,1,0,451641,0.0,0.0,0.0,0.0,0.0,0
engine_step_start,1780280887.675254,1780280887.675254,1780280887.6873457,12.091636657714844,decode,0,0,451640,0.0,0.0,0.0,0.0,0.0,0
engine_step_start,1780280887.6872396,1780280887.6872396,1780280887.699467,12.227296829223633,decode,1,0,451641,0.0,0.0,0.0,0.0,0.0,0
engine_step_start,1780280887.6873524,1780280887.6873524,1780280887.6994295,12.077093124389648,decode,0,0,451640,0.0,0.0,0.0,0.0,0.0,0
engine_step_start,1780280887.699436,1780280887.699436,1780280887.711484,12.048006057739258,decode,0,0,451640,0.0,0.0,0.0,0.0,0.0,0
engine_step_start,1780280887.6994724,1780280887.6994724,1780280887.7114522,11.979818344116211,decode,1,0,451641,0.0,0.0,0.0,0.0,0.0,0
engine_step_start,1780280887.7114582,1780280887.7114582,1780280887.7235594,12.101173400878906,decode,1,0,451641,0.6310939788818359,0.05215146977697218,0.6310939788818359,0.05215146977697218,1.0,1
engine_step_start,1780280887.711502,1780280887.711502,1780280887.7236147,12.112617492675781,decode,0,0,451640,0.6310939788818359,0.05210219667742697,0.6310939788818359,0.05210219667742697,1.0,1
engine_step_start,1780280887.7235718,1780280887.7235718,1780280887.7358072,12.235403060913086,decode,1,0,451641,0.0,0.0,0.0,0.0,0.0,0
engine_step_start,1780280887.72363,1780280887.72363,1780280887.735857,12.227058410644531,decode,0,0,451640,0.0,0.0,0.0,0.0,0.0,0
engine_step_start,1780280887.7358131,1780280887.7358131,1780280887.748025,12.211799621582031,decode,1,0,451641,0.0,0.0,0.0,0.0,0.0,0
engine_step_start,1780280887.7358634,1780280887.7358634,1780280887.7481256,12.262105941772461,decode,0,0,451640,0.0,0.0,0.0,0.0,0.0,0
engine_step_start,1780280887.7480307,1780280887.7480307,1780280887.7600796,12.048959732055664,decode,1,0,451641,0.0,0.0,0.0,0.0,0.0,0
engine_step_start,1780280887.7481394,1780280887.7481394,1780280887.7601662,12.026786804199219,decode,0,0,451640,0.0,0.0,0.0,0.0,0.0,0
engine_step_start,1780280887.7600877,1780280887.7600877,1780280887.7722037,12.115955352783203,decode,1,0,451641,0.0,0.0,0.0,0.0,0.0,0
engine_step_start,1780280887.7601726,1780280887.7601726,1780280887.7723057,12.133121490478516,decode,0,0,451640,0.0,0.0,0.0,0.0,0.0,0
engine_step_start,1780280887.7722092,1780280887.7722092,1780280887.7845213,12.312173843383789,decode,1,0,451641,0.0,0.0,0.0,0.0,0.0,0
engine_step_start,1780280887.7723122,1780280887.7723122,1780280887.784399,12.086868286132812,decode,0,0,451640,0.0,0.0,0.0,0.0,0.0,0
engine_step_start,1780280887.7844057,1780280887.7844057,1780280887.7966,12.194395065307617,decode,0,0,451640,0.0,0.0,0.0,0.0,0.0,0
engine_step_start,1780280887.7845347,1780280887.7845347,1780280887.7965493,12.014627456665039,decode,1,0,451641,0.0,0.0,0.0,0.0,0.0,0
engine_step_start,1780280887.796563,1780280887.796563,1780280887.808593,12.03012466430664,decode,1,0,451641,0.0,0.0,0.0,0.0,0.0,0
engine_step_start,1780280887.7966065,1780280887.7966065,1780280887.8086607,12.054204940795898,decode,0,0,451640,0.0,0.0,0.0,0.0,0.0,0
engine_step_start,1780280887.8085985,1780280887.8085985,1780280887.820757,12.158393859863281,decode,1,0,451641,0.0,0.0,0.0,0.0,0.0,0
engine_step_start,1780280887.8086667,1780280887.8086667,1780280887.8208327,12.166023254394531,decode,0,0,451640,0.0,0.0,0.0,0.0,0.0,0
engine_step_start,1780280887.8207626,1780280887.8207626,1780280887.8327072,11.94453239440918,decode,1,0,451641,0.0,0.0,0.0,0.0,0.0,0
engine_step_start,1780280887.8208392,1780280887.8208392,1780280887.8328743,12.035131454467773,decode,0,0,451640,0.0,0.0,0.0,0.0,0.0,0
engine_step_start,1780280887.8327122,1780280887.8327122,1780280887.8447716,12.059450149536133,decode,1,0,451641,0.0,0.0,0.0,0.0,0.0,0
engine_step_start,1780280887.8328805,1780280887.8328805,1780280887.8448992,12.018680572509766,decode,0,0,451640,0.0,0.0,0.0,0.0,0.0,0
engine_step_start,1780280887.8447764,1780280887.8447764,1780280887.856911,12.134552001953125,decode,1,0,451641,0.0,0.0,0.0,0.0,0.0,0
engine_step_start,1780280887.8449059,1780280887.8449059,1780280887.8570037,12.097835540771484,decode,0,0,451640,0.0,0.0,0.0,0.0,0.0,0
engine_step_start,1780280887.8569152,1780280887.8569152,1780280887.869012,12.096881866455078,decode,1,0,451641,0.0,0.0,0.0,0.0,0.0,0
engine_step_start,1780280887.8570096,1780280887.8570096,1780280887.8691623,12.152671813964844,decode,0,0,451640,0.0,0.0,0.0,0.0,0.0,0
engine_step_start,1780280887.8690166,1780280887.8690166,1780280887.881288,12.271404266357422,decode,1,0,451641,0.0,0.0,0.0,0.0,0.0,0
engine_step_start,1780280887.869168,1780280887.869168,1780280887.881405,12.237071990966797,decode,0,0,451640,0.0,0.0,0.0,0.0,0.0,0
engine_step_start,1780280887.8812933,1780280887.8812933,1780280887.8934252,12.131929397583008,decode,1,0,451641,0.0,0.0,0.0,0.0,0.0,0
engine_step_start,1780280887.8814106,1780280887.8814106,1780280887.8935292,12.11857795715332,decode,0,0,451640,0.0,0.0,0.0,0.0,0.0,0
engine_step_start,1780280887.8934424,1780280887.8934424,1780280887.905531,12.088537216186523,decode,1,0,451641,9.525299072265625,0.7879612646194505,9.525299072265625,0.7879612646194505,1.0,1
engine_step_start,1780280887.8935359,1780280887.8935359,1780280887.9055235,11.987686157226562,decode,0,0,451640,9.517908096313477,0.7939737470167064,9.517908096313477,0.7939737470167064,1.0,1
engine_step_start,1780280887.9055297,1780280887.9055297,1780280887.928094,22.564172744750977,decode,0,0,451640,22.564172744750977,1.0,22.564172744750977,1.0,1.0,1
engine_step_start,1780280887.9055429,1780280887.9055429,1780280887.9280303,22.487401962280273,decode,1,0,451641,22.487401962280273,1.0,22.487401962280273,1.0,1.0,1
engine_step_start,1780280887.9280355,1780280887.9280355,1780280887.9400945,12.05897331237793,decode,1,0,451641,2.5942325592041016,0.21512880839874257,2.5942325592041016,0.21512880839874257,1.0,1
engine_step_start,1780280887.9281003,1780280887.9281003,1780280887.940193,12.09259033203125,decode,0,0,451640,2.5293827056884766,0.20916798107255521,2.5293827056884766,0.20916798107255521,1.0,1
engine_step_start,1780280887.9409556,1780280887.9409556,1780280887.952314,11.358261108398438,decode,0,0,451640,0.0,0.0,0.0,0.0,0.0,0
engine_step_start,1780280887.9409785,1780280887.9409785,1780280887.9522126,11.234045028686523,decode,1,0,451641,0.0,0.0,0.0,0.0,0.0,0
engine_step_start,1780280887.9522173,1780280887.9522173,1780280887.9643316,12.114286422729492,decode,1,0,451641,0.0,0.0,0.0,0.0,0.0,0
engine_step_start,1780280887.9523203,1780280887.9523203,1780280887.964355,12.03465461730957,decode,0,0,451640,0.0,0.0,0.0,0.0,0.0,0
engine_step_start,1780280887.9643562,1780280887.9643562,1780280887.9763424,11.986255645751953,decode,1,0,451641,0.0,0.0,0.0,0.0,0.0,0
engine_step_start,1780280887.9643617,1780280887.9643617,1780280887.9764543,12.09259033203125,decode,0,0,451640,0.0,0.0,0.0,0.0,0.0,0
engine_step_start,1780280887.9763472,1780280887.9763472,1780280887.9885974,12.250185012817383,decode,1,0,451641,0.0,0.0,0.0,0.0,0.0,0
engine_step_start,1780280887.9764607,1780280887.9764607,1780280887.9887245,12.263774871826172,decode,0,0,451640,0.0,0.0,0.0,0.0,0.0,0
engine_step_start,1780280887.988603,1780280887.988603,1780280888.0007422,12.139081954956055,decode,1,0,451641,0.0,0.0,0.0,0.0,0.0,0
engine_step_start,1780280887.9887393,1780280887.9887393,1780280888.0007615,12.022256851196289,decode,0,0,451640,0.0,0.0,0.0,0.0,0.0,0
engine_step_start,1780280888.000747,1780280888.000747,1780280888.0128434,12.096405029296875,decode,1,0,451641,9.418725967407227,0.7786384421318197,9.418725967407227,0.7786384421318197,1.0,1
engine_step_start,1780280888.0007777,1780280888.0007777,1780280888.012871,12.093305587768555,decode,0,0,451640,9.446382522583008,0.7811249334621375,9.446382522583008,0.7811249334621375,1.0,1
engine_step_start,1780280888.0128548,1780280888.0128548,1780280888.0250494,12.194633483886719,decode,1,0,451641,12.194633483886719,1.0,12.194633483886719,1.0,1.0,1
engine_step_start,1780280888.0128844,1780280888.0128844,1780280888.025107,12.222528457641602,decode,0,0,451640,12.222528457641602,1.0,12.222528457641602,1.0,1.0,1
engine_step_start,1780280888.025055,1780280888.025055,1780280888.0370483,11.993408203125,decode,1,0,451641,2.7108192443847656,0.22602576335877864,2.7108192443847656,0.22602576335877864,1.0,1
engine_step_start,1780280888.025116,1780280888.025116,1780280888.0371356,12.019634246826172,decode,0,0,451640,2.6497840881347656,0.2204546356170905,2.6497840881347656,0.2204546356170905,1.0,1
engine_step_start,1780280888.037053,1780280888.037053,1780280888.0492172,12.164115905761719,decode,1,0,451641,0.0,0.0,0.0,0.0,0.0,0
engine_step_start,1780280888.0371413,1780280888.0371413,1780280888.0494006,12.259244918823242,decode,0,0,451640,0.0,0.0,0.0,0.0,0.0,0
engine_step_start,1780280888.0492215,1780280888.0492215,1780280888.0614405,12.218952178955078,decode,1,0,451641,0.0,0.0,0.0,0.0,0.0,0
engine_step_start,1780280888.0494068,1780280888.0494068,1780280888.0615633,12.156486511230469,decode,0,0,451640,0.0,0.0,0.0,0.0,0.0,0
engine_step_start,1780280888.061446,1780280888.061446,1780280888.073781,12.335062026977539,decode,1,0,451641,0.0,0.0,0.0,0.0,0.0,0
engine_step_start,1780280888.0615785,1780280888.0615785,1780280888.073637,12.058496475219727,decode,0,0,451640,0.0,0.0,0.0,0.0,0.0,0
engine_step_start,1780280888.073643,1780280888.073643,1780280888.0859976,12.354612350463867,decode,0,0,451640,9.570837020874023,0.7746772419382851,9.570837020874023,0.7746772419382851,1.0,1
engine_step_start,1780280888.0738037,1780280888.0738037,1780280888.0858905,12.086868286132812,decode,1,0,451641,9.463787078857422,0.7829809057913839,9.463787078857422,0.7829809057913839,1.0,1
engine_step_start,1780280888.0859032,1780280888.0859032,1780280888.0998192,13.916015625,decode,1,0,451641,22.988557815551758,1.6519496984649122,13.916015625,1.0,1.6519496984649122,2
engine_step_start,1780280888.0860145,1780280888.0860145,1780280888.0997825,13.76795768737793,decode,0,0,451640,22.803783416748047,1.6562938334458932,13.76795768737793,1.0,1.6562938334458932,2
engine_step_start,1780280888.0997963,1780280888.0997963,1780280888.1119199,12.123584747314453,decode,0,0,451640,11.389017105102539,0.939410029498525,5.711555480957031,0.4711111111111111,1.9940307229921523,3
engine_step_start,1780280888.099836,1780280888.099836,1780280888.111854,12.017965316772461,decode,1,0,451641,11.309385299682617,0.9410399349296724,5.67173957824707,0.4719384212510167,1.9939888183614276,3
engine_step_start,1780280888.1118653,1780280888.1118653,1780280888.1241145,12.249231338500977,decode,1,0,451641,0.0,0.0,0.0,0.0,0.0,0
engine_step_start,1780280888.1119263,1780280888.1119263,1780280888.1241727,12.246370315551758,decode,0,0,451640,0.0,0.0,0.0,0.0,0.0,0
engine_step_start,1780280888.124122,1780280888.124122,1780280888.136322,12.200117111206055,decode,1,0,451641,0.0,0.0,0.0,0.0,0.0,0
engine_step_start,1780280888.1241786,1780280888.1241786,1780280888.1362228,12.044191360473633,decode,0,0,451640,0.0,0.0,0.0,0.0,0.0,0
engine_step_start,1780280888.1362362,1780280888.1362362,1780280888.148535,12.298822402954102,decode,0,0,451640,0.0,0.0,0.0,0.0,0.0,0
engine_step_start,1780280888.1363451,1780280888.1363451,1780280888.14849,12.144804000854492,decode,1,0,451641,0.0,0.0,0.0,0.0,0.0,0
engine_step_start,1780280888.1484954,1780280888.1484954,1780280888.1606953,12.199878692626953,decode,1,0,451641,0.0,0.0,0.0,0.0,0.0,0
engine_step_start,1780280888.1485407,1780280888.1485407,1780280888.1606553,12.114524841308594,decode,0,0,451640,0.0,0.0,0.0,0.0,0.0,0
engine_step_start,1780280888.1606612,1780280888.1606612,1780280888.1729228,12.261629104614258,decode,0,0,451640,0.0,0.0,0.0,0.0,0.0,0
engine_step_start,1780280888.160701,1780280888.160701,1780280888.1728897,12.18867301940918,decode,1,0,451641,0.0,0.0,0.0,0.0,0.0,0
engine_step_start,1780280888.1728945,1780280888.1728945,1780280888.185008,12.113571166992188,decode,1,0,451641,0.0,0.0,0.0,0.0,0.0,0
engine_step_start,1780280888.1729295,1780280888.1729295,1780280888.1851547,12.225151062011719,decode,0,0,451640,0.0,0.0,0.0,0.0,0.0,0
engine_step_start,1780280888.1850126,1780280888.1850126,1780280888.1972442,12.231588363647461,decode,1,0,451641,0.0,0.0,0.0,0.0,0.0,0
engine_step_start,1780280888.1851614,1780280888.1851614,1780280888.1972845,12.12310791015625,decode,0,0,451640,0.0,0.0,0.0,0.0,0.0,0
engine_step_start,1780280888.197249,1780280888.197249,1780280888.2094648,12.215852737426758,decode,1,0,451641,0.0,0.0,0.0,0.0,0.0,0
engine_step_start,1780280888.1972902,1780280888.1972902,1780280888.2095883,12.298107147216797,decode,0,0,451640,0.0,0.0,0.0,0.0,0.0,0
engine_step_start,1780280888.2094712,1780280888.2094712,1780280888.2217171,12.245893478393555,decode,1,0,451641,9.638547897338867,0.7870840877674591,9.638547897338867,0.7870840877674591,1.0,1
engine_step_start,1780280888.2096155,1780280888.2096155,1780280888.2215748,11.959314346313477,decode,0,0,451640,9.496212005615234,0.7940431809573174,9.496212005615234,0.7940431809573174,1.0,1
engine_step_start,1780280888.2215884,1780280888.2215884,1780280888.2337158,12.127399444580078,decode,0,0,451640,2.621173858642578,0.21613651555066252,2.621173858642578,0.21613651555066252,1.0,1
engine_step_start,1780280888.2217243,1780280888.2217243,1780280888.2337227,11.998414993286133,decode,1,0,451641,2.4852752685546875,0.20713363139592647,2.4852752685546875,0.20713363139592647,1.0,1
engine_step_start,1780280888.2337227,1780280888.2337227,1780280888.2458973,12.174606323242188,decode,0,0,451640,0.0,0.0,0.0,0.0,0.0,0
engine_step_start,1780280888.233729,1780280888.233729,1780280888.2458034,12.074470520019531,decode,1,0,451641,0.0,0.0,0.0,0.0,0.0,0
engine_step_start,1780280888.2458096,1780280888.2458096,1780280888.2579308,12.121200561523438,decode,1,0,451641,0.0,0.0,0.0,0.0,0.0,0
engine_step_start,1780280888.2459035,1780280888.2459035,1780280888.257955,12.051582336425781,decode,0,0,451640,0.0,0.0,0.0,0.0,0.0,0
engine_step_start,1780280888.257947,1780280888.257947,1780280888.2701993,12.252330780029297,decode,1,0,451641,1.9919872283935547,0.1625802685347344,1.9919872283935547,0.1625802685347344,1.0,1
engine_step_start,1780280888.2579684,1780280888.2579684,1780280888.2701569,12.188434600830078,decode,0,0,451640,1.9919872283935547,0.1634325730605219,1.9919872283935547,0.1634325730605219,1.0,1
engine_step_start,1780280888.2701724,1780280888.2701724,1780280888.282233,12.06064224243164,decode,0,0,451640,9.601354598999023,0.7960898272249239,9.601354598999023,0.7960898272249239,1.0,1
engine_step_start,1780280888.2702162,1780280888.2702162,1780280888.2823963,12.180089950561523,decode,1,0,451641,9.764671325683594,0.8016912326032063,9.764671325683594,0.8016912326032063,1.0,1
engine_step_start,1780280888.2822459,1780280888.2822459,1780280888.29443,12.18414306640625,decode,0,0,451640,7.931709289550781,0.6509862241703194,7.731914520263672,0.6345882905447714,1.025840271353685,2
engine_step_start,1780280888.2824125,1780280888.2824125,1780280888.2943306,11.918067932128906,decode,1,0,451641,7.765054702758789,0.6515363687284949,7.56525993347168,0.6347723453628871,1.0264095049005704,2
engine_step_start,1780280888.2943475,1780280888.2943475,1780280888.306472,12.12453842163086,decode,1,0,451641,0.0,0.0,0.0,0.0,0.0,0
engine_step_start,1780280888.2944365,1780280888.2944365,1780280888.3064852,12.048721313476562,decode,0,0,451640,0.0,0.0,0.0,0.0,0.0,0
engine_step_start,1780280888.3064773,1780280888.3064773,1780280888.3185446,12.067317962646484,decode,1,0,451641,0.0,0.0,0.0,0.0,0.0,0
engine_step_start,1780280888.3064916,1780280888.3064916,1780280888.3185594,12.067794799804688,decode,0,0,451640,0.0,0.0,0.0,0.0,0.0,0
engine_step_start,1780280888.3185573,1780280888.3185573,1780280888.3307507,12.193441390991211,decode,1,0,451641,9.870052337646484,0.8094558395088282,9.870052337646484,0.8094558395088282,1.0,1
engine_step_start,1780280888.3185837,1780280888.3185837,1780280888.3306804,12.096643447875977,decode,0,0,451640,9.799718856811523,0.8101188481778584,9.799718856811523,0.8101188481778584,1.0,1
engine_step_start,1780280888.3311524,1780280888.3311524,1780280888.3434398,12.287378311157227,decode,0,0,451640,5.414247512817383,0.4406348836758057,5.2051544189453125,0.42361798319653843,1.0401703920850127,2
engine_step_start,1780280888.3311868,1780280888.3311868,1780280888.3433726,12.185811996459961,decode,1,0,451641,5.379915237426758,0.44149009019584823,5.1708221435546875,0.424331357242081,1.0404371080782,2
engine_step_start,1780280888.3433847,1780280888.3433847,1780280888.3555334,12.148618698120117,decode,1,0,451641,0.0,0.0,0.0,0.0,0.0,0
engine_step_start,1780280888.343447,1780280888.343447,1780280888.355549,12.102127075195312,decode,0,0,451640,0.0,0.0,0.0,0.0,0.0,0
engine_step_start,1780280888.355539,1780280888.355539,1780280888.367505,11.96599006652832,decode,1,0,451641,0.0,0.0,0.0,0.0,0.0,0
engine_step_start,1780280888.3555553,1780280888.3555553,1780280888.3677135,12.15815544128418,decode,0,0,451640,0.0,0.0,0.0,0.0,0.0,0
engine_step_start,1780280888.3675165,1780280888.3675165,1780280888.379911,12.394428253173828,decode,1,0,451641,0.0,0.0,0.0,0.0,0.0,0
engine_step_start,1780280888.3677278,1780280888.3677278,1780280888.3799658,12.238025665283203,decode,0,0,451640,0.0,0.0,0.0,0.0,0.0,0
engine_step_start,1780280888.3799176,1780280888.3799176,1780280888.392239,12.32147216796875,decode,1,0,451641,0.0,0.0,0.0,0.0,0.0,0
engine_step_start,1780280888.379979,1780280888.379979,1780280888.3922014,12.222528457641602,decode,0,0,451640,0.0,0.0,0.0,0.0,0.0,0
engine_step_start,1780280888.3922167,1780280888.3922167,1780280888.4044452,12.22848892211914,decode,0,0,451640,2.8150081634521484,0.23020081887307467,2.8150081634521484,0.23020081887307467,1.0,1
engine_step_start,1780280888.3922443,1780280888.3922443,1780280888.4042618,12.017488479614258,decode,1,0,451641,2.8150081634521484,0.23424263465925999,2.8150081634521484,0.23424263465925999,1.0,1
engine_step_start,1780280888.4042678,1780280888.4042678,1780280888.416466,12.198209762573242,decode,1,0,451641,0.0,0.0,0.0,0.0,0.0,0
engine_step_start,1780280888.4044588,1780280888.4044588,1780280888.4164426,11.983871459960938,decode,0,0,451640,0.0,0.0,0.0,0.0,0.0,0
engine_step_start,1780280888.4164493,1780280888.4164493,1780280888.4285307,12.081384658813477,decode,0,0,451640,0.0,0.0,0.0,0.0,0.0,0
engine_step_start,1780280888.416471,1780280888.416471,1780280888.4284532,11.982202529907227,decode,1,0,451641,0.0,0.0,0.0,0.0,0.0,0
engine_step_start,1780280888.428457,1780280888.428457,1780280888.4407766,12.319564819335938,decode,1,0,451641,0.0,0.0,0.0,0.0,0.0,0
engine_step_start,1780280888.4285455,1780280888.4285455,1780280888.4410033,12.457847595214844,decode,0,0,451640,0.0,0.0,0.0,0.0,0.0,0
engine_step_start,1780280888.440782,1780280888.440782,1780280888.4529545,12.172460556030273,decode,1,0,451641,0.0,0.0,0.0,0.0,0.0,0
engine_step_start,1780280888.4410174,1780280888.4410174,1780280888.4529474,11.929988861083984,decode,0,0,451640,0.0,0.0,0.0,0.0,0.0,0
engine_step_start,1780280888.4529533,1780280888.4529533,1780280888.4650238,12.070417404174805,decode,0,0,451640,0.0,0.0,0.0,0.0,0.0,0
engine_step_start,1780280888.4529667,1780280888.4529667,1780280888.4649808,12.014150619506836,decode,1,0,451641,0.0,0.0,0.0,0.0,0.0,0
engine_step_start,1780280888.4649858,1780280888.4649858,1780280888.4772687,12.282848358154297,decode,1,0,451641,0.0,0.0,0.0,0.0,0.0,0
engine_step_start,1780280888.4650304,1780280888.4650304,1780280888.4772158,12.185335159301758,decode,0,0,451640,0.0,0.0,0.0,0.0,0.0,0
engine_step_start,1780280888.4772217,1780280888.4772217,1780280888.4894369,12.215137481689453,decode,0,0,451640,0.0,0.0,0.0,0.0,0.0,0
engine_step_start,1780280888.477282,1780280888.477282,1780280888.4892492,11.967182159423828,decode,1,0,451641,0.0,0.0,0.0,0.0,0.0,0
engine_step_start,1780280888.4892542,1780280888.4892542,1780280888.5015361,12.28189468383789,decode,1,0,451641,0.0,0.0,0.0,0.0,0.0,0
engine_step_start,1780280888.4894428,1780280888.4894428,1780280888.5015013,12.058496475219727,decode,0,0,451640,0.0,0.0,0.0,0.0,0.0,0
engine_step_start,1780280888.5015073,1780280888.5015073,1780280888.5137272,12.219905853271484,decode,0,0,451640,0.0,0.0,0.0,0.0,0.0,0
engine_step_start,1780280888.501549,1780280888.501549,1780280888.513652,12.103080749511719,decode,1,0,451641,0.0,0.0,0.0,0.0,0.0,0
engine_step_start,1780280888.5136583,1780280888.5136583,1780280888.5257828,12.12453842163086,decode,1,0,451641,0.0,0.0,0.0,0.0,0.0,0
engine_step_start,1780280888.5137415,1780280888.5137415,1780280888.525829,12.087583541870117,decode,0,0,451640,0.0,0.0,0.0,0.0,0.0,0
engine_step_start,1780280888.5257902,1780280888.5257902,1780280888.5379772,12.187004089355469,decode,1,0,451641,0.0,0.0,0.0,0.0,0.0,0
engine_step_start,1780280888.525843,1780280888.525843,1780280888.538088,12.24517822265625,decode,0,0,451640,0.0,0.0,0.0,0.0,0.0,0
engine_step_start,1780280888.537986,1780280888.537986,1780280888.5502377,12.251615524291992,decode,1,0,451641,0.0,0.0,0.0,0.0,0.0,0
engine_step_start,1780280888.5380948,1780280888.5380948,1780280888.5502763,12.181520462036133,decode,0,0,451640,0.0,0.0,0.0,0.0,0.0,0
engine_step_start,1780280888.5502446,1780280888.5502446,1780280888.5623696,12.125015258789062,decode,1,0,451641,0.0,0.0,0.0,0.0,0.0,0
engine_step_start,1780280888.5502822,1780280888.5502822,1780280888.5624926,12.210369110107422,decode,0,0,451640,0.0,0.0,0.0,0.0,0.0,0
engine_step_start,1780280888.562375,1780280888.562375,1780280888.5745606,12.18557357788086,decode,1,0,451641,0.0,0.0,0.0,0.0,0.0,0
engine_step_start,1780280888.5625007,1780280888.5625007,1780280888.5746906,12.189865112304688,decode,0,0,451640,0.0,0.0,0.0,0.0,0.0,0
engine_step_start,1780280888.574577,1780280888.574577,1780280888.5865643,11.98720932006836,decode,1,0,451641,9.364604949951172,0.7812164366124349,9.364604949951172,0.7812164366124349,1.0,1
engine_step_start,1780280888.5746968,1780280888.5746968,1780280888.5866926,11.995792388916016,decode,0,0,451640,9.492874145507812,0.7913503199904599,9.492874145507812,0.7913503199904599,1.0,1
engine_step_start,1780280888.586577,1780280888.586577,1780280888.6099172,23.340225219726562,decode,1,0,451641,24.367332458496094,1.0440058837950479,23.340225219726562,1.0,1.0440058837950479,2
engine_step_start,1780280888.5867093,1780280888.5867093,1780280888.609929,23.219823837280273,decode,0,0,451640,24.246931076049805,1.0442340668028873,23.219823837280273,1.0,1.0442340668028873,2
engine_step_start,1780280888.6099255,1780280888.6099255,1780280888.6221142,12.18867301940918,decode,1,0,451641,2.5091171264648438,0.20585646382254563,2.5091171264648438,0.20585646382254563,1.0,1
engine_step_start,1780280888.6099422,1780280888.6099422,1780280888.6222167,12.274503707885742,decode,0,0,451640,2.4924278259277344,0.20305731989200318,2.4924278259277344,0.20305731989200318,1.0,1
engine_step_start,1780280888.6221337,1780280888.6221337,1780280888.6342914,12.157678604125977,decode,1,0,451641,3.242015838623047,0.2666640519286961,3.242015838623047,0.2666640519286961,1.0,1
engine_step_start,1780280888.622223,1780280888.622223,1780280888.634455,12.232065200805664,decode,0,0,451640,3.242015838623047,0.2650423935288958,3.242015838623047,0.2650423935288958,1.0,1
engine_step_start,1780280888.6343012,1780280888.6343012,1780280888.6465976,12.296438217163086,decode,1,0,451641,0.0,0.0,0.0,0.0,0.0,0
engine_step_start,1780280888.634468,1780280888.634468,1780280888.6466901,12.222051620483398,decode,0,0,451640,0.0,0.0,0.0,0.0,0.0,0
engine_step_start,1780280888.6466072,1780280888.6466072,1780280888.6588948,12.287616729736328,decode,1,0,451641,0.0,0.0,0.0,0.0,0.0,0
engine_step_start,1780280888.6466959,1780280888.6466959,1780280888.6589015,12.20560073852539,decode,0,0,451640,0.0,0.0,0.0,0.0,0.0,0
engine_step_start,1780280888.658907,1780280888.658907,1780280888.6710782,12.171268463134766,decode,0,0,451640,0.0,0.0,0.0,0.0,0.0,0
engine_step_start,1780280888.6589074,1780280888.6589074,1780280888.6711068,12.19940185546875,decode,1,0,451641,0.0,0.0,0.0,0.0,0.0,0
engine_step_start,1780280888.6710844,1780280888.6710844,1780280888.6834154,12.331008911132812,decode,0,0,451640,0.0,0.0,0.0,0.0,0.0,0
engine_step_start,1780280888.6711223,1780280888.6711223,1780280888.6833181,12.195825576782227,decode,1,0,451641,0.0,0.0,0.0,0.0,0.0,0
engine_step_start,1780280888.6833265,1780280888.6833265,1780280888.6955602,12.233734130859375,decode,1,0,451641,0.0,0.0,0.0,0.0,0.0,0
engine_step_start,1780280888.6834214,1780280888.6834214,1780280888.6956263,12.204885482788086,decode,0,0,451640,0.0,0.0,0.0,0.0,0.0,0
engine_step_start,1780280888.6955695,1780280888.6955695,1780280888.7077334,12.163877487182617,decode,1,0,451641,0.0,0.0,0.0,0.0,0.0,0
engine_step_start,1780280888.695632,1780280888.695632,1780280888.7076929,12.060880661010742,decode,0,0,451640,0.0,0.0,0.0,0.0,0.0,0
engine_step_start,1780280888.7076995,1780280888.7076995,1780280888.719775,12.075424194335938,decode,0,0,451640,9.75942611694336,0.8082056547148949,9.75942611694336,0.8082056547148949,1.0,1
engine_step_start,1780280888.707751,1780280888.707751,1780280888.7198107,12.059688568115234,decode,1,0,451641,9.795188903808594,0.8122256929342454,9.795188903808594,0.8122256929342454,1.0,1
engine_step_start,1780280888.719792,1780280888.719792,1780280888.732037,12.24517822265625,decode,0,0,451640,14.789104461669922,1.2077492211838006,12.24517822265625,1.0,1.2077492211838006,2
engine_step_start,1780280888.7198262,1780280888.7198262,1780280888.7319546,12.128353118896484,decode,1,0,451641,14.672279357910156,1.2097503440141537,12.128353118896484,1.0,1.2097503440141537,2
engine_step_start,1780280888.7325983,1780280888.7325983,1780280888.7442465,11.648178100585938,decode,0,0,451640,15.228033065795898,1.307331750450303,11.648178100585938,1.0,1.307331750450303,2
engine_step_start,1780280888.7327995,1780280888.7327995,1780280888.7441525,11.353015899658203,decode,1,0,451641,14.932870864868164,1.315321937082616,11.353015899658203,1.0,1.315321937082616,2
engine_step_start,1780280888.7441673,1780280888.7441673,1780280888.7564583,12.29095458984375,decode,1,0,451641,2.6292800903320312,0.2139199255121043,2.6292800903320312,0.2139199255121043,1.0,1
engine_step_start,1780280888.744253,1780280888.744253,1780280888.7564704,12.217521667480469,decode,0,0,451640,2.5436878204345703,0.2081999843884162,2.5436878204345703,0.2081999843884162,1.0,1
engine_step_start,1780280888.7564666,1780280888.7564666,1780280888.7685454,12.07876205444336,decode,1,0,451641,0.0,0.0,0.0,0.0,0.0,0
engine_step_start,1780280888.756485,1780280888.756485,1780280888.7685862,12.101173400878906,decode,0,0,451640,0.0,0.0,0.0,0.0,0.0,0
engine_step_start,1780280888.7685597,1780280888.7685597,1780280888.7806334,12.073755264282227,decode,1,0,451641,0.0,0.0,0.0,0.0,0.0,0
engine_step_start,1780280888.7685924,1780280888.7685924,1780280888.7806942,12.101888656616211,decode,0,0,451640,0.0,0.0,0.0,0.0,0.0,0
engine_step_start,1780280888.7806447,1780280888.7806447,1780280888.7928436,12.198925018310547,decode,1,0,451641,0.0,0.0,0.0,0.0,0.0,0
engine_step_start,1780280888.7807004,1780280888.7807004,1780280888.7928271,12.126684188842773,decode,0,0,451640,0.0,0.0,0.0,0.0,0.0,0
engine_step_start,1780280888.792834,1780280888.792834,1780280888.804996,12.161970138549805,decode,0,0,451640,0.0,0.0,0.0,0.0,0.0,0
engine_step_start,1780280888.7928498,1780280888.7928498,1780280888.8048828,12.03298568725586,decode,1,0,451641,0.0,0.0,0.0,0.0,0.0,0
engine_step_start,1780280888.8048894,1780280888.8048894,1780280888.817099,12.209653854370117,decode,1,0,451641,0.0,0.0,0.0,0.0,0.0,0
engine_step_start,1780280888.805002,1780280888.805002,1780280888.8169944,11.992454528808594,decode,0,0,451640,0.0,0.0,0.0,0.0,0.0,0
engine_step_start,1780280888.8170006,1780280888.8170006,1780280888.8291423,12.141704559326172,decode,0,0,451640,0.0,0.0,0.0,0.0,0.0,0
engine_step_start,1780280888.817105,1780280888.817105,1780280888.8291137,12.0086669921875,decode,1,0,451641,0.0,0.0,0.0,0.0,0.0,0
engine_step_start,1780280888.8291204,1780280888.8291204,1780280888.8413749,12.254476547241211,decode,1,0,451641,0.0,0.0,0.0,0.0,0.0,0
engine_step_start,1780280888.8291485,1780280888.8291485,1780280888.8413737,12.225151062011719,decode,0,0,451640,0.0,0.0,0.0,0.0,0.0,0
engine_step_start,1780280888.8413801,1780280888.8413801,1780280888.8535168,12.136697769165039,decode,1,0,451641,0.0,0.0,0.0,0.0,0.0,0
engine_step_start,1780280888.8413882,1780280888.8413882,1780280888.8535538,12.165546417236328,decode,0,0,451640,0.0,0.0,0.0,0.0,0.0,0
engine_step_start,1780280888.853522,1780280888.853522,1780280888.86583,12.307882308959961,decode,1,0,451641,0.0,0.0,0.0,0.0,0.0,0
engine_step_start,1780280888.8535597,1780280888.8535597,1780280888.8658814,12.321710586547852,decode,0,0,451640,0.0,0.0,0.0,0.0,0.0,0
engine_step_start,1780280888.865848,1780280888.865848,1780280888.8781703,12.322187423706055,decode,1,0,451641,9.698629379272461,0.7870866629259138,9.698629379272461,0.7870866629259138,1.0,1
engine_step_start,1780280888.8658874,1780280888.8658874,1780280888.878118,12.230634689331055,decode,0,0,451640,9.646415710449219,0.7887093315659175,9.646415710449219,0.7887093315659175,1.0,1
engine_step_start,1780280888.878132,1780280888.878132,1780280888.8903227,12.190580368041992,decode,0,0,451640,12.190580368041992,1.0,12.190580368041992,1.0,1.0,1
engine_step_start,1780280888.8781831,1780280888.8781831,1780280888.8903313,12.148141860961914,decode,1,0,451641,12.148141860961914,1.0,12.148141860961914,1.0,1.0,1
engine_step_start,1780280888.8903291,1780280888.8903291,1780280888.9025023,12.173175811767578,decode,0,0,451640,2.6035308837890625,0.21387441732931176,2.6035308837890625,0.21387441732931176,1.0,1
engine_step_start,1780280888.8903458,1780280888.8903458,1780280888.902433,12.087106704711914,decode,1,0,451641,2.586841583251953,0.2140166084778192,2.586841583251953,0.2140166084778192,1.0,1
engine_step_start,1780280888.9024389,1780280888.9024389,1780280888.9146514,12.212514877319336,decode,1,0,451641,0.0,0.0,0.0,0.0,0.0,0
engine_step_start,1780280888.9025085,1780280888.9025085,1780280888.9146292,12.120723724365234,decode,0,0,451640,0.0,0.0,0.0,0.0,0.0,0
engine_step_start,1780280888.9146354,1780280888.9146354,1780280888.9269361,12.300729751586914,decode,0,0,451640,1.3480186462402344,0.10958851006919543,1.3480186462402344,0.10958851006919543,1.0,1
engine_step_start,1780280888.914664,1780280888.914664,1780280888.9268246,12.160539627075195,decode,1,0,451641,1.3480186462402344,0.11085187726693461,1.3480186462402344,0.11085187726693461,1.0,1
engine_step_start,1780280888.9268394,1780280888.9268394,1780280888.9390686,12.229204177856445,decode,1,0,451641,0.0,0.0,0.0,0.0,0.0,0
engine_step_start,1780280888.9269428,1780280888.9269428,1780280888.9391112,12.168407440185547,decode,0,0,451640,0.0,0.0,0.0,0.0,0.0,0
engine_step_start,1780280888.939082,1780280888.939082,1780280888.9511693,12.087345123291016,decode,1,0,451641,0.0,0.0,0.0,0.0,0.0,0
engine_step_start,1780280888.9391177,1780280888.9391177,1780280888.951224,12.10641860961914,decode,0,0,451640,0.0,0.0,0.0,0.0,0.0,0
engine_step_start,1780280888.951179,1780280888.951179,1780280888.9633293,12.150287628173828,decode,1,0,451641,0.0,0.0,0.0,0.0,0.0,0
engine_step_start,1780280888.9512303,1780280888.9512303,1780280888.9634702,12.239933013916016,decode,0,0,451640,0.0,0.0,0.0,0.0,0.0,0
engine_step_start,1780280888.9633336,1780280888.9633336,1780280888.9754827,12.14909553527832,decode,1,0,451641,0.0,0.0,0.0,0.0,0.0,0
engine_step_start,1780280888.963476,1780280888.963476,1780280888.9755147,12.038707733154297,decode,0,0,451640,0.0,0.0,0.0,0.0,0.0,0
engine_step_start,1780280888.975487,1780280888.975487,1780280888.9875677,12.080669403076172,decode,1,0,451641,0.0,0.0,0.0,0.0,0.0,0
engine_step_start,1780280888.9755208,1780280888.9755208,1780280888.9875655,12.044668197631836,decode,0,0,451640,0.0,0.0,0.0,0.0,0.0,0
engine_step_start,1780280888.9875712,1780280888.9875712,1780280888.9997504,12.179136276245117,decode,0,0,451640,0.0,0.0,0.0,0.0,0.0,0
engine_step_start,1780280888.9875722,1780280888.9875722,1780280888.9998147,12.242555618286133,decode,1,0,451641,0.0,0.0,0.0,0.0,0.0,0
engine_step_start,1780280888.9997563,1780280888.9997563,1780280889.011973,12.216567993164062,decode,0,0,451640,0.0,0.0,0.0,0.0,0.0,0
engine_step_start,1780280888.9998198,1780280888.9998198,1780280889.011887,12.067317962646484,decode,1,0,451641,0.0,0.0,0.0,0.0,0.0,0
engine_step_start,1780280889.0118926,1780280889.0118926,1780280889.024127,12.23444938659668,decode,1,0,451641,3.8518905639648438,0.3148397154828023,3.8518905639648438,0.3148397154828023,1.0,1
engine_step_start,1780280889.0119898,1780280889.0119898,1780280889.0241435,12.15362548828125,decode,0,0,451640,3.8518905639648438,0.31693345888261143,3.8518905639648438,0.31693345888261143,1.0,1
engine_step_start,1780280889.0241325,1780280889.0241325,1780280889.036332,12.19940185546875,decode,1,0,451641,0.0,0.0,0.0,0.0,0.0,0
engine_step_start,1780280889.024158,1780280889.024158,1780280889.0365508,12.392759323120117,decode,0,0,451640,0.0,0.0,0.0,0.0,0.0,0
engine_step_start,1780280889.0363412,1780280889.0363412,1780280889.0485983,12.257099151611328,decode,1,0,451641,0.0,0.0,0.0,0.0,0.0,0
engine_step_start,1780280889.036557,1780280889.036557,1780280889.0485578,12.000799179077148,decode,0,0,451640,0.0,0.0,0.0,0.0,0.0,0
engine_step_start,1780280889.048571,1780280889.048571,1780280889.06071,12.138843536376953,decode,0,0,451640,0.0,0.0,0.0,0.0,0.0,0
engine_step_start,1780280889.0486038,1780280889.0486038,1780280889.0606222,12.018442153930664,decode,1,0,451641,0.0,0.0,0.0,0.0,0.0,0
engine_step_start,1780280889.0606275,1780280889.0606275,1780280889.07284,12.212514877319336,decode,1,0,451641,0.0,0.0,0.0,0.0,0.0,0
engine_step_start,1780280889.060716,1780280889.060716,1780280889.0727947,12.07876205444336,decode,0,0,451640,0.0,0.0,0.0,0.0,0.0,0
engine_step_start,1780280889.0728004,1780280889.0728004,1780280889.0848632,12.062788009643555,decode,0,0,451640,0.0,0.0,0.0,0.0,0.0,0
engine_step_start,1780280889.0728452,1780280889.0728452,1780280889.0847802,11.934995651245117,decode,1,0,451641,0.0,0.0,0.0,0.0,0.0,0
engine_step_start,1780280889.0847855,1780280889.0847855,1780280889.096967,12.181520462036133,decode,1,0,451641,0.0,0.0,0.0,0.0,0.0,0
engine_step_start,1780280889.0848696,1780280889.0848696,1780280889.0969942,12.12453842163086,decode,0,0,451640,0.0,0.0,0.0,0.0,0.0,0
engine_step_start,1780280889.0969722,1780280889.0969722,1780280889.1090274,12.055158615112305,decode,1,0,451641,0.0,0.0,0.0,0.0,0.0,0
engine_step_start,1780280889.097,1780280889.097,1780280889.1090767,12.076854705810547,decode,0,0,451640,0.0,0.0,0.0,0.0,0.0,0
engine_step_start,1780280889.109032,1780280889.109032,1780280889.1211624,12.130498886108398,decode,1,0,451641,0.0,0.0,0.0,0.0,0.0,0
engine_step_start,1780280889.1090825,1780280889.1090825,1780280889.1212196,12.137174606323242,decode,0,0,451640,0.0,0.0,0.0,0.0,0.0,0
engine_step_start,1780280889.1216438,1780280889.1216438,1780280889.1333082,11.664390563964844,decode,0,0,451640,0.0,0.0,0.0,0.0,0.0,0
engine_step_start,1780280889.1216505,1780280889.1216505,1780280889.1332548,11.60430908203125,decode,1,0,451641,0.0,0.0,0.0,0.0,0.0,0
engine_step_start,1780280889.1332598,1780280889.1332598,1780280889.145398,12.138128280639648,decode,1,0,451641,0.0,0.0,0.0,0.0,0.0,0
engine_step_start,1780280889.1333146,1780280889.1333146,1780280889.1453726,12.058019638061523,decode,0,0,451640,0.0,0.0,0.0,0.0,0.0,0
engine_step_start,1780280889.1453788,1780280889.1453788,1780280889.1576223,12.243509292602539,decode,0,0,451640,0.0,0.0,0.0,0.0,0.0,0
engine_step_start,1780280889.1454039,1780280889.1454039,1780280889.1576254,12.221574783325195,decode,1,0,451641,0.0,0.0,0.0,0.0,0.0,0
engine_step_start,1780280889.1576283,1780280889.1576283,1780280889.1697803,12.151956558227539,decode,0,0,451640,2.7370452880859375,0.2252349467323275,2.7370452880859375,0.2252349467323275,1.0,1
engine_step_start,1780280889.157642,1780280889.157642,1780280889.1697433,12.101411819458008,decode,1,0,451641,2.7370452880859375,0.2261756999034616,2.7370452880859375,0.2261756999034616,1.0,1
engine_step_start,1780280889.1697547,1780280889.1697547,1780280889.181905,12.150287628173828,decode,1,0,451641,0.0,0.0,0.0,0.0,0.0,0
engine_step_start,1780280889.1697862,1780280889.1697862,1780280889.1820066,12.220382690429688,decode,0,0,451640,0.0,0.0,0.0,0.0,0.0,0
engine_step_start,1780280889.1819158,1780280889.1819158,1780280889.1940038,12.08806037902832,decode,1,0,451641,0.0,0.0,0.0,0.0,0.0,0
engine_step_start,1780280889.1820126,1780280889.1820126,1780280889.19416,12.14742660522461,decode,0,0,451640,0.0,0.0,0.0,0.0,0.0,0
engine_step_start,1780280889.1940134,1780280889.1940134,1780280889.2063215,12.308120727539062,decode,1,0,451641,0.0,0.0,0.0,0.0,0.0,0
engine_step_start,1780280889.1941662,1780280889.1941662,1780280889.2064042,12.238025665283203,decode,0,0,451640,0.0,0.0,0.0,0.0,0.0,0
engine_step_start,1780280889.206328,1780280889.206328,1780280889.2183487,12.02082633972168,decode,1,0,451641,0.0,0.0,0.0,0.0,0.0,0
engine_step_start,1780280889.2064102,1780280889.2064102,1780280889.218406,11.995792388916016,decode,0,0,451640,0.0,0.0,0.0,0.0,0.0,0
engine_step_start,1780280889.218355,1780280889.218355,1780280889.2305243,12.169361114501953,decode,1,0,451641,0.0,0.0,0.0,0.0,0.0,0
engine_step_start,1780280889.2184122,1780280889.2184122,1780280889.2305715,12.159347534179688,decode,0,0,451640,0.0,0.0,0.0,0.0,0.0,0
engine_step_start,1780280889.2305295,1780280889.2305295,1780280889.2426157,12.086153030395508,decode,1,0,451641,4.242897033691406,0.35105438620716867,4.242897033691406,0.35105438620716867,1.0,1
engine_step_start,1780280889.230597,1780280889.230597,1780280889.2427936,12.196540832519531,decode,0,0,451640,4.242897033691406,0.34787708186722965,4.242897033691406,0.34787708186722965,1.0,1
engine_step_start,1780280889.2426207,1780280889.2426207,1780280889.2549164,12.295722961425781,decode,1,0,451641,0.0,0.0,0.0,0.0,0.0,0
engine_step_start,1780280889.2428107,1780280889.2428107,1780280889.2550855,12.274742126464844,decode,0,0,451640,0.0,0.0,0.0,0.0,0.0,0
engine_step_start,1780280889.2549214,1780280889.2549214,1780280889.2671878,12.266397476196289,decode,1,0,451641,0.0,0.0,0.0,0.0,0.0,0
engine_step_start,1780280889.255103,1780280889.255103,1780280889.2673926,12.28952407836914,decode,0,0,451640,0.0,0.0,0.0,0.0,0.0,0
engine_step_start,1780280889.2671957,1780280889.2671957,1780280889.2794552,12.259483337402344,decode,1,0,451641,0.0,0.0,0.0,0.0,0.0,0
engine_step_start,1780280889.2674103,1780280889.2674103,1780280889.279587,12.176752090454102,decode,0,0,451640,0.0,0.0,0.0,0.0,0.0,0
engine_step_start,1780280889.2794638,1780280889.2794638,1780280889.2915606,12.096881866455078,decode,1,0,451641,0.0,0.0,0.0,0.0,0.0,0
engine_step_start,1780280889.2795944,1780280889.2795944,1780280889.2916784,12.084007263183594,decode,0,0,451640,0.0,0.0,0.0,0.0,0.0,0
engine_step_start,1780280889.2915652,1780280889.2915652,1780280889.3037581,12.192964553833008,decode,1,0,451641,0.0,0.0,0.0,0.0,0.0,0
engine_step_start,1780280889.2916846,1780280889.2916846,1780280889.3037815,12.096881866455078,decode,0,0,451640,0.0,0.0,0.0,0.0,0.0,0
engine_step_start,1780280889.3037632,1780280889.3037632,1780280889.3160062,12.243032455444336,decode,1,0,451641,0.0,0.0,0.0,0.0,0.0,0
engine_step_start,1780280889.3037877,1780280889.3037877,1780280889.3161416,12.353897094726562,decode,0,0,451640,0.0,0.0,0.0,0.0,0.0,0
engine_step_start,1780280889.3160114,1780280889.3160114,1780280889.328251,12.239456176757812,decode,1,0,451641,0.0,0.0,0.0,0.0,0.0,0
engine_step_start,1780280889.316148,1780280889.316148,1780280889.328299,12.151002883911133,decode,0,0,451640,0.0,0.0,0.0,0.0,0.0,0
engine_step_start,1780280889.328256,1780280889.328256,1780280889.3405695,12.313604354858398,decode,1,0,451641,0.0,0.0,0.0,0.0,0.0,0
engine_step_start,1780280889.3283052,1780280889.3283052,1780280889.3406458,12.340545654296875,decode,0,0,451640,0.0,0.0,0.0,0.0,0.0,0
engine_step_start,1780280889.3405745,1780280889.3405745,1780280889.352844,12.26949691772461,decode,1,0,451641,0.0,0.0,0.0,0.0,0.0,0
engine_step_start,1780280889.3406525,1780280889.3406525,1780280889.352865,12.212514877319336,decode,0,0,451640,0.0,0.0,0.0,0.0,0.0,0
engine_step_start,1780280889.3528492,1780280889.3528492,1780280889.3650975,12.24827766418457,decode,1,0,451641,0.0,0.0,0.0,0.0,0.0,0
engine_step_start,1780280889.352871,1780280889.352871,1780280889.3651428,12.271881103515625,decode,0,0,451640,0.0,0.0,0.0,0.0,0.0,0
engine_step_start,1780280889.3651164,1780280889.3651164,1780280889.3772047,12.088298797607422,decode,1,0,451641,11.732101440429688,0.9705337067571299,9.696006774902344,0.8020985365468818,1.2099931149798366,2
engine_step_start,1780280889.3651612,1780280889.3651612,1780280889.377207,12.045860290527344,decode,0,0,451640,11.734485626220703,0.9741508985828518,9.69839096069336,0.8051223181062466,1.2099414917154236,2
engine_step_start,1780280889.3772173,1780280889.3772173,1780280889.3895237,12.306451797485352,decode,1,0,451641,2.489328384399414,0.2022783191584168,2.489328384399414,0.2022783191584168,1.0,1
engine_step_start,1780280889.377222,1780280889.377222,1780280889.3894773,12.255191802978516,decode,0,0,451640,2.484560012817383,0.20273530212832186,2.484560012817383,0.20273530212832186,1.0,1
engine_step_start,1780280889.3894835,1780280889.3894835,1780280889.4017448,12.261390686035156,decode,0,0,451640,0.0,0.0,0.0,0.0,0.0,0
engine_step_start,1780280889.3895354,1780280889.3895354,1780280889.401759,12.223482131958008,decode,1,0,451641,0.0,0.0,0.0,0.0,0.0,0
engine_step_start,1780280889.4017587,1780280889.4017587,1780280889.413971,12.212276458740234,decode,0,0,451640,1.352071762084961,0.11071414626527663,1.352071762084961,0.11071414626527663,1.0,1
engine_step_start,1780280889.401775,1780280889.401775,1780280889.4138541,12.079238891601562,decode,1,0,451641,1.352071762084961,0.11193352281699037,1.352071762084961,0.11193352281699037,1.0,1
engine_step_start,1780280889.4138658,1780280889.4138658,1780280889.4260108,12.145042419433594,decode,1,0,451641,1.9359588623046875,0.15940321947389086,1.9359588623046875,0.15940321947389086,1.0,1
engine_step_start,1780280889.4139867,1780280889.4139867,1780280889.4262106,12.223958969116211,decode,0,0,451640,1.9359588623046875,0.15837412962493416,1.9359588623046875,0.15837412962493416,1.0,1
engine_step_start,1780280889.4260156,1780280889.4260156,1780280889.4383247,12.309074401855469,decode,1,0,451641,0.0,0.0,0.0,0.0,0.0,0
engine_step_start,1780280889.4262245,1780280889.4262245,1780280889.4383163,12.091875076293945,decode,0,0,451640,0.0,0.0,0.0,0.0,0.0,0
engine_step_start,1780280889.438323,1780280889.438323,1780280889.4504473,12.124300003051758,decode,0,0,451640,0.0,0.0,0.0,0.0,0.0,0
engine_step_start,1780280889.4383478,1780280889.4383478,1780280889.450457,12.10927963256836,decode,1,0,451641,0.0,0.0,0.0,0.0,0.0,0
engine_step_start,1780280889.4504607,1780280889.4504607,1780280889.462621,12.160301208496094,decode,0,0,451640,0.0,0.0,0.0,0.0,0.0,0
engine_step_start,1780280889.4504657,1780280889.4504657,1780280889.4625063,12.04061508178711,decode,1,0,451641,0.0,0.0,0.0,0.0,0.0,0
engine_step_start,1780280889.4625118,1780280889.4625118,1780280889.4748127,12.300968170166016,decode,1,0,451641,0.0,0.0,0.0,0.0,0.0,0
engine_step_start,1780280889.4626343,1780280889.4626343,1780280889.4748042,12.169837951660156,decode,0,0,451640,0.0,0.0,0.0,0.0,0.0,0
engine_step_start,1780280889.4748173,1780280889.4748173,1780280889.4869454,12.128114700317383,decode,0,0,451640,0.0,0.0,0.0,0.0,0.0,0
engine_step_start,1780280889.4748185,1780280889.4748185,1780280889.486827,12.008428573608398,decode,1,0,451641,0.0,0.0,0.0,0.0,0.0,0
engine_step_start,1780280889.4868324,1780280889.4868324,1780280889.4990866,12.25423812866211,decode,1,0,451641,0.0,0.0,0.0,0.0,0.0,0
engine_step_start,1780280889.4869516,1780280889.4869516,1780280889.4990568,12.105226516723633,decode,0,0,451640,0.0,0.0,0.0,0.0,0.0,0
engine_step_start,1780280889.499079,1780280889.499079,1780280889.5113277,12.248754501342773,decode,0,0,451640,9.946107864379883,0.8120097323600973,9.946107864379883,0.8120097323600973,1.0,1
engine_step_start,1780280889.499092,1780280889.499092,1780280889.5111988,12.106657028198242,decode,1,0,451641,9.817123413085938,0.810886390043128,9.817123413085938,0.810886390043128,1.0,1
engine_step_start,1780280889.5117643,1780280889.5117643,1780280889.5234613,11.697053909301758,decode,0,0,451640,2.636432647705078,0.22539287825360266,2.636432647705078,0.22539287825360266,1.0,1
engine_step_start,1780280889.5119164,1780280889.5119164,1780280889.5234208,11.504411697387695,decode,1,0,451641,2.4843215942382812,0.21594512258305182,2.4843215942382812,0.21594512258305182,1.0,1
engine_step_start,1780280889.5234284,1780280889.5234284,1780280889.5355253,12.096881866455078,decode,1,0,451641,0.0,0.0,0.0,0.0,0.0,0
engine_step_start,1780280889.5234692,1780280889.5234692,1780280889.535781,12.311697006225586,decode,0,0,451640,0.0,0.0,0.0,0.0,0.0,0
engine_step_start,1780280889.5355303,1780280889.5355303,1780280889.5477881,12.257814407348633,decode,1,0,451641,0.0,0.0,0.0,0.0,0.0,0
engine_step_start,1780280889.535795,1780280889.535795,1780280889.5476918,11.896848678588867,decode,0,0,451640,0.0,0.0,0.0,0.0,0.0,0
engine_step_start,1780280889.5477092,1780280889.5477092,1780280889.5599992,12.290000915527344,decode,0,0,451640,2.557039260864258,0.20805850857453248,2.557039260864258,0.20805850857453248,1.0,1
engine_step_start,1780280889.547804,1780280889.547804,1780280889.559912,12.10784912109375,decode,1,0,451641,2.557039260864258,0.21118856332703215,2.557039260864258,0.21118856332703215,1.0,1
engine_step_start,1780280889.5599272,1780280889.5599272,1780280889.5721478,12.220621109008789,decode,1,0,451641,3.092050552368164,0.2530190998302671,3.092050552368164,0.2530190998302671,1.0,1
engine_step_start,1780280889.5600202,1780280889.5600202,1780280889.5721781,12.157917022705078,decode,0,0,451640,3.092050552368164,0.254324038122132,3.092050552368164,0.254324038122132,1.0,1
engine_step_start,1780280889.5721545,1780280889.5721545,1780280889.5841672,12.012720108032227,decode,1,0,451641,0.0,0.0,0.0,0.0,0.0,0
engine_step_start,1780280889.5721917,1780280889.5721917,1780280889.5842373,12.045621871948242,decode,0,0,451640,0.0,0.0,0.0,0.0,0.0,0
engine_step_start,1780280889.5841775,1780280889.5841775,1780280889.596343,12.165546417236328,decode,1,0,451641,0.0,0.0,0.0,0.0,0.0,0
engine_step_start,1780280889.5842438,1780280889.5842438,1780280889.596363,12.119293212890625,decode,0,0,451640,0.0,0.0,0.0,0.0,0.0,0
engine_step_start,1780280889.5963478,1780280889.5963478,1780280889.608535,12.18724250793457,decode,1,0,451641,0.0,0.0,0.0,0.0,0.0,0
engine_step_start,1780280889.5963752,1780280889.5963752,1780280889.6085775,12.202262878417969,decode,0,0,451640,0.0,0.0,0.0,0.0,0.0,0
engine_step_start,1780280889.6085455,1780280889.6085455,1780280889.6207724,12.22681999206543,decode,1,0,451641,0.0,0.0,0.0,0.0,0.0,0
engine_step_start,1780280889.608584,1780280889.608584,1780280889.6208148,12.230873107910156,decode,0,0,451640,0.0,0.0,0.0,0.0,0.0,0
engine_step_start,1780280889.620777,1780280889.620777,1780280889.6330566,12.279748916625977,decode,1,0,451641,0.0,0.0,0.0,0.0,0.0,0
engine_step_start,1780280889.6208205,1780280889.6208205,1780280889.633151,12.33053207397461,decode,0,0,451640,0.0,0.0,0.0,0.0,0.0,0
engine_step_start,1780280889.6330616,1780280889.6330616,1780280889.645165,12.10331916809082,decode,1,0,451641,0.0,0.0,0.0,0.0,0.0,0
engine_step_start,1780280889.6331573,1780280889.6331573,1780280889.6452665,12.10927963256836,decode,0,0,451640,0.0,0.0,0.0,0.0,0.0,0
engine_step_start,1780280889.6451693,1780280889.6451693,1780280889.6574037,12.23444938659668,decode,1,0,451641,0.0,0.0,0.0,0.0,0.0,0
engine_step_start,1780280889.6452732,1780280889.6452732,1780280889.6573575,12.084245681762695,decode,0,0,451640,0.0,0.0,0.0,0.0,0.0,0
engine_step_start,1780280889.6573634,1780280889.6573634,1780280889.669597,12.233495712280273,decode,0,0,451640,0.0,0.0,0.0,0.0,0.0,0
engine_step_start,1780280889.657409,1780280889.657409,1780280889.6695895,12.180566787719727,decode,1,0,451641,0.0,0.0,0.0,0.0,0.0,0
engine_step_start,1780280889.6695936,1780280889.6695936,1780280889.6818674,12.273788452148438,decode,1,0,451641,9.468793869018555,0.7714646464646465,9.468793869018555,0.7714646464646465,1.0,1
engine_step_start,1780280889.6696134,1780280889.6696134,1780280889.6817842,12.170791625976562,decode,0,0,451640,9.38558578491211,0.7711565585331452,9.38558578491211,0.7711565585331452,1.0,1
engine_step_start,1780280889.6817994,1780280889.6817994,1780280889.693939,12.139558792114258,decode,0,0,451640,14.110565185546875,1.1623622758607144,12.139558792114258,1.0,1.1623622758607144,2
engine_step_start,1780280889.6818886,1780280889.6818886,1780280889.6938918,12.003183364868164,decode,1,0,451641,13.974189758300781,1.1642069718939319,12.003183364868164,1.0,1.1642069718939319,2
engine_step_start,1780280889.6939034,1780280889.6939034,1780280889.7061615,12.258052825927734,decode,1,0,451641,2.496004104614258,0.20362158167036215,2.496004104614258,0.20362158167036215,1.0,1
engine_step_start,1780280889.6939456,1780280889.6939456,1780280889.706187,12.241363525390625,decode,0,0,451640,2.4538040161132812,0.2004518541601745,2.4538040161132812,0.2004518541601745,1.0,1
engine_step_start,1780280889.7061672,1780280889.7061672,1780280889.7182753,12.108087539672852,decode,1,0,451641,4.5909881591796875,0.3791670768927833,4.5909881591796875,0.3791670768927833,1.0,1
engine_step_start,1780280889.7062027,1780280889.7062027,1780280889.718369,12.166261672973633,decode,0,0,451640,4.5909881591796875,0.37735405357737756,4.5909881591796875,0.37735405357737756,1.0,1
engine_step_start,1780280889.7182877,1780280889.7182877,1780280889.7304785,12.190818786621094,decode,1,0,451641,0.0,0.0,0.0,0.0,0.0,0
engine_step_start,1780280889.7183836,1780280889.7183836,1780280889.7304916,12.108087539672852,decode,0,0,451640,0.0,0.0,0.0,0.0,0.0,0
engine_step_start,1780280889.7304842,1780280889.7304842,1780280889.7425976,12.113332748413086,decode,1,0,451641,0.0,0.0,0.0,0.0,0.0,0
engine_step_start,1780280889.7305043,1780280889.7305043,1780280889.742676,12.171745300292969,decode,0,0,451640,0.0,0.0,0.0,0.0,0.0,0
engine_step_start,1780280889.7426026,1780280889.7426026,1780280889.7547278,12.125253677368164,decode,1,0,451641,0.0,0.0,0.0,0.0,0.0,0
engine_step_start,1780280889.7426884,1780280889.7426884,1780280889.7548761,12.187719345092773,decode,0,0,451640,0.0,0.0,0.0,0.0,0.0,0
engine_step_start,1780280889.7547324,1780280889.7547324,1780280889.7669675,12.235164642333984,decode,1,0,451641,0.0,0.0,0.0,0.0,0.0,0
engine_step_start,1780280889.7548823,1780280889.7548823,1780280889.7671595,12.27712631225586,decode,0,0,451640,0.0,0.0,0.0,0.0,0.0,0
engine_step_start,1780280889.7669718,1780280889.7669718,1780280889.7792647,12.292861938476562,decode,1,0,451641,0.0,0.0,0.0,0.0,0.0,0
engine_step_start,1780280889.7671654,1780280889.7671654,1780280889.779246,12.080669403076172,decode,0,0,451640,0.0,0.0,0.0,0.0,0.0,0
engine_step_start,1780280889.7792518,1780280889.7792518,1780280889.7915404,12.288570404052734,decode,0,0,451640,0.0,0.0,0.0,0.0,0.0,0
engine_step_start,1780280889.7792716,1780280889.7792716,1780280889.7914724,12.20083236694336,decode,1,0,451641,0.0,0.0,0.0,0.0,0.0,0
engine_step_start,1780280889.7914784,1780280889.7914784,1780280889.803704,12.225627899169922,decode,1,0,451641,0.0,0.0,0.0,0.0,0.0,0
engine_step_start,1780280889.7915466,1780280889.7915466,1780280889.8037946,12.248039245605469,decode,0,0,451640,0.0,0.0,0.0,0.0,0.0,0
engine_step_start,1780280889.8037102,1780280889.8037102,1780280889.8160026,12.29238510131836,decode,1,0,451641,0.0,0.0,0.0,0.0,0.0,0
engine_step_start,1780280889.8038003,1780280889.8038003,1780280889.8161016,12.301206588745117,decode,0,0,451640,0.0,0.0,0.0,0.0,0.0,0
engine_step_start,1780280889.8160083,1780280889.8160083,1780280889.8283148,12.306451797485352,decode,1,0,451641,0.0,0.0,0.0,0.0,0.0,0
engine_step_start,1780280889.8161077,1780280889.8161077,1780280889.8282762,12.168407440185547,decode,0,0,451640,0.0,0.0,0.0,0.0,0.0,0
engine_step_start,1780280889.8282828,1780280889.8282828,1780280889.8405666,12.283802032470703,decode,0,0,451640,9.764909744262695,0.7949419665385661,9.764909744262695,0.7949419665385661,1.0,1
engine_step_start,1780280889.8283317,1780280889.8283317,1780280889.8405137,12.181997299194336,decode,1,0,451641,9.711980819702148,0.7972404344847832,9.711980819702148,0.7972404344847832,1.0,1
engine_step_start,1780280889.840528,1780280889.840528,1780280889.8527033,12.175321578979492,decode,1,0,451641,12.175321578979492,1.0,12.175321578979492,1.0,1.0,1
engine_step_start,1780280889.8405733,1780280889.8405733,1780280889.8526816,12.108325958251953,decode,0,0,451640,12.108325958251953,1.0,12.108325958251953,1.0,1.0,1
engine_step_start,1780280889.8526978,1780280889.8526978,1780280889.8650203,12.322425842285156,decode,0,0,451640,11.056900024414062,0.897298970667905,6.724834442138672,0.5457394938472254,1.6441891796071757,3
engine_step_start,1780280889.8527188,1780280889.8527188,1780280889.8649464,12.227535247802734,decode,1,0,451641,11.035919189453125,0.9025465039191982,6.703853607177734,0.5482587840736264,1.6462052777580198,3
engine_step_start,1780280889.8649676,1780280889.8649676,1780280889.8771818,12.214183807373047,decode,1,0,451641,1.3880729675292969,0.11364434901424947,1.3880729675292969,0.11364434901424947,1.0,1
engine_step_start,1780280889.865035,1780280889.865035,1780280889.8772311,12.196063995361328,decode,0,0,451640,1.3880729675292969,0.11381319153927356,1.3880729675292969,0.11381319153927356,1.0,1
engine_step_start,1780280889.877192,1780280889.877192,1780280889.8894503,12.258291244506836,decode,1,0,451641,0.0,0.0,0.0,0.0,0.0,0
engine_step_start,1780280889.877237,1780280889.877237,1780280889.8894873,12.250185012817383,decode,0,0,451640,0.0,0.0,0.0,0.0,0.0,0
engine_step_start,1780280889.8894608,1780280889.8894608,1780280889.9016185,12.157678604125977,decode,1,0,451641,0.0,0.0,0.0,0.0,0.0,0
engine_step_start,1780280889.8895006,1780280889.8895006,1780280889.9016972,12.196540832519531,decode,0,0,451640,0.0,0.0,0.0,0.0,0.0,0
engine_step_start,1780280889.9022202,1780280889.9022202,1780280889.9138432,11.622905731201172,decode,0,0,451640,0.0,0.0,0.0,0.0,0.0,0
engine_step_start,1780280889.9022276,1780280889.9022276,1780280889.913742,11.514425277709961,decode,1,0,451641,0.0,0.0,0.0,0.0,0.0,0
engine_step_start,1780280889.9137468,1780280889.9137468,1780280889.925815,12.06827163696289,decode,1,0,451641,0.0,0.0,0.0,0.0,0.0,0
engine_step_start,1780280889.9138494,1780280889.9138494,1780280889.9259014,12.052059173583984,decode,0,0,451640,0.0,0.0,0.0,0.0,0.0,0
engine_step_start,1780280889.92582,1780280889.92582,1780280889.938053,12.232780456542969,decode,1,0,451641,0.0,0.0,0.0,0.0,0.0,0
engine_step_start,1780280889.9259079,1780280889.9259079,1780280889.938102,12.194156646728516,decode,0,0,451640,0.0,0.0,0.0,0.0,0.0,0
engine_step_start,1780280889.9380572,1780280889.9380572,1780280889.9501507,12.093544006347656,decode,1,0,451641,0.0,0.0,0.0,0.0,0.0,0
engine_step_start,1780280889.9381108,1780280889.9381108,1780280889.9503477,12.236833572387695,decode,0,0,451640,0.0,0.0,0.0,0.0,0.0,0
engine_step_start,1780280889.9501562,1780280889.9501562,1780280889.9623127,12.156486511230469,decode,1,0,451641,9.479999542236328,0.779830548364321,9.479999542236328,0.779830548364321,1.0,1
engine_step_start,1780280889.950364,1780280889.950364,1780280889.9624794,12.115240097045898,decode,0,0,451640,9.64665412902832,0.7962412673423201,9.64665412902832,0.7962412673423201,1.0,1
engine_step_start,1780280889.9623177,1780280889.9623177,1780280889.9744794,12.161731719970703,decode,1,0,451641,12.161731719970703,1.0,12.161731719970703,1.0,1.0,1
engine_step_start,1780280889.9624941,1780280889.9624941,1780280889.9745772,12.083053588867188,decode,0,0,451640,12.083053588867188,1.0,12.083053588867188,1.0,1.0,1
engine_step_start,1780280889.9744954,1780280889.9744954,1780280889.9866488,12.153387069702148,decode,1,0,451641,17.441511154174805,1.4351152525747917,12.153387069702148,1.0,1.4351152525747917,3
engine_step_start,1780280889.9745927,1780280889.9745927,1780280889.9866376,12.044906616210938,decode,0,0,451640,17.333030700683594,1.439034045922407,12.044906616210938,1.0,1.439034045922407,3
engine_step_start,1780280889.9866521,1780280889.9866521,1780280889.9988358,12.183666229248047,decode,0,0,451640,2.4466514587402344,0.20081405815819342,2.4466514587402344,0.20081405815819342,1.0,1
engine_step_start,1780280889.986661,1780280889.986661,1780280889.9987624,12.101411819458008,decode,1,0,451641,2.4378299713134766,0.20145004629903265,2.4378299713134766,0.20145004629903265,1.0,1
engine_step_start,1780280889.9987671,1780280889.9987671,1780280890.010936,12.16888427734375,decode,1,0,451641,0.0,0.0,0.0,0.0,0.0,0
engine_step_start,1780280889.998842,1780280889.998842,1780280890.011093,12.250900268554688,decode,0,0,451640,0.0,0.0,0.0,0.0,0.0,0
engine_step_start,1780280890.0109477,1780280890.0109477,1780280890.0231907,12.243032455444336,decode,1,0,451641,0.0,0.0,0.0,0.0,0.0,0
engine_step_start,1780280890.0111072,1780280890.0111072,1780280890.0232878,12.180566787719727,decode,0,0,451640,0.0,0.0,0.0,0.0,0.0,0
engine_step_start,1780280890.023206,1780280890.023206,1780280890.03568,12.47406005859375,decode,1,0,451641,1.3720989227294922,0.10999617737003058,1.3720989227294922,0.10999617737003058,1.0,1
engine_step_start,1780280890.023301,1780280890.023301,1780280890.035787,12.48621940612793,decode,0,0,451640,1.3720989227294922,0.10988906073972236,1.3720989227294922,0.10988906073972236,1.0,1
engine_step_start,1780280890.035694,1780280890.035694,1780280890.0482035,12.509584426879883,decode,1,0,451641,0.0,0.0,0.0,0.0,0.0,0
engine_step_start,1780280890.0357938,1780280890.0357938,1780280890.0481527,12.358903884887695,decode,0,0,451640,0.0,0.0,0.0,0.0,0.0,0
engine_step_start,1780280890.0481591,1780280890.0481591,1780280890.0606735,12.514352798461914,decode,0,0,451640,0.0,0.0,0.0,0.0,0.0,0
engine_step_start,1780280890.0482109,1780280890.0482109,1780280890.060559,12.348175048828125,decode,1,0,451641,0.0,0.0,0.0,0.0,0.0,0
engine_step_start,1780280890.0605721,1780280890.0605721,1780280890.0731468,12.57467269897461,decode,1,0,451641,0.0,0.0,0.0,0.0,0.0,0
engine_step_start,1780280890.06068,1780280890.06068,1780280890.0730305,12.35055923461914,decode,0,0,451640,0.0,0.0,0.0,0.0,0.0,0
engine_step_start,1780280890.073037,1780280890.073037,1780280890.085604,12.56704330444336,decode,0,0,451640,0.0,0.0,0.0,0.0,0.0,0
engine_step_start,1780280890.0731525,1780280890.0731525,1780280890.0854957,12.343168258666992,decode,1,0,451641,0.0,0.0,0.0,0.0,0.0,0
engine_step_start,1780280890.0855012,1780280890.0855012,1780280890.0977128,12.21156120300293,decode,1,0,451641,0.0,0.0,0.0,0.0,0.0,0
engine_step_start,1780280890.085618,1780280890.085618,1780280890.097837,12.218952178955078,decode,0,0,451640,0.0,0.0,0.0,0.0,0.0,0
engine_step_start,1780280890.0977182,1780280890.0977182,1780280890.1099699,12.251615524291992,decode,1,0,451641,0.0,0.0,0.0,0.0,0.0,0
engine_step_start,1780280890.0978432,1780280890.0978432,1780280890.1101594,12.316226959228516,decode,0,0,451640,0.0,0.0,0.0,0.0,0.0,0
engine_step_start,1780280890.1099741,1780280890.1099741,1780280890.1222093,12.235164642333984,decode,1,0,451641,0.0,0.0,0.0,0.0,0.0,0
engine_step_start,1780280890.1101656,1780280890.1101656,1780280890.1222596,12.09402084350586,decode,0,0,451640,0.0,0.0,0.0,0.0,0.0,0
engine_step_start,1780280890.1222131,1780280890.1222131,1780280890.1344457,12.232542037963867,decode,1,0,451641,0.0,0.0,0.0,0.0,0.0,0
engine_step_start,1780280890.1222658,1780280890.1222658,1780280890.1346128,12.346982955932617,decode,0,0,451640,0.0,0.0,0.0,0.0,0.0,0
engine_step_start,1780280890.1344507,1780280890.1344507,1780280890.146763,12.31241226196289,decode,1,0,451641,0.0,0.0,0.0,0.0,0.0,0
engine_step_start,1780280890.1346188,1780280890.1346188,1780280890.146808,12.189149856567383,decode,0,0,451640,0.0,0.0,0.0,0.0,0.0,0
engine_step_start,1780280890.1467683,1780280890.1467683,1780280890.159013,12.244701385498047,decode,1,0,451641,0.0,0.0,0.0,0.0,0.0,0
engine_step_start,1780280890.1468139,1780280890.1468139,1780280890.159052,12.238025665283203,decode,0,0,451640,0.0,0.0,0.0,0.0,0.0,0
engine_step_start,1780280890.1590188,1780280890.1590188,1780280890.1713731,12.354373931884766,decode,1,0,451641,0.0,0.0,0.0,0.0,0.0,0
engine_step_start,1780280890.1590576,1780280890.1590576,1780280890.1712894,12.231826782226562,decode,0,0,451640,0.0,0.0,0.0,0.0,0.0,0
engine_step_start,1780280890.171295,1780280890.171295,1780280890.1835184,12.223482131958008,decode,0,0,451640,9.4757080078125,0.7752052897462404,9.4757080078125,0.7752052897462404,1.0,1
engine_step_start,1780280890.1713889,1780280890.1713889,1780280890.1834922,12.10331916809082,decode,1,0,451641,9.449481964111328,0.780734758199547,9.449481964111328,0.780734758199547,1.0,1
engine_step_start,1780280890.183504,1780280890.183504,1780280890.2055564,22.052288055419922,decode,1,0,451641,22.052288055419922,1.0,22.052288055419922,1.0,1.0,1
engine_step_start,1780280890.1835344,1780280890.1835344,1780280890.2055454,22.01104164123535,decode,0,0,451640,22.01104164123535,1.0,22.01104164123535,1.0,1.0,1
engine_step_start,1780280890.20556,1780280890.20556,1780280890.2176325,12.072563171386719,decode,0,0,451640,12.03465461730957,0.9968599415435658,12.03465461730957,0.9968599415435658,1.0,1
engine_step_start,1780280890.2055616,1780280890.2055616,1780280890.2176037,12.042045593261719,decode,1,0,451641,12.00413703918457,0.9968519838441435,12.00413703918457,0.9968519838441435,1.0,1
engine_step_start,1780280890.217609,1780280890.217609,1780280890.2298138,12.204885482788086,decode,1,0,451641,2.4688243865966797,0.20228165107147741,2.4688243865966797,0.20228165107147741,1.0,1
engine_step_start,1780280890.2176456,1780280890.2176456,1780280890.2297347,12.089014053344727,decode,0,0,451640,2.432107925415039,0.20118331525490582,2.432107925415039,0.20118331525490582,1.0,1
engine_step_start,1780280890.2297413,1780280890.2297413,1780280890.241908,12.166738510131836,decode,0,0,451640,0.0,0.0,0.0,0.0,0.0,0
engine_step_start,1780280890.229819,1780280890.229819,1780280890.24187,12.050867080688477,decode,1,0,451641,0.0,0.0,0.0,0.0,0.0,0
engine_step_start,1780280890.2418807,1780280890.2418807,1780280890.2542539,12.373208999633789,decode,1,0,451641,0.0,0.0,0.0,0.0,0.0,0
engine_step_start,1780280890.2419145,1780280890.2419145,1780280890.2543604,12.445926666259766,decode,0,0,451640,0.0,0.0,0.0,0.0,0.0,0
engine_step_start,1780280890.2542593,1780280890.2542593,1780280890.2663732,12.113809585571289,decode,1,0,451641,0.0,0.0,0.0,0.0,0.0,0
engine_step_start,1780280890.2543747,1780280890.2543747,1780280890.2664762,12.101411819458008,decode,0,0,451640,0.0,0.0,0.0,0.0,0.0,0
engine_step_start,1780280890.2663786,1780280890.2663786,1780280890.278775,12.39633560180664,decode,1,0,451641,0.0,0.0,0.0,0.0,0.0,0
engine_step_start,1780280890.2664897,1780280890.2664897,1780280890.2786682,12.178421020507812,decode,0,0,451640,0.0,0.0,0.0,0.0,0.0,0
engine_step_start,1780280890.2786741,1780280890.2786741,1780280890.2909958,12.321710586547852,decode,0,0,451640,0.0,0.0,0.0,0.0,0.0,0
engine_step_start,1780280890.2787876,1780280890.2787876,1780280890.2909489,12.1612548828125,decode,1,0,451641,0.0,0.0,0.0,0.0,0.0,0
engine_step_start,1780280890.290955,1780280890.290955,1780280890.3031974,12.242317199707031,decode,1,0,451641,0.0,0.0,0.0,0.0,0.0,0
engine_step_start,1780280890.2910018,1780280890.2910018,1780280890.3032892,12.287378311157227,decode,0,0,451640,0.0,0.0,0.0,0.0,0.0,0
engine_step_start,1780280890.3038008,1780280890.3038008,1780280890.3155677,11.766910552978516,decode,0,0,451640,2.165079116821289,0.18399724439761722,2.165079116821289,0.18399724439761722,1.0,1
engine_step_start,1780280890.3038104,1780280890.3038104,1780280890.3154788,11.66844367980957,decode,1,0,451641,2.165079116821289,0.18554994789644674,2.165079116821289,0.18554994789644674,1.0,1
engine_step_start,1780280890.3155012,1780280890.3155012,1780280890.3276675,12.166261672973633,decode,1,0,451641,1.4109611511230469,0.11597327010131493,1.4109611511230469,0.11597327010131493,1.0,1
engine_step_start,1780280890.3155823,1780280890.3155823,1780280890.3277526,12.17031478881836,decode,0,0,451640,1.4109611511230469,0.11593464718097403,1.4109611511230469,0.11593464718097403,1.0,1
engine_step_start,1780280890.3276813,1780280890.3276813,1780280890.3399827,12.301445007324219,decode,1,0,451641,0.0,0.0,0.0,0.0,0.0,0
engine_step_start,1780280890.3277588,1780280890.3277588,1780280890.3400784,12.319564819335938,decode,0,0,451640,0.0,0.0,0.0,0.0,0.0,0
engine_step_start,1780280890.3399897,1780280890.3399897,1780280890.3522515,12.26186752319336,decode,1,0,451641,0.0,0.0,0.0,0.0,0.0,0
engine_step_start,1780280890.3400924,1780280890.3400924,1780280890.3523145,12.222051620483398,decode,0,0,451640,0.0,0.0,0.0,0.0,0.0,0
engine_step_start,1780280890.3522618,1780280890.3522618,1780280890.364575,12.313127517700195,decode,1,0,451641,0.0,0.0,0.0,0.0,0.0,0
engine_step_start,1780280890.3523204,1780280890.3523204,1780280890.364579,12.258529663085938,decode,0,0,451640,0.0,0.0,0.0,0.0,0.0,0
engine_step_start,1780280890.3645794,1780280890.3645794,1780280890.376659,12.079477310180664,decode,1,0,451641,0.0,0.0,0.0,0.0,0.0,0
engine_step_start,1780280890.364585,1780280890.364585,1780280890.3767567,12.171745300292969,decode,0,0,451640,0.0,0.0,0.0,0.0,0.0,0
engine_step_start,1780280890.3766637,1780280890.3766637,1780280890.3888848,12.221097946166992,decode,1,0,451641,0.0,0.0,0.0,0.0,0.0,0
engine_step_start,1780280890.376763,1780280890.376763,1780280890.3889327,12.169599533081055,decode,0,0,451640,0.0,0.0,0.0,0.0,0.0,0
engine_step_start,1780280890.3888896,1780280890.3888896,1780280890.4011052,12.215614318847656,decode,1,0,451641,0.0,0.0,0.0,0.0,0.0,0
engine_step_start,1780280890.3889387,1780280890.3889387,1780280890.4011633,12.224674224853516,decode,0,0,451640,0.0,0.0,0.0,0.0,0.0,0
engine_step_start,1780280890.40111,1780280890.40111,1780280890.4132962,12.186288833618164,decode,1,0,451641,0.0,0.0,0.0,0.0,0.0,0
engine_step_start,1780280890.4011693,1780280890.4011693,1780280890.413384,12.21466064453125,decode,0,0,451640,0.0,0.0,0.0,0.0,0.0,0
engine_step_start,1780280890.413302,1780280890.413302,1780280890.4254687,12.166738510131836,decode,1,0,451641,0.0,0.0,0.0,0.0,0.0,0
engine_step_start,1780280890.41339,1780280890.41339,1780280890.4256299,12.239933013916016,decode,0,0,451640,0.0,0.0,0.0,0.0,0.0,0
engine_step_start,1780280890.4254742,1780280890.4254742,1780280890.4378128,12.338638305664062,decode,1,0,451641,9.655237197875977,0.782520482300201,9.655237197875977,0.782520482300201,1.0,1
engine_step_start,1780280890.425654,1780280890.425654,1780280890.4378428,12.188911437988281,decode,0,0,451640,9.685277938842773,0.7945974493388623,9.685277938842773,0.7945974493388623,1.0,1
engine_step_start,1780280890.43783,1780280890.43783,1780280890.4500837,12.253761291503906,decode,1,0,451641,4.049539566040039,0.33047318857498637,3.812551498413086,0.31113316211378317,1.0621599649803015,2
engine_step_start,1780280890.4378574,1780280890.4378574,1780280890.450174,12.316703796386719,decode,0,0,451640,4.022121429443359,0.3265582655826558,3.7851333618164062,0.3073170731707317,1.062610229276896,2
engine_step_start,1780280890.4500961,1780280890.4500961,1780280890.462413,12.31694221496582,decode,1,0,451641,2.1500587463378906,0.17456108089274308,2.1500587463378906,0.17456108089274308,1.0,1
engine_step_start,1780280890.4501965,1780280890.4501965,1780280890.4625478,12.351274490356445,decode,0,0,451640,2.1500587463378906,0.17407586140333944,2.1500587463378906,0.17407586140333944,1.0,1
engine_step_start,1780280890.4624176,1780280890.4624176,1780280890.4748974,12.479782104492188,decode,1,0,451641,0.0,0.0,0.0,0.0,0.0,0
engine_step_start,1780280890.4625611,1780280890.4625611,1780280890.4748578,12.296676635742188,decode,0,0,451640,0.0,0.0,0.0,0.0,0.0,0
engine_step_start,1780280890.4748702,1780280890.4748702,1780280890.4871929,12.322664260864258,decode,0,0,451640,0.0,0.0,0.0,0.0,0.0,0
engine_step_start,1780280890.4749095,1780280890.4749095,1780280890.4871693,12.259721755981445,decode,1,0,451641,0.0,0.0,0.0,0.0,0.0,0
engine_step_start,1780280890.4871747,1780280890.4871747,1780280890.4994555,12.280702590942383,decode,1,0,451641,0.0,0.0,0.0,0.0,0.0,0
engine_step_start,1780280890.487205,1780280890.487205,1780280890.4995272,12.322187423706055,decode,0,0,451640,0.0,0.0,0.0,0.0,0.0,0
engine_step_start,1780280890.4994605,1780280890.4994605,1780280890.5117075,12.247085571289062,decode,1,0,451641,0.0,0.0,0.0,0.0,0.0,0
engine_step_start,1780280890.499534,1780280890.499534,1780280890.5117693,12.235403060913086,decode,0,0,451640,0.0,0.0,0.0,0.0,0.0,0
engine_step_start,1780280890.5117116,1780280890.5117116,1780280890.5240602,12.348651885986328,decode,1,0,451641,0.0,0.0,0.0,0.0,0.0,0
engine_step_start,1780280890.5117753,1780280890.5117753,1780280890.5241587,12.383460998535156,decode,0,0,451640,0.0,0.0,0.0,0.0,0.0,0
engine_step_start,1780280890.524066,1780280890.524066,1780280890.5365274,12.461423873901367,decode,1,0,451641,0.0,0.0,0.0,0.0,0.0,0
engine_step_start,1780280890.524165,1780280890.524165,1780280890.5364738,12.308835983276367,decode,0,0,451640,0.0,0.0,0.0,0.0,0.0,0
engine_step_start,1780280890.5364804,1780280890.5364804,1780280890.54882,12.339591979980469,decode,0,0,451640,9.765386581420898,0.791386505912358,9.765386581420898,0.791386505912358,1.0,1
engine_step_start,1780280890.5365446,1780280890.5365446,1780280890.5487547,12.21013069152832,decode,1,0,451641,9.70005989074707,0.7944271962197098,9.70005989074707,0.7944271962197098,1.0,1
engine_step_start,1780280890.5487685,1780280890.5487685,1780280890.5709221,22.153615951538086,decode,1,0,451641,24.762630462646484,1.1177692398755905,22.153615951538086,1.0,1.1177692398755905,2
engine_step_start,1780280890.5488384,1780280890.5488384,1780280890.5709686,22.130250930786133,decode,0,0,451640,24.73926544189453,1.1178935801165684,22.130250930786133,1.0,1.1178935801165684,2
engine_step_start,1780280890.5709393,1780280890.5709393,1780280890.5832381,12.298822402954102,decode,1,0,451641,13.223648071289062,1.075196277987787,12.298822402954102,1.0,1.075196277987787,3
engine_step_start,1780280890.5709913,1780280890.5709913,1780280890.583236,12.244701385498047,decode,0,0,451640,13.169527053833008,1.075528642081078,12.244701385498047,1.0,1.075528642081078,3
engine_step_start,1780280890.5832496,1780280890.5832496,1780280890.5956247,12.375116348266602,decode,0,0,451640,13.756036758422852,1.1115884789519315,12.375116348266602,1.0,1.1115884789519315,2
engine_step_start,1780280890.5832572,1780280890.5832572,1780280890.5955722,12.315034866333008,decode,1,0,451641,13.695955276489258,1.1121328867635956,12.315034866333008,1.0,1.1121328867635956,2
engine_step_start,1780280890.5955844,1780280890.5955844,1780280890.6080613,12.476921081542969,decode,1,0,451641,2.8662681579589844,0.22972559810441032,2.8662681579589844,0.22972559810441032,1.0,1
engine_step_start,1780280890.5956388,1780280890.5956388,1780280890.6080985,12.459754943847656,decode,0,0,451640,2.811908721923828,0.22567929582854956,2.811908721923828,0.22567929582854956,1.0,1
engine_step_start,1780280890.6080725,1780280890.6080725,1780280890.620643,12.570381164550781,decode,1,0,451641,0.0,0.0,0.0,0.0,0.0,0
engine_step_start,1780280890.608105,1780280890.608105,1780280890.6205697,12.464761734008789,decode,0,0,451640,0.0,0.0,0.0,0.0,0.0,0
engine_step_start,1780280890.620576,1780280890.620576,1780280890.6330073,12.43138313293457,decode,0,0,451640,0.0,0.0,0.0,0.0,0.0,0
engine_step_start,1780280890.620656,1780280890.620656,1780280890.6329117,12.255668640136719,decode,1,0,451641,0.0,0.0,0.0,0.0,0.0,0
engine_step_start,1780280890.6329162,1780280890.6329162,1780280890.645422,12.505769729614258,decode,1,0,451641,0.0,0.0,0.0,0.0,0.0,0
engine_step_start,1780280890.633021,1780280890.633021,1780280890.6455605,12.539386749267578,decode,0,0,451640,0.0,0.0,0.0,0.0,0.0,0
engine_step_start,1780280890.645427,1780280890.645427,1780280890.6579807,12.553691864013672,decode,1,0,451641,0.0,0.0,0.0,0.0,0.0,0
engine_step_start,1780280890.645567,1780280890.645567,1780280890.6580186,12.451648712158203,decode,0,0,451640,0.0,0.0,0.0,0.0,0.0,0
engine_step_start,1780280890.6579862,1780280890.6579862,1780280890.6705446,12.558460235595703,decode,1,0,451641,9.888887405395508,0.7874283327637924,9.888887405395508,0.7874283327637924,1.0,1
engine_step_start,1780280890.658035,1780280890.658035,1780280890.6704588,12.42375373840332,decode,0,0,451640,9.803056716918945,0.7890575524381584,9.803056716918945,0.7890575524381584,1.0,1
engine_step_start,1780280890.6704726,1780280890.6704726,1780280890.6920667,21.59404754638672,decode,0,0,451640,21.59404754638672,1.0,21.59404754638672,1.0,1.0,1
engine_step_start,1780280890.6705499,1780280890.6705499,1780280890.6920002,21.450281143188477,decode,1,0,451641,21.450281143188477,1.0,21.450281143188477,1.0,1.0,1
engine_step_start,1780280890.6920173,1780280890.6920173,1780280890.7044263,12.408971786499023,decode,1,0,451641,17.075061798095703,1.3760255153995427,12.408971786499023,1.0,1.3760255153995427,3
engine_step_start,1780280890.69208,1780280890.69208,1780280890.7046006,12.520551681518555,decode,0,0,451640,17.186641693115234,1.372674473959821,12.520551681518555,1.0,1.372674473959821,3
engine_step_start,1780280890.7044396,1780280890.7044396,1780280890.7170043,12.564659118652344,decode,1,0,451641,2.7399063110351562,0.21806451612903227,2.7399063110351562,0.21806451612903227,1.0,1
engine_step_start,1780280890.7046149,1780280890.7046149,1780280890.7170038,12.388944625854492,decode,0,0,451640,2.564668655395508,0.20701268210072551,2.564668655395508,0.20701268210072551,1.0,1
engine_step_start,1780280890.7174778,1780280890.7174778,1780280890.7294343,11.956453323364258,decode,1,0,451641,8.840560913085938,0.7393965981375501,8.840560913085938,0.7393965981375501,1.0,1
engine_step_start,1780280890.7178137,1780280890.7178137,1780280890.7294903,11.676549911499023,decode,0,0,451640,8.896589279174805,0.7619193466054109,8.896589279174805,0.7619193466054109,1.0,1
engine_step_start,1780280890.7294397,1780280890.7294397,1780280890.741834,12.394189834594727,decode,1,0,451641,2.6378631591796875,0.21283062421852458,2.6378631591796875,0.21283062421852458,1.0,1
engine_step_start,1780280890.7295074,1780280890.7295074,1780280890.74191,12.402534484863281,decode,0,0,451640,2.5701522827148438,0.20722798923490965,2.5701522827148438,0.20722798923490965,1.0,1
engine_step_start,1780280890.7418463,1780280890.7418463,1780280890.7545872,12.740850448608398,decode,1,0,451641,0.0,0.0,0.0,0.0,0.0,0
engine_step_start,1780280890.7419167,1780280890.7419167,1780280890.7545364,12.619733810424805,decode,0,0,451640,0.0,0.0,0.0,0.0,0.0,0
engine_step_start,1780280890.754543,1780280890.754543,1780280890.7669902,12.447118759155273,decode,0,0,451640,0.0,0.0,0.0,0.0,0.0,0
engine_step_start,1780280890.7546022,1780280890.7546022,1780280890.7669334,12.331247329711914,decode,1,0,451641,0.0,0.0,0.0,0.0,0.0,0
engine_step_start,1780280890.7669384,1780280890.7669384,1780280890.7794135,12.475013732910156,decode,1,0,451641,0.0,0.0,0.0,0.0,0.0,0
engine_step_start,1780280890.7670038,1780280890.7670038,1780280890.7796195,12.615680694580078,decode,0,0,451640,0.0,0.0,0.0,0.0,0.0,0
engine_step_start,1780280890.7794187,1780280890.7794187,1780280890.7918766,12.457847595214844,decode,1,0,451641,0.0,0.0,0.0,0.0,0.0,0
engine_step_start,1780280890.7796333,1780280890.7796333,1780280890.791937,12.303829193115234,decode,0,0,451640,0.0,0.0,0.0,0.0,0.0,0
engine_step_start,1780280890.7918816,1780280890.7918816,1780280890.8044825,12.600898742675781,decode,1,0,451641,0.0,0.0,0.0,0.0,0.0,0
engine_step_start,1780280890.7919436,1780280890.7919436,1780280890.8046157,12.672185897827148,decode,0,0,451640,0.0,0.0,0.0,0.0,0.0,0
engine_step_start,1780280890.8044984,1780280890.8044984,1780280890.8168614,12.362957000732422,decode,1,0,451641,9.763717651367188,0.7897558529718055,9.763717651367188,0.7897558529718055,1.0,1
engine_step_start,1780280890.804626,1780280890.804626,1780280890.8176847,13.058662414550781,decode,0,0,451640,10.586977005004883,0.8107244577521361,10.586977005004883,0.8107244577521361,1.0,1
engine_step_start,1780280890.8168728,1780280890.8168728,1780280890.8292356,12.36271858215332,decode,1,0,451641,12.36271858215332,1.0,12.36271858215332,1.0,1.0,1
engine_step_start,1780280890.8177094,1780280890.8177094,1780280890.8294132,11.703729629516602,decode,0,0,451640,11.703729629516602,1.0,11.703729629516602,1.0,1.0,1
engine_step_start,1780280890.8292403,1780280890.8292403,1780280890.8417218,12.481451034545898,decode,1,0,451641,2.713441848754883,0.21739794846325763,2.713441848754883,0.21739794846325763,1.0,1
engine_step_start,1780280890.82942,1780280890.82942,1780280890.8417218,12.30168342590332,decode,0,0,451640,2.5336742401123047,0.20596158691396788,2.5336742401123047,0.20596158691396788,1.0,1
engine_step_start,1780280890.841727,1780280890.841727,1780280890.8542368,12.509822845458984,decode,1,0,451641,0.0,0.0,0.0,0.0,0.0,0
engine_step_start,1780280890.8417284,1780280890.8417284,1780280890.8542325,12.504100799560547,decode,0,0,451640,0.0,0.0,0.0,0.0,0.0,0
engine_step_start,1780280890.8542395,1780280890.8542395,1780280890.866818,12.578487396240234,decode,0,0,451640,0.0,0.0,0.0,0.0,0.0,0
engine_step_start,1780280890.8542445,1780280890.8542445,1780280890.8667202,12.475728988647461,decode,1,0,451641,0.0,0.0,0.0,0.0,0.0,0
engine_step_start,1780280890.8667328,1780280890.8667328,1780280890.8793128,12.579917907714844,decode,1,0,451641,0.0,0.0,0.0,0.0,0.0,0
engine_step_start,1780280890.866824,1780280890.866824,1780280890.8793273,12.503385543823242,decode,0,0,451640,0.0,0.0,0.0,0.0,0.0,0
engine_step_start,1780280890.879318,1780280890.879318,1780280890.8916879,12.369871139526367,decode,1,0,451641,0.0,0.0,0.0,0.0,0.0,0
engine_step_start,1780280890.8793333,1780280890.8793333,1780280890.8918135,12.48025894165039,decode,0,0,451640,0.0,0.0,0.0,0.0,0.0,0
engine_step_start,1780280890.8916934,1780280890.8916934,1780280890.9041705,12.47715950012207,decode,1,0,451641,0.0,0.0,0.0,0.0,0.0,0
engine_step_start,1780280890.8918195,1780280890.8918195,1780280890.9042103,12.390851974487305,decode,0,0,451640,0.0,0.0,0.0,0.0,0.0,0
engine_step_start,1780280890.904183,1780280890.904183,1780280890.9166536,12.470722198486328,decode,1,0,451641,0.0,0.0,0.0,0.0,0.0,0
engine_step_start,1780280890.9042163,1780280890.9042163,1780280890.9166684,12.452125549316406,decode,0,0,451640,0.0,0.0,0.0,0.0,0.0,0
engine_step_start,1780280890.9166586,1780280890.9166586,1780280890.9290853,12.426614761352539,decode,1,0,451641,0.0,0.0,0.0,0.0,0.0,0
engine_step_start,1780280890.9166746,1780280890.9166746,1780280890.9292195,12.544870376586914,decode,0,0,451640,0.0,0.0,0.0,0.0,0.0,0
engine_step_start,1780280890.9290912,1780280890.9290912,1780280890.941489,12.39776611328125,decode,1,0,451641,0.0,0.0,0.0,0.0,0.0,0
engine_step_start,1780280890.9292264,1780280890.9292264,1780280890.941673,12.44664192199707,decode,0,0,451640,0.0,0.0,0.0,0.0,0.0,0
engine_step_start,1780280890.9414937,1780280890.9414937,1780280890.9541178,12.624025344848633,decode,1,0,451641,0.0,0.0,0.0,0.0,0.0,0
engine_step_start,1780280890.941679,1780280890.941679,1780280890.9542484,12.569427490234375,decode,0,0,451640,0.0,0.0,0.0,0.0,0.0,0
engine_step_start,1780280890.9541233,1780280890.9541233,1780280890.9665635,12.440204620361328,decode,1,0,451641,0.0,0.0,0.0,0.0,0.0,0
engine_step_start,1780280890.9542735,1780280890.9542735,1780280890.9667456,12.472152709960938,decode,0,0,451640,0.0,0.0,0.0,0.0,0.0,0
engine_step_start,1780280890.9665687,1780280890.9665687,1780280890.9790237,12.454986572265625,decode,1,0,451641,0.0,0.0,0.0,0.0,0.0,0
engine_step_start,1780280890.9667528,1780280890.9667528,1780280890.9791486,12.395858764648438,decode,0,0,451640,0.0,0.0,0.0,0.0,0.0,0
engine_step_start,1780280890.9790287,1780280890.9790287,1780280890.9915223,12.493610382080078,decode,1,0,451641,9.693622589111328,0.7758864165489867,9.693622589111328,0.7758864165489867,1.0,1
engine_step_start,1780280890.9791818,1780280890.9791818,1780280890.9916785,12.496709823608398,decode,0,0,451640,9.849786758422852,0.7881904035104454,9.849786758422852,0.7881904035104454,1.0,1
engine_step_start,1780280890.9915278,1780280890.9915278,1780280891.0040085,12.480735778808594,decode,1,0,451641,16.506671905517578,1.3225720180331626,12.480735778808594,1.0,1.3225720180331626,2
engine_step_start,1780280890.9917028,1780280890.9917028,1780280891.0040815,12.378692626953125,decode,0,0,451640,16.40462875366211,1.325231124807396,12.378692626953125,1.0,1.325231124807396,2
engine_step_start,1780280891.0040135,1780280891.0040135,1780280891.0164156,12.402057647705078,decode,1,0,451641,2.5262832641601562,0.20369871967395903,2.5262832641601562,0.20369871967395903,1.0,1
engine_step_start,1780280891.0040944,1780280891.0040944,1780280891.0165322,12.437820434570312,decode,0,0,451640,2.4454593658447266,0.196614783008741,2.4454593658447266,0.196614783008741,1.0,1
engine_step_start,1780280891.0164206,1780280891.0164206,1780280891.0289807,12.560129165649414,decode,1,0,451641,4.345893859863281,0.34600709933372564,4.345893859863281,0.34600709933372564,1.0,1
engine_step_start,1780280891.0165472,1780280891.0165472,1780280891.029046,12.498855590820312,decode,0,0,451640,4.345893859863281,0.3477033419807722,4.345893859863281,0.3477033419807722,1.0,1
engine_step_start,1780280891.0289962,1780280891.0289962,1780280891.0414019,12.405633926391602,decode,1,0,451641,3.7000179290771484,0.2982530317298637,2.3119449615478516,0.1863625007206965,1.6003918737753944,2
engine_step_start,1780280891.029069,1780280891.029069,1780280891.0414524,12.383460998535156,decode,0,0,451640,3.7000179290771484,0.29878706199460914,2.3119449615478516,0.18669618790912593,1.6003918737753944,2
engine_step_start,1780280891.0414238,1780280891.0414238,1780280891.0538867,12.462854385375977,decode,1,0,451641,2.437114715576172,0.19555028408547434,2.437114715576172,0.19555028408547434,1.0,1
engine_step_start,1780280891.0414665,1780280891.0414665,1780280891.053962,12.49551773071289,decode,0,0,451640,2.437114715576172,0.19503911467277238,2.437114715576172,0.19503911467277238,1.0,1
engine_step_start,1780280891.0539014,1780280891.0539014,1780280891.066402,12.500524520874023,decode,1,0,451641,0.0,0.0,0.0,0.0,0.0,0
engine_step_start,1780280891.0539768,1780280891.0539768,1780280891.066351,12.374162673950195,decode,0,0,451640,0.0,0.0,0.0,0.0,0.0,0
engine_step_start,1780280891.0663645,1780280891.0663645,1780280891.078891,12.526512145996094,decode,0,0,451640,0.0,0.0,0.0,0.0,0.0,0
engine_step_start,1780280891.0664136,1780280891.0664136,1780280891.0787528,12.339115142822266,decode,1,0,451641,0.0,0.0,0.0,0.0,0.0,0
engine_step_start,1780280891.0787635,1780280891.0787635,1780280891.0912964,12.532949447631836,decode,1,0,451641,0.0,0.0,0.0,0.0,0.0,0
engine_step_start,1780280891.0788975,1780280891.0788975,1780280891.0913587,12.461185455322266,decode,0,0,451640,0.0,0.0,0.0,0.0,0.0,0
engine_step_start,1780280891.0913026,1780280891.0913026,1780280891.1036475,12.344837188720703,decode,1,0,451641,0.0,0.0,0.0,0.0,0.0,0
engine_step_start,1780280891.0913727,1780280891.0913727,1780280891.10378,12.407302856445312,decode,0,0,451640,0.0,0.0,0.0,0.0,0.0,0
engine_step_start,1780280891.1036525,1780280891.1036525,1780280891.1161265,12.47406005859375,decode,1,0,451641,0.0,0.0,0.0,0.0,0.0,0
engine_step_start,1780280891.1037939,1780280891.1037939,1780280891.1161234,12.329578399658203,decode,0,0,451640,0.0,0.0,0.0,0.0,0.0,0
engine_step_start,1780280891.1166465,1780280891.1166465,1780280891.128575,11.928558349609375,decode,0,0,451640,0.0,0.0,0.0,0.0,0.0,0
engine_step_start,1780280891.1166558,1780280891.1166558,1780280891.128568,11.912107467651367,decode,1,0,451641,0.0,0.0,0.0,0.0,0.0,0
engine_step_start,1780280891.128581,1780280891.128581,1780280891.141021,12.439966201782227,decode,1,0,451641,0.0,0.0,0.0,0.0,0.0,0
engine_step_start,1780280891.128582,1780280891.128582,1780280891.1409647,12.382745742797852,decode,0,0,451640,0.0,0.0,0.0,0.0,0.0,0
engine_step_start,1780280891.1409707,1780280891.1409707,1780280891.1534748,12.504100799560547,decode,0,0,451640,0.0,0.0,0.0,0.0,0.0,0
engine_step_start,1780280891.141027,1780280891.141027,1780280891.153421,12.393951416015625,decode,1,0,451641,0.0,0.0,0.0,0.0,0.0,0
engine_step_start,1780280891.153426,1780280891.153426,1780280891.1658487,12.422800064086914,decode,1,0,451641,0.0,0.0,0.0,0.0,0.0,0
engine_step_start,1780280891.1534812,1780280891.1534812,1780280891.1659975,12.516260147094727,decode,0,0,451640,0.0,0.0,0.0,0.0,0.0,0
engine_step_start,1780280891.1658533,1780280891.1658533,1780280891.1783667,12.513399124145508,decode,1,0,451641,0.0,0.0,0.0,0.0,0.0,0
engine_step_start,1780280891.1660037,1780280891.1660037,1780280891.1784468,12.443065643310547,decode,0,0,451640,0.0,0.0,0.0,0.0,0.0,0
engine_step_start,1780280891.1783712,1780280891.1783712,1780280891.1908658,12.494564056396484,decode,1,0,451641,0.0,0.0,0.0,0.0,0.0,0
engine_step_start,1780280891.1784525,1780280891.1784525,1780280891.1909099,12.45737075805664,decode,0,0,451640,0.0,0.0,0.0,0.0,0.0,0
engine_step_start,1780280891.19087,1780280891.19087,1780280891.2032936,12.423515319824219,decode,1,0,451641,0.0,0.0,0.0,0.0,0.0,0
engine_step_start,1780280891.1909158,1780280891.1909158,1780280891.2033975,12.481689453125,decode,0,0,451640,0.0,0.0,0.0,0.0,0.0,0
engine_step_start,1780280891.2032998,1780280891.2032998,1780280891.2158117,12.511968612670898,decode,1,0,451641,0.0,0.0,0.0,0.0,0.0,0
engine_step_start,1780280891.203404,1780280891.203404,1780280891.2159233,12.519359588623047,decode,0,0,451640,0.0,0.0,0.0,0.0,0.0,0
engine_step_start,1780280891.215816,1780280891.215816,1780280891.2282794,12.46333122253418,decode,1,0,451641,0.0,0.0,0.0,0.0,0.0,0
engine_step_start,1780280891.2159293,1780280891.2159293,1780280891.2283962,12.466907501220703,decode,0,0,451640,0.0,0.0,0.0,0.0,0.0,0
engine_step_start,1780280891.228284,1780280891.228284,1780280891.2407854,12.50147819519043,decode,1,0,451641,0.0,0.0,0.0,0.0,0.0,0
engine_step_start,1780280891.2284026,1780280891.2284026,1780280891.2409704,12.567758560180664,decode,0,0,451640,0.0,0.0,0.0,0.0,0.0,0
engine_step_start,1780280891.2407908,1780280891.2407908,1780280891.2534091,12.618303298950195,decode,1,0,451641,0.0,0.0,0.0,0.0,0.0,0
engine_step_start,1780280891.2409768,1780280891.2409768,1780280891.2533488,12.372016906738281,decode,0,0,451640,0.0,0.0,0.0,0.0,0.0,0
engine_step_start,1780280891.2533553,1780280891.2533553,1780280891.2659621,12.60685920715332,decode,0,0,451640,0.0,0.0,0.0,0.0,0.0,0
engine_step_start,1780280891.2534146,1780280891.2534146,1780280891.2658026,12.387990951538086,decode,1,0,451641,0.0,0.0,0.0,0.0,0.0,0
engine_step_start,1780280891.2658076,1780280891.2658076,1780280891.2783809,12.5732421875,decode,1,0,451641,10.064125061035156,0.800439927184466,10.064125061035156,0.800439927184466,1.0,1
engine_step_start,1780280891.2659872,1780280891.2659872,1780280891.2785668,12.579679489135742,decode,0,0,451640,10.250091552734375,0.8148134109129503,10.250091552734375,0.8148134109129503,1.0,1
engine_step_start,1780280891.2783864,1780280891.2783864,1780280891.2913098,12.923479080200195,decode,1,0,451641,4.047393798828125,0.313181440826492,4.047393798828125,0.313181440826492,1.0,1
engine_step_start,1780280891.2785804,1780280891.2785804,1780280891.2914064,12.825965881347656,decode,0,0,451640,3.853321075439453,0.30043125882965277,3.853321075439453,0.30043125882965277,1.0,1
engine_step_start,1780280891.2913325,1780280891.2913325,1780280891.3037994,12.466907501220703,decode,1,0,451641,9.819746017456055,0.7876649454962708,9.819746017456055,0.7876649454962708,1.0,1
engine_step_start,1780280891.291413,1780280891.291413,1780280891.3038957,12.482643127441406,decode,0,0,451640,9.916067123413086,0.7943884177553671,9.916067123413086,0.7943884177553671,1.0,1
engine_step_start,1780280891.3038113,1780280891.3038113,1780280891.3163946,12.583255767822266,decode,1,0,451641,12.583255767822266,1.0,12.583255767822266,1.0,1.0,1
engine_step_start,1780280891.303902,1780280891.303902,1780280891.3164537,12.55178451538086,decode,0,0,451640,12.55178451538086,1.0,12.55178451538086,1.0,1.0,1
engine_step_start,1780280891.3164163,1780280891.3164163,1780280891.3288505,12.434244155883789,decode,1,0,451641,3.320455551147461,0.26704120568327805,2.9184818267822266,0.23471324756006365,1.1377338452740788,2
engine_step_start,1780280891.316468,1780280891.316468,1780280891.3290172,12.549161911010742,decode,0,0,451640,3.268718719482422,0.26047306925049873,2.8667449951171875,0.22844115132516388,1.1402195608782435,2
engine_step_start,1780280891.3288617,1780280891.3288617,1780280891.3413966,12.534856796264648,decode,1,0,451641,0.0,0.0,0.0,0.0,0.0,0
engine_step_start,1780280891.3290236,1780280891.3290236,1780280891.3415194,12.495756149291992,decode,0,0,451640,0.0,0.0,0.0,0.0,0.0,0
engine_step_start,1780280891.3414023,1780280891.3414023,1780280891.353899,12.496709823608398,decode,1,0,451641,0.0,0.0,0.0,0.0,0.0,0
engine_step_start,1780280891.3415253,1780280891.3415253,1780280891.354065,12.53962516784668,decode,0,0,451640,0.0,0.0,0.0,0.0,0.0,0
engine_step_start,1780280891.353911,1780280891.353911,1780280891.3665566,12.645721435546875,decode,1,0,451641,0.0,0.0,0.0,0.0,0.0,0
engine_step_start,1780280891.354071,1780280891.354071,1780280891.366538,12.467145919799805,decode,0,0,451640,0.0,0.0,0.0,0.0,0.0,0
engine_step_start,1780280891.366544,1780280891.366544,1780280891.3791883,12.644290924072266,decode,0,0,451640,0.0,0.0,0.0,0.0,0.0,0
engine_step_start,1780280891.3665612,1780280891.3665612,1780280891.37917,12.608766555786133,decode,1,0,451641,0.0,0.0,0.0,0.0,0.0,0
engine_step_start,1780280891.3791752,1780280891.3791752,1780280891.391611,12.4359130859375,decode,1,0,451641,10.051488876342773,0.8082630368098159,10.051488876342773,0.8082630368098159,1.0,1
engine_step_start,1780280891.3792112,1780280891.3792112,1780280891.391685,12.473821640014648,decode,0,0,451640,10.125398635864258,0.8117318756092433,10.125398635864258,0.8117318756092433,1.0,1
engine_step_start,1780280891.391616,1780280891.391616,1780280891.4041026,12.486457824707031,decode,1,0,451641,2.5925636291503906,0.20763003131444283,2.5925636291503906,0.20763003131444283,1.0,1
engine_step_start,1780280891.3916988,1780280891.3916988,1780280891.404229,12.530088424682617,decode,0,0,451640,2.5098323822021484,0.20030444296451336,2.5098323822021484,0.20030444296451336,1.0,1
engine_step_start,1780280891.4041076,1780280891.4041076,1780280891.416631,12.523412704467773,decode,1,0,451641,0.0,0.0,0.0,0.0,0.0,0
engine_step_start,1780280891.4042354,1780280891.4042354,1780280891.4166994,12.464046478271484,decode,0,0,451640,0.0,0.0,0.0,0.0,0.0,0
engine_step_start,1780280891.4166374,1780280891.4166374,1780280891.4289193,12.28189468383789,decode,1,0,451641,0.0,0.0,0.0,0.0,0.0,0
engine_step_start,1780280891.4167154,1780280891.4167154,1780280891.4290602,12.344837188720703,decode,0,0,451640,0.0,0.0,0.0,0.0,0.0,0
engine_step_start,1780280891.4289248,1780280891.4289248,1780280891.441477,12.552261352539062,decode,1,0,451641,0.0,0.0,0.0,0.0,0.0,0
engine_step_start,1780280891.4290738,1780280891.4290738,1780280891.4415593,12.485504150390625,decode,0,0,451640,0.0,0.0,0.0,0.0,0.0,0
engine_step_start,1780280891.4414828,1780280891.4414828,1780280891.4538002,12.317419052124023,decode,1,0,451641,0.0,0.0,0.0,0.0,0.0,0
engine_step_start,1780280891.441566,1780280891.441566,1780280891.4539564,12.390375137329102,decode,0,0,451640,0.0,0.0,0.0,0.0,0.0,0
engine_step_start,1780280891.4538043,1780280891.4538043,1780280891.466292,12.487649917602539,decode,1,0,451641,0.0,0.0,0.0,0.0,0.0,0
engine_step_start,1780280891.4539626,1780280891.4539626,1780280891.466395,12.432336807250977,decode,0,0,451640,0.0,0.0,0.0,0.0,0.0,0
engine_step_start,1780280891.4663038,1780280891.4663038,1780280891.4787273,12.423515319824219,decode,1,0,451641,0.0,0.0,0.0,0.0,0.0,0
engine_step_start,1780280891.466408,1780280891.466408,1780280891.478831,12.423038482666016,decode,0,0,451640,0.0,0.0,0.0,0.0,0.0,0
engine_step_start,1780280891.4787316,1780280891.4787316,1780280891.4912612,12.529611587524414,decode,1,0,451641,0.0,0.0,0.0,0.0,0.0,0
engine_step_start,1780280891.478837,1780280891.478837,1780280891.4913206,12.483596801757812,decode,0,0,451640,0.0,0.0,0.0,0.0,0.0,0
engine_step_start,1780280891.491266,1780280891.491266,1780280891.503754,12.48788833618164,decode,1,0,451641,0.0,0.0,0.0,0.0,0.0,0
engine_step_start,1780280891.4913266,1780280891.4913266,1780280891.5037167,12.39013671875,decode,0,0,451640,0.0,0.0,0.0,0.0,0.0,0
engine_step_start,1780280891.5037227,1780280891.5037227,1780280891.5163453,12.622594833374023,decode,0,0,451640,0.0,0.0,0.0,0.0,0.0,0
engine_step_start,1780280891.5037594,1780280891.5037594,1780280891.516221,12.461662292480469,decode,1,0,451641,0.0,0.0,0.0,0.0,0.0,0
engine_step_start,1780280891.5168357,1780280891.5168357,1780280891.5288029,11.967182159423828,decode,0,0,451640,2.249002456665039,0.18793082838586286,2.249002456665039,0.18793082838586286,1.0,1
engine_step_start,1780280891.5168517,1780280891.5168517,1780280891.5287497,11.898040771484375,decode,1,0,451641,2.249002456665039,0.18902292401410709,2.249002456665039,0.18902292401410709,1.0,1
engine_step_start,1780280891.5287662,1780280891.5287662,1780280891.5411332,12.367010116577148,decode,1,0,451641,0.42510032653808594,0.0343737348422047,0.42510032653808594,0.0343737348422047,1.0,1
engine_step_start,1780280891.5288174,1780280891.5288174,1780280891.5412145,12.397050857543945,decode,0,0,451640,0.42510032653808594,0.034290439833067295,0.42510032653808594,0.034290439833067295,1.0,1
engine_step_start,1780280891.5411446,1780280891.5411446,1780280891.5536635,12.518882751464844,decode,1,0,451641,0.0,0.0,0.0,0.0,0.0,0
engine_step_start,1780280891.5412207,1780280891.5412207,1780280891.5536923,12.471675872802734,decode,0,0,451640,0.0,0.0,0.0,0.0,0.0,0
engine_step_start,1780280891.5536754,1780280891.5536754,1780280891.5657125,12.037038803100586,decode,1,0,451641,0.0,0.0,0.0,0.0,0.0,0
engine_step_start,1780280891.5537062,1780280891.5537062,1780280891.5657787,12.072563171386719,decode,0,0,451640,0.0,0.0,0.0,0.0,0.0,0
engine_step_start,1780280891.5657241,1780280891.5657241,1780280891.5781069,12.382745742797852,decode,1,0,451641,0.0,0.0,0.0,0.0,0.0,0
engine_step_start,1780280891.5657864,1780280891.5657864,1780280891.5782592,12.472867965698242,decode,0,0,451640,0.0,0.0,0.0,0.0,0.0,0
engine_step_start,1780280891.5781124,1780280891.5781124,1780280891.5905142,12.401819229125977,decode,1,0,451641,0.0,0.0,0.0,0.0,0.0,0
engine_step_start,1780280891.578268,1780280891.578268,1780280891.5906513,12.383222579956055,decode,0,0,451640,0.0,0.0,0.0,0.0,0.0,0
engine_step_start,1780280891.5905185,1780280891.5905185,1780280891.6031055,12.58707046508789,decode,1,0,451641,0.0,0.0,0.0,0.0,0.0,0
engine_step_start,1780280891.590661,1780280891.590661,1780280891.6030707,12.409687042236328,decode,0,0,451640,0.0,0.0,0.0,0.0,0.0,0
engine_step_start,1780280891.6030777,1780280891.6030777,1780280891.6155303,12.45260238647461,decode,0,0,451640,0.0,0.0,0.0,0.0,0.0,0
engine_step_start,1780280891.6031108,1780280891.6031108,1780280891.615569,12.458324432373047,decode,1,0,451641,0.0,0.0,0.0,0.0,0.0,0
engine_step_start,1780280891.6155467,1780280891.6155467,1780280891.6281524,12.605667114257812,decode,0,0,451640,10.108709335327148,0.8019178393100318,10.108709335327148,0.8019178393100318,1.0,1
engine_step_start,1780280891.615574,1780280891.615574,1780280891.6278706,12.296676635742188,decode,1,0,451641,9.826898574829102,0.7991507677989763,9.826898574829102,0.7991507677989763,1.0,1
engine_step_start,1780280891.6278746,1780280891.6278746,1780280891.640535,12.660503387451172,decode,1,0,451641,2.7289390563964844,0.21554743700802229,2.7289390563964844,0.21554743700802229,1.0,1
engine_step_start,1780280891.6281679,1780280891.6281679,1780280891.6405451,12.377262115478516,decode,0,0,451640,2.4356842041015625,0.19678699387448473,2.4356842041015625,0.19678699387448473,1.0,1
engine_step_start,1780280891.640542,1780280891.640542,1780280891.652993,12.450933456420898,decode,1,0,451641,0.0,0.0,0.0,0.0,0.0,0
engine_step_start,1780280891.640552,1780280891.640552,1780280891.653026,12.47406005859375,decode,0,0,451640,0.0,0.0,0.0,0.0,0.0,0
engine_step_start,1780280891.6529984,1780280891.6529984,1780280891.6654983,12.499809265136719,decode,1,0,451641,9.863615036010742,0.7891012436102846,9.863615036010742,0.7891012436102846,1.0,1
engine_step_start,1780280891.6530418,1780280891.6530418,1780280891.6654935,12.451648712158203,decode,0,0,451640,9.858846664428711,0.7917703825680695,9.858846664428711,0.7917703825680695,1.0,1
engine_step_start,1780280891.6655028,1780280891.6655028,1780280891.6779091,12.406349182128906,decode,1,0,451641,2.4957656860351562,0.201168421861788,2.4957656860351562,0.201168421861788,1.0,1
engine_step_start,1780280891.6655078,1780280891.6655078,1780280891.678062,12.554168701171875,decode,0,0,451640,2.4907588958740234,0.1984009419629292,2.4907588958740234,0.1984009419629292,1.0,1
engine_step_start,1780280891.6779137,1780280891.6779137,1780280891.6904635,12.549877166748047,decode,1,0,451641,0.0,0.0,0.0,0.0,0.0,0
engine_step_start,1780280891.678068,1780280891.678068,1780280891.6905174,12.449502944946289,decode,0,0,451640,0.0,0.0,0.0,0.0,0.0,0
engine_step_start,1780280891.6904688,1780280891.6904688,1780280891.7028713,12.402534484863281,decode,1,0,451641,0.0,0.0,0.0,0.0,0.0,0
engine_step_start,1780280891.690524,1780280891.690524,1780280891.7029955,12.471437454223633,decode,0,0,451640,0.0,0.0,0.0,0.0,0.0,0
engine_step_start,1780280891.7028756,1780280891.7028756,1780280891.7153752,12.499570846557617,decode,1,0,451641,0.0,0.0,0.0,0.0,0.0,0
engine_step_start,1780280891.7030094,1780280891.7030094,1780280891.715491,12.481689453125,decode,0,0,451640,0.0,0.0,0.0,0.0,0.0,0
engine_step_start,1780280891.7153797,1780280891.7153797,1780280891.7279856,12.605905532836914,decode,1,0,451641,0.0,0.0,0.0,0.0,0.0,0
engine_step_start,1780280891.7154973,1780280891.7154973,1780280891.7280142,12.516975402832031,decode,0,0,451640,0.0,0.0,0.0,0.0,0.0,0
engine_step_start,1780280891.7279987,1780280891.7279987,1780280891.7404687,12.470006942749023,decode,1,0,451641,0.0,0.0,0.0,0.0,0.0,0
engine_step_start,1780280891.7280202,1780280891.7280202,1780280891.7405376,12.517452239990234,decode,0,0,451640,0.0,0.0,0.0,0.0,0.0,0
engine_step_start,1780280891.740474,1780280891.740474,1780280891.7530706,12.596607208251953,decode,1,0,451641,0.0,0.0,0.0,0.0,0.0,0
engine_step_start,1780280891.7405438,1780280891.7405438,1780280891.7530832,12.539386749267578,decode,0,0,451640,0.0,0.0,0.0,0.0,0.0,0
engine_step_start,1780280891.7530854,1780280891.7530854,1780280891.765531,12.445688247680664,decode,1,0,451641,9.964466094970703,0.8006360031417022,9.964466094970703,0.8006360031417022,1.0,1
engine_step_start,1780280891.7530892,1780280891.7530892,1780280891.765542,12.452840805053711,decode,0,0,451640,9.975433349609375,0.8010568436369206,9.975433349609375,0.8010568436369206,1.0,1
engine_step_start,1780280891.765541,1780280891.765541,1780280891.7779667,12.425661087036133,decode,1,0,451641,2.3956298828125,0.19279697603469118,2.3956298828125,0.19279697603469118,1.0,1
engine_step_start,1780280891.7655478,1780280891.7655478,1780280891.778075,12.527227401733398,decode,0,0,451640,2.3889541625976562,0.1907009496983423,2.3889541625976562,0.1907009496983423,1.0,1
engine_step_start,1780280891.7779722,1780280891.7779722,1780280891.790628,12.65573501586914,decode,1,0,451641,0.0,0.0,0.0,0.0,0.0,0
engine_step_start,1780280891.7780812,1780280891.7780812,1780280891.790494,12.412786483764648,decode,0,0,451640,0.0,0.0,0.0,0.0,0.0,0
engine_step_start,1780280891.7905102,1780280891.7905102,1780280891.803131,12.620925903320312,decode,0,0,451640,6.0329437255859375,0.47801118331570197,6.0329437255859375,0.47801118331570197,1.0,1
engine_step_start,1780280891.7906368,1780280891.7906368,1780280891.803007,12.370109558105469,decode,1,0,451641,6.0329437255859375,0.48770333821602035,6.0329437255859375,0.48770333821602035,1.0,1
engine_step_start,1780280891.8030198,1780280891.8030198,1780280891.815596,12.57634162902832,decode,1,0,451641,0.0,0.0,0.0,0.0,0.0,0
engine_step_start,1780280891.803146,1780280891.803146,1780280891.815711,12.565135955810547,decode,0,0,451640,0.0,0.0,0.0,0.0,0.0,0
engine_step_start,1780280891.8156154,1780280891.8156154,1780280891.8280034,12.387990951538086,decode,1,0,451641,1.4379024505615234,0.11607228776535346,1.4379024505615234,0.11607228776535346,1.0,1
engine_step_start,1780280891.8157241,1780280891.8157241,1780280891.828082,12.357950210571289,decode,0,0,451640,1.4379024505615234,0.11635444600929909,1.4379024505615234,0.11635444600929909,1.0,1
engine_step_start,1780280891.8280165,1780280891.8280165,1780280891.8404844,12.46786117553711,decode,1,0,451641,0.0,0.0,0.0,0.0,0.0,0
engine_step_start,1780280891.8280952,1780280891.8280952,1780280891.8407087,12.613534927368164,decode,0,0,451640,0.0,0.0,0.0,0.0,0.0,0
engine_step_start,1780280891.8404899,1780280891.8404899,1780280891.852993,12.50314712524414,decode,1,0,451641,5.685091018676758,0.45469280347812824,5.685091018676758,0.45469280347812824,1.0,1
engine_step_start,1780280891.8407285,1780280891.8407285,1780280891.8530223,12.293815612792969,decode,0,0,451640,5.685091018676758,0.46243503219300286,5.685091018676758,0.46243503219300286,1.0,1
engine_step_start,1780280891.853015,1780280891.853015,1780280891.8654647,12.44974136352539,decode,1,0,451641,1.3968944549560547,0.11220268872802482,1.3968944549560547,0.11220268872802482,1.0,1
engine_step_start,1780280891.8530369,1780280891.8530369,1780280891.8655577,12.520790100097656,decode,0,0,451640,1.3968944549560547,0.11156599893365832,1.3968944549560547,0.11156599893365832,1.0,1
engine_step_start,1780280891.8654764,1780280891.8654764,1780280891.877987,12.510538101196289,decode,1,0,451641,0.0,0.0,0.0,0.0,0.0,0
engine_step_start,1780280891.8655643,1780280891.8655643,1780280891.8779502,12.385845184326172,decode,0,0,451640,0.0,0.0,0.0,0.0,0.0,0
engine_step_start,1780280891.8779628,1780280891.8779628,1780280891.8905694,12.606620788574219,decode,0,0,451640,0.0,0.0,0.0,0.0,0.0,0
engine_step_start,1780280891.8779988,1780280891.8779988,1780280891.8904428,12.444019317626953,decode,1,0,451641,0.0,0.0,0.0,0.0,0.0,0
engine_step_start,1780280891.8904538,1780280891.8904538,1780280891.903027,12.5732421875,decode,1,0,451641,0.0,0.0,0.0,0.0,0.0,0
engine_step_start,1780280891.8905795,1780280891.8905795,1780280891.9030523,12.472867965698242,decode,0,0,451640,0.0,0.0,0.0,0.0,0.0,0
engine_step_start,1780280891.903032,1780280891.903032,1780280891.9155211,12.489080429077148,decode,1,0,451641,9.986400604248047,0.7996105606780826,9.986400604248047,0.7996105606780826,1.0,1
engine_step_start,1780280891.9030726,1780280891.9030726,1780280891.915505,12.432336807250977,decode,0,0,451640,9.97018814086914,0.801956083996548,9.97018814086914,0.801956083996548,1.0,1
engine_step_start,1780280891.9159663,1780280891.9159663,1780280891.9280965,12.130260467529297,decode,0,0,451640,2.5224685668945312,0.20794842564566218,2.5224685668945312,0.20794842564566218,1.0,1
engine_step_start,1780280891.9159944,1780280891.9159944,1780280891.9279492,11.954784393310547,decode,1,0,451641,2.494335174560547,0.2086474412668023,2.494335174560547,0.2086474412668023,1.0,1
engine_step_start,1780280891.9279544,1780280891.9279544,1780280891.9404566,12.502193450927734,decode,1,0,451641,0.0,0.0,0.0,0.0,0.0,0
engine_step_start,1780280891.9281037,1780280891.9281037,1780280891.940471,12.36724853515625,decode,0,0,451640,0.0,0.0,0.0,0.0,0.0,0
engine_step_start,1780280891.9404614,1780280891.9404614,1780280891.9529297,12.468338012695312,decode,1,0,451641,0.0,0.0,0.0,0.0,0.0,0
engine_step_start,1780280891.9404771,1780280891.9404771,1780280891.953148,12.670755386352539,decode,0,0,451640,0.0,0.0,0.0,0.0,0.0,0
engine_step_start,1780280891.9529378,1780280891.9529378,1780280891.9655926,12.654781341552734,decode,1,0,451641,10.002851486206055,0.7904404838162704,10.002851486206055,0.7904404838162704,1.0,1
engine_step_start,1780280891.953173,1780280891.953173,1780280891.9656258,12.452840805053711,decode,0,0,451640,10.035991668701172,0.8059198560242002,10.035991668701172,0.8059198560242002,1.0,1
engine_step_start,1780280891.9655976,1780280891.9655976,1780280891.9781895,12.591838836669922,decode,1,0,451641,2.4220943450927734,0.19235429999621312,2.4220943450927734,0.19235429999621312,1.0,1
engine_step_start,1780280891.9656389,1780280891.9656389,1780280891.9781377,12.498855590820312,decode,0,0,451640,2.380847930908203,0.19048527392034184,2.380847930908203,0.19048527392034184,1.0,1
engine_step_start,1780280891.978145,1780280891.978145,1780280891.9907455,12.60066032409668,decode,0,0,451640,0.0,0.0,0.0,0.0,0.0,0
engine_step_start,1780280891.9781947,1780280891.9781947,1780280891.9906557,12.460947036743164,decode,1,0,451641,0.0,0.0,0.0,0.0,0.0,0
engine_step_start,1780280891.9906607,1780280891.9906607,1780280892.003227,12.566328048706055,decode,1,0,451641,0.0,0.0,0.0,0.0,0.0,0
engine_step_start,1780280891.990752,1780280891.990752,1780280892.0032399,12.48788833618164,decode,0,0,451640,0.0,0.0,0.0,0.0,0.0,0
engine_step_start,1780280892.0032418,1780280892.0032418,1780280892.0158145,12.572765350341797,decode,1,0,451641,3.317117691040039,0.2638335798536049,3.317117691040039,0.2638335798536049,1.0,1
engine_step_start,1780280892.003253,1780280892.003253,1780280892.0159032,12.650251388549805,decode,0,0,451640,3.317117691040039,0.26221753142727905,3.317117691040039,0.26221753142727905,1.0,1
engine_step_start,1780280892.0158272,1780280892.0158272,1780280892.0282526,12.425422668457031,decode,1,0,451641,2.187967300415039,0.1760879576329726,2.187967300415039,0.1760879576329726,1.0,1
engine_step_start,1780280892.0159276,1780280892.0159276,1780280892.028368,12.44044303894043,decode,0,0,451640,2.187967300415039,0.17587535215316508,2.187967300415039,0.17587535215316508,1.0,1
engine_step_start,1780280892.028257,1780280892.028257,1780280892.0409071,12.650251388549805,decode,1,0,451641,0.0,0.0,0.0,0.0,0.0,0
engine_step_start,1780280892.0283813,1780280892.0283813,1780280892.0409853,12.603998184204102,decode,0,0,451640,0.0,0.0,0.0,0.0,0.0,0
engine_step_start,1780280892.04092,1780280892.04092,1780280892.0534768,12.556791305541992,decode,1,0,451641,0.0,0.0,0.0,0.0,0.0,0
engine_step_start,1780280892.0409923,1780280892.0409923,1780280892.053484,12.491703033447266,decode,0,0,451640,0.0,0.0,0.0,0.0,0.0,0
engine_step_start,1780280892.0534918,1780280892.0534918,1780280892.0659842,12.49241828918457,decode,1,0,451641,9.924650192260742,0.7944538809473825,9.924650192260742,0.7944538809473825,1.0,1
engine_step_start,1780280892.0534978,1780280892.0534978,1780280892.0660117,12.513875961303711,decode,0,0,451640,9.952068328857422,0.7952826414159697,9.952068328857422,0.7952826414159697,1.0,1
engine_step_start,1780280892.0659962,1780280892.0659962,1780280892.078466,12.469768524169922,decode,1,0,451641,12.469768524169922,1.0,12.469768524169922,1.0,1.0,1
engine_step_start,1780280892.0660179,1780280892.0660179,1780280892.0784872,12.469291687011719,decode,0,0,451640,12.469291687011719,1.0,12.469291687011719,1.0,1.0,1
engine_step_start,1780280892.078477,1780280892.078477,1780280892.0909789,12.501955032348633,decode,1,0,451641,2.4137496948242188,0.19306977897286268,2.4137496948242188,0.19306977897286268,1.0,1
engine_step_start,1780280892.0784929,1780280892.0784929,1780280892.0910006,12.50767707824707,decode,0,0,451640,2.397775650024414,0.19170431368063895,2.397775650024414,0.19170431368063895,1.0,1
engine_step_start,1780280892.0909839,1780280892.0909839,1780280892.1033888,12.404918670654297,decode,1,0,451641,0.0,0.0,0.0,0.0,0.0,0
engine_step_start,1780280892.0910099,1780280892.0910099,1780280892.103409,12.39919662475586,decode,0,0,451640,0.0,0.0,0.0,0.0,0.0,0
engine_step_start,1780280892.103394,1780280892.103394,1780280892.1158545,12.460470199584961,decode,1,0,451641,2.262115478515625,0.18154334806650976,2.262115478515625,0.18154334806650976,1.0,1
engine_step_start,1780280892.1034248,1780280892.1034248,1780280892.11599,12.565135955810547,decode,0,0,451640,2.262115478515625,0.18003111836362948,2.262115478515625,0.18003111836362948,1.0,1
engine_step_start,1780280892.115867,1780280892.115867,1780280892.128302,12.435197830200195,decode,1,0,451641,0.0,0.0,0.0,0.0,0.0,0
engine_step_start,1780280892.1160045,1780280892.1160045,1780280892.1284144,12.40992546081543,decode,0,0,451640,0.0,0.0,0.0,0.0,0.0,0
engine_step_start,1780280892.1283064,1780280892.1283064,1780280892.1408267,12.520313262939453,decode,1,0,451641,0.0,0.0,0.0,0.0,0.0,0
engine_step_start,1780280892.1284206,1780280892.1284206,1780280892.1407776,12.356996536254883,decode,0,0,451640,0.0,0.0,0.0,0.0,0.0,0
engine_step_start,1780280892.1407905,1780280892.1407905,1780280892.153405,12.61448860168457,decode,0,0,451640,0.0,0.0,0.0,0.0,0.0,0
engine_step_start,1780280892.1408322,1780280892.1408322,1780280892.1532679,12.435674667358398,decode,1,0,451641,0.0,0.0,0.0,0.0,0.0,0
engine_step_start,1780280892.1532726,1780280892.1532726,1780280892.1658165,12.543916702270508,decode,1,0,451641,0.0,0.0,0.0,0.0,0.0,0
engine_step_start,1780280892.153411,1780280892.153411,1780280892.1659393,12.528419494628906,decode,0,0,451640,0.0,0.0,0.0,0.0,0.0,0
engine_step_start,1780280892.1658213,1780280892.1658213,1780280892.1784346,12.613296508789062,decode,1,0,451641,10.024070739746094,0.7947225162558597,10.024070739746094,0.7947225162558597,1.0,1
engine_step_start,1780280892.1659548,1780280892.1659548,1780280892.1785684,12.613534927368164,decode,0,0,451640,10.15782356262207,0.8053114072393913,10.15782356262207,0.8053114072393913,1.0,1
engine_step_start,1780280892.1784499,1780280892.1784499,1780280892.1910872,12.63737678527832,decode,1,0,451641,12.794256210327148,1.012413923214791,12.63737678527832,1.0,1.012413923214791,2
engine_step_start,1780280892.178582,1780280892.178582,1780280892.1911278,12.54582405090332,decode,0,0,451640,12.702703475952148,1.0125045134071948,12.54582405090332,1.0,1.0125045134071948,2
engine_step_start,1780280892.1910996,1780280892.1910996,1780280892.2035885,12.488842010498047,decode,1,0,451641,4.727840423583984,0.3785651559696079,4.727840423583984,0.3785651559696079,1.0,1
engine_step_start,1780280892.1911435,1780280892.1911435,1780280892.2036965,12.552976608276367,decode,0,0,451640,4.683971405029297,0.3731363127006135,4.683971405029297,0.3731363127006135,1.0,1
engine_step_start,1780280892.203603,1780280892.203603,1780280892.216269,12.665987014770508,decode,1,0,451641,3.192901611328125,0.25208470588235293,3.192901611328125,0.25208470588235293,1.0,1
engine_step_start,1780280892.20371,1780280892.20371,1780280892.2162962,12.586116790771484,decode,0,0,451640,3.192901611328125,0.25368440992612235,3.192901611328125,0.25368440992612235,1.0,1
engine_step_start,1780280892.2162826,1780280892.2162826,1780280892.2287018,12.41922378540039,decode,1,0,451641,0.0,0.0,0.0,0.0,0.0,0
engine_step_start,1780280892.2163134,1780280892.2163134,1780280892.2287662,12.452840805053711,decode,0,0,451640,0.0,0.0,0.0,0.0,0.0,0
engine_step_start,1780280892.228715,1780280892.228715,1780280892.2411213,12.406349182128906,decode,1,0,451641,0.0,0.0,0.0,0.0,0.0,0
engine_step_start,1780280892.228779,1780280892.228779,1780280892.2413306,12.551546096801758,decode,0,0,451640,0.0,0.0,0.0,0.0,0.0,0
engine_step_start,1780280892.2411332,1780280892.2411332,1780280892.2537355,12.60232925415039,decode,1,0,451641,0.0,0.0,0.0,0.0,0.0,0
engine_step_start,1780280892.2413452,1780280892.2413452,1780280892.253776,12.430906295776367,decode,0,0,451640,0.0,0.0,0.0,0.0,0.0,0
engine_step_start,1780280892.2537475,1780280892.2537475,1780280892.2662964,12.54892349243164,decode,1,0,451641,0.0,0.0,0.0,0.0,0.0,0
engine_step_start,1780280892.253789,1780280892.253789,1780280892.2663734,12.584447860717773,decode,0,0,451640,0.0,0.0,0.0,0.0,0.0,0
engine_step_start,1780280892.2663023,1780280892.2663023,1780280892.2788553,12.552976608276367,decode,1,0,451641,0.0,0.0,0.0,0.0,0.0,0
engine_step_start,1780280892.266379,1780280892.266379,1780280892.2789664,12.587308883666992,decode,0,0,451640,0.0,0.0,0.0,0.0,0.0,0
engine_step_start,1780280892.278861,1780280892.278861,1780280892.2914124,12.551307678222656,decode,1,0,451641,9.902715682983398,0.7889788010029632,9.902715682983398,0.7889788010029632,1.0,1
engine_step_start,1780280892.2789836,1780280892.2789836,1780280892.291488,12.504339218139648,decode,0,0,451640,9.978294372558594,0.7979865387915419,9.978294372558594,0.7979865387915419,1.0,1
engine_step_start,1780280892.2914188,1780280892.2914188,1780280892.3100927,18.67389678955078,decode,1,0,451641,18.67389678955078,1.0,18.67389678955078,1.0,1.0,1
engine_step_start,1780280892.291502,1780280892.291502,1780280892.3101695,18.66745948791504,decode,0,0,451640,18.66745948791504,1.0,18.66745948791504,1.0,1.0,1
engine_step_start,1780280892.3101082,1780280892.3101082,1780280892.3226469,12.538671493530273,decode,1,0,451641,26.146888732910156,2.0852997661196784,12.538671493530273,1.0,2.0852997661196784,3
engine_step_start,1780280892.3101883,1780280892.3101883,1780280892.322622,12.433767318725586,decode,0,0,451640,25.992393493652344,2.090468063891392,12.433767318725586,1.0,2.090468063891392,3
engine_step_start,1780280892.3229988,1780280892.3229988,1780280892.3389232,15.924453735351562,decode,0,0,451640,14.001607894897461,0.8792520062282908,7.050752639770508,0.4427626063001557,1.9858316707807797,3
engine_step_start,1780280892.32302,1780280892.32302,1780280892.3388515,15.831470489501953,decode,1,0,451641,13.937950134277344,0.8803951688202163,7.029533386230469,0.444022770398482,1.9827703161036494,3
engine_step_start,1780280892.338866,1780280892.338866,1780280892.3513467,12.480735778808594,decode,1,0,451641,5.043983459472656,0.40414151448001834,5.043983459472656,0.40414151448001834,1.0,1
engine_step_start,1780280892.33893,1780280892.33893,1780280892.3515782,12.648344039916992,decode,0,0,451640,5.043983459472656,0.39878607377806263,5.043983459472656,0.39878607377806263,1.0,1
engine_step_start,1780280892.3513594,1780280892.3513594,1780280892.363955,12.595653533935547,decode,1,0,451641,0.0,0.0,0.0,0.0,0.0,0
engine_step_start,1780280892.351593,1780280892.351593,1780280892.363973,12.379884719848633,decode,0,0,451640,0.0,0.0,0.0,0.0,0.0,0
engine_step_start,1780280892.3639662,1780280892.3639662,1780280892.3765988,12.632608413696289,decode,1,0,451641,9.870290756225586,0.781334339907521,9.870290756225586,0.781334339907521,1.0,1
engine_step_start,1780280892.3639963,1780280892.3639963,1780280892.3767338,12.737512588500977,decode,0,0,451640,10.00523567199707,0.785493682732803,10.00523567199707,0.785493682732803,1.0,1
engine_step_start,1780280892.3766105,1780280892.3766105,1780280892.389291,12.680530548095703,decode,1,0,451641,2.969980239868164,0.23421577106757419,2.969980239868164,0.23421577106757419,1.0,1
engine_step_start,1780280892.3767476,1780280892.3767476,1780280892.3892531,12.505531311035156,decode,0,0,451640,2.8328895568847656,0.2265309235110196,2.8328895568847656,0.2265309235110196,1.0,1
engine_step_start,1780280892.389259,1780280892.389259,1780280892.401746,12.486934661865234,decode,0,0,451640,0.0,0.0,0.0,0.0,0.0,0
engine_step_start,1780280892.389296,1780280892.389296,1780280892.4018006,12.50457763671875,decode,1,0,451641,0.0,0.0,0.0,0.0,0.0,0
engine_step_start,1780280892.401752,1780280892.401752,1780280892.414381,12.629032135009766,decode,0,0,451640,0.0,0.0,0.0,0.0,0.0,0
engine_step_start,1780280892.4018059,1780280892.4018059,1780280892.414346,12.540102005004883,decode,1,0,451641,0.0,0.0,0.0,0.0,0.0,0
engine_step_start,1780280892.414353,1780280892.414353,1780280892.4269493,12.596368789672852,decode,1,0,451641,0.0,0.0,0.0,0.0,0.0,0
engine_step_start,1780280892.4143946,1780280892.4143946,1780280892.4269965,12.601852416992188,decode,0,0,451640,0.0,0.0,0.0,0.0,0.0,0
engine_step_start,1780280892.4269538,1780280892.4269538,1780280892.4394522,12.49837875366211,decode,1,0,451641,0.0,0.0,0.0,0.0,0.0,0
engine_step_start,1780280892.427011,1780280892.427011,1780280892.4395735,12.56251335144043,decode,0,0,451640,0.0,0.0,0.0,0.0,0.0,0
engine_step_start,1780280892.4394639,1780280892.4394639,1780280892.4519362,12.472391128540039,decode,1,0,451641,0.0,0.0,0.0,0.0,0.0,0
engine_step_start,1780280892.4395804,1780280892.4395804,1780280892.4521167,12.536287307739258,decode,0,0,451640,0.0,0.0,0.0,0.0,0.0,0
engine_step_start,1780280892.4519415,1780280892.4519415,1780280892.4645245,12.583017349243164,decode,1,0,451641,0.0,0.0,0.0,0.0,0.0,0
engine_step_start,1780280892.45213,1780280892.45213,1780280892.464565,12.434959411621094,decode,0,0,451640,0.0,0.0,0.0,0.0,0.0,0
engine_step_start,1780280892.4645293,1780280892.4645293,1780280892.4770877,12.558460235595703,decode,1,0,451641,0.0,0.0,0.0,0.0,0.0,0
engine_step_start,1780280892.464572,1780280892.464572,1780280892.4770632,12.491226196289062,decode,0,0,451640,0.0,0.0,0.0,0.0,0.0,0
engine_step_start,1780280892.4770796,1780280892.4770796,1780280892.4896684,12.588739395141602,decode,0,0,451640,9.869813919067383,0.7840192420598094,9.869813919067383,0.7840192420598094,1.0,1
engine_step_start,1780280892.4770932,1780280892.4770932,1780280892.4896011,12.507915496826172,decode,1,0,451641,9.802579879760742,0.783710113987267,9.802579879760742,0.783710113987267,1.0,1
engine_step_start,1780280892.4896238,1780280892.4896238,1780280892.5019495,12.325763702392578,decode,1,0,451641,22.147655487060547,1.7968586792525822,12.325763702392578,1.0,1.7968586792525822,2
engine_step_start,1780280892.4896817,1780280892.4896817,1780280892.50205,12.368202209472656,decode,0,0,451640,22.290468215942383,1.8022399568201095,12.368202209472656,1.0,1.8022399568201095,2
engine_step_start,1780280892.501961,1780280892.501961,1780280892.514522,12.56108283996582,decode,1,0,451641,27.936220169067383,2.2240296099459047,12.56108283996582,1.0,2.2240296099459047,3
engine_step_start,1780280892.502065,1780280892.502065,1780280892.514623,12.5579833984375,decode,0,0,451640,27.930021286010742,2.2240849027946537,12.5579833984375,1.0,2.2240849027946537,3
engine_step_start,1780280892.5145276,1780280892.5145276,1780280892.5269964,12.468814849853516,decode,1,0,451641,5.159139633178711,0.41376343263604726,2.6221275329589844,0.2102948487513863,1.9675395526459356,2
engine_step_start,1780280892.5146363,1780280892.5146363,1780280892.5270996,12.46333122253418,decode,0,0,451640,4.941701889038086,0.3964992826398852,2.513408660888672,0.20166427546628407,1.9661354581673307,2
engine_step_start,1780280892.5270011,1780280892.5270011,1780280892.5394418,12.440681457519531,decode,1,0,451641,0.0,0.0,0.0,0.0,0.0,0
engine_step_start,1780280892.5271082,1780280892.5271082,1780280892.539536,12.427806854248047,decode,0,0,451640,0.0,0.0,0.0,0.0,0.0,0
engine_step_start,1780280892.5394464,1780280892.5394464,1780280892.5519018,12.455463409423828,decode,1,0,451641,0.0,0.0,0.0,0.0,0.0,0
engine_step_start,1780280892.539551,1780280892.539551,1780280892.5520692,12.518167495727539,decode,0,0,451640,0.0,0.0,0.0,0.0,0.0,0
engine_step_start,1780280892.5519123,1780280892.5519123,1780280892.564455,12.542724609375,decode,1,0,451641,0.0,0.0,0.0,0.0,0.0,0
engine_step_start,1780280892.5520825,1780280892.5520825,1780280892.5645957,12.513160705566406,decode,0,0,451640,0.0,0.0,0.0,0.0,0.0,0
engine_step_start,1780280892.5644593,1780280892.5644593,1780280892.577009,12.549638748168945,decode,1,0,451641,0.0,0.0,0.0,0.0,0.0,0
engine_step_start,1780280892.564602,1780280892.564602,1780280892.5770612,12.459278106689453,decode,0,0,451640,0.0,0.0,0.0,0.0,0.0,0
engine_step_start,1780280892.57702,1780280892.57702,1780280892.5895545,12.534618377685547,decode,1,0,451641,0.0,0.0,0.0,0.0,0.0,0
engine_step_start,1780280892.5770676,1780280892.5770676,1780280892.589694,12.626409530639648,decode,0,0,451640,0.0,0.0,0.0,0.0,0.0,0
engine_step_start,1780280892.5895655,1780280892.5895655,1780280892.6021113,12.54582405090332,decode,1,0,451641,0.0,0.0,0.0,0.0,0.0,0
engine_step_start,1780280892.5897005,1780280892.5897005,1780280892.6020808,12.380361557006836,decode,0,0,451640,0.0,0.0,0.0,0.0,0.0,0
engine_step_start,1780280892.6020873,1780280892.6020873,1780280892.6146834,12.59613037109375,decode,0,0,451640,0.0,0.0,0.0,0.0,0.0,0
engine_step_start,1780280892.602119,1780280892.602119,1780280892.614534,12.414932250976562,decode,1,0,451641,0.0,0.0,0.0,0.0,0.0,0
engine_step_start,1780280892.6145494,1780280892.6145494,1780280892.62699,12.440681457519531,decode,1,0,451641,19.76776123046875,1.5889612878497508,9.986400604248047,0.8027213491759295,1.9794680800267392,2
engine_step_start,1780280892.6146998,1780280892.6146998,1780280892.6271524,12.45260238647461,decode,0,0,451640,20.092487335205078,1.61351713574574,10.148763656616211,0.8149913842619184,1.9797965560175723,2
engine_step_start,1780280892.627003,1780280892.627003,1780280892.6474726,20.46966552734375,decode,1,0,451641,31.586408615112305,1.543083768169959,20.46966552734375,1.0,1.543083768169959,2
engine_step_start,1780280892.6271663,1780280892.6271663,1780280892.6475112,20.344972610473633,decode,0,0,451640,31.298398971557617,1.5383849155660765,20.344972610473633,1.0,1.5383849155660765,2
engine_step_start,1780280892.647478,1780280892.647478,1780280892.6599576,12.479543685913086,decode,1,0,451641,2.5784969329833984,0.20661788586821542,2.5784969329833984,0.20661788586821542,1.0,1
engine_step_start,1780280892.647517,1780280892.647517,1780280892.6600893,12.572288513183594,decode,0,0,451640,2.5396347045898438,0.20200257907911703,2.5396347045898438,0.20200257907911703,1.0,1
engine_step_start,1780280892.6599624,1780280892.6599624,1780280892.6725256,12.563228607177734,decode,1,0,451641,0.0,0.0,0.0,0.0,0.0,0
engine_step_start,1780280892.660096,1780280892.660096,1780280892.6725914,12.49551773071289,decode,0,0,451640,0.0,0.0,0.0,0.0,0.0,0
engine_step_start,1780280892.6725411,1780280892.6725411,1780280892.684964,12.422800064086914,decode,1,0,451641,1.3689994812011719,0.11020055656846751,1.3689994812011719,0.11020055656846751,1.0,1
engine_step_start,1780280892.6726055,1780280892.6726055,1780280892.6851597,12.554168701171875,decode,0,0,451640,1.3689994812011719,0.10904740200546946,1.3689994812011719,0.10904740200546946,1.0,1
engine_step_start,1780280892.6849759,1780280892.6849759,1780280892.697711,12.735128402709961,decode,1,0,451641,4.080057144165039,0.3203781709257699,4.080057144165039,0.3203781709257699,1.0,1
engine_step_start,1780280892.6851761,1780280892.6851761,1780280892.6976645,12.488365173339844,decode,0,0,451640,4.080057144165039,0.3267086674303169,4.080057144165039,0.3267086674303169,1.0,1
engine_step_start,1780280892.6976786,1780280892.6976786,1780280892.710124,12.445449829101562,decode,0,0,451640,0.0,0.0,0.0,0.0,0.0,0
engine_step_start,1780280892.6977189,1780280892.6977189,1780280892.7100348,12.315988540649414,decode,1,0,451641,0.0,0.0,0.0,0.0,0.0,0
engine_step_start,1780280892.7100484,1780280892.7100484,1780280892.722603,12.554645538330078,decode,1,0,451641,0.0,0.0,0.0,0.0,0.0,0
engine_step_start,1780280892.7101307,1780280892.7101307,1780280892.7226062,12.47549057006836,decode,0,0,451640,0.0,0.0,0.0,0.0,0.0,0
engine_step_start,1780280892.7226083,1780280892.7226083,1780280892.7349021,12.293815612792969,decode,1,0,451641,0.0,0.0,0.0,0.0,0.0,0
engine_step_start,1780280892.722619,1780280892.722619,1780280892.7350721,12.453079223632812,decode,0,0,451640,0.0,0.0,0.0,0.0,0.0,0
engine_step_start,1780280892.7356715,1780280892.7356715,1780280892.7474174,11.745929718017578,decode,0,0,451640,0.0,0.0,0.0,0.0,0.0,0
engine_step_start,1780280892.7356856,1780280892.7356856,1780280892.7475033,11.817693710327148,decode,1,0,451641,0.0,0.0,0.0,0.0,0.0,0
engine_step_start,1780280892.7474248,1780280892.7474248,1780280892.7599435,12.518644332885742,decode,0,0,451640,0.0,0.0,0.0,0.0,0.0,0
engine_step_start,1780280892.74751,1780280892.74751,1780280892.7599392,12.429237365722656,decode,1,0,451641,0.0,0.0,0.0,0.0,0.0,0
engine_step_start,1780280892.759957,1780280892.759957,1780280892.7723691,12.412071228027344,decode,1,0,451641,9.719610214233398,0.7830772185939301,9.719610214233398,0.7830772185939301,1.0,1
engine_step_start,1780280892.7599585,1780280892.7599585,1780280892.7723105,12.35198974609375,decode,0,0,451640,9.660959243774414,0.7821378937615813,9.660959243774414,0.7821378937615813,1.0,1
engine_step_start,1780280892.7723167,1780280892.7723167,1780280892.795024,22.707223892211914,decode,0,0,451640,22.707223892211914,1.0,22.707223892211914,1.0,1.0,1
engine_step_start,1780280892.7723827,1780280892.7723827,1780280892.7949262,22.54343032836914,decode,1,0,451641,22.54343032836914,1.0,22.54343032836914,1.0,1.0,1
engine_step_start,1780280892.7949317,1780280892.7949317,1780280892.8073177,12.386083602905273,decode,1,0,451641,2.458810806274414,0.1985139843313892,2.458810806274414,0.1985139843313892,1.0,1
engine_step_start,1780280892.7950292,1780280892.7950292,1780280892.8074741,12.44497299194336,decode,0,0,451640,2.361297607421875,0.18973907046246982,2.361297607421875,0.18973907046246982,1.0,1
engine_step_start,1780280892.8073235,1780280892.8073235,1780280892.8198195,12.495994567871094,decode,1,0,451641,0.0,0.0,0.0,0.0,0.0,0
engine_step_start,1780280892.8074806,1780280892.8074806,1780280892.8198333,12.352705001831055,decode,0,0,451640,0.0,0.0,0.0,0.0,0.0,0
engine_step_start,1780280892.8198345,1780280892.8198345,1780280892.8324227,12.588262557983398,decode,1,0,451641,1.970052719116211,0.15649917612075986,1.970052719116211,0.15649917612075986,1.0,1
engine_step_start,1780280892.8198392,1780280892.8198392,1780280892.83245,12.610673904418945,decode,0,0,451640,1.970052719116211,0.15622105004442932,1.970052719116211,0.15622105004442932,1.0,1
engine_step_start,1780280892.8324401,1780280892.8324401,1780280892.8448794,12.439250946044922,decode,1,0,451641,0.0,0.0,0.0,0.0,0.0,0
engine_step_start,1780280892.8324564,1780280892.8324564,1780280892.844958,12.501716613769531,decode,0,0,451640,0.0,0.0,0.0,0.0,0.0,0
engine_step_start,1780280892.844887,1780280892.844887,1780280892.857466,12.578964233398438,decode,1,0,451641,0.0,0.0,0.0,0.0,0.0,0
engine_step_start,1780280892.8449647,1780280892.8449647,1780280892.85739,12.42518424987793,decode,0,0,451640,0.0,0.0,0.0,0.0,0.0,0
engine_step_start,1780280892.857396,1780280892.857396,1780280892.8699372,12.54129409790039,decode,0,0,451640,0.0,0.0,0.0,0.0,0.0,0
engine_step_start,1780280892.8574827,1780280892.8574827,1780280892.869787,12.304306030273438,decode,1,0,451641,0.0,0.0,0.0,0.0,0.0,0
engine_step_start,1780280892.8697927,1780280892.8697927,1780280892.8823059,12.513160705566406,decode,1,0,451641,0.0,0.0,0.0,0.0,0.0,0
engine_step_start,1780280892.8699434,1780280892.8699434,1780280892.8824475,12.504100799560547,decode,0,0,451640,0.0,0.0,0.0,0.0,0.0,0
engine_step_start,1780280892.8823116,1780280892.8823116,1780280892.8948798,12.568235397338867,decode,1,0,451641,0.0,0.0,0.0,0.0,0.0,0
engine_step_start,1780280892.882462,1780280892.882462,1780280892.8949754,12.513399124145508,decode,0,0,451640,0.0,0.0,0.0,0.0,0.0,0
engine_step_start,1780280892.8948925,1780280892.8948925,1780280892.9074774,12.584924697875977,decode,1,0,451641,0.0,0.0,0.0,0.0,0.0,0
engine_step_start,1780280892.8949819,1780280892.8949819,1780280892.9074275,12.445688247680664,decode,0,0,451640,0.0,0.0,0.0,0.0,0.0,0
engine_step_start,1780280892.9074345,1780280892.9074345,1780280892.919953,12.518644332885742,decode,0,0,451640,0.0,0.0,0.0,0.0,0.0,0
engine_step_start,1780280892.9074824,1780280892.9074824,1780280892.919882,12.399673461914062,decode,1,0,451641,0.0,0.0,0.0,0.0,0.0,0
engine_step_start,1780280892.919888,1780280892.919888,1780280892.932436,12.547969818115234,decode,1,0,451641,0.0,0.0,0.0,0.0,0.0,0
engine_step_start,1780280892.9199595,1780280892.9199595,1780280892.932401,12.441396713256836,decode,0,0,451640,0.0,0.0,0.0,0.0,0.0,0
engine_step_start,1780280892.9324179,1780280892.9324179,1780280892.945001,12.583017349243164,decode,0,0,451640,4.017114639282227,0.3192489152471721,4.017114639282227,0.3192489152471721,1.0,1
engine_step_start,1780280892.9324415,1780280892.9324415,1780280892.9448926,12.451171875,decode,1,0,451641,4.017114639282227,0.3226294424019608,4.017114639282227,0.3226294424019608,1.0,1
engine_step_start,1780280892.9448974,1780280892.9448974,1780280892.9574149,12.517452239990234,decode,1,0,451641,0.0,0.0,0.0,0.0,0.0,0
engine_step_start,1780280892.945015,1780280892.945015,1780280892.9574037,12.38870620727539,decode,0,0,451640,0.0,0.0,0.0,0.0,0.0,0
engine_step_start,1780280892.9574099,1780280892.9574099,1780280892.9698942,12.484312057495117,decode,0,0,451640,0.0,0.0,0.0,0.0,0.0,0
engine_step_start,1780280892.9574194,1780280892.9574194,1780280892.9699297,12.510299682617188,decode,1,0,451641,0.0,0.0,0.0,0.0,0.0,0
engine_step_start,1780280892.9699082,1780280892.9699082,1780280892.9825144,12.606143951416016,decode,0,0,451640,0.0,0.0,0.0,0.0,0.0,0
engine_step_start,1780280892.9699347,1780280892.9699347,1780280892.9823678,12.433052062988281,decode,1,0,451641,0.0,0.0,0.0,0.0,0.0,0
engine_step_start,1780280892.9823792,1780280892.9823792,1780280892.9948328,12.453556060791016,decode,1,0,451641,0.0,0.0,0.0,0.0,0.0,0
engine_step_start,1780280892.9825203,1780280892.9825203,1780280892.9948165,12.296199798583984,decode,0,0,451640,0.0,0.0,0.0,0.0,0.0,0
engine_step_start,1780280892.9948227,1780280892.9948227,1780280893.007314,12.491226196289062,decode,0,0,451640,0.0,0.0,0.0,0.0,0.0,0
engine_step_start,1780280892.9948382,1780280892.9948382,1780280893.0072904,12.452125549316406,decode,1,0,451641,0.0,0.0,0.0,0.0,0.0,0
engine_step_start,1780280893.0072975,1780280893.0072975,1780280893.01975,12.45260238647461,decode,1,0,451641,9.879350662231445,0.7933563086348842,9.879350662231445,0.7933563086348842,1.0,1
engine_step_start,1780280893.0073311,1780280893.0073311,1780280893.0196924,12.361288070678711,decode,0,0,451640,9.821653366088867,0.7945493471174803,9.821653366088867,0.7945493471174803,1.0,1
engine_step_start,1780280893.0197065,1780280893.0197065,1780280893.0321453,12.438774108886719,decode,0,0,451640,12.903690338134766,1.0373763704669172,12.438774108886719,1.0,1.0373763704669172,2
engine_step_start,1780280893.019769,1780280893.019769,1780280893.0319793,12.210369110107422,decode,1,0,451641,12.675285339355469,1.0380755262232984,12.210369110107422,1.0,1.0380755262232984,2
engine_step_start,1780280893.0319915,1780280893.0319915,1780280893.0445874,12.595891952514648,decode,1,0,451641,7.685184478759766,0.6101342015104768,5.281209945678711,0.41928034676610326,1.4551938964380842,2
engine_step_start,1780280893.032161,1780280893.032161,1780280893.0445101,12.349128723144531,decode,0,0,451640,7.515668869018555,0.608599119623137,5.1116943359375,0.41393157772800987,1.4702891791044777,2
engine_step_start,1780280893.044525,1780280893.044525,1780280893.0570846,12.559652328491211,decode,0,0,451640,0.0,0.0,0.0,0.0,0.0,0
engine_step_start,1780280893.0446,1780280893.0446,1780280893.056899,12.299060821533203,decode,1,0,451641,0.0,0.0,0.0,0.0,0.0,0
engine_step_start,1780280893.05691,1780280893.05691,1780280893.0693061,12.396097183227539,decode,1,0,451641,0.0,0.0,0.0,0.0,0.0,0
engine_step_start,1780280893.057091,1780280893.057091,1780280893.069514,12.423038482666016,decode,0,0,451640,0.0,0.0,0.0,0.0,0.0,0
engine_step_start,1780280893.069311,1780280893.069311,1780280893.0817735,12.462615966796875,decode,1,0,451641,0.0,0.0,0.0,0.0,0.0,0
engine_step_start,1780280893.0695276,1780280893.0695276,1780280893.0818136,12.285947799682617,decode,0,0,451640,0.0,0.0,0.0,0.0,0.0,0
engine_step_start,1780280893.0817926,1780280893.0817926,1780280893.0941296,12.336969375610352,decode,1,0,451641,2.0139217376708984,0.16324282539375784,2.0139217376708984,0.16324282539375784,1.0,1
engine_step_start,1780280893.0818198,1780280893.0818198,1780280893.0942702,12.450456619262695,decode,0,0,451640,2.0139217376708984,0.16175484958158595,2.0139217376708984,0.16175484958158595,1.0,1
engine_step_start,1780280893.094139,1780280893.094139,1780280893.10671,12.570858001708984,decode,1,0,451641,0.0,0.0,0.0,0.0,0.0,0
engine_step_start,1780280893.0942764,1780280893.0942764,1780280893.1067085,12.432098388671875,decode,0,0,451640,0.0,0.0,0.0,0.0,0.0,0
engine_step_start,1780280893.1067145,1780280893.1067145,1780280893.1192625,12.547969818115234,decode,0,0,451640,0.0,0.0,0.0,0.0,0.0,0
engine_step_start,1780280893.106715,1780280893.106715,1780280893.119118,12.403011322021484,decode,1,0,451641,0.0,0.0,0.0,0.0,0.0,0
engine_step_start,1780280893.1191282,1780280893.1191282,1780280893.1316507,12.522459030151367,decode,1,0,451641,0.0,0.0,0.0,0.0,0.0,0
engine_step_start,1780280893.1192687,1780280893.1192687,1780280893.1318758,12.607097625732422,decode,0,0,451640,0.0,0.0,0.0,0.0,0.0,0
engine_step_start,1780280893.1316607,1780280893.1316607,1780280893.1442792,12.618541717529297,decode,1,0,451641,0.0,0.0,0.0,0.0,0.0,0
engine_step_start,1780280893.131889,1780280893.131889,1780280893.1443756,12.486457824707031,decode,0,0,451640,0.0,0.0,0.0,0.0,0.0,0
engine_step_start,1780280893.1449451,1780280893.1449451,1780280893.1568365,11.891365051269531,decode,0,0,451640,0.0,0.0,0.0,0.0,0.0,0
engine_step_start,1780280893.1450977,1780280893.1450977,1780280893.15678,11.682271957397461,decode,1,0,451641,0.0,0.0,0.0,0.0,0.0,0
engine_step_start,1780280893.156797,1780280893.156797,1780280893.1693058,12.508869171142578,decode,1,0,451641,9.871244430541992,0.7891396332863188,9.871244430541992,0.7891396332863188,1.0,1
engine_step_start,1780280893.1568434,1780280893.1568434,1780280893.169314,12.470483779907227,decode,0,0,451640,9.879350662231445,0.7922187171398528,9.879350662231445,0.7922187171398528,1.0,1
engine_step_start,1780280893.1693177,1780280893.1693177,1780280893.1916728,22.355079650878906,decode,1,0,451641,26.0159969329834,1.163762211509748,22.355079650878906,1.0,1.163762211509748,2
engine_step_start,1780280893.169331,1780280893.169331,1780280893.1917987,22.467613220214844,decode,0,0,451640,26.128530502319336,1.1629419754658517,22.467613220214844,1.0,1.1629419754658517,2
engine_step_start,1780280893.191678,1780280893.191678,1780280893.204238,12.559890747070312,decode,1,0,451641,2.394437789916992,0.19064160971905847,2.394437789916992,0.19064160971905847,1.0,1
engine_step_start,1780280893.191812,1780280893.191812,1780280893.2043219,12.509822845458984,decode,0,0,451640,2.260446548461914,0.18069372975033351,2.260446548461914,0.18069372975033351,1.0,1
engine_step_start,1780280893.204245,1780280893.204245,1780280893.2166684,12.423276901245117,decode,1,0,451641,0.0,0.0,0.0,0.0,0.0,0
engine_step_start,1780280893.2043443,1780280893.2043443,1780280893.216725,12.380838394165039,decode,0,0,451640,0.0,0.0,0.0,0.0,0.0,0
engine_step_start,1780280893.216674,1780280893.216674,1780280893.2291577,12.483596801757812,decode,1,0,451641,0.0,0.0,0.0,0.0,0.0,0
engine_step_start,1780280893.2167392,1780280893.2167392,1780280893.229223,12.483835220336914,decode,0,0,451640,0.0,0.0,0.0,0.0,0.0,0
engine_step_start,1780280893.2291706,1780280893.2291706,1780280893.2416382,12.467622756958008,decode,1,0,451641,0.0,0.0,0.0,0.0,0.0,0
engine_step_start,1780280893.2292287,1780280893.2292287,1780280893.2417848,12.556076049804688,decode,0,0,451640,0.0,0.0,0.0,0.0,0.0,0
engine_step_start,1780280893.2416432,1780280893.2416432,1780280893.2542517,12.608528137207031,decode,1,0,451641,0.0,0.0,0.0,0.0,0.0,0
engine_step_start,1780280893.2417917,1780280893.2417917,1780280893.2543662,12.574434280395508,decode,0,0,451640,0.0,0.0,0.0,0.0,0.0,0
engine_step_start,1780280893.2542582,1780280893.2542582,1780280893.2667608,12.502670288085938,decode,1,0,451641,9.79924201965332,0.7837719298245615,9.79924201965332,0.7837719298245615,1.0,1
engine_step_start,1780280893.2543821,1780280893.2543821,1780280893.2669077,12.525558471679688,decode,0,0,451640,9.946107864379883,0.7940650220800974,9.946107864379883,0.7940650220800974,1.0,1
engine_step_start,1780280893.266777,1780280893.266777,1780280893.279275,12.497901916503906,decode,1,0,451641,12.923955917358398,1.0340900419687142,12.497901916503906,1.0,1.0340900419687142,2
engine_step_start,1780280893.266922,1780280893.266922,1780280893.279424,12.501955032348633,decode,0,0,451640,12.928009033203125,1.0340789900261267,12.501955032348633,1.0,1.0340789900261267,2
engine_step_start,1780280893.279287,1780280893.279287,1780280893.2918165,12.529373168945312,decode,1,0,451641,2.648591995239258,0.21139062262140357,2.648591995239258,0.21139062262140357,1.0,1
engine_step_start,1780280893.27943,1780280893.27943,1780280893.2918859,12.455940246582031,decode,0,0,451640,2.505779266357422,0.20117142638389096,2.505779266357422,0.20117142638389096,1.0,1
engine_step_start,1780280893.2918217,1780280893.2918217,1780280893.3042018,12.380123138427734,decode,1,0,451641,0.0,0.0,0.0,0.0,0.0,0
engine_step_start,1780280893.291892,1780280893.291892,1780280893.3043947,12.502670288085938,decode,0,0,451640,0.0,0.0,0.0,0.0,0.0,0
engine_step_start,1780280893.3042119,1780280893.3042119,1780280893.3167665,12.554645538330078,decode,1,0,451641,0.0,0.0,0.0,0.0,0.0,0
engine_step_start,1780280893.3044012,1780280893.3044012,1780280893.3168159,12.414693832397461,decode,0,0,451640,0.0,0.0,0.0,0.0,0.0,0
engine_step_start,1780280893.3167715,1780280893.3167715,1780280893.3293428,12.571334838867188,decode,1,0,451641,0.0,0.0,0.0,0.0,0.0,0
engine_step_start,1780280893.3168302,1780280893.3168302,1780280893.3293424,12.51220703125,decode,0,0,451640,0.0,0.0,0.0,0.0,0.0,0
engine_step_start,1780280893.329349,1780280893.329349,1780280893.3418787,12.529611587524414,decode,0,0,451640,1.9769668579101562,0.15778357087131087,1.9769668579101562,0.15778357087131087,1.0,1
engine_step_start,1780280893.329364,1780280893.329364,1780280893.341755,12.390851974487305,decode,1,0,451641,1.9769668579101562,0.1595505185584268,1.9769668579101562,0.1595505185584268,1.0,1
engine_step_start,1780280893.3417714,1780280893.3417714,1780280893.3542612,12.489795684814453,decode,1,0,451641,2.0759105682373047,0.16620852899629673,2.0759105682373047,0.16620852899629673,1.0,1
engine_step_start,1780280893.3418849,1780280893.3418849,1780280893.3544877,12.602806091308594,decode,0,0,451640,2.0759105682373047,0.16471812334468408,2.0759105682373047,0.16471812334468408,1.0,1
engine_step_start,1780280893.3542721,1780280893.3542721,1780280893.3668804,12.60828971862793,decode,1,0,451641,0.0,0.0,0.0,0.0,0.0,0
engine_step_start,1780280893.3545024,1780280893.3545024,1780280893.3668497,12.347221374511719,decode,0,0,451640,0.0,0.0,0.0,0.0,0.0,0
engine_step_start,1780280893.3668668,1780280893.3668668,1780280893.3794448,12.578010559082031,decode,0,0,451640,10.090112686157227,0.8022025930699825,10.090112686157227,0.8022025930699825,1.0,1
engine_step_start,1780280893.3668935,1780280893.3668935,1780280893.379289,12.395381927490234,decode,1,0,451641,9.934186935424805,0.8014425851125216,9.934186935424805,0.8014425851125216,1.0,1
engine_step_start,1780280893.3792999,1780280893.3792999,1780280893.3918023,12.502431869506836,decode,1,0,451641,2.6369094848632812,0.21091172600545396,2.6369094848632812,0.21091172600545396,1.0,1
engine_step_start,1780280893.379459,1780280893.379459,1780280893.3919086,12.44974136352539,decode,0,0,451640,2.477884292602539,0.19903098548393275,2.477884292602539,0.19903098548393275,1.0,1
engine_step_start,1780280893.3918073,1780280893.3918073,1780280893.404418,12.610673904418945,decode,1,0,451641,0.0,0.0,0.0,0.0,0.0,0
engine_step_start,1780280893.3919148,1780280893.3919148,1780280893.4045012,12.586355209350586,decode,0,0,451640,0.0,0.0,0.0,0.0,0.0,0
engine_step_start,1780280893.4044232,1780280893.4044232,1780280893.4169142,12.490987777709961,decode,1,0,451641,0.0,0.0,0.0,0.0,0.0,0
engine_step_start,1780280893.4045076,1780280893.4045076,1780280893.4169874,12.479782104492188,decode,0,0,451640,0.0,0.0,0.0,0.0,0.0,0
engine_step_start,1780280893.4169214,1780280893.4169214,1780280893.4294212,12.499809265136719,decode,1,0,451641,0.0,0.0,0.0,0.0,0.0,0
engine_step_start,1780280893.417001,1780280893.417001,1780280893.4295447,12.543678283691406,decode,0,0,451640,0.0,0.0,0.0,0.0,0.0,0
engine_step_start,1780280893.4294262,1780280893.4294262,1780280893.4419827,12.55655288696289,decode,1,0,451641,0.0,0.0,0.0,0.0,0.0,0
engine_step_start,1780280893.4295576,1780280893.4295576,1780280893.4420679,12.510299682617188,decode,0,0,451640,0.0,0.0,0.0,0.0,0.0,0
engine_step_start,1780280893.4419882,1780280893.4419882,1780280893.454591,12.602806091308594,decode,1,0,451641,0.0,0.0,0.0,0.0,0.0,0
engine_step_start,1780280893.4420815,1780280893.4420815,1780280893.4545648,12.483358383178711,decode,0,0,451640,0.0,0.0,0.0,0.0,0.0,0
engine_step_start,1780280893.4545715,1780280893.4545715,1780280893.4671636,12.592077255249023,decode,0,0,451640,0.0,0.0,0.0,0.0,0.0,0
engine_step_start,1780280893.4546034,1780280893.4546034,1780280893.4670246,12.421131134033203,decode,1,0,451641,0.0,0.0,0.0,0.0,0.0,0
engine_step_start,1780280893.4670298,1780280893.4670298,1780280893.4795566,12.526750564575195,decode,1,0,451641,0.0,0.0,0.0,0.0,0.0,0
engine_step_start,1780280893.46717,1780280893.46717,1780280893.4796243,12.45427131652832,decode,0,0,451640,0.0,0.0,0.0,0.0,0.0,0
engine_step_start,1780280893.4795732,1780280893.4795732,1780280893.4919984,12.42518424987793,decode,1,0,451641,1.3840198516845703,0.11138827592823564,1.3840198516845703,0.11138827592823564,1.0,1
engine_step_start,1780280893.4796305,1780280893.4796305,1780280893.4921277,12.497186660766602,decode,0,0,451640,1.3840198516845703,0.11074651353568499,1.3840198516845703,0.11074651353568499,1.0,1
engine_step_start,1780280893.492011,1780280893.492011,1780280893.5045207,12.509584426879883,decode,1,0,451641,0.0,0.0,0.0,0.0,0.0,0
engine_step_start,1780280893.492134,1780280893.492134,1780280893.5046582,12.524127960205078,decode,0,0,451640,0.0,0.0,0.0,0.0,0.0,0
engine_step_start,1780280893.504532,1780280893.504532,1780280893.5169241,12.392044067382812,decode,1,0,451641,0.0,0.0,0.0,0.0,0.0,0
engine_step_start,1780280893.5046642,1780280893.5046642,1780280893.5171165,12.452363967895508,decode,0,0,451640,0.0,0.0,0.0,0.0,0.0,0
engine_step_start,1780280893.5169349,1780280893.5169349,1780280893.5295928,12.657880783081055,decode,1,0,451641,0.0,0.0,0.0,0.0,0.0,0
engine_step_start,1780280893.5171227,1780280893.5171227,1780280893.5296144,12.491703033447266,decode,0,0,451640,0.0,0.0,0.0,0.0,0.0,0
engine_step_start,1780280893.5296135,1780280893.5296135,1780280893.5419233,12.309789657592773,decode,1,0,451641,9.873628616333008,0.8020956402161492,9.873628616333008,0.8020956402161492,1.0,1
engine_step_start,1780280893.5296206,1780280893.5296206,1780280893.5421038,12.48311996459961,decode,0,0,451640,10.05411148071289,0.8054165552542114,10.05411148071289,0.8054165552542114,1.0,1
engine_step_start,1780280893.5419414,1780280893.5419414,1780280893.5544477,12.506246566772461,decode,1,0,451641,5.464076995849609,0.4369078257554094,4.119157791137695,0.32936802973977697,1.3265034438849337,2
engine_step_start,1780280893.54211,1780280893.54211,1780280893.5546994,12.589454650878906,decode,0,0,451640,5.295515060424805,0.42063101280206044,3.9505958557128906,0.3138019846981289,1.34043452021726,2
engine_step_start,1780280893.5552473,1780280893.5552473,1780280893.5671113,11.863946914672852,decode,0,0,451640,3.0241012573242188,0.25489841442093203,3.0241012573242188,0.25489841442093203,1.0,1
engine_step_start,1780280893.555271,1780280893.555271,1780280893.5669615,11.690616607666016,decode,1,0,451641,3.0241012573242188,0.25867765224130196,3.0241012573242188,0.25867765224130196,1.0,1
engine_step_start,1780280893.566967,1780280893.566967,1780280893.5795393,12.572288513183594,decode,1,0,451641,0.0,0.0,0.0,0.0,0.0,0
engine_step_start,1780280893.5671263,1780280893.5671263,1780280893.5795593,12.433052062988281,decode,0,0,451640,0.0,0.0,0.0,0.0,0.0,0
engine_step_start,1780280893.5795596,1780280893.5795596,1780280893.5919287,12.369155883789062,decode,1,0,451641,1.4319419860839844,0.11576715497301465,1.4319419860839844,0.11576715497301465,1.0,1
engine_step_start,1780280893.5795655,1780280893.5795655,1780280893.5920596,12.494087219238281,decode,0,0,451640,1.4319419860839844,0.11460957178841309,1.4319419860839844,0.11460957178841309,1.0,1
engine_step_start,1780280893.5919406,1780280893.5919406,1780280893.6045768,12.636184692382812,decode,1,0,451641,0.0,0.0,0.0,0.0,0.0,0
engine_step_start,1780280893.5920737,1780280893.5920737,1780280893.60456,12.48621940612793,decode,0,0,451640,0.0,0.0,0.0,0.0,0.0,0
engine_step_start,1780280893.6045659,1780280893.6045659,1780280893.6170995,12.53366470336914,decode,0,0,451640,0.0,0.0,0.0,0.0,0.0,0
engine_step_start,1780280893.604582,1780280893.604582,1780280893.6168942,12.312173843383789,decode,1,0,451641,0.0,0.0,0.0,0.0,0.0,0
engine_step_start,1780280893.616904,1780280893.616904,1780280893.6294398,12.535810470581055,decode,1,0,451641,0.0,0.0,0.0,0.0,0.0,0
engine_step_start,1780280893.617106,1780280893.617106,1780280893.6295028,12.396812438964844,decode,0,0,451640,0.0,0.0,0.0,0.0,0.0,0
engine_step_start,1780280893.6294453,1780280893.6294453,1780280893.641886,12.440681457519531,decode,1,0,451641,0.0,0.0,0.0,0.0,0.0,0
engine_step_start,1780280893.6295092,1780280893.6295092,1780280893.642083,12.573719024658203,decode,0,0,451640,0.0,0.0,0.0,0.0,0.0,0
engine_step_start,1780280893.6418905,1780280893.6418905,1780280893.6544473,12.556791305541992,decode,1,0,451641,0.0,0.0,0.0,0.0,0.0,0
engine_step_start,1780280893.6420894,1780280893.6420894,1780280893.6545002,12.410879135131836,decode,0,0,451640,0.0,0.0,0.0,0.0,0.0,0
engine_step_start,1780280893.654453,1780280893.654453,1780280893.6668615,12.40849494934082,decode,1,0,451641,0.0,0.0,0.0,0.0,0.0,0
engine_step_start,1780280893.6545067,1780280893.6545067,1780280893.6669614,12.454748153686523,decode,0,0,451640,0.0,0.0,0.0,0.0,0.0,0
engine_step_start,1780280893.6668668,1780280893.6668668,1780280893.6792698,12.403011322021484,decode,1,0,451641,0.0,0.0,0.0,0.0,0.0,0
engine_step_start,1780280893.6669676,1780280893.6669676,1780280893.6795537,12.586116790771484,decode,0,0,451640,0.0,0.0,0.0,0.0,0.0,0
engine_step_start,1780280893.6792743,1780280893.6792743,1780280893.6917887,12.514352798461914,decode,1,0,451641,0.0,0.0,0.0,0.0,0.0,0
engine_step_start,1780280893.6795673,1780280893.6795673,1780280893.6918776,12.310266494750977,decode,0,0,451640,0.0,0.0,0.0,0.0,0.0,0
engine_step_start,1780280893.691794,1780280893.691794,1780280893.704348,12.554168701171875,decode,1,0,451641,0.0,0.0,0.0,0.0,0.0,0
engine_step_start,1780280893.6918838,1780280893.6918838,1780280893.7044363,12.552499771118164,decode,0,0,451640,0.0,0.0,0.0,0.0,0.0,0
engine_step_start,1780280893.7043617,1780280893.7043617,1780280893.716747,12.385368347167969,decode,1,0,451641,0.0,0.0,0.0,0.0,0.0,0
engine_step_start,1780280893.7044508,1780280893.7044508,1780280893.7169185,12.467622756958008,decode,0,0,451640,0.0,0.0,0.0,0.0,0.0,0
engine_step_start,1780280893.7167523,1780280893.7167523,1780280893.7292435,12.491226196289062,decode,1,0,451641,0.0,0.0,0.0,0.0,0.0,0
engine_step_start,1780280893.7169244,1780280893.7169244,1780280893.7292824,12.357950210571289,decode,0,0,451640,0.0,0.0,0.0,0.0,0.0,0
engine_step_start,1780280893.7292488,1780280893.7292488,1780280893.7416065,12.357711791992188,decode,1,0,451641,0.0,0.0,0.0,0.0,0.0,0
engine_step_start,1780280893.7292888,1780280893.7292888,1780280893.7417076,12.418746948242188,decode,0,0,451640,0.0,0.0,0.0,0.0,0.0,0
engine_step_start,1780280893.7416108,1780280893.7416108,1780280893.7540138,12.403011322021484,decode,1,0,451641,0.0,0.0,0.0,0.0,0.0,0
engine_step_start,1780280893.741714,1780280893.741714,1780280893.7541652,12.451171875,decode,0,0,451640,0.0,0.0,0.0,0.0,0.0,0
engine_step_start,1780280893.7540183,1780280893.7540183,1780280893.7665308,12.512445449829102,decode,1,0,451641,0.0,0.0,0.0,0.0,0.0,0
engine_step_start,1780280893.7541716,1780280893.7541716,1780280893.7665079,12.336254119873047,decode,0,0,451640,0.0,0.0,0.0,0.0,0.0,0
engine_step_start,1780280893.7665138,1780280893.7665138,1780280893.7789679,12.454032897949219,decode,0,0,451640,0.0,0.0,0.0,0.0,0.0,0
engine_step_start,1780280893.7665355,1780280893.7665355,1780280893.778837,12.301445007324219,decode,1,0,451641,0.0,0.0,0.0,0.0,0.0,0
engine_step_start,1780280893.778842,1780280893.778842,1780280893.7913525,12.510538101196289,decode,1,0,451641,0.0,0.0,0.0,0.0,0.0,0
engine_step_start,1780280893.7789738,1780280893.7789738,1780280893.7913651,12.391328811645508,decode,0,0,451640,0.0,0.0,0.0,0.0,0.0,0
engine_step_start,1780280893.7913609,1780280893.7913609,1780280893.8037853,12.424468994140625,decode,1,0,451641,0.0,0.0,0.0,0.0,0.0,0
engine_step_start,1780280893.791371,1780280893.791371,1780280893.8037932,12.42208480834961,decode,0,0,451640,0.0,0.0,0.0,0.0,0.0,0
engine_step_start,1780280893.8037996,1780280893.8037996,1780280893.8161943,12.39466667175293,decode,0,0,451640,9.882688522338867,0.7973339488718334,9.882688522338867,0.7973339488718334,1.0,1
engine_step_start,1780280893.8038025,1780280893.8038025,1780280893.8161933,12.390851974487305,decode,1,0,451641,9.881734848022461,0.7975024532912586,9.881734848022461,0.7975024532912586,1.0,1
engine_step_start,1780280893.8162007,1780280893.8162007,1780280893.8371372,20.93648910522461,decode,0,0,451640,20.93648910522461,1.0,20.93648910522461,1.0,1.0,1
engine_step_start,1780280893.8162072,1780280893.8162072,1780280893.837139,20.931720733642578,decode,1,0,451641,20.931720733642578,1.0,20.931720733642578,1.0,1.0,1
engine_step_start,1780280893.837145,1780280893.837145,1780280893.8492827,12.137651443481445,decode,1,0,451641,3.1654834747314453,0.26079867999764283,2.9714107513427734,0.24480936573101023,1.0653133274492497,2
engine_step_start,1780280893.8371623,1780280893.8371623,1780280893.8494825,12.320280075073242,decode,0,0,451640,3.148317337036133,0.2555394291243348,2.954244613647461,0.23978713110788583,1.0656928415785651,2
engine_step_start,1780280893.8492882,1780280893.8492882,1780280893.8615954,12.307167053222656,decode,1,0,451641,0.0,0.0,0.0,0.0,0.0,0
engine_step_start,1780280893.8494961,1780280893.8494961,1780280893.8617086,12.212514877319336,decode,0,0,451640,0.0,0.0,0.0,0.0,0.0,0
engine_step_start,1780280893.8616014,1780280893.8616014,1780280893.873793,12.191534042358398,decode,1,0,451641,0.0,0.0,0.0,0.0,0.0,0
engine_step_start,1780280893.861722,1780280893.861722,1780280893.8738701,12.148141860961914,decode,0,0,451640,0.0,0.0,0.0,0.0,0.0,0
engine_step_start,1780280893.8738043,1780280893.8738043,1780280893.8861067,12.302398681640625,decode,1,0,451641,0.0,0.0,0.0,0.0,0.0,0
engine_step_start,1780280893.873883,1780280893.873883,1780280893.8861687,12.285709381103516,decode,0,0,451640,0.0,0.0,0.0,0.0,0.0,0
engine_step_start,1780280893.8861117,1780280893.8861117,1780280893.8984816,12.369871139526367,decode,1,0,451641,0.0,0.0,0.0,0.0,0.0,0
engine_step_start,1780280893.886175,1780280893.886175,1780280893.8984842,12.30931282043457,decode,0,0,451640,0.0,0.0,0.0,0.0,0.0,0
engine_step_start,1780280893.8984873,1780280893.8984873,1780280893.9106743,12.187004089355469,decode,1,0,451641,0.0,0.0,0.0,0.0,0.0,0
engine_step_start,1780280893.8984911,1780280893.8984911,1780280893.9106774,12.186288833618164,decode,0,0,451640,0.0,0.0,0.0,0.0,0.0,0
engine_step_start,1780280893.9106834,1780280893.9106834,1780280893.9229963,12.312889099121094,decode,0,0,451640,10.059595108032227,0.8169971342266285,10.059595108032227,0.8169971342266285,1.0,1
engine_step_start,1780280893.9106886,1780280893.9106886,1780280893.9229484,12.259721755981445,decode,1,0,451641,10.011672973632812,0.8166313373913382,10.011672973632812,0.8166313373913382,1.0,1
engine_step_start,1780280893.9229589,1780280893.9229589,1780280893.9352348,12.275934219360352,decode,1,0,451641,2.4149417877197266,0.19672162986268912,2.4149417877197266,0.19672162986268912,1.0,1
engine_step_start,1780280893.9230037,1780280893.9230037,1780280893.9353304,12.326717376708984,decode,0,0,451640,2.370119094848633,0.19227496034969635,2.370119094848633,0.19227496034969635,1.0,1
engine_step_start,1780280893.9352424,1780280893.9352424,1780280893.9476583,12.415885925292969,decode,1,0,451641,0.0,0.0,0.0,0.0,0.0,0
engine_step_start,1780280893.935343,1780280893.935343,1780280893.947611,12.26806640625,decode,0,0,451640,0.0,0.0,0.0,0.0,0.0,0
engine_step_start,1780280893.9476173,1780280893.9476173,1780280893.9599426,12.325286865234375,decode,0,0,451640,0.0,0.0,0.0,0.0,0.0,0
engine_step_start,1780280893.9476705,1780280893.9476705,1780280893.9599476,12.27712631225586,decode,1,0,451641,0.0,0.0,0.0,0.0,0.0,0
engine_step_start,1780280893.9605873,1780280893.9605873,1780280893.97238,11.792659759521484,decode,0,0,451640,0.0,0.0,0.0,0.0,0.0,0
engine_step_start,1780280893.9605954,1780280893.9605954,1780280893.972214,11.618614196777344,decode,1,0,451641,0.0,0.0,0.0,0.0,0.0,0
engine_step_start,1780280893.9722195,1780280893.9722195,1780280893.9845116,12.292146682739258,decode,1,0,451641,0.0,0.0,0.0,0.0,0.0,0
engine_step_start,1780280893.9723866,1780280893.9723866,1780280893.9846532,12.26663589477539,decode,0,0,451640,0.0,0.0,0.0,0.0,0.0,0
engine_step_start,1780280893.9845166,1780280893.9845166,1780280893.996975,12.458324432373047,decode,1,0,451641,0.0,0.0,0.0,0.0,0.0,0
engine_step_start,1780280893.9846592,1780280893.9846592,1780280893.9970324,12.373208999633789,decode,0,0,451640,0.0,0.0,0.0,0.0,0.0,0
engine_step_start,1780280893.9969797,1780280893.9969797,1780280894.0092816,12.301921844482422,decode,1,0,451641,0.0,0.0,0.0,0.0,0.0,0
engine_step_start,1780280893.9970384,1780280893.9970384,1780280894.0092828,12.244462966918945,decode,0,0,451640,0.0,0.0,0.0,0.0,0.0,0
engine_step_start,1780280894.0092864,1780280894.0092864,1780280894.021465,12.178659439086914,decode,1,0,451641,9.650468826293945,0.7924081360975705,9.650468826293945,0.7924081360975705,1.0,1
engine_step_start,1780280894.0093,1780280894.0093,1780280894.0215352,12.235164642333984,decode,0,0,451640,9.720563888549805,0.794477571222573,9.720563888549805,0.794477571222573,1.0,1
engine_step_start,1780280894.0214703,1780280894.0214703,1780280894.0421407,20.670413970947266,decode,1,0,451641,20.670413970947266,1.0,20.670413970947266,1.0,1.0,1
engine_step_start,1780280894.02155,1780280894.02155,1780280894.0422637,20.71380615234375,decode,0,0,451640,20.71380615234375,1.0,20.71380615234375,1.0,1.0,1
engine_step_start,1780280894.0421548,1780280894.0421548,1780280894.054455,12.300252914428711,decode,1,0,451641,23.908138275146484,1.9437111124033262,12.300252914428711,1.0,1.9437111124033262,3
engine_step_start,1780280894.042278,1780280894.042278,1780280894.0546026,12.32457160949707,decode,0,0,451640,23.932456970214844,1.9418489930938425,12.32457160949707,1.0,1.9418489930938425,3
engine_step_start,1780280894.054469,1780280894.054469,1780280894.0666773,12.208223342895508,decode,1,0,451641,12.208223342895508,1.0,12.208223342895508,1.0,1.0,1
engine_step_start,1780280894.0546174,1780280894.0546174,1780280894.0667903,12.172937393188477,decode,0,0,451640,12.172937393188477,1.0,12.172937393188477,1.0,1.0,1
engine_step_start,1780280894.0666888,1780280894.0666888,1780280894.0789993,12.310504913330078,decode,1,0,451641,2.7618408203125,0.22434829763334238,2.7618408203125,0.22434829763334238,1.0,1
engine_step_start,1780280894.0667965,1780280894.0667965,1780280894.0789955,12.198925018310547,decode,0,0,451640,2.6540756225585938,0.21756635265606067,2.6540756225585938,0.21756635265606067,1.0,1
engine_step_start,1780280894.0790043,1780280894.0790043,1780280894.091383,12.378692626953125,decode,1,0,451641,0.0,0.0,0.0,0.0,0.0,0
engine_step_start,1780280894.0790098,1780280894.0790098,1780280894.0914302,12.420415878295898,decode,0,0,451640,0.0,0.0,0.0,0.0,0.0,0
engine_step_start,1780280894.0913959,1780280894.0913959,1780280894.103672,12.276172637939453,decode,1,0,451641,12.458562850952148,1.0148572538356964,9.903430938720703,0.8067197514080404,1.258004718570947,2
engine_step_start,1780280894.0914469,1780280894.0914469,1780280894.1037846,12.337684631347656,decode,0,0,451640,12.571096420288086,1.018918605549973,10.01596450805664,0.811818814253691,1.2551059271601999,2
engine_step_start,1780280894.1036844,1780280894.1036844,1780280894.1160538,12.369394302368164,decode,1,0,451641,2.5081634521484375,0.20277172760740927,2.5081634521484375,0.20277172760740927,1.0,1
engine_step_start,1780280894.1037984,1780280894.1037984,1780280894.1161857,12.387275695800781,decode,0,0,451640,2.3941993713378906,0.19327892832396643,2.3941993713378906,0.19327892832396643,1.0,1
engine_step_start,1780280894.116067,1780280894.116067,1780280894.128462,12.395143508911133,decode,1,0,451641,3.9000511169433594,0.31464348227509664,3.9000511169433594,0.31464348227509664,1.0,1
engine_step_start,1780280894.1161923,1780280894.1161923,1780280894.1286252,12.43281364440918,decode,0,0,451640,3.9000511169433594,0.3136901451665484,3.9000511169433594,0.3136901451665484,1.0,1
engine_step_start,1780280894.1284745,1780280894.1284745,1780280894.140862,12.387514114379883,decode,1,0,451641,0.0,0.0,0.0,0.0,0.0,0
engine_step_start,1780280894.1286314,1780280894.1286314,1780280894.1409988,12.367486953735352,decode,0,0,451640,0.0,0.0,0.0,0.0,0.0,0
engine_step_start,1780280894.1408665,1780280894.1408665,1780280894.1532595,12.392997741699219,decode,1,0,451641,0.0,0.0,0.0,0.0,0.0,0
engine_step_start,1780280894.1410136,1780280894.1410136,1780280894.1533594,12.34579086303711,decode,0,0,451640,0.0,0.0,0.0,0.0,0.0,0
engine_step_start,1780280894.1532695,1780280894.1532695,1780280894.1656935,12.423992156982422,decode,1,0,451641,0.0,0.0,0.0,0.0,0.0,0
engine_step_start,1780280894.1533659,1780280894.1533659,1780280894.1657462,12.380361557006836,decode,0,0,451640,0.0,0.0,0.0,0.0,0.0,0
engine_step_start,1780280894.165698,1780280894.165698,1780280894.177997,12.299060821533203,decode,1,0,451641,0.0,0.0,0.0,0.0,0.0,0
engine_step_start,1780280894.1657522,1780280894.1657522,1780280894.1781812,12.428998947143555,decode,0,0,451640,0.0,0.0,0.0,0.0,0.0,0
engine_step_start,1780280894.1780016,1780280894.1780016,1780280894.1904705,12.468814849853516,decode,1,0,451641,0.0,0.0,0.0,0.0,0.0,0
engine_step_start,1780280894.1781876,1780280894.1781876,1780280894.190544,12.356281280517578,decode,0,0,451640,0.0,0.0,0.0,0.0,0.0,0
engine_step_start,1780280894.1904807,1780280894.1904807,1780280894.2027807,12.30001449584961,decode,1,0,451641,0.0,0.0,0.0,0.0,0.0,0
engine_step_start,1780280894.19055,1780280894.19055,1780280894.2029374,12.387275695800781,decode,0,0,451640,0.0,0.0,0.0,0.0,0.0,0
engine_step_start,1780280894.2027857,1780280894.2027857,1780280894.2152753,12.489557266235352,decode,1,0,451641,0.0,0.0,0.0,0.0,0.0,0
engine_step_start,1780280894.202944,1780280894.202944,1780280894.2152684,12.324333190917969,decode,0,0,451640,0.0,0.0,0.0,0.0,0.0,0
engine_step_start,1780280894.2152753,1780280894.2152753,1780280894.2276862,12.410879135131836,decode,0,0,451640,9.972572326660156,0.8035347228892518,9.972572326660156,0.8035347228892518,1.0,1
engine_step_start,1780280894.2152889,1780280894.2152889,1780280894.227927,12.638092041015625,decode,1,0,451641,10.213375091552734,0.8081421672200423,10.213375091552734,0.8081421672200423,1.0,1
engine_step_start,1780280894.2276924,1780280894.2276924,1780280894.250617,22.92466163635254,decode,0,0,451640,32.156944274902344,1.4027227439601468,22.92466163635254,1.0,1.4027227439601468,2
engine_step_start,1780280894.2279487,1780280894.2279487,1780280894.250661,22.712230682373047,decode,1,0,451641,31.98838233947754,1.4084209863324306,22.712230682373047,1.0,1.4084209863324306,2
engine_step_start,1780280894.2506323,1780280894.2506323,1780280894.2632113,12.578964233398438,decode,0,0,451640,14.888525009155273,1.1836050037907506,12.578964233398438,1.0,1.1836050037907506,3
engine_step_start,1780280894.2506726,1780280894.2506726,1780280894.263054,12.381315231323242,decode,1,0,451641,14.650583267211914,1.183281662205619,12.381315231323242,1.0,1.183281662205619,3
engine_step_start,1780280894.2630596,1780280894.2630596,1780280894.275446,12.386322021484375,decode,1,0,451641,2.7399063110351562,0.2212041884816754,2.7399063110351562,0.2212041884816754,1.0,1
engine_step_start,1780280894.2632294,1780280894.2632294,1780280894.2756343,12.404918670654297,decode,0,0,451640,2.5701522827148438,0.20718816067653276,2.5701522827148438,0.20718816067653276,1.0,1
engine_step_start,1780280894.2754514,1780280894.2754514,1780280894.2878547,12.403249740600586,decode,1,0,451641,0.0,0.0,0.0,0.0,0.0,0
engine_step_start,1780280894.2756414,1780280894.2756414,1780280894.2879632,12.321710586547852,decode,0,0,451640,0.0,0.0,0.0,0.0,0.0,0
engine_step_start,1780280894.2878754,1780280894.2878754,1780280894.3002946,12.41922378540039,decode,1,0,451641,1.4739036560058594,0.11867920906124016,1.4739036560058594,0.11867920906124016,1.0,1
engine_step_start,1780280894.2879694,1780280894.2879694,1780280894.3004696,12.500286102294922,decode,0,0,451640,1.4739036560058594,0.11790959374403967,1.4739036560058594,0.11790959374403967,1.0,1
engine_step_start,1780280894.3003058,1780280894.3003058,1780280894.312883,12.577056884765625,decode,1,0,451641,0.0,0.0,0.0,0.0,0.0,0
engine_step_start,1780280894.3004837,1780280894.3004837,1780280894.3128974,12.413740158081055,decode,0,0,451640,0.0,0.0,0.0,0.0,0.0,0
engine_step_start,1780280894.3128884,1780280894.3128884,1780280894.3253028,12.41445541381836,decode,1,0,451641,0.0,0.0,0.0,0.0,0.0,0
engine_step_start,1780280894.3129034,1780280894.3129034,1780280894.325361,12.457609176635742,decode,0,0,451640,0.0,0.0,0.0,0.0,0.0,0
engine_step_start,1780280894.3253129,1780280894.3253129,1780280894.3378017,12.488842010498047,decode,1,0,451641,0.0,0.0,0.0,0.0,0.0,0
engine_step_start,1780280894.3253675,1780280894.3253675,1780280894.3378153,12.447834014892578,decode,0,0,451640,0.0,0.0,0.0,0.0,0.0,0
engine_step_start,1780280894.3378067,1780280894.3378067,1780280894.3502288,12.42208480834961,decode,1,0,451641,0.0,0.0,0.0,0.0,0.0,0
engine_step_start,1780280894.3378212,1780280894.3378212,1780280894.3504975,12.676239013671875,decode,0,0,451640,0.0,0.0,0.0,0.0,0.0,0
engine_step_start,1780280894.3502333,1780280894.3502333,1780280894.3627977,12.564420700073242,decode,1,0,451641,0.0,0.0,0.0,0.0,0.0,0
engine_step_start,1780280894.350513,1780280894.350513,1780280894.3629553,12.442350387573242,decode,0,0,451640,0.0,0.0,0.0,0.0,0.0,0
engine_step_start,1780280894.3628023,1780280894.3628023,1780280894.3752978,12.49551773071289,decode,1,0,451641,0.0,0.0,0.0,0.0,0.0,0
engine_step_start,1780280894.362962,1780280894.362962,1780280894.3753476,12.38560676574707,decode,0,0,451640,0.0,0.0,0.0,0.0,0.0,0
engine_step_start,1780280894.3758922,1780280894.3758922,1780280894.3878129,11.920690536499023,decode,0,0,451640,0.0,0.0,0.0,0.0,0.0,0
engine_step_start,1780280894.3759117,1780280894.3759117,1780280894.3877423,11.830568313598633,decode,1,0,451641,0.0,0.0,0.0,0.0,0.0,0
engine_step_start,1780280894.3877478,1780280894.3877478,1780280894.400263,12.51530647277832,decode,1,0,451641,0.0,0.0,0.0,0.0,0.0,0
engine_step_start,1780280894.387819,1780280894.387819,1780280894.4003446,12.525558471679688,decode,0,0,451640,0.0,0.0,0.0,0.0,0.0,0
engine_step_start,1780280894.400278,1780280894.400278,1780280894.4126837,12.405633926391602,decode,1,0,451641,9.904146194458008,0.798358733880422,9.904146194458008,0.798358733880422,1.0,1
engine_step_start,1780280894.4003513,1780280894.4003513,1780280894.4128258,12.474536895751953,decode,0,0,451640,10.046243667602539,0.805340009938458,10.046243667602539,0.805340009938458,1.0,1
engine_step_start,1780280894.4127038,1780280894.4127038,1780280894.425174,12.470245361328125,decode,1,0,451641,22.42755889892578,1.7984857754665036,12.470245361328125,1.0,1.7984857754665036,2
engine_step_start,1780280894.4128318,1780280894.4128318,1780280894.4252992,12.467384338378906,decode,0,0,451640,22.549867630004883,1.8087087891073204,12.467384338378906,1.0,1.8087087891073204,2
engine_step_start,1780280894.4251876,1780280894.4251876,1780280894.4375944,12.40682601928711,decode,1,0,451641,15.338659286499023,1.2363080825550559,12.40682601928711,1.0,1.2363080825550559,3
engine_step_start,1780280894.4253244,1780280894.4253244,1780280894.437628,12.303590774536133,decode,0,0,451640,15.09857177734375,1.227167910086232,12.303590774536133,1.0,1.227167910086232,3
engine_step_start,1780280894.4376001,1780280894.4376001,1780280894.4500372,12.437105178833008,decode,1,0,451641,2.5506019592285156,0.20508003450589476,2.5506019592285156,0.20508003450589476,1.0,1
engine_step_start,1780280894.4376416,1780280894.4376416,1780280894.4501665,12.524843215942383,decode,0,0,451640,2.5091171264648438,0.2003312203757638,2.5091171264648438,0.2003312203757638,1.0,1
engine_step_start,1780280894.4500508,1780280894.4500508,1780280894.4625952,12.544393539428711,decode,1,0,451641,1.383066177368164,0.11025372992492635,1.383066177368164,0.11025372992492635,1.0,1
engine_step_start,1780280894.4501796,1780280894.4501796,1780280894.462681,12.50147819519043,decode,0,0,451640,1.383066177368164,0.11063221130924002,1.383066177368164,0.11063221130924002,1.0,1
engine_step_start,1780280894.4626083,1780280894.4626083,1780280894.4750834,12.475013732910156,decode,1,0,451641,0.0,0.0,0.0,0.0,0.0,0
engine_step_start,1780280894.4626954,1780280894.4626954,1780280894.4752145,12.519121170043945,decode,0,0,451640,0.0,0.0,0.0,0.0,0.0,0
engine_step_start,1780280894.4750888,1780280894.4750888,1780280894.4876435,12.554645538330078,decode,1,0,451641,0.0,0.0,0.0,0.0,0.0,0
engine_step_start,1780280894.475228,1780280894.475228,1780280894.4876986,12.470483779907227,decode,0,0,451640,0.0,0.0,0.0,0.0,0.0,0
engine_step_start,1780280894.4876552,1780280894.4876552,1780280894.5001178,12.462615966796875,decode,1,0,451641,0.0,0.0,0.0,0.0,0.0,0
engine_step_start,1780280894.4877045,1780280894.4877045,1780280894.5001888,12.484312057495117,decode,0,0,451640,0.0,0.0,0.0,0.0,0.0,0
engine_step_start,1780280894.500128,1780280894.500128,1780280894.512682,12.553930282592773,decode,1,0,451641,0.0,0.0,0.0,0.0,0.0,0
engine_step_start,1780280894.500195,1780280894.500195,1780280894.5127156,12.520551681518555,decode,0,0,451640,0.0,0.0,0.0,0.0,0.0,0
engine_step_start,1780280894.512687,1780280894.512687,1780280894.525129,12.44211196899414,decode,1,0,451641,0.0,0.0,0.0,0.0,0.0,0
engine_step_start,1780280894.512723,1780280894.512723,1780280894.5251284,12.4053955078125,decode,0,0,451640,0.0,0.0,0.0,0.0,0.0,0
engine_step_start,1780280894.5251334,1780280894.5251334,1780280894.537661,12.527704238891602,decode,1,0,451641,0.0,0.0,0.0,0.0,0.0,0
engine_step_start,1780280894.525134,1780280894.525134,1780280894.5376835,12.549400329589844,decode,0,0,451640,0.0,0.0,0.0,0.0,0.0,0
engine_step_start,1780280894.5376656,1780280894.5376656,1780280894.550148,12.482404708862305,decode,1,0,451641,0.0,0.0,0.0,0.0,0.0,0
engine_step_start,1780280894.53769,1780280894.53769,1780280894.5503218,12.631893157958984,decode,0,0,451640,0.0,0.0,0.0,0.0,0.0,0
engine_step_start,1780280894.5501523,1780280894.5501523,1780280894.5626948,12.542486190795898,decode,1,0,451641,0.0,0.0,0.0,0.0,0.0,0
engine_step_start,1780280894.550328,1780280894.550328,1780280894.5628235,12.49551773071289,decode,0,0,451640,0.0,0.0,0.0,0.0,0.0,0
engine_step_start,1780280894.5626993,1780280894.5626993,1780280894.5751903,12.490987777709961,decode,1,0,451641,0.0,0.0,0.0,0.0,0.0,0
engine_step_start,1780280894.5628378,1780280894.5628378,1780280894.575218,12.380123138427734,decode,0,0,451640,0.0,0.0,0.0,0.0,0.0,0
engine_step_start,1780280894.5751956,1780280894.5751956,1780280894.5875025,12.306928634643555,decode,1,0,451641,0.0,0.0,0.0,0.0,0.0,0
engine_step_start,1780280894.5752242,1780280894.5752242,1780280894.5875392,12.315034866333008,decode,0,0,451640,0.0,0.0,0.0,0.0,0.0,0
engine_step_start,1780280894.5875075,1780280894.5875075,1780280894.5996678,12.160301208496094,decode,1,0,451641,2.460002899169922,0.20229785899145164,2.460002899169922,0.20229785899145164,1.0,1
engine_step_start,1780280894.587555,1780280894.587555,1780280894.5998418,12.286901473999023,decode,0,0,451640,2.460002899169922,0.20021344717182496,2.460002899169922,0.20021344717182496,1.0,1
engine_step_start,1780280894.5996733,1780280894.5996733,1780280894.6119993,12.32600212097168,decode,1,0,451641,0.0,0.0,0.0,0.0,0.0,0
engine_step_start,1780280894.5998569,1780280894.5998569,1780280894.612079,12.222051620483398,decode,0,0,451640,0.0,0.0,0.0,0.0,0.0,0
engine_step_start,1780280894.6120114,1780280894.6120114,1780280894.624286,12.274503707885742,decode,1,0,451641,0.0,0.0,0.0,0.0,0.0,0
engine_step_start,1780280894.6120853,1780280894.6120853,1780280894.6244211,12.335777282714844,decode,0,0,451640,0.0,0.0,0.0,0.0,0.0,0
engine_step_start,1780280894.6242914,1780280894.6242914,1780280894.6367345,12.443065643310547,decode,1,0,451641,0.0,0.0,0.0,0.0,0.0,0
engine_step_start,1780280894.6244352,1780280894.6244352,1780280894.636938,12.502908706665039,decode,0,0,451640,0.0,0.0,0.0,0.0,0.0,0
engine_step_start,1780280894.6367397,1780280894.6367397,1780280894.6492975,12.557744979858398,decode,1,0,451641,0.0,0.0,0.0,0.0,0.0,0
engine_step_start,1780280894.6369445,1780280894.6369445,1780280894.6492436,12.299060821533203,decode,0,0,451640,0.0,0.0,0.0,0.0,0.0,0
engine_step_start,1780280894.6492498,1780280894.6492498,1780280894.6618416,12.591838836669922,decode,0,0,451640,0.0,0.0,0.0,0.0,0.0,0
engine_step_start,1780280894.6493092,1780280894.6493092,1780280894.661761,12.451887130737305,decode,1,0,451641,0.0,0.0,0.0,0.0,0.0,0
engine_step_start,1780280894.6617723,1780280894.6617723,1780280894.6740768,12.304544448852539,decode,1,0,451641,0.0,0.0,0.0,0.0,0.0,0
engine_step_start,1780280894.6618557,1780280894.6618557,1780280894.6741056,12.249946594238281,decode,0,0,451640,0.0,0.0,0.0,0.0,0.0,0
engine_step_start,1780280894.6740823,1780280894.6740823,1780280894.6864288,12.346506118774414,decode,1,0,451641,0.0,0.0,0.0,0.0,0.0,0
engine_step_start,1780280894.674112,1780280894.674112,1780280894.6864862,12.374162673950195,decode,0,0,451640,0.0,0.0,0.0,0.0,0.0,0
engine_step_start,1780280894.6864338,1780280894.6864338,1780280894.6986814,12.247562408447266,decode,1,0,451641,0.0,0.0,0.0,0.0,0.0,0
engine_step_start,1780280894.6864924,1780280894.6864924,1780280894.698871,12.378454208374023,decode,0,0,451640,0.0,0.0,0.0,0.0,0.0,0
engine_step_start,1780280894.6986954,1780280894.6986954,1780280894.7110896,12.394189834594727,decode,1,0,451641,9.454011917114258,0.7627777243435606,9.454011917114258,0.7627777243435606,1.0,1
engine_step_start,1780280894.6988778,1780280894.6988778,1780280894.7110846,12.206792831420898,decode,0,0,451640,9.449005126953125,0.7740776187034903,9.449005126953125,0.7740776187034903,1.0,1
engine_step_start,1780280894.711091,1780280894.711091,1780280894.7235088,12.417793273925781,decode,0,0,451640,2.493619918823242,0.20081022962906075,2.493619918823242,0.20081022962906075,1.0,1
engine_step_start,1780280894.711102,1780280894.711102,1780280894.723477,12.3748779296875,decode,1,0,451641,2.4826526641845703,0.20062037607891492,2.4826526641845703,0.20062037607891492,1.0,1
engine_step_start,1780280894.7234855,1780280894.7234855,1780280894.735825,12.339591979980469,decode,1,0,451641,0.0,0.0,0.0,0.0,0.0,0
engine_step_start,1780280894.723523,1780280894.723523,1780280894.7358227,12.299776077270508,decode,0,0,451640,0.0,0.0,0.0,0.0,0.0,0
engine_step_start,1780280894.7358286,1780280894.7358286,1780280894.7481422,12.313604354858398,decode,0,0,451640,2.079010009765625,0.16883846109164133,2.079010009765625,0.16883846109164133,1.0,1
engine_step_start,1780280894.7358408,1780280894.7358408,1780280894.748146,12.305259704589844,decode,1,0,451641,2.079010009765625,0.16895295667674184,2.079010009765625,0.16895295667674184,1.0,1
engine_step_start,1780280894.748149,1780280894.748149,1780280894.7605424,12.393474578857422,decode,0,0,451640,0.0,0.0,0.0,0.0,0.0,0
engine_step_start,1780280894.7481587,1780280894.7481587,1780280894.7604525,12.293815612792969,decode,1,0,451641,0.0,0.0,0.0,0.0,0.0,0
engine_step_start,1780280894.760458,1780280894.760458,1780280894.77269,12.232065200805664,decode,1,0,451641,9.777307510375977,0.7993178052821363,9.777307510375977,0.7993178052821363,1.0,1
engine_step_start,1780280894.7605584,1780280894.7605584,1780280894.772768,12.209653854370117,decode,0,0,451640,9.855270385742188,0.8071703344984476,9.855270385742188,0.8071703344984476,1.0,1
engine_step_start,1780280894.7731855,1780280894.7731855,1780280894.7850842,11.89875602722168,decode,0,0,451640,2.498149871826172,0.2099505079447773,2.498149871826172,0.2099505079447773,1.0,1
engine_step_start,1780280894.7731986,1780280894.7731986,1780280894.7850897,11.89112663269043,decode,1,0,451641,2.485036849975586,0.20898245614035088,2.485036849975586,0.20898245614035088,1.0,1
engine_step_start,1780280894.7850904,1780280894.7850904,1780280894.7973473,12.256860733032227,decode,0,0,451640,0.0,0.0,0.0,0.0,0.0,0
engine_step_start,1780280894.7850957,1780280894.7850957,1780280894.7973804,12.28475570678711,decode,1,0,451641,0.0,0.0,0.0,0.0,0.0,0
engine_step_start,1780280894.797353,1780280894.797353,1780280894.8096335,12.280464172363281,decode,0,0,451640,0.0,0.0,0.0,0.0,0.0,0
engine_step_start,1780280894.797386,1780280894.797386,1780280894.8096528,12.266874313354492,decode,1,0,451641,0.0,0.0,0.0,0.0,0.0,0
engine_step_start,1780280894.8096473,1780280894.8096473,1780280894.8219862,12.338876724243164,decode,0,0,451640,0.0,0.0,0.0,0.0,0.0,0
engine_step_start,1780280894.8096583,1780280894.8096583,1780280894.8218887,12.230396270751953,decode,1,0,451641,0.0,0.0,0.0,0.0,0.0,0
engine_step_start,1780280894.8218944,1780280894.8218944,1780280894.8341973,12.302875518798828,decode,1,0,451641,0.0,0.0,0.0,0.0,0.0,0
engine_step_start,1780280894.821992,1780280894.821992,1780280894.8343124,12.320518493652344,decode,0,0,451640,0.0,0.0,0.0,0.0,0.0,0
engine_step_start,1780280894.834202,1780280894.834202,1780280894.8464663,12.264251708984375,decode,1,0,451641,0.0,0.0,0.0,0.0,0.0,0
engine_step_start,1780280894.834318,1780280894.834318,1780280894.8465714,12.253522872924805,decode,0,0,451640,0.0,0.0,0.0,0.0,0.0,0
engine_step_start,1780280894.8464715,1780280894.8464715,1780280894.8588283,12.356758117675781,decode,1,0,451641,0.0,0.0,0.0,0.0,0.0,0
engine_step_start,1780280894.846578,1780280894.846578,1780280894.8589616,12.383699417114258,decode,0,0,451640,0.0,0.0,0.0,0.0,0.0,0
engine_step_start,1780280894.8588345,1780280894.8588345,1780280894.871191,12.35651969909668,decode,1,0,451641,0.0,0.0,0.0,0.0,0.0,0
engine_step_start,1780280894.858968,1780280894.858968,1780280894.8712115,12.243509292602539,decode,0,0,451640,0.0,0.0,0.0,0.0,0.0,0
engine_step_start,1780280894.8711982,1780280894.8711982,1780280894.8834798,12.281656265258789,decode,1,0,451641,0.0,0.0,0.0,0.0,0.0,0
engine_step_start,1780280894.8712177,1780280894.8712177,1780280894.8834915,12.273788452148438,decode,0,0,451640,0.0,0.0,0.0,0.0,0.0,0
engine_step_start,1780280894.8834853,1780280894.8834853,1780280894.895602,12.116670608520508,decode,1,0,451641,8.910894393920898,0.7354243324609905,8.910894393920898,0.7354243324609905,1.0,1
engine_step_start,1780280894.8835087,1780280894.8835087,1780280894.8957126,12.20393180847168,decode,0,0,451640,8.910894393920898,0.7301658624260066,8.910894393920898,0.7301658624260066,1.0,1
engine_step_start,1780280894.895607,1780280894.895607,1780280894.9079645,12.357473373413086,decode,1,0,451641,0.0,0.0,0.0,0.0,0.0,0
engine_step_start,1780280894.895727,1780280894.895727,1780280894.9081933,12.4664306640625,decode,0,0,451640,0.0,0.0,0.0,0.0,0.0,0
engine_step_start,1780280894.9079692,1780280894.9079692,1780280894.9202347,12.265443801879883,decode,1,0,451641,0.0,0.0,0.0,0.0,0.0,0
engine_step_start,1780280894.9082,1780280894.9082,1780280894.9203136,12.113571166992188,decode,0,0,451640,0.0,0.0,0.0,0.0,0.0,0
engine_step_start,1780280894.9202404,1780280894.9202404,1780280894.9326212,12.380838394165039,decode,1,0,451641,0.0,0.0,0.0,0.0,0.0,0
engine_step_start,1780280894.9203274,1780280894.9203274,1780280894.9325607,12.233257293701172,decode,0,0,451640,0.0,0.0,0.0,0.0,0.0,0
engine_step_start,1780280894.9325666,1780280894.9325666,1780280894.944932,12.365341186523438,decode,0,0,451640,0.0,0.0,0.0,0.0,0.0,0
engine_step_start,1780280894.9326363,1780280894.9326363,1780280894.9449236,12.287378311157227,decode,1,0,451641,0.0,0.0,0.0,0.0,0.0,0
engine_step_start,1780280894.9449384,1780280894.9449384,1780280894.9573507,12.412309646606445,decode,0,0,451640,0.42891502380371094,0.03455561744876203,0.42891502380371094,0.03455561744876203,1.0,1
engine_step_start,1780280894.944948,1780280894.944948,1780280894.9573247,12.376785278320312,decode,1,0,451641,0.42891502380371094,0.03465480043149946,0.42891502380371094,0.03465480043149946,1.0,1
engine_step_start,1780280894.957346,1780280894.957346,1780280894.9697251,12.379169464111328,decode,1,0,451641,0.0,0.0,0.0,0.0,0.0,0
engine_step_start,1780280894.9573572,1780280894.9573572,1780280894.9696913,12.334108352661133,decode,0,0,451640,0.0,0.0,0.0,0.0,0.0,0
engine_step_start,1780280894.9696972,1780280894.9696972,1780280894.9821439,12.44664192199707,decode,0,0,451640,0.0,0.0,0.0,0.0,0.0,0
engine_step_start,1780280894.9697309,1780280894.9697309,1780280894.9820895,12.358665466308594,decode,1,0,451641,0.0,0.0,0.0,0.0,0.0,0
engine_step_start,1780280894.9820993,1780280894.9820993,1780280894.9945383,12.43901252746582,decode,1,0,451641,0.0,0.0,0.0,0.0,0.0,0
engine_step_start,1780280894.9821496,1780280894.9821496,1780280894.994544,12.394428253173828,decode,0,0,451640,0.0,0.0,0.0,0.0,0.0,0
engine_step_start,1780280894.9945424,1780280894.9945424,1780280895.0069487,12.406349182128906,decode,1,0,451641,0.0,0.0,0.0,0.0,0.0,0
engine_step_start,1780280894.9945505,1780280894.9945505,1780280895.006933,12.38250732421875,decode,0,0,451640,0.0,0.0,0.0,0.0,0.0,0
engine_step_start,1780280895.006939,1780280895.006939,1780280895.0193233,12.384414672851562,decode,0,0,451640,0.0,0.0,0.0,0.0,0.0,0
engine_step_start,1780280895.006954,1780280895.006954,1780280895.0192766,12.322664260864258,decode,1,0,451641,0.0,0.0,0.0,0.0,0.0,0
engine_step_start,1780280895.0192816,1780280895.0192816,1780280895.031638,12.356281280517578,decode,1,0,451641,0.0,0.0,0.0,0.0,0.0,0
engine_step_start,1780280895.0193288,1780280895.0193288,1780280895.0317197,12.390851974487305,decode,0,0,451640,0.0,0.0,0.0,0.0,0.0,0
engine_step_start,1780280895.0316424,1780280895.0316424,1780280895.0439878,12.345314025878906,decode,1,0,451641,0.0,0.0,0.0,0.0,0.0,0
engine_step_start,1780280895.0317264,1780280895.0317264,1780280895.0441554,12.428998947143555,decode,0,0,451640,0.0,0.0,0.0,0.0,0.0,0
engine_step_start,1780280895.043995,1780280895.043995,1780280895.0566506,12.65573501586914,decode,1,0,451641,0.0,0.0,0.0,0.0,0.0,0
engine_step_start,1780280895.0441694,1780280895.0441694,1780280895.0564718,12.302398681640625,decode,0,0,451640,0.0,0.0,0.0,0.0,0.0,0
engine_step_start,1780280895.0564778,1780280895.0564778,1780280895.0688946,12.416839599609375,decode,0,0,451640,0.0,0.0,0.0,0.0,0.0,0
engine_step_start,1780280895.0566669,1780280895.0566669,1780280895.0689905,12.323617935180664,decode,1,0,451641,0.0,0.0,0.0,0.0,0.0,0
engine_step_start,1780280895.0689106,1780280895.0689106,1780280895.0811615,12.250900268554688,decode,0,0,451640,9.790897369384766,0.7991981939903472,9.790897369384766,0.7991981939903472,1.0,1
engine_step_start,1780280895.0689988,1780280895.0689988,1780280895.08119,12.191295623779297,decode,1,0,451641,9.819507598876953,0.805452340908202,9.819507598876953,0.805452340908202,1.0,1
engine_step_start,1780280895.081175,1780280895.081175,1780280895.095555,14.37997817993164,decode,0,0,451640,5.2165985107421875,0.36276817985873927,5.2165985107421875,0.36276817985873927,1.0,1
engine_step_start,1780280895.0811985,1780280895.0811985,1780280895.0954933,14.294862747192383,decode,1,0,451641,5.193233489990234,0.3632936938139,5.193233489990234,0.3632936938139,1.0,1
engine_step_start,1780280895.0955117,1780280895.0955117,1780280895.1077325,12.22085952758789,decode,1,0,451641,3.4580230712890625,0.2829607085723204,3.4580230712890625,0.2829607085723204,1.0,1
engine_step_start,1780280895.0955613,1780280895.0955613,1780280895.1078284,12.267112731933594,decode,0,0,451640,3.4580230712890625,0.2818938039337635,3.4580230712890625,0.2818938039337635,1.0,1
engine_step_start,1780280895.1077547,1780280895.1077547,1780280895.1200397,12.284994125366211,decode,1,0,451641,1.4379024505615234,0.11704543249170338,1.4379024505615234,0.11704543249170338,1.0,1
engine_step_start,1780280895.1078346,1780280895.1078346,1780280895.1200886,12.253999710083008,decode,0,0,451640,1.4379024505615234,0.11734147907465416,1.4379024505615234,0.11734147907465416,1.0,1
engine_step_start,1780280895.1200511,1780280895.1200511,1780280895.1323717,12.320518493652344,decode,1,0,451641,3.8509368896484375,0.31256289186469544,3.8509368896484375,0.31256289186469544,1.0,1
engine_step_start,1780280895.1201112,1780280895.1201112,1780280895.1324232,12.311935424804688,decode,0,0,451640,3.8509368896484375,0.31278079008520526,3.8509368896484375,0.31278079008520526,1.0,1
engine_step_start,1780280895.132383,1780280895.132383,1780280895.144582,12.198925018310547,decode,1,0,451641,0.0,0.0,0.0,0.0,0.0,0
engine_step_start,1780280895.132437,1780280895.132437,1780280895.1447806,12.343645095825195,decode,0,0,451640,0.0,0.0,0.0,0.0,0.0,0
engine_step_start,1780280895.1445916,1780280895.1445916,1780280895.156981,12.389421463012695,decode,1,0,451641,0.0,0.0,0.0,0.0,0.0,0
engine_step_start,1780280895.1447868,1780280895.1447868,1780280895.1570506,12.263774871826172,decode,0,0,451640,0.0,0.0,0.0,0.0,0.0,0
engine_step_start,1780280895.1569955,1780280895.1569955,1780280895.169459,12.463569641113281,decode,1,0,451641,2.671957015991211,0.2143813604713444,2.671957015991211,0.2143813604713444,1.0,1
engine_step_start,1780280895.1570637,1780280895.1570637,1780280895.1695325,12.468814849853516,decode,0,0,451640,2.671957015991211,0.21429117748288654,2.671957015991211,0.21429117748288654,1.0,1
engine_step_start,1780280895.1700284,1780280895.1700284,1780280895.1820676,12.0391845703125,decode,0,0,451640,0.0,0.0,0.0,0.0,0.0,0
engine_step_start,1780280895.170043,1780280895.170043,1780280895.181915,11.872053146362305,decode,1,0,451641,0.0,0.0,0.0,0.0,0.0,0
engine_step_start,1780280895.1819193,1780280895.1819193,1780280895.1944203,12.501001358032227,decode,1,0,451641,0.0,0.0,0.0,0.0,0.0,0
engine_step_start,1780280895.182074,1780280895.182074,1780280895.194514,12.439966201782227,decode,0,0,451640,0.0,0.0,0.0,0.0,0.0,0
engine_step_start,1780280895.1944327,1780280895.1944327,1780280895.2070022,12.569427490234375,decode,1,0,451641,0.0,0.0,0.0,0.0,0.0,0
engine_step_start,1780280895.1945202,1780280895.1945202,1780280895.2069924,12.472152709960938,decode,0,0,451640,0.0,0.0,0.0,0.0,0.0,0
engine_step_start,1780280895.206998,1780280895.206998,1780280895.219486,12.48788833618164,decode,0,0,451640,0.0,0.0,0.0,0.0,0.0,0
engine_step_start,1780280895.207007,1780280895.207007,1780280895.2194545,12.447595596313477,decode,1,0,451641,0.0,0.0,0.0,0.0,0.0,0
engine_step_start,1780280895.219466,1780280895.219466,1780280895.2319314,12.465476989746094,decode,1,0,451641,0.0,0.0,0.0,0.0,0.0,0
engine_step_start,1780280895.2194917,1780280895.2194917,1780280895.2319584,12.466669082641602,decode,0,0,451640,0.0,0.0,0.0,0.0,0.0,0
engine_step_start,1780280895.2319376,1780280895.2319376,1780280895.244299,12.361288070678711,decode,1,0,451641,0.0,0.0,0.0,0.0,0.0,0
engine_step_start,1780280895.2319643,1780280895.2319643,1780280895.244334,12.369632720947266,decode,0,0,451640,0.0,0.0,0.0,0.0,0.0,0
engine_step_start,1780280895.244304,1780280895.244304,1780280895.2567468,12.442827224731445,decode,1,0,451641,0.0,0.0,0.0,0.0,0.0,0
engine_step_start,1780280895.244349,1780280895.244349,1780280895.2567263,12.377262115478516,decode,0,0,451640,0.0,0.0,0.0,0.0,0.0,0
engine_step_start,1780280895.256742,1780280895.256742,1780280895.269205,12.463092803955078,decode,0,0,451640,0.6940364837646484,0.05568733978650955,0.6940364837646484,0.05568733978650955,1.0,1
engine_step_start,1780280895.256752,1780280895.256752,1780280895.2690797,12.32767105102539,decode,1,0,451641,0.6940364837646484,0.05629907554249023,0.6940364837646484,0.05629907554249023,1.0,1
engine_step_start,1780280895.269094,1780280895.269094,1780280895.2814684,12.374401092529297,decode,1,0,451641,1.3821125030517578,0.1116912643058071,1.3821125030517578,0.1116912643058071,1.0,1
engine_step_start,1780280895.2692208,1780280895.2692208,1780280895.2815933,12.372493743896484,decode,0,0,451640,1.3821125030517578,0.11170848267622462,1.3821125030517578,0.11170848267622462,1.0,1
engine_step_start,1780280895.2814791,1780280895.2814791,1780280895.2940006,12.521505355834961,decode,1,0,451641,0.0,0.0,0.0,0.0,0.0,0
engine_step_start,1780280895.2815998,1780280895.2815998,1780280895.293985,12.385129928588867,decode,0,0,451640,0.0,0.0,0.0,0.0,0.0,0
engine_step_start,1780280895.2939982,1780280895.2939982,1780280895.3064759,12.477636337280273,decode,0,0,451640,0.0,0.0,0.0,0.0,0.0,0
engine_step_start,1780280895.2940097,1780280895.2940097,1780280895.3065214,12.511730194091797,decode,1,0,451641,0.0,0.0,0.0,0.0,0.0,0
engine_step_start,1780280895.3064818,1780280895.3064818,1780280895.319068,12.586116790771484,decode,0,0,451640,0.0,0.0,0.0,0.0,0.0,0
engine_step_start,1780280895.3065379,1780280895.3065379,1780280895.3188658,12.327909469604492,decode,1,0,451641,0.0,0.0,0.0,0.0,0.0,0
engine_step_start,1780280895.3188722,1780280895.3188722,1780280895.3314426,12.570381164550781,decode,1,0,451641,0.0,0.0,0.0,0.0,0.0,0
engine_step_start,1780280895.3190744,1780280895.3190744,1780280895.3315375,12.463092803955078,decode,0,0,451640,0.0,0.0,0.0,0.0,0.0,0
engine_step_start,1780280895.3314483,1780280895.3314483,1780280895.3439696,12.52126693725586,decode,1,0,451641,0.0,0.0,0.0,0.0,0.0,0
engine_step_start,1780280895.3315437,1780280895.3315437,1780280895.3440459,12.502193450927734,decode,0,0,451640,0.0,0.0,0.0,0.0,0.0,0
engine_step_start,1780280895.3439837,1780280895.3439837,1780280895.3563454,12.361764907836914,decode,1,0,451641,3.3071041107177734,0.26752685683426874,3.3071041107177734,0.26752685683426874,1.0,1
engine_step_start,1780280895.344061,1780280895.344061,1780280895.3564637,12.402772903442383,decode,0,0,451640,3.3071041107177734,0.2666423175256147,3.3071041107177734,0.2666423175256147,1.0,1
engine_step_start,1780280895.3563576,1780280895.3563576,1780280895.3688104,12.452840805053711,decode,1,0,451641,0.0,0.0,0.0,0.0,0.0,0
engine_step_start,1780280895.3564699,1780280895.3564699,1780280895.3688385,12.36867904663086,decode,0,0,451640,0.0,0.0,0.0,0.0,0.0,0
engine_step_start,1780280895.368816,1780280895.368816,1780280895.381251,12.435197830200195,decode,1,0,451641,7.348060607910156,0.5909082194144601,7.348060607910156,0.5909082194144601,1.0,1
engine_step_start,1780280895.3688545,1780280895.3688545,1780280895.3813214,12.466907501220703,decode,0,0,451640,7.348060607910156,0.5894052400076496,7.348060607910156,0.5894052400076496,1.0,1
engine_step_start,1780280895.3812628,1780280895.3812628,1780280895.3937938,12.531042098999023,decode,1,0,451641,0.0,0.0,0.0,0.0,0.0,0
engine_step_start,1780280895.381343,1780280895.381343,1780280895.3939753,12.632369995117188,decode,0,0,451640,0.0,0.0,0.0,0.0,0.0,0
engine_step_start,1780280895.3937988,1780280895.3937988,1780280895.406226,12.427091598510742,decode,1,0,451641,0.0,0.0,0.0,0.0,0.0,0
engine_step_start,1780280895.3939896,1780280895.3939896,1780280895.4062805,12.29095458984375,decode,0,0,451640,0.0,0.0,0.0,0.0,0.0,0
engine_step_start,1780280895.4062438,1780280895.4062438,1780280895.4188864,12.642621994018555,decode,1,0,451641,9.927749633789062,0.785260339072548,9.927749633789062,0.785260339072548,1.0,1
engine_step_start,1780280895.406293,1780280895.406293,1780280895.4188786,12.585639953613281,decode,0,0,451640,9.919881820678711,0.7881904978404183,9.919881820678711,0.7881904978404183,1.0,1
engine_step_start,1780280895.418886,1780280895.418886,1780280895.4313576,12.471675872802734,decode,0,0,451640,12.471675872802734,1.0,12.471675872802734,1.0,1.0,1
engine_step_start,1780280895.418901,1780280895.418901,1780280895.4312515,12.35055923461914,decode,1,0,451641,12.35055923461914,1.0,12.35055923461914,1.0,1.0,1
engine_step_start,1780280895.4312563,1780280895.4312563,1780280895.4437366,12.48025894165039,decode,1,0,451641,2.497434616088867,0.20011080120735109,2.497434616088867,0.20011080120735109,1.0,1
engine_step_start,1780280895.4313638,1780280895.4313638,1780280895.4437916,12.427806854248047,decode,0,0,451640,2.3899078369140625,0.19230326516517668,2.3899078369140625,0.19230326516517668,1.0,1
engine_step_start,1780280895.4437473,1780280895.4437473,1780280895.456204,12.456655502319336,decode,1,0,451641,0.0,0.0,0.0,0.0,0.0,0
engine_step_start,1780280895.4437978,1780280895.4437978,1780280895.4563456,12.547731399536133,decode,0,0,451640,0.0,0.0,0.0,0.0,0.0,0
engine_step_start,1780280895.4562085,1780280895.4562085,1780280895.468682,12.473583221435547,decode,1,0,451641,0.0,0.0,0.0,0.0,0.0,0
engine_step_start,1780280895.4563522,1780280895.4563522,1780280895.4686828,12.33053207397461,decode,0,0,451640,0.0,0.0,0.0,0.0,0.0,0
engine_step_start,1780280895.4686887,1780280895.4686887,1780280895.4811668,12.478113174438477,decode,0,0,451640,0.0,0.0,0.0,0.0,0.0,0
engine_step_start,1780280895.4686937,1780280895.4686937,1780280895.481193,12.499332427978516,decode,1,0,451641,0.0,0.0,0.0,0.0,0.0,0
engine_step_start,1780280895.4811835,1780280895.4811835,1780280895.4937434,12.559890747070312,decode,0,0,451640,14.46676254272461,1.1518223234624145,10.072708129882812,0.8019741837509491,1.4362336678659344,2
engine_step_start,1780280895.4812086,1780280895.4812086,1780280895.4936926,12.484073638916016,decode,1,0,451641,14.415979385375977,1.1547496275925289,10.02192497253418,0.8027768228868263,1.4384441536814558,2
engine_step_start,1780280895.4937062,1780280895.4937062,1780280895.5062752,12.568950653076172,decode,1,0,451641,12.568950653076172,1.0,12.568950653076172,1.0,1.0,1
engine_step_start,1780280895.4937582,1780280895.4937582,1780280895.506327,12.56871223449707,decode,0,0,451640,12.56871223449707,1.0,12.56871223449707,1.0,1.0,1
engine_step_start,1780280895.5062802,1780280895.5062802,1780280895.5186777,12.397527694702148,decode,1,0,451641,2.5153160095214844,0.20288851708686706,2.5153160095214844,0.20288851708686706,1.0,1
engine_step_start,1780280895.5063438,1780280895.5063438,1780280895.5188615,12.517690658569336,decode,0,0,451640,2.451658248901367,0.19585547492524236,2.451658248901367,0.19585547492524236,1.0,1
engine_step_start,1780280895.5186887,1780280895.5186887,1780280895.5311344,12.445688247680664,decode,1,0,451641,0.0,0.0,0.0,0.0,0.0,0
engine_step_start,1780280895.518868,1780280895.518868,1780280895.5311773,12.30931282043457,decode,0,0,451640,0.0,0.0,0.0,0.0,0.0,0
engine_step_start,1780280895.531139,1780280895.531139,1780280895.5436192,12.48025894165039,decode,1,0,451641,0.0,0.0,0.0,0.0,0.0,0
engine_step_start,1780280895.5311832,1780280895.5311832,1780280895.5437355,12.552261352539062,decode,0,0,451640,0.0,0.0,0.0,0.0,0.0,0
engine_step_start,1780280895.5436244,1780280895.5436244,1780280895.5561845,12.560129165649414,decode,1,0,451641,0.0,0.0,0.0,0.0,0.0,0
engine_step_start,1780280895.5437515,1780280895.5437515,1780280895.5562112,12.459754943847656,decode,0,0,451640,0.0,0.0,0.0,0.0,0.0,0
engine_step_start,1780280895.5561886,1780280895.5561886,1780280895.568673,12.484312057495117,decode,1,0,451641,0.0,0.0,0.0,0.0,0.0,0
engine_step_start,1780280895.5562174,1780280895.5562174,1780280895.5688381,12.620687484741211,decode,0,0,451640,0.0,0.0,0.0,0.0,0.0,0
engine_step_start,1780280895.5692585,1780280895.5692585,1780280895.5812802,12.021780014038086,decode,0,0,451640,0.0,0.0,0.0,0.0,0.0,0
engine_step_start,1780280895.5692606,1780280895.5692606,1780280895.5812075,11.946916580200195,decode,1,0,451641,0.0,0.0,0.0,0.0,0.0,0
engine_step_start,1780280895.581212,1780280895.581212,1780280895.5938044,12.592315673828125,decode,1,0,451641,0.0,0.0,0.0,0.0,0.0,0
engine_step_start,1780280895.581287,1780280895.581287,1780280895.593756,12.469053268432617,decode,0,0,451640,0.0,0.0,0.0,0.0,0.0,0
engine_step_start,1780280895.593762,1780280895.593762,1780280895.6062393,12.477397918701172,decode,0,0,451640,0.0,0.0,0.0,0.0,0.0,0
engine_step_start,1780280895.5938115,1780280895.5938115,1780280895.6063337,12.522220611572266,decode,1,0,451641,0.0,0.0,0.0,0.0,0.0,0
engine_step_start,1780280895.606256,1780280895.606256,1780280895.6187031,12.447118759155273,decode,0,0,451640,19.807815551757812,1.591357480797594,9.990453720092773,0.8026318309805198,1.9826742715318713,2
engine_step_start,1780280895.6063635,1780280895.6063635,1780280895.6186452,12.281656265258789,decode,1,0,451641,19.691944122314453,1.6033622580707783,9.932518005371094,0.8087278939296877,1.9825732117138741,2
engine_step_start,1780280895.6186588,1780280895.6186588,1780280895.6479816,29.32286262512207,decode,1,0,451641,49.50380325317383,1.6882322809356933,29.32286262512207,1.0,1.6882322809356933,2
engine_step_start,1780280895.6187172,1780280895.6187172,1780280895.6481857,29.468536376953125,decode,0,0,451640,49.591064453125,1.6828478964401294,29.468536376953125,1.0,1.6828478964401294,2
engine_step_start,1780280895.647993,1780280895.647993,1780280895.6606226,12.629508972167969,decode,1,0,451641,27.222633361816406,2.15547836592917,12.629508972167969,1.0,2.15547836592917,3
engine_step_start,1780280895.648201,1780280895.648201,1780280895.6607318,12.530803680419922,decode,0,0,451640,27.233123779296875,2.1732942653830056,12.530803680419922,1.0,2.1732942653830056,3
engine_step_start,1780280895.6606371,1780280895.6606371,1780280895.6731288,12.491703033447266,decode,1,0,451641,15.340328216552734,1.2280413787838302,12.491703033447266,1.0,1.2280413787838302,2
engine_step_start,1780280895.6607466,1780280895.6607466,1780280895.6731784,12.431859970092773,decode,0,0,451640,15.171051025390625,1.2203363826400475,12.431859970092773,1.0,1.2203363826400475,2
engine_step_start,1780280895.6731336,1780280895.6731336,1780280895.6857266,12.59303092956543,decode,1,0,451641,2.488851547241211,0.19763721388136846,2.488851547241211,0.19763721388136846,1.0,1
engine_step_start,1780280895.6731923,1780280895.6731923,1780280895.685767,12.57467269897461,decode,0,0,451640,2.4302005767822266,0.1932615372947556,2.4302005767822266,0.1932615372947556,1.0,1
engine_step_start,1780280895.6857371,1780280895.6857371,1780280895.698312,12.574911117553711,decode,1,0,451641,0.0,0.0,0.0,0.0,0.0,0
engine_step_start,1780280895.685773,1780280895.685773,1780280895.698327,12.554168701171875,decode,0,0,451640,0.0,0.0,0.0,0.0,0.0,0
engine_step_start,1780280895.6983173,1780280895.6983173,1780280895.7108939,12.576580047607422,decode,1,0,451641,0.0,0.0,0.0,0.0,0.0,0
engine_step_start,1780280895.6983476,1780280895.6983476,1780280895.710912,12.564420700073242,decode,0,0,451640,0.0,0.0,0.0,0.0,0.0,0
engine_step_start,1780280895.7109053,1780280895.7109053,1780280895.7233756,12.470245361328125,decode,1,0,451641,9.802818298339844,0.7860966656469869,9.802818298339844,0.7860966656469869,1.0,1
engine_step_start,1780280895.7109284,1780280895.7109284,1780280895.7234688,12.540340423583984,decode,0,0,451640,9.896039962768555,0.7891364690672649,9.896039962768555,0.7891364690672649,1.0,1
engine_step_start,1780280895.7233918,1780280895.7233918,1780280895.7358954,12.503623962402344,decode,1,0,451641,13.956546783447266,1.1162001372892991,12.503623962402344,1.0,1.1162001372892991,2
engine_step_start,1780280895.7234833,1780280895.7234833,1780280895.735893,12.409687042236328,decode,0,0,451640,13.86260986328125,1.1170797310278577,12.409687042236328,1.0,1.1170797310278577,2
engine_step_start,1780280895.735899,1780280895.735899,1780280895.7483265,12.427568435668945,decode,0,0,451640,2.4318695068359375,0.19568345323741007,2.4318695068359375,0.19568345323741007,1.0,1
engine_step_start,1780280895.735906,1780280895.735906,1780280895.7484446,12.538671493530273,decode,1,0,451641,2.424955368041992,0.19339810994276588,2.424955368041992,0.19339810994276588,1.0,1
engine_step_start,1780280895.7483327,1780280895.7483327,1780280895.7609174,12.584686279296875,decode,0,0,451640,0.0,0.0,0.0,0.0,0.0,0
engine_step_start,1780280895.7484524,1780280895.7484524,1780280895.760799,12.346506118774414,decode,1,0,451641,0.0,0.0,0.0,0.0,0.0,0
engine_step_start,1780280895.760815,1780280895.760815,1780280895.7732117,12.396812438964844,decode,1,0,451641,0.0,0.0,0.0,0.0,0.0,0
engine_step_start,1780280895.7609234,1780280895.7609234,1780280895.7732594,12.336015701293945,decode,0,0,451640,0.0,0.0,0.0,0.0,0.0,0
engine_step_start,1780280895.7732253,1780280895.7732253,1780280895.785748,12.522697448730469,decode,1,0,451641,0.0,0.0,0.0,0.0,0.0,0
engine_step_start,1780280895.7732732,1780280895.7732732,1780280895.785767,12.49384880065918,decode,0,0,451640,0.0,0.0,0.0,0.0,0.0,0
engine_step_start,1780280895.7857533,1780280895.7857533,1780280895.7982833,12.530088424682617,decode,1,0,451641,10.059595108032227,0.8028351251070307,10.059595108032227,0.8028351251070307,1.0,1
engine_step_start,1780280895.785783,1780280895.785783,1780280895.7983036,12.520551681518555,decode,0,0,451640,10.07986068725586,0.8050652194611063,10.07986068725586,0.8050652194611063,1.0,1
engine_step_start,1780280895.7982883,1780280895.7982883,1780280895.8107355,12.447118759155273,decode,1,0,451641,2.6094913482666016,0.209646216024671,2.6094913482666016,0.209646216024671,1.0,1
engine_step_start,1780280895.798317,1780280895.798317,1780280895.810748,12.431144714355469,decode,0,0,451640,2.580881118774414,0.20761411584196393,2.580881118774414,0.20761411584196393,1.0,1
engine_step_start,1780280895.810741,1780280895.810741,1780280895.8232658,12.524843215942383,decode,1,0,451641,0.0,0.0,0.0,0.0,0.0,0
engine_step_start,1780280895.8107548,1780280895.8107548,1780280895.823242,12.487173080444336,decode,0,0,451640,0.0,0.0,0.0,0.0,0.0,0
engine_step_start,1780280895.823248,1780280895.823248,1780280895.8356638,12.415885925292969,decode,0,0,451640,0.0,0.0,0.0,0.0,0.0,0
engine_step_start,1780280895.8232782,1780280895.8232782,1780280895.8356705,12.392282485961914,decode,1,0,451641,0.0,0.0,0.0,0.0,0.0,0
engine_step_start,1780280895.8356776,1780280895.8356776,1780280895.8482254,12.547731399536133,decode,0,0,451640,0.0,0.0,0.0,0.0,0.0,0
engine_step_start,1780280895.8356779,1780280895.8356779,1780280895.848129,12.451171875,decode,1,0,451641,0.0,0.0,0.0,0.0,0.0,0
engine_step_start,1780280895.8481357,1780280895.8481357,1780280895.8606384,12.502670288085938,decode,1,0,451641,0.0,0.0,0.0,0.0,0.0,0
engine_step_start,1780280895.8482316,1780280895.8482316,1780280895.860652,12.420415878295898,decode,0,0,451640,0.0,0.0,0.0,0.0,0.0,0
engine_step_start,1780280895.8606443,1780280895.8606443,1780280895.873141,12.496709823608398,decode,1,0,451641,0.0,0.0,0.0,0.0,0.0,0
engine_step_start,1780280895.860658,1780280895.860658,1780280895.873114,12.456178665161133,decode,0,0,451640,0.0,0.0,0.0,0.0,0.0,0
engine_step_start,1780280895.87312,1780280895.87312,1780280895.8856573,12.537240982055664,decode,0,0,451640,0.0,0.0,0.0,0.0,0.0,0
engine_step_start,1780280895.8731468,1780280895.8731468,1780280895.8856711,12.52436637878418,decode,1,0,451641,0.0,0.0,0.0,0.0,0.0,0
engine_step_start,1780280895.8856635,1780280895.8856635,1780280895.8981183,12.454748153686523,decode,0,0,451640,9.692668914794922,0.7782308237140834,9.692668914794922,0.7782308237140834,1.0,1
engine_step_start,1780280895.8856952,1780280895.8856952,1780280895.898059,12.363672256469727,decode,1,0,451641,9.633302688598633,0.7791619260659121,9.633302688598633,0.7791619260659121,1.0,1
engine_step_start,1780280895.8980727,1780280895.8980727,1780280895.9209306,22.8579044342041,decode,1,0,451641,22.8579044342041,1.0,22.8579044342041,1.0,1.0,1
engine_step_start,1780280895.8981245,1780280895.8981245,1780280895.9208543,22.729873657226562,decode,0,0,451640,22.729873657226562,1.0,22.729873657226562,1.0,1.0,1
engine_step_start,1780280895.9208596,1780280895.9208596,1780280895.9334724,12.61281967163086,decode,0,0,451640,17.062664031982422,1.3528032966617518,12.61281967163086,1.0,1.3528032966617518,2
engine_step_start,1780280895.9209435,1780280895.9209435,1780280895.9334576,12.514114379882812,decode,1,0,451641,16.963958740234375,1.3555860387136107,12.514114379882812,1.0,1.3555860387136107,2
engine_step_start,1780280895.9334702,1780280895.9334702,1780280895.9458933,12.423038482666016,decode,1,0,451641,12.423038482666016,1.0,12.423038482666016,1.0,1.0,1
engine_step_start,1780280895.933487,1780280895.933487,1780280895.9459069,12.419939041137695,decode,0,0,451640,12.419939041137695,1.0,12.419939041137695,1.0,1.0,1
engine_step_start,1780280895.9458976,1780280895.9458976,1780280895.9583642,12.466669082641602,decode,1,0,451641,2.3500919342041016,0.18851001166593356,2.3500919342041016,0.18851001166593356,1.0,1
engine_step_start,1780280895.9459126,1780280895.9459126,1780280895.9585156,12.603044509887695,decode,0,0,451640,2.335071563720703,0.18527837157829025,2.335071563720703,0.18527837157829025,1.0,1
engine_step_start,1780280895.9583762,1780280895.9583762,1780280895.9709132,12.537002563476562,decode,1,0,451641,0.0,0.0,0.0,0.0,0.0,0
engine_step_start,1780280895.9585218,1780280895.9585218,1780280895.9709563,12.43448257446289,decode,0,0,451640,0.0,0.0,0.0,0.0,0.0,0
engine_step_start,1780280895.9709184,1780280895.9709184,1780280895.9834964,12.578010559082031,decode,1,0,451641,0.0,0.0,0.0,0.0,0.0,0
engine_step_start,1780280895.9709623,1780280895.9709623,1780280895.9835231,12.560844421386719,decode,0,0,451640,0.0,0.0,0.0,0.0,0.0,0
engine_step_start,1780280895.9835072,1780280895.9835072,1780280895.995947,12.439727783203125,decode,1,0,451641,9.776115417480469,0.7858785648574057,9.776115417480469,0.7858785648574057,1.0,1
engine_step_start,1780280895.9835389,1780280895.9835389,1780280895.996044,12.505054473876953,decode,0,0,451640,9.873151779174805,0.789532888465205,9.873151779174805,0.789532888465205,1.0,1
engine_step_start,1780280895.9966118,1780280895.9966118,1780280896.0084822,11.870384216308594,decode,0,0,451640,11.870384216308594,1.0,11.870384216308594,1.0,1.0,1
engine_step_start,1780280895.9966137,1780280895.9966137,1780280896.0084481,11.834383010864258,decode,1,0,451641,11.834383010864258,1.0,11.834383010864258,1.0,1.0,1
engine_step_start,1780280896.0084624,1780280896.0084624,1780280896.0207796,12.317180633544922,decode,1,0,451641,6.029367446899414,0.489508729820758,5.801200866699219,0.4709844760171886,1.0393309222423146,2
engine_step_start,1780280896.0084894,1780280896.0084894,1780280896.0209322,12.442827224731445,decode,0,0,451640,6.0024261474609375,0.48240050585372396,5.774259567260742,0.46406330835999926,1.0395144308187787,2
engine_step_start,1780280896.0207913,1780280896.0207913,1780280896.0332475,12.456178665161133,decode,1,0,451641,3.464937210083008,0.2781701598239066,3.464937210083008,0.2781701598239066,1.0,1
engine_step_start,1780280896.0209482,1780280896.0209482,1780280896.0333574,12.409210205078125,decode,0,0,451640,3.464937210083008,0.2792230249000922,3.464937210083008,0.2792230249000922,1.0,1
engine_step_start,1780280896.0332608,1780280896.0332608,1780280896.0456433,12.38250732421875,decode,1,0,451641,2.1190643310546875,0.17113370301910044,2.1190643310546875,0.17113370301910044,1.0,1
engine_step_start,1780280896.033372,1780280896.033372,1780280896.0458245,12.45260238647461,decode,0,0,451640,2.1190643310546875,0.17017040015316867,2.1190643310546875,0.17017040015316867,1.0,1
engine_step_start,1780280896.0456548,1780280896.0456548,1780280896.0581973,12.542486190795898,decode,1,0,451641,0.0,0.0,0.0,0.0,0.0,0
engine_step_start,1780280896.0458376,1780280896.0458376,1780280896.0582833,12.445688247680664,decode,0,0,451640,0.0,0.0,0.0,0.0,0.0,0
engine_step_start,1780280896.0582097,1780280896.0582097,1780280896.0707185,12.508869171142578,decode,1,0,451641,0.0,0.0,0.0,0.0,0.0,0
engine_step_start,1780280896.058298,1780280896.058298,1780280896.070836,12.537956237792969,decode,0,0,451640,0.0,0.0,0.0,0.0,0.0,0
engine_step_start,1780280896.07073,1780280896.07073,1780280896.0831861,12.456178665161133,decode,1,0,451641,0.0,0.0,0.0,0.0,0.0,0
engine_step_start,1780280896.0708485,1780280896.0708485,1780280896.0833192,12.470722198486328,decode,0,0,451640,0.0,0.0,0.0,0.0,0.0,0
engine_step_start,1780280896.083191,1780280896.083191,1780280896.0957453,12.554407119750977,decode,1,0,451641,0.0,0.0,0.0,0.0,0.0,0
engine_step_start,1780280896.0833328,1780280896.0833328,1780280896.0957208,12.387990951538086,decode,0,0,451640,0.0,0.0,0.0,0.0,0.0,0
engine_step_start,1780280896.095727,1780280896.095727,1780280896.108195,12.468099594116211,decode,0,0,451640,0.0,0.0,0.0,0.0,0.0,0
engine_step_start,1780280896.0957506,1780280896.0957506,1780280896.108223,12.472391128540039,decode,1,0,451641,0.0,0.0,0.0,0.0,0.0,0
engine_step_start,1780280896.108201,1780280896.108201,1780280896.1206012,12.400150299072266,decode,0,0,451640,0.0,0.0,0.0,0.0,0.0,0
engine_step_start,1780280896.1082282,1780280896.1082282,1780280896.1206055,12.377262115478516,decode,1,0,451641,0.0,0.0,0.0,0.0,0.0,0
engine_step_start,1780280896.1206074,1780280896.1206074,1780280896.1331332,12.525796890258789,decode,0,0,451640,0.0,0.0,0.0,0.0,0.0,0
engine_step_start,1780280896.1206105,1780280896.1206105,1780280896.1330018,12.391328811645508,decode,1,0,451641,0.0,0.0,0.0,0.0,0.0,0
engine_step_start,1780280896.133007,1780280896.133007,1780280896.1454744,12.467384338378906,decode,1,0,451641,9.860754013061523,0.7909240419184579,9.860754013061523,0.7909240419184579,1.0,1
engine_step_start,1780280896.13315,1780280896.13315,1780280896.1455214,12.371301651000977,decode,0,0,451640,9.907722473144531,0.800863381448862,9.907722473144531,0.800863381448862,1.0,1
engine_step_start,1780280896.1454792,1780280896.1454792,1780280896.158104,12.624740600585938,decode,1,0,451641,2.5184154510498047,0.19948255023417436,2.5184154510498047,0.19948255023417436,1.0,1
engine_step_start,1780280896.1455357,1780280896.1455357,1780280896.1579213,12.38560676574707,decode,0,0,451640,2.4619102478027344,0.19877187241332844,2.4619102478027344,0.19877187241332844,1.0,1
engine_step_start,1780280896.1579275,1780280896.1579275,1780280896.170453,12.525558471679688,decode,0,0,451640,10.025501251220703,0.8004035328155931,10.025501251220703,0.8004035328155931,1.0,1
engine_step_start,1780280896.158122,1780280896.158122,1780280896.1702948,12.172698974609375,decode,1,0,451641,9.867191314697266,0.8106001253525541,9.867191314697266,0.8106001253525541,1.0,1
engine_step_start,1780280896.170307,1780280896.170307,1780280896.1827452,12.438297271728516,decode,1,0,451641,2.7077198028564453,0.21769216024535173,2.7077198028564453,0.21769216024535173,1.0,1
engine_step_start,1780280896.170459,1780280896.170459,1780280896.1828375,12.378454208374023,decode,0,0,451640,2.5556087493896484,0.20645621063579808,2.5556087493896484,0.20645621063579808,1.0,1
engine_step_start,1780280896.182752,1780280896.182752,1780280896.195188,12.436151504516602,decode,1,0,451641,0.0,0.0,0.0,0.0,0.0,0
engine_step_start,1780280896.1828513,1780280896.1828513,1780280896.1952145,12.363195419311523,decode,0,0,451640,0.0,0.0,0.0,0.0,0.0,0
engine_step_start,1780280896.1951933,1780280896.1951933,1780280896.2076023,12.408971786499023,decode,1,0,451641,0.0,0.0,0.0,0.0,0.0,0
engine_step_start,1780280896.1952207,1780280896.1952207,1780280896.2077098,12.489080429077148,decode,0,0,451640,0.0,0.0,0.0,0.0,0.0,0
engine_step_start,1780280896.2076123,1780280896.2076123,1780280896.2201204,12.508153915405273,decode,1,0,451641,0.0,0.0,0.0,0.0,0.0,0
engine_step_start,1780280896.2077162,1780280896.2077162,1780280896.2202122,12.495994567871094,decode,0,0,451640,0.0,0.0,0.0,0.0,0.0,0
engine_step_start,1780280896.220127,1780280896.220127,1780280896.232633,12.50600814819336,decode,1,0,451641,0.0,0.0,0.0,0.0,0.0,0
engine_step_start,1780280896.2202182,1780280896.2202182,1780280896.2326229,12.404680252075195,decode,0,0,451640,0.0,0.0,0.0,0.0,0.0,0
engine_step_start,1780280896.2326477,1780280896.2326477,1780280896.2447531,12.105464935302734,decode,1,0,451641,3.2858848571777344,0.2714381376294954,3.2858848571777344,0.2714381376294954,1.0,1
engine_step_start,1780280896.2326484,1780280896.2326484,1780280896.2447438,12.095451354980469,decode,0,0,451640,3.2858848571777344,0.2716628557912166,3.2858848571777344,0.2716628557912166,1.0,1
engine_step_start,1780280896.2447577,1780280896.2447577,1780280896.2569726,12.214899063110352,decode,0,0,451640,0.0,0.0,0.0,0.0,0.0,0
engine_step_start,1780280896.2447646,1780280896.2447646,1780280896.2570505,12.285947799682617,decode,1,0,451641,0.0,0.0,0.0,0.0,0.0,0
engine_step_start,1780280896.256979,1780280896.256979,1780280896.2692564,12.277364730834961,decode,0,0,451640,9.771585464477539,0.7959025148072628,9.771585464477539,0.7959025148072628,1.0,1
engine_step_start,1780280896.2570658,1780280896.2570658,1780280896.2692425,12.176752090454102,decode,1,0,451641,9.757757186889648,0.8013431754547412,9.757757186889648,0.8013431754547412,1.0,1
engine_step_start,1780280896.269254,1780280896.269254,1780280896.2812352,11.98124885559082,decode,1,0,451641,2.330780029296875,0.19453564961295844,2.330780029296875,0.19453564961295844,1.0,1
engine_step_start,1780280896.2692697,1780280896.2692697,1780280896.281292,12.022256851196289,decode,0,0,451640,2.315044403076172,0.19256321269211701,2.315044403076172,0.19256321269211701,1.0,1
engine_step_start,1780280896.2812397,1780280896.2812397,1780280896.2931442,11.904478073120117,decode,1,0,451641,0.0,0.0,0.0,0.0,0.0,0
engine_step_start,1780280896.2812977,1780280896.2812977,1780280896.2931836,11.885881423950195,decode,0,0,451640,0.0,0.0,0.0,0.0,0.0,0
engine_step_start,1780280896.2931497,1780280896.2931497,1780280896.3052516,12.101888656616211,decode,1,0,451641,0.0,0.0,0.0,0.0,0.0,0
engine_step_start,1780280896.29319,1780280896.29319,1780280896.3054183,12.228250503540039,decode,0,0,451640,0.0,0.0,0.0,0.0,0.0,0
engine_step_start,1780280896.305263,1780280896.305263,1780280896.3173904,12.127399444580078,decode,1,0,451641,9.685754776000977,0.79866708606928,9.685754776000977,0.79866708606928,1.0,1
engine_step_start,1780280896.3054335,1780280896.3054335,1780280896.317443,12.009382247924805,decode,0,0,451640,9.73820686340332,0.8108832463123623,9.73820686340332,0.8108832463123623,1.0,1
engine_step_start,1780280896.3173957,1780280896.3173957,1780280896.3304465,13.05079460144043,decode,1,0,451641,4.234075546264648,0.3244304791830322,4.234075546264648,0.3244304791830322,1.0,1
engine_step_start,1780280896.3174567,1780280896.3174567,1780280896.330504,13.047218322753906,decode,0,0,451640,4.173040390014648,0.31984138586360644,4.173040390014648,0.31984138586360644,1.0,1
engine_step_start,1780280896.330451,1780280896.330451,1780280896.3425446,12.093544006347656,decode,1,0,451641,0.0,0.0,0.0,0.0,0.0,0
engine_step_start,1780280896.3305104,1780280896.3305104,1780280896.342753,12.242555618286133,decode,0,0,451640,0.0,0.0,0.0,0.0,0.0,0
engine_step_start,1780280896.3425584,1780280896.3425584,1780280896.3548346,12.276172637939453,decode,1,0,451641,4.695892333984375,0.3825208778403574,4.695892333984375,0.3825208778403574,1.0,1
engine_step_start,1780280896.3427591,1780280896.3427591,1780280896.3550339,12.274742126464844,decode,0,0,451640,4.695892333984375,0.38256545722943053,4.695892333984375,0.38256545722943053,1.0,1
engine_step_start,1780280896.3548465,1780280896.3548465,1780280896.3669713,12.124776840209961,decode,1,0,451641,2.0189285278320312,0.16651263395929602,2.0189285278320312,0.16651263395929602,1.0,1
engine_step_start,1780280896.3550582,1780280896.3550582,1780280896.367112,12.053728103637695,decode,0,0,451640,2.0189285278320312,0.16749411555274246,2.0189285278320312,0.16749411555274246,1.0,1
engine_step_start,1780280896.3669765,1780280896.3669765,1780280896.379235,12.258529663085938,decode,1,0,451641,0.0,0.0,0.0,0.0,0.0,0
engine_step_start,1780280896.3671262,1780280896.3671262,1780280896.379312,12.185811996459961,decode,0,0,451640,0.0,0.0,0.0,0.0,0.0,0
engine_step_start,1780280896.379255,1780280896.379255,1780280896.3914726,12.217521667480469,decode,1,0,451641,5.290031433105469,0.43298727655920694,5.290031433105469,0.43298727655920694,1.0,1
engine_step_start,1780280896.3793185,1780280896.3793185,1780280896.3914871,12.168645858764648,decode,0,0,451640,5.290031433105469,0.43472638570504907,5.290031433105469,0.43472638570504907,1.0,1
engine_step_start,1780280896.391887,1780280896.391887,1780280896.4036267,11.739730834960938,decode,0,0,451640,0.0,0.0,0.0,0.0,0.0,0
engine_step_start,1780280896.3918934,1780280896.3918934,1780280896.4035702,11.676788330078125,decode,1,0,451641,0.0,0.0,0.0,0.0,0.0,0
engine_step_start,1780280896.403576,1780280896.403576,1780280896.4157825,12.206554412841797,decode,1,0,451641,9.762763977050781,0.7997968670651198,9.762763977050781,0.7997968670651198,1.0,1
engine_step_start,1780280896.403643,1780280896.403643,1780280896.4160614,12.418508529663086,decode,0,0,451640,10.04171371459961,0.808608673949354,10.04171371459961,0.808608673949354,1.0,1
engine_step_start,1780280896.4157941,1780280896.4157941,1780280896.428244,12.449979782104492,decode,1,0,451641,2.8524398803710938,0.2291120090388556,2.8524398803710938,0.2291120090388556,1.0,1
engine_step_start,1780280896.4160795,1780280896.4160795,1780280896.428356,12.276411056518555,decode,0,0,451640,2.5670528411865234,0.20910450369967568,2.5670528411865234,0.20910450369967568,1.0,1
engine_step_start,1780280896.4282486,1780280896.4282486,1780280896.4406378,12.389183044433594,decode,1,0,451641,0.0,0.0,0.0,0.0,0.0,0
engine_step_start,1780280896.4283655,1780280896.4283655,1780280896.4407706,12.405157089233398,decode,0,0,451640,0.0,0.0,0.0,0.0,0.0,0
engine_step_start,1780280896.4406426,1780280896.4406426,1780280896.4532032,12.560606002807617,decode,1,0,451641,0.0,0.0,0.0,0.0,0.0,0
engine_step_start,1780280896.4407778,1780280896.4407778,1780280896.4533267,12.54892349243164,decode,0,0,451640,0.0,0.0,0.0,0.0,0.0,0
engine_step_start,1780280896.4532082,1780280896.4532082,1780280896.465646,12.437820434570312,decode,1,0,451641,0.0,0.0,0.0,0.0,0.0,0
engine_step_start,1780280896.4533541,1780280896.4533541,1780280896.4657466,12.392520904541016,decode,0,0,451640,0.0,0.0,0.0,0.0,0.0,0
engine_step_start,1780280896.4656599,1780280896.4656599,1780280896.478097,12.437105178833008,decode,1,0,451641,10.068416595458984,0.8095466308827758,10.068416595458984,0.8095466308827758,1.0,1
engine_step_start,1780280896.465754,1780280896.465754,1780280896.4781148,12.360811233520508,decode,0,0,451640,10.086297988891602,0.8159899701031922,10.086297988891602,0.8159899701031922,1.0,1
engine_step_start,1780280896.4781113,1780280896.4781113,1780280896.4904451,12.333869934082031,decode,1,0,451641,22.09329605102539,1.7912703935668446,12.333869934082031,1.0,1.7912703935668446,2
engine_step_start,1780280896.4781325,1780280896.4781325,1780280896.4905102,12.377738952636719,decode,0,0,451640,22.202253341674805,1.7937244780029278,12.377738952636719,1.0,1.7937244780029278,2
engine_step_start,1780280896.490458,1780280896.490458,1780280896.5029068,12.448787689208984,decode,1,0,451641,19.22917366027832,1.5446623510935764,12.448787689208984,1.0,1.5446623510935764,3
engine_step_start,1780280896.4905252,1780280896.4905252,1780280896.502919,12.393712997436523,decode,0,0,451640,19.10686492919922,1.5416578496816267,12.393712997436523,1.0,1.5416578496816267,3
engine_step_start,1780280896.502919,1780280896.502919,1780280896.5153546,12.435674667358398,decode,1,0,451641,2.444744110107422,0.1965911923158036,2.444744110107422,0.1965911923158036,1.0,1
engine_step_start,1780280896.502925,1780280896.502925,1780280896.5154335,12.508630752563477,decode,0,0,451640,2.438783645629883,0.19496807395406462,2.438783645629883,0.19496807395406462,1.0,1
engine_step_start,1780280896.5153608,1780280896.5153608,1780280896.5276744,12.313604354858398,decode,1,0,451641,9.598016738891602,0.7794644413034639,9.598016738891602,0.7794644413034639,1.0,1
engine_step_start,1780280896.5154498,1780280896.5154498,1780280896.5276964,12.24660873413086,decode,0,0,451640,9.598016738891602,0.7837285363859362,9.598016738891602,0.7837285363859362,1.0,1
engine_step_start,1780280896.5276937,1780280896.5276937,1780280896.5400038,12.310028076171875,decode,1,0,451641,1.4319419860839844,0.1163232104121475,1.4319419860839844,0.1163232104121475,1.0,1
engine_step_start,1780280896.5277107,1780280896.5277107,1780280896.5402193,12.508630752563477,decode,0,0,451640,1.4319419860839844,0.11447631754503002,1.4319419860839844,0.11447631754503002,1.0,1
engine_step_start,1780280896.5400155,1780280896.5400155,1780280896.552417,12.401580810546875,decode,1,0,451641,0.0,0.0,0.0,0.0,0.0,0
engine_step_start,1780280896.540236,1780280896.540236,1780280896.552513,12.276887893676758,decode,0,0,451640,0.0,0.0,0.0,0.0,0.0,0
engine_step_start,1780280896.5524213,1780280896.5524213,1780280896.5647745,12.353181838989258,decode,1,0,451641,0.0,0.0,0.0,0.0,0.0,0
engine_step_start,1780280896.5525258,1780280896.5525258,1780280896.565066,12.540340423583984,decode,0,0,451640,0.0,0.0,0.0,0.0,0.0,0
engine_step_start,1780280896.564785,1780280896.564785,1780280896.5772989,12.513875961303711,decode,1,0,451641,0.0,0.0,0.0,0.0,0.0,0
engine_step_start,1780280896.5650814,1780280896.5650814,1780280896.577277,12.195587158203125,decode,0,0,451640,0.0,0.0,0.0,0.0,0.0,0
engine_step_start,1780280896.5772831,1780280896.5772831,1780280896.5897863,12.50314712524414,decode,0,0,451640,0.0,0.0,0.0,0.0,0.0,0
engine_step_start,1780280896.577311,1780280896.577311,1780280896.5896914,12.380361557006836,decode,1,0,451641,0.0,0.0,0.0,0.0,0.0,0
engine_step_start,1780280896.5896966,1780280896.5896966,1780280896.6023064,12.609720230102539,decode,1,0,451641,0.0,0.0,0.0,0.0,0.0,0
engine_step_start,1780280896.5898004,1780280896.5898004,1780280896.602312,12.511730194091797,decode,0,0,451640,0.0,0.0,0.0,0.0,0.0,0
engine_step_start,1780280896.6023116,1780280896.6023116,1780280896.61473,12.418270111083984,decode,1,0,451641,0.0,0.0,0.0,0.0,0.0,0
engine_step_start,1780280896.6023178,1780280896.6023178,1780280896.6148686,12.550830841064453,decode,0,0,451640,0.0,0.0,0.0,0.0,0.0,0
engine_step_start,1780280896.614735,1780280896.614735,1780280896.6272464,12.511491775512695,decode,1,0,451641,9.823799133300781,0.7851820797682795,9.823799133300781,0.7851820797682795,1.0,1
engine_step_start,1780280896.6148849,1780280896.6148849,1780280896.627313,12.428045272827148,decode,0,0,451640,9.890317916870117,0.7958063959176627,9.890317916870117,0.7958063959176627,1.0,1
engine_step_start,1780280896.6272519,1780280896.6272519,1780280896.6397586,12.506723403930664,decode,1,0,451641,12.506723403930664,1.0,12.506723403930664,1.0,1.0,1
engine_step_start,1780280896.627326,1780280896.627326,1780280896.6397972,12.471199035644531,decode,0,0,451640,12.471199035644531,1.0,12.471199035644531,1.0,1.0,1
engine_step_start,1780280896.6397743,1780280896.6397743,1780280896.6522233,12.449026107788086,decode,1,0,451641,17.787456512451172,1.4288231351144307,7.653236389160156,0.6147658718758977,2.3241744548286603,3
engine_step_start,1780280896.6398118,1780280896.6398118,1780280896.6523178,12.50600814819336,decode,0,0,451640,17.750024795532227,1.4193197849544363,7.615804672241211,0.6089716704159835,2.3306827786995585,3
engine_step_start,1780280896.6522443,1780280896.6522443,1780280896.6646311,12.386798858642578,decode,1,0,451641,10.054588317871094,0.8117180582823267,10.054588317871094,0.8117180582823267,1.0,1
engine_step_start,1780280896.6523306,1780280896.6523306,1780280896.6646261,12.29548454284668,decode,0,0,451640,10.049581527709961,0.8173392022648388,10.049581527709961,0.8173392022648388,1.0,1
engine_step_start,1780280896.664632,1780280896.664632,1780280896.6771746,12.542486190795898,decode,0,0,451640,2.8214454650878906,0.22495105214135,2.8214454650878906,0.22495105214135,1.0,1
engine_step_start,1780280896.6646454,1780280896.6646454,1780280896.6771595,12.514114379882812,decode,1,0,451641,2.808094024658203,0.22439414723365342,2.808094024658203,0.22439414723365342,1.0,1
engine_step_start,1780280896.677174,1780280896.677174,1780280896.6896605,12.486457824707031,decode,1,0,451641,0.0,0.0,0.0,0.0,0.0,0
engine_step_start,1780280896.6771886,1780280896.6771886,1780280896.6896899,12.501239776611328,decode,0,0,451640,0.0,0.0,0.0,0.0,0.0,0
engine_step_start,1780280896.6896658,1780280896.6896658,1780280896.701976,12.310266494750977,decode,1,0,451641,0.0,0.0,0.0,0.0,0.0,0
engine_step_start,1780280896.689696,1780280896.689696,1780280896.7022192,12.523174285888672,decode,0,0,451640,0.0,0.0,0.0,0.0,0.0,0
engine_step_start,1780280896.7019875,1780280896.7019875,1780280896.7144885,12.501001358032227,decode,1,0,451641,0.0,0.0,0.0,0.0,0.0,0
engine_step_start,1780280896.7022288,1780280896.7022288,1780280896.714541,12.312173843383789,decode,0,0,451640,0.0,0.0,0.0,0.0,0.0,0
engine_step_start,1780280896.7144969,1780280896.7144969,1780280896.7269,12.403249740600586,decode,1,0,451641,2.8870105743408203,0.23276243200123023,2.8870105743408203,0.23276243200123023,1.0,1
engine_step_start,1780280896.7145586,1780280896.7145586,1780280896.7269216,12.362957000732422,decode,0,0,451640,2.8870105743408203,0.2335210398426351,2.8870105743408203,0.2335210398426351,1.0,1
engine_step_start,1780280896.7269049,1780280896.7269049,1780280896.7393928,12.48788833618164,decode,1,0,451641,0.0,0.0,0.0,0.0,0.0,0
engine_step_start,1780280896.726936,1780280896.726936,1780280896.739487,12.550830841064453,decode,0,0,451640,0.0,0.0,0.0,0.0,0.0,0
engine_step_start,1780280896.7393982,1780280896.7393982,1780280896.7518518,12.453556060791016,decode,1,0,451641,0.0,0.0,0.0,0.0,0.0,0
engine_step_start,1780280896.7394934,1780280896.7394934,1780280896.7519467,12.453317642211914,decode,0,0,451640,0.0,0.0,0.0,0.0,0.0,0
engine_step_start,1780280896.7518578,1780280896.7518578,1780280896.7644053,12.547492980957031,decode,1,0,451641,0.0,0.0,0.0,0.0,0.0,0
engine_step_start,1780280896.7519603,1780280896.7519603,1780280896.7643821,12.421846389770508,decode,0,0,451640,0.0,0.0,0.0,0.0,0.0,0
engine_step_start,1780280896.7643883,1780280896.7643883,1780280896.7769508,12.56251335144043,decode,0,0,451640,0.0,0.0,0.0,0.0,0.0,0
engine_step_start,1780280896.7644105,1780280896.7644105,1780280896.776948,12.537479400634766,decode,1,0,451641,0.0,0.0,0.0,0.0,0.0,0
engine_step_start,1780280896.776954,1780280896.776954,1780280896.7893164,12.362480163574219,decode,1,0,451641,0.0,0.0,0.0,0.0,0.0,0
engine_step_start,1780280896.776957,1780280896.776957,1780280896.789373,12.415885925292969,decode,0,0,451640,0.0,0.0,0.0,0.0,0.0,0
engine_step_start,1780280896.789739,1780280896.789739,1780280896.8019736,12.234687805175781,decode,0,0,451640,0.0,0.0,0.0,0.0,0.0,0
engine_step_start,1780280896.78975,1780280896.78975,1780280896.801942,12.192010879516602,decode,1,0,451641,0.0,0.0,0.0,0.0,0.0,0
engine_step_start,1780280896.8019478,1780280896.8019478,1780280896.8143818,12.434005737304688,decode,1,0,451641,0.0,0.0,0.0,0.0,0.0,0
engine_step_start,1780280896.8019805,1780280896.8019805,1780280896.8144531,12.47262954711914,decode,0,0,451640,0.0,0.0,0.0,0.0,0.0,0
engine_step_start,1780280896.814396,1780280896.814396,1780280896.8267875,12.39156723022461,decode,1,0,451641,0.0,0.0,0.0,0.0,0.0,0
engine_step_start,1780280896.8144672,1780280896.8144672,1780280896.826944,12.476921081542969,decode,0,0,451640,0.0,0.0,0.0,0.0,0.0,0
engine_step_start,1780280896.8267925,1780280896.8267925,1780280896.8392804,12.48788833618164,decode,1,0,451641,0.0,0.0,0.0,0.0,0.0,0
engine_step_start,1780280896.8269582,1780280896.8269582,1780280896.8394125,12.45427131652832,decode,0,0,451640,0.0,0.0,0.0,0.0,0.0,0
engine_step_start,1780280896.8392856,1780280896.8392856,1780280896.8517873,12.501716613769531,decode,1,0,451641,0.0,0.0,0.0,0.0,0.0,0
engine_step_start,1780280896.839419,1780280896.839419,1780280896.8518426,12.42375373840332,decode,0,0,451640,0.0,0.0,0.0,0.0,0.0,0
engine_step_start,1780280896.8518004,1780280896.8518004,1780280896.86431,12.509584426879883,decode,1,0,451641,0.0,0.0,0.0,0.0,0.0,0
engine_step_start,1780280896.8518488,1780280896.8518488,1780280896.8642595,12.410640716552734,decode,0,0,451640,0.0,0.0,0.0,0.0,0.0,0
engine_step_start,1780280896.8642726,1780280896.8642726,1780280896.876734,12.461423873901367,decode,0,0,451640,0.0,0.0,0.0,0.0,0.0,0
engine_step_start,1780280896.864315,1780280896.864315,1780280896.876715,12.399911880493164,decode,1,0,451641,0.0,0.0,0.0,0.0,0.0,0
engine_step_start,1780280896.8767202,1780280896.8767202,1780280896.8892744,12.554168701171875,decode,1,0,451641,0.0,0.0,0.0,0.0,0.0,0
engine_step_start,1780280896.8767407,1780280896.8767407,1780280896.8893247,12.58397102355957,decode,0,0,451640,0.0,0.0,0.0,0.0,0.0,0
engine_step_start,1780280896.8892896,1780280896.8892896,1780280896.901718,12.42828369140625,decode,1,0,451641,0.3991127014160156,0.03211325966850829,0.3991127014160156,0.03211325966850829,1.0,1
engine_step_start,1780280896.8893335,1780280896.8893335,1780280896.9016652,12.331724166870117,decode,0,0,451640,0.3991127014160156,0.03236471202366452,0.3991127014160156,0.03236471202366452,1.0,1
engine_step_start,1780280896.901671,1780280896.901671,1780280896.914342,12.67099380493164,decode,0,0,451640,0.0,0.0,0.0,0.0,0.0,0
engine_step_start,1780280896.901729,1780280896.901729,1780280896.9143083,12.579202651977539,decode,1,0,451641,0.0,0.0,0.0,0.0,0.0,0
engine_step_start,1780280896.914313,1780280896.914313,1780280896.9266005,12.287378311157227,decode,1,0,451641,0.0,0.0,0.0,0.0,0.0,0
engine_step_start,1780280896.9143484,1780280896.9143484,1780280896.9268162,12.46786117553711,decode,0,0,451640,0.0,0.0,0.0,0.0,0.0,0
engine_step_start,1780280896.926611,1780280896.926611,1780280896.9391458,12.534856796264648,decode,1,0,451641,0.0,0.0,0.0,0.0,0.0,0
engine_step_start,1780280896.9268312,1780280896.9268312,1780280896.9391825,12.351274490356445,decode,0,0,451640,0.0,0.0,0.0,0.0,0.0,0
engine_step_start,1780280896.9391575,1780280896.9391575,1780280896.9514663,12.308835983276367,decode,1,0,451641,0.0,0.0,0.0,0.0,0.0,0
engine_step_start,1780280896.9391882,1780280896.9391882,1780280896.9516132,12.424945831298828,decode,0,0,451640,0.0,0.0,0.0,0.0,0.0,0
engine_step_start,1780280896.9514716,1780280896.9514716,1780280896.9639416,12.470006942749023,decode,1,0,451641,0.0,0.0,0.0,0.0,0.0,0
engine_step_start,1780280896.9516191,1780280896.9516191,1780280896.963967,12.347936630249023,decode,0,0,451640,0.0,0.0,0.0,0.0,0.0,0
engine_step_start,1780280896.9639468,1780280896.9639468,1780280896.9762158,12.269020080566406,decode,1,0,451641,0.0,0.0,0.0,0.0,0.0,0
engine_step_start,1780280896.9639735,1780280896.9639735,1780280896.9763918,12.418270111083984,decode,0,0,451640,0.0,0.0,0.0,0.0,0.0,0
engine_step_start,1780280896.9762201,1780280896.9762201,1780280896.9887152,12.495040893554688,decode,1,0,451641,0.0,0.0,0.0,0.0,0.0,0
engine_step_start,1780280896.9764016,1780280896.9764016,1780280896.988685,12.2833251953125,decode,0,0,451640,0.0,0.0,0.0,0.0,0.0,0
engine_step_start,1780280896.988692,1780280896.988692,1780280897.0011683,12.476205825805664,decode,0,0,451640,0.0,0.0,0.0,0.0,0.0,0
engine_step_start,1780280896.9887197,1780280896.9887197,1780280897.0010905,12.370824813842773,decode,1,0,451641,0.0,0.0,0.0,0.0,0.0,0
engine_step_start,1780280897.0010955,1780280897.0010955,1780280897.0133848,12.289285659790039,decode,1,0,451641,0.0,0.0,0.0,0.0,0.0,0
engine_step_start,1780280897.001177,1780280897.001177,1780280897.0135655,12.388467788696289,decode,0,0,451640,0.0,0.0,0.0,0.0,0.0,0
engine_step_start,1780280897.0133889,1780280897.0133889,1780280897.0259912,12.60232925415039,decode,1,0,451641,0.0,0.0,0.0,0.0,0.0,0
engine_step_start,1780280897.013573,1780280897.013573,1780280897.0259233,12.350320816040039,decode,0,0,451640,0.0,0.0,0.0,0.0,0.0,0
engine_step_start,1780280897.0259295,1780280897.0259295,1780280897.038372,12.442588806152344,decode,0,0,451640,0.0,0.0,0.0,0.0,0.0,0
engine_step_start,1780280897.0259962,1780280897.0259962,1780280897.0383937,12.397527694702148,decode,1,0,451641,0.0,0.0,0.0,0.0,0.0,0
engine_step_start,1780280897.038389,1780280897.038389,1780280897.0509346,12.545585632324219,decode,0,0,451640,9.801864624023438,0.7812998859749145,9.801864624023438,0.7812998859749145,1.0,1
engine_step_start,1780280897.0384014,1780280897.0384014,1780280897.0506492,12.247800827026367,decode,1,0,451641,9.516477584838867,0.7769948025150377,9.516477584838867,0.7769948025150377,1.0,1
engine_step_start,1780280897.0506532,1780280897.0506532,1780280897.0632274,12.574195861816406,decode,1,0,451641,12.574195861816406,1.0,12.574195861816406,1.0,1.0,1
engine_step_start,1780280897.0509508,1780280897.0509508,1780280897.063219,12.268304824829102,decode,0,0,451640,12.268304824829102,1.0,12.268304824829102,1.0,1.0,1
engine_step_start,1780280897.0632255,1780280897.0632255,1780280897.0753667,12.141227722167969,decode,0,0,451640,2.421140670776367,0.19941481423297464,2.421140670776367,0.19941481423297464,1.0,1
engine_step_start,1780280897.06324,1780280897.06324,1780280897.0753467,12.106657028198242,decode,1,0,451641,2.406597137451172,0.19878296146044624,2.406597137451172,0.19878296146044624,1.0,1
engine_step_start,1780280897.075352,1780280897.075352,1780280897.0874405,12.088537216186523,decode,1,0,451641,0.0,0.0,0.0,0.0,0.0,0
engine_step_start,1780280897.0753725,1780280897.0753725,1780280897.0874968,12.124300003051758,decode,0,0,451640,0.0,0.0,0.0,0.0,0.0,0
engine_step_start,1780280897.087445,1780280897.087445,1780280897.0996776,12.232542037963867,decode,1,0,451641,0.0,0.0,0.0,0.0,0.0,0
engine_step_start,1780280897.0875113,1780280897.0875113,1780280897.0996807,12.169361114501953,decode,0,0,451640,0.0,0.0,0.0,0.0,0.0,0
engine_step_start,1780280897.0996828,1780280897.0996828,1780280897.111827,12.144088745117188,decode,1,0,451641,0.0,0.0,0.0,0.0,0.0,0
engine_step_start,1780280897.099694,1780280897.099694,1780280897.1120307,12.33673095703125,decode,0,0,451640,0.0,0.0,0.0,0.0,0.0,0
engine_step_start,1780280897.111841,1780280897.111841,1780280897.1241207,12.279748916625977,decode,1,0,451641,9.70602035522461,0.7904086981846423,9.70602035522461,0.7904086981846423,1.0,1
engine_step_start,1780280897.1120367,1780280897.1120367,1780280897.124103,12.066364288330078,decode,0,0,451640,9.688377380371094,0.8029243232562735,9.688377380371094,0.8029243232562735,1.0,1
engine_step_start,1780280897.12412,1780280897.12412,1780280897.1362827,12.16268539428711,decode,0,0,451640,12.781620025634766,1.0508879915317364,12.16268539428711,1.0,1.0508879915317364,2
engine_step_start,1780280897.1241314,1780280897.1241314,1780280897.1362178,12.08639144897461,decode,1,0,451641,12.705326080322266,1.0512092160807984,12.08639144897461,1.0,1.0512092160807984,2
engine_step_start,1780280897.1362224,1780280897.1362224,1780280897.1485503,12.327909469604492,decode,1,0,451641,2.520322799682617,0.20444040458738663,2.520322799682617,0.20444040458738663,1.0,1
engine_step_start,1780280897.1362965,1780280897.1362965,1780280897.1485193,12.222766876220703,decode,0,0,451640,2.4461746215820312,0.20013264151679475,2.4461746215820312,0.20013264151679475,1.0,1
engine_step_start,1780280897.1485252,1780280897.1485252,1780280897.1607995,12.27426528930664,decode,0,0,451640,0.0,0.0,0.0,0.0,0.0,0
engine_step_start,1780280897.1485567,1780280897.1485567,1780280897.1606665,12.109756469726562,decode,1,0,451641,0.0,0.0,0.0,0.0,0.0,0
engine_step_start,1780280897.1606708,1780280897.1606708,1780280897.172957,12.286186218261719,decode,1,0,451641,0.0,0.0,0.0,0.0,0.0,0
engine_step_start,1780280897.160813,1780280897.160813,1780280897.173113,12.30001449584961,decode,0,0,451640,0.0,0.0,0.0,0.0,0.0,0
engine_step_start,1780280897.1729677,1780280897.1729677,1780280897.1855998,12.632131576538086,decode,1,0,451641,0.0,0.0,0.0,0.0,0.0,0
engine_step_start,1780280897.1731195,1780280897.1731195,1780280897.1855073,12.387752532958984,decode,0,0,451640,0.0,0.0,0.0,0.0,0.0,0
engine_step_start,1780280897.1860626,1780280897.1860626,1780280897.1978295,11.766910552978516,decode,0,0,451640,0.0,0.0,0.0,0.0,0.0,0
engine_step_start,1780280897.1860912,1780280897.1860912,1780280897.1976573,11.566162109375,decode,1,0,451641,0.0,0.0,0.0,0.0,0.0,0
engine_step_start,1780280897.1976728,1780280897.1976728,1780280897.2100167,12.343883514404297,decode,1,0,451641,9.900093078613281,0.8020241820218642,9.900093078613281,0.8020241820218642,1.0,1
engine_step_start,1780280897.1978364,1780280897.1978364,1780280897.2100515,12.215137481689453,decode,0,0,451640,9.93490219116211,0.8133270874809697,9.93490219116211,0.8133270874809697,1.0,1
engine_step_start,1780280897.210029,1780280897.210029,1780280897.2221992,12.17031478881836,decode,1,0,451641,16.153335571289062,1.3272734396426753,12.17031478881836,1.0,1.3272734396426753,2
engine_step_start,1780280897.210069,1780280897.210069,1780280897.2222621,12.19320297241211,decode,0,0,451640,16.176223754882812,1.3266591060185366,12.19320297241211,1.0,1.3266591060185366,2
engine_step_start,1780280897.222204,1780280897.222204,1780280897.234437,12.23301887512207,decode,1,0,451641,2.4225711822509766,0.19803543238028415,2.4225711822509766,0.19803543238028415,1.0,1
engine_step_start,1780280897.222277,1780280897.222277,1780280897.2344737,12.196779251098633,decode,0,0,451640,2.3496150970458984,0.19264225814649022,2.3496150970458984,0.19264225814649022,1.0,1
engine_step_start,1780280897.2344527,1780280897.2344527,1780280897.246616,12.163162231445312,decode,1,0,451641,6.6280364990234375,0.5449270816998588,6.6280364990234375,0.5449270816998588,1.0,1
engine_step_start,1780280897.2344809,1780280897.2344809,1780280897.246659,12.178182601928711,decode,0,0,451640,6.6280364990234375,0.5442549775837429,6.6280364990234375,0.5442549775837429,1.0,1
engine_step_start,1780280897.2466357,1780280897.2466357,1780280897.2588446,12.208938598632812,decode,1,0,451641,9.21487808227539,0.7547648804874239,5.28407096862793,0.4328034682080925,1.7438974868023283,2
engine_step_start,1780280897.2466881,1780280897.2466881,1780280897.2588181,12.130022048950195,decode,0,0,451640,9.21487808227539,0.7596752953200857,5.28407096862793,0.4356192385557325,1.7438974868023283,2
engine_step_start,1780280897.2588325,1780280897.2588325,1780280897.2710798,12.247323989868164,decode,0,0,451640,0.0,0.0,0.0,0.0,0.0,0
engine_step_start,1780280897.2588558,1780280897.2588558,1780280897.2710211,12.165307998657227,decode,1,0,451641,0.0,0.0,0.0,0.0,0.0,0
engine_step_start,1780280897.2710326,1780280897.2710326,1780280897.283458,12.425422668457031,decode,1,0,451641,0.0,0.0,0.0,0.0,0.0,0
engine_step_start,1780280897.2710862,1780280897.2710862,1780280897.2835314,12.445211410522461,decode,0,0,451640,0.0,0.0,0.0,0.0,0.0,0
engine_step_start,1780280897.2834682,1780280897.2834682,1780280897.2958493,12.38107681274414,decode,1,0,451641,0.0,0.0,0.0,0.0,0.0,0
engine_step_start,1780280897.2835455,1780280897.2835455,1780280897.295886,12.340545654296875,decode,0,0,451640,0.0,0.0,0.0,0.0,0.0,0
engine_step_start,1780280897.2958546,1780280897.2958546,1780280897.3082426,12.387990951538086,decode,1,0,451641,0.0,0.0,0.0,0.0,0.0,0
engine_step_start,1780280897.2958925,1780280897.2958925,1780280897.3082526,12.360095977783203,decode,0,0,451640,0.0,0.0,0.0,0.0,0.0,0
engine_step_start,1780280897.3082564,1780280897.3082564,1780280897.3206382,12.381792068481445,decode,1,0,451641,4.051923751831055,0.32724857027323667,2.7298927307128906,0.22047638303198352,1.4842794759825328,2
engine_step_start,1780280897.308268,1780280897.308268,1780280897.3206291,12.36104965209961,decode,0,0,451640,4.051923751831055,0.32779770859854185,2.7298927307128906,0.22084635265980018,1.4842794759825328,2
engine_step_start,1780280897.3206437,1780280897.3206437,1780280897.3331509,12.507200241088867,decode,0,0,451640,0.0,0.0,0.0,0.0,0.0,0
engine_step_start,1780280897.320648,1780280897.320648,1780280897.3331046,12.456655502319336,decode,1,0,451641,0.0,0.0,0.0,0.0,0.0,0
engine_step_start,1780280897.3331094,1780280897.3331094,1780280897.3454854,12.376070022583008,decode,1,0,451641,0.0,0.0,0.0,0.0,0.0,0
engine_step_start,1780280897.333157,1780280897.333157,1780280897.3455486,12.39156723022461,decode,0,0,451640,0.0,0.0,0.0,0.0,0.0,0
engine_step_start,1780280897.3454974,1780280897.3454974,1780280897.3579926,12.495279312133789,decode,1,0,451641,0.0,0.0,0.0,0.0,0.0,0
engine_step_start,1780280897.345563,1780280897.345563,1780280897.358057,12.494087219238281,decode,0,0,451640,0.0,0.0,0.0,0.0,0.0,0
engine_step_start,1780280897.3579974,1780280897.3579974,1780280897.3704991,12.501716613769531,decode,1,0,451641,0.0,0.0,0.0,0.0,0.0,0
engine_step_start,1780280897.3580704,1780280897.3580704,1780280897.3705187,12.448310852050781,decode,0,0,451640,0.0,0.0,0.0,0.0,0.0,0
engine_step_start,1780280897.3705044,1780280897.3705044,1780280897.382886,12.381553649902344,decode,1,0,451641,0.0,0.0,0.0,0.0,0.0,0
engine_step_start,1780280897.3705325,1780280897.3705325,1780280897.3829496,12.417078018188477,decode,0,0,451640,0.0,0.0,0.0,0.0,0.0,0
engine_step_start,1780280897.3828998,1780280897.3828998,1780280897.3952482,12.348413467407227,decode,1,0,451641,1.3680458068847656,0.11078717201166181,1.3680458068847656,0.11078717201166181,1.0,1
engine_step_start,1780280897.382963,1780280897.382963,1780280897.3954463,12.483358383178711,decode,0,0,451640,1.3680458068847656,0.10958956435378826,1.3680458068847656,0.10958956435378826,1.0,1
engine_step_start,1780280897.3952594,1780280897.3952594,1780280897.4077694,12.510061264038086,decode,1,0,451641,0.0,0.0,0.0,0.0,0.0,0
engine_step_start,1780280897.3954527,1780280897.3954527,1780280897.4077692,12.316465377807617,decode,0,0,451640,0.0,0.0,0.0,0.0,0.0,0
engine_step_start,1780280897.4077744,1780280897.4077744,1780280897.420073,12.298583984375,decode,1,0,451641,0.0,0.0,0.0,0.0,0.0,0
engine_step_start,1780280897.4077756,1780280897.4077756,1780280897.4201653,12.389659881591797,decode,0,0,451640,0.0,0.0,0.0,0.0,0.0,0
engine_step_start,1780280897.420083,1780280897.420083,1780280897.4324927,12.409687042236328,decode,1,0,451641,0.0,0.0,0.0,0.0,0.0,0
engine_step_start,1780280897.4201713,1780280897.4201713,1780280897.432615,12.443780899047852,decode,0,0,451640,0.0,0.0,0.0,0.0,0.0,0
engine_step_start,1780280897.432497,1780280897.432497,1780280897.4449615,12.464523315429688,decode,1,0,451641,0.0,0.0,0.0,0.0,0.0,0
engine_step_start,1780280897.4326215,1780280897.4326215,1780280897.4450324,12.410879135131836,decode,0,0,451640,0.0,0.0,0.0,0.0,0.0,0
engine_step_start,1780280897.4449658,1780280897.4449658,1780280897.4574778,12.511968612670898,decode,1,0,451641,0.0,0.0,0.0,0.0,0.0,0
engine_step_start,1780280897.4450386,1780280897.4450386,1780280897.4574072,12.36867904663086,decode,0,0,451640,0.0,0.0,0.0,0.0,0.0,0
engine_step_start,1780280897.4574263,1780280897.4574263,1780280897.4699588,12.532472610473633,decode,0,0,451640,4.030942916870117,0.3216398744411681,4.030942916870117,0.3216398744411681,1.0,1
engine_step_start,1780280897.4574852,1780280897.4574852,1780280897.469784,12.298822402954102,decode,1,0,451641,4.030942916870117,0.3277503150140545,4.030942916870117,0.3277503150140545,1.0,1
engine_step_start,1780280897.4697888,1780280897.4697888,1780280897.4823616,12.572765350341797,decode,1,0,451641,0.0,0.0,0.0,0.0,0.0,0
engine_step_start,1780280897.469973,1780280897.469973,1780280897.4823961,12.423038482666016,decode,0,0,451640,0.0,0.0,0.0,0.0,0.0,0
engine_step_start,1780280897.482368,1780280897.482368,1780280897.4945593,12.191295623779297,decode,1,0,451641,0.0,0.0,0.0,0.0,0.0,0
engine_step_start,1780280897.4824028,1780280897.4824028,1780280897.4946525,12.24970817565918,decode,0,0,451640,0.0,0.0,0.0,0.0,0.0,0
engine_step_start,1780280897.4945638,1780280897.4945638,1780280897.507071,12.507200241088867,decode,1,0,451641,0.0,0.0,0.0,0.0,0.0,0
engine_step_start,1780280897.494666,1780280897.494666,1780280897.5072052,12.539148330688477,decode,0,0,451640,0.0,0.0,0.0,0.0,0.0,0
engine_step_start,1780280897.5070753,1780280897.5070753,1780280897.519636,12.560606002807617,decode,1,0,451641,0.0,0.0,0.0,0.0,0.0,0
engine_step_start,1780280897.5072117,1780280897.5072117,1780280897.5196567,12.44497299194336,decode,0,0,451640,0.0,0.0,0.0,0.0,0.0,0
engine_step_start,1780280897.5196419,1780280897.5196419,1780280897.5318851,12.243270874023438,decode,1,0,451641,0.0,0.0,0.0,0.0,0.0,0
engine_step_start,1780280897.5196648,1780280897.5196648,1780280897.5320644,12.399673461914062,decode,0,0,451640,0.0,0.0,0.0,0.0,0.0,0
engine_step_start,1780280897.5318892,1780280897.5318892,1780280897.5443614,12.472152709960938,decode,1,0,451641,0.0,0.0,0.0,0.0,0.0,0
engine_step_start,1780280897.5320714,1780280897.5320714,1780280897.5444014,12.330055236816406,decode,0,0,451640,0.0,0.0,0.0,0.0,0.0,0
engine_step_start,1780280897.5443656,1780280897.5443656,1780280897.5567775,12.411832809448242,decode,1,0,451641,0.0,0.0,0.0,0.0,0.0,0
engine_step_start,1780280897.5444078,1780280897.5444078,1780280897.5569465,12.538671493530273,decode,0,0,451640,0.0,0.0,0.0,0.0,0.0,0
engine_step_start,1780280897.5567815,1780280897.5567815,1780280897.569245,12.463569641113281,decode,1,0,451641,0.0,0.0,0.0,0.0,0.0,0
engine_step_start,1780280897.5569527,1780280897.5569527,1780280897.5695193,12.566566467285156,decode,0,0,451640,0.0,0.0,0.0,0.0,0.0,0
engine_step_start,1780280897.5692496,1780280897.5692496,1780280897.581782,12.532472610473633,decode,1,0,451641,0.0,0.0,0.0,0.0,0.0,0
engine_step_start,1780280897.5695288,1780280897.5695288,1780280897.581783,12.25423812866211,decode,0,0,451640,0.0,0.0,0.0,0.0,0.0,0
engine_step_start,1780280897.5822244,1780280897.5822244,1780280897.5942967,12.072324752807617,decode,0,0,451640,0.0,0.0,0.0,0.0,0.0,0
engine_step_start,1780280897.5822322,1780280897.5822322,1780280897.5942237,11.991500854492188,decode,1,0,451641,0.0,0.0,0.0,0.0,0.0,0
engine_step_start,1780280897.594229,1780280897.594229,1780280897.6065974,12.368440628051758,decode,1,0,451641,0.0,0.0,0.0,0.0,0.0,0
engine_step_start,1780280897.5943034,1780280897.5943034,1780280897.6067462,12.442827224731445,decode,0,0,451640,0.0,0.0,0.0,0.0,0.0,0
engine_step_start,1780280897.6066122,1780280897.6066122,1780280897.619088,12.475728988647461,decode,1,0,451641,19.291400909423828,1.546314522139622,9.717226028442383,0.7788904389703213,1.985278602448659,2
engine_step_start,1780280897.606763,1780280897.606763,1780280897.6192422,12.479305267333984,decode,0,0,451640,19.59991455078125,1.570593404913836,9.871482849121094,0.7910282373619655,1.9855086465075837,2
engine_step_start,1780280897.6191,1780280897.6191,1780280897.6314592,12.359142303466797,decode,1,0,451641,15.182733535766602,1.2284617462093446,12.359142303466797,1.0,1.2284617462093446,2
engine_step_start,1780280897.6192572,1780280897.6192572,1780280897.631655,12.39776611328125,decode,0,0,451640,15.064239501953125,1.2150769230769232,12.39776611328125,1.0,1.2150769230769232,2
engine_step_start,1780280897.6314645,1780280897.6314645,1780280897.6439703,12.505769729614258,decode,1,0,451641,9.644269943237305,0.7711856328522677,9.598970413208008,0.7675633424208339,1.004719207173195,2
engine_step_start,1780280897.6316779,1780280897.6316779,1780280897.6440084,12.33053207397461,decode,0,0,451640,9.430885314941406,0.7648400943578638,9.38558578491211,0.761166325070575,1.0048265000254026,2
engine_step_start,1780280897.6439755,1780280897.6439755,1780280897.6565442,12.56871223449707,decode,1,0,451641,0.0,0.0,0.0,0.0,0.0,0
engine_step_start,1780280897.6440222,1780280897.6440222,1780280897.6564846,12.462377548217773,decode,0,0,451640,0.0,0.0,0.0,0.0,0.0,0
engine_step_start,1780280897.6564984,1780280897.6564984,1780280897.6688397,12.34126091003418,decode,0,0,451640,0.0,0.0,0.0,0.0,0.0,0
engine_step_start,1780280897.6565516,1780280897.6565516,1780280897.6688447,12.293100357055664,decode,1,0,451641,0.0,0.0,0.0,0.0,0.0,0
engine_step_start,1780280897.6688526,1780280897.6688526,1780280897.6812956,12.443065643310547,decode,0,0,451640,0.0,0.0,0.0,0.0,0.0,0
engine_step_start,1780280897.6688566,1780280897.6688566,1780280897.68115,12.293338775634766,decode,1,0,451641,0.0,0.0,0.0,0.0,0.0,0
engine_step_start,1780280897.6811552,1780280897.6811552,1780280897.6935048,12.349605560302734,decode,1,0,451641,0.0,0.0,0.0,0.0,0.0,0
engine_step_start,1780280897.681302,1780280897.681302,1780280897.6936703,12.368202209472656,decode,0,0,451640,0.0,0.0,0.0,0.0,0.0,0
engine_step_start,1780280897.6935098,1780280897.6935098,1780280897.7059677,12.457847595214844,decode,1,0,451641,0.0,0.0,0.0,0.0,0.0,0
engine_step_start,1780280897.6936765,1780280897.6936765,1780280897.7059774,12.300968170166016,decode,0,0,451640,0.0,0.0,0.0,0.0,0.0,0
engine_step_start,1780280897.7059736,1780280897.7059736,1780280897.718421,12.447357177734375,decode,1,0,451641,9.815216064453125,0.7885381550720196,9.815216064453125,0.7885381550720196,1.0,1
engine_step_start,1780280897.7059937,1780280897.7059937,1780280897.7183404,12.346744537353516,decode,0,0,451640,9.734630584716797,0.7884370293129417,9.734630584716797,0.7884370293129417,1.0,1
engine_step_start,1780280897.7183561,1780280897.7183561,1780280897.7314723,13.116121292114258,decode,0,0,451640,13.116121292114258,1.0,13.116121292114258,1.0,1.0,1
engine_step_start,1780280897.7184286,1780280897.7184286,1780280897.7314048,12.97616958618164,decode,1,0,451641,12.97616958618164,1.0,12.97616958618164,1.0,1.0,1
engine_step_start,1780280897.7314098,1780280897.7314098,1780280897.7437534,12.343645095825195,decode,1,0,451641,2.827882766723633,0.22909624707859308,2.827882766723633,0.22909624707859308,1.0,1
engine_step_start,1780280897.7314787,1780280897.7314787,1780280897.743905,12.426376342773438,decode,0,0,451640,2.7589797973632812,0.2220260936300844,2.7589797973632812,0.2220260936300844,1.0,1
engine_step_start,1780280897.7437584,1780280897.7437584,1780280897.7561145,12.356042861938477,decode,1,0,451641,0.0,0.0,0.0,0.0,0.0,0
engine_step_start,1780280897.7439194,1780280897.7439194,1780280897.756296,12.376546859741211,decode,0,0,451640,0.0,0.0,0.0,0.0,0.0,0
engine_step_start,1780280897.7561193,1780280897.7561193,1780280897.7686217,12.502431869506836,decode,1,0,451641,0.0,0.0,0.0,0.0,0.0,0
engine_step_start,1780280897.756302,1780280897.756302,1780280897.7685997,12.297630310058594,decode,0,0,451640,0.0,0.0,0.0,0.0,0.0,0
engine_step_start,1780280897.7686126,1780280897.7686126,1780280897.7809985,12.385845184326172,decode,0,0,451640,0.0,0.0,0.0,0.0,0.0,0
engine_step_start,1780280897.7686272,1780280897.7686272,1780280897.7809176,12.290477752685547,decode,1,0,451641,0.0,0.0,0.0,0.0,0.0,0
engine_step_start,1780280897.780923,1780280897.780923,1780280897.7933123,12.389421463012695,decode,1,0,451641,0.0,0.0,0.0,0.0,0.0,0
engine_step_start,1780280897.7810056,1780280897.7810056,1780280897.7933245,12.318849563598633,decode,0,0,451640,0.0,0.0,0.0,0.0,0.0,0
engine_step_start,1780280897.7933173,1780280897.7933173,1780280897.8056943,12.377023696899414,decode,1,0,451641,0.0,0.0,0.0,0.0,0.0,0
engine_step_start,1780280897.7933307,1780280897.7933307,1780280897.8058617,12.531042098999023,decode,0,0,451640,0.0,0.0,0.0,0.0,0.0,0
engine_step_start,1780280897.805699,1780280897.805699,1780280897.8183007,12.601613998413086,decode,1,0,451641,0.0,0.0,0.0,0.0,0.0,0
engine_step_start,1780280897.8058677,1780280897.8058677,1780280897.818309,12.441396713256836,decode,0,0,451640,0.0,0.0,0.0,0.0,0.0,0
engine_step_start,1780280897.8183064,1780280897.8183064,1780280897.830663,12.35651969909668,decode,1,0,451641,0.0,0.0,0.0,0.0,0.0,0
engine_step_start,1780280897.818316,1780280897.818316,1780280897.8307033,12.387275695800781,decode,0,0,451640,0.0,0.0,0.0,0.0,0.0,0
engine_step_start,1780280897.8306684,1780280897.8306684,1780280897.8430269,12.358427047729492,decode,1,0,451641,0.0,0.0,0.0,0.0,0.0,0
engine_step_start,1780280897.8307097,1780280897.8307097,1780280897.8431168,12.407064437866211,decode,0,0,451640,0.0,0.0,0.0,0.0,0.0,0
engine_step_start,1780280897.8430314,1780280897.8430314,1780280897.8554797,12.448310852050781,decode,1,0,451641,0.0,0.0,0.0,0.0,0.0,0
engine_step_start,1780280897.8431237,1780280897.8431237,1780280897.855494,12.37034797668457,decode,0,0,451640,0.0,0.0,0.0,0.0,0.0,0
engine_step_start,1780280897.855484,1780280897.855484,1780280897.867918,12.434005737304688,decode,1,0,451641,0.0,0.0,0.0,0.0,0.0,0
engine_step_start,1780280897.855501,1780280897.855501,1780280897.867913,12.412071228027344,decode,0,0,451640,0.0,0.0,0.0,0.0,0.0,0
engine_step_start,1780280897.8679233,1780280897.8679233,1780280897.8802557,12.332439422607422,decode,1,0,451641,0.0,0.0,0.0,0.0,0.0,0
engine_step_start,1780280897.8679287,1780280897.8679287,1780280897.880223,12.294292449951172,decode,0,0,451640,0.0,0.0,0.0,0.0,0.0,0
engine_step_start,1780280897.880229,1780280897.880229,1780280897.8927023,12.473344802856445,decode,0,0,451640,0.0,0.0,0.0,0.0,0.0,0
engine_step_start,1780280897.880267,1780280897.880267,1780280897.8925288,12.26186752319336,decode,1,0,451641,0.0,0.0,0.0,0.0,0.0,0
engine_step_start,1780280897.8925345,1780280897.8925345,1780280897.9049404,12.405872344970703,decode,1,0,451641,0.0,0.0,0.0,0.0,0.0,0
engine_step_start,1780280897.8927083,1780280897.8927083,1780280897.905,12.291669845581055,decode,0,0,451640,0.0,0.0,0.0,0.0,0.0,0
engine_step_start,1780280897.9049454,1780280897.9049454,1780280897.9172506,12.305259704589844,decode,1,0,451641,0.0,0.0,0.0,0.0,0.0,0
engine_step_start,1780280897.9050064,1780280897.9050064,1780280897.917279,12.27259635925293,decode,0,0,451640,0.0,0.0,0.0,0.0,0.0,0
engine_step_start,1780280897.917256,1780280897.917256,1780280897.9297109,12.454748153686523,decode,1,0,451641,0.0,0.0,0.0,0.0,0.0,0
engine_step_start,1780280897.9172852,1780280897.9172852,1780280897.9297254,12.440204620361328,decode,0,0,451640,0.0,0.0,0.0,0.0,0.0,0
engine_step_start,1780280897.929716,1780280897.929716,1780280897.9419754,12.259244918823242,decode,1,0,451641,0.0,0.0,0.0,0.0,0.0,0
engine_step_start,1780280897.9297316,1780280897.9297316,1780280897.9421828,12.451171875,decode,0,0,451640,0.0,0.0,0.0,0.0,0.0,0
engine_step_start,1780280897.9419796,1780280897.9419796,1780280897.9543178,12.33816146850586,decode,1,0,451641,0.0,0.0,0.0,0.0,0.0,0
engine_step_start,1780280897.9421892,1780280897.9421892,1780280897.9544277,12.238502502441406,decode,0,0,451640,0.0,0.0,0.0,0.0,0.0,0
engine_step_start,1780280897.9543223,1780280897.9543223,1780280897.9668453,12.52293586730957,decode,1,0,451641,0.0,0.0,0.0,0.0,0.0,0
engine_step_start,1780280897.954434,1780280897.954434,1780280897.966867,12.433052062988281,decode,0,0,451640,0.0,0.0,0.0,0.0,0.0,0
engine_step_start,1780280897.9668498,1780280897.9668498,1780280897.979105,12.255191802978516,decode,1,0,451641,0.0,0.0,0.0,0.0,0.0,0
engine_step_start,1780280897.9668722,1780280897.9668722,1780280897.9792316,12.359380722045898,decode,0,0,451640,0.0,0.0,0.0,0.0,0.0,0
engine_step_start,1780280897.979622,1780280897.979622,1780280897.9915926,11.970758438110352,decode,0,0,451640,0.0,0.0,0.0,0.0,0.0,0
engine_step_start,1780280897.9796295,1780280897.9796295,1780280897.9915695,11.94000244140625,decode,1,0,451641,0.0,0.0,0.0,0.0,0.0,0
engine_step_start,1780280897.9915755,1780280897.9915755,1780280898.0039437,12.368202209472656,decode,1,0,451641,0.0,0.0,0.0,0.0,0.0,0
engine_step_start,1780280897.991599,1780280897.991599,1780280898.004064,12.46500015258789,decode,0,0,451640,0.0,0.0,0.0,0.0,0.0,0
engine_step_start,1780280898.003949,1780280898.003949,1780280898.0164692,12.520313262939453,decode,1,0,451641,0.0,0.0,0.0,0.0,0.0,0
engine_step_start,1780280898.0040705,1780280898.0040705,1780280898.0165956,12.525081634521484,decode,0,0,451640,0.0,0.0,0.0,0.0,0.0,0
engine_step_start,1780280898.0164745,1780280898.0164745,1780280898.028942,12.467622756958008,decode,1,0,451641,9.928464889526367,0.7963398542826,9.928464889526367,0.7963398542826,1.0,1
engine_step_start,1780280898.0166206,1780280898.0166206,1780280898.028924,12.303352355957031,decode,0,0,451640,9.910345077514648,0.8054995736764592,9.910345077514648,0.8054995736764592,1.0,1
engine_step_start,1780280898.0289376,1780280898.0289376,1780280898.042511,13.573408126831055,decode,0,0,451640,2.1860599517822266,0.16105460996645063,2.1860599517822266,0.16105460996645063,1.0,1
engine_step_start,1780280898.0289612,1780280898.0289612,1780280898.042303,13.341903686523438,decode,1,0,451641,2.162456512451172,0.16208005718370264,2.162456512451172,0.16208005718370264,1.0,1
engine_step_start,1780280898.042316,1780280898.042316,1780280898.054746,12.429952621459961,decode,1,0,451641,0.0,0.0,0.0,0.0,0.0,0
engine_step_start,1780280898.0425203,1780280898.0425203,1780280898.0548332,12.312889099121094,decode,0,0,451640,0.0,0.0,0.0,0.0,0.0,0
engine_step_start,1780280898.0547504,1780280898.0547504,1780280898.0671778,12.427330017089844,decode,1,0,451641,0.0,0.0,0.0,0.0,0.0,0
engine_step_start,1780280898.0548484,1780280898.0548484,1780280898.067326,12.477636337280273,decode,0,0,451640,0.0,0.0,0.0,0.0,0.0,0
engine_step_start,1780280898.067189,1780280898.067189,1780280898.079738,12.54892349243164,decode,1,0,451641,0.0,0.0,0.0,0.0,0.0,0
engine_step_start,1780280898.0673327,1780280898.0673327,1780280898.0797868,12.454032897949219,decode,0,0,451640,0.0,0.0,0.0,0.0,0.0,0
engine_step_start,1780280898.0797486,1780280898.0797486,1780280898.092177,12.42828369140625,decode,1,0,451641,0.0,0.0,0.0,0.0,0.0,0
engine_step_start,1780280898.0797932,1780280898.0797932,1780280898.092271,12.477874755859375,decode,0,0,451640,0.0,0.0,0.0,0.0,0.0,0
engine_step_start,1780280898.0921822,1780280898.0921822,1780280898.1044946,12.31241226196289,decode,1,0,451641,0.0,0.0,0.0,0.0,0.0,0
engine_step_start,1780280898.0922852,1780280898.0922852,1780280898.1046445,12.359380722045898,decode,0,0,451640,0.0,0.0,0.0,0.0,0.0,0
engine_step_start,1780280898.1044996,1780280898.1044996,1780280898.116968,12.468338012695312,decode,1,0,451641,0.0,0.0,0.0,0.0,0.0,0
engine_step_start,1780280898.104651,1780280898.104651,1780280898.1169384,12.287378311157227,decode,0,0,451640,0.0,0.0,0.0,0.0,0.0,0
engine_step_start,1780280898.1169448,1780280898.1169448,1780280898.1294878,12.542963027954102,decode,0,0,451640,0.0,0.0,0.0,0.0,0.0,0
engine_step_start,1780280898.116973,1780280898.116973,1780280898.129317,12.344121932983398,decode,1,0,451641,0.0,0.0,0.0,0.0,0.0,0
engine_step_start,1780280898.1293218,1780280898.1293218,1780280898.1416874,12.365579605102539,decode,1,0,451641,0.0,0.0,0.0,0.0,0.0,0
engine_step_start,1780280898.1294973,1780280898.1294973,1780280898.1417723,12.274980545043945,decode,0,0,451640,0.0,0.0,0.0,0.0,0.0,0
engine_step_start,1780280898.1416922,1780280898.1416922,1780280898.1540074,12.31527328491211,decode,1,0,451641,0.0,0.0,0.0,0.0,0.0,0
engine_step_start,1780280898.1417794,1780280898.1417794,1780280898.1541445,12.365102767944336,decode,0,0,451640,0.0,0.0,0.0,0.0,0.0,0
engine_step_start,1780280898.1540124,1780280898.1540124,1780280898.1664772,12.464761734008789,decode,1,0,451641,2.0449161529541016,0.16405577552074369,2.0449161529541016,0.16405577552074369,1.0,1
engine_step_start,1780280898.1541617,1780280898.1541617,1780280898.1664288,12.267112731933594,decode,0,0,451640,2.0449161529541016,0.16669905931742207,2.0449161529541016,0.16669905931742207,1.0,1
engine_step_start,1780280898.1664436,1780280898.1664436,1780280898.1786113,12.167692184448242,decode,0,0,451640,0.0,0.0,0.0,0.0,0.0,0
engine_step_start,1780280898.1664896,1780280898.1664896,1780280898.1784275,11.937856674194336,decode,1,0,451641,0.0,0.0,0.0,0.0,0.0,0
engine_step_start,1780280898.1784317,1780280898.1784317,1780280898.190627,12.195348739624023,decode,1,0,451641,0.0,0.0,0.0,0.0,0.0,0
engine_step_start,1780280898.1786172,1780280898.1786172,1780280898.190695,12.077808380126953,decode,0,0,451640,0.0,0.0,0.0,0.0,0.0,0
engine_step_start,1780280898.1906319,1780280898.1906319,1780280898.202803,12.171030044555664,decode,1,0,451641,0.0,0.0,0.0,0.0,0.0,0
engine_step_start,1780280898.1907089,1780280898.1907089,1780280898.2027972,12.088298797607422,decode,0,0,451640,0.0,0.0,0.0,0.0,0.0,0
engine_step_start,1780280898.202803,1780280898.202803,1780280898.2151115,12.308597564697266,decode,0,0,451640,0.0,0.0,0.0,0.0,0.0,0
engine_step_start,1780280898.2028131,1780280898.2028131,1780280898.2150228,12.209653854370117,decode,1,0,451641,0.0,0.0,0.0,0.0,0.0,0
engine_step_start,1780280898.2150276,1780280898.2150276,1780280898.227255,12.227535247802734,decode,1,0,451641,0.0,0.0,0.0,0.0,0.0,0
engine_step_start,1780280898.2151182,1780280898.2151182,1780280898.227309,12.190818786621094,decode,0,0,451640,0.0,0.0,0.0,0.0,0.0,0
engine_step_start,1780280898.2272599,1780280898.2272599,1780280898.239577,12.317180633544922,decode,1,0,451641,0.0,0.0,0.0,0.0,0.0,0
engine_step_start,1780280898.227315,1780280898.227315,1780280898.239694,12.379169464111328,decode,0,0,451640,0.0,0.0,0.0,0.0,0.0,0
engine_step_start,1780280898.2395813,1780280898.2395813,1780280898.251725,12.143611907958984,decode,1,0,451641,0.0,0.0,0.0,0.0,0.0,0
engine_step_start,1780280898.239701,1780280898.239701,1780280898.2518003,12.099266052246094,decode,0,0,451640,0.0,0.0,0.0,0.0,0.0,0
engine_step_start,1780280898.25173,1780280898.25173,1780280898.2639792,12.249231338500977,decode,1,0,451641,0.0,0.0,0.0,0.0,0.0,0
engine_step_start,1780280898.2518065,1780280898.2518065,1780280898.2639756,12.169122695922852,decode,0,0,451640,0.0,0.0,0.0,0.0,0.0,0
engine_step_start,1780280898.2639906,1780280898.2639906,1780280898.2761948,12.204170227050781,decode,0,0,451640,2.0160675048828125,0.16519496757052435,2.0160675048828125,0.16519496757052435,1.0,1
engine_step_start,1780280898.2639954,1780280898.2639954,1780280898.2761452,12.149810791015625,decode,1,0,451641,2.0160675048828125,0.16593406593406593,2.0160675048828125,0.16593406593406593,1.0,1
engine_step_start,1780280898.2761574,1780280898.2761574,1780280898.2883675,12.21013069152832,decode,1,0,451641,0.0,0.0,0.0,0.0,0.0,0
engine_step_start,1780280898.276201,1780280898.276201,1780280898.288487,12.285947799682617,decode,0,0,451640,0.0,0.0,0.0,0.0,0.0,0
engine_step_start,1780280898.2883725,1780280898.2883725,1780280898.300612,12.239456176757812,decode,1,0,451641,0.0,0.0,0.0,0.0,0.0,0
engine_step_start,1780280898.2884932,1780280898.2884932,1780280898.30064,12.146949768066406,decode,0,0,451640,0.0,0.0,0.0,0.0,0.0,0
engine_step_start,1780280898.3006234,1780280898.3006234,1780280898.3127928,12.169361114501953,decode,1,0,451641,0.0,0.0,0.0,0.0,0.0,0
engine_step_start,1780280898.3006458,1780280898.3006458,1780280898.3129041,12.258291244506836,decode,0,0,451640,0.0,0.0,0.0,0.0,0.0,0
engine_step_start,1780280898.3127978,1780280898.3127978,1780280898.3252308,12.433052062988281,decode,1,0,451641,0.0,0.0,0.0,0.0,0.0,0
engine_step_start,1780280898.3129096,1780280898.3129096,1780280898.3252285,12.318849563598633,decode,0,0,451640,0.0,0.0,0.0,0.0,0.0,0
engine_step_start,1780280898.3252344,1780280898.3252344,1780280898.3375516,12.317180633544922,decode,0,0,451640,0.0,0.0,0.0,0.0,0.0,0
engine_step_start,1780280898.325236,1780280898.325236,1780280898.3374507,12.21466064453125,decode,1,0,451641,0.0,0.0,0.0,0.0,0.0,0
engine_step_start,1780280898.3374648,1780280898.3374648,1780280898.3498304,12.365579605102539,decode,1,0,451641,11.101722717285156,0.897792345512388,9.935617446899414,0.8034898293646968,1.1173661603436278,2
engine_step_start,1780280898.3375697,1780280898.3375697,1780280898.349826,12.256383895874023,decode,0,0,451640,11.097431182861328,0.9054408932635634,9.931325912475586,0.8102982084151964,1.117416876725483,2
engine_step_start,1780280898.3498416,1780280898.3498416,1780280898.3622172,12.375593185424805,decode,0,0,451640,12.375593185424805,1.0,12.375593185424805,1.0,1.0,1
engine_step_start,1780280898.3498418,1780280898.3498418,1780280898.362049,12.207269668579102,decode,1,0,451641,12.207269668579102,1.0,12.207269668579102,1.0,1.0,1
engine_step_start,1780280898.362054,1780280898.362054,1780280898.3743136,12.259483337402344,decode,1,0,451641,12.363433837890625,1.0084791909762738,7.616519927978516,0.6212757681835862,1.6232392161772993,2
engine_step_start,1780280898.3622396,1780280898.3622396,1780280898.3743713,12.131690979003906,decode,0,0,451640,12.17794418334961,1.0038125933495794,7.4310302734375,0.6125304614417105,1.638796201232033,2
engine_step_start,1780280898.374822,1780280898.374822,1780280898.3868294,12.007474899291992,decode,0,0,451640,9.662628173828125,0.8047177491412346,9.662628173828125,0.8047177491412346,1.0,1
engine_step_start,1780280898.374846,1780280898.374846,1780280898.3867733,11.927366256713867,decode,1,0,451641,9.606599807739258,0.8054250704619506,9.606599807739258,0.8054250704619506,1.0,1
engine_step_start,1780280898.3867848,1780280898.3867848,1780280898.3992116,12.42685317993164,decode,1,0,451641,2.716064453125,0.2185641379839607,2.716064453125,0.2185641379839607,1.0,1
engine_step_start,1780280898.3868363,1780280898.3868363,1780280898.3992424,12.406110763549805,decode,0,0,451640,2.6645660400390625,0.2147785144614202,2.6645660400390625,0.2147785144614202,1.0,1
engine_step_start,1780280898.3992162,1780280898.3992162,1780280898.4116516,12.435436248779297,decode,1,0,451641,0.0,0.0,0.0,0.0,0.0,0
engine_step_start,1780280898.3992565,1780280898.3992565,1780280898.4116697,12.413263320922852,decode,0,0,451640,0.0,0.0,0.0,0.0,0.0,0
engine_step_start,1780280898.411656,1780280898.411656,1780280898.4241662,12.510299682617188,decode,1,0,451641,0.0,0.0,0.0,0.0,0.0,0
engine_step_start,1780280898.4116757,1780280898.4116757,1780280898.4240444,12.36867904663086,decode,0,0,451640,0.0,0.0,0.0,0.0,0.0,0
engine_step_start,1780280898.42405,1780280898.42405,1780280898.4365745,12.52436637878418,decode,0,0,451640,0.0,0.0,0.0,0.0,0.0,0
engine_step_start,1780280898.4241793,1780280898.4241793,1780280898.4365044,12.325048446655273,decode,1,0,451641,0.0,0.0,0.0,0.0,0.0,0
engine_step_start,1780280898.4365106,1780280898.4365106,1780280898.4487424,12.231826782226562,decode,1,0,451641,0.0,0.0,0.0,0.0,0.0,0
engine_step_start,1780280898.4365807,1780280898.4365807,1780280898.448955,12.374401092529297,decode,0,0,451640,0.0,0.0,0.0,0.0,0.0,0
engine_step_start,1780280898.4487472,1780280898.4487472,1780280898.4611583,12.411117553710938,decode,1,0,451641,0.0,0.0,0.0,0.0,0.0,0
engine_step_start,1780280898.4489698,1780280898.4489698,1780280898.4613593,12.389421463012695,decode,0,0,451640,0.0,0.0,0.0,0.0,0.0,0
engine_step_start,1780280898.4611642,1780280898.4611642,1780280898.473497,12.332677841186523,decode,1,0,451641,0.0,0.0,0.0,0.0,0.0,0
engine_step_start,1780280898.4613764,1780280898.4613764,1780280898.473573,12.196540832519531,decode,0,0,451640,0.0,0.0,0.0,0.0,0.0,0
engine_step_start,1780280898.473502,1780280898.473502,1780280898.4858453,12.343406677246094,decode,1,0,451641,0.0,0.0,0.0,0.0,0.0,0
engine_step_start,1780280898.47358,1780280898.47358,1780280898.485849,12.269020080566406,decode,0,0,451640,0.0,0.0,0.0,0.0,0.0,0
engine_step_start,1780280898.485851,1780280898.485851,1780280898.4981315,12.280464172363281,decode,1,0,451641,0.0,0.0,0.0,0.0,0.0,0
engine_step_start,1780280898.485855,1780280898.485855,1780280898.4982398,12.384653091430664,decode,0,0,451640,0.0,0.0,0.0,0.0,0.0,0
engine_step_start,1780280898.498146,1780280898.498146,1780280898.5104856,12.339591979980469,decode,1,0,451641,1.3849735260009766,0.11223819460545638,1.3849735260009766,0.11223819460545638,1.0,1
engine_step_start,1780280898.4982464,1780280898.4982464,1780280898.5105777,12.331247329711914,decode,0,0,451640,1.3849735260009766,0.11231414705825486,1.3849735260009766,0.11231414705825486,1.0,1
engine_step_start,1780280898.5104983,1780280898.5104983,1780280898.5228326,12.334346771240234,decode,1,0,451641,0.0,0.0,0.0,0.0,0.0,0
engine_step_start,1780280898.5105844,1780280898.5105844,1780280898.5228477,12.263298034667969,decode,0,0,451640,0.0,0.0,0.0,0.0,0.0,0
engine_step_start,1780280898.5228395,1780280898.5228395,1780280898.5350754,12.235879898071289,decode,1,0,451641,0.0,0.0,0.0,0.0,0.0,0
engine_step_start,1780280898.5228627,1780280898.5228627,1780280898.5351307,12.26806640625,decode,0,0,451640,0.0,0.0,0.0,0.0,0.0,0
engine_step_start,1780280898.5350878,1780280898.5350878,1780280898.5473456,12.257814407348633,decode,1,0,451641,0.0,0.0,0.0,0.0,0.0,0
engine_step_start,1780280898.5351458,1780280898.5351458,1780280898.5474336,12.28785514831543,decode,0,0,451640,0.0,0.0,0.0,0.0,0.0,0
engine_step_start,1780280898.5473514,1780280898.5473514,1780280898.559644,12.292623519897461,decode,1,0,451641,0.0,0.0,0.0,0.0,0.0,0
engine_step_start,1780280898.5474415,1780280898.5474415,1780280898.5597532,12.311697006225586,decode,0,0,451640,0.0,0.0,0.0,0.0,0.0,0
engine_step_start,1780280898.559649,1780280898.559649,1780280898.5719423,12.293338775634766,decode,1,0,451641,0.0,0.0,0.0,0.0,0.0,0
engine_step_start,1780280898.5597606,1780280898.5597606,1780280898.5719485,12.187957763671875,decode,0,0,451640,0.0,0.0,0.0,0.0,0.0,0
engine_step_start,1780280898.5719483,1780280898.5719483,1780280898.5842016,12.253284454345703,decode,1,0,451641,0.0,0.0,0.0,0.0,0.0,0
engine_step_start,1780280898.571955,1780280898.571955,1780280898.5842345,12.279510498046875,decode,0,0,451640,0.0,0.0,0.0,0.0,0.0,0
engine_step_start,1780280898.5842068,1780280898.5842068,1780280898.5964346,12.227773666381836,decode,1,0,451641,0.0,0.0,0.0,0.0,0.0,0
engine_step_start,1780280898.584241,1780280898.584241,1780280898.596535,12.29405403137207,decode,0,0,451640,0.0,0.0,0.0,0.0,0.0,0
engine_step_start,1780280898.5964394,1780280898.5964394,1780280898.6088164,12.377023696899414,decode,1,0,451641,0.0,0.0,0.0,0.0,0.0,0
engine_step_start,1780280898.5965412,1780280898.5965412,1780280898.6089242,12.382984161376953,decode,0,0,451640,0.0,0.0,0.0,0.0,0.0,0
engine_step_start,1780280898.6088214,1780280898.6088214,1780280898.6212976,12.476205825805664,decode,1,0,451641,5.320072174072266,0.4264174740583615,5.320072174072266,0.4264174740583615,1.0,1
engine_step_start,1780280898.6089408,1780280898.6089408,1780280898.6212587,12.317895889282227,decode,0,0,451640,5.320072174072266,0.4318978031549405,5.320072174072266,0.4318978031549405,1.0,1
engine_step_start,1780280898.6212742,1780280898.6212742,1780280898.633606,12.331724166870117,decode,0,0,451640,0.0,0.0,0.0,0.0,0.0,0
engine_step_start,1780280898.621307,1780280898.621307,1780280898.6336508,12.343883514404297,decode,1,0,451641,0.0,0.0,0.0,0.0,0.0,0
engine_step_start,1780280898.6336129,1780280898.6336129,1780280898.6459484,12.335538864135742,decode,0,0,451640,0.0,0.0,0.0,0.0,0.0,0
engine_step_start,1780280898.633659,1780280898.633659,1780280898.6459544,12.29548454284668,decode,1,0,451641,0.0,0.0,0.0,0.0,0.0,0
engine_step_start,1780280898.6459637,1780280898.6459637,1780280898.658218,12.25423812866211,decode,0,0,451640,0.0,0.0,0.0,0.0,0.0,0
engine_step_start,1780280898.645971,1780280898.645971,1780280898.658207,12.235879898071289,decode,1,0,451641,0.0,0.0,0.0,0.0,0.0,0
engine_step_start,1780280898.6582131,1780280898.6582131,1780280898.6704383,12.225151062011719,decode,1,0,451641,0.0,0.0,0.0,0.0,0.0,0
engine_step_start,1780280898.6582317,1780280898.6582317,1780280898.670557,12.325286865234375,decode,0,0,451640,0.0,0.0,0.0,0.0,0.0,0
engine_step_start,1780280898.6704502,1780280898.6704502,1780280898.6828291,12.378931045532227,decode,1,0,451641,2.8638839721679688,0.23135147628127348,2.8638839721679688,0.23135147628127348,1.0,1
engine_step_start,1780280898.6705732,1780280898.6705732,1780280898.6827142,12.140989303588867,decode,0,0,451640,2.8638839721679688,0.2358855526972095,2.8638839721679688,0.2358855526972095,1.0,1
engine_step_start,1780280898.682736,1780280898.682736,1780280898.6951544,12.418508529663086,decode,0,0,451640,1.8351078033447266,0.14777199685142167,1.8351078033447266,0.14777199685142167,1.0,1
engine_step_start,1780280898.6828375,1780280898.6828375,1780280898.6949835,12.14599609375,decode,1,0,451641,1.8351078033447266,0.15108746859296482,1.8351078033447266,0.15108746859296482,1.0,1
engine_step_start,1780280898.6949892,1780280898.6949892,1780280898.7075136,12.52436637878418,decode,1,0,451641,0.0,0.0,0.0,0.0,0.0,0
engine_step_start,1780280898.6951683,1780280898.6951683,1780280898.7074862,12.317895889282227,decode,0,0,451640,0.0,0.0,0.0,0.0,0.0,0
engine_step_start,1780280898.7075,1780280898.7075,1780280898.7198203,12.320280075073242,decode,0,0,451640,0.0,0.0,0.0,0.0,0.0,0
engine_step_start,1780280898.7075224,1780280898.7075224,1780280898.719821,12.298583984375,decode,1,0,451641,0.0,0.0,0.0,0.0,0.0,0
engine_step_start,1780280898.719828,1780280898.719828,1780280898.7321422,12.314319610595703,decode,1,0,451641,0.0,0.0,0.0,0.0,0.0,0
engine_step_start,1780280898.7198334,1780280898.7198334,1780280898.7321131,12.279748916625977,decode,0,0,451640,0.0,0.0,0.0,0.0,0.0,0
engine_step_start,1780280898.7321193,1780280898.7321193,1780280898.7444308,12.311458587646484,decode,0,0,451640,0.0,0.0,0.0,0.0,0.0,0
engine_step_start,1780280898.7321477,1780280898.7321477,1780280898.7444286,12.280941009521484,decode,1,0,451641,0.0,0.0,0.0,0.0,0.0,0
engine_step_start,1780280898.744434,1780280898.744434,1780280898.7566278,12.193679809570312,decode,1,0,451641,0.0,0.0,0.0,0.0,0.0,0
engine_step_start,1780280898.744437,1780280898.744437,1780280898.7567413,12.304306030273438,decode,0,0,451640,0.0,0.0,0.0,0.0,0.0,0
engine_step_start,1780280898.756633,1780280898.756633,1780280898.769043,12.40992546081543,decode,1,0,451641,9.993314743041992,0.8052679103187259,9.993314743041992,0.8052679103187259,1.0,1
engine_step_start,1780280898.7567575,1780280898.7567575,1780280898.7689779,12.220382690429688,decode,0,0,451640,9.928226470947266,0.8124317153113781,9.928226470947266,0.8124317153113781,1.0,1
engine_step_start,1780280898.7697036,1780280898.7697036,1780280898.7813604,11.656761169433594,decode,0,0,451640,4.600048065185547,0.39462488750715863,4.442930221557617,0.38114619978728626,1.0353635631875504,2
engine_step_start,1780280898.7697306,1780280898.7697306,1780280898.7814178,11.687278747558594,decode,1,0,451641,4.57310676574707,0.3912892696858425,4.415988922119141,0.37784577723378215,1.035579311089515,2
engine_step_start,1780280898.7813687,1780280898.7813687,1780280898.7936745,12.305736541748047,decode,0,0,451640,0.0,0.0,0.0,0.0,0.0,0
engine_step_start,1780280898.7814348,1780280898.7814348,1780280898.7936866,12.251853942871094,decode,1,0,451641,0.0,0.0,0.0,0.0,0.0,0
engine_step_start,1780280898.7936814,1780280898.7936814,1780280898.805942,12.260675430297852,decode,0,0,451640,0.0,0.0,0.0,0.0,0.0,0
engine_step_start,1780280898.7936924,1780280898.7936924,1780280898.8059132,12.22085952758789,decode,1,0,451641,0.0,0.0,0.0,0.0,0.0,0
engine_step_start,1780280898.8059266,1780280898.8059266,1780280898.8181703,12.24374771118164,decode,1,0,451641,0.0,0.0,0.0,0.0,0.0,0
engine_step_start,1780280898.8059576,1780280898.8059576,1780280898.8182588,12.301206588745117,decode,0,0,451640,0.0,0.0,0.0,0.0,0.0,0
engine_step_start,1780280898.8181758,1780280898.8181758,1780280898.8304164,12.24064826965332,decode,1,0,451641,0.0,0.0,0.0,0.0,0.0,0
engine_step_start,1780280898.8182652,1780280898.8182652,1780280898.8305497,12.284517288208008,decode,0,0,451640,0.0,0.0,0.0,0.0,0.0,0
engine_step_start,1780280898.8304214,1780280898.8304214,1780280898.8428485,12.427091598510742,decode,1,0,451641,0.0,0.0,0.0,0.0,0.0,0
engine_step_start,1780280898.8305643,1780280898.8305643,1780280898.8427548,12.190580368041992,decode,0,0,451640,0.0,0.0,0.0,0.0,0.0,0
engine_step_start,1780280898.8427613,1780280898.8427613,1780280898.8551042,12.34292984008789,decode,0,0,451640,0.0,0.0,0.0,0.0,0.0,0
engine_step_start,1780280898.8428607,1780280898.8428607,1780280898.8550508,12.190103530883789,decode,1,0,451641,0.0,0.0,0.0,0.0,0.0,0
engine_step_start,1780280898.8550675,1780280898.8550675,1780280898.867296,12.22848892211914,decode,1,0,451641,0.4050731658935547,0.03312536556833691,0.4050731658935547,0.03312536556833691,1.0,1
engine_step_start,1780280898.8551111,1780280898.8551111,1780280898.867303,12.1917724609375,decode,0,0,451640,0.4050731658935547,0.03322512515644556,0.4050731658935547,0.03322512515644556,1.0,1
engine_step_start,1780280898.8673089,1780280898.8673089,1780280898.879637,12.328147888183594,decode,1,0,451641,0.0,0.0,0.0,0.0,0.0,0
engine_step_start,1780280898.8673093,1780280898.8673093,1780280898.8796554,12.346029281616211,decode,0,0,451640,0.0,0.0,0.0,0.0,0.0,0
engine_step_start,1780280898.8796427,1780280898.8796427,1780280898.8918946,12.251853942871094,decode,1,0,451641,0.0,0.0,0.0,0.0,0.0,0
engine_step_start,1780280898.8796608,1780280898.8796608,1780280898.8919728,12.311935424804688,decode,0,0,451640,0.0,0.0,0.0,0.0,0.0,0
engine_step_start,1780280898.891906,1780280898.891906,1780280898.9041939,12.28785514831543,decode,1,0,451641,9.70911979675293,0.7901395060051611,9.70911979675293,0.7901395060051611,1.0,1
engine_step_start,1780280898.891989,1780280898.891989,1780280898.9041986,12.209653854370117,decode,0,0,451640,9.713888168334961,0.7955907910409873,9.713888168334961,0.7955907910409873,1.0,1
engine_step_start,1780280898.9041996,1780280898.9041996,1780280898.9163747,12.17508316040039,decode,1,0,451641,2.4721622467041016,0.20305095366780246,2.4721622467041016,0.20305095366780246,1.0,1
engine_step_start,1780280898.9042127,1780280898.9042127,1780280898.9164076,12.19487190246582,decode,0,0,451640,2.4590492248535156,0.2016461709906352,2.4590492248535156,0.2016461709906352,1.0,1
engine_step_start,1780280898.9163795,1780280898.9163795,1780280898.92868,12.300491333007812,decode,1,0,451641,9.924173355102539,0.8068111335090712,9.924173355102539,0.8068111335090712,1.0,1
engine_step_start,1780280898.9164226,1780280898.9164226,1780280898.928696,12.273311614990234,decode,0,0,451640,9.940147399902344,0.8098993744900734,9.940147399902344,0.8098993744900734,1.0,1
engine_step_start,1780280898.9286914,1780280898.9286914,1780280898.940798,12.106657028198242,decode,1,0,451641,21.61693572998047,1.7855412670592175,12.106657028198242,1.0,1.7855412670592175,2
engine_step_start,1780280898.9287186,1780280898.9287186,1780280898.9408543,12.135744094848633,decode,0,0,451640,21.702289581298828,1.7882949254435079,12.135744094848633,1.0,1.7882949254435079,2
engine_step_start,1780280898.9408033,1780280898.9408033,1780280898.953171,12.367725372314453,decode,1,0,451641,5.262851715087891,0.4255310945753171,2.658367156982422,0.21494390253306087,1.9797309417040359,2
engine_step_start,1780280898.9408677,1780280898.9408677,1780280898.953131,12.263298034667969,decode,0,0,451640,5.134105682373047,0.4186561941052959,2.593994140625,0.21152500194416363,1.9792279411764706,2
engine_step_start,1780280898.9531453,1780280898.9531453,1780280898.965366,12.220621109008789,decode,0,0,451640,9.704351425170898,0.7940964160992645,9.704351425170898,0.7940964160992645,1.0,1
engine_step_start,1780280898.953185,1780280898.953185,1780280898.9654462,12.261152267456055,decode,1,0,451641,9.784698486328125,0.7980243840784024,9.784698486328125,0.7980243840784024,1.0,1
engine_step_start,1780280898.965381,1780280898.965381,1780280898.9775686,12.187719345092773,decode,0,0,451640,12.30168342590332,1.0093507306480956,12.187719345092773,1.0,1.0093507306480956,2
engine_step_start,1780280898.965458,1780280898.965458,1780280898.9775863,12.128353118896484,decode,1,0,451641,12.242317199707031,1.0093965008846078,12.128353118896484,1.0,1.0093965008846078,2
engine_step_start,1780280898.9775817,1780280898.9775817,1780280898.9898844,12.302637100219727,decode,0,0,451640,2.508878707885742,0.20393015639231798,2.508878707885742,0.20393015639231798,1.0,1
engine_step_start,1780280898.9775915,1780280898.9775915,1780280898.9898884,12.296915054321289,decode,1,0,451641,2.499103546142578,0.20323012195358398,2.499103546142578,0.20323012195358398,1.0,1
engine_step_start,1780280898.9898906,1780280898.9898906,1780280899.0022056,12.315034866333008,decode,0,0,451640,0.0,0.0,0.0,0.0,0.0,0
engine_step_start,1780280898.9899,1780280898.9899,1780280899.0020618,12.161731719970703,decode,1,0,451641,0.0,0.0,0.0,0.0,0.0,0
engine_step_start,1780280899.0020728,1780280899.0020728,1780280899.0144198,12.346982955932617,decode,1,0,451641,0.0,0.0,0.0,0.0,0.0,0
engine_step_start,1780280899.0022192,1780280899.0022192,1780280899.014453,12.233734130859375,decode,0,0,451640,0.0,0.0,0.0,0.0,0.0,0
engine_step_start,1780280899.014426,1780280899.014426,1780280899.0267107,12.28475570678711,decode,1,0,451641,0.0,0.0,0.0,0.0,0.0,0
engine_step_start,1780280899.014466,1780280899.014466,1780280899.0268211,12.35508918762207,decode,0,0,451640,0.0,0.0,0.0,0.0,0.0,0
engine_step_start,1780280899.0267165,1780280899.0267165,1780280899.0391095,12.392997741699219,decode,1,0,451641,0.0,0.0,0.0,0.0,0.0,0
engine_step_start,1780280899.0268273,1780280899.0268273,1780280899.0390906,12.263298034667969,decode,0,0,451640,0.0,0.0,0.0,0.0,0.0,0
engine_step_start,1780280899.0391064,1780280899.0391064,1780280899.051544,12.437582015991211,decode,0,0,451640,9.929180145263672,0.7983207775030191,9.929180145263672,0.7983207775030191,1.0,1
engine_step_start,1780280899.039115,1780280899.039115,1780280899.051381,12.266159057617188,decode,1,0,451641,9.766340255737305,0.7962019903591976,9.766340255737305,0.7962019903591976,1.0,1
engine_step_start,1780280899.0513864,1780280899.0513864,1780280899.0638022,12.415885925292969,decode,1,0,451641,2.500295639038086,0.2013787541285813,2.500295639038086,0.2013787541285813,1.0,1
engine_step_start,1780280899.0515573,1780280899.0515573,1780280899.0638194,12.262105941772461,decode,0,0,451640,2.3293495178222656,0.1899632517353347,2.3293495178222656,0.1899632517353347,1.0,1
engine_step_start,1780280899.0638075,1780280899.0638075,1780280899.0760615,12.253999710083008,decode,1,0,451641,0.0,0.0,0.0,0.0,0.0,0
engine_step_start,1780280899.0638251,1780280899.0638251,1780280899.0762157,12.390613555908203,decode,0,0,451640,0.0,0.0,0.0,0.0,0.0,0
engine_step_start,1780280899.0760665,1780280899.0760665,1780280899.0884662,12.399673461914062,decode,1,0,451641,0.0,0.0,0.0,0.0,0.0,0
engine_step_start,1780280899.0762217,1780280899.0762217,1780280899.0885246,12.302875518798828,decode,0,0,451640,0.0,0.0,0.0,0.0,0.0,0
engine_step_start,1780280899.0884812,1780280899.0884812,1780280899.1007967,12.315511703491211,decode,1,0,451641,4.527091979980469,0.3675926822185655,4.527091979980469,0.3675926822185655,1.0,1
engine_step_start,1780280899.0885372,1780280899.0885372,1780280899.1008077,12.270450592041016,decode,0,0,451640,4.527091979980469,0.36894260288345704,4.527091979980469,0.36894260288345704,1.0,1
engine_step_start,1780280899.1008139,1780280899.1008139,1780280899.1130483,12.23444938659668,decode,0,0,451640,1.386880874633789,0.11335866705641626,1.386880874633789,0.11335866705641626,1.0,1
engine_step_start,1780280899.1008172,1780280899.1008172,1780280899.1129677,12.15052604675293,decode,1,0,451641,1.386880874633789,0.11414163216451151,1.386880874633789,0.11414163216451151,1.0,1
engine_step_start,1780280899.11298,1780280899.11298,1780280899.1252053,12.22538948059082,decode,1,0,451641,0.0,0.0,0.0,0.0,0.0,0
engine_step_start,1780280899.113054,1780280899.113054,1780280899.1253276,12.273550033569336,decode,0,0,451640,0.0,0.0,0.0,0.0,0.0,0
engine_step_start,1780280899.125215,1780280899.125215,1780280899.137541,12.32600212097168,decode,1,0,451641,0.0,0.0,0.0,0.0,0.0,0
engine_step_start,1780280899.1253412,1780280899.1253412,1780280899.1375937,12.252569198608398,decode,0,0,451640,0.0,0.0,0.0,0.0,0.0,0
engine_step_start,1780280899.1375518,1780280899.1375518,1780280899.1498518,12.30001449584961,decode,1,0,451641,0.0,0.0,0.0,0.0,0.0,0
engine_step_start,1780280899.1376,1780280899.1376,1780280899.149967,12.367010116577148,decode,0,0,451640,0.0,0.0,0.0,0.0,0.0,0
engine_step_start,1780280899.1498573,1780280899.1498573,1780280899.1622953,12.438058853149414,decode,1,0,451641,0.0,0.0,0.0,0.0,0.0,0
engine_step_start,1780280899.1499732,1780280899.1499732,1780280899.1622171,12.243986129760742,decode,0,0,451640,0.0,0.0,0.0,0.0,0.0,0
engine_step_start,1780280899.1627858,1780280899.1627858,1780280899.174637,11.851310729980469,decode,0,0,451640,0.0,0.0,0.0,0.0,0.0,0
engine_step_start,1780280899.1629674,1780280899.1629674,1780280899.1745334,11.565923690795898,decode,1,0,451641,0.0,0.0,0.0,0.0,0.0,0
engine_step_start,1780280899.1745412,1780280899.1745412,1780280899.1867757,12.23444938659668,decode,1,0,451641,0.5609989166259766,0.045854038780083796,0.5609989166259766,0.045854038780083796,1.0,1
engine_step_start,1780280899.1746542,1780280899.1746542,1780280899.186954,12.299776077270508,decode,0,0,451640,0.5609989166259766,0.04561049836205393,0.5609989166259766,0.04561049836205393,1.0,1
engine_step_start,1780280899.1867814,1780280899.1867814,1780280899.1991534,12.372016906738281,decode,1,0,451641,0.0,0.0,0.0,0.0,0.0,0
engine_step_start,1780280899.1869683,1780280899.1869683,1780280899.1992788,12.310504913330078,decode,0,0,451640,0.0,0.0,0.0,0.0,0.0,0
engine_step_start,1780280899.1991768,1780280899.1991768,1780280899.2114766,12.299776077270508,decode,1,0,451641,13.323783874511719,1.0832541820930819,9.672880172729492,0.7864273391614491,1.377437085603017,2
engine_step_start,1780280899.199294,1780280899.199294,1780280899.2114718,12.177705764770508,decode,0,0,451640,13.319015502929688,1.0937212443957163,9.668111801147461,0.7939189850617695,1.37762323987078,2
engine_step_start,1780280899.2114859,1780280899.2114859,1780280899.223767,12.281179428100586,decode,0,0,451640,2.506732940673828,0.20411174312282812,2.506732940673828,0.20411174312282812,1.0,1
engine_step_start,1780280899.2114878,1780280899.2114878,1780280899.223679,12.191295623779297,decode,1,0,451641,2.5048255920410156,0.2054601634920014,2.5048255920410156,0.2054601634920014,1.0,1
engine_step_start,1780280899.2236838,1780280899.2236838,1780280899.2361681,12.484312057495117,decode,1,0,451641,1.0509490966796875,0.08418157859557321,1.0509490966796875,0.08418157859557321,1.0,1
engine_step_start,1780280899.2237825,1780280899.2237825,1780280899.23605,12.267351150512695,decode,0,0,451640,1.0509490966796875,0.08567041766272132,1.0509490966796875,0.08567041766272132,1.0,1
engine_step_start,1780280899.2360642,1780280899.2360642,1780280899.2484474,12.383222579956055,decode,0,0,451640,9.790658950805664,0.7906390188490344,9.790658950805664,0.7906390188490344,1.0,1
engine_step_start,1780280899.2361848,1780280899.2361848,1780280899.2483006,12.115716934204102,decode,1,0,451641,9.643793106079102,0.7959737882991912,9.643793106079102,0.7959737882991912,1.0,1
engine_step_start,1780280899.248313,1780280899.248313,1780280899.260556,12.243032455444336,decode,1,0,451641,2.6328563690185547,0.21504936612724193,2.6328563690185547,0.21504936612724193,1.0,1
engine_step_start,1780280899.248454,1780280899.248454,1780280899.260621,12.166976928710938,decode,0,0,451640,2.4917125701904297,0.20479307101426555,2.4917125701904297,0.20479307101426555,1.0,1
engine_step_start,1780280899.2605615,1780280899.2605615,1780280899.2727833,12.221813201904297,decode,1,0,451641,0.0,0.0,0.0,0.0,0.0,0
engine_step_start,1780280899.2606337,1780280899.2606337,1780280899.2727358,12.102127075195312,decode,0,0,451640,0.0,0.0,0.0,0.0,0.0,0
engine_step_start,1780280899.2727416,1780280899.2727416,1780280899.2850254,12.283802032470703,decode,0,0,451640,0.0,0.0,0.0,0.0,0.0,0
engine_step_start,1780280899.2727888,1780280899.2727888,1780280899.284871,12.082338333129883,decode,1,0,451641,0.0,0.0,0.0,0.0,0.0,0
engine_step_start,1780280899.2848833,1780280899.2848833,1780280899.2971582,12.274980545043945,decode,1,0,451641,9.708642959594727,0.7909293969117218,9.708642959594727,0.7909293969117218,1.0,1
engine_step_start,1780280899.2850404,1780280899.2850404,1780280899.2971282,12.087821960449219,decode,0,0,451640,9.67860221862793,0.8006903353057199,9.67860221862793,0.8006903353057199,1.0,1
engine_step_start,1780280899.2971416,1780280899.2971416,1780280899.3094127,12.27116584777832,decode,0,0,451640,2.9871463775634766,0.24342808292370163,2.783060073852539,0.22679671258427403,1.0733316199777263,2
engine_step_start,1780280899.2971718,1780280899.2971718,1780280899.309378,12.206077575683594,decode,1,0,451641,2.956867218017578,0.24224548792874442,2.7527809143066406,0.22552543167434955,1.074138229689936,2
engine_step_start,1780280899.3093896,1780280899.3093896,1780280899.3216627,12.273073196411133,decode,1,0,451641,0.0,0.0,0.0,0.0,0.0,0
engine_step_start,1780280899.3094192,1780280899.3094192,1780280899.3217325,12.313365936279297,decode,0,0,451640,0.0,0.0,0.0,0.0,0.0,0
engine_step_start,1780280899.3216765,1780280899.3216765,1780280899.3338315,12.15505599975586,decode,1,0,451641,9.442806243896484,0.7768624220313052,9.442806243896484,0.7768624220313052,1.0,1
engine_step_start,1780280899.3217392,1780280899.3217392,1780280899.3339965,12.25733757019043,decode,0,0,451640,9.607791900634766,0.7838400342339188,9.607791900634766,0.7838400342339188,1.0,1
engine_step_start,1780280899.3338432,1780280899.3338432,1780280899.346213,12.369871139526367,decode,1,0,451641,12.369871139526367,1.0,12.369871139526367,1.0,1.0,1
engine_step_start,1780280899.334011,1780280899.334011,1780280899.346164,12.152910232543945,decode,0,0,451640,12.152910232543945,1.0,12.152910232543945,1.0,1.0,1
engine_step_start,1780280899.3461807,1780280899.3461807,1780280899.3583689,12.188196182250977,decode,0,0,451640,5.505084991455078,0.45167348056571666,5.3920745849609375,0.44240136147571446,1.0209586133710646,2
engine_step_start,1780280899.3462183,1780280899.3462183,1780280899.3582575,12.0391845703125,decode,1,0,451641,5.467414855957031,0.4541349809885932,5.354404449462891,0.4447480988593156,1.0211060646540209,2
engine_step_start,1780280899.358263,1780280899.358263,1780280899.370466,12.202978134155273,decode,1,0,451641,0.0,0.0,0.0,0.0,0.0,0
engine_step_start,1780280899.3583825,1780280899.3583825,1780280899.37058,12.197494506835938,decode,0,0,451640,0.0,0.0,0.0,0.0,0.0,0
engine_step_start,1780280899.370479,1780280899.370479,1780280899.382662,12.182950973510742,decode,1,0,451641,9.28950309753418,0.7625002446231824,9.28950309753418,0.7625002446231824,1.0,1
engine_step_start,1780280899.370586,1780280899.370586,1780280899.3827362,12.150287628173828,decode,0,0,451640,9.363651275634766,0.7706526431458735,9.363651275634766,0.7706526431458735,1.0,1
engine_step_start,1780280899.3826668,1780280899.3826668,1780280899.3948495,12.18271255493164,decode,1,0,451641,2.5568008422851562,0.20987122783670595,2.5568008422851562,0.20987122783670595,1.0,1
engine_step_start,1780280899.38275,1780280899.38275,1780280899.3949392,12.189149856567383,decode,0,0,451640,2.473592758178711,0.20293398533007334,2.473592758178711,0.20293398533007334,1.0,1
engine_step_start,1780280899.394855,1780280899.394855,1780280899.407034,12.178897857666016,decode,1,0,451641,0.0,0.0,0.0,0.0,0.0,0
engine_step_start,1780280899.3949454,1780280899.3949454,1780280899.4070516,12.106180191040039,decode,0,0,451640,0.0,0.0,0.0,0.0,0.0,0
engine_step_start,1780280899.407042,1780280899.407042,1780280899.4191723,12.130260467529297,decode,1,0,451641,0.0,0.0,0.0,0.0,0.0,0
engine_step_start,1780280899.4070582,1780280899.4070582,1780280899.4192042,12.14599609375,decode,0,0,451640,0.0,0.0,0.0,0.0,0.0,0
engine_step_start,1780280899.4191854,1780280899.4191854,1780280899.431402,12.216567993164062,decode,1,0,451641,0.0,0.0,0.0,0.0,0.0,0
engine_step_start,1780280899.4192102,1780280899.4192102,1780280899.4313943,12.18414306640625,decode,0,0,451640,0.0,0.0,0.0,0.0,0.0,0
engine_step_start,1780280899.4314075,1780280899.4314075,1780280899.443498,12.090444564819336,decode,1,0,451641,9.57632064819336,0.7920569501686024,9.57632064819336,0.7920569501686024,1.0,1
engine_step_start,1780280899.4314106,1780280899.4314106,1780280899.4435701,12.159585952758789,decode,0,0,451640,9.648561477661133,0.7934942452108782,9.648561477661133,0.7934942452108782,1.0,1
engine_step_start,1780280899.4435031,1780280899.4435031,1780280899.464374,20.87092399597168,decode,1,0,451641,20.87092399597168,1.0,20.87092399597168,1.0,1.0,1
engine_step_start,1780280899.4435837,1780280899.4435837,1780280899.464357,20.77317237854004,decode,0,0,451640,20.77317237854004,1.0,20.77317237854004,1.0,1.0,1
engine_step_start,1780280899.4643624,1780280899.4643624,1780280899.4765744,12.212038040161133,decode,0,0,451640,3.740072250366211,0.3062611038441264,3.5071372985839844,0.2871868959996876,1.0664174031271243,2
engine_step_start,1780280899.464389,1780280899.464389,1780280899.4764857,12.096643447875977,decode,1,0,451641,3.713369369506836,0.30697518576187005,3.4804344177246094,0.28771902162130203,1.066926976298123,2
engine_step_start,1780280899.4765024,1780280899.4765024,1780280899.4888616,12.359142303466797,decode,1,0,451641,11.050939559936523,0.8941510089123809,9.746789932250977,0.7886299625757166,1.13380298916367,2
engine_step_start,1780280899.4766018,1780280899.4766018,1780280899.4888473,12.245416641235352,decode,0,0,451640,11.03663444519043,0.9012869687116684,9.732484817504883,0.794785927065283,1.133999657039269,2
engine_step_start,1780280899.4888604,1780280899.4888604,1780280899.501026,12.165546417236328,decode,0,0,451640,12.165546417236328,1.0,12.165546417236328,1.0,1.0,1
engine_step_start,1780280899.4888752,1780280899.4888752,1780280899.5009394,12.064218521118164,decode,1,0,451641,12.064218521118164,1.0,12.064218521118164,1.0,1.0,1
engine_step_start,1780280899.5009491,1780280899.5009491,1780280899.5130427,12.093544006347656,decode,1,0,451641,2.745389938354492,0.2270128538758773,2.745389938354492,0.2270128538758773,1.0,1
engine_step_start,1780280899.5010383,1780280899.5010383,1780280899.5132113,12.172937393188477,decode,0,0,451640,2.656221389770508,0.21820710186654133,2.656221389770508,0.21820710186654133,1.0,1
engine_step_start,1780280899.5130527,1780280899.5130527,1780280899.5254374,12.384653091430664,decode,1,0,451641,0.0,0.0,0.0,0.0,0.0,0
engine_step_start,1780280899.5132241,1780280899.5132241,1780280899.5256047,12.380599975585938,decode,0,0,451640,0.0,0.0,0.0,0.0,0.0,0
engine_step_start,1780280899.5254428,1780280899.5254428,1780280899.5378823,12.439489364624023,decode,1,0,451641,0.0,0.0,0.0,0.0,0.0,0
engine_step_start,1780280899.5256107,1780280899.5256107,1780280899.5379307,12.32004165649414,decode,0,0,451640,0.0,0.0,0.0,0.0,0.0,0
engine_step_start,1780280899.5378878,1780280899.5378878,1780280899.5504072,12.519359588623047,decode,1,0,451641,0.0,0.0,0.0,0.0,0.0,0
engine_step_start,1780280899.537943,1780280899.537943,1780280899.5505357,12.592792510986328,decode,0,0,451640,0.0,0.0,0.0,0.0,0.0,0
engine_step_start,1780280899.5504208,1780280899.5504208,1780280899.5629325,12.511730194091797,decode,1,0,451641,19.804716110229492,1.5828918785014672,9.946823120117188,0.7949998094439574,1.991059443911793,2
engine_step_start,1780280899.550553,1780280899.550553,1780280899.563005,12.451887130737305,decode,0,0,451640,19.949674606323242,1.6021406552166504,10.019302368164062,0.8046412775001436,1.991124119550733,2
engine_step_start,1780280899.5638652,1780280899.5638652,1780280899.5844615,20.59626579284668,decode,1,0,451641,39.09873962402344,1.8983411855950547,20.59626579284668,1.0,1.8983411855950547,3
engine_step_start,1780280899.5640185,1780280899.5640185,1780280899.5846696,20.65110206604004,decode,0,0,451640,39.00027275085449,1.8885322742648671,20.65110206604004,1.0,1.8885322742648671,3
engine_step_start,1780280899.5844662,1780280899.5844662,1780280899.5969477,12.481451034545898,decode,1,0,451641,2.3953914642333984,0.19191610475444595,2.3953914642333984,0.19191610475444595,1.0,1
engine_step_start,1780280899.5846853,1780280899.5846853,1780280899.59707,12.384653091430664,decode,0,0,451640,2.1762847900390625,0.17572432380402347,2.1762847900390625,0.17572432380402347,1.0,1
engine_step_start,1780280899.5969555,1780280899.5969555,1780280899.6092858,12.330293655395508,decode,1,0,451641,0.0,0.0,0.0,0.0,0.0,0
engine_step_start,1780280899.597082,1780280899.597082,1780280899.6093469,12.26496696472168,decode,0,0,451640,0.0,0.0,0.0,0.0,0.0,0
engine_step_start,1780280899.6092913,1780280899.6092913,1780280899.6217058,12.41445541381836,decode,1,0,451641,0.0,0.0,0.0,0.0,0.0,0
engine_step_start,1780280899.6093628,1780280899.6093628,1780280899.6216812,12.31837272644043,decode,0,0,451640,0.0,0.0,0.0,0.0,0.0,0
engine_step_start,1780280899.6216877,1780280899.6216877,1780280899.6341043,12.416601181030273,decode,0,0,451640,0.0,0.0,0.0,0.0,0.0,0
engine_step_start,1780280899.6217172,1780280899.6217172,1780280899.6341486,12.43138313293457,decode,1,0,451641,0.0,0.0,0.0,0.0,0.0,0
engine_step_start,1780280899.6341107,1780280899.6341107,1780280899.6466181,12.507438659667969,decode,0,0,451640,0.0,0.0,0.0,0.0,0.0,0
engine_step_start,1780280899.6341598,1780280899.6341598,1780280899.6464953,12.335538864135742,decode,1,0,451641,0.0,0.0,0.0,0.0,0.0,0
engine_step_start,1780280899.6465008,1780280899.6465008,1780280899.6588798,12.378931045532227,decode,1,0,451641,0.0,0.0,0.0,0.0,0.0,0
engine_step_start,1780280899.646624,1780280899.646624,1780280899.658957,12.332916259765625,decode,0,0,451640,0.0,0.0,0.0,0.0,0.0,0
engine_step_start,1780280899.6588852,1780280899.6588852,1780280899.6712146,12.329339981079102,decode,1,0,451641,0.0,0.0,0.0,0.0,0.0,0
engine_step_start,1780280899.6589627,1780280899.6589627,1780280899.6713223,12.359619140625,decode,0,0,451640,0.0,0.0,0.0,0.0,0.0,0
engine_step_start,1780280899.6712277,1780280899.6712277,1780280899.6836805,12.452840805053711,decode,1,0,451641,1.3821125030517578,0.11098772759472345,1.3821125030517578,0.11098772759472345,1.0,1
engine_step_start,1780280899.6713283,1780280899.6713283,1780280899.6837797,12.451410293579102,decode,0,0,451640,1.3821125030517578,0.11100047869794159,1.3821125030517578,0.11100047869794159,1.0,1
engine_step_start,1780280899.6836913,1780280899.6836913,1780280899.6962488,12.557506561279297,decode,1,0,451641,0.0,0.0,0.0,0.0,0.0,0
engine_step_start,1780280899.6837974,1780280899.6837974,1780280899.6964035,12.606143951416016,decode,0,0,451640,0.0,0.0,0.0,0.0,0.0,0
engine_step_start,1780280899.6962533,1780280899.6962533,1780280899.7087858,12.532472610473633,decode,1,0,451641,0.0,0.0,0.0,0.0,0.0,0
engine_step_start,1780280899.6964097,1780280899.6964097,1780280899.7087858,12.376070022583008,decode,0,0,451640,0.0,0.0,0.0,0.0,0.0,0
engine_step_start,1780280899.7087917,1780280899.7087917,1780280899.721302,12.510299682617188,decode,0,0,451640,0.0,0.0,0.0,0.0,0.0,0
engine_step_start,1780280899.7087965,1780280899.7087965,1780280899.7211673,12.370824813842773,decode,1,0,451641,0.0,0.0,0.0,0.0,0.0,0
engine_step_start,1780280899.7211719,1780280899.7211719,1780280899.733661,12.489080429077148,decode,1,0,451641,0.0,0.0,0.0,0.0,0.0,0
engine_step_start,1780280899.721308,1780280899.721308,1780280899.7337103,12.40229606628418,decode,0,0,451640,0.0,0.0,0.0,0.0,0.0,0
engine_step_start,1780280899.7336667,1780280899.7336667,1780280899.7460659,12.39919662475586,decode,1,0,451641,0.0,0.0,0.0,0.0,0.0,0
engine_step_start,1780280899.7337158,1780280899.7337158,1780280899.7461877,12.471914291381836,decode,0,0,451640,0.0,0.0,0.0,0.0,0.0,0
engine_step_start,1780280899.74608,1780280899.74608,1780280899.7585726,12.492656707763672,decode,1,0,451641,9.968996047973633,0.7979884728424749,9.968996047973633,0.7979884728424749,1.0,1
engine_step_start,1780280899.7461932,1780280899.7461932,1780280899.758515,12.321710586547852,decode,0,0,451640,9.911298751831055,0.8043768502931444,9.911298751831055,0.8043768502931444,1.0,1
engine_step_start,1780280899.7585208,1780280899.7585208,1780280899.770873,12.352228164672852,decode,0,0,451640,12.352228164672852,1.0,12.352228164672852,1.0,1.0,1
engine_step_start,1780280899.7585855,1780280899.7585855,1780280899.7707937,12.208223342895508,decode,1,0,451641,12.208223342895508,1.0,12.208223342895508,1.0,1.0,1
engine_step_start,1780280899.770799,1780280899.770799,1780280899.7832718,12.472867965698242,decode,1,0,451641,2.345561981201172,0.18805313963490394,2.345561981201172,0.18805313963490394,1.0,1
engine_step_start,1780280899.7708788,1780280899.7708788,1780280899.783316,12.437105178833008,decode,0,0,451640,2.2656917572021484,0.18217195437553915,2.2656917572021484,0.18217195437553915,1.0,1
engine_step_start,1780280899.7832842,1780280899.7832842,1780280899.7956078,12.323617935180664,decode,1,0,451641,2.2780895233154297,0.18485557855636595,2.2780895233154297,0.18485557855636595,1.0,1
engine_step_start,1780280899.7833326,1780280899.7833326,1780280899.7956595,12.326955795288086,decode,0,0,451640,2.2780895233154297,0.1848055238574164,2.2780895233154297,0.1848055238574164,1.0,1
engine_step_start,1780280899.795613,1780280899.795613,1780280899.8079193,12.30621337890625,decode,1,0,451641,0.0,0.0,0.0,0.0,0.0,0
engine_step_start,1780280899.7956743,1780280899.7956743,1780280899.8080783,12.40396499633789,decode,0,0,451640,0.0,0.0,0.0,0.0,0.0,0
engine_step_start,1780280899.807931,1780280899.807931,1780280899.8203962,12.465238571166992,decode,1,0,451641,0.0,0.0,0.0,0.0,0.0,0
engine_step_start,1780280899.808084,1780280899.808084,1780280899.8203664,12.282371520996094,decode,0,0,451640,0.0,0.0,0.0,0.0,0.0,0
engine_step_start,1780280899.8203804,1780280899.8203804,1780280899.8327103,12.329816818237305,decode,0,0,451640,0.0,0.0,0.0,0.0,0.0,0
engine_step_start,1780280899.8204021,1780280899.8204021,1780280899.8326945,12.29238510131836,decode,1,0,451641,0.0,0.0,0.0,0.0,0.0,0
engine_step_start,1780280899.8326993,1780280899.8326993,1780280899.8450983,12.398958206176758,decode,1,0,451641,0.0,0.0,0.0,0.0,0.0,0
engine_step_start,1780280899.832716,1780280899.832716,1780280899.8450282,12.312173843383789,decode,0,0,451640,0.0,0.0,0.0,0.0,0.0,0
engine_step_start,1780280899.8450341,1780280899.8450341,1780280899.857485,12.450933456420898,decode,0,0,451640,0.0,0.0,0.0,0.0,0.0,0
engine_step_start,1780280899.8451107,1780280899.8451107,1780280899.8573864,12.27569580078125,decode,1,0,451641,0.0,0.0,0.0,0.0,0.0,0
engine_step_start,1780280899.8573918,1780280899.8573918,1780280899.8697486,12.356758117675781,decode,1,0,451641,0.0,0.0,0.0,0.0,0.0,0
engine_step_start,1780280899.8574982,1780280899.8574982,1780280899.869744,12.245893478393555,decode,0,0,451640,0.0,0.0,0.0,0.0,0.0,0
engine_step_start,1780280899.86975,1780280899.86975,1780280899.8822522,12.502193450927734,decode,0,0,451640,0.0,0.0,0.0,0.0,0.0,0
engine_step_start,1780280899.8697557,1780280899.8697557,1780280899.8821723,12.416601181030273,decode,1,0,451641,0.0,0.0,0.0,0.0,0.0,0
engine_step_start,1780280899.8821855,1780280899.8821855,1780280899.89451,12.32457160949707,decode,1,0,451641,0.0,0.0,0.0,0.0,0.0,0
engine_step_start,1780280899.8822594,1780280899.8822594,1780280899.8946493,12.389898300170898,decode,0,0,451640,0.0,0.0,0.0,0.0,0.0,0
engine_step_start,1780280899.8945153,1780280899.8945153,1780280899.9068885,12.373208999633789,decode,1,0,451641,0.0,0.0,0.0,0.0,0.0,0
engine_step_start,1780280899.8946552,1780280899.8946552,1780280899.906983,12.32767105102539,decode,0,0,451640,0.0,0.0,0.0,0.0,0.0,0
engine_step_start,1780280899.9068935,1780280899.9068935,1780280899.9193528,12.459278106689453,decode,1,0,451641,0.0,0.0,0.0,0.0,0.0,0
engine_step_start,1780280899.9069889,1780280899.9069889,1780280899.9193435,12.354612350463867,decode,0,0,451640,0.0,0.0,0.0,0.0,0.0,0
engine_step_start,1780280899.91935,1780280899.91935,1780280899.9318693,12.519359588623047,decode,0,0,451640,0.0,0.0,0.0,0.0,0.0,0
engine_step_start,1780280899.9193573,1780280899.9193573,1780280899.9317145,12.357234954833984,decode,1,0,451641,0.0,0.0,0.0,0.0,0.0,0
engine_step_start,1780280899.9317198,1780280899.9317198,1780280899.9441426,12.422800064086914,decode,1,0,451641,0.0,0.0,0.0,0.0,0.0,0
engine_step_start,1780280899.9318752,1780280899.9318752,1780280899.9442945,12.41922378540039,decode,0,0,451640,0.0,0.0,0.0,0.0,0.0,0
engine_step_start,1780280899.9441576,1780280899.9441576,1780280899.9566324,12.474775314331055,decode,1,0,451641,0.41604042053222656,0.03335053418190853,0.41604042053222656,0.03335053418190853,1.0,1
engine_step_start,1780280899.9443004,1780280899.9443004,1780280899.9567642,12.463808059692383,decode,0,0,451640,0.41604042053222656,0.033379880253266256,0.41604042053222656,0.033379880253266256,1.0,1
engine_step_start,1780280899.9566448,1780280899.9566448,1780280899.9691026,12.457847595214844,decode,1,0,451641,0.0,0.0,0.0,0.0,0.0,0
engine_step_start,1780280899.9567702,1780280899.9567702,1780280899.9692924,12.522220611572266,decode,0,0,451640,0.0,0.0,0.0,0.0,0.0,0
engine_step_start,1780280899.9698024,1780280899.9698024,1780280899.9816713,11.868953704833984,decode,0,0,451640,0.0,0.0,0.0,0.0,0.0,0
engine_step_start,1780280899.9699588,1780280899.9699588,1780280899.981605,11.646270751953125,decode,1,0,451641,0.0,0.0,0.0,0.0,0.0,0
engine_step_start,1780280899.9816182,1780280899.9816182,1780280899.9940872,12.469053268432617,decode,1,0,451641,0.0,0.0,0.0,0.0,0.0,0
engine_step_start,1780280899.9816775,1780280899.9816775,1780280899.994165,12.487411499023438,decode,0,0,451640,0.0,0.0,0.0,0.0,0.0,0
engine_step_start,1780280899.9940932,1780280899.9940932,1780280900.0065596,12.4664306640625,decode,1,0,451641,0.0,0.0,0.0,0.0,0.0,0
engine_step_start,1780280899.994171,1780280899.994171,1780280900.0066144,12.44354248046875,decode,0,0,451640,0.0,0.0,0.0,0.0,0.0,0
engine_step_start,1780280900.0065649,1780280900.0065649,1780280900.0189981,12.433290481567383,decode,1,0,451641,3.287076950073242,0.26437707338587507,3.287076950073242,0.26437707338587507,1.0,1
engine_step_start,1780280900.0066304,1780280900.0066304,1780280900.019136,12.505531311035156,decode,0,0,451640,3.287076950073242,0.2628498436665904,3.287076950073242,0.2628498436665904,1.0,1
engine_step_start,1780280900.0190036,1780280900.0190036,1780280900.031477,12.473344802856445,decode,1,0,451641,0.0,0.0,0.0,0.0,0.0,0
engine_step_start,1780280900.019151,1780280900.019151,1780280900.0315483,12.397289276123047,decode,0,0,451640,0.0,0.0,0.0,0.0,0.0,0
engine_step_start,1780280900.0314822,1780280900.0314822,1780280900.0438995,12.417316436767578,decode,1,0,451641,0.0,0.0,0.0,0.0,0.0,0
engine_step_start,1780280900.0315542,1780280900.0315542,1780280900.0440092,12.454986572265625,decode,0,0,451640,0.0,0.0,0.0,0.0,0.0,0
engine_step_start,1780280900.0439038,1780280900.0439038,1780280900.0565264,12.622594833374023,decode,1,0,451641,0.0,0.0,0.0,0.0,0.0,0
engine_step_start,1780280900.044022,1780280900.044022,1780280900.0565176,12.49551773071289,decode,0,0,451640,0.0,0.0,0.0,0.0,0.0,0
engine_step_start,1780280900.0565236,1780280900.0565236,1780280900.0689852,12.461662292480469,decode,0,0,451640,0.0,0.0,0.0,0.0,0.0,0
engine_step_start,1780280900.056531,1780280900.056531,1780280900.0688558,12.324810028076172,decode,1,0,451641,0.0,0.0,0.0,0.0,0.0,0
engine_step_start,1780280900.06886,1780280900.06886,1780280900.0813172,12.457132339477539,decode,1,0,451641,0.0,0.0,0.0,0.0,0.0,0
engine_step_start,1780280900.0689914,1780280900.0689914,1780280900.081497,12.505531311035156,decode,0,0,451640,0.0,0.0,0.0,0.0,0.0,0
engine_step_start,1780280900.0813217,1780280900.0813217,1780280900.0938323,12.510538101196289,decode,1,0,451641,0.0,0.0,0.0,0.0,0.0,0
engine_step_start,1780280900.0815032,1780280900.0815032,1780280900.0939152,12.412071228027344,decode,0,0,451640,0.0,0.0,0.0,0.0,0.0,0
engine_step_start,1780280900.0938365,1780280900.0938365,1780280900.1063662,12.529611587524414,decode,1,0,451641,0.0,0.0,0.0,0.0,0.0,0
engine_step_start,1780280900.093921,1780280900.093921,1780280900.1064184,12.497425079345703,decode,0,0,451640,0.0,0.0,0.0,0.0,0.0,0
engine_step_start,1780280900.1063714,1780280900.1063714,1780280900.118783,12.41159439086914,decode,1,0,451641,0.0,0.0,0.0,0.0,0.0,0
engine_step_start,1780280900.1064243,1780280900.1064243,1780280900.1189568,12.532472610473633,decode,0,0,451640,0.0,0.0,0.0,0.0,0.0,0
engine_step_start,1780280900.1187983,1780280900.1187983,1780280900.131325,12.526750564575195,decode,1,0,451641,9.787321090698242,0.7813136407757751,9.787321090698242,0.7813136407757751,1.0,1
engine_step_start,1780280900.1189628,1780280900.1189628,1780280900.1314857,12.52293586730957,decode,0,0,451640,9.948015213012695,0.7943836268443598,9.948015213012695,0.7943836268443598,1.0,1
engine_step_start,1780280900.1313527,1780280900.1313527,1780280900.1437204,12.367725372314453,decode,1,0,451641,22.152423858642578,1.7911477811620464,12.367725372314453,1.0,1.7911477811620464,2
engine_step_start,1780280900.1314993,1780280900.1314993,1780280900.14384,12.340784072875977,decode,0,0,451640,22.245168685913086,1.8025733660477965,12.340784072875977,1.0,1.8025733660477965,2
engine_step_start,1780280900.143732,1780280900.143732,1780280900.16327,19.537925720214844,decode,1,0,451641,32.27353096008301,1.6518401913408503,19.537925720214844,1.0,1.6518401913408503,3
engine_step_start,1780280900.1438568,1780280900.1438568,1780280900.1630917,19.234895706176758,decode,0,0,451640,31.845808029174805,1.6556267585557223,19.234895706176758,1.0,1.6556267585557223,3
engine_step_start,1780280900.163104,1780280900.163104,1780280900.175616,12.511968612670898,decode,0,0,451640,2.448558807373047,0.19569732654966748,2.448558807373047,0.19569732654966748,1.0,1
engine_step_start,1780280900.163285,1780280900.163285,1780280900.1755252,12.240171432495117,decode,1,0,451641,2.267599105834961,0.18525877013576422,2.267599105834961,0.18525877013576422,1.0,1
engine_step_start,1780280900.1755304,1780280900.1755304,1780280900.1879692,12.438774108886719,decode,1,0,451641,0.0,0.0,0.0,0.0,0.0,0
engine_step_start,1780280900.1756244,1780280900.1756244,1780280900.1880312,12.40682601928711,decode,0,0,451640,0.0,0.0,0.0,0.0,0.0,0
engine_step_start,1780280900.187982,1780280900.187982,1780280900.2004275,12.445449829101562,decode,1,0,451641,0.0,0.0,0.0,0.0,0.0,0
engine_step_start,1780280900.1880457,1780280900.1880457,1780280900.2006142,12.568473815917969,decode,0,0,451640,0.0,0.0,0.0,0.0,0.0,0
engine_step_start,1780280900.200439,1780280900.200439,1780280900.21291,12.47096061706543,decode,1,0,451641,0.0,0.0,0.0,0.0,0.0,0
engine_step_start,1780280900.200621,1780280900.200621,1780280900.2130601,12.439250946044922,decode,0,0,451640,0.0,0.0,0.0,0.0,0.0,0
engine_step_start,1780280900.212915,1780280900.212915,1780280900.2253525,12.437582015991211,decode,1,0,451641,0.0,0.0,0.0,0.0,0.0,0
engine_step_start,1780280900.2130673,1780280900.2130673,1780280900.225533,12.465715408325195,decode,0,0,451640,0.0,0.0,0.0,0.0,0.0,0
engine_step_start,1780280900.225364,1780280900.225364,1780280900.2379038,12.539863586425781,decode,1,0,451641,0.0,0.0,0.0,0.0,0.0,0
engine_step_start,1780280900.2255406,1780280900.2255406,1780280900.2378914,12.350797653198242,decode,0,0,451640,0.0,0.0,0.0,0.0,0.0,0
engine_step_start,1780280900.2378986,1780280900.2378986,1780280900.2503278,12.429237365722656,decode,0,0,451640,0.0,0.0,0.0,0.0,0.0,0
engine_step_start,1780280900.2379096,1780280900.2379096,1780280900.250274,12.364387512207031,decode,1,0,451641,0.0,0.0,0.0,0.0,0.0,0
engine_step_start,1780280900.2502792,1780280900.2502792,1780280900.2628164,12.537240982055664,decode,1,0,451641,9.865760803222656,0.7869164210326138,9.865760803222656,0.7869164210326138,1.0,1
engine_step_start,1780280900.250354,1780280900.250354,1780280900.2627614,12.407302856445312,decode,0,0,451640,9.810686111450195,0.7907186779400461,9.810686111450195,0.7907186779400461,1.0,1
engine_step_start,1780280900.262776,1780280900.262776,1780280900.2831604,20.384550094604492,decode,0,0,451640,22.463560104370117,1.1019894969531807,20.384550094604492,1.0,1.1019894969531807,2
engine_step_start,1780280900.2628355,1780280900.2628355,1780280900.2830896,20.254135131835938,decode,1,0,451641,22.333145141601562,1.1026462002071757,20.254135131835938,1.0,1.1026462002071757,2
engine_step_start,1780280900.2831001,1780280900.2831001,1780280900.29563,12.529850006103516,decode,1,0,451641,13.57579231262207,1.0834760436883968,12.529850006103516,1.0,1.0834760436883968,2
engine_step_start,1780280900.283176,1780280900.283176,1780280900.2956324,12.456417083740234,decode,0,0,451640,13.502359390258789,1.0839681506718217,12.456417083740234,1.0,1.0839681506718217,2
engine_step_start,1780280900.2956378,1780280900.2956378,1780280900.3080723,12.43448257446289,decode,1,0,451641,2.5398731231689453,0.20426045940867432,2.5398731231689453,0.20426045940867432,1.0,1
engine_step_start,1780280900.2956474,1780280900.2956474,1780280900.3081255,12.478113174438477,decode,0,0,451640,2.530336380004883,0.20278197068995166,2.530336380004883,0.20278197068995166,1.0,1
engine_step_start,1780280900.3080873,1780280900.3080873,1780280900.3205519,12.464523315429688,decode,1,0,451641,0.0,0.0,0.0,0.0,0.0,0
engine_step_start,1780280900.308133,1780280900.308133,1780280900.3205667,12.433767318725586,decode,0,0,451640,0.0,0.0,0.0,0.0,0.0,0
engine_step_start,1780280900.3205593,1780280900.3205593,1780280900.3329427,12.383460998535156,decode,1,0,451641,0.0,0.0,0.0,0.0,0.0,0
engine_step_start,1780280900.3205822,1780280900.3205822,1780280900.33308,12.497901916503906,decode,0,0,451640,0.0,0.0,0.0,0.0,0.0,0
engine_step_start,1780280900.3329475,1780280900.3329475,1780280900.3453934,12.445926666259766,decode,1,0,451641,0.0,0.0,0.0,0.0,0.0,0
engine_step_start,1780280900.3330948,1780280900.3330948,1780280900.3456552,12.560367584228516,decode,0,0,451640,0.0,0.0,0.0,0.0,0.0,0
engine_step_start,1780280900.3453994,1780280900.3453994,1780280900.3578353,12.4359130859375,decode,1,0,451641,0.0,0.0,0.0,0.0,0.0,0
engine_step_start,1780280900.3456705,1780280900.3456705,1780280900.3579192,12.248754501342773,decode,0,0,451640,0.0,0.0,0.0,0.0,0.0,0
engine_step_start,1780280900.357852,1780280900.357852,1780280900.3702044,12.352466583251953,decode,1,0,451641,9.81283187866211,0.7944026249758733,9.81283187866211,0.7944026249758733,1.0,1
engine_step_start,1780280900.3579264,1780280900.3579264,1780280900.3703644,12.438058853149414,decode,0,0,451640,9.972810745239258,0.8017980026452491,9.972810745239258,0.8017980026452491,1.0,1
engine_step_start,1780280900.3702269,1780280900.3702269,1780280900.3827019,12.475013732910156,decode,1,0,451641,31.621456146240234,2.534783273450042,12.475013732910156,1.0,2.534783273450042,3
engine_step_start,1780280900.3703904,1780280900.3703904,1780280900.382571,12.180566787719727,decode,0,0,451640,31.06522560119629,2.550392452387011,12.180566787719727,1.0,2.550392452387011,3
engine_step_start,1780280900.3833997,1780280900.3833997,1780280900.3950577,11.657953262329102,decode,0,0,451640,7.775783538818359,0.6669938851054257,2.649068832397461,0.22723275456571979,2.935289352893529,3
engine_step_start,1780280900.3834329,1780280900.3834329,1780280900.395064,11.631250381469727,decode,1,0,451641,7.676362991333008,0.659977452085682,2.6159286499023438,0.22490519626934508,2.934469558877142,3
engine_step_start,1780280900.3950744,1780280900.3950744,1780280900.407621,12.546539306640625,decode,0,0,451640,17.634153366088867,1.4054993919124354,9.967327117919922,0.7944283976892672,1.7691958092139883,2
engine_step_start,1780280900.3950887,1780280900.3950887,1780280900.4074142,12.325525283813477,decode,1,0,451641,17.427444458007812,1.4139311758902837,9.760618209838867,0.7919028183453586,1.7854857226605438,2
engine_step_start,1780280900.4074254,1780280900.4074254,1780280900.4198966,12.471199035644531,decode,1,0,451641,3.0202865600585938,0.2421809283474803,3.0202865600585938,0.2421809283474803,1.0,1
engine_step_start,1780280900.4076364,1780280900.4076364,1780280900.4199865,12.350082397460938,decode,0,0,451640,2.809286117553711,0.22747104247104247,2.809286117553711,0.22747104247104247,1.0,1
engine_step_start,1780280900.419908,1780280900.419908,1780280900.43243,12.521982192993164,decode,1,0,451641,0.0,0.0,0.0,0.0,0.0,0
engine_step_start,1780280900.4200017,1780280900.4200017,1780280900.4324567,12.454986572265625,decode,0,0,451640,0.0,0.0,0.0,0.0,0.0,0
engine_step_start,1780280900.432435,1780280900.432435,1780280900.4448032,12.368202209472656,decode,1,0,451641,0.0,0.0,0.0,0.0,0.0,0
engine_step_start,1780280900.432471,1780280900.432471,1780280900.4449666,12.49551773071289,decode,0,0,451640,0.0,0.0,0.0,0.0,0.0,0
engine_step_start,1780280900.4448137,1780280900.4448137,1780280900.4572573,12.44354248046875,decode,1,0,451641,0.0,0.0,0.0,0.0,0.0,0
engine_step_start,1780280900.4449735,1780280900.4449735,1780280900.4573634,12.389898300170898,decode,0,0,451640,0.0,0.0,0.0,0.0,0.0,0
engine_step_start,1780280900.4572628,1780280900.4572628,1780280900.469742,12.479305267333984,decode,1,0,451641,0.0,0.0,0.0,0.0,0.0,0
engine_step_start,1780280900.4573703,1780280900.4573703,1780280900.469763,12.392759323120117,decode,0,0,451640,0.0,0.0,0.0,0.0,0.0,0
engine_step_start,1780280900.469747,1780280900.469747,1780280900.482232,12.485027313232422,decode,1,0,451641,9.8724365234375,0.7907420845586831,9.8724365234375,0.7907420845586831,1.0,1
engine_step_start,1780280900.46978,1780280900.46978,1780280900.482214,12.434005737304688,decode,0,0,451640,9.854316711425781,0.7925295290688756,9.854316711425781,0.7925295290688756,1.0,1
engine_step_start,1780280900.4822295,1780280900.4822295,1780280900.4946518,12.422323226928711,decode,0,0,451640,12.422323226928711,1.0,12.422323226928711,1.0,1.0,1
engine_step_start,1780280900.4822402,1780280900.4822402,1780280900.4944932,12.253046035766602,decode,1,0,451641,12.253046035766602,1.0,12.253046035766602,1.0,1.0,1
engine_step_start,1780280900.4945107,1780280900.4945107,1780280900.506855,12.3443603515625,decode,1,0,451641,12.446403503417969,1.0082663782447465,12.3443603515625,1.0,1.0082663782447465,2
engine_step_start,1780280900.4946587,1780280900.4946587,1780280900.5069609,12.302160263061523,decode,0,0,451640,12.404203414916992,1.0082947343940774,12.302160263061523,1.0,1.0082947343940774,2
engine_step_start,1780280900.5068676,1780280900.5068676,1780280900.5192356,12.367963790893555,decode,1,0,451641,12.367963790893555,1.0,12.367963790893555,1.0,1.0,1
engine_step_start,1780280900.5069675,1780280900.5069675,1780280900.5193992,12.431621551513672,decode,0,0,451640,12.431621551513672,1.0,12.431621551513672,1.0,1.0,1
engine_step_start,1780280900.5192401,1780280900.5192401,1780280900.5315683,12.328147888183594,decode,1,0,451641,2.7875900268554688,0.2261158814883577,2.7875900268554688,0.2261158814883577,1.0,1
engine_step_start,1780280900.5194056,1780280900.5194056,1780280900.5317082,12.302637100219727,decode,0,0,451640,2.6221275329589844,0.21313540435262882,2.6221275329589844,0.21313540435262882,1.0,1
engine_step_start,1780280900.5315726,1780280900.5315726,1780280900.5441136,12.541055679321289,decode,1,0,451641,0.0,0.0,0.0,0.0,0.0,0
engine_step_start,1780280900.5317252,1780280900.5317252,1780280900.5440216,12.296438217163086,decode,0,0,451640,0.0,0.0,0.0,0.0,0.0,0
engine_step_start,1780280900.54403,1780280900.54403,1780280900.556598,12.567996978759766,decode,0,0,451640,0.0,0.0,0.0,0.0,0.0,0
engine_step_start,1780280900.5441267,1780280900.5441267,1780280900.5563805,12.253761291503906,decode,1,0,451641,0.0,0.0,0.0,0.0,0.0,0
engine_step_start,1780280900.5563924,1780280900.5563924,1780280900.5688202,12.427806854248047,decode,1,0,451641,9.394645690917969,0.7559375359705329,9.394645690917969,0.7559375359705329,1.0,1
engine_step_start,1780280900.556624,1780280900.556624,1780280900.5689852,12.361288070678711,decode,0,0,451640,9.55963134765625,0.7733523636854591,9.55963134765625,0.7733523636854591,1.0,1
engine_step_start,1780280900.5688255,1780280900.5688255,1780280900.5814137,12.588262557983398,decode,1,0,451641,12.588262557983398,1.0,12.588262557983398,1.0,1.0,1
engine_step_start,1780280900.5689995,1780280900.5689995,1780280900.5812716,12.272119522094727,decode,0,0,451640,12.272119522094727,1.0,12.272119522094727,1.0,1.0,1
engine_step_start,1780280900.5812783,1780280900.5812783,1780280900.5938883,12.60995864868164,decode,0,0,451640,12.726783752441406,1.0092645112497636,12.60995864868164,1.0,1.0092645112497636,2
engine_step_start,1780280900.5814369,1780280900.5814369,1780280900.593759,12.322187423706055,decode,1,0,451641,12.43901252746582,1.0094808737882863,12.322187423706055,1.0,1.0094808737882863,2
engine_step_start,1780280900.593771,1780280900.593771,1780280900.6061049,12.333869934082031,decode,1,0,451641,2.528667449951172,0.20501817057140648,2.528667449951172,0.20501817057140648,1.0,1
engine_step_start,1780280900.5938957,1780280900.5938957,1780280900.6062975,12.401819229125977,decode,0,0,451640,2.4039745330810547,0.19384047522925196,2.4039745330810547,0.19384047522925196,1.0,1
engine_step_start,1780280900.6061103,1780280900.6061103,1780280900.6185193,12.408971786499023,decode,1,0,451641,4.457950592041016,0.3592522143447269,4.457950592041016,0.3592522143447269,1.0,1
engine_step_start,1780280900.6063151,1780280900.6063151,1780280900.618666,12.350797653198242,decode,0,0,451640,4.457950592041016,0.3609443468524989,4.457950592041016,0.3609443468524989,1.0,1
engine_step_start,1780280900.6185246,1780280900.6185246,1780280900.631031,12.506484985351562,decode,1,0,451641,0.0,0.0,0.0,0.0,0.0,0
engine_step_start,1780280900.6186814,1780280900.6186814,1780280900.6311388,12.45737075805664,decode,0,0,451640,0.0,0.0,0.0,0.0,0.0,0
engine_step_start,1780280900.6310432,1780280900.6310432,1780280900.6435096,12.4664306640625,decode,1,0,451641,0.0,0.0,0.0,0.0,0.0,0
engine_step_start,1780280900.6311462,1780280900.6311462,1780280900.6436226,12.476444244384766,decode,0,0,451640,0.0,0.0,0.0,0.0,0.0,0
engine_step_start,1780280900.6435142,1780280900.6435142,1780280900.655925,12.410879135131836,decode,1,0,451641,0.0,0.0,0.0,0.0,0.0,0
engine_step_start,1780280900.6436381,1780280900.6436381,1780280900.6560566,12.418508529663086,decode,0,0,451640,0.0,0.0,0.0,0.0,0.0,0
engine_step_start,1780280900.6559303,1780280900.6559303,1780280900.6684508,12.520551681518555,decode,1,0,451641,0.0,0.0,0.0,0.0,0.0,0
engine_step_start,1780280900.6560712,1780280900.6560712,1780280900.6684577,12.386560440063477,decode,0,0,451640,0.0,0.0,0.0,0.0,0.0,0
engine_step_start,1780280900.6684558,1780280900.6684558,1780280900.6808605,12.404680252075195,decode,1,0,451641,0.0,0.0,0.0,0.0,0.0,0
engine_step_start,1780280900.6684647,1780280900.6684647,1780280900.6809657,12.501001358032227,decode,0,0,451640,0.0,0.0,0.0,0.0,0.0,0
engine_step_start,1780280900.6808653,1780280900.6808653,1780280900.6933286,12.46333122253418,decode,1,0,451641,0.0,0.0,0.0,0.0,0.0,0
engine_step_start,1780280900.6809726,1780280900.6809726,1780280900.6934466,12.47406005859375,decode,0,0,451640,0.0,0.0,0.0,0.0,0.0,0
engine_step_start,1780280900.6933331,1780280900.6933331,1780280900.7057798,12.44664192199707,decode,1,0,451641,0.0,0.0,0.0,0.0,0.0,0
engine_step_start,1780280900.6934538,1780280900.6934538,1780280900.7058787,12.424945831298828,decode,0,0,451640,0.0,0.0,0.0,0.0,0.0,0
engine_step_start,1780280900.705784,1780280900.705784,1780280900.7183104,12.526273727416992,decode,1,0,451641,0.0,0.0,0.0,0.0,0.0,0
engine_step_start,1780280900.7058861,1780280900.7058861,1780280900.7184236,12.537479400634766,decode,0,0,451640,0.0,0.0,0.0,0.0,0.0,0
engine_step_start,1780280900.7183218,1780280900.7183218,1780280900.730876,12.554168701171875,decode,1,0,451641,0.0,0.0,0.0,0.0,0.0,0
engine_step_start,1780280900.7184305,1780280900.7184305,1780280900.7308552,12.424707412719727,decode,0,0,451640,0.0,0.0,0.0,0.0,0.0,0
engine_step_start,1780280900.7308626,1780280900.7308626,1780280900.743281,12.418270111083984,decode,0,0,451640,0.0,0.0,0.0,0.0,0.0,0
engine_step_start,1780280900.730881,1780280900.730881,1780280900.74342,12.538909912109375,decode,1,0,451641,0.0,0.0,0.0,0.0,0.0,0
engine_step_start,1780280900.7432883,1780280900.7432883,1780280900.7557902,12.501955032348633,decode,0,0,451640,9.984493255615234,0.7986345519385167,9.984493255615234,0.7986345519385167,1.0,1
engine_step_start,1780280900.7434568,1780280900.7434568,1780280900.7558215,12.364625930786133,decode,1,0,451641,10.015726089477539,0.8100306588766125,10.015726089477539,0.8100306588766125,1.0,1
engine_step_start,1780280900.755798,1780280900.755798,1780280900.768287,12.488842010498047,decode,0,0,451640,2.6535987854003906,0.21247756863044556,2.6535987854003906,0.21247756863044556,1.0,1
engine_step_start,1780280900.7558331,1780280900.7558331,1780280900.768274,12.440919876098633,decode,1,0,451641,2.618551254272461,0.2104789099480654,2.618551254272461,0.2104789099480654,1.0,1
engine_step_start,1780280900.7682793,1780280900.7682793,1780280900.780736,12.456655502319336,decode,1,0,451641,0.0,0.0,0.0,0.0,0.0,0
engine_step_start,1780280900.7682936,1780280900.7682936,1780280900.780731,12.43734359741211,decode,0,0,451640,0.0,0.0,0.0,0.0,0.0,0
engine_step_start,1780280900.7811878,1780280900.7811878,1780280900.7932105,12.022733688354492,decode,0,0,451640,0.0,0.0,0.0,0.0,0.0,0
engine_step_start,1780280900.7812126,1780280900.7812126,1780280900.7931569,11.944293975830078,decode,1,0,451641,0.0,0.0,0.0,0.0,0.0,0
engine_step_start,1780280900.7931705,1780280900.7931705,1780280900.8055813,12.410879135131836,decode,1,0,451641,0.0,0.0,0.0,0.0,0.0,0
engine_step_start,1780280900.7932174,1780280900.7932174,1780280900.805637,12.419462203979492,decode,0,0,451640,0.0,0.0,0.0,0.0,0.0,0
engine_step_start,1780280900.805587,1780280900.805587,1780280900.8180735,12.486457824707031,decode,1,0,451641,3.1180381774902344,0.24971358741312152,3.1180381774902344,0.24971358741312152,1.0,1
engine_step_start,1780280900.8056545,1780280900.8056545,1780280900.8182025,12.547969818115234,decode,0,0,451640,3.1180381774902344,0.2484894546836405,3.1180381774902344,0.2484894546836405,1.0,1
engine_step_start,1780280900.818079,1780280900.818079,1780280900.8305583,12.479305267333984,decode,1,0,451641,9.73963737487793,0.7804631080203278,9.73963737487793,0.7804631080203278,1.0,1
engine_step_start,1780280900.8182256,1780280900.8182256,1780280900.8306954,12.469768524169922,decode,0,0,451640,9.876728057861328,0.792053841153302,9.876728057861328,0.792053841153302,1.0,1
engine_step_start,1780280900.8305633,1780280900.8305633,1780280900.843042,12.47859001159668,decode,1,0,451641,3.0052661895751953,0.2408337950667762,3.0052661895751953,0.2408337950667762,1.0,1
engine_step_start,1780280900.83071,1780280900.83071,1780280900.843028,12.318134307861328,decode,0,0,451640,2.8586387634277344,0.2320675105485232,2.8586387634277344,0.2320675105485232,1.0,1
engine_step_start,1780280900.8430424,1780280900.8430424,1780280900.855535,12.492656707763672,decode,0,0,451640,0.0,0.0,0.0,0.0,0.0,0
engine_step_start,1780280900.8430474,1780280900.8430474,1780280900.8555024,12.454986572265625,decode,1,0,451641,0.0,0.0,0.0,0.0,0.0,0
engine_step_start,1780280900.8555076,1780280900.8555076,1780280900.8679993,12.491703033447266,decode,1,0,451641,0.0,0.0,0.0,0.0,0.0,0
engine_step_start,1780280900.8555427,1780280900.8555427,1780280900.8679378,12.395143508911133,decode,0,0,451640,0.0,0.0,0.0,0.0,0.0,0
engine_step_start,1780280900.867952,1780280900.867952,1780280900.8805234,12.571334838867188,decode,0,0,451640,0.0,0.0,0.0,0.0,0.0,0
engine_step_start,1780280900.8680046,1780280900.8680046,1780280900.8804076,12.403011322021484,decode,1,0,451641,0.0,0.0,0.0,0.0,0.0,0
engine_step_start,1780280900.880421,1780280900.880421,1780280900.8928053,12.384414672851562,decode,1,0,451641,0.0,0.0,0.0,0.0,0.0,0
engine_step_start,1780280900.8805304,1780280900.8805304,1780280900.892907,12.376546859741211,decode,0,0,451640,0.0,0.0,0.0,0.0,0.0,0
engine_step_start,1780280900.8928113,1780280900.8928113,1780280900.9052334,12.42208480834961,decode,1,0,451641,0.0,0.0,0.0,0.0,0.0,0
engine_step_start,1780280900.8929136,1780280900.8929136,1780280900.9053533,12.439727783203125,decode,0,0,451640,0.0,0.0,0.0,0.0,0.0,0
engine_step_start,1780280900.9052386,1780280900.9052386,1780280900.9176733,12.434720993041992,decode,1,0,451641,0.0,0.0,0.0,0.0,0.0,0
engine_step_start,1780280900.9053602,1780280900.9053602,1780280900.9177463,12.386083602905273,decode,0,0,451640,0.0,0.0,0.0,0.0,0.0,0
engine_step_start,1780280900.9176807,1780280900.9176807,1780280900.9301562,12.47549057006836,decode,1,0,451641,0.0,0.0,0.0,0.0,0.0,0
engine_step_start,1780280900.9177527,1780280900.9177527,1780280900.9302313,12.47859001159668,decode,0,0,451640,0.0,0.0,0.0,0.0,0.0,0
engine_step_start,1780280900.9301624,1780280900.9301624,1780280900.9426098,12.447357177734375,decode,1,0,451641,0.0,0.0,0.0,0.0,0.0,0
engine_step_start,1780280900.9302385,1780280900.9302385,1780280900.9425707,12.33220100402832,decode,0,0,451640,0.0,0.0,0.0,0.0,0.0,0
engine_step_start,1780280900.9425883,1780280900.9425883,1780280900.9549646,12.37630844116211,decode,0,0,451640,22.861957550048828,1.8472356000770564,9.932994842529297,0.8025813908688114,2.3016177811914935,3
engine_step_start,1780280900.942631,1780280900.942631,1780280900.955068,12.437105178833008,decode,1,0,451641,23.172378540039062,1.86316495734688,10.036468505859375,0.8069778587175309,2.3088179399467883,3
engine_step_start,1780280900.9549804,1780280900.9549804,1780280900.9672434,12.263059616088867,decode,0,0,451640,27.121305465698242,2.211626324487217,12.263059616088867,1.0,2.211626324487217,3
engine_step_start,1780280900.9550822,1780280900.9550822,1780280900.9673512,12.269020080566406,decode,1,0,451641,27.031421661376953,2.203225806451613,12.269020080566406,1.0,2.203225806451613,3
engine_step_start,1780280900.9672506,1780280900.9672506,1780280900.9796689,12.418270111083984,decode,0,0,451640,5.193233489990234,0.41819298851898784,2.618074417114258,0.21082440579042352,1.983608050268646,2
engine_step_start,1780280900.9673564,1780280900.9673564,1780280900.9795568,12.200355529785156,decode,1,0,451641,4.981517791748047,0.40830923161103727,2.512216567993164,0.20591339013523022,1.9829173389010155,2
engine_step_start,1780280900.979562,1780280900.979562,1780280900.9919834,12.421369552612305,decode,1,0,451641,0.0,0.0,0.0,0.0,0.0,0
engine_step_start,1780280900.9796758,1780280900.9796758,1780280900.9919927,12.31694221496582,decode,0,0,451640,0.0,0.0,0.0,0.0,0.0,0
engine_step_start,1780280900.991989,1780280900.991989,1780280901.0044122,12.423276901245117,decode,1,0,451641,0.0,0.0,0.0,0.0,0.0,0
engine_step_start,1780280900.9920073,1780280900.9920073,1780280901.0044305,12.423276901245117,decode,0,0,451640,0.0,0.0,0.0,0.0,0.0,0
engine_step_start,1780280901.0044236,1780280901.0044236,1780280901.016819,12.395381927490234,decode,1,0,451641,0.0,0.0,0.0,0.0,0.0,0
engine_step_start,1780280901.0044372,1780280901.0044372,1780280901.0168874,12.450218200683594,decode,0,0,451640,0.0,0.0,0.0,0.0,0.0,0
engine_step_start,1780280901.0168257,1780280901.0168257,1780280901.0291548,12.3291015625,decode,1,0,451641,0.0,0.0,0.0,0.0,0.0,0
engine_step_start,1780280901.016895,1780280901.016895,1780280901.0291994,12.304306030273438,decode,0,0,451640,0.0,0.0,0.0,0.0,0.0,0
engine_step_start,1780280901.029165,1780280901.029165,1780280901.0416667,12.501716613769531,decode,1,0,451641,0.0,0.0,0.0,0.0,0.0,0
engine_step_start,1780280901.0292063,1780280901.0292063,1780280901.0417027,12.496471405029297,decode,0,0,451640,0.0,0.0,0.0,0.0,0.0,0
engine_step_start,1780280901.0416722,1780280901.0416722,1780280901.0540981,12.425899505615234,decode,1,0,451641,0.0,0.0,0.0,0.0,0.0,0
engine_step_start,1780280901.0417101,1780280901.0417101,1780280901.0540571,12.346982955932617,decode,0,0,451640,0.0,0.0,0.0,0.0,0.0,0
engine_step_start,1780280901.054064,1780280901.054064,1780280901.0664923,12.42828369140625,decode,0,0,451640,9.838581085205078,0.7916282995702886,9.838581085205078,0.7916282995702886,1.0,1
engine_step_start,1780280901.0541153,1780280901.0541153,1780280901.0664454,12.330055236816406,decode,1,0,451641,9.79161262512207,0.7941256090958311,9.79161262512207,0.7941256090958311,1.0,1
engine_step_start,1780280901.0664673,1780280901.0664673,1780280901.092175,25.707721710205078,decode,1,0,451641,36.83304786682129,1.4327620425500343,25.707721710205078,1.0,1.4327620425500343,3
engine_step_start,1780280901.0665195,1780280901.0665195,1780280901.0920672,25.54774284362793,decode,0,0,451640,36.565303802490234,1.4312537912369931,25.54774284362793,1.0,1.4312537912369931,3
engine_step_start,1780280901.0920887,1780280901.0920887,1780280901.1045394,12.450695037841797,decode,0,0,451640,15.20085334777832,1.220883918654973,12.450695037841797,1.0,1.220883918654973,3
engine_step_start,1780280901.092187,1780280901.092187,1780280901.1043758,12.188911437988281,decode,1,0,451641,14.840841293334961,1.217569047805336,12.188911437988281,1.0,1.217569047805336,3
engine_step_start,1780280901.104381,1780280901.104381,1780280901.116759,12.37797737121582,decode,1,0,451641,2.8984546661376953,0.23416222046728433,2.8984546661376953,0.23416222046728433,1.0,1
engine_step_start,1780280901.1045542,1780280901.1045542,1780280901.1167827,12.22848892211914,decode,0,0,451640,2.725362777709961,0.22286995515695068,2.725362777709961,0.22286995515695068,1.0,1
engine_step_start,1780280901.1167648,1780280901.1167648,1780280901.1291785,12.413740158081055,decode,1,0,451641,0.0,0.0,0.0,0.0,0.0,0
engine_step_start,1780280901.1167963,1780280901.1167963,1780280901.1292171,12.420892715454102,decode,0,0,451640,0.0,0.0,0.0,0.0,0.0,0
engine_step_start,1780280901.1292012,1780280901.1292012,1780280901.1417017,12.500524520874023,decode,1,0,451641,4.532098770141602,0.3625526882950926,4.532098770141602,0.3625526882950926,1.0,1
engine_step_start,1780280901.1292243,1780280901.1292243,1780280901.1416445,12.420177459716797,decode,0,0,451640,4.532098770141602,0.3648980688754943,4.532098770141602,0.3648980688754943,1.0,1
engine_step_start,1780280901.141668,1780280901.141668,1780280901.1541271,12.459039688110352,decode,0,0,451640,5.449056625366211,0.4373576745699141,5.449056625366211,0.4373576745699141,1.0,1
engine_step_start,1780280901.1417143,1780280901.1417143,1780280901.1540418,12.327432632446289,decode,1,0,451641,5.449056625366211,0.442026883280147,5.449056625366211,0.442026883280147,1.0,1
engine_step_start,1780280901.1540477,1780280901.1540477,1780280901.1664896,12.441873550415039,decode,1,0,451641,0.0,0.0,0.0,0.0,0.0,0
engine_step_start,1780280901.1541426,1780280901.1541426,1780280901.1666105,12.46786117553711,decode,0,0,451640,0.0,0.0,0.0,0.0,0.0,0
engine_step_start,1780280901.1665013,1780280901.1665013,1780280901.1789672,12.465953826904297,decode,1,0,451641,0.0,0.0,0.0,0.0,0.0,0
engine_step_start,1780280901.1666176,1780280901.1666176,1780280901.178986,12.368440628051758,decode,0,0,451640,0.0,0.0,0.0,0.0,0.0,0
engine_step_start,1780280901.1789863,1780280901.1789863,1780280901.191711,12.724637985229492,decode,1,0,451641,11.194229125976562,0.8797286916115493,10.230302810668945,0.8039759419909689,1.0942226572513924,2
engine_step_start,1780280901.1790106,1780280901.1790106,1780280901.1917937,12.783050537109375,decode,0,0,451640,11.276960372924805,0.8821806923306476,10.313034057617188,0.8067740972843928,1.0934668022933234,2
engine_step_start,1780280901.1922662,1780280901.1922662,1780280901.204297,12.030839920043945,decode,0,0,451640,2.6345252990722656,0.2189809952240344,2.6345252990722656,0.2189809952240344,1.0,1
engine_step_start,1780280901.1922998,1780280901.1922998,1780280901.2041276,11.827707290649414,decode,1,0,451641,2.6009082794189453,0.21989961498921567,2.6009082794189453,0.21989961498921567,1.0,1
engine_step_start,1780280901.2041435,1780280901.2041435,1780280901.216563,12.419462203979492,decode,1,0,451641,1.6169548034667969,0.13019523526136953,1.6169548034667969,0.13019523526136953,1.0,1
engine_step_start,1780280901.2043045,1780280901.2043045,1780280901.2166905,12.386083602905273,decode,0,0,451640,1.6169548034667969,0.13054609150930685,1.6169548034667969,0.13054609150930685,1.0,1
engine_step_start,1780280901.2165751,1780280901.2165751,1780280901.229284,12.708902359008789,decode,1,0,451641,0.0,0.0,0.0,0.0,0.0,0
engine_step_start,1780280901.2167056,1780280901.2167056,1780280901.2294354,12.729883193969727,decode,0,0,451640,0.0,0.0,0.0,0.0,0.0,0
engine_step_start,1780280901.2293034,1780280901.2293034,1780280901.2419941,12.69078254699707,decode,1,0,451641,1.6040802001953125,0.12639726464896955,1.6040802001953125,0.12639726464896955,1.0,1
engine_step_start,1780280901.2294426,1780280901.2294426,1780280901.2421243,12.681722640991211,decode,0,0,451640,1.6040802001953125,0.12648756368558592,1.6040802001953125,0.12648756368558592,1.0,1
engine_step_start,1780280901.2420042,1780280901.2420042,1780280901.2549038,12.899637222290039,decode,1,0,451641,0.0,0.0,0.0,0.0,0.0,0
engine_step_start,1780280901.2421315,1780280901.2421315,1780280901.2549317,12.800216674804688,decode,0,0,451640,0.0,0.0,0.0,0.0,0.0,0
engine_step_start,1780280901.2549136,1780280901.2549136,1780280901.2676268,12.713193893432617,decode,1,0,451641,0.0,0.0,0.0,0.0,0.0,0
engine_step_start,1780280901.2549386,1780280901.2549386,1780280901.2676892,12.750625610351562,decode,0,0,451640,0.0,0.0,0.0,0.0,0.0,0
engine_step_start,1780280901.2676384,1780280901.2676384,1780280901.2804842,12.845754623413086,decode,1,0,451641,0.0,0.0,0.0,0.0,0.0,0
engine_step_start,1780280901.267697,1780280901.267697,1780280901.2804284,12.731313705444336,decode,0,0,451640,0.0,0.0,0.0,0.0,0.0,0
engine_step_start,1780280901.2804363,1780280901.2804363,1780280901.2931936,12.757301330566406,decode,0,0,451640,0.0,0.0,0.0,0.0,0.0,0
engine_step_start,1780280901.2804897,1780280901.2804897,1780280901.2931948,12.705087661743164,decode,1,0,451641,0.0,0.0,0.0,0.0,0.0,0
engine_step_start,1780280901.2932,1780280901.2932,1780280901.3058906,12.690544128417969,decode,1,0,451641,0.0,0.0,0.0,0.0,0.0,0
engine_step_start,1780280901.2932007,1780280901.2932007,1780280901.3059127,12.71200180053711,decode,0,0,451640,0.0,0.0,0.0,0.0,0.0,0
engine_step_start,1780280901.3059063,1780280901.3059063,1780280901.3187122,12.805938720703125,decode,1,0,451641,10.320663452148438,0.8059279118260352,10.320663452148438,0.8059279118260352,1.0,1
engine_step_start,1780280901.3059196,1780280901.3059196,1780280901.318645,12.725353240966797,decode,0,0,451640,10.253429412841797,0.8057481170607412,10.253429412841797,0.8057481170607412,1.0,1
engine_step_start,1780280901.318652,1780280901.318652,1780280901.331326,12.674093246459961,decode,0,0,451640,12.674093246459961,1.0,12.674093246459961,1.0,1.0,1
engine_step_start,1780280901.3187249,1780280901.3187249,1780280901.3314972,12.772321701049805,decode,1,0,451641,12.772321701049805,1.0,12.772321701049805,1.0,1.0,1
engine_step_start,1780280901.3313332,1780280901.3313332,1780280901.3441052,12.772083282470703,decode,0,0,451640,2.8634071350097656,0.22419264513720366,2.8634071350097656,0.22419264513720366,1.0,1
engine_step_start,1780280901.3315027,1780280901.3315027,1780280901.3441024,12.599706649780273,decode,1,0,451641,2.6938915252685547,0.21380589248207088,2.6938915252685547,0.21380589248207088,1.0,1
engine_step_start,1780280901.3441122,1780280901.3441122,1780280901.3569198,12.807607650756836,decode,0,0,451640,4.501104354858398,0.3514399002215231,4.501104354858398,0.3514399002215231,1.0,1
engine_step_start,1780280901.3441176,1780280901.3441176,1780280901.3568506,12.732982635498047,decode,1,0,451641,4.501104354858398,0.3534996067857544,4.501104354858398,0.3534996067857544,1.0,1
engine_step_start,1780280901.3568618,1780280901.3568618,1780280901.369665,12.803077697753906,decode,1,0,451641,0.0,0.0,0.0,0.0,0.0,0
engine_step_start,1780280901.3569267,1780280901.3569267,1780280901.3695726,12.645959854125977,decode,0,0,451640,0.0,0.0,0.0,0.0,0.0,0
engine_step_start,1780280901.3695793,1780280901.3695793,1780280901.3823712,12.791872024536133,decode,0,0,451640,0.0,0.0,0.0,0.0,0.0,0
engine_step_start,1780280901.3696754,1780280901.3696754,1780280901.3822803,12.604951858520508,decode,1,0,451641,0.0,0.0,0.0,0.0,0.0,0
engine_step_start,1780280901.38229,1780280901.38229,1780280901.395036,12.746095657348633,decode,1,0,451641,0.0,0.0,0.0,0.0,0.0,0
engine_step_start,1780280901.382378,1780280901.382378,1780280901.3951724,12.794256210327148,decode,0,0,451640,0.0,0.0,0.0,0.0,0.0,0
engine_step_start,1780280901.3950408,1780280901.3950408,1780280901.4079995,12.958765029907227,decode,1,0,451641,0.0,0.0,0.0,0.0,0.0,0
engine_step_start,1780280901.3951795,1780280901.3951795,1780280901.4079695,12.78996467590332,decode,0,0,451640,0.0,0.0,0.0,0.0,0.0,0
engine_step_start,1780280901.4079762,1780280901.4079762,1780280901.420726,12.749910354614258,decode,0,0,451640,0.0,0.0,0.0,0.0,0.0,0
engine_step_start,1780280901.4080124,1780280901.4080124,1780280901.420734,12.721538543701172,decode,1,0,451641,0.0,0.0,0.0,0.0,0.0,0
engine_step_start,1780280901.420739,1780280901.420739,1780280901.4333885,12.6495361328125,decode,1,0,451641,9.926795959472656,0.7847557297949337,9.926795959472656,0.7847557297949337,1.0,1
engine_step_start,1780280901.4207435,1780280901.4207435,1780280901.4336016,12.858152389526367,decode,0,0,451640,10.139942169189453,0.788600248465632,10.139942169189453,0.788600248465632,1.0,1
engine_step_start,1780280901.4333942,1780280901.4333942,1780280901.4457963,12.402057647705078,decode,1,0,451641,12.402057647705078,1.0,12.402057647705078,1.0,1.0,1
engine_step_start,1780280901.433617,1780280901.433617,1780280901.4459224,12.305259704589844,decode,0,0,451640,12.305259704589844,1.0,12.305259704589844,1.0,1.0,1
engine_step_start,1780280901.4458015,1780280901.4458015,1780280901.4582415,12.439966201782227,decode,1,0,451641,2.743244171142578,0.22051861931502387,2.743244171142578,0.22051861931502387,1.0,1
engine_step_start,1780280901.4459321,1780280901.4459321,1780280901.458274,12.341737747192383,decode,0,0,451640,2.612590789794922,0.2116874335941273,2.612590789794922,0.2116874335941273,1.0,1
engine_step_start,1780280901.4582467,1780280901.4582467,1780280901.4706688,12.42208480834961,decode,1,0,451641,0.0,0.0,0.0,0.0,0.0,0
engine_step_start,1780280901.4582818,1780280901.4582818,1780280901.470751,12.469291687011719,decode,0,0,451640,0.0,0.0,0.0,0.0,0.0,0
engine_step_start,1780280901.4706814,1780280901.4706814,1780280901.4830115,12.330055236816406,decode,1,0,451641,0.0,0.0,0.0,0.0,0.0,0
engine_step_start,1780280901.4707584,1780280901.4707584,1780280901.4830756,12.317180633544922,decode,0,0,451640,0.0,0.0,0.0,0.0,0.0,0
engine_step_start,1780280901.4830167,1780280901.4830167,1780280901.4958482,12.831449508666992,decode,1,0,451641,0.0,0.0,0.0,0.0,0.0,0
engine_step_start,1780280901.4830918,1780280901.4830918,1780280901.4958112,12.719392776489258,decode,0,0,451640,0.0,0.0,0.0,0.0,0.0,0
engine_step_start,1780280901.4958186,1780280901.4958186,1780280901.5085626,12.743949890136719,decode,0,0,451640,0.0,0.0,0.0,0.0,0.0,0
engine_step_start,1780280901.495854,1780280901.495854,1780280901.5085945,12.740612030029297,decode,1,0,451641,0.0,0.0,0.0,0.0,0.0,0
engine_step_start,1780280901.50857,1780280901.50857,1780280901.5213816,12.811660766601562,decode,0,0,451640,0.0,0.0,0.0,0.0,0.0,0
engine_step_start,1780280901.5085998,1780280901.5085998,1780280901.5212834,12.683629989624023,decode,1,0,451641,0.0,0.0,0.0,0.0,0.0,0
engine_step_start,1780280901.5212944,1780280901.5212944,1780280901.5340679,12.773513793945312,decode,1,0,451641,0.0,0.0,0.0,0.0,0.0,0
engine_step_start,1780280901.5213885,1780280901.5213885,1780280901.534163,12.774467468261719,decode,0,0,451640,0.0,0.0,0.0,0.0,0.0,0
engine_step_start,1780280901.5340724,1780280901.5340724,1780280901.546878,12.805700302124023,decode,1,0,451641,0.0,0.0,0.0,0.0,0.0,0
engine_step_start,1780280901.5341702,1780280901.5341702,1780280901.5469728,12.802600860595703,decode,0,0,451640,0.0,0.0,0.0,0.0,0.0,0
engine_step_start,1780280901.5468853,1780280901.5468853,1780280901.5595744,12.68911361694336,decode,1,0,451641,0.0,0.0,0.0,0.0,0.0,0
engine_step_start,1780280901.5469801,1780280901.5469801,1780280901.55969,12.709856033325195,decode,0,0,451640,0.0,0.0,0.0,0.0,0.0,0
engine_step_start,1780280901.5595798,1780280901.5595798,1780280901.572299,12.719154357910156,decode,1,0,451641,0.0,0.0,0.0,0.0,0.0,0
engine_step_start,1780280901.5596979,1780280901.5596979,1780280901.5723295,12.631654739379883,decode,0,0,451640,0.0,0.0,0.0,0.0,0.0,0
engine_step_start,1780280901.572303,1780280901.572303,1780280901.5849462,12.643098831176758,decode,1,0,451641,0.0,0.0,0.0,0.0,0.0,0
engine_step_start,1780280901.5723467,1780280901.5723467,1780280901.5851426,12.79592514038086,decode,0,0,451640,0.0,0.0,0.0,0.0,0.0,0
engine_step_start,1780280901.5849514,1780280901.5849514,1780280901.5978003,12.848854064941406,decode,1,0,451641,0.0,0.0,0.0,0.0,0.0,0
engine_step_start,1780280901.58515,1780280901.58515,1780280901.5977547,12.604713439941406,decode,0,0,451640,0.0,0.0,0.0,0.0,0.0,0
engine_step_start,1780280901.5982046,1780280901.5982046,1780280901.6105316,12.326955795288086,decode,0,0,451640,9.629011154174805,0.7811345569889562,9.629011154174805,0.7811345569889562,1.0,1
engine_step_start,1780280901.5982351,1780280901.5982351,1780280901.6104007,12.165546417236328,decode,1,0,451641,9.498119354248047,0.7807392309802845,9.498119354248047,0.7807392309802845,1.0,1
engine_step_start,1780280901.6104121,1780280901.6104121,1780280901.6231222,12.710094451904297,decode,1,0,451641,12.710094451904297,1.0,12.710094451904297,1.0,1.0,1
engine_step_start,1780280901.610539,1780280901.610539,1780280901.6233575,12.818574905395508,decode,0,0,451640,12.818574905395508,1.0,12.818574905395508,1.0,1.0,1
engine_step_start,1780280901.6231265,1780280901.6231265,1780280901.635882,12.755393981933594,decode,1,0,451641,2.841949462890625,0.22280373831775702,2.841949462890625,0.22280373831775702,1.0,1
engine_step_start,1780280901.6233678,1780280901.6233678,1780280901.6360803,12.712478637695312,decode,0,0,451640,2.6006698608398438,0.204576144036009,2.6006698608398438,0.204576144036009,1.0,1
engine_step_start,1780280901.635887,1780280901.635887,1780280901.6487348,12.847900390625,decode,1,0,451641,0.0,0.0,0.0,0.0,0.0,0
engine_step_start,1780280901.6360872,1780280901.6360872,1780280901.6487753,12.688159942626953,decode,0,0,451640,0.0,0.0,0.0,0.0,0.0,0
engine_step_start,1780280901.648739,1780280901.648739,1780280901.6614866,12.747526168823242,decode,1,0,451641,0.0,0.0,0.0,0.0,0.0,0
engine_step_start,1780280901.6487825,1780280901.6487825,1780280901.661452,12.669563293457031,decode,0,0,451640,0.0,0.0,0.0,0.0,0.0,0
engine_step_start,1780280901.661459,1780280901.661459,1780280901.6742728,12.813806533813477,decode,0,0,451640,0.0,0.0,0.0,0.0,0.0,0
engine_step_start,1780280901.6615,1780280901.6615,1780280901.6742318,12.731790542602539,decode,1,0,451641,0.0,0.0,0.0,0.0,0.0,0
engine_step_start,1780280901.6742501,1780280901.6742501,1780280901.6870205,12.770414352416992,decode,1,0,451641,9.961843490600586,0.7800720646715084,9.961843490600586,0.7800720646715084,1.0,1
engine_step_start,1780280901.67428,1780280901.67428,1780280901.6870859,12.805938720703125,decode,0,0,451640,10.027170181274414,0.7830093833780161,10.027170181274414,0.7830093833780161,1.0,1
engine_step_start,1780280901.6870422,1780280901.6870422,1780280901.6993234,12.281179428100586,decode,1,0,451641,21.9118595123291,1.7841820193745026,12.281179428100586,1.0,1.7841820193745026,2
engine_step_start,1780280901.6871016,1780280901.6871016,1780280901.6994574,12.355804443359375,decode,0,0,451640,22.12047576904297,1.7902902130287126,12.355804443359375,1.0,1.7902902130287126,2
engine_step_start,1780280901.6993444,1780280901.6993444,1780280901.7222173,22.8729248046875,decode,1,0,451641,37.50729560852051,1.6398119579719814,22.8729248046875,1.0,1.6398119579719814,3
engine_step_start,1780280901.6994767,1780280901.6994767,1780280901.7222712,22.794485092163086,decode,0,0,451640,37.29653358459473,1.6362086458104532,22.794485092163086,1.0,1.6362086458104532,3
engine_step_start,1780280901.722232,1780280901.722232,1780280901.7346272,12.395143508911133,decode,1,0,451641,3.7436485290527344,0.30202542845601954,3.255605697631836,0.26265171478582006,1.1499084584401318,2
engine_step_start,1780280901.7222877,1780280901.7222877,1780280901.7347653,12.477636337280273,decode,0,0,451640,3.6880970001220703,0.2955765739944588,3.200054168701172,0.25646316996274005,1.1525108031589928,2
engine_step_start,1780280901.7346377,1780280901.7346377,1780280901.746931,12.293338775634766,decode,1,0,451641,0.0,0.0,0.0,0.0,0.0,0
engine_step_start,1780280901.7347727,1780280901.7347727,1780280901.7469392,12.166500091552734,decode,0,0,451640,0.0,0.0,0.0,0.0,0.0,0
engine_step_start,1780280901.7469432,1780280901.7469432,1780280901.7597444,12.801170349121094,decode,1,0,451641,0.0,0.0,0.0,0.0,0.0,0
engine_step_start,1780280901.7469532,1780280901.7469532,1780280901.759784,12.830734252929688,decode,0,0,451640,0.0,0.0,0.0,0.0,0.0,0
engine_step_start,1780280901.7597575,1780280901.7597575,1780280901.7723317,12.574195861816406,decode,1,0,451641,4.405975341796875,0.3503981797497156,4.405975341796875,0.3503981797497156,1.0,1
engine_step_start,1780280901.7598095,1780280901.7598095,1780280901.7724016,12.592077255249023,decode,0,0,451640,4.405975341796875,0.3499005964214712,4.405975341796875,0.3499005964214712,1.0,1
engine_step_start,1780280901.7723436,1780280901.7723436,1780280901.786109,13.765335083007812,decode,1,0,451641,0.0,0.0,0.0,0.0,0.0,0
engine_step_start,1780280901.7724156,1780280901.7724156,1780280901.7849123,12.496709823608398,decode,0,0,451640,0.0,0.0,0.0,0.0,0.0,0
engine_step_start,1780280901.7849197,1780280901.7849197,1780280901.797232,12.312173843383789,decode,0,0,451640,0.0,0.0,0.0,0.0,0.0,0
engine_step_start,1780280901.7861326,1780280901.7861326,1780280901.7971473,11.014699935913086,decode,1,0,451641,0.0,0.0,0.0,0.0,0.0,0
engine_step_start,1780280901.7971537,1780280901.7971537,1780280901.8099675,12.813806533813477,decode,1,0,451641,0.0,0.0,0.0,0.0,0.0,0
engine_step_start,1780280901.797247,1780280901.797247,1780280901.80994,12.693166732788086,decode,0,0,451640,0.0,0.0,0.0,0.0,0.0,0
engine_step_start,1780280901.8099473,1780280901.8099473,1780280901.8228319,12.88461685180664,decode,0,0,451640,0.0,0.0,0.0,0.0,0.0,0
engine_step_start,1780280901.8099952,1780280901.8099952,1780280901.8227344,12.739181518554688,decode,1,0,451641,0.0,0.0,0.0,0.0,0.0,0
engine_step_start,1780280901.8227413,1780280901.8227413,1780280901.8354437,12.702465057373047,decode,1,0,451641,0.0,0.0,0.0,0.0,0.0,0
engine_step_start,1780280901.822839,1780280901.822839,1780280901.835623,12.784004211425781,decode,0,0,451640,0.0,0.0,0.0,0.0,0.0,0
engine_step_start,1780280901.8354485,1780280901.8354485,1780280901.8479118,12.46333122253418,decode,1,0,451641,0.0,0.0,0.0,0.0,0.0,0
engine_step_start,1780280901.8356388,1780280901.8356388,1780280901.8479774,12.338638305664062,decode,0,0,451640,0.0,0.0,0.0,0.0,0.0,0
engine_step_start,1780280901.8479161,1780280901.8479161,1780280901.8603013,12.385129928588867,decode,1,0,451641,0.0,0.0,0.0,0.0,0.0,0
engine_step_start,1780280901.8479846,1780280901.8479846,1780280901.8604703,12.485742568969727,decode,0,0,451640,0.0,0.0,0.0,0.0,0.0,0
engine_step_start,1780280901.860307,1780280901.860307,1780280901.872791,12.484073638916016,decode,1,0,451641,0.0,0.0,0.0,0.0,0.0,0
engine_step_start,1780280901.8604777,1780280901.8604777,1780280901.8728454,12.367725372314453,decode,0,0,451640,0.0,0.0,0.0,0.0,0.0,0
engine_step_start,1780280901.8728182,1780280901.8728182,1780280901.885227,12.408733367919922,decode,1,0,451641,9.92441177368164,0.7997924912577336,9.92441177368164,0.7997924912577336,1.0,1
engine_step_start,1780280901.872852,1780280901.872852,1780280901.8852317,12.379646301269531,decode,0,0,451640,9.929180145263672,0.8020568523226254,9.929180145263672,0.8020568523226254,1.0,1
engine_step_start,1780280901.8852468,1780280901.8852468,1780280901.9029636,17.71688461303711,decode,1,0,451641,36.522865295410156,2.0614722110079398,17.71688461303711,1.0,2.0614722110079398,3
engine_step_start,1780280901.8852513,1780280901.8852513,1780280901.9030383,17.78697967529297,decode,0,0,451640,36.742210388183594,2.0656801243901133,17.78697967529297,1.0,2.0656801243901133,3
engine_step_start,1780280901.902975,1780280901.902975,1780280901.9153864,12.411355972290039,decode,1,0,451641,8.163690567016602,0.6577597633363429,2.793550491333008,0.22508020054939779,2.922335068703593,3
engine_step_start,1780280901.9030533,1780280901.9030533,1780280901.9154854,12.432098388671875,decode,0,0,451640,7.929086685180664,0.6377915004602639,2.7153491973876953,0.21841439091745934,2.920098340503995,3
engine_step_start,1780280901.9153945,1780280901.9153945,1780280901.9279404,12.54582405090332,decode,1,0,451641,0.0,0.0,0.0,0.0,0.0,0
engine_step_start,1780280901.9154923,1780280901.9154923,1780280901.927858,12.36581802368164,decode,0,0,451640,0.0,0.0,0.0,0.0,0.0,0
engine_step_start,1780280901.927865,1780280901.927865,1780280901.9403179,12.452840805053711,decode,0,0,451640,0.0,0.0,0.0,0.0,0.0,0
engine_step_start,1780280901.9279456,1780280901.9279456,1780280901.940268,12.322425842285156,decode,1,0,451641,0.0,0.0,0.0,0.0,0.0,0
engine_step_start,1780280901.9402802,1780280901.9402802,1780280901.9531844,12.904167175292969,decode,1,0,451641,0.0,0.0,0.0,0.0,0.0,0
engine_step_start,1780280901.9403322,1780280901.9403322,1780280901.9532027,12.870550155639648,decode,0,0,451640,0.0,0.0,0.0,0.0,0.0,0
engine_step_start,1780280901.9531894,1780280901.9531894,1780280901.9657521,12.562751770019531,decode,1,0,451641,0.0,0.0,0.0,0.0,0.0,0
engine_step_start,1780280901.9532187,1780280901.9532187,1780280901.965601,12.382268905639648,decode,0,0,451640,0.0,0.0,0.0,0.0,0.0,0
engine_step_start,1780280901.9656076,1780280901.9656076,1780280901.978147,12.539386749267578,decode,0,0,451640,9.688377380371094,0.7726356618625698,9.688377380371094,0.7726356618625698,1.0,1
engine_step_start,1780280901.9657795,1780280901.9657795,1780280901.9781082,12.328624725341797,decode,1,0,451641,9.649515151977539,0.7826919357957842,9.649515151977539,0.7826919357957842,1.0,1
engine_step_start,1780280901.9781306,1780280901.9781306,1780280901.990472,12.341499328613281,decode,1,0,451641,31.998157501220703,2.5927285372073254,12.341499328613281,1.0,2.5927285372073254,3
engine_step_start,1780280901.9781723,1780280901.9781723,1780280901.9904962,12.323856353759766,decode,0,0,451640,32.0286750793457,2.5989166183014123,12.323856353759766,1.0,2.5989166183014123,3
engine_step_start,1780280901.9904828,1780280901.9904828,1780280902.002938,12.455224990844727,decode,1,0,451641,8.431673049926758,0.676958710591298,2.889871597290039,0.23202082655385617,2.9176635591122846,3
engine_step_start,1780280901.9905105,1780280901.9905105,1780280902.0029259,12.415409088134766,decode,0,0,451640,8.348703384399414,0.6724469024849253,2.862215042114258,0.2305373122863617,2.9168679716784673,3
engine_step_start,1780280902.002934,1780280902.002934,1780280902.0154846,12.550592422485352,decode,0,0,451640,0.0,0.0,0.0,0.0,0.0,0
engine_step_start,1780280902.0029502,1780280902.0029502,1780280902.0154169,12.466669082641602,decode,1,0,451641,0.0,0.0,0.0,0.0,0.0,0
engine_step_start,1780280902.015908,1780280902.015908,1780280902.0280466,12.138605117797852,decode,0,0,451640,0.0,0.0,0.0,0.0,0.0,0
engine_step_start,1780280902.0161438,1780280902.0161438,1780280902.0278628,11.718988418579102,decode,1,0,451641,0.0,0.0,0.0,0.0,0.0,0
engine_step_start,1780280902.0278742,1780280902.0278742,1780280902.040433,12.558698654174805,decode,1,0,451641,0.0,0.0,0.0,0.0,0.0,0
engine_step_start,1780280902.0280623,1780280902.0280623,1780280902.040505,12.442588806152344,decode,0,0,451640,0.0,0.0,0.0,0.0,0.0,0
engine_step_start,1780280902.0404449,1780280902.0404449,1780280902.0528712,12.426376342773438,decode,1,0,451641,0.0,0.0,0.0,0.0,0.0,0
engine_step_start,1780280902.040512,1780280902.040512,1780280902.052999,12.486934661865234,decode,0,0,451640,0.0,0.0,0.0,0.0,0.0,0
engine_step_start,1780280902.0528855,1780280902.0528855,1780280902.065375,12.489557266235352,decode,1,0,451641,11.20138168334961,0.8968597881072826,9.81450080871582,0.7858165505392765,1.1413093647516093,2
engine_step_start,1780280902.053032,1780280902.053032,1780280902.0654073,12.375354766845703,decode,0,0,451640,11.23356819152832,0.907737063152622,9.846687316894531,0.7956690941316996,1.1408474576271186,2
engine_step_start,1780280902.0653894,1780280902.0653894,1780280902.0864556,21.06618881225586,decode,1,0,451641,26.449203491210938,1.2555286448312546,21.06618881225586,1.0,1.2555286448312546,2
engine_step_start,1780280902.0654225,1780280902.0654225,1780280902.0865521,21.129608154296875,decode,0,0,451640,26.512622833251953,1.2547616898357103,21.129608154296875,1.0,1.2547616898357103,2
engine_step_start,1780280902.0864606,1780280902.0864606,1780280902.0989275,12.466907501220703,decode,1,0,451641,2.6140213012695312,0.20967680244788678,2.6140213012695312,0.20967680244788678,1.0,1
engine_step_start,1780280902.0865588,1780280902.0865588,1780280902.0989664,12.407541275024414,decode,0,0,451640,2.5157928466796875,0.20276320593378297,2.5157928466796875,0.20276320593378297,1.0,1
engine_step_start,1780280902.0989385,1780280902.0989385,1780280902.1113117,12.373208999633789,decode,1,0,451641,0.0,0.0,0.0,0.0,0.0,0
engine_step_start,1780280902.0989738,1780280902.0989738,1780280902.111398,12.424230575561523,decode,0,0,451640,0.0,0.0,0.0,0.0,0.0,0
engine_step_start,1780280902.1113162,1780280902.1113162,1780280902.123838,12.521743774414062,decode,1,0,451641,0.0,0.0,0.0,0.0,0.0,0
engine_step_start,1780280902.1114135,1780280902.1114135,1780280902.1239123,12.498855590820312,decode,0,0,451640,0.0,0.0,0.0,0.0,0.0,0
engine_step_start,1780280902.1238534,1780280902.1238534,1780280902.136188,12.334585189819336,decode,1,0,451641,9.514331817626953,0.7713540156567121,9.514331817626953,0.7713540156567121,1.0,1
engine_step_start,1780280902.1239269,1780280902.1239269,1780280902.1363504,12.423515319824219,decode,0,0,451640,9.676694869995117,0.7789015122438013,9.676694869995117,0.7789015122438013,1.0,1
engine_step_start,1780280902.1361997,1780280902.1361997,1780280902.167084,30.884265899658203,decode,1,0,451641,30.884265899658203,1.0,30.884265899658203,1.0,1.0,1
engine_step_start,1780280902.1363587,1780280902.1363587,1780280902.1669726,30.61389923095703,decode,0,0,451640,30.61389923095703,1.0,30.61389923095703,1.0,1.0,1
engine_step_start,1780280902.1669886,1780280902.1669886,1780280902.1793962,12.407541275024414,decode,0,0,451640,20.056724548339844,1.6164946868814973,12.407541275024414,1.0,1.6164946868814973,3
engine_step_start,1780280902.167098,1780280902.167098,1780280902.179469,12.371063232421875,decode,1,0,451641,20.020246505737305,1.6183125192722787,12.371063232421875,1.0,1.6183125192722787,3
engine_step_start,1780280902.1794121,1780280902.1794121,1780280902.1918633,12.451171875,decode,0,0,451640,7.762670516967773,0.6234489889705882,5.334615707397461,0.42844286151960786,1.4551508379888267,2
engine_step_start,1780280902.1794906,1780280902.1794906,1780280902.1917968,12.30621337890625,decode,1,0,451641,7.684230804443359,0.6244187848729076,5.256175994873047,0.42711562306261625,1.4619432096525447,2
engine_step_start,1780280902.1918087,1780280902.1918087,1780280902.2041268,12.318134307861328,decode,1,0,451641,0.0,0.0,0.0,0.0,0.0,0
engine_step_start,1780280902.1918707,1780280902.1918707,1780280902.204154,12.2833251953125,decode,0,0,451640,0.0,0.0,0.0,0.0,0.0,0
engine_step_start,1780280902.2041373,1780280902.2041373,1780280902.216876,12.738704681396484,decode,1,0,451641,0.0,0.0,0.0,0.0,0.0,0
engine_step_start,1780280902.204169,1780280902.204169,1780280902.2170253,12.856245040893555,decode,0,0,451640,0.0,0.0,0.0,0.0,0.0,0
engine_step_start,1780280902.2168856,1780280902.2168856,1780280902.229694,12.80832290649414,decode,1,0,451641,0.0,0.0,0.0,0.0,0.0,0
engine_step_start,1780280902.2170327,1780280902.2170327,1780280902.229708,12.675285339355469,decode,0,0,451640,0.0,0.0,0.0,0.0,0.0,0
engine_step_start,1780280902.2296984,1780280902.2296984,1780280902.2425156,12.817144393920898,decode,1,0,451641,0.0,0.0,0.0,0.0,0.0,0
engine_step_start,1780280902.2297142,1780280902.2297142,1780280902.2425992,12.885093688964844,decode,0,0,451640,0.0,0.0,0.0,0.0,0.0,0
engine_step_start,1780280902.24252,1780280902.24252,1780280902.2553992,12.879133224487305,decode,1,0,451641,0.0,0.0,0.0,0.0,0.0,0
engine_step_start,1780280902.2426076,1780280902.2426076,1780280902.2553444,12.736797332763672,decode,0,0,451640,0.0,0.0,0.0,0.0,0.0,0
engine_step_start,1780280902.2553515,1780280902.2553515,1780280902.2681594,12.807846069335938,decode,0,0,451640,0.0,0.0,0.0,0.0,0.0,0
engine_step_start,1780280902.25541,1780280902.25541,1780280902.2681284,12.718439102172852,decode,1,0,451641,0.0,0.0,0.0,0.0,0.0,0
engine_step_start,1780280902.2681336,1780280902.2681336,1780280902.2808766,12.742996215820312,decode,1,0,451641,0.0,0.0,0.0,0.0,0.0,0
engine_step_start,1780280902.2681663,1780280902.2681663,1780280902.2809873,12.820959091186523,decode,0,0,451640,0.0,0.0,0.0,0.0,0.0,0
engine_step_start,1780280902.2808888,1780280902.2808888,1780280902.2936144,12.725591659545898,decode,1,0,451641,9.831666946411133,0.7725901639344263,9.831666946411133,0.7725901639344263,1.0,1
engine_step_start,1780280902.281004,1780280902.281004,1780280902.293596,12.592077255249023,decode,0,0,451640,9.813308715820312,0.7793240556660039,9.813308715820312,0.7793240556660039,1.0,1
engine_step_start,1780280902.293612,1780280902.293612,1780280902.319964,26.3519287109375,decode,0,0,451640,35.9041690826416,1.3624873335263463,26.3519287109375,1.0,1.3624873335263463,2
engine_step_start,1780280902.2936304,1780280902.2936304,1780280902.3199415,26.311159133911133,decode,1,0,451641,35.84098815917969,1.362197232617777,26.311159133911133,1.0,1.362197232617777,2
engine_step_start,1780280902.3199642,1780280902.3199642,1780280902.3326614,12.697219848632812,decode,1,0,451641,21.083831787109375,1.6605077362175154,12.697219848632812,1.0,1.6605077362175154,3
engine_step_start,1780280902.3199706,1780280902.3199706,1780280902.3326962,12.725591659545898,decode,0,0,451640,21.10576629638672,1.6585292740046838,12.725591659545898,1.0,1.6585292740046838,3
engine_step_start,1780280902.3326716,1780280902.3326716,1780280902.3454976,12.825965881347656,decode,1,0,451641,2.7899742126464844,0.2175254665774407,2.7899742126464844,0.2175254665774407,1.0,1
engine_step_start,1780280902.3327036,1780280902.3327036,1780280902.3454514,12.747764587402344,decode,0,0,451640,2.758026123046875,0.2163537068901025,2.758026123046875,0.2163537068901025,1.0,1
engine_step_start,1780280902.3454592,1780280902.3454592,1780280902.3582969,12.837648391723633,decode,0,0,451640,0.0,0.0,0.0,0.0,0.0,0
engine_step_start,1780280902.345503,1780280902.345503,1780280902.3582046,12.70151138305664,decode,1,0,451641,0.0,0.0,0.0,0.0,0.0,0
engine_step_start,1780280902.358215,1780280902.358215,1780280902.3710046,12.789487838745117,decode,1,0,451641,0.0,0.0,0.0,0.0,0.0,0
engine_step_start,1780280902.3583124,1780280902.3583124,1780280902.3711066,12.794256210327148,decode,0,0,451640,0.0,0.0,0.0,0.0,0.0,0
engine_step_start,1780280902.371015,1780280902.371015,1780280902.383502,12.486934661865234,decode,1,0,451641,0.0,0.0,0.0,0.0,0.0,0
engine_step_start,1780280902.3711226,1780280902.3711226,1780280902.383508,12.385368347167969,decode,0,0,451640,0.0,0.0,0.0,0.0,0.0,0
engine_step_start,1780280902.3835104,1780280902.3835104,1780280902.3959107,12.400388717651367,decode,1,0,451641,0.0,0.0,0.0,0.0,0.0,0
engine_step_start,1780280902.3835156,1780280902.3835156,1780280902.3959484,12.43281364440918,decode,0,0,451640,0.0,0.0,0.0,0.0,0.0,0
engine_step_start,1780280902.3959174,1780280902.3959174,1780280902.4083104,12.392997741699219,decode,1,0,451641,1.8699169158935547,0.1508849557522124,1.8699169158935547,0.1508849557522124,1.0,1
engine_step_start,1780280902.3959665,1780280902.3959665,1780280902.4083571,12.390613555908203,decode,0,0,451640,1.8699169158935547,0.1509139888397152,1.8699169158935547,0.1509139888397152,1.0,1
engine_step_start,1780280902.408316,1780280902.408316,1780280902.420652,12.336015701293945,decode,1,0,451641,9.16600227355957,0.7430277729460196,9.16600227355957,0.7430277729460196,1.0,1
engine_step_start,1780280902.4083838,1780280902.4083838,1780280902.4207146,12.330770492553711,decode,0,0,451640,9.16600227355957,0.7433438388213229,9.16600227355957,0.7433438388213229,1.0,1
engine_step_start,1780280902.4206572,1780280902.4206572,1780280902.433109,12.451887130737305,decode,1,0,451641,0.0,0.0,0.0,0.0,0.0,0
engine_step_start,1780280902.4207299,1780280902.4207299,1780280902.4333637,12.633800506591797,decode,0,0,451640,0.0,0.0,0.0,0.0,0.0,0
engine_step_start,1780280902.4331143,1780280902.4331143,1780280902.4459977,12.883424758911133,decode,1,0,451641,0.0,0.0,0.0,0.0,0.0,0
engine_step_start,1780280902.4333827,1780280902.4333827,1780280902.4459927,12.60995864868164,decode,0,0,451640,0.0,0.0,0.0,0.0,0.0,0
engine_step_start,1780280902.4460032,1780280902.4460032,1780280902.4587345,12.731313705444336,decode,1,0,451641,0.0,0.0,0.0,0.0,0.0,0
engine_step_start,1780280902.4460082,1780280902.4460082,1780280902.458949,12.94088363647461,decode,0,0,451640,0.0,0.0,0.0,0.0,0.0,0
engine_step_start,1780280902.4594378,1780280902.4594378,1780280902.4717119,12.274026870727539,decode,0,0,451640,0.0,0.0,0.0,0.0,0.0,0
engine_step_start,1780280902.45945,1780280902.45945,1780280902.4715724,12.122392654418945,decode,1,0,451641,0.0,0.0,0.0,0.0,0.0,0
engine_step_start,1780280902.4715776,1780280902.4715776,1780280902.4844558,12.878179550170898,decode,1,0,451641,0.0,0.0,0.0,0.0,0.0,0
engine_step_start,1780280902.4717197,1780280902.4717197,1780280902.4844623,12.74251937866211,decode,0,0,451640,0.0,0.0,0.0,0.0,0.0,0
engine_step_start,1780280902.4844613,1780280902.4844613,1780280902.4971678,12.706518173217773,decode,1,0,451641,0.0,0.0,0.0,0.0,0.0,0
engine_step_start,1780280902.4844701,1780280902.4844701,1780280902.4971824,12.712240219116211,decode,0,0,451640,0.0,0.0,0.0,0.0,0.0,0
engine_step_start,1780280902.4971733,1780280902.4971733,1780280902.5099182,12.744903564453125,decode,1,0,451641,0.0,0.0,0.0,0.0,0.0,0
engine_step_start,1780280902.49719,1780280902.49719,1780280902.5099707,12.78066635131836,decode,0,0,451640,0.0,0.0,0.0,0.0,0.0,0
engine_step_start,1780280902.5099223,1780280902.5099223,1780280902.5227177,12.795448303222656,decode,1,0,451641,0.0,0.0,0.0,0.0,0.0,0
engine_step_start,1780280902.5099795,1780280902.5099795,1780280902.522841,12.861490249633789,decode,0,0,451640,0.0,0.0,0.0,0.0,0.0,0
engine_step_start,1780280902.5227296,1780280902.5227296,1780280902.5355062,12.776613235473633,decode,1,0,451641,0.0,0.0,0.0,0.0,0.0,0
engine_step_start,1780280902.5228496,1780280902.5228496,1780280902.5355918,12.742280960083008,decode,0,0,451640,0.0,0.0,0.0,0.0,0.0,0
engine_step_start,1780280902.5355115,1780280902.5355115,1780280902.5483928,12.881278991699219,decode,1,0,451641,0.0,0.0,0.0,0.0,0.0,0
engine_step_start,1780280902.5355992,1780280902.5355992,1780280902.5484598,12.860536575317383,decode,0,0,451640,0.0,0.0,0.0,0.0,0.0,0
engine_step_start,1780280902.548409,1780280902.548409,1780280902.5611176,12.708663940429688,decode,1,0,451641,3.7360191345214844,0.2939741858021912,3.7360191345214844,0.2939741858021912,1.0,1
engine_step_start,1780280902.5484672,1780280902.5484672,1780280902.561185,12.717723846435547,decode,0,0,451640,3.7360191345214844,0.2937647632259758,3.7360191345214844,0.2937647632259758,1.0,1
engine_step_start,1780280902.5611284,1780280902.5611284,1780280902.5739505,12.822151184082031,decode,1,0,451641,0.0,0.0,0.0,0.0,0.0,0
engine_step_start,1780280902.5611923,1780280902.5611923,1780280902.5740283,12.835979461669922,decode,0,0,451640,0.0,0.0,0.0,0.0,0.0,0
engine_step_start,1780280902.573955,1780280902.573955,1780280902.586836,12.881040573120117,decode,1,0,451641,0.0,0.0,0.0,0.0,0.0,0
engine_step_start,1780280902.5740354,1780280902.5740354,1780280902.5868104,12.774944305419922,decode,0,0,451640,0.0,0.0,0.0,0.0,0.0,0
engine_step_start,1780280902.5868275,1780280902.5868275,1780280902.5992024,12.3748779296875,decode,0,0,451640,0.0,0.0,0.0,0.0,0.0,0
engine_step_start,1780280902.5868485,1780280902.5868485,1780280902.5992002,12.351751327514648,decode,1,0,451641,0.0,0.0,0.0,0.0,0.0,0
engine_step_start,1780280902.599206,1780280902.599206,1780280902.6115808,12.3748779296875,decode,1,0,451641,0.0,0.0,0.0,0.0,0.0,0
engine_step_start,1780280902.5992098,1780280902.5992098,1780280902.6117263,12.516498565673828,decode,0,0,451640,0.0,0.0,0.0,0.0,0.0,0
engine_step_start,1780280902.611586,1780280902.611586,1780280902.6240926,12.506484985351562,decode,1,0,451641,0.0,0.0,0.0,0.0,0.0,0
engine_step_start,1780280902.6117334,1780280902.6117334,1780280902.6241338,12.400388717651367,decode,0,0,451640,0.0,0.0,0.0,0.0,0.0,0
engine_step_start,1780280902.6241071,1780280902.6241071,1780280902.6363938,12.286663055419922,decode,1,0,451641,0.0,0.0,0.0,0.0,0.0,0
engine_step_start,1780280902.6241415,1780280902.6241415,1780280902.6364555,12.314081192016602,decode,0,0,451640,0.0,0.0,0.0,0.0,0.0,0
engine_step_start,1780280902.636399,1780280902.636399,1780280902.648885,12.485980987548828,decode,1,0,451641,9.676456451416016,0.774985678823754,9.676456451416016,0.774985678823754,1.0,1
engine_step_start,1780280902.636474,1780280902.636474,1780280902.6488924,12.418508529663086,decode,0,0,451640,9.683847427368164,0.7797915026782114,9.683847427368164,0.7797915026782114,1.0,1
engine_step_start,1780280902.648901,1780280902.648901,1780280902.6611788,12.277841567993164,decode,1,0,451641,13.84878158569336,1.1279492009243257,12.277841567993164,1.0,1.1279492009243257,2
engine_step_start,1780280902.6489072,1780280902.6489072,1780280902.6613605,12.453317642211914,decode,0,0,451640,14.02425765991211,1.1261463059751498,12.453317642211914,1.0,1.1261463059751498,2
engine_step_start,1780280902.6611948,1780280902.6611948,1780280902.6737382,12.543439865112305,decode,1,0,451641,18.0203914642334,1.436638725741765,12.543439865112305,1.0,1.436638725741765,2
engine_step_start,1780280902.6613793,1780280902.6613793,1780280902.6737685,12.389183044433594,decode,0,0,451640,17.866134643554688,1.4420752828881533,12.389183044433594,1.0,1.4420752828881533,2
engine_step_start,1780280902.673743,1780280902.673743,1780280902.6862054,12.462377548217773,decode,1,0,451641,2.7387142181396484,0.2197585659352222,2.7387142181396484,0.2197585659352222,1.0,1
engine_step_start,1780280902.6737843,1780280902.6737843,1780280902.6861925,12.408256530761719,decode,0,0,451640,2.697467803955078,0.21739297517485204,2.697467803955078,0.21739297517485204,1.0,1
engine_step_start,1780280902.6862004,1780280902.6862004,1780280902.6985686,12.368202209472656,decode,0,0,451640,4.5070648193359375,0.3644074331097232,4.5070648193359375,0.3644074331097232,1.0,1
engine_step_start,1780280902.686226,1780280902.686226,1780280902.698567,12.341022491455078,decode,1,0,451641,4.5070648193359375,0.36520999961361617,4.5070648193359375,0.36520999961361617,1.0,1
engine_step_start,1780280902.6985793,1780280902.6985793,1780280902.71102,12.440681457519531,decode,1,0,451641,0.5919933319091797,0.047585281717133,0.5919933319091797,0.047585281717133,1.0,1
engine_step_start,1780280902.698594,1780280902.698594,1780280902.7110665,12.472391128540039,decode,0,0,451640,0.5919933319091797,0.04746430141647392,0.5919933319091797,0.04746430141647392,1.0,1
engine_step_start,1780280902.7110245,1780280902.7110245,1780280902.7234054,12.380838394165039,decode,1,0,451641,0.0,0.0,0.0,0.0,0.0,0
engine_step_start,1780280902.711075,1780280902.711075,1780280902.7235527,12.477636337280273,decode,0,0,451640,0.0,0.0,0.0,0.0,0.0,0
engine_step_start,1780280902.723416,1780280902.723416,1780280902.7358892,12.473106384277344,decode,1,0,451641,0.0,0.0,0.0,0.0,0.0,0
engine_step_start,1780280902.72356,1780280902.72356,1780280902.7358592,12.299060821533203,decode,0,0,451640,0.0,0.0,0.0,0.0,0.0,0
engine_step_start,1780280902.735875,1780280902.735875,1780280902.7487955,12.920618057250977,decode,0,0,451640,10.441780090332031,0.8081486538851881,10.441780090332031,0.8081486538851881,1.0,1
engine_step_start,1780280902.7359045,1780280902.7359045,1780280902.7487354,12.830972671508789,decode,1,0,451641,10.381698608398438,0.809112362264712,10.381698608398438,0.809112362264712,1.0,1
engine_step_start,1780280902.748756,1780280902.748756,1780280902.7615063,12.750387191772461,decode,1,0,451641,7.565736770629883,0.593373099721386,5.178689956665039,0.40615942706482916,1.4609364209750932,2
engine_step_start,1780280902.7488031,1780280902.7488031,1780280902.7616694,12.86625862121582,decode,0,0,451640,7.518529891967773,0.584360233484666,5.13148307800293,0.39883257667006394,1.4651767876225432,2
engine_step_start,1780280902.7615173,1780280902.7615173,1780280902.7744458,12.928485870361328,decode,1,0,451641,0.0,0.0,0.0,0.0,0.0,0
engine_step_start,1780280902.7616773,1780280902.7616773,1780280902.7743769,12.699604034423828,decode,0,0,451640,0.0,0.0,0.0,0.0,0.0,0
engine_step_start,1780280902.7743933,1780280902.7743933,1780280902.7867446,12.351274490356445,decode,0,0,451640,0.0,0.0,0.0,0.0,0.0,0
engine_step_start,1780280902.7744515,1780280902.7744515,1780280902.7867591,12.30764389038086,decode,1,0,451641,0.0,0.0,0.0,0.0,0.0,0
engine_step_start,1780280902.7867618,1780280902.7867618,1780280902.7995722,12.810468673706055,decode,0,0,451640,0.9810924530029297,0.07658521151662913,0.9810924530029297,0.07658521151662913,1.0,1
engine_step_start,1780280902.7867718,1780280902.7867718,1780280902.7996275,12.855768203735352,decode,1,0,451641,0.9810924530029297,0.07631535023460248,0.9810924530029297,0.07631535023460248,1.0,1
engine_step_start,1780280902.799588,1780280902.799588,1780280902.8123245,12.73655891418457,decode,0,0,451640,0.0,0.0,0.0,0.0,0.0,0
engine_step_start,1780280902.799633,1780280902.799633,1780280902.8122272,12.594223022460938,decode,1,0,451641,0.0,0.0,0.0,0.0,0.0,0
engine_step_start,1780280902.8122323,1780280902.8122323,1780280902.82499,12.75777816772461,decode,1,0,451641,0.0,0.0,0.0,0.0,0.0,0
engine_step_start,1780280902.8123317,1780280902.8123317,1780280902.8250747,12.742996215820312,decode,0,0,451640,0.0,0.0,0.0,0.0,0.0,0
engine_step_start,1780280902.824995,1780280902.824995,1780280902.8376846,12.689590454101562,decode,1,0,451641,0.0,0.0,0.0,0.0,0.0,0
engine_step_start,1780280902.82509,1780280902.82509,1780280902.8377702,12.680292129516602,decode,0,0,451640,0.0,0.0,0.0,0.0,0.0,0
engine_step_start,1780280902.8376892,1780280902.8376892,1780280902.8505075,12.818336486816406,decode,1,0,451641,0.0,0.0,0.0,0.0,0.0,0
engine_step_start,1780280902.8377779,1780280902.8377779,1780280902.850497,12.719154357910156,decode,0,0,451640,0.0,0.0,0.0,0.0,0.0,0
engine_step_start,1780280902.8505044,1780280902.8505044,1780280902.863325,12.820720672607422,decode,0,0,451640,0.0,0.0,0.0,0.0,0.0,0
engine_step_start,1780280902.8505187,1780280902.8505187,1780280902.8633091,12.790441513061523,decode,1,0,451641,0.0,0.0,0.0,0.0,0.0,0
engine_step_start,1780280902.8639421,1780280902.8639421,1780280902.875879,11.93690299987793,decode,0,0,451640,0.0,0.0,0.0,0.0,0.0,0
engine_step_start,1780280902.8641818,1780280902.8641818,1780280902.8757803,11.598587036132812,decode,1,0,451641,0.0,0.0,0.0,0.0,0.0,0
engine_step_start,1780280902.8757882,1780280902.8757882,1780280902.8882897,12.50147819519043,decode,1,0,451641,0.0,0.0,0.0,0.0,0.0,0
engine_step_start,1780280902.8758936,1780280902.8758936,1780280902.8882065,12.312889099121094,decode,0,0,451640,0.0,0.0,0.0,0.0,0.0,0
engine_step_start,1780280902.8882143,1780280902.8882143,1780280902.9005127,12.298345565795898,decode,0,0,451640,0.0,0.0,0.0,0.0,0.0,0
engine_step_start,1780280902.8882987,1780280902.8882987,1780280902.900541,12.242317199707031,decode,1,0,451641,0.0,0.0,0.0,0.0,0.0,0
engine_step_start,1780280902.9005303,1780280902.9005303,1780280902.912899,12.36867904663086,decode,0,0,451640,9.94729995727539,0.8042330082115733,9.94729995727539,0.8042330082115733,1.0,1
engine_step_start,1780280902.9005485,1780280902.9005485,1780280902.9129527,12.404203414916992,decode,1,0,451641,10.000944137573242,0.8062544448075037,10.000944137573242,0.8062544448075037,1.0,1
engine_step_start,1780280902.9129148,1780280902.9129148,1780280902.925316,12.401342391967773,decode,0,0,451640,2.4650096893310547,0.19876958569643371,2.4650096893310547,0.19876958569643371,1.0,1
engine_step_start,1780280902.912958,1780280902.912958,1780280902.925427,12.469053268432617,decode,1,0,451641,2.421855926513672,0.19422933516893248,2.421855926513672,0.19422933516893248,1.0,1
engine_step_start,1780280902.9253237,1780280902.9253237,1780280902.9377208,12.397050857543945,decode,0,0,451640,0.0,0.0,0.0,0.0,0.0,0
engine_step_start,1780280902.9254363,1780280902.9254363,1780280902.9376426,12.206315994262695,decode,1,0,451641,0.0,0.0,0.0,0.0,0.0,0
engine_step_start,1780280902.937648,1780280902.937648,1780280902.9500897,12.441635131835938,decode,1,0,451641,0.0,0.0,0.0,0.0,0.0,0
engine_step_start,1780280902.9377277,1780280902.9377277,1780280902.950104,12.37630844116211,decode,0,0,451640,0.0,0.0,0.0,0.0,0.0,0
engine_step_start,1780280902.9501014,1780280902.9501014,1780280902.9624686,12.36724853515625,decode,1,0,451641,0.0,0.0,0.0,0.0,0.0,0
engine_step_start,1780280902.950119,1780280902.950119,1780280902.9625921,12.473106384277344,decode,0,0,451640,0.0,0.0,0.0,0.0,0.0,0
engine_step_start,1780280902.9624736,1780280902.9624736,1780280902.9749131,12.439489364624023,decode,1,0,451641,0.0,0.0,0.0,0.0,0.0,0
engine_step_start,1780280902.962599,1780280902.962599,1780280902.9750834,12.484312057495117,decode,0,0,451640,0.0,0.0,0.0,0.0,0.0,0
engine_step_start,1780280902.974919,1780280902.974919,1780280902.987502,12.583017349243164,decode,1,0,451641,0.0,0.0,0.0,0.0,0.0,0
engine_step_start,1780280902.9750924,1780280902.9750924,1780280902.9875844,12.491941452026367,decode,0,0,451640,0.0,0.0,0.0,0.0,0.0,0
engine_step_start,1780280902.9875073,1780280902.9875073,1780280903.0000567,12.549400329589844,decode,1,0,451641,0.0,0.0,0.0,0.0,0.0,0
engine_step_start,1780280902.9875917,1780280902.9875917,1780280903.0000799,12.488126754760742,decode,0,0,451640,0.0,0.0,0.0,0.0,0.0,0
engine_step_start,1780280903.000062,1780280903.000062,1780280903.0125446,12.482643127441406,decode,1,0,451641,9.66191291809082,0.7740278096111238,9.66191291809082,0.7740278096111238,1.0,1
engine_step_start,1780280903.0001068,1780280903.0001068,1780280903.0124402,12.333393096923828,decode,0,0,451640,9.557485580444336,0.7749275082157355,9.557485580444336,0.7749275082157355,1.0,1
engine_step_start,1780280903.0124555,1780280903.0124555,1780280903.0279596,15.504121780395508,decode,0,0,451640,15.504121780395508,1.0,15.504121780395508,1.0,1.0,1
engine_step_start,1780280903.0125506,1780280903.0125506,1780280903.0280428,15.49220085144043,decode,1,0,451641,15.49220085144043,1.0,15.49220085144043,1.0,1.0,1
engine_step_start,1780280903.0279665,1780280903.0279665,1780280903.0405157,12.549161911010742,decode,0,0,451640,4.375219345092773,0.3486463379880308,4.186153411865234,0.3335803172793768,1.0451645973345483,2
engine_step_start,1780280903.028067,1780280903.028067,1780280903.04047,12.402772903442383,decode,1,0,451641,4.274606704711914,0.3446492762538206,4.085540771484375,0.3294054324215221,1.0462768440709618,2
engine_step_start,1780280903.0404854,1780280903.0404854,1780280903.0530877,12.60232925415039,decode,1,0,451641,8.408069610595703,0.6671837753982368,8.408069610595703,0.6671837753982368,1.0,1
engine_step_start,1780280903.0405328,1780280903.0405328,1780280903.0530803,12.547492980957031,decode,0,0,451640,8.408069610595703,0.6700995667705404,8.408069610595703,0.6700995667705404,1.0,1
engine_step_start,1780280903.0530958,1780280903.0530958,1780280903.0654924,12.396574020385742,decode,1,0,451641,0.0,0.0,0.0,0.0,0.0,0
engine_step_start,1780280903.053098,1780280903.053098,1780280903.065463,12.365102767944336,decode,0,0,451640,0.0,0.0,0.0,0.0,0.0,0
engine_step_start,1780280903.065478,1780280903.065478,1780280903.0780413,12.563228607177734,decode,0,0,451640,1.5749931335449219,0.12536531673435306,1.5749931335449219,0.12536531673435306,1.0,1
engine_step_start,1780280903.065516,1780280903.065516,1780280903.0779257,12.409687042236328,decode,1,0,451641,1.5749931335449219,0.1269164265129683,1.5749931335449219,0.1269164265129683,1.0,1
engine_step_start,1780280903.077936,1780280903.077936,1780280903.0904536,12.517690658569336,decode,1,0,451641,0.0,0.0,0.0,0.0,0.0,0
engine_step_start,1780280903.078056,1780280903.078056,1780280903.0904934,12.43734359741211,decode,0,0,451640,0.0,0.0,0.0,0.0,0.0,0
engine_step_start,1780280903.090459,1780280903.090459,1780280903.1029541,12.495040893554688,decode,1,0,451641,0.0,0.0,0.0,0.0,0.0,0
engine_step_start,1780280903.090501,1780280903.090501,1780280903.102931,12.429952621459961,decode,0,0,451640,0.0,0.0,0.0,0.0,0.0,0
engine_step_start,1780280903.1029384,1780280903.1029384,1780280903.1154249,12.486457824707031,decode,0,0,451640,0.0,0.0,0.0,0.0,0.0,0
engine_step_start,1780280903.1029668,1780280903.1029668,1780280903.1153471,12.380361557006836,decode,1,0,451641,0.0,0.0,0.0,0.0,0.0,0
engine_step_start,1780280903.1153529,1780280903.1153529,1780280903.12785,12.497186660766602,decode,1,0,451641,0.0,0.0,0.0,0.0,0.0,0
engine_step_start,1780280903.1154327,1780280903.1154327,1780280903.1278462,12.413501739501953,decode,0,0,451640,0.0,0.0,0.0,0.0,0.0,0
engine_step_start,1780280903.1278532,1780280903.1278532,1780280903.140251,12.39776611328125,decode,0,0,451640,0.0,0.0,0.0,0.0,0.0,0
engine_step_start,1780280903.1278543,1780280903.1278543,1780280903.140276,12.421607971191406,decode,1,0,451641,0.0,0.0,0.0,0.0,0.0,0
engine_step_start,1780280903.1402578,1780280903.1402578,1780280903.1526694,12.41159439086914,decode,0,0,451640,0.0,0.0,0.0,0.0,0.0,0
engine_step_start,1780280903.1402802,1780280903.1402802,1780280903.152686,12.405872344970703,decode,1,0,451641,0.0,0.0,0.0,0.0,0.0,0
engine_step_start,1780280903.1526766,1780280903.1526766,1780280903.165221,12.544393539428711,decode,0,0,451640,0.0,0.0,0.0,0.0,0.0,0
engine_step_start,1780280903.1526904,1780280903.1526904,1780280903.1651442,12.453794479370117,decode,1,0,451641,0.0,0.0,0.0,0.0,0.0,0
engine_step_start,1780280903.1651483,1780280903.1651483,1780280903.1777153,12.56704330444336,decode,1,0,451641,0.0,0.0,0.0,0.0,0.0,0
engine_step_start,1780280903.165228,1780280903.165228,1780280903.1777112,12.483358383178711,decode,0,0,451640,0.0,0.0,0.0,0.0,0.0,0
engine_step_start,1780280903.1777177,1780280903.1777177,1780280903.1902027,12.485027313232422,decode,0,0,451640,0.0,0.0,0.0,0.0,0.0,0
engine_step_start,1780280903.1777196,1780280903.1777196,1780280903.1902359,12.516260147094727,decode,1,0,451641,0.0,0.0,0.0,0.0,0.0,0
engine_step_start,1780280903.1902099,1780280903.1902099,1780280903.2027814,12.571573257446289,decode,0,0,451640,0.0,0.0,0.0,0.0,0.0,0
engine_step_start,1780280903.1902404,1780280903.1902404,1780280903.2027392,12.498855590820312,decode,1,0,451641,0.0,0.0,0.0,0.0,0.0,0
engine_step_start,1780280903.2027435,1780280903.2027435,1780280903.2151723,12.428760528564453,decode,1,0,451641,0.0,0.0,0.0,0.0,0.0,0
engine_step_start,1780280903.2027884,1780280903.2027884,1780280903.215272,12.483596801757812,decode,0,0,451640,0.0,0.0,0.0,0.0,0.0,0
engine_step_start,1780280903.2151768,1780280903.2151768,1780280903.227794,12.617111206054688,decode,1,0,451641,0.0,0.0,0.0,0.0,0.0,0
engine_step_start,1780280903.215287,1780280903.215287,1780280903.227745,12.458086013793945,decode,0,0,451640,0.0,0.0,0.0,0.0,0.0,0
engine_step_start,1780280903.227752,1780280903.227752,1780280903.240233,12.480974197387695,decode,0,0,451640,0.0,0.0,0.0,0.0,0.0,0
engine_step_start,1780280903.2277994,1780280903.2277994,1780280903.2403555,12.556076049804688,decode,1,0,451641,0.0,0.0,0.0,0.0,0.0,0
engine_step_start,1780280903.2402399,1780280903.2402399,1780280903.2527835,12.543678283691406,decode,0,0,451640,0.0,0.0,0.0,0.0,0.0,0
engine_step_start,1780280903.2403634,1780280903.2403634,1780280903.2528515,12.488126754760742,decode,1,0,451641,0.0,0.0,0.0,0.0,0.0,0
engine_step_start,1780280903.2527905,1780280903.2527905,1780280903.2654028,12.612342834472656,decode,0,0,451640,0.0,0.0,0.0,0.0,0.0,0
engine_step_start,1780280903.2528648,1780280903.2528648,1780280903.26531,12.445211410522461,decode,1,0,451641,0.0,0.0,0.0,0.0,0.0,0
engine_step_start,1780280903.2658458,1780280903.2658458,1780280903.2778215,11.975765228271484,decode,0,0,451640,0.0,0.0,0.0,0.0,0.0,0
engine_step_start,1780280903.2658646,1780280903.2658646,1780280903.2778864,12.021780014038086,decode,1,0,451641,0.0,0.0,0.0,0.0,0.0,0
engine_step_start,1780280903.2778397,1780280903.2778397,1780280903.290294,12.45427131652832,decode,0,0,451640,9.865283966064453,0.7921205275953825,9.865283966064453,0.7921205275953825,1.0,1
engine_step_start,1780280903.2778919,1780280903.2778919,1780280903.2903442,12.452363967895508,decode,1,0,451641,9.915590286254883,0.7962817591759367,9.915590286254883,0.7962817591759367,1.0,1
engine_step_start,1780280903.2903092,1780280903.2903092,1780280903.3028092,12.50004768371582,decode,0,0,451640,12.50004768371582,1.0,12.50004768371582,1.0,1.0,1
engine_step_start,1780280903.29035,1780280903.29035,1780280903.3027856,12.435674667358398,decode,1,0,451641,12.435674667358398,1.0,12.435674667358398,1.0,1.0,1
engine_step_start,1780280903.3027906,1780280903.3027906,1780280903.3152978,12.507200241088867,decode,1,0,451641,2.5789737701416016,0.20619912693722717,2.5789737701416016,0.20619912693722717,1.0,1
engine_step_start,1780280903.3028169,1780280903.3028169,1780280903.3152366,12.419700622558594,decode,0,0,451640,2.5527477264404297,0.20554019811103433,2.5527477264404297,0.20554019811103433,1.0,1
engine_step_start,1780280903.3152435,1780280903.3152435,1780280903.3277552,12.511730194091797,decode,0,0,451640,0.0,0.0,0.0,0.0,0.0,0
engine_step_start,1780280903.3153055,1780280903.3153055,1780280903.3277342,12.428760528564453,decode,1,0,451641,0.0,0.0,0.0,0.0,0.0,0
engine_step_start,1780280903.327739,1780280903.327739,1780280903.340216,12.476921081542969,decode,1,0,451641,0.0,0.0,0.0,0.0,0.0,0
engine_step_start,1780280903.3277628,1780280903.3277628,1780280903.3402357,12.472867965698242,decode,0,0,451640,0.0,0.0,0.0,0.0,0.0,0
engine_step_start,1780280903.340222,1780280903.340222,1780280903.3527498,12.527942657470703,decode,1,0,451641,0.0,0.0,0.0,0.0,0.0,0
engine_step_start,1780280903.3402514,1780280903.3402514,1780280903.3528376,12.586116790771484,decode,0,0,451640,0.0,0.0,0.0,0.0,0.0,0
engine_step_start,1780280903.352754,1780280903.352754,1780280903.3652487,12.494564056396484,decode,1,0,451641,0.0,0.0,0.0,0.0,0.0,0
engine_step_start,1780280903.3528469,1780280903.3528469,1780280903.3652048,12.357950210571289,decode,0,0,451640,0.0,0.0,0.0,0.0,0.0,0
engine_step_start,1780280903.3652115,1780280903.3652115,1780280903.3777382,12.526750564575195,decode,0,0,451640,0.0,0.0,0.0,0.0,0.0,0
engine_step_start,1780280903.3652596,1780280903.3652596,1780280903.3776984,12.438774108886719,decode,1,0,451641,0.0,0.0,0.0,0.0,0.0,0
engine_step_start,1780280903.3777034,1780280903.3777034,1780280903.39032,12.616634368896484,decode,1,0,451641,0.0,0.0,0.0,0.0,0.0,0
engine_step_start,1780280903.3777456,1780280903.3777456,1780280903.3902526,12.506961822509766,decode,0,0,451640,0.0,0.0,0.0,0.0,0.0,0
engine_step_start,1780280903.3902593,1780280903.3902593,1780280903.4027348,12.47549057006836,decode,0,0,451640,0.0,0.0,0.0,0.0,0.0,0
engine_step_start,1780280903.3903284,1780280903.3903284,1780280903.402744,12.415647506713867,decode,1,0,451641,0.0,0.0,0.0,0.0,0.0,0
engine_step_start,1780280903.4027421,1780280903.4027421,1780280903.415242,12.499809265136719,decode,0,0,451640,0.0,0.0,0.0,0.0,0.0,0
engine_step_start,1780280903.4027486,1780280903.4027486,1780280903.4151666,12.418031692504883,decode,1,0,451641,0.0,0.0,0.0,0.0,0.0,0
engine_step_start,1780280903.4151733,1780280903.4151733,1780280903.427752,12.578725814819336,decode,1,0,451641,0.0,0.0,0.0,0.0,0.0,0
engine_step_start,1780280903.4152496,1780280903.4152496,1780280903.4277117,12.462139129638672,decode,0,0,451640,0.0,0.0,0.0,0.0,0.0,0
engine_step_start,1780280903.4277399,1780280903.4277399,1780280903.4401236,12.383699417114258,decode,0,0,451640,9.29403305053711,0.750505381105485,6.1130523681640625,0.49363701122427367,1.5203588143525741,2
engine_step_start,1780280903.4277706,1780280903.4277706,1780280903.4400434,12.272834777832031,decode,1,0,451641,9.29403305053711,0.7572849483254332,6.1130523681640625,0.49809620017095346,1.5203588143525741,2
engine_step_start,1780280903.4400563,1780280903.4400563,1780280903.4525862,12.529850006103516,decode,1,0,451641,0.0,0.0,0.0,0.0,0.0,0
engine_step_start,1780280903.4401395,1780280903.4401395,1780280903.4525082,12.36867904663086,decode,0,0,451640,0.0,0.0,0.0,0.0,0.0,0
engine_step_start,1780280903.452515,1780280903.452515,1780280903.465012,12.497186660766602,decode,0,0,451640,0.4870891571044922,0.038975904763721696,0.4870891571044922,0.038975904763721696,1.0,1
engine_step_start,1780280903.4526017,1780280903.4526017,1780280903.464887,12.285232543945312,decode,1,0,451641,0.4870891571044922,0.03964834653004192,0.4870891571044922,0.03964834653004192,1.0,1
engine_step_start,1780280903.4648988,1780280903.4648988,1780280903.4773943,12.49551773071289,decode,1,0,451641,0.0,0.0,0.0,0.0,0.0,0
engine_step_start,1780280903.4650273,1780280903.4650273,1780280903.4773555,12.328147888183594,decode,0,0,451640,0.0,0.0,0.0,0.0,0.0,0
engine_step_start,1780280903.477363,1780280903.477363,1780280903.489915,12.55178451538086,decode,0,0,451640,0.0,0.0,0.0,0.0,0.0,0
engine_step_start,1780280903.477399,1780280903.477399,1780280903.4898896,12.490510940551758,decode,1,0,451641,0.0,0.0,0.0,0.0,0.0,0
engine_step_start,1780280903.4899049,1780280903.4899049,1780280903.5023968,12.491941452026367,decode,1,0,451641,0.0,0.0,0.0,0.0,0.0,0
engine_step_start,1780280903.48993,1780280903.48993,1780280903.5022867,12.356758117675781,decode,0,0,451640,0.0,0.0,0.0,0.0,0.0,0
engine_step_start,1780280903.502294,1780280903.502294,1780280903.5148182,12.524127960205078,decode,0,0,451640,0.0,0.0,0.0,0.0,0.0,0
engine_step_start,1780280903.502408,1780280903.502408,1780280903.514764,12.356042861938477,decode,1,0,451641,0.0,0.0,0.0,0.0,0.0,0
engine_step_start,1780280903.5147693,1780280903.5147693,1780280903.5271711,12.401819229125977,decode,1,0,451641,0.0,0.0,0.0,0.0,0.0,0
engine_step_start,1780280903.5148249,1780280903.5148249,1780280903.5272586,12.433767318725586,decode,0,0,451640,0.0,0.0,0.0,0.0,0.0,0
engine_step_start,1780280903.5271842,1780280903.5271842,1780280903.5396295,12.445211410522461,decode,1,0,451641,0.0,0.0,0.0,0.0,0.0,0
engine_step_start,1780280903.5272653,1780280903.5272653,1780280903.5396543,12.388944625854492,decode,0,0,451640,0.0,0.0,0.0,0.0,0.0,0
engine_step_start,1780280903.539635,1780280903.539635,1780280903.5519912,12.356281280517578,decode,1,0,451641,0.0,0.0,0.0,0.0,0.0,0
engine_step_start,1780280903.5396628,1780280903.5396628,1780280903.552061,12.398242950439453,decode,0,0,451640,0.0,0.0,0.0,0.0,0.0,0
engine_step_start,1780280903.551999,1780280903.551999,1780280903.5643167,12.317657470703125,decode,1,0,451641,0.0,0.0,0.0,0.0,0.0,0
engine_step_start,1780280903.5520687,1780280903.5520687,1780280903.5643167,12.248039245605469,decode,0,0,451640,0.0,0.0,0.0,0.0,0.0,0
engine_step_start,1780280903.5643215,1780280903.5643215,1780280903.5766957,12.374162673950195,decode,1,0,451641,0.0,0.0,0.0,0.0,0.0,0
engine_step_start,1780280903.5643241,1780280903.5643241,1780280903.5766225,12.298345565795898,decode,0,0,451640,0.0,0.0,0.0,0.0,0.0,0
engine_step_start,1780280903.5766292,1780280903.5766292,1780280903.589015,12.385845184326172,decode,0,0,451640,0.0,0.0,0.0,0.0,0.0,0
engine_step_start,1780280903.5767,1780280903.5767,1780280903.5889924,12.29238510131836,decode,1,0,451641,0.0,0.0,0.0,0.0,0.0,0
engine_step_start,1780280903.5890067,1780280903.5890067,1780280903.6012352,12.22848892211914,decode,1,0,451641,0.0,0.0,0.0,0.0,0.0,0
engine_step_start,1780280903.5890222,1780280903.5890222,1780280903.6012743,12.252092361450195,decode,0,0,451640,0.0,0.0,0.0,0.0,0.0,0
engine_step_start,1780280903.6012397,1780280903.6012397,1780280903.6136875,12.447834014892578,decode,1,0,451641,0.0,0.0,0.0,0.0,0.0,0
engine_step_start,1780280903.6012812,1780280903.6012812,1780280903.613809,12.527942657470703,decode,0,0,451640,0.0,0.0,0.0,0.0,0.0,0
engine_step_start,1780280903.613698,1780280903.613698,1780280903.6260843,12.386322021484375,decode,1,0,451641,0.0,0.0,0.0,0.0,0.0,0
engine_step_start,1780280903.6138256,1780280903.6138256,1780280903.626059,12.233495712280273,decode,0,0,451640,0.0,0.0,0.0,0.0,0.0,0
engine_step_start,1780280903.6260662,1780280903.6260662,1780280903.63857,12.503862380981445,decode,0,0,451640,0.0,0.0,0.0,0.0,0.0,0
engine_step_start,1780280903.626089,1780280903.626089,1780280903.6384394,12.350320816040039,decode,1,0,451641,0.0,0.0,0.0,0.0,0.0,0
engine_step_start,1780280903.6384447,1780280903.6384447,1780280903.6508656,12.420892715454102,decode,1,0,451641,0.0,0.0,0.0,0.0,0.0,0
engine_step_start,1780280903.638577,1780280903.638577,1780280903.650864,12.286901473999023,decode,0,0,451640,0.0,0.0,0.0,0.0,0.0,0
engine_step_start,1780280903.65087,1780280903.65087,1780280903.6633098,12.439727783203125,decode,0,0,451640,0.0,0.0,0.0,0.0,0.0,0
engine_step_start,1780280903.6508703,1780280903.6508703,1780280903.6633587,12.488365173339844,decode,1,0,451641,0.0,0.0,0.0,0.0,0.0,0
engine_step_start,1780280903.6640522,1780280903.6640522,1780280903.675852,11.799812316894531,decode,0,0,451640,0.0,0.0,0.0,0.0,0.0,0
engine_step_start,1780280903.664374,1780280903.664374,1780280903.6757557,11.38162612915039,decode,1,0,451641,0.0,0.0,0.0,0.0,0.0,0
engine_step_start,1780280903.6757689,1780280903.6757689,1780280903.688227,12.458086013793945,decode,1,0,451641,0.0,0.0,0.0,0.0,0.0,0
engine_step_start,1780280903.6758695,1780280903.6758695,1780280903.6882365,12.367010116577148,decode,0,0,451640,0.0,0.0,0.0,0.0,0.0,0
engine_step_start,1780280903.6882327,1780280903.6882327,1780280903.700633,12.400388717651367,decode,1,0,451641,0.0,0.0,0.0,0.0,0.0,0
engine_step_start,1780280903.6882439,1780280903.6882439,1780280903.700634,12.39013671875,decode,0,0,451640,0.0,0.0,0.0,0.0,0.0,0
engine_step_start,1780280903.700638,1780280903.700638,1780280903.7129617,12.323617935180664,decode,1,0,451641,0.0,0.0,0.0,0.0,0.0,0
engine_step_start,1780280903.7006414,1780280903.7006414,1780280903.7130687,12.427330017089844,decode,0,0,451640,0.0,0.0,0.0,0.0,0.0,0
engine_step_start,1780280903.7129676,1780280903.7129676,1780280903.7253482,12.380599975585938,decode,1,0,451641,2.5930404663085938,0.2094438453242952,2.5930404663085938,0.2094438453242952,1.0,1
engine_step_start,1780280903.7130864,1780280903.7130864,1780280903.725487,12.400627136230469,decode,0,0,451640,2.5930404663085938,0.20910559101745751,2.5930404663085938,0.20910559101745751,1.0,1
engine_step_start,1780280903.7253532,1780280903.7253532,1780280903.737781,12.427806854248047,decode,1,0,451641,0.0,0.0,0.0,0.0,0.0,0
engine_step_start,1780280903.7255025,1780280903.7255025,1780280903.7378166,12.314081192016602,decode,0,0,451640,0.0,0.0,0.0,0.0,0.0,0
engine_step_start,1780280903.737785,1780280903.737785,1780280903.7503254,12.540340423583984,decode,1,0,451641,0.0,0.0,0.0,0.0,0.0,0
engine_step_start,1780280903.737824,1780280903.737824,1780280903.7502468,12.422800064086914,decode,0,0,451640,0.0,0.0,0.0,0.0,0.0,0
engine_step_start,1780280903.7502642,1780280903.7502642,1780280903.7626565,12.392282485961914,decode,0,0,451640,9.857892990112305,0.7954864651672855,9.857892990112305,0.7954864651672855,1.0,1
engine_step_start,1780280903.7503574,1780280903.7503574,1780280903.7626684,12.310981750488281,decode,1,0,451641,9.869813919067383,0.8017081106204973,9.869813919067383,0.8017081106204973,1.0,1
engine_step_start,1780280903.7626636,1780280903.7626636,1780280903.7750883,12.424707412719727,decode,0,0,451640,12.424707412719727,1.0,12.424707412719727,1.0,1.0,1
engine_step_start,1780280903.7626805,1780280903.7626805,1780280903.7750762,12.395620346069336,decode,1,0,451641,12.395620346069336,1.0,12.395620346069336,1.0,1.0,1
engine_step_start,1780280903.775084,1780280903.775084,1780280903.7875085,12.424468994140625,decode,1,0,451641,2.5124549865722656,0.20221829904820388,2.5124549865722656,0.20221829904820388,1.0,1
engine_step_start,1780280903.7750952,1780280903.7750952,1780280903.787461,12.36581802368164,decode,0,0,451640,2.501249313354492,0.20227123741950412,2.501249313354492,0.20227123741950412,1.0,1
engine_step_start,1780280903.7874682,1780280903.7874682,1780280903.799856,12.387752532958984,decode,0,0,451640,0.0,0.0,0.0,0.0,0.0,0
engine_step_start,1780280903.7875175,1780280903.7875175,1780280903.7999763,12.45880126953125,decode,1,0,451641,0.0,0.0,0.0,0.0,0.0,0
engine_step_start,1780280903.7998743,1780280903.7998743,1780280903.812323,12.448787689208984,decode,0,0,451640,9.66334342956543,0.7762477496456889,9.66334342956543,0.7762477496456889,1.0,1
engine_step_start,1780280903.7999861,1780280903.7999861,1780280903.8121896,12.203454971313477,decode,1,0,451641,9.529829025268555,0.7809123766728534,9.529829025268555,0.7809123766728534,1.0,1
engine_step_start,1780280903.8122046,1780280903.8122046,1780280903.8247025,12.497901916503906,decode,1,0,451641,2.92205810546875,0.23380389164441054,2.92205810546875,0.23380389164441054,1.0,1
engine_step_start,1780280903.8123467,1780280903.8123467,1780280903.8246987,12.35198974609375,decode,0,0,451640,2.7799606323242188,0.22506176652254478,2.7799606323242188,0.22506176652254478,1.0,1
engine_step_start,1780280903.8247087,1780280903.8247087,1780280903.837088,12.37940788269043,decode,1,0,451641,0.0,0.0,0.0,0.0,0.0,0
engine_step_start,1780280903.824714,1780280903.824714,1780280903.837128,12.413978576660156,decode,0,0,451640,0.0,0.0,0.0,0.0,0.0,0
engine_step_start,1780280903.8370967,1780280903.8370967,1780280903.8494878,12.391090393066406,decode,1,0,451641,0.0,0.0,0.0,0.0,0.0,0
engine_step_start,1780280903.8371348,1780280903.8371348,1780280903.8495293,12.394428253173828,decode,0,0,451640,0.0,0.0,0.0,0.0,0.0,0
engine_step_start,1780280903.849496,1780280903.849496,1780280903.8619306,12.434720993041992,decode,1,0,451641,0.0,0.0,0.0,0.0,0.0,0
engine_step_start,1780280903.849544,1780280903.849544,1780280903.8619244,12.380361557006836,decode,0,0,451640,0.0,0.0,0.0,0.0,0.0,0
engine_step_start,1780280903.861931,1780280903.861931,1780280903.874332,12.40086555480957,decode,0,0,451640,9.885311126708984,0.7971468671293716,9.885311126708984,0.7971468671293716,1.0,1
engine_step_start,1780280903.8619473,1780280903.8619473,1780280903.8743746,12.427330017089844,decode,1,0,451641,9.927988052368164,0.7988834318164377,9.927988052368164,0.7988834318164377,1.0,1
engine_step_start,1780280903.8743472,1780280903.8743472,1780280903.8868911,12.543916702270508,decode,0,0,451640,2.508401870727539,0.19996958926501054,2.508401870727539,0.19996958926501054,1.0,1
engine_step_start,1780280903.874387,1780280903.874387,1780280903.8867354,12.348413467407227,decode,1,0,451641,2.468585968017578,0.1999111849091576,2.468585968017578,0.1999111849091576,1.0,1
engine_step_start,1780280903.8867404,1780280903.8867404,1780280903.8993561,12.615680694580078,decode,1,0,451641,9.77945327758789,0.7751823713950939,9.77945327758789,0.7751823713950939,1.0,1
engine_step_start,1780280903.886909,1780280903.886909,1780280903.899251,12.341976165771484,decode,0,0,451640,9.674310684204102,0.7838542672796817,9.674310684204102,0.7838542672796817,1.0,1
engine_step_start,1780280903.8992667,1780280903.8992667,1780280903.9117227,12.455940246582031,decode,0,0,451640,12.455940246582031,1.0,12.455940246582031,1.0,1.0,1
engine_step_start,1780280903.8993616,1780280903.8993616,1780280903.9116058,12.244224548339844,decode,1,0,451641,12.244224548339844,1.0,12.244224548339844,1.0,1.0,1
engine_step_start,1780280903.9116178,1780280903.9116178,1780280903.9240527,12.434959411621094,decode,1,0,451641,6.554841995239258,0.527130148017486,4.690885543823242,0.37723368356469056,1.3973570520965692,2
engine_step_start,1780280903.9117403,1780280903.9117403,1780280903.9241424,12.402057647705078,decode,0,0,451640,6.432294845581055,0.5186473912876312,4.568338394165039,0.3683532623322696,1.408016283074996,2
engine_step_start,1780280903.9240575,1780280903.9240575,1780280903.9365377,12.48025894165039,decode,1,0,451641,0.0,0.0,0.0,0.0,0.0,0
engine_step_start,1780280903.9241576,1780280903.9241576,1780280903.9365554,12.39776611328125,decode,0,0,451640,0.0,0.0,0.0,0.0,0.0,0
engine_step_start,1780280903.9365432,1780280903.9365432,1780280903.9490645,12.52126693725586,decode,1,0,451641,0.0,0.0,0.0,0.0,0.0,0
engine_step_start,1780280903.9365623,1780280903.9365623,1780280903.949042,12.479782104492188,decode,0,0,451640,0.0,0.0,0.0,0.0,0.0,0
engine_step_start,1780280903.949059,1780280903.949059,1780280903.9615028,12.443780899047852,decode,0,0,451640,9.886026382446289,0.7944551951411108,9.886026382446289,0.7944551951411108,1.0,1
engine_step_start,1780280903.9490807,1780280903.9490807,1780280903.961404,12.323379516601562,decode,1,0,451641,9.787321090698242,0.7942075530103699,9.787321090698242,0.7942075530103699,1.0,1
engine_step_start,1780280903.9614155,1780280903.9614155,1780280903.9739168,12.501239776611328,decode,1,0,451641,2.829313278198242,0.2263226150970744,2.829313278198242,0.2263226150970744,1.0,1
engine_step_start,1780280903.9615097,1780280903.9615097,1780280903.9740407,12.531042098999023,decode,0,0,451640,2.735137939453125,0.218268992941266,2.735137939453125,0.218268992941266,1.0,1
engine_step_start,1780280903.973922,1780280903.973922,1780280903.9864175,12.49551773071289,decode,1,0,451641,0.0,0.0,0.0,0.0,0.0,0
engine_step_start,1780280903.9740481,1780280903.9740481,1780280903.9864278,12.379646301269531,decode,0,0,451640,0.0,0.0,0.0,0.0,0.0,0
engine_step_start,1780280903.986426,1780280903.986426,1780280903.9988735,12.447357177734375,decode,1,0,451641,0.0,0.0,0.0,0.0,0.0,0
engine_step_start,1780280903.9864433,1780280903.9864433,1780280903.998846,12.402772903442383,decode,0,0,451640,0.0,0.0,0.0,0.0,0.0,0
engine_step_start,1780280903.9988534,1780280903.9988534,1780280904.011288,12.43448257446289,decode,0,0,451640,0.0,0.0,0.0,0.0,0.0,0
engine_step_start,1780280903.9988868,1780280903.9988868,1780280904.0112658,12.378931045532227,decode,1,0,451641,0.0,0.0,0.0,0.0,0.0,0
engine_step_start,1780280904.0112717,1780280904.0112717,1780280904.0237017,12.429952621459961,decode,1,0,451641,0.0,0.0,0.0,0.0,0.0,0
engine_step_start,1780280904.0112946,1780280904.0112946,1780280904.023709,12.41445541381836,decode,0,0,451640,0.0,0.0,0.0,0.0,0.0,0
engine_step_start,1780280904.0237074,1780280904.0237074,1780280904.0360484,12.341022491455078,decode,1,0,451641,9.489059448242188,0.768903829063792,9.489059448242188,0.768903829063792,1.0,1
engine_step_start,1780280904.0237265,1780280904.0237265,1780280904.0361755,12.449026107788086,decode,0,0,451640,9.489059448242188,0.7622330747869386,9.489059448242188,0.7622330747869386,1.0,1
engine_step_start,1780280904.036054,1780280904.036054,1780280904.0486262,12.572288513183594,decode,1,0,451641,0.0,0.0,0.0,0.0,0.0,0
engine_step_start,1780280904.036191,1780280904.036191,1780280904.0487914,12.600421905517578,decode,0,0,451640,0.0,0.0,0.0,0.0,0.0,0
engine_step_start,1780280904.0486314,1780280904.0486314,1780280904.0609865,12.35508918762207,decode,1,0,451641,0.0,0.0,0.0,0.0,0.0,0
engine_step_start,1780280904.0488055,1780280904.0488055,1780280904.0610445,12.23897933959961,decode,0,0,451640,0.0,0.0,0.0,0.0,0.0,0
engine_step_start,1780280904.0614808,1780280904.0614808,1780280904.0735419,12.061119079589844,decode,0,0,451640,9.533166885375977,0.7904048390922749,9.533166885375977,0.7904048390922749,1.0,1
engine_step_start,1780280904.0615647,1780280904.0615647,1780280904.0734236,11.858940124511719,decode,1,0,451641,9.414911270141602,0.7939083232810615,9.414911270141602,0.7939083232810615,1.0,1
engine_step_start,1780280904.0734365,1780280904.0734365,1780280904.0858636,12.427091598510742,decode,1,0,451641,2.5942325592041016,0.20875621126949714,2.5942325592041016,0.20875621126949714,1.0,1
engine_step_start,1780280904.0735488,1780280904.0735488,1780280904.085924,12.375116348266602,decode,0,0,451640,2.4819374084472656,0.20055871303342646,2.4819374084472656,0.20055871303342646,1.0,1
engine_step_start,1780280904.0858693,1780280904.0858693,1780280904.098308,12.438774108886719,decode,1,0,451641,9.758472442626953,0.7845204324158552,9.758472442626953,0.7845204324158552,1.0,1
engine_step_start,1780280904.0859423,1780280904.0859423,1780280904.0983565,12.414216995239258,decode,0,0,451640,9.80687141418457,0.7899710000192053,9.80687141418457,0.7899710000192053,1.0,1
engine_step_start,1780280904.0983129,1780280904.0983129,1780280904.1109753,12.662410736083984,decode,1,0,451641,3.705739974975586,0.29265675014121634,3.705739974975586,0.29265675014121634,1.0,1
engine_step_start,1780280904.0983734,1780280904.0983734,1780280904.1111152,12.741804122924805,decode,0,0,451640,3.645181655883789,0.2860804969780888,3.645181655883789,0.2860804969780888,1.0,1
