start,end,duration_ms,req,role,dp,tp,pid,n_blocks,remote_engine,remote_rank
1780280866.700678,1780280866.7007825,0.10442733764648438,chatcmpl-a9e93396-9561-4ea6-8428-a54327d7f38b-9a8a07b5,decode,0,0,452715,2,d61968e8-e4aa-43a2-8ca8-85b623ffd1e5_dp0,0
1780280866.944215,1780280866.9542446,10.02955436706543,chatcmpl-d3f387a0-2e6f-4b9b-b7ae-691d9522d33e-a5d524a2,decode,0,0,452715,17,d61968e8-e4aa-43a2-8ca8-85b623ffd1e5_dp0,0
1780280866.982269,1780280866.9863927,4.123687744140625,chatcmpl-4dd7185b-a53b-4107-af3a-729cae3fb3bc-84bcea60,decode,0,0,452715,3,d61968e8-e4aa-43a2-8ca8-85b623ffd1e5_dp0,0
1780280868.0175602,1780280868.068913,51.352739334106445,chatcmpl-9d6bda04-f38f-43c3-826f-dbbd81f4ec92-aaab65db,decode,0,0,452715,42,d61968e8-e4aa-43a2-8ca8-85b623ffd1e5_dp0,0
1780280868.063494,1780280868.0740569,10.562896728515625,chatcmpl-cd61e3ce-9722-4dca-8335-6f6210692972-80de1dac,decode,0,0,452715,49,d61968e8-e4aa-43a2-8ca8-85b623ffd1e5_dp0,0
1780280868.7611432,1780280868.7760475,14.904260635375977,chatcmpl-f4606827-31e0-450f-bde4-3909221c3428-b3bdd1af,decode,0,0,452715,16,d61968e8-e4aa-43a2-8ca8-85b623ffd1e5_dp0,0
1780280868.7679672,1780280868.7760582,8.090972900390625,chatcmpl-ecf0fab3-ae6f-4bc6-973f-2177be3b29b8-b008608b,decode,0,0,452715,8,d61968e8-e4aa-43a2-8ca8-85b623ffd1e5_dp0,0
1780280868.7757561,1780280868.830895,55.13882637023926,chatcmpl-b14cd252-8b3c-4d04-b36b-9a7b728bf923-b96a6c8c,decode,0,0,452715,26,d61968e8-e4aa-43a2-8ca8-85b623ffd1e5_dp0,0
1780280868.7971478,1780280868.830951,33.80322456359863,chatcmpl-bd6c4a48-fa96-4258-8f05-3fd51c07c1a1-a846696d,decode,0,0,452715,27,d61968e8-e4aa-43a2-8ca8-85b623ffd1e5_dp0,0
1780280868.813256,1780280868.8310497,17.793655395507812,chatcmpl-ae85ccc2-012f-4374-9df3-1725bddd4948-85c516f6,decode,0,0,452715,41,d61968e8-e4aa-43a2-8ca8-85b623ffd1e5_dp0,0
1780280868.8265874,1780280868.8312685,4.681110382080078,chatcmpl-191a1054-24d3-4e1c-be54-330163b01c3e-8c0d892e,decode,0,0,452715,24,d61968e8-e4aa-43a2-8ca8-85b623ffd1e5_dp0,0
1780280868.815464,1780280868.8708537,55.3896427154541,chatcmpl-45b062be-8398-455d-9490-1a2b582b4f11-948f04a5,decode,0,0,452715,3,d61968e8-e4aa-43a2-8ca8-85b623ffd1e5_dp0,0
1780280868.842265,1780280868.8708858,28.62095832824707,chatcmpl-1df5e677-1355-4424-b9ef-2fd3e5aa267c-92a21260,decode,0,0,452715,32,d61968e8-e4aa-43a2-8ca8-85b623ffd1e5_dp0,0
1780280868.8594866,1780280868.8709147,11.428117752075195,chatcmpl-ec93a7e2-2b1c-4578-ba1c-9850a1169825-91c9dc4d,decode,0,0,452715,39,d61968e8-e4aa-43a2-8ca8-85b623ffd1e5_dp0,0
1780280868.8694134,1780280868.8781018,8.68844985961914,chatcmpl-27bb427d-c963-4ee0-9832-fe37e1e69e8d-906490f2,decode,0,0,452715,23,d61968e8-e4aa-43a2-8ca8-85b623ffd1e5_dp0,0
1780280868.869884,1780280868.878168,8.28409194946289,chatcmpl-f368eba0-5a74-4ebc-a342-0bb24dfa9a66-88b77b53,decode,0,0,452715,1,d61968e8-e4aa-43a2-8ca8-85b623ffd1e5_dp0,0
1780280868.8702693,1780280868.8782544,7.985115051269531,chatcmpl-5190641e-e3c8-4218-890f-fc1b4a02a65e-b5bb81b3,decode,0,0,452715,1,d61968e8-e4aa-43a2-8ca8-85b623ffd1e5_dp0,0
1780280869.1601465,1780280869.2142746,54.128170013427734,chatcmpl-ef7b4a36-0f27-4459-a2b2-3129a3f80c78-b6521fba,decode,0,0,452715,1,d61968e8-e4aa-43a2-8ca8-85b623ffd1e5_dp0,0
1780280869.1725848,1780280869.2142863,41.701555252075195,chatcmpl-ac39b9f5-752c-4413-8614-0d48b4c9346f-8cac5adc,decode,0,0,452715,3,d61968e8-e4aa-43a2-8ca8-85b623ffd1e5_dp1,0
1780280869.173306,1780280869.214295,40.988922119140625,chatcmpl-953bc72c-7336-4465-b353-fd3437d808d3-acfc2295,decode,0,0,452715,1,d61968e8-e4aa-43a2-8ca8-85b623ffd1e5_dp1,0
1780280869.179075,1780280869.214409,35.334110260009766,chatcmpl-a0ef5d4b-8a4a-4c3d-92f4-602fa8d01c4f-a8781114,decode,0,0,452715,25,d61968e8-e4aa-43a2-8ca8-85b623ffd1e5_dp1,0
1780280869.1809075,1780280869.2144887,33.58125686645508,chatcmpl-866fc6c5-9f16-4836-8271-207e66c427e9-807e8b35,decode,0,0,452715,2,d61968e8-e4aa-43a2-8ca8-85b623ffd1e5_dp1,0
1780280869.1823711,1780280869.214578,32.20677375793457,chatcmpl-9153932e-2128-427e-9824-f2996c775f41-9582d29d,decode,0,0,452715,2,d61968e8-e4aa-43a2-8ca8-85b623ffd1e5_dp1,0
1780280869.2023637,1780280869.2146714,12.30764389038086,chatcmpl-595565f4-4c36-4efe-958d-ab8fb79898b9-bae39abc,decode,0,0,452715,46,d61968e8-e4aa-43a2-8ca8-85b623ffd1e5_dp1,0
1780280869.2054434,1780280869.214708,9.264707565307617,chatcmpl-a618f791-806a-4013-a502-f696e519f622-a37fc21d,decode,0,0,452715,4,d61968e8-e4aa-43a2-8ca8-85b623ffd1e5_dp1,0
1780280869.2075188,1780280869.2147386,7.219791412353516,chatcmpl-059f37a5-342e-45d0-a116-91fa08f0d437-81ce4731,decode,0,0,452715,2,d61968e8-e4aa-43a2-8ca8-85b623ffd1e5_dp1,0
1780280869.2077982,1780280869.214834,7.035732269287109,chatcmpl-7cc25318-6934-4a33-a274-a7c173ab0af8-98f26fd3,decode,0,0,452715,1,d61968e8-e4aa-43a2-8ca8-85b623ffd1e5_dp1,0
1780280869.2091331,1780280869.2149134,5.780220031738281,chatcmpl-efde6dc4-c3b9-4d80-aec5-0fedac59d832-882975d4,decode,0,0,452715,2,d61968e8-e4aa-43a2-8ca8-85b623ffd1e5_dp1,0
1780280869.210544,1780280869.3620272,151.48305892944336,chatcmpl-cdfb0e97-557e-41ba-b396-e545df4c320a-bbc8d754,decode,0,0,452715,2,d61968e8-e4aa-43a2-8ca8-85b623ffd1e5_dp1,0
1780280869.214023,1780280869.3620608,148.03767204284668,chatcmpl-7efe3098-14de-4cc1-87fd-8f6b7d2bbf74-a8a6724f,decode,0,0,452715,5,d61968e8-e4aa-43a2-8ca8-85b623ffd1e5_dp1,0
1780280870.5747163,1780280870.6473627,72.6463794708252,chatcmpl-5f7062ce-06e5-4fbc-a3ac-e3532b1ae799-b90bb400,decode,0,0,452715,47,d61968e8-e4aa-43a2-8ca8-85b623ffd1e5_dp0,0
1780280870.583457,1780280870.64745,63.992977142333984,chatcmpl-acd6b853-8e25-407c-b52b-1d2d2d19255a-a2600a83,decode,0,0,452715,18,d61968e8-e4aa-43a2-8ca8-85b623ffd1e5_dp1,0
1780280870.6037154,1780280870.6475036,43.78819465637207,chatcmpl-2e4d2fbc-6c29-43fa-8091-93040d1f4180-8062703e,decode,0,0,452715,42,d61968e8-e4aa-43a2-8ca8-85b623ffd1e5_dp0,0
1780280870.6273592,1780280870.6475604,20.20120620727539,chatcmpl-9abd3231-cb3c-4e10-aead-d1029ad350e6-99ef899c,decode,0,0,452715,58,d61968e8-e4aa-43a2-8ca8-85b623ffd1e5_dp1,0
1780280870.638409,1780280870.6476068,9.19795036315918,chatcmpl-d312823b-0580-41df-8f7b-a2a0f67f1271-8d2dccf4,decode,0,0,452715,27,d61968e8-e4aa-43a2-8ca8-85b623ffd1e5_dp0,0
1780280870.6406975,1780280870.6476543,6.956815719604492,chatcmpl-55e2d1d4-5c2b-4a05-96ee-c76b19c8f89b-a30507ff,decode,0,0,452715,3,d61968e8-e4aa-43a2-8ca8-85b623ffd1e5_dp1,0
1780280870.6468682,1780280871.1850917,538.2235050201416,chatcmpl-262c2eed-22b6-4210-a302-d6555c0099b6-b1a99a14,decode,0,0,452715,8,d61968e8-e4aa-43a2-8ca8-85b623ffd1e5_dp1,0
1780280871.1365452,1780280871.1851065,48.56133460998535,chatcmpl-fee8dd57-127e-4484-8b77-3fb9cecba599-8a2b871e,decode,0,0,452715,2,d61968e8-e4aa-43a2-8ca8-85b623ffd1e5_dp0,0
1780280871.1400023,1780280871.185185,45.18270492553711,chatcmpl-a262ed68-348b-4653-bc59-3f6bb411ee72-85b5ae93,decode,0,0,452715,3,d61968e8-e4aa-43a2-8ca8-85b623ffd1e5_dp1,0
1780280871.1437056,1780280871.1851952,41.489601135253906,chatcmpl-ecfaa62e-3a7d-4e78-a5bd-8e8e2b547b79-9576f41d,decode,0,0,452715,3,d61968e8-e4aa-43a2-8ca8-85b623ffd1e5_dp0,0
1780280871.148567,1780280871.1852725,36.70549392700195,chatcmpl-33253add-cca4-4eae-8134-9aeec09ef06c-8446d39e,decode,0,0,452715,20,d61968e8-e4aa-43a2-8ca8-85b623ffd1e5_dp1,0
1780280871.1620076,1780280871.1853116,23.303985595703125,chatcmpl-6be489ee-4e47-484a-9f14-71e3d0ea8b2b-8f7f87d4,decode,0,0,452715,34,d61968e8-e4aa-43a2-8ca8-85b623ffd1e5_dp0,0
1780280871.1703842,1780280871.1853588,14.974594116210938,chatcmpl-168640c2-354d-461c-b081-d18a336ccf7b-8c1f963d,decode,0,0,452715,9,d61968e8-e4aa-43a2-8ca8-85b623ffd1e5_dp0,0
1780280871.184636,1780280871.29386,109.22384262084961,chatcmpl-c6c17411-d0ad-4fb5-8518-3621d9ac8780-b646134f,decode,0,0,452715,35,d61968e8-e4aa-43a2-8ca8-85b623ffd1e5_dp1,0
1780280871.1950655,1780280871.2939043,98.83880615234375,chatcmpl-e7282bfa-68af-4d22-a16a-a82667140ba6-97d6af9a,decode,0,0,452715,23,d61968e8-e4aa-43a2-8ca8-85b623ffd1e5_dp0,0
1780280871.1974752,1780280871.2939522,96.47703170776367,chatcmpl-149b132b-b493-4b4f-a29b-f3e0f5be92ed-aa2215b1,decode,0,0,452715,3,d61968e8-e4aa-43a2-8ca8-85b623ffd1e5_dp1,0
1780280871.1988347,1780280871.2939844,95.14975547790527,chatcmpl-a69cd77f-4db7-4ea8-9664-8dd34bb46998-9fdfef64,decode,0,0,452715,2,d61968e8-e4aa-43a2-8ca8-85b623ffd1e5_dp1,0
1780280871.2019923,1780280871.2940216,92.02933311462402,chatcmpl-df5e05b7-85bc-4bc9-9db4-9b2603508725-bed38085,decode,0,0,452715,3,d61968e8-e4aa-43a2-8ca8-85b623ffd1e5_dp0,0
1780280871.2220383,1780280871.294047,72.00884819030762,chatcmpl-7e666cfa-c809-4683-a408-6464128b6fb0-a35de66e,decode,0,0,452715,49,d61968e8-e4aa-43a2-8ca8-85b623ffd1e5_dp0,0
1780280871.242824,1780280871.2940798,51.25570297241211,chatcmpl-e5666d53-4108-4764-9578-d96e3c49f2a8-a1bd1832,decode,0,0,452715,49,d61968e8-e4aa-43a2-8ca8-85b623ffd1e5_dp0,0
1780280871.2468863,1780280871.2941074,47.22118377685547,chatcmpl-7fde893c-0237-4ad8-9d08-25b5f4cbb999-88167a92,decode,0,0,452715,5,d61968e8-e4aa-43a2-8ca8-85b623ffd1e5_dp0,0
1780280871.2561216,1780280871.2941332,38.01155090332031,chatcmpl-783a1256-7bcf-407b-b0f8-f225d7007202-a677c236,decode,0,0,452715,26,d61968e8-e4aa-43a2-8ca8-85b623ffd1e5_dp0,0
1780280871.2596219,1780280871.2941635,34.54160690307617,chatcmpl-8e86036f-ffb2-4cf5-bbf0-a270befbc1d7-9e2880b4,decode,0,0,452715,2,d61968e8-e4aa-43a2-8ca8-85b623ffd1e5_dp0,0
1780280871.264826,1780280871.2941928,29.366731643676758,chatcmpl-12bf2efd-32e7-4cf3-9779-669c1d8ea3a2-b349a308,decode,0,0,452715,11,d61968e8-e4aa-43a2-8ca8-85b623ffd1e5_dp1,0
1780280871.2740674,1780280871.2942202,20.152807235717773,chatcmpl-0b4b5752-0158-4685-8b27-a8f73b37db4b-89467e1a,decode,0,0,452715,26,d61968e8-e4aa-43a2-8ca8-85b623ffd1e5_dp0,0
1780280871.2905397,1780280871.3115215,20.981788635253906,chatcmpl-2b0a9b59-80a6-4e43-8477-413e52290b29-bafc8bb9,decode,0,0,452715,38,d61968e8-e4aa-43a2-8ca8-85b623ffd1e5_dp1,0
1780280871.3081574,1780280871.3316917,23.534297943115234,chatcmpl-aa085d30-ce9a-4d41-bd48-d2cbfc55fb1f-a28283c5,decode,0,0,452715,22,d61968e8-e4aa-43a2-8ca8-85b623ffd1e5_dp0,0
1780280871.3280993,1780280871.3416948,13.5955810546875,chatcmpl-8bd666b3-bbc1-4e2d-a37b-40382c37e548-91915a99,decode,0,0,452715,20,d61968e8-e4aa-43a2-8ca8-85b623ffd1e5_dp1,0
1780280871.721821,1780280871.8047466,82.92555809020996,chatcmpl-174365f7-cfb1-4902-bba5-3afc20614a4d-9df20849,decode,0,0,452715,44,d61968e8-e4aa-43a2-8ca8-85b623ffd1e5_dp0,0
1780280871.7437646,1780280871.8048143,61.049699783325195,chatcmpl-c3c27e52-d9fd-45ec-9f69-386947a866bb-835d7c42,decode,0,0,452715,32,d61968e8-e4aa-43a2-8ca8-85b623ffd1e5_dp1,0
1780280871.7603042,1780280871.8048396,44.53539848327637,chatcmpl-c57bd60c-04fb-4cf8-ae4c-bbedb0779a84-9ac083bf,decode,0,0,452715,40,d61968e8-e4aa-43a2-8ca8-85b623ffd1e5_dp0,0
1780280871.7819314,1780280871.8049002,22.968769073486328,chatcmpl-baa0b8b7-e468-4ced-a5b2-f9ed04649b53-abdbfe64,decode,0,0,452715,52,d61968e8-e4aa-43a2-8ca8-85b623ffd1e5_dp1,0
1780280871.7896922,1780280871.8049214,15.229225158691406,chatcmpl-302dd2ce-6094-4706-b247-4e5969be489b-8a595dd5,decode,0,0,452715,19,d61968e8-e4aa-43a2-8ca8-85b623ffd1e5_dp1,0
1780280871.798587,1780280871.8049824,6.3953399658203125,chatcmpl-d6574870-484f-41e7-a39b-a72b2fa5f526-a5b059a7,decode,0,0,452715,23,d61968e8-e4aa-43a2-8ca8-85b623ffd1e5_dp0,0
1780280871.799241,1780280871.8050494,5.808353424072266,chatcmpl-e0ab9b99-17bf-4536-a7b1-84738f953783-ab4e1e69,decode,0,0,452715,1,d61968e8-e4aa-43a2-8ca8-85b623ffd1e5_dp0,0
1780280871.8044236,1780280871.8182259,13.802289962768555,chatcmpl-b89d8912-1b95-4755-8ced-3c628b01181f-930517d2,decode,0,0,452715,5,d61968e8-e4aa-43a2-8ca8-85b623ffd1e5_dp0,0
1780280871.8237095,1780280871.8472793,23.569822311401367,chatcmpl-8d42fdcf-e45f-433d-8114-e3b10c41d99b-a03a69db,decode,0,0,452715,2,d61968e8-e4aa-43a2-8ca8-85b623ffd1e5_dp1,0
1780280871.8383598,1780280871.8473315,8.971691131591797,chatcmpl-a1985cf6-48e4-44ed-b21d-f78673857c4b-9fc58c74,decode,0,0,452715,53,d61968e8-e4aa-43a2-8ca8-85b623ffd1e5_dp1,0
1780280871.8469188,1780280871.8731208,26.201963424682617,chatcmpl-cb53aa38-80a8-45ec-99e9-d2a52421c502-96517ee5,decode,0,0,452715,21,d61968e8-e4aa-43a2-8ca8-85b623ffd1e5_dp0,0
1780280873.478799,1780280873.4792154,0.4162788391113281,chatcmpl-e0c94395-1cf1-4f60-ae23-e9762277ad36-a60adc42,decode,0,0,452715,1,d61968e8-e4aa-43a2-8ca8-85b623ffd1e5_dp1,0
1780280873.4912703,1780280873.491664,0.3936290740966797,chatcmpl-6dd52a6a-1150-4402-aa32-f31f20891cf8-967e9a31,decode,0,0,452715,1,d61968e8-e4aa-43a2-8ca8-85b623ffd1e5_dp0,0
1780280873.5967565,1780280873.6060832,9.326696395874023,chatcmpl-7ac388c1-74a2-4208-988e-5a73447e90c9-89df6a77,decode,0,0,452715,12,d61968e8-e4aa-43a2-8ca8-85b623ffd1e5_dp1,0
1780280873.791571,1780280873.7919524,0.3814697265625,chatcmpl-74f7086e-7536-42d6-a5c1-eaeeb48f469c-9b9c84ba,decode,0,0,452715,9,d61968e8-e4aa-43a2-8ca8-85b623ffd1e5_dp0,0
1780280873.8008912,1780280873.8012836,0.3924369812011719,chatcmpl-595337f7-7294-4f58-b5e3-c1b560b5cd38-9c89f81f,decode,0,0,452715,2,d61968e8-e4aa-43a2-8ca8-85b623ffd1e5_dp0,0
1780280874.0042915,1780280874.0199995,15.707969665527344,chatcmpl-22ea830a-e95b-4dff-bddb-38b9c873ba15-be012dae,decode,0,0,452715,53,d61968e8-e4aa-43a2-8ca8-85b623ffd1e5_dp0,0
1780280874.0869558,1780280874.096556,9.600162506103516,chatcmpl-a9945374-b943-43d7-8639-324ff9b014d2-af2923ac,decode,0,0,452715,21,d61968e8-e4aa-43a2-8ca8-85b623ffd1e5_dp0,0
1780280874.0893521,1780280874.0966,7.2479248046875,chatcmpl-35bf1c63-746e-4946-987b-a35e4b1be70a-b8e58da5,decode,0,0,452715,3,d61968e8-e4aa-43a2-8ca8-85b623ffd1e5_dp0,0
1780280874.1664245,1780280874.1784449,12.020349502563477,chatcmpl-cbc13b88-834a-411b-8823-cd133ec26fd4-9a388f8d,decode,0,0,452715,35,d61968e8-e4aa-43a2-8ca8-85b623ffd1e5_dp1,0
1780280874.1779952,1780280874.197627,19.63186264038086,chatcmpl-8c536b23-bc73-4ada-9086-3b08246a29d4-8f89fa33,decode,0,0,452715,8,d61968e8-e4aa-43a2-8ca8-85b623ffd1e5_dp1,0
1780280874.4792552,1780280874.4796257,0.3705024719238281,chatcmpl-d7929d12-4050-4c73-8c72-0a50b8e8bccd-918eda11,decode,0,0,452715,3,d61968e8-e4aa-43a2-8ca8-85b623ffd1e5_dp0,0
1780280874.4920688,1780280874.4924064,0.3376007080078125,chatcmpl-c1d9f903-eb51-4f32-951c-ac504844e218-97748fc5,decode,0,0,452715,3,d61968e8-e4aa-43a2-8ca8-85b623ffd1e5_dp0,0
1780280874.5300567,1780280874.530399,0.34236907958984375,chatcmpl-15a6604a-0afe-414d-9448-ef714037880f-b4b4c1bb,decode,0,0,452715,3,d61968e8-e4aa-43a2-8ca8-85b623ffd1e5_dp0,0
1780280875.0571659,1780280875.066226,9.060144424438477,chatcmpl-04cbdb21-063e-4b18-a0f6-014ed8ddc3e5-8fe8b722,decode,0,0,452715,17,d61968e8-e4aa-43a2-8ca8-85b623ffd1e5_dp0,0
1780280875.1745,1780280875.190374,15.873908996582031,chatcmpl-3b9c2681-42a0-4268-98b4-410be77edd85-9f6b41b1,decode,0,0,452715,51,d61968e8-e4aa-43a2-8ca8-85b623ffd1e5_dp1,0
1780280875.376276,1780280875.3927314,16.455411911010742,chatcmpl-19684e0a-dd2b-4679-8bda-fe0c6a9ed614-866c1ffd,decode,0,0,452715,49,d61968e8-e4aa-43a2-8ca8-85b623ffd1e5_dp1,0
1780280875.3923209,1780280875.3927705,0.4496574401855469,chatcmpl-8e565374-82bf-4aac-bcf8-8bce09a3b5bf-b880d31a,decode,0,0,452715,1,d61968e8-e4aa-43a2-8ca8-85b623ffd1e5_dp0,0
1780280875.5632951,1780280875.5722542,8.959054946899414,chatcmpl-c8dbf63b-d442-4289-b7c0-afc8c18a0e0b-949049cd,decode,0,0,452715,14,d61968e8-e4aa-43a2-8ca8-85b623ffd1e5_dp1,0
1780280875.6135058,1780280875.62352,10.014057159423828,chatcmpl-1383b050-08ad-436b-ba3d-15d646275402-afc3245f,decode,0,0,452715,11,d61968e8-e4aa-43a2-8ca8-85b623ffd1e5_dp0,0
1780280875.7615674,1780280875.765029,3.461599349975586,chatcmpl-9fdcca6d-8db1-4629-a3ac-0933412dd916-b53ce390,decode,0,0,452715,9,d61968e8-e4aa-43a2-8ca8-85b623ffd1e5_dp0,0
1780280875.8077536,1780280875.8160813,8.327722549438477,chatcmpl-789ffd60-0909-44af-9dff-4e68895d62d8-b7eaf0e8,decode,0,0,452715,17,d61968e8-e4aa-43a2-8ca8-85b623ffd1e5_dp0,0
1780280875.8874588,1780280875.9074888,20.03002166748047,chatcmpl-597d5b94-82e6-4331-b1f6-82c1eb6db308-a8ab5bae,decode,0,0,452715,35,d61968e8-e4aa-43a2-8ca8-85b623ffd1e5_dp1,0
1780280876.0652344,1780280876.0715406,6.306171417236328,chatcmpl-93d9ed6e-ee3e-447a-9ce9-4babf238d46f-aeb2d6ef,decode,0,0,452715,21,d61968e8-e4aa-43a2-8ca8-85b623ffd1e5_dp1,0
1780280876.0712101,1780280876.087215,16.00480079650879,chatcmpl-54cee020-6d79-41a0-a405-2415176331d9-9ac4f8ac,decode,0,0,452715,6,d61968e8-e4aa-43a2-8ca8-85b623ffd1e5_dp0,0
1780280876.194886,1780280876.2083051,13.419151306152344,chatcmpl-e1647f90-7555-4ca2-b1af-b94413faafcf-8f7357c1,decode,0,0,452715,13,d61968e8-e4aa-43a2-8ca8-85b623ffd1e5_dp0,0
1780280876.2078981,1780280876.2174232,9.525060653686523,chatcmpl-34d78388-363a-4e3d-b5d0-9daf034fd311-96ef8801,decode,0,0,452715,18,d61968e8-e4aa-43a2-8ca8-85b623ffd1e5_dp1,0
1780280876.2354016,1780280876.256658,21.256446838378906,chatcmpl-d712b15d-e038-45c3-af43-d036e9823e24-a9873b93,decode,0,0,452715,28,d61968e8-e4aa-43a2-8ca8-85b623ffd1e5_dp1,0
1780280876.637993,1780280876.6383684,0.3752708435058594,chatcmpl-c780ab68-82f7-425a-934d-68241e44d79e-a1812dcc,decode,0,0,452715,2,d61968e8-e4aa-43a2-8ca8-85b623ffd1e5_dp1,0
1780280876.6666048,1780280876.6759863,9.381532669067383,chatcmpl-0e4b5d39-561f-46fe-8e96-52bab79a76ba-96681743,decode,0,0,452715,21,d61968e8-e4aa-43a2-8ca8-85b623ffd1e5_dp0,0
1780280876.706487,1780280876.706841,0.3540515899658203,chatcmpl-1b596b29-e21d-4f89-b19e-f025479d932f-a50aff08,decode,0,0,452715,5,d61968e8-e4aa-43a2-8ca8-85b623ffd1e5_dp1,0
1780280876.880413,1780280876.8890982,8.685111999511719,chatcmpl-cd4c03c0-e062-40cb-a890-1a229424bda8-aee8dfeb,decode,0,0,452715,4,d61968e8-e4aa-43a2-8ca8-85b623ffd1e5_dp1,0
1780280876.959708,1780280876.9685085,8.800506591796875,chatcmpl-b7c35480-4df5-478b-8b0f-dd5e2ffcae94-a7aec7a2,decode,0,0,452715,23,d61968e8-e4aa-43a2-8ca8-85b623ffd1e5_dp1,0
1780280877.0484128,1780280877.0487323,0.31948089599609375,chatcmpl-5f60202f-d7ec-45cc-b36f-a44189329559-89a82fcc,decode,0,0,452715,1,d61968e8-e4aa-43a2-8ca8-85b623ffd1e5_dp1,0
1780280877.0915976,1780280877.1009197,9.322166442871094,chatcmpl-6dc6aadd-be4c-449b-b516-40e71cd0a5a7-8b6f5b1b,decode,0,0,452715,21,d61968e8-e4aa-43a2-8ca8-85b623ffd1e5_dp0,0
1780280877.28175,1780280877.3025656,20.815610885620117,chatcmpl-54b6e9e8-1a32-49a6-95b7-b59e5d813155-bcb04594,decode,0,0,452715,39,d61968e8-e4aa-43a2-8ca8-85b623ffd1e5_dp0,0
1780280877.2833989,1780280877.3026202,19.22130584716797,chatcmpl-41256862-5532-4a46-a233-ca1b862a9063-87ceaed1,decode,0,0,452715,2,d61968e8-e4aa-43a2-8ca8-85b623ffd1e5_dp0,0
1780280877.4699714,1780280877.4902024,20.231008529663086,chatcmpl-33d79ab5-d8ac-4bd8-8f86-30327ebfec0c-87e930d5,decode,0,0,452715,39,d61968e8-e4aa-43a2-8ca8-85b623ffd1e5_dp1,0
1780280877.4898465,1780280877.4902132,0.3666877746582031,chatcmpl-c4d3e7b9-6f9c-4939-9a85-d452280251f8-91593277,decode,0,0,452715,1,d61968e8-e4aa-43a2-8ca8-85b623ffd1e5_dp0,0
1780280877.604644,1780280877.6049826,0.33855438232421875,chatcmpl-d502a71a-f96d-4b1f-9b74-809a33ba9399-b191c3ec,decode,0,0,452715,7,d61968e8-e4aa-43a2-8ca8-85b623ffd1e5_dp1,0
1780280877.6848238,1780280877.6851957,0.3719329833984375,chatcmpl-c99b51d9-cbd3-42d7-8e7a-b87a92181744-8f36612f,decode,0,0,452715,2,d61968e8-e4aa-43a2-8ca8-85b623ffd1e5_dp1,0
1780280877.767724,1780280877.7680707,0.3466606140136719,chatcmpl-8fc39bd6-497a-462f-869c-96e112675cd7-a5f9b629,decode,0,0,452715,4,d61968e8-e4aa-43a2-8ca8-85b623ffd1e5_dp1,0
1780280877.851172,1780280877.8720484,20.876407623291016,chatcmpl-a9c46f44-e593-4895-86e0-4c7eb62b8e40-97244b30,decode,0,0,452715,38,d61968e8-e4aa-43a2-8ca8-85b623ffd1e5_dp0,0
1780280877.8604205,1780280877.8720844,11.66391372680664,chatcmpl-4f12d201-5c44-4fd6-a9c5-c1f9a51a5f6e-b6887e2e,decode,0,0,452715,2,d61968e8-e4aa-43a2-8ca8-85b623ffd1e5_dp1,0
1780280877.9725044,1780280877.9728396,0.3352165222167969,chatcmpl-3282c43a-d5a1-45d5-b35c-eab5ec817be6-a9895b6b,decode,0,0,452715,3,d61968e8-e4aa-43a2-8ca8-85b623ffd1e5_dp0,0
1780280878.0402305,1780280878.0498073,9.576797485351562,chatcmpl-ee13b825-a977-4e70-a789-83cf25e03f6b-87788be3,decode,0,0,452715,17,d61968e8-e4aa-43a2-8ca8-85b623ffd1e5_dp1,0
1780280878.146473,1780280878.1468105,0.3376007080078125,chatcmpl-bb6cf768-5e23-4f55-bda7-aa8c5e3a6d06-a136435d,decode,0,0,452715,3,d61968e8-e4aa-43a2-8ca8-85b623ffd1e5_dp1,0
1780280878.1866975,1780280878.2054791,18.781661987304688,chatcmpl-be1f1fe2-5bdd-4a20-b87e-737bcc1aa692-b9c016f2,decode,0,0,452715,20,d61968e8-e4aa-43a2-8ca8-85b623ffd1e5_dp1,0
1780280878.205104,1780280878.2054899,0.3857612609863281,chatcmpl-a2c776c8-4ffa-4944-9360-b798c70a182d-b2b1dd95,decode,0,0,452715,8,d61968e8-e4aa-43a2-8ca8-85b623ffd1e5_dp0,0
1780280878.2702,1780280878.2758527,5.652666091918945,chatcmpl-f0a9070c-37ab-4542-ac70-e70c281ffbc4-bbef09ec,decode,0,0,452715,7,d61968e8-e4aa-43a2-8ca8-85b623ffd1e5_dp0,0
1780280878.3058186,1780280878.3183825,12.563943862915039,chatcmpl-6389660e-943a-44b9-8f1e-82798280c80e-942186d0,decode,0,0,452715,17,d61968e8-e4aa-43a2-8ca8-85b623ffd1e5_dp0,0
1780280878.3177085,1780280878.318421,0.7123947143554688,chatcmpl-d6d88c21-bbbd-45ec-8e08-23b0df6a2df6-98ffbc87,decode,0,0,452715,2,d61968e8-e4aa-43a2-8ca8-85b623ffd1e5_dp1,0
1780280878.3856227,1780280878.3859913,0.3685951232910156,chatcmpl-2ff4786d-a13a-4314-b04e-b6ad59fe015e-ad1e1df3,decode,0,0,452715,5,d61968e8-e4aa-43a2-8ca8-85b623ffd1e5_dp1,0
1780280878.5340834,1780280878.5402505,6.167173385620117,chatcmpl-2da7569a-7028-40d4-b01f-673985a71a5b-a415f416,decode,0,0,452715,2,d61968e8-e4aa-43a2-8ca8-85b623ffd1e5_dp0,0
1780280878.5398002,1780280878.5569851,17.184972763061523,chatcmpl-000e2f7b-fad8-4e27-888e-0223822f5ca5-8ec42735,decode,0,0,452715,30,d61968e8-e4aa-43a2-8ca8-85b623ffd1e5_dp1,0
1780280878.5738738,1780280878.5944595,20.58577537536621,chatcmpl-22df4ba6-678c-46e3-91d3-e17406976373-9cc54e9e,decode,0,0,452715,32,d61968e8-e4aa-43a2-8ca8-85b623ffd1e5_dp0,0
1780280878.66,1780280878.6685493,8.549213409423828,chatcmpl-d21cae4c-af77-450c-b706-9ce5b544ea78-8258b163,decode,0,0,452715,16,d61968e8-e4aa-43a2-8ca8-85b623ffd1e5_dp1,0
1780280878.899169,1780280878.9181798,19.01078224182129,chatcmpl-b9de7654-026f-403a-9540-c278ecb10d41-b8f7e8c7,decode,0,0,452715,53,d61968e8-e4aa-43a2-8ca8-85b623ffd1e5_dp0,0
1780280878.9176726,1780280878.918241,0.568389892578125,chatcmpl-0d2971f3-e517-44fb-88ad-70989c1c8b26-8328305e,decode,0,0,452715,3,d61968e8-e4aa-43a2-8ca8-85b623ffd1e5_dp0,0
1780280879.0062616,1780280879.0212007,14.939069747924805,chatcmpl-384eccfa-ed29-4958-8fea-e446f9a77609-9968c57d,decode,0,0,452715,48,d61968e8-e4aa-43a2-8ca8-85b623ffd1e5_dp1,0
1780280879.145361,1780280879.1568773,11.516332626342773,chatcmpl-49d96c85-939d-42f3-862c-a4b3d96f8922-bd554782,decode,0,0,452715,1,d61968e8-e4aa-43a2-8ca8-85b623ffd1e5_dp1,0
1780280879.340071,1780280879.3548641,14.793157577514648,chatcmpl-bf8edb8f-c9a5-474f-8faa-aaaf4533960e-a316ea66,decode,0,0,452715,64,d61968e8-e4aa-43a2-8ca8-85b623ffd1e5_dp0,0
1780280879.3949966,1780280879.4040084,9.01174545288086,chatcmpl-c32df0fe-7833-4d7a-89d5-70cdd4ed6bb4-bf75b1e1,decode,0,0,452715,3,d61968e8-e4aa-43a2-8ca8-85b623ffd1e5_dp0,0
1780280880.2452323,1780280880.245822,0.5896091461181641,chatcmpl-0a7a8adc-7c29-432d-b46b-264c02576589-8309a48c,decode,0,0,452715,1,d61968e8-e4aa-43a2-8ca8-85b623ffd1e5_dp0,0
1780280880.3213484,1780280880.3417556,20.40719985961914,chatcmpl-7497f751-6984-4647-9d3a-5ab1c20187fb-bae42c79,decode,0,0,452715,18,d61968e8-e4aa-43a2-8ca8-85b623ffd1e5_dp1,0
1780280880.4041703,1780280880.4045842,0.4138946533203125,chatcmpl-d1ca0146-a069-4986-bd9b-b01f33c51650-9e50f55e,decode,0,0,452715,2,d61968e8-e4aa-43a2-8ca8-85b623ffd1e5_dp1,0
1780280880.4901845,1780280880.4905362,0.3516674041748047,chatcmpl-4db757bb-a84b-4d47-8ec4-fcb2f2fb35a5-9690b7b8,decode,0,0,452715,2,d61968e8-e4aa-43a2-8ca8-85b623ffd1e5_dp1,0
1780280880.5178733,1780280880.518271,0.39768218994140625,chatcmpl-dd863085-6cfe-48d8-917f-e2f1106a7d70-92390546,decode,0,0,452715,2,d61968e8-e4aa-43a2-8ca8-85b623ffd1e5_dp1,0
1780280880.6541195,1780280880.6544733,0.35381317138671875,chatcmpl-f6382430-7d4c-4afb-981a-c7cb1dd84b11-b85b274c,decode,0,0,452715,2,d61968e8-e4aa-43a2-8ca8-85b623ffd1e5_dp1,0
1780280880.667519,1780280880.676222,8.702993392944336,chatcmpl-aac98368-298d-4fee-b9f1-19fa42e5e8d2-9f9fe8b3,decode,0,0,452715,22,d61968e8-e4aa-43a2-8ca8-85b623ffd1e5_dp0,0
1780280880.7288003,1780280880.737443,8.64267349243164,chatcmpl-dfc04eba-a390-4b33-b324-ed2e986eec94-961401b6,decode,0,0,452715,16,d61968e8-e4aa-43a2-8ca8-85b623ffd1e5_dp1,0
1780280880.8638911,1780280880.8723757,8.484601974487305,chatcmpl-ef45c840-a447-4b17-a3e6-b491a9174658-8cfbdad7,decode,0,0,452715,17,d61968e8-e4aa-43a2-8ca8-85b623ffd1e5_dp0,0
1780280880.938094,1780280880.9459,7.806062698364258,chatcmpl-4f449545-19ea-409c-816f-16454a58d358-89e6f41e,decode,0,0,452715,24,d61968e8-e4aa-43a2-8ca8-85b623ffd1e5_dp1,0
1780280881.192842,1780280881.1933572,0.5152225494384766,chatcmpl-6aee5b43-660e-4560-bf2c-1b531d703aaf-8666b549,decode,0,0,452715,1,d61968e8-e4aa-43a2-8ca8-85b623ffd1e5_dp0,0
1780280881.477869,1780280881.4784696,0.6005764007568359,chatcmpl-9c39efb8-0a7b-4cef-9f88-42f6edbf4ecc-a37926b3,decode,0,0,452715,3,d61968e8-e4aa-43a2-8ca8-85b623ffd1e5_dp1,0
1780280881.6763442,1780280881.6910155,14.67132568359375,chatcmpl-894a7365-3825-42ea-addc-5bb598f13d1e-84152db0,decode,0,0,452715,49,d61968e8-e4aa-43a2-8ca8-85b623ffd1e5_dp1,0
1780280881.7435303,1780280881.7440636,0.5333423614501953,chatcmpl-0feb95eb-d309-4f97-bf51-7ea0a8de40f8-b6d1a06f,decode,0,0,452715,3,d61968e8-e4aa-43a2-8ca8-85b623ffd1e5_dp1,0
1780280881.951764,1780280881.9706457,18.881559371948242,chatcmpl-c2173255-319a-4265-9f5d-d5b474b457b2-91dde24f,decode,0,0,452715,35,d61968e8-e4aa-43a2-8ca8-85b623ffd1e5_dp0,0
1780280882.095605,1780280882.096169,0.5640983581542969,chatcmpl-957a687f-bb68-42c5-90a1-b878b34f52dd-a8d14544,decode,0,0,452715,2,d61968e8-e4aa-43a2-8ca8-85b623ffd1e5_dp0,0
1780280882.2084174,1780280882.208947,0.5295276641845703,chatcmpl-1e81f53d-ac74-4ec8-91de-8f191787038e-9c4dd437,decode,0,0,452715,4,d61968e8-e4aa-43a2-8ca8-85b623ffd1e5_dp0,0
1780280882.2583685,1780280882.280628,22.25947380065918,chatcmpl-1ffcec48-23e7-4d6f-85e8-7e1c21f08f7e-93f6a4d7,decode,0,0,452715,32,d61968e8-e4aa-43a2-8ca8-85b623ffd1e5_dp0,0
1780280882.2800202,1780280882.2902837,10.263442993164062,chatcmpl-1b762005-0770-4037-9bca-d79a9eb3d479-9e00a2a4,decode,0,0,452715,2,d61968e8-e4aa-43a2-8ca8-85b623ffd1e5_dp0,0
1780280882.367761,1780280882.376825,9.064197540283203,chatcmpl-f695aca1-9c7c-4fc2-9884-e52226dde747-89906bbe,decode,0,0,452715,18,d61968e8-e4aa-43a2-8ca8-85b623ffd1e5_dp1,0
1780280882.6370976,1780280882.6376307,0.5331039428710938,chatcmpl-7a7bd5da-0649-45f0-8227-8b81ca84ce4f-ab3c1edc,decode,0,0,452715,2,d61968e8-e4aa-43a2-8ca8-85b623ffd1e5_dp0,0
1780280882.9959817,1780280882.99643,0.4482269287109375,chatcmpl-23e1d9d7-d486-4f2a-9b40-4192a9d57d25-b7e2ca02,decode,0,0,452715,5,d61968e8-e4aa-43a2-8ca8-85b623ffd1e5_dp1,0
1780280883.177351,1780280883.18631,8.959054946899414,chatcmpl-387420a7-42f6-47d4-b70b-403d54f38595-a6893c6b,decode,0,0,452715,3,d61968e8-e4aa-43a2-8ca8-85b623ffd1e5_dp1,0
1780280883.2034686,1780280883.2277367,24.268150329589844,chatcmpl-01823bb9-d5d4-4e2a-a3be-4c0579a61aff-abc6dca0,decode,0,0,452715,23,d61968e8-e4aa-43a2-8ca8-85b623ffd1e5_dp0,0
1780280883.2272828,1780280883.2354124,8.129596710205078,chatcmpl-60d94b4b-cfe4-47b7-8542-cc344f9286cc-99983d15,decode,0,0,452715,23,d61968e8-e4aa-43a2-8ca8-85b623ffd1e5_dp1,0
1780280883.26717,1780280883.267542,0.3719329833984375,chatcmpl-fcf41817-7e4d-4f87-bf7b-fac8c25c7526-acf9de36,decode,0,0,452715,6,d61968e8-e4aa-43a2-8ca8-85b623ffd1e5_dp1,0
1780280883.441446,1780280883.441971,0.5249977111816406,chatcmpl-e77b99fd-c2d0-49f5-8f45-9ab01c7adba9-9051a2a7,decode,0,0,452715,2,d61968e8-e4aa-43a2-8ca8-85b623ffd1e5_dp0,0
1780280883.4531379,1780280883.4534895,0.3516674041748047,chatcmpl-cb0dcade-0d26-4490-9cf0-31ba1e0a6a2e-a2ace698,decode,0,0,452715,2,d61968e8-e4aa-43a2-8ca8-85b623ffd1e5_dp1,0
1780280883.7488687,1780280883.758296,9.427309036254883,chatcmpl-1d18c091-8d6c-4447-b23c-53622a287d7f-9b977536,decode,0,0,452715,12,d61968e8-e4aa-43a2-8ca8-85b623ffd1e5_dp1,0
1780280883.8368647,1780280883.8567252,19.860506057739258,chatcmpl-c6a38c10-5461-48a0-bf0c-a4d8dbb82d80-9a9763b6,decode,0,0,452715,31,d61968e8-e4aa-43a2-8ca8-85b623ffd1e5_dp1,0
1780280883.9342723,1780280883.9550817,20.809412002563477,chatcmpl-86cadc3b-0245-423d-a5e3-70b3e9564a97-aaa6301a,decode,0,0,452715,27,d61968e8-e4aa-43a2-8ca8-85b623ffd1e5_dp0,0
1780280884.0286777,1780280884.0290747,0.39696693420410156,chatcmpl-356f50fb-977f-493c-8380-185033c4e07c-95ea6cc2,decode,0,0,452715,1,d61968e8-e4aa-43a2-8ca8-85b623ffd1e5_dp0,0
1780280884.202574,1780280884.2128122,10.238170623779297,chatcmpl-f125b7e3-72ad-422c-849b-c3cdc570fe06-8041bc6e,decode,0,0,452715,2,d61968e8-e4aa-43a2-8ca8-85b623ffd1e5_dp0,0
1780280884.4995503,1780280884.519825,20.274639129638672,chatcmpl-da442947-38d1-4be1-adee-ba2f2ebc4c99-91e4e68e,decode,0,0,452715,25,d61968e8-e4aa-43a2-8ca8-85b623ffd1e5_dp0,0
1780280884.624921,1780280884.6253464,0.4253387451171875,chatcmpl-c48aab5a-e1d5-44d0-88c3-c959edde097d-b0ed2a6a,decode,0,0,452715,5,d61968e8-e4aa-43a2-8ca8-85b623ffd1e5_dp1,0
1780280884.6815953,1780280884.6917922,10.196924209594727,chatcmpl-b03002b6-d959-4972-bd1e-2ad24d763a64-85bd6441,decode,0,0,452715,2,d61968e8-e4aa-43a2-8ca8-85b623ffd1e5_dp1,0
1780280884.7203956,1780280884.7288108,8.41522216796875,chatcmpl-5d8797cd-aaaa-4bfb-a3e2-24d5fa96650c-b5df48b7,decode,0,0,452715,21,d61968e8-e4aa-43a2-8ca8-85b623ffd1e5_dp0,0
1780280884.7738187,1780280884.7741666,0.3478527069091797,chatcmpl-cb858822-1bd5-410f-88e9-671ef85a5dbd-a0392097,decode,0,0,452715,8,d61968e8-e4aa-43a2-8ca8-85b623ffd1e5_dp0,0
1780280884.831125,1780280884.839651,8.526086807250977,chatcmpl-7c17d6cc-8c7a-4d4d-b8b4-ba5f45cf89d6-acde925b,decode,0,0,452715,18,d61968e8-e4aa-43a2-8ca8-85b623ffd1e5_dp0,0
1780280885.0016308,1780280885.0021567,0.5259513854980469,chatcmpl-a57d25d6-2dfa-48f3-a0ee-bcfeb5d993bf-abc55a7f,decode,0,0,452715,2,d61968e8-e4aa-43a2-8ca8-85b623ffd1e5_dp1,0
1780280885.096356,1780280885.0967543,0.39839744567871094,chatcmpl-7f3e2202-5db1-4d8b-be6b-d567ef83c3b3-9486b28a,decode,0,0,452715,9,d61968e8-e4aa-43a2-8ca8-85b623ffd1e5_dp0,0
1780280885.1037452,1780280885.111418,7.672786712646484,chatcmpl-04721096-c913-492f-914f-b5fb6a2b4a91-91404652,decode,0,0,452715,19,d61968e8-e4aa-43a2-8ca8-85b623ffd1e5_dp1,0
1780280885.1881244,1780280885.1968975,8.773088455200195,chatcmpl-10930187-d664-43f9-8912-b08c8915a6f0-bf8ae485,decode,0,0,452715,15,d61968e8-e4aa-43a2-8ca8-85b623ffd1e5_dp0,0
1780280885.2626722,1780280885.2826624,19.990205764770508,chatcmpl-5604815b-0710-418d-9902-2886bddb2680-ac848579,decode,0,0,452715,31,d61968e8-e4aa-43a2-8ca8-85b623ffd1e5_dp0,0
1780280885.3368008,1780280885.3561733,19.37246322631836,chatcmpl-7a86ced4-5137-47d2-a27a-b1bd531a6d18-9482ffe6,decode,0,0,452715,35,d61968e8-e4aa-43a2-8ca8-85b623ffd1e5_dp0,0
1780280885.4103312,1780280885.4299622,19.630908966064453,chatcmpl-836baac3-6360-4cdb-9d3e-32ab57850281-ae9217a1,decode,0,0,452715,35,d61968e8-e4aa-43a2-8ca8-85b623ffd1e5_dp1,0
1780280885.508558,1780280885.5311735,22.615432739257812,chatcmpl-6a72eafe-bec2-49c4-b60c-17419dc8d236-a793d361,decode,0,0,452715,33,d61968e8-e4aa-43a2-8ca8-85b623ffd1e5_dp1,0
1780280885.5305948,1780280885.5403962,9.801387786865234,chatcmpl-f7e14c86-7e09-4270-90c9-bf7b871c6fbc-ad7116cc,decode,0,0,452715,2,d61968e8-e4aa-43a2-8ca8-85b623ffd1e5_dp0,0
1780280885.6041706,1780280885.6045494,0.3788471221923828,chatcmpl-505b30fd-8b8c-47ac-8ef4-db06ec210a89-857da2cf,decode,0,0,452715,2,d61968e8-e4aa-43a2-8ca8-85b623ffd1e5_dp1,0
1780280885.666998,1780280885.6755621,8.564233779907227,chatcmpl-2ef342a5-aed7-42db-bbd2-db056c685ae7-8ade33fb,decode,0,0,452715,17,d61968e8-e4aa-43a2-8ca8-85b623ffd1e5_dp1,0
1780280885.7167165,1780280885.7397795,23.062944412231445,chatcmpl-096126fe-2dd0-4932-9df3-a5513bc146ad-b0171961,decode,0,0,452715,26,d61968e8-e4aa-43a2-8ca8-85b623ffd1e5_dp0,0
1780280885.7391882,1780280885.7398238,0.6356239318847656,chatcmpl-0200d56f-cbbe-421e-9820-4a5e0e073a29-8825fe31,decode,0,0,452715,2,d61968e8-e4aa-43a2-8ca8-85b623ffd1e5_dp1,0
1780280885.7994046,1780280885.799737,0.3323554992675781,chatcmpl-944c8a43-8db6-417e-9263-cb1593998eec-a81a35da,decode,0,0,452715,2,d61968e8-e4aa-43a2-8ca8-85b623ffd1e5_dp1,0
1780280885.9358587,1780280885.9507978,14.939069747924805,chatcmpl-0073503f-f549-4a70-8793-33eedb8825eb-a4943eaa,decode,0,0,452715,45,d61968e8-e4aa-43a2-8ca8-85b623ffd1e5_dp0,0
1780280885.97331,1780280885.9771893,3.8793087005615234,chatcmpl-f6c6a57b-f5df-4e61-bb6c-477071c58c0f-8e10c27d,decode,0,0,452715,9,d61968e8-e4aa-43a2-8ca8-85b623ffd1e5_dp0,0
1780280886.0420363,1780280886.0613537,19.3173885345459,chatcmpl-70229f98-fe39-46b0-a2c5-60a5e0981e7d-bce52b7a,decode,0,0,452715,38,d61968e8-e4aa-43a2-8ca8-85b623ffd1e5_dp1,0
1780280886.1416814,1780280886.147708,6.026506423950195,chatcmpl-037d85c8-b1ff-467c-8491-c356d7e339af-b0937bb0,decode,0,0,452715,52,d61968e8-e4aa-43a2-8ca8-85b623ffd1e5_dp1,0
1780280886.1632895,1780280886.1717072,8.417606353759766,chatcmpl-19cdd8d2-864b-4cca-8762-fb25d3001906-8a16f1b9,decode,0,0,452715,25,d61968e8-e4aa-43a2-8ca8-85b623ffd1e5_dp1,0
1780280886.288422,1780280886.2888288,0.4067420959472656,chatcmpl-a72103db-57be-4460-b6c5-674a69604bff-ab085c0a,decode,0,0,452715,7,d61968e8-e4aa-43a2-8ca8-85b623ffd1e5_dp0,0
1780280886.5822916,1780280886.582694,0.4024505615234375,chatcmpl-4936f3e4-0612-4f7c-9cb7-2bb8ebfd504d-a5c2970a,decode,0,0,452715,5,d61968e8-e4aa-43a2-8ca8-85b623ffd1e5_dp0,0
1780280886.8438053,1780280886.8533242,9.518861770629883,chatcmpl-52fade09-826e-4dc7-8131-a6ab60fa16c1-86e85627,decode,0,0,452715,58,d61968e8-e4aa-43a2-8ca8-85b623ffd1e5_dp0,0
1780280886.852682,1780280886.860941,8.258819580078125,chatcmpl-8a24a2ba-c762-4b40-94cf-97091affc258-92f93152,decode,0,0,452715,6,d61968e8-e4aa-43a2-8ca8-85b623ffd1e5_dp0,0
1780280886.86054,1780280886.8609529,0.41294097900390625,chatcmpl-40bf3ace-76c8-459f-9f5a-d942e8d65556-be90ead5,decode,0,0,452715,2,d61968e8-e4aa-43a2-8ca8-85b623ffd1e5_dp0,0
1780280886.889808,1780280886.890165,0.3571510314941406,chatcmpl-35181470-33eb-40d7-9be5-059801a7e3d7-b7a44f75,decode,0,0,452715,6,d61968e8-e4aa-43a2-8ca8-85b623ffd1e5_dp1,0
1780280886.9220738,1780280886.922497,0.42319297790527344,chatcmpl-644b0f2d-4771-4f11-9883-35e1bb06237c-a3673aec,decode,0,0,452715,2,d61968e8-e4aa-43a2-8ca8-85b623ffd1e5_dp1,0
1780280887.0341651,1780280887.0345154,0.3502368927001953,chatcmpl-39d0e350-7eb9-4fda-a2de-ecd02a99d059-a532a695,decode,0,0,452715,4,d61968e8-e4aa-43a2-8ca8-85b623ffd1e5_dp0,0
1780280887.069019,1780280887.0693667,0.3476142883300781,chatcmpl-5a9e2f0e-4454-4844-858b-59f3ab02209f-99a1eba3,decode,0,0,452715,2,d61968e8-e4aa-43a2-8ca8-85b623ffd1e5_dp0,0
1780280887.1203077,1780280887.1442919,23.984193801879883,chatcmpl-6e60bfd8-4c3a-4641-abf3-42b2562b9b8f-8e6442b4,decode,0,0,452715,26,d61968e8-e4aa-43a2-8ca8-85b623ffd1e5_dp0,0
1780280887.1220307,1780280887.1443262,22.295475006103516,chatcmpl-6ca0e83c-02c9-43e4-b690-fbd0e67a1565-b3f5ed93,decode,0,0,452715,2,d61968e8-e4aa-43a2-8ca8-85b623ffd1e5_dp1,0
1780280887.1438797,1780280887.1527593,8.879661560058594,chatcmpl-669a1a70-fab8-4cb1-b94b-8a0d9b2cf5f7-84e00bc3,decode,0,0,452715,17,d61968e8-e4aa-43a2-8ca8-85b623ffd1e5_dp1,0
1780280887.387106,1780280887.4070163,19.910335540771484,chatcmpl-75205dba-3f1e-4941-bff2-3a241e166988-b2cd688b,decode,0,0,452715,29,d61968e8-e4aa-43a2-8ca8-85b623ffd1e5_dp1,0
1780280887.527413,1780280887.5425408,15.127897262573242,chatcmpl-355a0ce6-26aa-4001-be27-773474923f1d-886a018d,decode,0,0,452715,45,d61968e8-e4aa-43a2-8ca8-85b623ffd1e5_dp0,0
1780280887.5422335,1780280887.5573258,15.09237289428711,chatcmpl-2359c54b-f0bd-422b-8aeb-a72bcb7ac796-a0f05374,decode,0,0,452715,9,d61968e8-e4aa-43a2-8ca8-85b623ffd1e5_dp1,0
1780280887.7146633,1780280887.7150638,0.400543212890625,chatcmpl-17364265-6aec-4dc9-8258-6391cf1dbe27-95cba265,decode,0,0,452715,1,d61968e8-e4aa-43a2-8ca8-85b623ffd1e5_dp1,0
1780280888.0082567,1780280888.0278382,19.58155632019043,chatcmpl-01ab6340-c403-4304-ab14-3bd7fd573a5d-888cc38f,decode,0,0,452715,28,d61968e8-e4aa-43a2-8ca8-85b623ffd1e5_dp1,0
1780280888.0932016,1780280888.1023123,9.110689163208008,chatcmpl-f2ce902d-86d7-40f7-9dcc-77e02e5bfea4-8f14c111,decode,0,0,452715,2,d61968e8-e4aa-43a2-8ca8-85b623ffd1e5_dp1,0
1780280888.2166343,1780280888.2242827,7.648468017578125,chatcmpl-eeb1c3df-9966-45f6-88df-25cfd05bfb5d-b54429ef,decode,0,0,452715,23,d61968e8-e4aa-43a2-8ca8-85b623ffd1e5_dp1,0
1780280888.2764544,1780280888.285139,8.684635162353516,chatcmpl-cb1736dd-417b-4ce1-99af-93dae57ad570-bda29c87,decode,0,0,452715,17,d61968e8-e4aa-43a2-8ca8-85b623ffd1e5_dp1,0
1780280888.3311257,1780280888.3345644,3.438711166381836,chatcmpl-c13360d4-b4d8-4140-894a-0558ed8784aa-be515ac7,decode,0,0,452715,9,d61968e8-e4aa-43a2-8ca8-85b623ffd1e5_dp1,0
1780280888.3968706,1780280888.3973053,0.43463706970214844,chatcmpl-9641b8ff-b396-4374-9346-ed84d9086bba-8f498fb1,decode,0,0,452715,2,d61968e8-e4aa-43a2-8ca8-85b623ffd1e5_dp0,0
1780280888.601837,1780280888.6022336,0.396728515625,chatcmpl-ebbcc083-e73e-4da0-922f-8530c8ea916a-87a5de16,decode,0,0,452715,1,d61968e8-e4aa-43a2-8ca8-85b623ffd1e5_dp0,0
1780280888.7246172,1780280888.7250197,0.4024505615234375,chatcmpl-a8cdfd80-d78b-4b20-9afa-c5c275a9f341-b6517e0c,decode,0,0,452715,2,d61968e8-e4aa-43a2-8ca8-85b623ffd1e5_dp0,0
1780280889.0178049,1780280889.0182433,0.43845176696777344,chatcmpl-062d10cd-11f6-44c9-babe-f3551b3d8646-84477ac6,decode,0,0,452715,3,d61968e8-e4aa-43a2-8ca8-85b623ffd1e5_dp1,0
1780280889.2372186,1780280889.2375615,0.3428459167480469,chatcmpl-6be38a19-98a0-45c8-a020-8ea65eedfd96-ade6403d,decode,0,0,452715,4,d61968e8-e4aa-43a2-8ca8-85b623ffd1e5_dp1,0
1780280889.3696184,1780280889.369994,0.37550926208496094,chatcmpl-7bfdd73c-937d-4f18-b7fa-5590e1f32c61-88f7a044,decode,0,0,452715,2,d61968e8-e4aa-43a2-8ca8-85b623ffd1e5_dp1,0
1780280889.4183197,1780280889.4186685,0.34880638122558594,chatcmpl-1b008403-0869-4dfe-accd-5c6e56bc2da6-9b08b454,decode,0,0,452715,2,d61968e8-e4aa-43a2-8ca8-85b623ffd1e5_dp1,0
1780280889.5070333,1780280889.5144296,7.396221160888672,chatcmpl-2e3ce364-3772-4467-a65f-b97dba26177b-aa003501,decode,0,0,452715,5,d61968e8-e4aa-43a2-8ca8-85b623ffd1e5_dp1,0
1780280889.5654776,1780280889.5658715,0.39386749267578125,chatcmpl-3698a68f-d3f7-449e-a735-ad433c4d1e22-8e678e73,decode,0,0,452715,3,d61968e8-e4aa-43a2-8ca8-85b623ffd1e5_dp1,0
1780280889.677528,1780280889.6964293,18.901348114013672,chatcmpl-3235e793-bc3b-487f-a80c-b6979a54663b-989aca7e,decode,0,0,452715,39,d61968e8-e4aa-43a2-8ca8-85b623ffd1e5_dp0,0
1780280889.7131164,1780280889.7135012,0.3848075866699219,chatcmpl-cd687bae-de7b-4487-992d-7bfe70ff39cb-af4f783a,decode,0,0,452715,5,d61968e8-e4aa-43a2-8ca8-85b623ffd1e5_dp0,0
1780280889.8594449,1780280889.859781,0.3361701965332031,chatcmpl-a2202b7f-da8f-42d8-8461-dd5573789b7c-87aa88ca,decode,0,0,452715,4,d61968e8-e4aa-43a2-8ca8-85b623ffd1e5_dp1,0
1780280889.9586117,1780280889.981014,22.402286529541016,chatcmpl-ab8d269d-a049-4195-ad63-6931a3bd51bd-b1684ce9,decode,0,0,452715,43,d61968e8-e4aa-43a2-8ca8-85b623ffd1e5_dp1,0
1780280889.9805446,1780280889.9891348,8.590221405029297,chatcmpl-bcd60cc1-71a8-4824-9fab-17cd93860fb3-a5d8f863,decode,0,0,452715,15,d61968e8-e4aa-43a2-8ca8-85b623ffd1e5_dp0,0
1780280890.2117,1780280890.2201073,8.407354354858398,chatcmpl-dbb56b23-70ab-4eaa-9be4-cda3b3f3d20b-8c9afef7,decode,0,0,452715,18,d61968e8-e4aa-43a2-8ca8-85b623ffd1e5_dp0,0
1780280890.3083239,1780280890.3087325,0.4086494445800781,chatcmpl-5d16b16b-1802-4004-932c-5ed2af7d0691-85973198,decode,0,0,452715,2,d61968e8-e4aa-43a2-8ca8-85b623ffd1e5_dp1,0
1780280890.4315288,1780280890.4405127,8.983850479125977,chatcmpl-1a8b7fc2-3798-432d-8075-eef65a61af26-85041987,decode,0,0,452715,14,d61968e8-e4aa-43a2-8ca8-85b623ffd1e5_dp0,0
1780280890.454812,1780280890.4551957,0.38361549377441406,chatcmpl-bd38feb6-ce6d-448f-8d44-b72a03b08da5-bc23d211,decode,0,0,452715,2,d61968e8-e4aa-43a2-8ca8-85b623ffd1e5_dp0,0
1780280890.5636778,1780280890.5641804,0.5025863647460938,chatcmpl-f9d5144c-6473-47a0-8417-91e00a895a44-99ab74a2,decode,0,0,452715,2,d61968e8-e4aa-43a2-8ca8-85b623ffd1e5_dp0,0
1780280890.5777016,1780280890.5984802,20.778656005859375,chatcmpl-3903ceb2-fa97-441b-bbe1-dd60258f32ad-baaf3fe4,decode,0,0,452715,28,d61968e8-e4aa-43a2-8ca8-85b623ffd1e5_dp1,0
1780280890.6793296,1780280890.696529,17.199277877807617,chatcmpl-5ad16ebd-190d-43fa-ab5c-5ad21d776e6b-b247000d,decode,0,0,452715,51,d61968e8-e4aa-43a2-8ca8-85b623ffd1e5_dp1,0
1780280890.6961772,1780280890.696552,0.37479400634765625,chatcmpl-eae30107-c6a5-45b1-9d87-e43d6e0ade9d-a9eec591,decode,0,0,452715,2,d61968e8-e4aa-43a2-8ca8-85b623ffd1e5_dp1,0
1780280890.7241974,1780280890.7321084,7.910966873168945,chatcmpl-42b8d9ce-136e-4122-b480-523a710ae1c7-a5c166be,decode,0,0,452715,17,d61968e8-e4aa-43a2-8ca8-85b623ffd1e5_dp0,0
1780280890.9857285,1780280890.9982166,12.488126754760742,chatcmpl-50f40219-90f2-48e9-934d-5cbd6fb2c938-a605be6b,decode,0,0,452715,19,d61968e8-e4aa-43a2-8ca8-85b623ffd1e5_dp0,0
1780280890.9977698,1780280891.0065696,8.79979133605957,chatcmpl-275d4917-7270-4f58-8cb9-8ec076b60fb5-80e8ad71,decode,0,0,452715,16,d61968e8-e4aa-43a2-8ca8-85b623ffd1e5_dp1,0
1780280891.0233884,1780280891.0237732,0.3848075866699219,chatcmpl-0fc7e6ec-66ef-4d8c-a573-5490672ef036-abf102fa,decode,0,0,452715,4,d61968e8-e4aa-43a2-8ca8-85b623ffd1e5_dp0,0
1780280891.033975,1780280891.0343144,0.339508056640625,chatcmpl-41c0c00e-9043-49e1-836e-674c7ebeb160-bb815158,decode,0,0,452715,2,d61968e8-e4aa-43a2-8ca8-85b623ffd1e5_dp1,0
1780280891.278638,1780280891.2824657,3.827810287475586,chatcmpl-ebaa2eaf-3495-4f8a-9740-1fddb4a4650c-8609fb18,decode,0,0,452715,9,d61968e8-e4aa-43a2-8ca8-85b623ffd1e5_dp0,0
1780280891.3850763,1780280891.3942406,9.16433334350586,chatcmpl-d7bc0b60-db49-4830-841b-0429bd0b0b56-aa1874dd,decode,0,0,452715,13,d61968e8-e4aa-43a2-8ca8-85b623ffd1e5_dp1,0
1780280891.5213776,1780280891.5217497,0.37217140197753906,chatcmpl-d0fe3003-5b63-4fab-bf34-32eed2cf7b26-87336690,decode,0,0,452715,2,d61968e8-e4aa-43a2-8ca8-85b623ffd1e5_dp0,0
1780280891.62156,1780280891.6306374,9.077310562133789,chatcmpl-af91cc0a-db59-4301-a873-8e86cbc9658a-8523ccc5,decode,0,0,452715,15,d61968e8-e4aa-43a2-8ca8-85b623ffd1e5_dp0,0
1780280891.6596732,1780280891.668031,8.357763290405273,chatcmpl-57cc31b7-123b-4d52-9ee6-fda8c71ce127-99379b0a,decode,0,0,452715,21,d61968e8-e4aa-43a2-8ca8-85b623ffd1e5_dp1,0
1780280891.798713,1780280891.7990758,0.3628730773925781,chatcmpl-1bc9f00f-b6a6-475b-b3d7-adc90f382c65-977a6a8d,decode,0,0,452715,5,d61968e8-e4aa-43a2-8ca8-85b623ffd1e5_dp1,0
1780280891.8489485,1780280891.84937,0.4215240478515625,chatcmpl-34d56d83-3c44-4d6a-8100-efd2cd8eaedc-9295fdf8,decode,0,0,452715,5,d61968e8-e4aa-43a2-8ca8-85b623ffd1e5_dp1,0
1780280891.9099567,1780280891.9185212,8.564472198486328,chatcmpl-a7b375b8-ac9a-4844-837c-934df7bc4b2d-a71cc17e,decode,0,0,452715,24,d61968e8-e4aa-43a2-8ca8-85b623ffd1e5_dp1,0
1780280891.9589388,1780280891.9680507,9.111881256103516,chatcmpl-73e7718e-9934-4498-8b8c-951b68cf3106-8e0ed747,decode,0,0,452715,15,d61968e8-e4aa-43a2-8ca8-85b623ffd1e5_dp0,0
1780280892.020637,1780280892.020971,0.33402442932128906,chatcmpl-7c6c036c-6d0d-417f-9391-a810da7ff9ec-a06f3801,decode,0,0,452715,2,d61968e8-e4aa-43a2-8ca8-85b623ffd1e5_dp0,0
1780280892.1082623,1780280892.1086211,0.35881996154785156,chatcmpl-b2b54798-ac7f-4af2-9a86-0f45650aaa51-97687534,decode,0,0,452715,2,d61968e8-e4aa-43a2-8ca8-85b623ffd1e5_dp1,0
1780280892.172475,1780280892.1811068,8.631706237792969,chatcmpl-19ba9eea-2807-40c2-847a-a300b0563da2-afda43e6,decode,0,0,452715,22,d61968e8-e4aa-43a2-8ca8-85b623ffd1e5_dp0,0
1780280892.1960757,1780280892.1964214,0.3457069396972656,chatcmpl-44af6fcc-82ea-404d-88e7-a9db1c468374-9cbdeae5,decode,0,0,452715,2,d61968e8-e4aa-43a2-8ca8-85b623ffd1e5_dp0,0
1780280892.2973523,1780280892.3264847,29.132366180419922,chatcmpl-90a9eea4-6375-4f58-b959-1e5e1ed9bd2d-9e73fb84,decode,0,0,452715,45,d61968e8-e4aa-43a2-8ca8-85b623ffd1e5_dp0,0
1780280892.3202364,1780280892.3265123,6.27589225769043,chatcmpl-d0ed7cd4-32d8-471b-ae48-9e34a4431d10-87de9d4d,decode,0,0,452715,7,d61968e8-e4aa-43a2-8ca8-85b623ffd1e5_dp1,0
1780280892.3261306,1780280892.3300822,3.951549530029297,chatcmpl-b04274b8-5595-49a2-800f-a1a5650830a0-b174d32f,decode,0,0,452715,17,d61968e8-e4aa-43a2-8ca8-85b623ffd1e5_dp0,0
1780280892.3697379,1780280892.379611,9.873151779174805,chatcmpl-8d8a216d-59d1-4021-8e68-efd4208bcf1e-9696dce6,decode,0,0,452715,11,d61968e8-e4aa-43a2-8ca8-85b623ffd1e5_dp0,0
1780280892.4858205,1780280892.5073469,21.526336669921875,chatcmpl-5c3c84ab-fdca-4d72-b91b-512f32c42cbf-a52380e2,decode,0,0,452715,41,d61968e8-e4aa-43a2-8ca8-85b623ffd1e5_dp0,0
1780280892.5069299,1780280892.517219,10.289192199707031,chatcmpl-c2556d40-c29f-4f6f-9265-e396ea1db70a-85b29e75,decode,0,0,452715,2,d61968e8-e4aa-43a2-8ca8-85b623ffd1e5_dp0,0
1780280892.6229107,1780280892.638149,15.238285064697266,chatcmpl-e647ee7d-2287-4215-b88a-a633ec834de4-912a5ae6,decode,0,0,452715,5,d61968e8-e4aa-43a2-8ca8-85b623ffd1e5_dp1,0
1780280892.6914845,1780280892.6919057,0.42128562927246094,chatcmpl-39479a0e-07eb-4a19-bb10-ef63e227bf55-beee76ba,decode,0,0,452715,3,d61968e8-e4aa-43a2-8ca8-85b623ffd1e5_dp1,0
1780280892.938455,1780280892.9388914,0.4363059997558594,chatcmpl-fa9ba93b-11da-4b75-9310-5c354400d886-9e9f6443,decode,0,0,452715,3,d61968e8-e4aa-43a2-8ca8-85b623ffd1e5_dp1,0
1780280893.0152304,1780280893.0373273,22.096872329711914,chatcmpl-46ce6564-27eb-4ad0-a74e-609e28778b61-9259bdc6,decode,0,0,452715,41,d61968e8-e4aa-43a2-8ca8-85b623ffd1e5_dp0,0
1780280893.0369456,1780280893.0373507,0.4050731658935547,chatcmpl-4a576512-8833-467d-9b3b-a23603b5e227-856ecaa1,decode,0,0,452715,2,d61968e8-e4aa-43a2-8ca8-85b623ffd1e5_dp0,0
1780280893.1866379,1780280893.1869972,0.3592967987060547,chatcmpl-dbeda7e4-4ecd-4539-a088-aeaaef6fa0d8-81285156,decode,0,0,452715,3,d61968e8-e4aa-43a2-8ca8-85b623ffd1e5_dp0,0
1780280893.2623327,1780280893.281967,19.634246826171875,chatcmpl-0f478a47-cdd5-4dcc-abdc-46c75db9e634-8bc47de2,decode,0,0,452715,43,d61968e8-e4aa-43a2-8ca8-85b623ffd1e5_dp1,0
1780280893.3726447,1780280893.3819675,9.322881698608398,chatcmpl-eb8cec7c-fab0-4762-8be3-bdb8452c4830-946b4a07,decode,0,0,452715,14,d61968e8-e4aa-43a2-8ca8-85b623ffd1e5_dp0,0
1780280893.5601733,1780280893.5607133,0.5400180816650391,chatcmpl-b46b3a92-5e1c-448b-a0ed-42a5e2a2a935-89fec889,decode,0,0,452715,2,d61968e8-e4aa-43a2-8ca8-85b623ffd1e5_dp1,0
1780280893.8401396,1780280893.8405757,0.4360675811767578,chatcmpl-a178e928-49c5-4035-be2c-e7ccdfd4fae9-86ec5ddd,decode,0,0,452715,1,d61968e8-e4aa-43a2-8ca8-85b623ffd1e5_dp0,0
1780280894.0296905,1780280894.050521,20.830392837524414,chatcmpl-d8fa5b80-e16a-4b62-87b1-f5c678d79c4e-bd7d75fe,decode,0,0,452715,50,d61968e8-e4aa-43a2-8ca8-85b623ffd1e5_dp0,0
1780280894.05013,1780280894.0505326,0.40268898010253906,chatcmpl-2d669db0-f1ce-4133-8f95-d2b9dd94753b-b6eb1a6d,decode,0,0,452715,5,d61968e8-e4aa-43a2-8ca8-85b623ffd1e5_dp0,0
1780280894.096998,1780280894.106225,9.22703742980957,chatcmpl-fde85f53-fa0d-4f6a-ad44-d611425c705b-860dd00b,decode,0,0,452715,12,d61968e8-e4aa-43a2-8ca8-85b623ffd1e5_dp1,0
1780280894.2568166,1780280894.2658317,9.015083312988281,chatcmpl-fc098d65-8920-45b2-9188-9cdfdedd552f-bf99f910,decode,0,0,452715,20,d61968e8-e4aa-43a2-8ca8-85b623ffd1e5_dp0,0
1780280894.4332745,1780280894.4402077,6.9332122802734375,chatcmpl-7acf688f-561b-4dc0-b45d-73740eb4eabd-b6aead71,decode,0,0,452715,5,d61968e8-e4aa-43a2-8ca8-85b623ffd1e5_dp0,0
1780280894.5922804,1780280894.592647,0.3666877746582031,chatcmpl-41d9e84f-7f0d-4c56-afb3-a268703bc929-b6a419c4,decode,0,0,452715,2,d61968e8-e4aa-43a2-8ca8-85b623ffd1e5_dp1,0
1780280894.7677677,1780280894.7757492,7.981538772583008,chatcmpl-d7f88b75-d264-467e-bc05-4d4dfc4e0a85-a2294ca5,decode,0,0,452715,22,d61968e8-e4aa-43a2-8ca8-85b623ffd1e5_dp0,0
1780280894.8948145,1780280894.8951635,0.3490447998046875,chatcmpl-4a81b248-faa1-4239-9288-9f86271832c4-b4f61595,decode,0,0,452715,7,d61968e8-e4aa-43a2-8ca8-85b623ffd1e5_dp1,0
1780280895.0829232,1780280895.0864203,3.4971237182617188,chatcmpl-967437c2-d782-48e9-ba1d-9392192ac0f8-b8735ff8,decode,0,0,452715,10,d61968e8-e4aa-43a2-8ca8-85b623ffd1e5_dp1,0
1780280895.1258385,1780280895.1262789,0.44035911560058594,chatcmpl-094b7ffc-3bd4-4987-bf26-d16ae384875c-bae947d5,decode,0,0,452715,3,d61968e8-e4aa-43a2-8ca8-85b623ffd1e5_dp0,0
1780280895.259908,1780280895.2602603,0.3523826599121094,chatcmpl-bd6190be-c6fe-4068-b3d8-ada5e65e0220-878a0d12,decode,0,0,452715,1,d61968e8-e4aa-43a2-8ca8-85b623ffd1e5_dp1,0
1780280895.3779578,1780280895.3785734,0.6155967712402344,chatcmpl-08004fd4-b9fa-4a4b-a6c4-ca7389203cdd-9ab52ffe,decode,0,0,452715,6,d61968e8-e4aa-43a2-8ca8-85b623ffd1e5_dp0,0
1780280895.4900985,1780280895.5088634,18.764972686767578,chatcmpl-2ed865bc-681d-4fc8-862c-cde59226811a-8a736216,decode,0,0,452715,44,d61968e8-e4aa-43a2-8ca8-85b623ffd1e5_dp0,0
1780280895.6124973,1780280895.6388702,26.372909545898438,chatcmpl-d5b169a6-575f-4430-80c5-28544a73bd78-90c47057,decode,0,0,452715,16,d61968e8-e4aa-43a2-8ca8-85b623ffd1e5_dp1,0
1780280895.6545897,1780280895.663516,8.9263916015625,chatcmpl-539a9d8d-8637-44f0-b29d-7b42be89cee0-a6a3b8f7,decode,0,0,452715,21,d61968e8-e4aa-43a2-8ca8-85b623ffd1e5_dp0,0
1780280895.719165,1780280895.738414,19.24896240234375,chatcmpl-4d34f960-10a9-4e59-ae8f-f3db08e7911c-ba35835d,decode,0,0,452715,34,d61968e8-e4aa-43a2-8ca8-85b623ffd1e5_dp0,0
1780280895.792007,1780280895.8009279,8.920907974243164,chatcmpl-87a6aa6e-ea0d-4250-9d05-718fcd9fc95f-8ff5f156,decode,0,0,452715,18,d61968e8-e4aa-43a2-8ca8-85b623ffd1e5_dp0,0
1780280895.991133,1780280896.0110292,19.896268844604492,chatcmpl-6d7eed45-3524-4b3f-a395-257a6baec8b3-a387b08e,decode,0,0,452715,33,d61968e8-e4aa-43a2-8ca8-85b623ffd1e5_dp1,0
1780280896.0266402,1780280896.0270274,0.3871917724609375,chatcmpl-c2f29fc8-b73d-4a13-81b0-843fe8365205-a9184d01,decode,0,0,452715,3,d61968e8-e4aa-43a2-8ca8-85b623ffd1e5_dp1,0
1780280896.1391964,1780280896.1480334,8.836984634399414,chatcmpl-006f222a-c86c-4ed8-b63f-1508890ca568-80f34481,decode,0,0,452715,16,d61968e8-e4aa-43a2-8ca8-85b623ffd1e5_dp0,0
1780280896.2383761,1780280896.238791,0.41484832763671875,chatcmpl-df991ceb-9467-45a5-9277-51fe4709da76-9cdc633b,decode,0,0,452715,3,d61968e8-e4aa-43a2-8ca8-85b623ffd1e5_dp1,0
1780280896.318037,1780280896.3216572,3.620147705078125,chatcmpl-9d7fa8ab-093c-409f-931a-baeb909f1b91-bf6e0471,decode,0,0,452715,9,d61968e8-e4aa-43a2-8ca8-85b623ffd1e5_dp1,0
1780280896.3595936,1780280896.3600125,0.4189014434814453,chatcmpl-aedaf2d4-3b65-4eb3-8327-28d810fc3a07-9e803c5e,decode,0,0,452715,2,d61968e8-e4aa-43a2-8ca8-85b623ffd1e5_dp0,0
1780280896.4102862,1780280896.418679,8.392810821533203,chatcmpl-e5709ce8-40a0-4f28-8c7e-4002e91375bb-99a3ccca,decode,0,0,452715,25,d61968e8-e4aa-43a2-8ca8-85b623ffd1e5_dp0,0
1780280896.485267,1780280896.5053935,20.1265811920166,chatcmpl-ffe558c8-dede-4bd3-90b7-5fb58f60ce07-871375a2,decode,0,0,452715,26,d61968e8-e4aa-43a2-8ca8-85b623ffd1e5_dp0,0
1780280896.5269423,1780280896.5274925,0.5502700805664062,chatcmpl-636551d8-061d-4e5f-abc8-3b93fd7c3365-b8dd3ac9,decode,0,0,452715,8,d61968e8-e4aa-43a2-8ca8-85b623ffd1e5_dp0,0
1780280896.6231751,1780280896.6473982,24.22308921813965,chatcmpl-3adc4cac-40ef-4451-8e0c-fce3dbf603d4-a653b9a8,decode,0,0,452715,39,d61968e8-e4aa-43a2-8ca8-85b623ffd1e5_dp0,0
1780280896.6469812,1780280896.6474106,0.42939186096191406,chatcmpl-c5138da2-d209-47a2-b9fe-d044dafa2d35-9aafe892,decode,0,0,452715,5,d61968e8-e4aa-43a2-8ca8-85b623ffd1e5_dp1,0
1780280896.7197864,1780280896.7201793,0.392913818359375,chatcmpl-fa3195e2-8948-4a62-aa58-c075057d8a79-8d51fac2,decode,0,0,452715,3,d61968e8-e4aa-43a2-8ca8-85b623ffd1e5_dp0,0
1780280897.0474422,1780280897.0656793,18.23711395263672,chatcmpl-8828adf8-2e5e-470a-aafd-e3b46da5b6f5-84a69e39,decode,0,0,452715,35,d61968e8-e4aa-43a2-8ca8-85b623ffd1e5_dp1,0
1780280897.1270242,1780280897.1273844,0.36025047302246094,chatcmpl-8e6c4629-a2c3-42bc-a2bf-d3800dda1f25-85747725,decode,0,0,452715,1,d61968e8-e4aa-43a2-8ca8-85b623ffd1e5_dp1,0
1780280897.216022,1780280897.2165167,0.4947185516357422,chatcmpl-358a0627-7475-4b8a-aec0-62e0916bb6e9-992f0736,decode,0,0,452715,3,d61968e8-e4aa-43a2-8ca8-85b623ffd1e5_dp1,0
1780280897.2512527,1780280897.25432,3.0672550201416016,chatcmpl-53ecc598-e539-403a-8a32-37912fa828f5-a2222056,decode,0,0,452715,2,d61968e8-e4aa-43a2-8ca8-85b623ffd1e5_dp0,0
1780280897.253918,1780280897.254331,0.4131793975830078,chatcmpl-651e2173-221e-472b-98b0-31f130bda78b-8a624dde,decode,0,0,452715,2,d61968e8-e4aa-43a2-8ca8-85b623ffd1e5_dp1,0
1780280897.3131516,1780280897.3135157,0.36406517028808594,chatcmpl-e9eb3050-82b1-40d8-9c2a-f6798d2a2cb6-ba2ed32d,decode,0,0,452715,2,d61968e8-e4aa-43a2-8ca8-85b623ffd1e5_dp1,0
1780280897.463843,1780280897.4641862,0.34308433532714844,chatcmpl-da5c0ec3-d1d0-4bde-9354-5e02244af5f1-8b1d6828,decode,0,0,452715,4,d61968e8-e4aa-43a2-8ca8-85b623ffd1e5_dp1,0
1780280897.6116228,1780280897.6219654,10.342597961425781,chatcmpl-1549ef2e-c595-4614-a690-e5afa560e93c-a62686b2,decode,0,0,452715,2,d61968e8-e4aa-43a2-8ca8-85b623ffd1e5_dp0,0
1780280897.6410882,1780280897.6415026,0.4143714904785156,chatcmpl-3708e21f-7d21-4ecc-8209-0758032e74cb-b6ab4490,decode,0,0,452715,8,d61968e8-e4aa-43a2-8ca8-85b623ffd1e5_dp0,0
1780280897.71884,1780280897.7342806,15.440702438354492,chatcmpl-5a57ae94-b55d-4218-a283-532f5fbce398-89f80d9f,decode,0,0,452715,45,d61968e8-e4aa-43a2-8ca8-85b623ffd1e5_dp1,0
1780280898.0297537,1780280898.0299728,0.21910667419433594,chatcmpl-532e023f-a073-4650-b98f-865838112441-bf770e6b,decode,0,0,452715,10,d61968e8-e4aa-43a2-8ca8-85b623ffd1e5_dp0,0
1780280898.1586862,1780280898.1590388,0.35262107849121094,chatcmpl-3d26164a-acf8-43ea-b86d-143ce3a75d5b-9e228dcc,decode,0,0,452715,2,d61968e8-e4aa-43a2-8ca8-85b623ffd1e5_dp0,0
1780280898.3458633,1780280898.369711,23.847579956054688,chatcmpl-fd62b97c-8515-4ce6-8d08-dcf3e5ee979b-977bb6e8,decode,0,0,452715,32,d61968e8-e4aa-43a2-8ca8-85b623ffd1e5_dp0,0
1780280898.3692894,1780280898.369723,0.4336833953857422,chatcmpl-fafb7714-1362-46a8-9b17-e45afada3e70-b79e0999,decode,0,0,452715,4,d61968e8-e4aa-43a2-8ca8-85b623ffd1e5_dp0,0
1780280898.6159852,1780280898.6165712,0.5860328674316406,chatcmpl-4ad2d093-6758-4441-a63c-638fbbecee11-8403974b,decode,0,0,452715,4,d61968e8-e4aa-43a2-8ca8-85b623ffd1e5_dp1,0
1780280898.6751723,1780280898.675686,0.5135536193847656,chatcmpl-b77999d4-6119-485a-b919-eeef96ebd147-a0761d1e,decode,0,0,452715,2,d61968e8-e4aa-43a2-8ca8-85b623ffd1e5_dp0,0
1780280898.6868389,1780280898.687257,0.4181861877441406,chatcmpl-f47aca07-b998-42e5-8dfc-0ccf7f3d8d37-86ad57c6,decode,0,0,452715,2,d61968e8-e4aa-43a2-8ca8-85b623ffd1e5_dp1,0
1780280898.7631106,1780280898.7722871,9.176492691040039,chatcmpl-e133750f-1c71-49ec-be21-22eaf33ffdcb-9b3b3866,decode,0,0,452715,21,d61968e8-e4aa-43a2-8ca8-85b623ffd1e5_dp0,0
1780280898.8982267,1780280898.9067519,8.52513313293457,chatcmpl-c88ce276-c8b0-4131-8933-cb38c5088f39-b01b1537,decode,0,0,452715,16,d61968e8-e4aa-43a2-8ca8-85b623ffd1e5_dp1,0
1780280898.9231346,1780280898.9434478,20.313262939453125,chatcmpl-944c56e5-f56e-401a-9de9-20b11eff16f6-9c56e228,decode,0,0,452715,26,d61968e8-e4aa-43a2-8ca8-85b623ffd1e5_dp0,0
1780280898.9347706,1780280898.94351,8.739471435546875,chatcmpl-e4ade56a-c960-4d74-a84d-90d1df3632fe-8b5023f0,decode,0,0,452715,15,d61968e8-e4aa-43a2-8ca8-85b623ffd1e5_dp1,0
1780280898.9735196,1780280898.9801702,6.650686264038086,chatcmpl-30d720fb-e9f1-4250-af1c-94cb19f44c20-8bc1b243,decode,0,0,452715,5,d61968e8-e4aa-43a2-8ca8-85b623ffd1e5_dp0,0
1780280899.04522,1780280899.0539477,8.727788925170898,chatcmpl-89ae057e-2b85-4cdb-a673-ca7f6286ff52-b030a1ba,decode,0,0,452715,16,d61968e8-e4aa-43a2-8ca8-85b623ffd1e5_dp1,0
1780280899.1774502,1780280899.1778414,0.39124488830566406,chatcmpl-56110132-8621-47fb-b6be-677b4f566a3e-b530301b,decode,0,0,452715,1,d61968e8-e4aa-43a2-8ca8-85b623ffd1e5_dp1,0
1780280899.205529,1780280899.205896,0.3669261932373047,chatcmpl-053edf76-c102-4d22-bbf0-f6009a40a161-afe19a28,decode,0,0,452715,4,d61968e8-e4aa-43a2-8ca8-85b623ffd1e5_dp1,0
1780280899.2266998,1780280899.2272367,0.5369186401367188,chatcmpl-d01e8242-1a2f-46c2-a9b9-91ebe101dafc-af1709e5,decode,0,0,452715,1,d61968e8-e4aa-43a2-8ca8-85b623ffd1e5_dp0,0
1780280899.2906804,1780280899.2997575,9.077072143554688,chatcmpl-5b6c9f0b-78e0-42f1-9628-fa4f8c10eaae-b4acd3a3,decode,0,0,452715,12,d61968e8-e4aa-43a2-8ca8-85b623ffd1e5_dp0,0
1780280899.3515923,1780280899.3519351,0.3428459167480469,chatcmpl-ce2e3b51-fe0d-4979-84f3-8bd9e11b74fd-8706d2f8,decode,0,0,452715,3,d61968e8-e4aa-43a2-8ca8-85b623ffd1e5_dp0,0
1780280899.452058,1780280899.4668236,14.765501022338867,chatcmpl-3f3676c1-2bc4-4c26-bbc2-78a9b6ae8b10-b5db5550,decode,0,0,452715,50,d61968e8-e4aa-43a2-8ca8-85b623ffd1e5_dp0,0
1780280899.4811578,1780280899.4857194,4.561662673950195,chatcmpl-3928ea3e-c203-4ca3-b3e4-a847eb85e423-b900a990,decode,0,0,452715,2,d61968e8-e4aa-43a2-8ca8-85b623ffd1e5_dp0,0
1780280899.4853163,1780280899.5037658,18.44954490661621,chatcmpl-b882fcc7-783a-44b8-851f-be8e16c254cd-a94e8bde,decode,0,0,452715,22,d61968e8-e4aa-43a2-8ca8-85b623ffd1e5_dp0,0
1780280899.5567837,1780280899.5789297,22.145986557006836,chatcmpl-23fa79c0-c771-4d4a-ac4e-786274462386-aea2e6b8,decode,0,0,452715,17,d61968e8-e4aa-43a2-8ca8-85b623ffd1e5_dp1,0
1780280899.5785654,1780280899.5789423,0.3769397735595703,chatcmpl-9d94484b-0060-4c04-89d1-87aeea55fa0a-95a224bf,decode,0,0,452715,3,d61968e8-e4aa-43a2-8ca8-85b623ffd1e5_dp1,0
1780280899.7880523,1780280899.7884355,0.38313865661621094,chatcmpl-d89668e6-b07e-4159-8835-a49cacffb64f-9cba5605,decode,0,0,452715,2,d61968e8-e4aa-43a2-8ca8-85b623ffd1e5_dp0,0
1780280900.0122397,1780280900.0125806,0.3409385681152344,chatcmpl-fc6ee3b0-99cd-4e9c-a155-4bac313facf2-92258f3f,decode,0,0,452715,3,d61968e8-e4aa-43a2-8ca8-85b623ffd1e5_dp0,0
1780280900.1564424,1780280900.1568296,0.3871917724609375,chatcmpl-4d80ec74-19f0-43a1-8db7-4391391e1af9-8754646c,decode,0,0,452715,2,d61968e8-e4aa-43a2-8ca8-85b623ffd1e5_dp1,0
1780280900.2704902,1780280900.2865574,16.0672664642334,chatcmpl-1cca0084-83fa-4ff3-867f-cf70291797ee-a5619209,decode,0,0,452715,49,d61968e8-e4aa-43a2-8ca8-85b623ffd1e5_dp0,0
1780280900.2860253,1780280900.2982485,12.223243713378906,chatcmpl-bd3a58b8-0cdb-4ec6-a9ef-314fefab4fa0-97beb948,decode,0,0,452715,1,d61968e8-e4aa-43a2-8ca8-85b623ffd1e5_dp0,0
1780280900.3773546,1780280900.3860767,8.722066879272461,chatcmpl-14e22d4f-6057-4612-9be9-4b5b41222ed8-99296f27,decode,0,0,452715,23,d61968e8-e4aa-43a2-8ca8-85b623ffd1e5_dp0,0
1780280900.405359,1780280900.4057198,0.36072731018066406,chatcmpl-12068b2a-770e-472a-8c12-266462696786-8b58488a,decode,0,0,452715,8,d61968e8-e4aa-43a2-8ca8-85b623ffd1e5_dp1,0
1780280900.4776263,1780280900.4972785,19.652128219604492,chatcmpl-12dbd8fc-4e4c-4225-bd97-3332dd363973-815f98ee,decode,0,0,452715,41,d61968e8-e4aa-43a2-8ca8-85b623ffd1e5_dp0,0
1780280900.5651739,1780280900.5841026,18.92876625061035,chatcmpl-adcc1d0b-a6ba-4f01-a247-33e2213d8687-b1055c01,decode,0,0,452715,34,d61968e8-e4aa-43a2-8ca8-85b623ffd1e5_dp0,0
1780280900.6136417,1780280900.613984,0.34236907958984375,chatcmpl-21c81e6e-9a9f-4979-8201-ccb70656dac5-b6705ed3,decode,0,0,452715,5,d61968e8-e4aa-43a2-8ca8-85b623ffd1e5_dp0,0
1780280900.8112,1780280900.8115427,0.3428459167480469,chatcmpl-af199d68-7c29-4461-99ba-d3125dd51683-a89049c9,decode,0,0,452715,3,d61968e8-e4aa-43a2-8ca8-85b623ffd1e5_dp0,0
1780280900.8249476,1780280900.833607,8.65936279296875,chatcmpl-edcc224b-13de-4f82-8386-3499012cf3b2-af7efb80,decode,0,0,452715,13,d61968e8-e4aa-43a2-8ca8-85b623ffd1e5_dp1,0
1780280900.9495769,1780280900.9576066,8.029699325561523,chatcmpl-b47c4bfa-4b67-4b49-999b-ab82800462b4-86821731,decode,0,0,452715,19,d61968e8-e4aa-43a2-8ca8-85b623ffd1e5_dp1,0
1780280901.0849316,1780280901.0852811,0.3495216369628906,chatcmpl-11c9b1fd-b99a-4ef4-a251-a7ff6c24fa0e-8d16394b,decode,0,0,452715,2,d61968e8-e4aa-43a2-8ca8-85b623ffd1e5_dp0,0
1780280901.0963454,1780280901.1073115,10.966062545776367,chatcmpl-839830b8-c4ae-4057-8bbf-d4268a423ffd-bd87391f,decode,0,0,452715,2,d61968e8-e4aa-43a2-8ca8-85b623ffd1e5_dp0,0
1780280901.1494398,1780280901.1497767,0.3368854522705078,chatcmpl-f1fc35df-948f-4e58-8c2b-ad2c80888be1-93ab99c3,decode,0,0,452715,5,d61968e8-e4aa-43a2-8ca8-85b623ffd1e5_dp0,0
1780280901.1820412,1780280901.1825488,0.5075931549072266,chatcmpl-77a7467e-61e3-4085-afd8-9a2c1c026e48-b861d8f7,decode,0,0,452715,1,d61968e8-e4aa-43a2-8ca8-85b623ffd1e5_dp1,0
1780280901.4293082,1780280901.4485767,19.268512725830078,chatcmpl-a5fc817f-e4f2-487f-921b-993f16a0cdc7-a2333dc6,decode,0,0,452715,34,d61968e8-e4aa-43a2-8ca8-85b623ffd1e5_dp1,0
1780280901.7136638,1780280901.7140517,0.3879070281982422,chatcmpl-4a6f46c4-ae31-4bf3-9eec-855cedd5e704-a76d5e89,decode,0,0,452715,1,d61968e8-e4aa-43a2-8ca8-85b623ffd1e5_dp0,0
1780280901.7669363,1780280901.7673297,0.3933906555175781,chatcmpl-15c0b9a8-f928-4a51-b5e8-14395fe7fc41-a42f446e,decode,0,0,452715,4,d61968e8-e4aa-43a2-8ca8-85b623ffd1e5_dp1,0
1780280901.8954058,1780280901.905652,10.24627685546875,chatcmpl-add774ea-022a-4677-bd1f-fb8ad0658fab-ac8c67a0,decode,0,0,452715,2,d61968e8-e4aa-43a2-8ca8-85b623ffd1e5_dp1,0
1780280901.9858356,1780280901.993246,7.410526275634766,chatcmpl-59a569ee-88a1-4a29-8ea4-2c9ab83bdd94-80795344,decode,0,0,452715,20,d61968e8-e4aa-43a2-8ca8-85b623ffd1e5_dp1,0
1780280902.0724,1780280902.0779288,5.528688430786133,chatcmpl-59314bfa-953e-42cf-ac85-b87e71895173-97ecea33,decode,0,0,452715,46,d61968e8-e4aa-43a2-8ca8-85b623ffd1e5_dp0,0
1780280902.0738113,1780280902.0891016,15.290260314941406,chatcmpl-74a6ffe2-d87d-476b-81bb-5c5dbe9be379-9dcd241c,decode,0,0,452715,2,d61968e8-e4aa-43a2-8ca8-85b623ffd1e5_dp0,0
1780280902.1711674,1780280902.1715362,0.3688335418701172,chatcmpl-ac779579-f10c-44c6-be60-a5f7ed27ab6d-b3feb773,decode,0,0,452715,2,d61968e8-e4aa-43a2-8ca8-85b623ffd1e5_dp0,0
1780280902.3068156,1780280902.322645,15.829324722290039,chatcmpl-872e6443-443f-4510-81ea-ed7f3f9cdd4a-812e009d,decode,0,0,452715,62,d61968e8-e4aa-43a2-8ca8-85b623ffd1e5_dp1,0
1780280902.4002523,1780280902.4006493,0.39696693420410156,chatcmpl-bcd362a9-ca30-4c4f-82b2-abfe0b73fb12-86abe9e7,decode,0,0,452715,2,d61968e8-e4aa-43a2-8ca8-85b623ffd1e5_dp1,0
1780280902.420146,1780280902.4204664,0.3204345703125,chatcmpl-56449e46-ae21-4ad5-bbdc-26c43e64ec3c-b76919d8,decode,0,0,452715,10,d61968e8-e4aa-43a2-8ca8-85b623ffd1e5_dp0,0
1780280902.6451662,1780280902.6696177,24.451494216918945,chatcmpl-05e19c9d-a441-4445-bb00-fd0f0864d436-ae78c5c4,decode,0,0,452715,38,d61968e8-e4aa-43a2-8ca8-85b623ffd1e5_dp0,0
1780280902.66917,1780280902.6765199,7.349967956542969,chatcmpl-e579d47d-70e1-49ac-9ade-772626a351e9-b7097dfd,decode,0,0,452715,24,d61968e8-e4aa-43a2-8ca8-85b623ffd1e5_dp0,0
1780280902.7019773,1780280902.702313,0.335693359375,chatcmpl-e456ffb2-bcc7-43bd-9a73-647aaf4191a4-b0e35224,decode,0,0,452715,1,d61968e8-e4aa-43a2-8ca8-85b623ffd1e5_dp0,0
1780280902.7896676,1780280902.7900617,0.3941059112548828,chatcmpl-e30eb066-ec70-4717-9c56-7eb6702693ef-8417e7d4,decode,0,0,452715,1,d61968e8-e4aa-43a2-8ca8-85b623ffd1e5_dp0,0
1780280902.9034362,1780280902.9154313,11.995077133178711,chatcmpl-9d768b6f-ad80-46c3-936b-dba2f4b49c20-8946adb9,decode,0,0,452715,1,d61968e8-e4aa-43a2-8ca8-85b623ffd1e5_dp1,0
1780280903.0151534,1780280903.030782,15.628576278686523,chatcmpl-dfd1bdaf-0e8d-41b2-897c-a2a2f8242f0b-b8a60e77,decode,0,0,452715,46,d61968e8-e4aa-43a2-8ca8-85b623ffd1e5_dp0,0
1780280903.0513988,1780280903.051791,0.3921985626220703,chatcmpl-a19d827e-935d-4d0a-aa64-3696980ccbaa-84470d96,decode,0,0,452715,8,d61968e8-e4aa-43a2-8ca8-85b623ffd1e5_dp0,0
1780280903.2850523,1780280903.3054492,20.396947860717773,chatcmpl-ab8ee3dd-ec53-4725-9dff-e8f4b680925c-87c31062,decode,0,0,452715,28,d61968e8-e4aa-43a2-8ca8-85b623ffd1e5_dp0,0
1780280903.436326,1780280903.4366884,0.362396240234375,chatcmpl-746f8bba-0612-4bfb-adb0-2523fd8d9b44-826644f0,decode,0,0,452715,6,d61968e8-e4aa-43a2-8ca8-85b623ffd1e5_dp0,0
1780280903.7176552,1780280903.7181823,0.5271434783935547,chatcmpl-8b3f5e89-b8df-4c33-bcc6-3e70303fc578-a2b86f9f,decode,0,0,452715,2,d61968e8-e4aa-43a2-8ca8-85b623ffd1e5_dp0,0
1780280903.806608,1780280903.8152027,8.594751358032227,chatcmpl-b835681b-3bb7-40f3-ac2b-fd5f780c12cb-83b9f03f,decode,0,0,452715,18,d61968e8-e4aa-43a2-8ca8-85b623ffd1e5_dp0,0
1780280903.8948803,1780280903.916346,21.465778350830078,chatcmpl-a47c177c-cc8d-453a-bde2-9339ef4b81c3-b974ef8d,decode,0,0,452715,27,d61968e8-e4aa-43a2-8ca8-85b623ffd1e5_dp0,0
1780280903.9159794,1780280903.91636,0.38051605224609375,chatcmpl-7975a6f7-2f10-4fe2-bded-7bce46bba465-99a60f4c,decode,0,0,452715,2,d61968e8-e4aa-43a2-8ca8-85b623ffd1e5_dp0,0
1780280904.0356836,1780280904.0359507,0.26702880859375,chatcmpl-6fbe97af-9288-44e1-96a1-152dc36769dd-84381b74,decode,0,0,452715,9,d61968e8-e4aa-43a2-8ca8-85b623ffd1e5_dp0,0
1780280904.0983524,1780280904.1020799,3.727436065673828,chatcmpl-79b8f12a-6d8b-43db-948a-9fbce4003124-979e62b2,decode,0,0,452715,9,d61968e8-e4aa-43a2-8ca8-85b623ffd1e5_dp0,0
1780280869.2505589,1780280869.3343558,83.79697799682617,chatcmpl-3406912f-76b2-47fe-8bb6-aec86436dada-b0b655dd,decode,1,0,452712,37,d61968e8-e4aa-43a2-8ca8-85b623ffd1e5_dp1,0
1780280869.2594485,1780280869.3343742,74.92566108703613,chatcmpl-b14c51a0-c255-45ef-a2f4-1d64fd63de2b-9ee6cc96,decode,1,0,452712,3,d61968e8-e4aa-43a2-8ca8-85b623ffd1e5_dp1,0
1780280869.2643867,1780280869.3344302,70.04356384277344,chatcmpl-4a7a1c91-2eb1-4b2b-a9c3-fe3db0006cdd-a9440ee0,decode,1,0,452712,20,d61968e8-e4aa-43a2-8ca8-85b623ffd1e5_dp1,0
1780280869.2695837,1780280869.33952,69.93627548217773,chatcmpl-5eb5eab0-0d7f-4530-8ab2-38356f078ac0-9923cadb,decode,1,0,452712,14,d61968e8-e4aa-43a2-8ca8-85b623ffd1e5_dp1,0
1780280869.2806363,1780280869.3446796,64.04328346252441,chatcmpl-d19c633f-10f4-4196-a76a-e5882e0dc49a-8c9c5f20,decode,1,0,452712,4,d61968e8-e4aa-43a2-8ca8-85b623ffd1e5_dp1,0
1780280869.2853196,1780280869.3447294,59.40985679626465,chatcmpl-05316d80-0e82-4548-a9a9-ff55f0aab34e-bc2a0bc7,decode,1,0,452712,2,d61968e8-e4aa-43a2-8ca8-85b623ffd1e5_dp1,0
1780280869.2894988,1780280869.3498192,60.320377349853516,chatcmpl-df4c2144-2f26-4f3f-888c-9a1b03cb61e4-bcfa9769,decode,1,0,452712,2,d61968e8-e4aa-43a2-8ca8-85b623ffd1e5_dp1,0
1780280869.3238826,1780280869.3498325,25.949954986572266,chatcmpl-51651e4a-0bef-410d-8706-b15fbd6cc2b0-bd4d1e83,decode,1,0,452712,12,d61968e8-e4aa-43a2-8ca8-85b623ffd1e5_dp1,0
1780280869.3341823,1780280869.354927,20.744800567626953,chatcmpl-22c5a224-23d1-4314-88c1-ab7a67cef295-b63b9be7,decode,1,0,452712,27,d61968e8-e4aa-43a2-8ca8-85b623ffd1e5_dp1,0
1780280871.1381578,1780280871.1499255,11.76762580871582,chatcmpl-83d72d17-045c-41f6-b309-be000d2b4520-b1dc26c5,decode,1,0,452712,2,d61968e8-e4aa-43a2-8ca8-85b623ffd1e5_dp1,0
1780280871.1419096,1780280871.150291,8.381366729736328,chatcmpl-6f69359f-5b42-4d14-8949-34f08de9198a-95c7a670,decode,1,0,452712,20,d61968e8-e4aa-43a2-8ca8-85b623ffd1e5_dp1,0
1780280871.1491466,1780280871.230142,80.99555969238281,chatcmpl-12c6100a-b17f-4ccf-b9f4-ee947cad7ccb-bb8e80d0,decode,1,0,452712,3,d61968e8-e4aa-43a2-8ca8-85b623ffd1e5_dp1,0
1780280871.19,1780280871.2301633,40.163278579711914,chatcmpl-1a21c041-6489-4cc6-a6f8-81df9d7000a6-b7a12618,decode,1,0,452712,1,d61968e8-e4aa-43a2-8ca8-85b623ffd1e5_dp1,0
1780280871.192073,1780280871.230182,38.10882568359375,chatcmpl-694c2a53-eb07-4edc-ba8a-74be529a1599-a35a7e4d,decode,1,0,452712,2,d61968e8-e4aa-43a2-8ca8-85b623ffd1e5_dp1,0
1780280871.195851,1780280871.2302613,34.41023826599121,chatcmpl-19d43873-63f6-442d-93ed-2ad1c99521bc-bf2295e9,decode,1,0,452712,17,d61968e8-e4aa-43a2-8ca8-85b623ffd1e5_dp1,0
1780280871.2061257,1780280871.2303345,24.208784103393555,chatcmpl-d5c169b8-27f7-40e5-bb34-893cf1887297-8f402c46,decode,1,0,452712,24,d61968e8-e4aa-43a2-8ca8-85b623ffd1e5_dp1,0
1780280871.2258615,1780280871.3127723,86.91072463989258,chatcmpl-04426316-423e-4c98-9854-cfdbcf142221-8ed87f8b,decode,1,0,452712,38,d61968e8-e4aa-43a2-8ca8-85b623ffd1e5_dp1,0
1780280871.3084378,1780280871.3325248,24.086952209472656,chatcmpl-a6ee37d5-c579-4a71-be4d-82b910b7262e-a9f7403f,decode,1,0,452712,38,d61968e8-e4aa-43a2-8ca8-85b623ffd1e5_dp1,0
1780280871.328008,1780280871.3420355,14.027595520019531,chatcmpl-a0fb8d8e-b378-4e2f-b74c-cce0f919b980-955e139b,decode,1,0,452712,15,d61968e8-e4aa-43a2-8ca8-85b623ffd1e5_dp1,0
1780280871.5447216,1780280871.7012215,156.49986267089844,chatcmpl-acf50674-dbf1-4a4f-a9aa-4bcb44a17687-99d35c51,decode,1,0,452712,3,d61968e8-e4aa-43a2-8ca8-85b623ffd1e5_dp0,0
1780280871.5481815,1780280871.701419,153.23758125305176,chatcmpl-dc1dbb7a-b7d3-40df-aa07-5ee1febfe3fc-80a32d06,decode,1,0,452712,12,d61968e8-e4aa-43a2-8ca8-85b623ffd1e5_dp0,0
1780280871.5535102,1780280871.701507,147.9969024658203,chatcmpl-0927c343-eb90-4443-98e1-6f442340aa8d-87e67043,decode,1,0,452712,2,d61968e8-e4aa-43a2-8ca8-85b623ffd1e5_dp0,0
1780280871.5639794,1780280871.701584,137.6047134399414,chatcmpl-41dc38a3-9b66-4378-9798-e6562928b0ec-ae6c71bc,decode,1,0,452712,5,d61968e8-e4aa-43a2-8ca8-85b623ffd1e5_dp0,0
1780280871.5666308,1780280871.7016788,135.04791259765625,chatcmpl-269663bc-75e2-4db6-811a-1b23f6ef0111-b06852ea,decode,1,0,452712,11,d61968e8-e4aa-43a2-8ca8-85b623ffd1e5_dp0,0
1780280871.5750825,1780280871.7017303,126.6477108001709,chatcmpl-caf2d13f-4875-46ef-9f2e-2da258701047-b500434a,decode,1,0,452712,31,d61968e8-e4aa-43a2-8ca8-85b623ffd1e5_dp0,0
1780280871.5894365,1780280871.7018137,112.37716674804688,chatcmpl-2e98484a-ecb5-4247-a04c-3fb6a68a8219-9960ed4b,decode,1,0,452712,3,d61968e8-e4aa-43a2-8ca8-85b623ffd1e5_dp0,0
1780280871.5963147,1780280871.7019,105.58533668518066,chatcmpl-eb7d14e9-e504-46dc-be83-06642b92687a-8a582ac7,decode,1,0,452712,27,d61968e8-e4aa-43a2-8ca8-85b623ffd1e5_dp0,0
1780280871.6106236,1780280871.7019832,91.35961532592773,chatcmpl-21b8e465-bb68-4701-8610-ef7550ef1e26-bf3a6dd4,decode,1,0,452712,23,d61968e8-e4aa-43a2-8ca8-85b623ffd1e5_dp0,0
1780280871.61216,1780280871.7020988,89.93887901306152,chatcmpl-63c19351-cc50-4eba-8392-56a40810df61-aa8411e9,decode,1,0,452712,2,d61968e8-e4aa-43a2-8ca8-85b623ffd1e5_dp0,0
1780280871.6243467,1780280871.7021813,77.8346061706543,chatcmpl-ca2fe020-329d-4c49-b628-c27052387d67-9f678425,decode,1,0,452712,4,d61968e8-e4aa-43a2-8ca8-85b623ffd1e5_dp0,0
1780280871.631316,1780280871.7022257,70.90973854064941,chatcmpl-39782b6a-ed0f-429f-909b-c33c4cd15804-b8fa5353,decode,1,0,452712,18,d61968e8-e4aa-43a2-8ca8-85b623ffd1e5_dp0,0
1780280871.639467,1780280871.7023017,62.834739685058594,chatcmpl-8594ab74-07c1-4368-af08-f19a576339ef-b85c6080,decode,1,0,452712,4,d61968e8-e4aa-43a2-8ca8-85b623ffd1e5_dp0,0
1780280871.646902,1780280871.7023954,55.49335479736328,chatcmpl-7da4de92-ec5f-4db4-8d62-e6608d9e8d88-90a4d36c,decode,1,0,452712,31,d61968e8-e4aa-43a2-8ca8-85b623ffd1e5_dp0,0
1780280871.6837225,1780280871.7024648,18.74232292175293,chatcmpl-c5d1d84d-e309-46ae-918a-5627f2d7751c-9330de67,decode,1,0,452712,63,d61968e8-e4aa-43a2-8ca8-85b623ffd1e5_dp0,0
1780280871.6887524,1780280871.7024856,13.733148574829102,chatcmpl-4cd78fee-ad71-4171-98ab-e48cbd6af5bb-8e461e1a,decode,1,0,452712,2,d61968e8-e4aa-43a2-8ca8-85b623ffd1e5_dp0,0
1780280871.6962025,1780280871.7025373,6.334781646728516,chatcmpl-ecc03ed6-a7a0-4cc1-8473-e90d134989da-a920f8e5,decode,1,0,452712,3,d61968e8-e4aa-43a2-8ca8-85b623ffd1e5_dp0,0
1780280871.7006981,1780280871.7025695,1.871347427368164,chatcmpl-aae15d8a-c89b-46ac-b66d-b7a9ff31c78f-86762936,decode,1,0,452712,2,d61968e8-e4aa-43a2-8ca8-85b623ffd1e5_dp0,0
1780280871.825605,1780280871.835852,10.246992111206055,chatcmpl-ac86e122-2d71-42b8-8998-312226123fd3-a0be87fb,decode,1,0,452712,2,d61968e8-e4aa-43a2-8ca8-85b623ffd1e5_dp0,0
1780280871.8356318,1780280871.8358645,0.232696533203125,chatcmpl-5977d90c-081f-447a-a58d-c05447dc57e7-a51fd54d,decode,1,0,452712,6,d61968e8-e4aa-43a2-8ca8-85b623ffd1e5_dp1,0
1780280871.889922,1780280871.890256,0.33402442932128906,chatcmpl-09ea11b6-a560-4742-9048-236995f0d07b-8edc7921,decode,1,0,452712,10,d61968e8-e4aa-43a2-8ca8-85b623ffd1e5_dp0,0
1780280871.9682808,1780280872.0022697,33.98895263671875,chatcmpl-a33a5811-7d4e-4ba9-9a98-74540aa766b7-b9450b4b,decode,1,0,452712,33,d61968e8-e4aa-43a2-8ca8-85b623ffd1e5_dp1,0
1780280871.990943,1780280872.0024226,11.479616165161133,chatcmpl-8e00101d-e77a-4509-b591-a81abe1d45fa-b15f973b,decode,1,0,452712,18,d61968e8-e4aa-43a2-8ca8-85b623ffd1e5_dp0,0
1780280872.0014026,1780280872.0099676,8.564949035644531,chatcmpl-bd7dd038-3702-48bc-8cc9-80edc4155b34-9ccf2d1d,decode,1,0,452712,3,d61968e8-e4aa-43a2-8ca8-85b623ffd1e5_dp0,0
1780280872.0096502,1780280872.0203853,10.735034942626953,chatcmpl-23be68af-0040-4063-a707-0ecdbfae383e-9ab0384d,decode,1,0,452712,14,d61968e8-e4aa-43a2-8ca8-85b623ffd1e5_dp1,0
1780280872.0201027,1780280872.0204005,0.29778480529785156,chatcmpl-2ca58914-68c0-481e-9b63-f0785a459d68-82c9a6f4,decode,1,0,452712,2,d61968e8-e4aa-43a2-8ca8-85b623ffd1e5_dp0,0
1780280872.1284254,1780280872.128677,0.25153160095214844,chatcmpl-90561541-ae94-42ec-9bbd-0e12166d68c9-a6ad9f7b,decode,1,0,452712,2,d61968e8-e4aa-43a2-8ca8-85b623ffd1e5_dp1,0
1780280872.174022,1780280872.174266,0.244140625,chatcmpl-18b4bcaf-789d-4a54-bc7b-3398403cd234-b0e1387f,decode,1,0,452712,1,d61968e8-e4aa-43a2-8ca8-85b623ffd1e5_dp0,0
1780280872.2345963,1780280872.2348194,0.2231597900390625,chatcmpl-11ad1b69-427b-4634-8590-5f0ff8ec0f1a-83ac10b2,decode,1,0,452712,8,d61968e8-e4aa-43a2-8ca8-85b623ffd1e5_dp0,0
1780280872.3983126,1780280872.4173217,19.009113311767578,chatcmpl-a0f9bd4d-6717-4359-b9d7-486e283871e8-acc487e4,decode,1,0,452712,42,d61968e8-e4aa-43a2-8ca8-85b623ffd1e5_dp1,0
1780280872.4066517,1780280872.4291131,22.461414337158203,chatcmpl-7d2b92d6-e92c-49a2-b5cc-b5aa246166bc-a2384cb8,decode,1,0,452712,2,d61968e8-e4aa-43a2-8ca8-85b623ffd1e5_dp0,0
1780280872.590805,1780280872.591019,0.21386146545410156,chatcmpl-e0b70027-27de-42bc-be6f-f246bf77d99b-a4d5c80c,decode,1,0,452712,9,d61968e8-e4aa-43a2-8ca8-85b623ffd1e5_dp1,0
1780280872.7218149,1780280872.7220707,0.25582313537597656,chatcmpl-30284c93-edbc-45cd-8811-2ad06d7b799d-b7a7b18e,decode,1,0,452712,3,d61968e8-e4aa-43a2-8ca8-85b623ffd1e5_dp0,0
1780280872.7686458,1780280872.768857,0.21123886108398438,chatcmpl-bbd51aa8-4ea3-49e1-8f0f-0ede2f409d44-a8cf0656,decode,1,0,452712,9,d61968e8-e4aa-43a2-8ca8-85b623ffd1e5_dp1,0
1780280872.787597,1780280872.7878504,0.25343894958496094,chatcmpl-64dc75aa-b190-4b29-8a91-9ce94ac377fb-865c4dc0,decode,1,0,452712,2,d61968e8-e4aa-43a2-8ca8-85b623ffd1e5_dp0,0
1780280872.8253312,1780280872.8450506,19.719362258911133,chatcmpl-bb4c3fc9-bc91-421e-88d1-37c88c953646-b3aa77b0,decode,1,0,452712,25,d61968e8-e4aa-43a2-8ca8-85b623ffd1e5_dp0,0
1780280872.838242,1780280872.8451068,6.864786148071289,chatcmpl-99c8abe4-0ff6-45d7-bc07-b9139982d8d1-8b761226,decode,1,0,452712,18,d61968e8-e4aa-43a2-8ca8-85b623ffd1e5_dp1,0
1780280872.9703665,1780280872.9705963,0.22983551025390625,chatcmpl-dac8616b-68f4-425a-958b-05a719e3e703-a262f5cc,decode,1,0,452712,10,d61968e8-e4aa-43a2-8ca8-85b623ffd1e5_dp0,0
1780280872.9826427,1780280872.9829626,0.3199577331542969,chatcmpl-3b46ebb9-4307-4008-b270-986a52bf7549-81984d7a,decode,1,0,452712,5,d61968e8-e4aa-43a2-8ca8-85b623ffd1e5_dp1,0
1780280873.0265708,1780280873.0416949,15.124082565307617,chatcmpl-dfdb3d81-13ed-4a11-8e2f-2dd290dcb5a2-9d979c7e,decode,1,0,452712,25,d61968e8-e4aa-43a2-8ca8-85b623ffd1e5_dp0,0
1780280873.0712175,1780280873.0951338,23.916244506835938,chatcmpl-9d534929-57fa-40cd-9565-239e522a3529-874e6f73,decode,1,0,452712,24,d61968e8-e4aa-43a2-8ca8-85b623ffd1e5_dp1,0
1780280873.094801,1780280873.0951457,0.3447532653808594,chatcmpl-1ff18ff2-1943-4f72-806d-5fe7fed5ce35-9241bdeb,decode,1,0,452712,2,d61968e8-e4aa-43a2-8ca8-85b623ffd1e5_dp0,0
1780280873.1580844,1780280873.167263,9.178638458251953,chatcmpl-05b6c554-c43c-45b1-a844-db4547de6a45-9d9c6911,decode,1,0,452712,15,d61968e8-e4aa-43a2-8ca8-85b623ffd1e5_dp1,0
1780280873.2084298,1780280873.2176535,9.223699569702148,chatcmpl-e569aa8b-0edb-4581-9577-f66630419fb9-b126f712,decode,1,0,452712,18,d61968e8-e4aa-43a2-8ca8-85b623ffd1e5_dp0,0
1780280873.3365226,1780280873.351546,15.023469924926758,chatcmpl-f8994452-ac9c-442c-ad34-d5fd2ede790c-985885c3,decode,1,0,452712,46,d61968e8-e4aa-43a2-8ca8-85b623ffd1e5_dp1,0
1780280873.4707065,1780280873.4963284,25.621891021728516,chatcmpl-96c9379e-5540-4941-a85c-c38876df1b00-9020fc12,decode,1,0,452712,34,d61968e8-e4aa-43a2-8ca8-85b623ffd1e5_dp0,0
1780280873.4784913,1780280873.4964218,17.93050765991211,chatcmpl-1a386479-12c3-4a9d-9d84-25bbaa3ff0a3-971c0c74,decode,1,0,452712,1,d61968e8-e4aa-43a2-8ca8-85b623ffd1e5_dp1,0
1780280873.4960606,1780280873.4964392,0.37860870361328125,chatcmpl-aa89e0bb-6b37-4802-a0dc-c145de397f43-84a715c7,decode,1,0,452712,4,d61968e8-e4aa-43a2-8ca8-85b623ffd1e5_dp0,0
1780280873.5100522,1780280873.510323,0.270843505859375,chatcmpl-aaa3983e-45e2-4e2e-be72-eab76148d5ec-bc1265f1,decode,1,0,452712,5,d61968e8-e4aa-43a2-8ca8-85b623ffd1e5_dp0,0
1780280873.7374277,1780280873.7478056,10.377883911132812,chatcmpl-40837d18-373d-4a56-be09-f5a3665bdc84-9837d630,decode,1,0,452712,22,d61968e8-e4aa-43a2-8ca8-85b623ffd1e5_dp0,0
1780280873.7475176,1780280873.7478178,0.3001689910888672,chatcmpl-f57c4c1a-42e7-4c23-a36e-7757715ec9ca-82c55dd7,decode,1,0,452712,2,d61968e8-e4aa-43a2-8ca8-85b623ffd1e5_dp1,0
1780280873.7957706,1780280873.7959936,0.22292137145996094,chatcmpl-11147ead-fb6b-4f70-bb02-54ad4f8bba00-90c9c4c5,decode,1,0,452712,8,d61968e8-e4aa-43a2-8ca8-85b623ffd1e5_dp1,0
1780280873.8283265,1780280873.828575,0.24843215942382812,chatcmpl-e38df324-a3b5-45d1-b531-abe396f13293-af589558,decode,1,0,452712,2,d61968e8-e4aa-43a2-8ca8-85b623ffd1e5_dp1,0
1780280874.0124025,1780280874.0326445,20.241975784301758,chatcmpl-e18b79cc-24fe-4932-a918-52765bec0d36-b7b72c61,decode,1,0,452712,22,d61968e8-e4aa-43a2-8ca8-85b623ffd1e5_dp1,0
1780280874.0910618,1780280874.0965679,5.506038665771484,chatcmpl-4da177ec-b219-4212-93d3-16f4965572e2-9a84c3ba,decode,1,0,452712,9,d61968e8-e4aa-43a2-8ca8-85b623ffd1e5_dp0,0
1780280874.1637301,1780280874.1722271,8.496999740600586,chatcmpl-8e1f0315-c3ba-4ee1-bb7b-916316204b66-9d60a891,decode,1,0,452712,20,d61968e8-e4aa-43a2-8ca8-85b623ffd1e5_dp1,0
1780280874.353812,1780280874.364521,10.709047317504883,chatcmpl-2c21feb1-06f2-4a36-8eff-faa92a298012-95efee1d,decode,1,0,452712,2,d61968e8-e4aa-43a2-8ca8-85b623ffd1e5_dp0,0
1780280874.4734237,1780280874.4931667,19.742965698242188,chatcmpl-ac781578-9285-47ee-a26d-8b467a7307f1-81b37645,decode,1,0,452712,49,d61968e8-e4aa-43a2-8ca8-85b623ffd1e5_dp1,0
1780280874.4928768,1780280874.5017087,8.831977844238281,chatcmpl-7737f9d9-8027-4702-8028-97ca54e81f83-9ff73825,decode,1,0,452712,19,d61968e8-e4aa-43a2-8ca8-85b623ffd1e5_dp1,0
1780280874.5156293,1780280874.5270677,11.438369750976562,chatcmpl-167e6ba3-86eb-4d15-a9b1-30d5f91bf1e8-b30a2554,decode,1,0,452712,2,d61968e8-e4aa-43a2-8ca8-85b623ffd1e5_dp1,0
1780280874.701274,1780280874.7104118,9.137868881225586,chatcmpl-6f4b2963-12f2-4ecf-a2a7-ff3ed24f12eb-afd30620,decode,1,0,452712,24,d61968e8-e4aa-43a2-8ca8-85b623ffd1e5_dp0,0
1780280874.961138,1780280874.9767816,15.643596649169922,chatcmpl-35e755fa-0cc5-45c6-bb63-9e48f3e4600e-8e7aaf99,decode,1,0,452712,49,d61968e8-e4aa-43a2-8ca8-85b623ffd1e5_dp1,0
1780280875.1932938,1780280875.2026577,9.363889694213867,chatcmpl-8157fc98-1631-4d0f-bc7e-ce0797352c24-90ef2206,decode,1,0,452712,13,d61968e8-e4aa-43a2-8ca8-85b623ffd1e5_dp0,0
1780280875.4573226,1780280875.4576185,0.29587745666503906,chatcmpl-8d29ec85-08c9-43a3-a470-7c9eb76ea22a-999983f7,decode,1,0,452712,2,d61968e8-e4aa-43a2-8ca8-85b623ffd1e5_dp0,0
1780280875.7430904,1780280875.7513132,8.222818374633789,chatcmpl-5018a0b7-7496-4ce8-9bd2-326c85da5d89-83ac4112,decode,1,0,452712,15,d61968e8-e4aa-43a2-8ca8-85b623ffd1e5_dp1,0
1780280875.7824473,1780280875.803036,20.58863639831543,chatcmpl-654ce9ba-1a5e-4507-bf5d-9363cdb27e9a-b3df4517,decode,1,0,452712,24,d61968e8-e4aa-43a2-8ca8-85b623ffd1e5_dp1,0
1780280875.9779952,1780280875.9936197,15.624523162841797,chatcmpl-af300d07-ff56-4f12-9a88-920cb2225618-9edc430c,decode,1,0,452712,46,d61968e8-e4aa-43a2-8ca8-85b623ffd1e5_dp0,0
1780280876.061999,1780280876.0836983,21.699190139770508,chatcmpl-3177e7c0-186c-4e1e-8901-24bbb00f748f-b6555b6e,decode,1,0,452712,3,d61968e8-e4aa-43a2-8ca8-85b623ffd1e5_dp1,0
1780280876.081771,1780280876.099435,17.664194107055664,chatcmpl-82666e58-90cb-4af3-b2d3-6f5b159d7b80-99705677,decode,1,0,452712,49,d61968e8-e4aa-43a2-8ca8-85b623ffd1e5_dp1,0
1780280876.0834453,1780280876.0994804,16.035079956054688,chatcmpl-d582152f-48a5-43e7-a5bb-a4382406308a-b342ced8,decode,1,0,452712,3,d61968e8-e4aa-43a2-8ca8-85b623ffd1e5_dp0,0
1780280876.1269395,1780280876.1271894,0.2498626708984375,chatcmpl-57ab660a-ce9e-4858-b560-67059b4a49a6-8a571383,decode,1,0,452712,2,d61968e8-e4aa-43a2-8ca8-85b623ffd1e5_dp1,0
1780280876.2345839,1780280876.243715,9.131193161010742,chatcmpl-c6ee99e8-aa07-479c-b50a-c637f0045a12-9adb3169,decode,1,0,452712,18,d61968e8-e4aa-43a2-8ca8-85b623ffd1e5_dp0,0
1780280876.3421376,1780280876.3579736,15.836000442504883,chatcmpl-d469eb1a-f5e4-4625-983b-67e494c65b11-8b30a3bf,decode,1,0,452712,49,d61968e8-e4aa-43a2-8ca8-85b623ffd1e5_dp0,0
1780280876.6292028,1780280876.651039,21.836042404174805,chatcmpl-5dc1ca8a-0c5e-4d10-973d-ed9149a00881-a5abff26,decode,1,0,452712,42,d61968e8-e4aa-43a2-8ca8-85b623ffd1e5_dp0,0
1780280876.650678,1780280876.6510892,0.4112720489501953,chatcmpl-16919c3c-7de8-459a-bf3a-60c1b1646599-bd88f9f9,decode,1,0,452712,2,d61968e8-e4aa-43a2-8ca8-85b623ffd1e5_dp1,0
1780280876.8005786,1780280876.8098109,9.232282638549805,chatcmpl-85786f67-753e-49bd-9309-b95adb1cb7d9-a2d0b82d,decode,1,0,452712,19,d61968e8-e4aa-43a2-8ca8-85b623ffd1e5_dp0,0
1780280876.9595344,1780280876.9815874,22.053003311157227,chatcmpl-75f93543-d1a6-4b0d-8a10-87b13f951af2-93253064,decode,1,0,452712,26,d61968e8-e4aa-43a2-8ca8-85b623ffd1e5_dp0,0
1780280877.0093849,1780280877.0096319,0.24700164794921875,chatcmpl-e5964350-e164-4097-8abc-7edcdf88376f-96ae95fc,decode,1,0,452712,2,d61968e8-e4aa-43a2-8ca8-85b623ffd1e5_dp0,0
1780280877.0906794,1780280877.1007817,10.102272033691406,chatcmpl-0e4ca892-c863-474a-a873-5404c520ca9e-bcad3d1f,decode,1,0,452712,12,d61968e8-e4aa-43a2-8ca8-85b623ffd1e5_dp1,0
1780280877.2641187,1780280877.2643726,0.25391578674316406,chatcmpl-6e248451-768b-4f8e-b956-ccd0c8deeae2-be71dd03,decode,1,0,452712,2,d61968e8-e4aa-43a2-8ca8-85b623ffd1e5_dp0,0
1780280877.2762117,1780280877.2764673,0.255584716796875,chatcmpl-cd66f5c9-ef5b-419d-9dc8-2f023bcdd483-874828aa,decode,1,0,452712,1,d61968e8-e4aa-43a2-8ca8-85b623ffd1e5_dp1,0
1780280877.371067,1780280877.3713717,0.3046989440917969,chatcmpl-4d3805eb-a71e-4a4f-aa65-a682adaf6f55-9cacff44,decode,1,0,452712,3,d61968e8-e4aa-43a2-8ca8-85b623ffd1e5_dp1,0
1780280877.3983226,1780280877.406941,8.618354797363281,chatcmpl-9d7b59d8-282e-43db-8f80-fcb502187af1-9235d6b4,decode,1,0,452712,12,d61968e8-e4aa-43a2-8ca8-85b623ffd1e5_dp1,0
1780280877.4066567,1780280877.422853,16.196250915527344,chatcmpl-520ef84b-29f1-4c91-9b65-e01dc7fdc91e-b2cff76d,decode,1,0,452712,20,d61968e8-e4aa-43a2-8ca8-85b623ffd1e5_dp0,0
1780280877.4680493,1780280877.4900053,21.95596694946289,chatcmpl-904ca46a-9163-439d-91c2-a23b7790054f-bea57489,decode,1,0,452712,24,d61968e8-e4aa-43a2-8ca8-85b623ffd1e5_dp0,0
1780280877.48974,1780280877.4900186,0.27871131896972656,chatcmpl-be92ffcc-b7df-42cd-9756-967373da02ee-a7496cf0,decode,1,0,452712,1,d61968e8-e4aa-43a2-8ca8-85b623ffd1e5_dp0,0
1780280877.6533277,1780280877.6535475,0.21982192993164062,chatcmpl-8bc7fc4e-8bc8-4107-b9ab-233de8888c4d-ba2f9eda,decode,1,0,452712,2,d61968e8-e4aa-43a2-8ca8-85b623ffd1e5_dp0,0
1780280877.753936,1780280877.7641644,10.228395462036133,chatcmpl-2e85ec51-12aa-4638-89ac-0a9452235fdd-93eb220a,decode,1,0,452712,16,d61968e8-e4aa-43a2-8ca8-85b623ffd1e5_dp0,0
1780280877.860252,1780280877.8605108,0.2589225769042969,chatcmpl-f5edde87-dde4-46d3-af4b-a914054192ec-ade7ad8b,decode,1,0,452712,2,d61968e8-e4aa-43a2-8ca8-85b623ffd1e5_dp1,0
1780280877.9478853,1780280877.9691837,21.29840850830078,chatcmpl-3ccc1389-f4da-4b71-8f81-d3f4adf8bdd8-8b542b08,decode,1,0,452712,35,d61968e8-e4aa-43a2-8ca8-85b623ffd1e5_dp0,0
1780280877.9602203,1780280877.9692698,9.049415588378906,chatcmpl-164ff71a-dcba-4acf-94e6-31920d9f8a4f-93d4deee,decode,1,0,452712,10,d61968e8-e4aa-43a2-8ca8-85b623ffd1e5_dp0,0
1780280878.0641766,1780280878.0644407,0.26416778564453125,chatcmpl-231ee69c-a71d-4c62-9cba-11398f22615c-807c42c1,decode,1,0,452712,2,d61968e8-e4aa-43a2-8ca8-85b623ffd1e5_dp0,0
1780280878.1607664,1780280878.1610286,0.26226043701171875,chatcmpl-fad47771-aa3a-49c7-a8ab-8617b5d63aa8-bed44a41,decode,1,0,452712,8,d61968e8-e4aa-43a2-8ca8-85b623ffd1e5_dp0,0
1780280878.2370455,1780280878.2372863,0.24080276489257812,chatcmpl-08b5e349-b896-4651-83de-43f02c66510d-99c5f4c8,decode,1,0,452712,2,d61968e8-e4aa-43a2-8ca8-85b623ffd1e5_dp1,0
1780280879.0878572,1780280879.1076615,19.80423927307129,chatcmpl-8f9f279a-f337-499d-be62-4f502d8cab60-8ae7bb59,decode,1,0,452712,24,d61968e8-e4aa-43a2-8ca8-85b623ffd1e5_dp0,0
1780280879.347236,1780280879.3475118,0.2758502960205078,chatcmpl-2a08f9c9-6ac4-4c0a-ad2c-1bba04d41d33-809e8443,decode,1,0,452712,5,d61968e8-e4aa-43a2-8ca8-85b623ffd1e5_dp1,0
1780280879.7648296,1780280879.7840793,19.249677658081055,chatcmpl-4049636a-b1a4-4106-b4ac-e5ed5cd9d558-a2128f62,decode,1,0,452712,36,d61968e8-e4aa-43a2-8ca8-85b623ffd1e5_dp0,0
1780280879.8503776,1780280879.8506386,0.26106834411621094,chatcmpl-9d81da62-644d-4f6b-a248-990a8d23d5c0-a9c7c737,decode,1,0,452712,8,d61968e8-e4aa-43a2-8ca8-85b623ffd1e5_dp1,0
1780280879.9638155,1780280879.9783845,14.56904411315918,chatcmpl-faf30de9-fb66-493a-9ae4-15ee9decf43c-94d90cde,decode,1,0,452712,49,d61968e8-e4aa-43a2-8ca8-85b623ffd1e5_dp0,0
1780280880.0065558,1780280880.0156054,9.049654006958008,chatcmpl-ecf47dda-c76a-496d-82fe-62e4bed1b1d2-a0a02df6,decode,1,0,452712,15,d61968e8-e4aa-43a2-8ca8-85b623ffd1e5_dp0,0
1780280880.0292287,1780280880.029475,0.24628639221191406,chatcmpl-d289cc42-8631-434f-a889-6315343e9db4-ac1ee359,decode,1,0,452712,2,d61968e8-e4aa-43a2-8ca8-85b623ffd1e5_dp1,0
1780280880.1574247,1780280880.1721394,14.714717864990234,chatcmpl-6de1ff96-7cc1-4717-b019-bb78cc5546fa-a7fffe2e,decode,1,0,452712,47,d61968e8-e4aa-43a2-8ca8-85b623ffd1e5_dp0,0
1780280880.2411897,1780280880.256009,14.81938362121582,chatcmpl-636a3d96-b26e-4354-8c6c-7a4481e8e3b4-b96ef233,decode,1,0,452712,49,d61968e8-e4aa-43a2-8ca8-85b623ffd1e5_dp1,0
1780280880.2458863,1780280880.256048,10.161638259887695,chatcmpl-1f65bb0e-189b-4ac3-95cc-486a422bf15d-8c326c0e,decode,1,0,452712,3,d61968e8-e4aa-43a2-8ca8-85b623ffd1e5_dp0,0
1780280880.3373766,1780280880.3522055,14.828920364379883,chatcmpl-ee6edbad-b9ad-4cad-9706-e70f32a38e38-b2714adc,decode,1,0,452712,49,d61968e8-e4aa-43a2-8ca8-85b623ffd1e5_dp1,0
1780280880.408203,1780280880.4267662,18.563270568847656,chatcmpl-b79cceb8-7747-4ab5-b338-c7ae08a848d7-8993a164,decode,1,0,452712,41,d61968e8-e4aa-43a2-8ca8-85b623ffd1e5_dp0,0
1780280880.4925346,1780280880.5081801,15.645503997802734,chatcmpl-ff49a9e2-2c62-4691-bb17-2f637c1e11ba-93de1f36,decode,1,0,452712,23,d61968e8-e4aa-43a2-8ca8-85b623ffd1e5_dp0,0
1780280880.5006595,1780280880.515968,15.308618545532227,chatcmpl-4ad266f2-1bbe-4dda-8e0b-8515bfc49a48-847e94ae,decode,1,0,452712,11,d61968e8-e4aa-43a2-8ca8-85b623ffd1e5_dp0,0
1780280880.507876,1780280880.516022,8.146047592163086,chatcmpl-ea24b810-144a-43b6-bca2-a85266798892-8f6c5ab2,decode,1,0,452712,16,d61968e8-e4aa-43a2-8ca8-85b623ffd1e5_dp0,0
1780280880.5454724,1780280880.5457327,0.26035308837890625,chatcmpl-75b42784-cf24-4e48-83fc-728bc96e47af-a647bea0,decode,1,0,452712,8,d61968e8-e4aa-43a2-8ca8-85b623ffd1e5_dp0,0
1780280880.6486702,1780280880.663381,14.71090316772461,chatcmpl-80429334-83ce-485e-b2e6-743d79243635-b9d48095,decode,1,0,452712,54,d61968e8-e4aa-43a2-8ca8-85b623ffd1e5_dp0,0
1780280880.6530623,1780280880.663429,10.366678237915039,chatcmpl-07d016eb-f964-4d05-9fdb-a50ece2ce9dd-a20614ee,decode,1,0,452712,2,d61968e8-e4aa-43a2-8ca8-85b623ffd1e5_dp1,0
1780280880.688658,1780280880.6889088,0.25081634521484375,chatcmpl-a87de42b-5314-4893-be4b-50e7a7442f88-b2a214bd,decode,1,0,452712,1,d61968e8-e4aa-43a2-8ca8-85b623ffd1e5_dp0,0
1780280880.8425055,1780280880.860091,17.58551597595215,chatcmpl-aa7d72ae-0342-4ed8-9b0e-8818f86e82ef-8d64e7a7,decode,1,0,452712,43,d61968e8-e4aa-43a2-8ca8-85b623ffd1e5_dp0,0
1780280880.8486342,1780280880.860118,11.48366928100586,chatcmpl-62749543-0f3f-486e-b7e7-36b039b440e8-861f3d3e,decode,1,0,452712,2,d61968e8-e4aa-43a2-8ca8-85b623ffd1e5_dp1,0
1780280880.9617143,1780280880.9619625,0.24819374084472656,chatcmpl-aef1d239-aa4d-4527-a50c-264561c2c3c8-8fc269cc,decode,1,0,452712,6,d61968e8-e4aa-43a2-8ca8-85b623ffd1e5_dp0,0
1780280881.1464686,1780280881.158507,12.038469314575195,chatcmpl-93a971f6-614f-44d3-a85b-2dec43ec3f08-b859572d,decode,1,0,452712,15,d61968e8-e4aa-43a2-8ca8-85b623ffd1e5_dp1,0
1780280881.1582282,1780280881.1585226,0.2944469451904297,chatcmpl-18c0ce58-01a9-45c8-8898-41bfa993d4c3-90149239,decode,1,0,452712,5,d61968e8-e4aa-43a2-8ca8-85b623ffd1e5_dp0,0
1780280881.1965544,1780280881.1968548,0.30040740966796875,chatcmpl-544df2b9-d58d-4a46-a4e0-e436c074ec6d-a07d96fe,decode,1,0,452712,7,d61968e8-e4aa-43a2-8ca8-85b623ffd1e5_dp1,0
1780280881.4161026,1780280881.4248912,8.788585662841797,chatcmpl-cbfd7b64-feb0-4085-afe2-b5225271633a-9646964e,decode,1,0,452712,15,d61968e8-e4aa-43a2-8ca8-85b623ffd1e5_dp0,0
1780280881.4747343,1780280881.4749808,0.24652481079101562,chatcmpl-9b216b19-0cc8-4c13-859b-bbd2c31cd6af-8da9911c,decode,1,0,452712,1,d61968e8-e4aa-43a2-8ca8-85b623ffd1e5_dp0,0
1780280881.5391114,1780280881.5482457,9.134292602539062,chatcmpl-f7c68913-f5eb-4eda-9041-a56f99cfca0b-a6fb5e14,decode,1,0,452712,14,d61968e8-e4aa-43a2-8ca8-85b623ffd1e5_dp0,0
1780280881.7600734,1780280881.7799895,19.916057586669922,chatcmpl-00eb9300-51ad-42e3-a5ec-71f09bb880e4-a5a6c0c2,decode,1,0,452712,49,d61968e8-e4aa-43a2-8ca8-85b623ffd1e5_dp0,0
1780280881.7796779,1780280881.7800236,0.3457069396972656,chatcmpl-9e4c4351-6f2d-40d6-9393-028fbd55e61b-af91fe7b,decode,1,0,452712,8,d61968e8-e4aa-43a2-8ca8-85b623ffd1e5_dp0,0
1780280882.1090748,1780280882.1093278,0.2529621124267578,chatcmpl-7e240c64-e48f-4b8f-a60d-7c30fd064665-b9aa3b1f,decode,1,0,452712,6,d61968e8-e4aa-43a2-8ca8-85b623ffd1e5_dp1,0
1780280882.2312853,1780280882.2405343,9.248971939086914,chatcmpl-f5bd54b9-0273-42f8-8e69-ba5b3e3d7065-932ca565,decode,1,0,452712,12,d61968e8-e4aa-43a2-8ca8-85b623ffd1e5_dp1,0
1780280882.2667289,1780280882.2669785,0.24962425231933594,chatcmpl-b3717913-002c-4f64-8aba-4bac7d8af804-8867d730,decode,1,0,452712,2,d61968e8-e4aa-43a2-8ca8-85b623ffd1e5_dp1,0
1780280882.3305478,1780280882.3308222,0.27441978454589844,chatcmpl-a6f6d149-7acc-42e5-adba-13aa2dac2cce-95466b53,decode,1,0,452712,6,d61968e8-e4aa-43a2-8ca8-85b623ffd1e5_dp0,0
1780280882.3778617,1780280882.3781152,0.25343894958496094,chatcmpl-c9285b02-881f-4d2f-9607-1c7f1151b15b-bab9aaa3,decode,1,0,452712,2,d61968e8-e4aa-43a2-8ca8-85b623ffd1e5_dp0,0
1780280882.4279914,1780280882.4282506,0.25916099548339844,chatcmpl-f95e093f-b5b8-44fa-8189-b083da020eb8-b4eb3626,decode,1,0,452712,4,d61968e8-e4aa-43a2-8ca8-85b623ffd1e5_dp0,0
1780280882.6981099,1780280882.6983542,0.24437904357910156,chatcmpl-a6152822-0f2b-4645-9a9b-925257a52b16-90b1cb6c,decode,1,0,452712,3,d61968e8-e4aa-43a2-8ca8-85b623ffd1e5_dp1,0
1780280882.9464827,1780280882.9467545,0.27179718017578125,chatcmpl-c0cbe9d2-fecc-4058-9077-2f4285c37d25-8b1f3ae7,decode,1,0,452712,9,d61968e8-e4aa-43a2-8ca8-85b623ffd1e5_dp0,0
1780280883.1525567,1780280883.1528141,0.2574920654296875,chatcmpl-d71a0877-4e11-4b1e-bfed-716bf6a56b43-a68857b1,decode,1,0,452712,5,d61968e8-e4aa-43a2-8ca8-85b623ffd1e5_dp0,0
1780280883.2532668,1780280883.253531,0.26416778564453125,chatcmpl-6bddca03-2749-45a0-9bb5-41b9547dfb46-b5ec8e78,decode,1,0,452712,9,d61968e8-e4aa-43a2-8ca8-85b623ffd1e5_dp0,0
1780280883.362758,1780280883.377628,14.870166778564453,chatcmpl-fe5770c9-0653-4c13-92e3-cdba1fa37104-baa12788,decode,1,0,452712,44,d61968e8-e4aa-43a2-8ca8-85b623ffd1e5_dp0,0
1780280883.4270046,1780280883.4272544,0.2498626708984375,chatcmpl-c601f11e-029a-4a3b-bfff-f0ebe0b1fd23-8e50dfd1,decode,1,0,452712,1,d61968e8-e4aa-43a2-8ca8-85b623ffd1e5_dp1,0
1780280883.4437313,1780280883.4513829,7.651567459106445,chatcmpl-38973685-a29b-4305-96be-6a6a0916ff51-bc257955,decode,1,0,452712,21,d61968e8-e4aa-43a2-8ca8-85b623ffd1e5_dp0,0
1780280883.47976,1780280883.4800148,0.2548694610595703,chatcmpl-bb8857eb-3edc-4bfb-a282-83fc4e01c2df-a66b492e,decode,1,0,452712,6,d61968e8-e4aa-43a2-8ca8-85b623ffd1e5_dp1,0
1780280883.5903594,1780280883.6107748,20.415306091308594,chatcmpl-76c859d5-7ab6-4d63-a6a3-6520426d7442-8712e270,decode,1,0,452712,25,d61968e8-e4aa-43a2-8ca8-85b623ffd1e5_dp0,0
1780280883.812241,1780280883.8319325,19.69146728515625,chatcmpl-f7495bfa-4147-40dc-9383-ebab6dc0a757-a6df5bf0,decode,1,0,452712,31,d61968e8-e4aa-43a2-8ca8-85b623ffd1e5_dp0,0
1780280884.0187974,1780280884.028157,9.359598159790039,chatcmpl-92bdb7b4-953c-4214-9d99-df10616cdc75-a78f4484,decode,1,0,452712,13,d61968e8-e4aa-43a2-8ca8-85b623ffd1e5_dp1,0
1780280884.06817,1780280884.0773876,9.217500686645508,chatcmpl-dbdf7848-7a7d-40c0-93a1-26590b79dc39-9f77d7c2,decode,1,0,452712,13,d61968e8-e4aa-43a2-8ca8-85b623ffd1e5_dp1,0
1780280884.6440914,1780280884.6443493,0.2579689025878906,chatcmpl-d2966322-7db7-47bc-9b2a-b331eba369a2-8c7dcf03,decode,1,0,452712,2,d61968e8-e4aa-43a2-8ca8-85b623ffd1e5_dp0,0
1780280884.7919202,1780280884.7921793,0.25916099548339844,chatcmpl-614d2dfe-74b3-4266-a45e-9d53aba078b2-af647f26,decode,1,0,452712,2,d61968e8-e4aa-43a2-8ca8-85b623ffd1e5_dp1,0
1780280884.8654473,1780280884.8656938,0.24652481079101562,chatcmpl-92db9afd-dcda-4815-950d-89e74fe03704-8ccc7988,decode,1,0,452712,2,d61968e8-e4aa-43a2-8ca8-85b623ffd1e5_dp0,0
1780280885.1404812,1780280885.160003,19.521713256835938,chatcmpl-9b2b647d-25c2-4735-9ea8-91520a7bd0c5-87d5a740,decode,1,0,452712,24,d61968e8-e4aa-43a2-8ca8-85b623ffd1e5_dp0,0
1780280885.2008102,1780280885.2010727,0.2624988555908203,chatcmpl-91ca538a-7620-4949-8d4a-782bc0ce9a21-959b065e,decode,1,0,452712,6,d61968e8-e4aa-43a2-8ca8-85b623ffd1e5_dp1,0
1780280885.26224,1780280885.2825363,20.296335220336914,chatcmpl-f4f5ebf9-6ba2-4b83-9854-9e1df199c74a-bb86e0fd,decode,1,0,452712,24,d61968e8-e4aa-43a2-8ca8-85b623ffd1e5_dp1,0
1780280885.433747,1780280885.4545527,20.80559730529785,chatcmpl-134208c8-b187-45fb-8246-c5b2bb2d1020-81e23b58,decode,1,0,452712,22,d61968e8-e4aa-43a2-8ca8-85b623ffd1e5_dp0,0
1780280885.5828092,1780280885.6019256,19.11640167236328,chatcmpl-63bd31df-0bcf-4ef8-9257-fb1512b7e6a0-998f9a82,decode,1,0,452712,23,d61968e8-e4aa-43a2-8ca8-85b623ffd1e5_dp0,0
1780280885.644774,1780280885.6450362,0.26226043701171875,chatcmpl-493dabc8-1066-4f37-9f1c-9ef6830b5c13-8b88e5ce,decode,1,0,452712,10,d61968e8-e4aa-43a2-8ca8-85b623ffd1e5_dp0,0
1780280885.7788644,1780280885.7975738,18.709421157836914,chatcmpl-7e778063-15ea-4b5d-824e-42bd2816c53b-a91f9ddf,decode,1,0,452712,26,d61968e8-e4aa-43a2-8ca8-85b623ffd1e5_dp0,0
1780280885.9537702,1780280885.9540348,0.2646446228027344,chatcmpl-23b7c5fa-ad7a-4d2f-83f6-bd41c20b6a4c-9a3e5aeb,decode,1,0,452712,5,d61968e8-e4aa-43a2-8ca8-85b623ffd1e5_dp1,0
1780280885.9668295,1780280885.9771109,10.28132438659668,chatcmpl-9e3ba243-3e29-460e-bf6c-8be71512c866-99a6cbf1,decode,1,0,452712,19,d61968e8-e4aa-43a2-8ca8-85b623ffd1e5_dp0,0
1780280886.1441483,1780280886.1592915,15.143156051635742,chatcmpl-1149aca1-53c0-477c-9b00-a9122c1e0ce0-bde99bf2,decode,1,0,452712,52,d61968e8-e4aa-43a2-8ca8-85b623ffd1e5_dp0,0
1780280886.1590445,1780280886.1593022,0.25773048400878906,chatcmpl-314790c7-c902-4a26-bf6f-829e7d32fa00-83de14fa,decode,1,0,452712,1,d61968e8-e4aa-43a2-8ca8-85b623ffd1e5_dp0,0
1780280886.1994693,1780280886.2078772,8.407831192016602,chatcmpl-685706ca-6b80-4c75-8421-25d4fdc47aed-956d40c6,decode,1,0,452712,17,d61968e8-e4aa-43a2-8ca8-85b623ffd1e5_dp0,0
1780280886.2862377,1780280886.3061981,19.960403442382812,chatcmpl-e9a21ff3-8794-4709-a071-35b89eb90f81-abb9c62a,decode,1,0,452712,32,d61968e8-e4aa-43a2-8ca8-85b623ffd1e5_dp1,0
1780280886.4444835,1780280886.4531996,8.716106414794922,chatcmpl-435cca20-d6e5-4cff-a01c-d23d424d3283-8090db0d,decode,1,0,452712,17,d61968e8-e4aa-43a2-8ca8-85b623ffd1e5_dp0,0
1780280886.56888,1780280886.588253,19.372940063476562,chatcmpl-f1cc9c1a-1cab-48b1-8ac3-b1b9c92f9bea-a8ea9db9,decode,1,0,452712,38,d61968e8-e4aa-43a2-8ca8-85b623ffd1e5_dp1,0
1780280886.669376,1780280886.6841357,14.75977897644043,chatcmpl-f4146df3-6e59-41a6-a645-8ff441d41ffc-b89cd821,decode,1,0,452712,49,d61968e8-e4aa-43a2-8ca8-85b623ffd1e5_dp0,0
1780280886.7534065,1780280886.7617273,8.320808410644531,chatcmpl-21657fd3-6b02-461c-9ec0-6cb6cf24e972-96cf4652,decode,1,0,452712,49,d61968e8-e4aa-43a2-8ca8-85b623ffd1e5_dp1,0
1780280886.7583957,1780280886.773026,14.630317687988281,chatcmpl-eb425b1a-263d-409f-aa40-09619a79ddb6-af612904,decode,1,0,452712,14,d61968e8-e4aa-43a2-8ca8-85b623ffd1e5_dp1,0
1780280886.851583,1780280886.8600578,8.47482681274414,chatcmpl-3e48fa41-4469-4bfe-884f-875e12d415c2-90eb26f9,decode,1,0,452712,22,d61968e8-e4aa-43a2-8ca8-85b623ffd1e5_dp0,0
1780280886.8547232,1780280886.8710837,16.36052131652832,chatcmpl-8b45d29c-6517-4605-a8ce-658a54c316f3-8158f318,decode,1,0,452712,6,d61968e8-e4aa-43a2-8ca8-85b623ffd1e5_dp1,0
1780280886.8596578,1780280886.8711097,11.451959609985352,chatcmpl-b32aa0da-0d82-4a5c-8835-192ad402e8ec-a1d70ae2,decode,1,0,452712,2,d61968e8-e4aa-43a2-8ca8-85b623ffd1e5_dp1,0
1780280886.89765,1780280886.8979025,0.2524852752685547,chatcmpl-f34d180c-4788-4c84-be97-15f3b3edf7fe-99c868d2,decode,1,0,452712,3,d61968e8-e4aa-43a2-8ca8-85b623ffd1e5_dp0,0
1780280887.0246823,1780280887.0472882,22.60589599609375,chatcmpl-8e135cb3-0303-4555-92d4-1a7f4f7fe53f-b818b169,decode,1,0,452712,44,d61968e8-e4aa-43a2-8ca8-85b623ffd1e5_dp1,0
1780280887.0315702,1780280887.0473292,15.758991241455078,chatcmpl-a0f3c6e3-88e5-41cb-93ea-44df72c62486-b10a65ba,decode,1,0,452712,3,d61968e8-e4aa-43a2-8ca8-85b623ffd1e5_dp0,0
1780280887.0469327,1780280887.0549033,7.970571517944336,chatcmpl-a6925b09-995e-4b86-af6a-5e67d0f79afd-942ffcda,decode,1,0,452712,12,d61968e8-e4aa-43a2-8ca8-85b623ffd1e5_dp1,0
1780280887.0804744,1780280887.0807192,0.2448558807373047,chatcmpl-e7719221-5556-4ee6-a99b-26f4ef56a2a2-8111ee26,decode,1,0,452712,2,d61968e8-e4aa-43a2-8ca8-85b623ffd1e5_dp1,0
1780280887.1450086,1780280887.1646059,19.597291946411133,chatcmpl-0c888148-73b1-441f-891d-1df36b3443d1-b3de7939,decode,1,0,452712,32,d61968e8-e4aa-43a2-8ca8-85b623ffd1e5_dp0,0
1780280887.2150493,1780280887.2167323,1.6829967498779297,chatcmpl-e2d79691-f8a3-4688-ba87-009e75888466-b6b34525,decode,1,0,452712,3,d61968e8-e4aa-43a2-8ca8-85b623ffd1e5_dp1,0
1780280887.2164402,1780280887.2167451,0.30493736267089844,chatcmpl-98204467-b397-4108-a567-f04270f75f51-8d4f1ee3,decode,1,0,452712,2,d61968e8-e4aa-43a2-8ca8-85b623ffd1e5_dp0,0
1780280887.2653944,1780280887.2855954,20.20096778869629,chatcmpl-ca771b0b-823b-4aa3-b842-2d19a28b056b-aeb6cc2c,decode,1,0,452712,23,d61968e8-e4aa-43a2-8ca8-85b623ffd1e5_dp0,0
1780280887.3874238,1780280887.4070752,19.651412963867188,chatcmpl-27a3e4fe-e09a-4be7-98ab-dc5fdabff7c7-95cd8519,decode,1,0,452712,39,d61968e8-e4aa-43a2-8ca8-85b623ffd1e5_dp0,0
1780280887.3959491,1780280887.407132,11.182785034179688,chatcmpl-8ea7d6ef-f239-428e-95ea-5460613f0815-b935b683,decode,1,0,452712,3,d61968e8-e4aa-43a2-8ca8-85b623ffd1e5_dp1,0
1780280887.432662,1780280887.4329093,0.2472400665283203,chatcmpl-9865b6aa-0854-4606-9c8c-981a44721c43-bd2df65d,decode,1,0,452712,2,d61968e8-e4aa-43a2-8ca8-85b623ffd1e5_dp0,0
1780280887.5615885,1780280887.581412,19.823551177978516,chatcmpl-282f654f-9766-4c59-9814-d5855aff3ab2-a3607ca1,decode,1,0,452712,26,d61968e8-e4aa-43a2-8ca8-85b623ffd1e5_dp1,0
1780280887.6427042,1780280887.6456573,2.953052520751953,chatcmpl-b68dd12c-93ef-4872-994f-99adef22a990-bd28cf87,decode,1,0,452712,2,d61968e8-e4aa-43a2-8ca8-85b623ffd1e5_dp0,0
1780280887.6454167,1780280887.6456687,0.25200843811035156,chatcmpl-c7ec4e97-bd9e-4191-9955-185d81afb5a0-a5f915cc,decode,1,0,452712,4,d61968e8-e4aa-43a2-8ca8-85b623ffd1e5_dp1,0
1780280887.654515,1780280887.6547575,0.24247169494628906,chatcmpl-96d42e62-5da0-4592-acea-ebfb3c91ae3c-8d371f08,decode,1,0,452712,2,d61968e8-e4aa-43a2-8ca8-85b623ffd1e5_dp0,0
1780280887.915803,1780280887.9306698,14.866828918457031,chatcmpl-afe36ba1-f067-48d1-ac70-6a6b02a2f577-9762544a,decode,1,0,452712,49,d61968e8-e4aa-43a2-8ca8-85b623ffd1e5_dp0,0
1780280888.0874157,1780280888.1055312,18.115520477294922,chatcmpl-5bd27d14-bf1e-4e2e-9e73-eaca2172a6c0-89fe714a,decode,1,0,452712,46,d61968e8-e4aa-43a2-8ca8-85b623ffd1e5_dp0,0
1780280888.1052728,1780280888.1055427,0.26988983154296875,chatcmpl-cc5ce5fe-229f-4709-8dca-990f1220389c-95931e59,decode,1,0,452712,5,d61968e8-e4aa-43a2-8ca8-85b623ffd1e5_dp0,0
1780280888.262194,1780280888.262454,0.2601146697998047,chatcmpl-3be911db-40c8-4e82-adb4-7be5ba41ee46-9717a476,decode,1,0,452712,3,d61968e8-e4aa-43a2-8ca8-85b623ffd1e5_dp0,0
1780280888.290005,1780280888.290261,0.2560615539550781,chatcmpl-a93823f7-cd67-4f4b-acec-15b0ca307c7f-a8d26f7f,decode,1,0,452712,8,d61968e8-e4aa-43a2-8ca8-85b623ffd1e5_dp0,0
1780280888.3363795,1780280888.3366306,0.2510547637939453,chatcmpl-040a3d30-c761-41fa-876b-609004add3af-a7472e0f,decode,1,0,452712,3,d61968e8-e4aa-43a2-8ca8-85b623ffd1e5_dp0,0
1780280888.5974953,1780280888.6125095,15.014171600341797,chatcmpl-4ba86720-deb1-4bff-a3ce-52b3962a708b-b15b3915,decode,1,0,452712,50,d61968e8-e4aa-43a2-8ca8-85b623ffd1e5_dp1,0
1780280888.6280272,1780280888.628272,0.2448558807373047,chatcmpl-6728b63d-3aa4-472f-91f4-00c5bccea91a-b0c8943c,decode,1,0,452712,5,d61968e8-e4aa-43a2-8ca8-85b623ffd1e5_dp1,0
1780280888.7156267,1780280888.738774,23.1473445892334,chatcmpl-8e409761-03fa-4196-9ade-965272887644-97b13161,decode,1,0,452712,37,d61968e8-e4aa-43a2-8ca8-85b623ffd1e5_dp0,0
1780280888.7384598,1780280888.7468562,8.396387100219727,chatcmpl-ac1a17b0-90b4-4e5c-bad1-ddf5b78ea406-bf8d2031,decode,1,0,452712,14,d61968e8-e4aa-43a2-8ca8-85b623ffd1e5_dp1,0
1780280888.8736537,1780280888.8929634,19.30975914001465,chatcmpl-a93d3174-f70c-4abc-b9f7-c3dbe1ec3554-97222224,decode,1,0,452712,40,d61968e8-e4aa-43a2-8ca8-85b623ffd1e5_dp1,0
1780280888.9184675,1780280888.9187138,0.24628639221191406,chatcmpl-ef8aa36f-0e0b-4ab3-a2fa-cf59f3c2a4c5-af693579,decode,1,0,452712,2,d61968e8-e4aa-43a2-8ca8-85b623ffd1e5_dp0,0
1780280889.162629,1780280889.1628857,0.2567768096923828,chatcmpl-0b43eef5-8962-4ef8-b17c-8ed53de1da6c-85db0de0,decode,1,0,452712,4,d61968e8-e4aa-43a2-8ca8-85b623ffd1e5_dp0,0
1780280889.3709815,1780280889.3797626,8.781194686889648,chatcmpl-0de9a60a-6ae3-41c9-bc48-6850d4d29219-bea6f898,decode,1,0,452712,14,d61968e8-e4aa-43a2-8ca8-85b623ffd1e5_dp0,0
1780280889.4057612,1780280889.4060016,0.240325927734375,chatcmpl-dc0cc468-fd40-425f-9d08-37b2aae5b9f1-91674032,decode,1,0,452712,2,d61968e8-e4aa-43a2-8ca8-85b623ffd1e5_dp0,0
1780280889.5525293,1780280889.552785,0.255584716796875,chatcmpl-84ce21da-166a-47b1-8245-88872b40a46b-8884f267,decode,1,0,452712,4,d61968e8-e4aa-43a2-8ca8-85b623ffd1e5_dp0,0
1780280889.6861546,1780280889.6864216,0.26702880859375,chatcmpl-92a271e2-0005-457d-978e-31b904d41729-a9fd5a4c,decode,1,0,452712,3,d61968e8-e4aa-43a2-8ca8-85b623ffd1e5_dp1,0
1780280889.8355148,1780280889.8572876,21.77286148071289,chatcmpl-12588815-0f1d-4681-88bd-3743dbc4cd86-8d07e1a6,decode,1,0,452712,33,d61968e8-e4aa-43a2-8ca8-85b623ffd1e5_dp1,0
1780280889.857024,1780280889.8573,0.2760887145996094,chatcmpl-e15a808f-28d7-45d7-9f14-5f3b545f47fc-8521f6c6,decode,1,0,452712,3,d61968e8-e4aa-43a2-8ca8-85b623ffd1e5_dp0,0
1780280889.868662,1780280889.8689075,0.2453327178955078,chatcmpl-e415bcc6-63e8-4d0e-adb7-ada8b2195780-81db7c11,decode,1,0,452712,2,d61968e8-e4aa-43a2-8ca8-85b623ffd1e5_dp0,0
1780280889.9784653,1780280889.9787169,0.25153160095214844,chatcmpl-1621609e-6f65-4f7e-945c-107e360f5623-844ad877,decode,1,0,452712,2,d61968e8-e4aa-43a2-8ca8-85b623ffd1e5_dp0,0
1780280890.0268862,1780280890.0271957,0.3094673156738281,chatcmpl-bbbcb8bd-39b9-49c8-99cd-90d9bf7b9fc7-844123ed,decode,1,0,452712,2,d61968e8-e4aa-43a2-8ca8-85b623ffd1e5_dp1,0
1780280890.1933053,1780280890.207935,14.629840850830078,chatcmpl-b8d13474-6c48-47c2-b311-7e6039694e85-adb98791,decode,1,0,452712,48,d61968e8-e4aa-43a2-8ca8-85b623ffd1e5_dp0,0
1780280890.319368,1780280890.3196166,0.2486705780029297,chatcmpl-82be8a23-75f9-44ed-8812-3d1a8da91f1a-9480af89,decode,1,0,452712,2,d61968e8-e4aa-43a2-8ca8-85b623ffd1e5_dp0,0
1780280890.4416647,1780280890.4419193,0.25463104248046875,chatcmpl-2516e22a-6671-4777-9d8a-9a1c3512df2a-86283a44,decode,1,0,452712,2,d61968e8-e4aa-43a2-8ca8-85b623ffd1e5_dp1,0
1780280890.558319,1780280890.573899,15.579938888549805,chatcmpl-b5bdfbce-8251-4500-8593-8eb0785de283-9c6601cc,decode,1,0,452712,48,d61968e8-e4aa-43a2-8ca8-85b623ffd1e5_dp1,0
1780280890.5736077,1780280890.573911,0.3032684326171875,chatcmpl-fb440619-8707-4998-b77d-c8881965c9d4-bbbaf9a5,decode,1,0,452712,1,d61968e8-e4aa-43a2-8ca8-85b623ffd1e5_dp1,0
1780280890.5870798,1780280890.5873308,0.2510547637939453,chatcmpl-29c332c0-baf3-477c-8ec5-110a5ef4e880-8661b2cb,decode,1,0,452712,2,d61968e8-e4aa-43a2-8ca8-85b623ffd1e5_dp0,0
1780280890.696895,1780280890.7072105,10.315656661987305,chatcmpl-1d58fdeb-5605-487c-8401-6b66395a2f40-a29e9020,decode,1,0,452712,11,d61968e8-e4aa-43a2-8ca8-85b623ffd1e5_dp0,0
1780280890.811659,1780280890.8320034,20.344257354736328,chatcmpl-1f13218d-0cc8-43e4-a2e8-56cf61fa7ed3-99d54521,decode,1,0,452712,30,d61968e8-e4aa-43a2-8ca8-85b623ffd1e5_dp1,0
1780280891.0330532,1780280891.0333045,0.2512931823730469,chatcmpl-36751577-2af1-4c3b-a6b9-81249dc9e201-ab42f525,decode,1,0,452712,2,d61968e8-e4aa-43a2-8ca8-85b623ffd1e5_dp1,0
1780280891.0460138,1780280891.0463064,0.2925395965576172,chatcmpl-a57efaef-270a-4385-acc6-a9ad4a319b21-be39a527,decode,1,0,452712,3,d61968e8-e4aa-43a2-8ca8-85b623ffd1e5_dp0,0
1780280891.2987146,1780280891.3194125,20.697832107543945,chatcmpl-8c87f702-4fe7-4073-9c12-1e6c4fe39283-906b21d9,decode,1,0,452712,32,d61968e8-e4aa-43a2-8ca8-85b623ffd1e5_dp1,0
1780280891.3191087,1780280891.3194242,0.3154277801513672,chatcmpl-05016c2d-a87e-48d8-aaf4-788de3eb797d-8b5aa626,decode,1,0,452712,1,d61968e8-e4aa-43a2-8ca8-85b623ffd1e5_dp0,0
1780280891.5314507,1780280891.5316968,0.2460479736328125,chatcmpl-a23b6c89-8b7a-42f3-845c-70fdb1492433-a6bd75ea,decode,1,0,452712,1,d61968e8-e4aa-43a2-8ca8-85b623ffd1e5_dp1,0
1780280891.7585773,1780280891.767968,9.390592575073242,chatcmpl-b47af739-cf4c-4ed4-b03b-56c1ee960fa2-8ac807fd,decode,1,0,452712,12,d61968e8-e4aa-43a2-8ca8-85b623ffd1e5_dp0,0
1780280891.8196027,1780280891.8198874,0.2846717834472656,chatcmpl-bc6e3c76-9092-4058-8f26-1e63e0617fbc-9583f4db,decode,1,0,452712,2,d61968e8-e4aa-43a2-8ca8-85b623ffd1e5_dp0,0
1780280891.8568256,1780280891.8570774,0.25177001953125,chatcmpl-d4380068-4a17-4bea-abae-74a46cf3cca6-8a1c9439,decode,1,0,452712,2,d61968e8-e4aa-43a2-8ca8-85b623ffd1e5_dp0,0
1780280892.009185,1780280892.0094419,0.2567768096923828,chatcmpl-c1d55f6a-37cf-4681-bdd8-a6127bfba159-855b9586,decode,1,0,452712,5,d61968e8-e4aa-43a2-8ca8-85b623ffd1e5_dp1,0
1780280892.0611339,1780280892.080926,19.79207992553711,chatcmpl-07b9f65e-972f-47f4-b73a-0c271ef9d4aa-8c4b8701,decode,1,0,452712,32,d61968e8-e4aa-43a2-8ca8-85b623ffd1e5_dp1,0
1780280892.1839752,1780280892.1936316,9.656429290771484,chatcmpl-73e05f58-742e-41c7-974a-32b764bc6f6b-b74588fb,decode,1,0,452712,12,d61968e8-e4aa-43a2-8ca8-85b623ffd1e5_dp1,0
1780280892.209396,1780280892.209637,0.2410411834716797,chatcmpl-90784338-f0b8-41b2-97d7-0d07a3211bea-b795ed59,decode,1,0,452712,5,d61968e8-e4aa-43a2-8ca8-85b623ffd1e5_dp1,0
1780280892.3138804,1780280892.3141232,0.24271011352539062,chatcmpl-3da71e14-8a5b-4e3c-9813-5cbfc96dae45-aaf9d8bb,decode,1,0,452712,2,d61968e8-e4aa-43a2-8ca8-85b623ffd1e5_dp1,0
1780280892.346839,1780280892.3470764,0.23746490478515625,chatcmpl-8063966b-69bf-42c3-816f-b7c80370066c-bdbc3dea,decode,1,0,452712,8,d61968e8-e4aa-43a2-8ca8-85b623ffd1e5_dp0,0
1780280892.4966753,1780280892.517105,20.42984962463379,chatcmpl-4d2d24fe-51b0-40c8-83e5-8dca75aa52fb-9a25a526,decode,1,0,452712,28,d61968e8-e4aa-43a2-8ca8-85b623ffd1e5_dp1,0
1780280892.6348512,1780280892.650104,15.252828598022461,chatcmpl-7a807f00-f62b-4e72-b520-103f6ac3d5f0-9566fc29,decode,1,0,452712,45,d61968e8-e4aa-43a2-8ca8-85b623ffd1e5_dp0,0
1780280892.676429,1780280892.6766768,0.24771690368652344,chatcmpl-a61260d4-a986-44b3-8aec-64aac6cb8819-a93eb97a,decode,1,0,452712,2,d61968e8-e4aa-43a2-8ca8-85b623ffd1e5_dp0,0
1780280892.782251,1780280892.7974234,15.172481536865234,chatcmpl-8ae07ad7-a481-4f52-8f13-774e5057530e-a1f055d4,decode,1,0,452712,49,d61968e8-e4aa-43a2-8ca8-85b623ffd1e5_dp0,0
1780280892.8242633,1780280892.8245168,0.25343894958496094,chatcmpl-cae027e1-7c22-41bc-87fc-312934de0752-a86ee110,decode,1,0,452712,3,d61968e8-e4aa-43a2-8ca8-85b623ffd1e5_dp0,0
1780280893.0225513,1780280893.0227969,0.24557113647460938,chatcmpl-f35c4419-7e53-427f-a0a8-2f3ee0bf1ab3-9807b0c7,decode,1,0,452712,1,d61968e8-e4aa-43a2-8ca8-85b623ffd1e5_dp1,0
1780280893.0862627,1780280893.0865333,0.27060508728027344,chatcmpl-59a276b2-d669-439b-86af-ea64b0c4d98f-900a5885,decode,1,0,452712,3,d61968e8-e4aa-43a2-8ca8-85b623ffd1e5_dp0,0
1780280893.179143,1780280893.1941028,14.95981216430664,chatcmpl-634ab65e-96b7-40f9-9ec9-ae5fe9fbc8aa-93be930a,decode,1,0,452712,49,d61968e8-e4aa-43a2-8ca8-85b623ffd1e5_dp1,0
1780280893.2696652,1780280893.2699096,0.24437904357910156,chatcmpl-28216d7f-e855-406e-83b7-4d4f3bf60ea4-ad2696f0,decode,1,0,452712,1,d61968e8-e4aa-43a2-8ca8-85b623ffd1e5_dp1,0
1780280893.3337553,1780280893.334009,0.2536773681640625,chatcmpl-c4cd1106-17d6-4993-94d8-5e65203498a9-843205b7,decode,1,0,452712,3,d61968e8-e4aa-43a2-8ca8-85b623ffd1e5_dp1,0
1780280893.3464723,1780280893.346718,0.24580955505371094,chatcmpl-19789662-6825-4a3e-ade6-23d34915ca5c-8e805638,decode,1,0,452712,3,d61968e8-e4aa-43a2-8ca8-85b623ffd1e5_dp0,0
1780280893.4832742,1780280893.4835413,0.26702880859375,chatcmpl-3740359b-a61c-4e6f-b398-54f6bfb939d5-80ba9777,decode,1,0,452712,2,d61968e8-e4aa-43a2-8ca8-85b623ffd1e5_dp1,0
1780280893.5363207,1780280893.5460858,9.765148162841797,chatcmpl-4826ace1-7c7f-4c3c-933b-ff094142429a-835af959,decode,1,0,452712,22,d61968e8-e4aa-43a2-8ca8-85b623ffd1e5_dp0,0
1780280893.545818,1780280893.5460978,0.2796649932861328,chatcmpl-eb734c24-eb8d-405d-a7b7-94a2ce5e2bfc-94d175c5,decode,1,0,452712,2,d61968e8-e4aa-43a2-8ca8-85b623ffd1e5_dp1,0
1780280893.5833678,1780280893.5836172,0.24938583374023438,chatcmpl-5e4e0baf-ec81-4c22-810f-648b21da56f9-91e357ac,decode,1,0,452712,2,d61968e8-e4aa-43a2-8ca8-85b623ffd1e5_dp0,0
1780280893.824473,1780280893.8397014,15.228509902954102,chatcmpl-9201acef-e24e-4299-8806-c1ef5c2b8521-83a286c7,decode,1,0,452712,46,d61968e8-e4aa-43a2-8ca8-85b623ffd1e5_dp1,0
1780280893.9168801,1780280893.9254074,8.527278900146484,chatcmpl-759496df-7a44-4db5-b5ba-f1c1320cae5c-9f2fcb94,decode,1,0,452712,20,d61968e8-e4aa-43a2-8ca8-85b623ffd1e5_dp1,0
1780280894.048959,1780280894.0694873,20.528316497802734,chatcmpl-2f5eda3a-4c48-407b-a8b9-07aefe93c218-b0db8c48,decode,1,0,452712,25,d61968e8-e4aa-43a2-8ca8-85b623ffd1e5_dp1,0
1780280894.0964522,1780280894.0966942,0.24199485778808594,chatcmpl-462089bb-0273-4d5e-9c3e-85e3c17a865a-a3af67c5,decode,1,0,452712,4,d61968e8-e4aa-43a2-8ca8-85b623ffd1e5_dp0,0
1780280894.1223783,1780280894.1226177,0.23937225341796875,chatcmpl-0304c38c-4ba4-4ad8-8e3d-f3c7721fc861-8f80f5e5,decode,1,0,452712,6,d61968e8-e4aa-43a2-8ca8-85b623ffd1e5_dp0,0
1780280894.2380412,1780280894.2529187,14.877557754516602,chatcmpl-56dab04b-db47-4b0b-9443-2f994911997e-808e544d,decode,1,0,452712,50,d61968e8-e4aa-43a2-8ca8-85b623ffd1e5_dp1,0
1780280894.2445054,1780280894.2529504,8.445024490356445,chatcmpl-6a2487be-f612-437c-a71b-cf98d24afc67-83910a8f,decode,1,0,452712,12,d61968e8-e4aa-43a2-8ca8-85b623ffd1e5_dp0,0
1780280894.2918758,1780280894.2921333,0.2574920654296875,chatcmpl-d58a2e13-f142-4a21-929d-d3fcf5625ea3-937d62e3,decode,1,0,452712,2,d61968e8-e4aa-43a2-8ca8-85b623ffd1e5_dp1,0
1780280894.4086447,1780280894.4279277,19.283056259155273,chatcmpl-91a6a779-a42d-48d6-9af4-cb3dfbd687a5-b8255530,decode,1,0,452712,41,d61968e8-e4aa-43a2-8ca8-85b623ffd1e5_dp0,0
1780280894.4163504,1780280894.4279554,11.605024337768555,chatcmpl-ccb17346-bd01-442c-bcbb-d0b780312868-a1430d47,decode,1,0,452712,2,d61968e8-e4aa-43a2-8ca8-85b623ffd1e5_dp1,0
1780280894.4539115,1780280894.4541514,0.23984909057617188,chatcmpl-f3ca2904-bf3b-40b3-a205-fa1b0ae3d468-8081928a,decode,1,0,452712,2,d61968e8-e4aa-43a2-8ca8-85b623ffd1e5_dp0,0
1780280894.7055473,1780280894.7136173,8.069992065429688,chatcmpl-8c6f77b8-3cee-4601-85be-4a86978a5191-8749b5a0,decode,1,0,452712,19,d61968e8-e4aa-43a2-8ca8-85b623ffd1e5_dp0,0
1780280894.7402627,1780280894.7405279,0.2651214599609375,chatcmpl-6c803b3c-2283-4c59-9387-67e21c161edb-81b6fa7a,decode,1,0,452712,3,d61968e8-e4aa-43a2-8ca8-85b623ffd1e5_dp1,0
1780280894.9475727,1780280894.9478145,0.24175643920898438,chatcmpl-025f21ff-510a-4b84-895c-bd9e9f474dcb-afd013a2,decode,1,0,452712,1,d61968e8-e4aa-43a2-8ca8-85b623ffd1e5_dp0,0
1780280895.101284,1780280895.101583,0.2989768981933594,chatcmpl-515e09a4-7c43-437f-b35a-3176d4c1a871-b8c6439e,decode,1,0,452712,5,d61968e8-e4aa-43a2-8ca8-85b623ffd1e5_dp0,0
1780280895.1116445,1780280895.1118975,0.2529621124267578,chatcmpl-45b8faac-4886-4370-90de-0bc5af921977-982c9828,decode,1,0,452712,2,d61968e8-e4aa-43a2-8ca8-85b623ffd1e5_dp1,0
1780280895.1619897,1780280895.1622546,0.26488304138183594,chatcmpl-2fc21c43-5e53-4e69-a84e-bad1d3558681-9d22e767,decode,1,0,452712,4,d61968e8-e4aa-43a2-8ca8-85b623ffd1e5_dp1,0
1780280895.273095,1780280895.2733576,0.2627372741699219,chatcmpl-2d80ed42-53d8-45bf-a208-5b8302175dbc-b24d600b,decode,1,0,452712,2,d61968e8-e4aa-43a2-8ca8-85b623ffd1e5_dp0,0
1780280895.349716,1780280895.3499792,0.263214111328125,chatcmpl-b700e60a-50cb-4225-a37c-2a12d4bf368c-936de8ab,decode,1,0,452712,5,d61968e8-e4aa-43a2-8ca8-85b623ffd1e5_dp0,0
1780280895.4139016,1780280895.41902,5.118370056152344,chatcmpl-7037279b-3c48-453f-8b2f-be0e8c586d8a-97c5ac70,decode,1,0,452712,8,d61968e8-e4aa-43a2-8ca8-85b623ffd1e5_dp0,0
1780280895.418742,1780280895.433792,15.050172805786133,chatcmpl-3bc797dd-82f9-4f80-9c8d-40f8fe0f1625-be29760e,decode,1,0,452712,31,d61968e8-e4aa-43a2-8ca8-85b623ffd1e5_dp1,0
1780280895.4882681,1780280895.488534,0.2658367156982422,chatcmpl-25824893-6968-4e5d-aa2b-178c5c29145f-b2f0cc09,decode,1,0,452712,7,d61968e8-e4aa-43a2-8ca8-85b623ffd1e5_dp1,0
1780280895.6353912,1780280895.6550589,19.667625427246094,chatcmpl-25783322-1019-46d4-bb12-1687834b33dd-91122aa2,decode,1,0,452712,63,d61968e8-e4aa-43a2-8ca8-85b623ffd1e5_dp0,0
1780280895.6547344,1780280895.6756577,20.923376083374023,chatcmpl-a5c28b39-67d7-4cdd-8378-06271bb0a97e-9c4ef3c9,decode,1,0,452712,27,d61968e8-e4aa-43a2-8ca8-85b623ffd1e5_dp1,0
1780280895.72727,1780280895.7275295,0.25963783264160156,chatcmpl-6d27def3-eadb-4732-9b7f-00388163529f-886401bb,decode,1,0,452712,2,d61968e8-e4aa-43a2-8ca8-85b623ffd1e5_dp1,0
1780280895.908192,1780280895.9277644,19.57249641418457,chatcmpl-250061db-f454-49f8-9a83-4ded7686d57b-b8280ce4,decode,1,0,452712,49,d61968e8-e4aa-43a2-8ca8-85b623ffd1e5_dp1,0
1780280895.9274797,1780280895.9483068,20.827054977416992,chatcmpl-19af53fe-eda8-49c4-a7af-df5ce8c32108-86c5c0a3,decode,1,0,452712,24,d61968e8-e4aa-43a2-8ca8-85b623ffd1e5_dp0,0
1780280896.0142925,1780280896.014554,0.26154518127441406,chatcmpl-8ed45a95-f619-4779-bb53-8838ad60b861-af8e07de,decode,1,0,452712,5,d61968e8-e4aa-43a2-8ca8-85b623ffd1e5_dp0,0
1780280896.0379622,1780280896.0382168,0.25463104248046875,chatcmpl-3ba93bc7-ecd3-4127-a02d-7584333c0705-b9a16801,decode,1,0,452712,3,d61968e8-e4aa-43a2-8ca8-85b623ffd1e5_dp0,0
1780280896.164092,1780280896.1730888,8.996725082397461,chatcmpl-85e1ee68-7246-4f9c-96c5-c4ec2489df05-b77f246b,decode,1,0,452712,17,d61968e8-e4aa-43a2-8ca8-85b623ffd1e5_dp0,0
1780280896.2633183,1780280896.2716162,8.297920227050781,chatcmpl-92069584-8883-422a-b9d4-ed4594a75698-976f9523,decode,1,0,452712,20,d61968e8-e4aa-43a2-8ca8-85b623ffd1e5_dp0,0
1780280896.3500783,1780280896.3503318,0.25343894958496094,chatcmpl-02cc58c9-c476-440d-85f4-e08829f9ca7e-81bede1d,decode,1,0,452712,7,d61968e8-e4aa-43a2-8ca8-85b623ffd1e5_dp0,0
1780280896.3871047,1780280896.3873892,0.28443336486816406,chatcmpl-fea6d9bf-8fc0-4369-a4ac-721c3f63fa84-a3e2d15f,decode,1,0,452712,8,d61968e8-e4aa-43a2-8ca8-85b623ffd1e5_dp1,0
1780280896.4738722,1780280896.4952016,21.329402923583984,chatcmpl-0f687c10-120c-4647-a503-ecd9ea5ea7ab-8ea0485a,decode,1,0,452712,27,d61968e8-e4aa-43a2-8ca8-85b623ffd1e5_dp1,0
1780280896.4948983,1780280896.495216,0.31757354736328125,chatcmpl-2820d60d-9541-4ec1-a46f-c726c5f0c400-b0d62ff9,decode,1,0,452712,3,d61968e8-e4aa-43a2-8ca8-85b623ffd1e5_dp1,0
1780280896.532074,1780280896.5323145,0.24056434631347656,chatcmpl-0ce89fc4-68f8-4700-bcdd-efaa61a6001e-a10a0dc3,decode,1,0,452712,2,d61968e8-e4aa-43a2-8ca8-85b623ffd1e5_dp1,0
1780280896.647451,1780280896.6476939,0.2429485321044922,chatcmpl-4a6cc680-c182-46a2-ae55-4be1d7763eae-ac73358f,decode,1,0,452712,8,d61968e8-e4aa-43a2-8ca8-85b623ffd1e5_dp1,0
1780280896.6585839,1780280896.667486,8.90207290649414,chatcmpl-e5636412-0bae-4f2d-aa09-e8fb296f4309-888bc2e9,decode,1,0,452712,19,d61968e8-e4aa-43a2-8ca8-85b623ffd1e5_dp0,0
1780280896.8919332,1780280896.892204,0.270843505859375,chatcmpl-2e57ade4-a8eb-488d-8bf1-28baa59310c4-91ae087a,decode,1,0,452712,1,d61968e8-e4aa-43a2-8ca8-85b623ffd1e5_dp0,0
1780280897.119831,1780280897.1387873,18.95618438720703,chatcmpl-6cc5d077-11b6-43e5-8af9-4c7fce899e84-aa1c8aa0,decode,1,0,452712,40,d61968e8-e4aa-43a2-8ca8-85b623ffd1e5_dp0,0
1780280897.2066147,1780280897.2246726,18.057823181152344,chatcmpl-0901dc4f-53ca-4d3d-8f7d-503f9eab8105-b4acab17,decode,1,0,452712,33,d61968e8-e4aa-43a2-8ca8-85b623ffd1e5_dp0,0
1780280897.2436075,1780280897.2438715,0.2639293670654297,chatcmpl-9c7fdb93-9a9e-48d4-bab4-906610b577af-8a402e84,decode,1,0,452712,10,d61968e8-e4aa-43a2-8ca8-85b623ffd1e5_dp0,0
1780280897.2504253,1780280897.2506726,0.2472400665283203,chatcmpl-3eec13ed-05fd-4540-a1c6-ec04fa8fc2c0-873561ca,decode,1,0,452712,2,d61968e8-e4aa-43a2-8ca8-85b623ffd1e5_dp1,0
1780280897.3121486,1780280897.3124042,0.255584716796875,chatcmpl-e136feea-382a-4c6f-877a-901ee1367f92-b57278d4,decode,1,0,452712,2,d61968e8-e4aa-43a2-8ca8-85b623ffd1e5_dp0,0
1780280897.386509,1780280897.386759,0.25010108947753906,chatcmpl-51390698-dbac-44e0-b3bf-71234d04e5cf-be1d91c8,decode,1,0,452712,2,d61968e8-e4aa-43a2-8ca8-85b623ffd1e5_dp0,0
1780280897.6148787,1780280897.6340578,19.179105758666992,chatcmpl-5b84b92b-7f91-47a8-939c-e02b697c937a-baf09b61,decode,1,0,452712,39,d61968e8-e4aa-43a2-8ca8-85b623ffd1e5_dp1,0
1780280898.034568,1780280898.0348086,0.24056434631347656,chatcmpl-eedda204-1508-4962-a9f3-eafb5b018900-a3ff3a06,decode,1,0,452712,2,d61968e8-e4aa-43a2-8ca8-85b623ffd1e5_dp1,0
1780280898.2683275,1780280898.2685797,0.2522468566894531,chatcmpl-a26b79f6-203b-43e6-b50c-54cb0eac921a-be71a32c,decode,1,0,452712,3,d61968e8-e4aa-43a2-8ca8-85b623ffd1e5_dp1,0
1780280898.3413117,1780280898.3415718,0.2601146697998047,chatcmpl-7f0779b1-28fa-4efa-a474-c8344d2bbe03-8f326421,decode,1,0,452712,2,d61968e8-e4aa-43a2-8ca8-85b623ffd1e5_dp1,0
1780280898.381616,1780280898.3895323,7.91621208190918,chatcmpl-e3a0367a-01c2-4275-8751-bbf39c8f98f0-a2bf1335,decode,1,0,452712,23,d61968e8-e4aa-43a2-8ca8-85b623ffd1e5_dp1,0
1780280898.5018394,1780280898.502091,0.25153160095214844,chatcmpl-adc9010b-7fb3-4513-8439-a8b84f8092e9-a4f601d2,decode,1,0,452712,2,d61968e8-e4aa-43a2-8ca8-85b623ffd1e5_dp0,0
1780280898.7741706,1780280898.7744384,0.2677440643310547,chatcmpl-1cf32058-c311-44a0-bb54-c89fa029bc07-aa80a8e5,decode,1,0,452712,3,d61968e8-e4aa-43a2-8ca8-85b623ffd1e5_dp1,0
1780280898.8577535,1780280898.857991,0.23746490478515625,chatcmpl-3a35eb58-2888-4808-9544-304e4e91e4e9-87a52c8f,decode,1,0,452712,1,d61968e8-e4aa-43a2-8ca8-85b623ffd1e5_dp0,0
1780280898.9596672,1780280898.9679704,8.303165435791016,chatcmpl-17c0cd3e-2375-4f63-8632-367bcee0dc80-a5c830c1,decode,1,0,452712,20,d61968e8-e4aa-43a2-8ca8-85b623ffd1e5_dp1,0
1780280899.095597,1780280899.0958393,0.2422332763671875,chatcmpl-49150064-30c6-463b-a13e-846398a2e636-b823d0a9,decode,1,0,452712,7,d61968e8-e4aa-43a2-8ca8-85b623ffd1e5_dp1,0
1780280899.1045084,1780280899.1047523,0.24390220642089844,chatcmpl-b8ce9f81-b4c0-4e44-ba6f-4bda35243a17-853eec9d,decode,1,0,452712,2,d61968e8-e4aa-43a2-8ca8-85b623ffd1e5_dp0,0
1780280899.2060122,1780280899.2140484,8.036136627197266,chatcmpl-eec852f2-ff80-412a-afdd-5df810a4bbca-810cb566,decode,1,0,452712,19,d61968e8-e4aa-43a2-8ca8-85b623ffd1e5_dp0,0
1780280899.2422335,1780280899.2510061,8.772611618041992,chatcmpl-4446f8cf-04c9-4046-8a1e-53f2e146037e-b3b598cb,decode,1,0,452712,16,d61968e8-e4aa-43a2-8ca8-85b623ffd1e5_dp1,0
1780280899.299942,1780280899.300182,0.24008750915527344,chatcmpl-1c413774-cae8-4029-a763-d1f1be6c8bf6-aedc396c,decode,1,0,452712,1,d61968e8-e4aa-43a2-8ca8-85b623ffd1e5_dp1,0
1780280899.329676,1780280899.3486123,18.9363956451416,chatcmpl-0330bd0d-5856-4357-b2a3-1e40ddf5d4fd-8b2e6f78,decode,1,0,452712,23,d61968e8-e4aa-43a2-8ca8-85b623ffd1e5_dp0,0
1780280899.3772264,1780280899.3852603,8.033990859985352,chatcmpl-e68be519-97de-4aec-8056-c2177dfedeea-beb0c74a,decode,1,0,452712,19,d61968e8-e4aa-43a2-8ca8-85b623ffd1e5_dp1,0
1780280899.467893,1780280899.4681237,0.2307891845703125,chatcmpl-c7051663-a7b3-46af-aa20-b5528f0dd49e-82d124fc,decode,1,0,452712,2,d61968e8-e4aa-43a2-8ca8-85b623ffd1e5_dp1,0
1780280899.480262,1780280899.4805148,0.25272369384765625,chatcmpl-cd446103-2b0c-4f08-85e1-d010f306e330-be4ae62d,decode,1,0,452712,2,d61968e8-e4aa-43a2-8ca8-85b623ffd1e5_dp0,0
1780280899.5719144,1780280899.5868976,14.983177185058594,chatcmpl-131327bc-aa31-422f-8bc7-37f823a365c8-8feae362,decode,1,0,452712,47,d61968e8-e4aa-43a2-8ca8-85b623ffd1e5_dp1,0
1780280899.6751432,1780280899.6753967,0.25343894958496094,chatcmpl-8b9680a7-1795-40ba-9dc7-b552a0e39161-97445406,decode,1,0,452712,2,d61968e8-e4aa-43a2-8ca8-85b623ffd1e5_dp0,0
1780280899.7539597,1780280899.7731955,19.235849380493164,chatcmpl-cd3f96e9-93f2-4563-a30a-d6d6f8101e10-bf423a4c,decode,1,0,452712,40,d61968e8-e4aa-43a2-8ca8-85b623ffd1e5_dp1,0
1780280899.946972,1780280899.9472144,0.24247169494628906,chatcmpl-1b917d3c-f204-44b0-8944-af43ecba8a79-9c8bbdde,decode,1,0,452712,1,d61968e8-e4aa-43a2-8ca8-85b623ffd1e5_dp1,0
1780280900.1279821,1780280900.1539035,25.921344757080078,chatcmpl-ed9623ba-52b8-4fef-8fb4-bff519e2b0e9-a77509d5,decode,1,0,452712,41,d61968e8-e4aa-43a2-8ca8-85b623ffd1e5_dp1,0
1780280900.1505017,1780280900.1656268,15.125036239624023,chatcmpl-b9f93539-b86d-4ad8-be7a-ef93166b26d4-833be998,decode,1,0,452712,25,d61968e8-e4aa-43a2-8ca8-85b623ffd1e5_dp0,0
1780280900.2760034,1780280900.2762458,0.24247169494628906,chatcmpl-29766c0b-052e-4255-83e4-104b2ac390a9-ae3efbbc,decode,1,0,452712,3,d61968e8-e4aa-43a2-8ca8-85b623ffd1e5_dp1,0
1780280900.3672068,1780280900.3859754,18.7685489654541,chatcmpl-e86f9508-5175-4ad8-9a07-24b941390dc8-83ae7f6a,decode,1,0,452712,35,d61968e8-e4aa-43a2-8ca8-85b623ffd1e5_dp1,0
1780280900.3741345,1780280900.3860395,11.90495491027832,chatcmpl-07e73a7c-b485-4714-9806-8701ac80d79e-84a37973,decode,1,0,452712,2,d61968e8-e4aa-43a2-8ca8-85b623ffd1e5_dp0,0
1780280900.400423,1780280900.4105227,10.099649429321289,chatcmpl-33646a22-ad2f-44ff-a326-9729f4441f5f-abce8e7a,decode,1,0,452712,11,d61968e8-e4aa-43a2-8ca8-85b623ffd1e5_dp1,0
1780280900.501576,1780280900.5220957,20.519733428955078,chatcmpl-bf7a3aab-48a6-4434-9763-51c14e88f2b7-b4aa0e43,decode,1,0,452712,24,d61968e8-e4aa-43a2-8ca8-85b623ffd1e5_dp1,0
1780280900.5881135,1780280900.596373,8.25953483581543,chatcmpl-05efb23f-973f-4cfb-80de-2131d1fd0663-b264abc8,decode,1,0,452712,19,d61968e8-e4aa-43a2-8ca8-85b623ffd1e5_dp0,0
1780280900.7503636,1780280900.7585113,8.147716522216797,chatcmpl-e8c3739a-ff62-4ed2-9f23-4e559e048501-a061eea8,decode,1,0,452712,14,d61968e8-e4aa-43a2-8ca8-85b623ffd1e5_dp1,0
1780280900.95187,1780280900.9698572,17.98725128173828,chatcmpl-b7dcd3f9-6724-4431-82d9-443b00ef10e5-ab73b2c7,decode,1,0,452712,35,d61968e8-e4aa-43a2-8ca8-85b623ffd1e5_dp0,0
1780280900.9531715,1780280900.969883,16.71147346496582,chatcmpl-85829a16-3b44-4f33-ae6d-a1f8343e549e-bcf2135b,decode,1,0,452712,2,d61968e8-e4aa-43a2-8ca8-85b623ffd1e5_dp0,0
1780280901.0794356,1780280901.0945485,15.112876892089844,chatcmpl-f05cd981-3eb6-468e-9329-cc9e51a44a03-8dfe2ae0,decode,1,0,452712,55,d61968e8-e4aa-43a2-8ca8-85b623ffd1e5_dp0,0
1780280901.0840945,1780280901.094592,10.497570037841797,chatcmpl-aed42b98-67dd-4e5a-9b09-e54d9a2f85ca-af3effee,decode,1,0,452712,2,d61968e8-e4aa-43a2-8ca8-85b623ffd1e5_dp1,0
1780280901.1366055,1780280901.1370087,0.4031658172607422,chatcmpl-0400b5cc-96a6-4bda-8a6e-a07eb0901a50-a3caef55,decode,1,0,452712,6,d61968e8-e4aa-43a2-8ca8-85b623ffd1e5_dp1,0
1780280901.1862926,1780280901.1949463,8.653640747070312,chatcmpl-d509ec6c-c42c-4e5d-832e-2a7397b5d486-a89bfa81,decode,1,0,452712,11,d61968e8-e4aa-43a2-8ca8-85b623ffd1e5_dp0,0
1780280901.2085078,1780280901.2089403,0.4324913024902344,chatcmpl-b18dc351-a0ee-471e-a936-c10655d93e9e-88a310c4,decode,1,0,452712,2,d61968e8-e4aa-43a2-8ca8-85b623ffd1e5_dp0,0
1780280901.2334116,1780280901.2338107,0.3991127014160156,chatcmpl-e9b9614c-ddbe-4d07-b418-eb0d6a752a16-9d42e1b4,decode,1,0,452712,2,d61968e8-e4aa-43a2-8ca8-85b623ffd1e5_dp1,0
1780280901.3182302,1780280901.3342426,16.01243019104004,chatcmpl-3a5c9472-8adb-43a4-b0aa-1e5e8e9986b5-a02df981,decode,1,0,452712,46,d61968e8-e4aa-43a2-8ca8-85b623ffd1e5_dp0,0
1780280901.3509634,1780280901.3513894,0.4260540008544922,chatcmpl-b71e3e9f-d411-46f3-8b04-8f8762c0ceb7-b177aae1,decode,1,0,452712,6,d61968e8-e4aa-43a2-8ca8-85b623ffd1e5_dp0,0
1780280901.607676,1780280901.6260002,18.32413673400879,chatcmpl-9ab89512-8f4c-4609-8db0-08a7799b2301-8b361cbc,decode,1,0,452712,38,d61968e8-e4aa-43a2-8ca8-85b623ffd1e5_dp0,0
1780280901.6854353,1780280901.7134037,27.968406677246094,chatcmpl-068d5062-2a6e-48e8-a779-752276edafef-a6f1471e,decode,1,0,452712,43,d61968e8-e4aa-43a2-8ca8-85b623ffd1e5_dp0,0
1780280901.709618,1780280901.7255123,15.894174575805664,chatcmpl-c17731bc-2b97-4261-8718-030859468df2-83220efe,decode,1,0,452712,30,d61968e8-e4aa-43a2-8ca8-85b623ffd1e5_dp1,0
1780280901.725111,1780280901.7255237,0.4127025604248047,chatcmpl-f19dc1fc-c536-45e1-b024-09c8b7b2b105-865983eb,decode,1,0,452712,1,d61968e8-e4aa-43a2-8ca8-85b623ffd1e5_dp0,0
1780280901.8902726,1780280901.905752,15.479326248168945,chatcmpl-d2ccbc4c-39e8-4d37-81b6-2ded50e87f54-a33203f1,decode,1,0,452712,49,d61968e8-e4aa-43a2-8ca8-85b623ffd1e5_dp0,0
1780280901.8958054,1780280901.905787,9.981632232666016,chatcmpl-09762db5-aad2-4c7e-986e-1d4e3a77923d-8cee4bb0,decode,1,0,452712,4,d61968e8-e4aa-43a2-8ca8-85b623ffd1e5_dp1,0
1780280901.9687214,1780280901.9763658,7.644414901733398,chatcmpl-ccbbdeb4-a1d5-47af-ab5d-bd0ce29695b6-8819b12a,decode,1,0,452712,1,d61968e8-e4aa-43a2-8ca8-85b623ffd1e5_dp0,0
1780280901.9759777,1780280901.993331,17.353296279907227,chatcmpl-26f4be40-5d8b-439d-a161-469a4ec77b68-bdf014eb,decode,1,0,452712,40,d61968e8-e4aa-43a2-8ca8-85b623ffd1e5_dp0,0
1780280901.9817605,1780280901.993389,11.628389358520508,chatcmpl-6327f3fa-c46f-4534-9e06-388dd45298a5-a8a906f5,decode,1,0,452712,2,d61968e8-e4aa-43a2-8ca8-85b623ffd1e5_dp1,0
1780280902.0572135,1780280902.057641,0.42748451232910156,chatcmpl-68f3a604-d634-4848-80e7-a9e5dbc33dba-bd5ec4f5,decode,1,0,452712,2,d61968e8-e4aa-43a2-8ca8-85b623ffd1e5_dp0,0
1780280902.1542969,1780280902.1753242,21.027326583862305,chatcmpl-37dd723f-4a84-4fec-a431-a45aa95d0444-9a878af3,decode,1,0,452712,65,d61968e8-e4aa-43a2-8ca8-85b623ffd1e5_dp1,0
1780280902.174938,1780280902.1847732,9.835243225097656,chatcmpl-0f7b9d5c-bb44-4b92-85c1-26f082bbe29a-96862734,decode,1,0,452712,20,d61968e8-e4aa-43a2-8ca8-85b623ffd1e5_dp0,0
1780280902.184368,1780280902.1847847,0.41675567626953125,chatcmpl-6a694434-cb97-42ec-9ab1-d87f4210a428-b4f51fc7,decode,1,0,452712,3,d61968e8-e4aa-43a2-8ca8-85b623ffd1e5_dp0,0
1780280902.3158984,1780280902.328259,12.360572814941406,chatcmpl-09c8bfad-c82a-475c-814a-21cae60ae7e8-90186f02,decode,1,0,452712,22,d61968e8-e4aa-43a2-8ca8-85b623ffd1e5_dp0,0
1780280902.327824,1780280902.3355293,7.705211639404297,chatcmpl-4015f07c-4953-40f8-a8b5-5f081a876768-9da462f9,decode,1,0,452712,19,d61968e8-e4aa-43a2-8ca8-85b623ffd1e5_dp0,0
1780280902.5545924,1780280902.5549788,0.3864765167236328,chatcmpl-01ceaf72-fbb6-4e5d-bf30-e1f0091ab970-a718da1c,decode,1,0,452712,5,d61968e8-e4aa-43a2-8ca8-85b623ffd1e5_dp1,0
1780280902.6527414,1780280902.6530786,0.3371238708496094,chatcmpl-b326589c-cecc-430e-9e1b-58b63e7756af-b565f6c4,decode,1,0,452712,2,d61968e8-e4aa-43a2-8ca8-85b623ffd1e5_dp1,0
1780280902.6933637,1780280902.6937544,0.39076805114746094,chatcmpl-b8dc82af-c098-46dd-942c-07b1c5cea562-8dd0b93b,decode,1,0,452712,6,d61968e8-e4aa-43a2-8ca8-85b623ffd1e5_dp1,0
1780280902.7443528,1780280902.7539983,9.645462036132812,chatcmpl-3468cb8c-fe9e-4438-a5f8-3a12a0a731d8-93ab5ec9,decode,1,0,452712,25,d61968e8-e4aa-43a2-8ca8-85b623ffd1e5_dp1,0
1780280902.753555,1780280902.7540116,0.4565715789794922,chatcmpl-2782efd2-8ebb-4da9-97dd-1f158e674f05-b324a2ba,decode,1,0,452712,3,d61968e8-e4aa-43a2-8ca8-85b623ffd1e5_dp0,0
1780280903.0321732,1780280903.0325766,0.40340423583984375,chatcmpl-44a97eda-249a-4653-86ee-2b3ac64f02d4-97b47cf5,decode,1,0,452712,2,d61968e8-e4aa-43a2-8ca8-85b623ffd1e5_dp1,0
1780280903.0697615,1780280903.0701413,0.37980079650878906,chatcmpl-9d2b36dc-a7ed-49d4-9e2a-59d037ada6f7-9fdacd8c,decode,1,0,452712,2,d61968e8-e4aa-43a2-8ca8-85b623ffd1e5_dp0,0
1780280903.4334388,1780280903.4338362,0.3974437713623047,chatcmpl-af9dea15-e7b6-491a-95a9-01df616567a5-89eac71c,decode,1,0,452712,4,d61968e8-e4aa-43a2-8ca8-85b623ffd1e5_dp1,0
1780280903.4554555,1780280903.4558365,0.3809928894042969,chatcmpl-888787c2-4742-4a36-8d73-1193fd02b5f6-81a52047,decode,1,0,452712,1,d61968e8-e4aa-43a2-8ca8-85b623ffd1e5_dp0,0
1780280903.7590342,1780280903.777629,18.594741821289062,chatcmpl-a0bbb537-692b-4bb5-98d7-0e531d65fc16-a9f71505,decode,1,0,452712,28,d61968e8-e4aa-43a2-8ca8-85b623ffd1e5_dp1,0
1780280903.8702302,1780280903.8768938,6.66356086730957,chatcmpl-e8debe06-ef20-47b0-bb67-1af3e5472e46-86b60524,decode,1,0,452712,18,d61968e8-e4aa-43a2-8ca8-85b623ffd1e5_dp1,0
1780280903.9571917,1780280903.9643033,7.111549377441406,chatcmpl-6aa59a94-734d-4ec3-911f-e79a7c762fb5-94746c77,decode,1,0,452712,19,d61968e8-e4aa-43a2-8ca8-85b623ffd1e5_dp1,0
1780280904.0683646,1780280904.0760703,7.7056884765625,chatcmpl-85889d8c-6b23-42b6-8b6d-11b5969f9bfa-ad4da2b2,decode,1,0,452712,12,d61968e8-e4aa-43a2-8ca8-85b623ffd1e5_dp1,0
