start,end,duration_ms,poll_ts,poll_slack_ms,start_time_us,start_time_raw_s,start_time_s,start_time_to_poll_ms,post_begin_to_start_time_ms,post_cpu_ms,post_duration_ms,bytes_transferred,throughput_gbps,desc_count,req,handle,role,dp,tp,pid,n_blocks,remote_engine,remote_rank,interval_source
1780281024.1227367,1780281024.1351397,12.403,1780281024.1351614,0.021696090698242188,137394084403,137394.084403,1780281024.1227367,12.424707412719727,0.005245208740234375,5.461454391479492,5.438,12582912,1.0145055228573732,768,chatcmpl-9f92a780-b9d6-4a75-9e4c-fcb4d2d8aa4b-b9054241,"nixl_xfer_handle(0x5af9a3e6b3e0, released=False)",decode,0,0,452715,8,d61968e8-e4aa-43a2-8ca8-85b623ffd1e5_dp0,0,nixl_start_time
1780281024.1593037,1780281024.1833797,24.076,1780281024.1834354,0.055789947509765625,137394120970,137394.12097,1780281024.1593037,24.13177490234375,0.0050067901611328125,6.913185119628906,6.88,12582912,0.5226329955142051,768,chatcmpl-3cc09b6b-620a-4637-8146-f8d0df9babdc-a7ff87f2,"nixl_xfer_handle(0x556359a13ec0, released=False)",decode,1,0,452712,8,d61968e8-e4aa-43a2-8ca8-85b623ffd1e5_dp1,0,nixl_start_time
1780281024.2203026,1780281024.2221725,1.8699999999999999,1780281024.2224872,0.3147125244140625,137394181969,137394.181969,1780281024.2203026,2.184629440307617,0.005245208740234375,1.8930435180664062,1.87,3145728,1.682207486631016,192,chatcmpl-d4c6617d-c1c6-48d0-ada0-cfd8cd259833-88fcd7eb,"nixl_xfer_handle(0x5af9a3e6b3e0, released=False)",decode,0,0,452715,2,d61968e8-e4aa-43a2-8ca8-85b623ffd1e5_dp1,0,nixl_start_time
1780281024.2806966,1780281024.2928576,12.161,1780281024.292921,0.06341934204101562,137394242363,137394.242363,1780281024.2806966,12.224435806274414,0.004291534423828125,5.204677581787109,5.174,11010048,0.9053571252364114,672,chatcmpl-612631e1-bfe8-407a-802d-24fb185efcf1-a5a6c8b8,"nixl_xfer_handle(0x556359a13ec0, released=False)",decode,1,0,452712,7,d61968e8-e4aa-43a2-8ca8-85b623ffd1e5_dp0,0,nixl_start_time
1780281024.3293316,1780281024.3413267,11.995000000000001,1780281024.3413768,0.050067901611328125,137394290998,137394.290998,1780281024.3293316,12.045145034790039,0.006198883056640625,5.357265472412109,5.336,20447232,1.704646269278866,1248,chatcmpl-6d2b54ad-05a5-45d3-8254-6dad1d20c410-b02233a2,"nixl_xfer_handle(0x5af9a3e6b3e0, released=False)",decode,0,0,452715,13,d61968e8-e4aa-43a2-8ca8-85b623ffd1e5_dp1,0,nixl_start_time
1780281024.3900037,1780281024.4023757,12.372,1780281024.4023957,0.02002716064453125,137394351670,137394.35167,1780281024.3900037,12.392044067382812,0.00476837158203125,2.275705337524414,2.241,4718592,0.38139282250242484,288,chatcmpl-bb574794-2906-4e0b-9de0-5b3f3a142f4e-9d73320c,"nixl_xfer_handle(0x556359a13ec0, released=False)",decode,1,0,452712,3,d61968e8-e4aa-43a2-8ca8-85b623ffd1e5_dp0,0,nixl_start_time
1780281024.4022956,1780281024.4279857,25.69,1780281024.4280643,0.07867813110351562,137394363962,137394.363962,1780281024.4022956,25.768756866455078,0.005245208740234375,10.858297348022461,10.834,12582912,0.48979805371739976,768,chatcmpl-0442f31b-bf23-42d5-9611-2588dde7bbbc-af269f8d,"nixl_xfer_handle(0x5af9a41ac400, released=False)",decode,0,0,452715,8,d61968e8-e4aa-43a2-8ca8-85b623ffd1e5_dp1,0,nixl_start_time
1780281024.4163947,1780281024.4280367,11.642,1780281024.4280558,0.019073486328125,137394378061,137394.378061,1780281024.4163947,11.661052703857422,0.00476837158203125,3.7429332733154297,3.713,7864320,0.6755127984882322,480,chatcmpl-5dc588b5-3a7b-4fcf-8e5d-3c0fcd284e3a-b182cda5,"nixl_xfer_handle(0x556359a13ec0, released=False)",decode,1,0,452712,5,d61968e8-e4aa-43a2-8ca8-85b623ffd1e5_dp0,0,nixl_start_time
1780281024.4767537,1780281024.5007327,23.979,1780281024.50078,0.04744529724121094,137394438420,137394.43842,1780281024.4767537,24.02639389038086,0.00667572021484375,8.782625198364258,8.76,44040192,1.8366150381583886,2688,chatcmpl-3e24f885-c499-4e36-8227-7d32c72edf78-9dc8de55,"nixl_xfer_handle(0x5af9a41ac400, released=False)",decode,0,0,452715,28,d61968e8-e4aa-43a2-8ca8-85b623ffd1e5_dp1,0,nixl_start_time
1780281024.5251966,1780281024.5372725,12.076,1780281024.537294,0.021457672119140625,137394486863,137394.486863,1780281024.5251966,12.097358703613281,0.00476837158203125,3.1065940856933594,3.077,6291456,0.5209884067572044,384,chatcmpl-28e2c98e-32d0-4df4-a646-32501d387238-afc70dfb,"nixl_xfer_handle(0x556359a13ec0, released=False)",decode,1,0,452712,4,d61968e8-e4aa-43a2-8ca8-85b623ffd1e5_dp0,0,nixl_start_time
1780281024.6594846,1780281024.6841226,24.638,1780281024.684142,0.019550323486328125,137394621151,137394.621151,1780281024.6594846,24.657487869262695,0.00667572021484375,9.648561477661133,9.58,64487424,2.6173968666287846,3936,chatcmpl-c7255b4c-1a4d-4f98-9471-ac5a938b8f68-a05ba48a,"nixl_xfer_handle(0x556359a13ec0, released=False)",decode,1,0,452712,41,d61968e8-e4aa-43a2-8ca8-85b623ffd1e5_dp1,0,nixl_start_time
1780281024.6726997,1780281024.6841388,11.439,1780281024.6841586,0.019788742065429688,137394634366,137394.634366,1780281024.6726997,11.458873748779297,0.0057220458984375,2.7794837951660156,2.755,4718592,0.41250039339103073,288,chatcmpl-245257bd-7955-4045-8e0a-b8f545a9f41f-a8383f9f,"nixl_xfer_handle(0x5af9a3d7a320, released=False)",decode,0,0,452715,3,d61968e8-e4aa-43a2-8ca8-85b623ffd1e5_dp0,0,nixl_start_time
1780281024.7450087,1780281024.7702878,25.279,1780281024.7703152,0.027418136596679688,137394706675,137394.706675,1780281024.7450087,25.30646324157715,0.0064373016357421875,10.082006454467773,10.058,66060288,2.6132476759365484,4032,chatcmpl-27fe58fc-b0a3-408d-8da1-c5b76bb9260e-bc30249b,"nixl_xfer_handle(0x556359a13ec0, released=False)",decode,1,0,452712,42,d61968e8-e4aa-43a2-8ca8-85b623ffd1e5_dp1,0,nixl_start_time
1780281024.7702177,1780281024.7821927,11.975,1780281024.7822168,0.024080276489257812,137394731884,137394.731884,1780281024.7702177,11.999130249023438,0.0057220458984375,2.1181106567382812,2.095,3145728,0.26269127348643007,192,chatcmpl-505ecfb9-c8aa-4717-a7e8-29e07fcbc6d2-81e5d4b5,"nixl_xfer_handle(0x5af9a3d7a320, released=False)",decode,0,0,452715,2,d61968e8-e4aa-43a2-8ca8-85b623ffd1e5_dp0,0,nixl_start_time
1780281024.8067386,1780281024.8192265,12.488000000000001,1780281024.8192525,0.025987625122070312,137394768405,137394.768405,1780281024.8067386,12.513875961303711,0.0054836273193359375,5.322456359863281,5.289,11010048,0.8816502242152465,672,chatcmpl-59e0b343-d9e1-4858-93c7-8b074accad55-9a38ef79,"nixl_xfer_handle(0x55635998b460, released=False)",decode,1,0,452712,7,d61968e8-e4aa-43a2-8ca8-85b623ffd1e5_dp1,0,nixl_start_time
1780281024.8069336,1780281024.8311357,24.202,1780281024.8311725,0.036716461181640625,137394768600,137394.7686,1780281024.8069336,24.23882484436035,0.0069141387939453125,7.935047149658203,7.912,40894464,1.6897142384926864,2496,chatcmpl-307739f1-a707-45c1-97e4-8f074330dae4-a3214f39,"nixl_xfer_handle(0x5af9a3d7a320, released=False)",decode,0,0,452715,26,d61968e8-e4aa-43a2-8ca8-85b623ffd1e5_dp0,0,nixl_start_time
1780281024.8310366,1780281024.8563066,25.27,1780281024.8563273,0.020742416381835938,137394792703,137394.792703,1780281024.8310366,25.290727615356445,0.00476837158203125,10.406732559204102,10.374,15728640,0.6224234269885239,960,chatcmpl-64c6cdfa-ba7d-4ec5-8fad-cb65ff34a35c-9cbec6a3,"nixl_xfer_handle(0x556356dec250, released=False)",decode,1,0,452712,10,d61968e8-e4aa-43a2-8ca8-85b623ffd1e5_dp1,0,nixl_start_time
1780281024.8562527,1780281024.8686006,12.347999999999999,1780281024.8686192,0.018596649169921875,137394817919,137394.817919,1780281024.8562527,12.366533279418945,0.005245208740234375,6.301403045654297,6.277,9437184,0.764268221574344,576,chatcmpl-5468b7c2-5016-4c3e-88d8-e1c943e1daaa-b266ff20,"nixl_xfer_handle(0x5af98f535e40, released=False)",decode,0,0,452715,6,d61968e8-e4aa-43a2-8ca8-85b623ffd1e5_dp0,0,nixl_start_time
1780281024.9173157,1780281024.9545858,37.269999999999996,1780281024.9546294,0.04363059997558594,137394878982,137394.878982,1780281024.9173157,37.31369972229004,0.006198883056640625,13.915061950683594,13.89,14155776,0.3798169036758788,864,chatcmpl-44cab84f-12e8-45b5-ad7f-3c0875f9be7a-aee64882,"nixl_xfer_handle(0x5af98f535e40, released=False)",decode,0,0,452715,9,d61968e8-e4aa-43a2-8ca8-85b623ffd1e5_dp1,0,nixl_start_time
1780281024.9464517,1780281024.9707987,24.347,1780281024.9708173,0.018596649169921875,137394908118,137394.908118,1780281024.9464517,24.365663528442383,0.0069141387939453125,7.807731628417969,7.78,39321600,1.6150490820224257,2400,chatcmpl-7debdc43-821b-4034-9a3f-d440435fc062-b7c44a70,"nixl_xfer_handle(0x5af9a3d7a320, released=False)",decode,0,0,452715,25,d61968e8-e4aa-43a2-8ca8-85b623ffd1e5_dp0,0,nixl_start_time
1780281025.0317276,1780281025.0646465,32.919,1780281025.0646913,0.04482269287109375,137394993394,137394.993394,1780281025.0317276,32.96375274658203,0.0059604644775390625,18.338918685913086,18.311,88080384,2.6756700993347313,5376,chatcmpl-c46ea0ca-5ff7-4787-bfd0-db3427678ba5-a3872f7d,"nixl_xfer_handle(0x556356dec250, released=False)",decode,1,0,452712,56,d61968e8-e4aa-43a2-8ca8-85b623ffd1e5_dp0,0,nixl_start_time
1780281025.0533516,1780281025.0549266,1.575,1780281025.0551856,0.2589225769042969,137395015018,137395.015018,1780281025.0533516,1.8339157104492188,0.019311904907226562,1.6100406646728516,1.575,3145728,1.9972876190476192,192,chatcmpl-fbdb3064-b279-422a-89d9-1afa04cb5611-997755ee,"nixl_xfer_handle(0x5af98f535e40, released=False)",decode,0,0,452715,2,d61968e8-e4aa-43a2-8ca8-85b623ffd1e5_dp1,0,nixl_start_time
1780281025.1137047,1780281025.1381066,24.402,1780281025.1381292,0.022649765014648438,137395075371,137395.075371,1780281025.1137047,24.42455291748047,0.005245208740234375,6.771564483642578,6.752,51904512,2.127059749200885,3168,chatcmpl-c01a7246-d150-4271-bf00-94f687900866-9174b31f,"nixl_xfer_handle(0x5563599ab420, released=False)",decode,1,0,452712,33,d61968e8-e4aa-43a2-8ca8-85b623ffd1e5_dp0,0,nixl_start_time
1780281025.1260276,1780281025.1380296,12.002,1780281025.1380494,0.019788742065429688,137395087694,137395.087694,1780281025.1260276,12.021780014038086,0.0050067901611328125,8.243322372436523,8.224,29884416,2.4899530078320278,1824,chatcmpl-c5f8425c-2e40-4027-92f8-53bd116a53cc-80b45bc9,"nixl_xfer_handle(0x5af98f535e40, released=False)",decode,0,0,452715,19,d61968e8-e4aa-43a2-8ca8-85b623ffd1e5_dp0,0,nixl_start_time
1780281025.1994357,1780281025.2122657,12.83,1780281025.2123256,0.05984306335449219,137395161102,137395.161102,1780281025.1994357,12.889862060546875,0.006198883056640625,4.305124282836914,4.284,37748736,2.9422241621200316,2304,chatcmpl-7a8cbbeb-d894-4147-8de6-698b8fd98276-82844138,"nixl_xfer_handle(0x5563599ab420, released=False)",decode,1,0,452712,24,d61968e8-e4aa-43a2-8ca8-85b623ffd1e5_dp1,0,nixl_start_time
1780281025.1995118,1780281025.2242737,24.762,1780281025.224362,0.08821487426757812,137395161178,137395.161178,1780281025.1995118,24.850130081176758,0.0064373016357421875,9.20724868774414,9.186,53477376,2.159654955173249,3264,chatcmpl-d9b9b0a4-9a15-43fd-9a20-25062a8f94d8-aeea432f,"nixl_xfer_handle(0x5af98f535e40, released=False)",decode,0,0,452715,34,d61968e8-e4aa-43a2-8ca8-85b623ffd1e5_dp1,0,nixl_start_time
1780281025.2123027,1780281025.2243917,12.089,1780281025.2244484,0.056743621826171875,137395173969,137395.173969,1780281025.2123027,12.145757675170898,0.0057220458984375,6.934642791748047,6.909,23592960,1.9516055918603687,1440,chatcmpl-607163ab-38ce-4255-9f90-1db4e2555523-9bd0a656,"nixl_xfer_handle(0x5af9a3d61d60, released=False)",decode,0,0,452715,15,d61968e8-e4aa-43a2-8ca8-85b623ffd1e5_dp0,0,nixl_start_time
1780281025.2240627,1780281025.2364357,12.373000000000001,1780281025.236459,0.023365020751953125,137395185729,137395.185729,1780281025.2240627,12.39633560180664,0.00286102294921875,1.6307830810546875,1.596,3145728,0.25424133193243353,192,chatcmpl-f2b1418c-3dd2-4395-b1e6-86f499cfd470-8924e8c0,"nixl_xfer_handle(0x55635999eda0, released=False)",decode,1,0,452712,2,d61968e8-e4aa-43a2-8ca8-85b623ffd1e5_dp1,0,nixl_start_time
1780281025.2729735,1780281025.2977026,24.729,1780281025.2977595,0.05698204040527344,137395234640,137395.23464,1780281025.2729735,24.785995483398438,0.0059604644775390625,4.342079162597656,4.318,39321600,1.5901006914958145,2400,chatcmpl-115995d5-d1e0-4865-8785-d1a2c7afd867-aaa512a7,"nixl_xfer_handle(0x55635999eda0, released=False)",decode,1,0,452712,25,d61968e8-e4aa-43a2-8ca8-85b623ffd1e5_dp0,0,nixl_start_time
1780281025.2975426,1780281025.3097165,12.174000000000001,1780281025.30975,0.03361701965332031,137395259209,137395.259209,1780281025.2975426,12.207508087158203,0.005245208740234375,2.0194053649902344,1.997,3145728,0.2583972400197141,192,chatcmpl-0d0caf1e-a21c-4511-8291-882012c33a95-8d6eb85c,"nixl_xfer_handle(0x5af98f535e40, released=False)",decode,0,0,452715,2,d61968e8-e4aa-43a2-8ca8-85b623ffd1e5_dp1,0,nixl_start_time
1780281025.3344088,1780281025.3588078,24.399,1780281025.3588424,0.03457069396972656,137395296075,137395.296075,1780281025.3344088,24.433612823486328,0.006198883056640625,4.69517707824707,4.67,50331648,2.062857002336161,3072,chatcmpl-21ace065-7221-4b84-a6cb-74e10b86bc10-bfdda51f,"nixl_xfer_handle(0x556359b1efe0, released=False)",decode,1,0,452712,32,d61968e8-e4aa-43a2-8ca8-85b623ffd1e5_dp0,0,nixl_start_time
1780281025.3714356,1780281025.3958066,24.371,1780281025.395869,0.062465667724609375,137395333102,137395.333102,1780281025.3714356,24.433374404907227,0.0064373016357421875,7.776498794555664,7.755,45613056,1.8716119978663166,2784,chatcmpl-5f530274-dcfe-4100-aca9-ba40a63ffbef-a9250055,"nixl_xfer_handle(0x5563558719c0, released=False)",decode,1,0,452712,29,d61968e8-e4aa-43a2-8ca8-85b623ffd1e5_dp0,0,nixl_start_time
1780281025.4693696,1780281025.4702647,0.895,1780281025.4703228,0.05817413330078125,137395431036,137395.431036,1780281025.4693696,0.9531974792480469,0.0057220458984375,0.5965232849121094,0.571,1572864,1.7573899441340783,48,chatcmpl-25646cbf-28a6-4eac-a6fb-c00f5832056b-8bdb831e,"nixl_xfer_handle(0x5af98f535e40, released=False)",decode,0,0,452715,1,d61968e8-e4aa-43a2-8ca8-85b623ffd1e5_dp1,0,nixl_start_time
1780281025.6040177,1780281025.6480577,44.040000000000006,1780281025.648086,0.028371810913085938,137395565684,137395.565684,1780281025.6040177,44.068336486816406,0.0064373016357421875,13.552188873291016,13.528,88080384,2.0000087193460487,5376,chatcmpl-bc3d8437-94b5-476c-a0fb-7256a06e24f1-96e11450,"nixl_xfer_handle(0x5563558719c0, released=False)",decode,1,0,452712,56,d61968e8-e4aa-43a2-8ca8-85b623ffd1e5_dp0,0,nixl_start_time
1780281025.6323347,1780281025.6565218,24.187,1780281025.6565394,0.017642974853515625,137395594001,137395.594001,1780281025.6323347,24.204730987548828,0.0069141387939453125,8.071184158325195,8.03,44040192,1.8208207714888163,2688,chatcmpl-6752b41a-e631-4198-a869-b94060d0ac91-b2842889,"nixl_xfer_handle(0x5af98f535e40, released=False)",decode,0,0,452715,28,d61968e8-e4aa-43a2-8ca8-85b623ffd1e5_dp1,0,nixl_start_time
1780281025.6447256,1780281025.6566515,11.926,1780281025.6566737,0.022172927856445312,137395606392,137395.606392,1780281025.6447256,11.948108673095703,0.0030994415283203125,3.016948699951172,2.989,6291456,0.5275411705517357,384,chatcmpl-92f1c0da-590e-43a8-83d6-b1972047369c-88c5d4d8,"nixl_xfer_handle(0x556359a55260, released=False)",decode,1,0,452712,4,d61968e8-e4aa-43a2-8ca8-85b623ffd1e5_dp0,0,nixl_start_time
1780281025.7182307,1780281025.7329888,14.758000000000001,1780281025.7330139,0.025033950805664062,137395679897,137395.679897,1780281025.7182307,14.783143997192383,0.0040531158447265625,1.5532970428466797,1.527,3145728,0.21315408591950127,192,chatcmpl-66422e67-7139-41eb-a054-ccc6feefd9ed-94d73f9f,"nixl_xfer_handle(0x5563558719c0, released=False)",decode,1,0,452712,2,d61968e8-e4aa-43a2-8ca8-85b623ffd1e5_dp1,0,nixl_start_time
1780281025.7185426,1780281025.7445626,26.020000000000003,1780281025.744579,0.016450881958007812,137395680209,137395.680209,1780281025.7185426,26.036500930786133,0.0054836273193359375,11.191129684448242,11.169,77070336,2.961965257494235,4704,chatcmpl-fc61ebdb-5a88-4641-9689-63526b8dd750-bdac2361,"nixl_xfer_handle(0x5af98f535e40, released=False)",decode,0,0,452715,49,d61968e8-e4aa-43a2-8ca8-85b623ffd1e5_dp0,0,nixl_start_time
1780281025.8059967,1780281025.8249476,18.951,1780281025.8249953,0.0476837158203125,137395767663,137395.767663,1780281025.8059967,18.99862289428711,0.0035762786865234375,1.4963150024414062,1.465,3145728,0.16599271806237137,192,chatcmpl-670ac1f5-d0e0-4a5c-86bd-264f98fbe4f5-999aa387,"nixl_xfer_handle(0x5563558719c0, released=False)",decode,1,0,452712,2,d61968e8-e4aa-43a2-8ca8-85b623ffd1e5_dp1,0,nixl_start_time
1780281025.8062246,1780281025.8400645,33.84,1780281025.8401256,0.06103515625,137395767891,137395.767891,1780281025.8062246,33.90097618103027,0.0073909759521484375,8.843421936035156,8.806,53477376,1.5803007092198582,3264,chatcmpl-670ff538-2967-4c42-a62b-3dc00ec4e2ec-8893400d,"nixl_xfer_handle(0x5af9a3d9cde0, released=False)",decode,0,0,452715,34,d61968e8-e4aa-43a2-8ca8-85b623ffd1e5_dp1,0,nixl_start_time
1780281025.8078506,1780281025.8282406,20.389999999999997,1780281025.8282712,0.030517578125,137395769517,137395.769517,1780281025.8078506,20.420551300048828,0.0054836273193359375,16.74485206604004,16.726,51904512,2.5455866601275137,3168,chatcmpl-eb81bc22-2476-4444-adc3-174012e37546-b9329c17,"nixl_xfer_handle(0x556359b21120, released=False)",decode,1,0,452712,33,d61968e8-e4aa-43a2-8ca8-85b623ffd1e5_dp0,0,nixl_start_time
1780281025.8154507,1780281025.8401616,24.711000000000002,1780281025.8401792,0.017642974853515625,137395777117,137395.777117,1780281025.8154507,24.72853660583496,0.006198883056640625,8.864879608154297,8.845,42467328,1.718559669782688,2592,chatcmpl-0a2f63af-3321-4a92-9204-9a44a0f11eb6-a6122fa0,"nixl_xfer_handle(0x5af9a3d3a800, released=False)",decode,0,0,452715,27,d61968e8-e4aa-43a2-8ca8-85b623ffd1e5_dp0,0,nixl_start_time
1780281025.8391936,1780281025.8402016,1.008,1780281025.8402584,0.056743621826171875,137395800860,137395.80086,1780281025.8391936,1.0647773742675781,0.00476837158203125,0.5776882171630859,0.556,1572864,1.5603809523809524,48,chatcmpl-da0edb1b-d8d9-4b18-834c-b9f56d88c9b1-9b0a380d,"nixl_xfer_handle(0x5af9a3dc40f0, released=False)",decode,0,0,452715,1,d61968e8-e4aa-43a2-8ca8-85b623ffd1e5_dp0,0,nixl_start_time
1780281025.9365857,1780281025.9604847,23.899,1780281025.960511,0.026226043701171875,137395898252,137395.898252,1780281025.9365857,23.925304412841797,0.0073909759521484375,9.239673614501953,9.21,64487424,2.6983314783045316,3936,chatcmpl-1ee86d2c-e86c-4eef-843c-b408ccfe299a-ae8ddcda,"nixl_xfer_handle(0x5af9a3d3a800, released=False)",decode,0,0,452715,41,d61968e8-e4aa-43a2-8ca8-85b623ffd1e5_dp0,0,nixl_start_time
1780281025.9492607,1780281025.9604788,11.218,1780281025.9605293,0.05054473876953125,137395910927,137395.910927,1780281025.9492607,11.26861572265625,0.003337860107421875,1.5652179718017578,1.535,3145728,0.2804178998038866,192,chatcmpl-f62c352e-4918-4858-8e21-668ff4720d3d-aba90a7f,"nixl_xfer_handle(0x55635999ed60, released=False)",decode,1,0,452712,2,d61968e8-e4aa-43a2-8ca8-85b623ffd1e5_dp1,0,nixl_start_time
1780281025.9725776,1780281025.9848955,12.318000000000001,1780281025.9849808,0.08535385131835938,137395934244,137395.934244,1780281025.9725776,12.403249740600586,0.0057220458984375,1.9955635070800781,1.973,3145728,0.25537652216268875,192,chatcmpl-dc20c794-55c9-4371-b9e4-66b56b8429ce-839a48ec,"nixl_xfer_handle(0x5af9a3dd3e00, released=False)",decode,0,0,452715,2,d61968e8-e4aa-43a2-8ca8-85b623ffd1e5_dp0,0,nixl_start_time
1780281025.9967797,1780281026.0209537,24.174,1780281026.0210278,0.07414817810058594,137395958446,137395.958446,1780281025.9967797,24.248123168945312,0.0064373016357421875,8.59522819519043,8.57,40894464,1.6916713824770415,2496,chatcmpl-765c68a4-3760-4b3b-89c6-2e43bfd78336-abae7f58,"nixl_xfer_handle(0x5af9a3dd3e00, released=False)",decode,0,0,452715,26,d61968e8-e4aa-43a2-8ca8-85b623ffd1e5_dp1,0,nixl_start_time
1780281026.0452917,1780281026.0571737,11.882,1780281026.0571933,0.019550323486328125,137396006958,137396.006958,1780281026.0452917,11.901617050170898,0.0045299530029296875,1.5583038330078125,1.53,3145728,0.26474734893115637,192,chatcmpl-05084f33-1937-42a6-b7fa-832bfd4e121d-90b96cac,"nixl_xfer_handle(0x55635999ed60, released=False)",decode,1,0,452712,2,d61968e8-e4aa-43a2-8ca8-85b623ffd1e5_dp0,0,nixl_start_time
1780281026.0570307,1780281026.0692296,12.199,1780281026.0692523,0.022649765014648438,137396018697,137396.018697,1780281026.0570307,12.221574783325195,0.0057220458984375,2.1009445190429688,2.078,3145728,0.2578676940732847,192,chatcmpl-1ab2954b-737f-4694-a5b5-df016827d648-a91d4427,"nixl_xfer_handle(0x5af9a3dc40f0, released=False)",decode,0,0,452715,2,d61968e8-e4aa-43a2-8ca8-85b623ffd1e5_dp1,0,nixl_start_time
1780281026.0813177,1780281026.0934627,12.145,1780281026.0935197,0.05698204040527344,137396042984,137396.042984,1780281026.0813177,12.202024459838867,0.00476837158203125,3.542661666870117,3.519,25165824,2.0721139563606426,1536,chatcmpl-8182e5fd-1a7a-4d5d-8a3a-7db23ae19fb8-9ffa32ce,"nixl_xfer_handle(0x55635999ed60, released=False)",decode,1,0,452712,16,d61968e8-e4aa-43a2-8ca8-85b623ffd1e5_dp0,0,nixl_start_time
1780281026.0932586,1780281026.0956047,2.346,1780281026.0958846,0.2799034118652344,137396054925,137396.054925,1780281026.0932586,2.6259422302246094,0.005245208740234375,2.3746490478515625,2.346,3145728,1.3408900255754475,192,chatcmpl-af0e35db-b93c-4339-804e-7c6c0182bd89-b7f25530,"nixl_xfer_handle(0x5af9a3dc40f0, released=False)",decode,0,0,452715,2,d61968e8-e4aa-43a2-8ca8-85b623ffd1e5_dp0,0,nixl_start_time
1780281026.1292667,1780281026.1418748,12.607999999999999,1780281026.1419394,0.06461143493652344,137396090933,137396.090933,1780281026.1292667,12.672662734985352,0.005245208740234375,1.5578269958496094,1.531,3145728,0.24950253807106598,192,chatcmpl-9262c242-8f5e-41c6-8db9-d386a41c57dc-b004cd20,"nixl_xfer_handle(0x556359cfd4e0, released=False)",decode,1,0,452712,2,d61968e8-e4aa-43a2-8ca8-85b623ffd1e5_dp1,0,nixl_start_time
1780281026.1894517,1780281026.2017868,12.335,1780281026.2018538,0.06699562072753906,137396151118,137396.151118,1780281026.1894517,12.402057647705078,0.0057220458984375,5.528688430786133,5.497,7864320,0.6375614106201865,480,chatcmpl-dcc497ed-c228-490c-9474-c303170d9bde-b7a643cb,"nixl_xfer_handle(0x5af9a3dc40f0, released=False)",decode,0,0,452715,5,d61968e8-e4aa-43a2-8ca8-85b623ffd1e5_dp0,0,nixl_start_time
1780281026.2372916,1780281026.2491186,11.827,1780281026.2491534,0.034809112548828125,137396198958,137396.198958,1780281026.2372916,11.861801147460938,0.00476837158203125,5.805730819702148,5.77,17301504,1.462881880443054,1056,chatcmpl-28d263ac-9d2e-41d5-8f5b-b2a8334fb338-9a602e97,"nixl_xfer_handle(0x556359cfd4e0, released=False)",decode,1,0,452712,11,d61968e8-e4aa-43a2-8ca8-85b623ffd1e5_dp1,0,nixl_start_time
1780281026.2610977,1780281026.2730896,11.991999999999999,1780281026.2731488,0.0591278076171875,137396222764,137396.222764,1780281026.2610977,12.051105499267578,0.012636184692382812,5.913972854614258,5.881,9437184,0.7869566377585057,576,chatcmpl-406b279c-4959-4e20-8de7-903a438f256a-820ed635,"nixl_xfer_handle(0x5af9a3dc40f0, released=False)",decode,0,0,452715,6,d61968e8-e4aa-43a2-8ca8-85b623ffd1e5_dp0,0,nixl_start_time
1780281026.2729926,1780281026.2852275,12.235,1780281026.2852607,0.03314018249511719,137396234659,137396.234659,1780281026.2729926,12.26806640625,0.0045299530029296875,0.44465065002441406,0.416,1572864,0.1285544748671843,48,chatcmpl-30231615-2605-40c9-b696-ecc2f5d44270-9b355bcc,"nixl_xfer_handle(0x556359cfd4e0, released=False)",decode,1,0,452712,1,d61968e8-e4aa-43a2-8ca8-85b623ffd1e5_dp1,0,nixl_start_time
1780281026.2850556,1780281026.2872877,2.232,1780281026.2875702,0.28252601623535156,137396246722,137396.246722,1780281026.2850556,2.5146007537841797,0.005245208740234375,2.252340316772461,2.232,3145728,1.4093763440860214,192,chatcmpl-09e4ee22-d396-4b57-9901-97b776a06b51-9733d92a,"nixl_xfer_handle(0x5af9a3dc40f0, released=False)",decode,0,0,452715,2,d61968e8-e4aa-43a2-8ca8-85b623ffd1e5_dp0,0,nixl_start_time
1780281026.3095086,1780281026.3211796,11.671000000000001,1780281026.3212006,0.0209808349609375,137396271175,137396.271175,1780281026.3095086,11.692047119140625,0.0040531158447265625,2.2819042205810547,2.254,4718592,0.4043005740724874,288,chatcmpl-b88e7750-3856-4467-a8e0-2bad29463f0b-ac7140c1,"nixl_xfer_handle(0x556359cfd4e0, released=False)",decode,1,0,452712,3,d61968e8-e4aa-43a2-8ca8-85b623ffd1e5_dp1,0,nixl_start_time
1780281026.3210216,1780281026.3333247,12.302999999999999,1780281026.3333776,0.052928924560546875,137396282688,137396.282688,1780281026.3210216,12.356042861938477,0.00476837158203125,2.0172595977783203,1.996,3145728,0.255687881004633,192,chatcmpl-cb046664-7c8c-49c3-a777-ab9e97a03318-b94680a8,"nixl_xfer_handle(0x5af9a3dc40f0, released=False)",decode,0,0,452715,2,d61968e8-e4aa-43a2-8ca8-85b623ffd1e5_dp0,0,nixl_start_time
1780281026.3453135,1780281026.3572755,11.962,1780281026.3573344,0.05888938903808594,137396306980,137396.30698,1780281026.3453135,12.02082633972168,0.0050067901611328125,1.605987548828125,1.576,3145728,0.26297675973917406,192,chatcmpl-7e338b21-629b-424a-9105-5a01916856ba-a68de2dc,"nixl_xfer_handle(0x556359cfd4e0, released=False)",decode,1,0,452712,2,d61968e8-e4aa-43a2-8ca8-85b623ffd1e5_dp1,0,nixl_start_time
1780281026.4303286,1780281026.4437926,13.464,1780281026.4438078,0.0152587890625,137396391995,137396.391995,1780281026.4303286,13.479232788085938,0.0059604644775390625,7.942914962768555,7.92,36175872,2.686859180035651,2208,chatcmpl-e31fa4f0-f43d-405c-8d55-1dc44498f677-aacad58b,"nixl_xfer_handle(0x5af9a3dc40f0, released=False)",decode,0,0,452715,23,d61968e8-e4aa-43a2-8ca8-85b623ffd1e5_dp0,0,nixl_start_time
1780281026.4384255,1780281026.4582996,19.874,1780281026.4583774,0.07772445678710938,137396400092,137396.400092,1780281026.4384255,19.951820373535156,0.0045299530029296875,5.037546157836914,5.023,22020096,1.1079851061688637,1344,chatcmpl-f97899a0-5584-4c75-8224-d99645f3864b-afe23a44,"nixl_xfer_handle(0x5af9a3d9cde0, released=False)",decode,0,0,452715,14,d61968e8-e4aa-43a2-8ca8-85b623ffd1e5_dp0,0,nixl_start_time
1780281026.4467587,1780281026.4699717,23.213,1780281026.469991,0.019311904907226562,137396408425,137396.408425,1780281026.4467587,23.232221603393555,0.005245208740234375,4.591703414916992,4.565,47185920,2.0327368285012706,2880,chatcmpl-f1bdb885-3497-4fde-9cb1-4c549bd5b248-8a96a073,"nixl_xfer_handle(0x556359cfd4e0, released=False)",decode,1,0,452712,30,d61968e8-e4aa-43a2-8ca8-85b623ffd1e5_dp1,0,nixl_start_time
1780281026.5552897,1780281026.5556397,0.35,1780281026.555899,0.25916099548339844,137396516956,137396.516956,1780281026.5552897,0.6091594696044922,0.004291534423828125,0.3733634948730469,0.35,1572864,4.493897142857143,48,chatcmpl-542f7f98-e5b3-46e4-b5e6-023680c795d4-810953d5,"nixl_xfer_handle(0x5563599abe40, released=False)",decode,1,0,452712,1,d61968e8-e4aa-43a2-8ca8-85b623ffd1e5_dp0,0,nixl_start_time
1780281026.5931737,1780281026.6221588,28.985,1780281026.6221907,0.031948089599609375,137396554840,137396.55484,1780281026.5931737,29.016971588134766,0.0064373016357421875,14.032125473022461,14.006,14155776,0.4883828186993272,864,chatcmpl-4a1703a9-d7e1-4450-add7-c056fae6a332-8682ae01,"nixl_xfer_handle(0x5af9a3d9cde0, released=False)",decode,0,0,452715,9,d61968e8-e4aa-43a2-8ca8-85b623ffd1e5_dp1,0,nixl_start_time
1780281026.6469746,1780281026.6593297,12.355,1780281026.6593955,0.06580352783203125,137396608641,137396.608641,1780281026.6469746,12.420892715454102,0.005245208740234375,6.848573684692383,6.819,37748736,3.055340833670579,2304,chatcmpl-6cdce20b-9197-498d-9173-db37dde29a5f-972c74ab,"nixl_xfer_handle(0x5af9a3d9cde0, released=False)",decode,0,0,452715,24,d61968e8-e4aa-43a2-8ca8-85b623ffd1e5_dp0,0,nixl_start_time
1780281026.6592586,1780281026.6715336,12.274999999999999,1780281026.6715903,0.056743621826171875,137396620925,137396.620925,1780281026.6592586,12.331724166870117,0.0045299530029296875,1.5938282012939453,1.565,3145728,0.2562711201629328,192,chatcmpl-dbb8149f-ffba-4660-9fbc-7ef18d300cdf-aa31eab8,"nixl_xfer_handle(0x5563599abe40, released=False)",decode,1,0,452712,2,d61968e8-e4aa-43a2-8ca8-85b623ffd1e5_dp1,0,nixl_start_time
1780281026.7209766,1780281026.7217417,0.7649999999999999,1780281026.7217598,0.01811981201171875,137396682643,137396.682643,1780281026.7209766,0.7832050323486328,0.005245208740234375,0.4565715789794922,0.431,1572864,2.05603137254902,48,chatcmpl-b34200d4-bd6e-4934-ac5f-4e80f266ad3d-9303e4d2,"nixl_xfer_handle(0x5563599abe40, released=False)",decode,1,0,452712,1,d61968e8-e4aa-43a2-8ca8-85b623ffd1e5_dp0,0,nixl_start_time
1780281026.7582695,1780281026.7703876,12.118,1780281026.770407,0.019311904907226562,137396719936,137396.719936,1780281026.7582695,12.137413024902344,0.006198883056640625,0.5650520324707031,0.542,1572864,0.12979567585410132,48,chatcmpl-2f24bfe7-960c-40f8-a834-5e795e8c473c-800f57f9,"nixl_xfer_handle(0x5af9a3d9cde0, released=False)",decode,0,0,452715,1,d61968e8-e4aa-43a2-8ca8-85b623ffd1e5_dp1,0,nixl_start_time
1780281026.8444676,1780281026.8569386,12.471,1780281026.857011,0.072479248046875,137396806134,137396.806134,1780281026.8444676,12.543439865112305,0.0069141387939453125,3.6957263946533203,3.667,23592960,1.8918258359393794,1440,chatcmpl-f1930cce-1371-474c-852a-8f4326111da7-b5d07dfd,"nixl_xfer_handle(0x5af9a3d9cde0, released=False)",decode,0,0,452715,15,d61968e8-e4aa-43a2-8ca8-85b623ffd1e5_dp0,0,nixl_start_time
1780281026.9309967,1780281026.9598377,28.840999999999998,1780281026.9598503,0.012636184692382812,137396892663,137396.892663,1780281026.9309967,28.853654861450195,0.0069141387939453125,11.742115020751953,11.721,80216064,2.781320481259318,4896,chatcmpl-b6c411b1-7606-4700-9660-fd691403c25c-92bd36a0,"nixl_xfer_handle(0x5af9a3d9cde0, released=False)",decode,0,0,452715,51,d61968e8-e4aa-43a2-8ca8-85b623ffd1e5_dp0,0,nixl_start_time
1780281026.9576015,1780281026.9700825,12.481000000000002,1780281026.970163,0.08058547973632812,137396919268,137396.919268,1780281026.9576015,12.561559677124023,0.005245208740234375,1.7862319946289062,1.765,3145728,0.2520413428411185,192,chatcmpl-42b42810-f3d6-4e57-b8fb-ccc72e73d25c-94aae3a1,"nixl_xfer_handle(0x5af9a41b26c0, released=False)",decode,0,0,452715,2,d61968e8-e4aa-43a2-8ca8-85b623ffd1e5_dp0,0,nixl_start_time
1780281026.9578028,1780281026.9701169,12.314,1780281026.9701452,0.028371810913085938,137396919469,137396.919469,1780281026.9578028,12.342453002929688,0.0045299530029296875,5.488872528076172,5.465,23592960,1.915946077635212,1440,chatcmpl-4ff3dd02-0f5b-4be2-9697-b186db25cd80-8f540024,"nixl_xfer_handle(0x5563599abe40, released=False)",decode,1,0,452712,15,d61968e8-e4aa-43a2-8ca8-85b623ffd1e5_dp1,0,nixl_start_time
1780281026.9823756,1780281026.9955885,13.213000000000001,1780281026.9956098,0.021219253540039062,137396944042,137396.944042,1780281026.9823756,13.234138488769531,0.0054836273193359375,0.453948974609375,0.429,1572864,0.11903912813138574,48,chatcmpl-0a482763-2cd8-4758-a815-d6b28ee6a0f6-81a5f8b2,"nixl_xfer_handle(0x556356e1e4c0, released=False)",decode,1,0,452712,1,d61968e8-e4aa-43a2-8ca8-85b623ffd1e5_dp1,0,nixl_start_time
1780281026.9954457,1780281027.0070748,11.629000000000001,1780281027.0071278,0.052928924560546875,137396957112,137396.957112,1780281026.9954457,11.68203353881836,0.005245208740234375,0.6058216094970703,0.584,1572864,0.13525359016252472,48,chatcmpl-c91dd60a-03f4-4f3b-8198-1c754ebbbeda-85c58f3d,"nixl_xfer_handle(0x5af9a3d9cde0, released=False)",decode,0,0,452715,1,d61968e8-e4aa-43a2-8ca8-85b623ffd1e5_dp1,0,nixl_start_time
1780281027.0816407,1780281027.0990708,17.43,1780281027.0990913,0.020503997802734375,137397043307,137397.043307,1780281027.0816407,17.450571060180664,0.0054836273193359375,3.9997100830078125,3.98,33030144,1.8950168674698793,2016,chatcmpl-962f1f0e-623b-4016-a8fc-8038811386c1-af64335b,"nixl_xfer_handle(0x556356e1e4c0, released=False)",decode,1,0,452712,21,d61968e8-e4aa-43a2-8ca8-85b623ffd1e5_dp0,0,nixl_start_time
1780281027.0934815,1780281027.1061025,12.621,1780281027.1061518,0.04935264587402344,137397055148,137397.055148,1780281027.0934815,12.670278549194336,0.0045299530029296875,5.279302597045898,5.244,11010048,0.8723594009983361,672,chatcmpl-978ef608-648c-403f-836f-f9a1ce251f5c-a539e0a8,"nixl_xfer_handle(0x5563558719c0, released=False)",decode,1,0,452712,7,d61968e8-e4aa-43a2-8ca8-85b623ffd1e5_dp1,0,nixl_start_time
1780281027.0935175,1780281027.1059675,12.45,1780281027.1059866,0.019073486328125,137397055184,137397.055184,1780281027.0935175,12.469053268432617,0.00476837158203125,5.74803352355957,5.729,33030144,2.6530236144578314,2016,chatcmpl-8962ac33-b59c-4646-9c36-b085b095a5fb-8aaac685,"nixl_xfer_handle(0x5af9a3d9cde0, released=False)",decode,0,0,452715,21,d61968e8-e4aa-43a2-8ca8-85b623ffd1e5_dp0,0,nixl_start_time
1780281027.2420986,1780281027.2672486,25.15,1780281027.2673142,0.06556510925292969,137397203765,137397.203765,1780281027.2420986,25.215625762939453,0.006198883056640625,10.21122932434082,10.19,66060288,2.626651610337972,4032,chatcmpl-3b18d0fa-bed6-4ad9-bdad-42a9c60fa5a7-95eafd84,"nixl_xfer_handle(0x5af9a3d9cde0, released=False)",decode,0,0,452715,42,d61968e8-e4aa-43a2-8ca8-85b623ffd1e5_dp1,0,nixl_start_time
1780281027.2673326,1780281027.2924776,25.145,1780281027.2924979,0.020265579223632812,137397228999,137397.228999,1780281027.2673326,25.165319442749023,0.0057220458984375,8.736610412597656,8.716,50331648,2.0016563133823824,3072,chatcmpl-b136e0ce-18e8-448d-86fc-d0aec4250c83-8bd695c0,"nixl_xfer_handle(0x5563558719c0, released=False)",decode,1,0,452712,32,d61968e8-e4aa-43a2-8ca8-85b623ffd1e5_dp0,0,nixl_start_time
1780281027.3046706,1780281027.3366256,31.955,1780281027.3366508,0.025272369384765625,137397266337,137397.266337,1780281027.3046706,31.980276107788086,0.004291534423828125,16.910552978515625,16.887,15728640,0.4922121733687999,960,chatcmpl-b576c05c-792e-49d5-b921-9ee4e10e5d58-8deef305,"nixl_xfer_handle(0x5af9a3d9cde0, released=False)",decode,0,0,452715,10,d61968e8-e4aa-43a2-8ca8-85b623ffd1e5_dp0,0,nixl_start_time
1780281027.3992636,1780281027.4108815,11.618,1780281027.4109426,0.06103515625,137397360930,137397.36093,1780281027.3992636,11.678934097290039,0.0064373016357421875,4.586219787597656,4.553,7864320,0.6769082458254433,480,chatcmpl-95bc2815-fed7-45f8-9624-3cd3312dd20d-a30f539c,"nixl_xfer_handle(0x5af9a3d9cde0, released=False)",decode,0,0,452715,5,d61968e8-e4aa-43a2-8ca8-85b623ffd1e5_dp1,0,nixl_start_time
1780281027.4481835,1780281027.4609945,12.811,1780281027.4610548,0.06031990051269531,137397409850,137397.40985,1780281027.4481835,12.871265411376953,0.005245208740234375,1.8868446350097656,1.86,3145728,0.24554898134415737,192,chatcmpl-060042d6-ba76-4d9c-8abf-d10cefe07c2d-a5a74497,"nixl_xfer_handle(0x556359905210, released=False)",decode,1,0,452712,2,d61968e8-e4aa-43a2-8ca8-85b623ffd1e5_dp0,0,nixl_start_time
1780281027.4482586,1780281027.4608836,12.625,1780281027.4609106,0.026941299438476562,137397409925,137397.409925,1780281027.4482586,12.651920318603516,0.0059604644775390625,9.183645248413086,9.162,39321600,3.114582178217822,2400,chatcmpl-b1f6db6b-5fa5-45be-91f4-c024bd79df5f-adb64a4c,"nixl_xfer_handle(0x5af9a3d9cde0, released=False)",decode,0,0,452715,25,d61968e8-e4aa-43a2-8ca8-85b623ffd1e5_dp1,0,nixl_start_time
1780281027.4730406,1780281027.4861116,13.071,1780281027.4861593,0.0476837158203125,137397434707,137397.434707,1780281027.4730406,13.118743896484375,0.0045299530029296875,2.897024154663086,2.869,4718592,0.36099701629561626,288,chatcmpl-96fc6d3c-1ad4-4a30-9b08-77bf5a9f7051-be5ad3ad,"nixl_xfer_handle(0x5563558719c0, released=False)",decode,1,0,452712,3,d61968e8-e4aa-43a2-8ca8-85b623ffd1e5_dp0,0,nixl_start_time
1780281027.5719576,1780281027.5966146,24.657,1780281027.5966861,0.07152557373046875,137397533624,137397.533624,1780281027.5719576,24.72853660583496,0.007152557373046875,9.474515914916992,9.45,58195968,2.3602209514539485,3552,chatcmpl-40aeacf7-1dc1-4c8e-86f7-e2ff93ac04b3-aca86d5b,"nixl_xfer_handle(0x5af9a3d9cde0, released=False)",decode,0,0,452715,37,d61968e8-e4aa-43a2-8ca8-85b623ffd1e5_dp1,0,nixl_start_time
1780281027.5848286,1780281027.5967367,11.908,1780281027.5967731,0.03647804260253906,137397546495,137397.546495,1780281027.5848286,11.94453239440918,0.005245208740234375,1.873016357421875,1.843,3145728,0.26416929795095734,192,chatcmpl-f07e186c-ee77-4fbf-9c5c-e011944eff20-84097b22,"nixl_xfer_handle(0x5563558719c0, released=False)",decode,1,0,452712,2,d61968e8-e4aa-43a2-8ca8-85b623ffd1e5_dp0,0,nixl_start_time
1780281027.5849457,1780281027.5967138,11.768,1780281027.5967643,0.05054473876953125,137397546612,137397.546612,1780281027.5849457,11.818647384643555,0.00476837158203125,0.5478858947753906,0.518,1572864,0.13365601631543167,48,chatcmpl-d144dab0-d046-4f07-a82c-b2c6c3756159-bce5ada9,"nixl_xfer_handle(0x5af9a3dc40f0, released=False)",decode,0,0,452715,1,d61968e8-e4aa-43a2-8ca8-85b623ffd1e5_dp0,0,nixl_start_time
1780281027.6087947,1780281027.6213608,12.566,1780281027.6213813,0.020503997802734375,137397570461,137397.570461,1780281027.6087947,12.586593627929688,0.0064373016357421875,5.177974700927734,5.154,7864320,0.6258411586821581,480,chatcmpl-62ddf14e-96fd-4a58-8a79-ca0bce412451-b846d35b,"nixl_xfer_handle(0x5af9a3dc40f0, released=False)",decode,0,0,452715,5,d61968e8-e4aa-43a2-8ca8-85b623ffd1e5_dp1,0,nixl_start_time
1780281027.6090016,1780281027.6215596,12.558,1780281027.6215951,0.03552436828613281,137397570668,137397.570668,1780281027.6090016,12.593507766723633,0.0045299530029296875,5.076885223388672,5.055,26738688,2.129215480172002,1632,chatcmpl-cace6c18-eb1b-4433-9808-e9d541884bd5-b891d285,"nixl_xfer_handle(0x5563558719c0, released=False)",decode,1,0,452712,17,d61968e8-e4aa-43a2-8ca8-85b623ffd1e5_dp1,0,nixl_start_time
1780281027.6463277,1780281027.6588728,12.545,1780281027.6588936,0.020742416381835938,137397607994,137397.607994,1780281027.6463277,12.565851211547852,0.0054836273193359375,7.28607177734375,7.256,12582912,1.0030220805101633,768,chatcmpl-c97d578b-5d1e-49b6-b07e-8952fe524c53-87490fbc,"nixl_xfer_handle(0x5563558719c0, released=False)",decode,1,0,452712,8,d61968e8-e4aa-43a2-8ca8-85b623ffd1e5_dp0,0,nixl_start_time
1780281027.7075686,1780281027.7199116,12.343,1780281027.7199438,0.03218650817871094,137397669235,137397.669235,1780281027.7075686,12.375116348266602,0.0050067901611328125,1.837015151977539,1.808,3145728,0.2548592724621243,192,chatcmpl-11fb896b-4475-49eb-a87d-8e0d15b09acb-812e4a5d,"nixl_xfer_handle(0x5563558719c0, released=False)",decode,1,0,452712,2,d61968e8-e4aa-43a2-8ca8-85b623ffd1e5_dp0,0,nixl_start_time
1780281027.8683066,1780281027.9066017,38.295,1780281027.9066625,0.06079673767089844,137397829973,137397.829973,1780281027.8683066,38.35582733154297,0.005245208740234375,10.792970657348633,10.768,77070336,2.012543047395221,4704,chatcmpl-f30ff276-efb6-4843-9355-56e7672aded6-8afb59c2,"nixl_xfer_handle(0x556359ce3e40, released=False)",decode,1,0,452712,49,d61968e8-e4aa-43a2-8ca8-85b623ffd1e5_dp1,0,nixl_start_time
1780281028.0179367,1780281028.0302646,12.328000000000001,1780281028.0302856,0.0209808349609375,137397979603,137397.979603,1780281028.0179367,12.34889030456543,0.007152557373046875,2.8638839721679688,2.838,4718592,0.38275405580791694,288,chatcmpl-efca67f6-d956-4c6e-bc53-7f3226d9aeaf-b654d535,"nixl_xfer_handle(0x5af9a3dc40f0, released=False)",decode,0,0,452715,3,d61968e8-e4aa-43a2-8ca8-85b623ffd1e5_dp0,0,nixl_start_time
1780281028.2040668,1780281028.2201738,16.107,1780281028.2201958,0.02193450927734375,137398165733,137398.165733,1780281028.2040668,16.129016876220703,0.00476837158203125,1.796722412109375,1.766,3145728,0.1953019184205625,192,chatcmpl-b550b6d9-613a-4c81-b3ce-0e6927f4fcd9-a6d6a780,"nixl_xfer_handle(0x5563599c3dd0, released=False)",decode,1,0,452712,2,d61968e8-e4aa-43a2-8ca8-85b623ffd1e5_dp0,0,nixl_start_time
1780281028.2043645,1780281028.2294226,25.058,1780281028.229443,0.020503997802734375,137398166031,137398.166031,1780281028.2043645,25.078535079956055,0.007152557373046875,10.054826736450195,10.019,58195968,2.3224506345278955,3552,chatcmpl-f05cd740-a2cc-45e9-92ff-c8b3d35e3fb2-aec1174f,"nixl_xfer_handle(0x5af9a3dc40f0, released=False)",decode,0,0,452715,37,d61968e8-e4aa-43a2-8ca8-85b623ffd1e5_dp1,0,nixl_start_time
1780281028.2178698,1780281028.2296238,11.754000000000001,1780281028.2296436,0.019788742065429688,137398179536,137398.179536,1780281028.2178698,11.773824691772461,0.0054836273193359375,1.8548965454101562,1.826,3145728,0.26763042368555384,192,chatcmpl-e85c0990-44bc-468a-899b-268ced3efa99-84049e79,"nixl_xfer_handle(0x556356e1e4c0, released=False)",decode,1,0,452712,2,d61968e8-e4aa-43a2-8ca8-85b623ffd1e5_dp0,0,nixl_start_time
1780281028.3661587,1780281028.3785257,12.366999999999999,1780281028.3785474,0.021696090698242188,137398327825,137398.327825,1780281028.3661587,12.38870620727539,0.0054836273193359375,3.9060115814208984,3.881,6291456,0.5087293603945986,384,chatcmpl-8cf7e79a-f06d-4575-a1bc-08bc4c8779c2-9984193b,"nixl_xfer_handle(0x5af9a3dc40f0, released=False)",decode,0,0,452715,4,d61968e8-e4aa-43a2-8ca8-85b623ffd1e5_dp0,0,nixl_start_time
1780281028.3906567,1780281028.3917007,1.044,1780281028.3917391,0.03838539123535156,137398352323,137398.352323,1780281028.3906567,1.0824203491210938,0.00476837158203125,0.5981922149658203,0.573,1572864,1.5065747126436781,48,chatcmpl-c13817bf-aef3-4e1f-a39a-05398c0101df-bd1e4a55,"nixl_xfer_handle(0x556359d11a40, released=False)",decode,1,0,452712,1,d61968e8-e4aa-43a2-8ca8-85b623ffd1e5_dp1,0,nixl_start_time
1780281028.4400496,1780281028.4526606,12.611,1780281028.4527113,0.05078315734863281,137398401716,137398.401716,1780281028.4400496,12.66169548034668,0.006198883056640625,7.574558258056641,7.538,9437184,0.7483295535643486,576,chatcmpl-f72919d4-3525-4c5f-9d17-b68850f9bef5-adb282ba,"nixl_xfer_handle(0x5af9a3dc40f0, released=False)",decode,0,0,452715,6,d61968e8-e4aa-43a2-8ca8-85b623ffd1e5_dp0,0,nixl_start_time
1780281028.4896448,1780281028.5022888,12.644,1780281028.5023112,0.022411346435546875,137398451311,137398.451311,1780281028.4896448,12.666463851928711,0.005245208740234375,4.284858703613281,4.262,18874368,1.4927529262891488,1152,chatcmpl-59d8575a-2512-4dfe-a7c2-4759a316ced9-899a25b6,"nixl_xfer_handle(0x556359d11a40, released=False)",decode,1,0,452712,12,d61968e8-e4aa-43a2-8ca8-85b623ffd1e5_dp1,0,nixl_start_time
1780281028.5635867,1780281028.5756357,12.049000000000001,1780281028.5757117,0.07605552673339844,137398525253,137398.525253,1780281028.5635867,12.125015258789062,0.005245208740234375,4.251241683959961,4.228,6291456,0.5221558635571416,384,chatcmpl-ede6afac-515e-492a-b37c-0d82456a5431-9e480a94,"nixl_xfer_handle(0x5af9a3dc40f0, released=False)",decode,0,0,452715,4,d61968e8-e4aa-43a2-8ca8-85b623ffd1e5_dp0,0,nixl_start_time
1780281028.6008446,1780281028.6122565,11.412,1780281028.6123152,0.058650970458984375,137398562511,137398.562511,1780281028.6008446,11.470556259155273,0.0057220458984375,2.161741256713867,2.139,3145728,0.27565089379600416,192,chatcmpl-93397465-0db2-4fb3-9795-108d7c0d8487-8ea3e129,"nixl_xfer_handle(0x5af9a3dc40f0, released=False)",decode,0,0,452715,2,d61968e8-e4aa-43a2-8ca8-85b623ffd1e5_dp1,0,nixl_start_time
1780281028.6868718,1780281028.7121549,25.283,1780281028.712213,0.05817413330078125,137398648538,137398.648538,1780281028.6868718,25.341272354125977,0.0050067901611328125,10.198831558227539,10.175,72351744,2.861675592295218,4416,chatcmpl-8be1a495-fd42-49d8-b5e7-3c9599dc53f2-a6583b85,"nixl_xfer_handle(0x556359d11a40, released=False)",decode,1,0,452712,46,d61968e8-e4aa-43a2-8ca8-85b623ffd1e5_dp0,0,nixl_start_time
1780281028.7739077,1780281028.8199716,46.064,1780281028.8200104,0.03886222839355469,137398735574,137398.735574,1780281028.7739077,46.10276222229004,0.006198883056640625,9.682655334472656,9.656,69206016,1.5023883292810003,4224,chatcmpl-4b7c8ddf-1efa-4396-9214-7be1da40b1c3-bce83c3c,"nixl_xfer_handle(0x55634353f480, released=False)",decode,1,0,452712,44,d61968e8-e4aa-43a2-8ca8-85b623ffd1e5_dp1,0,nixl_start_time
1780281028.7740166,1780281028.7981226,24.105999999999998,1780281028.7981527,0.030040740966796875,137398735683,137398.735683,1780281028.7740166,24.136066436767578,0.0069141387939453125,10.044336318969727,10.022,61341696,2.5446650626400067,3744,chatcmpl-a2e0b97c-26d4-43f4-bc73-b1ef4df5f640-9b1237ae,"nixl_xfer_handle(0x5af9a3dc40f0, released=False)",decode,0,0,452715,39,d61968e8-e4aa-43a2-8ca8-85b623ffd1e5_dp1,0,nixl_start_time
1780281028.7874506,1780281028.8092456,21.794999999999998,1780281028.8092613,0.015735626220703125,137398749117,137398.749117,1780281028.7874506,21.81077003479004,0.0045299530029296875,0.4420280456542969,0.422,1572864,0.07216627666896078,48,chatcmpl-e7d66ff0-948a-40fd-8f6f-b48aaddb4820-bc7a10a4,"nixl_xfer_handle(0x556337b827f0, released=False)",decode,1,0,452712,1,d61968e8-e4aa-43a2-8ca8-85b623ffd1e5_dp0,0,nixl_start_time
1780281028.7874827,1780281028.8086627,21.18,1780281028.808734,0.07128715515136719,137398749149,137398.749149,1780281028.7874827,21.251201629638672,0.006198883056640625,6.985187530517578,6.959,3145728,0.14852351274787534,192,chatcmpl-bfec452c-e0c0-4bfc-9d44-fecca7084a6c-b5a22a31,"nixl_xfer_handle(0x5af9a3d9cde0, released=False)",decode,0,0,452715,2,d61968e8-e4aa-43a2-8ca8-85b623ffd1e5_dp0,0,nixl_start_time
1780281028.7880688,1780281028.8200397,31.971,1780281028.8200583,0.018596649169921875,137398749735,137398.749735,1780281028.7880688,31.989574432373047,0.003337860107421875,16.729116439819336,16.713,31457280,0.9839316880923337,1920,chatcmpl-b2af575e-ce64-441d-9bec-523348e9bc6d-8fc6032e,"nixl_xfer_handle(0x5563599c3dd0, released=False)",decode,1,0,452712,20,d61968e8-e4aa-43a2-8ca8-85b623ffd1e5_dp0,0,nixl_start_time
1780281028.7945516,1780281028.8087716,14.22,1780281028.8088045,0.032901763916015625,137398756218,137398.756218,1780281028.7945516,14.252901077270508,0.0035762786865234375,3.3109188079833984,3.296,3145728,0.2212185654008439,192,chatcmpl-ce59a6b2-c191-4328-b88a-0c2a5b594a13-bfa5270a,"nixl_xfer_handle(0x5af9a3e243a0, released=False)",decode,0,0,452715,2,d61968e8-e4aa-43a2-8ca8-85b623ffd1e5_dp0,0,nixl_start_time
1780281028.8691328,1780281028.8852878,16.154999999999998,1780281028.8853323,0.04458427429199219,137398830799,137398.830799,1780281028.8691328,16.199588775634766,0.006198883056640625,1.959085464477539,1.935,3145728,0.19472163416898794,192,chatcmpl-e69b2c37-e4ce-4b3a-adb7-088cf5fdd81f-96dddf8f,"nixl_xfer_handle(0x5af9a3e243a0, released=False)",decode,0,0,452715,2,d61968e8-e4aa-43a2-8ca8-85b623ffd1e5_dp1,0,nixl_start_time
1780281028.8692546,1780281028.8886745,19.419999999999998,1780281028.88872,0.04553794860839844,137398830921,137398.830921,1780281028.8692546,19.46544647216797,0.0050067901611328125,1.9593238830566406,1.931,3145728,0.16198393408856848,192,chatcmpl-2676861b-71b1-4cf4-b4b9-34bb5404cc64-848e2f1b,"nixl_xfer_handle(0x556337b827f0, released=False)",decode,1,0,452712,2,d61968e8-e4aa-43a2-8ca8-85b623ffd1e5_dp1,0,nixl_start_time
1780281028.8714306,1780281028.9057076,34.277,1780281028.9057543,0.04673004150390625,137398833097,137398.833097,1780281028.8714306,34.323692321777344,0.0040531158447265625,13.49020004272461,13.459,58195968,1.6978139277066253,3552,chatcmpl-1c60531d-4288-4966-9a83-76894b357ace-a53a5fac,"nixl_xfer_handle(0x5af9a3d9cde0, released=False)",decode,0,0,452715,37,d61968e8-e4aa-43a2-8ca8-85b623ffd1e5_dp1,0,nixl_start_time
1780281028.8885336,1780281028.9247167,36.183,1780281028.9247332,0.016450881958007812,137398850200,137398.8502,1780281028.8885336,36.19956970214844,0.005245208740234375,16.916275024414062,16.892,14155776,0.39122726142110936,864,chatcmpl-0adb7c0c-8483-40da-9d1d-0ccb8b75b4ab-91a7d804,"nixl_xfer_handle(0x5af9a3dc31e0, released=False)",decode,0,0,452715,9,d61968e8-e4aa-43a2-8ca8-85b623ffd1e5_dp0,0,nixl_start_time
1780281028.9089158,1780281028.9206078,11.691999999999998,1780281028.9206426,0.034809112548828125,137398870582,137398.870582,1780281028.9089158,11.726856231689453,0.0030994415283203125,1.9366741180419922,1.911,3145728,0.26904960656859395,192,chatcmpl-6de41828-94ac-4411-b068-2ab0cd3e8817-919d1128,"nixl_xfer_handle(0x556337b827f0, released=False)",decode,1,0,452712,2,d61968e8-e4aa-43a2-8ca8-85b623ffd1e5_dp1,0,nixl_start_time
1780281028.9202917,1780281028.9326386,12.347,1780281028.9326742,0.03552436828613281,137398881958,137398.881958,1780281028.9202917,12.38250732421875,0.005245208740234375,4.091739654541016,4.067,6291456,0.509553413784725,384,chatcmpl-2974b0cd-b8c7-4a8b-bfe5-0ea39d02456f-b4ddd5fd,"nixl_xfer_handle(0x5af9a3d9cde0, released=False)",decode,0,0,452715,4,d61968e8-e4aa-43a2-8ca8-85b623ffd1e5_dp1,0,nixl_start_time
1780281028.9572947,1780281028.9840968,26.802,1780281028.984117,0.020265579223632812,137398918961,137398.918961,1780281028.9572947,26.822328567504883,0.0045299530029296875,6.196737289428711,6.178,42467328,1.5844835460040294,2592,chatcmpl-9bbe8166-64c6-48f9-9dd0-f48a60b7a63c-b2c87310,"nixl_xfer_handle(0x556337b827f0, released=False)",decode,1,0,452712,27,d61968e8-e4aa-43a2-8ca8-85b623ffd1e5_dp0,0,nixl_start_time
1780281028.9817016,1780281028.9980285,16.327,1780281028.9980493,0.020742416381835938,137398943368,137398.943368,1780281028.9817016,16.347646713256836,0.004291534423828125,1.9330978393554688,1.908,3145728,0.19267030072885402,192,chatcmpl-f68f1bf8-96c6-4f23-8a81-e9bbfd3102c0-b689e72d,"nixl_xfer_handle(0x556345b7c4e0, released=False)",decode,1,0,452712,2,d61968e8-e4aa-43a2-8ca8-85b623ffd1e5_dp1,0,nixl_start_time
1780281028.9940186,1780281029.0074487,13.43,1780281029.0074863,0.037670135498046875,137398955685,137398.955685,1780281028.9940186,13.467788696289062,0.0057220458984375,2.0341873168945312,2.012,3145728,0.23423142218912882,192,chatcmpl-826b72b2-f542-4605-a7b1-4a311b08c068-ba284fd9,"nixl_xfer_handle(0x5af9a3dc31e0, released=False)",decode,0,0,452715,2,d61968e8-e4aa-43a2-8ca8-85b623ffd1e5_dp0,0,nixl_start_time
1780281028.9940586,1780281029.0125537,18.495,1780281029.012609,0.0553131103515625,137398955725,137398.955725,1780281028.9940586,18.550395965576172,0.0045299530029296875,3.512859344482422,3.485,6291456,0.3401706407137064,384,chatcmpl-62bd5ebd-92f8-4d78-8711-fe8238d5ccda-9faa8b17,"nixl_xfer_handle(0x556337b827f0, released=False)",decode,1,0,452712,4,d61968e8-e4aa-43a2-8ca8-85b623ffd1e5_dp0,0,nixl_start_time
1780281029.0074856,1780281029.0190496,11.564,1780281029.019082,0.0324249267578125,137398969152,137398.969152,1780281029.0074856,11.596441268920898,0.0045299530029296875,4.701375961303711,4.679,25165824,2.176221376686268,1536,chatcmpl-9ad4f6b1-663c-4a72-9c9b-b96c94b690c5-8581abd2,"nixl_xfer_handle(0x556345b7c4e0, released=False)",decode,1,0,452712,16,d61968e8-e4aa-43a2-8ca8-85b623ffd1e5_dp1,0,nixl_start_time
1780281029.1825967,1780281029.2078898,25.293,1780281029.2079089,0.019073486328125,137399144263,137399.144263,1780281029.1825967,25.312185287475586,0.00476837158203125,6.350278854370117,6.331,42467328,1.6790150634562924,2592,chatcmpl-2cc533b1-02a3-48bb-bd24-5eacb8669c6c-841a4378,"nixl_xfer_handle(0x556345b7c4e0, released=False)",decode,1,0,452712,27,d61968e8-e4aa-43a2-8ca8-85b623ffd1e5_dp0,0,nixl_start_time
1780281029.2076967,1780281029.2203236,12.626999999999999,1780281029.2203784,0.054836273193359375,137399169363,137399.169363,1780281029.2076967,12.681722640991211,0.0057220458984375,2.0248889923095703,2.001,3145728,0.24912710857685913,192,chatcmpl-fd613583-fb14-47ef-83d5-ccd7a91a37cc-b2042577,"nixl_xfer_handle(0x5af9a3dc31e0, released=False)",decode,0,0,452715,2,d61968e8-e4aa-43a2-8ca8-85b623ffd1e5_dp1,0,nixl_start_time
1780281029.2584317,1780281029.2768426,18.411,1780281029.2768588,0.01621246337890625,137399220098,137399.220098,1780281029.2584317,18.427133560180664,0.0045299530029296875,2.784252166748047,2.756,4718592,0.2562919993482157,288,chatcmpl-8a8ea750-bc4c-4a34-8cf8-b641c020147c-886968b7,"nixl_xfer_handle(0x556359a64e20, released=False)",decode,1,0,452712,3,d61968e8-e4aa-43a2-8ca8-85b623ffd1e5_dp0,0,nixl_start_time
1780281029.2714517,1780281029.2843666,12.915,1780281029.2843888,0.022172927856445312,137399233118,137399.233118,1780281029.2714517,12.937068939208984,0.0059604644775390625,5.002021789550781,4.979,25165824,1.948573286875726,1536,chatcmpl-1f2274e8-36e1-4f65-8cab-638e10f50767-99faa93d,"nixl_xfer_handle(0x556337b827f0, released=False)",decode,1,0,452712,16,d61968e8-e4aa-43a2-8ca8-85b623ffd1e5_dp1,0,nixl_start_time
1780281029.3480377,1780281029.3607597,12.722000000000001,1780281029.3608246,0.064849853515625,137399309704,137399.309704,1780281029.3480377,12.786865234375,0.0057220458984375,9.331226348876953,9.285,37748736,2.9672013834302784,2304,chatcmpl-f617034e-4fcc-458f-bda0-a8c247cf3b30-880d0929,"nixl_xfer_handle(0x5af9a3dc31e0, released=False)",decode,0,0,452715,24,d61968e8-e4aa-43a2-8ca8-85b623ffd1e5_dp0,0,nixl_start_time
1780281029.3480406,1780281029.3732626,25.222,1780281029.3732955,0.032901763916015625,137399309707,137399.309707,1780281029.3480406,25.25496482849121,0.0057220458984375,7.005929946899414,6.984,51904512,2.0579062723019588,3168,chatcmpl-5b1541e5-d6a9-4fd2-baae-fc26ceadc2f2-8f0831ce,"nixl_xfer_handle(0x556337b827f0, released=False)",decode,1,0,452712,33,d61968e8-e4aa-43a2-8ca8-85b623ffd1e5_dp0,0,nixl_start_time
1780281029.4119368,1780281029.4238627,11.926,1780281029.423917,0.05435943603515625,137399373603,137399.373603,1780281029.4119368,11.980295181274414,0.0059604644775390625,3.367185592651367,3.347,25165824,2.1101646822069426,1536,chatcmpl-3d69a578-1deb-4985-b19d-0cf3a89078aa-863dab7c,"nixl_xfer_handle(0x556359a39180, released=False)",decode,1,0,452712,16,d61968e8-e4aa-43a2-8ca8-85b623ffd1e5_dp0,0,nixl_start_time
1780281029.5751696,1780281029.6022825,27.113000000000003,1780281029.6023586,0.07605552673339844,137399536836,137399.536836,1780281029.5751696,27.189016342163086,0.0050067901611328125,12.040376663208008,12.017,73924608,2.726537380592336,4512,chatcmpl-28dab411-2a36-44d0-8568-3286287ebadc-89313ef7,"nixl_xfer_handle(0x556345b7c4e0, released=False)",decode,1,0,452712,47,d61968e8-e4aa-43a2-8ca8-85b623ffd1e5_dp1,0,nixl_start_time
1780281029.6025336,1780281029.6144736,11.94,1780281029.6145468,0.07319450378417969,137399564200,137399.5642,1780281029.6025336,12.01319694519043,0.00762939453125,4.101276397705078,4.076,31457280,2.6346130653266333,1920,chatcmpl-bca4a3d2-82d8-48b4-8580-2a4a71316113-80caa1cf,"nixl_xfer_handle(0x5af9a418eca0, released=False)",decode,0,0,452715,20,d61968e8-e4aa-43a2-8ca8-85b623ffd1e5_dp0,0,nixl_start_time
1780281029.7011876,1780281029.7134726,12.285,1780281029.713509,0.03647804260253906,137399662854,137399.662854,1780281029.7011876,12.32147216796875,0.003337860107421875,1.5070438385009766,1.482,3145728,0.2560625152625152,192,chatcmpl-d9b81e18-5af9-42ca-af1b-a9cb9ff52a2c-8cb94409,"nixl_xfer_handle(0x556359a39180, released=False)",decode,1,0,452712,2,d61968e8-e4aa-43a2-8ca8-85b623ffd1e5_dp1,0,nixl_start_time
1780281029.7261107,1780281029.7383888,12.278,1780281029.7384276,0.03886222839355469,137399687777,137399.687777,1780281029.7261107,12.31694221496582,0.0050067901611328125,3.823518753051758,3.789,33030144,2.690189281641961,2016,chatcmpl-694f028c-4cdc-45b3-bab4-502956ed13ea-9552a258,"nixl_xfer_handle(0x556359a39180, released=False)",decode,1,0,452712,21,d61968e8-e4aa-43a2-8ca8-85b623ffd1e5_dp0,0,nixl_start_time
1780281029.8007596,1780281029.8303037,29.544,1780281029.8303244,0.020742416381835938,137399762426,137399.762426,1780281029.8007596,29.564857482910156,0.008106231689453125,12.207508087158203,12.182,77070336,2.608662875710804,4704,chatcmpl-c310ee22-b5cf-4cbf-92a8-48a9ffbdd0c9-b689bf43,"nixl_xfer_handle(0x5af9a418eca0, released=False)",decode,0,0,452715,49,d61968e8-e4aa-43a2-8ca8-85b623ffd1e5_dp1,0,nixl_start_time
1780281029.8280056,1780281029.8401606,12.155,1780281029.8401809,0.020265579223632812,137399789672,137399.789672,1780281029.8280056,12.175321578979492,0.0057220458984375,1.9969940185546875,1.971,3145728,0.2588011517893871,192,chatcmpl-d71ab71b-54dc-417f-8354-2f9dc602a36a-87e673ba,"nixl_xfer_handle(0x5af9a3e243a0, released=False)",decode,0,0,452715,2,d61968e8-e4aa-43a2-8ca8-85b623ffd1e5_dp0,0,nixl_start_time
1780281029.8402236,1780281029.8528864,12.663,1780281029.852947,0.060558319091796875,137399801890,137399.80189,1780281029.8402236,12.723445892333984,0.003814697265625,8.894920349121094,8.877,31457280,2.484188580904999,1920,chatcmpl-db293508-3b89-4782-8985-3e22d638933e-a4cbed6c,"nixl_xfer_handle(0x556337b827f0, released=False)",decode,1,0,452712,20,d61968e8-e4aa-43a2-8ca8-85b623ffd1e5_dp1,0,nixl_start_time
1780281029.9154096,1780281029.9404366,25.027,1780281029.940473,0.03647804260253906,137399877076,137399.877076,1780281029.9154096,25.063514709472656,0.0054836273193359375,8.977651596069336,8.958,51904512,2.0739406241259437,3168,chatcmpl-707e9c1d-cc71-4791-b0bd-24d3a44ae2d3-b7d43c1b,"nixl_xfer_handle(0x5563598f6850, released=False)",decode,1,0,452712,33,d61968e8-e4aa-43a2-8ca8-85b623ffd1e5_dp0,0,nixl_start_time
1780281030.0021477,1780281030.0251527,23.005000000000003,1780281030.0251682,0.015497207641601562,137399963814,137399.963814,1780281030.0021477,23.020505905151367,0.0059604644775390625,8.42428207397461,8.403,42467328,1.8460042599434905,2592,chatcmpl-b9a4f17d-de52-4991-bfdb-9f4b5f57c81f-9fca49d7,"nixl_xfer_handle(0x556359957d20, released=False)",decode,1,0,452712,27,d61968e8-e4aa-43a2-8ca8-85b623ffd1e5_dp0,0,nixl_start_time
1780281030.0023577,1780281030.0281837,25.826,1780281030.02825,0.06628036499023438,137399964024,137399.964024,1780281030.0023577,25.892257690429688,0.0247955322265625,8.344173431396484,8.304,47185920,1.8270703941764113,2880,chatcmpl-2d6771b9-ef23-4049-b25c-332581c80111-b4b58dfc,"nixl_xfer_handle(0x5af9a3e243a0, released=False)",decode,0,0,452715,30,d61968e8-e4aa-43a2-8ca8-85b623ffd1e5_dp0,0,nixl_start_time
1780281030.0108016,1780281030.0396385,28.837000000000003,1780281030.039658,0.019550323486328125,137399972468,137399.972468,1780281030.0108016,28.856515884399414,0.002384185791015625,14.062643051147461,14.03,44040192,1.527211291049693,2688,chatcmpl-bdd2240e-e847-45a6-a6e3-191057d9a018-884a69e2,"nixl_xfer_handle(0x556359a64e20, released=False)",decode,1,0,452712,28,d61968e8-e4aa-43a2-8ca8-85b623ffd1e5_dp1,0,nixl_start_time
1780281030.0650856,1780281030.0777206,12.635,1780281030.0777457,0.025033950805664062,137400026752,137400.026752,1780281030.0650856,12.660026550292969,0.00476837158203125,3.4792423248291016,3.46,23592960,1.867270280965572,1440,chatcmpl-c26dc7c6-32a4-4b40-943c-517e02f97e7f-b1a69cb1,"nixl_xfer_handle(0x556337b827f0, released=False)",decode,1,0,452712,15,d61968e8-e4aa-43a2-8ca8-85b623ffd1e5_dp1,0,nixl_start_time
1780281030.0652277,1780281030.0926447,27.417,1780281030.092663,0.018358230590820312,137400026894,137400.026894,1780281030.0652277,27.435302734375,0.0064373016357421875,8.985757827758789,8.964,58195968,2.1226234817813765,3552,chatcmpl-fc7b8be8-24c0-431c-893e-465af73b624e-9310eec7,"nixl_xfer_handle(0x5af9a3e243a0, released=False)",decode,0,0,452715,37,d61968e8-e4aa-43a2-8ca8-85b623ffd1e5_dp0,0,nixl_start_time
1780281030.0899947,1780281030.0923617,2.367,1780281030.0926852,0.3235340118408203,137400051661,137400.051661,1780281030.0899947,2.690553665161133,0.0054836273193359375,2.3992061614990234,2.367,3145728,1.328993662864385,192,chatcmpl-6be61614-5a28-452b-93ce-c8bf525a2f54-baceead5,"nixl_xfer_handle(0x5af9a418eca0, released=False)",decode,0,0,452715,2,d61968e8-e4aa-43a2-8ca8-85b623ffd1e5_dp0,0,nixl_start_time
1780281030.2416067,1780281030.2663558,24.749,1780281030.2663941,0.03838539123535156,137400203273,137400.203273,1780281030.2416067,24.787425994873047,0.005245208740234375,9.858846664428711,9.837,59768832,2.414999878782981,3648,chatcmpl-7577e5a5-22ae-4c40-bdb5-d223281e8d4e-b226d486,"nixl_xfer_handle(0x556337b827f0, released=False)",decode,1,0,452712,38,d61968e8-e4aa-43a2-8ca8-85b623ffd1e5_dp1,0,nixl_start_time
1780281030.3161407,1780281030.3514535,35.312999999999995,1780281030.3514972,0.04363059997558594,137400277807,137400.277807,1780281030.3161407,35.35652160644531,0.0050067901611328125,13.42916488647461,13.407,78643200,2.2270325375923883,4800,chatcmpl-7e754ab7-e25b-4450-8142-b35f4cc0c1d3-a64601c8,"nixl_xfer_handle(0x556337b827f0, released=False)",decode,1,0,452712,50,d61968e8-e4aa-43a2-8ca8-85b623ffd1e5_dp0,0,nixl_start_time
1780281030.3162766,1780281030.3381815,21.905,1780281030.338196,0.014543533325195312,137400277943,137400.277943,1780281030.3162766,21.91948890686035,0.00667572021484375,9.302616119384766,9.267,64487424,2.943959096096781,3936,chatcmpl-a7b76c77-d88a-4b8d-959c-9d31003c63e7-a9c118b1,"nixl_xfer_handle(0x5af9a418eca0, released=False)",decode,0,0,452715,41,d61968e8-e4aa-43a2-8ca8-85b623ffd1e5_dp0,0,nixl_start_time
1780281030.3330235,1780281030.3633904,30.367,1780281030.3634477,0.057220458984375,137400294690,137400.29469,1780281030.3330235,30.424118041992188,0.0050067901611328125,15.069246292114258,15.049,34603008,1.1394937926038131,2112,chatcmpl-e3bbc48b-edcb-4280-8f0a-bd6674d41854-98184aab,"nixl_xfer_handle(0x556359957d20, released=False)",decode,1,0,452712,22,d61968e8-e4aa-43a2-8ca8-85b623ffd1e5_dp1,0,nixl_start_time
1780281030.3332336,1780281030.3514886,18.255,1780281030.3515084,0.019788742065429688,137400294900,137400.2949,1780281030.3332336,18.274784088134766,0.0050067901611328125,4.661083221435547,4.635,4718592,0.2584821692686935,288,chatcmpl-0f40065b-877a-4837-ad06-f38cc97dfdc4-b0cd64f3,"nixl_xfer_handle(0x5af9a3e243a0, released=False)",decode,0,0,452715,3,d61968e8-e4aa-43a2-8ca8-85b623ffd1e5_dp1,0,nixl_start_time
1780281030.4265127,1780281030.4444816,17.968999999999998,1780281030.4445353,0.05364418029785156,137400388179,137400.388179,1780281030.4265127,18.022537231445312,0.0069141387939453125,5.448818206787109,5.425,23592960,1.3129812454783238,1440,chatcmpl-1df1949b-6329-4d1c-b99d-77cda1106c02-9ad72810,"nixl_xfer_handle(0x5af9a3e243a0, released=False)",decode,0,0,452715,15,d61968e8-e4aa-43a2-8ca8-85b623ffd1e5_dp0,0,nixl_start_time
1780281030.4266245,1780281030.4389415,12.317,1780281030.4389763,0.034809112548828125,137400388291,137400.388291,1780281030.4266245,12.351751327514648,0.0045299530029296875,3.983020782470703,3.964,31457280,2.5539725582528217,1920,chatcmpl-1de0ef56-2c0b-4a7b-9116-9ee90ec0e070-a28bda54,"nixl_xfer_handle(0x556359957d20, released=False)",decode,1,0,452712,20,d61968e8-e4aa-43a2-8ca8-85b623ffd1e5_dp0,0,nixl_start_time
1780281030.4306827,1780281030.4475207,16.837999999999997,1780281030.4475768,0.05602836608886719,137400392349,137400.392349,1780281030.4306827,16.894102096557617,0.00286102294921875,7.9784393310546875,7.954,6291456,0.3736462762798432,384,chatcmpl-bd734fd8-f647-4ec3-9fa6-ff34bd8f4496-a2b85a92,"nixl_xfer_handle(0x556337b827f0, released=False)",decode,1,0,452712,4,d61968e8-e4aa-43a2-8ca8-85b623ffd1e5_dp1,0,nixl_start_time
1780281030.4323537,1780281030.4689527,36.599,1780281030.4689684,0.015735626220703125,137400394020,137400.39402,1780281030.4323537,36.61465644836426,0.004291534423828125,11.670112609863281,11.638,73924608,2.019853220033334,4512,chatcmpl-9578bc4b-91b0-43d4-b51d-c631a0a0543c-be23e5e2,"nixl_xfer_handle(0x5af9a418eca0, released=False)",decode,0,0,452715,47,d61968e8-e4aa-43a2-8ca8-85b623ffd1e5_dp0,0,nixl_start_time
1780281030.4598007,1780281030.4722877,12.487,1780281030.4723704,0.08273124694824219,137400421467,137400.421467,1780281030.4598007,12.569665908813477,0.0064373016357421875,8.804559707641602,8.783,37748736,3.0230428445583404,2304,chatcmpl-4a817087-ecc9-4fb4-919f-6f845c889b87-8ad9df45,"nixl_xfer_handle(0x5af9a385cfe0, released=False)",decode,0,0,452715,24,d61968e8-e4aa-43a2-8ca8-85b623ffd1e5_dp0,0,nixl_start_time
1780281030.5232737,1780281030.5507507,27.477,1780281030.550799,0.048160552978515625,137400484940,137400.48494,1780281030.5232737,27.52518653869629,0.007152557373046875,12.015342712402344,11.978,78643200,2.862146522546129,4800,chatcmpl-f92c0fe1-4322-4fba-a845-ac571e3495f9-8f1a9875,"nixl_xfer_handle(0x5af9a418eca0, released=False)",decode,0,0,452715,50,d61968e8-e4aa-43a2-8ca8-85b623ffd1e5_dp1,0,nixl_start_time
1780281030.6017456,1780281030.6270876,25.342,1780281030.6271343,0.04673004150390625,137400563412,137400.563412,1780281030.6017456,25.388717651367188,0.0059604644775390625,8.67319107055664,8.651,61341696,2.420554652355773,3744,chatcmpl-e12017dd-c4c6-431b-89cc-d4041cfcfcd4-ae22893e,"nixl_xfer_handle(0x5af9a418eca0, released=False)",decode,0,0,452715,39,d61968e8-e4aa-43a2-8ca8-85b623ffd1e5_dp0,0,nixl_start_time
1780281030.6146386,1780281030.6397727,25.134,1780281030.6397965,0.02384185791015625,137400576305,137400.576305,1780281030.6146386,25.157928466796875,0.00476837158203125,7.980823516845703,7.961,47185920,1.8773740749582237,2880,chatcmpl-74926bab-50e0-4a58-8274-f16c90f00e8b-95b67927,"nixl_xfer_handle(0x556337b827f0, released=False)",decode,1,0,452712,30,d61968e8-e4aa-43a2-8ca8-85b623ffd1e5_dp1,0,nixl_start_time
1780281030.7423866,1780281030.7547536,12.366999999999999,1780281030.754814,0.06031990051269531,137400704053,137400.704053,1780281030.7423866,12.427330017089844,0.0054836273193359375,4.413604736328125,4.378,34603008,2.798011482170292,2112,chatcmpl-403f9f29-7f64-493e-90df-12980c32cfd5-8589053e,"nixl_xfer_handle(0x556337b827f0, released=False)",decode,1,0,452712,22,d61968e8-e4aa-43a2-8ca8-85b623ffd1e5_dp0,0,nixl_start_time
1780281030.8828886,1780281030.9005506,17.662,1780281030.9005668,0.01621246337890625,137400844555,137400.844555,1780281030.8828886,17.678260803222656,0.0045299530029296875,1.5435218811035156,1.515,3145728,0.17810712263616804,192,chatcmpl-ded46cbb-fb94-462b-a4b6-15891d7b7198-83613011,"nixl_xfer_handle(0x556337b827f0, released=False)",decode,1,0,452712,2,d61968e8-e4aa-43a2-8ca8-85b623ffd1e5_dp1,0,nixl_start_time
1780281030.8831236,1780281030.8959026,12.779,1780281030.895944,0.041484832763671875,137400844790,137400.84479,1780281030.8831236,12.82048225402832,0.0059604644775390625,2.135038375854492,2.11,3145728,0.2461638625870569,192,chatcmpl-c7e7b5ef-7673-455b-85fa-9d15604ffb14-b780293a,"nixl_xfer_handle(0x5af9a418eca0, released=False)",decode,0,0,452715,2,d61968e8-e4aa-43a2-8ca8-85b623ffd1e5_dp0,0,nixl_start_time
1780281030.8958046,1780281030.9084296,12.625,1780281030.9084895,0.05984306335449219,137400857471,137400.857471,1780281030.8958046,12.684822082519531,0.0054836273193359375,4.400014877319336,4.37,9437184,0.7474997227722773,576,chatcmpl-dd9d8750-599e-46ab-95ae-8982ec585532-bfe6ddc0,"nixl_xfer_handle(0x556359957d20, released=False)",decode,1,0,452712,6,d61968e8-e4aa-43a2-8ca8-85b623ffd1e5_dp1,0,nixl_start_time
1780281030.9596677,1780281030.9853926,25.725,1780281030.985451,0.05841255187988281,137400921334,137400.921334,1780281030.9596677,25.783300399780273,0.0057220458984375,7.991552352905273,7.956,42467328,1.650819358600583,2592,chatcmpl-4e6694e4-87f6-4c15-a85c-d819c4c2653b-a200585a,"nixl_xfer_handle(0x5af9a418eca0, released=False)",decode,0,0,452715,27,d61968e8-e4aa-43a2-8ca8-85b623ffd1e5_dp0,0,nixl_start_time
1780281030.9981556,1780281031.0110927,12.937000000000001,1780281031.0111423,0.049591064453125,137400959822,137400.959822,1780281030.9981556,12.98666000366211,0.0057220458984375,6.374597549438477,6.352,18874368,1.4589447321635618,1152,chatcmpl-39ed7745-0016-4905-8148-792dbf7da5c7-824bcb45,"nixl_xfer_handle(0x5af9a418eca0, released=False)",decode,0,0,452715,12,d61968e8-e4aa-43a2-8ca8-85b623ffd1e5_dp1,0,nixl_start_time
1780281031.0627906,1780281031.0755975,12.807,1780281031.075619,0.021457672119140625,137401024457,137401.024457,1780281031.0627906,12.828350067138672,0.0050067901611328125,2.0973682403564453,2.075,3145728,0.24562567345982664,192,chatcmpl-127a2d09-f76a-4ea4-83bd-e8edf5e5ece8-8c41f1bc,"nixl_xfer_handle(0x5af9a418eca0, released=False)",decode,0,0,452715,2,d61968e8-e4aa-43a2-8ca8-85b623ffd1e5_dp0,0,nixl_start_time
1780281031.0880105,1780281031.1012654,13.254999999999999,1780281031.1013231,0.057697296142578125,137401049677,137401.049677,1780281031.0880105,13.312578201293945,0.0040531158447265625,1.8274784088134766,1.798,3145728,0.23732387778196906,192,chatcmpl-ebb79af1-33d0-4401-882a-d3be5a2fdc5d-8fc7a6a5,"nixl_xfer_handle(0x556359957d20, released=False)",decode,1,0,452712,2,d61968e8-e4aa-43a2-8ca8-85b623ffd1e5_dp1,0,nixl_start_time
1780281031.1010587,1780281031.1137056,12.647,1780281031.1137247,0.019073486328125,137401062725,137401.062725,1780281031.1010587,12.665987014770508,0.0054836273193359375,6.538867950439453,6.509,22020096,1.7411319680556652,1344,chatcmpl-4abdafdf-fcd8-4baf-bb84-64026bba9603-8614a23f,"nixl_xfer_handle(0x5af9a418eca0, released=False)",decode,0,0,452715,14,d61968e8-e4aa-43a2-8ca8-85b623ffd1e5_dp0,0,nixl_start_time
1780281031.2031298,1780281031.2154787,12.349,1780281031.2155342,0.05555152893066406,137401164796,137401.164796,1780281031.2031298,12.404441833496094,0.005245208740234375,4.446744918823242,4.414,7864320,0.6368386104137987,480,chatcmpl-8b5816c8-0f4f-4b66-bbcc-eb7eb30173e9-b2063e33,"nixl_xfer_handle(0x556359957d20, released=False)",decode,1,0,452712,5,d61968e8-e4aa-43a2-8ca8-85b623ffd1e5_dp1,0,nixl_start_time
1780281031.2527068,1780281031.2656116,12.905,1780281031.2656343,0.022649765014648438,137401214373,137401.214373,1780281031.2527068,12.927532196044922,0.004291534423828125,1.8734931945800781,1.848,3145728,0.24376040294459514,192,chatcmpl-45b3c9b1-dbf3-4653-a158-25314842b75f-8b84f680,"nixl_xfer_handle(0x556359957d20, released=False)",decode,1,0,452712,2,d61968e8-e4aa-43a2-8ca8-85b623ffd1e5_dp0,0,nixl_start_time
1780281031.3043256,1780281031.3168645,12.539,1780281031.3168838,0.019311904907226562,137401265992,137401.265992,1780281031.3043256,12.558221817016602,0.006198883056640625,2.9201507568359375,2.896,4718592,0.37631326262062365,288,chatcmpl-ae3b8859-91c2-4987-9f32-78fced04bb1c-8320adf2,"nixl_xfer_handle(0x5af9a418eca0, released=False)",decode,0,0,452715,3,d61968e8-e4aa-43a2-8ca8-85b623ffd1e5_dp0,0,nixl_start_time
1780281031.3551257,1780281031.3684018,13.276,1780281031.3684545,0.05269050598144531,137401316792,137401.316792,1780281031.3551257,13.328790664672852,0.0050067901611328125,4.4116973876953125,4.378,6291456,0.4738969569147333,384,chatcmpl-697adf47-d6be-4ecc-8ac9-2607f15f3053-ab6de44a,"nixl_xfer_handle(0x5af9a418eca0, released=False)",decode,0,0,452715,4,d61968e8-e4aa-43a2-8ca8-85b623ffd1e5_dp1,0,nixl_start_time
1780281031.4068296,1780281031.4196396,12.81,1780281031.4197054,0.06580352783203125,137401368496,137401.368496,1780281031.4068296,12.875795364379883,0.0064373016357421875,1.9614696502685547,1.937,3145728,0.24556814988290396,192,chatcmpl-e926d7ed-2ba0-4bdb-9a5a-9299d95ca4eb-92f17a3f,"nixl_xfer_handle(0x5af9a418eca0, released=False)",decode,0,0,452715,2,d61968e8-e4aa-43a2-8ca8-85b623ffd1e5_dp1,0,nixl_start_time
1780281031.4195867,1780281031.4324777,12.891,1780281031.4324982,0.020503997802734375,137401381253,137401.381253,1780281031.4195867,12.911558151245117,0.006198883056640625,4.552125930786133,4.532,17301504,1.3421382359785898,1056,chatcmpl-f9a46fc4-f83b-4c52-abfc-dcfe62a85d07-a32ca79b,"nixl_xfer_handle(0x556359957d20, released=False)",decode,1,0,452712,11,d61968e8-e4aa-43a2-8ca8-85b623ffd1e5_dp0,0,nixl_start_time
1780281031.4960067,1780281031.4970126,1.006,1780281031.4970267,0.014066696166992188,137401457673,137401.457673,1780281031.4960067,1.0199546813964844,0.0059604644775390625,0.5922317504882812,0.57,1572864,1.5634831013916501,48,chatcmpl-c9feed41-819f-4f02-b73f-09cd54b475b6-b444268c,"nixl_xfer_handle(0x5af9a418eca0, released=False)",decode,0,0,452715,1,d61968e8-e4aa-43a2-8ca8-85b623ffd1e5_dp1,0,nixl_start_time
1780281031.5220327,1780281031.5344079,12.375,1780281031.534445,0.03719329833984375,137401483699,137401.483699,1780281031.5220327,12.412309646606445,0.00667572021484375,7.339715957641602,7.314,33030144,2.6691025454545456,2016,chatcmpl-18bb5fe3-b556-480e-bdbf-bff2e783afcb-8d4f5b52,"nixl_xfer_handle(0x5af9a418eca0, released=False)",decode,0,0,452715,21,d61968e8-e4aa-43a2-8ca8-85b623ffd1e5_dp0,0,nixl_start_time
1780281031.5601187,1780281031.5611696,1.0510000000000002,1780281031.5611837,0.014066696166992188,137401521785,137401.521785,1780281031.5601187,1.0650157928466797,0.004291534423828125,0.5979537963867188,0.57,1572864,1.4965404376784015,48,chatcmpl-aa01108b-7dae-45ac-b4f7-f4810b9360ab-9e70a85e,"nixl_xfer_handle(0x556359b4e970, released=False)",decode,1,0,452712,1,d61968e8-e4aa-43a2-8ca8-85b623ffd1e5_dp1,0,nixl_start_time
1780281031.6222866,1780281031.6349986,12.712,1780281031.6350217,0.023126602172851562,137401583953,137401.583953,1780281031.6222866,12.735128402709961,0.0045299530029296875,4.387855529785156,4.357,7864320,0.6186532410320956,480,chatcmpl-7bddfba5-45de-489d-b5bb-4f160ff847b9-bfd159ad,"nixl_xfer_handle(0x556359b4e970, released=False)",decode,1,0,452712,5,d61968e8-e4aa-43a2-8ca8-85b623ffd1e5_dp0,0,nixl_start_time
1780281031.6472538,1780281031.6720667,24.813000000000002,1780281031.6720843,0.017642974853515625,137401608920,137401.60892,1780281031.6472538,24.83057975769043,0.00667572021484375,8.392810821533203,8.37,40894464,1.6481063958408897,2496,chatcmpl-b005993a-20b3-4246-b47e-68af8432d258-b3ce91e3,"nixl_xfer_handle(0x5af9a418eca0, released=False)",decode,0,0,452715,26,d61968e8-e4aa-43a2-8ca8-85b623ffd1e5_dp1,0,nixl_start_time
1780281031.7593737,1780281031.7938037,34.43,1780281031.793819,0.0152587890625,137401721040,137401.72104,1780281031.7593737,34.44528579711914,0.0073909759521484375,7.996082305908203,7.973,45613056,1.324805576532094,2784,chatcmpl-06b53d0a-c8cc-459b-9c03-98f75fa59e83-aeacdff0,"nixl_xfer_handle(0x5af9a418eca0, released=False)",decode,0,0,452715,29,d61968e8-e4aa-43a2-8ca8-85b623ffd1e5_dp0,0,nixl_start_time
1780281031.7841887,1780281031.7968097,12.621,1780281031.7968333,0.023603439331054688,137401745855,137401.745855,1780281031.7841887,12.644529342651367,0.0057220458984375,9.294271469116211,9.273,33030144,2.6170782029950086,2016,chatcmpl-847a19ca-a024-4c40-84d0-8ac25d46a882-b92fbadf,"nixl_xfer_handle(0x5af9a3e243a0, released=False)",decode,0,0,452715,21,d61968e8-e4aa-43a2-8ca8-85b623ffd1e5_dp1,0,nixl_start_time
1780281031.7967837,1780281031.8098366,13.053,1780281031.809888,0.05125999450683594,137401758450,137401.75845,1780281031.7967837,13.10420036315918,0.0045299530029296875,1.8322467803955078,1.806,3145728,0.24099655251666283,192,chatcmpl-81dda0e1-9521-456b-be0a-e4bd2935d2e5-a30d6257,"nixl_xfer_handle(0x556359b4e970, released=False)",decode,1,0,452712,2,d61968e8-e4aa-43a2-8ca8-85b623ffd1e5_dp0,0,nixl_start_time
1780281031.8465517,1780281031.8590417,12.49,1780281031.859122,0.08034706115722656,137401808218,137401.808218,1780281031.8465517,12.570381164550781,0.0050067901611328125,2.0246505737304688,1.993,3145728,0.25185972778222576,192,chatcmpl-8b5a4acf-9e2c-4161-b22c-9aea11beae76-abe3a3bd,"nixl_xfer_handle(0x5af9a3e243a0, released=False)",decode,0,0,452715,2,d61968e8-e4aa-43a2-8ca8-85b623ffd1e5_dp1,0,nixl_start_time
1780281031.9213157,1780281031.9339526,12.637,1780281031.933994,0.041484832763671875,137401882982,137401.882982,1780281031.9213157,12.678384780883789,0.005245208740234375,4.072427749633789,4.045,6291456,0.49785993511118143,384,chatcmpl-bf2752d0-047a-4aef-93e9-99fc3740ce1b-81cc2a1e,"nixl_xfer_handle(0x5af9a3e243a0, released=False)",decode,0,0,452715,4,d61968e8-e4aa-43a2-8ca8-85b623ffd1e5_dp0,0,nixl_start_time
1780281032.0098426,1780281032.0227876,12.945,1780281032.022812,0.024318695068359375,137401971509,137401.971509,1780281032.0098426,12.969255447387695,0.0035762786865234375,4.39143180847168,4.35,7864320,0.6075179606025491,480,chatcmpl-dde477cf-c35a-45a6-a059-df52262448c7-ba5e2ea4,"nixl_xfer_handle(0x556359b4e970, released=False)",decode,1,0,452712,5,d61968e8-e4aa-43a2-8ca8-85b623ffd1e5_dp1,0,nixl_start_time
1780281032.0220776,1780281032.0349455,12.867999999999999,1780281032.0350037,0.05817413330078125,137401983744,137401.983744,1780281032.0220776,12.926101684570312,0.00476837158203125,1.8455982208251953,1.823,3145728,0.24446129934721791,192,chatcmpl-6b817c08-bef8-4d8a-9f62-8ef9a53a0d95-9e24b937,"nixl_xfer_handle(0x5af9a3e243a0, released=False)",decode,0,0,452715,2,d61968e8-e4aa-43a2-8ca8-85b623ffd1e5_dp0,0,nixl_start_time
1780281032.0725057,1780281032.0852828,12.777000000000001,1780281032.085357,0.07414817810058594,137402034172,137402.034172,1780281032.0725057,12.851238250732422,0.0050067901611328125,3.9649009704589844,3.945,29884416,2.338922751819676,1824,chatcmpl-b05f464b-45b9-49bf-b8ef-e534fd65dae6-81d87f3a,"nixl_xfer_handle(0x556359b4e970, released=False)",decode,1,0,452712,19,d61968e8-e4aa-43a2-8ca8-85b623ffd1e5_dp1,0,nixl_start_time
1780281032.1603267,1780281032.1729677,12.641,1780281032.1730225,0.054836273193359375,137402121993,137402.121993,1780281032.1603267,12.695789337158203,0.0064373016357421875,4.4231414794921875,4.387,6291456,0.49770239696226565,384,chatcmpl-d86715a0-74af-41d3-8241-7e8ff3778ef5-a7a06eb9,"nixl_xfer_handle(0x5af9a3e251f0, released=False)",decode,0,0,452715,4,d61968e8-e4aa-43a2-8ca8-85b623ffd1e5_dp0,0,nixl_start_time
1780281032.1855316,1780281032.1980085,12.477,1780281032.198034,0.025510787963867188,137402147198,137402.147198,1780281032.1855316,12.502431869506836,0.0057220458984375,4.197359085083008,4.178,34603008,2.773343592209666,2112,chatcmpl-0ee932d4-f264-4d4c-a10e-e0cf771ce970-978a68d2,"nixl_xfer_handle(0x556359b4e970, released=False)",decode,1,0,452712,22,d61968e8-e4aa-43a2-8ca8-85b623ffd1e5_dp1,0,nixl_start_time
1780281032.2731547,1780281032.2852707,12.116,1780281032.28529,0.019311904907226562,137402234821,137402.234821,1780281032.2731547,12.13526725769043,0.0064373016357421875,7.25555419921875,7.232,31457280,2.596342027071641,1920,chatcmpl-c8d0817d-a0e8-48b4-a526-d392612fe0ff-8d20100d,"nixl_xfer_handle(0x5af9a3e251f0, released=False)",decode,0,0,452715,20,d61968e8-e4aa-43a2-8ca8-85b623ffd1e5_dp0,0,nixl_start_time
1780281032.5345316,1780281032.5611477,26.616,1780281032.5611732,0.025510787963867188,137402496198,137402.496198,1780281032.5345316,26.6416072845459,0.00762939453125,11.327981948852539,11.291,73924608,2.777449954914337,4512,chatcmpl-6c78074b-58ca-4b5e-af57-441ad921ee48-aefa0803,"nixl_xfer_handle(0x556359b4e970, released=False)",decode,1,0,452712,47,d61968e8-e4aa-43a2-8ca8-85b623ffd1e5_dp1,0,nixl_start_time
1780281032.5983627,1780281032.6106868,12.324,1780281032.6107252,0.03838539123535156,137402560029,137402.560029,1780281032.5983627,12.362480163574219,0.0045299530029296875,1.474618911743164,1.447,3145728,0.2552521908471276,192,chatcmpl-df4f3c1c-114e-42a3-bb3c-289fc80adb7c-bf73ab4c,"nixl_xfer_handle(0x556359b4e970, released=False)",decode,1,0,452712,2,d61968e8-e4aa-43a2-8ca8-85b623ffd1e5_dp0,0,nixl_start_time
1780281032.7364607,1780281032.7486198,12.158999999999999,1780281032.7486906,0.07081031799316406,137402698127,137402.698127,1780281032.7364607,12.22991943359375,0.013589859008789062,2.727985382080078,2.693,4718592,0.3880740192450037,288,chatcmpl-0996a5bd-e1f4-44ff-be3e-fc09a5ad6063-8305b80a,"nixl_xfer_handle(0x5af9a3e251f0, released=False)",decode,0,0,452715,3,d61968e8-e4aa-43a2-8ca8-85b623ffd1e5_dp1,0,nixl_start_time
1780281032.7613297,1780281032.7861598,24.830000000000002,1780281032.786223,0.06318092346191406,137402722996,137402.722996,1780281032.7613297,24.89328384399414,0.005245208740234375,4.704475402832031,4.67,42467328,1.7103233185662503,2592,chatcmpl-5f788776-2f29-4907-b5b4-a17528bd381f-b3d1f998,"nixl_xfer_handle(0x556359b4e970, released=False)",decode,1,0,452712,27,d61968e8-e4aa-43a2-8ca8-85b623ffd1e5_dp0,0,nixl_start_time
1780281032.8359456,1780281032.8483706,12.425,1780281032.848391,0.020503997802734375,137402797612,137402.797612,1780281032.8359456,12.445449829101562,0.0045299530029296875,3.6542415618896484,3.62,7864320,0.6329432595573441,480,chatcmpl-d7e981ba-1910-44ee-a8a5-51cccff73eeb-93a62940,"nixl_xfer_handle(0x556359ccd3c0, released=False)",decode,1,0,452712,5,d61968e8-e4aa-43a2-8ca8-85b623ffd1e5_dp0,0,nixl_start_time
1780281032.9101346,1780281032.9365995,26.465,1780281032.9366288,0.029325485229492188,137402871801,137402.871801,1780281032.9101346,26.494264602661133,0.0069141387939453125,11.46697998046875,11.44,72351744,2.733865255998489,4416,chatcmpl-762b2f0d-d238-4e3a-8614-a5575df2a807-ac159455,"nixl_xfer_handle(0x5af9a3e251f0, released=False)",decode,0,0,452715,46,d61968e8-e4aa-43a2-8ca8-85b623ffd1e5_dp1,0,nixl_start_time
1780281032.9250286,1780281032.9366677,11.639,1780281032.936693,0.025272369384765625,137402886695,137402.886695,1780281032.9250286,11.664390563964844,0.0040531158447265625,3.597736358642578,3.565,7864320,0.675686914683392,480,chatcmpl-b3c9e953-c98d-4ca8-a854-d6ff037b25a5-baa81d7c,"nixl_xfer_handle(0x556359a86720, released=False)",decode,1,0,452712,5,d61968e8-e4aa-43a2-8ca8-85b623ffd1e5_dp0,0,nixl_start_time
1780281033.0725057,1780281033.0964007,23.895,1780281033.0964339,0.03314018249511719,137403034172,137403.034172,1780281033.0725057,23.928165435791016,0.0069141387939453125,7.104635238647461,7.083,55050240,2.3038392969240427,3360,chatcmpl-aa2b5460-0c90-44ea-bca8-d26791677308-a6e80e29,"nixl_xfer_handle(0x556359ccd3c0, released=False)",decode,1,0,452712,35,d61968e8-e4aa-43a2-8ca8-85b623ffd1e5_dp1,0,nixl_start_time
1780281033.0841796,1780281033.0963657,12.186,1780281033.0963972,0.03147125244140625,137403045846,137403.045846,1780281033.0841796,12.217521667480469,0.0054836273193359375,2.8052330017089844,2.782,4718592,0.38721418020679466,288,chatcmpl-f8433a94-c652-440f-afb5-783f8c4f5a3b-b1037ebe,"nixl_xfer_handle(0x5af9a3e251f0, released=False)",decode,0,0,452715,3,d61968e8-e4aa-43a2-8ca8-85b623ffd1e5_dp0,0,nixl_start_time
1780281033.2200108,1780281033.2327127,12.702,1780281033.2327619,0.049114227294921875,137403181677,137403.181677,1780281033.2200108,12.751102447509766,0.007152557373046875,9.229660034179688,9.206,34603008,2.7242172886159657,2112,chatcmpl-99ffb58e-22e9-41ce-a523-f892bdcb1085-89156c7a,"nixl_xfer_handle(0x5af9a3e251f0, released=False)",decode,0,0,452715,22,d61968e8-e4aa-43a2-8ca8-85b623ffd1e5_dp1,0,nixl_start_time
1780281033.2326376,1780281033.2445486,11.911,1780281033.2445965,0.04792213439941406,137403194304,137403.194304,1780281033.2326376,11.958837509155273,0.004291534423828125,1.6283988952636719,1.596,3145728,0.264102762152632,192,chatcmpl-1c16c04e-189b-434c-9754-f0d71aec162d-a5af78df,"nixl_xfer_handle(0x556359ccd3c0, released=False)",decode,1,0,452712,2,d61968e8-e4aa-43a2-8ca8-85b623ffd1e5_dp0,0,nixl_start_time
1780281033.3062568,1780281033.3340597,27.803,1780281033.3341079,0.048160552978515625,137403267923,137403.267923,1780281033.3062568,27.851104736328125,0.0057220458984375,12.832164764404297,12.806,15728640,0.5657173686292846,960,chatcmpl-f460ba6d-560c-460c-8d92-946fb367dc8f-a1573fec,"nixl_xfer_handle(0x5af9a3e251f0, released=False)",decode,0,0,452715,10,d61968e8-e4aa-43a2-8ca8-85b623ffd1e5_dp1,0,nixl_start_time
1780281033.4452298,1780281033.4707158,25.486,1780281033.4707372,0.021457672119140625,137403406896,137403.406896,1780281033.4452298,25.507450103759766,0.007152557373046875,9.145021438598633,9.12,51904512,2.0365891862198855,3168,chatcmpl-0241cd3f-bebd-402b-b2c8-321fb40e0084-a8646183,"nixl_xfer_handle(0x5af9a3e251f0, released=False)",decode,0,0,452715,33,d61968e8-e4aa-43a2-8ca8-85b623ffd1e5_dp0,0,nixl_start_time
1780281033.5436177,1780281033.5562398,12.622,1780281033.5563118,0.07200241088867188,137403505284,137403.505284,1780281033.5436177,12.694120407104492,0.0069141387939453125,5.48100471496582,5.447,26738688,2.118419267944858,1632,chatcmpl-df019038-2b6e-4332-840a-ce56d0a78355-8968edf0,"nixl_xfer_handle(0x5af9a3e251f0, released=False)",decode,0,0,452715,17,d61968e8-e4aa-43a2-8ca8-85b623ffd1e5_dp1,0,nixl_start_time
1780281033.6057107,1780281033.6178207,12.11,1780281033.617843,0.022172927856445312,137403567377,137403.567377,1780281033.6057107,12.13216781616211,0.0064373016357421875,8.912324905395508,8.888,34603008,2.8573912469033855,2112,chatcmpl-74ca21f4-855c-4eaf-b444-bfc47cdb9832-ac95ea17,"nixl_xfer_handle(0x5af9a3e251f0, released=False)",decode,0,0,452715,22,d61968e8-e4aa-43a2-8ca8-85b623ffd1e5_dp0,0,nixl_start_time
1780281033.6179047,1780281033.6301076,12.203000000000001,1780281033.6301372,0.02956390380859375,137403579571,137403.579571,1780281033.6179047,12.232542037963867,0.00476837158203125,4.151344299316406,4.131,33030144,2.706723264770958,2016,chatcmpl-9f9ace51-f4cc-4871-b922-532433f219a6-8b4043b9,"nixl_xfer_handle(0x556359ccd3c0, released=False)",decode,1,0,452712,21,d61968e8-e4aa-43a2-8ca8-85b623ffd1e5_dp1,0,nixl_start_time
1780281033.6426046,1780281033.6671157,24.511000000000003,1780281033.6671357,0.02002716064453125,137403604271,137403.604271,1780281033.6426046,24.531126022338867,0.0059604644775390625,8.399248123168945,8.377,47185920,1.9250915915303333,2880,chatcmpl-53cd0e33-959b-41a9-a335-987ccda81723-82de2ac8,"nixl_xfer_handle(0x5af9a3e251f0, released=False)",decode,0,0,452715,30,d61968e8-e4aa-43a2-8ca8-85b623ffd1e5_dp0,0,nixl_start_time
1780281033.6919496,1780281033.7042897,12.34,1780281033.7043712,0.08153915405273438,137403653616,137403.653616,1780281033.6919496,12.421607971191406,0.0057220458984375,3.880023956298828,3.856,28311552,2.2942910858995136,1728,chatcmpl-0f18003e-a9f8-4a04-b6fa-c1ae3c5f0b49-b3106b9c,"nixl_xfer_handle(0x5af9a41b46a0, released=False)",decode,0,0,452715,18,d61968e8-e4aa-43a2-8ca8-85b623ffd1e5_dp1,0,nixl_start_time
1780281033.8032546,1780281033.8356807,32.426,1780281033.8357432,0.062465667724609375,137403764921,137403.764921,1780281033.8032546,32.48858451843262,0.0054836273193359375,6.871700286865234,6.851,53477376,1.6492128538826867,3264,chatcmpl-5a7baf32-9cb2-45f9-a9ac-4f36dfcc32c2-935e1eda,"nixl_xfer_handle(0x556359980ce0, released=False)",decode,1,0,452712,34,d61968e8-e4aa-43a2-8ca8-85b623ffd1e5_dp0,0,nixl_start_time
1780281033.8278627,1780281033.8399286,12.066,1780281033.8399913,0.06270408630371094,137403789529,137403.789529,1780281033.8278627,12.128591537475586,0.006198883056640625,1.8951892852783203,1.87,3145728,0.26071009448035803,192,chatcmpl-a56f39e3-9321-4590-b3ba-55d2b7704139-bf79b0b3,"nixl_xfer_handle(0x5af9a41b46a0, released=False)",decode,0,0,452715,2,d61968e8-e4aa-43a2-8ca8-85b623ffd1e5_dp1,0,nixl_start_time
1780281033.8279867,1780281033.8399618,11.975,1780281033.839982,0.020265579223632812,137403789653,137403.789653,1780281033.8279867,11.995315551757812,0.0054836273193359375,7.370471954345703,7.341,31457280,2.626912734864301,1920,chatcmpl-57b92d86-464d-494f-81a3-809c4c0f8ea0-92376038,"nixl_xfer_handle(0x5563599bc2e0, released=False)",decode,1,0,452712,20,d61968e8-e4aa-43a2-8ca8-85b623ffd1e5_dp1,0,nixl_start_time
1780281033.9017057,1780281033.9142008,12.495,1780281033.914246,0.045299530029296875,137403863372,137403.863372,1780281033.9017057,12.540340423583984,0.00476837158203125,5.1059722900390625,5.074,11010048,0.8811563025210085,672,chatcmpl-cf90c5b7-4b91-43a9-b4c6-c94db949ae9e-9991cc82,"nixl_xfer_handle(0x556359a0eea0, released=False)",decode,1,0,452712,7,d61968e8-e4aa-43a2-8ca8-85b623ffd1e5_dp0,0,nixl_start_time
1780281033.9017577,1780281033.9265177,24.76,1780281033.9265642,0.04649162292480469,137403863424,137403.863424,1780281033.9017577,24.806499481201172,0.00476837158203125,8.503198623657227,8.483,53477376,2.1598294022617126,3264,chatcmpl-e5be7f5b-5235-45a6-b72e-99fb583f353b-9909bab7,"nixl_xfer_handle(0x5af9a41b46a0, released=False)",decode,0,0,452715,34,d61968e8-e4aa-43a2-8ca8-85b623ffd1e5_dp0,0,nixl_start_time
1780281033.9759016,1780281033.9880106,12.109,1780281033.9880304,0.019788742065429688,137403937568,137403.937568,1780281033.9759016,12.128829956054688,0.00476837158203125,1.6663074493408203,1.636,3145728,0.2597842926748699,192,chatcmpl-864d6b79-f9f5-430f-a073-702a0a0ea506-becc4bca,"nixl_xfer_handle(0x5563599d8bc0, released=False)",decode,1,0,452712,2,d61968e8-e4aa-43a2-8ca8-85b623ffd1e5_dp1,0,nixl_start_time
1780281034.0005126,1780281034.0126977,12.185,1780281034.0127661,0.06842613220214844,137403962179,137403.962179,1780281034.0005126,12.253522872924805,0.00476837158203125,2.053499221801758,2.032,3145728,0.2581639720968404,192,chatcmpl-46fe73cb-8d3e-4c2f-a414-074d57d61691-92dc7b7d,"nixl_xfer_handle(0x5af9a41b46a0, released=False)",decode,0,0,452715,2,d61968e8-e4aa-43a2-8ca8-85b623ffd1e5_dp0,0,nixl_start_time
1780281034.0748477,1780281034.1002128,25.365,1780281034.1002336,0.020742416381835938,137404036514,137404.036514,1780281034.0748477,25.38585662841797,0.0050067901611328125,7.150411605834961,7.129,55050240,2.1703228858663515,3360,chatcmpl-db296bb7-36c9-4ad1-9c6e-1ab178858737-aaf27ac2,"nixl_xfer_handle(0x5563599d8bc0, released=False)",decode,1,0,452712,35,d61968e8-e4aa-43a2-8ca8-85b623ffd1e5_dp1,0,nixl_start_time
1780281034.0994468,1780281034.1114457,11.998999999999999,1780281034.1114738,0.028133392333984375,137404061113,137404.061113,1780281034.0994468,12.02702522277832,0.0045299530029296875,0.4603862762451172,0.434,1572864,0.13108292357696474,48,chatcmpl-644b7bd1-a025-4c19-910b-9909b8b4faef-9e227027,"nixl_xfer_handle(0x556359a34a80, released=False)",decode,1,0,452712,1,d61968e8-e4aa-43a2-8ca8-85b623ffd1e5_dp0,0,nixl_start_time
1780281034.1240897,1780281034.1364477,12.357999999999999,1780281034.1364682,0.020503997802734375,137404085756,137404.085756,1780281034.1240897,12.378454208374023,0.004291534423828125,2.3088455200195312,2.278,4718592,0.38182489075902254,288,chatcmpl-301394a6-dd39-4b8f-95c4-349beeb9e09a-a4bb028e,"nixl_xfer_handle(0x5563599d8bc0, released=False)",decode,1,0,452712,3,d61968e8-e4aa-43a2-8ca8-85b623ffd1e5_dp0,0,nixl_start_time
1780281034.1241236,1780281034.1364117,12.288,1780281034.1364763,0.06461143493652344,137404085790,137404.08579,1780281034.1241236,12.352705001831055,0.005245208740234375,0.6191730499267578,0.596,1572864,0.128,48,chatcmpl-2bd5a9d6-1ad3-4d51-a887-cc1cf767953e-962b69bc,"nixl_xfer_handle(0x5af9a41b46a0, released=False)",decode,0,0,452715,1,d61968e8-e4aa-43a2-8ca8-85b623ffd1e5_dp1,0,nixl_start_time
1780281034.1487067,1780281034.1610718,12.364999999999998,1780281034.1610916,0.019788742065429688,137404110373,137404.110373,1780281034.1487067,12.384891510009766,0.005245208740234375,0.6148815155029297,0.594,1572864,0.12720291144359078,48,chatcmpl-f7d176d2-051a-420b-a4da-b0fbbc750562-a0c0a67b,"nixl_xfer_handle(0x5af9a41b46a0, released=False)",decode,0,0,452715,1,d61968e8-e4aa-43a2-8ca8-85b623ffd1e5_dp1,0,nixl_start_time
1780281034.2481847,1780281034.2766676,28.483,1780281034.276687,0.019311904907226562,137404209851,137404.209851,1780281034.2481847,28.502225875854492,0.005245208740234375,8.99362564086914,8.957,62914560,2.2088459783028473,3840,chatcmpl-26914a6d-65e8-4d4a-968d-5904dd4f96e9-94b73909,"nixl_xfer_handle(0x5563599d8bc0, released=False)",decode,1,0,452712,40,d61968e8-e4aa-43a2-8ca8-85b623ffd1e5_dp0,0,nixl_start_time
1780281034.2725146,1780281034.2848656,12.351,1780281034.2848947,0.029087066650390625,137404234181,137404.234181,1780281034.2725146,12.380123138427734,0.0050067901611328125,3.7958621978759766,3.736,7864320,0.6367354870051007,480,chatcmpl-8edaba9e-a354-4a8d-a6e1-c7fed8fd9523-abf32219,"nixl_xfer_handle(0x556337b827f0, released=False)",decode,1,0,452712,5,d61968e8-e4aa-43a2-8ca8-85b623ffd1e5_dp1,0,nixl_start_time
1780281034.2725246,1780281034.2848346,12.31,1780281034.2848907,0.05602836608886719,137404234191,137404.234191,1780281034.2725246,12.366056442260742,0.005245208740234375,3.7145614624023438,3.692,6291456,0.5110849715678311,384,chatcmpl-887152ad-3c48-44c3-b499-fcf01867e6c8-8f969dfc,"nixl_xfer_handle(0x5af9a3d5c700, released=False)",decode,0,0,452715,4,d61968e8-e4aa-43a2-8ca8-85b623ffd1e5_dp1,0,nixl_start_time
1780281034.3343647,1780281034.3588276,24.462999999999997,1780281034.3588839,0.05626678466796875,137404296031,137404.296031,1780281034.3343647,24.51920509338379,0.0050067901611328125,9.374856948852539,9.34,66060288,2.700416465682868,4032,chatcmpl-5c0de266-2fb9-4c18-822c-12842d08818f-ab3dfd48,"nixl_xfer_handle(0x556337b827f0, released=False)",decode,1,0,452712,42,d61968e8-e4aa-43a2-8ca8-85b623ffd1e5_dp0,0,nixl_start_time
1780281034.3587496,1780281034.3713906,12.641,1780281034.3714094,0.018835067749023438,137404320416,137404.320416,1780281034.3587496,12.659788131713867,0.006198883056640625,3.744363784790039,3.722,23592960,1.866383988608496,1440,chatcmpl-0f445416-7768-465c-830f-a22696c0997a-9f5c2c59,"nixl_xfer_handle(0x5af9a3d5c700, released=False)",decode,0,0,452715,15,d61968e8-e4aa-43a2-8ca8-85b623ffd1e5_dp1,0,nixl_start_time
1780281034.3712935,1780281034.3836136,12.319999999999999,1780281034.3836644,0.05078315734863281,137404332960,137404.33296,1780281034.3712935,12.370824813842773,0.0045299530029296875,3.1304359436035156,3.101,6291456,0.5106701298701298,384,chatcmpl-1fbf3e4f-e12f-4600-b199-2b72aa85ebf8-8f763dcd,"nixl_xfer_handle(0x556337b827f0, released=False)",decode,1,0,452712,4,d61968e8-e4aa-43a2-8ca8-85b623ffd1e5_dp0,0,nixl_start_time
1780281034.4208646,1780281034.4331155,12.251,1780281034.433188,0.072479248046875,137404382531,137404.382531,1780281034.4208646,12.323379516601562,0.0057220458984375,4.082918167114258,4.062,34603008,2.8245047751203987,2112,chatcmpl-01300738-443b-4e59-83aa-00d668ea6faf-b2768be2,"nixl_xfer_handle(0x556337b827f0, released=False)",decode,1,0,452712,22,d61968e8-e4aa-43a2-8ca8-85b623ffd1e5_dp0,0,nixl_start_time
1780281034.4457858,1780281034.4581969,12.411,1780281034.458265,0.06818771362304688,137404407452,137404.407452,1780281034.4457858,12.479305267333984,0.007152557373046875,6.289482116699219,6.266,33030144,2.6613604060913705,2016,chatcmpl-1faf7024-99e0-44fe-b45b-dd3a3c1e1212-8bfcc39e,"nixl_xfer_handle(0x5af9a3d5c700, released=False)",decode,0,0,452715,21,d61968e8-e4aa-43a2-8ca8-85b623ffd1e5_dp1,0,nixl_start_time
1780281034.4950907,1780281034.5072618,12.171,1780281034.5073187,0.05698204040527344,137404456757,137404.456757,1780281034.4950907,12.228012084960938,0.0057220458984375,2.6657581329345703,2.642,4718592,0.387691397584422,288,chatcmpl-6c9f2157-1446-4069-8d3b-447091ae6977-983f18c4,"nixl_xfer_handle(0x5af9a3d73920, released=False)",decode,0,0,452715,3,d61968e8-e4aa-43a2-8ca8-85b623ffd1e5_dp0,0,nixl_start_time
1780281034.5196347,1780281034.5323808,12.746,1780281034.532439,0.05817413330078125,137404481301,137404.481301,1780281034.5196347,12.804269790649414,0.00667572021484375,2.7277469635009766,2.695,4718592,0.3702017887964852,288,chatcmpl-0b7f1c6e-7444-4409-9b3c-907378f8d85f-9cce447d,"nixl_xfer_handle(0x5af9a3d73920, released=False)",decode,0,0,452715,3,d61968e8-e4aa-43a2-8ca8-85b623ffd1e5_dp1,0,nixl_start_time
1780281034.5570197,1780281034.5697746,12.755,1780281034.5698361,0.061511993408203125,137404518686,137404.518686,1780281034.5570197,12.816429138183594,0.0057220458984375,2.8448104858398438,2.819,4718592,0.3699405723245786,288,chatcmpl-84825b3e-88ef-4b89-a5a8-39f0af45fc94-b1b9172d,"nixl_xfer_handle(0x5af9a3d73920, released=False)",decode,0,0,452715,3,d61968e8-e4aa-43a2-8ca8-85b623ffd1e5_dp0,0,nixl_start_time
1780281034.5570867,1780281034.5698688,12.782,1780281034.5698917,0.02288818359375,137404518753,137404.518753,1780281034.5570867,12.804985046386719,0.00476837158203125,1.5790462493896484,1.552,3145728,0.24610608668439993,192,chatcmpl-ea1cbebb-6299-455b-8486-dcc334ecf4a1-937e9c5e,"nixl_xfer_handle(0x55633703b400, released=False)",decode,1,0,452712,2,d61968e8-e4aa-43a2-8ca8-85b623ffd1e5_dp1,0,nixl_start_time
1780281034.6452897,1780281034.6721506,26.861,1780281034.672197,0.04649162292480469,137404606956,137404.606956,1780281034.6452897,26.90744400024414,0.0050067901611328125,11.688709259033203,11.662,73924608,2.752116749190276,4512,chatcmpl-5c79c379-52b4-4574-bda6-b471f0886056-88cd2501,"nixl_xfer_handle(0x55633703b400, released=False)",decode,1,0,452712,47,d61968e8-e4aa-43a2-8ca8-85b623ffd1e5_dp0,0,nixl_start_time
1780281034.6980627,1780281034.7098277,11.764999999999999,1780281034.7098832,0.05555152893066406,137404659729,137404.659729,1780281034.6980627,11.820554733276367,0.003337860107421875,1.552581787109375,1.519,3145728,0.2673801954951126,192,chatcmpl-75d4b925-7377-4478-b7b5-9120bc9d1526-9a3b160f,"nixl_xfer_handle(0x556336e044c0, released=False)",decode,1,0,452712,2,d61968e8-e4aa-43a2-8ca8-85b623ffd1e5_dp1,0,nixl_start_time
1780281034.7226868,1780281034.7353208,12.633999999999999,1780281034.7353642,0.043392181396484375,137404684353,137404.684353,1780281034.7226868,12.677431106567383,0.0050067901611328125,1.894235610961914,1.871,3145728,0.24898907709355708,192,chatcmpl-7eb1ab43-fae8-4a98-b787-995fea0d4d59-9a9565f5,"nixl_xfer_handle(0x5af9a3d73920, released=False)",decode,0,0,452715,2,d61968e8-e4aa-43a2-8ca8-85b623ffd1e5_dp0,0,nixl_start_time
1780281034.8106766,1780281034.8351865,24.51,1780281034.8352468,0.06031990051269531,137404772343,137404.772343,1780281034.8106766,24.570226669311523,0.0054836273193359375,8.839130401611328,8.804,40894464,1.668480783353733,2496,chatcmpl-5b733d9c-66c5-40cd-90c8-a9b848796aa4-b675fbc9,"nixl_xfer_handle(0x556336e044c0, released=False)",decode,1,0,452712,26,d61968e8-e4aa-43a2-8ca8-85b623ffd1e5_dp1,0,nixl_start_time
1780281034.8481357,1780281034.8486626,0.527,1780281034.8489985,0.33593177795410156,137404809802,137404.809802,1780281034.8481357,0.8628368377685547,0.0064373016357421875,0.5507469177246094,0.527,1572864,2.9845616698292217,48,chatcmpl-3d59008a-bb76-429c-835e-97c1f7f61f56-bd9f249b,"nixl_xfer_handle(0x5af9a3d73920, released=False)",decode,0,0,452715,1,d61968e8-e4aa-43a2-8ca8-85b623ffd1e5_dp0,0,nixl_start_time
1780281034.8847656,1780281034.8974917,12.725999999999999,1780281034.8975513,0.059604644775390625,137404846432,137404.846432,1780281034.8847656,12.785673141479492,0.0057220458984375,6.4220428466796875,6.395,9437184,0.7415671852899577,576,chatcmpl-40373142-29c7-440c-88a9-aa2c0fe35ded-bae70fb8,"nixl_xfer_handle(0x5af9a3d73920, released=False)",decode,0,0,452715,6,d61968e8-e4aa-43a2-8ca8-85b623ffd1e5_dp1,0,nixl_start_time
1780281034.9095597,1780281034.9146767,5.117,1780281034.9149513,0.274658203125,137404871226,137404.871226,1780281034.9095597,5.391597747802734,0.0050067901611328125,5.1403045654296875,5.117,9437184,1.844280633183506,576,chatcmpl-e3e4d0bb-7290-488b-b02b-3190b2d8cdcd-b3d6a95c,"nixl_xfer_handle(0x5af9a3d73920, released=False)",decode,0,0,452715,6,d61968e8-e4aa-43a2-8ca8-85b623ffd1e5_dp0,0,nixl_start_time
1780281034.9852836,1780281034.9981866,12.902999999999999,1780281034.9982052,0.018596649169921875,137404946950,137404.94695,1780281034.9852836,12.921571731567383,0.0050067901611328125,1.6300678253173828,1.596,3145728,0.2437981864682632,192,chatcmpl-1ae58f36-d5c7-49fa-98c7-e1a62cd9c313-b87b8c5a,"nixl_xfer_handle(0x556359b482a0, released=False)",decode,1,0,452712,2,d61968e8-e4aa-43a2-8ca8-85b623ffd1e5_dp1,0,nixl_start_time
1780281035.2236907,1780281035.2356837,11.993,1780281035.2357113,0.02765655517578125,137405185357,137405.185357,1780281035.2236907,12.020587921142578,0.005245208740234375,4.134416580200195,4.114,33030144,2.7541185691653465,2016,chatcmpl-180a65da-c952-43fd-befc-d3e38c917630-acd0ae9d,"nixl_xfer_handle(0x556359b482a0, released=False)",decode,1,0,452712,21,d61968e8-e4aa-43a2-8ca8-85b623ffd1e5_dp0,0,nixl_start_time
1780281035.3351007,1780281035.3569736,21.873,1780281035.3570044,0.030755996704101562,137405296767,137405.296767,1780281035.3351007,21.90375328063965,0.007867813110351562,10.966777801513672,10.931,67633152,3.0920839391030035,4128,chatcmpl-5d49b80a-aa19-4ec9-83da-28ed343fafdf-9edf3af0,"nixl_xfer_handle(0x5af9a3d73920, released=False)",decode,0,0,452715,43,d61968e8-e4aa-43a2-8ca8-85b623ffd1e5_dp1,0,nixl_start_time
1780281035.3462098,1780281035.3717487,25.538999999999998,1780281035.371839,0.09036064147949219,137405307876,137405.307876,1780281035.3462098,25.629281997680664,0.003814697265625,10.500669479370117,10.469,4718592,0.1847602490308939,288,chatcmpl-a17938e2-05ef-49a4-89e4-56d8e83374df-980b392e,"nixl_xfer_handle(0x5af9a418eca0, released=False)",decode,0,0,452715,3,d61968e8-e4aa-43a2-8ca8-85b623ffd1e5_dp0,0,nixl_start_time
1780281035.4960237,1780281035.5339277,37.904,1780281035.5340106,0.08296966552734375,137405457690,137405.45769,1780281035.4960237,37.98699378967285,0.0064373016357421875,11.47150993347168,11.448,77070336,2.033303503588012,4704,chatcmpl-98d8520f-4542-47a0-a575-e960a087dcc5-b7f8bf8b,"nixl_xfer_handle(0x556359b482a0, released=False)",decode,1,0,452712,49,d61968e8-e4aa-43a2-8ca8-85b623ffd1e5_dp0,0,nixl_start_time
1780281035.5223997,1780281035.5490417,26.642,1780281035.5491018,0.06008148193359375,137405484066,137405.484066,1780281035.5223997,26.702165603637695,0.005245208740234375,11.262655258178711,11.229,14155776,0.5313330831018692,864,chatcmpl-ce3a9e8d-5ea7-44ca-8f98-fe0d109dd329-b50f7ea1,"nixl_xfer_handle(0x556359b335a0, released=False)",decode,1,0,452712,9,d61968e8-e4aa-43a2-8ca8-85b623ffd1e5_dp1,0,nixl_start_time
1780281035.5860627,1780281035.5984147,12.352,1780281035.5985143,0.09965896606445312,137405547729,137405.547729,1780281035.5860627,12.451648712158203,0.006198883056640625,3.6945343017578125,3.668,6291456,0.5093471502590674,384,chatcmpl-55ecb2e8-415a-4ea1-a63c-694c19a38584-9800c458,"nixl_xfer_handle(0x5af9a418eca0, released=False)",decode,0,0,452715,4,d61968e8-e4aa-43a2-8ca8-85b623ffd1e5_dp0,0,nixl_start_time
1780281035.6607306,1780281035.6729677,12.237,1780281035.6730042,0.03647804260253906,137405622397,137405.622397,1780281035.6607306,12.273550033569336,0.0059604644775390625,5.356311798095703,5.334,18874368,1.5424015690120128,1152,chatcmpl-43619a79-0a65-48e4-a30c-3d5cd7f7831b-97393ab8,"nixl_xfer_handle(0x5af9a418eca0, released=False)",decode,0,0,452715,12,d61968e8-e4aa-43a2-8ca8-85b623ffd1e5_dp1,0,nixl_start_time
1780281035.6856737,1780281035.6982498,12.576,1780281035.6982696,0.019788742065429688,137405647340,137405.64734,1780281035.6856737,12.595891952514648,0.009775161743164062,2.9103755950927734,2.874,6291456,0.5002748091603053,384,chatcmpl-29310c65-0494-4866-86a7-9f6f2f96c893-b39c0d2c,"nixl_xfer_handle(0x556359ce96a0, released=False)",decode,1,0,452712,4,d61968e8-e4aa-43a2-8ca8-85b623ffd1e5_dp0,0,nixl_start_time
1780281035.7846467,1780281035.7970157,12.369,1780281035.7970493,0.03361701965332031,137405746313,137405.746313,1780281035.7846467,12.402534484863281,0.0030994415283203125,1.5575885772705078,1.531,3145728,0.2543235508125152,192,chatcmpl-889632ca-f51a-4875-a9b1-7c52e7dc5681-a093f706,"nixl_xfer_handle(0x556359ce96a0, released=False)",decode,1,0,452712,2,d61968e8-e4aa-43a2-8ca8-85b623ffd1e5_dp0,0,nixl_start_time
1780281035.8220208,1780281035.8469408,24.92,1780281035.8470082,0.06747245788574219,137405783687,137405.783687,1780281035.8220208,24.987459182739258,0.0057220458984375,9.00578498840332,8.981,47185920,1.8934959871589083,2880,chatcmpl-fe40d6ec-8791-44f6-92bd-c4855dbab414-84c3cd56,"nixl_xfer_handle(0x5af9a418eca0, released=False)",decode,0,0,452715,30,d61968e8-e4aa-43a2-8ca8-85b623ffd1e5_dp1,0,nixl_start_time
1780281035.9213867,1780281035.9465847,25.198,1780281035.946645,0.06031990051269531,137405883053,137405.883053,1780281035.9213867,25.258302688598633,0.0064373016357421875,9.76252555847168,9.739,59768832,2.3719672989919833,3648,chatcmpl-04c22c69-3e4e-4178-9b05-a2907119df21-a9ae7586,"nixl_xfer_handle(0x556359ce96a0, released=False)",decode,1,0,452712,38,d61968e8-e4aa-43a2-8ca8-85b623ffd1e5_dp0,0,nixl_start_time
1780281035.9347196,1780281035.9466126,11.893,1780281035.9466774,0.064849853515625,137405896386,137405.896386,1780281035.9347196,11.957883834838867,0.0050067901611328125,3.095388412475586,3.07,4718592,0.3967537206760279,288,chatcmpl-ff6cb317-c6ac-437a-bdf8-9f0e259ee186-acdbcf4f,"nixl_xfer_handle(0x5af99a324fa0, released=False)",decode,0,0,452715,3,d61968e8-e4aa-43a2-8ca8-85b623ffd1e5_dp1,0,nixl_start_time
1780281036.0084248,1780281036.0359309,27.506,1780281036.035951,0.02002716064453125,137405970091,137405.970091,1780281036.0084248,27.526140213012695,0.00667572021484375,12.347221374511719,12.31,77070336,2.801946338980586,4704,chatcmpl-2b2ee9c4-785a-4762-b01b-b36009d0235a-82b7f92a,"nixl_xfer_handle(0x556359ad2d60, released=False)",decode,1,0,452712,49,d61968e8-e4aa-43a2-8ca8-85b623ffd1e5_dp0,0,nixl_start_time
1780281036.0856087,1780281036.1207907,35.181999999999995,1780281036.1208088,0.01811981201171875,137406047275,137406.047275,1780281036.0856087,35.20011901855469,0.011682510375976562,11.392831802368164,11.36,75497472,2.1459118867602753,4608,chatcmpl-0e8ace07-2c41-4bda-bf84-a55fbc897d28-ad2f11ec,"nixl_xfer_handle(0x556359a34020, released=False)",decode,1,0,452712,48,d61968e8-e4aa-43a2-8ca8-85b623ffd1e5_dp1,0,nixl_start_time
1780281036.1003578,1780281036.1396348,39.277,1780281036.1396492,0.01430511474609375,137406062024,137406.062024,1780281036.1003578,39.2913818359375,0.0054836273193359375,20.13564109802246,20.104,12582912,0.3203633678743285,768,chatcmpl-ed0a2f7f-5aeb-45a6-b5f1-402d9f16c045-85dea5ac,"nixl_xfer_handle(0x556359907ea0, released=False)",decode,1,0,452712,8,d61968e8-e4aa-43a2-8ca8-85b623ffd1e5_dp0,0,nixl_start_time
1780281036.1005425,1780281036.1248984,24.355999999999998,1780281036.1249204,0.02193450927734375,137406062209,137406.062209,1780281036.1005425,24.377822875976562,0.0059604644775390625,7.21430778503418,7.179,9437184,0.387468549843981,576,chatcmpl-51878980-8d98-4671-83cc-47640738cc23-a95842cf,"nixl_xfer_handle(0x5af9a35d0a80, released=False)",decode,0,0,452715,6,d61968e8-e4aa-43a2-8ca8-85b623ffd1e5_dp0,0,nixl_start_time
1780281036.1355166,1780281036.1396666,4.15,1780281036.1397057,0.03910064697265625,137406097183,137406.097183,1780281036.1355166,4.189014434814453,0.005245208740234375,1.5985965728759766,1.573,3145728,0.7580067469879518,192,chatcmpl-963e8ee3-b13f-4909-abdc-76458626efe1-bf477540,"nixl_xfer_handle(0x556359a34020, released=False)",decode,1,0,452712,2,d61968e8-e4aa-43a2-8ca8-85b623ffd1e5_dp1,0,nixl_start_time
1780281036.1356456,1780281036.1504536,14.808,1780281036.1504738,0.020265579223632812,137406097312,137406.097312,1780281036.1356456,14.828205108642578,0.0069141387939453125,3.5295486450195312,3.506,18874368,1.274606158833063,1152,chatcmpl-db705e5f-8cca-475c-85a3-6b387a300627-8d2566e6,"nixl_xfer_handle(0x5af9a3835380, released=False)",decode,0,0,452715,12,d61968e8-e4aa-43a2-8ca8-85b623ffd1e5_dp1,0,nixl_start_time
1780281036.1372325,1780281036.1393785,2.146,1780281036.139722,0.34356117248535156,137406098899,137406.098899,1780281036.1372325,2.4895668029785156,0.0035762786865234375,2.162456512451172,2.146,3145728,1.4658564771668219,192,chatcmpl-045790f5-9558-4779-a4b3-57be417982a3-a656e155,"nixl_xfer_handle(0x5563599d8bc0, released=False)",decode,1,0,452712,2,d61968e8-e4aa-43a2-8ca8-85b623ffd1e5_dp0,0,nixl_start_time
1780281036.1479735,1780281036.1604564,12.482999999999999,1780281036.1605055,0.049114227294921875,137406109640,137406.10964,1780281036.1479735,12.53199577331543,0.0050067901611328125,2.1321773529052734,2.106,3145728,0.25200096130737804,192,chatcmpl-d834316e-a336-46c1-a48b-208ffebdcd57-a5417178,"nixl_xfer_handle(0x5af9a3d75fc0, released=False)",decode,0,0,452715,2,d61968e8-e4aa-43a2-8ca8-85b623ffd1e5_dp1,0,nixl_start_time
1780281036.2714705,1780281036.2846205,13.15,1780281036.2846425,0.02193450927734375,137406233137,137406.233137,1780281036.2714705,13.171911239624023,0.0050067901611328125,5.171298980712891,5.135,11010048,0.8372660076045627,672,chatcmpl-9754ebe5-0e5b-42bc-8d9d-52537680f3c0-aaa8db0e,"nixl_xfer_handle(0x556359a34020, released=False)",decode,1,0,452712,7,d61968e8-e4aa-43a2-8ca8-85b623ffd1e5_dp0,0,nixl_start_time
1780281036.3086016,1780281036.3211796,12.578000000000001,1780281036.3212092,0.02956390380859375,137406270268,137406.270268,1780281036.3086016,12.607574462890625,0.004291534423828125,1.542806625366211,1.511,3145728,0.2500976307839084,192,chatcmpl-c7b5040f-df66-44ae-820f-12632a49eb1e-81006eca,"nixl_xfer_handle(0x556359a34020, released=False)",decode,1,0,452712,2,d61968e8-e4aa-43a2-8ca8-85b623ffd1e5_dp1,0,nixl_start_time
1780281036.3333876,1780281036.3461287,12.741000000000001,1780281036.346169,0.04029273986816406,137406295054,137406.295054,1780281036.3333876,12.781381607055664,0.005245208740234375,1.6782283782958984,1.651,3145728,0.246898045679303,192,chatcmpl-dc9c8e20-4262-4361-bb21-1fe1adc7bbed-84d69303,"nixl_xfer_handle(0x556359a34020, released=False)",decode,1,0,452712,2,d61968e8-e4aa-43a2-8ca8-85b623ffd1e5_dp0,0,nixl_start_time
1780281036.4205966,1780281036.4325485,11.952,1780281036.4325686,0.02002716064453125,137406382263,137406.382263,1780281036.4205966,11.97195053100586,0.006198883056640625,2.871274948120117,2.843,4718592,0.3947951807228915,288,chatcmpl-79c7519a-6d19-4567-80a2-9beab9928b38-ae1b223c,"nixl_xfer_handle(0x5af9a35d0a80, released=False)",decode,0,0,452715,3,d61968e8-e4aa-43a2-8ca8-85b623ffd1e5_dp1,0,nixl_start_time
1780281036.4698317,1780281036.4877398,17.908,1780281036.4877603,0.020503997802734375,137406431498,137406.431498,1780281036.4698317,17.928600311279297,0.0054836273193359375,5.244731903076172,5.214,11010048,0.6148117042662496,672,chatcmpl-f14cd1c2-9013-48a8-b634-7825ebb299fb-a351e1d2,"nixl_xfer_handle(0x556359a34020, released=False)",decode,1,0,452712,7,d61968e8-e4aa-43a2-8ca8-85b623ffd1e5_dp1,0,nixl_start_time
1780281036.4821446,1780281036.4944825,12.338,1780281036.494508,0.025510787963867188,137406443811,137406.443811,1780281036.4821446,12.363433837890625,0.00476837158203125,5.0792694091796875,5.049,11010048,0.8923689414816016,672,chatcmpl-63061899-1fe5-44c1-adf8-b222d5ab03af-a71cdb77,"nixl_xfer_handle(0x556359907ea0, released=False)",decode,1,0,452712,7,d61968e8-e4aa-43a2-8ca8-85b623ffd1e5_dp0,0,nixl_start_time
1780281036.5193167,1780281036.5315976,12.281,1780281036.5316284,0.030755996704101562,137406480983,137406.480983,1780281036.5193167,12.311697006225586,0.00476837158203125,3.003835678100586,2.975,6291456,0.5122918329126293,384,chatcmpl-cfb35329-0179-4239-ac70-6f35297dc5ac-a0bed336,"nixl_xfer_handle(0x556359907ea0, released=False)",decode,1,0,452712,4,d61968e8-e4aa-43a2-8ca8-85b623ffd1e5_dp1,0,nixl_start_time
1780281036.5935247,1780281036.6058567,12.331999999999999,1780281036.6058784,0.021696090698242188,137406555191,137406.555191,1780281036.5935247,12.353658676147461,0.0057220458984375,2.0437240600585938,2.019,3145728,0.2550866039571846,192,chatcmpl-8fd93c27-1d2b-4545-8881-a7bc8ec64377-9b936359,"nixl_xfer_handle(0x5af9a35d0a80, released=False)",decode,0,0,452715,2,d61968e8-e4aa-43a2-8ca8-85b623ffd1e5_dp0,0,nixl_start_time
1780281036.6925936,1780281036.7188365,26.243,1780281036.7189069,0.07033348083496094,137406654260,137406.65426,1780281036.6925936,26.313304901123047,0.0054836273193359375,11.357784271240234,11.334,73924608,2.816926723316694,4512,chatcmpl-d6c5cb8e-0b8a-46ee-8961-cc9d896382b1-877709e9,"nixl_xfer_handle(0x556359a867a0, released=False)",decode,1,0,452712,47,d61968e8-e4aa-43a2-8ca8-85b623ffd1e5_dp0,0,nixl_start_time
1780281036.7440267,1780281036.7557065,11.68,1780281036.7557783,0.07176399230957031,137406705693,137406.705693,1780281036.7440267,11.751651763916016,0.005245208740234375,5.882501602172852,5.842,22020096,1.885282191780822,1344,chatcmpl-0e31ed12-d49e-4fe4-b313-cfebc15c08dc-bd47a9dd,"nixl_xfer_handle(0x5af9a35d0a80, released=False)",decode,0,0,452715,14,d61968e8-e4aa-43a2-8ca8-85b623ffd1e5_dp1,0,nixl_start_time
1780281036.7927856,1780281036.8050756,12.290000000000001,1780281036.8050966,0.0209808349609375,137406754452,137406.754452,1780281036.7927856,12.310981750488281,0.00476837158203125,2.3221969604492188,2.288,4718592,0.3839375101708706,288,chatcmpl-9eb0f859-bec9-47ae-b921-a4791e6b6233-91fb5248,"nixl_xfer_handle(0x5563598e6ba0, released=False)",decode,1,0,452712,3,d61968e8-e4aa-43a2-8ca8-85b623ffd1e5_dp0,0,nixl_start_time
1780281036.8175626,1780281036.8299935,12.431,1780281036.8300138,0.020265579223632812,137406779229,137406.779229,1780281036.8175626,12.451171875,0.0045299530029296875,2.2203922271728516,2.192,4718592,0.37958265626256943,288,chatcmpl-f0d7381e-82a8-483b-9b11-77ac7809e721-be8414f9,"nixl_xfer_handle(0x5563598e6ba0, released=False)",decode,1,0,452712,3,d61968e8-e4aa-43a2-8ca8-85b623ffd1e5_dp0,0,nixl_start_time
1780281036.8299086,1780281036.8421905,12.282,1780281036.8422585,0.06794929504394531,137406791575,137406.791575,1780281036.8299086,12.349843978881836,0.00476837158203125,2.9261112213134766,2.901,4718592,0.38418759159745974,288,chatcmpl-27c803a1-a556-497b-95af-f3091219bbcf-bb7800ae,"nixl_xfer_handle(0x5af9a3d791b0, released=False)",decode,0,0,452715,3,d61968e8-e4aa-43a2-8ca8-85b623ffd1e5_dp1,0,nixl_start_time
1780281036.8544056,1780281036.8669207,12.515,1780281036.8669565,0.035762786865234375,137406816072,137406.816072,1780281036.8544056,12.550830841064453,0.0045299530029296875,2.2759437561035156,2.242,4718592,0.37703491809828205,288,chatcmpl-5bab4fd2-5a18-41c6-8845-22b8fbc51d76-aafcd429,"nixl_xfer_handle(0x5563598e6ba0, released=False)",decode,1,0,452712,3,d61968e8-e4aa-43a2-8ca8-85b623ffd1e5_dp0,0,nixl_start_time
1780281037.1988366,1780281037.2365446,37.708,1780281037.2365668,0.022172927856445312,137407160503,137407.160503,1780281037.1988366,37.73021697998047,0.00858306884765625,11.98124885559082,11.94,78643200,2.085583960963191,4800,chatcmpl-06e853df-e7a7-4dac-ac33-3b1e73483a1d-834f2cb7,"nixl_xfer_handle(0x5af9a3d791b0, released=False)",decode,0,0,452715,50,d61968e8-e4aa-43a2-8ca8-85b623ffd1e5_dp0,0,nixl_start_time
1780281037.2142305,1780281037.2260046,11.774,1780281037.2260454,0.04076957702636719,137407175897,137407.175897,1780281037.2142305,11.81483268737793,0.006198883056640625,3.8526058197021484,3.83,26738688,2.2709943944284015,1632,chatcmpl-77bf37db-a19f-49ad-939a-8aebdf9ef113-97229b99,"nixl_xfer_handle(0x5563598e6ba0, released=False)",decode,1,0,452712,17,d61968e8-e4aa-43a2-8ca8-85b623ffd1e5_dp1,0,nixl_start_time
1780281037.2259207,1780281037.2513056,25.385,1780281037.251381,0.07534027099609375,137407187587,137407.187587,1780281037.2259207,25.460243225097656,0.0054836273193359375,10.291337966918945,10.264,12582912,0.4956829623793579,768,chatcmpl-e6dfaf38-ad58-46bc-907d-1c11de743191-80927ddf,"nixl_xfer_handle(0x5af9a3d73920, released=False)",decode,0,0,452715,8,d61968e8-e4aa-43a2-8ca8-85b623ffd1e5_dp1,0,nixl_start_time
1780281037.2395797,1780281037.2514377,11.858,1780281037.2514555,0.017881393432617188,137407201246,137407.201246,1780281037.2395797,11.87586784362793,0.00476837158203125,4.3964385986328125,4.365,9437184,0.7958495530443582,576,chatcmpl-1f63b283-e7ba-4876-a21d-b1631aace107-bf3a5178,"nixl_xfer_handle(0x556359b2ca50, released=False)",decode,1,0,452712,6,d61968e8-e4aa-43a2-8ca8-85b623ffd1e5_dp0,0,nixl_start_time
1780281037.2760167,1780281037.2880707,12.054,1780281037.2881224,0.05173683166503906,137407237683,137407.237683,1780281037.2760167,12.105703353881836,0.00667572021484375,3.6859512329101562,3.662,29884416,2.479211548033848,1824,chatcmpl-c17d8d96-7c62-4f08-8621-b160978b61be-bd9f4895,"nixl_xfer_handle(0x5af9a3d73920, released=False)",decode,0,0,452715,19,d61968e8-e4aa-43a2-8ca8-85b623ffd1e5_dp1,0,nixl_start_time
1780281037.3991876,1780281037.4185226,19.335,1780281037.4185407,0.01811981201171875,137407360854,137407.360854,1780281037.3991876,19.353151321411133,0.0064373016357421875,9.482145309448242,9.456,56623104,2.928528782001551,3456,chatcmpl-eacc4c0d-f90d-480a-9221-1eee21dbb4f4-b6a328aa,"nixl_xfer_handle(0x5af9a3d73920, released=False)",decode,0,0,452715,36,d61968e8-e4aa-43a2-8ca8-85b623ffd1e5_dp0,0,nixl_start_time
1780281037.4121926,1780281037.4236827,11.49,1780281037.4237401,0.05745887756347656,137407373859,137407.373859,1780281037.4121926,11.547565460205078,0.005245208740234375,5.974531173706055,5.947,3145728,0.27377963446475195,192,chatcmpl-c4420dcc-974b-44a3-9569-f9af0151b39b-bca0f349,"nixl_xfer_handle(0x5af9a3d791b0, released=False)",decode,0,0,452715,2,d61968e8-e4aa-43a2-8ca8-85b623ffd1e5_dp1,0,nixl_start_time
1780281037.4122016,1780281037.4236836,11.482,1780281037.423704,0.020265579223632812,137407373868,137407.373868,1780281037.4122016,11.502265930175781,0.0045299530029296875,1.5630722045898438,1.531,3145728,0.2739703884340708,192,chatcmpl-65a3b84a-ed3c-4011-805d-6b5fdb2123c4-817c6fb8,"nixl_xfer_handle(0x5563598e6ba0, released=False)",decode,1,0,452712,2,d61968e8-e4aa-43a2-8ca8-85b623ffd1e5_dp1,0,nixl_start_time
1780281037.4853587,1780281037.5122378,26.879,1780281037.5122578,0.02002716064453125,137407447025,137407.447025,1780281037.4853587,26.899099349975586,0.00667572021484375,11.975526809692383,11.947,15728640,0.585164626660218,960,chatcmpl-fbbce9a7-7364-493c-800d-b4b6f2678f27-9371b754,"nixl_xfer_handle(0x5af9a3d791b0, released=False)",decode,0,0,452715,10,d61968e8-e4aa-43a2-8ca8-85b623ffd1e5_dp0,0,nixl_start_time
1780281037.4855447,1780281037.5122657,26.721,1780281037.5123115,0.0457763671875,137407447211,137407.447211,1780281037.4855447,26.76677703857422,0.0064373016357421875,11.111021041870117,11.085,77070336,2.8842609183788026,4704,chatcmpl-9994e022-2a2e-42c8-991c-52f519361ace-b6a7c649,"nixl_xfer_handle(0x5563589683a0, released=False)",decode,1,0,452712,49,d61968e8-e4aa-43a2-8ca8-85b623ffd1e5_dp0,0,nixl_start_time
1780281037.5614088,1780281037.5735729,12.164,1780281037.5735989,0.025987625122070312,137407523075,137407.523075,1780281037.5614088,12.190103530883789,0.0057220458984375,3.270864486694336,3.238,17301504,1.422353173298257,1056,chatcmpl-6101ffaf-af4f-4583-a60f-904f5d3be132-b89fdd70,"nixl_xfer_handle(0x5af9a3d791b0, released=False)",decode,0,0,452715,11,d61968e8-e4aa-43a2-8ca8-85b623ffd1e5_dp0,0,nixl_start_time
1780281037.5614896,1780281037.5861616,24.672,1780281037.5862172,0.05555152893066406,137407523156,137407.523156,1780281037.5614896,24.727582931518555,0.005245208740234375,4.383563995361328,4.363,39321600,1.5937743190661477,2400,chatcmpl-d33ab6ae-b970-486c-addf-fba1ce6107a7-816b3a03,"nixl_xfer_handle(0x556349860ea0, released=False)",decode,1,0,452712,25,d61968e8-e4aa-43a2-8ca8-85b623ffd1e5_dp1,0,nixl_start_time
1780281037.6847436,1780281037.7096746,24.930999999999997,1780281037.7097003,0.02574920654296875,137407646410,137407.64641,1780281037.6847436,24.956703186035156,0.007152557373046875,8.991241455078125,8.967,53477376,2.1450152821788135,3264,chatcmpl-653d5069-5be0-4c4a-9f2b-d7aa403d226e-b6f590d1,"nixl_xfer_handle(0x5af9a3d791b0, released=False)",decode,0,0,452715,34,d61968e8-e4aa-43a2-8ca8-85b623ffd1e5_dp0,0,nixl_start_time
1780281037.6971676,1780281037.7096865,12.519,1780281037.7097425,0.05602836608886719,137407658834,137407.658834,1780281037.6971676,12.574911117553711,0.0040531158447265625,7.300138473510742,7.277,28311552,2.261486700215672,1728,chatcmpl-0133711b-81aa-4b0f-894c-7be600d4c433-84b7bffb,"nixl_xfer_handle(0x556359cd3950, released=False)",decode,1,0,452712,18,d61968e8-e4aa-43a2-8ca8-85b623ffd1e5_dp1,0,nixl_start_time
1780281037.7833116,1780281037.8057625,22.451,1780281037.805827,0.06437301635742188,137407744978,137407.744978,1780281037.7833116,22.515296936035156,0.003814697265625,4.498481750488281,4.466,9437184,0.42034581978531027,576,chatcmpl-29c0d524-04bf-4c1d-83ea-666c50672907-86342126,"nixl_xfer_handle(0x5563599cabe0, released=False)",decode,1,0,452712,6,d61968e8-e4aa-43a2-8ca8-85b623ffd1e5_dp0,0,nixl_start_time
1780281037.7836847,1780281037.8207097,37.025000000000006,1780281037.820726,0.01621246337890625,137407745351,137407.745351,1780281037.7836847,37.04118728637695,0.008344650268554688,16.776561737060547,16.752,94371840,2.5488680621201887,5760,chatcmpl-e40c52c2-8361-46a8-a7ba-f4cff654a4b0-b870802a,"nixl_xfer_handle(0x5af9a3d791b0, released=False)",decode,0,0,452715,60,d61968e8-e4aa-43a2-8ca8-85b623ffd1e5_dp0,0,nixl_start_time
1780281037.8038566,1780281037.8155875,11.731,1780281037.8156374,0.04982948303222656,137407765523,137407.765523,1780281037.8038566,11.780738830566406,0.0054836273193359375,1.596689224243164,1.569,3145728,0.2681551444889609,192,chatcmpl-552a867d-3541-4579-82ce-5e9c6d9bca0a-bfa5fc84,"nixl_xfer_handle(0x556359a34020, released=False)",decode,1,0,452712,2,d61968e8-e4aa-43a2-8ca8-85b623ffd1e5_dp1,0,nixl_start_time
1780281037.8156047,1780281037.8276768,12.072,1780281037.8277316,0.054836273193359375,137407777271,137407.777271,1780281037.8156047,12.126922607421875,0.006198883056640625,4.721879959106445,4.694,7864320,0.6514512922465209,480,chatcmpl-20efda6b-04e6-440b-b39a-0d01e424ad43-85e04ce2,"nixl_xfer_handle(0x5af9a35d0a80, released=False)",decode,0,0,452715,5,d61968e8-e4aa-43a2-8ca8-85b623ffd1e5_dp0,0,nixl_start_time
1780281037.8404295,1780281037.8645575,24.128,1780281037.864605,0.04744529724121094,137407802096,137407.802096,1780281037.8404295,24.175405502319336,0.007867813110351562,8.66246223449707,8.637,47185920,1.9556498673740053,2880,chatcmpl-76ffc0cb-11cf-43f5-a503-180d2c1a5279-8936fcb7,"nixl_xfer_handle(0x5af9a3d791b0, released=False)",decode,0,0,452715,30,d61968e8-e4aa-43a2-8ca8-85b623ffd1e5_dp1,0,nixl_start_time
1780281037.8526165,1780281037.8662155,13.599,1780281037.8662372,0.021696090698242188,137407814283,137407.814283,1780281037.8526165,13.620615005493164,0.003814697265625,1.5549659729003906,1.528,3145728,0.23132053827487317,192,chatcmpl-b45030aa-f5a9-4cd4-ae9c-26593a634171-8621dae7,"nixl_xfer_handle(0x556359b3ffc0, released=False)",decode,1,0,452712,2,d61968e8-e4aa-43a2-8ca8-85b623ffd1e5_dp0,0,nixl_start_time
1780281037.8526886,1780281037.8779075,25.218999999999998,1780281037.877933,0.025510787963867188,137407814355,137407.814355,1780281037.8526886,25.244474411010742,0.0064373016357421875,7.714986801147461,7.689,31457280,1.2473642888298506,1920,chatcmpl-21092acc-65db-4a38-9009-fcc5b9d242e8-91ebafee,"nixl_xfer_handle(0x5af9a3d73920, released=False)",decode,0,0,452715,20,d61968e8-e4aa-43a2-8ca8-85b623ffd1e5_dp0,0,nixl_start_time
1780281037.8643596,1780281037.8771715,12.812000000000001,1780281037.8771925,0.0209808349609375,137407826026,137407.826026,1780281037.8643596,12.832880020141602,0.005245208740234375,1.5535354614257812,1.526,3145728,0.24552981579768965,192,chatcmpl-82748444-d3fc-413b-b122-09c2a48024f7-962020a1,"nixl_xfer_handle(0x5563599cabe0, released=False)",decode,1,0,452712,2,d61968e8-e4aa-43a2-8ca8-85b623ffd1e5_dp1,0,nixl_start_time
1780281037.8769817,1780281037.8779557,0.9740000000000001,1780281037.8780181,0.062465667724609375,137407838648,137407.838648,1780281037.8769817,1.0364055633544922,0.0054836273193359375,0.6303787231445312,0.605,1572864,1.6148501026694044,48,chatcmpl-17455c80-6024-4170-8cc9-39194b44a7ee-a83eba25,"nixl_xfer_handle(0x5af9a3d791b0, released=False)",decode,0,0,452715,1,d61968e8-e4aa-43a2-8ca8-85b623ffd1e5_dp1,0,nixl_start_time
1780281037.9013267,1780281037.9135926,12.266,1780281037.9136224,0.029802322387695312,137407862993,137407.862993,1780281037.9013267,12.295722961425781,0.004291534423828125,1.5709400177001953,1.542,3145728,0.2564591553888798,192,chatcmpl-d28a3b08-e770-4c1e-bc70-a4cc3098d226-b5f45e51,"nixl_xfer_handle(0x5563599cabe0, released=False)",decode,1,0,452712,2,d61968e8-e4aa-43a2-8ca8-85b623ffd1e5_dp0,0,nixl_start_time
1780281038.0246177,1780281038.0490937,24.476000000000003,1780281038.0491514,0.057697296142578125,137407986284,137407.986284,1780281038.0246177,24.533748626708984,0.007152557373046875,9.501934051513672,9.476,56623104,2.313413302827259,3456,chatcmpl-deb209cf-f15e-4093-8798-7185daef5f52-b89be6ac,"nixl_xfer_handle(0x5af9a3d791b0, released=False)",decode,0,0,452715,36,d61968e8-e4aa-43a2-8ca8-85b623ffd1e5_dp1,0,nixl_start_time
1780281038.0376067,1780281038.0677838,30.177,1780281038.0678382,0.05435943603515625,137407999273,137407.999273,1780281038.0376067,30.231475830078125,0.0064373016357421875,5.247354507446289,5.225,20447232,0.6775766974848394,1248,chatcmpl-24ce7588-277d-47db-b0c0-e7830d3e615d-8692c596,"nixl_xfer_handle(0x5af9a3d73920, released=False)",decode,0,0,452715,13,d61968e8-e4aa-43a2-8ca8-85b623ffd1e5_dp0,0,nixl_start_time
1780281038.0379076,1780281038.0489936,11.086,1780281038.0490563,0.06270408630371094,137407999574,137407.999574,1780281038.0379076,11.148691177368164,0.0045299530029296875,1.51824951171875,1.488,3145728,0.28375681039148476,192,chatcmpl-7a48433e-9898-4ade-a744-a2eb4993b5ff-99c6cc50,"nixl_xfer_handle(0x5563599cabe0, released=False)",decode,1,0,452712,2,d61968e8-e4aa-43a2-8ca8-85b623ffd1e5_dp0,0,nixl_start_time
1780281038.0613816,1780281038.0738585,12.477,1780281038.0738816,0.023126602172851562,137408023048,137408.023048,1780281038.0613816,12.50004768371582,0.0045299530029296875,0.4456043243408203,0.421,1572864,0.12606107237316663,48,chatcmpl-edfdef9e-79fb-4046-bdd4-6df7d9895427-aeccb737,"nixl_xfer_handle(0x5563599cabe0, released=False)",decode,1,0,452712,1,d61968e8-e4aa-43a2-8ca8-85b623ffd1e5_dp1,0,nixl_start_time
1780281038.0614326,1780281038.0738816,12.449,1780281038.07394,0.05841255187988281,137408023099,137408.023099,1780281038.0614326,12.507438659667969,0.007867813110351562,6.008386611938477,5.972,22020096,1.7688244838942888,1344,chatcmpl-46305c1f-eb1f-4365-b41b-122dcdf9d75f-b6b627d6,"nixl_xfer_handle(0x5af9a3d791b0, released=False)",decode,0,0,452715,14,d61968e8-e4aa-43a2-8ca8-85b623ffd1e5_dp1,0,nixl_start_time
1780281038.0983276,1780281038.1107187,12.391,1780281038.1107419,0.023126602172851562,137408059994,137408.059994,1780281038.0983276,12.414216995239258,0.0050067901611328125,1.5151500701904297,1.487,3145728,0.2538720038737794,192,chatcmpl-2ef2a70d-0147-406a-96f4-6943f010eb13-87d0a00a,"nixl_xfer_handle(0x5563599cabe0, released=False)",decode,1,0,452712,2,d61968e8-e4aa-43a2-8ca8-85b623ffd1e5_dp0,0,nixl_start_time
1780281038.1976607,1780281038.2323878,34.727000000000004,1780281038.2324095,0.021696090698242188,137408159327,137408.159327,1780281038.1976607,34.74879264831543,0.008106231689453125,10.976076126098633,10.951,75497472,2.174028047340686,4608,chatcmpl-65738ab1-9593-4b4f-ab0d-3f90de687493-a82ab8e4,"nixl_xfer_handle(0x5af9a3d73920, released=False)",decode,0,0,452715,48,d61968e8-e4aa-43a2-8ca8-85b623ffd1e5_dp0,0,nixl_start_time
1780281038.2238436,1780281038.2488446,25.000999999999998,1780281038.248866,0.021457672119140625,137408185510,137408.18551,1780281038.2238436,25.022506713867188,0.00667572021484375,8.162498474121094,8.139,44040192,1.7615372185112597,2688,chatcmpl-3e9b85b6-018b-49a7-a348-c34990e87193-9340333e,"nixl_xfer_handle(0x5af9a3d791b0, released=False)",decode,0,0,452715,28,d61968e8-e4aa-43a2-8ca8-85b623ffd1e5_dp1,0,nixl_start_time
1780281038.2362115,1780281038.2488606,12.649000000000001,1780281038.2488804,0.019788742065429688,137408197878,137408.197878,1780281038.2362115,12.668848037719727,0.0050067901611328125,1.5554428100585938,1.528,3145728,0.24869380978733494,192,chatcmpl-ff3b35fe-588f-48de-add5-e672fcf3e41b-a7113d22,"nixl_xfer_handle(0x5563599c6620, released=False)",decode,1,0,452712,2,d61968e8-e4aa-43a2-8ca8-85b623ffd1e5_dp0,0,nixl_start_time
1780281038.2607276,1780281038.2745266,13.799000000000001,1780281038.274554,0.027418136596679688,137408222394,137408.222394,1780281038.2607276,13.826370239257812,0.0050067901611328125,2.964496612548828,2.936,4718592,0.3419517356330169,288,chatcmpl-37bfa83a-7209-4ef3-b425-129c1ff3fdfd-bb4cdb82,"nixl_xfer_handle(0x5af9a3d73920, released=False)",decode,0,0,452715,3,d61968e8-e4aa-43a2-8ca8-85b623ffd1e5_dp0,0,nixl_start_time
1780281038.2743926,1780281038.2861257,11.733,1780281038.2861493,0.023603439331054688,137408236059,137408.236059,1780281038.2743926,11.756658554077148,0.0050067901611328125,0.47516822814941406,0.448,1572864,0.13405471746356432,48,chatcmpl-807b5b3f-ccfb-4b1f-b33a-b70ed4eaa54d-89943252,"nixl_xfer_handle(0x5563599c6620, released=False)",decode,1,0,452712,1,d61968e8-e4aa-43a2-8ca8-85b623ffd1e5_dp1,0,nixl_start_time
1780281038.4482818,1780281038.4746597,26.378,1780281038.4746988,0.03910064697265625,137408409948,137408.409948,1780281038.4482818,26.417016983032227,0.0069141387939453125,9.924650192260742,9.889,64487424,2.4447427401622566,3936,chatcmpl-e05afb4c-2bf1-4aca-9ac2-7ffa051464cf-bd560f25,"nixl_xfer_handle(0x5af9a3d791b0, released=False)",decode,0,0,452715,41,d61968e8-e4aa-43a2-8ca8-85b623ffd1e5_dp1,0,nixl_start_time
1780281038.4616127,1780281038.4898267,28.214,1780281038.4898908,0.06413459777832031,137408423279,137408.423279,1780281038.4616127,28.278112411499023,0.00476837158203125,12.746810913085938,12.71,7864320,0.27873821507053237,480,chatcmpl-b51e3360-409b-4b7f-9f4e-13375b86741e-bea25dd8,"nixl_xfer_handle(0x5af9a3dd9cc0, released=False)",decode,0,0,452715,5,d61968e8-e4aa-43a2-8ca8-85b623ffd1e5_dp0,0,nixl_start_time
1780281038.6145077,1780281038.6269357,12.427999999999999,1780281038.626987,0.05125999450683594,137408576174,137408.576174,1780281038.6145077,12.479305267333984,0.0057220458984375,5.725622177124023,5.705,34603008,2.784278081750885,2112,chatcmpl-47e6306f-c9cd-4c1d-b4f2-f7aaa1023de5-9e0a6f4f,"nixl_xfer_handle(0x556359a426c0, released=False)",decode,1,0,452712,22,d61968e8-e4aa-43a2-8ca8-85b623ffd1e5_dp0,0,nixl_start_time
1780281038.6893725,1780281038.7143896,25.017,1780281038.714409,0.019550323486328125,137408651039,137408.651039,1780281038.6893725,25.03657341003418,0.0054836273193359375,9.294748306274414,9.255,51904512,2.07476963664708,3168,chatcmpl-72de89cb-8e90-43a8-8519-8da6bd5eedd7-93f2f5fa,"nixl_xfer_handle(0x556359cc4a60, released=False)",decode,1,0,452712,33,d61968e8-e4aa-43a2-8ca8-85b623ffd1e5_dp1,0,nixl_start_time
1780281038.6894617,1780281038.7142768,24.815,1780281038.7143078,0.030994415283203125,137408651128,137408.651128,1780281038.6894617,24.84607696533203,0.009298324584960938,8.236169815063477,8.21,50331648,2.028275156155551,3072,chatcmpl-2584eafa-fdf8-4c36-a9d5-9a0a977d8d63-a7eff031,"nixl_xfer_handle(0x5af9a3d791b0, released=False)",decode,0,0,452715,32,d61968e8-e4aa-43a2-8ca8-85b623ffd1e5_dp0,0,nixl_start_time
1780281038.7647946,1780281038.7974336,32.639,1780281038.7974534,0.019788742065429688,137408726461,137408.726461,1780281038.7647946,32.65881538391113,0.00667572021484375,14.99629020690918,14.971,83361792,2.5540547198137196,5088,chatcmpl-e5c7f87f-3362-412c-b5b3-92e7a2df3e19-8d4f035a,"nixl_xfer_handle(0x5af9a3e00bc0, released=False)",decode,0,0,452715,53,d61968e8-e4aa-43a2-8ca8-85b623ffd1e5_dp0,0,nixl_start_time
1780281038.7830796,1780281038.7950296,11.950000000000001,1780281038.795056,0.026464462280273438,137408744746,137408.744746,1780281038.7830796,11.976480484008789,0.00476837158203125,0.4916191101074219,0.463,1572864,0.13162041841004185,48,chatcmpl-56d32c1a-0636-4eac-a9b0-7ad394985d07-88a34b33,"nixl_xfer_handle(0x55635998c150, released=False)",decode,1,0,452712,1,d61968e8-e4aa-43a2-8ca8-85b623ffd1e5_dp1,0,nixl_start_time
1780281038.7949746,1780281038.8077245,12.75,1780281038.807787,0.062465667724609375,137408756641,137408.756641,1780281038.7949746,12.812376022338867,0.0050067901611328125,2.1293163299560547,2.105,3145728,0.24672376470588236,192,chatcmpl-82cd88b3-cb98-4a98-ac8f-f039a28ecb77-b98f225b,"nixl_xfer_handle(0x5af9a3d791b0, released=False)",decode,0,0,452715,2,d61968e8-e4aa-43a2-8ca8-85b623ffd1e5_dp0,0,nixl_start_time
1780281038.8076026,1780281038.8206477,13.045,1780281038.8206682,0.020503997802734375,137408769269,137408.769269,1780281038.8076026,13.065576553344727,0.0054836273193359375,1.5037059783935547,1.47,3145728,0.24114434649290917,192,chatcmpl-729ed894-50ac-4ce1-9d14-6e60fb9d9391-bd5cec4f,"nixl_xfer_handle(0x55635998c150, released=False)",decode,1,0,452712,2,d61968e8-e4aa-43a2-8ca8-85b623ffd1e5_dp0,0,nixl_start_time
1780281038.8574758,1780281038.8661158,8.64,1780281038.8661327,0.016927719116210938,137408819142,137408.819142,1780281038.8574758,8.656978607177734,0.0073909759521484375,2.298116683959961,2.273,3145728,0.3640888888888889,192,chatcmpl-aaca43ef-a0d6-401b-8feb-c3f9793daec4-980a08e4,"nixl_xfer_handle(0x5af9a386d920, released=False)",decode,0,0,452715,2,d61968e8-e4aa-43a2-8ca8-85b623ffd1e5_dp1,0,nixl_start_time
1780281038.8599346,1780281038.8878314,27.897000000000002,1780281038.88785,0.018596649169921875,137408821601,137408.821601,1780281038.8599346,27.915477752685547,0.0040531158447265625,5.873203277587891,5.855,9437184,0.3382866974943542,576,chatcmpl-331a8dea-abf0-4c8e-b5a4-c5eca0ff726a-8bacf986,"nixl_xfer_handle(0x5af9a35d0a80, released=False)",decode,0,0,452715,6,d61968e8-e4aa-43a2-8ca8-85b623ffd1e5_dp0,0,nixl_start_time
1780281038.8827906,1780281038.8952734,12.482999999999999,1780281038.8953602,0.08678436279296875,137408844457,137408.844457,1780281038.8827906,12.569665908813477,0.0054836273193359375,4.73332405090332,4.707,7864320,0.6300024032684451,480,chatcmpl-29e46b92-6ca8-461d-b5c4-5496acb1cd45-9d428972,"nixl_xfer_handle(0x5af9a3e00bc0, released=False)",decode,0,0,452715,5,d61968e8-e4aa-43a2-8ca8-85b623ffd1e5_dp1,0,nixl_start_time
1780281038.8829057,1780281038.9079256,25.02,1780281038.9079487,0.023126602172851562,137408844572,137408.844572,1780281038.8829057,25.043010711669922,0.0050067901611328125,4.78672981262207,4.767,45613056,1.8230637889688248,2784,chatcmpl-39d50c42-366e-40c3-b699-170e27ca6e1c-8829c489,"nixl_xfer_handle(0x55635998c150, released=False)",decode,1,0,452712,29,d61968e8-e4aa-43a2-8ca8-85b623ffd1e5_dp0,0,nixl_start_time
1780281038.9574916,1780281038.9705057,13.014,1780281038.9705431,0.03743171691894531,137408919158,137408.919158,1780281038.9574916,13.051509857177734,0.005245208740234375,5.959510803222656,5.926,12582912,0.9668750576302444,768,chatcmpl-b9653fa8-2d5d-4e72-a7cb-3de16bb3a1a7-a43c46df,"nixl_xfer_handle(0x556359990200, released=False)",decode,1,0,452712,8,d61968e8-e4aa-43a2-8ca8-85b623ffd1e5_dp0,0,nixl_start_time
1780281039.0329437,1780281039.0338488,0.905,1780281039.0338676,0.018835067749023438,137408994610,137408.99461,1780281039.0329437,0.9238719940185547,0.0054836273193359375,0.6256103515625,0.601,1572864,1.7379712707182322,48,chatcmpl-e3ab799e-31f5-4f9a-b307-8dbc54696a9a-a47c85cc,"nixl_xfer_handle(0x5af9a35d0a80, released=False)",decode,0,0,452715,1,d61968e8-e4aa-43a2-8ca8-85b623ffd1e5_dp1,0,nixl_start_time
1780281039.0841496,1780281039.0960336,11.884,1780281039.0960574,0.02384185791015625,137409045816,137409.045816,1780281039.0841496,11.907815933227539,0.0045299530029296875,1.6469955444335938,1.612,3145728,0.2647027936721642,192,chatcmpl-79d8e9fa-ebe3-4502-807f-ef016c62e150-a46f90da,"nixl_xfer_handle(0x556359990200, released=False)",decode,1,0,452712,2,d61968e8-e4aa-43a2-8ca8-85b623ffd1e5_dp0,0,nixl_start_time
1780281039.0842037,1780281039.0960197,11.816,1780281039.0960913,0.07152557373046875,137409045870,137409.04587,1780281039.0842037,11.887550354003906,0.0064373016357421875,6.635189056396484,6.612,23592960,1.9966960054163845,1440,chatcmpl-7191ae3c-f7e9-4361-9213-b8cbf24e40c8-88fafd12,"nixl_xfer_handle(0x5af9a35d0a80, released=False)",decode,0,0,452715,15,d61968e8-e4aa-43a2-8ca8-85b623ffd1e5_dp1,0,nixl_start_time
1780281039.1085308,1780281039.1338868,25.356,1780281039.1339364,0.049591064453125,137409070197,137409.070197,1780281039.1085308,25.4056453704834,0.007152557373046875,8.478403091430664,8.455,40894464,1.6128121154756272,2496,chatcmpl-fd74af18-0db0-40b2-8f90-dc5c0816962d-b45c7080,"nixl_xfer_handle(0x5af9a35d0a80, released=False)",decode,0,0,452715,26,d61968e8-e4aa-43a2-8ca8-85b623ffd1e5_dp0,0,nixl_start_time
1780281039.1970606,1780281039.2369385,39.878,1780281039.2369637,0.025272369384765625,137409158727,137409.158727,1780281039.1970606,39.90316390991211,0.006198883056640625,24.460554122924805,24.436,100663296,2.5242814584482676,6144,chatcmpl-4973d62f-9ddd-4b43-829b-8600c8f2c5e2-bd85695d,"nixl_xfer_handle(0x556359a426c0, released=False)",decode,1,0,452712,64,d61968e8-e4aa-43a2-8ca8-85b623ffd1e5_dp0,0,nixl_start_time
1780281039.2746568,1780281039.2995677,24.910999999999998,1780281039.2996259,0.05817413330078125,137409236323,137409.236323,1780281039.2746568,24.969100952148438,0.006198883056640625,8.579730987548828,8.559,61341696,2.4624341054152783,3744,chatcmpl-944fc5ce-2182-495c-b669-9605b23449e4-bdf5b72b,"nixl_xfer_handle(0x556359a31c30, released=False)",decode,1,0,452712,39,d61968e8-e4aa-43a2-8ca8-85b623ffd1e5_dp1,0,nixl_start_time
1780281039.3502576,1780281039.3777525,27.494999999999997,1780281039.3777921,0.039577484130859375,137409311924,137409.311924,1780281039.3502576,27.53448486328125,0.0057220458984375,11.892318725585938,11.868,73924608,2.6886564102564106,4512,chatcmpl-e7269777-b1e0-4017-9c63-9d0184c9033c-b19a35ad,"nixl_xfer_handle(0x5563599ab5a0, released=False)",decode,1,0,452712,47,d61968e8-e4aa-43a2-8ca8-85b623ffd1e5_dp0,0,nixl_start_time
1780281039.3504467,1780281039.3658197,15.373,1780281039.3658667,0.04696846008300781,137409312113,137409.312113,1780281039.3504467,15.419960021972656,0.008106231689453125,8.705854415893555,8.68,42467328,2.7624619787939895,2592,chatcmpl-20a35a44-64fe-4cd4-a36e-c7a52b23097a-ab99d06d,"nixl_xfer_handle(0x5af9a35d0a80, released=False)",decode,0,0,452715,27,d61968e8-e4aa-43a2-8ca8-85b623ffd1e5_dp0,0,nixl_start_time
1780281039.4152956,1780281039.4288006,13.504999999999999,1780281039.4288201,0.019550323486328125,137409376962,137409.376962,1780281039.4152956,13.524532318115234,0.0057220458984375,1.8467903137207031,1.822,3145728,0.2329306182895224,192,chatcmpl-a71c7d5a-a47b-44ba-bda4-85278d84a781-82abc7d4,"nixl_xfer_handle(0x5af9a35d0a80, released=False)",decode,0,0,452715,2,d61968e8-e4aa-43a2-8ca8-85b623ffd1e5_dp1,0,nixl_start_time
1780281039.4154496,1780281039.4405596,25.11,1780281039.4406228,0.06318092346191406,137409377116,137409.377116,1780281039.4154496,25.173187255859375,0.0059604644775390625,9.010791778564453,8.971,64487424,2.5681968936678614,3936,chatcmpl-84a5f131-06b4-497e-a929-00d454b09166-bc26b34c,"nixl_xfer_handle(0x5563599ab5a0, released=False)",decode,1,0,452712,41,d61968e8-e4aa-43a2-8ca8-85b623ffd1e5_dp1,0,nixl_start_time
1780281039.4910097,1780281039.5159717,24.962000000000003,1780281039.5160258,0.05412101745605469,137409452676,137409.452676,1780281039.4910097,25.016069412231445,0.0050067901611328125,8.034467697143555,8.011,58195968,2.331382421280346,3552,chatcmpl-66c51090-be74-4da3-bd83-605e23587174-b79c880c,"nixl_xfer_handle(0x5563599ab5a0, released=False)",decode,1,0,452712,37,d61968e8-e4aa-43a2-8ca8-85b623ffd1e5_dp0,0,nixl_start_time
1780281039.5160356,1780281039.5478876,31.851999999999997,1780281039.547955,0.06747245788574219,137409477702,137409.477702,1780281039.5160356,31.919479370117188,0.006198883056640625,8.90970230102539,8.884,50331648,1.5801722968730378,3072,chatcmpl-b077d3c9-f5a5-4190-9f01-69108f5c172e-a5d1ccaa,"nixl_xfer_handle(0x5af9a35d0a80, released=False)",decode,0,0,452715,32,d61968e8-e4aa-43a2-8ca8-85b623ffd1e5_dp1,0,nixl_start_time
1780281039.5409887,1780281039.5533807,12.392,1780281039.5534036,0.02288818359375,137409502655,137409.502655,1780281039.5409887,12.414932250976562,0.0045299530029296875,1.8165111541748047,1.787,3145728,0.2538515171078115,192,chatcmpl-3631780a-2b8a-4164-a902-07fe58c4fa2c-813d7f0d,"nixl_xfer_handle(0x5563599ab5a0, released=False)",decode,1,0,452712,2,d61968e8-e4aa-43a2-8ca8-85b623ffd1e5_dp0,0,nixl_start_time
1780281039.5411246,1780281039.5532055,12.081,1780281039.5532227,0.0171661376953125,137409502791,137409.502791,1780281039.5411246,12.098073959350586,0.00476837158203125,6.438255310058594,6.418,26738688,2.2132843307673205,1632,chatcmpl-9786f929-8237-4940-a104-c51dd61ace96-90471b37,"nixl_xfer_handle(0x5af9a3e8e7a0, released=False)",decode,0,0,452715,17,d61968e8-e4aa-43a2-8ca8-85b623ffd1e5_dp0,0,nixl_start_time
1780281039.6164606,1780281039.6460235,29.563,1780281039.646041,0.017404556274414062,137409578127,137409.578127,1780281039.6164606,29.580354690551758,0.008344650268554688,11.797904968261719,11.773,78643200,2.660190102492981,4800,chatcmpl-0d609f5a-ddd6-4aaa-9922-171d2141f19e-aa1c7cdd,"nixl_xfer_handle(0x5af9a35d0a80, released=False)",decode,0,0,452715,50,d61968e8-e4aa-43a2-8ca8-85b623ffd1e5_dp1,0,nixl_start_time
1780281039.6318007,1780281039.6608198,29.019,1780281039.6608484,0.0286102294921875,137409593467,137409.593467,1780281039.6318007,29.047727584838867,0.0050067901611328125,13.777732849121094,13.752,6291456,0.21680471415279645,384,chatcmpl-d5a1290f-8194-49f4-b9ce-0b8a8a92050e-893cad34,"nixl_xfer_handle(0x5af9a386d920, released=False)",decode,0,0,452715,4,d61968e8-e4aa-43a2-8ca8-85b623ffd1e5_dp1,0,nixl_start_time
1780281039.6493716,1780281039.6609826,11.611,1780281039.661052,0.06937980651855469,137409611038,137409.611038,1780281039.6493716,11.680364608764648,0.0059604644775390625,4.749536514282227,4.725,23592960,2.0319490138661616,1440,chatcmpl-49a41dd0-676f-4fcf-90dc-4efa748e78f2-a1147e0c,"nixl_xfer_handle(0x5563599ab5a0, released=False)",decode,1,0,452712,15,d61968e8-e4aa-43a2-8ca8-85b623ffd1e5_dp0,0,nixl_start_time
1780281039.6985836,1780281039.7109115,12.328000000000001,1780281039.71093,0.018596649169921875,137409660250,137409.66025,1780281039.6985836,12.346506118774414,0.0069141387939453125,7.2269439697265625,7.202,29884416,2.424109020116807,1824,chatcmpl-f819b529-4ae0-41f8-9739-85663e1f7a9c-a31fea3a,"nixl_xfer_handle(0x5af9a383f8e0, released=False)",decode,0,0,452715,19,d61968e8-e4aa-43a2-8ca8-85b623ffd1e5_dp1,0,nixl_start_time
1780281039.8128946,1780281039.8403676,27.473000000000003,1780281039.8404143,0.04673004150390625,137409774561,137409.774561,1780281039.8128946,27.519702911376953,0.0073909759521484375,12.280941009521484,12.255,81788928,2.9770657736686927,4992,chatcmpl-2da45a5b-da5f-4d42-945c-cffa245e54b4-8bd8d3ed,"nixl_xfer_handle(0x5af9a383f8e0, released=False)",decode,0,0,452715,52,d61968e8-e4aa-43a2-8ca8-85b623ffd1e5_dp0,0,nixl_start_time
1780281039.8530385,1780281039.8655975,12.559000000000001,1780281039.8656206,0.023126602172851562,137409814705,137409.814705,1780281039.8530385,12.582063674926758,0.0050067901611328125,1.851797103881836,1.825,3145728,0.2504759933115694,192,chatcmpl-78a9515c-ed7a-4c39-8dfe-ec345f819021-a96a09b8,"nixl_xfer_handle(0x5563599ab5a0, released=False)",decode,1,0,452712,2,d61968e8-e4aa-43a2-8ca8-85b623ffd1e5_dp0,0,nixl_start_time
1780281039.8779027,1780281039.8910737,13.171000000000001,1780281039.8911545,0.08082389831542969,137409839569,137409.839569,1780281039.8779027,13.251781463623047,0.0069141387939453125,6.577730178833008,6.553,25165824,1.9106995672310378,1536,chatcmpl-28d1fb00-fed8-4e7e-8d8e-b67a336786a1-a9c1ace4,"nixl_xfer_handle(0x5af9a3e1a080, released=False)",decode,0,0,452715,16,d61968e8-e4aa-43a2-8ca8-85b623ffd1e5_dp1,0,nixl_start_time
1780281039.8909698,1780281039.9033918,12.422,1780281039.9034252,0.03337860107421875,137409852636,137409.852636,1780281039.8909698,12.455463409423828,0.005245208740234375,2.824544906616211,2.793,4718592,0.37985767187248426,288,chatcmpl-9a43ebe1-c25d-47a9-9e01-75795dc5baa5-9326d50a,"nixl_xfer_handle(0x5563599ab5a0, released=False)",decode,1,0,452712,3,d61968e8-e4aa-43a2-8ca8-85b623ffd1e5_dp0,0,nixl_start_time
1780281039.9542727,1780281039.9673188,13.046000000000001,1780281039.9673529,0.03409385681152344,137409915939,137409.915939,1780281039.9542727,13.080120086669922,0.00476837158203125,5.676984786987305,5.659,28311552,2.17013276099954,1728,chatcmpl-b9077093-f9fa-42f2-9c6a-f42fd5a3c13e-934a52e3,"nixl_xfer_handle(0x5563599ab5a0, released=False)",decode,1,0,452712,18,d61968e8-e4aa-43a2-8ca8-85b623ffd1e5_dp0,0,nixl_start_time
1780281040.0299067,1780281040.0551767,25.27,1780281040.0551987,0.02193450927734375,137409991573,137409.991573,1780281040.0299067,25.291919708251953,0.0073909759521484375,9.229421615600586,9.204,56623104,2.240724337158686,3456,chatcmpl-275d738f-4b32-4bee-af6c-dcfa5716246b-861affda,"nixl_xfer_handle(0x5af98a681220, released=False)",decode,0,0,452715,36,d61968e8-e4aa-43a2-8ca8-85b623ffd1e5_dp1,0,nixl_start_time
1780281040.0425928,1780281040.0553017,12.709,1780281040.0553243,0.022649765014648438,137410004259,137410.004259,1780281040.0425928,12.731552124023438,0.0040531158447265625,5.492687225341797,5.459,9437184,0.7425591313242584,576,chatcmpl-e976c22c-3297-4d58-bc3e-d25cd8617fe1-8785a1c1,"nixl_xfer_handle(0x5563599ab5a0, released=False)",decode,1,0,452712,6,d61968e8-e4aa-43a2-8ca8-85b623ffd1e5_dp0,0,nixl_start_time
1780281040.0670536,1780281040.0926285,25.575,1780281040.0926478,0.019311904907226562,137410028720,137410.02872,1780281040.0670536,25.594234466552734,0.0057220458984375,10.193824768066406,10.167,12582912,0.4920004692082111,768,chatcmpl-1e1be292-719b-41bd-b6e1-46a1ab959641-ab6a51e0,"nixl_xfer_handle(0x5af98a681220, released=False)",decode,0,0,452715,8,d61968e8-e4aa-43a2-8ca8-85b623ffd1e5_dp0,0,nixl_start_time
1780281040.2304177,1780281040.2556176,25.2,1780281040.2556489,0.031232833862304688,137410192084,137410.192084,1780281040.2304177,25.231122970581055,0.0057220458984375,9.760379791259766,9.736,64487424,2.559024761904762,3936,chatcmpl-537f3110-e815-4ed0-a783-fc01cff9bbe9-90def52b,"nixl_xfer_handle(0x5563599ab5a0, released=False)",decode,1,0,452712,41,d61968e8-e4aa-43a2-8ca8-85b623ffd1e5_dp1,0,nixl_start_time
1780281040.3311656,1780281040.3609116,29.746000000000002,1780281040.360944,0.0324249267578125,137410292832,137410.292832,1780281040.3311656,29.778480529785156,0.0057220458984375,14.221668243408203,14.167,83361792,2.8024538425334495,5088,chatcmpl-0e7192e8-9b29-4e47-bea2-92cd13d2a26e-97333b24,"nixl_xfer_handle(0x5563599ab5a0, released=False)",decode,1,0,452712,53,d61968e8-e4aa-43a2-8ca8-85b623ffd1e5_dp1,0,nixl_start_time
1780281040.3311846,1780281040.3493586,18.174,1780281040.3494163,0.057697296142578125,137410292851,137410.292851,1780281040.3311846,18.231630325317383,0.0064373016357421875,3.7446022033691406,3.706,6291456,0.3461789369428855,384,chatcmpl-c16288d9-a43c-4040-a430-922fe8725c23-a8375068,"nixl_xfer_handle(0x5af9a41b5720, released=False)",decode,0,0,452715,4,d61968e8-e4aa-43a2-8ca8-85b623ffd1e5_dp0,0,nixl_start_time
1780281040.4109626,1780281040.4433706,32.408,1780281040.4433904,0.019788742065429688,137410372629,137410.372629,1780281040.4109626,32.42778778076172,0.0050067901611328125,1.802206039428711,1.775,3145728,0.09706640335719575,192,chatcmpl-9d6e816f-6a3d-4344-8f79-547148e5223e-ba92f7c0,"nixl_xfer_handle(0x556359989850, released=False)",decode,1,0,452712,2,d61968e8-e4aa-43a2-8ca8-85b623ffd1e5_dp0,0,nixl_start_time
1780281040.4113088,1780281040.4378119,26.503,1780281040.4378848,0.07295608520507812,137410372975,137410.372975,1780281040.4113088,26.57604217529297,0.007152557373046875,11.890888214111328,11.855,77070336,2.9079853601479075,4704,chatcmpl-bfc9c4f7-186f-4c50-84d3-f1fcf7d6d537-8e1fd860,"nixl_xfer_handle(0x5af9a41b5720, released=False)",decode,0,0,452715,49,d61968e8-e4aa-43a2-8ca8-85b623ffd1e5_dp1,0,nixl_start_time
1780281040.4233537,1780281040.4491227,25.769000000000002,1780281040.449178,0.0553131103515625,137410385020,137410.38502,1780281040.4233537,25.824308395385742,0.002384185791015625,10.32114028930664,10.306,18874368,0.7324447204004813,1152,chatcmpl-92c15bce-961c-41ca-a84b-aec53c5a8d6c-bd809081,"nixl_xfer_handle(0x5af9a35d0a80, released=False)",decode,0,0,452715,12,d61968e8-e4aa-43a2-8ca8-85b623ffd1e5_dp0,0,nixl_start_time
1780281040.4370637,1780281040.4491997,12.136,1780281040.4492574,0.057697296142578125,137410398730,137410.39873,1780281040.4370637,12.193679809570312,0.0054836273193359375,0.4737377166748047,0.45,1572864,0.1296031641397495,48,chatcmpl-2afa2040-5ab8-45ca-9cc2-db27fc5929ce-94a41562,"nixl_xfer_handle(0x5af9a3dc40f0, released=False)",decode,0,0,452715,1,d61968e8-e4aa-43a2-8ca8-85b623ffd1e5_dp1,0,nixl_start_time
1780281040.4374347,1780281040.4494247,11.99,1780281040.4494436,0.018835067749023438,137410399101,137410.399101,1780281040.4374347,12.008905410766602,0.005245208740234375,5.35130500793457,5.322,9437184,0.787087906588824,576,chatcmpl-b4825bd3-e0e9-4555-98e7-e1a1e3199bbf-841eeb85,"nixl_xfer_handle(0x556359b3ffc0, released=False)",decode,1,0,452712,6,d61968e8-e4aa-43a2-8ca8-85b623ffd1e5_dp0,0,nixl_start_time
1780281040.4743288,1780281040.5027907,28.462,1780281040.50282,0.029325485229492188,137410435995,137410.435995,1780281040.4743288,28.49125862121582,0.0064373016357421875,8.424043655395508,8.4,45613056,1.602594898461106,2784,chatcmpl-23f83647-4888-4ea3-b9d9-f63cc32d025e-b0701217,"nixl_xfer_handle(0x5af9a3dc40f0, released=False)",decode,0,0,452715,29,d61968e8-e4aa-43a2-8ca8-85b623ffd1e5_dp1,0,nixl_start_time
1780281040.4866288,1780281040.4994957,12.866999999999999,1780281040.499529,0.03314018249511719,137410448295,137410.448295,1780281040.4866288,12.900114059448242,0.0045299530029296875,3.498077392578125,3.469,6291456,0.4889605968757286,384,chatcmpl-8f0aeaf5-d82d-4332-9c36-463afb8776fb-b701a65a,"nixl_xfer_handle(0x556359b3ffc0, released=False)",decode,1,0,452712,4,d61968e8-e4aa-43a2-8ca8-85b623ffd1e5_dp0,0,nixl_start_time
1780281040.4991956,1780281040.5114996,12.304,1780281040.5115724,0.07271766662597656,137410460862,137410.460862,1780281040.4991956,12.376785278320312,0.003337860107421875,3.0679702758789062,3.046,4718592,0.3835006501950585,288,chatcmpl-c2b72c5d-4b07-45a6-8d2a-b7597d5ffa3f-85ae10ee,"nixl_xfer_handle(0x5af9a35d0a80, released=False)",decode,0,0,452715,3,d61968e8-e4aa-43a2-8ca8-85b623ffd1e5_dp0,0,nixl_start_time
1780281040.5246058,1780281040.5368516,12.246,1780281040.5368788,0.027179718017578125,137410486272,137410.486272,1780281040.5246058,12.273073196411133,0.0054836273193359375,7.216453552246094,7.197,29884416,2.440341009309162,1824,chatcmpl-3e43fbda-809e-4d9f-8253-482b9f1af1b3-bef0f207,"nixl_xfer_handle(0x556359b3ffc0, released=False)",decode,1,0,452712,19,d61968e8-e4aa-43a2-8ca8-85b623ffd1e5_dp1,0,nixl_start_time
1780281040.5491626,1780281040.5621057,12.943,1780281040.562176,0.07033348083496094,137410510829,137410.510829,1780281040.5491626,13.013362884521484,0.0059604644775390625,6.776571273803711,6.734,9437184,0.7291342038167349,576,chatcmpl-6a3fb1b7-40d1-4bc3-86ce-b6f3cd21d58d-a059959b,"nixl_xfer_handle(0x5af9a35d0a80, released=False)",decode,0,0,452715,6,d61968e8-e4aa-43a2-8ca8-85b623ffd1e5_dp0,0,nixl_start_time
1780281040.6263986,1780281040.6392896,12.891,1780281040.6393237,0.03409385681152344,137410588065,137410.588065,1780281040.6263986,12.925148010253906,0.0050067901611328125,4.364013671875,4.344,18874368,1.4641508028857344,1152,chatcmpl-3ec9fde0-67ab-4072-bee5-5bd70d02141a-bbb4c58a,"nixl_xfer_handle(0x556359b3ffc0, released=False)",decode,1,0,452712,12,d61968e8-e4aa-43a2-8ca8-85b623ffd1e5_dp1,0,nixl_start_time
1780281040.6774936,1780281040.6864715,8.978,1780281040.686493,0.021457672119140625,137410639160,137410.63916,1780281040.6774936,8.999347686767578,0.0050067901611328125,1.91497802734375,1.885,3145728,0.35038182223212294,192,chatcmpl-b725d9b0-96e7-4b3b-a023-8eff0742b434-aa3e282d,"nixl_xfer_handle(0x556359b3ffc0, released=False)",decode,1,0,452712,2,d61968e8-e4aa-43a2-8ca8-85b623ffd1e5_dp1,0,nixl_start_time
1780281040.6796277,1780281040.6904497,10.822,1780281040.6904776,0.027894973754882812,137410641294,137410.641294,1780281040.6796277,10.849952697753906,0.0045299530029296875,6.42085075378418,6.405,22020096,2.0347529107373865,1344,chatcmpl-abe88352-6731-4c11-a356-4db8c7e43ca5-a54d5553,"nixl_xfer_handle(0x556359989850, released=False)",decode,1,0,452712,14,d61968e8-e4aa-43a2-8ca8-85b623ffd1e5_dp0,0,nixl_start_time
1780281040.6902347,1780281040.7033157,13.081000000000001,1780281040.7033517,0.03600120544433594,137410651901,137410.651901,1780281040.6902347,13.117074966430664,0.0057220458984375,2.094745635986328,2.067,3145728,0.2404806971944041,192,chatcmpl-1a72ce22-7c18-4b5d-a5ef-2418bcb66377-bea3fea1,"nixl_xfer_handle(0x5af9a35d0a80, released=False)",decode,0,0,452715,2,d61968e8-e4aa-43a2-8ca8-85b623ffd1e5_dp0,0,nixl_start_time
1780281040.7161367,1780281040.7294557,13.318999999999999,1780281040.7294831,0.027418136596679688,137410677803,137410.677803,1780281040.7161367,13.346433639526367,0.0045299530029296875,7.8887939453125,7.852,14155776,1.0628257376679933,864,chatcmpl-7f8173ae-13f0-4c5d-8c6e-345601c627db-b0e568b6,"nixl_xfer_handle(0x556359989850, released=False)",decode,1,0,452712,9,d61968e8-e4aa-43a2-8ca8-85b623ffd1e5_dp0,0,nixl_start_time
1780281040.7423117,1780281040.7694218,27.11,1780281040.7694411,0.019311904907226562,137410703978,137410.703978,1780281040.7423117,27.129411697387695,0.0057220458984375,8.298158645629883,8.265,9437184,0.34810711914422726,576,chatcmpl-e46fc72b-7fb0-4b76-a672-1f54b0c36c26-8c147ad4,"nixl_xfer_handle(0x5af9a35d0a80, released=False)",decode,0,0,452715,6,d61968e8-e4aa-43a2-8ca8-85b623ffd1e5_dp1,0,nixl_start_time
1780281040.7669196,1780281040.7795177,12.597999999999999,1780281040.7795374,0.019788742065429688,137410728586,137410.728586,1780281040.7669196,12.617826461791992,0.0057220458984375,2.017974853515625,1.994,3145728,0.24970058739482456,192,chatcmpl-d7f5a2da-6485-4242-8bd4-36e9f364cc47-a79a745d,"nixl_xfer_handle(0x5af9a3dc40f0, released=False)",decode,0,0,452715,2,d61968e8-e4aa-43a2-8ca8-85b623ffd1e5_dp0,0,nixl_start_time
1780281040.8057156,1780281040.8320415,26.325999999999997,1780281040.8320649,0.023365020751953125,137410767382,137410.767382,1780281040.8057156,26.349306106567383,0.0050067901611328125,8.821964263916016,8.797,50331648,1.9118608220010636,3072,chatcmpl-a1eacced-aa5b-4a6a-a912-2bd74575563c-8563a76e,"nixl_xfer_handle(0x556359989850, released=False)",decode,1,0,452712,32,d61968e8-e4aa-43a2-8ca8-85b623ffd1e5_dp1,0,nixl_start_time
1780281040.8310816,1780281040.8320897,1.008,1780281040.8320975,0.007867813110351562,137410792748,137410.792748,1780281040.8310816,1.0159015655517578,0.005245208740234375,0.5300045013427734,0.499,1572864,1.5603809523809524,48,chatcmpl-c6e56c97-d526-4b10-b5a1-1d31feefa9f9-83a90a23,"nixl_xfer_handle(0x556359b3ffc0, released=False)",decode,1,0,452712,1,d61968e8-e4aa-43a2-8ca8-85b623ffd1e5_dp1,0,nixl_start_time
1780281040.8568847,1780281040.8695557,12.671,1780281040.8696177,0.06198883056640625,137410818551,137410.818551,1780281040.8568847,12.732982635498047,0.0045299530029296875,6.023168563842773,6.004,34603008,2.7308821718885645,2112,chatcmpl-63607e24-1f3f-4a2b-9934-d1610ad9375c-80738e88,"nixl_xfer_handle(0x556359b3ffc0, released=False)",decode,1,0,452712,22,d61968e8-e4aa-43a2-8ca8-85b623ffd1e5_dp0,0,nixl_start_time
1780281041.0330966,1780281041.0600104,26.914,1780281041.0600615,0.051021575927734375,137410994763,137410.994763,1780281041.0330966,26.964902877807617,0.00762939453125,11.792182922363281,11.755,77070336,2.8635779148398606,4704,chatcmpl-51c75e4c-639b-425f-bf00-262816f0748c-a89ed028,"nixl_xfer_handle(0x5af9a3dc40f0, released=False)",decode,0,0,452715,49,d61968e8-e4aa-43a2-8ca8-85b623ffd1e5_dp1,0,nixl_start_time
1780281041.1101956,1780281041.1260297,15.834000000000001,1780281041.1260521,0.022411346435546875,137411071862,137411.071862,1780281041.1101956,15.856504440307617,0.0059604644775390625,6.041526794433594,6.017,34603008,2.1853611216369835,2112,chatcmpl-66a25d18-429d-4c25-8717-1c1af291849b-97e7da97,"nixl_xfer_handle(0x556359b3ffc0, released=False)",decode,1,0,452712,22,d61968e8-e4aa-43a2-8ca8-85b623ffd1e5_dp0,0,nixl_start_time
1780281041.1102366,1780281041.1351187,24.882,1780281041.1351783,0.059604644775390625,137411071903,137411.071903,1780281041.1102366,24.941682815551758,0.0054836273193359375,8.295059204101562,8.27,48758784,1.959600675186882,2976,chatcmpl-bd3062fe-0827-4455-8424-91700d438f0d-972788ec,"nixl_xfer_handle(0x5af9a3dc40f0, released=False)",decode,0,0,452715,31,d61968e8-e4aa-43a2-8ca8-85b623ffd1e5_dp0,0,nixl_start_time
1780281041.1228297,1780281041.1352668,12.437,1780281041.1352847,0.017881393432617188,137411084496,137411.084496,1780281041.1228297,12.454986572265625,0.004291534423828125,2.7189254760742188,2.689,4718592,0.37939953364959395,288,chatcmpl-8912cd77-4b58-4c6e-b1b8-79ddd8ade29d-82cec97e,"nixl_xfer_handle(0x556359989850, released=False)",decode,1,0,452712,3,d61968e8-e4aa-43a2-8ca8-85b623ffd1e5_dp0,0,nixl_start_time
1780281041.2733047,1780281041.2867007,13.396,1780281041.2867525,0.05173683166503906,137411234971,137411.234971,1780281041.2733047,13.447761535644531,0.005245208740234375,2.1555423736572266,2.128,3145728,0.2348259181845327,192,chatcmpl-26bfa95d-b403-42a8-b521-4402a56fbfc3-b7d16891,"nixl_xfer_handle(0x5af9a3dc40f0, released=False)",decode,0,0,452715,2,d61968e8-e4aa-43a2-8ca8-85b623ffd1e5_dp1,0,nixl_start_time
1780281041.4373097,1780281041.4513638,14.054,1780281041.4513853,0.021457672119140625,137411398976,137411.398976,1780281041.4373097,14.075517654418945,0.00476837158203125,7.803201675415039,7.768,14155776,1.0072417816991603,864,chatcmpl-5e86760f-4c19-4546-a596-8f57d6c9bf5d-ad57d859,"nixl_xfer_handle(0x556359989850, released=False)",decode,1,0,452712,9,d61968e8-e4aa-43a2-8ca8-85b623ffd1e5_dp0,0,nixl_start_time
1780281041.4375906,1780281041.4667296,29.139000000000003,1780281041.4668274,0.09775161743164062,137411399257,137411.399257,1780281041.4375906,29.236793518066406,0.008106231689453125,9.80830192565918,9.782,61341696,2.1051407392154844,3744,chatcmpl-6dd52e35-2ec2-4428-9170-19ed81e6f7cf-917c2e35,"nixl_xfer_handle(0x5af9a3dc40f0, released=False)",decode,0,0,452715,39,d61968e8-e4aa-43a2-8ca8-85b623ffd1e5_dp1,0,nixl_start_time
1780281041.4628468,1780281041.4638498,1.003,1780281041.4638906,0.04076957702636719,137411424513,137411.424513,1780281041.4628468,1.0437965393066406,0.005245208740234375,0.5824565887451172,0.556,1572864,1.568159521435693,48,chatcmpl-218114f8-1807-4d2c-acd9-88b618170e3a-8c7880b1,"nixl_xfer_handle(0x556359989850, released=False)",decode,1,0,452712,1,d61968e8-e4aa-43a2-8ca8-85b623ffd1e5_dp1,0,nixl_start_time
1780281041.4629476,1780281041.4786406,15.692999999999998,1780281041.478672,0.03147125244140625,137411424614,137411.424614,1780281041.4629476,15.724420547485352,0.007867813110351562,3.4999847412109375,3.474,22020096,1.4031795067864654,1344,chatcmpl-24859f5b-2f51-4b2f-bba0-e4d6d222b0f3-8b20db10,"nixl_xfer_handle(0x5af9a35d0a80, released=False)",decode,0,0,452715,14,d61968e8-e4aa-43a2-8ca8-85b623ffd1e5_dp0,0,nixl_start_time
1780281041.4752758,1780281041.4883246,13.049,1780281041.4883788,0.05412101745605469,137411436942,137411.436942,1780281041.4752758,13.103008270263672,0.0054836273193359375,2.9973983764648438,2.971,4718592,0.3616056402789486,288,chatcmpl-409834fe-597b-4682-98ee-466d15ddb7a4-b4d6e7cd,"nixl_xfer_handle(0x5af9a3dc40f0, released=False)",decode,0,0,452715,3,d61968e8-e4aa-43a2-8ca8-85b623ffd1e5_dp1,0,nixl_start_time
1780281041.4752786,1780281041.4904196,15.141,1780281041.4904404,0.020742416381835938,137411436945,137411.436945,1780281041.4752786,15.161752700805664,0.0050067901611328125,1.821756362915039,1.792,3145728,0.2077622349910838,192,chatcmpl-92fd0d81-e912-4578-9e8d-2fda9f96595a-9ae5c6ea,"nixl_xfer_handle(0x556359989850, released=False)",decode,1,0,452712,2,d61968e8-e4aa-43a2-8ca8-85b623ffd1e5_dp0,0,nixl_start_time
1780281041.4882026,1780281041.5009146,12.712,1780281041.500971,0.05650520324707031,137411449869,137411.449869,1780281041.4882026,12.76850700378418,0.00476837158203125,1.707315444946289,1.677,3145728,0.2474612964128383,192,chatcmpl-886e2047-cde1-4ab0-aa49-01c4b7a2070e-8432a1a0,"nixl_xfer_handle(0x556359b3ffc0, released=False)",decode,1,0,452712,2,d61968e8-e4aa-43a2-8ca8-85b623ffd1e5_dp0,0,nixl_start_time
1780281041.5135677,1780281041.5145037,0.9359999999999999,1780281041.5145233,0.019550323486328125,137411475234,137411.475234,1780281041.5135677,0.9555816650390625,0.006198883056640625,0.6177425384521484,0.594,1572864,1.6804102564102563,48,chatcmpl-04f42556-b512-443e-93e3-b84fa7858ff7-ab31cac0,"nixl_xfer_handle(0x5af9a3dc40f0, released=False)",decode,0,0,452715,1,d61968e8-e4aa-43a2-8ca8-85b623ffd1e5_dp0,0,nixl_start_time
1780281041.5783846,1780281041.6040356,25.651,1780281041.6040962,0.060558319091796875,137411540051,137411.540051,1780281041.5783846,25.711536407470703,0.008106231689453125,8.288383483886719,8.264,44040192,1.7168996140501345,2688,chatcmpl-b1f8a61f-47ea-4dcf-82de-6192c594f599-8b0e74ef,"nixl_xfer_handle(0x5af9a3dc40f0, released=False)",decode,0,0,452715,28,d61968e8-e4aa-43a2-8ca8-85b623ffd1e5_dp1,0,nixl_start_time
1780281041.5911787,1780281041.6040118,12.833,1780281041.6040688,0.05698204040527344,137411552845,137411.552845,1780281041.5911787,12.890100479125977,0.00476837158203125,3.829479217529297,3.798,7864320,0.6128200732486558,480,chatcmpl-b41288ca-a577-46e5-885c-484c9bf2f391-9f76635f,"nixl_xfer_handle(0x556359b3ffc0, released=False)",decode,1,0,452712,5,d61968e8-e4aa-43a2-8ca8-85b623ffd1e5_dp0,0,nixl_start_time
1780281041.6167595,1780281041.6176825,0.923,1780281041.6177132,0.030755996704101562,137411578426,137411.578426,1780281041.6167595,0.95367431640625,0.0059604644775390625,0.6308555603027344,0.602,1572864,1.7040780065005416,48,chatcmpl-b04e059a-2f03-4f6a-b891-8dca0922d1bb-b05dd431,"nixl_xfer_handle(0x5af9a379d9b0, released=False)",decode,0,0,452715,1,d61968e8-e4aa-43a2-8ca8-85b623ffd1e5_dp1,0,nixl_start_time
1780281041.6300647,1780281041.6428697,12.805,1780281041.6428893,0.019550323486328125,137411591731,137411.591731,1780281041.6300647,12.824535369873047,0.0054836273193359375,3.2231807708740234,3.187,20447232,1.5968162436548223,1248,chatcmpl-21c91db8-9f7d-4638-84d8-56fc007d1d94-90870fbb,"nixl_xfer_handle(0x556359b3ffc0, released=False)",decode,1,0,452712,13,d61968e8-e4aa-43a2-8ca8-85b623ffd1e5_dp0,0,nixl_start_time
1780281041.6427846,1780281041.6757286,32.944,1780281041.6757686,0.0400543212890625,137411604451,137411.604451,1780281041.6427846,32.984018325805664,0.0057220458984375,10.698795318603516,10.67,12582912,0.3819485186983973,768,chatcmpl-00b577d9-0f2a-4989-b22c-1f72674f5463-abe7d3c2,"nixl_xfer_handle(0x5af9a379d9b0, released=False)",decode,0,0,452715,8,d61968e8-e4aa-43a2-8ca8-85b623ffd1e5_dp1,0,nixl_start_time
1780281041.6567707,1780281041.6693687,12.597999999999999,1780281041.6694224,0.05364418029785156,137411618437,137411.618437,1780281041.6567707,12.651681900024414,0.00476837158203125,1.4257431030273438,1.398,3145728,0.24970058739482456,192,chatcmpl-e7a348b0-35cf-49cd-9464-a9c4229adc0b-930f8bac,"nixl_xfer_handle(0x556359b3ffc0, released=False)",decode,1,0,452712,2,d61968e8-e4aa-43a2-8ca8-85b623ffd1e5_dp0,0,nixl_start_time
1780281041.6693687,1780281041.6820776,12.709,1780281041.6820972,0.019550323486328125,137411631035,137411.631035,1780281041.6693687,12.728452682495117,0.0069141387939453125,6.079196929931641,6.054,25165824,1.980157683531356,1536,chatcmpl-ff371b92-e753-41ee-8094-279e0fe29c25-ae2d776b,"nixl_xfer_handle(0x5af9a35d0a80, released=False)",decode,0,0,452715,16,d61968e8-e4aa-43a2-8ca8-85b623ffd1e5_dp1,0,nixl_start_time
1780281041.6953187,1780281041.7090528,13.734,1780281041.7090714,0.018596649169921875,137411656985,137411.656985,1780281041.6953187,13.75269889831543,0.0050067901611328125,1.5583038330078125,1.53,3145728,0.22904674530362604,192,chatcmpl-eec9b411-9da7-4c20-b127-d6f44aba8a2a-8050685c,"nixl_xfer_handle(0x556359b3ffc0, released=False)",decode,1,0,452712,2,d61968e8-e4aa-43a2-8ca8-85b623ffd1e5_dp0,0,nixl_start_time
1780281041.7469697,1780281041.7598188,12.849,1780281041.7598405,0.021696090698242188,137411708636,137411.708636,1780281041.7469697,12.87078857421875,0.004291534423828125,4.418373107910156,4.387,9437184,0.7344683632967546,576,chatcmpl-2d4a50be-26ba-4c7f-b045-a2cbb1dded2c-8a9068e7,"nixl_xfer_handle(0x556359b3ffc0, released=False)",decode,1,0,452712,6,d61968e8-e4aa-43a2-8ca8-85b623ffd1e5_dp0,0,nixl_start_time
1780281041.7726347,1780281041.7857428,13.108,1780281041.7858024,0.059604644775390625,137411734301,137411.734301,1780281041.7726347,13.167619705200195,0.006198883056640625,7.887363433837891,7.849,9437184,0.7199560573695454,576,chatcmpl-fbbdfbb9-76e1-42f8-a6ff-652106c41408-a0b3096e,"nixl_xfer_handle(0x5af9a35d0a80, released=False)",decode,0,0,452715,6,d61968e8-e4aa-43a2-8ca8-85b623ffd1e5_dp1,0,nixl_start_time
1780281041.8112116,1780281041.8248997,13.688,1780281041.8249223,0.022649765014648438,137411772878,137411.772878,1780281041.8112116,13.710737228393555,0.005245208740234375,6.91986083984375,6.899,39321600,2.87270601987142,2400,chatcmpl-27f22a5c-e616-41c0-a8b8-495c07e01035-a35552c5,"nixl_xfer_handle(0x556359b3ffc0, released=False)",decode,1,0,452712,25,d61968e8-e4aa-43a2-8ca8-85b623ffd1e5_dp0,0,nixl_start_time
1780281041.9272106,1780281041.9527345,25.524,1780281041.952783,0.04863739013671875,137411888877,137411.888877,1780281041.9272106,25.572538375854492,0.0064373016357421875,9.009599685668945,8.97,55050240,2.1568030089327688,3360,chatcmpl-95e39499-f925-4b3c-8d68-5170556ba819-a1eadae9,"nixl_xfer_handle(0x5af9a35d0a80, released=False)",decode,0,0,452715,35,d61968e8-e4aa-43a2-8ca8-85b623ffd1e5_dp0,0,nixl_start_time
1780281041.9397917,1780281041.9527466,12.955,1780281041.952805,0.05841255187988281,137411901458,137411.901458,1780281041.9397917,13.013362884521484,0.005245208740234375,2.986907958984375,2.946,6291456,0.48563921265920496,384,chatcmpl-e6b443e6-ffc9-4c43-a632-aeb94717b963-a7c60084,"nixl_xfer_handle(0x556359a66620, released=False)",decode,1,0,452712,4,d61968e8-e4aa-43a2-8ca8-85b623ffd1e5_dp1,0,nixl_start_time
1780281041.9661918,1780281041.9789577,12.766,1780281041.9790182,0.060558319091796875,137411927858,137411.927858,1780281041.9661918,12.82644271850586,0.006198883056640625,4.77910041809082,4.755,22020096,1.7249017703274323,1344,chatcmpl-41fdbba7-25d8-47c5-9cf8-1e4458b87cb9-81e88d10,"nixl_xfer_handle(0x5af9a35d0a80, released=False)",decode,0,0,452715,14,d61968e8-e4aa-43a2-8ca8-85b623ffd1e5_dp0,0,nixl_start_time
1780281041.9662588,1780281041.9789598,12.701,1780281041.9789808,0.0209808349609375,137411927925,137411.927925,1780281041.9662588,12.722015380859375,0.0059604644775390625,3.762483596801758,3.742,25165824,1.981404928745768,1536,chatcmpl-1346b731-8c5b-4afc-8423-15d0975b728b-8af2f1f1,"nixl_xfer_handle(0x556359a66620, released=False)",decode,1,0,452712,16,d61968e8-e4aa-43a2-8ca8-85b623ffd1e5_dp0,0,nixl_start_time
1780281042.1335206,1780281042.1463916,12.871,1780281042.1464295,0.03790855407714844,137412095187,137412.095187,1780281042.1335206,12.908935546875,0.0054836273193359375,3.773927688598633,3.739,23592960,1.8330323984150414,1440,chatcmpl-f164367b-42da-4f62-8c02-7350ec7665b4-82a7c6df,"nixl_xfer_handle(0x556359a66620, released=False)",decode,1,0,452712,15,d61968e8-e4aa-43a2-8ca8-85b623ffd1e5_dp0,0,nixl_start_time
1780281042.1335876,1780281042.1463816,12.794,1780281042.1464088,0.027179718017578125,137412095254,137412.095254,1780281042.1335876,12.821197509765625,0.00667572021484375,5.673408508300781,5.648,22020096,1.7211267781772706,1344,chatcmpl-b08d0aef-7da3-4438-88d9-b31aa83cca1e-908ea280,"nixl_xfer_handle(0x5af9a3e95020, released=False)",decode,0,0,452715,14,d61968e8-e4aa-43a2-8ca8-85b623ffd1e5_dp1,0,nixl_start_time
1780281042.1728206,1780281042.1852145,12.394,1780281042.1852775,0.0629425048828125,137412134487,137412.134487,1780281042.1728206,12.456893920898438,0.0064373016357421875,8.260965347290039,8.206,37748736,3.045726641923511,2304,chatcmpl-ada2265b-6e8b-4d14-addb-26acdcba29ad-ba8ad85c,"nixl_xfer_handle(0x5af9a3e95020, released=False)",decode,0,0,452715,24,d61968e8-e4aa-43a2-8ca8-85b623ffd1e5_dp0,0,nixl_start_time
1780281042.2887967,1780281042.3145838,25.787000000000003,1780281042.3146334,0.049591064453125,137412250463,137412.250463,1780281042.2887967,25.836706161499023,0.0069141387939453125,9.091854095458984,9.062,51904512,2.0128170008143638,3168,chatcmpl-8cf20e22-b453-4f9b-9c99-874778c5e2b7-a6908b9d,"nixl_xfer_handle(0x5af9a3daeef0, released=False)",decode,0,0,452715,33,d61968e8-e4aa-43a2-8ca8-85b623ffd1e5_dp1,0,nixl_start_time
1780281042.3145697,1780281042.3275306,12.961,1780281042.3275514,0.020742416381835938,137412276236,137412.276236,1780281042.3145697,12.981653213500977,0.00476837158203125,4.568815231323242,4.532,9437184,0.7281215955558984,576,chatcmpl-625eb52b-4c1a-4eb1-9acc-d2e59f6f2676-8ae3ed37,"nixl_xfer_handle(0x556359a66620, released=False)",decode,1,0,452712,6,d61968e8-e4aa-43a2-8ca8-85b623ffd1e5_dp0,0,nixl_start_time
1780281042.3792746,1780281042.3913927,12.118,1780281042.3914664,0.07367134094238281,137412340941,137412.340941,1780281042.3792746,12.1917724609375,0.0054836273193359375,2.241849899291992,2.203,3145728,0.25959135170820263,192,chatcmpl-1d3c23dd-789d-4848-93bc-1ade9099234c-80d327dc,"nixl_xfer_handle(0x5af9a3daeef0, released=False)",decode,0,0,452715,2,d61968e8-e4aa-43a2-8ca8-85b623ffd1e5_dp0,0,nixl_start_time
1780281042.4173546,1780281042.4305086,13.154,1780281042.4305305,0.02193450927734375,137412379021,137412.379021,1780281042.4173546,13.17596435546875,0.02193450927734375,5.22923469543457,5.172,11010048,0.8370114033753991,672,chatcmpl-8d8c2024-c78b-4c35-9847-cfb958ccb10e-8c21e73e,"nixl_xfer_handle(0x556359a66620, released=False)",decode,1,0,452712,7,d61968e8-e4aa-43a2-8ca8-85b623ffd1e5_dp1,0,nixl_start_time
1780281042.4559157,1780281042.4686227,12.706999999999999,1780281042.4686592,0.03647804260253906,137412417582,137412.417582,1780281042.4559157,12.743473052978516,0.006198883056640625,7.206916809082031,7.171,29884416,2.3518073502793735,1824,chatcmpl-b52d7883-c0da-48cd-bc91-42045784609c-a961a49b,"nixl_xfer_handle(0x5af9a3daeef0, released=False)",decode,0,0,452715,19,d61968e8-e4aa-43a2-8ca8-85b623ffd1e5_dp0,0,nixl_start_time
1780281042.5073946,1780281042.5206926,13.298,1780281042.520771,0.07843971252441406,137412469061,137412.469061,1780281042.5073946,13.376474380493164,0.0057220458984375,5.272865295410156,5.243,11010048,0.8279476613024515,672,chatcmpl-8ae56b9b-203b-4807-8d08-7b3c8cc72a46-b5983af8,"nixl_xfer_handle(0x556359a66620, released=False)",decode,1,0,452712,7,d61968e8-e4aa-43a2-8ca8-85b623ffd1e5_dp1,0,nixl_start_time
1780281042.6619627,1780281042.6885827,26.62,1780281042.6886487,0.06604194641113281,137412623629,137412.623629,1780281042.6619627,26.68595314025879,0.007152557373046875,10.76960563659668,10.733,11010048,0.4136006010518407,672,chatcmpl-ad28e74a-b2c8-4467-8ab5-972af807c762-83895991,"nixl_xfer_handle(0x5af9a3daeef0, released=False)",decode,0,0,452715,7,d61968e8-e4aa-43a2-8ca8-85b623ffd1e5_dp0,0,nixl_start_time
1780281042.7144096,1780281042.7272077,12.798,1780281042.727242,0.034332275390625,137412676076,137412.676076,1780281042.7144096,12.832403182983398,0.0045299530029296875,1.5957355499267578,1.567,3145728,0.24579840600093764,192,chatcmpl-df9eb4b1-7ba6-490b-8bba-cd05b54c63ab-92597615,"nixl_xfer_handle(0x556359a66620, released=False)",decode,1,0,452712,2,d61968e8-e4aa-43a2-8ca8-85b623ffd1e5_dp1,0,nixl_start_time
1780281042.7922428,1780281042.8043048,12.062,1780281042.804356,0.05125999450683594,137412753909,137412.753909,1780281042.7922428,12.113332748413086,0.00476837158203125,0.4982948303222656,0.475,1572864,0.1303982755761897,48,chatcmpl-9ffefc79-0c13-426e-874d-f8e66b6b80a9-b6332ae0,"nixl_xfer_handle(0x556359a66620, released=False)",decode,1,0,452712,1,d61968e8-e4aa-43a2-8ca8-85b623ffd1e5_dp0,0,nixl_start_time
1780281042.7924287,1780281042.8042977,11.869,1780281042.804381,0.08320808410644531,137412754095,137412.754095,1780281042.7924287,11.95216178894043,0.00762939453125,2.0012855529785156,1.963,3145728,0.2650373241216615,192,chatcmpl-25afde9d-6fa6-46f3-8bed-ba11ce7aa642-984a761c,"nixl_xfer_handle(0x5af9a3daeef0, released=False)",decode,0,0,452715,2,d61968e8-e4aa-43a2-8ca8-85b623ffd1e5_dp1,0,nixl_start_time
1780281042.9076138,1780281042.9452908,37.677,1780281042.9453125,0.021696090698242188,137412869280,137412.86928,1780281042.9076138,37.69874572753906,0.007152557373046875,21.790266036987305,21.752,99090432,2.629997929771479,6048,chatcmpl-1c3023a1-18b3-45a8-b0ab-a033421d46d7-bcb715ca,"nixl_xfer_handle(0x556359a66620, released=False)",decode,1,0,452712,63,d61968e8-e4aa-43a2-8ca8-85b623ffd1e5_dp0,0,nixl_start_time
1780281042.9710855,1780281042.9719865,0.901,1780281042.972002,0.015497207641601562,137412932752,137412.932752,1780281042.9710855,0.9164810180664062,0.0050067901611328125,0.45871734619140625,0.428,1572864,1.745687014428413,48,chatcmpl-6e9a702f-3def-44ab-8c7b-8a1fe8dbe305-aa789187,"nixl_xfer_handle(0x556359b45560, released=False)",decode,1,0,452712,1,d61968e8-e4aa-43a2-8ca8-85b623ffd1e5_dp0,0,nixl_start_time
1780281043.0230978,1780281043.0360386,12.940999999999999,1780281043.0360937,0.05507469177246094,137412984764,137412.984764,1780281043.0230978,12.99595832824707,0.0045299530029296875,4.026889801025391,4.007,33030144,2.552364114056101,2016,chatcmpl-c08c4edd-5e9a-47ec-bd6b-8d0bea80e515-820ca97b,"nixl_xfer_handle(0x556359b45560, released=False)",decode,1,0,452712,21,d61968e8-e4aa-43a2-8ca8-85b623ffd1e5_dp1,0,nixl_start_time
1780281043.1660995,1780281043.1785066,12.407,1780281043.1785522,0.04553794860839844,137413127766,137413.127766,1780281043.1660995,12.45260238647461,0.007152557373046875,7.267475128173828,7.215,33030144,2.662218425082615,2016,chatcmpl-9ff7c70d-9265-4065-a0cd-d12038205458-a92d0761,"nixl_xfer_handle(0x5af9a3daeef0, released=False)",decode,0,0,452715,21,d61968e8-e4aa-43a2-8ca8-85b623ffd1e5_dp0,0,nixl_start_time
1780281043.1784046,1780281043.1912487,12.844,1780281043.191269,0.020265579223632812,137413140071,137413.140071,1780281043.1784046,12.864351272583008,0.005245208740234375,2.273082733154297,2.243,4718592,0.36737714107754593,288,chatcmpl-f6b0cc6c-af56-4d4d-b3aa-a6a2e03a2b29-9dffc751,"nixl_xfer_handle(0x556359b45560, released=False)",decode,1,0,452712,3,d61968e8-e4aa-43a2-8ca8-85b623ffd1e5_dp1,0,nixl_start_time
1780281043.2304027,1780281043.2460628,15.66,1780281043.2461147,0.051975250244140625,137413192069,137413.192069,1780281043.2304027,15.71202278137207,0.0057220458984375,7.812261581420898,7.777,31457280,2.008766283524904,1920,chatcmpl-758a032c-b90e-40b6-a7c4-09b14496bc7e-9060b1b2,"nixl_xfer_handle(0x556359b45560, released=False)",decode,1,0,452712,20,d61968e8-e4aa-43a2-8ca8-85b623ffd1e5_dp0,0,nixl_start_time
1780281043.2384667,1780281043.2614958,23.029,1780281043.261513,0.0171661376953125,137413200133,137413.200133,1780281043.2384667,23.046255111694336,0.005245208740234375,7.345438003540039,7.328,31457280,1.365985496547831,1920,chatcmpl-e7cf5e39-387e-4593-8f21-e9d59adab51d-86e983b4,"nixl_xfer_handle(0x556359989850, released=False)",decode,1,0,452712,20,d61968e8-e4aa-43a2-8ca8-85b623ffd1e5_dp1,0,nixl_start_time
1780281043.2493937,1780281043.2615848,12.191,1780281043.2616441,0.05936622619628906,137413211060,137413.21106,1780281043.2493937,12.250423431396484,0.0064373016357421875,4.104852676391602,4.076,6291456,0.516073824952834,384,chatcmpl-4e6f2280-a163-4d1f-8037-26ec13a818d6-bff34457,"nixl_xfer_handle(0x5af9a3daeef0, released=False)",decode,0,0,452715,4,d61968e8-e4aa-43a2-8ca8-85b623ffd1e5_dp0,0,nixl_start_time
1780281043.3002977,1780281043.3134449,13.147,1780281043.3134792,0.034332275390625,137413261964,137413.261964,1780281043.3002977,13.181447982788086,0.0054836273193359375,9.092092514038086,9.069,33030144,2.51237118734312,2016,chatcmpl-93b998f0-0893-4912-a033-44b57996699a-9a9edcab,"nixl_xfer_handle(0x556359b3ffc0, released=False)",decode,1,0,452712,21,d61968e8-e4aa-43a2-8ca8-85b623ffd1e5_dp1,0,nixl_start_time
1780281043.4431427,1780281043.4562566,13.114,1780281043.4562762,0.019550323486328125,137413404809,137413.404809,1780281043.4431427,13.133525848388672,0.0054836273193359375,3.737211227416992,3.705,7864320,0.5996888821107214,480,chatcmpl-5c675738-e300-46a6-957b-f54416638a62-aaeff632,"nixl_xfer_handle(0x556359a66620, released=False)",decode,1,0,452712,5,d61968e8-e4aa-43a2-8ca8-85b623ffd1e5_dp0,0,nixl_start_time
1780281043.4692438,1780281043.4820328,12.789,1780281043.482057,0.024318695068359375,137413430910,137413.43091,1780281043.4692438,12.813329696655273,0.007152557373046875,7.373571395874023,7.347,28311552,2.2137424349049963,1728,chatcmpl-db917d76-0a4b-476f-9647-6f7d58024135-b1a402a0,"nixl_xfer_handle(0x5af9a3daeef0, released=False)",decode,0,0,452715,18,d61968e8-e4aa-43a2-8ca8-85b623ffd1e5_dp1,0,nixl_start_time
1780281043.4819167,1780281043.4949176,13.001000000000001,1780281043.4949374,0.019788742065429688,137413443583,137413.443583,1780281043.4819167,13.020753860473633,0.0054836273193359375,5.042552947998047,5.012,11010048,0.846861626028767,672,chatcmpl-1c482546-e37f-4b41-9c58-8678dc436a07-8302631a,"nixl_xfer_handle(0x556359a66620, released=False)",decode,1,0,452712,7,d61968e8-e4aa-43a2-8ca8-85b623ffd1e5_dp0,0,nixl_start_time
1780281043.5596597,1780281043.5728657,13.206000000000001,1780281043.572885,0.019311904907226562,137413521326,137413.521326,1780281043.5596597,13.225317001342773,0.0050067901611328125,1.512765884399414,1.483,3145728,0.2382044525215811,192,chatcmpl-9208e91c-e432-46e9-9fe5-867331011efb-87e6d23a,"nixl_xfer_handle(0x556359a66620, released=False)",decode,1,0,452712,2,d61968e8-e4aa-43a2-8ca8-85b623ffd1e5_dp0,0,nixl_start_time
1780281043.5727897,1780281043.5860267,13.237,1780281043.5860581,0.03147125244140625,137413534456,137413.534456,1780281043.5727897,13.268470764160156,0.0064373016357421875,2.0728111267089844,2.048,3145728,0.23764659666087481,192,chatcmpl-c54731ed-1952-4de3-9d34-1ad4f9affdc3-aa1e46d2,"nixl_xfer_handle(0x5af9a3daeef0, released=False)",decode,0,0,452715,2,d61968e8-e4aa-43a2-8ca8-85b623ffd1e5_dp1,0,nixl_start_time
1780281043.6637576,1780281043.6766856,12.928,1780281043.6767461,0.060558319091796875,137413625424,137413.625424,1780281043.6637576,12.988567352294922,0.00476837158203125,2.2084712982177734,2.182,4718592,0.364990099009901,288,chatcmpl-13e25b5a-6695-4405-b33a-0262f4ecfc63-b81efa38,"nixl_xfer_handle(0x556359a66620, released=False)",decode,1,0,452712,3,d61968e8-e4aa-43a2-8ca8-85b623ffd1e5_dp0,0,nixl_start_time
1780281043.7027316,1780281043.7152927,12.561,1780281043.7153125,0.019788742065429688,137413664398,137413.664398,1780281043.7027316,12.58087158203125,0.0069141387939453125,7.069826126098633,7.038,28311552,2.253925005970862,1728,chatcmpl-1999850e-e9c2-4d39-baea-812378f66255-aa6bf725,"nixl_xfer_handle(0x5af9a3daeef0, released=False)",decode,0,0,452715,18,d61968e8-e4aa-43a2-8ca8-85b623ffd1e5_dp1,0,nixl_start_time
1780281043.8188307,1780281043.8442616,25.430999999999997,1780281043.844282,0.020265579223632812,137413780497,137413.780497,1780281043.8188307,25.451183319091797,0.00762939453125,9.491920471191406,9.453,67633152,2.6594767016633245,4128,chatcmpl-4e4246ea-1a5f-473a-b32b-34134955cad3-ba8f022f,"nixl_xfer_handle(0x5af9a3daeef0, released=False)",decode,0,0,452715,43,d61968e8-e4aa-43a2-8ca8-85b623ffd1e5_dp0,0,nixl_start_time
1780281043.8316905,1780281043.8442805,12.59,1780281043.8443,0.019550323486328125,137413793357,137413.793357,1780281043.8316905,12.609481811523438,0.005245208740234375,1.6214847564697266,1.592,3145728,0.24985925337569498,192,chatcmpl-41958d91-8bb6-4e41-af73-f150ddedf8af-8aaa1c51,"nixl_xfer_handle(0x556359a66620, released=False)",decode,1,0,452712,2,d61968e8-e4aa-43a2-8ca8-85b623ffd1e5_dp1,0,nixl_start_time
1780281043.9090238,1780281043.9248848,15.861,1780281043.9249094,0.024557113647460938,137413870690,137413.87069,1780281043.9090238,15.885591506958008,0.004291534423828125,2.2516250610351562,2.222,4718592,0.2974965008511443,288,chatcmpl-9695ab19-efed-407c-8498-9d4726bfc4df-b0e62666,"nixl_xfer_handle(0x556359a66620, released=False)",decode,1,0,452712,3,d61968e8-e4aa-43a2-8ca8-85b623ffd1e5_dp0,0,nixl_start_time
1780281043.9091887,1780281043.9372427,28.054,1780281043.9372604,0.017642974853515625,137413870855,137413.870855,1780281043.9091887,28.07164192199707,0.0064373016357421875,8.576154708862305,8.54,55050240,1.9622955728238398,3360,chatcmpl-a4f8c614-a0ae-4631-ba07-e85a348f1271-a51c7d9b,"nixl_xfer_handle(0x5af9a3daeef0, released=False)",decode,0,0,452715,35,d61968e8-e4aa-43a2-8ca8-85b623ffd1e5_dp0,0,nixl_start_time
1780281043.9221365,1780281043.9350066,12.87,1780281043.9350402,0.03361701965332031,137413883803,137413.883803,1780281043.9221365,12.903690338134766,0.0045299530029296875,2.270936965942383,2.241,4718592,0.36663496503496507,288,chatcmpl-45207dae-6d97-4064-a82d-11dd22654c5a-9e94bb2b,"nixl_xfer_handle(0x556359b45560, released=False)",decode,1,0,452712,3,d61968e8-e4aa-43a2-8ca8-85b623ffd1e5_dp0,0,nixl_start_time
1780281043.9348836,1780281043.9479625,13.079,1780281043.9479883,0.02574920654296875,137413896550,137413.89655,1780281043.9348836,13.104677200317383,0.0050067901611328125,2.054929733276367,2.031,3145728,0.24051747075464483,192,chatcmpl-4d8a28c2-4350-4712-98f5-f18400d3e00d-81da4535,"nixl_xfer_handle(0x5af9a379d9b0, released=False)",decode,0,0,452715,2,d61968e8-e4aa-43a2-8ca8-85b623ffd1e5_dp1,0,nixl_start_time
1780281044.1032836,1780281044.1190157,15.732,1780281044.119037,0.021219253540039062,137414064950,137414.06495,1780281044.1032836,15.75326919555664,0.0050067901611328125,5.074501037597656,5.033,11010048,0.6998504958047292,672,chatcmpl-5b835242-4157-45be-b522-6e1483845faf-92010eb3,"nixl_xfer_handle(0x556359b45560, released=False)",decode,1,0,452712,7,d61968e8-e4aa-43a2-8ca8-85b623ffd1e5_dp0,0,nixl_start_time
1780281044.1163776,1780281044.1312287,14.850999999999999,1780281044.1312487,0.02002716064453125,137414078044,137414.078044,1780281044.1163776,14.87112045288086,0.00476837158203125,2.3446083068847656,2.317,4718592,0.3177289071443,288,chatcmpl-fc7974ca-92f5-4135-add9-d4e20832c2c0-b7a1a982,"nixl_xfer_handle(0x556359a66620, released=False)",decode,1,0,452712,3,d61968e8-e4aa-43a2-8ca8-85b623ffd1e5_dp1,0,nixl_start_time
1780281044.1293776,1780281044.1425517,13.174,1780281044.1426096,0.05793571472167969,137414091044,137414.091044,1780281044.1293776,13.231992721557617,0.004291534423828125,1.5256404876708984,1.497,3145728,0.23878305753757403,192,chatcmpl-89e15fcf-2681-4ac8-b04c-b4f0c3711b75-b2bbad4f,"nixl_xfer_handle(0x556359b45560, released=False)",decode,1,0,452712,2,d61968e8-e4aa-43a2-8ca8-85b623ffd1e5_dp0,0,nixl_start_time
1780281044.2195566,1780281044.2354116,15.855,1780281044.2354362,0.024557113647460938,137414181223,137414.181223,1780281044.2195566,15.879631042480469,0.008106231689453125,8.127689361572266,8.087,40894464,2.57927871333964,2496,chatcmpl-58a5cbb2-e9a9-48da-98a6-42a90797e699-9d5acaf4,"nixl_xfer_handle(0x5af9a379d9b0, released=False)",decode,0,0,452715,26,d61968e8-e4aa-43a2-8ca8-85b623ffd1e5_dp1,0,nixl_start_time
1780281044.2317467,1780281044.2441986,12.452,1780281044.2442746,0.07605552673339844,137414193413,137414.193413,1780281044.2317467,12.527942657470703,0.0050067901611328125,3.3414363861083984,3.314,4718592,0.37894249919691614,288,chatcmpl-bc607c23-597a-4d88-af76-30fa6caa787a-9fb8d0ab,"nixl_xfer_handle(0x5af9a3db7c90, released=False)",decode,0,0,452715,3,d61968e8-e4aa-43a2-8ca8-85b623ffd1e5_dp0,0,nixl_start_time
1780281044.2569876,1780281044.2822015,25.214,1780281044.2822418,0.04029273986816406,137414218654,137414.218654,1780281044.2569876,25.254249572753906,0.0057220458984375,4.952907562255859,4.932,40894464,1.6218951376219561,2496,chatcmpl-fffa1cf8-b65a-49e8-9f17-04a3a1be5a40-865ad8d7,"nixl_xfer_handle(0x556359b45560, released=False)",decode,1,0,452712,26,d61968e8-e4aa-43a2-8ca8-85b623ffd1e5_dp1,0,nixl_start_time
1780281044.3330185,1780281044.3577645,24.746000000000002,1780281044.3578289,0.06437301635742188,137414294685,137414.294685,1780281044.3330185,24.810314178466797,0.00667572021484375,8.841276168823242,8.815,56623104,2.2881719873919013,3456,chatcmpl-1e3ae384-4474-4092-968c-27057d252abf-9466282b,"nixl_xfer_handle(0x5af9a379d9b0, released=False)",decode,0,0,452715,36,d61968e8-e4aa-43a2-8ca8-85b623ffd1e5_dp0,0,nixl_start_time
1780281044.3953867,1780281044.4079638,12.577,1780281044.4080284,0.06461143493652344,137414357053,137414.357053,1780281044.3953867,12.641668319702148,0.004291534423828125,1.493215560913086,1.466,3145728,0.25011751610081895,192,chatcmpl-d8f617dc-93a6-4411-a2d2-a64fbeedbcda-8c13562c,"nixl_xfer_handle(0x556359b45560, released=False)",decode,1,0,452712,2,d61968e8-e4aa-43a2-8ca8-85b623ffd1e5_dp0,0,nixl_start_time
1780281044.4079077,1780281044.4206758,12.768,1780281044.4207368,0.06103515625,137414369574,137414.369574,1780281044.4079077,12.829065322875977,0.0054836273193359375,0.5619525909423828,0.537,1572864,0.12318796992481203,48,chatcmpl-08181e65-7776-4aa2-8d57-b906200dad9c-9483e747,"nixl_xfer_handle(0x5af9a3dcc0a0, released=False)",decode,0,0,452715,1,d61968e8-e4aa-43a2-8ca8-85b623ffd1e5_dp1,0,nixl_start_time
1780281044.4205337,1780281044.4330935,12.56,1780281044.433152,0.05841255187988281,137414382200,137414.3822,1780281044.4205337,12.618303298950195,0.005245208740234375,2.2630691528320312,2.227,4718592,0.375684076433121,288,chatcmpl-64fbb6de-8c5d-438d-9c81-264613c2180c-86fee696,"nixl_xfer_handle(0x556359b45560, released=False)",decode,1,0,452712,3,d61968e8-e4aa-43a2-8ca8-85b623ffd1e5_dp0,0,nixl_start_time
1780281044.4454837,1780281044.4586427,13.159,1780281044.4586618,0.019073486328125,137414407150,137414.40715,1780281044.4454837,13.178110122680664,0.0057220458984375,1.4867782592773438,1.463,3145728,0.23905524735922182,192,chatcmpl-407d56bb-d3fb-4f1c-814d-6368770991ad-97e959b6,"nixl_xfer_handle(0x5af9a3dcc0a0, released=False)",decode,0,0,452715,2,d61968e8-e4aa-43a2-8ca8-85b623ffd1e5_dp1,0,nixl_start_time
1780281044.5094786,1780281044.5405886,31.11,1780281044.54064,0.0514984130859375,137414471145,137414.471145,1780281044.5094786,31.16154670715332,0.006198883056640625,11.280536651611328,11.244,70778880,2.2751166827386693,4320,chatcmpl-5a2d1e29-7f46-4d76-a3e9-6e4e7d4f6e0a-ba2aab80,"nixl_xfer_handle(0x556359b45560, released=False)",decode,1,0,452712,45,d61968e8-e4aa-43a2-8ca8-85b623ffd1e5_dp0,0,nixl_start_time
1780281044.5360937,1780281044.5485568,12.463000000000001,1780281044.5485885,0.03170967102050781,137414497760,137414.49776,1780281044.5360937,12.494802474975586,0.005245208740234375,4.222869873046875,4.202,36175872,2.9026616384498114,2208,chatcmpl-76032dea-ea77-4e59-92b2-555f160a675c-a23bfb65,"nixl_xfer_handle(0x556359a66620, released=False)",decode,1,0,452712,23,d61968e8-e4aa-43a2-8ca8-85b623ffd1e5_dp0,0,nixl_start_time
1780281044.6493278,1780281044.6620598,12.732000000000001,1780281044.6620765,0.016689300537109375,137414610994,137414.610994,1780281044.6493278,12.74871826171875,0.0059604644775390625,1.962423324584961,1.935,3145728,0.2470725730442978,192,chatcmpl-82dbd4b9-4c43-474c-bae9-f6de7bd1e0fe-96279eb6,"nixl_xfer_handle(0x5af9a3dcc0a0, released=False)",decode,0,0,452715,2,d61968e8-e4aa-43a2-8ca8-85b623ffd1e5_dp1,0,nixl_start_time
1780281044.8262177,1780281044.8513727,25.155,1780281044.851397,0.024318695068359375,137414787884,137414.787884,1780281044.8262177,25.179386138916016,0.0069141387939453125,9.947061538696289,9.91,58195968,2.313495050685748,3552,chatcmpl-b0b532b5-9dff-424a-aa7a-2a6aaf9f5882-bf1bfa0c,"nixl_xfer_handle(0x5af9a3dcc0a0, released=False)",decode,0,0,452715,37,d61968e8-e4aa-43a2-8ca8-85b623ffd1e5_dp0,0,nixl_start_time
1780281044.8400066,1780281044.8513167,11.31,1780281044.8513634,0.04673004150390625,137414801673,137414.801673,1780281044.8400066,11.356830596923828,0.0054836273193359375,6.385087966918945,6.364,22020096,1.9469580901856762,1344,chatcmpl-67183b6d-905c-46fd-bb20-99693714cd7b-897c70d3,"nixl_xfer_handle(0x556359a66620, released=False)",decode,1,0,452712,14,d61968e8-e4aa-43a2-8ca8-85b623ffd1e5_dp0,0,nixl_start_time
1780281044.8768816,1780281044.8889537,12.072,1780281044.888974,0.020265579223632812,137414838548,137414.838548,1780281044.8768816,12.092351913452148,0.0050067901611328125,7.992029190063477,7.967,36175872,2.996675944333996,2208,chatcmpl-49cc8fb3-7fc7-48c1-bdca-8ede90e15f68-9802968c,"nixl_xfer_handle(0x5af9a3dcc0a0, released=False)",decode,0,0,452715,23,d61968e8-e4aa-43a2-8ca8-85b623ffd1e5_dp1,0,nixl_start_time
1780281044.8888187,1780281044.9014568,12.638,1780281044.9015133,0.05650520324707031,137414850485,137414.850485,1780281044.8888187,12.694597244262695,0.005245208740234375,0.5080699920654297,0.481,1572864,0.12445513530621934,48,chatcmpl-a6359034-ea5f-47dc-ac37-f9b200c31597-81cc0e4a,"nixl_xfer_handle(0x556359a66620, released=False)",decode,1,0,452712,1,d61968e8-e4aa-43a2-8ca8-85b623ffd1e5_dp0,0,nixl_start_time
1780281044.9142346,1780281044.9268446,12.61,1780281044.9269059,0.06127357482910156,137414875901,137414.875901,1780281044.9142346,12.671232223510742,0.0054836273193359375,6.659746170043945,6.631,7864320,0.6236574147501982,480,chatcmpl-621ca2fe-86a7-4801-a13f-cade93db8f66-b02731f2,"nixl_xfer_handle(0x5af9a3dcc0a0, released=False)",decode,0,0,452715,5,d61968e8-e4aa-43a2-8ca8-85b623ffd1e5_dp0,0,nixl_start_time
1780281045.0521607,1780281045.0648637,12.703000000000001,1780281045.0649285,0.064849853515625,137415013827,137415.013827,1780281045.0521607,12.767791748046875,0.0057220458984375,5.646228790283203,5.618,7864320,0.619091553176415,480,chatcmpl-4b966ead-b76c-4f9a-85da-7e1601059752-927f7c52,"nixl_xfer_handle(0x5af9a3dcc0a0, released=False)",decode,0,0,452715,5,d61968e8-e4aa-43a2-8ca8-85b623ffd1e5_dp1,0,nixl_start_time
1780281045.1025646,1780281045.1151016,12.536999999999999,1780281045.1151574,0.055789947509765625,137415064231,137415.064231,1780281045.1025646,12.592792510986328,0.005245208740234375,1.5590190887451172,1.53,3145728,0.25091553003110795,192,chatcmpl-f8c5d444-481a-47ed-9e6c-a2203313f0a7-acc3935e,"nixl_xfer_handle(0x556359a66620, released=False)",decode,1,0,452712,2,d61968e8-e4aa-43a2-8ca8-85b623ffd1e5_dp0,0,nixl_start_time
1780281045.1653607,1780281045.1779346,12.574,1780281045.17796,0.025272369384765625,137415127027,137415.127027,1780281045.1653607,12.59922981262207,0.026702880859375,3.9060115814208984,3.864,28311552,2.251594719261969,1728,chatcmpl-4b28c4d9-793b-4000-be90-cf066bfc8f92-889605c1,"nixl_xfer_handle(0x556359a66620, released=False)",decode,1,0,452712,18,d61968e8-e4aa-43a2-8ca8-85b623ffd1e5_dp1,0,nixl_start_time
1780281045.2032096,1780281045.2163196,13.11,1780281045.2163723,0.05269050598144531,137415164876,137415.164876,1780281045.2032096,13.162612915039062,0.005245208740234375,6.021976470947266,5.989,12582912,0.9597949656750572,768,chatcmpl-4b2db64b-1bd1-4466-8b15-c55a3c8327dd-8ea6b8ba,"nixl_xfer_handle(0x556359a66620, released=False)",decode,1,0,452712,8,d61968e8-e4aa-43a2-8ca8-85b623ffd1e5_dp1,0,nixl_start_time
1780281045.2032716,1780281045.2300777,26.806,1780281045.230095,0.0171661376953125,137415164938,137415.164938,1780281045.2032716,26.82328224182129,0.0059604644775390625,8.911609649658203,8.88,9437184,0.3520549130791614,576,chatcmpl-c1efbc26-f5c2-478b-8271-7617b188b7c0-91c24707,"nixl_xfer_handle(0x5af9a3dcc0a0, released=False)",decode,0,0,452715,6,d61968e8-e4aa-43a2-8ca8-85b623ffd1e5_dp0,0,nixl_start_time
1780281045.2279966,1780281045.2407596,12.763,1780281045.2407842,0.024557113647460938,137415189663,137415.189663,1780281045.2279966,12.787580490112305,0.004291534423828125,1.7833709716796875,1.761,3145728,0.24647245945310664,192,chatcmpl-ae61de6a-b163-4ad8-8ccd-2444b8c1891e-bbefe8e8,"nixl_xfer_handle(0x5af9a3daeef0, released=False)",decode,0,0,452715,2,d61968e8-e4aa-43a2-8ca8-85b623ffd1e5_dp0,0,nixl_start_time
1780281045.2532797,1780281045.2665298,13.25,1780281045.2665641,0.034332275390625,137415214946,137415.214946,1780281045.2532797,13.284444808959961,0.0050067901611328125,4.902362823486328,4.876,6291456,0.4748268679245283,384,chatcmpl-ba25b1a6-0cec-49f2-a56b-83da0d0a6714-90df76ae,"nixl_xfer_handle(0x5af9a3daeef0, released=False)",decode,0,0,452715,4,d61968e8-e4aa-43a2-8ca8-85b623ffd1e5_dp1,0,nixl_start_time
1780281045.2664466,1780281045.2908986,24.452,1780281045.290921,0.022411346435546875,137415228113,137415.228113,1780281045.2664466,24.474382400512695,0.00476837158203125,6.42848014831543,6.395,12582912,0.5145964338295436,768,chatcmpl-7f331e11-a2aa-4411-8724-13c98bfbc5ce-ad380264,"nixl_xfer_handle(0x556359a66620, released=False)",decode,1,0,452712,8,d61968e8-e4aa-43a2-8ca8-85b623ffd1e5_dp0,0,nixl_start_time
1780281045.3663166,1780281045.3932977,26.981,1780281045.3933485,0.05078315734863281,137415327983,137415.327983,1780281045.3663166,27.031898498535156,0.007152557373046875,9.699583053588867,9.669,61341696,2.2735145472740075,3744,chatcmpl-997536de-f141-47b5-b6c7-b8156419bf74-b5dcd0ff,"nixl_xfer_handle(0x5af9a3daeef0, released=False)",decode,0,0,452715,39,d61968e8-e4aa-43a2-8ca8-85b623ffd1e5_dp1,0,nixl_start_time
1780281045.3911457,1780281045.4070337,15.888,1780281045.407051,0.017404556274414062,137415352812,137415.352812,1780281045.3911457,15.905380249023438,0.0059604644775390625,1.8455982208251953,1.818,3145728,0.1979939577039275,192,chatcmpl-a42987cc-e185-4a2f-bf33-0b518928db59-9941c7f6,"nixl_xfer_handle(0x5af9a3dcc0a0, released=False)",decode,0,0,452715,2,d61968e8-e4aa-43a2-8ca8-85b623ffd1e5_dp0,0,nixl_start_time
1780281045.3913198,1780281045.4190438,27.724,1780281045.4190621,0.018358230590820312,137415352986,137415.352986,1780281045.3913198,27.742385864257812,0.0050067901611328125,9.653329849243164,9.629,44040192,1.5885222911556776,2688,chatcmpl-2fbd5aab-253f-43f9-9567-968d519464d8-b543e11e,"nixl_xfer_handle(0x556359a66620, released=False)",decode,1,0,452712,28,d61968e8-e4aa-43a2-8ca8-85b623ffd1e5_dp0,0,nixl_start_time
1780281045.4047236,1780281045.4166546,11.931000000000001,1780281045.4167173,0.06270408630371094,137415366390,137415.36639,1780281045.4047236,11.993646621704102,0.0045299530029296875,1.8837451934814453,1.86,3145728,0.2636600452602464,192,chatcmpl-e15e8d2e-2241-4dec-876d-c020bc1c7d0c-86308f0f,"nixl_xfer_handle(0x5af9a3daeef0, released=False)",decode,0,0,452715,2,d61968e8-e4aa-43a2-8ca8-85b623ffd1e5_dp1,0,nixl_start_time
1780281045.4048357,1780281045.4190936,14.258,1780281045.4191258,0.03218650817871094,137415366502,137415.366502,1780281045.4048357,14.290094375610352,0.0054836273193359375,7.198095321655273,7.177,29884416,2.0959753121054847,1824,chatcmpl-0f8a7ce8-32b9-4d76-aabd-50ceb41945e4-8af020b1,"nixl_xfer_handle(0x556359b45560, released=False)",decode,1,0,452712,19,d61968e8-e4aa-43a2-8ca8-85b623ffd1e5_dp1,0,nixl_start_time
1780281045.4165287,1780281045.4292166,12.687999999999999,1780281045.4292505,0.033855438232421875,137415378195,137415.378195,1780281045.4165287,12.721776962280273,0.00476837158203125,2.1734237670898438,2.142,4718592,0.37189407313997475,288,chatcmpl-2c3249d2-668d-4700-b162-4d904a07cd24-a7cc82f4,"nixl_xfer_handle(0x556359cd55f0, released=False)",decode,1,0,452712,3,d61968e8-e4aa-43a2-8ca8-85b623ffd1e5_dp1,0,nixl_start_time
1780281045.4419208,1780281045.4542768,12.356,1780281045.4542983,0.021457672119140625,137415403587,137415.403587,1780281045.4419208,12.377500534057617,0.0057220458984375,2.724885940551758,2.698,4718592,0.38188669472321135,288,chatcmpl-d0f48b51-d057-4aef-a2d6-e7833c1a2a04-9d37d1aa,"nixl_xfer_handle(0x5af9a3daeef0, released=False)",decode,0,0,452715,3,d61968e8-e4aa-43a2-8ca8-85b623ffd1e5_dp0,0,nixl_start_time
1780281045.4666076,1780281045.4792216,12.614,1780281045.4792442,0.022649765014648438,137415428274,137415.428274,1780281045.4666076,12.636661529541016,0.0045299530029296875,1.4979839324951172,1.468,3145728,0.24938385920405898,192,chatcmpl-2bc3eb6e-063d-4d7b-91df-86232536ee73-9f643b22,"nixl_xfer_handle(0x556359cd55f0, released=False)",decode,1,0,452712,2,d61968e8-e4aa-43a2-8ca8-85b623ffd1e5_dp1,0,nixl_start_time
1780281045.5917697,1780281045.6164727,24.703,1780281045.6164982,0.025510787963867188,137415553436,137415.553436,1780281045.5917697,24.72853660583496,0.007152557373046875,8.843421936035156,8.808,62914560,2.546838845484354,3840,chatcmpl-c77280ef-4121-4363-be07-5ad8a729e1ba-b944bd91,"nixl_xfer_handle(0x5af9a3daeef0, released=False)",decode,0,0,452715,40,d61968e8-e4aa-43a2-8ca8-85b623ffd1e5_dp0,0,nixl_start_time
1780281045.6542766,1780281045.6670825,12.806,1780281045.667103,0.020503997802734375,137415615943,137415.615943,1780281045.6542766,12.82644271850586,0.0050067901611328125,4.977941513061523,4.95,6291456,0.49128970794939875,384,chatcmpl-b1436e21-39e7-48e3-8a9d-e1a4f6189c40-9b8db39d,"nixl_xfer_handle(0x5af9a3d7f8a0, released=False)",decode,0,0,452715,4,d61968e8-e4aa-43a2-8ca8-85b623ffd1e5_dp0,0,nixl_start_time
1780281045.6543608,1780281045.6670759,12.715,1780281045.667111,0.03504753112792969,137415616027,137415.616027,1780281045.6543608,12.75014877319336,0.025272369384765625,1.5590190887451172,1.51,3145728,0.24740290994887928,192,chatcmpl-fc1c92c7-bafb-4b3b-8448-7c58a862d903-9349d54d,"nixl_xfer_handle(0x556359cd55f0, released=False)",decode,1,0,452712,2,d61968e8-e4aa-43a2-8ca8-85b623ffd1e5_dp1,0,nixl_start_time
1780281045.6794968,1780281045.6918848,12.388,1780281045.6919434,0.058650970458984375,137415641163,137415.641163,1780281045.6794968,12.44664192199707,0.0045299530029296875,1.5552043914794922,1.521,3145728,0.25393348401679045,192,chatcmpl-ec6bf1e2-b1df-4a8d-9703-b277debd3740-946547b3,"nixl_xfer_handle(0x556359cd55f0, released=False)",decode,1,0,452712,2,d61968e8-e4aa-43a2-8ca8-85b623ffd1e5_dp0,0,nixl_start_time
1780281045.6796346,1780281045.7040725,24.438000000000002,1780281045.70414,0.06747245788574219,137415641301,137415.641301,1780281045.6796346,24.5053768157959,0.0054836273193359375,4.50444221496582,4.483,42467328,1.7377579179965628,2592,chatcmpl-6e0bd334-300b-4cd1-bc39-5a47df898af5-9decf9ec,"nixl_xfer_handle(0x5af9a3daeef0, released=False)",decode,0,0,452715,27,d61968e8-e4aa-43a2-8ca8-85b623ffd1e5_dp1,0,nixl_start_time
1780281045.7295287,1780281045.7542486,24.72,1780281045.754272,0.023365020751953125,137415691195,137415.691195,1780281045.7295287,24.743318557739258,0.00762939453125,6.594181060791016,6.569,39321600,1.5906796116504855,2400,chatcmpl-b6882051-d61b-4654-96a5-7e80be4b704d-a38472d9,"nixl_xfer_handle(0x5af9a379d9b0, released=False)",decode,0,0,452715,25,d61968e8-e4aa-43a2-8ca8-85b623ffd1e5_dp0,0,nixl_start_time
1780281045.9168227,1780281045.9294877,12.665,1780281045.9295099,0.022172927856445312,137415878489,137415.878489,1780281045.9168227,12.687206268310547,0.0050067901611328125,5.338191986083984,5.307,11010048,0.8693287011448876,672,chatcmpl-73b4169f-c945-4e2e-ba00-93a092a49fca-8e1e0f29,"nixl_xfer_handle(0x556359cd55f0, released=False)",decode,1,0,452712,7,d61968e8-e4aa-43a2-8ca8-85b623ffd1e5_dp0,0,nixl_start_time
1780281045.9545357,1780281045.9669487,12.413,1780281045.96701,0.06127357482910156,137415916202,137415.916202,1780281045.9545357,12.474298477172852,0.0045299530029296875,1.5156269073486328,1.486,3145728,0.2534220575203416,192,chatcmpl-67989016-4f9d-4aae-9585-6d93f55cf295-8c5b47ff,"nixl_xfer_handle(0x556359cd55f0, released=False)",decode,1,0,452712,2,d61968e8-e4aa-43a2-8ca8-85b623ffd1e5_dp1,0,nixl_start_time
1780281045.9546366,1780281045.9669607,12.324,1780281045.966985,0.024318695068359375,137415916303,137415.916303,1780281045.9546366,12.348413467407227,0.006198883056640625,0.5419254302978516,0.519,1572864,0.1276260954235638,48,chatcmpl-5e7e0b4f-9f30-4c90-964f-7d1766ff6732-b2069e36,"nixl_xfer_handle(0x5af9a41da2e0, released=False)",decode,0,0,452715,1,d61968e8-e4aa-43a2-8ca8-85b623ffd1e5_dp0,0,nixl_start_time
1780281046.0295966,1780281046.0422666,12.67,1780281046.042322,0.0553131103515625,137415991263,137415.991263,1780281046.0295966,12.725353240966797,0.0045299530029296875,6.77180290222168,6.733,7864320,0.6207040252565115,480,chatcmpl-46fceae3-923e-4465-a7db-06127cce0e6e-96253ad7,"nixl_xfer_handle(0x5af9a41da2e0, released=False)",decode,0,0,452715,5,d61968e8-e4aa-43a2-8ca8-85b623ffd1e5_dp0,0,nixl_start_time
1780281046.0546596,1780281046.0679617,13.302,1780281046.067995,0.03337860107421875,137416016326,137416.016326,1780281046.0546596,13.335466384887695,0.0045299530029296875,2.631664276123047,2.603,4718592,0.3547280108254398,288,chatcmpl-fd6be504-cc7c-4b5e-8e38-5c9b93cc408f-bbe75859,"nixl_xfer_handle(0x556359cd55f0, released=False)",decode,1,0,452712,3,d61968e8-e4aa-43a2-8ca8-85b623ffd1e5_dp1,0,nixl_start_time
1780281046.0677648,1780281046.0797088,11.943999999999999,1780281046.079772,0.06318092346191406,137416029431,137416.029431,1780281046.0677648,12.00723648071289,0.0064373016357421875,5.9833526611328125,5.947,18874368,1.5802384460817147,1152,chatcmpl-408ba859-ea44-4696-a627-cbd9464ffaf6-b070f217,"nixl_xfer_handle(0x5af9a41da2e0, released=False)",decode,0,0,452715,12,d61968e8-e4aa-43a2-8ca8-85b623ffd1e5_dp0,0,nixl_start_time
1780281046.0796077,1780281046.0922248,12.616999999999999,1780281046.0922472,0.022411346435546875,137416041274,137416.041274,1780281046.0796077,12.639522552490234,0.0057220458984375,2.655506134033203,2.625,4718592,0.37398684314813346,288,chatcmpl-90859e15-dd8b-4905-89c4-e05028278beb-acbcf0f2,"nixl_xfer_handle(0x556359cd55f0, released=False)",decode,1,0,452712,3,d61968e8-e4aa-43a2-8ca8-85b623ffd1e5_dp1,0,nixl_start_time
1780281046.0919406,1780281046.1043937,12.453000000000001,1780281046.1044505,0.056743621826171875,137416053607,137416.053607,1780281046.0919406,12.509822845458984,0.0050067901611328125,1.8444061279296875,1.819,3145728,0.2526080462539147,192,chatcmpl-fffcb15c-15d1-4d0c-852b-c922168df37c-80ae1e36,"nixl_xfer_handle(0x5af9a41da2e0, released=False)",decode,0,0,452715,2,d61968e8-e4aa-43a2-8ca8-85b623ffd1e5_dp0,0,nixl_start_time
1780281046.1168315,1780281046.1295795,12.748000000000001,1780281046.1295998,0.020265579223632812,137416078498,137416.078498,1780281046.1168315,12.768268585205078,0.0050067901611328125,1.9140243530273438,1.888,3145728,0.24676247254471287,192,chatcmpl-79eb7c21-39d0-473f-a34d-205c9ad73fa3-9920d418,"nixl_xfer_handle(0x556359cd55f0, released=False)",decode,1,0,452712,2,d61968e8-e4aa-43a2-8ca8-85b623ffd1e5_dp0,0,nixl_start_time
1780281046.1541257,1780281046.1666057,12.48,1780281046.1666665,0.06079673767089844,137416115792,137416.115792,1780281046.1541257,12.540817260742188,0.0057220458984375,0.5857944488525391,0.547,1572864,0.12603076923076922,48,chatcmpl-99b12825-056f-40af-ad7a-a1967ab6ff46-8216ae82,"nixl_xfer_handle(0x5af9a3d77220, released=False)",decode,0,0,452715,1,d61968e8-e4aa-43a2-8ca8-85b623ffd1e5_dp1,0,nixl_start_time
1780281046.2160656,1780281046.2285585,12.493,1780281046.228621,0.062465667724609375,137416177732,137416.177732,1780281046.2160656,12.555360794067383,0.0045299530029296875,1.9309520721435547,1.905,3145728,0.251799247578644,192,chatcmpl-b911e5f9-054b-434e-8daa-ea5ccf32545b-af373ffa,"nixl_xfer_handle(0x5af9a3d77220, released=False)",decode,0,0,452715,2,d61968e8-e4aa-43a2-8ca8-85b623ffd1e5_dp0,0,nixl_start_time
1780281046.2905667,1780281046.3030727,12.506,1780281046.3030963,0.023603439331054688,137416252233,137416.252233,1780281046.2905667,12.529611587524414,0.0050067901611328125,5.81812858581543,5.769,26738688,2.138068766991844,1632,chatcmpl-26e4720f-d588-4185-91ae-31b6d5fb09f7-94f7d38c,"nixl_xfer_handle(0x556359cd55f0, released=False)",decode,1,0,452712,17,d61968e8-e4aa-43a2-8ca8-85b623ffd1e5_dp1,0,nixl_start_time
1780281046.3403566,1780281046.3525937,12.237,1780281046.352636,0.042438507080078125,137416302023,137416.302023,1780281046.3403566,12.279510498046875,0.022649765014648438,3.5681724548339844,3.514,28311552,2.3136023535180192,1728,chatcmpl-ade4c7f8-97e6-4b2c-a4fe-f52034268ead-a138d250,"nixl_xfer_handle(0x5af9a3d77220, released=False)",decode,0,0,452715,18,d61968e8-e4aa-43a2-8ca8-85b623ffd1e5_dp0,0,nixl_start_time
1780281046.3647346,1780281046.3898587,25.124,1780281046.3898795,0.020742416381835938,137416326401,137416.326401,1780281046.3647346,25.14481544494629,0.005245208740234375,8.281230926513672,8.261,40894464,1.6277051424932334,2496,chatcmpl-e524d96f-aa97-49b5-958e-83b70d83ab61-ac4adcb8,"nixl_xfer_handle(0x556359cd55f0, released=False)",decode,1,0,452712,26,d61968e8-e4aa-43a2-8ca8-85b623ffd1e5_dp1,0,nixl_start_time
1780281046.3770816,1780281046.3897126,12.631,1780281046.3897364,0.02384185791015625,137416338748,137416.338748,1780281046.3770816,12.654781341552734,0.005245208740234375,0.5817413330078125,0.547,1572864,0.12452410735492044,48,chatcmpl-b0fcf0f0-6c8e-4ddb-8689-d224efcace91-9d75e472,"nixl_xfer_handle(0x5af9a3821560, released=False)",decode,0,0,452715,1,d61968e8-e4aa-43a2-8ca8-85b623ffd1e5_dp0,0,nixl_start_time
1780281046.4774315,1780281046.5021706,24.739,1780281046.502248,0.07748603820800781,137416439098,137416.439098,1780281046.4774315,24.816513061523438,0.00858306884765625,9.601831436157227,9.576,67633152,2.7338676583532076,4128,chatcmpl-d52d55d2-1d7d-40f5-9ad5-cc9189dd01ab-8fa862d3,"nixl_xfer_handle(0x5af9a3821560, released=False)",decode,0,0,452715,43,d61968e8-e4aa-43a2-8ca8-85b623ffd1e5_dp1,0,nixl_start_time
1780281046.5518317,1780281046.5642567,12.425,1780281046.5643122,0.05555152893066406,137416513498,137416.513498,1780281046.5518317,12.480497360229492,0.0059604644775390625,3.554821014404297,3.521,26738688,2.1520070824949697,1632,chatcmpl-4e2c7609-93f5-434d-846b-75a026f00e85-a87d9e70,"nixl_xfer_handle(0x5af9a3821560, released=False)",decode,0,0,452715,17,d61968e8-e4aa-43a2-8ca8-85b623ffd1e5_dp0,0,nixl_start_time
1780281046.5892355,1780281046.6018105,12.575,1780281046.6018429,0.0324249267578125,137416550902,137416.550902,1780281046.5892355,12.607336044311523,0.004291534423828125,1.966714859008789,1.941,3145728,0.250157296222664,192,chatcmpl-095eba6f-0c8d-4e0a-8290-15e28727276e-b55cc332,"nixl_xfer_handle(0x556359cd55f0, released=False)",decode,1,0,452712,2,d61968e8-e4aa-43a2-8ca8-85b623ffd1e5_dp1,0,nixl_start_time
1780281046.6015527,1780281046.6142197,12.667,1780281046.6142395,0.019788742065429688,137416563219,137416.563219,1780281046.6015527,12.686729431152344,0.0059604644775390625,0.5402565002441406,0.51,1572864,0.1241702060472093,48,chatcmpl-bdf9113b-2822-4522-97a6-9baf38bb6714-b509259c,"nixl_xfer_handle(0x5af962272ca0, released=False)",decode,0,0,452715,1,d61968e8-e4aa-43a2-8ca8-85b623ffd1e5_dp0,0,nixl_start_time
1780281046.6389596,1780281046.6640277,25.068,1780281046.6640513,0.023603439331054688,137416600626,137416.600626,1780281046.6389596,25.09164810180664,0.0059604644775390625,8.221149444580078,8.199,40894464,1.63134131163236,2496,chatcmpl-5fe075c2-94db-42f4-b3aa-04da2ba524fb-9a343ca9,"nixl_xfer_handle(0x5af99a3295c0, released=False)",decode,0,0,452715,26,d61968e8-e4aa-43a2-8ca8-85b623ffd1e5_dp0,0,nixl_start_time
1780281046.6763058,1780281046.6890147,12.709,1780281046.6890383,0.023603439331054688,137416637972,137416.637972,1780281046.6763058,12.732505798339844,0.00476837158203125,2.085447311401367,2.06,3145728,0.2475197104414195,192,chatcmpl-4b785787-e73c-4abd-8266-bba7a3cb5bb2-8a477640,"nixl_xfer_handle(0x5af9a3dadee0, released=False)",decode,0,0,452715,2,d61968e8-e4aa-43a2-8ca8-85b623ffd1e5_dp1,0,nixl_start_time
1780281046.7769487,1780281046.8038676,26.918999999999997,1780281046.803886,0.018358230590820312,137416738615,137416.738615,1780281046.7769487,26.937246322631836,0.0054836273193359375,8.925914764404297,8.901,55050240,2.045032876406999,3360,chatcmpl-8e93448a-0653-4899-9425-3b8eee21547b-a5e5536c,"nixl_xfer_handle(0x556359cd55f0, released=False)",decode,1,0,452712,35,d61968e8-e4aa-43a2-8ca8-85b623ffd1e5_dp0,0,nixl_start_time
1780281046.8012636,1780281046.8210196,19.756,1780281046.8210776,0.05793571472167969,137416762930,137416.76293,1780281046.8012636,19.814014434814453,0.00476837158203125,1.9490718841552734,1.921,3145728,0.1592289937234258,192,chatcmpl-00ab3b14-e75f-4d57-8290-306ba360a1f3-ab093251,"nixl_xfer_handle(0x556359b45560, released=False)",decode,1,0,452712,2,d61968e8-e4aa-43a2-8ca8-85b623ffd1e5_dp1,0,nixl_start_time
1780281046.8135386,1780281046.8266165,13.078,1780281046.826635,0.018358230590820312,137416775205,137416.775205,1780281046.8135386,13.096332550048828,0.0050067901611328125,7.108449935913086,7.089,28311552,2.164822755773054,1728,chatcmpl-8bebedf9-2142-4bd0-a3b8-e9f43ad5a459-9ce416df,"nixl_xfer_handle(0x556359cd55f0, released=False)",decode,1,0,452712,18,d61968e8-e4aa-43a2-8ca8-85b623ffd1e5_dp0,0,nixl_start_time
1780281046.9384346,1780281046.9633715,24.937,1780281046.9633927,0.021219253540039062,137416900101,137416.900101,1780281046.9384346,24.958133697509766,0.005245208740234375,8.142709732055664,8.121,45613056,1.8291316517624414,2784,chatcmpl-321a7e68-9a70-4c96-a84e-c42bedc58070-84108c06,"nixl_xfer_handle(0x556359cd55f0, released=False)",decode,1,0,452712,29,d61968e8-e4aa-43a2-8ca8-85b623ffd1e5_dp1,0,nixl_start_time
1780281046.9632866,1780281046.9659986,2.712,1780281046.9660146,0.015974044799804688,137416924953,137416.924953,1780281046.9632866,2.727985382080078,0.006198883056640625,2.430438995361328,2.393,3145728,1.159929203539823,192,chatcmpl-1c479e45-3261-4474-8391-5d13190af180-81554cc8,"nixl_xfer_handle(0x5af9a3dadee0, released=False)",decode,0,0,452715,2,d61968e8-e4aa-43a2-8ca8-85b623ffd1e5_dp0,0,nixl_start_time
1780281046.9755926,1780281046.9882936,12.701,1780281046.9883156,0.02193450927734375,137416937259,137416.937259,1780281046.9755926,12.722969055175781,0.00286102294921875,1.8880367279052734,1.863,3145728,0.247675616093221,192,chatcmpl-db36b9ee-53e7-4b35-b7ed-6ee7038b7dad-9cde4cb2,"nixl_xfer_handle(0x556359984ac0, released=False)",decode,1,0,452712,2,d61968e8-e4aa-43a2-8ca8-85b623ffd1e5_dp1,0,nixl_start_time
1780281046.9755976,1780281046.9880855,12.488000000000001,1780281046.9881423,0.056743621826171875,137416937264,137416.937264,1780281046.9755976,12.544631958007812,0.00476837158203125,2.031564712524414,2.007,3145728,0.251900064061499,192,chatcmpl-13c57e5c-b5b2-4cca-9ec7-4bbee2e161e5-8607050f,"nixl_xfer_handle(0x5af9a3dadee0, released=False)",decode,0,0,452715,2,d61968e8-e4aa-43a2-8ca8-85b623ffd1e5_dp1,0,nixl_start_time
1780281047.0505807,1780281047.0801036,29.523,1780281047.0801206,0.016927719116210938,137417012247,137417.012247,1780281047.0505807,29.539823532104492,0.0054836273193359375,5.225896835327148,5.206,29884416,1.0122418453409205,1824,chatcmpl-e65cbd0c-f363-4e01-bbb0-0aa79822b5c9-bd695908,"nixl_xfer_handle(0x556359984ac0, released=False)",decode,1,0,452712,19,d61968e8-e4aa-43a2-8ca8-85b623ffd1e5_dp0,0,nixl_start_time
1780281047.0507786,1780281047.0856607,34.882000000000005,1780281047.08568,0.019311904907226562,137417012445,137417.012445,1780281047.0507786,34.90138053894043,0.0073909759521484375,19.211769104003906,19.177,91226112,2.6152775643598414,5568,chatcmpl-71e00490-22fd-4574-9948-efa153670960-a04664cd,"nixl_xfer_handle(0x5af9a3dadee0, released=False)",decode,0,0,452715,58,d61968e8-e4aa-43a2-8ca8-85b623ffd1e5_dp0,0,nixl_start_time
1780281047.0734046,1780281047.0858245,12.42,1780281047.0858562,0.03170967102050781,137417035071,137417.035071,1780281047.0734046,12.451648712158203,0.005245208740234375,6.065607070922852,6.034,11010048,0.8864772946859903,672,chatcmpl-e6f4137e-7514-4a4c-b6ed-f10e3f9eb4d0-8ebc436b,"nixl_xfer_handle(0x556359b45560, released=False)",decode,1,0,452712,7,d61968e8-e4aa-43a2-8ca8-85b623ffd1e5_dp0,0,nixl_start_time
1780281047.1722977,1780281047.1986568,26.359,1780281047.1986864,0.02956390380859375,137417133964,137417.133964,1780281047.1722977,26.38864517211914,0.00762939453125,11.193990707397461,11.169,77070336,2.9238717705527524,4704,chatcmpl-4bec1b26-70d2-40cb-b36f-9331895c09ba-b0824f55,"nixl_xfer_handle(0x5af99315e020, released=False)",decode,0,0,452715,49,d61968e8-e4aa-43a2-8ca8-85b623ffd1e5_dp1,0,nixl_start_time
1780281047.2485566,1780281047.2742617,25.705,1780281047.2743158,0.05412101745605469,137417210223,137417.210223,1780281047.2485566,25.759220123291016,0.0059604644775390625,9.187459945678711,9.164,56623104,2.2028050573818327,3456,chatcmpl-545849b5-894a-459f-822a-9138ce80ea5e-9426b035,"nixl_xfer_handle(0x556359b337c0, released=False)",decode,1,0,452712,36,d61968e8-e4aa-43a2-8ca8-85b623ffd1e5_dp0,0,nixl_start_time
1780281047.2742286,1780281047.2983587,24.13,1780281047.298422,0.06341934204101562,137417235895,137417.235895,1780281047.2742286,24.193525314331055,0.0064373016357421875,8.167028427124023,8.141,47185920,1.9554877745544965,2880,chatcmpl-1ad11ff4-f9b2-49ea-b80c-f1975748833c-880ee8eb,"nixl_xfer_handle(0x5af9a3de0160, released=False)",decode,0,0,452715,30,d61968e8-e4aa-43a2-8ca8-85b623ffd1e5_dp1,0,nixl_start_time
1780281047.3359976,1780281047.3484726,12.475,1780281047.3484926,0.02002716064453125,137417297664,137417.297664,1780281047.3359976,12.495040893554688,0.0050067901611328125,5.501747131347656,5.482,33030144,2.6477069338677355,2016,chatcmpl-b7c11595-6b54-4d57-820b-121b8c1f3c6b-b2b78191,"nixl_xfer_handle(0x556359b337c0, released=False)",decode,1,0,452712,21,d61968e8-e4aa-43a2-8ca8-85b623ffd1e5_dp0,0,nixl_start_time
1780281047.4111366,1780281047.4239347,12.798,1780281047.4239728,0.03814697265625,137417372803,137417.372803,1780281047.4111366,12.836217880249023,0.0054836273193359375,1.9834041595458984,1.958,3145728,0.24579840600093764,192,chatcmpl-31b0ce8a-a4be-46d5-8555-6f2e8fd708ed-aeec10c2,"nixl_xfer_handle(0x5af9a3e942e0, released=False)",decode,0,0,452715,2,d61968e8-e4aa-43a2-8ca8-85b623ffd1e5_dp1,0,nixl_start_time
1780281047.4864316,1780281047.4988976,12.466,1780281047.4989192,0.021696090698242188,137417448098,137417.448098,1780281047.4864316,12.487649917602539,0.0069141387939453125,2.9058456420898438,2.88,4718592,0.37851692603882564,288,chatcmpl-ac7efb00-c31b-4233-91ab-0b91876eaf72-9317a0ea,"nixl_xfer_handle(0x5af9a37e3300, released=False)",decode,0,0,452715,3,d61968e8-e4aa-43a2-8ca8-85b623ffd1e5_dp0,0,nixl_start_time
1780281047.4988387,1780281047.5117748,12.936,1780281047.5118299,0.05507469177246094,137417460505,137417.460505,1780281047.4988387,12.991189956665039,0.0050067901611328125,2.749919891357422,2.72,4718592,0.3647643784786642,288,chatcmpl-846fd6b7-31cf-4f03-884e-5801ab4e7f26-8e234157,"nixl_xfer_handle(0x556359b337c0, released=False)",decode,1,0,452712,3,d61968e8-e4aa-43a2-8ca8-85b623ffd1e5_dp1,0,nixl_start_time
1780281047.5114877,1780281047.5241687,12.681,1780281047.524213,0.044345855712890625,137417473154,137417.473154,1780281047.5114877,12.725353240966797,0.0057220458984375,2.0699501037597656,2.044,3145728,0.24806624083274192,192,chatcmpl-1811205c-f349-43fb-bbcc-c105753ccdc9-af263fb8,"nixl_xfer_handle(0x5af9a37e3300, released=False)",decode,0,0,452715,2,d61968e8-e4aa-43a2-8ca8-85b623ffd1e5_dp0,0,nixl_start_time
1780281047.6118968,1780281047.6370327,25.136,1780281047.6370656,0.032901763916015625,137417573563,137417.573563,1780281047.6118968,25.168895721435547,0.00476837158203125,8.944988250732422,8.923,56623104,2.2526696371737747,3456,chatcmpl-c0a5c145-9bfa-4158-9491-935883e6286c-b67766d5,"nixl_xfer_handle(0x556359b337c0, released=False)",decode,1,0,452712,36,d61968e8-e4aa-43a2-8ca8-85b623ffd1e5_dp1,0,nixl_start_time
1780281047.6994667,1780281047.7120976,12.631,1780281047.7121453,0.0476837158203125,137417661133,137417.661133,1780281047.6994667,12.67862319946289,0.0059604644775390625,4.899501800537109,4.88,22020096,1.7433375029688862,1344,chatcmpl-74f1fb3d-a176-4117-af19-fccb1f461a72-92eff683,"nixl_xfer_handle(0x5563599b31f0, released=False)",decode,1,0,452712,14,d61968e8-e4aa-43a2-8ca8-85b623ffd1e5_dp0,0,nixl_start_time
1780281047.6996207,1780281047.7119548,12.334,1780281047.7120044,0.049591064453125,137417661287,137417.661287,1780281047.6996207,12.383699417114258,0.007867813110351562,8.944511413574219,8.92,34603008,2.805497648775742,2112,chatcmpl-360a2465-9e46-4eef-8d20-aed5c57dfe5f-b6e8b933,"nixl_xfer_handle(0x5af9a37e3300, released=False)",decode,0,0,452715,22,d61968e8-e4aa-43a2-8ca8-85b623ffd1e5_dp0,0,nixl_start_time
1780281047.7744336,1780281047.8046665,30.233,1780281047.8046868,0.020265579223632812,137417736100,137417.7361,1780281047.7744336,30.253171920776367,0.0057220458984375,0.5161762237548828,0.488,1572864,0.05202474117685972,48,chatcmpl-c6da85ee-3f3b-4fc4-b1fb-9fc7ecb963b8-8916b90d,"nixl_xfer_handle(0x5563599b31f0, released=False)",decode,1,0,452712,1,d61968e8-e4aa-43a2-8ca8-85b623ffd1e5_dp1,0,nixl_start_time
1780281047.7746496,1780281047.8011355,26.486,1780281047.801216,0.08034706115722656,137417736316,137417.736316,1780281047.7746496,26.566267013549805,0.0059604644775390625,4.26030158996582,4.238,33030144,1.247079362682172,2016,chatcmpl-7fe25200-86db-4777-b4b7-5778d1cd62ba-b44945b8,"nixl_xfer_handle(0x5af9a38a38a0, released=False)",decode,0,0,452715,21,d61968e8-e4aa-43a2-8ca8-85b623ffd1e5_dp1,0,nixl_start_time
1780281047.7792566,1780281047.8161817,36.925,1780281047.816202,0.020265579223632812,137417740923,137417.740923,1780281047.7792566,36.945343017578125,0.0045299530029296875,21.620750427246094,21.605,77070336,2.0872128909952608,4704,chatcmpl-26439f93-0715-43a8-8bab-70b35267d2ed-9dcfc13d,"nixl_xfer_handle(0x5af9a3dcc0a0, released=False)",decode,0,0,452715,49,d61968e8-e4aa-43a2-8ca8-85b623ffd1e5_dp1,0,nixl_start_time
1780281047.8411818,1780281047.8546677,13.485999999999999,1780281047.8547568,0.08916854858398438,137417802848,137417.802848,1780281047.8411818,13.575077056884766,0.005245208740234375,0.568389892578125,0.545,1572864,0.11662939344505413,48,chatcmpl-74a6e110-252d-4dc1-b44b-abac1a218ba7-b47e927d,"nixl_xfer_handle(0x5af9a38a38a0, released=False)",decode,0,0,452715,1,d61968e8-e4aa-43a2-8ca8-85b623ffd1e5_dp0,0,nixl_start_time
1780281047.8413877,1780281047.8664718,25.084,1780281047.8664906,0.018835067749023438,137417803054,137417.803054,1780281047.8413877,25.102853775024414,0.0059604644775390625,9.675025939941406,9.65,59768832,2.382747249242545,3648,chatcmpl-25f83064-9c25-4cdb-8098-17fa29903c85-9f6d3b0a,"nixl_xfer_handle(0x556356deb070, released=False)",decode,1,0,452712,38,d61968e8-e4aa-43a2-8ca8-85b623ffd1e5_dp0,0,nixl_start_time
1780281047.9163797,1780281047.9442258,27.846,1780281047.9442666,0.04076957702636719,137417878046,137417.878046,1780281047.9163797,27.88686752319336,0.0069141387939453125,12.370109558105469,12.341,14155776,0.5083594053005818,864,chatcmpl-01594434-6ac6-4209-b848-d46906db014d-87375bc3,"nixl_xfer_handle(0x5af9a38a38a0, released=False)",decode,0,0,452715,9,d61968e8-e4aa-43a2-8ca8-85b623ffd1e5_dp1,0,nixl_start_time
1780281047.9164567,1780281047.9443016,27.845000000000002,1780281047.9443839,0.08225440979003906,137417878123,137417.878123,1780281047.9164567,27.927160263061523,0.0069141387939453125,9.865522384643555,9.84,67633152,2.428915496498474,4128,chatcmpl-b39c17df-593d-46cf-88f5-6d6642005993-a6563ce8,"nixl_xfer_handle(0x5563599ab340, released=False)",decode,1,0,452712,43,d61968e8-e4aa-43a2-8ca8-85b623ffd1e5_dp1,0,nixl_start_time
1780281047.9946446,1780281048.0333977,38.753,1780281048.0334272,0.02956390380859375,137417956311,137417.956311,1780281047.9946446,38.782596588134766,0.005245208740234375,11.1236572265625,11.086,75497472,1.9481710319201093,4608,chatcmpl-a647165a-57d1-484b-b4c4-b16dad2164a9-8db3cc01,"nixl_xfer_handle(0x5563599ab340, released=False)",decode,1,0,452712,48,d61968e8-e4aa-43a2-8ca8-85b623ffd1e5_dp0,0,nixl_start_time
1780281047.9946496,1780281048.0097117,15.062000000000001,1780281048.009774,0.06222724914550781,137417956316,137417.956316,1780281047.9946496,15.124320983886719,0.0069141387939453125,8.937358856201172,8.906,39321600,2.6106493161598725,2400,chatcmpl-e2922859-edaa-4c75-82a6-e941cab7702a-9e400aea,"nixl_xfer_handle(0x5af9a3d4acc0, released=False)",decode,0,0,452715,25,d61968e8-e4aa-43a2-8ca8-85b623ffd1e5_dp0,0,nixl_start_time
1780281048.0097797,1780281048.0450478,35.268,1780281048.0450778,0.030040740966796875,137417971446,137417.971446,1780281048.0097797,35.29810905456543,0.00476837158203125,19.85907554626465,19.823,47185920,1.3379244641034365,2880,chatcmpl-bab3eb1c-de7e-4cef-9108-7b2620b3b70f-a3de0f77,"nixl_xfer_handle(0x556359984ac0, released=False)",decode,1,0,452712,30,d61968e8-e4aa-43a2-8ca8-85b623ffd1e5_dp1,0,nixl_start_time
1780281048.0449436,1780281048.0574346,12.491,1780281048.057454,0.019550323486328125,137418006610,137418.00661,1780281048.0449436,12.510538101196289,0.0054836273193359375,4.164218902587891,4.142,34603008,2.7702352093507323,2112,chatcmpl-91256ad8-70c0-4695-b577-e2d2b6049d5c-910469a0,"nixl_xfer_handle(0x5af9a3d4acc0, released=False)",decode,0,0,452715,22,d61968e8-e4aa-43a2-8ca8-85b623ffd1e5_dp0,0,nixl_start_time
1780281048.3721137,1780281048.3985708,26.457,1780281048.3986073,0.03647804260253906,137418333780,137418.33378,1780281048.3721137,26.493549346923828,0.007152557373046875,10.791540145874023,10.756,64487424,2.43744279396757,3936,chatcmpl-65df41a5-70be-4757-a447-611875618b25-aa95d72f,"nixl_xfer_handle(0x5af9a3d4acc0, released=False)",decode,0,0,452715,41,d61968e8-e4aa-43a2-8ca8-85b623ffd1e5_dp0,0,nixl_start_time
1780281048.4487216,1780281048.4825306,33.809,1780281048.4825847,0.05412101745605469,137418410388,137418.410388,1780281048.4487216,33.863067626953125,0.0059604644775390625,18.374919891357422,18.348,84934656,2.5121907184477505,5184,chatcmpl-80b92cd1-9a26-42b3-95bc-d9f0be0c9e4a-ad97022b,"nixl_xfer_handle(0x556359984ac0, released=False)",decode,1,0,452712,54,d61968e8-e4aa-43a2-8ca8-85b623ffd1e5_dp1,0,nixl_start_time
1780281048.5326598,1780281048.5610468,28.387,1780281048.5611067,0.05984306335449219,137418494326,137418.494326,1780281048.5326598,28.44691276550293,0.0057220458984375,5.823850631713867,5.788,36175872,1.274381653573819,2208,chatcmpl-ae457a50-5017-4e41-9ee5-93b0ae837138-ae843d9d,"nixl_xfer_handle(0x556359984ac0, released=False)",decode,1,0,452712,23,d61968e8-e4aa-43a2-8ca8-85b623ffd1e5_dp0,0,nixl_start_time
1780281048.5327117,1780281048.5573697,24.657999999999998,1780281048.5574584,0.08869171142578125,137418494378,137418.494378,1780281048.5327117,24.74665641784668,0.00667572021484375,9.075164794921875,9.051,48758784,1.9774022224024659,2976,chatcmpl-810e1db8-c877-4b32-968b-9debb528b834-ac309445,"nixl_xfer_handle(0x5af9a3d8e270, released=False)",decode,0,0,452715,31,d61968e8-e4aa-43a2-8ca8-85b623ffd1e5_dp0,0,nixl_start_time
1780281048.5419385,1780281048.5830016,41.063,1780281048.583017,0.015497207641601562,137418503605,137418.503605,1780281048.5419385,41.07856750488281,0.003337860107421875,15.161752700805664,15.14,12582912,0.30642943769330055,768,chatcmpl-349aab0c-ab28-4c9b-a90d-46dbd57f8eb0-a97f483a,"nixl_xfer_handle(0x5af9a38215a0, released=False)",decode,0,0,452715,8,d61968e8-e4aa-43a2-8ca8-85b623ffd1e5_dp0,0,nixl_start_time
1780281048.5728366,1780281048.5875797,14.742999999999999,1780281048.5876093,0.02956390380859375,137418534503,137418.534503,1780281048.5728366,14.772653579711914,0.0045299530029296875,7.261753082275391,7.243,40894464,2.773822424201316,2496,chatcmpl-99111b33-0594-4f63-ba63-505161a7c49e-b01b9ad9,"nixl_xfer_handle(0x556359984ac0, released=False)",decode,1,0,452712,26,d61968e8-e4aa-43a2-8ca8-85b623ffd1e5_dp1,0,nixl_start_time
1780281048.5728557,1780281048.5871098,14.254,1780281048.5871289,0.019073486328125,137418534522,137418.534522,1780281048.5728557,14.27316665649414,0.006198883056640625,6.72459602355957,6.668,9437184,0.6620726813526029,576,chatcmpl-40e0b402-fe0b-4240-83f3-6aff757de598-8180b65d,"nixl_xfer_handle(0x5af9a3d8e270, released=False)",decode,0,0,452715,6,d61968e8-e4aa-43a2-8ca8-85b623ffd1e5_dp1,0,nixl_start_time
1780281048.5796947,1780281048.5871468,7.452,1780281048.5872045,0.057697296142578125,137418541361,137418.541361,1780281048.5796947,7.509708404541016,0.0040531158447265625,2.569913864135742,2.555,3145728,0.42213204508856683,192,chatcmpl-a17a4782-2a89-4e78-81d0-1e748ff9cf23-be7f2b7a,"nixl_xfer_handle(0x5af9a38b9ce0, released=False)",decode,0,0,452715,2,d61968e8-e4aa-43a2-8ca8-85b623ffd1e5_dp0,0,nixl_start_time
1780281048.5801637,1780281048.5982928,18.128999999999998,1780281048.5983145,0.021696090698242188,137418541830,137418.54183,1780281048.5801637,18.150806427001953,0.0019073486328125,2.1636486053466797,2.141,4718592,0.2602786695349992,288,chatcmpl-e9fe07b3-ccdf-4fa3-8be2-c081cd24b21f-bbf51668,"nixl_xfer_handle(0x5563599ab340, released=False)",decode,1,0,452712,3,d61968e8-e4aa-43a2-8ca8-85b623ffd1e5_dp0,0,nixl_start_time
1780281048.5824537,1780281048.5983326,15.879000000000001,1780281048.5983741,0.041484832763671875,137418544120,137418.54412,1780281048.5824537,15.920400619506836,0.004291534423828125,0.3542900085449219,0.339,1572864,0.09905308898545247,48,chatcmpl-84dfca65-5d0b-4686-bd47-a48086a6dc32-91587c31,"nixl_xfer_handle(0x556359a66620, released=False)",decode,1,0,452712,1,d61968e8-e4aa-43a2-8ca8-85b623ffd1e5_dp1,0,nixl_start_time
1780281048.6107438,1780281048.6232827,12.539,1780281048.623356,0.07343292236328125,137418572410,137418.57241,1780281048.6107438,12.612342834472656,0.0054836273193359375,6.1817169189453125,6.158,23592960,1.8815663131031184,1440,chatcmpl-ec3b790b-5b82-4ca3-b368-502a4aaf221c-b3df9bae,"nixl_xfer_handle(0x5af9a3d8e270, released=False)",decode,0,0,452715,15,d61968e8-e4aa-43a2-8ca8-85b623ffd1e5_dp1,0,nixl_start_time
1780281048.7229946,1780281048.7353005,12.306,1780281048.735388,0.08749961853027344,137418684661,137418.684661,1780281048.7229946,12.393474578857422,0.0054836273193359375,4.1561126708984375,4.122,33030144,2.6840682593856657,2016,chatcmpl-5e766e5d-904b-4aa4-9b60-55501a412288-a25df687,"nixl_xfer_handle(0x5af9a41f86b0, released=False)",decode,0,0,452715,21,d61968e8-e4aa-43a2-8ca8-85b623ffd1e5_dp0,0,nixl_start_time
1780281048.8101947,1780281048.8251498,14.955,1780281048.825208,0.05817413330078125,137418771861,137418.771861,1780281048.8101947,15.01321792602539,0.00476837158203125,1.7223358154296875,1.699,3145728,0.21034623871614846,192,chatcmpl-44bae27d-1603-4651-b1f2-bdd40ebbb051-a525f76d,"nixl_xfer_handle(0x5563599ab340, released=False)",decode,1,0,452712,2,d61968e8-e4aa-43a2-8ca8-85b623ffd1e5_dp0,0,nixl_start_time
1780281048.8104827,1780281048.8363197,25.837,1780281048.8364356,0.11587142944335938,137418772149,137418.772149,1780281048.8104827,25.952816009521484,0.009298324584960938,10.723590850830078,10.69,62914560,2.435056701629446,3840,chatcmpl-74a0f4a7-3727-41b5-a729-e91cc03e740e-b60b8dd1,"nixl_xfer_handle(0x5af9a3d6f0a0, released=False)",decode,0,0,452715,40,d61968e8-e4aa-43a2-8ca8-85b623ffd1e5_dp1,0,nixl_start_time
1780281048.8363917,1780281048.8616338,25.242,1780281048.8616526,0.018835067749023438,137418798058,137418.798058,1780281048.8363917,25.26092529296875,0.006198883056640625,6.037235260009766,6.018,47185920,1.869341573567863,2880,chatcmpl-7b3d76e7-b7a5-4437-9fcf-12fe772bf906-bfaa19b9,"nixl_xfer_handle(0x5563599ab340, released=False)",decode,1,0,452712,30,d61968e8-e4aa-43a2-8ca8-85b623ffd1e5_dp1,0,nixl_start_time
1780281048.8489265,1780281048.8614736,12.547,1780281048.8615346,0.06103515625,137418810593,137418.810593,1780281048.8489265,12.608051300048828,0.0057220458984375,0.5977153778076172,0.568,1572864,0.12535777476687654,48,chatcmpl-9d07ba5a-9b1e-4ca4-83c9-51e8dc275557-bd826b0b,"nixl_xfer_handle(0x5af9a3dcf0a0, released=False)",decode,0,0,452715,1,d61968e8-e4aa-43a2-8ca8-85b623ffd1e5_dp0,0,nixl_start_time
1780281048.9242678,1780281048.9371438,12.876,1780281048.9371662,0.022411346435546875,137418885934,137418.885934,1780281048.9242678,12.898445129394531,0.006198883056640625,1.8472671508789062,1.812,3145728,0.244309412861137,192,chatcmpl-50d0b0bd-451e-4746-b504-01473fcb77d3-b0a2c97f,"nixl_xfer_handle(0x5af99a3295c0, released=False)",decode,0,0,452715,2,d61968e8-e4aa-43a2-8ca8-85b623ffd1e5_dp1,0,nixl_start_time
1780281048.9243717,1780281048.9493227,24.951,1780281048.949363,0.04029273986816406,137418886038,137418.886038,1780281048.9243717,24.991273880004883,0.007152557373046875,7.253885269165039,7.232,66060288,2.647600817602501,4032,chatcmpl-ca3c25fd-336c-4402-baf2-7ef3d5732a65-ac001775,"nixl_xfer_handle(0x5563599ab340, released=False)",decode,1,0,452712,42,d61968e8-e4aa-43a2-8ca8-85b623ffd1e5_dp1,0,nixl_start_time
1780281048.9490716,1780281048.9741657,25.094,1780281048.9741864,0.020742416381835938,137418910738,137418.910738,1780281048.9490716,25.114774703979492,0.00286102294921875,8.86678695678711,8.838,9437184,0.3760733243006296,576,chatcmpl-dfe2000b-7496-452c-9394-e6313ec26984-9530ae03,"nixl_xfer_handle(0x5af99a3295c0, released=False)",decode,0,0,452715,6,d61968e8-e4aa-43a2-8ca8-85b623ffd1e5_dp0,0,nixl_start_time
1780281049.0108917,1780281049.0236187,12.727,1780281049.023639,0.020265579223632812,137418972558,137418.972558,1780281049.0108917,12.74728775024414,0.0050067901611328125,4.868030548095703,4.848,26738688,2.100941934470024,1632,chatcmpl-537657a8-0615-4051-9004-cc287eed1a1d-89130d57,"nixl_xfer_handle(0x5563599ab340, released=False)",decode,1,0,452712,17,d61968e8-e4aa-43a2-8ca8-85b623ffd1e5_dp0,0,nixl_start_time
1780281049.0485077,1780281049.0607476,12.239999999999998,1780281049.0607965,0.04887580871582031,137419010174,137419.010174,1780281049.0485077,12.288808822631836,0.006198883056640625,2.0291805267333984,2.004,3145728,0.2570039215686275,192,chatcmpl-ff8cdeb7-f5a6-45a3-9e36-ee17a9fd9965-af88eb8f,"nixl_xfer_handle(0x5af9a3d771e0, released=False)",decode,0,0,452715,2,d61968e8-e4aa-43a2-8ca8-85b623ffd1e5_dp1,0,nixl_start_time
1780281049.0485446,1780281049.0778217,29.277,1780281049.077835,0.0133514404296875,137419010211,137419.010211,1780281049.0485446,29.290437698364258,0.0050067901611328125,6.166696548461914,6.148,45613056,1.5579825801823957,2784,chatcmpl-8914505b-833f-43c6-9c94-7925e3bfe477-a515992f,"nixl_xfer_handle(0x5563599ab340, released=False)",decode,1,0,452712,29,d61968e8-e4aa-43a2-8ca8-85b623ffd1e5_dp0,0,nixl_start_time
1780281049.0732026,1780281049.0859137,12.711,1780281049.085932,0.018358230590820312,137419034869,137419.034869,1780281049.0732026,12.729406356811523,0.005245208740234375,4.210710525512695,4.189,7864320,0.6187019117299977,480,chatcmpl-4e0698f9-ab27-47c1-8a62-7125fd0777aa-a6cc7ac4,"nixl_xfer_handle(0x556359a66620, released=False)",decode,1,0,452712,5,d61968e8-e4aa-43a2-8ca8-85b623ffd1e5_dp1,0,nixl_start_time
1780281049.1747756,1780281049.2041595,29.384,1780281049.204194,0.03457069396972656,137419136442,137419.136442,1780281049.1747756,29.418468475341797,0.008106231689453125,12.686014175415039,12.659,80216064,2.7299232235230053,4896,chatcmpl-ea69e072-424e-4b16-876e-de094844c291-a4e3431d,"nixl_xfer_handle(0x5af9a3d771e0, released=False)",decode,0,0,452715,51,d61968e8-e4aa-43a2-8ca8-85b623ffd1e5_dp0,0,nixl_start_time
1780281049.1907916,1780281049.2280357,37.244,1780281049.2280521,0.016450881958007812,137419152458,137419.152458,1780281049.1907916,37.26053237915039,0.0054836273193359375,13.099431991577148,13.072,6291456,0.16892535710450005,384,chatcmpl-448ebea2-2179-40ef-96d1-78b174f3a025-aeb5d6c3,"nixl_xfer_handle(0x5af9a41bca80, released=False)",decode,0,0,452715,4,d61968e8-e4aa-43a2-8ca8-85b623ffd1e5_dp1,0,nixl_start_time
1780281049.2193966,1780281049.2441876,24.791,1780281049.2442048,0.0171661376953125,137419181063,137419.181063,1780281049.2193966,24.808168411254883,0.0073909759521484375,8.306264877319336,8.282,39321600,1.5861239966116736,2400,chatcmpl-2029e4be-6d74-474e-a969-3644d4139fa2-a382714e,"nixl_xfer_handle(0x5af9a3d6f0a0, released=False)",decode,0,0,452715,25,d61968e8-e4aa-43a2-8ca8-85b623ffd1e5_dp0,0,nixl_start_time
1780281049.2688777,1780281049.2810588,12.181000000000001,1780281049.281142,0.08320808410644531,137419230544,137419.230544,1780281049.2688777,12.264251708984375,0.0050067901611328125,4.024267196655273,3.993,6291456,0.5164974961004843,384,chatcmpl-27471e33-d050-43cc-84a5-e49c1fa4aae9-a9510539,"nixl_xfer_handle(0x5af9a41bca80, released=False)",decode,0,0,452715,4,d61968e8-e4aa-43a2-8ca8-85b623ffd1e5_dp1,0,nixl_start_time
1780281049.3560307,1780281049.3685496,12.519,1780281049.3686032,0.05364418029785156,137419317697,137419.317697,1780281049.3560307,12.572526931762695,0.005245208740234375,1.60980224609375,1.584,3145728,0.25127630002396356,192,chatcmpl-81085a33-b1da-43f3-b0ce-2ad441f0bba2-b8eb10d5,"nixl_xfer_handle(0x5563599ab340, released=False)",decode,1,0,452712,2,d61968e8-e4aa-43a2-8ca8-85b623ffd1e5_dp0,0,nixl_start_time
1780281049.3808076,1780281049.3937047,12.897,1780281049.393763,0.05841255187988281,137419342474,137419.342474,1780281049.3808076,12.955427169799805,0.0045299530029296875,4.192829132080078,4.174,18874368,1.4634696441032797,1152,chatcmpl-7fc81561-bd5a-4e84-bbf7-3ab197c3ce1a-b4107688,"nixl_xfer_handle(0x5563599ab340, released=False)",decode,1,0,452712,12,d61968e8-e4aa-43a2-8ca8-85b623ffd1e5_dp1,0,nixl_start_time
1780281049.3809347,1780281049.3935728,12.638,1780281049.3936424,0.06961822509765625,137419342601,137419.342601,1780281049.3809347,12.707710266113281,0.006198883056640625,8.269309997558594,8.247,37748736,2.986923247349264,2304,chatcmpl-165a4388-4154-407e-a741-0021f8d749b6-bc5a4c40,"nixl_xfer_handle(0x5af9a41bca80, released=False)",decode,0,0,452715,24,d61968e8-e4aa-43a2-8ca8-85b623ffd1e5_dp0,0,nixl_start_time
1780281049.4183996,1780281049.4338195,15.42,1780281049.4338431,0.023603439331054688,137419380066,137419.380066,1780281049.4183996,15.443563461303711,0.0064373016357421875,3.048419952392578,3.007,4718592,0.3060046692607004,288,chatcmpl-ffb36152-4950-46e1-bd6d-585de0e85470-bd72e318,"nixl_xfer_handle(0x5af9a41bca80, released=False)",decode,0,0,452715,3,d61968e8-e4aa-43a2-8ca8-85b623ffd1e5_dp0,0,nixl_start_time
1780281049.4308066,1780281049.4435406,12.734,1780281049.443566,0.025510787963867188,137419392473,137419.392473,1780281049.4308066,12.75944709777832,0.00667572021484375,2.6819705963134766,2.646,4718592,0.37055065179833513,288,chatcmpl-4bd72e90-6282-4d29-ba44-57b59a2d33f3-9daacd89,"nixl_xfer_handle(0x5af9a38215a0, released=False)",decode,0,0,452715,3,d61968e8-e4aa-43a2-8ca8-85b623ffd1e5_dp1,0,nixl_start_time
1780281049.5432427,1780281049.5557597,12.517,1780281049.5557978,0.03814697265625,137419504909,137419.504909,1780281049.5432427,12.555122375488281,0.0059604644775390625,5.246400833129883,5.226,26738688,2.1361898218422946,1632,chatcmpl-7b704425-14ea-413c-9127-953c2b1960f2-acde1af9,"nixl_xfer_handle(0x5563599ab340, released=False)",decode,1,0,452712,17,d61968e8-e4aa-43a2-8ca8-85b623ffd1e5_dp0,0,nixl_start_time
1780281049.5556695,1780281049.5678115,12.142,1780281049.567831,0.019550323486328125,137419517336,137419.517336,1780281049.5556695,12.161493301391602,0.0073909759521484375,4.146337509155273,4.109,31457280,2.590782408169989,1920,chatcmpl-a5decc1d-a72e-4512-91ca-22bf66f0db02-b21491c4,"nixl_xfer_handle(0x5af9a41f1e30, released=False)",decode,0,0,452715,20,d61968e8-e4aa-43a2-8ca8-85b623ffd1e5_dp1,0,nixl_start_time
1780281049.5807548,1780281049.6060266,25.272,1780281049.6060758,0.049114227294921875,137419542421,137419.542421,1780281049.5807548,25.321006774902344,0.0045299530029296875,6.4907073974609375,6.472,44040192,1.7426476733143401,2688,chatcmpl-6dc03534-d1da-44e2-95e5-6d2f19db06b9-871da713,"nixl_xfer_handle(0x556359a168b0, released=False)",decode,1,0,452712,28,d61968e8-e4aa-43a2-8ca8-85b623ffd1e5_dp0,0,nixl_start_time
1780281049.6310666,1780281049.6431055,12.039,1780281049.6431665,0.06103515625,137419592733,137419.592733,1780281049.6310666,12.099981307983398,0.0054836273193359375,0.48995018005371094,0.463,1572864,0.13064739596311986,48,chatcmpl-35553161-4319-435d-9971-c79dea5d301b-91541944,"nixl_xfer_handle(0x5af9a41f1e30, released=False)",decode,0,0,452715,1,d61968e8-e4aa-43a2-8ca8-85b623ffd1e5_dp1,0,nixl_start_time
1780281049.6558766,1780281049.6685066,12.63,1780281049.6685803,0.07367134094238281,137419617543,137419.617543,1780281049.6558766,12.703657150268555,0.0045299530029296875,1.790761947631836,1.767,3145728,0.24906793349168646,192,chatcmpl-645c6a2e-ea7f-4e5a-919f-c5a00e540117-908ca750,"nixl_xfer_handle(0x556359a168b0, released=False)",decode,1,0,452712,2,d61968e8-e4aa-43a2-8ca8-85b623ffd1e5_dp0,0,nixl_start_time
1780281049.6807628,1780281049.7006829,19.92,1780281049.700729,0.04601478576660156,137419642429,137419.642429,1780281049.6807628,19.96612548828125,0.0057220458984375,3.9336681365966797,3.906,6291456,0.3158361445783132,384,chatcmpl-8b8cc654-b1d3-46ac-88a2-bede7d365855-82e0a847,"nixl_xfer_handle(0x5af9a41f1e30, released=False)",decode,0,0,452715,4,d61968e8-e4aa-43a2-8ca8-85b623ffd1e5_dp0,0,nixl_start_time
1780281049.6807628,1780281049.6934257,12.663,1780281049.693445,0.019311904907226562,137419642429,137419.642429,1780281049.6807628,12.682199478149414,0.0054836273193359375,4.174232482910156,4.155,18874368,1.4905131485429992,1152,chatcmpl-c9b98fcb-d8b2-4d12-b78b-3f27ad87fb6c-8ce3a8e2,"nixl_xfer_handle(0x556359a168b0, released=False)",decode,1,0,452712,12,d61968e8-e4aa-43a2-8ca8-85b623ffd1e5_dp1,0,nixl_start_time
1780281049.6932507,1780281049.7057886,12.538,1780281049.705806,0.017404556274414062,137419654917,137419.654917,1780281049.6932507,12.555360794067383,0.0059604644775390625,7.081031799316406,7.047,9437184,0.752686552879247,576,chatcmpl-abed4ecc-b7d3-43ca-b300-71a3ec884e48-9957aa25,"nixl_xfer_handle(0x5af9a41bca80, released=False)",decode,0,0,452715,6,d61968e8-e4aa-43a2-8ca8-85b623ffd1e5_dp0,0,nixl_start_time
1780281049.7679286,1780281049.7891185,21.19,1780281049.7891328,0.01430511474609375,137419729595,137419.729595,1780281049.7679286,21.204233169555664,0.00476837158203125,1.6775131225585938,1.654,3145728,0.14845342142520054,192,chatcmpl-e8bb3ff4-1009-478c-975d-cab065256d8f-b6d8765f,"nixl_xfer_handle(0x556359a168b0, released=False)",decode,1,0,452712,2,d61968e8-e4aa-43a2-8ca8-85b623ffd1e5_dp1,0,nixl_start_time
1780281049.7805507,1780281049.8095198,28.969,1780281049.8095427,0.02288818359375,137419742217,137419.742217,1780281049.7805507,28.9919376373291,0.0045299530029296875,8.156299591064453,8.133,15728640,0.5429472884807898,960,chatcmpl-0352e78c-a87f-4581-a15a-0545c5213885-ad3016ea,"nixl_xfer_handle(0x556359984ac0, released=False)",decode,1,0,452712,10,d61968e8-e4aa-43a2-8ca8-85b623ffd1e5_dp0,0,nixl_start_time
1780281049.7930806,1780281049.8209317,27.851,1780281049.8209531,0.021457672119140625,137419754747,137419.754747,1780281049.7930806,27.872562408447266,0.0057220458984375,12.538671493530273,12.511,15728640,0.5647423790887222,960,chatcmpl-6083e3ee-1b5c-4d9f-889a-d6956b457c06-b813780a,"nixl_xfer_handle(0x5af9a41bca80, released=False)",decode,0,0,452715,10,d61968e8-e4aa-43a2-8ca8-85b623ffd1e5_dp1,0,nixl_start_time
1780281049.8840628,1780281049.9199798,35.916999999999994,1780281049.9200602,0.08034706115722656,137419845729,137419.845729,1780281049.8840628,35.99739074707031,0.0073909759521484375,11.34037971496582,11.315,77070336,2.1457899045020468,4704,chatcmpl-73fad9d1-1954-4a55-98fc-415a963d3aee-97e3079a,"nixl_xfer_handle(0x5af9a3de0f60, released=False)",decode,0,0,452715,49,d61968e8-e4aa-43a2-8ca8-85b623ffd1e5_dp0,0,nixl_start_time
1780281049.9107738,1780281049.9232488,12.475,1780281049.9232864,0.037670135498046875,137419872440,137419.87244,1780281049.9107738,12.512683868408203,0.00667572021484375,8.870124816894531,8.846,36175872,2.899869498997996,2208,chatcmpl-29582c22-48f0-4d6d-9ccb-caa2057537aa-98ab17a1,"nixl_xfer_handle(0x5af9a41f1e30, released=False)",decode,0,0,452715,23,d61968e8-e4aa-43a2-8ca8-85b623ffd1e5_dp1,0,nixl_start_time
1780281049.9233336,1780281049.9482527,24.919,1780281049.9482713,0.018596649169921875,137419885000,137419.885,1780281049.9233336,24.93762969970703,0.0045299530029296875,5.968570709228516,5.95,37748736,1.5148575785545166,2304,chatcmpl-6c571df2-a781-47f2-99cf-7c197a6a4087-9b17f528,"nixl_xfer_handle(0x5563599622c0, released=False)",decode,1,0,452712,24,d61968e8-e4aa-43a2-8ca8-85b623ffd1e5_dp0,0,nixl_start_time
1780281049.9992716,1780281050.0316157,32.344,1780281050.0316687,0.052928924560546875,137419960938,137419.960938,1780281049.9992716,32.39703178405762,0.00667572021484375,16.672611236572266,16.635,80216064,2.480091021518674,4896,chatcmpl-93d51de5-d90f-4d1f-ba60-4ab40970de2b-a6027a06,"nixl_xfer_handle(0x5563599622c0, released=False)",decode,1,0,452712,51,d61968e8-e4aa-43a2-8ca8-85b623ffd1e5_dp1,0,nixl_start_time
1780281050.1213236,1780281050.1342616,12.938,1780281050.1342833,0.021696090698242188,137420082990,137420.08299,1780281050.1213236,12.959718704223633,0.00476837158203125,1.7023086547851562,1.682,3145728,0.24313866130777556,192,chatcmpl-316323e4-9e47-4b70-bc28-2b81dbf94e0e-a151e849,"nixl_xfer_handle(0x5563599622c0, released=False)",decode,1,0,452712,2,d61968e8-e4aa-43a2-8ca8-85b623ffd1e5_dp0,0,nixl_start_time
1780281050.1842866,1780281050.1970975,12.811,1780281050.1971252,0.02765655517578125,137420145953,137420.145953,1780281050.1842866,12.838602066040039,0.0054836273193359375,4.685401916503906,4.666,20447232,1.596068378737023,1248,chatcmpl-471cec91-c5a7-483b-b821-7531fdb4eadd-9af25225,"nixl_xfer_handle(0x5563599622c0, released=False)",decode,1,0,452712,13,d61968e8-e4aa-43a2-8ca8-85b623ffd1e5_dp1,0,nixl_start_time
1780281050.3096437,1780281050.3346188,24.975,1780281050.3346405,0.021696090698242188,137420271310,137420.27131,1780281050.3096437,24.99675750732422,0.0054836273193359375,6.76417350769043,6.745,51904512,2.0782587387387386,3168,chatcmpl-d9622e15-cf31-4c03-8414-ac88291c3643-8a63b1a0,"nixl_xfer_handle(0x5563599622c0, released=False)",decode,1,0,452712,33,d61968e8-e4aa-43a2-8ca8-85b623ffd1e5_dp0,0,nixl_start_time
1780281050.3847706,1780281050.4092705,24.5,1780281050.4092915,0.0209808349609375,137420346437,137420.346437,1780281050.3847706,24.5208740234375,0.008821487426757812,8.569478988647461,8.53,51904512,2.1185515102040817,3168,chatcmpl-528539cf-fbe7-4586-aa8e-7441e87057a3-8a5dee63,"nixl_xfer_handle(0x5af9a41f1e30, released=False)",decode,0,0,452715,33,d61968e8-e4aa-43a2-8ca8-85b623ffd1e5_dp0,0,nixl_start_time
1780281050.3969595,1780281050.4094236,12.463999999999999,1780281050.4094427,0.019073486328125,137420358626,137420.358626,1780281050.3969595,12.48311996459961,0.0045299530029296875,1.9288063049316406,1.907,3145728,0.25238510911424905,192,chatcmpl-3d02d22f-f103-410b-aca3-30277c45f525-8a532ba4,"nixl_xfer_handle(0x5563599622c0, released=False)",decode,1,0,452712,2,d61968e8-e4aa-43a2-8ca8-85b623ffd1e5_dp0,0,nixl_start_time
1780281050.5967746,1780281050.6301246,33.349999999999994,1780281050.6301498,0.025272369384765625,137420558441,137420.558441,1780281050.5967746,33.37526321411133,0.008106231689453125,18.17488670349121,18.148,94371840,2.8297403298350825,5760,chatcmpl-0ca1d693-a731-4474-a857-afaecc5fff10-869a8ebf,"nixl_xfer_handle(0x5af9a41f7860, released=False)",decode,0,0,452715,60,d61968e8-e4aa-43a2-8ca8-85b623ffd1e5_dp1,0,nixl_start_time
1780281050.6188107,1780281050.6301866,11.376000000000001,1780281050.6302176,0.030994415283203125,137420580477,137420.580477,1780281050.6188107,11.406898498535156,0.0054836273193359375,4.321575164794922,4.301,18874368,1.659139240506329,1152,chatcmpl-254ec635-5a7b-4b26-ac88-3c7e83152667-88a5e7dd,"nixl_xfer_handle(0x5563599622c0, released=False)",decode,1,0,452712,12,d61968e8-e4aa-43a2-8ca8-85b623ffd1e5_dp0,0,nixl_start_time
1780281050.8426867,1780281050.8556325,12.946,1780281050.8556547,0.022172927856445312,137420804353,137420.804353,1780281050.8426867,12.968063354492188,0.005245208740234375,2.5000572204589844,2.478,4718592,0.36448262011432103,288,chatcmpl-b5cede54-7dd4-40da-a094-077151858807-83b811a3,"nixl_xfer_handle(0x5563599622c0, released=False)",decode,1,0,452712,3,d61968e8-e4aa-43a2-8ca8-85b623ffd1e5_dp0,0,nixl_start_time
1780281050.9183547,1780281050.9310908,12.736,1780281050.9311538,0.0629425048828125,137420880021,137420.880021,1780281050.9183547,12.79902458190918,0.02574920654296875,2.176523208618164,2.126,3145728,0.24699497487437186,192,chatcmpl-c991940f-9f47-4770-89d4-9603a32c3470-96adb85c,"nixl_xfer_handle(0x5af9a37a3c50, released=False)",decode,0,0,452715,2,d61968e8-e4aa-43a2-8ca8-85b623ffd1e5_dp1,0,nixl_start_time
1780281050.9806337,1780281050.9932477,12.614,1780281050.9932954,0.0476837158203125,137420942300,137420.9423,1780281050.9806337,12.66169548034668,0.0054836273193359375,0.6499290466308594,0.629,1572864,0.12469192960202949,48,chatcmpl-fbf99798-5b06-41fb-a031-21b16f070368-86dffdbc,"nixl_xfer_handle(0x5af9a37a3c50, released=False)",decode,0,0,452715,1,d61968e8-e4aa-43a2-8ca8-85b623ffd1e5_dp0,0,nixl_start_time
1780281050.9932196,1780281050.9941366,0.9169999999999999,1780281050.9941957,0.0591278076171875,137420954886,137420.954886,1780281050.9932196,0.9760856628417969,0.0040531158447265625,0.5428791046142578,0.523,1572864,1.715227917121047,48,chatcmpl-a748a9ab-8826-4987-9cb4-9aed8ee94a4c-ba9611ca,"nixl_xfer_handle(0x5563599622c0, released=False)",decode,1,0,452712,1,d61968e8-e4aa-43a2-8ca8-85b623ffd1e5_dp1,0,nixl_start_time
1780281051.0183616,1780281051.0194316,1.07,1780281051.0194466,0.015020370483398438,137420980028,137420.980028,1780281051.0183616,1.085042953491211,0.004291534423828125,0.49376487731933594,0.475,1572864,1.469966355140187,48,chatcmpl-cda671e0-5b26-45fe-ad43-eb6b20fd7bbd-a31d60c7,"nixl_xfer_handle(0x5563599622c0, released=False)",decode,1,0,452712,1,d61968e8-e4aa-43a2-8ca8-85b623ffd1e5_dp0,0,nixl_start_time
1780281051.0183866,1780281051.0311005,12.714,1780281051.0311868,0.08630752563476562,137420980053,137420.980053,1780281051.0183866,12.800216674804688,0.0073909759521484375,2.1209716796875,2.094,3145728,0.24742236904200096,192,chatcmpl-e34b9d85-4a82-4c14-acd8-ad41edb6b40e-aa68d7f4,"nixl_xfer_handle(0x5af9a37a3c50, released=False)",decode,0,0,452715,2,d61968e8-e4aa-43a2-8ca8-85b623ffd1e5_dp1,0,nixl_start_time
1780281051.2566507,1780281051.2817557,25.105,1780281051.2817755,0.019788742065429688,137421218317,137421.218317,1780281051.2566507,25.124788284301758,0.0050067901611328125,6.870746612548828,6.85,58195968,2.318102688707429,3552,chatcmpl-90d2463c-b74d-47b7-852e-9170769ee049-b3f28944,"nixl_xfer_handle(0x5563599622c0, released=False)",decode,1,0,452712,37,d61968e8-e4aa-43a2-8ca8-85b623ffd1e5_dp0,0,nixl_start_time
1780281051.2695556,1780281051.2816315,12.076,1780281051.2816842,0.05269050598144531,137421231222,137421.231222,1780281051.2695556,12.128591537475586,0.00858306884765625,4.678487777709961,4.64,34603008,2.8654362371646243,2112,chatcmpl-29fac7b8-6fee-4b2e-b3ae-432bee36401b-95798a90,"nixl_xfer_handle(0x5af9a3d66f80, released=False)",decode,0,0,452715,22,d61968e8-e4aa-43a2-8ca8-85b623ffd1e5_dp1,0,nixl_start_time
1780281051.2941117,1780281051.3071408,13.029,1780281051.307161,0.020265579223632812,137421255778,137421.255778,1780281051.2941117,13.04936408996582,0.0045299530029296875,5.621433258056641,5.603,36175872,2.776565507713562,2208,chatcmpl-e414d840-51d5-4cbd-9175-b62f9583551e-a21427f2,"nixl_xfer_handle(0x556356deb070, released=False)",decode,1,0,452712,23,d61968e8-e4aa-43a2-8ca8-85b623ffd1e5_dp1,0,nixl_start_time
1780281051.3194478,1780281051.3320737,12.626,1780281051.3321078,0.03409385681152344,137421281114,137421.281114,1780281051.3194478,12.660026550292969,0.008106231689453125,8.120059967041016,8.095,36175872,2.8651886583240933,2208,chatcmpl-dce9cce1-a649-4190-b959-cd433dbc9a05-819a9ea4,"nixl_xfer_handle(0x5af9a3d66f80, released=False)",decode,0,0,452715,23,d61968e8-e4aa-43a2-8ca8-85b623ffd1e5_dp0,0,nixl_start_time
1780281051.4322348,1780281051.4575238,25.288999999999998,1780281051.4575815,0.057697296142578125,137421393901,137421.393901,1780281051.4322348,25.346755981445312,0.006198883056640625,6.796121597290039,6.776,58195968,2.3012364269049788,3552,chatcmpl-2d0e4e2b-fc8e-439d-9e78-3063e2f9610b-891b27fb,"nixl_xfer_handle(0x556359a1ca60, released=False)",decode,1,0,452712,37,d61968e8-e4aa-43a2-8ca8-85b623ffd1e5_dp1,0,nixl_start_time
1780281051.4446256,1780281051.4699466,25.321,1780281051.4700038,0.057220458984375,137421406292,137421.406292,1780281051.4446256,25.37822723388672,0.0045299530029296875,9.035587310791016,9.018,22020096,0.8696376920342799,1344,chatcmpl-cabe5d3b-41c0-4863-b055-cf4863ebcc41-bce4fc6c,"nixl_xfer_handle(0x556359a168b0, released=False)",decode,1,0,452712,14,d61968e8-e4aa-43a2-8ca8-85b623ffd1e5_dp0,0,nixl_start_time
1780281051.5074537,1780281051.5374897,30.036,1780281051.537518,0.028371810913085938,137421469120,137421.46912,1780281051.5074537,30.06434440612793,0.00858306884765625,7.851839065551758,7.825,42467328,1.4138809428685577,2592,chatcmpl-7ca4cd57-2ab1-43d7-8d80-12713ac01359-8a16c43c,"nixl_xfer_handle(0x5af9a38b9ca0, released=False)",decode,0,0,452715,27,d61968e8-e4aa-43a2-8ca8-85b623ffd1e5_dp0,0,nixl_start_time
1780281051.5325887,1780281051.5574868,24.898,1780281051.5575705,0.08368492126464844,137421494255,137421.494255,1780281051.5325887,24.98173713684082,0.0073909759521484375,4.565000534057617,4.527,45613056,1.8319967868905132,2784,chatcmpl-58308679-71ec-488c-9518-3a71953f9397-b4780935,"nixl_xfer_handle(0x5af9a3de0f60, released=False)",decode,0,0,452715,29,d61968e8-e4aa-43a2-8ca8-85b623ffd1e5_dp1,0,nixl_start_time
1780281051.6078796,1780281051.6389427,31.063,1780281051.6389787,0.03600120544433594,137421569546,137421.569546,1780281051.6078796,31.09908103942871,0.005245208740234375,15.598058700561523,15.561,73924608,2.379828348839455,4512,chatcmpl-ee9596b3-0d50-4b75-bbe4-6959381707f5-8ac8f6b9,"nixl_xfer_handle(0x556359a168b0, released=False)",decode,1,0,452712,47,d61968e8-e4aa-43a2-8ca8-85b623ffd1e5_dp0,0,nixl_start_time
1780281051.6763937,1780281051.7013607,24.967,1780281051.7013838,0.023126602172851562,137421638060,137421.63806,1780281051.6763937,24.990081787109375,0.0054836273193359375,6.154060363769531,6.133,44040192,1.7639360756198181,2688,chatcmpl-38b8c0dc-a6c2-4d97-86f5-75310af99760-9c28eb9d,"nixl_xfer_handle(0x556356deb070, released=False)",decode,1,0,452712,28,d61968e8-e4aa-43a2-8ca8-85b623ffd1e5_dp1,0,nixl_start_time
1780281051.6886127,1780281051.7011988,12.586,1780281051.7012603,0.061511993408203125,137421650279,137421.650279,1780281051.6886127,12.647628784179688,0.005245208740234375,1.966714859008789,1.943,3145728,0.24993866200540282,192,chatcmpl-a399046b-30bf-43f1-832a-a6f8a20d1ed2-948cf1bb,"nixl_xfer_handle(0x5af9a41d9fe0, released=False)",decode,0,0,452715,2,d61968e8-e4aa-43a2-8ca8-85b623ffd1e5_dp0,0,nixl_start_time
1780281051.7635047,1780281051.7969317,33.427,1780281051.7969508,0.019073486328125,137421725171,137421.725171,1780281051.7635047,33.44607353210449,0.0064373016357421875,18.316268920898438,18.278,86507520,2.5879534508032433,5280,chatcmpl-f634bb1c-1ddf-4170-91ce-d47fbad1ab92-a12a6398,"nixl_xfer_handle(0x556356deb070, released=False)",decode,1,0,452712,55,d61968e8-e4aa-43a2-8ca8-85b623ffd1e5_dp1,0,nixl_start_time
1780281051.8341496,1780281051.8593116,25.162,1780281051.8593638,0.05221366882324219,137421795816,137421.795816,1780281051.8341496,25.214195251464844,0.0059604644775390625,6.4544677734375,6.434,45613056,1.8127754550512678,2784,chatcmpl-e7e359c4-4ead-49d6-a84f-151c265a47e6-abb47270,"nixl_xfer_handle(0x55635995b7e0, released=False)",decode,1,0,452712,29,d61968e8-e4aa-43a2-8ca8-85b623ffd1e5_dp0,0,nixl_start_time
1780281051.8342288,1780281051.8591728,24.944000000000003,1780281051.8591936,0.020742416381835938,137421795895,137421.795895,1780281051.8342288,24.96480941772461,0.0069141387939453125,9.505748748779297,9.474,48758784,1.9547299550994226,2976,chatcmpl-7db0c16b-166b-420e-b443-e4d82529535e-87e70024,"nixl_xfer_handle(0x5af9a41d9fe0, released=False)",decode,0,0,452715,31,d61968e8-e4aa-43a2-8ca8-85b623ffd1e5_dp0,0,nixl_start_time
1780281051.9092526,1780281051.9221127,12.86,1780281051.922158,0.045299530029296875,137421870919,137421.870919,1780281051.9092526,12.905359268188477,0.00476837158203125,2.335786819458008,2.311,4718592,0.3669200622083982,288,chatcmpl-d22a5809-ef1e-4187-bdad-26d9e8e9a810-906c0353,"nixl_xfer_handle(0x55635995b7e0, released=False)",decode,1,0,452712,3,d61968e8-e4aa-43a2-8ca8-85b623ffd1e5_dp1,0,nixl_start_time
1780281051.9093566,1780281051.9305496,21.193,1780281051.9306107,0.06103515625,137421871023,137421.871023,1780281051.9093566,21.25406265258789,0.022172927856445312,0.5602836608886719,0.519,1572864,0.07421620346340772,48,chatcmpl-ec2dbef2-efef-4780-a000-80187310901f-87329fc9,"nixl_xfer_handle(0x5af9a41d9fe0, released=False)",decode,0,0,452715,1,d61968e8-e4aa-43a2-8ca8-85b623ffd1e5_dp1,0,nixl_start_time
1780281051.9220037,1780281051.9366016,14.597999999999999,1780281051.9366484,0.04673004150390625,137421883670,137421.88367,1780281051.9220037,14.644622802734375,0.0050067901611328125,8.16035270690918,8.137,44040192,3.0168647759967118,2688,chatcmpl-88744145-7ada-4c5d-9cbe-bcd03517117f-ab2015ac,"nixl_xfer_handle(0x5af9a38b9ca0, released=False)",decode,0,0,452715,28,d61968e8-e4aa-43a2-8ca8-85b623ffd1e5_dp1,0,nixl_start_time
1780281051.9344528,1780281051.9474158,12.963000000000001,1780281051.9474382,0.022411346435546875,137421896119,137421.896119,1780281051.9344528,12.985467910766602,0.005245208740234375,1.8320083618164062,1.798,3145728,0.24266975237213606,192,chatcmpl-28529bc5-8c7b-49fc-986f-c3b382399d5b-98ed1849,"nixl_xfer_handle(0x5af9a3e0fde0, released=False)",decode,0,0,452715,2,d61968e8-e4aa-43a2-8ca8-85b623ffd1e5_dp0,0,nixl_start_time
1780281051.9346197,1780281051.9596467,25.027,1780281051.959688,0.04124641418457031,137421896286,137421.896286,1780281051.9346197,25.068283081054688,0.0035762786865234375,6.91676139831543,6.899,61341696,2.4510207376033883,3744,chatcmpl-795fe978-cb56-4924-b1d6-ebc583f492f1-b8855547,"nixl_xfer_handle(0x55635995b7e0, released=False)",decode,1,0,452712,39,d61968e8-e4aa-43a2-8ca8-85b623ffd1e5_dp1,0,nixl_start_time
1780281051.9415956,1780281051.9597156,18.12,1780281051.9597495,0.033855438232421875,137421903262,137421.903262,1780281051.9415956,18.153905868530273,0.0016689300537109375,0.41031837463378906,0.4,1572864,0.0868026490066225,48,chatcmpl-4544e826-5a7b-47e4-96e6-0a4c956be2e9-9d9116c2,"nixl_xfer_handle(0x556359a1ca60, released=False)",decode,1,0,452712,1,d61968e8-e4aa-43a2-8ca8-85b623ffd1e5_dp0,0,nixl_start_time
1780281051.9473526,1780281051.9597607,12.408000000000001,1780281051.9597695,0.008821487426757812,137421909019,137421.909019,1780281051.9473526,12.416839599609375,0.021457672119140625,0.4405975341796875,0.403,1572864,0.12676208897485494,48,chatcmpl-24b12b05-bb49-4aae-aca9-cb40e3bf8ba3-bab3924a,"nixl_xfer_handle(0x556356deb070, released=False)",decode,1,0,452712,1,d61968e8-e4aa-43a2-8ca8-85b623ffd1e5_dp1,0,nixl_start_time
1780281052.0218527,1780281052.0341668,12.314,1780281052.0341868,0.02002716064453125,137421983519,137421.983519,1780281052.0218527,12.334108352661133,0.0059604644775390625,2.67791748046875,2.634,4718592,0.3831892155270424,288,chatcmpl-af567d6a-0f65-454d-8c70-54053422d404-815a8589,"nixl_xfer_handle(0x5af9a3dc2a20, released=False)",decode,0,0,452715,3,d61968e8-e4aa-43a2-8ca8-85b623ffd1e5_dp0,0,nixl_start_time
1780281052.1337967,1780281052.1461906,12.394,1780281052.1462114,0.020742416381835938,137422095463,137422.095463,1780281052.1337967,12.414693832397461,0.0050067901611328125,2.611875534057617,2.586,4718592,0.38071583024043887,288,chatcmpl-26827252-a801-497d-ab6e-14ee70fbfac9-ba5d75e2,"nixl_xfer_handle(0x5563599119e0, released=False)",decode,1,0,452712,3,d61968e8-e4aa-43a2-8ca8-85b623ffd1e5_dp1,0,nixl_start_time
1780281052.1709177,1780281052.1839037,12.985999999999999,1780281052.183927,0.023365020751953125,137422132584,137422.132584,1780281052.1709177,13.009309768676758,0.00667572021484375,8.604764938354492,8.568,34603008,2.6646394578777146,2112,chatcmpl-fffbcb19-5c36-4791-88dc-69ec2cdef218-9751b099,"nixl_xfer_handle(0x5af9a3dc2a20, released=False)",decode,0,0,452715,22,d61968e8-e4aa-43a2-8ca8-85b623ffd1e5_dp0,0,nixl_start_time
1780281052.1957057,1780281052.2104826,14.777000000000001,1780281052.2104974,0.014781951904296875,137422157372,137422.157372,1780281052.1957057,14.791727066040039,0.00476837158203125,4.283666610717773,4.263,18874368,1.277280097448738,1152,chatcmpl-dcae1f46-4f8c-4bb7-8055-c0c02a8f97e3-a71e9756,"nixl_xfer_handle(0x5563599119e0, released=False)",decode,1,0,452712,12,d61968e8-e4aa-43a2-8ca8-85b623ffd1e5_dp1,0,nixl_start_time
1780281052.1957617,1780281052.2082956,12.534,1780281052.2083797,0.08416175842285156,137422157428,137422.157428,1780281052.1957617,12.618064880371094,0.0054836273193359375,3.682374954223633,3.656,26738688,2.133292484442317,1632,chatcmpl-44ebf526-6dc2-4d89-972a-74948478319c-b99c602e,"nixl_xfer_handle(0x5af9a3dc2a20, released=False)",decode,0,0,452715,17,d61968e8-e4aa-43a2-8ca8-85b623ffd1e5_dp1,0,nixl_start_time
1780281052.2081416,1780281052.2206225,12.481000000000002,1780281052.2206726,0.050067901611328125,137422169808,137422.169808,1780281052.2081416,12.531042098999023,0.0026226043701171875,1.7404556274414062,1.722,3145728,0.2520413428411185,192,chatcmpl-b399d0b1-7341-4c6b-b5bb-c7edd3f83a26-b01f6be8,"nixl_xfer_handle(0x556359a34020, released=False)",decode,1,0,452712,2,d61968e8-e4aa-43a2-8ca8-85b623ffd1e5_dp0,0,nixl_start_time
1780281052.2822587,1780281052.2955947,13.336,1780281052.2956285,0.033855438232421875,137422243925,137422.243925,1780281052.2822587,13.36979866027832,0.0040531158447265625,1.665353775024414,1.645,3145728,0.23588242351529692,192,chatcmpl-f673b508-267d-412a-aa14-b26e99d9b06e-a1b00a9a,"nixl_xfer_handle(0x556359a34020, released=False)",decode,1,0,452712,2,d61968e8-e4aa-43a2-8ca8-85b623ffd1e5_dp1,0,nixl_start_time
1780281052.3077817,1780281052.3323927,24.611,1780281052.3324177,0.025033950805664062,137422269448,137422.269448,1780281052.3077817,24.636030197143555,0.0064373016357421875,9.355545043945312,9.332,48758784,1.9811784974198527,2976,chatcmpl-4615f12a-b2b3-4314-8954-fdfb7e2d5a09-a5f6e68e,"nixl_xfer_handle(0x5af9a3dc2a20, released=False)",decode,0,0,452715,31,d61968e8-e4aa-43a2-8ca8-85b623ffd1e5_dp0,0,nixl_start_time
1780281052.3824437,1780281052.4140208,31.577,1780281052.4140532,0.0324249267578125,137422344110,137422.34411,1780281052.3824437,31.609535217285156,0.00858306884765625,18.80502700805664,18.769,102236160,3.237678056813503,6240,chatcmpl-0672b6d0-9547-4441-97ac-4caf5c498aaf-971d1053,"nixl_xfer_handle(0x5af9a3e06260, released=False)",decode,0,0,452715,65,d61968e8-e4aa-43a2-8ca8-85b623ffd1e5_dp1,0,nixl_start_time
1780281052.4046297,1780281052.4292476,24.618000000000002,1780281052.4293103,0.06270408630371094,137422366296,137422.366296,1780281052.4046297,24.680614471435547,0.005245208740234375,9.125709533691406,9.101,3145728,0.12778162320253472,192,chatcmpl-15bb50a5-9d6f-40af-bd89-526c4601d1db-aa592014,"nixl_xfer_handle(0x5af9a3e70960, released=False)",decode,0,0,452715,2,d61968e8-e4aa-43a2-8ca8-85b623ffd1e5_dp0,0,nixl_start_time
1780281052.4172356,1780281052.4415736,24.337999999999997,1780281052.4415958,0.022172927856445312,137422378902,137422.378902,1780281052.4172356,24.360179901123047,0.00476837158203125,6.083250045776367,6.064,44040192,1.8095238721341114,2688,chatcmpl-a8b39d28-daf5-4f8f-a606-389b71ddb7eb-b7169f26,"nixl_xfer_handle(0x556359a34020, released=False)",decode,1,0,452712,28,d61968e8-e4aa-43a2-8ca8-85b623ffd1e5_dp1,0,nixl_start_time
1780281052.4291728,1780281052.4416177,12.445,1780281052.4416804,0.06270408630371094,137422390839,137422.390839,1780281052.4291728,12.50767707824707,0.0045299530029296875,0.4677772521972656,0.448,1572864,0.12638521494576135,48,chatcmpl-bdf5b211-1ca2-4b65-b0af-14d51534c5bc-87ca8f38,"nixl_xfer_handle(0x5563599119e0, released=False)",decode,1,0,452712,1,d61968e8-e4aa-43a2-8ca8-85b623ffd1e5_dp0,0,nixl_start_time
1780281052.6272976,1780281052.6398797,12.581999999999999,1780281052.6399477,0.06794929504394531,137422588964,137422.588964,1780281052.6272976,12.650012969970703,0.0057220458984375,1.88446044921875,1.858,3145728,0.25001812112541727,192,chatcmpl-081b0503-3a16-40ac-ae2d-613acd0b1388-b1b93adf,"nixl_xfer_handle(0x5af9a3e06260, released=False)",decode,0,0,452715,2,d61968e8-e4aa-43a2-8ca8-85b623ffd1e5_dp0,0,nixl_start_time
1780281052.7398727,1780281052.7697837,29.911,1780281052.7698174,0.03361701965332031,137422701539,137422.701539,1780281052.7398727,29.944658279418945,0.0073909759521484375,9.658336639404297,9.621,59768832,1.9982224599645615,3648,chatcmpl-eadc8671-1fd9-4c9f-becb-9f5628f59b3e-a9a611c5,"nixl_xfer_handle(0x5af9a3d77220, released=False)",decode,0,0,452715,38,d61968e8-e4aa-43a2-8ca8-85b623ffd1e5_dp1,0,nixl_start_time
1780281052.7651577,1780281052.7902167,25.059,1780281052.7902732,0.05650520324707031,137422726824,137422.726824,1780281052.7651577,25.115489959716797,0.0069141387939453125,4.333734512329102,4.308,47185920,1.88299293666946,2880,chatcmpl-1d01b586-8916-46ce-9ff0-9f2584c657e8-83e1b3c0,"nixl_xfer_handle(0x5af9a41dbb20, released=False)",decode,0,0,452715,30,d61968e8-e4aa-43a2-8ca8-85b623ffd1e5_dp0,0,nixl_start_time
1780281052.8148897,1780281052.8275297,12.64,1780281052.8275514,0.021696090698242188,137422776556,137422.776556,1780281052.8148897,12.66169548034668,0.0040531158447265625,4.036664962768555,4.014,7864320,0.6221772151898735,480,chatcmpl-8e826fe6-6bf9-4afd-afd8-f802c4866676-9c78af65,"nixl_xfer_handle(0x556359a34020, released=False)",decode,1,0,452712,5,d61968e8-e4aa-43a2-8ca8-85b623ffd1e5_dp0,0,nixl_start_time
1780281052.8526006,1780281052.8648806,12.28,1780281052.8649437,0.06318092346191406,137422814267,137422.814267,1780281052.8526006,12.343168258666992,0.0045299530029296875,2.5184154510498047,2.497,4718592,0.38425016286644953,288,chatcmpl-80d9e4a1-788f-4543-b9dd-898ba161d323-a1246d8e,"nixl_xfer_handle(0x556359a34020, released=False)",decode,1,0,452712,3,d61968e8-e4aa-43a2-8ca8-85b623ffd1e5_dp1,0,nixl_start_time
1780281052.8900456,1780281052.9025466,12.501,1780281052.9025726,0.025987625122070312,137422851712,137422.851712,1780281052.8900456,12.526988983154297,0.0057220458984375,5.481243133544922,5.461,31457280,2.516381089512839,1920,chatcmpl-a4078085-70bc-4517-9bc6-2ac13884675c-aa27ac51,"nixl_xfer_handle(0x556359a34020, released=False)",decode,1,0,452712,20,d61968e8-e4aa-43a2-8ca8-85b623ffd1e5_dp0,0,nixl_start_time
1780281052.9406247,1780281052.9528308,12.206,1780281052.9528975,0.0667572021484375,137422902291,137422.902291,1780281052.9406247,12.272834777832031,0.0054836273193359375,1.9304752349853516,1.904,3145728,0.25771980992954285,192,chatcmpl-60b9c3cf-4474-4515-acf8-3580a3938feb-880199b6,"nixl_xfer_handle(0x5af9a38b9ca0, released=False)",decode,0,0,452715,2,d61968e8-e4aa-43a2-8ca8-85b623ffd1e5_dp1,0,nixl_start_time
1780281052.9778936,1780281052.9911597,13.266,1780281052.9911852,0.025510787963867188,137422939560,137422.93956,1780281052.9778936,13.291597366333008,0.00286102294921875,3.8149356842041016,3.784,6291456,0.47425418362731797,384,chatcmpl-27ca502e-a18a-4bff-9f51-9ec562e6974f-89d6227d,"nixl_xfer_handle(0x5af9a3e10640, released=False)",decode,0,0,452715,4,d61968e8-e4aa-43a2-8ca8-85b623ffd1e5_dp0,0,nixl_start_time
1780281053.0284448,1780281053.040959,12.514000000000001,1780281053.0410075,0.04863739013671875,137422990111,137422.990111,1780281053.0284448,12.562751770019531,0.010251998901367188,5.853176116943359,5.828,33030144,2.639455330030366,2016,chatcmpl-3589b18f-580b-4243-b16f-e18fcf45ef06-98755777,"nixl_xfer_handle(0x556356e254c0, released=False)",decode,1,0,452712,21,d61968e8-e4aa-43a2-8ca8-85b623ffd1e5_dp1,0,nixl_start_time
1780281053.0661228,1780281053.0911717,25.049,1780281053.0911906,0.018835067749023438,137423027789,137423.027789,1780281053.0661228,25.067806243896484,0.0050067901611328125,6.843090057373047,6.825,45613056,1.820953171783305,2784,chatcmpl-3ff1a8db-bf7e-43d1-b919-418fa6110deb-9be8284a,"nixl_xfer_handle(0x556356e254c0, released=False)",decode,1,0,452712,29,d61968e8-e4aa-43a2-8ca8-85b623ffd1e5_dp0,0,nixl_start_time
1780281053.0911257,1780281053.1037898,12.664,1780281053.1038122,0.022411346435546875,137423052792,137423.052792,1780281053.0911257,12.686491012573242,0.0064373016357421875,9.031534194946289,9.007,34603008,2.7323916614024006,2112,chatcmpl-559d7fbd-53d6-45bf-8051-00ad7fd8c53b-89f28d76,"nixl_xfer_handle(0x5af9a3d4d8a0, released=False)",decode,0,0,452715,22,d61968e8-e4aa-43a2-8ca8-85b623ffd1e5_dp1,0,nixl_start_time
1780281053.2171676,1780281053.2462325,29.065,1780281053.2462478,0.0152587890625,137423178834,137423.178834,1780281053.2171676,29.08015251159668,0.0064373016357421875,9.114503860473633,9.09,59768832,2.056385067951144,3648,chatcmpl-f24592ca-8464-4732-b7c3-4f19fcdcedb0-ad22fe72,"nixl_xfer_handle(0x5af9a3e7c6a0, released=False)",decode,0,0,452715,38,d61968e8-e4aa-43a2-8ca8-85b623ffd1e5_dp0,0,nixl_start_time
1780281053.2419057,1780281053.2545137,12.607999999999999,1780281053.2545311,0.017404556274414062,137423203572,137423.203572,1780281053.2419057,12.625455856323242,0.0054836273193359375,4.050016403198242,4.029,37748736,2.9940304568527916,2304,chatcmpl-39842303-408f-44ec-80b5-78cb65097cf7-8d493ba4,"nixl_xfer_handle(0x5af9a41d9fe0, released=False)",decode,0,0,452715,24,d61968e8-e4aa-43a2-8ca8-85b623ffd1e5_dp0,0,nixl_start_time
1780281053.2794228,1780281053.2916627,12.239999999999998,1780281053.2916946,0.031948089599609375,137423241089,137423.241089,1780281053.2794228,12.271881103515625,0.007152557373046875,7.616519927978516,7.592,28311552,2.3130352941176473,1728,chatcmpl-bf65c291-b560-4fbe-b107-b1a217b8eddc-b7946d5c,"nixl_xfer_handle(0x5af9a41d9fe0, released=False)",decode,0,0,452715,18,d61968e8-e4aa-43a2-8ca8-85b623ffd1e5_dp1,0,nixl_start_time
1780281053.3670187,1780281053.3926208,25.602,1780281053.3926547,0.033855438232421875,137423328685,137423.328685,1780281053.3670187,25.635957717895508,0.0045299530029296875,6.430149078369141,6.411,51904512,2.0273616123740332,3168,chatcmpl-002057a0-7d50-4cf7-a680-65563b6ef9fc-aa93ef8e,"nixl_xfer_handle(0x556356e254c0, released=False)",decode,1,0,452712,33,d61968e8-e4aa-43a2-8ca8-85b623ffd1e5_dp0,0,nixl_start_time
1780281053.3791857,1780281053.3924618,13.276,1780281053.3924818,0.02002716064453125,137423340852,137423.340852,1780281053.3791857,13.296127319335938,0.0069141387939453125,9.738922119140625,9.716,40894464,3.080330219945767,2496,chatcmpl-cb7fe9d5-f849-4c3b-83c2-0db0192b7f5c-8aad8e4a,"nixl_xfer_handle(0x5af9a41d9fe0, released=False)",decode,0,0,452715,26,d61968e8-e4aa-43a2-8ca8-85b623ffd1e5_dp1,0,nixl_start_time
1780281053.4168715,1780281053.4292564,12.385,1780281053.4292803,0.02384185791015625,137423378538,137423.378538,1780281053.4168715,12.408733367919922,0.0045299530029296875,1.7223358154296875,1.701,3145728,0.25399499394428743,192,chatcmpl-0949b567-c8e5-48fd-b29e-97e036da2e42-9a03b0b1,"nixl_xfer_handle(0x5563558719c0, released=False)",decode,1,0,452712,2,d61968e8-e4aa-43a2-8ca8-85b623ffd1e5_dp0,0,nixl_start_time
1780281053.4415946,1780281053.4664495,24.854999999999997,1780281053.4664683,0.018835067749023438,137423403261,137423.403261,1780281053.4415946,24.873733520507812,0.0057220458984375,9.573936462402344,9.546,14155776,0.5695343391671696,864,chatcmpl-a3033b86-b5a3-437d-a37b-8908d2672d73-aa29983e,"nixl_xfer_handle(0x5af9a3d341f0, released=False)",decode,0,0,452715,9,d61968e8-e4aa-43a2-8ca8-85b623ffd1e5_dp1,0,nixl_start_time
1780281053.4791508,1780281053.5046449,25.494,1780281053.5046635,0.018596649169921875,137423440817,137423.440817,1780281053.4791508,25.5126953125,0.0045299530029296875,7.021903991699219,7.001,14155776,0.5552591197928924,864,chatcmpl-4330cb76-2e7a-419e-bc29-872e83f3a563-aba27877,"nixl_xfer_handle(0x5563558719c0, released=False)",decode,1,0,452712,9,d61968e8-e4aa-43a2-8ca8-85b623ffd1e5_dp0,0,nixl_start_time
1780281053.5541158,1780281053.5820477,27.932,1780281053.5820873,0.039577484130859375,137423515782,137423.515782,1780281053.5541158,27.971506118774414,0.005245208740234375,12.115716934204102,12.092,70778880,2.533971072604898,4320,chatcmpl-4f35f219-db13-4d96-bcec-670e410d72ee-970ad56e,"nixl_xfer_handle(0x5563558719c0, released=False)",decode,1,0,452712,45,d61968e8-e4aa-43a2-8ca8-85b623ffd1e5_dp1,0,nixl_start_time
1780281053.5694706,1780281053.5815737,12.103,1780281053.5815942,0.020503997802734375,137423531137,137423.531137,1780281053.5694706,12.123584747314453,0.0059604644775390625,0.5602836608886719,0.534,1572864,0.12995653970090063,48,chatcmpl-57838f2c-d31e-4e40-a7e2-12d34468622b-9121577a,"nixl_xfer_handle(0x5af9a3e85aa0, released=False)",decode,0,0,452715,1,d61968e8-e4aa-43a2-8ca8-85b623ffd1e5_dp0,0,nixl_start_time
1780281053.6067977,1780281053.6189456,12.148000000000001,1780281053.619001,0.0553131103515625,137423568464,137423.568464,1780281053.6067977,12.203216552734375,0.004291534423828125,4.746675491333008,4.727,25165824,2.0716022390516957,1536,chatcmpl-63eb0de2-cb26-4b42-a0cb-c033c7c94d9a-8c9330a2,"nixl_xfer_handle(0x5563558719c0, released=False)",decode,1,0,452712,16,d61968e8-e4aa-43a2-8ca8-85b623ffd1e5_dp0,0,nixl_start_time
1780281053.7946358,1780281053.8257809,31.145,1780281053.8257961,0.0152587890625,137423756302,137423.756302,1780281053.7946358,31.160354614257812,0.008344650268554688,9.677886962890625,9.654,69206016,2.222058628993418,4224,chatcmpl-b3150f06-06ae-40c7-81c9-723cfc415b38-b3e8e10d,"nixl_xfer_handle(0x5af9a3e85aa0, released=False)",decode,0,0,452715,44,d61968e8-e4aa-43a2-8ca8-85b623ffd1e5_dp1,0,nixl_start_time
1780281053.8197486,1780281053.8322675,12.519,1780281053.8322878,0.020265579223632812,137423781415,137423.781415,1780281053.8197486,12.539148330688477,0.004291534423828125,4.615306854248047,4.596,18874368,1.5076578001437815,1152,chatcmpl-d4653c10-191a-463d-9ffa-62a7eafb37f9-8c1e8e6e,"nixl_xfer_handle(0x5563558719c0, released=False)",decode,1,0,452712,12,d61968e8-e4aa-43a2-8ca8-85b623ffd1e5_dp0,0,nixl_start_time
1780281053.8197815,1780281053.8321095,12.328000000000001,1780281053.8321857,0.0762939453125,137423781448,137423.781448,1780281053.8197815,12.404203414916992,0.0057220458984375,5.694389343261719,5.67,9437184,0.7655081116158339,576,chatcmpl-e37e9d43-8c72-4039-841f-3db1981df9e9-ba182677,"nixl_xfer_handle(0x5af9a3877da0, released=False)",decode,0,0,452715,6,d61968e8-e4aa-43a2-8ca8-85b623ffd1e5_dp0,0,nixl_start_time
1780281053.8946526,1780281053.9154675,20.815,1780281053.915504,0.03647804260253906,137423856319,137423.856319,1780281053.8946526,20.85137367248535,0.0059604644775390625,6.791114807128906,6.771,59768832,2.8714307950996876,3648,chatcmpl-1197515e-358c-4516-9a68-ad582507d865-be3a10e1,"nixl_xfer_handle(0x556359a8fc60, released=False)",decode,1,0,452712,38,d61968e8-e4aa-43a2-8ca8-85b623ffd1e5_dp1,0,nixl_start_time
1780281053.9070055,1780281053.9325736,25.568,1780281053.9326298,0.05626678466796875,137423868672,137423.868672,1780281053.9070055,25.62427520751953,0.003814697265625,8.055925369262695,8.032,3145728,0.12303379224030037,192,chatcmpl-36513134-1a16-4ae1-8fff-4489a0e462f2-89eb6c2d,"nixl_xfer_handle(0x556359adbab0, released=False)",decode,1,0,452712,2,d61968e8-e4aa-43a2-8ca8-85b623ffd1e5_dp0,0,nixl_start_time
1780281053.9325876,1780281053.9572687,24.681,1780281053.9573076,0.03886222839355469,137423894254,137423.894254,1780281053.9325876,24.719953536987305,0.0069141387939453125,9.223222732543945,9.197,42467328,1.7206485960860578,2592,chatcmpl-2cecd4c4-8f8e-4298-8b69-153aedd774e0-b13b6288,"nixl_xfer_handle(0x5af9a3e85aa0, released=False)",decode,0,0,452715,27,d61968e8-e4aa-43a2-8ca8-85b623ffd1e5_dp0,0,nixl_start_time
1780281053.9452257,1780281053.9574478,12.222,1780281053.9574695,0.021696090698242188,137423906892,137423.906892,1780281053.9452257,12.24374771118164,0.00476837158203125,4.192352294921875,4.168,7864320,0.6434560628375062,480,chatcmpl-0c0791c9-d799-42e5-9b36-b5807ed0d389-979197a0,"nixl_xfer_handle(0x556359adbab0, released=False)",decode,1,0,452712,5,d61968e8-e4aa-43a2-8ca8-85b623ffd1e5_dp1,0,nixl_start_time
1780281053.9695516,1780281053.9824696,12.918000000000001,1780281053.982527,0.05745887756347656,137423931218,137423.931218,1780281053.9695516,12.975454330444336,0.0064373016357421875,4.130125045776367,4.106,36175872,2.8004235949837435,2208,chatcmpl-0c53d35b-ecc2-4958-a146-8e89eeb738b6-8b71e171,"nixl_xfer_handle(0x5af9a3de26a0, released=False)",decode,0,0,452715,23,d61968e8-e4aa-43a2-8ca8-85b623ffd1e5_dp1,0,nixl_start_time
1780281053.9948637,1780281054.0076127,12.749,1780281054.0076325,0.019788742065429688,137423956530,137423.95653,1780281053.9948637,12.768745422363281,0.0054836273193359375,2.581357955932617,2.559,4718592,0.37011467566083617,288,chatcmpl-4250f578-691d-4d2d-90ab-3ad9ad157e05-b73e7799,"nixl_xfer_handle(0x556359adbab0, released=False)",decode,1,0,452712,3,d61968e8-e4aa-43a2-8ca8-85b623ffd1e5_dp0,0,nixl_start_time
1780281054.0197427,1780281054.0328457,13.103,1780281054.0328639,0.01811981201171875,137423981409,137423.981409,1780281054.0197427,13.12112808227539,0.0057220458984375,8.119344711303711,8.098,36175872,2.7608846828970464,2208,chatcmpl-0031e868-3eee-4a5e-86f9-42454f7bc4f6-81ec6858,"nixl_xfer_handle(0x5af9a418c260, released=False)",decode,0,0,452715,23,d61968e8-e4aa-43a2-8ca8-85b623ffd1e5_dp0,0,nixl_start_time
1780281054.0695717,1780281054.0822878,12.716,1780281054.0823083,0.020503997802734375,137424031238,137424.031238,1780281054.0695717,12.73655891418457,0.006198883056640625,7.62629508972168,7.595,9437184,0.7421503617489776,576,chatcmpl-cbc93c0c-6aac-4954-b0d5-ab14bb919a6b-bf837aba,"nixl_xfer_handle(0x5af9a3e17a60, released=False)",decode,0,0,452715,6,d61968e8-e4aa-43a2-8ca8-85b623ffd1e5_dp1,0,nixl_start_time
1780281054.1322136,1780281054.1448085,12.595,1780281054.1448288,0.020265579223632812,137424093880,137424.09388,1780281054.1322136,12.615203857421875,0.0045299530029296875,5.82122802734375,5.799,11010048,0.8741602223104407,672,chatcmpl-be23871d-2680-4381-bcfb-7df66d328a2b-b3f3208e,"nixl_xfer_handle(0x556359963ea0, released=False)",decode,1,0,452712,7,d61968e8-e4aa-43a2-8ca8-85b623ffd1e5_dp0,0,nixl_start_time
1780281054.2693126,1780281054.2942705,24.958000000000002,1780281054.2943308,0.06031990051269531,137424230979,137424.230979,1780281054.2693126,25.01821517944336,0.00762939453125,8.022546768188477,7.998,59768832,2.3947765045276066,3648,chatcmpl-8ad09238-b67d-44bd-829d-1db85bb11c6f-9f2207b8,"nixl_xfer_handle(0x5af9a3673be0, released=False)",decode,0,0,452715,38,d61968e8-e4aa-43a2-8ca8-85b623ffd1e5_dp1,0,nixl_start_time
1780281054.3442326,1780281054.3616526,17.42,1780281054.3616982,0.04553794860839844,137424305899,137424.305899,1780281054.3442326,17.465591430664062,0.0054836273193359375,11.324882507324219,11.298,11010048,0.6320349024110217,672,chatcmpl-dc407a47-1d25-412b-b0cb-633b7d73b26f-8e2da767,"nixl_xfer_handle(0x5af9a3dd1e60, released=False)",decode,0,0,452715,7,d61968e8-e4aa-43a2-8ca8-85b623ffd1e5_dp0,0,nixl_start_time
1780281054.3444066,1780281054.3710227,26.616,1780281054.3710659,0.04315376281738281,137424306073,137424.306073,1780281054.3444066,26.659250259399414,0.0057220458984375,7.154703140258789,7.132,64487424,2.4228818755635704,3936,chatcmpl-01bc98ae-aa66-4616-9e35-04dc576d74b7-92a03673,"nixl_xfer_handle(0x5563558719c0, released=False)",decode,1,0,452712,41,d61968e8-e4aa-43a2-8ca8-85b623ffd1e5_dp0,0,nixl_start_time
1780281054.3586736,1780281054.3613815,2.7079999999999997,1780281054.3617177,0.3361701965332031,137424320340,137424.32034,1780281054.3586736,3.04412841796875,0.0059604644775390625,2.729654312133789,2.708,3145728,1.161642540620384,192,chatcmpl-1d4ed9f4-4c38-4a31-97ef-ff935fb79155-94c9c0d8,"nixl_xfer_handle(0x5af9a3e7c6a0, released=False)",decode,0,0,452715,2,d61968e8-e4aa-43a2-8ca8-85b623ffd1e5_dp1,0,nixl_start_time
1780281054.3587916,1780281054.3710947,12.302999999999999,1780281054.3711307,0.03600120544433594,137424320458,137424.320458,1780281054.3587916,12.339115142822266,0.0040531158447265625,1.384735107421875,1.364,3145728,0.255687881004633,192,chatcmpl-97f99f26-d347-4404-b7fa-0ee87b6539a7-9d3ccd74,"nixl_xfer_handle(0x556359a8fc60, released=False)",decode,1,0,452712,2,d61968e8-e4aa-43a2-8ca8-85b623ffd1e5_dp1,0,nixl_start_time
1780281054.3706956,1780281054.3832436,12.548,1780281054.3832815,0.03790855407714844,137424332362,137424.332362,1780281054.3706956,12.585878372192383,0.0050067901611328125,3.3528804779052734,3.33,4718592,0.3760433535224737,288,chatcmpl-da74b542-ef99-4e98-8ac3-f29f705a0256-98bc8e82,"nixl_xfer_handle(0x5af9a3e7c6a0, released=False)",decode,0,0,452715,3,d61968e8-e4aa-43a2-8ca8-85b623ffd1e5_dp0,0,nixl_start_time
1780281054.5444536,1780281054.5572445,12.791,1780281054.5572636,0.019073486328125,137424506120,137424.50612,1780281054.5444536,12.809991836547852,0.005245208740234375,1.8680095672607422,1.846,3145728,0.24593292158548977,192,chatcmpl-5a517d19-bd77-4f65-933d-059f12281c72-9b11da7d,"nixl_xfer_handle(0x556359a8fc60, released=False)",decode,1,0,452712,2,d61968e8-e4aa-43a2-8ca8-85b623ffd1e5_dp1,0,nixl_start_time
1780281054.5952587,1780281054.6191907,23.932,1780281054.6192117,0.0209808349609375,137424556925,137424.556925,1780281054.5952587,23.952960968017578,0.00762939453125,6.596565246582031,6.574,39321600,1.6430553234163463,2400,chatcmpl-8ea21bd6-847f-406c-9477-f091d48f0f03-9145a904,"nixl_xfer_handle(0x5af9a3e7c6a0, released=False)",decode,0,0,452715,25,d61968e8-e4aa-43a2-8ca8-85b623ffd1e5_dp0,0,nixl_start_time
1780281054.6313546,1780281054.6439755,12.621,1780281054.6440356,0.06008148193359375,137424593021,137424.593021,1780281054.6313546,12.681007385253906,0.023603439331054688,2.7184486389160156,2.677,4718592,0.3738683147135726,288,chatcmpl-ce052499-1c14-458f-b142-91abe0655938-b2f4cd50,"nixl_xfer_handle(0x5af9a3e7c6a0, released=False)",decode,0,0,452715,3,d61968e8-e4aa-43a2-8ca8-85b623ffd1e5_dp1,0,nixl_start_time
1780281054.6565146,1780281054.6688247,12.31,1780281054.668854,0.029325485229492188,137424618181,137424.618181,1780281054.6565146,12.339353561401367,0.005245208740234375,1.6748905181884766,1.654,3145728,0.25554248578391553,192,chatcmpl-6fe296b0-8e76-46fb-8c27-47ff1604b243-aac57adf,"nixl_xfer_handle(0x5563498605a0, released=False)",decode,1,0,452712,2,d61968e8-e4aa-43a2-8ca8-85b623ffd1e5_dp0,0,nixl_start_time
1780281054.9565387,1780281054.9687407,12.202,1780281054.9688082,0.06747245788574219,137424918205,137424.918205,1780281054.9565387,12.26949691772461,0.011920928955078125,2.928018569946289,2.894,4718592,0.38670644156695627,288,chatcmpl-552385ea-5593-431e-980d-b970ce38edb0-9d7a6181,"nixl_xfer_handle(0x5af9a41e34a0, released=False)",decode,0,0,452715,3,d61968e8-e4aa-43a2-8ca8-85b623ffd1e5_dp0,0,nixl_start_time
1780281055.0808566,1780281055.0932627,12.406,1780281055.0932825,0.019788742065429688,137425042523,137425.042523,1780281055.0808566,12.425899505615234,0.005245208740234375,5.302667617797852,5.28,29884416,2.408867967112687,1824,chatcmpl-1dbb6d7d-292c-432f-b512-f84931ee7fc7-8d52817d,"nixl_xfer_handle(0x556359a22440, released=False)",decode,1,0,452712,19,d61968e8-e4aa-43a2-8ca8-85b623ffd1e5_dp1,0,nixl_start_time
1780281055.0862277,1780281055.1058397,19.612000000000002,1780281055.1058738,0.03409385681152344,137425047894,137425.047894,1780281055.0862277,19.646167755126953,0.0035762786865234375,1.3675689697265625,1.353,3145728,0.16039812359779723,192,chatcmpl-85d8c084-5ccf-4059-aaec-b259e873a555-b7acbdcf,"nixl_xfer_handle(0x5563558719c0, released=False)",decode,1,0,452712,2,d61968e8-e4aa-43a2-8ca8-85b623ffd1e5_dp0,0,nixl_start_time
1780281055.0929716,1780281055.1056416,12.67,1780281055.1056917,0.050067901611328125,137425054638,137425.054638,1780281055.0929716,12.720108032226562,0.0057220458984375,2.8858184814453125,2.853,4718592,0.37242241515390684,288,chatcmpl-07542578-4c48-4cd3-9212-e455cddbd566-a3efdf20,"nixl_xfer_handle(0x5af9a41e34a0, released=False)",decode,0,0,452715,3,d61968e8-e4aa-43a2-8ca8-85b623ffd1e5_dp0,0,nixl_start_time
1780281055.1675956,1780281055.1800885,12.493,1780281055.180128,0.039577484130859375,137425129262,137425.129262,1780281055.1675956,12.532472610473633,0.006198883056640625,4.690647125244141,4.668,20447232,1.636695109261186,1248,chatcmpl-d26fe040-8f3e-4645-83e5-8acbdb86da23-8a740638,"nixl_xfer_handle(0x5af9a3e7c6a0, released=False)",decode,0,0,452715,13,d61968e8-e4aa-43a2-8ca8-85b623ffd1e5_dp1,0,nixl_start_time
1780281055.2162206,1780281055.2289035,12.683,1780281055.2289462,0.04267692565917969,137425177887,137425.177887,1780281055.2162206,12.725591659545898,0.0054836273193359375,3.665447235107422,3.639,6291456,0.4960542458408894,384,chatcmpl-535f86b7-2707-45de-8035-155353122a06-80f943e6,"nixl_xfer_handle(0x5af9a3e7c6a0, released=False)",decode,0,0,452715,4,d61968e8-e4aa-43a2-8ca8-85b623ffd1e5_dp0,0,nixl_start_time
1780281055.2787027,1780281055.2844896,5.787,1780281055.284895,0.40531158447265625,137425240369,137425.240369,1780281055.2787027,6.192207336425781,0.0054836273193359375,5.808591842651367,5.787,9437184,1.6307558320373252,576,chatcmpl-4c87c61f-44c7-4c76-b351-bf90094b97e3-b4c6ae89,"nixl_xfer_handle(0x556359a22440, released=False)",decode,1,0,452712,6,d61968e8-e4aa-43a2-8ca8-85b623ffd1e5_dp1,0,nixl_start_time
1780281055.3774717,1780281055.4039948,26.523,1780281055.4040198,0.025033950805664062,137425339138,137425.339138,1780281055.3774717,26.548147201538086,0.007867813110351562,11.161327362060547,11.137,77070336,2.9057925574030086,4704,chatcmpl-d3d4436e-e3c1-4913-9b5c-6cda44dd289b-acea268e,"nixl_xfer_handle(0x5af9a41e3430, released=False)",decode,0,0,452715,49,d61968e8-e4aa-43a2-8ca8-85b623ffd1e5_dp0,0,nixl_start_time
1780281055.3920445,1780281055.3929436,0.8989999999999999,1780281055.393003,0.05936622619628906,137425353711,137425.353711,1780281055.3920445,0.9584426879882812,0.003337860107421875,0.5247592926025391,0.506,1572864,1.7495706340378199,48,chatcmpl-f54c8c30-c510-402c-8c63-6d16840937ac-80a9d97c,"nixl_xfer_handle(0x556359a22440, released=False)",decode,1,0,452712,1,d61968e8-e4aa-43a2-8ca8-85b623ffd1e5_dp1,0,nixl_start_time
1780281055.4647768,1780281055.4862888,21.512,1780281055.4863229,0.03409385681152344,137425426443,137425.426443,1780281055.4647768,21.546125411987305,0.0059604644775390625,1.8002986907958984,1.777,3145728,0.14623131275567125,192,chatcmpl-f91646bc-41cd-41e0-bf7f-b1e02201909c-ba8328a0,"nixl_xfer_handle(0x5af9a3d3bdb0, released=False)",decode,0,0,452715,2,d61968e8-e4aa-43a2-8ca8-85b623ffd1e5_dp0,0,nixl_start_time
1780281055.4651058,1780281055.5033278,38.222,1780281055.503349,0.021219253540039062,137425426772,137425.426772,1780281055.4651058,38.24329376220703,0.0059604644775390625,17.551898956298828,17.514,78643200,2.0575375438229293,4800,chatcmpl-6b360791-a00f-41ce-a177-35857ca4e4b9-b0d86129,"nixl_xfer_handle(0x556359a22440, released=False)",decode,1,0,452712,50,d61968e8-e4aa-43a2-8ca8-85b623ffd1e5_dp0,0,nixl_start_time
1780281055.4974086,1780281055.5102417,12.833,1780281055.5102997,0.05793571472167969,137425459075,137425.459075,1780281055.4974086,12.891054153442383,0.0050067901611328125,5.5408477783203125,5.522,34603008,2.6964083222940856,2112,chatcmpl-2312ab8b-dea1-4cf9-a318-2d4bc73e608a-bfef7d1d,"nixl_xfer_handle(0x556356deb070, released=False)",decode,1,0,452712,22,d61968e8-e4aa-43a2-8ca8-85b623ffd1e5_dp0,0,nixl_start_time
1780281055.6086206,1780281055.6393566,30.736,1780281055.6394055,0.04887580871582031,137425570287,137425.570287,1780281055.6086206,30.78484535217285,0.008344650268554688,11.419296264648438,11.386,75497472,2.4563206663196255,4608,chatcmpl-8720dca7-476b-4717-b315-79f03aee62d4-ab2f83ef,"nixl_xfer_handle(0x5af9a3d3bdb0, released=False)",decode,0,0,452715,48,d61968e8-e4aa-43a2-8ca8-85b623ffd1e5_dp1,0,nixl_start_time
1780281055.6232886,1780281055.6352627,11.974,1780281055.6352916,0.028848648071289062,137425584955,137425.584955,1780281055.6232886,12.002944946289062,0.0050067901611328125,3.6535263061523438,3.632,6291456,0.52542642391849,384,chatcmpl-049b44c0-1c48-4ab6-b405-eacc00103801-862a0963,"nixl_xfer_handle(0x556359a22440, released=False)",decode,1,0,452712,4,d61968e8-e4aa-43a2-8ca8-85b623ffd1e5_dp0,0,nixl_start_time
1780281055.6350865,1780281055.6472685,12.182,1780281055.6473236,0.05507469177246094,137425596753,137425.596753,1780281055.6350865,12.237071990966797,0.006198883056640625,3.975391387939453,3.949,36175872,2.9696168116893777,2208,chatcmpl-e13dee48-a208-499b-8093-263a331ed124-ab507486,"nixl_xfer_handle(0x5af9a3dd1e60, released=False)",decode,0,0,452715,23,d61968e8-e4aa-43a2-8ca8-85b623ffd1e5_dp1,0,nixl_start_time
1780281055.6599956,1780281055.6719174,11.922,1780281055.6719928,0.07534027099609375,137425621662,137425.621662,1780281055.6599956,11.997222900390625,0.0054836273193359375,1.7337799072265625,1.709,3145728,0.26385908404630093,192,chatcmpl-902109d8-b79a-4ad7-87fb-f815408470f5-8c33413c,"nixl_xfer_handle(0x5af9a3dd1e60, released=False)",decode,0,0,452715,2,d61968e8-e4aa-43a2-8ca8-85b623ffd1e5_dp0,0,nixl_start_time
1780281055.6601686,1780281055.6796787,19.509999999999998,1780281055.679694,0.0152587890625,137425621835,137425.621835,1780281055.6601686,19.52528953552246,0.005245208740234375,6.062507629394531,6.043,42467328,2.1766954382368016,2592,chatcmpl-76f6fb64-c2d9-4490-8dc5-6aa7d06bff73-b23d99b2,"nixl_xfer_handle(0x556359a22440, released=False)",decode,1,0,452712,27,d61968e8-e4aa-43a2-8ca8-85b623ffd1e5_dp0,0,nixl_start_time
1780281055.6719518,1780281055.6846938,12.741999999999999,1780281055.6847186,0.0247955322265625,137425633618,137425.633618,1780281055.6719518,12.766838073730469,0.004291534423828125,7.277727127075195,7.251,11010048,0.8640753413906765,672,chatcmpl-856d8455-10bb-44bb-bc0b-62bd6dd4176c-8d1324ce,"nixl_xfer_handle(0x556359a368c0, released=False)",decode,1,0,452712,7,d61968e8-e4aa-43a2-8ca8-85b623ffd1e5_dp1,0,nixl_start_time
1780281055.7339838,1780281055.7463048,12.321,1780281055.7463782,0.07343292236328125,137425695650,137425.69565,1780281055.7339838,12.394428253173828,0.0059604644775390625,1.9855499267578125,1.962,3145728,0.2553143413683954,192,chatcmpl-dab52fc7-2ba8-4275-bfb0-75b1e5abe6d5-844865e1,"nixl_xfer_handle(0x5af9a3dd1e60, released=False)",decode,0,0,452715,2,d61968e8-e4aa-43a2-8ca8-85b623ffd1e5_dp1,0,nixl_start_time
1780281055.7587166,1780281055.7712946,12.578000000000001,1780281055.7713203,0.02574920654296875,137425720383,137425.720383,1780281055.7587166,12.603759765625,0.0050067901611328125,4.904031753540039,4.885,26738688,2.125829861663221,1632,chatcmpl-104a9f1b-c775-4b28-9641-f809db1efb1a-8072de78,"nixl_xfer_handle(0x556359a368c0, released=False)",decode,1,0,452712,17,d61968e8-e4aa-43a2-8ca8-85b623ffd1e5_dp0,0,nixl_start_time
1780281055.7962477,1780281055.8081887,11.941,1780281055.8082528,0.06413459777832031,137425757914,137425.757914,1780281055.7962477,12.005090713500977,0.0059604644775390625,1.8181800842285156,1.795,3145728,0.263439242944477,192,chatcmpl-a20b2e44-0926-4bf0-9eb9-6df826acb7bc-9427bbd3,"nixl_xfer_handle(0x5af9a3dd1e60, released=False)",decode,0,0,452715,2,d61968e8-e4aa-43a2-8ca8-85b623ffd1e5_dp1,0,nixl_start_time
1780281055.9677777,1780281055.9701526,2.375,1780281055.9701679,0.0152587890625,137425929444,137425.929444,1780281055.9677777,2.390146255493164,0.0045299530029296875,1.8057823181152344,1.785,3145728,1.3245170526315788,192,chatcmpl-99721c1e-af93-4204-9f73-d637c4d62d56-8b0fea81,"nixl_xfer_handle(0x556359a368c0, released=False)",decode,1,0,452712,2,d61968e8-e4aa-43a2-8ca8-85b623ffd1e5_dp0,0,nixl_start_time
1780281056.1272366,1780281056.1519735,24.737,1780281056.1519952,0.021696090698242188,137426088903,137426.088903,1780281056.1272366,24.758577346801758,0.0045299530029296875,6.992816925048828,6.973,48758784,1.971087197315762,2976,chatcmpl-26b3e4a3-7e6c-4a5c-bc38-408baa96182c-8b83218f,"nixl_xfer_handle(0x556359a368c0, released=False)",decode,1,0,452712,31,d61968e8-e4aa-43a2-8ca8-85b623ffd1e5_dp0,0,nixl_start_time
1780281056.1285317,1780281056.1397717,11.24,1780281056.1398106,0.03886222839355469,137426090198,137426.090198,1780281056.1285317,11.278867721557617,0.009059906005859375,6.061553955078125,6.029,11010048,0.9795416370106761,672,chatcmpl-0d4698bb-1b10-4278-9faa-8d570038aa75-8301104f,"nixl_xfer_handle(0x5af9a3dd1e60, released=False)",decode,0,0,452715,7,d61968e8-e4aa-43a2-8ca8-85b623ffd1e5_dp1,0,nixl_start_time
1780281056.2009737,1780281056.2255728,24.599,1780281056.225594,0.021219253540039062,137426162640,137426.16264,1780281056.2009737,24.62029457092285,0.0054836273193359375,7.555961608886719,7.536,67633152,2.7494268872718406,4128,chatcmpl-3e8bdf0b-d25b-4dd1-a891-fd3b4ce6bc43-a4bc6351,"nixl_xfer_handle(0x556359910e20, released=False)",decode,1,0,452712,43,d61968e8-e4aa-43a2-8ca8-85b623ffd1e5_dp1,0,nixl_start_time
1780281056.2010458,1780281056.2159119,14.866000000000001,1780281056.215929,0.0171661376953125,137426162712,137426.162712,1780281056.2010458,14.883279800415039,0.0054836273193359375,2.8133392333984375,2.789,4718592,0.3174083142741827,288,chatcmpl-4a6e5992-6529-4208-b839-9ad2526e0d40-a81fd88b,"nixl_xfer_handle(0x5af9a3dd1e60, released=False)",decode,0,0,452715,3,d61968e8-e4aa-43a2-8ca8-85b623ffd1e5_dp0,0,nixl_start_time
1780281056.2127767,1780281056.2253947,12.618,1780281056.2254658,0.07104873657226562,137426174443,137426.174443,1780281056.2127767,12.68911361694336,0.0054836273193359375,2.8104782104492188,2.785,4718592,0.3739572039942939,288,chatcmpl-5c12be3b-4aad-4d36-bfc3-95bcd8d37d05-bf29fd41,"nixl_xfer_handle(0x5af9a3d3bdb0, released=False)",decode,0,0,452715,3,d61968e8-e4aa-43a2-8ca8-85b623ffd1e5_dp0,0,nixl_start_time
1780281056.4096467,1780281056.4303946,20.747999999999998,1780281056.4304128,0.01811981201171875,137426371313,137426.371313,1780281056.4096467,20.766019821166992,0.008821487426757812,10.60795783996582,10.583,55050240,2.6532793522267206,3360,chatcmpl-1cf06a31-c083-45f4-a184-025bb63faa58-a4d8e85f,"nixl_xfer_handle(0x5af9a3d3bdb0, released=False)",decode,0,0,452715,35,d61968e8-e4aa-43a2-8ca8-85b623ffd1e5_dp1,0,nixl_start_time
1780281056.4237378,1780281056.4254599,1.722,1780281056.4258673,0.4074573516845703,137426385404,137426.385404,1780281056.4237378,2.1295547485351562,0.004291534423828125,1.7421245574951172,1.722,3145728,1.826787456445993,192,chatcmpl-eb782545-fb09-4d3a-b8ee-14b34b0a4793-a00bb507,"nixl_xfer_handle(0x556359ac08a0, released=False)",decode,1,0,452712,2,d61968e8-e4aa-43a2-8ca8-85b623ffd1e5_dp0,0,nixl_start_time
1780281056.4239466,1780281056.4350295,11.083,1780281056.4350502,0.020742416381835938,137426385613,137426.385613,1780281056.4239466,11.103630065917969,0.0069141387939453125,6.129741668701172,6.099,6291456,0.5676672381124244,384,chatcmpl-bbefc550-a9f5-4918-9c41-871ad9c26036-acb74515,"nixl_xfer_handle(0x5af9a3dd1e60, released=False)",decode,0,0,452715,4,d61968e8-e4aa-43a2-8ca8-85b623ffd1e5_dp0,0,nixl_start_time
1780281056.4476945,1780281056.4596555,11.960999999999999,1780281056.4596808,0.025272369384765625,137426409361,137426.409361,1780281056.4476945,11.986255645751953,0.0045299530029296875,5.550146102905273,5.53,34603008,2.8929862051667925,2112,chatcmpl-6add0892-bcb0-46ee-84a5-9e2f0bd8cbce-aedc6c09,"nixl_xfer_handle(0x556359ac08a0, released=False)",decode,1,0,452712,22,d61968e8-e4aa-43a2-8ca8-85b623ffd1e5_dp1,0,nixl_start_time
1780281056.5324807,1780281056.5568638,24.383,1780281056.5568893,0.025510787963867188,137426494147,137426.494147,1780281056.5324807,24.408578872680664,0.0059604644775390625,6.849527359008789,6.828,56623104,2.322236968379609,3456,chatcmpl-6f7e95d1-11ac-49a6-b9e3-48769ab3c451-87af1e11,"nixl_xfer_handle(0x556359ad5cc0, released=False)",decode,1,0,452712,36,d61968e8-e4aa-43a2-8ca8-85b623ffd1e5_dp0,0,nixl_start_time
1780281056.5337667,1780281056.5445578,10.791,1780281056.5446067,0.04887580871582031,137426495433,137426.495433,1780281056.5337667,10.83993911743164,0.0095367431640625,6.002902984619141,5.976,23592960,2.1863552960800665,1440,chatcmpl-54eea90b-e1e4-4896-873f-fb7548ef29b1-942720fc,"nixl_xfer_handle(0x5af9a3dd1e60, released=False)",decode,0,0,452715,15,d61968e8-e4aa-43a2-8ca8-85b623ffd1e5_dp1,0,nixl_start_time
1780281056.8034256,1780281056.8281205,24.695,1780281056.8281403,0.019788742065429688,137426765092,137426.765092,1780281056.8034256,24.71470832824707,0.0059604644775390625,7.828235626220703,7.807,69206016,2.802430289532294,4224,chatcmpl-87389514-d783-43ec-b5c9-943a5a6de7eb-8d605a95,"nixl_xfer_handle(0x5563599cce60, released=False)",decode,1,0,452712,44,d61968e8-e4aa-43a2-8ca8-85b623ffd1e5_dp0,0,nixl_start_time
1780281056.9163096,1780281056.9449975,28.688000000000002,1780281056.9450529,0.0553131103515625,137426877976,137426.877976,1780281056.9163096,28.743267059326172,0.00667572021484375,7.829904556274414,7.806,69206016,2.4123680981595093,4224,chatcmpl-c7abdd3a-e955-4e6f-a35f-05470018831f-8b7ffdeb,"nixl_xfer_handle(0x556359a4cfa0, released=False)",decode,1,0,452712,44,d61968e8-e4aa-43a2-8ca8-85b623ffd1e5_dp1,0,nixl_start_time
1780281056.9401457,1780281056.9546678,14.522,1780281056.9546824,0.014543533325195312,137426901812,137426.901812,1780281056.9401457,14.536619186401367,0.0054836273193359375,4.494428634643555,4.475,22020096,1.5163266767662857,1344,chatcmpl-301b63ec-0012-4178-8143-dd9609a3bb39-98a1f550,"nixl_xfer_handle(0x5563599cce60, released=False)",decode,1,0,452712,14,d61968e8-e4aa-43a2-8ca8-85b623ffd1e5_dp0,0,nixl_start_time
1780281056.9522507,1780281056.9547007,2.4499999999999997,1780281056.9547474,0.04673004150390625,137426913917,137426.913917,1780281056.9522507,2.4967193603515625,0.0050067901611328125,1.8439292907714844,1.82,3145728,1.2839706122448982,192,chatcmpl-a5775ac8-04dd-4cc1-91a5-ba79f900b5a7-adfe1f93,"nixl_xfer_handle(0x556359a4cfa0, released=False)",decode,1,0,452712,2,d61968e8-e4aa-43a2-8ca8-85b623ffd1e5_dp0,0,nixl_start_time
1780281056.9655995,1780281056.9782736,12.674,1780281056.9782941,0.020503997802734375,137426927266,137426.927266,1780281056.9655995,12.694597244262695,0.006198883056640625,5.684614181518555,5.664,33030144,2.6061341328704435,2016,chatcmpl-f37dd143-ed88-4d9a-89bd-c0aa3793ed53-83a27330,"nixl_xfer_handle(0x5563599cce60, released=False)",decode,1,0,452712,21,d61968e8-e4aa-43a2-8ca8-85b623ffd1e5_dp1,0,nixl_start_time
1780281056.9781857,1780281056.9897356,11.549999999999999,1780281056.9897594,0.02384185791015625,137426939852,137426.939852,1780281056.9781857,11.57379150390625,0.00667572021484375,1.7158985137939453,1.688,3145728,0.27235740259740265,192,chatcmpl-6fc4c277-61e3-44d3-9a71-8f4be70ed96c-9ad0239f,"nixl_xfer_handle(0x5af9a3d92d20, released=False)",decode,0,0,452715,2,d61968e8-e4aa-43a2-8ca8-85b623ffd1e5_dp0,0,nixl_start_time
1780281057.0022507,1780281057.0101466,7.896,1780281057.010558,0.4112720489501953,137426963917,137426.963917,1780281057.0022507,8.307218551635742,0.005245208740234375,7.917881011962891,7.896,14155776,1.7927781155015197,864,chatcmpl-5663a133-05d7-4996-b9f3-c92cc67d747b-a97fe69c,"nixl_xfer_handle(0x5563599cce60, released=False)",decode,1,0,452712,9,d61968e8-e4aa-43a2-8ca8-85b623ffd1e5_dp1,0,nixl_start_time
1780281057.1749296,1780281057.2009375,26.008,1780281057.201008,0.0705718994140625,137427136596,137427.136596,1780281057.1749296,26.078462600708008,0.00476837158203125,10.906219482421875,10.867,12582912,0.48380928944940016,768,chatcmpl-ef5a6cc0-f1a7-41c7-bbef-10d362f26178-ab3be699,"nixl_xfer_handle(0x5af9a3d92d20, released=False)",decode,0,0,452715,8,d61968e8-e4aa-43a2-8ca8-85b623ffd1e5_dp0,0,nixl_start_time
1780281057.2255127,1780281057.2383847,12.872,1780281057.2384043,0.019550323486328125,137427187179,137427.187179,1780281057.2255127,12.891530990600586,0.00476837158203125,4.459381103515625,4.437,7864320,0.6109633312616531,480,chatcmpl-460acf2b-f85c-4ec8-b2c0-1406c293a1d0-be0e4f55,"nixl_xfer_handle(0x5563599cce60, released=False)",decode,1,0,452712,5,d61968e8-e4aa-43a2-8ca8-85b623ffd1e5_dp1,0,nixl_start_time
1780281057.5226717,1780281057.5245936,1.9220000000000002,1780281057.5250018,0.408172607421875,137427484338,137427.484338,1780281057.5226717,2.3300647735595703,0.00476837158203125,1.9426345825195312,1.922,3145728,1.636695109261186,192,chatcmpl-3bc1ef93-4cc3-4472-a4ad-e8cf8d83fa8c-b0434613,"nixl_xfer_handle(0x5563599cce60, released=False)",decode,1,0,452712,2,d61968e8-e4aa-43a2-8ca8-85b623ffd1e5_dp0,0,nixl_start_time
1780281057.5721858,1780281057.5853639,13.178,1780281057.5854063,0.042438507080078125,137427533852,137427.533852,1780281057.5721858,13.220548629760742,0.00667572021484375,7.415771484375,7.391,14155776,1.0741976020640462,864,chatcmpl-c23e857e-03c5-40ce-8b8c-af4b4af818a9-ab151a92,"nixl_xfer_handle(0x5563599cce60, released=False)",decode,1,0,452712,9,d61968e8-e4aa-43a2-8ca8-85b623ffd1e5_dp1,0,nixl_start_time
1780281057.5853066,1780281057.5970585,11.752,1780281057.5970788,0.020265579223632812,137427546973,137427.546973,1780281057.5853066,11.77215576171875,0.0069141387939453125,1.8401145935058594,1.815,3145728,0.2676759700476515,192,chatcmpl-21142c4b-c7b6-4867-847c-c52a211a27c8-813f6896,"nixl_xfer_handle(0x5af9a3d92d20, released=False)",decode,0,0,452715,2,d61968e8-e4aa-43a2-8ca8-85b623ffd1e5_dp0,0,nixl_start_time
1780281057.6602917,1780281057.6904097,30.118,1780281057.6904244,0.014781951904296875,137427621958,137427.621958,1780281057.6602917,30.132770538330078,0.0064373016357421875,7.381439208984375,7.355,61341696,2.0367121322796997,3744,chatcmpl-e5936f30-4dff-4b4d-82a1-47c49cc1ad0d-9b50dcd0,"nixl_xfer_handle(0x556356e27810, released=False)",decode,1,0,452712,39,d61968e8-e4aa-43a2-8ca8-85b623ffd1e5_dp1,0,nixl_start_time
1780281057.6841908,1780281057.7037838,19.593,1780281057.7038002,0.016450881958007812,137427645857,137427.645857,1780281057.6841908,19.609451293945312,0.006198883056640625,5.821943283081055,5.8,40894464,2.087197672638187,2496,chatcmpl-ab1cd24f-e053-4dce-af8f-dcd1b321860b-93e8a6fc,"nixl_xfer_handle(0x556359a22440, released=False)",decode,1,0,452712,26,d61968e8-e4aa-43a2-8ca8-85b623ffd1e5_dp0,0,nixl_start_time
1780281057.6962447,1780281057.7216656,25.421,1780281057.721687,0.021457672119140625,137427657911,137427.657911,1780281057.6962447,25.44236183166504,0.0045299530029296875,7.0781707763671875,7.053,14155776,0.5568536249557452,864,chatcmpl-3b1a243b-256e-4fd4-9d8e-d4006544ee61-a2ecfeef,"nixl_xfer_handle(0x556356e27810, released=False)",decode,1,0,452712,9,d61968e8-e4aa-43a2-8ca8-85b623ffd1e5_dp1,0,nixl_start_time
1780281057.6969585,1780281057.7097895,12.831,1780281057.7098072,0.017642974853515625,137427658625,137427.658625,1780281057.6969585,12.848615646362305,0.0073909759521484375,1.911163330078125,1.884,3145728,0.24516623801730184,192,chatcmpl-5d6f9a3a-5f94-42c3-9a9e-bdcda05de3d2-9a601f7d,"nixl_xfer_handle(0x5af9a3d785c0, released=False)",decode,0,0,452715,2,d61968e8-e4aa-43a2-8ca8-85b623ffd1e5_dp1,0,nixl_start_time
1780281057.7089527,1780281057.7095168,0.5640000000000001,1780281057.709825,0.3082752227783203,137427670619,137427.670619,1780281057.7089527,0.8723735809326172,0.005245208740234375,0.5860328674316406,0.564,1572864,2.788765957446808,48,chatcmpl-a10e7315-994d-4b84-a8b4-2d0b0d0c76c1-9f419875,"nixl_xfer_handle(0x5af9a3d3bdb0, released=False)",decode,0,0,452715,1,d61968e8-e4aa-43a2-8ca8-85b623ffd1e5_dp0,0,nixl_start_time
1780281057.7832217,1780281057.7955496,12.328000000000001,1780281057.7955785,0.028848648071289062,137427744888,137427.744888,1780281057.7832217,12.356758117675781,0.00476837158203125,5.918741226196289,5.892,11010048,0.8930927968851394,672,chatcmpl-4cdbd9ad-85e5-4dc2-a6f1-831f3021fa51-9c26f86d,"nixl_xfer_handle(0x556359a22440, released=False)",decode,1,0,452712,7,d61968e8-e4aa-43a2-8ca8-85b623ffd1e5_dp1,0,nixl_start_time
1780281057.8721697,1780281057.8954697,23.3,1780281057.89549,0.020265579223632812,137427833836,137427.833836,1780281057.8721697,23.32019805908203,0.008821487426757812,8.143424987792969,8.109,44040192,1.8901369957081544,2688,chatcmpl-fda13984-dd9b-40c7-9bec-3b537fe42a8b-a6ee6a95,"nixl_xfer_handle(0x5af9a3d3bdb0, released=False)",decode,0,0,452715,28,d61968e8-e4aa-43a2-8ca8-85b623ffd1e5_dp0,0,nixl_start_time
1780281057.8955896,1780281057.9081917,12.602,1780281057.9082487,0.05698204040527344,137427857256,137427.857256,1780281057.8955896,12.659072875976562,0.0059604644775390625,5.463838577270508,5.443,26738688,2.1217813045548324,1632,chatcmpl-7ba20b71-9e8c-4333-bfe8-b898321a0e50-a0d8698c,"nixl_xfer_handle(0x556359a22440, released=False)",decode,1,0,452712,17,d61968e8-e4aa-43a2-8ca8-85b623ffd1e5_dp1,0,nixl_start_time
1780281058.0813677,1780281058.0937338,12.366,1780281058.093757,0.023126602172851562,137428043034,137428.043034,1780281058.0813677,12.389183044433594,0.0054836273193359375,6.200551986694336,6.177,11010048,0.8903483745754488,672,chatcmpl-864f9259-3127-4692-8bfb-1095b247946a-af5ad7ec,"nixl_xfer_handle(0x556359a22440, released=False)",decode,1,0,452712,7,d61968e8-e4aa-43a2-8ca8-85b623ffd1e5_dp0,0,nixl_start_time
1780281058.1556337,1780281058.1699626,14.328999999999999,1780281058.1699793,0.016689300537109375,137428117300,137428.1173,1780281058.1556337,14.345645904541016,0.007152557373046875,5.645990371704102,5.621,9437184,0.6586072998813595,576,chatcmpl-9ff75334-90d1-41de-935c-e9bf5467bd97-a45cd110,"nixl_xfer_handle(0x5af9a3d3ef00, released=False)",decode,0,0,452715,6,d61968e8-e4aa-43a2-8ca8-85b623ffd1e5_dp0,0,nixl_start_time
1780281058.1558278,1780281058.1932988,37.471,1780281058.193312,0.013113021850585938,137428117494,137428.117494,1780281058.1558278,37.484169006347656,0.006198883056640625,11.373519897460938,11.35,72351744,1.930873048490833,4416,chatcmpl-6bf974c5-46ca-48b8-bb12-31eebffc06ce-8c6f47d3,"nixl_xfer_handle(0x556359a22440, released=False)",decode,1,0,452712,46,d61968e8-e4aa-43a2-8ca8-85b623ffd1e5_dp1,0,nixl_start_time
1780281058.1614437,1780281058.1729167,11.473,1780281058.1729395,0.02288818359375,137428123110,137428.12311,1780281058.1614437,11.495828628540039,0.0045299530029296875,8.236885070800781,8.211,11010048,0.9596485661989018,672,chatcmpl-e3b4c015-e402-49d1-9a51-66fa5a976d09-bae7d7c3,"nixl_xfer_handle(0x5af9a3d785c0, released=False)",decode,0,0,452715,7,d61968e8-e4aa-43a2-8ca8-85b623ffd1e5_dp1,0,nixl_start_time
1780281058.1851187,1780281058.2120407,26.922,1780281058.2120569,0.01621246337890625,137428146785,137428.146785,1780281058.1851187,26.938199996948242,0.0057220458984375,7.802009582519531,7.78,50331648,1.8695359928682862,3072,chatcmpl-09b311e4-1ffa-4317-bd21-189ab84dadee-a70fff66,"nixl_xfer_handle(0x556359b3c8a0, released=False)",decode,1,0,452712,32,d61968e8-e4aa-43a2-8ca8-85b623ffd1e5_dp0,0,nixl_start_time
1780281058.1971498,1780281058.2098398,12.69,1780281058.2098656,0.02574920654296875,137428158816,137428.158816,1780281058.1971498,12.715816497802734,0.0054836273193359375,1.880645751953125,1.857,3145728,0.2478903073286052,192,chatcmpl-48bcd2e8-6957-49a1-baee-0b0fc39f69af-9157e15c,"nixl_xfer_handle(0x5af9a3d88420, released=False)",decode,0,0,452715,2,d61968e8-e4aa-43a2-8ca8-85b623ffd1e5_dp0,0,nixl_start_time
1780281058.2097116,1780281058.2120767,2.3649999999999998,1780281058.2121017,0.025033950805664062,137428171378,137428.171378,1780281058.2097116,2.390146255493164,0.003814697265625,1.7862319946289062,1.761,3145728,1.3301175475687104,192,chatcmpl-90eb3995-906d-4bce-9ed2-3ace42397def-bea68d1f,"nixl_xfer_handle(0x556359a22440, released=False)",decode,1,0,452712,2,d61968e8-e4aa-43a2-8ca8-85b623ffd1e5_dp1,0,nixl_start_time
1780281058.2588787,1780281058.2849116,26.033,1780281058.2849324,0.020742416381835938,137428220545,137428.220545,1780281058.2588787,26.053667068481445,0.0059604644775390625,11.107683181762695,11.081,14155776,0.5437627626474091,864,chatcmpl-7da3157c-9b07-4419-8fb0-abdb809de550-9ebab2b8,"nixl_xfer_handle(0x5af9a3d88420, released=False)",decode,0,0,452715,9,d61968e8-e4aa-43a2-8ca8-85b623ffd1e5_dp0,0,nixl_start_time
1780281058.2732067,1780281058.2974937,24.287,1780281058.2975461,0.05245208740234375,137428234873,137428.234873,1780281058.2732067,24.33943748474121,0.0054836273193359375,5.684375762939453,5.663,36175872,1.489515872689093,2208,chatcmpl-d6b29cd3-fbcc-404b-a6e4-1a88ef11b279-ba54994a,"nixl_xfer_handle(0x556359b3c8a0, released=False)",decode,1,0,452712,23,d61968e8-e4aa-43a2-8ca8-85b623ffd1e5_dp1,0,nixl_start_time
1780281058.4084377,1780281058.4449136,36.476,1780281058.4449608,0.047206878662109375,137428370104,137428.370104,1780281058.4084377,36.52310371398926,0.013589859008789062,11.597633361816406,11.568,80216064,2.1991463976313192,4896,chatcmpl-a244ac53-784f-4616-92ee-f89a94c22fba-ab1b7f35,"nixl_xfer_handle(0x5af9a3ddfa60, released=False)",decode,0,0,452715,51,d61968e8-e4aa-43a2-8ca8-85b623ffd1e5_dp0,0,nixl_start_time
1780281058.4232497,1780281058.4253848,2.1350000000000002,1780281058.425402,0.0171661376953125,137428384916,137428.384916,1780281058.4232497,2.1522045135498047,0.005245208740234375,1.7404556274414062,1.72,3145728,1.473408899297424,192,chatcmpl-7b644d2e-2e18-4d6f-8bbe-223d3f986f27-81a0e237,"nixl_xfer_handle(0x556359a62d60, released=False)",decode,1,0,452712,2,d61968e8-e4aa-43a2-8ca8-85b623ffd1e5_dp1,0,nixl_start_time
1780281058.4359317,1780281058.4481797,12.248,1780281058.4482446,0.064849853515625,137428397598,137428.397598,1780281058.4359317,12.312889099121094,0.009059906005859375,8.645772933959961,8.618,36175872,2.953614630960157,2208,chatcmpl-5f8d2213-9581-44dc-86ab-b416795ecce1-bd6618af,"nixl_xfer_handle(0x5af9a3d3bdb0, released=False)",decode,0,0,452715,23,d61968e8-e4aa-43a2-8ca8-85b623ffd1e5_dp0,0,nixl_start_time
1780281058.5714827,1780281058.5975416,26.058999999999997,1780281058.5975626,0.0209808349609375,137428533149,137428.533149,1780281058.5714827,26.079893112182617,0.008821487426757812,11.054039001464844,11.03,77070336,2.95753236885529,4704,chatcmpl-21cd5d91-fc22-4877-84e6-6283584ea031-9a3cbd89,"nixl_xfer_handle(0x5af9a41d2ee0, released=False)",decode,0,0,452715,49,d61968e8-e4aa-43a2-8ca8-85b623ffd1e5_dp0,0,nixl_start_time
1780281058.6224136,1780281058.6253886,2.975,1780281058.6257825,0.39386749267578125,137428584080,137428.58408,1780281058.6224136,3.368854522705078,0.005245208740234375,2.996683120727539,2.975,4718592,1.586081344537815,288,chatcmpl-a8124566-1d33-4b62-bc38-92eafc32be7d-8d74b448,"nixl_xfer_handle(0x556359a62d60, released=False)",decode,1,0,452712,3,d61968e8-e4aa-43a2-8ca8-85b623ffd1e5_dp0,0,nixl_start_time
1780281058.6715126,1780281058.6725695,1.057,1780281058.6725848,0.0152587890625,137428633179,137428.633179,1780281058.6715126,1.0721683502197266,0.0045299530029296875,0.48732757568359375,0.467,1572864,1.4880454115421002,48,chatcmpl-5962c247-f3ae-4c5a-889b-8c30824c9817-8b815ee3,"nixl_xfer_handle(0x556359a62d60, released=False)",decode,1,0,452712,1,d61968e8-e4aa-43a2-8ca8-85b623ffd1e5_dp0,0,nixl_start_time
1780281058.7207975,1780281058.7334495,12.652,1780281058.7334692,0.019788742065429688,137428682464,137428.682464,1780281058.7207975,12.671709060668945,0.0057220458984375,0.48041343688964844,0.457,1572864,0.12431742017072399,48,chatcmpl-62e71169-408f-475d-91f7-d06eab4c588d-95eee7fe,"nixl_xfer_handle(0x5af9a3d3bdb0, released=False)",decode,0,0,452715,1,d61968e8-e4aa-43a2-8ca8-85b623ffd1e5_dp1,0,nixl_start_time
1780281058.7335048,1780281058.7580829,24.578,1780281058.7581372,0.05435943603515625,137428695171,137428.695171,1780281058.7335048,24.63245391845703,0.010967254638671875,6.016016006469727,5.99,36175872,1.471880218081211,2208,chatcmpl-973bb5c3-eb49-4509-891e-e796973b47f1-85baaecf,"nixl_xfer_handle(0x556359a62d60, released=False)",decode,1,0,452712,23,d61968e8-e4aa-43a2-8ca8-85b623ffd1e5_dp0,0,nixl_start_time
1780281058.7581787,1780281058.7824428,24.264,1780281058.782466,0.023126602172851562,137428719845,137428.719845,1780281058.7581787,24.28722381591797,0.0073909759521484375,8.74185562133789,8.715,45613056,1.8798654797230465,2784,chatcmpl-0a3461ea-a74b-4a6f-99cc-732f7d102692-a160ea9c,"nixl_xfer_handle(0x5af9a3d3bdb0, released=False)",decode,0,0,452715,29,d61968e8-e4aa-43a2-8ca8-85b623ffd1e5_dp1,0,nixl_start_time
1780281058.8068497,1780281058.8190038,12.154,1780281058.8190253,0.021457672119140625,137428768516,137428.768516,1780281058.8068497,12.175559997558594,0.0059604644775390625,5.016803741455078,4.996,28311552,2.329402007569524,1728,chatcmpl-4e79a2e3-5701-4242-af13-022d44b62d8d-a5f74c00,"nixl_xfer_handle(0x5563599a5a20, released=False)",decode,1,0,452712,18,d61968e8-e4aa-43a2-8ca8-85b623ffd1e5_dp0,0,nixl_start_time
1780281058.8187366,1780281058.8310685,12.331999999999999,1780281058.8310907,0.022172927856445312,137428780403,137428.780403,1780281058.8187366,12.354135513305664,0.0054836273193359375,2.1245479583740234,2.087,3145728,0.2550866039571846,192,chatcmpl-aa56d822-8d7a-4804-a03c-6f9f4dea03ef-991481d5,"nixl_xfer_handle(0x5af9a3d3bdb0, released=False)",decode,0,0,452715,2,d61968e8-e4aa-43a2-8ca8-85b623ffd1e5_dp1,0,nixl_start_time
1780281059.0263977,1780281059.0564158,30.018,1780281059.0564303,0.014543533325195312,137428988064,137428.988064,1780281059.0263977,30.032634735107422,0.0054836273193359375,7.953405380249023,7.925,53477376,1.781510293823706,3264,chatcmpl-ea1730d6-c269-4b5e-8ec3-cf309e881a88-b1586c80,"nixl_xfer_handle(0x556359b46720, released=False)",decode,1,0,452712,34,d61968e8-e4aa-43a2-8ca8-85b623ffd1e5_dp0,0,nixl_start_time
1780281059.0509167,1780281059.0670857,16.169,1780281059.0671396,0.053882598876953125,137429012583,137429.012583,1780281059.0509167,16.22295379638672,0.0059604644775390625,3.4410953521728516,3.409,23592960,1.4591477518708642,1440,chatcmpl-92e07d75-a974-4d86-b827-22f93b491d6f-9761a3ba,"nixl_xfer_handle(0x5af9a3d3bdb0, released=False)",decode,0,0,452715,15,d61968e8-e4aa-43a2-8ca8-85b623ffd1e5_dp1,0,nixl_start_time
1780281059.0510128,1780281059.0717938,20.781000000000002,1780281059.071808,0.01430511474609375,137429012679,137429.012679,1780281059.0510128,20.795345306396484,0.0059604644775390625,5.017280578613281,4.996,23592960,1.1353139887397141,1440,chatcmpl-fd430be8-6166-4980-bdf7-07578c967be9-98e7c617,"nixl_xfer_handle(0x556359add120, released=False)",decode,1,0,452712,15,d61968e8-e4aa-43a2-8ca8-85b623ffd1e5_dp1,0,nixl_start_time
1780281059.0631096,1780281059.0671656,4.056,1780281059.0672116,0.04601478576660156,137429024776,137429.024776,1780281059.0631096,4.101991653442383,0.005245208740234375,1.8146038055419922,1.79,3145728,0.7755739644970414,192,chatcmpl-696fff1e-9c8c-495a-ae34-2f79ef3a1717-a1c5c48c,"nixl_xfer_handle(0x5af9a3d3ef00, released=False)",decode,0,0,452715,2,d61968e8-e4aa-43a2-8ca8-85b623ffd1e5_dp0,0,nixl_start_time
1780281059.0631557,1780281059.0791907,16.035,1780281059.079224,0.03337860107421875,137429024822,137429.024822,1780281059.0631557,16.068458557128906,0.00476837158203125,7.984399795532227,7.961,14155776,0.8828048643592142,864,chatcmpl-c00803b3-8eff-453d-8ae7-8efbda273b07-8073a19d,"nixl_xfer_handle(0x556359b46720, released=False)",decode,1,0,452712,9,d61968e8-e4aa-43a2-8ca8-85b623ffd1e5_dp0,0,nixl_start_time
1780281059.0649817,1780281059.0759296,10.947999999999999,1780281059.0759854,0.055789947509765625,137429026648,137429.026648,1780281059.0649817,11.003732681274414,0.0045299530029296875,1.8088817596435547,1.793,3145728,0.2873335769090245,192,chatcmpl-a9c96584-61f6-4dea-9486-85d699392f89-b945a137,"nixl_xfer_handle(0x5af9a41b5720, released=False)",decode,0,0,452715,2,d61968e8-e4aa-43a2-8ca8-85b623ffd1e5_dp0,0,nixl_start_time
1780281059.0758467,1780281059.0787938,2.947,1780281059.0792425,0.4487037658691406,137429037513,137429.037513,1780281059.0758467,3.3957958221435547,0.00476837158203125,2.96783447265625,2.947,4718592,1.6011510010179844,288,chatcmpl-f87acf31-97e3-4e72-b81d-38f421a79885-8c1e6801,"nixl_xfer_handle(0x556359add120, released=False)",decode,1,0,452712,3,d61968e8-e4aa-43a2-8ca8-85b623ffd1e5_dp1,0,nixl_start_time
1780281059.0877807,1780281059.1005337,12.753,1780281059.100606,0.07224082946777344,137429049447,137429.049447,1780281059.0877807,12.825250625610352,0.005245208740234375,3.477334976196289,3.455,6291456,0.4933314514231945,384,chatcmpl-cb569c0d-a6d2-4160-ad1d-c97a0772cbc2-93b81c69,"nixl_xfer_handle(0x5af9a41b5720, released=False)",decode,0,0,452715,4,d61968e8-e4aa-43a2-8ca8-85b623ffd1e5_dp0,0,nixl_start_time
1780281059.1122897,1780281059.1147957,2.506,1780281059.1148098,0.014066696166992188,137429073956,137429.073956,1780281059.1122897,2.5200843811035156,0.0045299530029296875,1.8665790557861328,1.846,3145728,1.2552785315243415,192,chatcmpl-d131dec9-3134-46eb-b627-ca002e5684f1-b95ac552,"nixl_xfer_handle(0x556359b46720, released=False)",decode,1,0,452712,2,d61968e8-e4aa-43a2-8ca8-85b623ffd1e5_dp1,0,nixl_start_time
1780281059.1615295,1780281059.1736445,12.115,1780281059.1737082,0.06365776062011719,137429123196,137429.123196,1780281059.1615295,12.178659439086914,0.00762939453125,6.93964958190918,6.913,23592960,1.9474172513413124,1440,chatcmpl-d8abcc55-da0b-44c0-8b6e-43775f5b8e72-a49a28b5,"nixl_xfer_handle(0x5af9a41b5720, released=False)",decode,0,0,452715,15,d61968e8-e4aa-43a2-8ca8-85b623ffd1e5_dp0,0,nixl_start_time
1780281059.2842085,1780281059.3108485,26.64,1780281059.3109152,0.0667572021484375,137429245875,137429.245875,1780281059.2842085,26.706695556640625,0.00667572021484375,11.885881423950195,11.861,83361792,3.129196396396396,5088,chatcmpl-51660ed3-d9fc-4928-b530-32576500d7f6-af2c3e81,"nixl_xfer_handle(0x5af9a3d51d20, released=False)",decode,0,0,452715,53,d61968e8-e4aa-43a2-8ca8-85b623ffd1e5_dp1,0,nixl_start_time
1780281059.3611987,1780281059.3976207,36.422000000000004,1780281059.3976638,0.04315376281738281,137429322865,137429.322865,1780281059.3611987,36.46516799926758,0.007152557373046875,18.135786056518555,18.112,94371840,2.5910669375652073,5760,chatcmpl-7c743da0-a7ed-4ddb-bbb4-e7f468e29466-98915f1e,"nixl_xfer_handle(0x5af9a3e39220, released=False)",decode,0,0,452715,60,d61968e8-e4aa-43a2-8ca8-85b623ffd1e5_dp0,0,nixl_start_time
1780281059.3939316,1780281059.4063556,12.424,1780281059.4064105,0.054836273193359375,137429355598,137429.355598,1780281059.3939316,12.478828430175781,0.0059604644775390625,3.4303665161132812,3.41,28311552,2.278779137153896,1728,chatcmpl-86e9c005-388b-473b-9ab6-291b0dcca058-a6ae44cb,"nixl_xfer_handle(0x5af9a3d3ef00, released=False)",decode,0,0,452715,18,d61968e8-e4aa-43a2-8ca8-85b623ffd1e5_dp0,0,nixl_start_time
1780281059.5534956,1780281059.5777967,24.301,1780281059.57783,0.03337860107421875,137429515162,137429.515162,1780281059.5534956,24.334430694580078,0.007152557373046875,8.94021987915039,8.915,47185920,1.9417275009258879,2880,chatcmpl-ae19332f-0949-4232-a128-7e2f67b06860-b37e9b6f,"nixl_xfer_handle(0x5af9a3d3ef00, released=False)",decode,0,0,452715,30,d61968e8-e4aa-43a2-8ca8-85b623ffd1e5_dp0,0,nixl_start_time
1780281059.6402247,1780281059.6694858,29.261,1780281059.6695209,0.03504753112792969,137429601891,137429.601891,1780281059.6402247,29.296159744262695,0.0064373016357421875,14.067411422729492,14.03,75497472,2.580139844844674,4608,chatcmpl-9073ec2d-2242-417c-b911-bdb13d7c7f1b-aee22f09,"nixl_xfer_handle(0x556359b46720, released=False)",decode,1,0,452712,48,d61968e8-e4aa-43a2-8ca8-85b623ffd1e5_dp1,0,nixl_start_time
1780281059.6582077,1780281059.6695457,11.338000000000001,1780281059.669571,0.025272369384765625,137429619874,137429.619874,1780281059.6582077,11.36326789855957,0.00476837158203125,1.5301704406738281,1.509,3145728,0.2774499911801023,192,chatcmpl-4b201246-aa17-4158-a83e-5d19532b4145-82790ce5,"nixl_xfer_handle(0x556336fa85e0, released=False)",decode,1,0,452712,2,d61968e8-e4aa-43a2-8ca8-85b623ffd1e5_dp0,0,nixl_start_time
1780281059.7182097,1780281059.7308397,12.63,1780281059.7308614,0.021696090698242188,137429679876,137429.679876,1780281059.7182097,12.651681900024414,0.0064373016357421875,6.679058074951172,6.653,11010048,0.8717377672209026,672,chatcmpl-5512b1c9-1774-4671-90a7-f1081ce993c3-ac365961,"nixl_xfer_handle(0x5af9a3d3ef00, released=False)",decode,0,0,452715,7,d61968e8-e4aa-43a2-8ca8-85b623ffd1e5_dp0,0,nixl_start_time
1780281059.7427227,1780281059.7560508,13.328,1780281059.756105,0.05412101745605469,137429704389,137429.704389,1780281059.7427227,13.382196426391602,0.0045299530029296875,5.834341049194336,5.813,11010048,0.8260840336134454,672,chatcmpl-96bceed1-d06d-4c66-9b97-a779875d83ca-aad693cb,"nixl_xfer_handle(0x556359b46720, released=False)",decode,1,0,452712,7,d61968e8-e4aa-43a2-8ca8-85b623ffd1e5_dp1,0,nixl_start_time
1780281059.7679517,1780281059.7925487,24.597,1780281059.7925837,0.03504753112792969,137429729618,137429.729618,1780281059.7679517,24.631977081298828,0.00762939453125,9.9945068359375,9.971,50331648,2.046251494084644,3072,chatcmpl-d4831181-d87d-4af1-a010-0d68d06fceae-b7ec170c,"nixl_xfer_handle(0x5af9a3d3ef00, released=False)",decode,0,0,452715,32,d61968e8-e4aa-43a2-8ca8-85b623ffd1e5_dp1,0,nixl_start_time
1780281059.9281917,1780281059.9528108,24.619,1780281059.9528534,0.04267692565917969,137429889858,137429.889858,1780281059.9281917,24.661779403686523,0.0069141387939453125,8.786201477050781,8.762,62914560,2.5555286567285433,3840,chatcmpl-69d85636-d6d3-4b5c-866c-745996aab0c5-8062d97e,"nixl_xfer_handle(0x5af9a3dd35a0, released=False)",decode,0,0,452715,40,d61968e8-e4aa-43a2-8ca8-85b623ffd1e5_dp0,0,nixl_start_time
1780281059.9402936,1780281059.9529946,12.701,1780281059.9530163,0.021696090698242188,137429901960,137429.90196,1780281059.9402936,12.72273063659668,0.00476837158203125,6.600618362426758,6.578,12582912,0.990702464372884,768,chatcmpl-cfdd336b-2b76-4103-8221-cf728b7ad669-933307b7,"nixl_xfer_handle(0x556359b46720, released=False)",decode,1,0,452712,8,d61968e8-e4aa-43a2-8ca8-85b623ffd1e5_dp1,0,nixl_start_time
1780281060.0019536,1780281060.0142136,12.26,1780281060.0142367,0.023126602172851562,137429963620,137429.96362,1780281060.0019536,12.283086776733398,0.0050067901611328125,2.702951431274414,2.68,4718592,0.3848769983686786,288,chatcmpl-fdb88753-05d6-46fe-b7d4-ac42c0314d9b-bfd7d675,"nixl_xfer_handle(0x5af9a41821e0, released=False)",decode,0,0,452715,3,d61968e8-e4aa-43a2-8ca8-85b623ffd1e5_dp0,0,nixl_start_time
1780281060.0141306,1780281060.0268197,12.689,1780281060.0268414,0.021696090698242188,137429975797,137429.975797,1780281060.0141306,12.710809707641602,0.0050067901611328125,4.724979400634766,4.705,20447232,1.6114139806131293,1248,chatcmpl-ad9c582d-987f-41dd-8fd3-44c1a536a48e-8551a355,"nixl_xfer_handle(0x556359b46720, released=False)",decode,1,0,452712,13,d61968e8-e4aa-43a2-8ca8-85b623ffd1e5_dp1,0,nixl_start_time
1780281060.0384636,1780281060.0515387,13.075,1780281060.0515606,0.02193450927734375,137430000130,137430.00013,1780281060.0384636,13.097047805786133,0.0050067901611328125,0.4570484161376953,0.435,1572864,0.12029552581261951,48,chatcmpl-73de1769-2e73-4e1a-ab15-e33323bd6059-88dc5463,"nixl_xfer_handle(0x5af9a41821e0, released=False)",decode,0,0,452715,1,d61968e8-e4aa-43a2-8ca8-85b623ffd1e5_dp0,0,nixl_start_time
1780281060.0514526,1780281060.0634665,12.014000000000001,1780281060.0634863,0.019788742065429688,137430013119,137430.013119,1780281060.0514526,12.033700942993164,0.0040531158447265625,1.6722679138183594,1.65,3145728,0.26183852172465455,192,chatcmpl-754ffd5a-b941-4f56-8e21-210c35204d65-86c050dd,"nixl_xfer_handle(0x556359b46720, released=False)",decode,1,0,452712,2,d61968e8-e4aa-43a2-8ca8-85b623ffd1e5_dp1,0,nixl_start_time
1780281060.0757947,1780281060.0881457,12.351,1780281060.0882087,0.0629425048828125,137430037461,137430.037461,1780281060.0757947,12.413978576660156,0.00476837158203125,1.9485950469970703,1.927,3145728,0.2546941948020403,192,chatcmpl-37c88364-18e3-470f-a212-beb92be7e1c1-be160083,"nixl_xfer_handle(0x5af9a41821e0, released=False)",decode,0,0,452715,2,d61968e8-e4aa-43a2-8ca8-85b623ffd1e5_dp0,0,nixl_start_time
1780281060.1004508,1780281060.1024077,1.957,1780281060.1028028,0.39505958557128906,137430062117,137430.062117,1780281060.1004508,2.351999282836914,0.0054836273193359375,1.9807815551757812,1.957,3145728,1.6074236075625958,192,chatcmpl-76d48aed-d09b-4760-ae9d-3a1dc92cc781-b16b0bff,"nixl_xfer_handle(0x556359b46720, released=False)",decode,1,0,452712,2,d61968e8-e4aa-43a2-8ca8-85b623ffd1e5_dp0,0,nixl_start_time
1780281060.1123087,1780281060.1252496,12.940999999999999,1780281060.125356,0.10633468627929688,137430073975,137430.073975,1780281060.1123087,13.047218322753906,0.0057220458984375,0.6530284881591797,0.63,1572864,0.12154114828838576,48,chatcmpl-ea897095-c4d9-4786-b357-393e4ece82a0-97591e01,"nixl_xfer_handle(0x5af9a41821e0, released=False)",decode,0,0,452715,1,d61968e8-e4aa-43a2-8ca8-85b623ffd1e5_dp1,0,nixl_start_time
1780281060.1495657,1780281060.1652076,15.642,1780281060.1652756,0.06794929504394531,137430111232,137430.111232,1780281060.1495657,15.709877014160156,0.0057220458984375,6.222963333129883,6.178,11010048,0.7038772535481397,672,chatcmpl-2d8a8dfd-2ec0-45ce-979c-433e312bf96a-9a1bb438,"nixl_xfer_handle(0x5af9a41821e0, released=False)",decode,0,0,452715,7,d61968e8-e4aa-43a2-8ca8-85b623ffd1e5_dp0,0,nixl_start_time
1780281060.1618786,1780281060.1649315,3.053,1780281060.1652968,0.36525726318359375,137430123545,137430.123545,1780281060.1618786,3.4182071685791016,0.006198883056640625,3.077983856201172,3.053,4718592,1.5455591221749099,288,chatcmpl-cc1a433a-d945-49e9-bbe4-c89791b12bb7-821e18d6,"nixl_xfer_handle(0x5af9a3e39220, released=False)",decode,0,0,452715,3,d61968e8-e4aa-43a2-8ca8-85b623ffd1e5_dp1,0,nixl_start_time
1780281060.2230566,1780281060.2249265,1.8699999999999999,1780281060.225326,0.39958953857421875,137430184723,137430.184723,1780281060.2230566,2.2695064544677734,0.0050067901611328125,1.889944076538086,1.87,3145728,1.682207486631016,192,chatcmpl-8d590535-d4bd-4e52-b035-7a2ff8dc6734-92107b62,"nixl_xfer_handle(0x556359b46720, released=False)",decode,1,0,452712,2,d61968e8-e4aa-43a2-8ca8-85b623ffd1e5_dp0,0,nixl_start_time
1780281060.2351756,1780281060.2482877,13.112,1780281060.2483547,0.06699562072753906,137430196842,137430.196842,1780281060.2351756,13.17906379699707,0.0057220458984375,0.48160552978515625,0.459,1572864,0.11995607077486273,48,chatcmpl-c1143e92-902a-400e-a69d-1897d5d7507f-88aebc50,"nixl_xfer_handle(0x5af9a3e39220, released=False)",decode,0,0,452715,1,d61968e8-e4aa-43a2-8ca8-85b623ffd1e5_dp1,0,nixl_start_time
1780281060.4199138,1780281060.4442418,24.328,1780281060.4442606,0.018835067749023438,137430381580,137430.38158,1780281060.4199138,24.34682846069336,0.0073909759521484375,8.857488632202148,8.832,61341696,2.5214442617560016,3744,chatcmpl-72ab0e59-2a7f-4a18-bdb4-4f5509c540a5-8f263350,"nixl_xfer_handle(0x5af9a3e39220, released=False)",decode,0,0,452715,39,d61968e8-e4aa-43a2-8ca8-85b623ffd1e5_dp0,0,nixl_start_time
1780281060.4935966,1780281060.5180826,24.486,1780281060.5181074,0.0247955322265625,137430455263,137430.455263,1780281060.4935966,24.510860443115234,0.0069141387939453125,9.443044662475586,9.42,51904512,2.1197628032345013,3168,chatcmpl-76940280-ab3d-4b9b-9d9e-f9d33fbd9875-ae8cef44,"nixl_xfer_handle(0x5af9a3d5c700, released=False)",decode,0,0,452715,33,d61968e8-e4aa-43a2-8ca8-85b623ffd1e5_dp1,0,nixl_start_time
1780281060.5551786,1780281060.5674076,12.229000000000001,1780281060.5674512,0.04363059997558594,137430516845,137430.516845,1780281060.5551786,12.27259635925293,0.0054836273193359375,2.5391578674316406,2.516,4718592,0.3858526453512143,288,chatcmpl-09dbfa6d-c094-4cf1-84d1-15eea5be2aa2-b5df8245,"nixl_xfer_handle(0x5af9a3d5c700, released=False)",decode,0,0,452715,3,d61968e8-e4aa-43a2-8ca8-85b623ffd1e5_dp0,0,nixl_start_time
1780281060.5674996,1780281060.5921066,24.607,1780281060.5921328,0.026226043701171875,137430529166,137430.529166,1780281060.5674996,24.633169174194336,0.0064373016357421875,6.392717361450195,6.371,42467328,1.7258230584792946,2592,chatcmpl-bb1361a6-4376-4f06-a58f-36e3b8d94f56-89d685a0,"nixl_xfer_handle(0x556359b46720, released=False)",decode,1,0,452712,27,d61968e8-e4aa-43a2-8ca8-85b623ffd1e5_dp1,0,nixl_start_time
1780281060.5917966,1780281060.6040237,12.227,1780281060.604097,0.07319450378417969,137430553463,137430.553463,1780281060.5917966,12.300252914428711,0.0057220458984375,3.2982826232910156,3.276,17301504,1.4150244540770425,1056,chatcmpl-2b228c04-52ae-42d2-af84-0f4970c2eefd-9fd5555c,"nixl_xfer_handle(0x5af9a3d5c700, released=False)",decode,0,0,452715,11,d61968e8-e4aa-43a2-8ca8-85b623ffd1e5_dp0,0,nixl_start_time
1780281060.6282926,1780281060.6407626,12.47,1780281060.6408043,0.04172325134277344,137430589959,137430.589959,1780281060.6282926,12.511730194091797,0.0057220458984375,4.684686660766602,4.663,23592960,1.8919775461106656,1440,chatcmpl-3505c132-5e64-4c11-b3fa-d8b592f29c7e-87b48bde,"nixl_xfer_handle(0x556359b46720, released=False)",decode,1,0,452712,15,d61968e8-e4aa-43a2-8ca8-85b623ffd1e5_dp1,0,nixl_start_time
1780281060.7142208,1780281060.7407687,26.548,1780281060.7407832,0.014543533325195312,137430675887,137430.675887,1780281060.7142208,26.56245231628418,0.0054836273193359375,8.089780807495117,8.066,42467328,1.5996432122947115,2592,chatcmpl-3aa69ded-6a47-4b23-81d0-b7c62ec1f56c-91c9d0d6,"nixl_xfer_handle(0x556359b46720, released=False)",decode,1,0,452712,27,d61968e8-e4aa-43a2-8ca8-85b623ffd1e5_dp0,0,nixl_start_time
1780281060.7385616,1780281060.7408056,2.2439999999999998,1780281060.7408357,0.030040740966796875,137430700228,137430.700228,1780281060.7385616,2.274036407470703,0.00476837158203125,1.8007755279541016,1.77,3145728,1.4018395721925134,192,chatcmpl-82ed216d-81f9-4edb-adda-b165443d33ce-a48dc319,"nixl_xfer_handle(0x556352598220, released=False)",decode,1,0,452712,2,d61968e8-e4aa-43a2-8ca8-85b623ffd1e5_dp1,0,nixl_start_time
1780281060.8620896,1780281060.8879836,25.894000000000002,1780281060.888007,0.023365020751953125,137430823756,137430.823756,1780281060.8620896,25.91729164123535,0.004291534423828125,6.371021270751953,6.352,45613056,1.761529929713447,2784,chatcmpl-eba12bc5-93c5-4178-9626-b417e5431622-a84b2138,"nixl_xfer_handle(0x556352598220, released=False)",decode,1,0,452712,29,d61968e8-e4aa-43a2-8ca8-85b623ffd1e5_dp1,0,nixl_start_time
1780281060.8622286,1780281060.8878167,25.588,1780281060.8878772,0.060558319091796875,137430823895,137430.823895,1780281060.8622286,25.64859390258789,0.007152557373046875,10.610342025756836,10.587,69206016,2.704627794278568,4224,chatcmpl-8eab6676-a9a1-4a31-b162-037ff352d4ae-9ab1c52c,"nixl_xfer_handle(0x5af9a3d5c700, released=False)",decode,0,0,452715,44,d61968e8-e4aa-43a2-8ca8-85b623ffd1e5_dp0,0,nixl_start_time
1780281060.9506667,1780281060.9581296,7.463,1780281060.9581428,0.013113021850585938,137430912333,137430.912333,1780281060.9506667,7.476091384887695,0.006198883056640625,4.499197006225586,4.478,17301504,2.3183041672249765,1056,chatcmpl-69f404b9-3ba8-4951-936e-47a6503f678d-9c637d9e,"nixl_xfer_handle(0x55634e7416e0, released=False)",decode,1,0,452712,11,d61968e8-e4aa-43a2-8ca8-85b623ffd1e5_dp1,0,nixl_start_time
1780281060.9508226,1780281060.9818475,31.025000000000002,1780281060.9818633,0.015735626220703125,137430912489,137430.912489,1780281060.9508226,31.040668487548828,0.011920928955078125,9.455442428588867,9.426,45613056,1.470203255439162,2784,chatcmpl-d4922a96-95d6-417c-87e0-05586e438f9e-83a5715a,"nixl_xfer_handle(0x5af9a3d5c700, released=False)",decode,0,0,452715,29,d61968e8-e4aa-43a2-8ca8-85b623ffd1e5_dp0,0,nixl_start_time
1780281060.9552686,1780281060.9854937,30.224999999999998,1780281060.9855173,0.023603439331054688,137430916935,137430.916935,1780281060.9552686,30.248641967773438,0.0030994415283203125,1.9745826721191406,1.957,4718592,0.1561155334987593,288,chatcmpl-aec1aebb-40b3-454a-b85d-c663511d63a1-a6b37423,"nixl_xfer_handle(0x556359b46720, released=False)",decode,1,0,452712,3,d61968e8-e4aa-43a2-8ca8-85b623ffd1e5_dp0,0,nixl_start_time
1780281060.9573026,1780281060.9855366,28.233999999999998,1780281060.98559,0.05340576171875,137430918969,137430.918969,1780281060.9573026,28.287410736083984,0.0026226043701171875,0.42057037353515625,0.407,1572864,0.05570815329035915,48,chatcmpl-487286bc-ca68-49cd-a625-32030658dbce-83ce7014,"nixl_xfer_handle(0x5563599829c0, released=False)",decode,1,0,452712,1,d61968e8-e4aa-43a2-8ca8-85b623ffd1e5_dp0,0,nixl_start_time
1780281060.9604917,1780281060.9818897,21.398,1780281060.981929,0.03933906555175781,137430922158,137430.922158,1780281060.9604917,21.437406539916992,0.003814697265625,4.394054412841797,4.374,3145728,0.14701037480138332,192,chatcmpl-8b64bd11-522c-4407-ac25-78cc5eab7fd4-9150b115,"nixl_xfer_handle(0x5af9a41821e0, released=False)",decode,0,0,452715,2,d61968e8-e4aa-43a2-8ca8-85b623ffd1e5_dp1,0,nixl_start_time
1780281060.9651988,1780281060.9966059,31.406999999999996,1780281060.9966264,0.020503997802734375,137430926865,137430.926865,1780281060.9651988,31.427621841430664,0.004291534423828125,16.268253326416016,16.25,67633152,2.1534419715350084,4128,chatcmpl-888ea52b-1221-4a5b-b08f-d4daf4d8295b-9adf6043,"nixl_xfer_handle(0x5af9a3d3bdb0, released=False)",decode,0,0,452715,43,d61968e8-e4aa-43a2-8ca8-85b623ffd1e5_dp1,0,nixl_start_time
1780281061.0215216,1780281061.0400155,18.494,1780281061.040065,0.049591064453125,137430983188,137430.983188,1780281061.0215216,18.543481826782227,0.0050067901611328125,1.7580986022949219,1.737,3145728,0.1700945171406943,192,chatcmpl-0a97c935-4bbb-4192-8b4f-85d73eab9560-9dedba4d,"nixl_xfer_handle(0x5563599829c0, released=False)",decode,1,0,452712,2,d61968e8-e4aa-43a2-8ca8-85b623ffd1e5_dp1,0,nixl_start_time
1780281061.0216506,1780281061.0343285,12.678,1780281061.0343504,0.02193450927734375,137430983317,137430.983317,1780281061.0216506,12.69984245300293,0.0054836273193359375,2.8162002563476562,2.79,4718592,0.37218741126360627,288,chatcmpl-dd9385f3-deda-4840-9668-b2a4a038d846-b4f444d0,"nixl_xfer_handle(0x5af9a3d3bdb0, released=False)",decode,0,0,452715,3,d61968e8-e4aa-43a2-8ca8-85b623ffd1e5_dp0,0,nixl_start_time
1780281061.0236328,1780281061.0400877,16.455000000000002,1780281061.0400946,0.0069141387939453125,137430985299,137430.985299,1780281061.0236328,16.461849212646484,0.00476837158203125,8.984565734863281,8.967,40894464,2.485230264357338,2496,chatcmpl-44dc9fbc-0c10-4929-8171-66b606a1312e-b3c764a0,"nixl_xfer_handle(0x556359b46720, released=False)",decode,1,0,452712,26,d61968e8-e4aa-43a2-8ca8-85b623ffd1e5_dp0,0,nixl_start_time
1780281061.0245416,1780281061.0343726,9.831,1780281061.034463,0.09036064147949219,137430986208,137430.986208,1780281061.0245416,9.92131233215332,0.0045299530029296875,2.4690628051757812,2.452,3145728,0.3199804699420202,192,chatcmpl-e2caf297-ecac-425b-95c5-df167bb2470b-b12593f9,"nixl_xfer_handle(0x5af9a41821e0, released=False)",decode,0,0,452715,2,d61968e8-e4aa-43a2-8ca8-85b623ffd1e5_dp1,0,nixl_start_time
1780281061.0272017,1780281061.0376976,10.496,1780281061.0377843,0.08678436279296875,137430988868,137430.988868,1780281061.0272017,10.582685470581055,0.0050067901611328125,6.827354431152344,6.813,31457280,2.9970731707317073,1920,chatcmpl-5cdb3c62-3638-4441-8d09-000e272bbe11-a56c9ebe,"nixl_xfer_handle(0x5af9a3d5c700, released=False)",decode,0,0,452715,20,d61968e8-e4aa-43a2-8ca8-85b623ffd1e5_dp0,0,nixl_start_time
1780281061.0375717,1780281061.0396187,2.047,1780281061.0401087,0.48995018005371094,137430999238,137430.999238,1780281061.0375717,2.5370121002197266,0.0045299530029296875,2.0678043365478516,2.047,3145728,1.5367503663898388,192,chatcmpl-f16ad526-b27d-4f21-b32d-58aea27c90fc-9a22fbbd,"nixl_xfer_handle(0x55634e7416e0, released=False)",decode,1,0,452712,2,d61968e8-e4aa-43a2-8ca8-85b623ffd1e5_dp0,0,nixl_start_time
1780281061.0733325,1780281061.0862896,12.956999999999999,1780281061.0863216,0.031948089599609375,137431034999,137431.034999,1780281061.0733325,12.989044189453125,0.004291534423828125,1.7361640930175781,1.715,3145728,0.24278212549201206,192,chatcmpl-14030c51-f0d5-454b-8023-4a019b0256de-a1182349,"nixl_xfer_handle(0x55634e7416e0, released=False)",decode,1,0,452712,2,d61968e8-e4aa-43a2-8ca8-85b623ffd1e5_dp0,0,nixl_start_time
1780281061.1226196,1780281061.1350505,12.431,1780281061.135086,0.03552436828613281,137431084286,137431.084286,1780281061.1226196,12.4664306640625,0.0059604644775390625,7.167816162109375,7.146,31457280,2.5305510417504626,1920,chatcmpl-7e6c02a8-88bb-4a22-b46c-e6775553f211-8caf648b,"nixl_xfer_handle(0x5af9a3d5c700, released=False)",decode,0,0,452715,20,d61968e8-e4aa-43a2-8ca8-85b623ffd1e5_dp1,0,nixl_start_time
1780281061.2691276,1780281061.2956176,26.49,1780281061.2956724,0.054836273193359375,137431230794,137431.230794,1780281061.2691276,26.544809341430664,0.0064373016357421875,11.577606201171875,11.548,15728640,0.593757644394111,960,chatcmpl-20875d5c-2dce-4079-b56f-8c15d5752717-8babcedb,"nixl_xfer_handle(0x5af9a3e62cc0, released=False)",decode,0,0,452715,10,d61968e8-e4aa-43a2-8ca8-85b623ffd1e5_dp0,0,nixl_start_time
1780281061.3568106,1780281061.3812256,24.415,1780281061.3812926,0.06699562072753906,137431318477,137431.318477,1780281061.3568106,24.482011795043945,0.00667572021484375,8.963823318481445,8.941,55050240,2.254771247184108,3360,chatcmpl-db038ec1-c4ae-4a7e-8352-e17c99f2fffe-af45d67d,"nixl_xfer_handle(0x5af9a3e62cc0, released=False)",decode,0,0,452715,35,d61968e8-e4aa-43a2-8ca8-85b623ffd1e5_dp1,0,nixl_start_time
1780281061.3691087,1780281061.3812416,12.133,1780281061.3812692,0.02765655517578125,137431330775,137431.330775,1780281061.3691087,12.160539627075195,0.003814697265625,1.3859272003173828,1.364,3145728,0.25927041951701973,192,chatcmpl-c2a9d7d1-1b3b-4fdf-8a8e-981b4c3a5213-bbec666b,"nixl_xfer_handle(0x55634e7416e0, released=False)",decode,1,0,452712,2,d61968e8-e4aa-43a2-8ca8-85b623ffd1e5_dp0,0,nixl_start_time
1780281061.5156786,1780281061.5472527,31.573999999999998,1780281061.5472865,0.033855438232421875,137431477345,137431.477345,1780281061.5156786,31.607866287231445,0.007152557373046875,11.450767517089844,11.416,80216064,2.5405733831633626,4896,chatcmpl-9f04383c-1351-4258-a94e-6ad175b2d84f-9857dec2,"nixl_xfer_handle(0x5af9a3e15ca0, released=False)",decode,0,0,452715,51,d61968e8-e4aa-43a2-8ca8-85b623ffd1e5_dp1,0,nixl_start_time
1780281061.5304546,1780281061.5419736,11.519,1780281061.5420113,0.037670135498046875,137431492121,137431.492121,1780281061.5304546,11.556625366210938,0.0050067901611328125,1.3604164123535156,1.339,3145728,0.27309037242816214,192,chatcmpl-69843e3e-0c2f-43b9-982a-51de29b28058-b5b94dd9,"nixl_xfer_handle(0x55634e7416e0, released=False)",decode,1,0,452712,2,d61968e8-e4aa-43a2-8ca8-85b623ffd1e5_dp0,0,nixl_start_time
1780281061.5419376,1780281061.5543556,12.418000000000001,1780281061.5543792,0.023603439331054688,137431503604,137431.503604,1780281061.5419376,12.441635131835938,0.005245208740234375,5.007266998291016,4.985,36175872,2.913180222258012,2208,chatcmpl-125b5c4b-0a3c-41ff-9461-a50a5a68789e-9defe763,"nixl_xfer_handle(0x5af9a3812740, released=False)",decode,0,0,452715,23,d61968e8-e4aa-43a2-8ca8-85b623ffd1e5_dp1,0,nixl_start_time
1780281061.6029067,1780281061.6269627,24.056,1780281061.6269877,0.025033950805664062,137431564573,137431.564573,1780281061.6029067,24.080991744995117,0.0064373016357421875,8.513212203979492,8.491,42467328,1.7653528433654804,2592,chatcmpl-488260a4-dcc1-4570-84e7-cfb4073bc72a-aa751ea0,"nixl_xfer_handle(0x5af9a3e15ca0, released=False)",decode,0,0,452715,27,d61968e8-e4aa-43a2-8ca8-85b623ffd1e5_dp1,0,nixl_start_time
1780281061.6149507,1780281061.6390946,24.144,1780281061.639135,0.04029273986816406,137431576617,137431.576617,1780281061.6149507,24.184226989746094,0.0057220458984375,6.675958633422852,6.65,14155776,0.5863061630218688,864,chatcmpl-0a17387e-d3bd-46a7-85f5-44355c41849f-a3ad448d,"nixl_xfer_handle(0x55634e7416e0, released=False)",decode,1,0,452712,9,d61968e8-e4aa-43a2-8ca8-85b623ffd1e5_dp0,0,nixl_start_time
1780281061.6758647,1780281061.6874716,11.607,1780281061.687494,0.022411346435546875,137431637531,137431.637531,1780281061.6758647,11.629343032836914,0.0050067901611328125,2.057790756225586,2.036,4718592,0.4065298526751099,288,chatcmpl-97d2103e-8bd3-40b3-be1a-be76f56d14cf-b523187f,"nixl_xfer_handle(0x556359ad2ce0, released=False)",decode,1,0,452712,3,d61968e8-e4aa-43a2-8ca8-85b623ffd1e5_dp1,0,nixl_start_time
1780281061.7358847,1780281061.7490106,13.126000000000001,1780281061.7490327,0.022172927856445312,137431697551,137431.697551,1780281061.7358847,13.148069381713867,0.0057220458984375,2.918243408203125,2.896,6291456,0.4793125095230839,384,chatcmpl-3824af63-0e21-4ad6-b892-69673cd27102-9f8e1dff,"nixl_xfer_handle(0x5af9a3e15ca0, released=False)",decode,0,0,452715,4,d61968e8-e4aa-43a2-8ca8-85b623ffd1e5_dp0,0,nixl_start_time
1780281061.8090696,1780281061.8339746,24.905,1780281061.8340354,0.06079673767089844,137431770736,137431.770736,1780281061.8090696,24.965763092041016,0.0057220458984375,8.568286895751953,8.54,58195968,2.3367182493475203,3552,chatcmpl-86fc5ff2-98a1-4df1-97b6-35bac6a90495-806287e1,"nixl_xfer_handle(0x5af9a3e15ca0, released=False)",decode,0,0,452715,37,d61968e8-e4aa-43a2-8ca8-85b623ffd1e5_dp0,0,nixl_start_time
1780281061.8213067,1780281061.8220208,0.714,1780281061.8220727,0.051975250244140625,137431782973,137431.782973,1780281061.8213067,0.7660388946533203,0.0050067901611328125,0.4725456237792969,0.451,1572864,2.2028907563025206,48,chatcmpl-da415253-2143-4916-b1cf-eb034ac9a302-99f84fc0,"nixl_xfer_handle(0x556359ad2ce0, released=False)",decode,1,0,452712,1,d61968e8-e4aa-43a2-8ca8-85b623ffd1e5_dp1,0,nixl_start_time
1780281061.8331237,1780281061.8336887,0.565,1780281061.8340566,0.36787986755371094,137431794790,137431.79479,1780281061.8331237,0.9329319000244141,0.0057220458984375,0.58746337890625,0.565,1572864,2.7838300884955753,48,chatcmpl-6ea811fb-8ddf-492d-add3-aff2b780304d-ab980665,"nixl_xfer_handle(0x5af9a41821e0, released=False)",decode,0,0,452715,1,d61968e8-e4aa-43a2-8ca8-85b623ffd1e5_dp0,0,nixl_start_time
1780281061.8577466,1780281061.8699706,12.224,1780281061.8700275,0.05698204040527344,137431819413,137431.819413,1780281061.8577466,12.280941009521484,0.004291534423828125,1.325368881225586,1.304,3145728,0.2573403141361257,192,chatcmpl-e5211079-7a79-4d07-84a9-0aeecc4ae5cf-b76d710a,"nixl_xfer_handle(0x556359ad2ce0, released=False)",decode,1,0,452712,2,d61968e8-e4aa-43a2-8ca8-85b623ffd1e5_dp1,0,nixl_start_time
1780281061.8698537,1780281061.8822117,12.357999999999999,1780281061.8822315,0.019788742065429688,137431831520,137431.83152,1780281061.8698537,12.377738952636719,0.0045299530029296875,2.5148391723632812,2.479,4718592,0.38182489075902254,288,chatcmpl-775aba4f-2ae5-4451-aa66-a057bfe8f4b6-a1546a88,"nixl_xfer_handle(0x5af9a41821e0, released=False)",decode,0,0,452715,3,d61968e8-e4aa-43a2-8ca8-85b623ffd1e5_dp0,0,nixl_start_time
1780281061.9063807,1780281061.9185636,12.183,1780281061.9186187,0.05507469177246094,137431868047,137431.868047,1780281061.9063807,12.238025665283203,0.004291534423828125,1.9726753234863281,1.944,4718592,0.3873095296724945,288,chatcmpl-69507b16-76cf-4355-bdaa-b0fa8093b42d-9d0e7cba,"nixl_xfer_handle(0x556359ad2ce0, released=False)",decode,1,0,452712,3,d61968e8-e4aa-43a2-8ca8-85b623ffd1e5_dp1,0,nixl_start_time
1780281061.9184446,1780281061.9304237,11.979,1780281061.9305112,0.08749961853027344,137431880111,137431.880111,1780281061.9184446,12.06660270690918,0.0064373016357421875,2.1352767944335938,2.106,3145728,0.26260355622339093,192,chatcmpl-60b0813d-42c7-440e-b01e-ada45e9ee890-9c820924,"nixl_xfer_handle(0x5af9a41821e0, released=False)",decode,0,0,452715,2,d61968e8-e4aa-43a2-8ca8-85b623ffd1e5_dp0,0,nixl_start_time
1780281062.0033097,1780281062.0155878,12.278,1780281062.0156343,0.04649162292480469,137431964976,137431.964976,1780281062.0033097,12.32457160949707,0.0050067901611328125,7.468700408935547,7.442,11010048,0.8967297605473203,672,chatcmpl-39f61c9e-17d0-416c-93ab-64485d7d938d-b95eca68,"nixl_xfer_handle(0x5af9a41821e0, released=False)",decode,0,0,452715,7,d61968e8-e4aa-43a2-8ca8-85b623ffd1e5_dp0,0,nixl_start_time
1780281062.0520766,1780281062.0761986,24.122,1780281062.0762532,0.05459785461425781,137432013743,137432.013743,1780281062.0520766,24.176597595214844,0.0064373016357421875,8.260726928710938,8.234,44040192,1.8257272199651768,2688,chatcmpl-649eafb1-4b31-40d3-8408-1eb3e6c4e660-af5c5f06,"nixl_xfer_handle(0x5af9a41821e0, released=False)",decode,0,0,452715,28,d61968e8-e4aa-43a2-8ca8-85b623ffd1e5_dp1,0,nixl_start_time
1780281062.1370556,1780281062.1377907,0.735,1780281062.1378186,0.027894973754882812,137432098722,137432.098722,1780281062.1370556,0.762939453125,0.0054836273193359375,0.4901885986328125,0.469,1572864,2.139951020408163,48,chatcmpl-a6deae56-d714-45e1-9733-d3bfbe5c832c-8e337cf9,"nixl_xfer_handle(0x556359ad2ce0, released=False)",decode,1,0,452712,1,d61968e8-e4aa-43a2-8ca8-85b623ffd1e5_dp0,0,nixl_start_time
1780281062.1614416,1780281062.1732197,11.778,1780281062.173242,0.022411346435546875,137432123108,137432.123108,1780281062.1614416,11.800527572631836,0.0040531158447265625,1.367330551147461,1.346,3145728,0.2670850738665308,192,chatcmpl-ffe7b6fd-b1cd-48ba-adc8-1ae667e8d656-b37b1f07,"nixl_xfer_handle(0x556359ad2ce0, released=False)",decode,1,0,452712,2,d61968e8-e4aa-43a2-8ca8-85b623ffd1e5_dp0,0,nixl_start_time
1780281062.2456777,1780281062.2719676,26.29,1780281062.271983,0.0152587890625,137432207344,137432.207344,1780281062.2456777,26.305198669433594,0.00667572021484375,8.671998977661133,8.639,45613056,1.734996424496006,2784,chatcmpl-fc0c2e95-b71d-41e9-8711-2d6e67657a4c-bc55fc07,"nixl_xfer_handle(0x5af9a41de990, released=False)",decode,0,0,452715,29,d61968e8-e4aa-43a2-8ca8-85b623ffd1e5_dp1,0,nixl_start_time
1780281062.2698896,1780281062.2819636,12.074,1780281062.2820375,0.07390975952148438,137432231556,137432.231556,1780281062.2698896,12.147903442382812,0.0057220458984375,1.8067359924316406,1.781,3145728,0.26053735298989567,192,chatcmpl-f896a534-bed2-40e5-bf63-adff51392ce9-98bcb5e8,"nixl_xfer_handle(0x5af9a41fcfa0, released=False)",decode,0,0,452715,2,d61968e8-e4aa-43a2-8ca8-85b623ffd1e5_dp0,0,nixl_start_time
1780281062.2941678,1780281062.3062868,12.119,1780281062.3063645,0.07772445678710938,137432255834,137432.255834,1780281062.2941678,12.196779251098633,0.0054836273193359375,5.053281784057617,5.031,22020096,1.8169895205875073,1344,chatcmpl-74c62172-28f8-4e3d-a0b9-8b94db6c1943-9807ec02,"nixl_xfer_handle(0x5af9a41de990, released=False)",decode,0,0,452715,14,d61968e8-e4aa-43a2-8ca8-85b623ffd1e5_dp1,0,nixl_start_time
1780281062.3062277,1780281062.3182456,12.017999999999999,1780281062.318265,0.019311904907226562,137432267894,137432.267894,1780281062.3062277,12.037277221679688,0.0057220458984375,3.414630889892578,3.395,22020096,1.8322596105841238,1344,chatcmpl-2a2db1bc-1aac-4528-abea-2c5e29e8a30d-99b0ba56,"nixl_xfer_handle(0x556359ad2ce0, released=False)",decode,1,0,452712,14,d61968e8-e4aa-43a2-8ca8-85b623ffd1e5_dp0,0,nixl_start_time
1780281062.4644287,1780281062.4805248,16.096,1780281062.4805853,0.060558319091796875,137432426095,137432.426095,1780281062.4644287,16.156673431396484,0.0054836273193359375,1.9326210021972656,1.902,4718592,0.2931530815109344,288,chatcmpl-e11e2cf5-cc46-4ede-91f9-93233313b032-aabc2ad4,"nixl_xfer_handle(0x556359ad2ce0, released=False)",decode,1,0,452712,3,d61968e8-e4aa-43a2-8ca8-85b623ffd1e5_dp1,0,nixl_start_time
1780281062.4646387,1780281062.4987848,34.146,1780281062.4988394,0.05459785461425781,137432426305,137432.426305,1780281062.4646387,34.20066833496094,0.008106231689453125,12.373208999633789,12.336,77070336,2.257082410824108,4704,chatcmpl-8a9a3a9f-2cbb-4c1b-870b-e9e461477816-977fa0d8,"nixl_xfer_handle(0x5af9a41de990, released=False)",decode,0,0,452715,49,d61968e8-e4aa-43a2-8ca8-85b623ffd1e5_dp0,0,nixl_start_time
1780281062.4919627,1780281062.5040727,12.11,1780281062.504106,0.03337860107421875,137432453629,137432.453629,1780281062.4919627,12.143373489379883,0.0040531158447265625,1.2753009796142578,1.254,3145728,0.25976284062758054,192,chatcmpl-39bc95a9-56df-4931-8d9d-f088dea8045e-ba8104fa,"nixl_xfer_handle(0x556359add120, released=False)",decode,1,0,452712,2,d61968e8-e4aa-43a2-8ca8-85b623ffd1e5_dp1,0,nixl_start_time
1780281062.4920237,1780281062.5040648,12.041,1780281062.5040817,0.016927719116210938,137432453690,137432.45369,1780281062.4920237,12.058019638061523,0.006198883056640625,6.4849853515625,6.459,26738688,2.220636824184038,1632,chatcmpl-5c72160a-8f01-4d0b-8ad7-3624f1e17ce2-a98d8a44,"nixl_xfer_handle(0x5af9a41fcfa0, released=False)",decode,0,0,452715,17,d61968e8-e4aa-43a2-8ca8-85b623ffd1e5_dp0,0,nixl_start_time
1780281062.5159926,1780281062.5301487,14.156,1780281062.530169,0.020265579223632812,137432477659,137432.477659,1780281062.5159926,14.176368713378906,0.005245208740234375,3.543853759765625,3.522,22020096,1.5555309409437694,1344,chatcmpl-4c96ef88-93c8-44bc-96b0-51d6e70dbaa8-b3f34c7a,"nixl_xfer_handle(0x5af9a41de990, released=False)",decode,0,0,452715,14,d61968e8-e4aa-43a2-8ca8-85b623ffd1e5_dp1,0,nixl_start_time
1780281062.5159967,1780281062.5283318,12.335,1780281062.5283952,0.06341934204101562,137432477663,137432.477663,1780281062.5159967,12.398481369018555,0.0045299530029296875,2.4962425231933594,2.473,6291456,0.5100491284961491,384,chatcmpl-fbde85d4-27b9-4b59-9792-65d09a8b935a-97998ab1,"nixl_xfer_handle(0x556359a4dce0, released=False)",decode,1,0,452712,4,d61968e8-e4aa-43a2-8ca8-85b623ffd1e5_dp0,0,nixl_start_time
1780281062.5281527,1780281062.5409718,12.819,1780281062.5410438,0.07200241088867188,137432489819,137432.489819,1780281062.5281527,12.891054153442383,0.0054836273193359375,1.6982555389404297,1.668,3145728,0.24539574069740228,192,chatcmpl-7e983a1b-e9ec-4e69-8f28-e598d7ff990b-8e428671,"nixl_xfer_handle(0x5af9a3e8f2a0, released=False)",decode,0,0,452715,2,d61968e8-e4aa-43a2-8ca8-85b623ffd1e5_dp1,0,nixl_start_time
1780281062.6653936,1780281062.6914885,26.095,1780281062.6915038,0.0152587890625,137432627060,137432.62706,1780281062.6653936,26.110172271728516,0.0064373016357421875,6.3686370849609375,6.346,59768832,2.2904323433607967,3648,chatcmpl-5273d44d-9718-4b8b-8bcb-8d67848654fe-b1e023c9,"nixl_xfer_handle(0x556352598260, released=False)",decode,1,0,452712,38,d61968e8-e4aa-43a2-8ca8-85b623ffd1e5_dp0,0,nixl_start_time
1780281062.6774037,1780281062.6899178,12.514000000000001,1780281062.689944,0.026226043701171875,137432639070,137432.63907,1780281062.6774037,12.540340423583984,0.0064373016357421875,1.8014907836914062,1.771,3145728,0.25137669809813007,192,chatcmpl-236fb21f-387f-41f9-b33f-3d5fba6012ef-bbab6706,"nixl_xfer_handle(0x5af9a41de990, released=False)",decode,0,0,452715,2,d61968e8-e4aa-43a2-8ca8-85b623ffd1e5_dp1,0,nixl_start_time
1780281062.6897056,1780281062.7023735,12.668000000000001,1780281062.7024357,0.06222724914550781,137432651372,137432.651372,1780281062.6897056,12.730121612548828,0.004291534423828125,1.3606548309326172,1.34,3145728,0.24832080833596462,192,chatcmpl-5e5b19eb-3409-48ba-8f14-21b36db3f6ff-bc03ae45,"nixl_xfer_handle(0x556359b46720, released=False)",decode,1,0,452712,2,d61968e8-e4aa-43a2-8ca8-85b623ffd1e5_dp0,0,nixl_start_time
1780281062.7521386,1780281062.7642696,12.131,1780281062.76429,0.020503997802734375,137432713805,137432.713805,1780281062.7521386,12.151479721069336,0.0057220458984375,3.3044815063476562,3.28,18874368,1.5558789877174182,1152,chatcmpl-2cb9cb86-401b-4fc9-88be-9129ed49cb95-87a1092a,"nixl_xfer_handle(0x5af9a41de990, released=False)",decode,0,0,452715,12,d61968e8-e4aa-43a2-8ca8-85b623ffd1e5_dp1,0,nixl_start_time
1780281062.8017046,1780281062.8139136,12.209,1780281062.813935,0.021457672119140625,137432763371,137432.763371,1780281062.8017046,12.230396270751953,0.005245208740234375,1.7077922821044922,1.682,3145728,0.25765648292243426,192,chatcmpl-507ddd2d-041c-4dfa-a8ec-4d6216689210-b4df579e,"nixl_xfer_handle(0x5af9a3d61d20, released=False)",decode,0,0,452715,2,d61968e8-e4aa-43a2-8ca8-85b623ffd1e5_dp0,0,nixl_start_time
1780281062.8761737,1780281062.8888378,12.664,1780281062.888865,0.027179718017578125,137432837840,137432.83784,1780281062.8761737,12.691259384155273,0.0050067901611328125,6.155252456665039,6.131,12582912,0.9935969677826911,768,chatcmpl-0ee06ed8-73fc-445e-98fe-733be4b8856b-acbbed72,"nixl_xfer_handle(0x556359b46720, released=False)",decode,1,0,452712,8,d61968e8-e4aa-43a2-8ca8-85b623ffd1e5_dp1,0,nixl_start_time
1780281062.8886807,1780281062.9011228,12.442,1780281062.9011433,0.020503997802734375,137432850347,137432.850347,1780281062.8886807,12.462615966796875,0.0057220458984375,2.470254898071289,2.445,4718592,0.3792470663880405,288,chatcmpl-3a7a3ff4-a91a-4ac9-83c5-51e1b2eb8b9d-a84e2fed,"nixl_xfer_handle(0x5af9a3d61d20, released=False)",decode,0,0,452715,3,d61968e8-e4aa-43a2-8ca8-85b623ffd1e5_dp0,0,nixl_start_time
1780281062.9394557,1780281062.9510179,11.562,1780281062.9510522,0.034332275390625,137432901122,137432.901122,1780281062.9394557,11.596441268920898,0.00667572021484375,3.7806034088134766,3.759,29884416,2.584709911779969,1824,chatcmpl-7413f5c1-b854-4120-bcbc-2c1db3d4bab9-a3f811e2,"nixl_xfer_handle(0x556359b46720, released=False)",decode,1,0,452712,19,d61968e8-e4aa-43a2-8ca8-85b623ffd1e5_dp1,0,nixl_start_time
1780281063.0257227,1780281063.0557907,30.068,1780281063.0558069,0.01621246337890625,137432987389,137432.987389,1780281063.0257227,30.08413314819336,0.005245208740234375,4.2743682861328125,4.253,37748736,1.2554455234801116,2304,chatcmpl-fb38bb99-b9bf-4651-9ae8-bed23fc61280-9465a5de,"nixl_xfer_handle(0x556359b46720, released=False)",decode,1,0,452712,24,d61968e8-e4aa-43a2-8ca8-85b623ffd1e5_dp0,0,nixl_start_time
1780281063.0509856,1780281063.0761046,25.119,1780281063.0761397,0.03504753112792969,137433012652,137433.012652,1780281063.0509856,25.15411376953125,0.0057220458984375,4.54401969909668,4.523,47185920,1.8784951630240059,2880,chatcmpl-e85a7a82-1844-4bea-84c8-c070b5548105-8f199007,"nixl_xfer_handle(0x556352598260, released=False)",decode,1,0,452712,30,d61968e8-e4aa-43a2-8ca8-85b623ffd1e5_dp1,0,nixl_start_time
1780281063.1010396,1780281063.1131365,12.097,1780281063.113178,0.041484832763671875,137433062706,137433.062706,1780281063.1010396,12.13836669921875,0.00476837158203125,3.3254623413085938,3.306,22020096,1.820293957179466,1344,chatcmpl-cf2c20b6-a71f-44d4-8f53-57e8c5a2630c-95d225df,"nixl_xfer_handle(0x556359b46720, released=False)",decode,1,0,452712,14,d61968e8-e4aa-43a2-8ca8-85b623ffd1e5_dp1,0,nixl_start_time
1780281063.2128506,1780281063.2254236,12.573,1780281063.2254472,0.023603439331054688,137433174517,137433.174517,1780281063.2128506,12.596607208251953,0.0050067901611328125,1.7657279968261719,1.741,3145728,0.25019708900023857,192,chatcmpl-6d7dd24a-061e-461a-9616-7a07b8f91d33-b6626694,"nixl_xfer_handle(0x5af9a3d61d20, released=False)",decode,0,0,452715,2,d61968e8-e4aa-43a2-8ca8-85b623ffd1e5_dp0,0,nixl_start_time
1780281063.3876066,1780281063.4233155,35.708999999999996,1780281063.4233642,0.04863739013671875,137433349273,137433.349273,1780281063.3876066,35.75754165649414,0.01239776611328125,20.418882369995117,20.377,78643200,2.202335545660758,4800,chatcmpl-77905a47-e347-4f09-b643-535cab276d97-b082190e,"nixl_xfer_handle(0x5563599c0ce0, released=False)",decode,1,0,452712,50,d61968e8-e4aa-43a2-8ca8-85b623ffd1e5_dp1,0,nixl_start_time
1780281063.4734566,1780281063.5086925,35.236000000000004,1780281063.508711,0.018596649169921875,137433435123,137433.435123,1780281063.4734566,35.254478454589844,0.010967254638671875,7.053613662719727,7.027,66060288,1.874795322965149,4032,chatcmpl-b17db8c2-e6eb-448c-976c-1486bb62cd93-8d27afa0,"nixl_xfer_handle(0x5563599c0ce0, released=False)",decode,1,0,452712,42,d61968e8-e4aa-43a2-8ca8-85b623ffd1e5_dp0,0,nixl_start_time
1780281063.4808187,1780281063.5156627,34.844,1780281063.515676,0.0133514404296875,137433442485,137433.442485,1780281063.4808187,34.85727310180664,0.0035762786865234375,27.60148048400879,27.569,59768832,1.7153263689587877,3648,chatcmpl-dc3dbfda-b45c-4773-86f8-80230cc3a87c-a6223886,"nixl_xfer_handle(0x556359abbce0, released=False)",decode,1,0,452712,38,d61968e8-e4aa-43a2-8ca8-85b623ffd1e5_dp0,0,nixl_start_time
1780281063.5121336,1780281063.5244515,12.318000000000001,1780281063.5245068,0.0553131103515625,137433473800,137433.4738,1780281063.5121336,12.373208999633789,0.0050067901611328125,3.2835006713867188,3.26,4718592,0.3830647832440331,288,chatcmpl-753052db-2a80-4fd8-b1cf-2583e37e33c3-bdbbace2,"nixl_xfer_handle(0x5563599bbea0, released=False)",decode,1,0,452712,3,d61968e8-e4aa-43a2-8ca8-85b623ffd1e5_dp1,0,nixl_start_time
1780281063.5124598,1780281063.5312119,18.752000000000002,1780281063.5312266,0.014781951904296875,137433474126,137433.474126,1780281063.5124598,18.76688003540039,0.008344650268554688,4.001379013061523,3.978,31457280,1.677542662116041,1920,chatcmpl-fd76bd7f-4dca-4bd1-991e-7eaab9e31a19-9f95bda2,"nixl_xfer_handle(0x5af9a3d61d20, released=False)",decode,0,0,452715,20,d61968e8-e4aa-43a2-8ca8-85b623ffd1e5_dp1,0,nixl_start_time
1780281063.5236886,1780281063.5245335,0.8450000000000001,1780281063.524561,0.027418136596679688,137433485355,137433.485355,1780281063.5236886,0.8723735809326172,0.0040531158447265625,0.51116943359375,0.488,1572864,1.8613775147928995,48,chatcmpl-9b0fb5eb-48be-4977-8e21-4912eff2b0b5-a19d4960,"nixl_xfer_handle(0x556359976320, released=False)",decode,1,0,452712,1,d61968e8-e4aa-43a2-8ca8-85b623ffd1e5_dp0,0,nixl_start_time
1780281063.5238748,1780281063.5363767,12.501999999999999,1780281063.5364013,0.024557113647460938,137433485541,137433.485541,1780281063.5238748,12.526512145996094,0.0054836273193359375,6.996393203735352,6.964,29884416,2.390370820668693,1824,chatcmpl-781b6ce7-6a7e-42fe-b3d4-b4c194e3e31a-9b2ff61c,"nixl_xfer_handle(0x5af9a3e15ca0, released=False)",decode,0,0,452715,19,d61968e8-e4aa-43a2-8ca8-85b623ffd1e5_dp0,0,nixl_start_time
1780281063.5489666,1780281063.5680776,19.111,1780281063.5680919,0.01430511474609375,137433510633,137433.510633,1780281063.5489666,19.12522315979004,0.00762939453125,10.141372680664062,10.118,50331648,2.6336480560933495,3072,chatcmpl-c6d0e6bf-5e1f-4519-a3c4-6e6a9755acbf-9700e26f,"nixl_xfer_handle(0x5af9a386ec30, released=False)",decode,0,0,452715,32,d61968e8-e4aa-43a2-8ca8-85b623ffd1e5_dp1,0,nixl_start_time
1780281063.5625865,1780281063.5741076,11.521,1780281063.5741706,0.0629425048828125,137433524253,137433.524253,1780281063.5625865,11.584043502807617,0.00476837158203125,5.2032470703125,5.177,4718592,0.40956444753059634,288,chatcmpl-1a57e306-215c-421c-9820-d61e1b8520d5-9bd92e0d,"nixl_xfer_handle(0x5af9a3d61d20, released=False)",decode,0,0,452715,3,d61968e8-e4aa-43a2-8ca8-85b623ffd1e5_dp0,0,nixl_start_time
1780281063.6244607,1780281063.6249347,0.474,1780281063.6252043,0.2696514129638672,137433586127,137433.586127,1780281063.6244607,0.7436275482177734,0.004291534423828125,0.4963874816894531,0.474,1572864,3.3182784810126584,48,chatcmpl-25a72f58-7d63-4548-a6c4-50316a7d8cc9-8e4a3358,"nixl_xfer_handle(0x5563599bbea0, released=False)",decode,1,0,452712,1,d61968e8-e4aa-43a2-8ca8-85b623ffd1e5_dp1,0,nixl_start_time
1780281063.6990676,1780281063.7118206,12.753,1780281063.7118843,0.06365776062011719,137433660734,137433.660734,1780281063.6990676,12.816667556762695,0.00476837158203125,1.6112327575683594,1.59,3145728,0.24666572571159726,192,chatcmpl-831fffc4-3108-4848-8e51-ecf75b10bffe-918f6cfd,"nixl_xfer_handle(0x5563599bbea0, released=False)",decode,1,0,452712,2,d61968e8-e4aa-43a2-8ca8-85b623ffd1e5_dp0,0,nixl_start_time
1780281063.7613907,1780281063.7862687,24.878,1780281063.7862911,0.022411346435546875,137433723057,137433.723057,1780281063.7613907,24.900436401367188,0.0054836273193359375,4.313468933105469,4.293,37748736,1.5173541281453493,2304,chatcmpl-1eb4adeb-5918-468b-adf2-0130b3351cce-9119cfae,"nixl_xfer_handle(0x5563599bbea0, released=False)",decode,1,0,452712,24,d61968e8-e4aa-43a2-8ca8-85b623ffd1e5_dp1,0,nixl_start_time
1780281063.9245555,1780281063.9499764,25.421,1780281063.9500117,0.03528594970703125,137433886222,137433.886222,1780281063.9245555,25.45619010925293,0.009775161743164062,10.452508926391602,10.426,64487424,2.536777624798395,3936,chatcmpl-d36fe1c5-7e01-4e3b-b1d0-d614b7a9b997-85d03465,"nixl_xfer_handle(0x5af9a3d61d20, released=False)",decode,0,0,452715,41,d61968e8-e4aa-43a2-8ca8-85b623ffd1e5_dp0,0,nixl_start_time
1780281063.9386706,1780281063.9627225,24.052,1780281063.9627457,0.023126602172851562,137433900337,137433.900337,1780281063.9386706,24.075031280517578,0.0050067901611328125,4.343748092651367,4.323,39321600,1.6348578080824878,2400,chatcmpl-8e0e2c8e-2f5b-4fed-87bc-512aae9e47d4-8b835b85,"nixl_xfer_handle(0x556359a48e60, released=False)",decode,1,0,452712,25,d61968e8-e4aa-43a2-8ca8-85b623ffd1e5_dp1,0,nixl_start_time
1780281063.9879336,1780281064.0004447,12.511,1780281064.0004644,0.019788742065429688,137433949600,137433.9496,1780281063.9879336,12.530803680419922,0.0054836273193359375,4.563570022583008,4.543,17301504,1.3829033650387659,1056,chatcmpl-9e266e75-8a9d-4f30-bf1a-5ddd5805d8e9-8bcca252,"nixl_xfer_handle(0x556359a06220, released=False)",decode,1,0,452712,11,d61968e8-e4aa-43a2-8ca8-85b623ffd1e5_dp1,0,nixl_start_time
1780281064.0002356,1780281064.0128386,12.603,1780281064.012933,0.09441375732421875,137433961902,137433.961902,1780281064.0002356,12.697458267211914,0.005245208740234375,6.397724151611328,6.368,9437184,0.7488045703403952,576,chatcmpl-8955a71c-502e-4d88-9d69-a4ee420126b2-845d77a0,"nixl_xfer_handle(0x5af99a3055e0, released=False)",decode,0,0,452715,6,d61968e8-e4aa-43a2-8ca8-85b623ffd1e5_dp0,0,nixl_start_time
1780281064.0252886,1780281064.0377307,12.442,1780281064.037792,0.06127357482910156,137433986955,137433.986955,1780281064.0252886,12.503385543823242,0.0045299530029296875,5.175352096557617,5.155,11010048,0.8849098215720945,672,chatcmpl-75d7fabb-5282-4a53-b319-892045fa0f97-81559c67,"nixl_xfer_handle(0x556359a48e60, released=False)",decode,1,0,452712,7,d61968e8-e4aa-43a2-8ca8-85b623ffd1e5_dp1,0,nixl_start_time
1780281064.0376527,1780281064.0499167,12.264000000000001,1780281064.049977,0.06031990051269531,137433999319,137433.999319,1780281064.0376527,12.324333190917969,0.006198883056640625,3.5402774810791016,3.517,23592960,1.923757338551859,1440,chatcmpl-c61e6f60-6c03-402a-be19-67eccc6f739e-836f33f4,"nixl_xfer_handle(0x5af99a3055e0, released=False)",decode,0,0,452715,15,d61968e8-e4aa-43a2-8ca8-85b623ffd1e5_dp0,0,nixl_start_time
1780281064.1133947,1780281064.1389847,25.590000000000003,1780281064.1390038,0.019073486328125,137434075061,137434.075061,1780281064.1133947,25.60901641845703,0.007867813110351562,5.017757415771484,4.994,64487424,2.5200243845252053,3936,chatcmpl-75d55f13-4a32-4cd3-8e24-95291aa63328-8bb885ab,"nixl_xfer_handle(0x556359a48e60, released=False)",decode,1,0,452712,41,d61968e8-e4aa-43a2-8ca8-85b623ffd1e5_dp1,0,nixl_start_time
1780281064.1259518,1780281064.1390088,13.056999999999999,1780281064.1390767,0.06794929504394531,137434087618,137434.087618,1780281064.1259518,13.124942779541016,0.0064373016357421875,9.14764404296875,9.125,39321600,3.0115340430420465,2400,chatcmpl-3644ebde-f408-4d83-8edc-6b3ddb436575-a305a36e,"nixl_xfer_handle(0x5af99a3055e0, released=False)",decode,0,0,452715,25,d61968e8-e4aa-43a2-8ca8-85b623ffd1e5_dp0,0,nixl_start_time
1780281064.2647567,1780281064.2769527,12.196,1780281064.2769787,0.025987625122070312,137434226423,137434.226423,1780281064.2647567,12.222051620483398,0.0045299530029296875,2.7370452880859375,2.716,6291456,0.5158622499180059,384,chatcmpl-dbe9021a-7dee-45cd-9b83-626256266345-87ea4591,"nixl_xfer_handle(0x556359a48e60, released=False)",decode,1,0,452712,4,d61968e8-e4aa-43a2-8ca8-85b623ffd1e5_dp1,0,nixl_start_time
1780281064.3144636,1780281064.3392627,24.799000000000003,1780281064.3393195,0.056743621826171875,137434276130,137434.27613,1780281064.3144636,24.855852127075195,0.008344650268554688,6.870746612548828,6.832,40894464,1.6490368160006452,2496,chatcmpl-23c3c7de-dca3-4128-b4ce-c7c8f9215d6e-b3fa0db7,"nixl_xfer_handle(0x5af99a3055e0, released=False)",decode,0,0,452715,26,d61968e8-e4aa-43a2-8ca8-85b623ffd1e5_dp0,0,nixl_start_time
1780281064.3645036,1780281064.3771067,12.603,1780281064.3771303,0.023603439331054688,137434326170,137434.32617,1780281064.3645036,12.62664794921875,0.005245208740234375,5.774497985839844,5.751,14155776,1.1232068555105927,864,chatcmpl-ed7bc7b6-cccd-4848-9956-c47a938d1d99-b34a0587,"nixl_xfer_handle(0x556359a48e60, released=False)",decode,1,0,452712,9,d61968e8-e4aa-43a2-8ca8-85b623ffd1e5_dp1,0,nixl_start_time
1780281064.3769426,1780281064.3895106,12.568,1780281064.3895364,0.02574920654296875,137434338609,137434.338609,1780281064.3769426,12.593746185302734,0.0054836273193359375,1.7652511596679688,1.741,3145728,0.25029662635264166,192,chatcmpl-003064f1-06b8-4284-ab05-53b622ad5007-b73d146b,"nixl_xfer_handle(0x5af99a3055e0, released=False)",decode,0,0,452715,2,d61968e8-e4aa-43a2-8ca8-85b623ffd1e5_dp0,0,nixl_start_time
1780281064.4020696,1780281064.4270246,24.955000000000002,1780281064.4270453,0.020742416381835938,137434363736,137434.363736,1780281064.4020696,24.97577667236328,0.0050067901611328125,4.657268524169922,4.637,44040192,1.764784291725105,2688,chatcmpl-7b8bf9d3-5703-40d0-91be-e8e070bd1682-b46d4d92,"nixl_xfer_handle(0x556359a48e60, released=False)",decode,1,0,452712,28,d61968e8-e4aa-43a2-8ca8-85b623ffd1e5_dp1,0,nixl_start_time
1780281064.5031247,1780281064.5153086,12.184000000000001,1780281064.515377,0.06842613220214844,137434464791,137434.464791,1780281064.5031247,12.252330780029297,0.0059604644775390625,3.8678646087646484,3.847,33030144,2.7109441891004598,2016,chatcmpl-c184f60a-6088-4051-84d0-cbffd36ee661-b6b1a18f,"nixl_xfer_handle(0x556359a48e60, released=False)",decode,1,0,452712,21,d61968e8-e4aa-43a2-8ca8-85b623ffd1e5_dp0,0,nixl_start_time
1780281064.5914996,1780281064.6165307,25.031000000000002,1780281064.6165516,0.0209808349609375,137434553166,137434.553166,1780281064.5914996,25.05207061767578,0.00667572021484375,5.123376846313477,5.101,51904512,2.0736092045863126,3168,chatcmpl-3af52832-125f-435a-8125-ddacdc2cf5cf-849fe3e8,"nixl_xfer_handle(0x556359a48e60, released=False)",decode,1,0,452712,33,d61968e8-e4aa-43a2-8ca8-85b623ffd1e5_dp1,0,nixl_start_time
1780281064.6666677,1780281064.6917577,25.09,1780281064.691822,0.06437301635742188,137434628334,137434.628334,1780281064.6666677,25.15435218811035,0.00476837158203125,4.910707473754883,4.89,56623104,2.256799681147868,3456,chatcmpl-03f2477f-19d4-45a7-be4e-1ed262b3371b-9f1b3e19,"nixl_xfer_handle(0x556359ab9720, released=False)",decode,1,0,452712,36,d61968e8-e4aa-43a2-8ca8-85b623ffd1e5_dp0,0,nixl_start_time
1780281064.7922957,1780281064.8181198,25.823999999999998,1780281064.8181555,0.035762786865234375,137434753962,137434.753962,1780281064.7922957,25.859832763671875,0.0054836273193359375,3.3795833587646484,3.356,7864320,0.3045353159851301,480,chatcmpl-29b0e2af-a183-4b17-8de7-51809c95be78-b2c3bf10,"nixl_xfer_handle(0x556356dff080, released=False)",decode,1,0,452712,5,d61968e8-e4aa-43a2-8ca8-85b623ffd1e5_dp1,0,nixl_start_time
1780281064.7932637,1780281064.8298328,36.568999999999996,1780281064.8298655,0.03266334533691406,137434754930,137434.75493,1780281064.7932637,36.60178184509277,0.010251998901367188,21.239519119262695,21.197,97517568,2.6666730837594685,5952,chatcmpl-e2db3fd2-f730-4ed2-9dbd-43a56af30a63-b2a907a7,"nixl_xfer_handle(0x5af99a3055e0, released=False)",decode,0,0,452715,62,d61968e8-e4aa-43a2-8ca8-85b623ffd1e5_dp0,0,nixl_start_time
1780281064.8802207,1780281064.9029026,22.682000000000002,1780281064.9029605,0.05793571472167969,137434841887,137434.841887,1780281064.8802207,22.739887237548828,0.0059604644775390625,5.384922027587891,5.363,20447232,0.9014739440966405,1248,chatcmpl-cec9b85f-788a-443d-a3a3-8c27f6b9f4dc-87a0ab2b,"nixl_xfer_handle(0x5af99a3055e0, released=False)",decode,0,0,452715,13,d61968e8-e4aa-43a2-8ca8-85b623ffd1e5_dp0,0,nixl_start_time
1780281064.8805037,1780281064.9144557,33.952000000000005,1780281064.9144757,0.02002716064453125,137434842170,137434.84217,1780281064.8805037,33.97202491760254,0.00667572021484375,18.797636032104492,18.762,73924608,2.1773270499528747,4512,chatcmpl-0cc1c4e9-16a5-4d3e-afa5-e207c223939f-9355aab3,"nixl_xfer_handle(0x556359add120, released=False)",decode,1,0,452712,47,d61968e8-e4aa-43a2-8ca8-85b623ffd1e5_dp0,0,nixl_start_time
1780281065.0031896,1780281065.0151427,11.953,1780281065.015168,0.025272369384765625,137434964856,137434.964856,1780281065.0031896,11.978387832641602,0.010013580322265625,1.6319751739501953,1.603,3145728,0.2631747678407094,192,chatcmpl-e0be1702-c086-4c1a-a721-89d970a689a0-9210f716,"nixl_xfer_handle(0x5af99a3055e0, released=False)",decode,0,0,452715,2,d61968e8-e4aa-43a2-8ca8-85b623ffd1e5_dp1,0,nixl_start_time
1780281065.0149517,1780281065.0274408,12.489,1780281065.0274944,0.05364418029785156,137434976618,137434.976618,1780281065.0149517,12.542724609375,0.0050067901611328125,3.8938522338867188,3.871,9437184,0.7556396829209704,576,chatcmpl-f4ead822-7e4f-48f6-a9a3-3f4d7699b25d-bcfc9685,"nixl_xfer_handle(0x556359a627c0, released=False)",decode,1,0,452712,6,d61968e8-e4aa-43a2-8ca8-85b623ffd1e5_dp0,0,nixl_start_time
1780281065.0404606,1780281065.0658777,25.416999999999998,1780281065.065944,0.06628036499023438,137435002127,137435.002127,1780281065.0404606,25.483369827270508,0.012159347534179688,9.90438461303711,9.862,12582912,0.4950588975882284,768,chatcmpl-562a6cc3-afb0-4fb6-8e86-f62d36056a6c-9e8f237d,"nixl_xfer_handle(0x5af99a3055e0, released=False)",decode,0,0,452715,8,d61968e8-e4aa-43a2-8ca8-85b623ffd1e5_dp1,0,nixl_start_time
1780281065.1782286,1780281065.2035506,25.322,1780281065.2035682,0.017642974853515625,137435139895,137435.139895,1780281065.1782286,25.339603424072266,0.0057220458984375,8.29768180847168,8.268,12582912,0.4969161993523418,768,chatcmpl-94b72f45-c528-48f7-a0aa-a90db188714c-9f86c584,"nixl_xfer_handle(0x5af99a3055e0, released=False)",decode,0,0,452715,8,d61968e8-e4aa-43a2-8ca8-85b623ffd1e5_dp0,0,nixl_start_time
1780281065.4298377,1780281065.4572997,27.462,1780281065.457319,0.019311904907226562,137435391504,137435.391504,1780281065.4298377,27.4813175201416,0.0054836273193359375,12.198209762573242,12.168,15728640,0.5727419707231811,960,chatcmpl-504ad12c-3684-4766-903f-db152a6b231a-8ff47dd9,"nixl_xfer_handle(0x5af9a3dd9cc0, released=False)",decode,0,0,452715,10,d61968e8-e4aa-43a2-8ca8-85b623ffd1e5_dp0,0,nixl_start_time
1780281065.5326877,1780281065.5453756,12.687999999999999,1780281065.545432,0.05650520324707031,137435494354,137435.494354,1780281065.5326877,12.744426727294922,0.00476837158203125,2.0160675048828125,1.995,4718592,0.37189407313997475,288,chatcmpl-a80df9ff-2ecb-4a21-8045-99e907289751-b523097b,"nixl_xfer_handle(0x556359a627c0, released=False)",decode,1,0,452712,3,d61968e8-e4aa-43a2-8ca8-85b623ffd1e5_dp1,0,nixl_start_time
1780281065.7215307,1780281065.7340527,12.522,1780281065.7340884,0.035762786865234375,137435683197,137435.683197,1780281065.7215307,12.557744979858398,0.004291534423828125,1.9528865814208984,1.932,4718592,0.3768241494968855,288,chatcmpl-4c9cfc01-b7a8-4b20-a42a-5cf61a3bbfbe-b3be51e9,"nixl_xfer_handle(0x5563599a59e0, released=False)",decode,1,0,452712,3,d61968e8-e4aa-43a2-8ca8-85b623ffd1e5_dp0,0,nixl_start_time
1780281065.8471527,1780281065.8598466,12.694,1780281065.859899,0.05245208740234375,137435808819,137435.808819,1780281065.8471527,12.746334075927734,0.005245208740234375,2.8688907623291016,2.841,4718592,0.371718292106507,288,chatcmpl-115a667a-847f-4a5b-a85d-681ea396a1bb-a9dfd728,"nixl_xfer_handle(0x5af9a3dd9cc0, released=False)",decode,0,0,452715,3,d61968e8-e4aa-43a2-8ca8-85b623ffd1e5_dp1,0,nixl_start_time
1780281065.9605217,1780281065.9731297,12.607999999999999,1780281065.9731662,0.03647804260253906,137435922188,137435.922188,1780281065.9605217,12.644529342651367,0.0069141387939453125,4.134178161621094,4.107,36175872,2.8692791878172588,2208,chatcmpl-853c5349-4c07-47b0-9246-d6e3028640f9-a607d54c,"nixl_xfer_handle(0x5af9a4198220, released=False)",decode,0,0,452715,23,d61968e8-e4aa-43a2-8ca8-85b623ffd1e5_dp0,0,nixl_start_time
1780281066.0361876,1780281066.0482347,12.047,1780281066.0482552,0.020503997802734375,137435997854,137435.997854,1780281066.0361876,12.067556381225586,0.006198883056640625,1.7657279968261719,1.729,3145728,0.2611212750062256,192,chatcmpl-3fba600d-d276-498f-abcd-4e3ec4d669cd-a7416c27,"nixl_xfer_handle(0x5af9a3dcf580, released=False)",decode,0,0,452715,2,d61968e8-e4aa-43a2-8ca8-85b623ffd1e5_dp1,0,nixl_start_time
1780281066.1108637,1780281066.1234977,12.633999999999999,1780281066.1235545,0.056743621826171875,137436072530,137436.07253,1780281066.1108637,12.69078254699707,0.005245208740234375,1.661062240600586,1.63,3145728,0.24898907709355708,192,chatcmpl-9884e5d8-42d7-4c39-978e-d72407564630-bd50b4e8,"nixl_xfer_handle(0x5563599a59e0, released=False)",decode,1,0,452712,2,d61968e8-e4aa-43a2-8ca8-85b623ffd1e5_dp0,0,nixl_start_time
1780281066.2829657,1780281066.2951777,12.212,1780281066.295208,0.030279159545898438,137436244632,137436.244632,1780281066.2829657,12.242317199707031,0.0035762786865234375,1.5969276428222656,1.571,3145728,0.2575931870291516,192,chatcmpl-d7ff75a7-dfe1-4e61-a959-8064cc610c46-a2ce6025,"nixl_xfer_handle(0x5563599a59e0, released=False)",decode,1,0,452712,2,d61968e8-e4aa-43a2-8ca8-85b623ffd1e5_dp0,0,nixl_start_time
1780281066.3694727,1780281066.3934999,24.027,1780281066.393525,0.025033950805664062,137436331139,137436.331139,1780281066.3694727,24.052143096923828,0.008821487426757812,4.871129989624023,4.833,50331648,2.0947953552253713,3072,chatcmpl-11524a76-02a5-46a6-9e9f-e84aaac2726e-a3187087,"nixl_xfer_handle(0x5af9a3dcf580, released=False)",decode,0,0,452715,32,d61968e8-e4aa-43a2-8ca8-85b623ffd1e5_dp1,0,nixl_start_time
1780281066.4183927,1780281066.4302747,11.882,1780281066.4302945,0.019788742065429688,137436380059,137436.380059,1780281066.4183927,11.90185546875,0.005245208740234375,1.5494823455810547,1.516,3145728,0.26474734893115637,192,chatcmpl-97bf71c6-6849-4bbc-98f2-ab1d0cccf3cf-8ba937b7,"nixl_xfer_handle(0x5563599a59e0, released=False)",decode,1,0,452712,2,d61968e8-e4aa-43a2-8ca8-85b623ffd1e5_dp0,0,nixl_start_time
1780281066.4796495,1780281066.4919946,12.345,1780281066.4920275,0.032901763916015625,137436441316,137436.441316,1780281066.4796495,12.37797737121582,0.0045299530029296875,3.119230270385742,3.089,6291456,0.5096359659781288,384,chatcmpl-583ec59e-6f85-4618-916d-19a1f81a82df-a41ce438,"nixl_xfer_handle(0x5563599a59e0, released=False)",decode,1,0,452712,4,d61968e8-e4aa-43a2-8ca8-85b623ffd1e5_dp1,0,nixl_start_time
1780281066.5781827,1780281066.5799797,1.797,1780281066.5802782,0.29850006103515625,137436539849,137436.539849,1780281066.5781827,2.095460891723633,0.0064373016357421875,1.8231868743896484,1.797,3145728,1.750544240400668,192,chatcmpl-93983b22-cd23-4c33-acc4-66aa6128d043-aa2edcd2,"nixl_xfer_handle(0x5af9a3dcf580, released=False)",decode,0,0,452715,2,d61968e8-e4aa-43a2-8ca8-85b623ffd1e5_dp0,0,nixl_start_time
1780281066.6035156,1780281066.6151867,11.671000000000001,1780281066.615222,0.03528594970703125,137436565182,137436.565182,1780281066.6035156,11.706352233886719,0.0054836273193359375,3.841876983642578,3.811,28311552,2.425803444434924,1728,chatcmpl-db54a1d5-7a96-41b6-94af-1960d80c9768-9c7fd561,"nixl_xfer_handle(0x5563599a59e0, released=False)",decode,1,0,452712,18,d61968e8-e4aa-43a2-8ca8-85b623ffd1e5_dp1,0,nixl_start_time
1780281066.6275086,1780281066.6402507,12.741999999999999,1780281066.640302,0.05125999450683594,137436589175,137436.589175,1780281066.6275086,12.793302536010742,0.006198883056640625,0.43582916259765625,0.412,1572864,0.12343933448438237,48,chatcmpl-851a0ed4-a949-4dd0-9793-ed3059d22299-866d3aad,"nixl_xfer_handle(0x5af9a3dcf580, released=False)",decode,0,0,452715,1,d61968e8-e4aa-43a2-8ca8-85b623ffd1e5_dp0,0,nixl_start_time
1780281066.6404736,1780281066.6649735,24.5,1780281066.664993,0.019550323486328125,137436602140,137436.60214,1780281066.6404736,24.51944351196289,0.01049041748046875,5.033969879150391,5.008,48758784,1.990154448979592,2976,chatcmpl-f6b3a20a-7fb8-40cd-8277-ad12012c699d-9ad55d43,"nixl_xfer_handle(0x5563599a59e0, released=False)",decode,1,0,452712,31,d61968e8-e4aa-43a2-8ca8-85b623ffd1e5_dp1,0,nixl_start_time
1780281066.7139277,1780281066.7261317,12.203999999999999,1780281066.7262042,0.072479248046875,137436675594,137436.675594,1780281066.7139277,12.276411056518555,0.006198883056640625,2.476215362548828,2.449,4718592,0.3866430678466077,288,chatcmpl-d362e836-9040-4007-8de6-743f4441383c-84d44451,"nixl_xfer_handle(0x5af9a3e1e5a0, released=False)",decode,0,0,452715,3,d61968e8-e4aa-43a2-8ca8-85b623ffd1e5_dp1,0,nixl_start_time
1780281066.7641625,1780281066.7882855,24.122999999999998,1780281066.788379,0.0934600830078125,137436725829,137436.725829,1780281066.7641625,24.216413497924805,0.00858306884765625,8.930683135986328,8.903,45613056,1.8908533764457158,2784,chatcmpl-1a7380a1-1f25-41f7-b7e1-d6d737ae0425-a828e32d,"nixl_xfer_handle(0x5af9a3e1e5a0, released=False)",decode,0,0,452715,29,d61968e8-e4aa-43a2-8ca8-85b623ffd1e5_dp0,0,nixl_start_time
1780281066.8376346,1780281066.8645706,26.936,1780281066.8646278,0.057220458984375,137436799301,137436.799301,1780281066.8376346,26.993274688720703,0.00762939453125,12.082099914550781,12.056,69206016,2.5692759132759133,4224,chatcmpl-ab34cf4f-7a3c-4c93-a25d-250f853139c8-aeb682fb,"nixl_xfer_handle(0x55633fb451c0, released=False)",decode,1,0,452712,44,d61968e8-e4aa-43a2-8ca8-85b623ffd1e5_dp1,0,nixl_start_time
1780281066.8528247,1780281066.8645837,11.759,1780281066.8646386,0.054836273193359375,137436814491,137436.814491,1780281066.8528247,11.813879013061523,0.0054836273193359375,1.6210079193115234,1.595,3145728,0.2675166255633982,192,chatcmpl-02896282-037f-470d-a523-dce88b67a995-b6a33f92,"nixl_xfer_handle(0x5af9a3e1e5a0, released=False)",decode,0,0,452715,2,d61968e8-e4aa-43a2-8ca8-85b623ffd1e5_dp0,0,nixl_start_time
1780281066.9257057,1780281066.9381857,12.48,1780281066.9382405,0.054836273193359375,137436887372,137436.887372,1780281066.9257057,12.534856796264648,0.005245208740234375,1.7027854919433594,1.674,3145728,0.25206153846153845,192,chatcmpl-558cad78-31e2-4622-b3a1-935b35c8225e-891a7134,"nixl_xfer_handle(0x55633fb451c0, released=False)",decode,1,0,452712,2,d61968e8-e4aa-43a2-8ca8-85b623ffd1e5_dp1,0,nixl_start_time
1780281066.9505036,1780281066.9629107,12.407,1780281066.9629612,0.05054473876953125,137436912170,137436.91217,1780281066.9505036,12.457609176635742,0.007867813110351562,8.742094039916992,8.706,34603008,2.78899073103893,2112,chatcmpl-6fad653e-3c1a-4058-9eb1-3bbeffe1a1ba-9f5d8422,"nixl_xfer_handle(0x5af9a3e1e5a0, released=False)",decode,0,0,452715,22,d61968e8-e4aa-43a2-8ca8-85b623ffd1e5_dp0,0,nixl_start_time
1780281067.0365117,1780281067.0618258,25.314,1780281067.0618417,0.015974044799804688,137436998178,137436.998178,1780281067.0365117,25.330066680908203,0.008821487426757812,9.701251983642578,9.677,62914560,2.4853662005214505,3840,chatcmpl-99df3d83-9b08-46d0-8ec1-4349a168d1f1-afe085b7,"nixl_xfer_handle(0x5af9a3e1e5a0, released=False)",decode,0,0,452715,40,d61968e8-e4aa-43a2-8ca8-85b623ffd1e5_dp0,0,nixl_start_time
1780281067.0495286,1780281067.0611956,11.667,1780281067.0612185,0.02288818359375,137437011195,137437.011195,1780281067.0495286,11.689901351928711,0.003814697265625,1.6219615936279297,1.592,3145728,0.2696261249678581,192,chatcmpl-c0f84de2-d345-48b9-b37d-a59549581730-81b7237b,"nixl_xfer_handle(0x55633fb451c0, released=False)",decode,1,0,452712,2,d61968e8-e4aa-43a2-8ca8-85b623ffd1e5_dp1,0,nixl_start_time
1780281067.0610328,1780281067.0731719,12.139000000000001,1780281067.0732055,0.03361701965332031,137437022699,137437.022699,1780281067.0610328,12.172698974609375,0.005245208740234375,0.5145072937011719,0.492,1572864,0.12957113436032622,48,chatcmpl-03409d69-aa76-44da-95ff-f93ade5e8873-800a8aa9,"nixl_xfer_handle(0x5af9a386ec30, released=False)",decode,0,0,452715,1,d61968e8-e4aa-43a2-8ca8-85b623ffd1e5_dp0,0,nixl_start_time
1780281067.1347196,1780281067.1467385,12.019,1780281067.146802,0.06341934204101562,137437096386,137437.096386,1780281067.1347196,12.082338333129883,0.0054836273193359375,1.7039775848388672,1.674,3145728,0.26172959480822033,192,chatcmpl-d0833da9-b10d-4eb8-8ece-458545eaaf8e-96354516,"nixl_xfer_handle(0x5af9a386ec30, released=False)",decode,0,0,452715,2,d61968e8-e4aa-43a2-8ca8-85b623ffd1e5_dp1,0,nixl_start_time
1780281067.1348257,1780281067.1513126,16.487000000000002,1780281067.1513295,0.016927719116210938,137437096492,137437.096492,1780281067.1348257,16.50381088256836,0.00476837158203125,5.486726760864258,5.458,11010048,0.6678017832231455,672,chatcmpl-040d0cb9-871b-41fb-8a7c-c79ee95c41f4-821b121f,"nixl_xfer_handle(0x556359950f60, released=False)",decode,1,0,452712,7,d61968e8-e4aa-43a2-8ca8-85b623ffd1e5_dp0,0,nixl_start_time
1780281067.1466377,1780281067.1513567,4.719,1780281067.1514099,0.05316734313964844,137437108304,137437.108304,1780281067.1466377,4.772186279296875,0.005245208740234375,4.39000129699707,4.361,7864320,1.6665225683407503,480,chatcmpl-4854849d-59f1-4608-ac45-28d221ae00fa-a7d40b23,"nixl_xfer_handle(0x5563599c0ce0, released=False)",decode,1,0,452712,5,d61968e8-e4aa-43a2-8ca8-85b623ffd1e5_dp0,0,nixl_start_time
1780281067.2570047,1780281067.2696457,12.641,1780281067.269697,0.05125999450683594,137437218671,137437.218671,1780281067.2570047,12.69221305847168,0.0050067901611328125,1.6663074493408203,1.641,3145728,0.24885119848113282,192,chatcmpl-05777bd3-e937-4850-9297-6d0cc260b8c7-a5354d1c,"nixl_xfer_handle(0x5af9a386ec30, released=False)",decode,0,0,452715,2,d61968e8-e4aa-43a2-8ca8-85b623ffd1e5_dp0,0,nixl_start_time
1780281067.2573225,1780281067.2819486,24.625999999999998,1780281067.2820017,0.05316734313964844,137437218989,137437.218989,1780281067.2573225,24.679183959960938,0.0064373016357421875,5.082368850708008,5.06,56623104,2.299322017380005,3456,chatcmpl-49d5b02e-31b0-4b8d-9832-0ef449ac8783-91c1d0c2,"nixl_xfer_handle(0x5563599c0ce0, released=False)",decode,1,0,452712,36,d61968e8-e4aa-43a2-8ca8-85b623ffd1e5_dp1,0,nixl_start_time
1780281067.4171896,1780281067.4338136,16.624,1780281067.4338346,0.0209808349609375,137437378856,137437.378856,1780281067.4171896,16.644954681396484,0.00476837158203125,10.366439819335938,10.333,12582912,0.756912415784408,768,chatcmpl-c6bab180-f4b0-4c93-9669-8d3f72d082fa-90b1381a,"nixl_xfer_handle(0x5af9a386ec30, released=False)",decode,0,0,452715,8,d61968e8-e4aa-43a2-8ca8-85b623ffd1e5_dp0,0,nixl_start_time
1780281067.4173717,1780281067.4390848,21.713,1780281067.439106,0.021219253540039062,137437379038,137437.379038,1780281067.4173717,21.734237670898438,0.00667572021484375,4.606008529663086,4.581,42467328,1.955848017316815,2592,chatcmpl-accfe852-6a4f-4a43-99ac-992fb945d9bb-99ee98b8,"nixl_xfer_handle(0x556356e03100, released=False)",decode,1,0,452712,27,d61968e8-e4aa-43a2-8ca8-85b623ffd1e5_dp0,0,nixl_start_time
1780281067.4276795,1780281067.4338524,6.173,1780281067.4338975,0.04506111145019531,137437389346,137437.389346,1780281067.4276795,6.21795654296875,0.0016689300537109375,2.67791748046875,2.661,3145728,0.50959468653815,192,chatcmpl-bd0e068b-434a-4652-bda9-f5c30df17ce1-85b2ef43,"nixl_xfer_handle(0x5af9a3e1e5a0, released=False)",decode,0,0,452715,2,d61968e8-e4aa-43a2-8ca8-85b623ffd1e5_dp1,0,nixl_start_time
1780281067.4337437,1780281067.4453177,11.574,1780281067.445368,0.05030632019042969,137437395410,137437.39541,1780281067.4337437,11.624336242675781,0.005245208740234375,4.730224609375,4.704,9437184,0.8153779160186626,576,chatcmpl-ac0f3b25-f621-4ff8-a13a-b862464c7c1f-ac86e6ae,"nixl_xfer_handle(0x556359950f60, released=False)",decode,1,0,452712,6,d61968e8-e4aa-43a2-8ca8-85b623ffd1e5_dp0,0,nixl_start_time
1780281067.5317307,1780281067.5560706,24.34,1780281067.5560935,0.02288818359375,137437493397,137437.493397,1780281067.5317307,24.362802505493164,0.0059604644775390625,5.922079086303711,5.901,37748736,1.550893015612161,2304,chatcmpl-1b390d22-71bf-4ae8-92c4-a8a023ae20db-b29a9dac,"nixl_xfer_handle(0x556359950f60, released=False)",decode,1,0,452712,24,d61968e8-e4aa-43a2-8ca8-85b623ffd1e5_dp0,0,nixl_start_time
1780281067.5433197,1780281067.5559397,12.62,1780281067.555998,0.05841255187988281,137437504986,137437.504986,1780281067.5433197,12.678384780883789,0.00476837158203125,1.7864704132080078,1.76,3145728,0.24926529318541998,192,chatcmpl-c6fd2469-4ce2-40d4-9088-f1c8a24a06e0-9da39359,"nixl_xfer_handle(0x5af9a386ec30, released=False)",decode,0,0,452715,2,d61968e8-e4aa-43a2-8ca8-85b623ffd1e5_dp1,0,nixl_start_time
1780281067.6418836,1780281067.6569307,15.046999999999999,1780281067.65698,0.04935264587402344,137437603550,137437.60355,1780281067.6418836,15.096426010131836,0.0059604644775390625,4.522085189819336,4.502,17301504,1.1498307968365789,1056,chatcmpl-eeaaf6d9-1d2f-4d10-801d-5f6359cc735c-b6553c35,"nixl_xfer_handle(0x556359950f60, released=False)",decode,1,0,452712,11,d61968e8-e4aa-43a2-8ca8-85b623ffd1e5_dp1,0,nixl_start_time
1780281067.6421337,1780281067.6679857,25.852,1780281067.6680515,0.06580352783203125,137437603800,137437.6038,1780281067.6421337,25.917768478393555,0.008106231689453125,3.812074661254883,3.786,33030144,1.277663004796534,2016,chatcmpl-78810b08-9239-4119-978c-966070750834-9988a446,"nixl_xfer_handle(0x5af9a386ec30, released=False)",decode,0,0,452715,21,d61968e8-e4aa-43a2-8ca8-85b623ffd1e5_dp0,0,nixl_start_time
1780281067.6461875,1780281067.6680737,21.886,1780281067.6681323,0.058650970458984375,137437607854,137437.607854,1780281067.6461875,21.944761276245117,0.0050067901611328125,7.105588912963867,7.089,33030144,1.509190532760669,2016,chatcmpl-ab4a63bb-7636-4272-b68b-f48bb7416cdf-bf16d40e,"nixl_xfer_handle(0x5af9a3e3f720, released=False)",decode,0,0,452715,21,d61968e8-e4aa-43a2-8ca8-85b623ffd1e5_dp1,0,nixl_start_time
1780281067.7542167,1780281067.7661397,11.923,1780281067.766187,0.047206878662109375,137437715883,137437.715883,1780281067.7542167,11.970281600952148,0.006198883056640625,5.696773529052734,5.673,20447232,1.714940199614191,1248,chatcmpl-bc0aa850-2d7b-4745-b454-5d6cee5123b6-9eae206b,"nixl_xfer_handle(0x5af9a3e3f720, released=False)",decode,0,0,452715,13,d61968e8-e4aa-43a2-8ca8-85b623ffd1e5_dp0,0,nixl_start_time
1780281067.7914495,1780281067.7925835,1.1340000000000001,1780281067.7926009,0.017404556274414062,137437753116,137437.753116,1780281067.7914495,1.1513233184814453,0.0054836273193359375,0.5326271057128906,0.508,1572864,1.387005291005291,48,chatcmpl-9d698dd7-32c2-4edb-8bd0-a9c54b1eb7a6-81ac9bda,"nixl_xfer_handle(0x556359950f60, released=False)",decode,1,0,452712,1,d61968e8-e4aa-43a2-8ca8-85b623ffd1e5_dp1,0,nixl_start_time
1780281067.8151646,1780281067.8180466,2.882,1780281067.8184693,0.4227161407470703,137437776831,137437.776831,1780281067.8151646,3.304719924926758,0.0045299530029296875,2.905607223510742,2.882,4718592,1.637263011797363,288,chatcmpl-d4851cd3-8802-432b-9e16-96243f7b7cb3-8dd7a417,"nixl_xfer_handle(0x556359950f60, released=False)",decode,1,0,452712,3,d61968e8-e4aa-43a2-8ca8-85b623ffd1e5_dp0,0,nixl_start_time
1780281067.8155906,1780281067.8396816,24.091,1780281067.83976,0.07843971252441406,137437777257,137437.777257,1780281067.8155906,24.169445037841797,0.009298324584960938,8.292436599731445,8.264,40894464,1.6974996471711425,2496,chatcmpl-961de49e-e0de-47fe-bafe-5f0863c08070-9ae41709,"nixl_xfer_handle(0x5af9a3e3f720, released=False)",decode,0,0,452715,26,d61968e8-e4aa-43a2-8ca8-85b623ffd1e5_dp1,0,nixl_start_time
1780281067.8760607,1780281067.8778427,1.782,1780281067.8781378,0.2951622009277344,137437837727,137437.837727,1780281067.8760607,2.0771026611328125,0.0057220458984375,1.8126964569091797,1.782,3145728,1.7652794612794613,192,chatcmpl-cb77600e-7509-4d2b-acec-53a894bddf42-8d6682d6,"nixl_xfer_handle(0x5af9a3e3f720, released=False)",decode,0,0,452715,2,d61968e8-e4aa-43a2-8ca8-85b623ffd1e5_dp0,0,nixl_start_time
1780281067.8761086,1780281067.8766136,0.505,1780281067.877015,0.40149688720703125,137437837775,137437.837775,1780281067.8761086,0.9064674377441406,0.004291534423828125,0.5321502685546875,0.505,1572864,3.114582178217822,48,chatcmpl-edb29192-8bd8-4804-986a-e1794d0ccb42-9f096900,"nixl_xfer_handle(0x556359950f60, released=False)",decode,1,0,452712,1,d61968e8-e4aa-43a2-8ca8-85b623ffd1e5_dp1,0,nixl_start_time
1780281067.9374557,1780281067.9493697,11.914,1780281067.949422,0.05221366882324219,137437899122,137437.899122,1780281067.9374557,11.966228485107422,0.006198883056640625,3.7784576416015625,3.741,28311552,2.3763263387611215,1728,chatcmpl-2b8cadad-f57b-4f22-9d41-9aa9931cb86e-9e577635,"nixl_xfer_handle(0x5af9a3e3f720, released=False)",decode,0,0,452715,18,d61968e8-e4aa-43a2-8ca8-85b623ffd1e5_dp0,0,nixl_start_time
1780281068.0228157,1780281068.0246048,1.789,1780281068.0249057,0.3008842468261719,137437984482,137437.984482,1780281068.0228157,2.089977264404297,0.0059604644775390625,1.8270015716552734,1.789,3145728,1.758372275013974,192,chatcmpl-267daa3c-7d22-49d1-8a0b-038258be02ba-8e020ab7,"nixl_xfer_handle(0x5af9a3e3f720, released=False)",decode,0,0,452715,2,d61968e8-e4aa-43a2-8ca8-85b623ffd1e5_dp0,0,nixl_start_time
1780281068.1332526,1780281068.1471517,13.899,1780281068.147175,0.023365020751953125,137438094919,137438.094919,1780281068.1332526,13.922452926635742,0.0059604644775390625,6.840229034423828,6.816,40894464,2.9422594431254048,2496,chatcmpl-b4b7b44f-aa38-4b07-a095-b5328ccd2ddb-be64f27e,"nixl_xfer_handle(0x556359950f60, released=False)",decode,1,0,452712,26,d61968e8-e4aa-43a2-8ca8-85b623ffd1e5_dp0,0,nixl_start_time
1780281068.1333537,1780281068.1590707,25.717,1780281068.1590881,0.017404556274414062,137438095020,137438.09502,1780281068.1333537,25.734424591064453,0.026226043701171875,10.274887084960938,10.232,72351744,2.813381965237003,4416,chatcmpl-97093d57-3f5c-48ea-a882-0202dc468d6a-a2a6662f,"nixl_xfer_handle(0x5af9a3e3f720, released=False)",decode,0,0,452715,46,d61968e8-e4aa-43a2-8ca8-85b623ffd1e5_dp1,0,nixl_start_time
1780281068.1582646,1780281068.1737516,15.487,1780281068.1738012,0.049591064453125,137438119931,137438.119931,1780281068.1582646,15.53654670715332,0.005245208740234375,0.5068778991699219,0.483,1572864,0.10156027636081874,48,chatcmpl-30367642-6ca0-4646-a524-adbc61b5b30e-96f67790,"nixl_xfer_handle(0x5af9a386ec30, released=False)",decode,0,0,452715,1,d61968e8-e4aa-43a2-8ca8-85b623ffd1e5_dp0,0,nixl_start_time
1780281068.1709237,1780281068.1867547,15.831000000000001,1780281068.1868286,0.07390975952148438,137438132590,137438.13259,1780281068.1709237,15.904903411865234,0.0059604644775390625,2.5641918182373047,2.539,4718592,0.2980602615122228,288,chatcmpl-2657b7a4-9470-4970-9e18-161f41415340-992389aa,"nixl_xfer_handle(0x5af9a3e3f720, released=False)",decode,0,0,452715,3,d61968e8-e4aa-43a2-8ca8-85b623ffd1e5_dp1,0,nixl_start_time
1780281068.1710887,1780281068.1836457,12.557,1780281068.1836596,0.013828277587890625,137438132755,137438.132755,1780281068.1710887,12.570858001708984,0.0057220458984375,9.054422378540039,9.023,15728640,1.252579437763797,960,chatcmpl-c2c4f33c-dcfc-4786-a2f5-554b428d699a-b9a112f1,"nixl_xfer_handle(0x556359950f60, released=False)",decode,1,0,452712,10,d61968e8-e4aa-43a2-8ca8-85b623ffd1e5_dp1,0,nixl_start_time
1780281068.1802676,1780281068.1834135,3.146,1780281068.183677,0.26345252990722656,137438141934,137438.141934,1780281068.1802676,3.4093856811523438,0.0035762786865234375,3.164052963256836,3.146,6291456,1.9998270820089001,384,chatcmpl-d818c0a4-3118-4c20-a467-12e2fb79f28b-a93f0366,"nixl_xfer_handle(0x556356e03100, released=False)",decode,1,0,452712,4,d61968e8-e4aa-43a2-8ca8-85b623ffd1e5_dp0,0,nixl_start_time
1780281068.2595997,1780281068.2838397,24.240000000000002,1780281068.2838743,0.03457069396972656,137438221266,137438.221266,1780281068.2595997,24.274587631225586,0.00858306884765625,8.669614791870117,8.631,51904512,2.1412752475247525,3168,chatcmpl-929e8d79-3a58-4706-ac8f-b9f792401a12-9628b47c,"nixl_xfer_handle(0x5af9a381bac0, released=False)",decode,0,0,452715,33,d61968e8-e4aa-43a2-8ca8-85b623ffd1e5_dp1,0,nixl_start_time
1780281068.2718997,1780281068.2838967,11.997,1780281068.2839663,0.06961822509765625,137438233566,137438.233566,1780281068.2718997,12.06660270690918,0.0057220458984375,0.5755424499511719,0.552,1572864,0.1311047761940485,48,chatcmpl-a5928d5d-2eef-47ee-96c1-0f3c0f98a4f1-8d1a161f,"nixl_xfer_handle(0x5af9a386ec30, released=False)",decode,0,0,452715,1,d61968e8-e4aa-43a2-8ca8-85b623ffd1e5_dp0,0,nixl_start_time
1780281068.2838707,1780281068.2962687,12.398,1780281068.2962878,0.019073486328125,137438245537,137438.245537,1780281068.2838707,12.417078018188477,0.006198883056640625,4.774332046508789,4.753,25165824,2.029829327310857,1536,chatcmpl-e0344e48-d58c-4b77-abbc-beb9a6829734-923996e3,"nixl_xfer_handle(0x556356e03100, released=False)",decode,1,0,452712,16,d61968e8-e4aa-43a2-8ca8-85b623ffd1e5_dp1,0,nixl_start_time
1780281068.3206277,1780281068.3212006,0.5730000000000001,1780281068.321505,0.3044605255126953,137438282294,137438.282294,1780281068.3206277,0.87738037109375,0.0054836273193359375,0.5939006805419922,0.573,1572864,2.74496335078534,48,chatcmpl-87e5607f-7ecd-4cd6-9b03-5dc110c57bf7-8d002aea,"nixl_xfer_handle(0x5af9a381bac0, released=False)",decode,0,0,452715,1,d61968e8-e4aa-43a2-8ca8-85b623ffd1e5_dp0,0,nixl_start_time
1780281068.3693538,1780281068.3816397,12.286,1780281068.381699,0.05936622619628906,137438331020,137438.33102,1780281068.3693538,12.345314025878906,0.02288818359375,2.6209354400634766,2.566,4718592,0.38406251017418197,288,chatcmpl-7a4ec4e0-2362-4ce1-84b3-7bb616857f61-a7722d87,"nixl_xfer_handle(0x5af9a381bac0, released=False)",decode,0,0,452715,3,d61968e8-e4aa-43a2-8ca8-85b623ffd1e5_dp1,0,nixl_start_time
1780281068.4183016,1780281068.4202125,1.911,1780281068.4206347,0.4222393035888672,137438379968,137438.379968,1780281068.4183016,2.3331642150878906,0.005245208740234375,1.9354820251464844,1.911,3145728,1.6461161695447408,192,chatcmpl-22dba8ee-0036-4cdd-8507-17b2ed337ae7-8b3a40a4,"nixl_xfer_handle(0x556356e03100, released=False)",decode,1,0,452712,2,d61968e8-e4aa-43a2-8ca8-85b623ffd1e5_dp0,0,nixl_start_time
1780281068.4427776,1780281068.4549766,12.199,1780281068.4550405,0.06389617919921875,137438404444,137438.404444,1780281068.4427776,12.262821197509766,0.0057220458984375,1.9376277923583984,1.911,3145728,0.2578676940732847,192,chatcmpl-cec61606-b935-4799-bca1-a7d2c6d78cdd-b285d60b,"nixl_xfer_handle(0x5af9a381bac0, released=False)",decode,0,0,452715,2,d61968e8-e4aa-43a2-8ca8-85b623ffd1e5_dp1,0,nixl_start_time
1780281068.4550626,1780281068.4672966,12.234,1780281068.4673185,0.02193450927734375,137438416729,137438.416729,1780281068.4550626,12.25590705871582,0.0054836273193359375,6.133317947387695,6.105,11010048,0.8999548798430603,672,chatcmpl-c4116500-2a0a-4888-855f-b607525d0964-97313757,"nixl_xfer_handle(0x556356e03100, released=False)",decode,1,0,452712,7,d61968e8-e4aa-43a2-8ca8-85b623ffd1e5_dp1,0,nixl_start_time
1780281068.4797196,1780281068.4917786,12.059000000000001,1780281068.4918122,0.03361701965332031,137438441386,137438.441386,1780281068.4797196,12.09259033203125,0.0054836273193359375,5.6858062744140625,5.665,31457280,2.6086143129612736,1920,chatcmpl-ecbb1c44-4ea1-40a4-890d-ecf077b89ebb-b86211b6,"nixl_xfer_handle(0x556356e03100, released=False)",decode,1,0,452712,20,d61968e8-e4aa-43a2-8ca8-85b623ffd1e5_dp0,0,nixl_start_time
1780281068.4914477,1780281068.5038157,12.368,1780281068.5038834,0.06771087646484375,137438453114,137438.453114,1780281068.4914477,12.435674667358398,0.0064373016357421875,4.082202911376953,4.056,6291456,0.5086882276843466,384,chatcmpl-cd30e41c-aeb7-4c1c-9455-5c49cb47c7fa-95a504b6,"nixl_xfer_handle(0x5af9a381bac0, released=False)",decode,0,0,452715,4,d61968e8-e4aa-43a2-8ca8-85b623ffd1e5_dp1,0,nixl_start_time
1780281068.5283926,1780281068.5405135,12.121,1780281068.5405722,0.058650970458984375,137438490059,137438.490059,1780281068.5283926,12.17961311340332,0.00667572021484375,5.78618049621582,5.764,33030144,2.7250345681049417,2016,chatcmpl-62d92007-447f-4684-b410-056f9a401c97-8d9c98e5,"nixl_xfer_handle(0x556356e03100, released=False)",decode,1,0,452712,21,d61968e8-e4aa-43a2-8ca8-85b623ffd1e5_dp0,0,nixl_start_time
1780281068.5526237,1780281068.5654867,12.863,1780281068.5655491,0.062465667724609375,137438514290,137438.51429,1780281068.5526237,12.925386428833008,0.00476837158203125,1.8520355224609375,1.827,3145728,0.2445563243411335,192,chatcmpl-4cdb9a4e-08ee-4f40-87f5-dd3cefc003c6-8b3c904d,"nixl_xfer_handle(0x5af9a381bac0, released=False)",decode,0,0,452715,2,d61968e8-e4aa-43a2-8ca8-85b623ffd1e5_dp0,0,nixl_start_time
1780281068.6269855,1780281068.6345086,7.523000000000001,1780281068.6349115,0.4029273986816406,137438588652,137438.588652,1780281068.6269855,7.925987243652344,0.0057220458984375,7.55000114440918,7.523,12582912,1.6725923168948558,768,chatcmpl-39b944c3-1382-4ccd-a223-139af5cb4ea7-82619d7d,"nixl_xfer_handle(0x556356e03100, released=False)",decode,1,0,452712,8,d61968e8-e4aa-43a2-8ca8-85b623ffd1e5_dp1,0,nixl_start_time
1780281068.7606266,1780281068.7728405,12.213999999999999,1780281068.772861,0.020503997802734375,137438722293,137438.722293,1780281068.7606266,12.23444938659668,0.00476837158203125,0.44846534729003906,0.429,1572864,0.1287755035205502,48,chatcmpl-6fb60d83-fa76-4675-a4bb-f12449176574-ac4314d9,"nixl_xfer_handle(0x5af9a381bac0, released=False)",decode,0,0,452715,1,d61968e8-e4aa-43a2-8ca8-85b623ffd1e5_dp0,0,nixl_start_time
1780281068.8457637,1780281068.8699248,24.160999999999998,1780281068.8699527,0.027894973754882812,137438807430,137438.80743,1780281068.8457637,24.188995361328125,0.0064373016357421875,8.245229721069336,8.221,58195968,2.408673813169985,3552,chatcmpl-75a56be9-8c34-446c-9915-18b7c554b216-85616b88,"nixl_xfer_handle(0x556356e03100, released=False)",decode,1,0,452712,37,d61968e8-e4aa-43a2-8ca8-85b623ffd1e5_dp1,0,nixl_start_time
1780281068.8820755,1780281068.8853776,3.3019999999999996,1780281068.8854084,0.030755996704101562,137438843742,137438.843742,1780281068.8820755,3.332853317260742,0.0045299530029296875,2.8884410858154297,2.86,4718592,1.4290102967898244,288,chatcmpl-a06d86b8-2ddc-4fe5-a9e0-f4c0b915a2f6-a35b7c32,"nixl_xfer_handle(0x556356e03100, released=False)",decode,1,0,452712,3,d61968e8-e4aa-43a2-8ca8-85b623ffd1e5_dp1,0,nixl_start_time
1780281068.9183547,1780281068.9308999,12.545,1780281068.930956,0.05602836608886719,137438880021,137438.880021,1780281068.9183547,12.601137161254883,0.021696090698242188,2.025604248046875,1.972,3145728,0.2507555201275408,192,chatcmpl-fb825809-452b-4071-ae80-a3a44b5b16aa-86a6aa64,"nixl_xfer_handle(0x5af9a381bac0, released=False)",decode,0,0,452715,2,d61968e8-e4aa-43a2-8ca8-85b623ffd1e5_dp0,0,nixl_start_time
1780281068.9551666,1780281068.9590707,3.904,1780281068.9594896,0.4189014434814453,137438916833,137438.916833,1780281068.9551666,4.323005676269531,0.0050067901611328125,3.9277076721191406,3.904,6291456,1.6115409836065573,384,chatcmpl-2d3b5968-a324-45df-a53d-6b51b862fa78-803878ef,"nixl_xfer_handle(0x556356e03100, released=False)",decode,1,0,452712,4,d61968e8-e4aa-43a2-8ca8-85b623ffd1e5_dp1,0,nixl_start_time
1780281068.9675047,1780281068.9796648,12.16,1780281068.9797394,0.07462501525878906,137438929171,137438.929171,1780281068.9675047,12.234687805175781,0.0069141387939453125,3.535032272338867,3.498,22020096,1.8108631578947367,1344,chatcmpl-b404a8b0-cffe-477b-893c-346362b3f778-a33c8b4f,"nixl_xfer_handle(0x5af9a381bac0, released=False)",decode,0,0,452715,14,d61968e8-e4aa-43a2-8ca8-85b623ffd1e5_dp0,0,nixl_start_time
1780281069.0762737,1780281069.0810907,4.817,1780281069.0815167,0.4260540008544922,137439037940,137439.03794,1780281069.0762737,5.243062973022461,0.0050067901611328125,4.843473434448242,4.817,7864320,1.6326178119161303,480,chatcmpl-a38daffc-3cb7-4635-8bdd-c18208e46292-98bb7524,"nixl_xfer_handle(0x556356e03100, released=False)",decode,1,0,452712,5,d61968e8-e4aa-43a2-8ca8-85b623ffd1e5_dp1,0,nixl_start_time
1780281069.1126056,1780281069.1248546,12.248999999999999,1780281069.1248763,0.021696090698242188,137439074272,137439.074272,1780281069.1126056,12.270689010620117,0.0057220458984375,7.864475250244141,7.84,31457280,2.568150869458732,1920,chatcmpl-27c99411-117b-47dd-aa3b-77fc882fd38c-85959f08,"nixl_xfer_handle(0x5af989c62420, released=False)",decode,0,0,452715,20,d61968e8-e4aa-43a2-8ca8-85b623ffd1e5_dp0,0,nixl_start_time
1780281069.1848736,1780281069.1970365,12.163,1780281069.1970594,0.02288818359375,137439146540,137439.14654,1780281069.1848736,12.185811996459961,0.00476837158203125,2.645730972290039,2.619,4718592,0.38794639480391346,288,chatcmpl-bc5d0245-66d9-4d59-b962-7fcd37171c30-bbe95547,"nixl_xfer_handle(0x5af9a3dae080, released=False)",decode,0,0,452715,3,d61968e8-e4aa-43a2-8ca8-85b623ffd1e5_dp1,0,nixl_start_time
1780281069.2569187,1780281069.2588677,1.949,1780281069.2593,0.4322528839111328,137439218585,137439.218585,1780281069.2569187,2.3813247680664062,0.0040531158447265625,1.9712448120117188,1.949,3145728,1.6140215495125707,192,chatcmpl-f7d2c76f-34dd-48f8-8a08-87f5789ed3e7-a0b30868,"nixl_xfer_handle(0x556356e03100, released=False)",decode,1,0,452712,2,d61968e8-e4aa-43a2-8ca8-85b623ffd1e5_dp0,0,nixl_start_time
1780281069.2932227,1780281069.2951198,1.897,1780281069.295534,0.41413307189941406,137439254889,137439.254889,1780281069.2932227,2.311229705810547,0.0057220458984375,1.9221305847167969,1.897,3145728,1.6582646283605693,192,chatcmpl-75b61116-98da-4985-88b4-a544add7f005-90e3bb8b,"nixl_xfer_handle(0x556356e03100, released=False)",decode,1,0,452712,2,d61968e8-e4aa-43a2-8ca8-85b623ffd1e5_dp1,0,nixl_start_time
1780281069.2932258,1780281069.32049,27.264,1780281069.3205428,0.052928924560546875,137439254892,137439.254892,1780281069.2932258,27.317047119140625,0.0059604644775390625,11.861085891723633,11.819,14155776,0.5192112676056337,864,chatcmpl-64a023e8-c1f5-4f96-85b3-47614b810b69-850d4031,"nixl_xfer_handle(0x5af9a3dae080, released=False)",decode,0,0,452715,9,d61968e8-e4aa-43a2-8ca8-85b623ffd1e5_dp0,0,nixl_start_time
1780281069.3204327,1780281069.3319666,11.534,1780281069.331989,0.022411346435546875,137439282099,137439.282099,1780281069.3204327,11.556386947631836,0.0057220458984375,4.870414733886719,4.851,22020096,1.9091465233223512,1344,chatcmpl-7039cfc4-d66f-4d1f-9475-dd5f79175609-a79c3040,"nixl_xfer_handle(0x556356e03100, released=False)",decode,1,0,452712,14,d61968e8-e4aa-43a2-8ca8-85b623ffd1e5_dp1,0,nixl_start_time
1780281069.3447616,1780281069.3684976,23.736,1780281069.3685522,0.05459785461425781,137439306428,137439.306428,1780281069.3447616,23.790597915649414,0.00762939453125,7.863044738769531,7.831,9437184,0.39758948432760366,576,chatcmpl-14e37559-5d37-408c-a13c-c8011c49e6e2-904a802e,"nixl_xfer_handle(0x5af9a3dae080, released=False)",decode,0,0,452715,6,d61968e8-e4aa-43a2-8ca8-85b623ffd1e5_dp0,0,nixl_start_time
1780281069.5387816,1780281069.5508466,12.065,1780281069.5508704,0.02384185791015625,137439500448,137439.500448,1780281069.5387816,12.088775634765625,0.0050067901611328125,5.407094955444336,5.386,31457280,2.6073170327393287,1920,chatcmpl-1c16d8de-b86f-42d9-8b6e-7ce5945e7099-877aa22b,"nixl_xfer_handle(0x556356e03100, released=False)",decode,1,0,452712,20,d61968e8-e4aa-43a2-8ca8-85b623ffd1e5_dp1,0,nixl_start_time
1780281069.6123288,1780281069.6433747,31.046,1780281069.643406,0.031232833862304688,137439573995,137439.573995,1780281069.6123288,31.077146530151367,0.0057220458984375,14.77813720703125,14.752,77070336,2.482456226244927,4704,chatcmpl-27325fc3-7fb2-4449-9989-5eef4c452746-a61260fa,"nixl_xfer_handle(0x556356e03100, released=False)",decode,1,0,452712,49,d61968e8-e4aa-43a2-8ca8-85b623ffd1e5_dp0,0,nixl_start_time
1780281069.6305206,1780281069.6546936,24.173000000000002,1780281069.65475,0.05650520324707031,137439592187,137439.592187,1780281069.6305206,24.22952651977539,0.008106231689453125,9.323358535766602,9.297,42467328,1.7568083398833407,2592,chatcmpl-15cc2066-954b-4db1-85a9-a2d3fa2b6250-8dfa5000,"nixl_xfer_handle(0x5af9a3dae080, released=False)",decode,0,0,452715,27,d61968e8-e4aa-43a2-8ca8-85b623ffd1e5_dp1,0,nixl_start_time
1780281069.7042427,1780281069.7193077,15.065,1780281069.7193217,0.014066696166992188,137439665909,137439.665909,1780281069.7042427,15.079021453857422,0.013828277587890625,7.25102424621582,7.221,34603008,2.296913906405576,2112,chatcmpl-5a8ab2f9-d7db-42b6-af6a-c7dcf7539569-84896d7b,"nixl_xfer_handle(0x5af9a3e66170, released=False)",decode,0,0,452715,22,d61968e8-e4aa-43a2-8ca8-85b623ffd1e5_dp0,0,nixl_start_time
1780281069.7043025,1780281069.7165046,12.202,1780281069.716524,0.019311904907226562,137439665969,137439.665969,1780281069.7043025,12.221336364746094,0.005245208740234375,6.88481330871582,6.864,29884416,2.449140796590723,1824,chatcmpl-822af138-b795-4ce4-8d6d-0cc24f4a6d39-8a4d1765,"nixl_xfer_handle(0x556356e03100, released=False)",decode,1,0,452712,19,d61968e8-e4aa-43a2-8ca8-85b623ffd1e5_dp0,0,nixl_start_time
1780281069.7161527,1780281069.7360306,19.878,1780281069.736106,0.07534027099609375,137439677819,137439.677819,1780281069.7161527,19.953250885009766,0.0057220458984375,2.869129180908203,2.846,4718592,0.2373776033806218,288,chatcmpl-417321a3-6cf9-452a-9b72-02a766a5a79f-b94c9e13,"nixl_xfer_handle(0x5af9a3d67060, released=False)",decode,0,0,452715,3,d61968e8-e4aa-43a2-8ca8-85b623ffd1e5_dp1,0,nixl_start_time
1780281069.7286108,1780281069.7412708,12.66,1780281069.7413256,0.054836273193359375,137439690277,137439.690277,1780281069.7286108,12.714862823486328,0.0054836273193359375,6.270647048950195,6.242,11010048,0.869672037914692,672,chatcmpl-3421971f-c896-477e-a79c-04329add0141-b88f2a4a,"nixl_xfer_handle(0x556356e03100, released=False)",decode,1,0,452712,7,d61968e8-e4aa-43a2-8ca8-85b623ffd1e5_dp0,0,nixl_start_time
1780281069.7288027,1780281069.7411306,12.328000000000001,1780281069.741188,0.05745887756347656,137439690469,137439.690469,1780281069.7288027,12.385368347167969,0.0073909759521484375,6.865262985229492,6.84,29884416,2.424109020116807,1824,chatcmpl-0b6c0d3c-94a0-457a-bd4c-093159a5db39-92ff56e2,"nixl_xfer_handle(0x5af9a3e66170, released=False)",decode,0,0,452715,19,d61968e8-e4aa-43a2-8ca8-85b623ffd1e5_dp0,0,nixl_start_time
1780281069.7538576,1780281069.7625396,8.682,1780281069.7628145,0.27489662170410156,137439715524,137439.715524,1780281069.7538576,8.9569091796875,0.0059604644775390625,8.71133804321289,8.682,14155776,1.6304740843123704,864,chatcmpl-289bac1f-9882-45da-96f8-e67365be4b29-a4a7b03b,"nixl_xfer_handle(0x556356e03100, released=False)",decode,1,0,452712,9,d61968e8-e4aa-43a2-8ca8-85b623ffd1e5_dp1,0,nixl_start_time
1780281069.7662938,1780281069.7690887,2.7950000000000004,1780281069.7695353,0.44655799865722656,137439727960,137439.72796,1780281069.7662938,3.2415390014648438,0.00476837158203125,2.817869186401367,2.795,4718592,1.6882261180679783,288,chatcmpl-265a142b-118f-460a-9b50-060b19b9fd71-b65190a9,"nixl_xfer_handle(0x556356e03100, released=False)",decode,1,0,452712,3,d61968e8-e4aa-43a2-8ca8-85b623ffd1e5_dp0,0,nixl_start_time
1780281069.8391116,1780281069.8636055,24.494,1780281069.8636322,0.026702880859375,137439800778,137439.800778,1780281069.8391116,24.5206356048584,0.0054836273193359375,6.318807601928711,6.297,36175872,1.4769279007103782,2208,chatcmpl-4ea97174-cb34-468f-8cca-b4941597cac9-ba1685ab,"nixl_xfer_handle(0x556356e03100, released=False)",decode,1,0,452712,23,d61968e8-e4aa-43a2-8ca8-85b623ffd1e5_dp0,0,nixl_start_time
1780281069.9123707,1780281069.9245386,12.168,1780281069.924559,0.020503997802734375,137439874037,137439.874037,1780281069.9123707,12.188434600830078,0.00476837158203125,1.6405582427978516,1.606,3145728,0.25852465483234716,192,chatcmpl-7db3435d-35af-4395-985c-d4c5fb258b34-9589550e,"nixl_xfer_handle(0x5af989c62420, released=False)",decode,0,0,452715,2,d61968e8-e4aa-43a2-8ca8-85b623ffd1e5_dp1,0,nixl_start_time
1780281069.9126556,1780281069.9389246,26.269000000000002,1780281069.9389415,0.016927719116210938,137439874322,137439.874322,1780281069.9126556,26.285886764526367,0.007152557373046875,6.52623176574707,6.503,53477376,2.035759869047166,3264,chatcmpl-4d7b0ef9-c3a5-4967-bec8-287eed854687-9851d2b4,"nixl_xfer_handle(0x556356e03100, released=False)",decode,1,0,452712,34,d61968e8-e4aa-43a2-8ca8-85b623ffd1e5_dp1,0,nixl_start_time
1780281069.9365437,1780281069.9487896,12.246,1780281069.9488564,0.0667572021484375,137439898210,137439.89821,1780281069.9365437,12.312650680541992,0.0030994415283203125,0.46634674072265625,0.448,1572864,0.1284390004899559,48,chatcmpl-58332ba8-0755-4f96-af8f-522a871ca3b9-b1ddb607,"nixl_xfer_handle(0x5af989c62420, released=False)",decode,0,0,452715,1,d61968e8-e4aa-43a2-8ca8-85b623ffd1e5_dp0,0,nixl_start_time
1780281069.9366126,1780281069.9385185,1.906,1780281069.9389622,0.4436969757080078,137439898279,137439.898279,1780281069.9366126,2.3496150970458984,0.00476837158203125,1.928567886352539,1.906,3145728,1.6504344176285415,192,chatcmpl-57b18100-4629-4b20-b0eb-b439d6b06272-8e7fabe0,"nixl_xfer_handle(0x5563599698a0, released=False)",decode,1,0,452712,2,d61968e8-e4aa-43a2-8ca8-85b623ffd1e5_dp0,0,nixl_start_time
1780281070.0102077,1780281070.0410016,30.793999999999997,1780281070.0410445,0.04291534423828125,137439971874,137439.971874,1780281070.0102077,30.836820602416992,0.0054836273193359375,9.031534194946289,9.011,53477376,1.7366167435214652,3264,chatcmpl-80a93e3d-e63c-4941-bc38-1f579dd01bfa-bb198c25,"nixl_xfer_handle(0x5af989c62420, released=False)",decode,0,0,452715,34,d61968e8-e4aa-43a2-8ca8-85b623ffd1e5_dp1,0,nixl_start_time
1780281070.0226076,1780281070.0468805,24.273,1780281070.0469346,0.05412101745605469,137439984274,137439.984274,1780281070.0226076,24.32703971862793,0.004291534423828125,5.915164947509766,5.896,39321600,1.6199728092942776,2400,chatcmpl-1d966f24-7f93-4fd5-85ce-360716559f10-9d5dee51,"nixl_xfer_handle(0x556356e03100, released=False)",decode,1,0,452712,25,d61968e8-e4aa-43a2-8ca8-85b623ffd1e5_dp0,0,nixl_start_time
1780281070.0343256,1780281070.0467587,12.433,1780281070.0468378,0.07915496826171875,137439995992,137439.995992,1780281070.0343256,12.51220703125,0.0050067901611328125,6.388187408447266,6.361,9437184,0.7590431915064747,576,chatcmpl-dcc93cd5-4f56-44eb-aaeb-24724a4bd3e8-b16f25b1,"nixl_xfer_handle(0x5af9a3e66170, released=False)",decode,0,0,452715,6,d61968e8-e4aa-43a2-8ca8-85b623ffd1e5_dp1,0,nixl_start_time
1780281070.0589206,1780281070.0714347,12.514000000000001,1780281070.0714548,0.02002716064453125,137440020587,137440.020587,1780281070.0589206,12.534141540527344,0.0054836273193359375,4.130840301513672,4.109,17301504,1.3825718395397155,1056,chatcmpl-9fa87fb8-263b-4a68-b435-9af86b78e98a-b0e58dc8,"nixl_xfer_handle(0x556356e03100, released=False)",decode,1,0,452712,11,d61968e8-e4aa-43a2-8ca8-85b623ffd1e5_dp0,0,nixl_start_time
1780281070.1453238,1780281070.1573308,12.007,1780281070.1573942,0.06341934204101562,137440106990,137440.10699,1780281070.1453238,12.070417404174805,0.0059604644775390625,1.6398429870605469,1.616,3145728,0.2619911718164404,192,chatcmpl-c2d2be42-0c64-4244-b0ab-bacfa55f166f-aac1064e,"nixl_xfer_handle(0x5af989c62420, released=False)",decode,0,0,452715,2,d61968e8-e4aa-43a2-8ca8-85b623ffd1e5_dp0,0,nixl_start_time
1780281070.1455567,1780281070.1697958,24.239,1780281070.1698165,0.020742416381835938,137440107223,137440.107223,1780281070.1455567,24.25980567932129,0.006198883056640625,6.682157516479492,6.661,51904512,2.1413635876067496,3168,chatcmpl-31723d6d-dc44-4c32-9d88-794144b64163-b232e3cb,"nixl_xfer_handle(0x556356e03100, released=False)",decode,1,0,452712,33,d61968e8-e4aa-43a2-8ca8-85b623ffd1e5_dp1,0,nixl_start_time
1780281070.1821897,1780281070.1918256,9.636000000000001,1780281070.1918855,0.05984306335449219,137440143856,137440.143856,1780281070.1821897,9.695768356323242,0.0050067901611328125,1.783132553100586,1.761,3145728,0.3264557907845579,192,chatcmpl-850ca213-adb4-4be8-a262-1892de226b0d-b3fc48ee,"nixl_xfer_handle(0x5af989c62420, released=False)",decode,0,0,452715,2,d61968e8-e4aa-43a2-8ca8-85b623ffd1e5_dp0,0,nixl_start_time
1780281070.1822746,1780281070.1858776,3.6029999999999998,1780281070.1900651,4.187583923339844,137440143941,137440.143941,1780281070.1822746,7.790565490722656,0.00476837158203125,3.626585006713867,3.603,6291456,1.7461715237302249,384,chatcmpl-557a3d9b-c3be-4bfa-8f6a-cbbf2013e240-9f414474,"nixl_xfer_handle(0x556356e03100, released=False)",decode,1,0,452712,4,d61968e8-e4aa-43a2-8ca8-85b623ffd1e5_dp0,0,nixl_start_time
1780281070.1840816,1780281070.1952577,11.176,1780281070.195278,0.020265579223632812,137440145748,137440.145748,1780281070.1840816,11.196374893188477,0.0035762786865234375,4.158258438110352,4.141,6291456,0.5629434502505368,384,chatcmpl-194d20db-00e3-40ba-af4b-02d692ef1b19-930a82cd,"nixl_xfer_handle(0x5af9a3d67060, released=False)",decode,0,0,452715,4,d61968e8-e4aa-43a2-8ca8-85b623ffd1e5_dp1,0,nixl_start_time
1780281070.1859987,1780281070.1896608,3.662,1780281070.1900818,0.4210472106933594,137440147665,137440.147665,1780281070.1859987,4.083156585693359,0.0035762786865234375,3.6783218383789062,3.662,6291456,1.7180382304751503,384,chatcmpl-365f1ea0-3eba-456a-97a9-dd64699c7112-ba66fc9d,"nixl_xfer_handle(0x556359950f60, released=False)",decode,1,0,452712,4,d61968e8-e4aa-43a2-8ca8-85b623ffd1e5_dp0,0,nixl_start_time
1780281070.1883116,1780281070.2075775,19.266,1780281070.2076147,0.03719329833984375,137440149978,137440.149978,1780281070.1883116,19.303083419799805,0.003814697265625,3.226757049560547,3.211,3145728,0.16327872936779822,192,chatcmpl-1fe073f0-08fa-4b1b-afd0-bbfc2ff0a676-99bcf35c,"nixl_xfer_handle(0x5af9a3d3bdb0, released=False)",decode,0,0,452715,2,d61968e8-e4aa-43a2-8ca8-85b623ffd1e5_dp1,0,nixl_start_time
1780281070.1951227,1780281070.1969917,1.869,1780281070.1974185,0.4267692565917969,137440156789,137440.156789,1780281070.1951227,2.2957324981689453,0.00476837158203125,1.8928050994873047,1.869,3145728,1.683107544141252,192,chatcmpl-7e5f2892-2cbf-4611-992b-6efc0d30e6e6-b181a973,"nixl_xfer_handle(0x556359950f60, released=False)",decode,1,0,452712,2,d61968e8-e4aa-43a2-8ca8-85b623ffd1e5_dp1,0,nixl_start_time
1780281070.2194676,1780281070.2318916,12.424,1780281070.2319322,0.040531158447265625,137440181134,137440.181134,1780281070.2194676,12.464523315429688,0.0050067901611328125,1.6260147094726562,1.604,3145728,0.2531976819059884,192,chatcmpl-85cfb500-2c45-4ace-aeb3-4e35ee38040d-b1b9d669,"nixl_xfer_handle(0x5af9a3d72180, released=False)",decode,0,0,452715,2,d61968e8-e4aa-43a2-8ca8-85b623ffd1e5_dp0,0,nixl_start_time
1780281070.2196186,1780281070.2320795,12.461,1780281070.2321088,0.029325485229492188,137440181285,137440.181285,1780281070.2196186,12.490272521972656,0.0054836273193359375,5.128383636474609,5.093,28311552,2.2720128400609902,1728,chatcmpl-4831fba9-f22d-4cf5-840c-cb617ade1ea2-9790b5c5,"nixl_xfer_handle(0x556359950f60, released=False)",decode,1,0,452712,18,d61968e8-e4aa-43a2-8ca8-85b623ffd1e5_dp1,0,nixl_start_time
1780281070.2442977,1780281070.2568977,12.6,1780281070.2569156,0.017881393432617188,137440205964,137440.205964,1780281070.2442977,12.617826461791992,0.0064373016357421875,1.665353775024414,1.641,3145728,0.2496609523809524,192,chatcmpl-b5940aae-e61d-47cc-8a4c-3fa847cc4b30-8bc1ffc9,"nixl_xfer_handle(0x5af9a3d72180, released=False)",decode,0,0,452715,2,d61968e8-e4aa-43a2-8ca8-85b623ffd1e5_dp0,0,nixl_start_time
1780281070.2444167,1780281070.2570698,12.652999999999999,1780281070.2571042,0.034332275390625,137440206083,137440.206083,1780281070.2444167,12.687444686889648,0.0057220458984375,4.822731018066406,4.802,22020096,1.7403063305145026,1344,chatcmpl-f5a4df46-100b-472a-a17c-dd47a7125bba-92d465d6,"nixl_xfer_handle(0x556359950f60, released=False)",decode,1,0,452712,14,d61968e8-e4aa-43a2-8ca8-85b623ffd1e5_dp1,0,nixl_start_time
1780281070.2686946,1780281070.2714226,2.7279999999999998,1780281070.2718685,0.4458427429199219,137440230361,137440.230361,1780281070.2686946,3.173828125,0.0050067901611328125,2.750396728515625,2.728,4718592,1.7296891495601172,288,chatcmpl-45faf1a3-4512-4064-876e-ce582c1fb672-b6f62186,"nixl_xfer_handle(0x556359950f60, released=False)",decode,1,0,452712,3,d61968e8-e4aa-43a2-8ca8-85b623ffd1e5_dp0,0,nixl_start_time
1780281070.2814755,1780281070.2832696,1.794,1780281070.283685,0.4153251647949219,137440243142,137440.243142,1780281070.2814755,2.2094249725341797,0.0045299530029296875,1.8165111541748047,1.794,3145728,1.7534715719063545,192,chatcmpl-87344244-9a13-4128-b621-4d4f5a895518-8bde4542,"nixl_xfer_handle(0x556359950f60, released=False)",decode,1,0,452712,2,d61968e8-e4aa-43a2-8ca8-85b623ffd1e5_dp1,0,nixl_start_time
1780281070.3800387,1780281070.3922448,12.206,1780281070.3922665,0.021696090698242188,137440341705,137440.341705,1780281070.3800387,12.227773666381836,0.0054836273193359375,2.4673938751220703,2.445,4718592,0.3865797148943143,288,chatcmpl-cb4fb812-25f8-463f-947d-230cadc651d5-b487a0bd,"nixl_xfer_handle(0x5af9a3d72180, released=False)",decode,0,0,452715,3,d61968e8-e4aa-43a2-8ca8-85b623ffd1e5_dp0,0,nixl_start_time
1780281070.4045377,1780281070.4171357,12.597999999999999,1780281070.4172056,0.06985664367675781,137440366204,137440.366204,1780281070.4045377,12.66789436340332,0.0050067901611328125,2.744913101196289,2.71,4718592,0.3745508810922369,288,chatcmpl-fb29202e-c1fd-46af-b283-b6c9998d919d-97f5a62f,"nixl_xfer_handle(0x5af9a3d72180, released=False)",decode,0,0,452715,3,d61968e8-e4aa-43a2-8ca8-85b623ffd1e5_dp1,0,nixl_start_time
1780281070.5033107,1780281070.5157776,12.467,1780281070.5157971,0.019550323486328125,137440464977,137440.464977,1780281070.5033107,12.486457824707031,0.0050067901611328125,1.8110275268554688,1.781,3145728,0.2523243763535734,192,chatcmpl-2b909f39-3a88-4875-af6f-808170bdc471-84b40608,"nixl_xfer_handle(0x556359950f60, released=False)",decode,1,0,452712,2,d61968e8-e4aa-43a2-8ca8-85b623ffd1e5_dp0,0,nixl_start_time
1780281070.5790186,1780281070.5895936,10.575,1780281070.5896602,0.06651878356933594,137440540685,137440.540685,1780281070.5790186,10.64157485961914,0.009298324584960938,7.172822952270508,7.146,31457280,2.9746836879432625,1920,chatcmpl-910b1cc7-8eb2-4365-be8b-98012d0706f6-9d5922d4,"nixl_xfer_handle(0x5af9a3d72180, released=False)",decode,0,0,452715,20,d61968e8-e4aa-43a2-8ca8-85b623ffd1e5_dp1,0,nixl_start_time
1780281070.6014388,1780281070.6138928,12.454,1780281070.6139374,0.04458427429199219,137440563105,137440.563105,1780281070.6014388,12.498617172241211,0.0064373016357421875,6.108760833740234,6.084,36175872,2.904759274128794,2208,chatcmpl-f230c772-80bd-4f04-9e55-bb4bca663981-81f93cba,"nixl_xfer_handle(0x5af9a3d72180, released=False)",decode,0,0,452715,23,d61968e8-e4aa-43a2-8ca8-85b623ffd1e5_dp0,0,nixl_start_time
1780281070.6626887,1780281070.6646106,1.9220000000000002,1780281070.6650233,0.4127025604248047,137440624355,137440.624355,1780281070.6626887,2.3345947265625,0.005245208740234375,1.947641372680664,1.922,3145728,1.636695109261186,192,chatcmpl-0170ad9c-1f4f-4c4b-accc-7c1b2759a01c-a5eca271,"nixl_xfer_handle(0x556352598260, released=False)",decode,1,0,452712,2,d61968e8-e4aa-43a2-8ca8-85b623ffd1e5_dp1,0,nixl_start_time
1780281070.6751037,1780281070.6770346,1.931,1780281070.677443,0.40841102600097656,137440636770,137440.63677,1780281070.6751037,2.3393630981445312,0.0040531158447265625,1.9524097442626953,1.931,3145728,1.6290668047643708,192,chatcmpl-0941f034-fa77-413a-b587-30418f0271f7-b8a1dace,"nixl_xfer_handle(0x556352598260, released=False)",decode,1,0,452712,2,d61968e8-e4aa-43a2-8ca8-85b623ffd1e5_dp0,0,nixl_start_time
1780281070.7115498,1780281070.7239559,12.406,1780281070.723973,0.0171661376953125,137440673216,137440.673216,1780281070.7115498,12.423276901245117,0.005245208740234375,2.599477767944336,2.577,4718592,0.38034757375463485,288,chatcmpl-6630e6cf-0b88-4bc8-878c-95fb671f5cbc-9e678a68,"nixl_xfer_handle(0x5af9a3d72180, released=False)",decode,0,0,452715,3,d61968e8-e4aa-43a2-8ca8-85b623ffd1e5_dp1,0,nixl_start_time
1780281070.7980378,1780281070.8229728,24.935,1780281070.8230305,0.057697296142578125,137440759704,137440.759704,1780281070.7980378,24.992704391479492,0.0064373016357421875,6.671905517578125,6.652,53477376,2.1446711850812115,3264,chatcmpl-36722361-e506-459c-8273-e28813fe6035-a877de2d,"nixl_xfer_handle(0x556352598260, released=False)",decode,1,0,452712,34,d61968e8-e4aa-43a2-8ca8-85b623ffd1e5_dp0,0,nixl_start_time
1780281070.8227136,1780281070.8350966,12.383,1780281070.8351436,0.04696846008300781,137440784380,137440.78438,1780281070.8227136,12.429952621459961,0.0069141387939453125,3.506898880004883,3.482,18874368,1.524216102721473,1152,chatcmpl-e2240c26-d15e-455a-9314-d97212db82c4-9bd1fda0,"nixl_xfer_handle(0x5af9a3d72180, released=False)",decode,0,0,452715,12,d61968e8-e4aa-43a2-8ca8-85b623ffd1e5_dp0,0,nixl_start_time
1780281070.8969257,1780281070.9276087,30.683,1780281070.927653,0.044345855712890625,137440858592,137440.858592,1780281070.8969257,30.727386474609375,0.0069141387939453125,9.012699127197266,8.986,53477376,1.7428991949939707,3264,chatcmpl-5ac39cff-8a94-47d9-a2a6-8560acf6709d-9c8be27f,"nixl_xfer_handle(0x5af9a41a8ba0, released=False)",decode,0,0,452715,34,d61968e8-e4aa-43a2-8ca8-85b623ffd1e5_dp1,0,nixl_start_time
1780281070.9218116,1780281070.9345686,12.757,1780281070.934603,0.034332275390625,137440883478,137440.883478,1780281070.9218116,12.79139518737793,0.007152557373046875,5.4111480712890625,5.386,17301504,1.3562361056674765,1056,chatcmpl-59eb9eb3-9f27-44a4-aff1-8bd5878c6d01-885fd9ee,"nixl_xfer_handle(0x5af9a3e67060, released=False)",decode,0,0,452715,11,d61968e8-e4aa-43a2-8ca8-85b623ffd1e5_dp0,0,nixl_start_time
1780281070.9709027,1780281070.9729848,2.0820000000000003,1780281070.9734023,0.41747093200683594,137440932569,137440.932569,1780281070.9709027,2.4995803833007812,0.0050067901611328125,2.1054744720458984,2.082,3145728,1.5109164265129682,192,chatcmpl-7fd734db-cc49-4861-bedb-99cd5dfaf3f7-b65f577e,"nixl_xfer_handle(0x55635259be40, released=False)",decode,1,0,452712,2,d61968e8-e4aa-43a2-8ca8-85b623ffd1e5_dp1,0,nixl_start_time
1780281070.9956906,1780281071.0078917,12.201,1780281071.0079112,0.019550323486328125,137440957357,137440.957357,1780281070.9956906,12.220621109008789,0.0054836273193359375,3.9663314819335938,3.944,29884416,2.449341529382837,1824,chatcmpl-a0f1a5b6-163b-4b56-9acc-b6ab21de0dd9-b7bbf0c0,"nixl_xfer_handle(0x5af9a41a8ba0, released=False)",decode,0,0,452715,19,d61968e8-e4aa-43a2-8ca8-85b623ffd1e5_dp0,0,nixl_start_time
1780281071.0944936,1780281071.1011376,6.644,1780281071.1015668,0.4291534423828125,137441056160,137441.05616,1780281071.0944936,7.073163986206055,0.00476837158203125,6.669521331787109,6.644,11010048,1.6571414810355207,672,chatcmpl-696f9075-430a-47c3-a9a4-bc1c544991d5-b9e998ed,"nixl_xfer_handle(0x55635259be40, released=False)",decode,1,0,452712,7,d61968e8-e4aa-43a2-8ca8-85b623ffd1e5_dp1,0,nixl_start_time
1780281071.1065536,1780281071.1195006,12.947000000000001,1780281071.1195207,0.02002716064453125,137441068220,137441.06822,1780281071.1065536,12.967109680175781,0.0059604644775390625,2.5129318237304688,2.49,4718592,0.3644544682165753,288,chatcmpl-1fa5c471-f6c0-42fa-817e-9dc13938e470-b2f5785e,"nixl_xfer_handle(0x5af9a3e67060, released=False)",decode,0,0,452715,3,d61968e8-e4aa-43a2-8ca8-85b623ffd1e5_dp0,0,nixl_start_time
1780281071.2795587,1780281071.3041146,24.556,1780281071.3041341,0.019550323486328125,137441241225,137441.241225,1780281071.2795587,24.575471878051758,0.007152557373046875,6.309270858764648,6.287,44040192,1.7934595210946407,2688,chatcmpl-7586e9e7-7aca-4503-a9ad-b08f6e52823e-8d7ad21b,"nixl_xfer_handle(0x55635259be40, released=False)",decode,1,0,452712,28,d61968e8-e4aa-43a2-8ca8-85b623ffd1e5_dp0,0,nixl_start_time
1780281071.3292146,1780281071.3531685,23.954,1780281071.3531914,0.02288818359375,137441290881,137441.290881,1780281071.3292146,23.976802825927734,0.0057220458984375,8.941173553466797,8.906,47185920,1.9698555564832596,2880,chatcmpl-0d36bc4d-bdb8-4bdd-b155-318c49e5d41b-9931843f,"nixl_xfer_handle(0x5af9a3e67060, released=False)",decode,0,0,452715,30,d61968e8-e4aa-43a2-8ca8-85b623ffd1e5_dp1,0,nixl_start_time
1780281071.4390557,1780281071.4420247,2.969,1780281071.442444,0.41937828063964844,137441400722,137441.400722,1780281071.4390557,3.3884048461914062,0.0054836273193359375,2.9926300048828125,2.969,4718592,1.5892866284944427,288,chatcmpl-88acd25b-6e29-45bc-b1e4-4176d49863b2-b0cbef0a,"nixl_xfer_handle(0x55635259be40, released=False)",decode,1,0,452712,3,d61968e8-e4aa-43a2-8ca8-85b623ffd1e5_dp0,0,nixl_start_time
1780281071.4393287,1780281071.4668038,27.474999999999998,1780281071.4668283,0.024557113647460938,137441400995,137441.400995,1780281071.4393287,27.499675750732422,0.0073909759521484375,12.134313583374023,12.107,15728640,0.5724709736123749,960,chatcmpl-19d5065e-559c-4385-b6a0-79194f11d5ef-93e404ce,"nixl_xfer_handle(0x5af9a3da8bf0, released=False)",decode,0,0,452715,10,d61968e8-e4aa-43a2-8ca8-85b623ffd1e5_dp1,0,nixl_start_time
1780281071.4667206,1780281071.4788077,12.087,1780281071.4788303,0.022649765014648438,137441428387,137441.428387,1780281071.4667206,12.109756469726562,0.004291534423828125,4.354238510131836,4.335,17301504,1.4314142467113429,1056,chatcmpl-f2e2edab-5799-4c6b-accc-aef7f6198774-8e52c328,"nixl_xfer_handle(0x55635259be40, released=False)",decode,1,0,452712,11,d61968e8-e4aa-43a2-8ca8-85b623ffd1e5_dp0,0,nixl_start_time
1780281071.4915216,1780281071.5033185,11.797,1780281071.5034134,0.09489059448242188,137441453188,137441.453188,1780281071.4915216,11.891841888427734,0.0073909759521484375,2.5856494903564453,2.559,4718592,0.3999823683987454,288,chatcmpl-ff54ebc4-280f-471e-bd15-5ed2ec661ad3-8e7e83e8,"nixl_xfer_handle(0x5af9a3da8bf0, released=False)",decode,0,0,452715,3,d61968e8-e4aa-43a2-8ca8-85b623ffd1e5_dp1,0,nixl_start_time
1780281071.6771126,1780281071.6897557,12.642999999999999,1780281071.6897883,0.03266334533691406,137441638779,137441.638779,1780281071.6771126,12.675762176513672,0.0050067901611328125,5.570173263549805,5.551,34603008,2.7369301589812545,2112,chatcmpl-53f724fe-898c-4ac6-bc0a-ec7d9e370946-adaa009c,"nixl_xfer_handle(0x55635259be40, released=False)",decode,1,0,452712,22,d61968e8-e4aa-43a2-8ca8-85b623ffd1e5_dp0,0,nixl_start_time
1780281071.7143896,1780281071.7152715,0.882,1780281071.7153485,0.07700920104980469,137441676056,137441.676056,1780281071.7143896,0.9589195251464844,0.00476837158203125,0.6232261657714844,0.602,1572864,1.7832925170068028,48,chatcmpl-9439d3dc-76de-4465-a940-9dc5d98a2b77-889f4c2a,"nixl_xfer_handle(0x5af9a3da8bf0, released=False)",decode,0,0,452715,1,d61968e8-e4aa-43a2-8ca8-85b623ffd1e5_dp1,0,nixl_start_time
1780281071.8259587,1780281071.8303158,4.356999999999999,1780281071.830384,0.06818771362304688,137441787625,137441.787625,1780281071.8259587,4.425287246704102,0.00476837158203125,3.976583480834961,3.945,6291456,1.443988065182465,384,chatcmpl-b369b2b5-50cc-4104-8958-69cb617f01de-84634730,"nixl_xfer_handle(0x5563599981b0, released=False)",decode,1,0,452712,4,d61968e8-e4aa-43a2-8ca8-85b623ffd1e5_dp0,0,nixl_start_time
1780281072.0006487,1780281072.0255706,24.922,1780281072.0255902,0.019550323486328125,137441962315,137441.962315,1780281072.0006487,24.941444396972656,0.008821487426757812,10.011911392211914,9.987,70778880,2.8400160500762377,4320,chatcmpl-6fd518b2-3ec1-49d4-973b-922d29a63cd7-ac07b8f8,"nixl_xfer_handle(0x5af9a3da8bf0, released=False)",decode,0,0,452715,45,d61968e8-e4aa-43a2-8ca8-85b623ffd1e5_dp1,0,nixl_start_time
1780281072.0140786,1780281072.0166237,2.545,1780281072.0166464,0.022649765014648438,137441975745,137441.975745,1780281072.0140786,2.567768096923828,0.0057220458984375,1.9288063049316406,1.903,3145728,1.2360424361493125,192,chatcmpl-ddb86ed2-3351-4af9-927d-0a1b17156c94-837676dd,"nixl_xfer_handle(0x5563599981b0, released=False)",decode,1,0,452712,2,d61968e8-e4aa-43a2-8ca8-85b623ffd1e5_dp0,0,nixl_start_time
1780281072.0382175,1780281072.0505216,12.304,1780281072.0505426,0.0209808349609375,137441999884,137441.999884,1780281072.0382175,12.325048446655273,0.0057220458984375,5.75566291809082,5.731,9437184,0.767001300390117,576,chatcmpl-56ba314b-5d68-41e1-aebe-65c90e57075a-a5ea4641,"nixl_xfer_handle(0x5af9a3da8bf0, released=False)",decode,0,0,452715,6,d61968e8-e4aa-43a2-8ca8-85b623ffd1e5_dp1,0,nixl_start_time
1780281072.2368426,1780281072.2388067,1.964,1780281072.2392223,0.41556358337402344,137442198509,137442.198509,1780281072.2368426,2.3796558380126953,0.004291534423828125,1.9862651824951172,1.964,3145728,1.6016945010183299,192,chatcmpl-d3e28815-5f83-4934-846f-646ffe282ac0-ad20e985,"nixl_xfer_handle(0x5563599981b0, released=False)",decode,1,0,452712,2,d61968e8-e4aa-43a2-8ca8-85b623ffd1e5_dp0,0,nixl_start_time
1780281072.2490656,1780281072.2618117,12.746,1780281072.2618506,0.03886222839355469,137442210732,137442.210732,1780281072.2490656,12.784957885742188,0.0054836273193359375,2.5076866149902344,2.485,4718592,0.3702017887964852,288,chatcmpl-ac2f075d-9fbf-435c-a2bb-0fe71b0dd36a-be0c8057,"nixl_xfer_handle(0x5af9a3da8bf0, released=False)",decode,0,0,452715,3,d61968e8-e4aa-43a2-8ca8-85b623ffd1e5_dp0,0,nixl_start_time
1780281072.2748365,1780281072.2987695,23.933,1780281072.2988386,0.06914138793945312,137442236503,137442.236503,1780281072.2748365,24.0020751953125,0.009298324584960938,8.448123931884766,8.419,48758784,2.037303472193206,2976,chatcmpl-4221bf26-dd35-434a-8f98-e72cc220f774-9cfbb467,"nixl_xfer_handle(0x5af9a3da8bf0, released=False)",decode,0,0,452715,31,d61968e8-e4aa-43a2-8ca8-85b623ffd1e5_dp1,0,nixl_start_time
1780281072.3487117,1780281072.3563828,7.671,1780281072.356841,0.4582405090332031,137442310378,137442.310378,1780281072.3487117,8.129358291625977,0.0045299530029296875,7.695198059082031,7.671,12582912,1.6403222526398122,768,chatcmpl-4a295ba4-866f-4d1b-970f-77fcb4255486-91699638,"nixl_xfer_handle(0x5563599981b0, released=False)",decode,1,0,452712,8,d61968e8-e4aa-43a2-8ca8-85b623ffd1e5_dp0,0,nixl_start_time
1780281072.3984737,1780281072.4234147,24.941000000000003,1780281072.4234335,0.018835067749023438,137442360140,137442.36014,1780281072.3984737,24.959802627563477,0.00667572021484375,5.867242813110352,5.846,37748736,1.5135213503869132,2304,chatcmpl-c21bf2e4-f57a-4c69-b227-3b28969f7bb6-a4731fb4,"nixl_xfer_handle(0x5563599981b0, released=False)",decode,1,0,452712,24,d61968e8-e4aa-43a2-8ca8-85b623ffd1e5_dp0,0,nixl_start_time
1780281072.4855297,1780281072.5102427,24.712999999999997,1780281072.5102985,0.055789947509765625,137442447196,137442.447196,1780281072.4855297,24.768829345703125,0.008344650268554688,8.707046508789062,8.681,51904512,2.10029183021082,3168,chatcmpl-42450f8b-52d5-4a97-9ad4-790469dea6f1-8809e496,"nixl_xfer_handle(0x5af9a3da8bf0, released=False)",decode,0,0,452715,33,d61968e8-e4aa-43a2-8ca8-85b623ffd1e5_dp1,0,nixl_start_time
1780281072.5230186,1780281072.5259507,2.932,1780281072.5263891,0.43845176696777344,137442484685,137442.484685,1780281072.5230186,3.370523452758789,0.0050067901611328125,2.9561519622802734,2.932,4718592,1.6093424283765347,288,chatcmpl-7ed8d44e-2ecd-4523-bb8e-7c635850eea0-83c49f9c,"nixl_xfer_handle(0x5563599981b0, released=False)",decode,1,0,452712,3,d61968e8-e4aa-43a2-8ca8-85b623ffd1e5_dp0,0,nixl_start_time
1780281072.5349126,1780281072.5474217,12.508999999999999,1780281072.547484,0.06222724914550781,137442496579,137442.496579,1780281072.5349126,12.571334838867188,0.005245208740234375,1.760721206665039,1.737,3145728,0.2514771764329683,192,chatcmpl-5d20e575-94e6-4840-b7f9-d5a02f282b6d-81f2cb5e,"nixl_xfer_handle(0x5af9a3da8bf0, released=False)",decode,0,0,452715,2,d61968e8-e4aa-43a2-8ca8-85b623ffd1e5_dp1,0,nixl_start_time
1780281072.5599277,1780281072.5629137,2.9859999999999998,1780281072.5633204,0.4067420959472656,137442521594,137442.521594,1780281072.5599277,3.3926963806152344,0.0057220458984375,3.0105113983154297,2.986,4718592,1.5802384460817147,288,chatcmpl-4ad9cd8a-3a9e-41e4-bf65-6eacdc16adcd-a185b844,"nixl_xfer_handle(0x5563599981b0, released=False)",decode,1,0,452712,3,d61968e8-e4aa-43a2-8ca8-85b623ffd1e5_dp1,0,nixl_start_time
1780281072.5848405,1780281072.5869126,2.072,1780281072.5873792,0.4665851593017578,137442546507,137442.546507,1780281072.5848405,2.5386810302734375,0.00476837158203125,2.097606658935547,2.072,3145728,1.5182084942084941,192,chatcmpl-eb93e589-e751-4111-a6e3-630ea0d44100-a335864a,"nixl_xfer_handle(0x5563599981b0, released=False)",decode,1,0,452712,2,d61968e8-e4aa-43a2-8ca8-85b623ffd1e5_dp0,0,nixl_start_time
1780281072.6344066,1780281072.6352255,0.819,1780281072.6352458,0.020265579223632812,137442596073,137442.596073,1780281072.6344066,0.8392333984375,0.005245208740234375,0.52642822265625,0.504,1572864,1.9204688644688648,48,chatcmpl-9ad38afa-4182-4db8-b80a-7724eabc27d9-ada527cb,"nixl_xfer_handle(0x5af9a3da8bf0, released=False)",decode,0,0,452715,1,d61968e8-e4aa-43a2-8ca8-85b623ffd1e5_dp1,0,nixl_start_time
1780281072.6468058,1780281072.6497307,2.9250000000000003,1780281072.650154,0.423431396484375,137442608472,137442.608472,1780281072.6468058,3.3483505249023438,0.0050067901611328125,2.950906753540039,2.925,4718592,1.613193846153846,288,chatcmpl-f2aac820-6fe4-4818-b15f-c6fe3c8d5a2d-af7ccb41,"nixl_xfer_handle(0x5563599981b0, released=False)",decode,1,0,452712,3,d61968e8-e4aa-43a2-8ca8-85b623ffd1e5_dp0,0,nixl_start_time
1780281072.6719477,1780281072.6724918,0.544,1780281072.6729424,0.4506111145019531,137442633614,137442.633614,1780281072.6719477,0.9946823120117188,0.0050067901611328125,0.5676746368408203,0.544,1572864,2.891294117647059,48,chatcmpl-22486ff8-4564-4005-8f8b-d1fb762f6522-a0acf599,"nixl_xfer_handle(0x5563599981b0, released=False)",decode,1,0,452712,1,d61968e8-e4aa-43a2-8ca8-85b623ffd1e5_dp1,0,nixl_start_time
1780281072.7487757,1780281072.7739358,25.159999999999997,1780281072.773957,0.021219253540039062,137442710442,137442.710442,1780281072.7487757,25.181293487548828,0.0095367431640625,9.641408920288086,9.614,53477376,2.125491891891892,3264,chatcmpl-8abac58c-2c95-4de8-96ad-18ac56ccd868-b96e83c6,"nixl_xfer_handle(0x5af9a3da8bf0, released=False)",decode,0,0,452715,34,d61968e8-e4aa-43a2-8ca8-85b623ffd1e5_dp0,0,nixl_start_time
1780281072.7618825,1780281072.7740655,12.183,1780281072.7740862,0.020742416381835938,137442723549,137442.723549,1780281072.7618825,12.203693389892578,0.004291534423828125,4.733800888061523,4.704,7864320,0.6455158827874908,480,chatcmpl-fd82267e-556c-4a96-ae97-4cdece32474a-a8ea84b1,"nixl_xfer_handle(0x5563599981b0, released=False)",decode,1,0,452712,5,d61968e8-e4aa-43a2-8ca8-85b623ffd1e5_dp0,0,nixl_start_time
1780281072.7866566,1780281072.8112657,24.608999999999998,1780281072.8112862,0.020503997802734375,137442748323,137442.748323,1780281072.7866566,24.629592895507812,0.00667572021484375,8.837223052978516,8.81,12582912,0.5113134219188102,768,chatcmpl-a5ee8207-583b-447d-bb1d-44e78e5ead64-a2f39b93,"nixl_xfer_handle(0x5af99a3081e0, released=False)",decode,0,0,452715,8,d61968e8-e4aa-43a2-8ca8-85b623ffd1e5_dp0,0,nixl_start_time
1780281072.8370476,1780281072.8397045,2.657,1780281072.8397212,0.016689300537109375,137442798714,137442.798714,1780281072.8370476,2.673625946044922,0.00476837158203125,1.924276351928711,1.9,3145728,1.183939781708694,192,chatcmpl-14e0f640-7463-434d-ae33-37d2c619c5dd-b6abde65,"nixl_xfer_handle(0x5563599981b0, released=False)",decode,1,0,452712,2,d61968e8-e4aa-43a2-8ca8-85b623ffd1e5_dp1,0,nixl_start_time
1780281072.9516118,1780281072.9757438,24.132,1780281072.975764,0.020265579223632812,137442913278,137442.913278,1780281072.9516118,24.152278900146484,0.007152557373046875,8.675575256347656,8.649,70778880,2.9329885629040278,4320,chatcmpl-2b549f60-f16b-46c9-81d3-ad6d41e348a8-8c1c430b,"nixl_xfer_handle(0x5563599981b0, released=False)",decode,1,0,452712,45,d61968e8-e4aa-43a2-8ca8-85b623ffd1e5_dp0,0,nixl_start_time
1780281073.0253816,1780281073.0367186,11.337,1780281073.036732,0.0133514404296875,137442987048,137442.987048,1780281073.0253816,11.350393295288086,0.0045299530029296875,2.012968063354492,1.988,3145728,0.27747446414395344,192,chatcmpl-a1f09cda-5920-4e5b-a206-90a76d972782-b88cdf8c,"nixl_xfer_handle(0x5563599981b0, released=False)",decode,1,0,452712,2,d61968e8-e4aa-43a2-8ca8-85b623ffd1e5_dp1,0,nixl_start_time
1780281073.0277357,1780281073.0642467,36.511,1780281073.0642862,0.039577484130859375,137442989402,137442.989402,1780281073.0277357,36.55052185058594,0.0059604644775390625,8.705377578735352,8.684,72351744,1.98164235435896,4416,chatcmpl-f1b4375c-ecfe-4312-91d6-8e0fedcfc542-95c44c1f,"nixl_xfer_handle(0x556356e03100, released=False)",decode,1,0,452712,46,d61968e8-e4aa-43a2-8ca8-85b623ffd1e5_dp1,0,nixl_start_time
1780281073.1013157,1780281073.1207907,19.474999999999998,1780281073.1208453,0.05459785461425781,137443062982,137443.062982,1780281073.1013157,19.52958106994629,0.0057220458984375,3.930330276489258,3.907,29884416,1.5345014634146343,1824,chatcmpl-88aab078-9aa3-4068-bfa2-e2d4d8560f41-ae775e67,"nixl_xfer_handle(0x5af9a41ed840, released=False)",decode,0,0,452715,19,d61968e8-e4aa-43a2-8ca8-85b623ffd1e5_dp0,0,nixl_start_time
1780281073.1015728,1780281073.1385167,36.943999999999996,1780281073.1385343,0.017642974853515625,137443063239,137443.063239,1780281073.1015728,36.96155548095703,0.0069141387939453125,15.689849853515625,15.664,77070336,2.0861394543092247,4704,chatcmpl-a43571a9-ebbd-48c3-a518-435331e18b6a-a98f7150,"nixl_xfer_handle(0x556356e03100, released=False)",decode,1,0,452712,49,d61968e8-e4aa-43a2-8ca8-85b623ffd1e5_dp0,0,nixl_start_time
1780281073.1325817,1780281073.1454277,12.846,1780281073.1454494,0.021696090698242188,137443094248,137443.094248,1780281073.1325817,12.86768913269043,0.0059604644775390625,5.568027496337891,5.547,36175872,2.8161195702942554,2208,chatcmpl-9837e8ba-013a-4c07-8998-ebf30f7ee3b3-939953a3,"nixl_xfer_handle(0x5563599981b0, released=False)",decode,1,0,452712,23,d61968e8-e4aa-43a2-8ca8-85b623ffd1e5_dp0,0,nixl_start_time
1780281073.2441666,1780281073.2568116,12.645,1780281073.256865,0.05340576171875,137443205833,137443.205833,1780281073.2441666,12.69841194152832,0.0050067901611328125,7.524967193603516,7.495,9437184,0.74631743772242,576,chatcmpl-3f3276cd-1a6d-438f-bcfd-66127844f43a-b872e989,"nixl_xfer_handle(0x5af9a41ed840, released=False)",decode,0,0,452715,6,d61968e8-e4aa-43a2-8ca8-85b623ffd1e5_dp1,0,nixl_start_time
1780281073.2692118,1780281073.2819378,12.725999999999999,1780281073.282002,0.06413459777832031,137443230878,137443.230878,1780281073.2692118,12.790203094482422,0.0059604644775390625,1.7080307006835938,1.684,3145728,0.2471890617633192,192,chatcmpl-270bac4f-14de-4146-988e-065cd0b79c64-a1ad250b,"nixl_xfer_handle(0x5af9a41ed840, released=False)",decode,0,0,452715,2,d61968e8-e4aa-43a2-8ca8-85b623ffd1e5_dp0,0,nixl_start_time
1780281073.2818656,1780281073.2895825,7.717,1780281073.2899888,0.4062652587890625,137443243532,137443.243532,1780281073.2818656,8.123159408569336,0.0054836273193359375,7.742166519165039,7.717,12582912,1.6305445121161073,768,chatcmpl-be7de7e2-0b6c-4edc-8bc4-1310aaca9120-bed19ffd,"nixl_xfer_handle(0x5563599981b0, released=False)",decode,1,0,452712,8,d61968e8-e4aa-43a2-8ca8-85b623ffd1e5_dp1,0,nixl_start_time
1780281073.5056646,1780281073.5307367,25.072,1780281073.5307565,0.019788742065429688,137443467331,137443.467331,1780281073.5056646,25.091886520385742,0.0057220458984375,8.924245834350586,8.866,11010048,0.43913720485003194,672,chatcmpl-2ba062d2-aedc-4a9a-820c-0bedb09281ea-b408974f,"nixl_xfer_handle(0x5af9a41ed840, released=False)",decode,0,0,452715,7,d61968e8-e4aa-43a2-8ca8-85b623ffd1e5_dp0,0,nixl_start_time
1780281073.6053627,1780281073.6183126,12.95,1780281073.6183748,0.06222724914550781,137443567029,137443.567029,1780281073.6053627,13.012170791625977,0.0059604644775390625,2.7031898498535156,2.676,4718592,0.36437003861003864,288,chatcmpl-a6dd7c5e-e7bc-4408-9e8b-5e0198a5d702-888c4d9b,"nixl_xfer_handle(0x5af9a379d9b0, released=False)",decode,0,0,452715,3,d61968e8-e4aa-43a2-8ca8-85b623ffd1e5_dp1,0,nixl_start_time
1780281073.6182196,1780281073.6187706,0.5509999999999999,1780281073.6191792,0.4086494445800781,137443579886,137443.579886,1780281073.6182196,0.9596347808837891,0.0050067901611328125,0.5767345428466797,0.551,1572864,2.854562613430127,48,chatcmpl-e1d3c2f5-f451-41c1-b1a4-a36117255193-b9f6f5b1,"nixl_xfer_handle(0x5563599981b0, released=False)",decode,1,0,452712,1,d61968e8-e4aa-43a2-8ca8-85b623ffd1e5_dp0,0,nixl_start_time
1780281073.6816206,1780281073.7057385,24.118000000000002,1780281073.7057858,0.047206878662109375,137443643287,137443.643287,1780281073.6816206,24.16515350341797,0.009059906005859375,9.020805358886719,8.983,44040192,1.8260300190728915,2688,chatcmpl-f65d4a18-da77-44d3-9157-a66e936e95a0-a3efcf07,"nixl_xfer_handle(0x5af9a379d9b0, released=False)",decode,0,0,452715,28,d61968e8-e4aa-43a2-8ca8-85b623ffd1e5_dp1,0,nixl_start_time
1780281073.6942647,1780281073.7058947,11.629999999999999,1780281073.7059298,0.03504753112792969,137443655931,137443.655931,1780281073.6942647,11.665105819702148,0.0054836273193359375,4.760026931762695,4.739,25165824,2.1638713671539125,1536,chatcmpl-2378cd7a-fa20-43a0-a8a6-4f2fbabfb390-958e69ee,"nixl_xfer_handle(0x5563599981b0, released=False)",decode,1,0,452712,16,d61968e8-e4aa-43a2-8ca8-85b623ffd1e5_dp0,0,nixl_start_time
1780281073.7179317,1780281073.7316217,13.690000000000001,1780281073.7316983,0.07653236389160156,137443679598,137443.679598,1780281073.7179317,13.76652717590332,0.005245208740234375,4.1656494140625,4.128,9437184,0.6893487216946675,576,chatcmpl-398658c8-93eb-40cd-8bc4-7144b096764b-bd9bf2af,"nixl_xfer_handle(0x5af9a379d9b0, released=False)",decode,0,0,452715,6,d61968e8-e4aa-43a2-8ca8-85b623ffd1e5_dp1,0,nixl_start_time
1780281073.7931137,1780281073.8054416,12.328000000000001,1780281073.805464,0.022411346435546875,137443754780,137443.75478,1780281073.7931137,12.350320816040039,0.0059604644775390625,5.003213882446289,4.982,22020096,1.7861855937702789,1344,chatcmpl-a1ee36a5-4f49-4db0-8469-4fc33c850a83-b0f25247,"nixl_xfer_handle(0x5563599981b0, released=False)",decode,1,0,452712,14,d61968e8-e4aa-43a2-8ca8-85b623ffd1e5_dp0,0,nixl_start_time
1780281073.8552787,1780281073.8804188,25.14,1780281073.88044,0.021219253540039062,137443816945,137443.816945,1780281073.8552787,25.161266326904297,0.0057220458984375,6.481647491455078,6.46,47185920,1.8769260143198092,2880,chatcmpl-43718bb3-9918-4549-8883-92f850f9e973-a1817e28,"nixl_xfer_handle(0x5563599981b0, released=False)",decode,1,0,452712,30,d61968e8-e4aa-43a2-8ca8-85b623ffd1e5_dp1,0,nixl_start_time
1780281073.8679047,1780281073.8802347,12.33,1780281073.8803136,0.07891654968261719,137443829571,137443.829571,1780281073.8679047,12.408971786499023,0.007152557373046875,2.5365352630615234,2.508,4718592,0.38269197080291967,288,chatcmpl-bb0744e2-0cd8-45a4-a74a-027f376f6a43-908e278f,"nixl_xfer_handle(0x5af9a379d9b0, released=False)",decode,0,0,452715,3,d61968e8-e4aa-43a2-8ca8-85b623ffd1e5_dp0,0,nixl_start_time
1780281074.1648486,1780281074.1886086,23.76,1780281074.1886292,0.020503997802734375,137444126515,137444.126515,1780281074.1648486,23.78058433532715,0.007867813110351562,8.642435073852539,8.615,55050240,2.3169292929292933,3360,chatcmpl-b7ffb439-5ffe-4bd4-aa90-2eee4e23bdf9-bc5052ab,"nixl_xfer_handle(0x5af9a379d9b0, released=False)",decode,0,0,452715,35,d61968e8-e4aa-43a2-8ca8-85b623ffd1e5_dp0,0,nixl_start_time
1780281074.2006526,1780281074.2131827,12.53,1780281074.2132018,0.019073486328125,137444162319,137444.162319,1780281074.2006526,12.549161911010742,0.0059604644775390625,3.0553340911865234,3.032,18874368,1.50633423782921,1152,chatcmpl-043a4f65-9110-420b-a6bb-1bf9d0b83b5e-a765902f,"nixl_xfer_handle(0x5af9a379d9b0, released=False)",decode,0,0,452715,12,d61968e8-e4aa-43a2-8ca8-85b623ffd1e5_dp1,0,nixl_start_time
1780281074.2739246,1780281074.2886045,14.68,1780281074.2886705,0.06604194641113281,137444235591,137444.235591,1780281074.2739246,14.745950698852539,0.005245208740234375,5.401849746704102,5.382,31457280,2.142866485013624,1920,chatcmpl-7cb465a5-38ab-4a98-a2d1-c28d1d41c338-be717874,"nixl_xfer_handle(0x5563599981b0, released=False)",decode,1,0,452712,20,d61968e8-e4aa-43a2-8ca8-85b623ffd1e5_dp0,0,nixl_start_time
1780281074.2862778,1780281074.2881918,1.914,1780281074.2886934,0.5016326904296875,137444247944,137444.247944,1780281074.2862778,2.4156570434570312,0.0050067901611328125,1.9378662109375,1.914,3145728,1.64353605015674,192,chatcmpl-89ea5944-bf2e-4891-8f70-35f0f072dfd1-953f758f,"nixl_xfer_handle(0x556359a66620, released=False)",decode,1,0,452712,2,d61968e8-e4aa-43a2-8ca8-85b623ffd1e5_dp1,0,nixl_start_time
1780281074.3595536,1780281074.3880985,28.545,1780281074.388132,0.03361701965332031,137444321220,137444.32122,1780281074.3595536,28.578519821166992,0.00667572021484375,13.61846923828125,13.594,77070336,2.6999592222806097,4704,chatcmpl-54c89bcc-0d6c-4b17-a40c-9fdd3a727b89-8419ebbd,"nixl_xfer_handle(0x5af9a379d9b0, released=False)",decode,0,0,452715,49,d61968e8-e4aa-43a2-8ca8-85b623ffd1e5_dp0,0,nixl_start_time
1780281074.3768337,1780281074.4028237,25.99,1780281074.4028583,0.03457069396972656,137444338500,137444.3385,1780281074.3768337,26.024580001831055,0.0059604644775390625,11.01231575012207,10.986,7864320,0.3025902270103886,480,chatcmpl-4f81a4ea-40d4-4635-8a96-912cd4f76df6-bf311ea5,"nixl_xfer_handle(0x5af9a3e66170, released=False)",decode,0,0,452715,5,d61968e8-e4aa-43a2-8ca8-85b623ffd1e5_dp1,0,nixl_start_time
1780281074.4518926,1780281074.4791517,27.258999999999997,1780281074.4792233,0.07152557373046875,137444413559,137444.413559,1780281074.4518926,27.330636978149414,0.009059906005859375,11.977910995483398,11.948,78643200,2.8850361348545435,4800,chatcmpl-2af956c8-488d-4787-adef-251479271638-8cb3cb77,"nixl_xfer_handle(0x5af9a3e66170, released=False)",decode,0,0,452715,50,d61968e8-e4aa-43a2-8ca8-85b623ffd1e5_dp0,0,nixl_start_time
1780281074.5288978,1780281074.5408897,11.991999999999999,1780281074.5409386,0.04887580871582031,137444490564,137444.490564,1780281074.5288978,12.040853500366211,0.005245208740234375,4.057168960571289,4.03,7864320,0.655797198132088,480,chatcmpl-dbe3d011-03bb-4f65-a7fe-6792476c0d26-afb13ab6,"nixl_xfer_handle(0x5af9a3e66170, released=False)",decode,0,0,452715,5,d61968e8-e4aa-43a2-8ca8-85b623ffd1e5_dp0,0,nixl_start_time
1780281074.5291507,1780281074.5530226,23.872,1780281074.5530808,0.05817413330078125,137444490817,137444.490817,1780281074.5291507,23.930072784423828,0.0059604644775390625,6.864070892333984,6.842,55050240,2.306058981233244,3360,chatcmpl-2293104c-f81f-4033-a2c6-a704b9f7246d-a29d3578,"nixl_xfer_handle(0x5563599981b0, released=False)",decode,1,0,452712,35,d61968e8-e4aa-43a2-8ca8-85b623ffd1e5_dp0,0,nixl_start_time
1780281074.6146348,1780281074.6387708,24.136000000000003,1780281074.6388278,0.05698204040527344,137444576301,137444.576301,1780281074.6146348,24.19304847717285,0.011444091796875,5.10406494140625,5.078,51904512,2.1505018230029833,3168,chatcmpl-f0cc4c57-85f9-46b4-b765-5d5641cbbd46-ab1d702e,"nixl_xfer_handle(0x5563599981b0, released=False)",decode,1,0,452712,33,d61968e8-e4aa-43a2-8ca8-85b623ffd1e5_dp1,0,nixl_start_time
1780281074.6880157,1780281074.7136607,25.645,1780281074.7137403,0.07963180541992188,137444649682,137444.649682,1780281074.6880157,25.72464942932129,0.0059604644775390625,10.307073593139648,10.274,59768832,2.330623201403782,3648,chatcmpl-33c699bb-2935-40d0-99cf-034d495f381a-80a742f0,"nixl_xfer_handle(0x5af9a3e66170, released=False)",decode,0,0,452715,38,d61968e8-e4aa-43a2-8ca8-85b623ffd1e5_dp0,0,nixl_start_time
1780281074.7624097,1780281074.7812567,18.846999999999998,1780281074.7812705,0.013828277587890625,137444724076,137444.724076,1780281074.7624097,18.860816955566406,0.0057220458984375,4.207849502563477,4.184,29884416,1.5856325144585344,1824,chatcmpl-3c80e0e4-87db-4e4f-b8e1-32744a8ff445-815496e3,"nixl_xfer_handle(0x5563599981b0, released=False)",decode,1,0,452712,19,d61968e8-e4aa-43a2-8ca8-85b623ffd1e5_dp1,0,nixl_start_time
1780281074.7624977,1780281074.7887666,26.269000000000002,1780281074.7887895,0.02288818359375,137444724164,137444.724164,1780281074.7624977,26.291847229003906,0.0095367431640625,11.003494262695312,10.979,78643200,2.9937645133046558,4800,chatcmpl-7701b917-32a7-47db-a679-0763816931b8-99881d94,"nixl_xfer_handle(0x5af9a3e66170, released=False)",decode,0,0,452715,50,d61968e8-e4aa-43a2-8ca8-85b623ffd1e5_dp1,0,nixl_start_time
1780281074.7769976,1780281074.7888215,11.824,1780281074.7888546,0.03314018249511719,137444738664,137444.738664,1780281074.7769976,11.857032775878906,0.006198883056640625,0.5042552947998047,0.475,1572864,0.13302300405953993,48,chatcmpl-db7f2e1e-0ac0-418f-874d-42117a34fe19-bcdd9f45,"nixl_xfer_handle(0x5af9a379d9b0, released=False)",decode,0,0,452715,1,d61968e8-e4aa-43a2-8ca8-85b623ffd1e5_dp0,0,nixl_start_time
1780281074.7772377,1780281074.7904797,13.242,1780281074.790494,0.01430511474609375,137444738904,137444.738904,1780281074.7772377,13.256311416625977,0.0057220458984375,3.7615299224853516,3.741,31457280,2.3755686452197553,1920,chatcmpl-904b3982-d9b1-435c-9ff2-f11be9ebea4f-b90ea5b4,"nixl_xfer_handle(0x556356e03100, released=False)",decode,1,0,452712,20,d61968e8-e4aa-43a2-8ca8-85b623ffd1e5_dp0,0,nixl_start_time
1780281074.7885187,1780281074.7902098,1.691,1780281074.790513,0.3032684326171875,137444750185,137444.750185,1780281074.7885187,1.9943714141845703,0.005245208740234375,1.7130374908447266,1.691,3145728,1.8602767593140155,192,chatcmpl-33abfa43-a4b9-4526-b3d9-dba596c90760-a0979fcb,"nixl_xfer_handle(0x5563599981b0, released=False)",decode,1,0,452712,2,d61968e8-e4aa-43a2-8ca8-85b623ffd1e5_dp1,0,nixl_start_time
1780281074.8495567,1780281074.8635936,14.037,1780281074.8636122,0.018596649169921875,137444811223,137444.811223,1780281074.8495567,14.055490493774414,0.0050067901611328125,5.662679672241211,5.634,11010048,0.7843590510792904,672,chatcmpl-970495f4-c494-4649-ba2b-97b1f007f69e-91026a28,"nixl_xfer_handle(0x5563599981b0, released=False)",decode,1,0,452712,7,d61968e8-e4aa-43a2-8ca8-85b623ffd1e5_dp0,0,nixl_start_time
1780281074.8496156,1780281074.8748286,25.213,1780281074.874899,0.07033348083496094,137444811282,137444.811282,1780281074.8496156,25.283336639404297,0.0057220458984375,10.291814804077148,10.262,15728640,0.6238305635981438,960,chatcmpl-722d7bbe-69c3-4840-8cd8-e1888e6dc4b5-97f23967,"nixl_xfer_handle(0x5af9a379d9b0, released=False)",decode,0,0,452715,10,d61968e8-e4aa-43a2-8ca8-85b623ffd1e5_dp1,0,nixl_start_time
1780281074.9847536,1780281074.9872706,2.5170000000000003,1780281074.9875443,0.27370452880859375,137444946420,137444.94642,1780281074.9847536,2.790689468383789,0.0040531158447265625,2.539396286010742,2.517,4718592,1.874688915375447,288,chatcmpl-a73a430a-2b85-4839-8b0c-43c423763e56-9d03e49c,"nixl_xfer_handle(0x5563599981b0, released=False)",decode,1,0,452712,3,d61968e8-e4aa-43a2-8ca8-85b623ffd1e5_dp0,0,nixl_start_time
1780281074.9967937,1780281074.9986427,1.849,1780281074.9989126,0.26988983154296875,137444958460,137444.95846,1780281074.9967937,2.118825912475586,0.0045299530029296875,1.8711090087890625,1.849,3145728,1.7013131422390482,192,chatcmpl-8b1d4abc-7902-4b0a-8590-f4e10e39b7aa-b896f720,"nixl_xfer_handle(0x5563599981b0, released=False)",decode,1,0,452712,2,d61968e8-e4aa-43a2-8ca8-85b623ffd1e5_dp1,0,nixl_start_time
1780281075.0091567,1780281075.0216136,12.456999999999999,1780281075.0216508,0.03719329833984375,137444970823,137444.970823,1780281075.0091567,12.494087219238281,0.00476837158203125,6.9446563720703125,6.917,11010048,0.8838442642690857,672,chatcmpl-60733d5a-2a5c-4fcf-9617-a3abf3779328-bd7b88a0,"nixl_xfer_handle(0x5af9a379d9b0, released=False)",decode,0,0,452715,7,d61968e8-e4aa-43a2-8ca8-85b623ffd1e5_dp0,0,nixl_start_time
1780281075.0948207,1780281075.1302328,35.412,1780281075.1303122,0.07939338684082031,137445056487,137445.056487,1780281075.0948207,35.4914665222168,0.008821487426757812,16.59369468688965,16.566,86507520,2.4428871568959676,5280,chatcmpl-a6246a66-e045-4668-bf93-9d9ddedbab1a-99332f8b,"nixl_xfer_handle(0x5af9a379d9b0, released=False)",decode,0,0,452715,55,d61968e8-e4aa-43a2-8ca8-85b623ffd1e5_dp1,0,nixl_start_time
1780281075.1149685,1780281075.1159496,0.9810000000000001,1780281075.1159647,0.015020370483398438,137445076635,137445.076635,1780281075.1149685,0.9961128234863281,0.00476837158203125,0.5185604095458984,0.493,1572864,1.6033272171253823,48,chatcmpl-38823e09-f17e-4df2-b8e2-62c253ba2a95-abaca838,"nixl_xfer_handle(0x5563599981b0, released=False)",decode,1,0,452712,1,d61968e8-e4aa-43a2-8ca8-85b623ffd1e5_dp0,0,nixl_start_time
1780281075.1260316,1780281075.1386178,12.586,1780281075.1386683,0.05054473876953125,137445087698,137445.087698,1780281075.1260316,12.636661529541016,0.00476837158203125,3.9191246032714844,3.896,6291456,0.49987732401080565,384,chatcmpl-79252b46-b6f0-4175-8b88-c78031a93103-98e8272b,"nixl_xfer_handle(0x5af9a3e66170, released=False)",decode,0,0,452715,4,d61968e8-e4aa-43a2-8ca8-85b623ffd1e5_dp1,0,nixl_start_time
1780281075.1873786,1780281075.1994216,12.043,1780281075.1994429,0.021219253540039062,137445149045,137445.149045,1780281075.1873786,12.064218521118164,0.0054836273193359375,5.605459213256836,5.577,11010048,0.9142280162750145,672,chatcmpl-7175d9d7-45d4-40cc-b2ec-0d712a5affe3-8682e73e,"nixl_xfer_handle(0x5563599981b0, released=False)",decode,1,0,452712,7,d61968e8-e4aa-43a2-8ca8-85b623ffd1e5_dp0,0,nixl_start_time
1780281075.2243087,1780281075.2261748,1.866,1780281075.2264566,0.2818107604980469,137445185975,137445.185975,1780281075.2243087,2.1479129791259766,0.00476837158203125,1.8925666809082031,1.866,3145728,1.685813504823151,192,chatcmpl-f050d5f0-53ef-439b-b9f8-95c89c61b96e-95aaa4f5,"nixl_xfer_handle(0x5563599981b0, released=False)",decode,1,0,452712,2,d61968e8-e4aa-43a2-8ca8-85b623ffd1e5_dp1,0,nixl_start_time
1780281075.2486427,1780281075.2612207,12.578000000000001,1780281075.2612407,0.02002716064453125,137445210309,137445.210309,1780281075.2486427,12.598037719726562,0.0054836273193359375,1.8961429595947266,1.866,3145728,0.2500976307839084,192,chatcmpl-0b23310d-6638-4b19-907a-5d9a2bf75bf7-bb64e1ee,"nixl_xfer_handle(0x5af9a3e66170, released=False)",decode,0,0,452715,2,d61968e8-e4aa-43a2-8ca8-85b623ffd1e5_dp0,0,nixl_start_time
1780281075.2858717,1780281075.2864707,0.599,1780281075.2867703,0.29969215393066406,137445247538,137445.247538,1780281075.2858717,0.8985996246337891,0.0059604644775390625,0.6227493286132812,0.599,1572864,2.625816360601002,48,chatcmpl-ac6b71f7-55ed-45c5-b22f-9f9cf27b404c-abed598f,"nixl_xfer_handle(0x5af9a3e66170, released=False)",decode,0,0,452715,1,d61968e8-e4aa-43a2-8ca8-85b623ffd1e5_dp0,0,nixl_start_time
1780281075.3233657,1780281075.3350017,11.636000000000001,1780281075.3350363,0.03457069396972656,137445285032,137445.285032,1780281075.3233657,11.670589447021484,0.0064373016357421875,3.361225128173828,3.339,23592960,2.027583361980062,1440,chatcmpl-4d99e9d7-4c6b-4a13-bac2-e90c1661fd39-b0053cec,"nixl_xfer_handle(0x5563599981b0, released=False)",decode,1,0,452712,15,d61968e8-e4aa-43a2-8ca8-85b623ffd1e5_dp1,0,nixl_start_time
1780281075.3840277,1780281075.3959458,11.918,1780281075.3959825,0.036716461181640625,137445345694,137445.345694,1780281075.3840277,11.954784393310547,0.004291534423828125,2.378702163696289,2.351,4718592,0.395921463332774,288,chatcmpl-6b26a92a-9114-4749-b070-1c017368c098-b7202abe,"nixl_xfer_handle(0x5563599981b0, released=False)",decode,1,0,452712,3,d61968e8-e4aa-43a2-8ca8-85b623ffd1e5_dp0,0,nixl_start_time
1780281075.3840587,1780281075.3959646,11.906,1780281075.3959908,0.026226043701171875,137445345725,137445.345725,1780281075.3840587,11.932134628295898,0.005245208740234375,5.276679992675781,5.249,7864320,0.6605341844448178,480,chatcmpl-a1bd9daf-5671-4e73-9ee0-989abd78c898-96a5eb96,"nixl_xfer_handle(0x5af9a3e66170, released=False)",decode,0,0,452715,5,d61968e8-e4aa-43a2-8ca8-85b623ffd1e5_dp1,0,nixl_start_time
1780281075.5066175,1780281075.5362546,29.637,1780281075.536289,0.034332275390625,137445468284,137445.468284,1780281075.5066175,29.671430587768555,0.010967254638671875,4.49681282043457,4.47,45613056,1.539057799372406,2784,chatcmpl-39b9f754-0846-4d7f-8d17-9278db408bfc-827057c1,"nixl_xfer_handle(0x5563599981b0, released=False)",decode,1,0,452712,29,d61968e8-e4aa-43a2-8ca8-85b623ffd1e5_dp0,0,nixl_start_time
1780281075.5184176,1780281075.5476117,29.194000000000003,1780281075.5476453,0.03361701965332031,137445480084,137445.480084,1780281075.5184176,29.227733612060547,0.006198883056640625,14.567136764526367,14.532,15728640,0.5387627594711242,960,chatcmpl-ca3ae762-139e-4ab5-86fd-f6b4e3a496f3-af80c001,"nixl_xfer_handle(0x5af9a3e66170, released=False)",decode,0,0,452715,10,d61968e8-e4aa-43a2-8ca8-85b623ffd1e5_dp1,0,nixl_start_time
1780281075.6095967,1780281075.6219387,12.342,1780281075.62196,0.021219253540039062,137445571263,137445.571263,1780281075.6095967,12.363195419311523,0.0045299530029296875,2.3157596588134766,2.287,4718592,0.38231988332523087,288,chatcmpl-4f0ec41e-1c7b-44ac-a639-ee5ef44b5ee5-9dbe789a,"nixl_xfer_handle(0x5563599981b0, released=False)",decode,1,0,452712,3,d61968e8-e4aa-43a2-8ca8-85b623ffd1e5_dp0,0,nixl_start_time
1780281075.6835306,1780281075.6855295,1.9989999999999999,1780281075.6858072,0.2777576446533203,137445645197,137445.645197,1780281075.6835306,2.2766590118408203,0.0050067901611328125,2.02178955078125,1.999,3145728,1.5736508254127064,192,chatcmpl-7aa9dcb0-98ee-4413-94cd-7f0e7b1560f0-89c824b7,"nixl_xfer_handle(0x5af9a3e66170, released=False)",decode,0,0,452715,2,d61968e8-e4aa-43a2-8ca8-85b623ffd1e5_dp0,0,nixl_start_time
1780281075.6839256,1780281075.7273557,43.43000000000001,1780281075.7273753,0.019550323486328125,137445645592,137445.645592,1780281075.6839256,43.44964027404785,0.007152557373046875,26.501178741455078,26.464,99090432,2.281612525903753,6048,chatcmpl-97c379f5-f5d0-4481-ba42-6a51d51723f6-a4d0bdf6,"nixl_xfer_handle(0x5563599981b0, released=False)",decode,1,0,452712,63,d61968e8-e4aa-43a2-8ca8-85b623ffd1e5_dp1,0,nixl_start_time
1780281075.7253127,1780281075.7383966,13.084,1780281075.73843,0.03337860107421875,137445686979,137445.686979,1780281075.7253127,13.117313385009766,0.00476837158203125,1.4584064483642578,1.429,3145728,0.2404255579333537,192,chatcmpl-a23820d0-a501-4239-b18b-631e2b0f2782-81c6e0ef,"nixl_xfer_handle(0x556356e03100, released=False)",decode,1,0,452712,2,d61968e8-e4aa-43a2-8ca8-85b623ffd1e5_dp0,0,nixl_start_time
1780281075.7382967,1780281075.7505999,12.302999999999999,1780281075.7506683,0.06842613220214844,137445699963,137445.699963,1780281075.7382967,12.371540069580078,0.00667572021484375,3.3266544342041016,3.304,20447232,1.6619712265301148,1248,chatcmpl-4b0d839b-2c83-4540-8d16-7d21b2440a62-b4a5b299,"nixl_xfer_handle(0x5af9a3e66170, released=False)",decode,0,0,452715,13,d61968e8-e4aa-43a2-8ca8-85b623ffd1e5_dp1,0,nixl_start_time
1780281075.7504528,1780281075.7625878,12.135,1780281075.7626154,0.02765655517578125,137445712119,137445.712119,1780281075.7504528,12.16268539428711,0.005245208740234375,2.3148059844970703,2.284,4718592,0.3888415327564895,288,chatcmpl-a5864562-f0ea-4018-aad3-784ab9d94084-92b4e76f,"nixl_xfer_handle(0x556356e03100, released=False)",decode,1,0,452712,3,d61968e8-e4aa-43a2-8ca8-85b623ffd1e5_dp0,0,nixl_start_time
1780281075.8242686,1780281075.8487246,24.456,1780281075.8487709,0.046253204345703125,137445785935,137445.785935,1780281075.8242686,24.502277374267578,0.0050067901611328125,8.63790512084961,8.616,37748736,1.5435368007850836,2304,chatcmpl-ebb49a0e-7cce-4a98-9459-e59b8600a2a1-9603e2e8,"nixl_xfer_handle(0x5af9a3e66170, released=False)",decode,0,0,452715,24,d61968e8-e4aa-43a2-8ca8-85b623ffd1e5_dp0,0,nixl_start_time
1780281075.8851767,1780281075.8978517,12.675,1780281075.897901,0.04935264587402344,137445846843,137445.846843,1780281075.8851767,12.72439956665039,0.0030994415283203125,1.7104148864746094,1.688,3145728,0.24818366863905325,192,chatcmpl-15aa0f8b-1571-47d1-ab3c-160701de5ac9-814f19f1,"nixl_xfer_handle(0x5af9a3d68c00, released=False)",decode,0,0,452715,2,d61968e8-e4aa-43a2-8ca8-85b623ffd1e5_dp1,0,nixl_start_time
1780281075.9099536,1780281075.9222987,12.345,1780281075.9223185,0.019788742065429688,137445871620,137445.87162,1780281075.9099536,12.364864349365234,0.0050067901611328125,3.5758018493652344,3.555,26738688,2.1659528554070473,1632,chatcmpl-11ef31df-3bbf-492a-9d76-e559b04348a3-8b19c42d,"nixl_xfer_handle(0x556356e03100, released=False)",decode,1,0,452712,17,d61968e8-e4aa-43a2-8ca8-85b623ffd1e5_dp0,0,nixl_start_time
1780281076.0080237,1780281076.0203218,12.298,1780281076.0204062,0.08440017700195312,137445969690,137445.96969,1780281076.0080237,12.38250732421875,0.005245208740234375,6.490945816040039,6.453,9437184,0.7673755082127175,576,chatcmpl-7a1ecc58-cd32-4eba-b487-b4b972f0563a-b8c88c3b,"nixl_xfer_handle(0x5af9a3d68c00, released=False)",decode,0,0,452715,6,d61968e8-e4aa-43a2-8ca8-85b623ffd1e5_dp1,0,nixl_start_time
1780281076.1059706,1780281076.1181936,12.222999999999999,1780281076.1182451,0.0514984130859375,137446067637,137446.067637,1780281076.1059706,12.274503707885742,0.0057220458984375,3.917217254638672,3.897,29884416,2.4449329951730348,1824,chatcmpl-28528f39-ed22-4422-b5c8-373583d96fe4-8493d9a5,"nixl_xfer_handle(0x556356e03100, released=False)",decode,1,0,452712,19,d61968e8-e4aa-43a2-8ca8-85b623ffd1e5_dp0,0,nixl_start_time
1780281076.2050197,1780281076.2356298,30.61,1780281076.235647,0.0171661376953125,137446166686,137446.166686,1780281076.2050197,30.62725067138672,0.008344650268554688,12.960195541381836,12.932,78643200,2.5691996079712514,4800,chatcmpl-a6e6cc17-a741-4b59-b91f-344613af2b15-aa87e96a,"nixl_xfer_handle(0x5af9a3d68c00, released=False)",decode,0,0,452715,50,d61968e8-e4aa-43a2-8ca8-85b623ffd1e5_dp1,0,nixl_start_time
1780281076.2327037,1780281076.2470417,14.338,1780281076.247063,0.021219253540039062,137446194370,137446.19437,1780281076.2327037,14.359235763549805,0.0054836273193359375,2.6230812072753906,2.598,4718592,0.32909694518063887,288,chatcmpl-bab3bf6c-7d23-427d-8a7c-8d974cca4303-99277cff,"nixl_xfer_handle(0x5af9a379d9b0, released=False)",decode,0,0,452715,3,d61968e8-e4aa-43a2-8ca8-85b623ffd1e5_dp1,0,nixl_start_time
1780281076.2327638,1780281076.2579658,25.201999999999998,1780281076.2579875,0.021696090698242188,137446194430,137446.19443,1780281076.2327638,25.223731994628906,0.0045299530029296875,10.072708129882812,10.04,14155776,0.5616925640822157,864,chatcmpl-a0557ebb-d0bf-4ec0-9518-b0118d63c95c-b681bd80,"nixl_xfer_handle(0x556356e03100, released=False)",decode,1,0,452712,9,d61968e8-e4aa-43a2-8ca8-85b623ffd1e5_dp0,0,nixl_start_time
1780281076.3927536,1780281076.4052126,12.459,1780281076.4052646,0.051975250244140625,137446354420,137446.35442,1780281076.3927536,12.511014938354492,0.0057220458984375,2.6192665100097656,2.591,4718592,0.37872959306525406,288,chatcmpl-8260dd5c-47d8-42ea-8d6f-97df3825d07a-98f89888,"nixl_xfer_handle(0x5af9a379d9b0, released=False)",decode,0,0,452715,3,d61968e8-e4aa-43a2-8ca8-85b623ffd1e5_dp0,0,nixl_start_time
1780281076.4051466,1780281076.4177866,12.64,1780281076.4178128,0.026226043701171875,137446366813,137446.366813,1780281076.4051466,12.66622543334961,0.0050067901611328125,1.6520023345947266,1.624,3145728,0.24887088607594937,192,chatcmpl-be9e8888-c20d-413b-8f16-0fd1212a4d2e-84022b47,"nixl_xfer_handle(0x556356e03100, released=False)",decode,1,0,452712,2,d61968e8-e4aa-43a2-8ca8-85b623ffd1e5_dp1,0,nixl_start_time
1780281076.4297776,1780281076.4316747,1.897,1780281076.4319491,0.27441978454589844,137446391444,137446.391444,1780281076.4297776,2.1715164184570312,0.005245208740234375,1.9176006317138672,1.897,3145728,1.6582646283605693,192,chatcmpl-f9b5cfca-3560-4a78-8504-4ec1a20bd060-8e1787ae,"nixl_xfer_handle(0x5af9a379d9b0, released=False)",decode,0,0,452715,2,d61968e8-e4aa-43a2-8ca8-85b623ffd1e5_dp0,0,nixl_start_time
1780281076.5401886,1780281076.5522165,12.028,1780281076.5522661,0.049591064453125,137446501855,137446.501855,1780281076.5401886,12.077569961547852,0.0045299530029296875,3.061532974243164,3.03,6291456,0.5230675091453275,384,chatcmpl-25f07501-51c1-433f-9c0e-f8ad2c466346-913e5a66,"nixl_xfer_handle(0x556356e03100, released=False)",decode,1,0,452712,4,d61968e8-e4aa-43a2-8ca8-85b623ffd1e5_dp1,0,nixl_start_time
1780281076.6624787,1780281076.6748676,12.389000000000001,1780281076.6749077,0.0400543212890625,137446624145,137446.624145,1780281076.6624787,12.428998947143555,0.005245208740234375,0.42724609375,0.407,1572864,0.12695649366373393,48,chatcmpl-1d3a36a1-0f3b-4b93-8a59-496b668b03ff-bf2e1700,"nixl_xfer_handle(0x5af9a379d9b0, released=False)",decode,0,0,452715,1,d61968e8-e4aa-43a2-8ca8-85b623ffd1e5_dp0,0,nixl_start_time
1780281076.6872146,1780281076.6998715,12.657,1780281076.6999342,0.06270408630371094,137446648881,137446.648881,1780281076.6872146,12.71963119506836,0.0040531158447265625,1.6198158264160156,1.594,3145728,0.24853662005214505,192,chatcmpl-2c62c51d-7287-4b97-97d4-ca9da216f823-822b013b,"nixl_xfer_handle(0x556356e03100, released=False)",decode,1,0,452712,2,d61968e8-e4aa-43a2-8ca8-85b623ffd1e5_dp1,0,nixl_start_time
1780281076.7245595,1780281076.7364194,11.860000000000001,1780281076.7364419,0.022411346435546875,137446686226,137446.686226,1780281076.7245595,11.882305145263672,0.008344650268554688,8.427858352661133,8.389,36175872,3.0502421585160198,2208,chatcmpl-1c44af82-b843-4635-aa41-c8855ee4cd13-af31ed5a,"nixl_xfer_handle(0x5af9a379d9b0, released=False)",decode,0,0,452715,23,d61968e8-e4aa-43a2-8ca8-85b623ffd1e5_dp0,0,nixl_start_time
1780281076.9701676,1780281077.0042207,34.053,1780281077.004236,0.0152587890625,137446931834,137446.931834,1780281076.9701676,34.06834602355957,0.0059604644775390625,10.117292404174805,10.095,69206016,2.032303056999383,4224,chatcmpl-ee37becc-9980-4dd9-aad5-c8f78d311365-8056333b,"nixl_xfer_handle(0x5af9a379d9b0, released=False)",decode,0,0,452715,44,d61968e8-e4aa-43a2-8ca8-85b623ffd1e5_dp0,0,nixl_start_time
1780281076.9839947,1780281076.9951117,11.117,1780281076.9951634,0.05173683166503906,137446945661,137446.945661,1780281076.9839947,11.168718338012695,0.0050067901611328125,1.5418529510498047,1.513,3145728,0.2829655482594225,192,chatcmpl-848214c5-8fb9-42e6-88ab-1126e2058721-a552a52f,"nixl_xfer_handle(0x556356e03100, released=False)",decode,1,0,452712,2,d61968e8-e4aa-43a2-8ca8-85b623ffd1e5_dp1,0,nixl_start_time
1780281076.9950297,1780281077.0198207,24.791,1780281077.0198927,0.07200241088867188,137446956696,137446.956696,1780281076.9950297,24.863004684448242,0.0059604644775390625,8.873462677001953,8.845,11010048,0.4441147190512686,672,chatcmpl-f7cff1b5-833d-4705-9bfc-96c8f8638ea4-a27c3d49,"nixl_xfer_handle(0x5af9a3d68c00, released=False)",decode,0,0,452715,7,d61968e8-e4aa-43a2-8ca8-85b623ffd1e5_dp0,0,nixl_start_time
1780281077.0196576,1780281077.0321295,12.472000000000001,1780281077.0321662,0.036716461181640625,137446981324,137446.981324,1780281077.0196576,12.508630752563477,0.0059604644775390625,5.317449569702148,5.282,11010048,0.8827812700449006,672,chatcmpl-00014438-77e5-4ac5-af81-f3a920fae894-9586bf4e,"nixl_xfer_handle(0x556356e03100, released=False)",decode,1,0,452712,7,d61968e8-e4aa-43a2-8ca8-85b623ffd1e5_dp1,0,nixl_start_time
1780281077.0317547,1780281077.0439458,12.191,1780281077.0439632,0.017404556274414062,137446993421,137446.993421,1780281077.0317547,12.20846176147461,0.0050067901611328125,3.315448760986328,3.291,6291456,0.516073824952834,384,chatcmpl-8a4c7ffd-68dd-4299-9c46-c243238e6652-85a64604,"nixl_xfer_handle(0x5af9a3d68c00, released=False)",decode,0,0,452715,4,d61968e8-e4aa-43a2-8ca8-85b623ffd1e5_dp0,0,nixl_start_time
1780281077.0561647,1780281077.0683887,12.224,1780281077.0684094,0.020742416381835938,137447017831,137447.017831,1780281077.0561647,12.244701385498047,0.00476837158203125,1.604318618774414,1.575,3145728,0.2573403141361257,192,chatcmpl-926fc4e5-21f8-4065-893d-030375d47508-bd5648e2,"nixl_xfer_handle(0x556356e03100, released=False)",decode,1,0,452712,2,d61968e8-e4aa-43a2-8ca8-85b623ffd1e5_dp1,0,nixl_start_time
1780281077.1542547,1780281077.1661718,11.917,1780281077.1662252,0.05340576171875,137447115921,137447.115921,1780281077.1542547,11.97052001953125,0.0064373016357421875,3.491640090942383,3.469,23592960,1.9797734329109673,1440,chatcmpl-5f40d5f3-fe68-4f82-b44f-77544851d598-8d3cad32,"nixl_xfer_handle(0x556356e03100, released=False)",decode,1,0,452712,15,d61968e8-e4aa-43a2-8ca8-85b623ffd1e5_dp1,0,nixl_start_time
1780281077.1909416,1780281077.2033887,12.447,1780281077.2034392,0.05054473876953125,137447152608,137447.152608,1780281077.1909416,12.497663497924805,0.00476837158203125,1.718282699584961,1.695,3145728,0.2527298144131116,192,chatcmpl-ea4e4b46-ee42-4961-ad6f-4ba76e24ee3e-9d3bbc44,"nixl_xfer_handle(0x5af9a3d68c00, released=False)",decode,0,0,452715,2,d61968e8-e4aa-43a2-8ca8-85b623ffd1e5_dp0,0,nixl_start_time
1780281077.2890847,1780281077.3018026,12.718,1780281077.301863,0.06031990051269531,137447250751,137447.250751,1780281077.2890847,12.778282165527344,0.0054836273193359375,6.6070556640625,6.581,9437184,0.7420336530901085,576,chatcmpl-1f548bbf-2219-47fc-8bc3-2d27130b8c8e-96037092,"nixl_xfer_handle(0x5af9a3d68c00, released=False)",decode,0,0,452715,6,d61968e8-e4aa-43a2-8ca8-85b623ffd1e5_dp1,0,nixl_start_time
1780281077.4124956,1780281077.4373276,24.832,1780281077.437413,0.08535385131835938,137447374162,137447.374162,1780281077.4124956,24.9173641204834,0.009775161743164062,10.306835174560547,10.268,77070336,3.1036701030927834,4704,chatcmpl-073c5364-a9ad-4bf4-8d4f-7acb1bad110f-980d4226,"nixl_xfer_handle(0x5af9a3d68c00, released=False)",decode,0,0,452715,49,d61968e8-e4aa-43a2-8ca8-85b623ffd1e5_dp0,0,nixl_start_time
1780281077.4263957,1780281077.4374278,11.032,1780281077.437455,0.027179718017578125,137447388062,137447.388062,1780281077.4263957,11.059284210205078,0.004291534423828125,0.4742145538330078,0.45,1572864,0.142572878897752,48,chatcmpl-670d8064-34a4-491b-9d26-e754def38c7b-a9db0ab3,"nixl_xfer_handle(0x556356e03100, released=False)",decode,1,0,452712,1,d61968e8-e4aa-43a2-8ca8-85b623ffd1e5_dp0,0,nixl_start_time
1780281077.5113838,1780281077.5238469,12.463000000000001,1780281077.523886,0.03910064697265625,137447473050,137447.47305,1780281077.5113838,12.502193450927734,0.005245208740234375,3.7224292755126953,3.702,20447232,1.6406348391238066,1248,chatcmpl-2d81b518-2a49-4e62-b8c5-8496b66ab4ea-9bd407d8,"nixl_xfer_handle(0x556356e03100, released=False)",decode,1,0,452712,13,d61968e8-e4aa-43a2-8ca8-85b623ffd1e5_dp1,0,nixl_start_time
1780281077.6097846,1780281077.6230257,13.241,1780281077.6230416,0.015974044799804688,137447571451,137447.571451,1780281077.6097846,13.257026672363281,0.0054836273193359375,6.713151931762695,6.688,28311552,2.1381732497545505,1728,chatcmpl-9f9366f8-8936-4457-be48-6c1d2ff8dbdb-9dbd563f,"nixl_xfer_handle(0x5af9a3820f60, released=False)",decode,0,0,452715,18,d61968e8-e4aa-43a2-8ca8-85b623ffd1e5_dp0,0,nixl_start_time
1780281077.6165957,1780281077.6409419,24.346,1780281077.6409588,0.016927719116210938,137447578262,137447.578262,1780281077.6165957,24.363040924072266,0.0054836273193359375,6.155729293823242,6.135,6291456,0.25841846709931815,384,chatcmpl-8fe0dd39-f392-4f52-8d87-c743918820b1-ae178774,"nixl_xfer_handle(0x5af9a379d9b0, released=False)",decode,0,0,452715,4,d61968e8-e4aa-43a2-8ca8-85b623ffd1e5_dp1,0,nixl_start_time
1780281077.6263626,1780281077.6378386,11.476,1780281077.6379018,0.06318092346191406,137447588029,137447.588029,1780281077.6263626,11.539220809936523,0.005245208740234375,3.11279296875,3.093,18874368,1.644681770651795,1152,chatcmpl-565ba3f1-9ad2-44ac-b25f-6c16d83fde6c-95d5dc72,"nixl_xfer_handle(0x556356e03100, released=False)",decode,1,0,452712,12,d61968e8-e4aa-43a2-8ca8-85b623ffd1e5_dp0,0,nixl_start_time
1780281077.6376886,1780281077.6503677,12.678999999999998,1780281077.6503923,0.024557113647460938,137447599355,137447.599355,1780281077.6376886,12.703657150268555,0.0054836273193359375,2.9408931732177734,2.917,4718592,0.3721580566290717,288,chatcmpl-816f9366-c537-44e6-8129-7da06c57a5b2-bfc6bbf0,"nixl_xfer_handle(0x5af9a3820f60, released=False)",decode,0,0,452715,3,d61968e8-e4aa-43a2-8ca8-85b623ffd1e5_dp1,0,nixl_start_time
1780281077.6622705,1780281077.6748915,12.621,1780281077.6749458,0.05435943603515625,137447623937,137447.623937,1780281077.6622705,12.675285339355469,0.0045299530029296875,0.4897117614746094,0.462,1572864,0.12462277157119087,48,chatcmpl-f93ce906-85ca-45aa-bcf5-74f95659f194-a95845a3,"nixl_xfer_handle(0x556356e03100, released=False)",decode,1,0,452712,1,d61968e8-e4aa-43a2-8ca8-85b623ffd1e5_dp0,0,nixl_start_time
1780281077.6867137,1780281077.6996126,12.899000000000001,1780281077.6996367,0.024080276489257812,137447648380,137447.64838,1780281077.6867137,12.923002243041992,0.0050067901611328125,2.5238990783691406,2.5,4718592,0.365810682998682,288,chatcmpl-09b81248-1c34-4a9d-91d2-32ed92d0e0e3-850402c1,"nixl_xfer_handle(0x5af9a3820f60, released=False)",decode,0,0,452715,3,d61968e8-e4aa-43a2-8ca8-85b623ffd1e5_dp1,0,nixl_start_time
1780281077.6994836,1780281077.7120407,12.557,1780281077.7120602,0.019550323486328125,137447661150,137447.66115,1780281077.6994836,12.576580047607422,0.0045299530029296875,1.5485286712646484,1.521,3145728,0.2505158875527594,192,chatcmpl-1c0dd4cc-539b-49cc-9bdf-9438dfecafa8-b46f246c,"nixl_xfer_handle(0x556356e03100, released=False)",decode,1,0,452712,2,d61968e8-e4aa-43a2-8ca8-85b623ffd1e5_dp0,0,nixl_start_time
1780281077.7860477,1780281077.8133698,27.322,1780281077.8134725,0.10275840759277344,137447747714,137447.747714,1780281077.7860477,27.42481231689453,0.00858306884765625,12.476921081542969,12.451,77070336,2.820816045677476,4704,chatcmpl-620de6dc-c02e-41f0-acf9-0ea466cd7a12-95720400,"nixl_xfer_handle(0x5af9a3820f60, released=False)",decode,0,0,452715,49,d61968e8-e4aa-43a2-8ca8-85b623ffd1e5_dp1,0,nixl_start_time
1780281077.8624055,1780281077.8750806,12.675,1780281077.8751137,0.03314018249511719,137447824072,137447.824072,1780281077.8624055,12.708187103271484,0.00476837158203125,5.306005477905273,5.27,11010048,0.8686428402366864,672,chatcmpl-7e4abea7-f1db-44d7-b75c-3f5210d7123c-89e9879c,"nixl_xfer_handle(0x556356e03100, released=False)",decode,1,0,452712,7,d61968e8-e4aa-43a2-8ca8-85b623ffd1e5_dp0,0,nixl_start_time
1780281077.8625076,1780281077.8869376,24.43,1780281077.8869553,0.017642974853515625,137447824174,137447.824174,1780281077.8625076,24.44767951965332,0.0069141387939453125,8.886098861694336,8.859,48758784,1.9958568972574704,2976,chatcmpl-ca4d9c85-cb91-4e65-88d2-8d8ada63cbf8-a347b58d,"nixl_xfer_handle(0x5af9a3d74220, released=False)",decode,0,0,452715,31,d61968e8-e4aa-43a2-8ca8-85b623ffd1e5_dp0,0,nixl_start_time
1780281077.9363606,1780281077.9530656,16.705000000000002,1780281077.953105,0.03933906555175781,137447898027,137447.898027,1780281077.9363606,16.744375228881836,0.0054836273193359375,6.120920181274414,6.089,12582912,0.7532422627955702,768,chatcmpl-d3bac09d-8291-4e61-ad74-9ca553cb70b6-b97e1dc7,"nixl_xfer_handle(0x556356e03100, released=False)",decode,1,0,452712,8,d61968e8-e4aa-43a2-8ca8-85b623ffd1e5_dp1,0,nixl_start_time
1780281077.9366806,1780281077.9718075,35.126999999999995,1780281077.971825,0.017404556274414062,137447898347,137447.898347,1780281077.9366806,35.14432907104492,0.008821487426757812,11.022329330444336,10.997,67633152,1.9253893586130328,4128,chatcmpl-f01c6c89-4df6-4ffe-a79c-0a681bc5aa40-99a8aee4,"nixl_xfer_handle(0x5af97a2c1420, released=False)",decode,0,0,452715,43,d61968e8-e4aa-43a2-8ca8-85b623ffd1e5_dp1,0,nixl_start_time
1780281077.9511497,1780281077.9688168,17.666999999999998,1780281077.9688513,0.03457069396972656,137447912816,137447.912816,1780281077.9511497,17.70162582397461,0.0045299530029296875,1.611948013305664,1.584,3145728,0.17805671591102054,192,chatcmpl-f7b541c8-2384-4dec-b17d-028de0d6fa63-a1e9e1e1,"nixl_xfer_handle(0x5563599981b0, released=False)",decode,1,0,452712,2,d61968e8-e4aa-43a2-8ca8-85b623ffd1e5_dp0,0,nixl_start_time
1780281077.9512396,1780281077.9718566,20.617,1780281077.9718652,0.00858306884765625,137447912906,137447.912906,1780281077.9512396,20.625591278076172,0.0069141387939453125,14.009237289428711,13.979,42467328,2.0598209244797983,2592,chatcmpl-14351a32-0e31-41f5-b9f7-8a1e26d1560e-8ac6a922,"nixl_xfer_handle(0x5af9a379d9b0, released=False)",decode,0,0,452715,27,d61968e8-e4aa-43a2-8ca8-85b623ffd1e5_dp0,0,nixl_start_time
1780281077.9688036,1780281077.9800446,11.241,1780281077.9800818,0.03719329833984375,137447930470,137447.93047,1780281077.9688036,11.278152465820312,0.006198883056640625,2.711772918701172,2.684,3145728,0.27984414198025087,192,chatcmpl-b4e9af15-70d0-41b0-806d-60faeba4bfc4-be076a03,"nixl_xfer_handle(0x5af989c62420, released=False)",decode,0,0,452715,2,d61968e8-e4aa-43a2-8ca8-85b623ffd1e5_dp1,0,nixl_start_time
1780281078.0657907,1780281078.0785108,12.72,1780281078.0785604,0.049591064453125,137448027457,137448.027457,1780281078.0657907,12.769699096679688,0.0057220458984375,6.695270538330078,6.669,9437184,0.7419169811320754,576,chatcmpl-f1eee88c-1413-47c0-8f84-4d0dabcdc024-9d81d76e,"nixl_xfer_handle(0x5af9a379d9b0, released=False)",decode,0,0,452715,6,d61968e8-e4aa-43a2-8ca8-85b623ffd1e5_dp0,0,nixl_start_time
1780281078.4972978,1780281078.5231998,25.902,1780281078.5232644,0.06461143493652344,137448458964,137448.458964,1780281078.4972978,25.966644287109375,0.0095367431640625,10.715484619140625,10.679,64487424,2.4896696780171412,3936,chatcmpl-62b6e940-ec1f-40c1-b4d6-fd9c544fb039-92b7be8d,"nixl_xfer_handle(0x5af9a379d9b0, released=False)",decode,0,0,452715,41,d61968e8-e4aa-43a2-8ca8-85b623ffd1e5_dp0,0,nixl_start_time
1780281078.5229948,1780281078.5351937,12.199,1780281078.5352159,0.022172927856445312,137448484661,137448.484661,1780281078.5229948,12.221097946166992,0.005245208740234375,1.5690326690673828,1.54,3145728,0.2578676940732847,192,chatcmpl-abb9071e-16f8-4b1d-91fe-c8b7b235de96-a83fd03f,"nixl_xfer_handle(0x5563599981b0, released=False)",decode,1,0,452712,2,d61968e8-e4aa-43a2-8ca8-85b623ffd1e5_dp1,0,nixl_start_time
1780281078.5598836,1780281078.5721846,12.301,1780281078.5722384,0.053882598876953125,137448521550,137448.52155,1780281078.5598836,12.354850769042969,0.0057220458984375,3.7970542907714844,3.774,28311552,2.301565076010081,1728,chatcmpl-6233b270-7920-482f-98ad-5124d3c24b6f-a26bc1a6,"nixl_xfer_handle(0x5af9a3e38b80, released=False)",decode,0,0,452715,18,d61968e8-e4aa-43a2-8ca8-85b623ffd1e5_dp1,0,nixl_start_time
1780281078.6332626,1780281078.6352587,1.996,1780281078.6356168,0.3581047058105469,137448594929,137448.594929,1780281078.6332626,2.354145050048828,0.005245208740234375,2.0172595977783203,1.996,3145728,1.5760160320641283,192,chatcmpl-1c10fd1b-b540-495a-a54c-0ef42c08ff89-b4ea057d,"nixl_xfer_handle(0x5af9a3e38b80, released=False)",decode,0,0,452715,2,d61968e8-e4aa-43a2-8ca8-85b623ffd1e5_dp0,0,nixl_start_time
1780281078.8184216,1780281078.8301897,11.768,1780281078.8302262,0.03647804260253906,137448780088,137448.780088,1780281078.8184216,11.804580688476562,0.0057220458984375,3.8514137268066406,3.831,31457280,2.6731203263086334,1920,chatcmpl-2889cf68-39ff-4040-b62c-c273d719afe5-8edd2f5e,"nixl_xfer_handle(0x556359a91f20, released=False)",decode,1,0,452712,20,d61968e8-e4aa-43a2-8ca8-85b623ffd1e5_dp0,0,nixl_start_time
1780281079.0637736,1780281079.0960467,32.273,1780281079.0960772,0.030517578125,137449025440,137449.02544,1780281079.0637736,32.303571701049805,0.008106231689453125,17.665624618530273,17.64,70778880,2.1931298608744147,4320,chatcmpl-5f7387a7-a846-45b9-946f-036c4c9233d1-8814c560,"nixl_xfer_handle(0x5563599981b0, released=False)",decode,1,0,452712,45,d61968e8-e4aa-43a2-8ca8-85b623ffd1e5_dp1,0,nixl_start_time
1780281079.0846267,1780281079.0960977,11.471,1780281079.0961258,0.028133392333984375,137449046293,137449.046293,1780281079.0846267,11.499166488647461,0.0045299530029296875,2.7914047241210938,2.772,17301504,1.5082821026937494,1056,chatcmpl-db9f101a-f968-4eed-ad93-dfa174c5e159-8a3b7221,"nixl_xfer_handle(0x556356e03100, released=False)",decode,1,0,452712,11,d61968e8-e4aa-43a2-8ca8-85b623ffd1e5_dp0,0,nixl_start_time
1780281079.1326268,1780281079.1369998,4.373,1780281079.1370137,0.013828277587890625,137449094293,137449.094293,1780281079.1326268,4.38690185546875,0.0050067901611328125,4.112005233764648,4.089,6291456,1.4387047793276926,384,chatcmpl-ffeda288-60b9-4212-9337-700535701b54-94e7e4e2,"nixl_xfer_handle(0x5af9a3e38b80, released=False)",decode,0,0,452715,4,d61968e8-e4aa-43a2-8ca8-85b623ffd1e5_dp1,0,nixl_start_time
1780281079.2190037,1780281079.2439907,24.987,1780281079.2440462,0.05555152893066406,137449180670,137449.18067,1780281079.2190037,25.04253387451172,0.009775161743164062,9.845972061157227,9.816,53477376,2.140207948133029,3264,chatcmpl-8a4b47c4-3ce2-46a8-9742-097f1bccc3ee-b71bf317,"nixl_xfer_handle(0x5af9a3e38b80, released=False)",decode,0,0,452715,34,d61968e8-e4aa-43a2-8ca8-85b623ffd1e5_dp0,0,nixl_start_time
1780281079.2321956,1780281079.2439556,11.76,1780281079.2439792,0.023603439331054688,137449193862,137449.193862,1780281079.2321956,11.783599853515625,0.004291534423828125,2.2721290588378906,2.242,4718592,0.40124081632653064,288,chatcmpl-1dc84ea4-8972-4fdb-a4d0-cdf0c7f84b20-9dba5cc4,"nixl_xfer_handle(0x556356e03100, released=False)",decode,1,0,452712,3,d61968e8-e4aa-43a2-8ca8-85b623ffd1e5_dp1,0,nixl_start_time
1780281079.3053167,1780281079.3439467,38.629999999999995,1780281079.3439965,0.04982948303222656,137449266983,137449.266983,1780281079.3053167,38.67983818054199,0.0064373016357421875,19.823312759399414,19.787,77070336,1.9950902407455346,4704,chatcmpl-ea47a88e-e910-445a-91a7-56cf5e888708-bc0e9a3e,"nixl_xfer_handle(0x556356e03100, released=False)",decode,1,0,452712,49,d61968e8-e4aa-43a2-8ca8-85b623ffd1e5_dp0,0,nixl_start_time
1780281079.3286006,1780281079.3440387,15.438,1780281079.344047,0.008344650268554688,137449290267,137449.290267,1780281079.3286006,15.44642448425293,0.00476837158203125,0.37360191345214844,0.352,1572864,0.10188262728332685,48,chatcmpl-54b14ab2-9ec9-4482-8f94-7a502d3a3b23-bbb3d265,"nixl_xfer_handle(0x5563599981b0, released=False)",decode,1,0,452712,1,d61968e8-e4aa-43a2-8ca8-85b623ffd1e5_dp1,0,nixl_start_time
1780281079.3286188,1780281079.3496706,21.052,1780281079.349716,0.045299530029296875,137449290285,137449.290285,1780281079.3286188,21.097183227539062,0.005245208740234375,1.940011978149414,1.903,3145728,0.1494265627968839,192,chatcmpl-a98b357d-7f1b-4bd5-9286-eb164d2a0f8d-bd9ec261,"nixl_xfer_handle(0x5af9a379d9b0, released=False)",decode,0,0,452715,2,d61968e8-e4aa-43a2-8ca8-85b623ffd1e5_dp1,0,nixl_start_time
1780281079.3397856,1780281079.3529456,13.16,1780281079.352964,0.018358230590820312,137449301452,137449.301452,1780281079.3397856,13.178348541259766,0.004291534423828125,2.1865367889404297,2.16,4718592,0.3585556231003039,288,chatcmpl-c05cd06a-04fc-42f3-96b4-227f042dbda6-85793172,"nixl_xfer_handle(0x5563599829c0, released=False)",decode,1,0,452712,3,d61968e8-e4aa-43a2-8ca8-85b623ffd1e5_dp0,0,nixl_start_time
1780281079.3400557,1780281079.3497617,9.706,1780281079.3497727,0.010967254638671875,137449301722,137449.301722,1780281079.3400557,9.716987609863281,0.007867813110351562,6.599187850952148,6.575,26738688,2.7548617350092726,1632,chatcmpl-cff8ae5e-aa2c-47e5-8cca-bd5819fcccc9-ad6315f7,"nixl_xfer_handle(0x5af9a386ec30, released=False)",decode,0,0,452715,17,d61968e8-e4aa-43a2-8ca8-85b623ffd1e5_dp0,0,nixl_start_time
1780281079.3420897,1780281079.3529837,10.893999999999998,1780281079.3530416,0.05793571472167969,137449303756,137449.303756,1780281079.3420897,10.951995849609375,0.0054836273193359375,1.5645027160644531,1.545,3145728,0.2887578483568937,192,chatcmpl-182cd129-74e5-4ab2-80c6-cc331106ccfd-bb4d6901,"nixl_xfer_handle(0x55635994e650, released=False)",decode,1,0,452712,2,d61968e8-e4aa-43a2-8ca8-85b623ffd1e5_dp0,0,nixl_start_time
1780281079.3467257,1780281079.3647068,17.981,1780281079.3647618,0.05507469177246094,137449308392,137449.308392,1780281079.3467257,18.0361270904541,0.0035762786865234375,2.6581287384033203,2.638,3145728,0.17494733329625717,192,chatcmpl-a6234c0b-1489-4270-9fb7-e85aaa689fb8-8f74a6d2,"nixl_xfer_handle(0x5af97a2c1420, released=False)",decode,0,0,452715,2,d61968e8-e4aa-43a2-8ca8-85b623ffd1e5_dp0,0,nixl_start_time
1780281079.3767548,1780281079.3890717,12.317,1780281079.3891077,0.03600120544433594,137449338421,137449.338421,1780281079.3767548,12.352943420410156,0.0057220458984375,1.6918182373046875,1.665,3145728,0.2553972558252821,192,chatcmpl-dcb8b010-e6a6-43fd-b104-6d6c8b8a90bd-ab5d2bea,"nixl_xfer_handle(0x5af9a3832fe0, released=False)",decode,0,0,452715,2,d61968e8-e4aa-43a2-8ca8-85b623ffd1e5_dp1,0,nixl_start_time
1780281079.4750707,1780281079.5022488,27.178,1780281079.5022821,0.03337860107421875,137449436737,137449.436737,1780281079.4750707,27.211427688598633,0.0069141387939453125,19.732952117919922,19.696,77070336,2.835761866215321,4704,chatcmpl-886c5d9b-e2f1-4a8e-ab96-8ea6911c6830-8068a328,"nixl_xfer_handle(0x55635994e650, released=False)",decode,1,0,452712,49,d61968e8-e4aa-43a2-8ca8-85b623ffd1e5_dp0,0,nixl_start_time
1780281079.4979718,1780281079.5096467,11.674999999999999,1780281079.5096643,0.017642974853515625,137449459638,137449.459638,1780281079.4979718,11.692523956298828,0.004291534423828125,3.9815902709960938,3.953,4718592,0.40416205567451824,288,chatcmpl-d4f869f4-ecb2-429a-99a1-a50e5842a741-87b59117,"nixl_xfer_handle(0x5563599829c0, released=False)",decode,1,0,452712,3,d61968e8-e4aa-43a2-8ca8-85b623ffd1e5_dp1,0,nixl_start_time
1780281079.5592866,1780281079.5851836,25.897,1780281079.5852196,0.03600120544433594,137449520953,137449.520953,1780281079.5592866,25.933027267456055,0.0073909759521484375,10.779380798339844,10.745,73924608,2.854562613430127,4512,chatcmpl-662c3f63-b44f-4103-8708-edeecf9eb506-9c17c57d,"nixl_xfer_handle(0x5af9a3832fe0, released=False)",decode,0,0,452715,47,d61968e8-e4aa-43a2-8ca8-85b623ffd1e5_dp0,0,nixl_start_time
1780281079.5972936,1780281079.6217496,24.456,1780281079.621772,0.022411346435546875,137449558960,137449.55896,1780281079.5972936,24.478435516357422,0.00667572021484375,4.732370376586914,4.71,47185920,1.9294210009813544,2880,chatcmpl-9ac6ba78-9c40-4447-a154-5bed8b6a996a-920b9937,"nixl_xfer_handle(0x5563599829c0, released=False)",decode,1,0,452712,30,d61968e8-e4aa-43a2-8ca8-85b623ffd1e5_dp1,0,nixl_start_time
1780281079.5975907,1780281079.6094568,11.866,1780281079.6095276,0.07081031799316406,137449559257,137449.559257,1780281079.5975907,11.93690299987793,0.008106231689453125,3.506898880004883,3.471,23592960,1.9882824877802123,1440,chatcmpl-cc7668ea-a00c-459e-a5ce-05981c5e385b-b021e139,"nixl_xfer_handle(0x5af9a3832fe0, released=False)",decode,0,0,452715,15,d61968e8-e4aa-43a2-8ca8-85b623ffd1e5_dp0,0,nixl_start_time
1780281079.6586547,1780281079.6834078,24.753,1780281079.6834435,0.035762786865234375,137449620321,137449.620321,1780281079.6586547,24.788856506347656,0.0073909759521484375,8.909940719604492,8.885,59768832,2.414609623075991,3648,chatcmpl-659206ad-b6ad-4ee4-a803-0f232193ac83-8260b654,"nixl_xfer_handle(0x5af9a3e950a0, released=False)",decode,0,0,452715,38,d61968e8-e4aa-43a2-8ca8-85b623ffd1e5_dp0,0,nixl_start_time
1780281079.7330387,1780281079.7670627,34.024,1780281079.7670815,0.018835067749023438,137449694705,137449.694705,1780281079.7330387,34.0428352355957,0.007867813110351562,12.644052505493164,12.618,77070336,2.265175640724195,4704,chatcmpl-bc200fdb-0400-494f-8d16-d0c8163b6c0a-9a339f15,"nixl_xfer_handle(0x5af9a3e950a0, released=False)",decode,0,0,452715,49,d61968e8-e4aa-43a2-8ca8-85b623ffd1e5_dp1,0,nixl_start_time
1780281079.7606797,1780281079.7727857,12.106,1780281079.7728057,0.02002716064453125,137449722346,137449.722346,1780281079.7606797,12.125968933105469,0.0035762786865234375,6.046533584594727,6.027,23592960,1.948865025607137,1440,chatcmpl-b876ab47-e465-4acf-adb5-340be4f81eb4-afdfc3e8,"nixl_xfer_handle(0x5af9a386ec30, released=False)",decode,0,0,452715,15,d61968e8-e4aa-43a2-8ca8-85b623ffd1e5_dp0,0,nixl_start_time
1780281079.7609317,1780281079.7746058,13.674000000000001,1780281079.7746463,0.040531158447265625,137449722598,137449.722598,1780281079.7609317,13.71455192565918,0.00476837158203125,3.7271976470947266,3.708,23592960,1.725388328214129,1440,chatcmpl-7f573dac-8406-4cde-9769-fc6d3a3214b9-a33aed07,"nixl_xfer_handle(0x5563599829c0, released=False)",decode,1,0,452712,15,d61968e8-e4aa-43a2-8ca8-85b623ffd1e5_dp0,0,nixl_start_time
1780281079.7727005,1780281079.7854216,12.721,1780281079.7854753,0.05364418029785156,137449734367,137449.734367,1780281079.7727005,12.77470588684082,0.005245208740234375,1.592397689819336,1.565,3145728,0.24728621963682101,192,chatcmpl-73b019a8-6f7f-4308-aab7-379fc1d66556-823c23e7,"nixl_xfer_handle(0x55635994e650, released=False)",decode,1,0,452712,2,d61968e8-e4aa-43a2-8ca8-85b623ffd1e5_dp1,0,nixl_start_time
1780281079.7978177,1780281079.8097856,11.968,1780281079.8098366,0.051021575927734375,137449759484,137449.759484,1780281079.7978177,12.018918991088867,0.015974044799804688,4.190206527709961,4.16,33030144,2.7598716577540108,2016,chatcmpl-c29c23ec-385b-46b9-927b-b7358482af36-86ca0d23,"nixl_xfer_handle(0x55635994e650, released=False)",decode,1,0,452712,21,d61968e8-e4aa-43a2-8ca8-85b623ffd1e5_dp0,0,nixl_start_time
1780281079.8715887,1780281079.8976326,26.044,1780281079.8976848,0.05221366882324219,137449833255,137449.833255,1780281079.8715887,26.096105575561523,0.009059906005859375,11.179924011230469,11.142,70778880,2.71766548917217,4320,chatcmpl-ad608854-bc04-4b23-8719-d9ec8ec6544b-a8c8928a,"nixl_xfer_handle(0x5af9a386ec30, released=False)",decode,0,0,452715,45,d61968e8-e4aa-43a2-8ca8-85b623ffd1e5_dp1,0,nixl_start_time
1780281079.9590557,1780281079.9713538,12.298,1780281079.9714015,0.0476837158203125,137449920722,137449.920722,1780281079.9590557,12.34579086303711,0.0054836273193359375,1.7695426940917969,1.746,3145728,0.25579183607090583,192,chatcmpl-8b1d6e8f-9ccc-42e3-8fd5-01f87907b54f-911d4f1e,"nixl_xfer_handle(0x5af9a386ec30, released=False)",decode,0,0,452715,2,d61968e8-e4aa-43a2-8ca8-85b623ffd1e5_dp0,0,nixl_start_time
1780281080.0701427,1780281080.1104147,40.272000000000006,1780281080.1104436,0.028848648071289062,137450031809,137450.031809,1780281080.0701427,40.300846099853516,0.008344650268554688,23.80681037902832,23.768,89653248,2.226193087008343,5472,chatcmpl-c2d12338-1b5e-4de2-93f9-94231db84778-a736a4b3,"nixl_xfer_handle(0x55635994e650, released=False)",decode,1,0,452712,57,d61968e8-e4aa-43a2-8ca8-85b623ffd1e5_dp1,0,nixl_start_time
1780281080.1086166,1780281080.1210496,12.433,1780281080.1210704,0.020742416381835938,137450070283,137450.070283,1780281080.1086166,12.453794479370117,0.00476837158203125,1.4929771423339844,1.466,3145728,0.2530143971688249,192,chatcmpl-f573ae6d-eacd-4ec4-b739-33539f879c46-adae1923,"nixl_xfer_handle(0x5563599829c0, released=False)",decode,1,0,452712,2,d61968e8-e4aa-43a2-8ca8-85b623ffd1e5_dp0,0,nixl_start_time
1780281080.3062665,1780281080.3313675,25.101,1780281080.331458,0.09059906005859375,137450267933,137450.267933,1780281080.3062665,25.191545486450195,0.006198883056640625,6.307125091552734,6.284,67633152,2.694440540217521,4128,chatcmpl-44ffac4d-acbd-4b1a-8700-2e75b0146d5b-b32d2a96,"nixl_xfer_handle(0x5563599829c0, released=False)",decode,1,0,452712,43,d61968e8-e4aa-43a2-8ca8-85b623ffd1e5_dp1,0,nixl_start_time
1780281080.3184707,1780281080.3312488,12.777999999999999,1780281080.3313127,0.06389617919921875,137450280137,137450.280137,1780281080.3184707,12.841939926147461,0.007867813110351562,4.569053649902344,4.53,34603008,2.70801439974957,2112,chatcmpl-3e8af74f-88e9-4120-aeb4-14dc086a3b2b-9f4904e2,"nixl_xfer_handle(0x5af9a386ec30, released=False)",decode,0,0,452715,22,d61968e8-e4aa-43a2-8ca8-85b623ffd1e5_dp0,0,nixl_start_time
1780281080.3679597,1780281080.3924348,24.475,1780281080.3924868,0.051975250244140625,137450329626,137450.329626,1780281080.3679597,24.52707290649414,0.0057220458984375,4.349708557128906,4.329,37748736,1.5423385495403474,2304,chatcmpl-dbcfc293-8fdf-49f0-9518-847bcd003803-896977b6,"nixl_xfer_handle(0x5563599829c0, released=False)",decode,1,0,452712,24,d61968e8-e4aa-43a2-8ca8-85b623ffd1e5_dp1,0,nixl_start_time
1780281080.4047797,1780281080.4172387,12.459,1780281080.417292,0.05340576171875,137450366446,137450.366446,1780281080.4047797,12.512445449829102,0.00286102294921875,1.7082691192626953,1.687,3145728,0.25248639537683604,192,chatcmpl-b2e4bba5-2227-40a5-a9e0-dc3505b52ef0-b035105c,"nixl_xfer_handle(0x5af9a386ec30, released=False)",decode,0,0,452715,2,d61968e8-e4aa-43a2-8ca8-85b623ffd1e5_dp0,0,nixl_start_time
1780281080.6018667,1780281080.6143017,12.435,1780281080.614368,0.06628036499023438,137450563533,137450.563533,1780281080.6018667,12.501239776611328,0.0057220458984375,1.7859935760498047,1.762,3145728,0.2529737032569361,192,chatcmpl-abb4668c-d079-447f-9e0c-64814b8204b5-a020b0c9,"nixl_xfer_handle(0x5af9a386ec30, released=False)",decode,0,0,452715,2,d61968e8-e4aa-43a2-8ca8-85b623ffd1e5_dp1,0,nixl_start_time
1780281080.7626467,1780281080.7747817,12.135,1780281080.7748053,0.023603439331054688,137450724313,137450.724313,1780281080.7626467,12.158632278442383,0.005245208740234375,1.5268325805664062,1.497,3145728,0.25922768850432637,192,chatcmpl-0a329c69-ec2f-4dc0-81cf-16affb781c57-ba664220,"nixl_xfer_handle(0x5563599829c0, released=False)",decode,1,0,452712,2,d61968e8-e4aa-43a2-8ca8-85b623ffd1e5_dp0,0,nixl_start_time
1780281080.7876556,1780281080.7998075,12.152,1780281080.799831,0.023365020751953125,137450749322,137450.749322,1780281080.7876556,12.175321578979492,0.00858306884765625,7.232427597045898,7.205,23592960,1.9414878209348256,1440,chatcmpl-da134416-f3f4-496c-a5bf-7ba278662112-942ffea0,"nixl_xfer_handle(0x5af9a386ec30, released=False)",decode,0,0,452715,15,d61968e8-e4aa-43a2-8ca8-85b623ffd1e5_dp1,0,nixl_start_time
1780281080.8866546,1780281080.9114785,24.823999999999998,1780281080.9115222,0.04363059997558594,137450848321,137450.848321,1780281080.8866546,24.867534637451172,0.008821487426757812,9.47880744934082,9.44,66060288,2.6611459877537866,4032,chatcmpl-3ceb1f29-11b2-42ce-8887-2c555c5042e2-957d5558,"nixl_xfer_handle(0x5af9a386ec30, released=False)",decode,0,0,452715,42,d61968e8-e4aa-43a2-8ca8-85b623ffd1e5_dp0,0,nixl_start_time
1780281080.8996897,1780281080.9114056,11.716000000000001,1780281080.9114263,0.020742416381835938,137450861356,137450.861356,1780281080.8996897,11.736631393432617,0.0040531158447265625,1.638650894165039,1.612,3145728,0.26849846363946733,192,chatcmpl-ba8324ac-1584-4a73-b1e4-644f1058a518-b6d71567,"nixl_xfer_handle(0x5563599829c0, released=False)",decode,1,0,452712,2,d61968e8-e4aa-43a2-8ca8-85b623ffd1e5_dp1,0,nixl_start_time
1780281081.0726926,1780281081.0965235,23.831000000000003,1780281081.0965643,0.04076957702636719,137451034359,137451.034359,1780281081.0726926,23.871660232543945,0.00667572021484375,8.700847625732422,8.662,58195968,2.4420279467919936,3552,chatcmpl-0ad2ba10-97a1-4971-ba38-998f5a646668-9d9b3f3e,"nixl_xfer_handle(0x5af9a386ec30, released=False)",decode,0,0,452715,37,d61968e8-e4aa-43a2-8ca8-85b623ffd1e5_dp1,0,nixl_start_time
1780281081.1576977,1780281081.1769557,19.258,1780281081.1770158,0.06008148193359375,137451119364,137451.119364,1780281081.1576977,19.318103790283203,0.0045299530029296875,3.836393356323242,3.816,28311552,1.4701190154740886,1728,chatcmpl-9c1480d9-a395-4cce-8608-703cb413bb26-9e71f375,"nixl_xfer_handle(0x5563599829c0, released=False)",decode,1,0,452712,18,d61968e8-e4aa-43a2-8ca8-85b623ffd1e5_dp0,0,nixl_start_time
1780281081.1577497,1780281081.1739886,16.239,1780281081.1740031,0.014543533325195312,137451119416,137451.119416,1780281081.1577497,16.25347137451172,0.0059604644775390625,9.575843811035156,9.553,48758784,3.0025730648438946,2976,chatcmpl-f619695f-2f98-468c-b147-59810feb9d99-b2085816,"nixl_xfer_handle(0x5af9a386ec30, released=False)",decode,0,0,452715,31,d61968e8-e4aa-43a2-8ca8-85b623ffd1e5_dp0,0,nixl_start_time
1780281081.1674128,1780281081.1886559,21.243000000000002,1780281081.188726,0.07009506225585938,137451129079,137451.129079,1780281081.1674128,21.313190460205078,0.004291534423828125,6.329536437988281,6.31,3145728,0.14808303911876852,192,chatcmpl-2634ab35-a6fc-4f1c-8602-ec288abab8bb-b7cc59c7,"nixl_xfer_handle(0x5af9a3e950a0, released=False)",decode,0,0,452715,2,d61968e8-e4aa-43a2-8ca8-85b623ffd1e5_dp0,0,nixl_start_time
1780281081.2254746,1780281081.2377586,12.283999999999999,1780281081.2377815,0.02288818359375,137451187141,137451.187141,1780281081.2254746,12.306928634643555,0.0059604644775390625,4.147052764892578,4.126,29884416,2.432791924454575,1824,chatcmpl-f7e851d0-47f7-49c4-b160-d4510130799e-8aec9f9f,"nixl_xfer_handle(0x5563599829c0, released=False)",decode,1,0,452712,19,d61968e8-e4aa-43a2-8ca8-85b623ffd1e5_dp1,0,nixl_start_time
1780281081.2259967,1780281081.2461708,20.174,1780281081.2461865,0.015735626220703125,137451187663,137451.187663,1780281081.2259967,20.189762115478516,0.008106231689453125,4.131317138671875,4.102,31457280,1.5592981064736788,1920,chatcmpl-bf76ae1f-097f-4afc-9d94-2a38e1c1efc7-801b12df,"nixl_xfer_handle(0x5af9a3e950a0, released=False)",decode,0,0,452715,20,d61968e8-e4aa-43a2-8ca8-85b623ffd1e5_dp1,0,nixl_start_time
1780281081.2378786,1780281081.2497776,11.899,1780281081.2497954,0.017881393432617188,137451199545,137451.199545,1780281081.2378786,11.916875839233398,0.0057220458984375,7.937192916870117,7.914,26738688,2.2471374065047485,1632,chatcmpl-bea0c906-e038-4b87-994b-082a1e1bdbc5-9510569b,"nixl_xfer_handle(0x5af9a386ec30, released=False)",decode,0,0,452715,17,d61968e8-e4aa-43a2-8ca8-85b623ffd1e5_dp0,0,nixl_start_time
1780281081.2623637,1780281081.2746208,12.257,1780281081.2746704,0.049591064453125,137451224030,137451.22403,1780281081.2623637,12.306690216064453,0.0073909759521484375,3.396272659301758,3.369,6291456,0.5132949335073835,384,chatcmpl-11423302-83b7-43a0-b78d-784f563210f7-927f18bd,"nixl_xfer_handle(0x5af9a386ec30, released=False)",decode,0,0,452715,4,d61968e8-e4aa-43a2-8ca8-85b623ffd1e5_dp1,0,nixl_start_time
1780281081.2624137,1780281081.2746468,12.233,1780281081.274681,0.034332275390625,137451224080,137451.22408,1780281081.2624137,12.267351150512695,0.0050067901611328125,1.5621185302734375,1.533,3145728,0.2571509850404643,192,chatcmpl-42e78169-feea-4c13-b233-4cfab5cca453-b41fbaa1,"nixl_xfer_handle(0x5563599829c0, released=False)",decode,1,0,452712,2,d61968e8-e4aa-43a2-8ca8-85b623ffd1e5_dp1,0,nixl_start_time
1780281081.2993696,1780281081.3116295,12.26,1780281081.3116534,0.02384185791015625,137451261036,137451.261036,1780281081.2993696,12.283802032470703,0.009298324584960938,6.175041198730469,6.135,12582912,1.0263386623164763,768,chatcmpl-eb939f33-3a3f-410e-b93f-d5fed6c258e3-a559c1ac,"nixl_xfer_handle(0x5563599829c0, released=False)",decode,1,0,452712,8,d61968e8-e4aa-43a2-8ca8-85b623ffd1e5_dp0,0,nixl_start_time
1780281081.3481658,1780281081.3605688,12.403,1780281081.3605924,0.023603439331054688,137451309832,137451.309832,1780281081.3481658,12.426614761352539,0.0057220458984375,5.147218704223633,5.12,7864320,0.6340659517858582,480,chatcmpl-36e599ac-1365-4c18-8ee8-c5f54129e807-a9db63e7,"nixl_xfer_handle(0x5af9a386ec30, released=False)",decode,0,0,452715,5,d61968e8-e4aa-43a2-8ca8-85b623ffd1e5_dp0,0,nixl_start_time
1780281081.3978667,1780281081.4226928,24.826,1780281081.4227147,0.02193450927734375,137451359533,137451.359533,1780281081.3978667,24.847984313964844,0.005245208740234375,4.305601119995117,4.285,37748736,1.5205323451220494,2304,chatcmpl-0ba05287-bda7-4675-9c53-d209f1708845-890f51fd,"nixl_xfer_handle(0x5563599829c0, released=False)",decode,1,0,452712,24,d61968e8-e4aa-43a2-8ca8-85b623ffd1e5_dp1,0,nixl_start_time
1780281081.4226096,1780281081.4512646,28.655,1780281081.4512823,0.017642974853515625,137451384276,137451.384276,1780281081.4226096,28.67269515991211,0.0054836273193359375,13.726949691772461,13.684,14155776,0.49400718897225615,864,chatcmpl-c7db8858-e73f-4c48-b8f8-ab49c770e7ee-ba0bb152,"nixl_xfer_handle(0x5af9a386ec30, released=False)",decode,0,0,452715,9,d61968e8-e4aa-43a2-8ca8-85b623ffd1e5_dp0,0,nixl_start_time
1780281081.4635127,1780281081.4777927,14.28,1780281081.4778285,0.035762786865234375,137451425179,137451.425179,1780281081.4635127,14.31584358215332,0.00476837158203125,1.6636848449707031,1.636,3145728,0.22028907563025213,192,chatcmpl-40172dbc-8b53-4ef5-9b8b-bcb431baeedd-b8a6ca87,"nixl_xfer_handle(0x5563599829c0, released=False)",decode,1,0,452712,2,d61968e8-e4aa-43a2-8ca8-85b623ffd1e5_dp1,0,nixl_start_time
1780281081.4759285,1780281081.4880815,12.153,1780281081.4881022,0.020742416381835938,137451437595,137451.437595,1780281081.4759285,12.173652648925781,0.00476837158203125,1.5604496002197266,1.532,3145728,0.2588437422858553,192,chatcmpl-3d1c0656-ef31-46b1-a94b-762cb3340a08-8cb4a06c,"nixl_xfer_handle(0x55635994e650, released=False)",decode,1,0,452712,2,d61968e8-e4aa-43a2-8ca8-85b623ffd1e5_dp0,0,nixl_start_time
1780281081.6223226,1780281081.6346276,12.305,1780281081.6346703,0.04267692565917969,137451583989,137451.583989,1780281081.6223226,12.347698211669922,0.005245208740234375,1.5189647674560547,1.485,3145728,0.25564632263307596,192,chatcmpl-b3893c00-7f56-4515-9c5b-37fd81c62611-90f441cc,"nixl_xfer_handle(0x55635994e650, released=False)",decode,1,0,452712,2,d61968e8-e4aa-43a2-8ca8-85b623ffd1e5_dp0,0,nixl_start_time
1780281081.7072117,1780281081.7205417,13.33,1780281081.7205608,0.019073486328125,137451668878,137451.668878,1780281081.7072117,13.349056243896484,0.00476837158203125,1.5995502471923828,1.57,3145728,0.23598859714928733,192,chatcmpl-55e3e066-3289-4029-b9a6-e0505dac5e18-a8f7df16,"nixl_xfer_handle(0x55635994e650, released=False)",decode,1,0,452712,2,d61968e8-e4aa-43a2-8ca8-85b623ffd1e5_dp1,0,nixl_start_time
1780281081.7435136,1780281081.7556787,12.165000000000001,1780281081.7557387,0.06008148193359375,137451705180,137451.70518,1780281081.7435136,12.225151062011719,0.0057220458984375,0.4818439483642578,0.46,1572864,0.12929420468557334,48,chatcmpl-2b6518a6-41d2-46aa-9745-0598edc1fc66-a530851b,"nixl_xfer_handle(0x5af9a386ec30, released=False)",decode,0,0,452715,1,d61968e8-e4aa-43a2-8ca8-85b623ffd1e5_dp0,0,nixl_start_time
1780281081.7436526,1780281081.7556946,12.042,1780281081.755748,0.05340576171875,137451705319,137451.705319,1780281081.7436526,12.095451354980469,0.0050067901611328125,3.698110580444336,3.653,26738688,2.2204524165421025,1632,chatcmpl-505266f5-79ea-4eb9-8c2f-71829e058267-9cbb480a,"nixl_xfer_handle(0x55635994e650, released=False)",decode,1,0,452712,17,d61968e8-e4aa-43a2-8ca8-85b623ffd1e5_dp1,0,nixl_start_time
1780281081.8764846,1780281081.8887267,12.241999999999999,1780281081.8887901,0.06341934204101562,137451838151,137451.838151,1780281081.8764846,12.305498123168945,0.006198883056640625,1.6942024230957031,1.67,3145728,0.2569619343244568,192,chatcmpl-8b7aeb92-ad58-431b-9210-1157f8ff4824-898202c8,"nixl_xfer_handle(0x5af9a386ec30, released=False)",decode,0,0,452715,2,d61968e8-e4aa-43a2-8ca8-85b623ffd1e5_dp0,0,nixl_start_time
1780281081.9010746,1780281081.9131846,12.11,1780281081.9132426,0.05793571472167969,137451862741,137451.862741,1780281081.9010746,12.167930603027344,0.0045299530029296875,3.51715087890625,3.497,20447232,1.6884584640792735,1248,chatcmpl-235dfa36-71a6-4d3a-8307-ecced674beaf-ba9c6056,"nixl_xfer_handle(0x55635994e650, released=False)",decode,1,0,452712,13,d61968e8-e4aa-43a2-8ca8-85b623ffd1e5_dp1,0,nixl_start_time
1780281081.9373546,1780281081.9499407,12.586,1780281081.9500015,0.06079673767089844,137451899021,137451.899021,1780281081.9373546,12.646913528442383,0.021696090698242188,3.6802291870117188,3.63,22020096,1.7495706340378199,1344,chatcmpl-0adcc332-fb30-4f22-b011-77a70e2c3634-b1d3133e,"nixl_xfer_handle(0x5af9a386ec30, released=False)",decode,0,0,452715,14,d61968e8-e4aa-43a2-8ca8-85b623ffd1e5_dp1,0,nixl_start_time
1780281081.9618497,1780281081.9743626,12.513,1780281081.9743981,0.03552436828613281,137451923516,137451.923516,1780281081.9618497,12.548446655273438,0.00476837158203125,2.93731689453125,2.906,6291456,0.5027935746823303,384,chatcmpl-262d46b8-2aad-46ca-bebc-d9e48a20f700-b62aa480,"nixl_xfer_handle(0x55635994e650, released=False)",decode,1,0,452712,4,d61968e8-e4aa-43a2-8ca8-85b623ffd1e5_dp0,0,nixl_start_time
1780281082.0349097,1780281082.0472558,12.346,1780281082.0473106,0.054836273193359375,137451996576,137451.996576,1780281082.0349097,12.40086555480957,0.00476837158203125,4.512786865234375,4.482,9437184,0.7643920298072251,576,chatcmpl-e3b40756-d8ad-496a-a511-2081fd1d1b28-8b63f33e,"nixl_xfer_handle(0x55635994e650, released=False)",decode,1,0,452712,6,d61968e8-e4aa-43a2-8ca8-85b623ffd1e5_dp1,0,nixl_start_time
1780281082.1080296,1780281082.1319246,23.895,1780281082.131978,0.05340576171875,137452069696,137452.069696,1780281082.1080296,23.94843101501465,0.0064373016357421875,5.210161209106445,5.189,62914560,2.63295919648462,3840,chatcmpl-37770484-9e4c-4a3c-a2b5-90e3d268b7af-b730fa90,"nixl_xfer_handle(0x55635994e650, released=False)",decode,1,0,452712,40,d61968e8-e4aa-43a2-8ca8-85b623ffd1e5_dp0,0,nixl_start_time
1780281082.1196167,1780281082.1319308,12.314,1780281082.1320214,0.09059906005859375,137452081283,137452.081283,1780281082.1196167,12.404680252075195,0.00476837158203125,1.665353775024414,1.642,3145728,0.25545947701802824,192,chatcmpl-1dbc9844-e6e5-4d48-b060-fec82b7074d7-851f782e,"nixl_xfer_handle(0x5af9a386ec30, released=False)",decode,0,0,452715,2,d61968e8-e4aa-43a2-8ca8-85b623ffd1e5_dp1,0,nixl_start_time
1780281082.2545795,1780281082.2827785,28.198999999999998,1780281082.2828555,0.07700920104980469,137452216246,137452.216246,1780281082.2545795,28.27596664428711,0.00858306884765625,13.04173469543457,13.016,81788928,2.9004194474981384,4992,chatcmpl-2840045b-c05d-45a2-94fe-0ea1e651f147-836717b8,"nixl_xfer_handle(0x5af9a386ec30, released=False)",decode,0,0,452715,52,d61968e8-e4aa-43a2-8ca8-85b623ffd1e5_dp0,0,nixl_start_time
1780281082.2825975,1780281082.2945805,11.983,1780281082.2946115,0.030994415283203125,137452244264,137452.244264,1780281082.2825975,12.013912200927734,0.0040531158447265625,0.42319297790527344,0.399,1572864,0.13125794876074437,48,chatcmpl-b3341fd2-0885-4f9b-abdc-930a526c06a2-9aec276f,"nixl_xfer_handle(0x55635994e650, released=False)",decode,1,0,452712,1,d61968e8-e4aa-43a2-8ca8-85b623ffd1e5_dp0,0,nixl_start_time
1780281082.3313956,1780281082.3435726,12.177,1780281082.343594,0.021457672119140625,137452293062,137452.293062,1780281082.3313956,12.198448181152344,0.0057220458984375,4.218578338623047,4.183,33030144,2.7125025868440504,2016,chatcmpl-f368a917-ef45-49e4-8f21-994c80647b74-9e54d6be,"nixl_xfer_handle(0x55635994e650, released=False)",decode,1,0,452712,21,d61968e8-e4aa-43a2-8ca8-85b623ffd1e5_dp1,0,nixl_start_time
1780281082.4417017,1780281082.4660437,24.342,1780281082.4660668,0.023126602172851562,137452403368,137452.403368,1780281082.4417017,24.36518669128418,0.0069141387939453125,6.539821624755859,6.517,64487424,2.6492245501602167,3936,chatcmpl-168502e9-bbd7-477a-9543-00c9b028ff9a-b0c364f5,"nixl_xfer_handle(0x55635994e650, released=False)",decode,1,0,452712,41,d61968e8-e4aa-43a2-8ca8-85b623ffd1e5_dp0,0,nixl_start_time
1780281082.4659138,1780281082.4782698,12.356,1780281082.47836,0.09012222290039062,137452427580,137452.42758,1780281082.4659138,12.446165084838867,0.0059604644775390625,2.9916763305664062,2.956,17301504,1.4002512139851084,1056,chatcmpl-cbf32f44-d183-4833-9b93-2df78458f1dd-a94665dd,"nixl_xfer_handle(0x5af9a386ec30, released=False)",decode,0,0,452715,11,d61968e8-e4aa-43a2-8ca8-85b623ffd1e5_dp1,0,nixl_start_time
1780281082.4782677,1780281082.5032346,24.967,1780281082.503268,0.03337860107421875,137452439934,137452.439934,1780281082.4782677,25.000333786010742,0.0050067901611328125,4.2724609375,4.249,40894464,1.6379406416469742,2496,chatcmpl-c2d57a8c-78a6-4fd1-b3c5-890679ed2c7b-b6d34ea9,"nixl_xfer_handle(0x55635994e650, released=False)",decode,1,0,452712,26,d61968e8-e4aa-43a2-8ca8-85b623ffd1e5_dp0,0,nixl_start_time
1780281082.6126306,1780281082.6248746,12.244,1780281082.6249301,0.05555152893066406,137452574297,137452.574297,1780281082.6126306,12.299537658691406,0.0030994415283203125,2.8028488159179688,2.774,4718592,0.3853799411956877,288,chatcmpl-c82996cc-2615-448d-a7fe-554b259f7e58-8f4d253a,"nixl_xfer_handle(0x5af9a386ec30, released=False)",decode,0,0,452715,3,d61968e8-e4aa-43a2-8ca8-85b623ffd1e5_dp0,0,nixl_start_time
1780281082.6976807,1780281082.7224028,24.722,1780281082.7224271,0.024318695068359375,137452659347,137452.659347,1780281082.6976807,24.746417999267578,0.0057220458984375,4.945039749145508,4.924,51904512,2.0995272227166084,3168,chatcmpl-0da51503-b5c1-41a3-9a70-0aeafe7b7433-a5841e9a,"nixl_xfer_handle(0x55635994e650, released=False)",decode,1,0,452712,33,d61968e8-e4aa-43a2-8ca8-85b623ffd1e5_dp1,0,nixl_start_time
1780281082.7026987,1780281082.7224567,19.758000000000003,1780281082.7224667,0.010013580322265625,137452664365,137452.664365,1780281082.7026987,19.76799964904785,0.0030994415283203125,1.2154579162597656,1.198,3145728,0.15921287579714546,192,chatcmpl-f52690bc-dd73-41fe-b0e8-207f557c2722-b8b4627a,"nixl_xfer_handle(0x5563599829c0, released=False)",decode,1,0,452712,2,d61968e8-e4aa-43a2-8ca8-85b623ffd1e5_dp0,0,nixl_start_time
1780281082.7220826,1780281082.7465537,24.471,1780281082.7465777,0.024080276489257812,137452683749,137452.683749,1780281082.7220826,24.49512481689453,0.0064373016357421875,7.698774337768555,7.671,9437184,0.3856476645825671,576,chatcmpl-f63312a7-c6f0-49b8-9b96-aa2862cfd4b2-86d87968,"nixl_xfer_handle(0x5af9a386ec30, released=False)",decode,0,0,452715,6,d61968e8-e4aa-43a2-8ca8-85b623ffd1e5_dp0,0,nixl_start_time
1780281082.7955036,1780281082.8199997,24.496,1780281082.8200529,0.05316734313964844,137452757170,137452.75717,1780281082.7955036,24.549245834350586,0.00762939453125,9.786844253540039,9.751,45613056,1.862061397779229,2784,chatcmpl-66e53d3c-5368-4bcb-95c3-eb9db1696b2e-bd17935c,"nixl_xfer_handle(0x5af9a386ec30, released=False)",decode,0,0,452715,29,d61968e8-e4aa-43a2-8ca8-85b623ffd1e5_dp1,0,nixl_start_time
1780281082.9299746,1780281082.9541914,24.217,1780281082.954213,0.021457672119140625,137452891641,137452.891641,1780281082.9299746,24.23834800720215,0.005245208740234375,4.754543304443359,4.734,55050240,2.273206425238469,3360,chatcmpl-f73ea59a-f570-4df3-9755-17a9c42f1a62-b3ce49f4,"nixl_xfer_handle(0x5563599829c0, released=False)",decode,1,0,452712,35,d61968e8-e4aa-43a2-8ca8-85b623ffd1e5_dp0,0,nixl_start_time
1780281082.9788578,1780281082.9907267,11.869,1780281082.9907491,0.022411346435546875,137452940524,137452.940524,1780281082.9788578,11.891365051269531,0.0050067901611328125,2.5911331176757812,2.557,4718592,0.39755598618249227,288,chatcmpl-86b9f9b0-bc60-458e-b2e9-b065fbc841c9-9669c1f2,"nixl_xfer_handle(0x5af9a386ec30, released=False)",decode,0,0,452715,3,d61968e8-e4aa-43a2-8ca8-85b623ffd1e5_dp0,0,nixl_start_time
1780281083.0028846,1780281083.0148866,12.002,1780281083.0149252,0.038623809814453125,137452964551,137452.964551,1780281083.0028846,12.04061508178711,0.0057220458984375,3.0574798583984375,3.028,6291456,0.5242006332277953,384,chatcmpl-5efcf0f9-8e2f-4e90-9c26-acab3bce08e6-a7c3c09f,"nixl_xfer_handle(0x5563599829c0, released=False)",decode,1,0,452712,4,d61968e8-e4aa-43a2-8ca8-85b623ffd1e5_dp1,0,nixl_start_time
1780281083.0877635,1780281083.1002026,12.439,1780281083.1002274,0.0247955322265625,137453049430,137453.04943,1780281083.0877635,12.463808059692383,0.005245208740234375,3.056764602661133,3.03,4718592,0.37933853203633733,288,chatcmpl-42f124b8-0f2d-43f3-8a3e-5ac1a03c8012-b04e3cec,"nixl_xfer_handle(0x5af9a386ec30, released=False)",decode,0,0,452715,3,d61968e8-e4aa-43a2-8ca8-85b623ffd1e5_dp0,0,nixl_start_time
1780281083.1986728,1780281083.2335627,34.89,1780281083.2335835,0.020742416381835938,137453160339,137453.160339,1780281083.1986728,34.91067886352539,0.007152557373046875,20.174503326416016,20.137,77070336,2.2089520206362856,4704,chatcmpl-b19bce42-19b9-4459-9b9e-b4ad242442aa-b7fcfea4,"nixl_xfer_handle(0x5563599829c0, released=False)",decode,1,0,452712,49,d61968e8-e4aa-43a2-8ca8-85b623ffd1e5_dp1,0,nixl_start_time
1780281083.2334976,1780281083.2459967,12.499,1780281083.246017,0.020265579223632812,137453195164,137453.195164,1780281083.2334976,12.519359588623047,0.006198883056640625,2.0177364349365234,1.992,3145728,0.2516783742699416,192,chatcmpl-9c3326b4-09c5-47a9-a367-dd9c4f748513-b07014bc,"nixl_xfer_handle(0x5af9a386ec30, released=False)",decode,0,0,452715,2,d61968e8-e4aa-43a2-8ca8-85b623ffd1e5_dp0,0,nixl_start_time
1780281083.2458987,1780281083.2586427,12.744,1780281083.258661,0.018358230590820312,137453207565,137453.207565,1780281083.2458987,12.762308120727539,0.0050067901611328125,1.5621185302734375,1.536,3145728,0.24683992467043314,192,chatcmpl-caf8b163-f94c-45ba-9422-7637f30fa290-acd61dae,"nixl_xfer_handle(0x5563599829c0, released=False)",decode,1,0,452712,2,d61968e8-e4aa-43a2-8ca8-85b623ffd1e5_dp1,0,nixl_start_time
1780281083.2831626,1780281083.2952795,12.116999999999999,1780281083.2952993,0.019788742065429688,137453244829,137453.244829,1780281083.2831626,12.136697769165039,0.0057220458984375,3.3559799194335938,3.336,22020096,1.8172894280762566,1344,chatcmpl-d7ae4c01-8779-4f45-a168-88a4aaf08bf5-a10693a8,"nixl_xfer_handle(0x5563599829c0, released=False)",decode,1,0,452712,14,d61968e8-e4aa-43a2-8ca8-85b623ffd1e5_dp0,0,nixl_start_time
1780281083.3678756,1780281083.3803127,12.437,1780281083.3803334,0.020742416381835938,137453329542,137453.329542,1780281083.3678756,12.457847595214844,0.0050067901611328125,3.011941909790039,2.986,4718592,0.37939953364959395,288,chatcmpl-2413f2ab-b5ef-46e3-a4b7-8b578e7a6837-aa72a553,"nixl_xfer_handle(0x5af9a386ec30, released=False)",decode,0,0,452715,3,d61968e8-e4aa-43a2-8ca8-85b623ffd1e5_dp1,0,nixl_start_time
1780281083.4062726,1780281083.4291997,22.927,1780281083.4292173,0.017642974853515625,137453367939,137453.367939,1780281083.4062726,22.94468879699707,0.0095367431640625,8.138418197631836,8.096,47185920,2.0580939503641993,2880,chatcmpl-98c06650-6582-4493-a7f5-32ea5bfd49dd-bcfe7e57,"nixl_xfer_handle(0x5af9a386ec30, released=False)",decode,0,0,452715,30,d61968e8-e4aa-43a2-8ca8-85b623ffd1e5_dp0,0,nixl_start_time
1780281083.5035236,1780281083.5298486,26.325000000000003,1780281083.5298705,0.02193450927734375,137453465190,137453.46519,1780281083.5035236,26.346921920776367,0.007152557373046875,5.317449569702148,5.294,62914560,2.389916809116809,3840,chatcmpl-997c6562-617a-4f11-9cb6-9249563857b8-b06c2996,"nixl_xfer_handle(0x5563599829c0, released=False)",decode,1,0,452712,40,d61968e8-e4aa-43a2-8ca8-85b623ffd1e5_dp0,0,nixl_start_time
1780281083.5154996,1780281083.5281947,12.695,1780281083.5282576,0.0629425048828125,137453477166,137453.477166,1780281083.5154996,12.758016586303711,0.0054836273193359375,2.0940303802490234,2.05,3145728,0.24779267428121307,192,chatcmpl-366838ee-5d2b-4a56-b1ae-655ade2655c2-ba0bab0d,"nixl_xfer_handle(0x5af9a386ec30, released=False)",decode,0,0,452715,2,d61968e8-e4aa-43a2-8ca8-85b623ffd1e5_dp1,0,nixl_start_time
1780281083.5280635,1780281083.5401065,12.043,1780281083.5401626,0.05602836608886719,137453489730,137453.48973,1780281083.5280635,12.099027633666992,0.00476837158203125,1.4960765838623047,1.469,3145728,0.26120800465000416,192,chatcmpl-1497b0e5-eae9-49ba-bfb6-efe7d73c2ec7-9233a088,"nixl_xfer_handle(0x55635994e650, released=False)",decode,1,0,452712,2,d61968e8-e4aa-43a2-8ca8-85b623ffd1e5_dp0,0,nixl_start_time
1780281083.7003617,1780281083.7118616,11.5,1780281083.7118835,0.02193450927734375,137453662028,137453.662028,1780281083.7003617,11.52181625366211,0.00858306884765625,1.6663074493408203,1.637,3145728,0.2735415652173913,192,chatcmpl-03827a45-3f29-4c43-abe1-dbf4cded5c11-b70d5c25,"nixl_xfer_handle(0x5af9a386ec30, released=False)",decode,0,0,452715,2,d61968e8-e4aa-43a2-8ca8-85b623ffd1e5_dp1,0,nixl_start_time
1780281083.7242045,1780281083.7364116,12.207,1780281083.7364626,0.051021575927734375,137453685871,137453.685871,1780281083.7242045,12.258052825927734,0.005245208740234375,1.699209213256836,1.676,3145728,0.2576986974686655,192,chatcmpl-68663d28-3ca4-4606-a346-81df4db0910d-8132e16f,"nixl_xfer_handle(0x5af9a386ec30, released=False)",decode,0,0,452715,2,d61968e8-e4aa-43a2-8ca8-85b623ffd1e5_dp0,0,nixl_start_time
1780281083.8212376,1780281083.8330915,11.854,1780281083.8331108,0.019311904907226562,137453782904,137453.782904,1780281083.8212376,11.873245239257812,0.0050067901611328125,1.6222000122070312,1.592,3145728,0.2653727011979079,192,chatcmpl-c4326c12-1a7c-4416-b974-996ea230a5ed-8db3403b,"nixl_xfer_handle(0x55635994e650, released=False)",decode,1,0,452712,2,d61968e8-e4aa-43a2-8ca8-85b623ffd1e5_dp1,0,nixl_start_time
1780281083.9186177,1780281083.9462237,27.605999999999998,1780281083.9462454,0.021696090698242188,137453880284,137453.880284,1780281083.9186177,27.62770652770996,0.008106231689453125,12.885332107543945,12.859,80216064,2.9057474462073465,4896,chatcmpl-f543bdcf-f640-4fa7-aa4e-1fa4410a0833-b1601ad5,"nixl_xfer_handle(0x5af9a386ec30, released=False)",decode,0,0,452715,51,d61968e8-e4aa-43a2-8ca8-85b623ffd1e5_dp0,0,nixl_start_time
1780281083.9952786,1780281084.0075107,12.232,1780281084.0075362,0.025510787963867188,137453956945,137453.956945,1780281083.9952786,12.257575988769531,0.00476837158203125,1.9907951354980469,1.967,3145728,0.2571720078482668,192,chatcmpl-a418cdec-9b49-468a-815e-68329ab0fb47-922c3fec,"nixl_xfer_handle(0x5af9a386ec30, released=False)",decode,0,0,452715,2,d61968e8-e4aa-43a2-8ca8-85b623ffd1e5_dp0,0,nixl_start_time
1780281084.0198977,1780281084.0322797,12.382000000000001,1780281084.032303,0.023365020751953125,137453981564,137453.981564,1780281084.0198977,12.4053955078125,0.0057220458984375,1.5645027160644531,1.529,3145728,0.2540565336779195,192,chatcmpl-a1e97965-c591-4c2e-a042-719f86c959f0-bdc19553,"nixl_xfer_handle(0x55635994e650, released=False)",decode,1,0,452712,2,d61968e8-e4aa-43a2-8ca8-85b623ffd1e5_dp1,0,nixl_start_time
